start_time,end_time,main_label,main_confidence,active_labels,active_confidences,probabilities
0.0,0.04,silence,1.0,silence,[1.000],"[0.494, 0.035, 0.004, 0.000, 0.058, 0.039, 1.000]"
0.04,0.08,silence,1.0,silence,[1.000],"[0.499, 0.038, 0.004, 0.000, 0.058, 0.040, 1.000]"
0.08,0.12,silence,1.0,silence,[1.000],"[0.521, 0.045, 0.003, 0.000, 0.058, 0.041, 1.000]"
0.12,0.16,silence,1.0,silence,[1.000],"[0.560, 0.053, 0.002, 0.000, 0.057, 0.041, 1.000]"
0.16,0.2,silence,1.0,silence,[1.000],"[0.588, 0.057, 0.002, 0.000, 0.056, 0.041, 1.000]"
0.2,0.24,silence,1.0,silence,[1.000],"[0.604, 0.060, 0.001, 0.000, 0.054, 0.041, 1.000]"
0.24,0.28,silence,1.0,silence,[1.000],"[0.615, 0.061, 0.001, 0.000, 0.053, 0.041, 1.000]"
0.28,0.32,silence,1.0,Gaeul|silence,"[0.626, 1.000]","[0.626, 0.061, 0.001, 0.000, 0.053, 0.040, 1.000]"
0.32,0.36,silence,1.0,Gaeul|silence,"[0.637, 1.000]","[0.637, 0.060, 0.001, 0.000, 0.053, 0.039, 1.000]"
0.36,0.4,silence,1.0,Gaeul|silence,"[0.648, 1.000]","[0.648, 0.058, 0.001, 0.000, 0.053, 0.037, 1.000]"
0.4,0.44,silence,1.0,Gaeul|silence,"[0.658, 1.000]","[0.658, 0.056, 0.001, 0.000, 0.054, 0.034, 1.000]"
0.44,0.48,silence,1.0,Gaeul|silence,"[0.666, 1.000]","[0.666, 0.053, 0.001, 0.000, 0.055, 0.032, 1.000]"
0.48,0.52,silence,1.0,Gaeul|silence,"[0.672, 1.000]","[0.672, 0.049, 0.001, 0.000, 0.056, 0.029, 1.000]"
0.52,0.56,silence,1.0,Gaeul|silence,"[0.675, 1.000]","[0.675, 0.045, 0.001, 0.000, 0.057, 0.027, 1.000]"
0.56,0.6,silence,1.0,Gaeul|silence,"[0.674, 1.000]","[0.674, 0.041, 0.001, 0.000, 0.057, 0.025, 1.000]"
0.6,0.64,silence,1.0,Gaeul|silence,"[0.669, 1.000]","[0.669, 0.038, 0.001, 0.000, 0.057, 0.023, 1.000]"
0.64,0.68,silence,1.0,Gaeul|silence,"[0.661, 1.000]","[0.661, 0.035, 0.001, 0.000, 0.057, 0.021, 1.000]"
0.68,0.72,silence,1.0,Gaeul|silence,"[0.650, 1.000]","[0.650, 0.031, 0.001, 0.000, 0.056, 0.019, 1.000]"
0.72,0.76,silence,1.0,Gaeul|silence,"[0.636, 1.000]","[0.636, 0.029, 0.001, 0.000, 0.055, 0.017, 1.000]"
0.76,0.8,silence,1.0,Gaeul|silence,"[0.620, 1.000]","[0.620, 0.026, 0.001, 0.000, 0.054, 0.016, 1.000]"
0.8,0.84,silence,1.0,Gaeul|silence,"[0.602, 1.000]","[0.602, 0.024, 0.001, 0.000, 0.052, 0.014, 1.000]"
0.84,0.88,silence,1.0,Gaeul|silence,"[0.583, 1.000]","[0.583, 0.022, 0.001, 0.000, 0.051, 0.013, 1.000]"
0.88,0.92,silence,1.0,silence,[1.000],"[0.563, 0.020, 0.001, 0.000, 0.049, 0.012, 1.000]"
0.92,0.96,silence,1.0,silence,[1.000],"[0.542, 0.019, 0.001, 0.000, 0.047, 0.011, 1.000]"
0.96,1.0,silence,1.0,silence,[1.000],"[0.520, 0.017, 0.001, 0.000, 0.045, 0.010, 1.000]"
1.0,1.04,silence,1.0,silence,[1.000],"[0.498, 0.016, 0.001, 0.000, 0.043, 0.009, 1.000]"
1.04,1.08,silence,1.0,silence,[1.000],"[0.476, 0.015, 0.001, 0.000, 0.041, 0.009, 1.000]"
1.08,1.12,silence,1.0,silence,[1.000],"[0.454, 0.015, 0.001, 0.000, 0.039, 0.008, 1.000]"
1.12,1.16,silence,1.0,silence,[1.000],"[0.432, 0.014, 0.001, 0.000, 0.037, 0.007, 1.000]"
1.16,1.2,silence,1.0,silence,[1.000],"[0.410, 0.013, 0.001, 0.000, 0.035, 0.007, 1.000]"
1.2,1.24,silence,1.0,silence,[1.000],"[0.388, 0.013, 0.001, 0.000, 0.033, 0.006, 1.000]"
1.24,1.28,silence,0.9999998807907104,silence,[1.000],"[0.366, 0.012, 0.001, 0.000, 0.031, 0.006, 1.000]"
1.28,1.32,silence,0.9999998807907104,silence,[1.000],"[0.345, 0.012, 0.001, 0.000, 0.029, 0.005, 1.000]"
1.32,1.36,silence,0.9999998807907104,silence,[1.000],"[0.324, 0.011, 0.001, 0.000, 0.027, 0.005, 1.000]"
1.36,1.4,silence,0.9999997615814209,silence,[1.000],"[0.303, 0.011, 0.001, 0.000, 0.025, 0.005, 1.000]"
1.4,1.44,silence,0.9999996423721313,silence,[1.000],"[0.283, 0.011, 0.001, 0.000, 0.023, 0.004, 1.000]"
1.44,1.48,silence,0.9999994039535522,silence,[1.000],"[0.264, 0.010, 0.001, 0.000, 0.022, 0.004, 1.000]"
1.48,1.52,silence,0.9999990463256836,silence,[1.000],"[0.246, 0.010, 0.001, 0.000, 0.020, 0.004, 1.000]"
1.52,1.56,silence,0.9999985694885254,silence,[1.000],"[0.229, 0.010, 0.001, 0.000, 0.019, 0.003, 1.000]"
1.56,1.6,silence,0.9999978542327881,silence,[1.000],"[0.213, 0.010, 0.001, 0.000, 0.018, 0.003, 1.000]"
1.6,1.64,silence,0.9999966621398926,silence,[1.000],"[0.197, 0.010, 0.001, 0.000, 0.016, 0.003, 1.000]"
1.64,1.68,silence,0.9999948740005493,silence,[1.000],"[0.182, 0.010, 0.001, 0.000, 0.015, 0.003, 1.000]"
1.68,1.72,silence,0.9999922513961792,silence,[1.000],"[0.168, 0.010, 0.001, 0.000, 0.014, 0.002, 1.000]"
1.72,1.76,silence,0.9999884366989136,silence,[1.000],"[0.155, 0.010, 0.001, 0.000, 0.013, 0.002, 1.000]"
1.76,1.8,silence,0.9999831914901733,silence,[1.000],"[0.143, 0.010, 0.001, 0.000, 0.012, 0.002, 1.000]"
1.8,1.84,silence,0.9999761581420898,silence,[1.000],"[0.132, 0.010, 0.001, 0.000, 0.011, 0.002, 1.000]"
1.84,1.88,silence,0.999967098236084,silence,[1.000],"[0.121, 0.010, 0.001, 0.000, 0.011, 0.002, 1.000]"
1.88,1.92,silence,0.9999561309814453,silence,[1.000],"[0.111, 0.010, 0.001, 0.000, 0.010, 0.002, 1.000]"
1.92,1.96,silence,0.999943733215332,silence,[1.000],"[0.102, 0.010, 0.001, 0.000, 0.009, 0.001, 1.000]"
1.96,2.0,silence,0.9999305009841919,silence,[1.000],"[0.094, 0.011, 0.001, 0.000, 0.009, 0.001, 1.000]"
2.0,2.04,silence,0.9999179840087891,silence,[1.000],"[0.087, 0.011, 0.001, 0.000, 0.008, 0.001, 1.000]"
2.04,2.08,silence,0.9999074935913086,silence,[1.000],"[0.080, 0.011, 0.001, 0.000, 0.008, 0.001, 1.000]"
2.08,2.12,silence,0.9998998641967773,silence,[1.000],"[0.075, 0.012, 0.001, 0.000, 0.007, 0.001, 1.000]"
2.12,2.16,silence,0.9998958110809326,silence,[1.000],"[0.070, 0.012, 0.002, 0.000, 0.007, 0.001, 1.000]"
2.16,2.2,silence,0.9998956918716431,silence,[1.000],"[0.065, 0.013, 0.002, 0.000, 0.007, 0.001, 1.000]"
2.2,2.24,silence,0.9998990297317505,silence,[1.000],"[0.061, 0.014, 0.002, 0.000, 0.006, 0.001, 1.000]"
2.24,2.28,silence,0.9999051094055176,silence,[1.000],"[0.057, 0.014, 0.002, 0.000, 0.006, 0.001, 1.000]"
2.28,2.32,silence,0.9999129772186279,silence,[1.000],"[0.054, 0.015, 0.002, 0.000, 0.006, 0.001, 1.000]"
2.32,2.36,silence,0.9999219179153442,silence,[1.000],"[0.051, 0.015, 0.003, 0.000, 0.006, 0.001, 1.000]"
2.36,2.4,silence,0.9999312162399292,silence,[1.000],"[0.048, 0.016, 0.003, 0.000, 0.006, 0.001, 1.000]"
2.4,2.44,silence,0.999940037727356,silence,[1.000],"[0.045, 0.017, 0.003, 0.000, 0.006, 0.001, 1.000]"
2.44,2.48,silence,0.9999481439590454,silence,[1.000],"[0.042, 0.017, 0.004, 0.000, 0.006, 0.001, 1.000]"
2.48,2.52,silence,0.9999551773071289,silence,[1.000],"[0.040, 0.018, 0.004, 0.000, 0.005, 0.000, 1.000]"
2.52,2.56,silence,0.9999613761901855,silence,[1.000],"[0.038, 0.018, 0.005, 0.000, 0.005, 0.000, 1.000]"
2.56,2.6,silence,0.9999665021896362,silence,[1.000],"[0.035, 0.019, 0.005, 0.000, 0.005, 0.000, 1.000]"
2.6,2.64,silence,0.9999706745147705,silence,[1.000],"[0.033, 0.019, 0.006, 0.000, 0.005, 0.000, 1.000]"
2.64,2.68,silence,0.9999741315841675,silence,[1.000],"[0.031, 0.020, 0.006, 0.000, 0.005, 0.000, 1.000]"
2.68,2.72,silence,0.9999768733978271,silence,[1.000],"[0.029, 0.020, 0.007, 0.000, 0.005, 0.000, 1.000]"
2.72,2.76,silence,0.9999791383743286,silence,[1.000],"[0.028, 0.021, 0.008, 0.000, 0.005, 0.000, 1.000]"
2.76,2.8,silence,0.9999809265136719,silence,[1.000],"[0.026, 0.022, 0.009, 0.000, 0.005, 0.000, 1.000]"
2.8,2.84,silence,0.9999822378158569,silence,[1.000],"[0.024, 0.023, 0.010, 0.000, 0.005, 0.000, 1.000]"
2.84,2.88,silence,0.9999833106994629,silence,[1.000],"[0.023, 0.024, 0.010, 0.000, 0.004, 0.000, 1.000]"
2.88,2.92,silence,0.9999841451644897,silence,[1.000],"[0.021, 0.025, 0.011, 0.000, 0.004, 0.000, 1.000]"
2.92,2.96,silence,0.999984860420227,silence,[1.000],"[0.020, 0.026, 0.012, 0.000, 0.004, 0.000, 1.000]"
2.96,3.0,silence,0.9999853372573853,silence,[1.000],"[0.019, 0.028, 0.013, 0.000, 0.003, 0.000, 1.000]"
3.0,3.04,silence,0.9999858140945435,silence,[1.000],"[0.017, 0.030, 0.014, 0.000, 0.003, 0.000, 1.000]"
3.04,3.08,silence,0.9999860525131226,silence,[1.000],"[0.016, 0.032, 0.015, 0.000, 0.003, 0.000, 1.000]"
3.08,3.12,silence,0.9999862909317017,silence,[1.000],"[0.015, 0.034, 0.016, 0.000, 0.002, 0.000, 1.000]"
3.12,3.16,silence,0.9999865293502808,silence,[1.000],"[0.013, 0.037, 0.016, 0.000, 0.002, 0.000, 1.000]"
3.16,3.2,silence,0.9999866485595703,silence,[1.000],"[0.012, 0.040, 0.017, 0.000, 0.002, 0.000, 1.000]"
3.2,3.24,silence,0.9999867677688599,silence,[1.000],"[0.011, 0.044, 0.017, 0.000, 0.001, 0.000, 1.000]"
3.24,3.28,silence,0.9999868869781494,silence,[1.000],"[0.010, 0.048, 0.017, 0.000, 0.001, 0.000, 1.000]"
3.28,3.32,silence,0.999987006187439,silence,[1.000],"[0.009, 0.053, 0.017, 0.000, 0.001, 0.000, 1.000]"
3.32,3.36,silence,0.9999871253967285,silence,[1.000],"[0.009, 0.059, 0.017, 0.000, 0.001, 0.000, 1.000]"
3.36,3.4,silence,0.9999872446060181,silence,[1.000],"[0.008, 0.065, 0.017, 0.000, 0.001, 0.000, 1.000]"
3.4,3.44,silence,0.9999873638153076,silence,[1.000],"[0.007, 0.073, 0.016, 0.000, 0.001, 0.000, 1.000]"
3.44,3.48,silence,0.9999876022338867,silence,[1.000],"[0.007, 0.081, 0.016, 0.000, 0.000, 0.000, 1.000]"
3.48,3.52,silence,0.9999878406524658,silence,[1.000],"[0.006, 0.091, 0.015, 0.000, 0.000, 0.000, 1.000]"
3.52,3.56,silence,0.9999881982803345,silence,[1.000],"[0.006, 0.102, 0.015, 0.000, 0.000, 0.000, 1.000]"
3.56,3.6,silence,0.9999886751174927,silence,[1.000],"[0.005, 0.115, 0.014, 0.000, 0.000, 0.000, 1.000]"
3.6,3.64,silence,0.9999891519546509,silence,[1.000],"[0.005, 0.129, 0.013, 0.000, 0.000, 0.000, 1.000]"
3.64,3.68,silence,0.9999897480010986,silence,[1.000],"[0.005, 0.143, 0.012, 0.000, 0.000, 0.000, 1.000]"
3.68,3.72,silence,0.9999903440475464,silence,[1.000],"[0.004, 0.159, 0.011, 0.000, 0.000, 0.000, 1.000]"
3.72,3.76,silence,0.9999910593032837,silence,[1.000],"[0.004, 0.176, 0.011, 0.000, 0.000, 0.001, 1.000]"
3.76,3.8,silence,0.999991774559021,silence,[1.000],"[0.004, 0.193, 0.010, 0.000, 0.000, 0.001, 1.000]"
3.8,3.84,silence,0.9999924898147583,silence,[1.000],"[0.004, 0.209, 0.009, 0.000, 0.000, 0.001, 1.000]"
3.84,3.88,silence,0.9999932050704956,silence,[1.000],"[0.004, 0.225, 0.008, 0.000, 0.000, 0.001, 1.000]"
3.88,3.92,silence,0.9999939203262329,silence,[1.000],"[0.004, 0.240, 0.008, 0.000, 0.000, 0.001, 1.000]"
3.92,3.96,silence,0.9999945163726807,silence,[1.000],"[0.004, 0.253, 0.007, 0.000, 0.000, 0.001, 1.000]"
3.96,4.0,silence,0.999995231628418,silence,[1.000],"[0.004, 0.264, 0.006, 0.000, 0.000, 0.001, 1.000]"
4.0,4.04,silence,0.9999958276748657,silence,[1.000],"[0.003, 0.273, 0.006, 0.000, 0.000, 0.001, 1.000]"
4.04,4.08,silence,0.9999963045120239,silence,[1.000],"[0.003, 0.279, 0.005, 0.000, 0.000, 0.001, 1.000]"
4.08,4.12,silence,0.9999967813491821,silence,[1.000],"[0.003, 0.283, 0.005, 0.000, 0.000, 0.001, 1.000]"
4.12,4.16,silence,0.9999972581863403,silence,[1.000],"[0.003, 0.285, 0.005, 0.000, 0.000, 0.001, 1.000]"
4.16,4.2,silence,0.999997615814209,silence,[1.000],"[0.003, 0.285, 0.004, 0.000, 0.000, 0.001, 1.000]"
4.2,4.24,silence,0.9999979734420776,silence,[1.000],"[0.003, 0.282, 0.004, 0.000, 0.000, 0.001, 1.000]"
4.24,4.28,silence,0.9999982118606567,silence,[1.000],"[0.003, 0.277, 0.004, 0.000, 0.000, 0.001, 1.000]"
4.28,4.32,silence,0.9999985694885254,silence,[1.000],"[0.003, 0.271, 0.004, 0.000, 0.000, 0.001, 1.000]"
4.32,4.36,silence,0.9999986886978149,silence,[1.000],"[0.003, 0.263, 0.004, 0.000, 0.000, 0.001, 1.000]"
4.36,4.4,silence,0.999998927116394,silence,[1.000],"[0.003, 0.254, 0.004, 0.000, 0.000, 0.001, 1.000]"
4.4,4.44,silence,0.9999990463256836,silence,[1.000],"[0.003, 0.244, 0.004, 0.000, 0.000, 0.001, 1.000]"
4.44,4.48,silence,0.9999991655349731,silence,[1.000],"[0.003, 0.233, 0.004, 0.000, 0.000, 0.001, 1.000]"
4.48,4.52,silence,0.9999992847442627,silence,[1.000],"[0.003, 0.222, 0.004, 0.000, 0.000, 0.001, 1.000]"
4.52,4.56,silence,0.9999994039535522,silence,[1.000],"[0.002, 0.210, 0.004, 0.000, 0.000, 0.001, 1.000]"
4.56,4.6,silence,0.9999994039535522,silence,[1.000],"[0.002, 0.198, 0.004, 0.000, 0.000, 0.001, 1.000]"
4.6,4.64,silence,0.9999995231628418,silence,[1.000],"[0.002, 0.187, 0.004, 0.000, 0.000, 0.001, 1.000]"
4.64,4.68,silence,0.9999995231628418,silence,[1.000],"[0.002, 0.175, 0.004, 0.000, 0.000, 0.001, 1.000]"
4.68,4.72,silence,0.9999996423721313,silence,[1.000],"[0.002, 0.163, 0.005, 0.000, 0.000, 0.001, 1.000]"
4.72,4.76,silence,0.9999996423721313,silence,[1.000],"[0.002, 0.151, 0.005, 0.000, 0.000, 0.001, 1.000]"
4.76,4.8,silence,0.9999997615814209,silence,[1.000],"[0.001, 0.140, 0.005, 0.000, 0.001, 0.001, 1.000]"
4.8,4.84,silence,0.9999997615814209,silence,[1.000],"[0.001, 0.129, 0.006, 0.000, 0.001, 0.001, 1.000]"
4.84,4.88,silence,0.9999997615814209,silence,[1.000],"[0.001, 0.119, 0.006, 0.000, 0.001, 0.001, 1.000]"
4.88,4.92,silence,0.9999997615814209,silence,[1.000],"[0.001, 0.108, 0.007, 0.000, 0.001, 0.001, 1.000]"
4.92,4.96,silence,0.9999997615814209,silence,[1.000],"[0.001, 0.099, 0.008, 0.000, 0.001, 0.001, 1.000]"
4.96,5.0,silence,0.9999997615814209,silence,[1.000],"[0.001, 0.090, 0.008, 0.000, 0.001, 0.001, 1.000]"
5.0,5.04,silence,0.9999998807907104,silence,[1.000],"[0.001, 0.082, 0.009, 0.000, 0.001, 0.001, 1.000]"
5.04,5.08,silence,0.9999998807907104,silence,[1.000],"[0.001, 0.075, 0.010, 0.000, 0.001, 0.001, 1.000]"
5.08,5.12,silence,0.9999998807907104,silence,[1.000],"[0.001, 0.068, 0.011, 0.000, 0.001, 0.001, 1.000]"
5.12,5.16,silence,0.9999998807907104,silence,[1.000],"[0.001, 0.062, 0.012, 0.000, 0.001, 0.001, 1.000]"
5.16,5.2,silence,0.9999998807907104,silence,[1.000],"[0.001, 0.056, 0.013, 0.000, 0.002, 0.001, 1.000]"
5.2,5.24,silence,0.9999998807907104,silence,[1.000],"[0.001, 0.051, 0.014, 0.000, 0.002, 0.001, 1.000]"
5.24,5.28,silence,0.9999998807907104,silence,[1.000],"[0.001, 0.047, 0.016, 0.000, 0.002, 0.001, 1.000]"
5.28,5.32,silence,0.9999998807907104,silence,[1.000],"[0.001, 0.043, 0.017, 0.000, 0.002, 0.001, 1.000]"
5.32,5.36,silence,0.9999998807907104,silence,[1.000],"[0.001, 0.040, 0.018, 0.000, 0.003, 0.001, 1.000]"
5.36,5.4,silence,0.9999998807907104,silence,[1.000],"[0.001, 0.036, 0.019, 0.000, 0.003, 0.001, 1.000]"
5.4,5.44,silence,0.9999998807907104,silence,[1.000],"[0.001, 0.034, 0.020, 0.000, 0.003, 0.001, 1.000]"
5.44,5.48,silence,0.9999998807907104,silence,[1.000],"[0.001, 0.031, 0.021, 0.000, 0.003, 0.001, 1.000]"
5.48,5.52,silence,0.9999998807907104,silence,[1.000],"[0.001, 0.029, 0.022, 0.000, 0.004, 0.001, 1.000]"
5.52,5.56,silence,0.9999998807907104,silence,[1.000],"[0.001, 0.027, 0.023, 0.000, 0.004, 0.001, 1.000]"
5.56,5.6,silence,1.0,silence,[1.000],"[0.002, 0.025, 0.023, 0.000, 0.004, 0.001, 1.000]"
5.6,5.64,silence,1.0,silence,[1.000],"[0.002, 0.024, 0.023, 0.000, 0.005, 0.001, 1.000]"
5.64,5.68,silence,1.0,silence,[1.000],"[0.002, 0.022, 0.023, 0.000, 0.005, 0.001, 1.000]"
5.68,5.72,silence,1.0,silence,[1.000],"[0.002, 0.021, 0.023, 0.000, 0.005, 0.001, 1.000]"
5.72,5.76,silence,1.0,silence,[1.000],"[0.002, 0.020, 0.022, 0.000, 0.005, 0.001, 1.000]"
5.76,5.8,silence,1.0,silence,[1.000],"[0.002, 0.019, 0.022, 0.000, 0.006, 0.001, 1.000]"
5.8,5.84,silence,1.0,silence,[1.000],"[0.003, 0.019, 0.021, 0.000, 0.006, 0.001, 1.000]"
5.84,5.88,silence,1.0,silence,[1.000],"[0.003, 0.018, 0.020, 0.000, 0.006, 0.001, 1.000]"
5.88,5.92,silence,1.0,silence,[1.000],"[0.003, 0.018, 0.018, 0.000, 0.006, 0.002, 1.000]"
5.92,5.96,silence,1.0,silence,[1.000],"[0.004, 0.018, 0.017, 0.000, 0.006, 0.002, 1.000]"
5.96,6.0,silence,1.0,silence,[1.000],"[0.004, 0.018, 0.016, 0.000, 0.006, 0.002, 1.000]"
6.0,6.04,silence,0.9999998807907104,silence,[1.000],"[0.004, 0.018, 0.014, 0.000, 0.006, 0.002, 1.000]"
6.04,6.08,silence,0.9999998807907104,silence,[1.000],"[0.004, 0.018, 0.013, 0.000, 0.006, 0.002, 1.000]"
6.08,6.12,silence,0.9999998807907104,silence,[1.000],"[0.005, 0.019, 0.011, 0.000, 0.005, 0.002, 1.000]"
6.12,6.16,silence,0.9999998807907104,silence,[1.000],"[0.005, 0.019, 0.010, 0.000, 0.005, 0.003, 1.000]"
6.16,6.2,silence,0.9999998807907104,silence,[1.000],"[0.005, 0.020, 0.009, 0.000, 0.005, 0.003, 1.000]"
6.2,6.24,silence,0.9999998807907104,silence,[1.000],"[0.005, 0.021, 0.008, 0.000, 0.005, 0.003, 1.000]"
6.24,6.28,silence,0.9999998807907104,silence,[1.000],"[0.005, 0.022, 0.007, 0.000, 0.004, 0.003, 1.000]"
6.28,6.32,silence,0.9999997615814209,silence,[1.000],"[0.005, 0.023, 0.006, 0.000, 0.004, 0.003, 1.000]"
6.32,6.36,silence,0.9999997615814209,silence,[1.000],"[0.005, 0.024, 0.005, 0.000, 0.004, 0.003, 1.000]"
6.36,6.4,silence,0.9999997615814209,silence,[1.000],"[0.005, 0.026, 0.004, 0.000, 0.004, 0.004, 1.000]"
6.4,6.44,silence,0.9999996423721313,silence,[1.000],"[0.005, 0.027, 0.003, 0.000, 0.003, 0.004, 1.000]"
6.44,6.48,silence,0.9999996423721313,silence,[1.000],"[0.004, 0.029, 0.003, 0.000, 0.003, 0.004, 1.000]"
6.48,6.52,silence,0.9999995231628418,silence,[1.000],"[0.004, 0.031, 0.002, 0.000, 0.003, 0.003, 1.000]"
6.52,6.56,silence,0.9999994039535522,silence,[1.000],"[0.004, 0.033, 0.002, 0.000, 0.003, 0.003, 1.000]"
6.56,6.6,silence,0.9999992847442627,silence,[1.000],"[0.004, 0.035, 0.002, 0.000, 0.003, 0.003, 1.000]"
6.6,6.64,silence,0.9999991655349731,silence,[1.000],"[0.003, 0.037, 0.001, 0.001, 0.002, 0.003, 1.000]"
6.64,6.68,silence,0.9999990463256836,silence,[1.000],"[0.003, 0.039, 0.001, 0.001, 0.002, 0.003, 1.000]"
6.68,6.72,silence,0.9999988079071045,silence,[1.000],"[0.003, 0.041, 0.001, 0.001, 0.002, 0.003, 1.000]"
6.72,6.76,silence,0.9999986886978149,silence,[1.000],"[0.002, 0.044, 0.001, 0.001, 0.002, 0.003, 1.000]"
6.76,6.8,silence,0.9999984502792358,silence,[1.000],"[0.002, 0.046, 0.001, 0.001, 0.002, 0.002, 1.000]"
6.8,6.84,silence,0.9999982118606567,silence,[1.000],"[0.002, 0.048, 0.001, 0.001, 0.002, 0.002, 1.000]"
6.84,6.88,silence,0.9999979734420776,silence,[1.000],"[0.001, 0.051, 0.000, 0.001, 0.002, 0.002, 1.000]"
6.88,6.92,silence,0.9999978542327881,silence,[1.000],"[0.001, 0.053, 0.000, 0.001, 0.002, 0.002, 1.000]"
6.92,6.96,silence,0.999997615814209,silence,[1.000],"[0.001, 0.056, 0.000, 0.001, 0.002, 0.002, 1.000]"
6.96,7.0,silence,0.9999972581863403,silence,[1.000],"[0.001, 0.058, 0.000, 0.001, 0.002, 0.002, 1.000]"
7.0,7.04,silence,0.9999970197677612,silence,[1.000],"[0.001, 0.060, 0.000, 0.001, 0.001, 0.001, 1.000]"
7.04,7.08,silence,0.9999967813491821,silence,[1.000],"[0.001, 0.062, 0.000, 0.001, 0.001, 0.001, 1.000]"
7.08,7.12,silence,0.9999964237213135,silence,[1.000],"[0.001, 0.064, 0.000, 0.001, 0.001, 0.001, 1.000]"
7.12,7.16,silence,0.9999960660934448,silence,[1.000],"[0.000, 0.065, 0.000, 0.001, 0.001, 0.001, 1.000]"
7.16,7.2,silence,0.9999957084655762,silence,[1.000],"[0.000, 0.067, 0.000, 0.001, 0.001, 0.001, 1.000]"
7.2,7.24,silence,0.999995231628418,silence,[1.000],"[0.000, 0.068, 0.000, 0.001, 0.001, 0.001, 1.000]"
7.24,7.28,silence,0.9999946355819702,silence,[1.000],"[0.000, 0.070, 0.000, 0.001, 0.001, 0.001, 1.000]"
7.28,7.32,silence,0.9999940395355225,silence,[1.000],"[0.000, 0.072, 0.000, 0.001, 0.001, 0.001, 1.000]"
7.32,7.36,silence,0.9999932050704956,silence,[1.000],"[0.000, 0.074, 0.000, 0.002, 0.001, 0.001, 1.000]"
7.36,7.4,silence,0.9999921321868896,silence,[1.000],"[0.000, 0.076, 0.000, 0.002, 0.001, 0.001, 1.000]"
7.4,7.44,silence,0.9999909400939941,silence,[1.000],"[0.000, 0.080, 0.000, 0.002, 0.001, 0.001, 1.000]"
7.44,7.48,silence,0.99998939037323,silence,[1.000],"[0.000, 0.083, 0.000, 0.002, 0.001, 0.001, 1.000]"
7.48,7.52,silence,0.9999876022338867,silence,[1.000],"[0.000, 0.088, 0.000, 0.002, 0.002, 0.001, 1.000]"
7.52,7.56,silence,0.9999854564666748,silence,[1.000],"[0.000, 0.094, 0.000, 0.002, 0.002, 0.000, 1.000]"
7.56,7.6,silence,0.9999830722808838,silence,[1.000],"[0.000, 0.101, 0.000, 0.002, 0.002, 0.000, 1.000]"
7.6,7.64,silence,0.9999802112579346,silence,[1.000],"[0.000, 0.110, 0.000, 0.002, 0.002, 0.000, 1.000]"
7.64,7.68,silence,0.9999769926071167,silence,[1.000],"[0.000, 0.120, 0.000, 0.003, 0.002, 0.000, 1.000]"
7.68,7.72,silence,0.9999735355377197,silence,[1.000],"[0.000, 0.133, 0.000, 0.003, 0.002, 0.000, 1.000]"
7.72,7.76,silence,0.9999698400497437,silence,[1.000],"[0.000, 0.147, 0.000, 0.003, 0.003, 0.000, 1.000]"
7.76,7.8,silence,0.9999661445617676,silence,[1.000],"[0.000, 0.163, 0.000, 0.003, 0.003, 0.000, 1.000]"
7.8,7.84,silence,0.9999626874923706,silence,[1.000],"[0.000, 0.182, 0.000, 0.003, 0.003, 0.000, 1.000]"
7.84,7.88,silence,0.9999594688415527,silence,[1.000],"[0.000, 0.202, 0.000, 0.003, 0.004, 0.000, 1.000]"
7.88,7.92,silence,0.9999569654464722,silence,[1.000],"[0.000, 0.224, 0.000, 0.003, 0.004, 0.000, 1.000]"
7.92,7.96,silence,0.9999550580978394,silence,[1.000],"[0.000, 0.247, 0.000, 0.003, 0.005, 0.000, 1.000]"
7.96,8.0,silence,0.9999539852142334,silence,[1.000],"[0.000, 0.271, 0.000, 0.003, 0.005, 0.000, 1.000]"
8.0,8.04,silence,0.9999537467956543,silence,[1.000],"[0.000, 0.296, 0.000, 0.003, 0.006, 0.000, 1.000]"
8.04,8.08,silence,0.999954342842102,silence,[1.000],"[0.000, 0.320, 0.000, 0.003, 0.006, 0.000, 1.000]"
8.08,8.12,silence,0.9999557733535767,silence,[1.000],"[0.000, 0.344, 0.000, 0.003, 0.007, 0.000, 1.000]"
8.12,8.16,silence,0.999957799911499,silence,[1.000],"[0.000, 0.366, 0.000, 0.003, 0.008, 0.000, 1.000]"
8.16,8.2,silence,0.9999603033065796,silence,[1.000],"[0.000, 0.387, 0.000, 0.003, 0.009, 0.000, 1.000]"
8.2,8.24,silence,0.9999632835388184,silence,[1.000],"[0.000, 0.406, 0.000, 0.002, 0.010, 0.000, 1.000]"
8.24,8.28,silence,0.9999663829803467,silence,[1.000],"[0.000, 0.423, 0.000, 0.002, 0.010, 0.000, 1.000]"
8.28,8.32,silence,0.999969482421875,silence,[1.000],"[0.000, 0.437, 0.000, 0.002, 0.011, 0.000, 1.000]"
8.32,8.36,silence,0.9999725818634033,silence,[1.000],"[0.000, 0.448, 0.000, 0.002, 0.012, 0.000, 1.000]"
8.36,8.4,silence,0.9999754428863525,silence,[1.000],"[0.000, 0.456, 0.000, 0.002, 0.013, 0.000, 1.000]"
8.4,8.44,silence,0.9999781847000122,silence,[1.000],"[0.000, 0.461, 0.001, 0.002, 0.014, 0.000, 1.000]"
8.44,8.48,silence,0.9999805688858032,silence,[1.000],"[0.000, 0.462, 0.001, 0.001, 0.015, 0.000, 1.000]"
8.48,8.52,silence,0.9999827146530151,silence,[1.000],"[0.000, 0.460, 0.001, 0.001, 0.016, 0.000, 1.000]"
8.52,8.56,silence,0.999984622001648,silence,[1.000],"[0.000, 0.455, 0.001, 0.001, 0.017, 0.001, 1.000]"
8.56,8.6,silence,0.9999861717224121,silence,[1.000],"[0.000, 0.446, 0.001, 0.001, 0.017, 0.001, 1.000]"
8.6,8.64,silence,0.9999876022338867,silence,[1.000],"[0.000, 0.434, 0.001, 0.001, 0.018, 0.001, 1.000]"
8.64,8.68,silence,0.9999887943267822,silence,[1.000],"[0.000, 0.418, 0.002, 0.001, 0.019, 0.001, 1.000]"
8.68,8.72,silence,0.9999897480010986,silence,[1.000],"[0.000, 0.400, 0.002, 0.001, 0.020, 0.001, 1.000]"
8.72,8.76,silence,0.9999904632568359,silence,[1.000],"[0.000, 0.379, 0.002, 0.001, 0.021, 0.001, 1.000]"
8.76,8.8,silence,0.9999910593032837,silence,[1.000],"[0.000, 0.356, 0.003, 0.001, 0.022, 0.001, 1.000]"
8.8,8.84,silence,0.9999915361404419,silence,[1.000],"[0.000, 0.332, 0.003, 0.001, 0.023, 0.001, 1.000]"
8.84,8.88,silence,0.999991774559021,silence,[1.000],"[0.000, 0.307, 0.004, 0.000, 0.024, 0.002, 1.000]"
8.88,8.92,silence,0.9999920129776001,silence,[1.000],"[0.000, 0.282, 0.004, 0.000, 0.025, 0.002, 1.000]"
8.92,8.96,silence,0.9999920129776001,silence,[1.000],"[0.000, 0.257, 0.005, 0.000, 0.026, 0.002, 1.000]"
8.96,9.0,silence,0.9999918937683105,silence,[1.000],"[0.001, 0.232, 0.005, 0.000, 0.027, 0.002, 1.000]"
9.0,9.04,silence,0.999991774559021,silence,[1.000],"[0.001, 0.209, 0.006, 0.000, 0.028, 0.003, 1.000]"
9.04,9.08,silence,0.9999915361404419,silence,[1.000],"[0.001, 0.187, 0.007, 0.000, 0.030, 0.003, 1.000]"
9.08,9.12,silence,0.9999911785125732,silence,[1.000],"[0.001, 0.166, 0.007, 0.000, 0.032, 0.003, 1.000]"
9.12,9.16,silence,0.9999908208847046,silence,[1.000],"[0.001, 0.146, 0.008, 0.000, 0.034, 0.004, 1.000]"
9.16,9.2,silence,0.9999904632568359,silence,[1.000],"[0.001, 0.128, 0.008, 0.000, 0.036, 0.004, 1.000]"
9.2,9.24,silence,0.9999902248382568,silence,[1.000],"[0.001, 0.111, 0.009, 0.000, 0.038, 0.005, 1.000]"
9.24,9.28,silence,0.9999901056289673,silence,[1.000],"[0.001, 0.096, 0.009, 0.000, 0.041, 0.005, 1.000]"
9.28,9.32,silence,0.9999899864196777,silence,[1.000],"[0.001, 0.082, 0.009, 0.000, 0.043, 0.006, 1.000]"
9.32,9.36,silence,0.9999902248382568,silence,[1.000],"[0.001, 0.070, 0.010, 0.000, 0.046, 0.007, 1.000]"
9.36,9.4,silence,0.9999905824661255,silence,[1.000],"[0.002, 0.059, 0.010, 0.000, 0.049, 0.007, 1.000]"
9.4,9.44,silence,0.9999911785125732,silence,[1.000],"[0.002, 0.049, 0.010, 0.000, 0.051, 0.008, 1.000]"
9.44,9.48,silence,0.999991774559021,silence,[1.000],"[0.002, 0.041, 0.010, 0.000, 0.054, 0.009, 1.000]"
9.48,9.52,silence,0.9999926090240479,silence,[1.000],"[0.002, 0.034, 0.011, 0.000, 0.056, 0.010, 1.000]"
9.52,9.56,silence,0.9999934434890747,silence,[1.000],"[0.003, 0.029, 0.011, 0.000, 0.059, 0.011, 1.000]"
9.56,9.6,silence,0.9999942779541016,silence,[1.000],"[0.003, 0.024, 0.011, 0.000, 0.061, 0.013, 1.000]"
9.6,9.64,silence,0.9999951124191284,silence,[1.000],"[0.004, 0.021, 0.010, 0.000, 0.062, 0.014, 1.000]"
9.64,9.68,silence,0.9999958276748657,silence,[1.000],"[0.004, 0.018, 0.010, 0.000, 0.064, 0.016, 1.000]"
9.68,9.72,silence,0.9999964237213135,silence,[1.000],"[0.005, 0.016, 0.010, 0.000, 0.064, 0.018, 1.000]"
9.72,9.76,silence,0.9999969005584717,silence,[1.000],"[0.006, 0.014, 0.010, 0.000, 0.065, 0.020, 1.000]"
9.76,9.8,silence,0.9999972581863403,silence,[1.000],"[0.007, 0.013, 0.010, 0.001, 0.064, 0.023, 1.000]"
9.8,9.84,silence,0.999997615814209,silence,[1.000],"[0.008, 0.013, 0.010, 0.001, 0.064, 0.025, 1.000]"
9.84,9.88,silence,0.9999978542327881,silence,[1.000],"[0.009, 0.012, 0.010, 0.001, 0.063, 0.028, 1.000]"
9.88,9.92,silence,0.9999979734420776,silence,[1.000],"[0.011, 0.013, 0.010, 0.001, 0.061, 0.031, 1.000]"
9.92,9.96,silence,0.9999980926513672,silence,[1.000],"[0.013, 0.013, 0.010, 0.001, 0.060, 0.035, 1.000]"
9.96,10.0,silence,0.9999980926513672,silence,[1.000],"[0.015, 0.014, 0.010, 0.001, 0.058, 0.038, 1.000]"
10.0,10.04,silence,0.9999980926513672,silence,[1.000],"[0.018, 0.015, 0.010, 0.001, 0.056, 0.041, 1.000]"
10.04,10.08,silence,0.9999979734420776,silence,[1.000],"[0.022, 0.017, 0.011, 0.001, 0.054, 0.044, 1.000]"
10.08,10.12,silence,0.9999977350234985,silence,[1.000],"[0.026, 0.019, 0.011, 0.001, 0.052, 0.047, 1.000]"
10.12,10.16,silence,0.9999974966049194,silence,[1.000],"[0.031, 0.022, 0.012, 0.001, 0.050, 0.049, 1.000]"
10.16,10.2,silence,0.9999970197677612,silence,[1.000],"[0.037, 0.025, 0.013, 0.001, 0.048, 0.051, 1.000]"
10.2,10.24,silence,0.9999963045120239,silence,[1.000],"[0.044, 0.029, 0.014, 0.001, 0.047, 0.053, 1.000]"
10.24,10.28,silence,0.999995231628418,silence,[1.000],"[0.052, 0.034, 0.015, 0.002, 0.045, 0.054, 1.000]"
10.28,10.32,silence,0.9999935626983643,silence,[1.000],"[0.061, 0.040, 0.017, 0.002, 0.043, 0.055, 1.000]"
10.32,10.36,silence,0.9999910593032837,silence,[1.000],"[0.072, 0.047, 0.019, 0.002, 0.042, 0.055, 1.000]"
10.36,10.4,silence,0.9999871253967285,silence,[1.000],"[0.085, 0.054, 0.022, 0.002, 0.041, 0.055, 1.000]"
10.4,10.44,silence,0.9999808073043823,silence,[1.000],"[0.100, 0.062, 0.026, 0.003, 0.039, 0.054, 1.000]"
10.44,10.48,silence,0.9999704360961914,silence,[1.000],"[0.116, 0.070, 0.031, 0.003, 0.038, 0.053, 1.000]"
10.48,10.52,silence,0.9999532699584961,silence,[1.000],"[0.135, 0.077, 0.037, 0.003, 0.037, 0.051, 1.000]"
10.52,10.56,silence,0.9999239444732666,silence,[1.000],"[0.155, 0.084, 0.045, 0.004, 0.036, 0.050, 1.000]"
10.56,10.6,silence,0.9998732805252075,silence,[1.000],"[0.176, 0.090, 0.055, 0.004, 0.035, 0.047, 1.000]"
10.6,10.64,silence,0.9997842907905579,silence,[1.000],"[0.199, 0.094, 0.068, 0.005, 0.034, 0.045, 1.000]"
10.64,10.68,silence,0.999625563621521,silence,[1.000],"[0.222, 0.096, 0.084, 0.006, 0.034, 0.042, 1.000]"
10.68,10.72,silence,0.999340832233429,silence,[0.999],"[0.245, 0.097, 0.103, 0.007, 0.033, 0.039, 0.999]"
10.72,10.76,silence,0.9988283514976501,silence,[0.999],"[0.269, 0.095, 0.125, 0.008, 0.032, 0.036, 0.999]"
10.76,10.8,silence,0.9979090690612793,silence,[0.998],"[0.292, 0.091, 0.152, 0.010, 0.031, 0.033, 0.998]"
10.8,10.84,silence,0.996275782585144,silence,[0.996],"[0.315, 0.086, 0.182, 0.011, 0.030, 0.030, 0.996]"
10.84,10.88,silence,0.9934183359146118,silence,[0.993],"[0.337, 0.079, 0.216, 0.013, 0.029, 0.027, 0.993]"
10.88,10.92,silence,0.9885267019271851,silence,[0.989],"[0.359, 0.071, 0.253, 0.016, 0.029, 0.025, 0.989]"
10.92,10.96,silence,0.9803916215896606,silence,[0.980],"[0.380, 0.062, 0.292, 0.018, 0.028, 0.022, 0.980]"
10.96,11.0,silence,0.967347264289856,silence,[0.967],"[0.400, 0.053, 0.332, 0.021, 0.027, 0.020, 0.967]"
11.0,11.04,silence,0.9473337531089783,silence,[0.947],"[0.420, 0.045, 0.373, 0.024, 0.026, 0.018, 0.947]"
11.04,11.08,silence,0.9181788563728333,silence,[0.918],"[0.440, 0.038, 0.413, 0.028, 0.024, 0.016, 0.918]"
11.08,11.12,silence,0.8781099319458008,silence,[0.878],"[0.459, 0.031, 0.451, 0.032, 0.023, 0.014, 0.878]"
11.12,11.16,silence,0.8264846801757812,silence,[0.826],"[0.478, 0.025, 0.487, 0.035, 0.022, 0.013, 0.826]"
11.16,11.2,silence,0.7643885612487793,silence,[0.764],"[0.498, 0.021, 0.520, 0.040, 0.020, 0.012, 0.764]"
11.2,11.24,silence,0.6947876811027527,silence,[0.695],"[0.517, 0.017, 0.549, 0.044, 0.019, 0.011, 0.695]"
11.24,11.28,silence,0.6217054128646851,silence,[0.622],"[0.537, 0.013, 0.575, 0.048, 0.017, 0.010, 0.622]"
11.28,11.32,Rei,0.5976396799087524,,[],"[0.558, 0.011, 0.598, 0.053, 0.016, 0.009, 0.550]"
11.32,11.36,Rei,0.6168405413627625,,[],"[0.580, 0.009, 0.617, 0.057, 0.014, 0.009, 0.482]"
11.36,11.4,Rei,0.6331607103347778,Rei,[0.633],"[0.604, 0.007, 0.633, 0.061, 0.013, 0.008, 0.421]"
11.4,11.44,Rei,0.647036075592041,Gaeul|Rei,"[0.629, 0.647]","[0.629, 0.006, 0.647, 0.064, 0.012, 0.008, 0.368]"
11.44,11.48,Rei,0.6589437127113342,Gaeul|Rei,"[0.654, 0.659]","[0.654, 0.005, 0.659, 0.067, 0.011, 0.008, 0.322]"
11.48,11.52,Gaeul,0.6800323128700256,Gaeul|Rei,"[0.680, 0.669]","[0.680, 0.004, 0.669, 0.070, 0.010, 0.008, 0.284]"
11.52,11.56,Gaeul,0.705363929271698,Gaeul|Rei,"[0.705, 0.679]","[0.705, 0.004, 0.679, 0.073, 0.008, 0.008, 0.253]"
11.56,11.6,Gaeul,0.7298575043678284,Gaeul|Rei,"[0.730, 0.688]","[0.730, 0.003, 0.688, 0.074, 0.008, 0.008, 0.228]"
11.6,11.64,Gaeul,0.7530071139335632,Gaeul|Rei,"[0.753, 0.696]","[0.753, 0.003, 0.696, 0.076, 0.007, 0.008, 0.208]"
11.64,11.68,Gaeul,0.7742785811424255,Gaeul|Rei,"[0.774, 0.705]","[0.774, 0.003, 0.705, 0.077, 0.006, 0.008, 0.194]"
11.68,11.72,Gaeul,0.7932983636856079,Gaeul|Rei,"[0.793, 0.714]","[0.793, 0.002, 0.714, 0.078, 0.005, 0.009, 0.184]"
11.72,11.76,Gaeul,0.8098087310791016,Gaeul|Rei,"[0.810, 0.723]","[0.810, 0.002, 0.723, 0.079, 0.005, 0.009, 0.178]"
11.76,11.8,Gaeul,0.8237598538398743,Gaeul|Rei,"[0.824, 0.732]","[0.824, 0.002, 0.732, 0.079, 0.004, 0.010, 0.176]"
11.8,11.84,Gaeul,0.8353131413459778,Gaeul|Rei,"[0.835, 0.743]","[0.835, 0.002, 0.743, 0.080, 0.004, 0.010, 0.177]"
11.84,11.88,Gaeul,0.8445988297462463,Gaeul|Rei,"[0.845, 0.755]","[0.845, 0.001, 0.755, 0.080, 0.004, 0.011, 0.183]"
11.88,11.92,Gaeul,0.8517088890075684,Gaeul|Rei,"[0.852, 0.767]","[0.852, 0.001, 0.767, 0.081, 0.003, 0.012, 0.192]"
11.92,11.96,Gaeul,0.8567115068435669,Gaeul|Rei,"[0.857, 0.780]","[0.857, 0.001, 0.780, 0.082, 0.003, 0.013, 0.204]"
11.96,12.0,Gaeul,0.8596652150154114,Gaeul|Rei,"[0.860, 0.794]","[0.860, 0.001, 0.794, 0.082, 0.003, 0.014, 0.222]"
12.0,12.04,Gaeul,0.860623836517334,Gaeul|Rei,"[0.861, 0.808]","[0.861, 0.001, 0.808, 0.084, 0.003, 0.015, 0.244]"
12.04,12.08,Gaeul,0.8596208095550537,Gaeul|Rei,"[0.860, 0.822]","[0.860, 0.001, 0.822, 0.085, 0.002, 0.016, 0.271]"
12.08,12.12,Gaeul,0.8566415309906006,Gaeul|Rei,"[0.857, 0.837]","[0.857, 0.001, 0.837, 0.087, 0.002, 0.017, 0.303]"
12.12,12.16,Gaeul,0.8516090512275696,Gaeul|Rei,"[0.852, 0.851]","[0.852, 0.001, 0.851, 0.088, 0.002, 0.018, 0.342]"
12.16,12.2,Rei,0.8643693923950195,Gaeul|Rei,"[0.844, 0.864]","[0.844, 0.001, 0.864, 0.091, 0.002, 0.019, 0.386]"
12.2,12.24,Rei,0.8773191571235657,Gaeul|Rei,"[0.835, 0.877]","[0.835, 0.000, 0.877, 0.093, 0.002, 0.020, 0.435]"
12.24,12.28,Rei,0.8894709944725037,Gaeul|Rei,"[0.823, 0.889]","[0.823, 0.000, 0.889, 0.096, 0.002, 0.020, 0.487]"
12.28,12.32,Rei,0.9007418751716614,Gaeul|Rei,"[0.808, 0.901]","[0.808, 0.000, 0.901, 0.098, 0.002, 0.021, 0.541]"
12.32,12.36,Rei,0.9110695123672485,Gaeul|Rei,"[0.790, 0.911]","[0.790, 0.000, 0.911, 0.101, 0.002, 0.021, 0.595]"
12.36,12.4,Rei,0.9204002618789673,Gaeul|Rei,"[0.769, 0.920]","[0.769, 0.000, 0.920, 0.104, 0.001, 0.021, 0.647]"
12.4,12.44,Rei,0.9287242293357849,Gaeul|Rei,"[0.744, 0.929]","[0.744, 0.000, 0.929, 0.106, 0.001, 0.021, 0.695]"
12.44,12.48,Rei,0.9361015558242798,Rei|silence,"[0.936, 0.739]","[0.716, 0.000, 0.936, 0.108, 0.001, 0.021, 0.739]"
12.48,12.52,Rei,0.9426124691963196,Rei|silence,"[0.943, 0.778]","[0.684, 0.000, 0.943, 0.110, 0.001, 0.021, 0.778]"
12.52,12.56,Rei,0.9483547210693359,Rei|silence,"[0.948, 0.812]","[0.650, 0.000, 0.948, 0.112, 0.001, 0.020, 0.812]"
12.56,12.6,Rei,0.953421413898468,Rei|silence,"[0.953, 0.841]","[0.613, 0.000, 0.953, 0.113, 0.001, 0.020, 0.841]"
12.6,12.64,Rei,0.9579087495803833,Rei|silence,"[0.958, 0.866]","[0.574, 0.000, 0.958, 0.114, 0.001, 0.019, 0.866]"
12.64,12.68,Rei,0.9619003534317017,Rei|silence,"[0.962, 0.888]","[0.534, 0.000, 0.962, 0.114, 0.001, 0.019, 0.888]"
12.68,12.72,Rei,0.965472936630249,Rei|silence,"[0.965, 0.906]","[0.494, 0.000, 0.965, 0.113, 0.001, 0.018, 0.906]"
12.72,12.76,Rei,0.9686954617500305,Rei|silence,"[0.969, 0.922]","[0.453, 0.000, 0.969, 0.112, 0.001, 0.017, 0.922]"
12.76,12.8,Rei,0.9716179370880127,Rei|silence,"[0.972, 0.935]","[0.413, 0.000, 0.972, 0.111, 0.001, 0.017, 0.935]"
12.8,12.84,Rei,0.9742763638496399,Rei|silence,"[0.974, 0.946]","[0.374, 0.000, 0.974, 0.109, 0.001, 0.016, 0.946]"
12.84,12.88,Rei,0.9766947031021118,Rei|silence,"[0.977, 0.956]","[0.336, 0.000, 0.977, 0.107, 0.001, 0.016, 0.956]"
12.88,12.92,Rei,0.9788934588432312,Rei|silence,"[0.979, 0.964]","[0.299, 0.000, 0.979, 0.105, 0.001, 0.015, 0.964]"
12.92,12.96,Rei,0.9808850288391113,Rei|silence,"[0.981, 0.970]","[0.264, 0.000, 0.981, 0.103, 0.001, 0.015, 0.970]"
12.96,13.0,Rei,0.9826838374137878,Rei|silence,"[0.983, 0.976]","[0.231, 0.000, 0.983, 0.101, 0.001, 0.014, 0.976]"
13.0,13.04,Rei,0.9843094348907471,Rei|silence,"[0.984, 0.981]","[0.200, 0.000, 0.984, 0.099, 0.001, 0.014, 0.981]"
13.04,13.08,Rei,0.9857770800590515,Rei|silence,"[0.986, 0.985]","[0.172, 0.000, 0.986, 0.097, 0.001, 0.014, 0.985]"
13.08,13.12,silence,0.9878278970718384,Rei|silence,"[0.987, 0.988]","[0.147, 0.000, 0.987, 0.095, 0.001, 0.013, 0.988]"
13.12,13.16,silence,0.9904848337173462,Rei|silence,"[0.988, 0.990]","[0.124, 0.000, 0.988, 0.093, 0.001, 0.013, 0.990]"
13.16,13.2,silence,0.9926297664642334,Rei|silence,"[0.989, 0.993]","[0.105, 0.000, 0.989, 0.091, 0.001, 0.013, 0.993]"
13.2,13.24,silence,0.9943404197692871,Rei|silence,"[0.990, 0.994]","[0.087, 0.000, 0.990, 0.089, 0.001, 0.012, 0.994]"
13.24,13.28,silence,0.9956875443458557,Rei|silence,"[0.991, 0.996]","[0.072, 0.000, 0.991, 0.087, 0.001, 0.012, 0.996]"
13.28,13.32,silence,0.9967342615127563,Rei|silence,"[0.992, 0.997]","[0.060, 0.000, 0.992, 0.085, 0.001, 0.011, 0.997]"
13.32,13.36,silence,0.9975361824035645,Rei|silence,"[0.993, 0.998]","[0.049, 0.000, 0.993, 0.084, 0.001, 0.011, 0.998]"
13.36,13.4,silence,0.9981434345245361,Rei|silence,"[0.993, 0.998]","[0.040, 0.000, 0.993, 0.082, 0.001, 0.010, 0.998]"
13.4,13.44,silence,0.9986000657081604,Rei|silence,"[0.994, 0.999]","[0.032, 0.000, 0.994, 0.080, 0.001, 0.010, 0.999]"
13.44,13.48,silence,0.9989424347877502,Rei|silence,"[0.994, 0.999]","[0.026, 0.000, 0.994, 0.078, 0.001, 0.009, 0.999]"
13.48,13.52,silence,0.999198853969574,Rei|silence,"[0.994, 0.999]","[0.021, 0.000, 0.994, 0.076, 0.000, 0.009, 0.999]"
13.52,13.56,silence,0.9993904829025269,Rei|silence,"[0.995, 0.999]","[0.017, 0.000, 0.995, 0.074, 0.000, 0.008, 0.999]"
13.56,13.6,silence,0.9995337724685669,Rei|silence,"[0.995, 1.000]","[0.013, 0.000, 0.995, 0.072, 0.000, 0.008, 1.000]"
13.6,13.64,silence,0.9996408224105835,Rei|silence,"[0.995, 1.000]","[0.011, 0.000, 0.995, 0.069, 0.000, 0.007, 1.000]"
13.64,13.68,silence,0.9997206330299377,Rei|silence,"[0.995, 1.000]","[0.009, 0.000, 0.995, 0.067, 0.000, 0.007, 1.000]"
13.68,13.72,silence,0.9997802376747131,Rei|silence,"[0.995, 1.000]","[0.007, 0.000, 0.995, 0.065, 0.000, 0.006, 1.000]"
13.72,13.76,silence,0.9998247027397156,Rei|silence,"[0.995, 1.000]","[0.006, 0.000, 0.995, 0.062, 0.000, 0.006, 1.000]"
13.76,13.8,silence,0.999858021736145,Rei|silence,"[0.995, 1.000]","[0.005, 0.000, 0.995, 0.059, 0.000, 0.005, 1.000]"
13.8,13.84,silence,0.9998829364776611,Rei|silence,"[0.995, 1.000]","[0.004, 0.000, 0.995, 0.057, 0.000, 0.005, 1.000]"
13.84,13.88,silence,0.9999014139175415,Rei|silence,"[0.995, 1.000]","[0.004, 0.000, 0.995, 0.054, 0.000, 0.004, 1.000]"
13.88,13.92,silence,0.9999151229858398,Rei|silence,"[0.995, 1.000]","[0.003, 0.000, 0.995, 0.051, 0.000, 0.004, 1.000]"
13.92,13.96,silence,0.999924898147583,Rei|silence,"[0.995, 1.000]","[0.003, 0.000, 0.995, 0.048, 0.000, 0.004, 1.000]"
13.96,14.0,silence,0.9999316930770874,Rei|silence,"[0.995, 1.000]","[0.002, 0.000, 0.995, 0.045, 0.000, 0.004, 1.000]"
14.0,14.04,silence,0.9999359846115112,Rei|silence,"[0.995, 1.000]","[0.002, 0.000, 0.995, 0.042, 0.000, 0.003, 1.000]"
14.04,14.08,silence,0.999937891960144,Rei|silence,"[0.994, 1.000]","[0.002, 0.000, 0.994, 0.039, 0.000, 0.003, 1.000]"
14.08,14.12,silence,0.9999377727508545,Rei|silence,"[0.994, 1.000]","[0.002, 0.000, 0.994, 0.037, 0.000, 0.003, 1.000]"
14.12,14.16,silence,0.9999352693557739,Rei|silence,"[0.994, 1.000]","[0.002, 0.000, 0.994, 0.034, 0.000, 0.003, 1.000]"
14.16,14.2,silence,0.9999303817749023,Rei|silence,"[0.994, 1.000]","[0.002, 0.000, 0.994, 0.031, 0.000, 0.003, 1.000]"
14.2,14.24,silence,0.999922513961792,Rei|silence,"[0.993, 1.000]","[0.002, 0.000, 0.993, 0.029, 0.000, 0.003, 1.000]"
14.24,14.28,silence,0.9999109506607056,Rei|silence,"[0.993, 1.000]","[0.002, 0.000, 0.993, 0.026, 0.000, 0.003, 1.000]"
14.28,14.32,silence,0.9998942613601685,Rei|silence,"[0.993, 1.000]","[0.002, 0.000, 0.993, 0.024, 0.000, 0.002, 1.000]"
14.32,14.36,silence,0.9998708963394165,Rei|silence,"[0.993, 1.000]","[0.002, 0.000, 0.993, 0.022, 0.000, 0.002, 1.000]"
14.36,14.4,silence,0.9998378753662109,Rei|silence,"[0.993, 1.000]","[0.002, 0.001, 0.993, 0.020, 0.000, 0.002, 1.000]"
14.4,14.44,silence,0.9997915625572205,Rei|silence,"[0.992, 1.000]","[0.002, 0.001, 0.992, 0.018, 0.000, 0.002, 1.000]"
14.44,14.48,silence,0.9997262358665466,Rei|silence,"[0.992, 1.000]","[0.002, 0.001, 0.992, 0.017, 0.000, 0.002, 1.000]"
14.48,14.52,silence,0.9996341466903687,Rei|silence,"[0.992, 1.000]","[0.002, 0.001, 0.992, 0.015, 0.000, 0.002, 1.000]"
14.52,14.56,silence,0.9995038509368896,Rei|silence,"[0.993, 1.000]","[0.002, 0.001, 0.993, 0.014, 0.001, 0.002, 1.000]"
14.56,14.6,silence,0.9993190765380859,Rei|silence,"[0.993, 0.999]","[0.002, 0.001, 0.993, 0.013, 0.001, 0.002, 0.999]"
14.6,14.64,silence,0.999056875705719,Rei|silence,"[0.993, 0.999]","[0.002, 0.001, 0.993, 0.012, 0.001, 0.002, 0.999]"
14.64,14.68,silence,0.9986850619316101,Rei|silence,"[0.993, 0.999]","[0.002, 0.001, 0.993, 0.011, 0.001, 0.002, 0.999]"
14.68,14.72,silence,0.9981600642204285,Rei|silence,"[0.994, 0.998]","[0.002, 0.001, 0.994, 0.010, 0.001, 0.002, 0.998]"
14.72,14.76,silence,0.9974249601364136,Rei|silence,"[0.994, 0.997]","[0.002, 0.001, 0.994, 0.009, 0.001, 0.002, 0.997]"
14.76,14.8,silence,0.9964039325714111,Rei|silence,"[0.994, 0.996]","[0.003, 0.001, 0.994, 0.008, 0.001, 0.002, 0.996]"
14.8,14.84,silence,0.9949955940246582,Rei|silence,"[0.995, 0.995]","[0.003, 0.001, 0.995, 0.008, 0.001, 0.002, 0.995]"
14.84,14.88,Rei,0.9953088164329529,Rei|silence,"[0.995, 0.993]","[0.003, 0.001, 0.995, 0.007, 0.001, 0.002, 0.993]"
14.88,14.92,Rei,0.9956990480422974,Rei|silence,"[0.996, 0.990]","[0.003, 0.001, 0.996, 0.007, 0.001, 0.002, 0.990]"
14.92,14.96,Rei,0.9960669875144958,Rei|silence,"[0.996, 0.987]","[0.003, 0.001, 0.996, 0.007, 0.001, 0.001, 0.987]"
14.96,15.0,Rei,0.996407687664032,Rei|silence,"[0.996, 0.982]","[0.003, 0.001, 0.996, 0.006, 0.001, 0.001, 0.982]"
15.0,15.04,Rei,0.9967178702354431,Rei|silence,"[0.997, 0.976]","[0.003, 0.001, 0.997, 0.006, 0.001, 0.001, 0.976]"
15.04,15.08,Rei,0.9969971179962158,Rei|silence,"[0.997, 0.968]","[0.003, 0.001, 0.997, 0.006, 0.001, 0.001, 0.968]"
15.08,15.12,Rei,0.9972469806671143,Rei|silence,"[0.997, 0.958]","[0.004, 0.001, 0.997, 0.006, 0.002, 0.001, 0.958]"
15.12,15.16,Rei,0.9974691867828369,Rei|silence,"[0.997, 0.945]","[0.004, 0.001, 0.997, 0.006, 0.002, 0.001, 0.945]"
15.16,15.2,Rei,0.9976654052734375,Rei|silence,"[0.998, 0.930]","[0.004, 0.001, 0.998, 0.006, 0.002, 0.001, 0.930]"
15.2,15.24,Rei,0.9978389143943787,Rei|silence,"[0.998, 0.912]","[0.004, 0.001, 0.998, 0.006, 0.002, 0.001, 0.912]"
15.24,15.28,Rei,0.997992992401123,Rei|silence,"[0.998, 0.891]","[0.005, 0.001, 0.998, 0.006, 0.002, 0.001, 0.891]"
15.28,15.32,Rei,0.9981309771537781,Rei|silence,"[0.998, 0.868]","[0.005, 0.001, 0.998, 0.006, 0.002, 0.001, 0.868]"
15.32,15.36,Rei,0.9982553124427795,Rei|silence,"[0.998, 0.843]","[0.006, 0.001, 0.998, 0.006, 0.002, 0.001, 0.843]"
15.36,15.4,Rei,0.9983683228492737,Rei|silence,"[0.998, 0.817]","[0.006, 0.001, 0.998, 0.006, 0.002, 0.001, 0.817]"
15.4,15.44,Rei,0.9984720349311829,Rei|silence,"[0.998, 0.791]","[0.006, 0.001, 0.998, 0.006, 0.002, 0.001, 0.791]"
15.44,15.48,Rei,0.9985685348510742,Rei|silence,"[0.999, 0.764]","[0.007, 0.001, 0.999, 0.006, 0.002, 0.001, 0.764]"
15.48,15.52,Rei,0.9986598491668701,Rei|silence,"[0.999, 0.738]","[0.008, 0.001, 0.999, 0.007, 0.002, 0.001, 0.738]"
15.52,15.56,Rei,0.9987480640411377,Rei|silence,"[0.999, 0.713]","[0.008, 0.001, 0.999, 0.007, 0.002, 0.001, 0.713]"
15.56,15.6,Rei,0.9988347887992859,Rei|silence,"[0.999, 0.688]","[0.009, 0.001, 0.999, 0.008, 0.002, 0.001, 0.688]"
15.6,15.64,Rei,0.9989206790924072,Rei|silence,"[0.999, 0.664]","[0.009, 0.002, 0.999, 0.009, 0.002, 0.001, 0.664]"
15.64,15.68,Rei,0.9990054965019226,Rei|silence,"[0.999, 0.639]","[0.010, 0.002, 0.999, 0.010, 0.002, 0.001, 0.639]"
15.68,15.72,Rei,0.9990886449813843,Rei|silence,"[0.999, 0.615]","[0.010, 0.002, 0.999, 0.011, 0.002, 0.001, 0.615]"
15.72,15.76,Rei,0.9991692304611206,Rei|silence,"[0.999, 0.590]","[0.011, 0.002, 0.999, 0.012, 0.002, 0.001, 0.590]"
15.76,15.8,Rei,0.9992460012435913,Rei,[0.999],"[0.011, 0.002, 0.999, 0.014, 0.002, 0.001, 0.564]"
15.8,15.84,Rei,0.9993178844451904,Rei,[0.999],"[0.012, 0.002, 0.999, 0.016, 0.002, 0.001, 0.538]"
15.84,15.88,Rei,0.999383807182312,Rei,[0.999],"[0.012, 0.002, 0.999, 0.018, 0.002, 0.001, 0.512]"
15.88,15.92,Rei,0.9994433522224426,Rei,[0.999],"[0.012, 0.002, 0.999, 0.021, 0.001, 0.001, 0.485]"
15.92,15.96,Rei,0.9994959831237793,Rei,[0.999],"[0.012, 0.002, 0.999, 0.025, 0.001, 0.002, 0.460]"
15.96,16.0,Rei,0.9995419979095459,Rei,[1.000],"[0.012, 0.001, 1.000, 0.029, 0.001, 0.002, 0.436]"
16.0,16.04,Rei,0.9995813965797424,Rei,[1.000],"[0.012, 0.001, 1.000, 0.033, 0.001, 0.002, 0.413]"
16.04,16.08,Rei,0.9996147155761719,Rei,[1.000],"[0.012, 0.001, 1.000, 0.038, 0.001, 0.002, 0.392]"
16.08,16.12,Rei,0.9996421337127686,Rei,[1.000],"[0.012, 0.001, 1.000, 0.044, 0.001, 0.002, 0.372]"
16.12,16.16,Rei,0.999664306640625,Rei,[1.000],"[0.012, 0.001, 1.000, 0.050, 0.001, 0.002, 0.354]"
16.16,16.2,Rei,0.9996817111968994,Rei,[1.000],"[0.012, 0.001, 1.000, 0.056, 0.001, 0.002, 0.338]"
16.2,16.24,Rei,0.9996945858001709,Rei,[1.000],"[0.011, 0.001, 1.000, 0.063, 0.001, 0.003, 0.323]"
16.24,16.28,Rei,0.9997031092643738,Rei,[1.000],"[0.011, 0.001, 1.000, 0.069, 0.001, 0.003, 0.310]"
16.28,16.32,Rei,0.9997076392173767,Rei,[1.000],"[0.010, 0.001, 1.000, 0.075, 0.001, 0.003, 0.299]"
16.32,16.36,Rei,0.9997082352638245,Rei,[1.000],"[0.010, 0.001, 1.000, 0.081, 0.001, 0.003, 0.289]"
16.36,16.4,Rei,0.9997050166130066,Rei,[1.000],"[0.009, 0.001, 1.000, 0.086, 0.001, 0.004, 0.280]"
16.4,16.44,Rei,0.9996976852416992,Rei,[1.000],"[0.009, 0.001, 1.000, 0.090, 0.001, 0.004, 0.273]"
16.44,16.48,Rei,0.9996858835220337,Rei,[1.000],"[0.009, 0.001, 1.000, 0.094, 0.001, 0.004, 0.267]"
16.48,16.52,Rei,0.9996694326400757,Rei,[1.000],"[0.008, 0.001, 1.000, 0.096, 0.001, 0.004, 0.261]"
16.52,16.56,Rei,0.999647855758667,Rei,[1.000],"[0.008, 0.001, 1.000, 0.097, 0.001, 0.005, 0.255]"
16.56,16.6,Rei,0.9996204376220703,Rei,[1.000],"[0.008, 0.001, 1.000, 0.097, 0.001, 0.005, 0.250]"
16.6,16.64,Rei,0.9995868802070618,Rei,[1.000],"[0.007, 0.002, 1.000, 0.096, 0.001, 0.005, 0.244]"
16.64,16.68,Rei,0.999546468257904,Rei,[1.000],"[0.007, 0.002, 1.000, 0.094, 0.001, 0.006, 0.239]"
16.68,16.72,Rei,0.9994988441467285,Rei,[0.999],"[0.007, 0.002, 0.999, 0.091, 0.002, 0.006, 0.232]"
16.72,16.76,Rei,0.9994438290596008,Rei,[0.999],"[0.007, 0.002, 0.999, 0.087, 0.002, 0.006, 0.225]"
16.76,16.8,Rei,0.9993815422058105,Rei,[0.999],"[0.006, 0.002, 0.999, 0.083, 0.002, 0.007, 0.216]"
16.8,16.84,Rei,0.9993124008178711,Rei,[0.999],"[0.006, 0.002, 0.999, 0.078, 0.002, 0.007, 0.206]"
16.84,16.88,Rei,0.9992371797561646,Rei,[0.999],"[0.006, 0.002, 0.999, 0.073, 0.003, 0.007, 0.195]"
16.88,16.92,Rei,0.9991574287414551,Rei,[0.999],"[0.006, 0.002, 0.999, 0.068, 0.003, 0.008, 0.183]"
16.92,16.96,Rei,0.9990752935409546,Rei,[0.999],"[0.006, 0.002, 0.999, 0.063, 0.003, 0.008, 0.171]"
16.96,17.0,Rei,0.9989939332008362,Rei,[0.999],"[0.006, 0.002, 0.999, 0.058, 0.004, 0.008, 0.157]"
17.0,17.04,Rei,0.998916745185852,Rei,[0.999],"[0.006, 0.002, 0.999, 0.053, 0.004, 0.008, 0.144]"
17.04,17.08,Rei,0.9988473653793335,Rei,[0.999],"[0.006, 0.002, 0.999, 0.049, 0.005, 0.009, 0.130]"
17.08,17.12,Rei,0.9987897276878357,Rei,[0.999],"[0.006, 0.002, 0.999, 0.045, 0.005, 0.009, 0.117]"
17.12,17.16,Rei,0.9987475872039795,Rei,[0.999],"[0.005, 0.002, 0.999, 0.041, 0.005, 0.009, 0.103]"
17.16,17.2,Rei,0.998723566532135,Rei,[0.999],"[0.005, 0.001, 0.999, 0.038, 0.006, 0.009, 0.090]"
17.2,17.24,Rei,0.9987187385559082,Rei,[0.999],"[0.005, 0.001, 0.999, 0.036, 0.006, 0.009, 0.078]"
17.24,17.28,Rei,0.9987331032752991,Rei,[0.999],"[0.005, 0.001, 0.999, 0.033, 0.007, 0.009, 0.066]"
17.28,17.32,Rei,0.9987651109695435,Rei,[0.999],"[0.005, 0.001, 0.999, 0.032, 0.007, 0.009, 0.056]"
17.32,17.36,Rei,0.9988119602203369,Rei,[0.999],"[0.005, 0.001, 0.999, 0.030, 0.007, 0.009, 0.047]"
17.36,17.4,Rei,0.9988706707954407,Rei,[0.999],"[0.005, 0.001, 0.999, 0.028, 0.008, 0.009, 0.039]"
17.4,17.44,Rei,0.9989379048347473,Rei,[0.999],"[0.005, 0.001, 0.999, 0.027, 0.008, 0.008, 0.032]"
17.44,17.48,Rei,0.9990099668502808,Rei,[0.999],"[0.004, 0.000, 0.999, 0.026, 0.008, 0.008, 0.027]"
17.48,17.52,Rei,0.9990837574005127,Rei,[0.999],"[0.004, 0.000, 0.999, 0.025, 0.008, 0.008, 0.022]"
17.52,17.56,Rei,0.9991564750671387,Rei,[0.999],"[0.004, 0.000, 0.999, 0.024, 0.008, 0.008, 0.018]"
17.56,17.6,Rei,0.9992257356643677,Rei,[0.999],"[0.004, 0.000, 0.999, 0.024, 0.008, 0.008, 0.016]"
17.6,17.64,Rei,0.9992896318435669,Rei,[0.999],"[0.004, 0.000, 0.999, 0.023, 0.008, 0.008, 0.013]"
17.64,17.68,Rei,0.9993473887443542,Rei,[0.999],"[0.004, 0.000, 0.999, 0.022, 0.008, 0.008, 0.011]"
17.68,17.72,Rei,0.9993981122970581,Rei,[0.999],"[0.004, 0.000, 0.999, 0.021, 0.008, 0.008, 0.010]"
17.72,17.76,Rei,0.9994418025016785,Rei,[0.999],"[0.004, 0.000, 0.999, 0.021, 0.008, 0.008, 0.009]"
17.76,17.8,Rei,0.9994785189628601,Rei,[0.999],"[0.004, 0.000, 0.999, 0.020, 0.008, 0.008, 0.009]"
17.8,17.84,Rei,0.9995085000991821,Rei,[1.000],"[0.003, 0.000, 1.000, 0.019, 0.008, 0.008, 0.008]"
17.84,17.88,Rei,0.9995322227478027,Rei,[1.000],"[0.003, 0.000, 1.000, 0.019, 0.008, 0.008, 0.009]"
17.88,17.92,Rei,0.9995496869087219,Rei,[1.000],"[0.003, 0.000, 1.000, 0.018, 0.008, 0.009, 0.009]"
17.92,17.96,Rei,0.9995613694190979,Rei,[1.000],"[0.003, 0.000, 1.000, 0.018, 0.008, 0.009, 0.010]"
17.96,18.0,Rei,0.9995670914649963,Rei,[1.000],"[0.003, 0.000, 1.000, 0.017, 0.007, 0.010, 0.011]"
18.0,18.04,Rei,0.9995667338371277,Rei,[1.000],"[0.003, 0.000, 1.000, 0.017, 0.007, 0.010, 0.012]"
18.04,18.08,Rei,0.9995599389076233,Rei,[1.000],"[0.003, 0.000, 1.000, 0.017, 0.007, 0.011, 0.015]"
18.08,18.12,Rei,0.9995461106300354,Rei,[1.000],"[0.003, 0.000, 1.000, 0.016, 0.007, 0.012, 0.019]"
18.12,18.16,Rei,0.9995241165161133,Rei,[1.000],"[0.004, 0.000, 1.000, 0.016, 0.007, 0.013, 0.024]"
18.16,18.2,Rei,0.9994920492172241,Rei,[0.999],"[0.004, 0.000, 0.999, 0.016, 0.007, 0.014, 0.033]"
18.2,18.24,Rei,0.999447762966156,Rei,[0.999],"[0.004, 0.000, 0.999, 0.016, 0.007, 0.016, 0.048]"
18.24,18.28,Rei,0.9993878602981567,Rei,[0.999],"[0.004, 0.000, 0.999, 0.016, 0.007, 0.017, 0.071]"
18.28,18.32,Rei,0.9993079900741577,Rei,[0.999],"[0.005, 0.000, 0.999, 0.016, 0.006, 0.019, 0.109]"
18.32,18.36,Rei,0.9992019534111023,Rei,[0.999],"[0.005, 0.000, 0.999, 0.017, 0.006, 0.021, 0.170]"
18.36,18.4,Rei,0.9990608096122742,Rei,[0.999],"[0.006, 0.000, 0.999, 0.017, 0.006, 0.023, 0.264]"
18.4,18.44,Rei,0.998872697353363,Rei,[0.999],"[0.007, 0.000, 0.999, 0.017, 0.005, 0.026, 0.394]"
18.44,18.48,Rei,0.9986211061477661,Rei,[0.999],"[0.008, 0.000, 0.999, 0.018, 0.005, 0.029, 0.550]"
18.48,18.52,Rei,0.9982836246490479,Rei|silence,"[0.998, 0.703]","[0.009, 0.000, 0.998, 0.018, 0.005, 0.032, 0.703]"
18.52,18.56,Rei,0.9978296160697937,Rei|silence,"[0.998, 0.825]","[0.011, 0.000, 0.998, 0.018, 0.004, 0.035, 0.825]"
18.56,18.6,Rei,0.9972171783447266,Rei|silence,"[0.997, 0.906]","[0.013, 0.000, 0.997, 0.019, 0.004, 0.039, 0.906]"
18.6,18.64,Rei,0.9963886737823486,Rei|silence,"[0.996, 0.952]","[0.015, 0.000, 0.996, 0.020, 0.003, 0.044, 0.952]"
18.64,18.68,Rei,0.9952664375305176,Rei|silence,"[0.995, 0.977]","[0.018, 0.000, 0.995, 0.020, 0.003, 0.048, 0.977]"
18.68,18.72,Rei,0.9937446713447571,Rei|silence,"[0.994, 0.989]","[0.022, 0.000, 0.994, 0.021, 0.003, 0.053, 0.989]"
18.72,18.76,silence,0.9949342608451843,Rei|silence,"[0.992, 0.995]","[0.026, 0.000, 0.992, 0.021, 0.002, 0.059, 0.995]"
18.76,18.8,silence,0.9976542592048645,Rei|silence,"[0.989, 0.998]","[0.030, 0.000, 0.989, 0.022, 0.002, 0.064, 0.998]"
18.8,18.84,silence,0.9989123344421387,Rei|silence,"[0.985, 0.999]","[0.035, 0.000, 0.985, 0.022, 0.002, 0.071, 0.999]"
18.84,18.88,silence,0.999491810798645,Rei|silence,"[0.980, 0.999]","[0.041, 0.000, 0.980, 0.023, 0.002, 0.077, 0.999]"
18.88,18.92,silence,0.9997592568397522,Rei|silence,"[0.974, 1.000]","[0.047, 0.000, 0.974, 0.023, 0.001, 0.084, 1.000]"
18.92,18.96,silence,0.9998836517333984,Rei|silence,"[0.965, 1.000]","[0.053, 0.000, 0.965, 0.023, 0.001, 0.092, 1.000]"
18.96,19.0,silence,0.9999423027038574,Rei|silence,"[0.954, 1.000]","[0.059, 0.000, 0.954, 0.023, 0.001, 0.100, 1.000]"
19.0,19.04,silence,0.999970555305481,Rei|silence,"[0.940, 1.000]","[0.065, 0.000, 0.940, 0.023, 0.001, 0.109, 1.000]"
19.04,19.08,silence,0.9999845027923584,Rei|silence,"[0.922, 1.000]","[0.071, 0.001, 0.922, 0.023, 0.001, 0.118, 1.000]"
19.08,19.12,silence,0.9999915361404419,Rei|silence,"[0.899, 1.000]","[0.076, 0.001, 0.899, 0.023, 0.001, 0.129, 1.000]"
19.12,19.16,silence,0.999995231628418,Rei|silence,"[0.872, 1.000]","[0.081, 0.001, 0.872, 0.023, 0.001, 0.140, 1.000]"
19.16,19.2,silence,0.9999972581863403,Rei|silence,"[0.839, 1.000]","[0.086, 0.001, 0.839, 0.022, 0.001, 0.152, 1.000]"
19.2,19.24,silence,0.9999983310699463,Rei|silence,"[0.801, 1.000]","[0.090, 0.001, 0.801, 0.022, 0.001, 0.165, 1.000]"
19.24,19.28,silence,0.999998927116394,Rei|silence,"[0.757, 1.000]","[0.094, 0.002, 0.757, 0.022, 0.001, 0.178, 1.000]"
19.28,19.32,silence,0.9999992847442627,Rei|silence,"[0.708, 1.000]","[0.097, 0.002, 0.708, 0.021, 0.001, 0.191, 1.000]"
19.32,19.36,silence,0.9999995231628418,Rei|silence,"[0.654, 1.000]","[0.099, 0.002, 0.654, 0.021, 0.001, 0.205, 1.000]"
19.36,19.4,silence,0.9999996423721313,Rei|silence,"[0.598, 1.000]","[0.102, 0.003, 0.598, 0.021, 0.001, 0.218, 1.000]"
19.4,19.44,silence,0.9999997615814209,silence,[1.000],"[0.103, 0.003, 0.540, 0.021, 0.001, 0.231, 1.000]"
19.44,19.48,silence,0.9999997615814209,silence,[1.000],"[0.105, 0.004, 0.482, 0.020, 0.001, 0.243, 1.000]"
19.48,19.52,silence,0.9999998807907104,silence,[1.000],"[0.107, 0.004, 0.425, 0.020, 0.001, 0.253, 1.000]"
19.52,19.56,silence,0.9999998807907104,silence,[1.000],"[0.109, 0.005, 0.371, 0.020, 0.001, 0.261, 1.000]"
19.56,19.6,silence,0.9999998807907104,silence,[1.000],"[0.111, 0.005, 0.322, 0.020, 0.001, 0.268, 1.000]"
19.6,19.64,silence,0.9999998807907104,silence,[1.000],"[0.113, 0.006, 0.276, 0.020, 0.001, 0.272, 1.000]"
19.64,19.68,silence,0.9999998807907104,silence,[1.000],"[0.117, 0.006, 0.235, 0.021, 0.002, 0.274, 1.000]"
19.68,19.72,silence,0.9999998807907104,silence,[1.000],"[0.120, 0.006, 0.199, 0.021, 0.002, 0.274, 1.000]"
19.72,19.76,silence,0.9999998807907104,silence,[1.000],"[0.125, 0.006, 0.167, 0.021, 0.002, 0.271, 1.000]"
19.76,19.8,silence,0.9999998807907104,silence,[1.000],"[0.131, 0.006, 0.140, 0.022, 0.003, 0.267, 1.000]"
19.8,19.84,silence,0.9999998807907104,silence,[1.000],"[0.138, 0.006, 0.116, 0.022, 0.004, 0.262, 1.000]"
19.84,19.88,silence,0.9999998807907104,silence,[1.000],"[0.146, 0.005, 0.096, 0.023, 0.004, 0.255, 1.000]"
19.88,19.92,silence,0.9999998807907104,silence,[1.000],"[0.155, 0.005, 0.079, 0.024, 0.005, 0.248, 1.000]"
19.92,19.96,silence,0.9999998807907104,silence,[1.000],"[0.165, 0.004, 0.064, 0.025, 0.007, 0.240, 1.000]"
19.96,20.0,silence,0.9999997615814209,silence,[1.000],"[0.176, 0.004, 0.052, 0.025, 0.008, 0.232, 1.000]"
20.0,20.04,silence,0.9999996423721313,silence,[1.000],"[0.188, 0.003, 0.042, 0.026, 0.010, 0.224, 1.000]"
20.04,20.08,silence,0.9999995231628418,silence,[1.000],"[0.201, 0.003, 0.034, 0.027, 0.013, 0.217, 1.000]"
20.08,20.12,silence,0.9999992847442627,silence,[1.000],"[0.214, 0.003, 0.028, 0.027, 0.016, 0.210, 1.000]"
20.12,20.16,silence,0.9999988079071045,silence,[1.000],"[0.227, 0.002, 0.022, 0.027, 0.019, 0.203, 1.000]"
20.16,20.2,silence,0.9999980926513672,silence,[1.000],"[0.240, 0.002, 0.018, 0.028, 0.023, 0.198, 1.000]"
20.2,20.24,silence,0.999996542930603,silence,[1.000],"[0.252, 0.002, 0.015, 0.028, 0.027, 0.193, 1.000]"
20.24,20.28,silence,0.9999936819076538,silence,[1.000],"[0.264, 0.001, 0.012, 0.028, 0.032, 0.189, 1.000]"
20.28,20.32,silence,0.9999877214431763,silence,[1.000],"[0.273, 0.001, 0.010, 0.027, 0.037, 0.186, 1.000]"
20.32,20.36,silence,0.9999754428863525,silence,[1.000],"[0.281, 0.001, 0.008, 0.027, 0.043, 0.184, 1.000]"
20.36,20.4,silence,0.99994957447052,silence,[1.000],"[0.287, 0.001, 0.007, 0.026, 0.048, 0.184, 1.000]"
20.4,20.44,silence,0.9998937845230103,silence,[1.000],"[0.291, 0.001, 0.005, 0.025, 0.054, 0.185, 1.000]"
20.44,20.48,silence,0.999772846698761,silence,[1.000],"[0.291, 0.001, 0.005, 0.024, 0.060, 0.187, 1.000]"
20.48,20.52,silence,0.9995090961456299,silence,[1.000],"[0.289, 0.001, 0.004, 0.022, 0.065, 0.192, 1.000]"
20.52,20.56,silence,0.9989349246025085,silence,[0.999],"[0.284, 0.001, 0.003, 0.021, 0.070, 0.198, 0.999]"
20.56,20.6,silence,0.997694194316864,silence,[0.998],"[0.277, 0.001, 0.003, 0.019, 0.075, 0.208, 0.998]"
20.6,20.64,silence,0.9950494170188904,silence,[0.995],"[0.266, 0.001, 0.002, 0.018, 0.080, 0.219, 0.995]"
20.64,20.68,silence,0.9895273447036743,silence,[0.990],"[0.254, 0.001, 0.002, 0.016, 0.085, 0.234, 0.990]"
20.68,20.72,silence,0.9783321022987366,silence,[0.978],"[0.240, 0.001, 0.002, 0.015, 0.089, 0.253, 0.978]"
20.72,20.76,silence,0.9566264152526855,silence,[0.957],"[0.224, 0.001, 0.001, 0.013, 0.093, 0.276, 0.957]"
20.76,20.8,silence,0.9171689748764038,silence,[0.917],"[0.208, 0.001, 0.001, 0.012, 0.098, 0.302, 0.917]"
20.8,20.84,silence,0.8516302108764648,silence,[0.852],"[0.191, 0.001, 0.001, 0.011, 0.101, 0.334, 0.852]"
20.84,20.88,silence,0.7552126049995422,silence,[0.755],"[0.174, 0.001, 0.001, 0.010, 0.105, 0.369, 0.755]"
20.88,20.92,silence,0.6331892609596252,silence,[0.633],"[0.158, 0.001, 0.001, 0.009, 0.109, 0.408, 0.633]"
20.92,20.96,silence,0.5021846294403076,,[],"[0.142, 0.001, 0.001, 0.008, 0.113, 0.451, 0.502]"
20.96,21.0,Leeseo,0.49601107835769653,,[],"[0.127, 0.001, 0.001, 0.007, 0.117, 0.496, 0.382]"
21.0,21.04,Leeseo,0.5420329570770264,,[],"[0.113, 0.000, 0.000, 0.007, 0.121, 0.542, 0.283]"
21.04,21.08,Leeseo,0.58788001537323,,[],"[0.100, 0.000, 0.000, 0.006, 0.126, 0.588, 0.209]"
21.08,21.12,Leeseo,0.632361888885498,Leeseo,[0.632],"[0.087, 0.000, 0.000, 0.006, 0.131, 0.632, 0.156]"
21.12,21.16,Leeseo,0.6744855642318726,Leeseo,[0.674],"[0.076, 0.000, 0.000, 0.006, 0.137, 0.674, 0.119]"
21.16,21.2,Leeseo,0.7135204076766968,Leeseo,[0.714],"[0.065, 0.000, 0.000, 0.006, 0.142, 0.714, 0.093]"
21.2,21.24,Leeseo,0.7490192651748657,Leeseo,[0.749],"[0.056, 0.000, 0.000, 0.005, 0.148, 0.749, 0.074]"
21.24,21.28,Leeseo,0.7808070778846741,Leeseo,[0.781],"[0.048, 0.000, 0.000, 0.005, 0.155, 0.781, 0.061]"
21.28,21.32,Leeseo,0.8088851571083069,Leeseo,[0.809],"[0.040, 0.000, 0.000, 0.005, 0.161, 0.809, 0.052]"
21.32,21.36,Leeseo,0.8334072232246399,Leeseo,[0.833],"[0.034, 0.000, 0.000, 0.005, 0.168, 0.833, 0.045]"
21.36,21.4,Leeseo,0.8546597957611084,Leeseo,[0.855],"[0.028, 0.000, 0.000, 0.005, 0.174, 0.855, 0.040]"
21.4,21.44,Leeseo,0.8730132579803467,Leeseo,[0.873],"[0.024, 0.000, 0.000, 0.006, 0.181, 0.873, 0.036]"
21.44,21.48,Leeseo,0.888873279094696,Leeseo,[0.889],"[0.019, 0.000, 0.000, 0.006, 0.188, 0.889, 0.034]"
21.48,21.52,Leeseo,0.9026111364364624,Leeseo,[0.903],"[0.016, 0.000, 0.000, 0.006, 0.194, 0.903, 0.031]"
21.52,21.56,Leeseo,0.9145572185516357,Leeseo,[0.915],"[0.013, 0.000, 0.000, 0.007, 0.200, 0.915, 0.030]"
21.56,21.6,Leeseo,0.9249646663665771,Leeseo,[0.925],"[0.011, 0.000, 0.000, 0.007, 0.206, 0.925, 0.028]"
21.6,21.64,Leeseo,0.9340172410011292,Leeseo,[0.934],"[0.009, 0.000, 0.000, 0.007, 0.211, 0.934, 0.027]"
21.64,21.68,Leeseo,0.9418816566467285,Leeseo,[0.942],"[0.007, 0.000, 0.000, 0.008, 0.215, 0.942, 0.027]"
21.68,21.72,Leeseo,0.9487001895904541,Leeseo,[0.949],"[0.006, 0.000, 0.000, 0.009, 0.218, 0.949, 0.026]"
21.72,21.76,Leeseo,0.9546121954917908,Leeseo,[0.955],"[0.005, 0.000, 0.001, 0.009, 0.221, 0.955, 0.026]"
21.76,21.8,Leeseo,0.9597439169883728,Leeseo,[0.960],"[0.004, 0.000, 0.001, 0.010, 0.222, 0.960, 0.027]"
21.8,21.84,Leeseo,0.9641962051391602,Leeseo,[0.964],"[0.003, 0.000, 0.001, 0.011, 0.222, 0.964, 0.028]"
21.84,21.88,Leeseo,0.9680538773536682,Leeseo,[0.968],"[0.002, 0.000, 0.001, 0.011, 0.222, 0.968, 0.029]"
21.88,21.92,Leeseo,0.9713914394378662,Leeseo,[0.971],"[0.002, 0.000, 0.001, 0.012, 0.221, 0.971, 0.031]"
21.92,21.96,Leeseo,0.9742823243141174,Leeseo,[0.974],"[0.002, 0.000, 0.002, 0.013, 0.219, 0.974, 0.034]"
21.96,22.0,Leeseo,0.9767971634864807,Leeseo,[0.977],"[0.001, 0.000, 0.002, 0.013, 0.218, 0.977, 0.037]"
22.0,22.04,Leeseo,0.9789976477622986,Leeseo,[0.979],"[0.001, 0.000, 0.002, 0.014, 0.216, 0.979, 0.042]"
22.04,22.08,Leeseo,0.98093581199646,Leeseo,[0.981],"[0.001, 0.000, 0.003, 0.014, 0.215, 0.981, 0.048]"
22.08,22.12,Leeseo,0.9826555252075195,Leeseo,[0.983],"[0.001, 0.000, 0.004, 0.015, 0.214, 0.983, 0.056]"
22.12,22.16,Leeseo,0.9841951131820679,Leeseo,[0.984],"[0.001, 0.000, 0.005, 0.015, 0.213, 0.984, 0.066]"
22.16,22.2,Leeseo,0.9855849146842957,Leeseo,[0.986],"[0.001, 0.000, 0.006, 0.015, 0.212, 0.986, 0.080]"
22.2,22.24,Leeseo,0.9868465065956116,Leeseo,[0.987],"[0.000, 0.000, 0.007, 0.015, 0.212, 0.987, 0.097]"
22.24,22.28,Leeseo,0.987996518611908,Leeseo,[0.988],"[0.000, 0.000, 0.008, 0.016, 0.211, 0.988, 0.119]"
22.28,22.32,Leeseo,0.9890439510345459,Leeseo,[0.989],"[0.000, 0.000, 0.009, 0.016, 0.210, 0.989, 0.146]"
22.32,22.36,Leeseo,0.9899918437004089,Leeseo,[0.990],"[0.000, 0.000, 0.010, 0.016, 0.209, 0.990, 0.180]"
22.36,22.4,Leeseo,0.9908464550971985,Leeseo,[0.991],"[0.000, 0.000, 0.011, 0.016, 0.208, 0.991, 0.222]"
22.4,22.44,Leeseo,0.9916079044342041,Leeseo,[0.992],"[0.000, 0.000, 0.012, 0.016, 0.206, 0.992, 0.271]"
22.44,22.48,Leeseo,0.9922784566879272,Leeseo,[0.992],"[0.000, 0.000, 0.013, 0.016, 0.204, 0.992, 0.329]"
22.48,22.52,Leeseo,0.9928619265556335,Leeseo,[0.993],"[0.000, 0.000, 0.013, 0.016, 0.200, 0.993, 0.393]"
22.52,22.56,Leeseo,0.9933627843856812,Leeseo,[0.993],"[0.000, 0.000, 0.013, 0.016, 0.196, 0.993, 0.462]"
22.56,22.6,Leeseo,0.9937855005264282,Leeseo,[0.994],"[0.000, 0.000, 0.014, 0.016, 0.190, 0.994, 0.534]"
22.6,22.64,Leeseo,0.994138240814209,Leeseo,[0.994],"[0.000, 0.000, 0.014, 0.017, 0.182, 0.994, 0.605]"
22.64,22.68,Leeseo,0.9944301247596741,Leeseo|silence,"[0.994, 0.672]","[0.000, 0.000, 0.014, 0.017, 0.174, 0.994, 0.672]"
22.68,22.72,Leeseo,0.994668185710907,Leeseo|silence,"[0.995, 0.734]","[0.000, 0.000, 0.014, 0.017, 0.164, 0.995, 0.734]"
22.72,22.76,Leeseo,0.9948582649230957,Leeseo|silence,"[0.995, 0.788]","[0.000, 0.000, 0.013, 0.018, 0.153, 0.995, 0.788]"
22.76,22.8,Leeseo,0.9950045943260193,Leeseo|silence,"[0.995, 0.833]","[0.000, 0.000, 0.013, 0.019, 0.141, 0.995, 0.833]"
22.8,22.84,Leeseo,0.9951120018959045,Leeseo|silence,"[0.995, 0.871]","[0.000, 0.000, 0.013, 0.020, 0.128, 0.995, 0.871]"
22.84,22.88,Leeseo,0.9951841235160828,Leeseo|silence,"[0.995, 0.900]","[0.000, 0.000, 0.013, 0.021, 0.115, 0.995, 0.900]"
22.88,22.92,Leeseo,0.9952253103256226,Leeseo|silence,"[0.995, 0.923]","[0.000, 0.000, 0.012, 0.022, 0.103, 0.995, 0.923]"
22.92,22.96,Leeseo,0.9952399730682373,Leeseo|silence,"[0.995, 0.941]","[0.000, 0.000, 0.012, 0.023, 0.090, 0.995, 0.941]"
22.96,23.0,Leeseo,0.9952321648597717,Leeseo|silence,"[0.995, 0.955]","[0.000, 0.000, 0.012, 0.024, 0.079, 0.995, 0.955]"
23.0,23.04,Leeseo,0.9952054023742676,Leeseo|silence,"[0.995, 0.965]","[0.000, 0.000, 0.012, 0.026, 0.068, 0.995, 0.965]"
23.04,23.08,Leeseo,0.9951629638671875,Leeseo|silence,"[0.995, 0.973]","[0.000, 0.000, 0.012, 0.027, 0.058, 0.995, 0.973]"
23.08,23.12,Leeseo,0.9951091408729553,Leeseo|silence,"[0.995, 0.979]","[0.000, 0.000, 0.012, 0.029, 0.050, 0.995, 0.979]"
23.12,23.16,Leeseo,0.9950496554374695,Leeseo|silence,"[0.995, 0.983]","[0.000, 0.000, 0.012, 0.031, 0.042, 0.995, 0.983]"
23.16,23.2,Leeseo,0.9949919581413269,Leeseo|silence,"[0.995, 0.987]","[0.000, 0.000, 0.011, 0.033, 0.035, 0.995, 0.987]"
23.2,23.24,Leeseo,0.9949430823326111,Leeseo|silence,"[0.995, 0.990]","[0.001, 0.000, 0.011, 0.035, 0.030, 0.995, 0.990]"
23.24,23.28,Leeseo,0.9949104189872742,Leeseo|silence,"[0.995, 0.992]","[0.001, 0.000, 0.011, 0.037, 0.025, 0.995, 0.992]"
23.28,23.32,Leeseo,0.9949009418487549,Leeseo|silence,"[0.995, 0.993]","[0.001, 0.000, 0.011, 0.039, 0.021, 0.995, 0.993]"
23.32,23.36,Leeseo,0.994920551776886,Leeseo|silence,"[0.995, 0.995]","[0.001, 0.000, 0.011, 0.041, 0.018, 0.995, 0.995]"
23.36,23.4,silence,0.9955171942710876,Leeseo|silence,"[0.995, 0.996]","[0.001, 0.000, 0.011, 0.043, 0.015, 0.995, 0.996]"
23.4,23.44,silence,0.9962945580482483,Leeseo|silence,"[0.995, 0.996]","[0.001, 0.000, 0.010, 0.045, 0.013, 0.995, 0.996]"
23.44,23.48,silence,0.9969064593315125,Leeseo|silence,"[0.995, 0.997]","[0.001, 0.000, 0.010, 0.047, 0.011, 0.995, 0.997]"
23.48,23.52,silence,0.9973898530006409,Leeseo|silence,"[0.995, 0.997]","[0.000, 0.000, 0.009, 0.049, 0.010, 0.995, 0.997]"
23.52,23.56,silence,0.9977728724479675,Leeseo|silence,"[0.996, 0.998]","[0.000, 0.000, 0.009, 0.050, 0.008, 0.996, 0.998]"
23.56,23.6,silence,0.9980758428573608,Leeseo|silence,"[0.996, 0.998]","[0.000, 0.000, 0.008, 0.052, 0.007, 0.996, 0.998]"
23.6,23.64,silence,0.9983141422271729,Leeseo|silence,"[0.996, 0.998]","[0.000, 0.000, 0.007, 0.053, 0.006, 0.996, 0.998]"
23.64,23.68,silence,0.9984995126724243,Leeseo|silence,"[0.996, 0.998]","[0.000, 0.000, 0.007, 0.054, 0.006, 0.996, 0.998]"
23.68,23.72,silence,0.9986411929130554,Leeseo|silence,"[0.997, 0.999]","[0.000, 0.000, 0.006, 0.055, 0.005, 0.997, 0.999]"
23.72,23.76,silence,0.9987460374832153,Leeseo|silence,"[0.997, 0.999]","[0.000, 0.000, 0.005, 0.055, 0.005, 0.997, 0.999]"
23.76,23.8,silence,0.9988200068473816,Leeseo|silence,"[0.997, 0.999]","[0.000, 0.000, 0.005, 0.055, 0.004, 0.997, 0.999]"
23.8,23.84,silence,0.9988664388656616,Leeseo|silence,"[0.997, 0.999]","[0.000, 0.000, 0.004, 0.054, 0.004, 0.997, 0.999]"
23.84,23.88,silence,0.9988873600959778,Leeseo|silence,"[0.998, 0.999]","[0.000, 0.000, 0.004, 0.053, 0.004, 0.998, 0.999]"
23.88,23.92,silence,0.9988831877708435,Leeseo|silence,"[0.998, 0.999]","[0.000, 0.000, 0.003, 0.051, 0.004, 0.998, 0.999]"
23.92,23.96,silence,0.9988527297973633,Leeseo|silence,"[0.998, 0.999]","[0.000, 0.000, 0.003, 0.049, 0.004, 0.998, 0.999]"
23.96,24.0,silence,0.9987930059432983,Leeseo|silence,"[0.998, 0.999]","[0.000, 0.000, 0.002, 0.047, 0.004, 0.998, 0.999]"
24.0,24.04,silence,0.9986982345581055,Leeseo|silence,"[0.998, 0.999]","[0.000, 0.000, 0.002, 0.044, 0.003, 0.998, 0.999]"
24.04,24.08,Leeseo,0.9985609650611877,Leeseo|silence,"[0.999, 0.999]","[0.000, 0.000, 0.002, 0.041, 0.003, 0.999, 0.999]"
24.08,24.12,Leeseo,0.9987053871154785,Leeseo|silence,"[0.999, 0.998]","[0.000, 0.000, 0.001, 0.038, 0.003, 0.999, 0.998]"
24.12,24.16,Leeseo,0.998831570148468,Leeseo|silence,"[0.999, 0.998]","[0.000, 0.000, 0.001, 0.035, 0.004, 0.999, 0.998]"
24.16,24.2,Leeseo,0.9989410042762756,Leeseo|silence,"[0.999, 0.998]","[0.000, 0.000, 0.001, 0.032, 0.004, 0.999, 0.998]"
24.2,24.24,Leeseo,0.9990354776382446,Leeseo|silence,"[0.999, 0.997]","[0.000, 0.000, 0.001, 0.029, 0.004, 0.999, 0.997]"
24.24,24.28,Leeseo,0.9991165995597839,Leeseo|silence,"[0.999, 0.996]","[0.000, 0.000, 0.001, 0.026, 0.004, 0.999, 0.996]"
24.28,24.32,Leeseo,0.9991859793663025,Leeseo|silence,"[0.999, 0.996]","[0.000, 0.000, 0.001, 0.024, 0.004, 0.999, 0.996]"
24.32,24.36,Leeseo,0.9992451667785645,Leeseo|silence,"[0.999, 0.994]","[0.000, 0.000, 0.001, 0.021, 0.004, 0.999, 0.994]"
24.36,24.4,Leeseo,0.9992951154708862,Leeseo|silence,"[0.999, 0.992]","[0.000, 0.000, 0.001, 0.019, 0.004, 0.999, 0.992]"
24.4,24.44,Leeseo,0.9993370175361633,Leeseo|silence,"[0.999, 0.989]","[0.000, 0.000, 0.001, 0.016, 0.004, 0.999, 0.989]"
24.44,24.48,Leeseo,0.9993718266487122,Leeseo|silence,"[0.999, 0.986]","[0.000, 0.000, 0.001, 0.015, 0.005, 0.999, 0.986]"
24.48,24.52,Leeseo,0.9994001388549805,Leeseo|silence,"[0.999, 0.980]","[0.000, 0.000, 0.001, 0.013, 0.005, 0.999, 0.980]"
24.52,24.56,Leeseo,0.9994229078292847,Leeseo|silence,"[0.999, 0.972]","[0.000, 0.000, 0.001, 0.011, 0.005, 0.999, 0.972]"
24.56,24.6,Leeseo,0.9994404911994934,Leeseo|silence,"[0.999, 0.961]","[0.000, 0.000, 0.001, 0.010, 0.005, 0.999, 0.961]"
24.6,24.64,Leeseo,0.9994532465934753,Leeseo|silence,"[0.999, 0.945]","[0.000, 0.000, 0.001, 0.009, 0.006, 0.999, 0.945]"
24.64,24.68,Leeseo,0.9994613528251648,Leeseo|silence,"[0.999, 0.923]","[0.000, 0.000, 0.001, 0.008, 0.006, 0.999, 0.923]"
24.68,24.72,Leeseo,0.9994649291038513,Leeseo|silence,"[0.999, 0.892]","[0.000, 0.000, 0.001, 0.007, 0.006, 0.999, 0.892]"
24.72,24.76,Leeseo,0.999464213848114,Leeseo|silence,"[0.999, 0.851]","[0.000, 0.000, 0.001, 0.007, 0.006, 0.999, 0.851]"
24.76,24.8,Leeseo,0.9994595646858215,Leeseo|silence,"[0.999, 0.798]","[0.000, 0.000, 0.001, 0.006, 0.007, 0.999, 0.798]"
24.8,24.84,Leeseo,0.9994516968727112,Leeseo|silence,"[0.999, 0.732]","[0.000, 0.000, 0.001, 0.006, 0.007, 0.999, 0.732]"
24.84,24.88,Leeseo,0.9994408488273621,Leeseo|silence,"[0.999, 0.654]","[0.000, 0.000, 0.001, 0.005, 0.007, 0.999, 0.654]"
24.88,24.92,Leeseo,0.9994276165962219,Leeseo,[0.999],"[0.000, 0.000, 0.001, 0.005, 0.008, 0.999, 0.570]"
24.92,24.96,Leeseo,0.9994125366210938,Leeseo,[0.999],"[0.000, 0.000, 0.001, 0.005, 0.008, 0.999, 0.485]"
24.96,25.0,Leeseo,0.9993959665298462,Leeseo,[0.999],"[0.000, 0.000, 0.001, 0.004, 0.008, 0.999, 0.404]"
25.0,25.04,Leeseo,0.9993784427642822,Leeseo,[0.999],"[0.000, 0.000, 0.001, 0.004, 0.009, 0.999, 0.332]"
25.04,25.08,Leeseo,0.9993603825569153,Leeseo,[0.999],"[0.000, 0.000, 0.002, 0.004, 0.009, 0.999, 0.271]"
25.08,25.12,Leeseo,0.999342143535614,Leeseo,[0.999],"[0.000, 0.000, 0.002, 0.004, 0.009, 0.999, 0.221]"
25.12,25.16,Leeseo,0.9993237257003784,Leeseo,[0.999],"[0.000, 0.000, 0.002, 0.004, 0.009, 0.999, 0.181]"
25.16,25.2,Leeseo,0.9993046522140503,Leeseo,[0.999],"[0.000, 0.000, 0.002, 0.004, 0.009, 0.999, 0.151]"
25.2,25.24,Leeseo,0.9992844462394714,Leeseo,[0.999],"[0.000, 0.000, 0.003, 0.004, 0.009, 0.999, 0.127]"
25.24,25.28,Leeseo,0.9992623925209045,Leeseo,[0.999],"[0.000, 0.000, 0.003, 0.004, 0.009, 0.999, 0.110]"
25.28,25.32,Leeseo,0.9992378950119019,Leeseo,[0.999],"[0.000, 0.000, 0.003, 0.004, 0.009, 0.999, 0.097]"
25.32,25.36,Leeseo,0.9992101192474365,Leeseo,[0.999],"[0.000, 0.000, 0.004, 0.005, 0.009, 0.999, 0.088]"
25.36,25.4,Leeseo,0.9991790652275085,Leeseo,[0.999],"[0.000, 0.000, 0.004, 0.005, 0.009, 0.999, 0.082]"
25.4,25.44,Leeseo,0.9991441965103149,Leeseo,[0.999],"[0.000, 0.000, 0.005, 0.005, 0.009, 0.999, 0.079]"
25.44,25.48,Leeseo,0.9991055130958557,Leeseo,[0.999],"[0.000, 0.000, 0.005, 0.005, 0.009, 0.999, 0.078]"
25.48,25.52,Leeseo,0.9990620017051697,Leeseo,[0.999],"[0.000, 0.000, 0.005, 0.005, 0.009, 0.999, 0.080]"
25.52,25.56,Leeseo,0.9990130662918091,Leeseo,[0.999],"[0.000, 0.000, 0.006, 0.005, 0.010, 0.999, 0.084]"
25.56,25.6,Leeseo,0.9989577531814575,Leeseo,[0.999],"[0.000, 0.000, 0.006, 0.005, 0.010, 0.999, 0.092]"
25.6,25.64,Leeseo,0.9988948702812195,Leeseo,[0.999],"[0.000, 0.000, 0.007, 0.005, 0.010, 0.999, 0.102]"
25.64,25.68,Leeseo,0.9988225102424622,Leeseo,[0.999],"[0.000, 0.000, 0.007, 0.005, 0.010, 0.999, 0.117]"
25.68,25.72,Leeseo,0.9987382292747498,Leeseo,[0.999],"[0.000, 0.000, 0.008, 0.005, 0.010, 0.999, 0.138]"
25.72,25.76,Leeseo,0.9986386895179749,Leeseo,[0.999],"[0.000, 0.000, 0.008, 0.006, 0.011, 0.999, 0.166]"
25.76,25.8,Leeseo,0.9985197186470032,Leeseo,[0.999],"[0.000, 0.000, 0.009, 0.006, 0.011, 0.999, 0.203]"
25.8,25.84,Leeseo,0.9983773231506348,Leeseo,[0.998],"[0.000, 0.000, 0.009, 0.006, 0.011, 0.998, 0.252]"
25.84,25.88,Leeseo,0.998206615447998,Leeseo,[0.998],"[0.000, 0.000, 0.010, 0.006, 0.012, 0.998, 0.313]"
25.88,25.92,Leeseo,0.9980013966560364,Leeseo,[0.998],"[0.000, 0.000, 0.011, 0.006, 0.012, 0.998, 0.386]"
25.92,25.96,Leeseo,0.9977554678916931,Leeseo,[0.998],"[0.000, 0.000, 0.011, 0.006, 0.012, 0.998, 0.472]"
25.96,26.0,Leeseo,0.9974621534347534,Leeseo,[0.997],"[0.000, 0.000, 0.012, 0.006, 0.012, 0.997, 0.564]"
26.0,26.04,Leeseo,0.9971144199371338,Leeseo|silence,"[0.997, 0.657]","[0.000, 0.000, 0.012, 0.007, 0.012, 0.997, 0.657]"
26.04,26.08,Leeseo,0.996703565120697,Leeseo|silence,"[0.997, 0.743]","[0.000, 0.000, 0.013, 0.007, 0.013, 0.997, 0.743]"
26.08,26.12,Leeseo,0.9962185025215149,Leeseo|silence,"[0.996, 0.817]","[0.000, 0.000, 0.014, 0.008, 0.013, 0.996, 0.817]"
26.12,26.16,Leeseo,0.9956459403038025,Leeseo|silence,"[0.996, 0.875]","[0.000, 0.000, 0.014, 0.008, 0.012, 0.996, 0.875]"
26.16,26.2,Leeseo,0.99496990442276,Leeseo|silence,"[0.995, 0.918]","[0.000, 0.000, 0.015, 0.009, 0.012, 0.995, 0.918]"
26.2,26.24,Leeseo,0.9941715598106384,Leeseo|silence,"[0.994, 0.947]","[0.001, 0.000, 0.016, 0.010, 0.012, 0.994, 0.947]"
26.24,26.28,Leeseo,0.9932289123535156,Leeseo|silence,"[0.993, 0.967]","[0.001, 0.000, 0.017, 0.011, 0.012, 0.993, 0.967]"
26.28,26.32,Leeseo,0.9921167492866516,Leeseo|silence,"[0.992, 0.980]","[0.001, 0.000, 0.018, 0.012, 0.012, 0.992, 0.980]"
26.32,26.36,Leeseo,0.990806519985199,Leeseo|silence,"[0.991, 0.988]","[0.001, 0.000, 0.018, 0.013, 0.011, 0.991, 0.988]"
26.36,26.4,silence,0.9924300312995911,Leeseo|silence,"[0.989, 0.992]","[0.001, 0.000, 0.019, 0.015, 0.011, 0.989, 0.992]"
26.4,26.44,silence,0.9953683614730835,Leeseo|silence,"[0.987, 0.995]","[0.001, 0.000, 0.020, 0.017, 0.010, 0.987, 0.995]"
26.44,26.48,silence,0.9971413016319275,Leeseo|silence,"[0.985, 0.997]","[0.001, 0.000, 0.021, 0.020, 0.010, 0.985, 0.997]"
26.48,26.52,silence,0.9982117414474487,Leeseo|silence,"[0.983, 0.998]","[0.001, 0.000, 0.022, 0.022, 0.009, 0.983, 0.998]"
26.52,26.56,silence,0.9988611936569214,Leeseo|silence,"[0.980, 0.999]","[0.002, 0.000, 0.023, 0.026, 0.009, 0.980, 0.999]"
26.56,26.6,silence,0.9992586970329285,Leeseo|silence,"[0.977, 0.999]","[0.002, 0.000, 0.024, 0.029, 0.008, 0.977, 0.999]"
26.6,26.64,silence,0.9995050430297852,Leeseo|silence,"[0.973, 1.000]","[0.002, 0.000, 0.025, 0.033, 0.008, 0.973, 1.000]"
26.64,26.68,silence,0.9996601343154907,Leeseo|silence,"[0.969, 1.000]","[0.002, 0.000, 0.026, 0.038, 0.008, 0.969, 1.000]"
26.68,26.72,silence,0.9997594952583313,Leeseo|silence,"[0.964, 1.000]","[0.002, 0.000, 0.026, 0.044, 0.007, 0.964, 1.000]"
26.72,26.76,silence,0.9998244643211365,Leeseo|silence,"[0.959, 1.000]","[0.002, 0.000, 0.027, 0.050, 0.007, 0.959, 1.000]"
26.76,26.8,silence,0.9998675584793091,Leeseo|silence,"[0.954, 1.000]","[0.002, 0.000, 0.028, 0.056, 0.006, 0.954, 1.000]"
26.8,26.84,silence,0.999896764755249,Leeseo|silence,"[0.948, 1.000]","[0.002, 0.000, 0.028, 0.064, 0.006, 0.948, 1.000]"
26.84,26.88,silence,0.9999165534973145,Leeseo|silence,"[0.942, 1.000]","[0.002, 0.000, 0.028, 0.072, 0.006, 0.942, 1.000]"
26.88,26.92,silence,0.9999301433563232,Leeseo|silence,"[0.935, 1.000]","[0.002, 0.000, 0.028, 0.080, 0.006, 0.935, 1.000]"
26.92,26.96,silence,0.9999392032623291,Leeseo|silence,"[0.929, 1.000]","[0.002, 0.000, 0.028, 0.089, 0.005, 0.929, 1.000]"
26.96,27.0,silence,0.9999451637268066,Leeseo|silence,"[0.923, 1.000]","[0.002, 0.000, 0.028, 0.099, 0.005, 0.923, 1.000]"
27.0,27.04,silence,0.9999486207962036,Leeseo|silence,"[0.916, 1.000]","[0.002, 0.000, 0.027, 0.109, 0.005, 0.916, 1.000]"
27.04,27.08,silence,0.9999500513076782,Leeseo|silence,"[0.911, 1.000]","[0.001, 0.000, 0.026, 0.119, 0.005, 0.911, 1.000]"
27.08,27.12,silence,0.9999498128890991,Leeseo|silence,"[0.906, 1.000]","[0.001, 0.000, 0.026, 0.129, 0.005, 0.906, 1.000]"
27.12,27.16,silence,0.9999477863311768,Leeseo|silence,"[0.902, 1.000]","[0.001, 0.000, 0.025, 0.139, 0.005, 0.902, 1.000]"
27.16,27.2,silence,0.9999438524246216,Leeseo|silence,"[0.899, 1.000]","[0.001, 0.000, 0.024, 0.148, 0.005, 0.899, 1.000]"
27.2,27.24,silence,0.9999377727508545,Leeseo|silence,"[0.898, 1.000]","[0.001, 0.000, 0.023, 0.158, 0.005, 0.898, 1.000]"
27.24,27.28,silence,0.9999290704727173,Leeseo|silence,"[0.898, 1.000]","[0.001, 0.000, 0.022, 0.167, 0.005, 0.898, 1.000]"
27.28,27.32,silence,0.9999169111251831,Leeseo|silence,"[0.899, 1.000]","[0.001, 0.000, 0.021, 0.176, 0.005, 0.899, 1.000]"
27.32,27.36,silence,0.9999005794525146,Leeseo|silence,"[0.902, 1.000]","[0.001, 0.000, 0.020, 0.185, 0.005, 0.902, 1.000]"
27.36,27.4,silence,0.9998787641525269,Leeseo|silence,"[0.906, 1.000]","[0.001, 0.000, 0.018, 0.193, 0.005, 0.906, 1.000]"
27.4,27.44,silence,0.9998500347137451,Leeseo|silence,"[0.912, 1.000]","[0.000, 0.000, 0.017, 0.201, 0.006, 0.912, 1.000]"
27.44,27.48,silence,0.9998125433921814,Leeseo|silence,"[0.917, 1.000]","[0.000, 0.000, 0.016, 0.209, 0.006, 0.917, 1.000]"
27.48,27.52,silence,0.9997641444206238,Leeseo|silence,"[0.923, 1.000]","[0.000, 0.000, 0.015, 0.217, 0.006, 0.923, 1.000]"
27.52,27.56,silence,0.999702513217926,Leeseo|silence,"[0.930, 1.000]","[0.000, 0.000, 0.014, 0.225, 0.006, 0.930, 1.000]"
27.56,27.6,silence,0.9996254444122314,Leeseo|silence,"[0.936, 1.000]","[0.000, 0.000, 0.013, 0.234, 0.007, 0.936, 1.000]"
27.6,27.64,silence,0.9995312690734863,Leeseo|silence,"[0.941, 1.000]","[0.000, 0.000, 0.013, 0.242, 0.007, 0.941, 1.000]"
27.64,27.68,silence,0.9994189739227295,Leeseo|silence,"[0.947, 0.999]","[0.000, 0.000, 0.012, 0.250, 0.007, 0.947, 0.999]"
27.68,27.72,silence,0.9992886781692505,Leeseo|silence,"[0.952, 0.999]","[0.000, 0.000, 0.012, 0.259, 0.008, 0.952, 0.999]"
27.72,27.76,silence,0.9991436004638672,Leeseo|silence,"[0.956, 0.999]","[0.000, 0.000, 0.011, 0.267, 0.008, 0.956, 0.999]"
27.76,27.8,silence,0.9989888072013855,Leeseo|silence,"[0.960, 0.999]","[0.000, 0.000, 0.011, 0.275, 0.009, 0.960, 0.999]"
27.8,27.84,silence,0.9988322854042053,Leeseo|silence,"[0.963, 0.999]","[0.000, 0.000, 0.011, 0.282, 0.009, 0.963, 0.999]"
27.84,27.88,silence,0.9986855387687683,Leeseo|silence,"[0.966, 0.999]","[0.000, 0.000, 0.011, 0.288, 0.010, 0.966, 0.999]"
27.88,27.92,silence,0.9985619187355042,Leeseo|silence,"[0.968, 0.999]","[0.000, 0.000, 0.011, 0.293, 0.010, 0.968, 0.999]"
27.92,27.96,silence,0.9984732270240784,Leeseo|silence,"[0.969, 0.998]","[0.000, 0.000, 0.011, 0.297, 0.011, 0.969, 0.998]"
27.96,28.0,silence,0.9984258413314819,Leeseo|silence,"[0.970, 0.998]","[0.000, 0.000, 0.012, 0.298, 0.012, 0.970, 0.998]"
28.0,28.04,silence,0.9984204769134521,Leeseo|silence,"[0.970, 0.998]","[0.000, 0.000, 0.012, 0.298, 0.012, 0.970, 0.998]"
28.04,28.08,silence,0.9984533786773682,Leeseo|silence,"[0.970, 0.998]","[0.000, 0.000, 0.012, 0.296, 0.013, 0.970, 0.998]"
28.08,28.12,silence,0.9985174536705017,Leeseo|silence,"[0.969, 0.999]","[0.000, 0.000, 0.013, 0.292, 0.014, 0.969, 0.999]"
28.12,28.16,silence,0.9986036419868469,Leeseo|silence,"[0.967, 0.999]","[0.000, 0.000, 0.014, 0.287, 0.015, 0.967, 0.999]"
28.16,28.2,silence,0.9987034797668457,Leeseo|silence,"[0.963, 0.999]","[0.000, 0.000, 0.015, 0.279, 0.016, 0.963, 0.999]"
28.2,28.24,silence,0.998808741569519,Leeseo|silence,"[0.959, 0.999]","[0.000, 0.000, 0.016, 0.271, 0.017, 0.959, 0.999]"
28.24,28.28,silence,0.9989126920700073,Leeseo|silence,"[0.952, 0.999]","[0.000, 0.000, 0.017, 0.261, 0.018, 0.952, 0.999]"
28.28,28.32,silence,0.9990103244781494,Leeseo|silence,"[0.943, 0.999]","[0.000, 0.000, 0.018, 0.251, 0.019, 0.943, 0.999]"
28.32,28.36,silence,0.9990991353988647,Leeseo|silence,"[0.930, 0.999]","[0.000, 0.000, 0.019, 0.240, 0.019, 0.930, 0.999]"
28.36,28.4,silence,0.9991773962974548,Leeseo|silence,"[0.913, 0.999]","[0.000, 0.000, 0.021, 0.230, 0.020, 0.913, 0.999]"
28.4,28.44,silence,0.9992448091506958,Leeseo|silence,"[0.889, 0.999]","[0.000, 0.001, 0.023, 0.219, 0.021, 0.889, 0.999]"
28.44,28.48,silence,0.9993008375167847,Leeseo|silence,"[0.857, 0.999]","[0.000, 0.001, 0.025, 0.209, 0.022, 0.857, 0.999]"
28.48,28.52,silence,0.9993453621864319,Leeseo|silence,"[0.815, 0.999]","[0.000, 0.001, 0.027, 0.199, 0.022, 0.815, 0.999]"
28.52,28.56,silence,0.9993784427642822,Leeseo|silence,"[0.761, 0.999]","[0.001, 0.002, 0.029, 0.189, 0.023, 0.761, 0.999]"
28.56,28.6,silence,0.99940025806427,Leeseo|silence,"[0.693, 0.999]","[0.001, 0.002, 0.032, 0.180, 0.023, 0.693, 0.999]"
28.6,28.64,silence,0.99941086769104,Leeseo|silence,"[0.612, 0.999]","[0.001, 0.003, 0.034, 0.171, 0.024, 0.612, 0.999]"
28.64,28.68,silence,0.9994099140167236,silence,[0.999],"[0.002, 0.004, 0.037, 0.163, 0.024, 0.523, 0.999]"
28.68,28.72,silence,0.9993969202041626,silence,[0.999],"[0.002, 0.005, 0.041, 0.155, 0.024, 0.430, 0.999]"
28.72,28.76,silence,0.9993709921836853,silence,[0.999],"[0.003, 0.007, 0.044, 0.148, 0.024, 0.341, 0.999]"
28.76,28.8,silence,0.9993305206298828,silence,[0.999],"[0.005, 0.009, 0.048, 0.141, 0.024, 0.262, 0.999]"
28.8,28.84,silence,0.9992737174034119,silence,[0.999],"[0.007, 0.011, 0.052, 0.135, 0.023, 0.197, 0.999]"
28.84,28.88,silence,0.999198853969574,silence,[0.999],"[0.010, 0.014, 0.056, 0.129, 0.023, 0.145, 0.999]"
28.88,28.92,silence,0.9991034865379333,silence,[0.999],"[0.015, 0.018, 0.060, 0.124, 0.023, 0.105, 0.999]"
28.92,28.96,silence,0.9989851117134094,silence,[0.999],"[0.021, 0.022, 0.064, 0.118, 0.022, 0.076, 0.999]"
28.96,29.0,silence,0.9988419413566589,silence,[0.999],"[0.030, 0.027, 0.068, 0.113, 0.022, 0.055, 0.999]"
29.0,29.04,silence,0.9986735582351685,silence,[0.999],"[0.041, 0.032, 0.073, 0.108, 0.021, 0.041, 0.999]"
29.04,29.08,silence,0.9984819293022156,silence,[0.998],"[0.056, 0.037, 0.077, 0.103, 0.021, 0.030, 0.998]"
29.08,29.12,silence,0.9982726573944092,silence,[0.998],"[0.075, 0.043, 0.081, 0.098, 0.021, 0.022, 0.998]"
29.12,29.16,silence,0.9980552196502686,silence,[0.998],"[0.098, 0.049, 0.086, 0.093, 0.020, 0.017, 0.998]"
29.16,29.2,silence,0.9978431463241577,silence,[0.998],"[0.123, 0.054, 0.090, 0.089, 0.020, 0.013, 0.998]"
29.2,29.24,silence,0.9976534247398376,silence,[0.998],"[0.151, 0.059, 0.095, 0.084, 0.020, 0.011, 0.998]"
29.24,29.28,silence,0.99750155210495,silence,[0.998],"[0.179, 0.063, 0.099, 0.080, 0.019, 0.009, 0.998]"
29.28,29.32,silence,0.9974007606506348,silence,[0.997],"[0.207, 0.067, 0.104, 0.076, 0.019, 0.007, 0.997]"
29.32,29.36,silence,0.9973596930503845,silence,[0.997],"[0.232, 0.070, 0.109, 0.072, 0.019, 0.006, 0.997]"
29.36,29.4,silence,0.9973790645599365,silence,[0.997],"[0.253, 0.071, 0.114, 0.069, 0.018, 0.005, 0.997]"
29.4,29.44,silence,0.9974520802497864,silence,[0.997],"[0.269, 0.072, 0.119, 0.066, 0.018, 0.005, 0.997]"
29.44,29.48,silence,0.997566819190979,silence,[0.998],"[0.278, 0.072, 0.125, 0.063, 0.018, 0.004, 0.998]"
29.48,29.52,silence,0.9977078437805176,silence,[0.998],"[0.281, 0.071, 0.131, 0.060, 0.018, 0.004, 0.998]"
29.52,29.56,silence,0.9978600144386292,silence,[0.998],"[0.278, 0.069, 0.137, 0.058, 0.018, 0.004, 0.998]"
29.56,29.6,silence,0.9980106949806213,silence,[0.998],"[0.270, 0.067, 0.142, 0.057, 0.018, 0.004, 0.998]"
29.6,29.64,silence,0.9981492757797241,silence,[0.998],"[0.256, 0.064, 0.149, 0.056, 0.018, 0.003, 0.998]"
29.64,29.68,silence,0.9982670545578003,silence,[0.998],"[0.239, 0.060, 0.155, 0.055, 0.019, 0.003, 0.998]"
29.68,29.72,silence,0.9983577132225037,silence,[0.998],"[0.218, 0.057, 0.161, 0.054, 0.019, 0.004, 0.998]"
29.72,29.76,silence,0.9984153509140015,silence,[0.998],"[0.196, 0.053, 0.167, 0.054, 0.020, 0.004, 0.998]"
29.76,29.8,silence,0.9984342455863953,silence,[0.998],"[0.172, 0.049, 0.173, 0.054, 0.021, 0.004, 0.998]"
29.8,29.84,silence,0.9984080195426941,silence,[0.998],"[0.149, 0.045, 0.178, 0.054, 0.023, 0.004, 0.998]"
29.84,29.88,silence,0.9983273148536682,silence,[0.998],"[0.127, 0.041, 0.182, 0.054, 0.025, 0.004, 0.998]"
29.88,29.92,silence,0.998178243637085,silence,[0.998],"[0.106, 0.037, 0.186, 0.055, 0.027, 0.004, 0.998]"
29.92,29.96,silence,0.9979391694068909,silence,[0.998],"[0.088, 0.034, 0.189, 0.056, 0.030, 0.005, 0.998]"
29.96,30.0,silence,0.9975767731666565,silence,[0.998],"[0.072, 0.030, 0.191, 0.058, 0.034, 0.005, 0.998]"
30.0,30.04,silence,0.9970390796661377,silence,[0.997],"[0.058, 0.027, 0.191, 0.059, 0.039, 0.005, 0.997]"
30.04,30.08,silence,0.9962441921234131,silence,[0.996],"[0.047, 0.025, 0.191, 0.061, 0.045, 0.006, 0.996]"
30.08,30.12,silence,0.9950646758079529,silence,[0.995],"[0.037, 0.022, 0.188, 0.064, 0.053, 0.006, 0.995]"
30.12,30.16,silence,0.9932959675788879,silence,[0.993],"[0.029, 0.020, 0.185, 0.066, 0.062, 0.007, 0.993]"
30.16,30.2,silence,0.9906066656112671,silence,[0.991],"[0.023, 0.018, 0.180, 0.069, 0.073, 0.008, 0.991]"
30.2,30.24,silence,0.986462414264679,silence,[0.986],"[0.018, 0.016, 0.173, 0.071, 0.087, 0.008, 0.986]"
30.24,30.28,silence,0.9800025224685669,silence,[0.980],"[0.014, 0.014, 0.166, 0.074, 0.104, 0.009, 0.980]"
30.28,30.32,silence,0.9698459506034851,silence,[0.970],"[0.011, 0.013, 0.157, 0.076, 0.125, 0.010, 0.970]"
30.32,30.36,silence,0.9538147449493408,silence,[0.954],"[0.009, 0.012, 0.148, 0.078, 0.150, 0.011, 0.954]"
30.36,30.4,silence,0.9285957217216492,silence,[0.929],"[0.007, 0.011, 0.138, 0.080, 0.179, 0.012, 0.929]"
30.4,30.44,silence,0.889555811882019,silence,[0.890],"[0.006, 0.010, 0.128, 0.081, 0.214, 0.014, 0.890]"
30.44,30.48,silence,0.8311828374862671,silence,[0.831],"[0.005, 0.009, 0.117, 0.081, 0.254, 0.015, 0.831]"
30.48,30.52,silence,0.7489648461341858,silence,[0.749],"[0.004, 0.009, 0.107, 0.080, 0.298, 0.017, 0.749]"
30.52,30.56,silence,0.6428751349449158,silence,[0.643],"[0.003, 0.008, 0.097, 0.078, 0.347, 0.019, 0.643]"
30.56,30.6,silence,0.5207271575927734,,[],"[0.003, 0.008, 0.088, 0.076, 0.400, 0.022, 0.521]"
30.6,30.64,Liz,0.4538596570491791,,[],"[0.002, 0.007, 0.079, 0.073, 0.454, 0.025, 0.397]"
30.64,30.68,Liz,0.508598268032074,,[],"[0.002, 0.007, 0.071, 0.069, 0.509, 0.027, 0.287]"
30.68,30.72,Liz,0.5622236132621765,,[],"[0.001, 0.007, 0.063, 0.064, 0.562, 0.031, 0.200]"
30.72,30.76,Liz,0.6133548021316528,,[],"[0.001, 0.006, 0.056, 0.059, 0.613, 0.035, 0.135]"
30.76,30.8,Liz,0.6609748005867004,Liz,[0.661],"[0.001, 0.006, 0.050, 0.054, 0.661, 0.039, 0.091]"
30.8,30.84,Liz,0.7043871283531189,Liz,[0.704],"[0.001, 0.006, 0.045, 0.049, 0.704, 0.043, 0.061]"
30.84,30.88,Liz,0.7431961297988892,Liz,[0.743],"[0.001, 0.005, 0.041, 0.044, 0.743, 0.048, 0.042]"
30.88,30.92,Liz,0.7773302793502808,Liz,[0.777],"[0.001, 0.005, 0.037, 0.039, 0.777, 0.053, 0.029]"
30.92,30.96,Liz,0.8069441914558411,Liz,[0.807],"[0.000, 0.005, 0.033, 0.034, 0.807, 0.059, 0.020]"
30.96,31.0,Liz,0.832385778427124,Liz,[0.832],"[0.000, 0.005, 0.031, 0.030, 0.832, 0.065, 0.015]"
31.0,31.04,Liz,0.8541231155395508,Liz,[0.854],"[0.000, 0.004, 0.029, 0.026, 0.854, 0.072, 0.011]"
31.04,31.08,Liz,0.8727214336395264,Liz,[0.873],"[0.000, 0.004, 0.027, 0.023, 0.873, 0.079, 0.008]"
31.08,31.12,Liz,0.8887215256690979,Liz,[0.889],"[0.000, 0.004, 0.025, 0.020, 0.889, 0.087, 0.006]"
31.12,31.16,Liz,0.902585506439209,Liz,[0.903],"[0.000, 0.003, 0.024, 0.018, 0.903, 0.094, 0.005]"
31.16,31.2,Liz,0.9146886467933655,Liz,[0.915],"[0.000, 0.003, 0.023, 0.015, 0.915, 0.102, 0.004]"
31.2,31.24,Liz,0.9253129959106445,Liz,[0.925],"[0.000, 0.003, 0.022, 0.014, 0.925, 0.109, 0.003]"
31.24,31.28,Liz,0.934686541557312,Liz,[0.935],"[0.000, 0.002, 0.022, 0.012, 0.935, 0.117, 0.002]"
31.28,31.32,Liz,0.9429944753646851,Liz,[0.943],"[0.000, 0.002, 0.021, 0.010, 0.943, 0.123, 0.002]"
31.32,31.36,Liz,0.9503668546676636,Liz,[0.950],"[0.000, 0.002, 0.021, 0.009, 0.950, 0.130, 0.001]"
31.36,31.4,Liz,0.9569104313850403,Liz,[0.957],"[0.000, 0.002, 0.020, 0.008, 0.957, 0.135, 0.001]"
31.4,31.44,Liz,0.9627095460891724,Liz,[0.963],"[0.000, 0.001, 0.020, 0.007, 0.963, 0.140, 0.001]"
31.44,31.48,Liz,0.9678431153297424,Liz,[0.968],"[0.000, 0.001, 0.020, 0.006, 0.968, 0.143, 0.001]"
31.48,31.52,Liz,0.972377359867096,Liz,[0.972],"[0.000, 0.001, 0.020, 0.006, 0.972, 0.146, 0.001]"
31.52,31.56,Liz,0.9763723015785217,Liz,[0.976],"[0.000, 0.001, 0.019, 0.005, 0.976, 0.147, 0.000]"
31.56,31.6,Liz,0.979877769947052,Liz,[0.980],"[0.000, 0.001, 0.019, 0.004, 0.980, 0.147, 0.000]"
31.6,31.64,Liz,0.9829277396202087,Liz,[0.983],"[0.000, 0.001, 0.019, 0.004, 0.983, 0.145, 0.000]"
31.64,31.68,Liz,0.985558271408081,Liz,[0.986],"[0.000, 0.001, 0.018, 0.003, 0.986, 0.143, 0.000]"
31.68,31.72,Liz,0.9878102540969849,Liz,[0.988],"[0.000, 0.001, 0.017, 0.003, 0.988, 0.140, 0.000]"
31.72,31.76,Liz,0.9897255301475525,Liz,[0.990],"[0.000, 0.001, 0.017, 0.003, 0.990, 0.136, 0.000]"
31.76,31.8,Liz,0.9913460612297058,Liz,[0.991],"[0.000, 0.000, 0.016, 0.003, 0.991, 0.132, 0.000]"
31.8,31.84,Liz,0.9927101135253906,Liz,[0.993],"[0.000, 0.000, 0.015, 0.002, 0.993, 0.127, 0.000]"
31.84,31.88,Liz,0.9938524961471558,Liz,[0.994],"[0.000, 0.000, 0.015, 0.002, 0.994, 0.122, 0.000]"
31.88,31.92,Liz,0.9948045611381531,Liz,[0.995],"[0.000, 0.000, 0.014, 0.002, 0.995, 0.116, 0.000]"
31.92,31.96,Liz,0.9955957531929016,Liz,[0.996],"[0.000, 0.000, 0.013, 0.002, 0.996, 0.111, 0.000]"
31.96,32.0,Liz,0.9962517619132996,Liz,[0.996],"[0.000, 0.000, 0.012, 0.002, 0.996, 0.105, 0.000]"
32.0,32.04,Liz,0.9967941641807556,Liz,[0.997],"[0.000, 0.000, 0.012, 0.001, 0.997, 0.099, 0.000]"
32.04,32.08,Liz,0.997241735458374,Liz,[0.997],"[0.000, 0.000, 0.011, 0.001, 0.997, 0.094, 0.000]"
32.08,32.12,Liz,0.9976099729537964,Liz,[0.998],"[0.000, 0.000, 0.011, 0.001, 0.998, 0.087, 0.000]"
32.12,32.16,Liz,0.9979121088981628,Liz,[0.998],"[0.000, 0.000, 0.010, 0.001, 0.998, 0.081, 0.000]"
32.16,32.2,Liz,0.9981597065925598,Liz,[0.998],"[0.000, 0.000, 0.010, 0.001, 0.998, 0.075, 0.000]"
32.2,32.24,Liz,0.9983620047569275,Liz,[0.998],"[0.000, 0.000, 0.010, 0.001, 0.998, 0.069, 0.000]"
32.24,32.28,Liz,0.9985265731811523,Liz,[0.999],"[0.000, 0.000, 0.010, 0.001, 0.999, 0.063, 0.000]"
32.28,32.32,Liz,0.9986591339111328,Liz,[0.999],"[0.000, 0.000, 0.010, 0.001, 0.999, 0.058, 0.000]"
32.32,32.36,Liz,0.9987642765045166,Liz,[0.999],"[0.000, 0.000, 0.010, 0.001, 0.999, 0.052, 0.000]"
32.36,32.4,Liz,0.9988456964492798,Liz,[0.999],"[0.000, 0.000, 0.011, 0.001, 0.999, 0.047, 0.000]"
32.4,32.44,Liz,0.9989058971405029,Liz,[0.999],"[0.000, 0.000, 0.011, 0.001, 0.999, 0.042, 0.000]"
32.44,32.48,Liz,0.9989462494850159,Liz,[0.999],"[0.000, 0.000, 0.012, 0.001, 0.999, 0.038, 0.000]"
32.48,32.52,Liz,0.9989680051803589,Liz,[0.999],"[0.000, 0.000, 0.013, 0.001, 0.999, 0.033, 0.000]"
32.52,32.56,Liz,0.9989714622497559,Liz,[0.999],"[0.000, 0.000, 0.015, 0.001, 0.999, 0.030, 0.000]"
32.56,32.6,Liz,0.9989559650421143,Liz,[0.999],"[0.000, 0.000, 0.016, 0.001, 0.999, 0.026, 0.000]"
32.6,32.64,Liz,0.9989200830459595,Liz,[0.999],"[0.000, 0.001, 0.018, 0.001, 0.999, 0.023, 0.000]"
32.64,32.68,Liz,0.9988607168197632,Liz,[0.999],"[0.000, 0.001, 0.021, 0.001, 0.999, 0.020, 0.000]"
32.68,32.72,Liz,0.9987743496894836,Liz,[0.999],"[0.000, 0.001, 0.024, 0.001, 0.999, 0.018, 0.000]"
32.72,32.76,Liz,0.9986553192138672,Liz,[0.999],"[0.000, 0.001, 0.027, 0.001, 0.999, 0.015, 0.000]"
32.76,32.8,Liz,0.9984965324401855,Liz,[0.998],"[0.000, 0.001, 0.032, 0.001, 0.998, 0.014, 0.000]"
32.8,32.84,Liz,0.9982882142066956,Liz,[0.998],"[0.000, 0.001, 0.037, 0.001, 0.998, 0.012, 0.000]"
32.84,32.88,Liz,0.9980176687240601,Liz,[0.998],"[0.000, 0.001, 0.043, 0.001, 0.998, 0.010, 0.000]"
32.88,32.92,Liz,0.997668445110321,Liz,[0.998],"[0.000, 0.002, 0.050, 0.001, 0.998, 0.009, 0.000]"
32.92,32.96,Liz,0.9972203969955444,Liz,[0.997],"[0.000, 0.002, 0.058, 0.001, 0.997, 0.008, 0.000]"
32.96,33.0,Liz,0.9966488480567932,Liz,[0.997],"[0.000, 0.003, 0.067, 0.001, 0.997, 0.007, 0.000]"
33.0,33.04,Liz,0.9959230422973633,Liz,[0.996],"[0.000, 0.004, 0.076, 0.001, 0.996, 0.006, 0.000]"
33.04,33.08,Liz,0.9950039982795715,Liz,[0.995],"[0.000, 0.005, 0.087, 0.001, 0.995, 0.005, 0.000]"
33.08,33.12,Liz,0.993844747543335,Liz,[0.994],"[0.000, 0.006, 0.098, 0.001, 0.994, 0.005, 0.000]"
33.12,33.16,Liz,0.9923908114433289,Liz,[0.992],"[0.000, 0.007, 0.109, 0.001, 0.992, 0.004, 0.000]"
33.16,33.2,Liz,0.9905822277069092,Liz,[0.991],"[0.000, 0.009, 0.121, 0.001, 0.991, 0.004, 0.000]"
33.2,33.24,Liz,0.98835688829422,Liz,[0.988],"[0.000, 0.012, 0.132, 0.001, 0.988, 0.003, 0.000]"
33.24,33.28,Liz,0.9856561422348022,Liz,[0.986],"[0.000, 0.014, 0.142, 0.001, 0.986, 0.003, 0.000]"
33.28,33.32,Liz,0.9824303388595581,Liz,[0.982],"[0.000, 0.018, 0.151, 0.001, 0.982, 0.003, 0.000]"
33.32,33.36,Liz,0.9786496758460999,Liz,[0.979],"[0.000, 0.022, 0.159, 0.001, 0.979, 0.003, 0.000]"
33.36,33.4,Liz,0.9743004441261292,Liz,[0.974],"[0.000, 0.028, 0.165, 0.001, 0.974, 0.002, 0.000]"
33.4,33.44,Liz,0.9693938493728638,Liz,[0.969],"[0.001, 0.034, 0.169, 0.001, 0.969, 0.002, 0.000]"
33.44,33.48,Liz,0.9639631509780884,Liz,[0.964],"[0.001, 0.041, 0.171, 0.001, 0.964, 0.002, 0.000]"
33.48,33.52,Liz,0.9580671787261963,Liz,[0.958],"[0.001, 0.049, 0.170, 0.001, 0.958, 0.002, 0.000]"
33.52,33.56,Liz,0.951788604259491,Liz,[0.952],"[0.001, 0.058, 0.168, 0.000, 0.952, 0.002, 0.000]"
33.56,33.6,Liz,0.9452285766601562,Liz,[0.945],"[0.001, 0.068, 0.164, 0.000, 0.945, 0.002, 0.000]"
33.6,33.64,Liz,0.9385007619857788,Liz,[0.939],"[0.001, 0.079, 0.158, 0.000, 0.939, 0.002, 0.000]"
33.64,33.68,Liz,0.931693971157074,Liz,[0.932],"[0.001, 0.090, 0.150, 0.000, 0.932, 0.002, 0.000]"
33.68,33.72,Liz,0.9248670339584351,Liz,[0.925],"[0.001, 0.102, 0.141, 0.000, 0.925, 0.001, 0.000]"
33.72,33.76,Liz,0.9180539846420288,Liz,[0.918],"[0.002, 0.115, 0.131, 0.000, 0.918, 0.001, 0.000]"
33.76,33.8,Liz,0.9112638831138611,Liz,[0.911],"[0.002, 0.128, 0.121, 0.000, 0.911, 0.001, 0.000]"
33.8,33.84,Liz,0.9044873118400574,Liz,[0.904],"[0.002, 0.142, 0.110, 0.000, 0.904, 0.002, 0.000]"
33.84,33.88,Liz,0.8977119326591492,Liz,[0.898],"[0.003, 0.156, 0.100, 0.000, 0.898, 0.002, 0.000]"
33.88,33.92,Liz,0.8909028172492981,Liz,[0.891],"[0.003, 0.172, 0.089, 0.000, 0.891, 0.002, 0.000]"
33.92,33.96,Liz,0.8840232491493225,Liz,[0.884],"[0.003, 0.188, 0.079, 0.000, 0.884, 0.002, 0.000]"
33.96,34.0,Liz,0.8770599961280823,Liz,[0.877],"[0.004, 0.205, 0.070, 0.000, 0.877, 0.002, 0.000]"
34.0,34.04,Liz,0.87001633644104,Liz,[0.870],"[0.004, 0.222, 0.061, 0.000, 0.870, 0.002, 0.000]"
34.04,34.08,Liz,0.8629454374313354,Liz,[0.863],"[0.005, 0.240, 0.053, 0.000, 0.863, 0.002, 0.000]"
34.08,34.12,Liz,0.8559108972549438,Liz,[0.856],"[0.006, 0.257, 0.046, 0.000, 0.856, 0.003, 0.000]"
34.12,34.16,Liz,0.8489918112754822,Liz,[0.849],"[0.007, 0.275, 0.039, 0.000, 0.849, 0.003, 0.000]"
34.16,34.2,Liz,0.8422560095787048,Liz,[0.842],"[0.007, 0.292, 0.033, 0.000, 0.842, 0.003, 0.000]"
34.2,34.24,Liz,0.8357831835746765,Liz,[0.836],"[0.009, 0.309, 0.028, 0.000, 0.836, 0.004, 0.000]"
34.24,34.28,Liz,0.8296724557876587,Liz,[0.830],"[0.010, 0.325, 0.023, 0.000, 0.830, 0.005, 0.001]"
34.28,34.32,Liz,0.8240419030189514,Liz,[0.824],"[0.011, 0.341, 0.020, 0.000, 0.824, 0.006, 0.001]"
34.32,34.36,Liz,0.8189760446548462,Liz,[0.819],"[0.013, 0.355, 0.016, 0.000, 0.819, 0.007, 0.002]"
34.36,34.4,Liz,0.8145426511764526,Liz,[0.815],"[0.015, 0.369, 0.014, 0.000, 0.815, 0.008, 0.003]"
34.4,34.44,Liz,0.8108745217323303,Liz,[0.811],"[0.017, 0.381, 0.011, 0.000, 0.811, 0.009, 0.004]"
34.44,34.48,Liz,0.8081281781196594,Liz,[0.808],"[0.020, 0.392, 0.009, 0.000, 0.808, 0.011, 0.006]"
34.48,34.52,Liz,0.8064413070678711,Liz,[0.806],"[0.024, 0.401, 0.008, 0.000, 0.806, 0.013, 0.009]"
34.52,34.56,Liz,0.8059264421463013,Liz,[0.806],"[0.027, 0.410, 0.006, 0.000, 0.806, 0.015, 0.013]"
34.56,34.6,Liz,0.8066838979721069,Liz,[0.807],"[0.032, 0.417, 0.005, 0.000, 0.807, 0.017, 0.019]"
34.6,34.64,Liz,0.8088119029998779,Liz,[0.809],"[0.038, 0.422, 0.004, 0.000, 0.809, 0.019, 0.028]"
34.64,34.68,Liz,0.8123939633369446,Liz,[0.812],"[0.044, 0.426, 0.004, 0.000, 0.812, 0.022, 0.040]"
34.68,34.72,Liz,0.8174949288368225,Liz,[0.817],"[0.052, 0.428, 0.003, 0.000, 0.817, 0.024, 0.057]"
34.72,34.76,Liz,0.8240774869918823,Liz,[0.824],"[0.061, 0.428, 0.002, 0.000, 0.824, 0.026, 0.079]"
34.76,34.8,Liz,0.8319582343101501,Liz,[0.832],"[0.071, 0.427, 0.002, 0.000, 0.832, 0.028, 0.108]"
34.8,34.84,Liz,0.840874969959259,Liz,[0.841],"[0.083, 0.425, 0.002, 0.000, 0.841, 0.030, 0.144]"
34.84,34.88,Liz,0.8505383729934692,Liz,[0.851],"[0.096, 0.421, 0.001, 0.000, 0.851, 0.031, 0.187]"
34.88,34.92,Liz,0.8605871796607971,Liz,[0.861],"[0.110, 0.416, 0.001, 0.000, 0.861, 0.032, 0.235]"
34.92,34.96,Liz,0.8706697821617126,Liz,[0.871],"[0.126, 0.411, 0.001, 0.000, 0.871, 0.032, 0.288]"
34.96,35.0,Liz,0.8804875016212463,Liz,[0.880],"[0.142, 0.406, 0.001, 0.000, 0.880, 0.032, 0.344]"
35.0,35.04,Liz,0.8897683620452881,Liz,[0.890],"[0.157, 0.401, 0.001, 0.000, 0.890, 0.030, 0.399]"
35.04,35.08,Liz,0.8982735276222229,Liz,[0.898],"[0.173, 0.397, 0.001, 0.000, 0.898, 0.029, 0.453]"
35.08,35.12,Liz,0.9058203101158142,Liz,[0.906],"[0.187, 0.394, 0.001, 0.000, 0.906, 0.027, 0.503]"
35.12,35.16,Liz,0.9123051166534424,Liz,[0.912],"[0.200, 0.393, 0.001, 0.000, 0.912, 0.025, 0.547]"
35.16,35.2,Liz,0.9176663160324097,Liz,[0.918],"[0.210, 0.393, 0.000, 0.000, 0.918, 0.022, 0.586]"
35.2,35.24,Liz,0.9218564629554749,Liz,[0.922],"[0.218, 0.396, 0.000, 0.000, 0.922, 0.020, 0.619]"
35.24,35.28,Liz,0.9248476028442383,Liz|silence,"[0.925, 0.647]","[0.223, 0.401, 0.000, 0.000, 0.925, 0.017, 0.647]"
35.28,35.32,Liz,0.9266192317008972,Liz|silence,"[0.927, 0.668]","[0.224, 0.410, 0.000, 0.000, 0.927, 0.015, 0.668]"
35.32,35.36,Liz,0.9271407127380371,Liz|silence,"[0.927, 0.684]","[0.222, 0.421, 0.000, 0.000, 0.927, 0.013, 0.684]"
35.36,35.4,Liz,0.9263813495635986,Liz|silence,"[0.926, 0.695]","[0.216, 0.437, 0.000, 0.000, 0.926, 0.011, 0.695]"
35.4,35.44,Liz,0.9242588877677917,Liz|silence,"[0.924, 0.700]","[0.207, 0.456, 0.000, 0.000, 0.924, 0.009, 0.700]"
35.44,35.48,Liz,0.9206362962722778,Liz|silence,"[0.921, 0.700]","[0.196, 0.480, 0.000, 0.000, 0.921, 0.008, 0.700]"
35.48,35.52,Liz,0.9153139591217041,Liz|silence,"[0.915, 0.696]","[0.181, 0.508, 0.000, 0.000, 0.915, 0.006, 0.696]"
35.52,35.56,Liz,0.908039927482605,Liz|silence,"[0.908, 0.687]","[0.165, 0.539, 0.000, 0.000, 0.908, 0.005, 0.687]"
35.56,35.6,Liz,0.8985180854797363,Liz|silence,"[0.899, 0.674]","[0.148, 0.575, 0.000, 0.000, 0.899, 0.004, 0.674]"
35.6,35.64,Liz,0.886400580406189,Liz|silence,"[0.886, 0.656]","[0.131, 0.613, 0.000, 0.000, 0.886, 0.004, 0.656]"
35.64,35.68,Liz,0.8713247179985046,Yujin|Liz,"[0.653, 0.871]","[0.115, 0.653, 0.000, 0.000, 0.871, 0.003, 0.633]"
35.68,35.72,Liz,0.8529323935508728,Yujin|Liz,"[0.694, 0.853]","[0.099, 0.694, 0.000, 0.000, 0.853, 0.003, 0.606]"
35.72,35.76,Liz,0.8308912515640259,Yujin|Liz,"[0.734, 0.831]","[0.084, 0.734, 0.000, 0.000, 0.831, 0.002, 0.574]"
35.76,35.8,Liz,0.8049376010894775,Yujin|Liz,"[0.772, 0.805]","[0.072, 0.772, 0.000, 0.000, 0.805, 0.002, 0.537]"
35.8,35.84,Yujin,0.8067012429237366,Yujin|Liz,"[0.807, 0.775]","[0.061, 0.807, 0.000, 0.000, 0.775, 0.001, 0.496]"
35.84,35.88,Yujin,0.8383902907371521,Yujin|Liz,"[0.838, 0.741]","[0.051, 0.838, 0.000, 0.000, 0.741, 0.001, 0.453]"
35.88,35.92,Yujin,0.8662553429603577,Yujin|Liz,"[0.866, 0.703]","[0.043, 0.866, 0.000, 0.000, 0.703, 0.001, 0.408]"
35.92,35.96,Yujin,0.8902871012687683,Yujin|Liz,"[0.890, 0.662]","[0.036, 0.890, 0.000, 0.000, 0.662, 0.001, 0.363]"
35.96,36.0,Yujin,0.9106925129890442,Yujin|Liz,"[0.911, 0.618]","[0.030, 0.911, 0.000, 0.000, 0.618, 0.001, 0.319]"
36.0,36.04,Yujin,0.927772581577301,Yujin,[0.928],"[0.026, 0.928, 0.000, 0.000, 0.572, 0.001, 0.278]"
36.04,36.08,Yujin,0.9418867230415344,Yujin,[0.942],"[0.021, 0.942, 0.000, 0.000, 0.526, 0.001, 0.240]"
36.08,36.12,Yujin,0.9534123539924622,Yujin,[0.953],"[0.018, 0.953, 0.000, 0.000, 0.480, 0.000, 0.206]"
36.12,36.16,Yujin,0.962734043598175,Yujin,[0.963],"[0.015, 0.963, 0.000, 0.000, 0.435, 0.000, 0.177]"
36.16,36.2,Yujin,0.9702088236808777,Yujin,[0.970],"[0.013, 0.970, 0.000, 0.000, 0.393, 0.000, 0.152]"
36.2,36.24,Yujin,0.9761567711830139,Yujin,[0.976],"[0.011, 0.976, 0.000, 0.000, 0.355, 0.000, 0.132]"
36.24,36.28,Yujin,0.9808669686317444,Yujin,[0.981],"[0.009, 0.981, 0.000, 0.001, 0.320, 0.000, 0.116]"
36.28,36.32,Yujin,0.984588086605072,Yujin,[0.985],"[0.007, 0.985, 0.000, 0.001, 0.289, 0.000, 0.103]"
36.32,36.36,Yujin,0.9875319600105286,Yujin,[0.988],"[0.006, 0.988, 0.000, 0.001, 0.262, 0.000, 0.093]"
36.36,36.4,Yujin,0.989866316318512,Yujin,[0.990],"[0.005, 0.990, 0.000, 0.001, 0.239, 0.000, 0.085]"
36.4,36.44,Yujin,0.9917241930961609,Yujin,[0.992],"[0.004, 0.992, 0.000, 0.001, 0.219, 0.000, 0.080]"
36.44,36.48,Yujin,0.9932102560997009,Yujin,[0.993],"[0.003, 0.993, 0.000, 0.001, 0.202, 0.000, 0.076]"
36.48,36.52,Yujin,0.9944051504135132,Yujin,[0.994],"[0.003, 0.994, 0.000, 0.001, 0.187, 0.000, 0.074]"
36.52,36.56,Yujin,0.9953712821006775,Yujin,[0.995],"[0.002, 0.995, 0.000, 0.001, 0.175, 0.000, 0.073]"
36.56,36.6,Yujin,0.9961561560630798,Yujin,[0.996],"[0.002, 0.996, 0.000, 0.001, 0.164, 0.000, 0.073]"
36.6,36.64,Yujin,0.9967967867851257,Yujin,[0.997],"[0.002, 0.997, 0.000, 0.001, 0.155, 0.000, 0.074]"
36.64,36.68,Yujin,0.9973217844963074,Yujin,[0.997],"[0.001, 0.997, 0.000, 0.002, 0.147, 0.000, 0.077]"
36.68,36.72,Yujin,0.9977533221244812,Yujin,[0.998],"[0.001, 0.998, 0.000, 0.002, 0.139, 0.000, 0.080]"
36.72,36.76,Yujin,0.9981096982955933,Yujin,[0.998],"[0.001, 0.998, 0.000, 0.002, 0.133, 0.000, 0.085]"
36.76,36.8,Yujin,0.9984052777290344,Yujin,[0.998],"[0.001, 0.998, 0.000, 0.002, 0.127, 0.000, 0.090]"
36.8,36.84,Yujin,0.9986513257026672,Yujin,[0.999],"[0.001, 0.999, 0.000, 0.002, 0.122, 0.000, 0.097]"
36.84,36.88,Yujin,0.9988559484481812,Yujin,[0.999],"[0.001, 0.999, 0.000, 0.002, 0.117, 0.000, 0.104]"
36.88,36.92,Yujin,0.9990265369415283,Yujin,[0.999],"[0.000, 0.999, 0.000, 0.002, 0.112, 0.000, 0.113]"
36.92,36.96,Yujin,0.9991686344146729,Yujin,[0.999],"[0.000, 0.999, 0.000, 0.002, 0.108, 0.000, 0.122]"
36.96,37.0,Yujin,0.9992874264717102,Yujin,[0.999],"[0.000, 0.999, 0.000, 0.002, 0.105, 0.000, 0.131]"
37.0,37.04,Yujin,0.9993866682052612,Yujin,[0.999],"[0.000, 0.999, 0.000, 0.002, 0.102, 0.000, 0.140]"
37.04,37.08,Yujin,0.9994702935218811,Yujin,[0.999],"[0.000, 0.999, 0.000, 0.002, 0.099, 0.000, 0.149]"
37.08,37.12,Yujin,0.9995408058166504,Yujin,[1.000],"[0.000, 1.000, 0.000, 0.002, 0.096, 0.000, 0.157]"
37.12,37.16,Yujin,0.9996004700660706,Yujin,[1.000],"[0.000, 1.000, 0.000, 0.002, 0.094, 0.001, 0.164]"
37.16,37.2,Yujin,0.9996505975723267,Yujin,[1.000],"[0.000, 1.000, 0.000, 0.002, 0.091, 0.001, 0.169]"
37.2,37.24,Yujin,0.999692440032959,Yujin,[1.000],"[0.000, 1.000, 0.000, 0.002, 0.089, 0.001, 0.171]"
37.24,37.28,Yujin,0.9997268319129944,Yujin,[1.000],"[0.000, 1.000, 0.000, 0.002, 0.087, 0.001, 0.170]"
37.28,37.32,Yujin,0.9997550845146179,Yujin,[1.000],"[0.000, 1.000, 0.000, 0.002, 0.084, 0.001, 0.167]"
37.32,37.36,Yujin,0.9997779726982117,Yujin,[1.000],"[0.000, 1.000, 0.000, 0.002, 0.081, 0.001, 0.162]"
37.36,37.4,Yujin,0.9997965693473816,Yujin,[1.000],"[0.000, 1.000, 0.000, 0.003, 0.079, 0.001, 0.154]"
37.4,37.44,Yujin,0.999811589717865,Yujin,[1.000],"[0.000, 1.000, 0.000, 0.003, 0.075, 0.001, 0.145]"
37.44,37.48,Yujin,0.9998235106468201,Yujin,[1.000],"[0.000, 1.000, 0.000, 0.003, 0.072, 0.001, 0.134]"
37.48,37.52,Yujin,0.9998327493667603,Yujin,[1.000],"[0.000, 1.000, 0.000, 0.003, 0.068, 0.001, 0.123]"
37.52,37.56,Yujin,0.9998397827148438,Yujin,[1.000],"[0.000, 1.000, 0.000, 0.003, 0.064, 0.001, 0.111]"
37.56,37.6,Yujin,0.9998449087142944,Yujin,[1.000],"[0.001, 1.000, 0.000, 0.003, 0.060, 0.001, 0.099]"
37.6,37.64,Yujin,0.9998482465744019,Yujin,[1.000],"[0.001, 1.000, 0.000, 0.003, 0.056, 0.001, 0.088]"
37.64,37.68,Yujin,0.9998502731323242,Yujin,[1.000],"[0.001, 1.000, 0.000, 0.003, 0.052, 0.001, 0.078]"
37.68,37.72,Yujin,0.999850869178772,Yujin,[1.000],"[0.001, 1.000, 0.000, 0.003, 0.048, 0.001, 0.069]"
37.72,37.76,Yujin,0.9998505115509033,Yujin,[1.000],"[0.001, 1.000, 0.000, 0.004, 0.044, 0.001, 0.062]"
37.76,37.8,Yujin,0.9998493194580078,Yujin,[1.000],"[0.001, 1.000, 0.000, 0.004, 0.040, 0.001, 0.055]"
37.8,37.84,Yujin,0.9998472929000854,Yujin,[1.000],"[0.001, 1.000, 0.000, 0.004, 0.036, 0.001, 0.050]"
37.84,37.88,Yujin,0.9998447895050049,Yujin,[1.000],"[0.001, 1.000, 0.000, 0.004, 0.032, 0.001, 0.045]"
37.88,37.92,Yujin,0.9998419284820557,Yujin,[1.000],"[0.001, 1.000, 0.000, 0.004, 0.029, 0.001, 0.042]"
37.92,37.96,Yujin,0.9998385906219482,Yujin,[1.000],"[0.002, 1.000, 0.000, 0.004, 0.026, 0.001, 0.039]"
37.96,38.0,Yujin,0.9998350143432617,Yujin,[1.000],"[0.002, 1.000, 0.000, 0.003, 0.023, 0.001, 0.037]"
38.0,38.04,Yujin,0.9998314380645752,Yujin,[1.000],"[0.002, 1.000, 0.000, 0.003, 0.021, 0.001, 0.035]"
38.04,38.08,Yujin,0.9998278617858887,Yujin,[1.000],"[0.002, 1.000, 0.000, 0.003, 0.019, 0.001, 0.034]"
38.08,38.12,Yujin,0.999824583530426,Yujin,[1.000],"[0.002, 1.000, 0.000, 0.003, 0.017, 0.001, 0.034]"
38.12,38.16,Yujin,0.9998218417167664,Yujin,[1.000],"[0.002, 1.000, 0.000, 0.003, 0.015, 0.001, 0.034]"
38.16,38.2,Yujin,0.999819815158844,Yujin,[1.000],"[0.002, 1.000, 0.000, 0.003, 0.014, 0.001, 0.034]"
38.2,38.24,Yujin,0.9998188614845276,Yujin,[1.000],"[0.002, 1.000, 0.000, 0.003, 0.013, 0.001, 0.034]"
38.24,38.28,Yujin,0.9998192191123962,Yujin,[1.000],"[0.002, 1.000, 0.000, 0.002, 0.011, 0.001, 0.035]"
38.28,38.32,Yujin,0.9998210072517395,Yujin,[1.000],"[0.003, 1.000, 0.000, 0.002, 0.010, 0.001, 0.036]"
38.32,38.36,Yujin,0.9998243451118469,Yujin,[1.000],"[0.003, 1.000, 0.000, 0.002, 0.009, 0.001, 0.037]"
38.36,38.4,Yujin,0.9998290538787842,Yujin,[1.000],"[0.003, 1.000, 0.000, 0.002, 0.009, 0.001, 0.038]"
38.4,38.44,Yujin,0.9998353719711304,Yujin,[1.000],"[0.003, 1.000, 0.000, 0.002, 0.008, 0.001, 0.039]"
38.44,38.48,Yujin,0.9998427629470825,Yujin,[1.000],"[0.003, 1.000, 0.000, 0.002, 0.007, 0.001, 0.041]"
38.48,38.52,Yujin,0.9998511075973511,Yujin,[1.000],"[0.003, 1.000, 0.000, 0.001, 0.006, 0.001, 0.042]"
38.52,38.56,Yujin,0.9998599290847778,Yujin,[1.000],"[0.003, 1.000, 0.000, 0.001, 0.006, 0.002, 0.044]"
38.56,38.6,Yujin,0.9998692274093628,Yujin,[1.000],"[0.003, 1.000, 0.000, 0.001, 0.005, 0.002, 0.046]"
38.6,38.64,Yujin,0.9998784065246582,Yujin,[1.000],"[0.003, 1.000, 0.000, 0.001, 0.005, 0.002, 0.048]"
38.64,38.68,Yujin,0.9998874664306641,Yujin,[1.000],"[0.003, 1.000, 0.000, 0.001, 0.004, 0.002, 0.050]"
38.68,38.72,Yujin,0.9998960494995117,Yujin,[1.000],"[0.003, 1.000, 0.000, 0.001, 0.004, 0.002, 0.053]"
38.72,38.76,Yujin,0.9999040365219116,Yujin,[1.000],"[0.004, 1.000, 0.000, 0.001, 0.004, 0.003, 0.056]"
38.76,38.8,Yujin,0.9999114274978638,Yujin,[1.000],"[0.004, 1.000, 0.000, 0.001, 0.004, 0.003, 0.059]"
38.8,38.84,Yujin,0.9999178647994995,Yujin,[1.000],"[0.004, 1.000, 0.000, 0.001, 0.003, 0.003, 0.063]"
38.84,38.88,Yujin,0.999923586845398,Yujin,[1.000],"[0.004, 1.000, 0.000, 0.001, 0.003, 0.004, 0.068]"
38.88,38.92,Yujin,0.9999284744262695,Yujin,[1.000],"[0.005, 1.000, 0.000, 0.001, 0.003, 0.004, 0.075]"
38.92,38.96,Yujin,0.9999324083328247,Yujin,[1.000],"[0.005, 1.000, 0.000, 0.001, 0.003, 0.005, 0.083]"
38.96,39.0,Yujin,0.9999353885650635,Yujin,[1.000],"[0.005, 1.000, 0.000, 0.002, 0.003, 0.006, 0.093]"
39.0,39.04,Yujin,0.9999372959136963,Yujin,[1.000],"[0.006, 1.000, 0.000, 0.002, 0.003, 0.006, 0.107]"
39.04,39.08,Yujin,0.9999381303787231,Yujin,[1.000],"[0.006, 1.000, 0.000, 0.002, 0.002, 0.007, 0.125]"
39.08,39.12,Yujin,0.9999375343322754,Yujin,[1.000],"[0.007, 1.000, 0.000, 0.002, 0.002, 0.008, 0.149]"
39.12,39.16,Yujin,0.999935507774353,Yujin,[1.000],"[0.008, 1.000, 0.000, 0.003, 0.002, 0.010, 0.179]"
39.16,39.2,Yujin,0.9999315738677979,Yujin,[1.000],"[0.008, 1.000, 0.000, 0.003, 0.002, 0.011, 0.217]"
39.2,39.24,Yujin,0.9999254941940308,Yujin,[1.000],"[0.009, 1.000, 0.000, 0.003, 0.002, 0.013, 0.265]"
39.24,39.28,Yujin,0.999916672706604,Yujin,[1.000],"[0.009, 1.000, 0.000, 0.004, 0.003, 0.015, 0.323]"
39.28,39.32,Yujin,0.9999040365219116,Yujin,[1.000],"[0.010, 1.000, 0.000, 0.005, 0.003, 0.018, 0.391]"
39.32,39.36,Yujin,0.9998865127563477,Yujin,[1.000],"[0.011, 1.000, 0.000, 0.005, 0.003, 0.022, 0.466]"
39.36,39.4,Yujin,0.9998617172241211,Yujin,[1.000],"[0.012, 1.000, 0.000, 0.006, 0.003, 0.026, 0.545]"
39.4,39.44,Yujin,0.9998268485069275,Yujin|silence,"[1.000, 0.622]","[0.012, 1.000, 0.000, 0.007, 0.003, 0.031, 0.622]"
39.44,39.48,Yujin,0.9997766613960266,Yujin|silence,"[1.000, 0.693]","[0.013, 1.000, 0.000, 0.008, 0.003, 0.037, 0.693]"
39.48,39.52,Yujin,0.9997038245201111,Yujin|silence,"[1.000, 0.754]","[0.014, 1.000, 0.000, 0.008, 0.004, 0.045, 0.754]"
39.52,39.56,Yujin,0.999596893787384,Yujin|silence,"[1.000, 0.805]","[0.014, 1.000, 0.000, 0.009, 0.004, 0.055, 0.805]"
39.56,39.6,Yujin,0.9994375109672546,Yujin|silence,"[0.999, 0.844]","[0.015, 0.999, 0.000, 0.010, 0.004, 0.067, 0.844]"
39.6,39.64,Yujin,0.9991973042488098,Yujin|silence,"[0.999, 0.874]","[0.016, 0.999, 0.000, 0.010, 0.004, 0.082, 0.874]"
39.64,39.68,Yujin,0.9988306164741516,Yujin|silence,"[0.999, 0.896]","[0.017, 0.999, 0.000, 0.011, 0.005, 0.100, 0.896]"
39.68,39.72,Yujin,0.9982661604881287,Yujin|silence,"[0.998, 0.912]","[0.018, 0.998, 0.000, 0.011, 0.005, 0.122, 0.912]"
39.72,39.76,Yujin,0.9973894953727722,Yujin|silence,"[0.997, 0.923]","[0.019, 0.997, 0.000, 0.011, 0.005, 0.147, 0.923]"
39.76,39.8,Yujin,0.9960196614265442,Yujin|silence,"[0.996, 0.931]","[0.020, 0.996, 0.000, 0.011, 0.006, 0.177, 0.931]"
39.8,39.84,Yujin,0.9938710927963257,Yujin|silence,"[0.994, 0.935]","[0.021, 0.994, 0.000, 0.011, 0.006, 0.210, 0.935]"
39.84,39.88,Yujin,0.9904972314834595,Yujin|silence,"[0.990, 0.937]","[0.022, 0.990, 0.000, 0.011, 0.006, 0.247, 0.937]"
39.88,39.92,Yujin,0.9852088689804077,Yujin|silence,"[0.985, 0.937]","[0.024, 0.985, 0.000, 0.010, 0.006, 0.286, 0.937]"
39.92,39.96,Yujin,0.976974606513977,Yujin|silence,"[0.977, 0.935]","[0.026, 0.977, 0.000, 0.010, 0.007, 0.327, 0.935]"
39.96,40.0,Yujin,0.9643107652664185,Yujin|silence,"[0.964, 0.930]","[0.028, 0.964, 0.000, 0.009, 0.007, 0.369, 0.930]"
40.0,40.04,Yujin,0.9451952576637268,Yujin|silence,"[0.945, 0.922]","[0.030, 0.945, 0.000, 0.009, 0.006, 0.410, 0.922]"
40.04,40.08,Yujin,0.9170734882354736,Yujin|silence,"[0.917, 0.912]","[0.032, 0.917, 0.000, 0.008, 0.006, 0.450, 0.912]"
40.08,40.12,silence,0.8977969288825989,Yujin|silence,"[0.877, 0.898]","[0.035, 0.877, 0.001, 0.008, 0.006, 0.487, 0.898]"
40.12,40.16,silence,0.8793879151344299,Yujin|silence,"[0.823, 0.879]","[0.038, 0.823, 0.001, 0.007, 0.006, 0.521, 0.879]"
40.16,40.2,silence,0.8557830452919006,Yujin|silence,"[0.753, 0.856]","[0.041, 0.753, 0.001, 0.007, 0.006, 0.551, 0.856]"
40.2,40.24,silence,0.8260549902915955,Yujin|silence,"[0.670, 0.826]","[0.045, 0.670, 0.001, 0.006, 0.005, 0.576, 0.826]"
40.24,40.28,silence,0.7892248630523682,silence,[0.789],"[0.049, 0.578, 0.001, 0.006, 0.005, 0.596, 0.789]"
40.28,40.32,silence,0.7443976998329163,silence,[0.744],"[0.054, 0.482, 0.001, 0.006, 0.005, 0.612, 0.744]"
40.32,40.36,silence,0.6912006735801697,Leeseo|silence,"[0.623, 0.691]","[0.059, 0.391, 0.002, 0.006, 0.004, 0.623, 0.691]"
40.36,40.4,silence,0.6300545334815979,Leeseo|silence,"[0.628, 0.630]","[0.065, 0.310, 0.002, 0.005, 0.004, 0.628, 0.630]"
40.4,40.44,Leeseo,0.6287806630134583,Leeseo,[0.629],"[0.072, 0.241, 0.002, 0.005, 0.004, 0.629, 0.563]"
40.44,40.48,Leeseo,0.6240702867507935,Leeseo,[0.624],"[0.079, 0.185, 0.003, 0.005, 0.004, 0.624, 0.492]"
40.48,40.52,Leeseo,0.6139802932739258,Leeseo,[0.614],"[0.088, 0.141, 0.003, 0.005, 0.004, 0.614, 0.420]"
40.52,40.56,Leeseo,0.5983828902244568,Leeseo,[0.598],"[0.098, 0.107, 0.004, 0.006, 0.004, 0.598, 0.352]"
40.56,40.6,Leeseo,0.5772479176521301,,[],"[0.109, 0.081, 0.004, 0.006, 0.004, 0.577, 0.290]"
40.6,40.64,Leeseo,0.5507490038871765,,[],"[0.121, 0.061, 0.005, 0.006, 0.004, 0.551, 0.236]"
40.64,40.68,Leeseo,0.5191901326179504,,[],"[0.136, 0.046, 0.006, 0.007, 0.004, 0.519, 0.190]"
40.68,40.72,Leeseo,0.4830733835697174,,[],"[0.152, 0.035, 0.007, 0.007, 0.004, 0.483, 0.152]"
40.72,40.76,Leeseo,0.4432207942008972,,[],"[0.171, 0.027, 0.008, 0.008, 0.004, 0.443, 0.121]"
40.76,40.8,Leeseo,0.4007021486759186,,[],"[0.193, 0.020, 0.010, 0.009, 0.004, 0.401, 0.096]"
40.8,40.84,Leeseo,0.35687506198883057,,[],"[0.218, 0.015, 0.012, 0.010, 0.004, 0.357, 0.077]"
40.84,40.88,Leeseo,0.3132352828979492,,[],"[0.247, 0.011, 0.014, 0.012, 0.004, 0.313, 0.061]"
40.88,40.92,Gaeul,0.27905020117759705,,[],"[0.279, 0.009, 0.016, 0.013, 0.005, 0.271, 0.048]"
40.92,40.96,Gaeul,0.3147318959236145,,[],"[0.315, 0.006, 0.019, 0.015, 0.005, 0.232, 0.038]"
40.96,41.0,Gaeul,0.35391026735305786,,[],"[0.354, 0.005, 0.022, 0.017, 0.006, 0.196, 0.030]"
41.0,41.04,Gaeul,0.3963893949985504,,[],"[0.396, 0.004, 0.026, 0.019, 0.006, 0.164, 0.023]"
41.04,41.08,Gaeul,0.44178587198257446,,[],"[0.442, 0.003, 0.029, 0.021, 0.007, 0.137, 0.018]"
41.08,41.12,Gaeul,0.48943039774894714,,[],"[0.489, 0.002, 0.033, 0.024, 0.008, 0.113, 0.014]"
41.12,41.16,Gaeul,0.5384324789047241,,[],"[0.538, 0.002, 0.037, 0.027, 0.009, 0.093, 0.011]"
41.16,41.2,Gaeul,0.5877400636672974,,[],"[0.588, 0.001, 0.041, 0.031, 0.011, 0.076, 0.008]"
41.2,41.24,Gaeul,0.6361210942268372,Gaeul,[0.636],"[0.636, 0.001, 0.045, 0.035, 0.012, 0.063, 0.006]"
41.24,41.28,Gaeul,0.6824262738227844,Gaeul,[0.682],"[0.682, 0.001, 0.048, 0.040, 0.014, 0.051, 0.005]"
41.28,41.32,Gaeul,0.7256430387496948,Gaeul,[0.726],"[0.726, 0.001, 0.050, 0.045, 0.015, 0.043, 0.004]"
41.32,41.36,Gaeul,0.7650184631347656,Gaeul,[0.765],"[0.765, 0.000, 0.052, 0.050, 0.017, 0.035, 0.003]"
41.36,41.4,Gaeul,0.8001191020011902,Gaeul,[0.800],"[0.800, 0.000, 0.052, 0.057, 0.019, 0.030, 0.002]"
41.4,41.44,Gaeul,0.8308243155479431,Gaeul,[0.831],"[0.831, 0.000, 0.052, 0.063, 0.021, 0.025, 0.002]"
41.44,41.48,Gaeul,0.8572658896446228,Gaeul,[0.857],"[0.857, 0.000, 0.050, 0.071, 0.023, 0.022, 0.001]"
41.48,41.52,Gaeul,0.8797441720962524,Gaeul,[0.880],"[0.880, 0.000, 0.048, 0.079, 0.025, 0.019, 0.001]"
41.52,41.56,Gaeul,0.8986524343490601,Gaeul,[0.899],"[0.899, 0.000, 0.045, 0.088, 0.027, 0.016, 0.001]"
41.56,41.6,Gaeul,0.9144104719161987,Gaeul,[0.914],"[0.914, 0.000, 0.041, 0.097, 0.028, 0.015, 0.001]"
41.6,41.64,Gaeul,0.927477240562439,Gaeul,[0.927],"[0.927, 0.000, 0.037, 0.107, 0.029, 0.013, 0.001]"
41.64,41.68,Gaeul,0.9382999539375305,Gaeul,[0.938],"[0.938, 0.000, 0.033, 0.117, 0.030, 0.012, 0.001]"
41.68,41.72,Gaeul,0.9472596049308777,Gaeul,[0.947],"[0.947, 0.000, 0.029, 0.127, 0.031, 0.011, 0.001]"
41.72,41.76,Gaeul,0.9546859860420227,Gaeul,[0.955],"[0.955, 0.000, 0.026, 0.137, 0.031, 0.010, 0.001]"
41.76,41.8,Gaeul,0.9608876705169678,Gaeul,[0.961],"[0.961, 0.000, 0.022, 0.147, 0.031, 0.010, 0.001]"
41.8,41.84,Gaeul,0.9661227464675903,Gaeul,[0.966],"[0.966, 0.000, 0.019, 0.157, 0.030, 0.009, 0.001]"
41.84,41.88,Gaeul,0.9705895185470581,Gaeul,[0.971],"[0.971, 0.000, 0.017, 0.167, 0.030, 0.009, 0.001]"
41.88,41.92,Gaeul,0.9744327664375305,Gaeul,[0.974],"[0.974, 0.000, 0.014, 0.175, 0.029, 0.009, 0.001]"
41.92,41.96,Gaeul,0.9777615070343018,Gaeul,[0.978],"[0.978, 0.000, 0.012, 0.183, 0.028, 0.009, 0.001]"
41.96,42.0,Gaeul,0.9806625247001648,Gaeul,[0.981],"[0.981, 0.000, 0.011, 0.190, 0.026, 0.009, 0.002]"
42.0,42.04,Gaeul,0.9832021594047546,Gaeul,[0.983],"[0.983, 0.000, 0.009, 0.196, 0.025, 0.009, 0.002]"
42.04,42.08,Gaeul,0.9854370951652527,Gaeul,[0.985],"[0.985, 0.000, 0.008, 0.200, 0.023, 0.009, 0.003]"
42.08,42.12,Gaeul,0.987405002117157,Gaeul,[0.987],"[0.987, 0.000, 0.007, 0.203, 0.022, 0.009, 0.004]"
42.12,42.16,Gaeul,0.9891288876533508,Gaeul,[0.989],"[0.989, 0.000, 0.006, 0.205, 0.020, 0.010, 0.005]"
42.16,42.2,Gaeul,0.9906287789344788,Gaeul,[0.991],"[0.991, 0.000, 0.006, 0.205, 0.019, 0.010, 0.007]"
42.2,42.24,Gaeul,0.9919233918190002,Gaeul,[0.992],"[0.992, 0.000, 0.005, 0.204, 0.018, 0.011, 0.009]"
42.24,42.28,Gaeul,0.9930296540260315,Gaeul,[0.993],"[0.993, 0.000, 0.005, 0.203, 0.016, 0.011, 0.013]"
42.28,42.32,Gaeul,0.9939669370651245,Gaeul,[0.994],"[0.994, 0.000, 0.005, 0.200, 0.015, 0.012, 0.018]"
42.32,42.36,Gaeul,0.9947563409805298,Gaeul,[0.995],"[0.995, 0.000, 0.004, 0.196, 0.014, 0.013, 0.025]"
42.36,42.4,Gaeul,0.9954180717468262,Gaeul,[0.995],"[0.995, 0.000, 0.004, 0.192, 0.013, 0.014, 0.036]"
42.4,42.44,Gaeul,0.995969295501709,Gaeul,[0.996],"[0.996, 0.000, 0.004, 0.188, 0.012, 0.016, 0.052]"
42.44,42.48,Gaeul,0.9964253306388855,Gaeul,[0.996],"[0.996, 0.000, 0.004, 0.182, 0.011, 0.017, 0.075]"
42.48,42.52,Gaeul,0.9967997074127197,Gaeul,[0.997],"[0.997, 0.000, 0.004, 0.176, 0.010, 0.019, 0.107]"
42.52,42.56,Gaeul,0.9971029162406921,Gaeul,[0.997],"[0.997, 0.000, 0.004, 0.170, 0.010, 0.021, 0.152]"
42.56,42.6,Gaeul,0.9973433613777161,Gaeul,[0.997],"[0.997, 0.001, 0.004, 0.163, 0.009, 0.024, 0.213]"
42.6,42.64,Gaeul,0.9975293278694153,Gaeul,[0.998],"[0.998, 0.001, 0.004, 0.156, 0.009, 0.027, 0.291]"
42.64,42.68,Gaeul,0.9976670742034912,Gaeul,[0.998],"[0.998, 0.001, 0.004, 0.149, 0.008, 0.030, 0.384]"
42.68,42.72,Gaeul,0.9977623224258423,Gaeul,[0.998],"[0.998, 0.001, 0.004, 0.141, 0.008, 0.034, 0.487]"
42.72,42.76,Gaeul,0.9978208541870117,Gaeul,[0.998],"[0.998, 0.001, 0.004, 0.134, 0.008, 0.039, 0.592]"
42.76,42.8,Gaeul,0.9978466033935547,Gaeul|silence,"[0.998, 0.689]","[0.998, 0.001, 0.004, 0.127, 0.008, 0.044, 0.689]"
42.8,42.84,Gaeul,0.9978421926498413,Gaeul|silence,"[0.998, 0.771]","[0.998, 0.001, 0.004, 0.120, 0.007, 0.051, 0.771]"
42.84,42.88,Gaeul,0.9978088736534119,Gaeul|silence,"[0.998, 0.837]","[0.998, 0.001, 0.004, 0.113, 0.007, 0.058, 0.837]"
42.88,42.92,Gaeul,0.9977471232414246,Gaeul|silence,"[0.998, 0.886]","[0.998, 0.001, 0.005, 0.106, 0.007, 0.066, 0.886]"
42.92,42.96,Gaeul,0.9976582527160645,Gaeul|silence,"[0.998, 0.921]","[0.998, 0.002, 0.005, 0.099, 0.007, 0.074, 0.921]"
42.96,43.0,Gaeul,0.9975427389144897,Gaeul|silence,"[0.998, 0.945]","[0.998, 0.002, 0.005, 0.092, 0.007, 0.083, 0.945]"
43.0,43.04,Gaeul,0.9974006414413452,Gaeul|silence,"[0.997, 0.962]","[0.997, 0.002, 0.005, 0.085, 0.007, 0.092, 0.962]"
43.04,43.08,Gaeul,0.9972319006919861,Gaeul|silence,"[0.997, 0.974]","[0.997, 0.002, 0.006, 0.078, 0.007, 0.102, 0.974]"
43.08,43.12,Gaeul,0.997036337852478,Gaeul|silence,"[0.997, 0.982]","[0.997, 0.002, 0.006, 0.072, 0.008, 0.111, 0.982]"
43.12,43.16,Gaeul,0.9968137145042419,Gaeul|silence,"[0.997, 0.987]","[0.997, 0.002, 0.006, 0.066, 0.008, 0.119, 0.987]"
43.16,43.2,Gaeul,0.9965638518333435,Gaeul|silence,"[0.997, 0.991]","[0.997, 0.002, 0.007, 0.060, 0.008, 0.127, 0.991]"
43.2,43.24,Gaeul,0.9962879419326782,Gaeul|silence,"[0.996, 0.993]","[0.996, 0.002, 0.008, 0.054, 0.008, 0.133, 0.993]"
43.24,43.28,Gaeul,0.995988667011261,Gaeul|silence,"[0.996, 0.995]","[0.996, 0.003, 0.008, 0.049, 0.008, 0.137, 0.995]"
43.28,43.32,silence,0.996061384677887,Gaeul|silence,"[0.996, 0.996]","[0.996, 0.003, 0.010, 0.044, 0.008, 0.139, 0.996]"
43.32,43.36,silence,0.9969096779823303,Gaeul|silence,"[0.995, 0.997]","[0.995, 0.003, 0.011, 0.039, 0.008, 0.139, 0.997]"
43.36,43.4,silence,0.9975112676620483,Gaeul|silence,"[0.995, 0.998]","[0.995, 0.003, 0.013, 0.035, 0.009, 0.137, 0.998]"
43.4,43.44,silence,0.997940719127655,Gaeul|silence,"[0.995, 0.998]","[0.995, 0.003, 0.015, 0.031, 0.009, 0.133, 0.998]"
43.44,43.48,silence,0.998247504234314,Gaeul|silence,"[0.994, 0.998]","[0.994, 0.003, 0.018, 0.027, 0.009, 0.126, 0.998]"
43.48,43.52,silence,0.9984641075134277,Gaeul|silence,"[0.994, 0.998]","[0.994, 0.003, 0.023, 0.024, 0.009, 0.118, 0.998]"
43.52,43.56,silence,0.9986108541488647,Gaeul|silence,"[0.994, 0.999]","[0.994, 0.003, 0.028, 0.021, 0.010, 0.109, 0.999]"
43.56,43.6,silence,0.9987009763717651,Gaeul|silence,"[0.993, 0.999]","[0.993, 0.003, 0.035, 0.018, 0.010, 0.098, 0.999]"
43.6,43.64,silence,0.9987409710884094,Gaeul|silence,"[0.993, 0.999]","[0.993, 0.003, 0.044, 0.016, 0.010, 0.087, 0.999]"
43.64,43.68,silence,0.99873286485672,Gaeul|silence,"[0.993, 0.999]","[0.993, 0.003, 0.055, 0.014, 0.011, 0.077, 0.999]"
43.68,43.72,silence,0.9986739158630371,Gaeul|silence,"[0.993, 0.999]","[0.993, 0.003, 0.069, 0.013, 0.011, 0.066, 0.999]"
43.72,43.76,silence,0.998556911945343,Gaeul|silence,"[0.993, 0.999]","[0.993, 0.003, 0.087, 0.011, 0.012, 0.056, 0.999]"
43.76,43.8,silence,0.9983686804771423,Gaeul|silence,"[0.993, 0.998]","[0.993, 0.003, 0.107, 0.010, 0.012, 0.047, 0.998]"
43.8,43.84,silence,0.9980898499488831,Gaeul|silence,"[0.993, 0.998]","[0.993, 0.003, 0.131, 0.009, 0.013, 0.040, 0.998]"
43.84,43.88,silence,0.9976916313171387,Gaeul|silence,"[0.993, 0.998]","[0.993, 0.003, 0.158, 0.008, 0.014, 0.033, 0.998]"
43.88,43.92,silence,0.9971319437026978,Gaeul|silence,"[0.993, 0.997]","[0.993, 0.003, 0.187, 0.007, 0.015, 0.027, 0.997]"
43.92,43.96,silence,0.9963531494140625,Gaeul|silence,"[0.992, 0.996]","[0.992, 0.003, 0.216, 0.007, 0.016, 0.023, 0.996]"
43.96,44.0,silence,0.9952774047851562,Gaeul|silence,"[0.992, 0.995]","[0.992, 0.003, 0.245, 0.006, 0.017, 0.019, 0.995]"
44.0,44.04,silence,0.9938016533851624,Gaeul|silence,"[0.992, 0.994]","[0.992, 0.002, 0.272, 0.006, 0.019, 0.016, 0.994]"
44.04,44.08,Gaeul,0.9917968511581421,Gaeul|silence,"[0.992, 0.992]","[0.992, 0.002, 0.296, 0.005, 0.021, 0.013, 0.992]"
44.08,44.12,Gaeul,0.9914146065711975,Gaeul|silence,"[0.991, 0.989]","[0.991, 0.002, 0.315, 0.005, 0.023, 0.011, 0.989]"
44.12,44.16,Gaeul,0.9909365773200989,Gaeul|silence,"[0.991, 0.985]","[0.991, 0.002, 0.328, 0.004, 0.026, 0.010, 0.985]"
44.16,44.2,Gaeul,0.990349531173706,Gaeul|silence,"[0.990, 0.981]","[0.990, 0.002, 0.335, 0.004, 0.029, 0.008, 0.981]"
44.2,44.24,Gaeul,0.9896388053894043,Gaeul|silence,"[0.990, 0.975]","[0.990, 0.002, 0.336, 0.004, 0.032, 0.007, 0.975]"
44.24,44.28,Gaeul,0.9887940287590027,Gaeul|silence,"[0.989, 0.967]","[0.989, 0.002, 0.330, 0.004, 0.037, 0.007, 0.967]"
44.28,44.32,Gaeul,0.9878056049346924,Gaeul|silence,"[0.988, 0.958]","[0.988, 0.002, 0.318, 0.003, 0.042, 0.006, 0.958]"
44.32,44.36,Gaeul,0.9866624474525452,Gaeul|silence,"[0.987, 0.947]","[0.987, 0.002, 0.301, 0.003, 0.048, 0.006, 0.947]"
44.36,44.4,Gaeul,0.9853529334068298,Gaeul|silence,"[0.985, 0.934]","[0.985, 0.002, 0.279, 0.003, 0.054, 0.005, 0.934]"
44.4,44.44,Gaeul,0.983866274356842,Gaeul|silence,"[0.984, 0.920]","[0.984, 0.002, 0.254, 0.003, 0.062, 0.005, 0.920]"
44.44,44.48,Gaeul,0.9821986556053162,Gaeul|silence,"[0.982, 0.905]","[0.982, 0.002, 0.226, 0.003, 0.071, 0.005, 0.905]"
44.48,44.52,Gaeul,0.9803556203842163,Gaeul|silence,"[0.980, 0.889]","[0.980, 0.002, 0.197, 0.003, 0.082, 0.005, 0.889]"
44.52,44.56,Gaeul,0.9783519506454468,Gaeul|silence,"[0.978, 0.872]","[0.978, 0.002, 0.169, 0.002, 0.093, 0.005, 0.872]"
44.56,44.6,Gaeul,0.9762144684791565,Gaeul|silence,"[0.976, 0.856]","[0.976, 0.001, 0.141, 0.002, 0.106, 0.005, 0.856]"
44.6,44.64,Gaeul,0.9739766716957092,Gaeul|silence,"[0.974, 0.840]","[0.974, 0.001, 0.117, 0.002, 0.121, 0.006, 0.840]"
44.64,44.68,Gaeul,0.9716802835464478,Gaeul|silence,"[0.972, 0.825]","[0.972, 0.001, 0.095, 0.002, 0.136, 0.006, 0.825]"
44.68,44.72,Gaeul,0.9693570137023926,Gaeul|silence,"[0.969, 0.811]","[0.969, 0.001, 0.076, 0.002, 0.153, 0.007, 0.811]"
44.72,44.76,Gaeul,0.967022716999054,Gaeul|silence,"[0.967, 0.798]","[0.967, 0.001, 0.061, 0.002, 0.171, 0.007, 0.798]"
44.76,44.8,Gaeul,0.9646861553192139,Gaeul|silence,"[0.965, 0.786]","[0.965, 0.001, 0.049, 0.002, 0.190, 0.008, 0.786]"
44.8,44.84,Gaeul,0.9623494744300842,Gaeul|silence,"[0.962, 0.774]","[0.962, 0.001, 0.039, 0.002, 0.209, 0.009, 0.774]"
44.84,44.88,Gaeul,0.9600284099578857,Gaeul|silence,"[0.960, 0.762]","[0.960, 0.001, 0.031, 0.002, 0.229, 0.010, 0.762]"
44.88,44.92,Gaeul,0.957719624042511,Gaeul|silence,"[0.958, 0.751]","[0.958, 0.001, 0.025, 0.002, 0.249, 0.011, 0.751]"
44.92,44.96,Gaeul,0.9553837180137634,Gaeul|silence,"[0.955, 0.739]","[0.955, 0.001, 0.021, 0.002, 0.269, 0.012, 0.739]"
44.96,45.0,Gaeul,0.9529760479927063,Gaeul|silence,"[0.953, 0.727]","[0.953, 0.001, 0.017, 0.002, 0.288, 0.014, 0.727]"
45.0,45.04,Gaeul,0.9504955410957336,Gaeul|silence,"[0.950, 0.714]","[0.950, 0.001, 0.014, 0.002, 0.307, 0.015, 0.714]"
45.04,45.08,Gaeul,0.9479637742042542,Gaeul|silence,"[0.948, 0.700]","[0.948, 0.001, 0.012, 0.002, 0.325, 0.018, 0.700]"
45.08,45.12,Gaeul,0.9454165101051331,Gaeul|silence,"[0.945, 0.684]","[0.945, 0.001, 0.010, 0.002, 0.343, 0.020, 0.684]"
45.12,45.16,Gaeul,0.9429057240486145,Gaeul|silence,"[0.943, 0.666]","[0.943, 0.001, 0.009, 0.002, 0.359, 0.023, 0.666]"
45.16,45.2,Gaeul,0.9404960870742798,Gaeul|silence,"[0.940, 0.647]","[0.940, 0.001, 0.008, 0.002, 0.373, 0.026, 0.647]"
45.2,45.24,Gaeul,0.9382704496383667,Gaeul|silence,"[0.938, 0.626]","[0.938, 0.001, 0.007, 0.002, 0.386, 0.030, 0.626]"
45.24,45.28,Gaeul,0.9363318085670471,Gaeul|silence,"[0.936, 0.603]","[0.936, 0.001, 0.006, 0.002, 0.397, 0.035, 0.603]"
45.28,45.32,Gaeul,0.9347723722457886,Gaeul,[0.935],"[0.935, 0.001, 0.006, 0.002, 0.407, 0.040, 0.578]"
45.32,45.36,Gaeul,0.9336722493171692,Gaeul,[0.934],"[0.934, 0.001, 0.005, 0.002, 0.414, 0.047, 0.550]"
45.36,45.4,Gaeul,0.9330993294715881,Gaeul,[0.933],"[0.933, 0.001, 0.005, 0.002, 0.420, 0.053, 0.521]"
45.4,45.44,Gaeul,0.9330978989601135,Gaeul,[0.933],"[0.933, 0.001, 0.004, 0.002, 0.423, 0.061, 0.489]"
45.44,45.48,Gaeul,0.9336823225021362,Gaeul,[0.934],"[0.934, 0.001, 0.004, 0.002, 0.426, 0.070, 0.456]"
45.48,45.52,Gaeul,0.9348652958869934,Gaeul,[0.935],"[0.935, 0.001, 0.004, 0.002, 0.426, 0.080, 0.421]"
45.52,45.56,Gaeul,0.9366326928138733,Gaeul,[0.937],"[0.937, 0.001, 0.003, 0.002, 0.426, 0.090, 0.386]"
45.56,45.6,Gaeul,0.9389359951019287,Gaeul,[0.939],"[0.939, 0.002, 0.003, 0.002, 0.424, 0.102, 0.352]"
45.6,45.64,Gaeul,0.9416808485984802,Gaeul,[0.942],"[0.942, 0.002, 0.003, 0.002, 0.421, 0.115, 0.320]"
45.64,45.68,Gaeul,0.9447614550590515,Gaeul,[0.945],"[0.945, 0.002, 0.003, 0.003, 0.418, 0.130, 0.290]"
45.68,45.72,Gaeul,0.9480571746826172,Gaeul,[0.948],"[0.948, 0.002, 0.003, 0.003, 0.415, 0.145, 0.263]"
45.72,45.76,Gaeul,0.9514479041099548,Gaeul,[0.951],"[0.951, 0.002, 0.002, 0.003, 0.411, 0.162, 0.241]"
45.76,45.8,Gaeul,0.9548483490943909,Gaeul,[0.955],"[0.955, 0.003, 0.002, 0.003, 0.407, 0.181, 0.221]"
45.8,45.84,Gaeul,0.958181619644165,Gaeul,[0.958],"[0.958, 0.003, 0.002, 0.003, 0.404, 0.201, 0.206]"
45.84,45.88,Gaeul,0.9613866209983826,Gaeul,[0.961],"[0.961, 0.003, 0.002, 0.003, 0.401, 0.223, 0.194]"
45.88,45.92,Gaeul,0.9644119143486023,Gaeul,[0.964],"[0.964, 0.003, 0.002, 0.003, 0.398, 0.246, 0.185]"
45.92,45.96,Gaeul,0.9672166109085083,Gaeul,[0.967],"[0.967, 0.004, 0.002, 0.003, 0.397, 0.270, 0.179]"
45.96,46.0,Gaeul,0.9697746634483337,Gaeul,[0.970],"[0.970, 0.004, 0.002, 0.004, 0.397, 0.294, 0.176]"
46.0,46.04,Gaeul,0.9720712304115295,Gaeul,[0.972],"[0.972, 0.004, 0.002, 0.004, 0.398, 0.320, 0.176]"
46.04,46.08,Gaeul,0.9740970134735107,Gaeul,[0.974],"[0.974, 0.004, 0.001, 0.004, 0.400, 0.346, 0.179]"
46.08,46.12,Gaeul,0.9758471846580505,Gaeul,[0.976],"[0.976, 0.005, 0.001, 0.004, 0.404, 0.371, 0.185]"
46.12,46.16,Gaeul,0.9773207902908325,Gaeul,[0.977],"[0.977, 0.005, 0.001, 0.004, 0.409, 0.397, 0.196]"
46.16,46.2,Gaeul,0.9785245060920715,Gaeul,[0.979],"[0.979, 0.005, 0.001, 0.004, 0.417, 0.422, 0.210]"
46.2,46.24,Gaeul,0.9794617295265198,Gaeul,[0.979],"[0.979, 0.005, 0.001, 0.004, 0.425, 0.446, 0.230]"
46.24,46.28,Gaeul,0.9801324009895325,Gaeul,[0.980],"[0.980, 0.005, 0.001, 0.004, 0.436, 0.469, 0.255]"
46.28,46.32,Gaeul,0.9805363416671753,Gaeul,[0.981],"[0.981, 0.005, 0.001, 0.004, 0.449, 0.492, 0.288]"
46.32,46.36,Gaeul,0.9806731939315796,Gaeul,[0.981],"[0.981, 0.005, 0.001, 0.004, 0.463, 0.513, 0.327]"
46.36,46.4,Gaeul,0.9805381894111633,Gaeul,[0.981],"[0.981, 0.005, 0.002, 0.004, 0.479, 0.533, 0.375]"
46.4,46.44,Gaeul,0.980122983455658,Gaeul,[0.980],"[0.980, 0.005, 0.002, 0.004, 0.497, 0.551, 0.429]"
46.44,46.48,Gaeul,0.9794085621833801,Gaeul,[0.979],"[0.979, 0.005, 0.002, 0.004, 0.516, 0.568, 0.489]"
46.48,46.52,Gaeul,0.9783658981323242,Gaeul,[0.978],"[0.978, 0.004, 0.002, 0.005, 0.536, 0.584, 0.554]"
46.52,46.56,Gaeul,0.9769620895385742,Gaeul,[0.977],"[0.977, 0.004, 0.002, 0.005, 0.558, 0.599, 0.619]"
46.56,46.6,Gaeul,0.9751589894294739,Gaeul|silence,"[0.975, 0.683]","[0.975, 0.004, 0.002, 0.005, 0.579, 0.612, 0.683]"
46.6,46.64,Gaeul,0.9729137420654297,Gaeul|silence,"[0.973, 0.741]","[0.973, 0.004, 0.002, 0.005, 0.601, 0.624, 0.741]"
46.64,46.68,Gaeul,0.9701894521713257,Gaeul|silence,"[0.970, 0.793]","[0.970, 0.004, 0.002, 0.005, 0.623, 0.635, 0.793]"
46.68,46.72,Gaeul,0.9669723510742188,Gaeul|silence,"[0.967, 0.837]","[0.967, 0.003, 0.003, 0.005, 0.645, 0.646, 0.837]"
46.72,46.76,Gaeul,0.9632778763771057,Gaeul|silence,"[0.963, 0.873]","[0.963, 0.003, 0.003, 0.006, 0.665, 0.655, 0.873]"
46.76,46.8,Gaeul,0.9591507911682129,Gaeul|silence,"[0.959, 0.902]","[0.959, 0.003, 0.003, 0.006, 0.685, 0.663, 0.902]"
46.8,46.84,Gaeul,0.9546862840652466,Gaeul|silence,"[0.955, 0.926]","[0.955, 0.003, 0.003, 0.006, 0.703, 0.670, 0.926]"
46.84,46.88,Gaeul,0.9500188827514648,Gaeul|silence,"[0.950, 0.944]","[0.950, 0.002, 0.003, 0.007, 0.719, 0.677, 0.944]"
46.88,46.92,silence,0.9579595923423767,Gaeul|silence,"[0.945, 0.958]","[0.945, 0.002, 0.004, 0.007, 0.734, 0.682, 0.958]"
46.92,46.96,silence,0.9685975909233093,Gaeul|silence,"[0.941, 0.969]","[0.941, 0.002, 0.004, 0.008, 0.746, 0.687, 0.969]"
46.96,47.0,silence,0.9765755534172058,Gaeul|silence,"[0.937, 0.977]","[0.937, 0.002, 0.004, 0.008, 0.756, 0.691, 0.977]"
47.0,47.04,silence,0.9825171828269958,Gaeul|silence,"[0.934, 0.983]","[0.934, 0.002, 0.004, 0.009, 0.764, 0.693, 0.983]"
47.04,47.08,silence,0.9869263172149658,Gaeul|silence,"[0.932, 0.987]","[0.932, 0.002, 0.004, 0.009, 0.769, 0.695, 0.987]"
47.08,47.12,silence,0.9901868104934692,Gaeul|silence,"[0.931, 0.990]","[0.931, 0.001, 0.004, 0.010, 0.772, 0.694, 0.990]"
47.12,47.16,silence,0.9925906658172607,Gaeul|silence,"[0.931, 0.993]","[0.931, 0.001, 0.004, 0.011, 0.772, 0.691, 0.993]"
47.16,47.2,silence,0.994361162185669,Gaeul|silence,"[0.931, 0.994]","[0.931, 0.001, 0.004, 0.012, 0.769, 0.687, 0.994]"
47.2,47.24,silence,0.9956641793251038,Gaeul|silence,"[0.933, 0.996]","[0.933, 0.001, 0.003, 0.013, 0.764, 0.680, 0.996]"
47.24,47.28,silence,0.9966245889663696,Gaeul|silence,"[0.935, 0.997]","[0.935, 0.001, 0.003, 0.015, 0.755, 0.671, 0.997]"
47.28,47.32,silence,0.9973360896110535,Gaeul|silence,"[0.937, 0.997]","[0.937, 0.001, 0.003, 0.016, 0.744, 0.661, 0.997]"
47.32,47.36,silence,0.9978664517402649,Gaeul|silence,"[0.939, 0.998]","[0.939, 0.001, 0.002, 0.018, 0.729, 0.650, 0.998]"
47.36,47.4,silence,0.9982649683952332,Gaeul|silence,"[0.942, 0.998]","[0.942, 0.001, 0.002, 0.020, 0.711, 0.638, 0.998]"
47.4,47.44,silence,0.9985681772232056,Gaeul|silence,"[0.944, 0.999]","[0.944, 0.001, 0.002, 0.022, 0.688, 0.625, 0.999]"
47.44,47.48,silence,0.9988008737564087,Gaeul|silence,"[0.946, 0.999]","[0.946, 0.001, 0.002, 0.025, 0.662, 0.612, 0.999]"
47.48,47.52,silence,0.9989798665046692,Gaeul|silence,"[0.948, 0.999]","[0.948, 0.001, 0.001, 0.027, 0.631, 0.599, 0.999]"
47.52,47.56,silence,0.9991181492805481,Gaeul|silence,"[0.950, 0.999]","[0.950, 0.001, 0.001, 0.030, 0.596, 0.586, 0.999]"
47.56,47.6,silence,0.9992251396179199,Gaeul|silence,"[0.951, 0.999]","[0.951, 0.001, 0.001, 0.033, 0.557, 0.573, 0.999]"
47.6,47.64,silence,0.9993075132369995,Gaeul|silence,"[0.952, 0.999]","[0.952, 0.001, 0.001, 0.036, 0.515, 0.561, 0.999]"
47.64,47.68,silence,0.9993698000907898,Gaeul|silence,"[0.952, 0.999]","[0.952, 0.001, 0.001, 0.039, 0.470, 0.549, 0.999]"
47.68,47.72,silence,0.9994155168533325,Gaeul|silence,"[0.952, 0.999]","[0.952, 0.001, 0.001, 0.043, 0.422, 0.539, 0.999]"
47.72,47.76,silence,0.999447762966156,Gaeul|silence,"[0.951, 0.999]","[0.951, 0.001, 0.001, 0.046, 0.374, 0.529, 0.999]"
47.76,47.8,silence,0.9994687438011169,Gaeul|silence,"[0.949, 0.999]","[0.949, 0.001, 0.001, 0.050, 0.326, 0.521, 0.999]"
47.8,47.84,silence,0.9994801878929138,Gaeul|silence,"[0.947, 0.999]","[0.947, 0.001, 0.000, 0.054, 0.279, 0.514, 0.999]"
47.84,47.88,silence,0.9994833469390869,Gaeul|silence,"[0.944, 0.999]","[0.944, 0.001, 0.000, 0.058, 0.236, 0.509, 0.999]"
47.88,47.92,silence,0.9994795918464661,Gaeul|silence,"[0.939, 0.999]","[0.939, 0.001, 0.000, 0.062, 0.196, 0.506, 0.999]"
47.92,47.96,silence,0.9994695782661438,Gaeul|silence,"[0.934, 0.999]","[0.934, 0.001, 0.000, 0.066, 0.161, 0.504, 0.999]"
47.96,48.0,silence,0.9994539618492126,Gaeul|silence,"[0.927, 0.999]","[0.927, 0.001, 0.000, 0.071, 0.130, 0.505, 0.999]"
48.0,48.04,silence,0.9994333386421204,Gaeul|silence,"[0.919, 0.999]","[0.919, 0.001, 0.000, 0.075, 0.105, 0.507, 0.999]"
48.04,48.08,silence,0.9994076490402222,Gaeul|silence,"[0.908, 0.999]","[0.908, 0.001, 0.000, 0.079, 0.083, 0.510, 0.999]"
48.08,48.12,silence,0.999376118183136,Gaeul|silence,"[0.895, 0.999]","[0.895, 0.001, 0.000, 0.083, 0.066, 0.515, 0.999]"
48.12,48.16,silence,0.9993379712104797,Gaeul|silence,"[0.879, 0.999]","[0.879, 0.002, 0.000, 0.087, 0.052, 0.520, 0.999]"
48.16,48.2,silence,0.9992924928665161,Gaeul|silence,"[0.860, 0.999]","[0.860, 0.002, 0.000, 0.092, 0.041, 0.527, 0.999]"
48.2,48.24,silence,0.9992383718490601,Gaeul|silence,"[0.838, 0.999]","[0.838, 0.002, 0.000, 0.096, 0.032, 0.534, 0.999]"
48.24,48.28,silence,0.9991742968559265,Gaeul|silence,"[0.811, 0.999]","[0.811, 0.002, 0.000, 0.100, 0.025, 0.542, 0.999]"
48.28,48.32,silence,0.9990987777709961,Gaeul|silence,"[0.780, 0.999]","[0.780, 0.002, 0.000, 0.104, 0.020, 0.550, 0.999]"
48.32,48.36,silence,0.9990098476409912,Gaeul|silence,"[0.745, 0.999]","[0.745, 0.002, 0.000, 0.109, 0.016, 0.559, 0.999]"
48.36,48.4,silence,0.9989063739776611,Gaeul|silence,"[0.706, 0.999]","[0.706, 0.002, 0.000, 0.113, 0.013, 0.567, 0.999]"
48.4,48.44,silence,0.9987866282463074,Gaeul|silence,"[0.664, 0.999]","[0.664, 0.002, 0.000, 0.117, 0.010, 0.576, 0.999]"
48.44,48.48,silence,0.998648464679718,Gaeul|silence,"[0.620, 0.999]","[0.620, 0.002, 0.000, 0.121, 0.009, 0.585, 0.999]"
48.48,48.52,silence,0.9984891414642334,silence,[0.998],"[0.575, 0.002, 0.000, 0.125, 0.007, 0.593, 0.998]"
48.52,48.56,silence,0.9983056783676147,silence,[0.998],"[0.530, 0.002, 0.000, 0.129, 0.006, 0.600, 0.998]"
48.56,48.6,silence,0.9980955719947815,silence,[0.998],"[0.486, 0.002, 0.001, 0.134, 0.005, 0.605, 0.998]"
48.6,48.64,silence,0.9978571534156799,silence,[0.998],"[0.444, 0.002, 0.001, 0.138, 0.004, 0.610, 0.998]"
48.64,48.68,silence,0.9975888729095459,silence,[0.998],"[0.406, 0.002, 0.001, 0.143, 0.004, 0.612, 0.998]"
48.68,48.72,silence,0.997287392616272,silence,[0.997],"[0.370, 0.002, 0.001, 0.147, 0.003, 0.613, 0.997]"
48.72,48.76,silence,0.9969461560249329,silence,[0.997],"[0.337, 0.002, 0.001, 0.152, 0.003, 0.611, 0.997]"
48.76,48.8,silence,0.9965552091598511,silence,[0.997],"[0.306, 0.003, 0.001, 0.157, 0.003, 0.606, 0.997]"
48.8,48.84,silence,0.9961005449295044,silence,[0.996],"[0.278, 0.003, 0.001, 0.162, 0.003, 0.599, 0.996]"
48.84,48.88,silence,0.9955641031265259,silence,[0.996],"[0.253, 0.003, 0.001, 0.167, 0.002, 0.590, 0.996]"
48.88,48.92,silence,0.9949215054512024,silence,[0.995],"[0.229, 0.003, 0.001, 0.172, 0.002, 0.577, 0.995]"
48.92,48.96,silence,0.9941455125808716,silence,[0.994],"[0.206, 0.003, 0.001, 0.178, 0.002, 0.562, 0.994]"
48.96,49.0,silence,0.9932034015655518,silence,[0.993],"[0.186, 0.003, 0.001, 0.183, 0.002, 0.544, 0.993]"
49.0,49.04,silence,0.9920545816421509,silence,[0.992],"[0.166, 0.003, 0.001, 0.188, 0.002, 0.523, 0.992]"
49.04,49.08,silence,0.990642249584198,silence,[0.991],"[0.147, 0.003, 0.001, 0.194, 0.002, 0.501, 0.991]"
49.08,49.12,silence,0.9888896942138672,silence,[0.989],"[0.130, 0.004, 0.001, 0.199, 0.002, 0.478, 0.989]"
49.12,49.16,silence,0.9867056012153625,silence,[0.987],"[0.115, 0.004, 0.001, 0.204, 0.002, 0.454, 0.987]"
49.16,49.2,silence,0.9839755296707153,silence,[0.984],"[0.101, 0.004, 0.001, 0.209, 0.002, 0.429, 0.984]"
49.2,49.24,silence,0.9805634021759033,silence,[0.981],"[0.088, 0.004, 0.001, 0.214, 0.003, 0.404, 0.981]"
49.24,49.28,silence,0.9762938618659973,silence,[0.976],"[0.076, 0.004, 0.001, 0.218, 0.003, 0.380, 0.976]"
49.28,49.32,silence,0.9709317088127136,silence,[0.971],"[0.066, 0.005, 0.002, 0.223, 0.003, 0.355, 0.971]"
49.32,49.36,silence,0.9641860723495483,silence,[0.964],"[0.057, 0.005, 0.002, 0.227, 0.003, 0.332, 0.964]"
49.36,49.4,silence,0.9556982517242432,silence,[0.956],"[0.049, 0.005, 0.002, 0.232, 0.004, 0.310, 0.956]"
49.4,49.44,silence,0.9449944496154785,silence,[0.945],"[0.042, 0.006, 0.002, 0.236, 0.004, 0.290, 0.945]"
49.44,49.48,silence,0.9314956068992615,silence,[0.931],"[0.036, 0.006, 0.003, 0.240, 0.005, 0.271, 0.931]"
49.48,49.52,silence,0.9144817590713501,silence,[0.914],"[0.030, 0.006, 0.003, 0.244, 0.006, 0.253, 0.914]"
49.52,49.56,silence,0.893123209476471,silence,[0.893],"[0.025, 0.007, 0.003, 0.247, 0.007, 0.237, 0.893]"
49.56,49.6,silence,0.8665255904197693,silence,[0.867],"[0.021, 0.007, 0.004, 0.251, 0.008, 0.223, 0.867]"
49.6,49.64,silence,0.8339830040931702,silence,[0.834],"[0.018, 0.007, 0.004, 0.254, 0.009, 0.211, 0.834]"
49.64,49.68,silence,0.795164167881012,silence,[0.795],"[0.015, 0.008, 0.005, 0.256, 0.011, 0.200, 0.795]"
49.68,49.72,silence,0.7500959038734436,silence,[0.750],"[0.012, 0.008, 0.006, 0.258, 0.013, 0.191, 0.750]"
49.72,49.76,silence,0.6993014216423035,silence,[0.699],"[0.010, 0.009, 0.006, 0.259, 0.016, 0.183, 0.699]"
49.76,49.8,silence,0.6438724994659424,silence,[0.644],"[0.009, 0.009, 0.007, 0.258, 0.019, 0.177, 0.644]"
49.8,49.84,silence,0.5852462649345398,silence,[0.585],"[0.007, 0.009, 0.008, 0.257, 0.022, 0.172, 0.585]"
49.84,49.88,silence,0.5250939130783081,,[],"[0.006, 0.010, 0.009, 0.256, 0.027, 0.169, 0.525]"
49.88,49.92,silence,0.4651689827442169,,[],"[0.005, 0.010, 0.010, 0.253, 0.031, 0.167, 0.465]"
49.92,49.96,silence,0.4070705473423004,,[],"[0.004, 0.011, 0.011, 0.249, 0.037, 0.165, 0.407]"
49.96,50.0,silence,0.3520933985710144,,[],"[0.004, 0.011, 0.012, 0.244, 0.043, 0.165, 0.352]"
50.0,50.04,silence,0.30123594403266907,,[],"[0.003, 0.012, 0.013, 0.238, 0.049, 0.165, 0.301]"
50.04,50.08,silence,0.2552229166030884,,[],"[0.003, 0.012, 0.013, 0.230, 0.057, 0.167, 0.255]"
50.08,50.12,Wonyoung,0.22183091938495636,,[],"[0.002, 0.013, 0.014, 0.222, 0.065, 0.169, 0.214]"
50.12,50.16,Wonyoung,0.21229320764541626,,[],"[0.002, 0.013, 0.014, 0.212, 0.073, 0.171, 0.179]"
50.16,50.2,Wonyoung,0.20175769925117493,,[],"[0.002, 0.014, 0.015, 0.202, 0.081, 0.174, 0.148]"
50.2,50.24,Wonyoung,0.19034896790981293,,[],"[0.002, 0.015, 0.015, 0.190, 0.089, 0.177, 0.122]"
50.24,50.28,Leeseo,0.1804637908935547,,[],"[0.002, 0.015, 0.015, 0.178, 0.097, 0.180, 0.100]"
50.28,50.32,Leeseo,0.1838424652814865,,[],"[0.002, 0.016, 0.015, 0.166, 0.105, 0.184, 0.082]"
50.32,50.36,Leeseo,0.18705196678638458,,[],"[0.002, 0.017, 0.015, 0.153, 0.112, 0.187, 0.066]"
50.36,50.4,Leeseo,0.1898961216211319,,[],"[0.002, 0.019, 0.015, 0.140, 0.118, 0.190, 0.054]"
50.4,50.44,Leeseo,0.1921588033437729,,[],"[0.002, 0.020, 0.014, 0.128, 0.123, 0.192, 0.043]"
50.44,50.48,Leeseo,0.19361819326877594,,[],"[0.002, 0.022, 0.014, 0.115, 0.127, 0.194, 0.035]"
50.48,50.52,Leeseo,0.19405698776245117,,[],"[0.002, 0.024, 0.013, 0.104, 0.130, 0.194, 0.028]"
50.52,50.56,Leeseo,0.19329684972763062,,[],"[0.002, 0.026, 0.012, 0.092, 0.132, 0.193, 0.022]"
50.56,50.6,Leeseo,0.1912679821252823,,[],"[0.002, 0.029, 0.012, 0.082, 0.133, 0.191, 0.017]"
50.6,50.64,Leeseo,0.1879269778728485,,[],"[0.002, 0.032, 0.011, 0.073, 0.133, 0.188, 0.014]"
50.64,50.68,Leeseo,0.18326281011104584,,[],"[0.002, 0.036, 0.010, 0.064, 0.132, 0.183, 0.011]"
50.68,50.72,Leeseo,0.17732687294483185,,[],"[0.003, 0.041, 0.009, 0.056, 0.130, 0.177, 0.008]"
50.72,50.76,Leeseo,0.17030543088912964,,[],"[0.003, 0.047, 0.009, 0.049, 0.128, 0.170, 0.007]"
50.76,50.8,Leeseo,0.1624692976474762,,[],"[0.003, 0.054, 0.008, 0.044, 0.126, 0.162, 0.005]"
50.8,50.84,Leeseo,0.15411299467086792,,[],"[0.003, 0.062, 0.008, 0.038, 0.123, 0.154, 0.004]"
50.84,50.88,Leeseo,0.14550600945949554,,[],"[0.004, 0.072, 0.007, 0.034, 0.119, 0.146, 0.003]"
50.88,50.92,Leeseo,0.13688351213932037,,[],"[0.004, 0.083, 0.007, 0.030, 0.115, 0.137, 0.002]"
50.92,50.96,Leeseo,0.12845289707183838,,[],"[0.005, 0.096, 0.006, 0.027, 0.111, 0.128, 0.002]"
50.96,51.0,Leeseo,0.12037668377161026,,[],"[0.005, 0.111, 0.006, 0.024, 0.106, 0.120, 0.001]"
51.0,51.04,Yujin,0.12836095690727234,,[],"[0.006, 0.128, 0.005, 0.022, 0.101, 0.113, 0.001]"
51.04,51.08,Yujin,0.1475653201341629,,[],"[0.006, 0.148, 0.005, 0.020, 0.097, 0.106, 0.001]"
51.08,51.12,Yujin,0.16861341893672943,,[],"[0.007, 0.169, 0.005, 0.019, 0.092, 0.099, 0.001]"
51.12,51.16,Yujin,0.19112397730350494,,[],"[0.007, 0.191, 0.004, 0.017, 0.087, 0.094, 0.001]"
51.16,51.2,Yujin,0.2145649641752243,,[],"[0.008, 0.215, 0.004, 0.016, 0.083, 0.089, 0.001]"
51.2,51.24,Yujin,0.23830880224704742,,[],"[0.008, 0.238, 0.004, 0.015, 0.079, 0.084, 0.000]"
51.24,51.28,Yujin,0.26160019636154175,,[],"[0.009, 0.262, 0.003, 0.014, 0.076, 0.081, 0.000]"
51.28,51.32,Yujin,0.28359872102737427,,[],"[0.009, 0.284, 0.003, 0.014, 0.072, 0.078, 0.000]"
51.32,51.36,Yujin,0.3035348355770111,,[],"[0.010, 0.304, 0.003, 0.013, 0.069, 0.077, 0.000]"
51.36,51.4,Yujin,0.3206862211227417,,[],"[0.010, 0.321, 0.003, 0.013, 0.067, 0.076, 0.000]"
51.4,51.44,Yujin,0.3342849612236023,,[],"[0.010, 0.334, 0.003, 0.012, 0.065, 0.075, 0.000]"
51.44,51.48,Yujin,0.3437238335609436,,[],"[0.010, 0.344, 0.002, 0.012, 0.064, 0.076, 0.000]"
51.48,51.52,Yujin,0.34852755069732666,,[],"[0.010, 0.349, 0.002, 0.011, 0.063, 0.077, 0.000]"
51.52,51.56,Yujin,0.3484073281288147,,[],"[0.010, 0.348, 0.002, 0.011, 0.062, 0.080, 0.001]"
51.56,51.6,Yujin,0.3431759774684906,,[],"[0.010, 0.343, 0.002, 0.011, 0.062, 0.083, 0.001]"
51.6,51.64,Yujin,0.33278483152389526,,[],"[0.009, 0.333, 0.002, 0.010, 0.063, 0.088, 0.001]"
51.64,51.68,Yujin,0.31736698746681213,,[],"[0.009, 0.317, 0.002, 0.010, 0.064, 0.093, 0.001]"
51.68,51.72,Yujin,0.2972800135612488,,[],"[0.009, 0.297, 0.002, 0.010, 0.066, 0.100, 0.002]"
51.72,51.76,Yujin,0.2732178568840027,,[],"[0.008, 0.273, 0.001, 0.010, 0.069, 0.109, 0.002]"
51.76,51.8,Yujin,0.2461804896593094,,[],"[0.008, 0.246, 0.001, 0.009, 0.072, 0.118, 0.003]"
51.8,51.84,Yujin,0.2173129767179489,,[],"[0.007, 0.217, 0.001, 0.009, 0.075, 0.130, 0.005]"
51.84,51.88,Yujin,0.18788836896419525,,[],"[0.007, 0.188, 0.001, 0.009, 0.079, 0.143, 0.008]"
51.88,51.92,Yujin,0.15924200415611267,,[],"[0.006, 0.159, 0.001, 0.009, 0.084, 0.157, 0.013]"
51.92,51.96,Leeseo,0.17420034110546112,,[],"[0.006, 0.132, 0.001, 0.009, 0.090, 0.174, 0.021]"
51.96,52.0,Leeseo,0.19281210005283356,,[],"[0.006, 0.108, 0.001, 0.009, 0.095, 0.193, 0.033]"
52.0,52.04,Leeseo,0.21328096091747284,,[],"[0.005, 0.087, 0.001, 0.009, 0.101, 0.213, 0.053]"
52.04,52.08,Leeseo,0.23545590043067932,,[],"[0.005, 0.070, 0.001, 0.009, 0.107, 0.235, 0.084]"
52.08,52.12,Leeseo,0.259073942899704,,[],"[0.005, 0.055, 0.001, 0.009, 0.113, 0.259, 0.130]"
52.12,52.16,Leeseo,0.28375956416130066,,[],"[0.004, 0.043, 0.001, 0.009, 0.118, 0.284, 0.196]"
52.16,52.2,Leeseo,0.3089824914932251,,[],"[0.004, 0.034, 0.001, 0.010, 0.123, 0.309, 0.281]"
52.2,52.24,silence,0.3824706971645355,,[],"[0.004, 0.027, 0.001, 0.010, 0.127, 0.334, 0.382]"
52.24,52.28,silence,0.49194979667663574,,[],"[0.004, 0.021, 0.001, 0.010, 0.130, 0.358, 0.492]"
52.28,52.32,silence,0.5980124473571777,,[],"[0.004, 0.017, 0.001, 0.011, 0.132, 0.381, 0.598]"
52.32,52.36,silence,0.6914135217666626,silence,[0.691],"[0.003, 0.014, 0.001, 0.011, 0.133, 0.402, 0.691]"
52.36,52.4,silence,0.7674970030784607,silence,[0.767],"[0.003, 0.011, 0.001, 0.012, 0.133, 0.420, 0.767]"
52.4,52.44,silence,0.8260229825973511,silence,[0.826],"[0.003, 0.009, 0.001, 0.012, 0.131, 0.436, 0.826]"
52.44,52.48,silence,0.8694040775299072,silence,[0.869],"[0.003, 0.008, 0.001, 0.013, 0.128, 0.448, 0.869]"
52.48,52.52,silence,0.9008908271789551,silence,[0.901],"[0.003, 0.007, 0.001, 0.014, 0.124, 0.456, 0.901]"
52.52,52.56,silence,0.9235765933990479,silence,[0.924],"[0.003, 0.006, 0.001, 0.015, 0.119, 0.462, 0.924]"
52.56,52.6,silence,0.9399221539497375,silence,[0.940],"[0.003, 0.005, 0.002, 0.016, 0.113, 0.464, 0.940]"
52.6,52.64,silence,0.9517578482627869,silence,[0.952],"[0.003, 0.005, 0.002, 0.017, 0.106, 0.463, 0.952]"
52.64,52.68,silence,0.9604052901268005,silence,[0.960],"[0.003, 0.005, 0.002, 0.019, 0.099, 0.459, 0.960]"
52.68,52.72,silence,0.9667815566062927,silence,[0.967],"[0.003, 0.005, 0.002, 0.020, 0.091, 0.452, 0.967]"
52.72,52.76,silence,0.9715266227722168,silence,[0.972],"[0.003, 0.005, 0.003, 0.022, 0.084, 0.443, 0.972]"
52.76,52.8,silence,0.9750871062278748,silence,[0.975],"[0.004, 0.005, 0.003, 0.024, 0.077, 0.433, 0.975]"
52.8,52.84,silence,0.9777863621711731,silence,[0.978],"[0.004, 0.005, 0.003, 0.026, 0.070, 0.420, 0.978]"
52.84,52.88,silence,0.9798502922058105,silence,[0.980],"[0.004, 0.005, 0.004, 0.029, 0.064, 0.406, 0.980]"
52.88,52.92,silence,0.981437087059021,silence,[0.981],"[0.004, 0.005, 0.005, 0.031, 0.059, 0.390, 0.981]"
52.92,52.96,silence,0.9826415181159973,silence,[0.983],"[0.004, 0.005, 0.006, 0.034, 0.054, 0.375, 0.983]"
52.96,53.0,silence,0.9835307002067566,silence,[0.984],"[0.005, 0.006, 0.007, 0.037, 0.050, 0.359, 0.984]"
53.0,53.04,silence,0.9841538071632385,silence,[0.984],"[0.005, 0.006, 0.009, 0.041, 0.046, 0.344, 0.984]"
53.04,53.08,silence,0.9845458269119263,silence,[0.985],"[0.005, 0.007, 0.011, 0.044, 0.043, 0.329, 0.985]"
53.08,53.12,silence,0.9847311973571777,silence,[0.985],"[0.006, 0.007, 0.014, 0.048, 0.040, 0.316, 0.985]"
53.12,53.16,silence,0.9847213625907898,silence,[0.985],"[0.006, 0.008, 0.017, 0.051, 0.038, 0.305, 0.985]"
53.16,53.2,silence,0.9845072031021118,silence,[0.985],"[0.006, 0.008, 0.022, 0.055, 0.037, 0.295, 0.985]"
53.2,53.24,silence,0.9840615391731262,silence,[0.984],"[0.007, 0.009, 0.028, 0.059, 0.035, 0.288, 0.984]"
53.24,53.28,silence,0.9833478331565857,silence,[0.983],"[0.007, 0.009, 0.035, 0.063, 0.034, 0.282, 0.983]"
53.28,53.32,silence,0.9823266863822937,silence,[0.982],"[0.008, 0.009, 0.044, 0.067, 0.033, 0.279, 0.982]"
53.32,53.36,silence,0.9809280037879944,silence,[0.981],"[0.008, 0.010, 0.055, 0.071, 0.032, 0.277, 0.981]"
53.36,53.4,silence,0.9790536165237427,silence,[0.979],"[0.009, 0.010, 0.068, 0.075, 0.032, 0.278, 0.979]"
53.4,53.44,silence,0.9765739440917969,silence,[0.977],"[0.010, 0.010, 0.083, 0.079, 0.031, 0.281, 0.977]"
53.44,53.48,silence,0.9733074307441711,silence,[0.973],"[0.010, 0.010, 0.101, 0.083, 0.031, 0.286, 0.973]"
53.48,53.52,silence,0.9689962267875671,silence,[0.969],"[0.011, 0.011, 0.121, 0.086, 0.030, 0.293, 0.969]"
53.52,53.56,silence,0.9633092880249023,silence,[0.963],"[0.012, 0.011, 0.143, 0.089, 0.030, 0.301, 0.963]"
53.56,53.6,silence,0.9557871222496033,silence,[0.956],"[0.013, 0.011, 0.167, 0.092, 0.029, 0.311, 0.956]"
53.6,53.64,silence,0.9458026885986328,silence,[0.946],"[0.013, 0.011, 0.192, 0.095, 0.029, 0.322, 0.946]"
53.64,53.68,silence,0.93256014585495,silence,[0.933],"[0.014, 0.011, 0.217, 0.098, 0.028, 0.335, 0.933]"
53.68,53.72,silence,0.9150641560554504,silence,[0.915],"[0.015, 0.011, 0.242, 0.100, 0.027, 0.348, 0.915]"
53.72,53.76,silence,0.8921249508857727,silence,[0.892],"[0.016, 0.011, 0.265, 0.101, 0.027, 0.362, 0.892]"
53.76,53.8,silence,0.8623970746994019,silence,[0.862],"[0.016, 0.012, 0.286, 0.102, 0.026, 0.375, 0.862]"
53.8,53.84,silence,0.8245927691459656,silence,[0.825],"[0.017, 0.012, 0.302, 0.103, 0.025, 0.388, 0.825]"
53.84,53.88,silence,0.7777915596961975,silence,[0.778],"[0.017, 0.013, 0.315, 0.103, 0.024, 0.399, 0.778]"
53.88,53.92,silence,0.7219095230102539,silence,[0.722],"[0.017, 0.014, 0.324, 0.103, 0.022, 0.409, 0.722]"
53.92,53.96,silence,0.6581841111183167,silence,[0.658],"[0.018, 0.015, 0.327, 0.103, 0.021, 0.417, 0.658]"
53.96,54.0,silence,0.5893321633338928,silence,[0.589],"[0.018, 0.016, 0.326, 0.102, 0.020, 0.422, 0.589]"
54.0,54.04,silence,0.5188985466957092,,[],"[0.018, 0.018, 0.320, 0.101, 0.019, 0.424, 0.519]"
54.04,54.08,silence,0.4506467580795288,,[],"[0.017, 0.020, 0.310, 0.100, 0.018, 0.423, 0.451]"
54.08,54.12,Leeseo,0.4186170995235443,,[],"[0.017, 0.022, 0.295, 0.098, 0.017, 0.419, 0.388]"
54.12,54.16,Leeseo,0.41089046001434326,,[],"[0.016, 0.025, 0.277, 0.096, 0.016, 0.411, 0.332]"
54.16,54.2,Leeseo,0.3997628390789032,,[],"[0.016, 0.029, 0.255, 0.094, 0.015, 0.400, 0.285]"
54.2,54.24,Leeseo,0.38537588715553284,,[],"[0.015, 0.034, 0.232, 0.092, 0.014, 0.385, 0.246]"
54.24,54.28,Leeseo,0.3679378628730774,,[],"[0.015, 0.041, 0.207, 0.089, 0.013, 0.368, 0.214]"
54.28,54.32,Leeseo,0.3478110432624817,,[],"[0.014, 0.048, 0.182, 0.087, 0.013, 0.348, 0.188]"
54.32,54.36,Leeseo,0.3254413306713104,,[],"[0.013, 0.058, 0.157, 0.084, 0.012, 0.325, 0.167]"
54.36,54.4,Leeseo,0.3013894557952881,,[],"[0.012, 0.070, 0.134, 0.082, 0.012, 0.301, 0.151]"
54.4,54.44,Leeseo,0.2762752175331116,,[],"[0.012, 0.084, 0.113, 0.079, 0.011, 0.276, 0.138]"
54.44,54.48,Leeseo,0.2507457435131073,,[],"[0.011, 0.101, 0.094, 0.076, 0.011, 0.251, 0.128]"
54.48,54.52,Leeseo,0.2255038022994995,,[],"[0.011, 0.121, 0.077, 0.074, 0.011, 0.226, 0.120]"
54.52,54.56,Leeseo,0.20125305652618408,,[],"[0.010, 0.144, 0.063, 0.071, 0.010, 0.201, 0.115]"
54.56,54.6,Leeseo,0.17849332094192505,,[],"[0.010, 0.170, 0.051, 0.069, 0.010, 0.178, 0.111]"
54.6,54.64,Yujin,0.19839103519916534,,[],"[0.009, 0.198, 0.041, 0.067, 0.010, 0.158, 0.109]"
54.64,54.68,Yujin,0.22913342714309692,,[],"[0.009, 0.229, 0.033, 0.065, 0.010, 0.139, 0.108]"
54.68,54.72,Yujin,0.26127946376800537,,[],"[0.009, 0.261, 0.026, 0.063, 0.011, 0.122, 0.109]"
54.72,54.76,Yujin,0.29403242468833923,,[],"[0.009, 0.294, 0.021, 0.062, 0.011, 0.107, 0.110]"
54.76,54.8,Yujin,0.32668203115463257,,[],"[0.009, 0.327, 0.017, 0.060, 0.011, 0.094, 0.112]"
54.8,54.84,Yujin,0.3586348295211792,,[],"[0.009, 0.359, 0.013, 0.059, 0.011, 0.082, 0.114]"
54.84,54.88,Yujin,0.38949766755104065,,[],"[0.009, 0.389, 0.011, 0.059, 0.012, 0.072, 0.116]"
54.88,54.92,Yujin,0.419168084859848,,[],"[0.009, 0.419, 0.008, 0.059, 0.012, 0.064, 0.117]"
54.92,54.96,Yujin,0.4477549195289612,,[],"[0.009, 0.448, 0.007, 0.059, 0.013, 0.057, 0.118]"
54.96,55.0,Yujin,0.4754309356212616,,[],"[0.010, 0.475, 0.005, 0.059, 0.013, 0.050, 0.118]"
55.0,55.04,Yujin,0.5024144053459167,,[],"[0.010, 0.502, 0.004, 0.060, 0.014, 0.045, 0.117]"
55.04,55.08,Yujin,0.528850257396698,,[],"[0.010, 0.529, 0.003, 0.062, 0.014, 0.040, 0.115]"
55.08,55.12,Yujin,0.5547532439231873,,[],"[0.010, 0.555, 0.003, 0.064, 0.015, 0.037, 0.112]"
55.12,55.16,Yujin,0.5800130367279053,,[],"[0.010, 0.580, 0.002, 0.067, 0.016, 0.033, 0.108]"
55.16,55.2,Yujin,0.6044408679008484,,[],"[0.011, 0.604, 0.002, 0.070, 0.016, 0.031, 0.102]"
55.2,55.24,Yujin,0.627906858921051,Yujin,[0.628],"[0.011, 0.628, 0.001, 0.074, 0.017, 0.028, 0.097]"
55.24,55.28,Yujin,0.6502059102058411,Yujin,[0.650],"[0.011, 0.650, 0.001, 0.078, 0.018, 0.027, 0.090]"
55.28,55.32,Yujin,0.6710820198059082,Yujin,[0.671],"[0.011, 0.671, 0.001, 0.082, 0.019, 0.025, 0.083]"
55.32,55.36,Yujin,0.6902845501899719,Yujin,[0.690],"[0.011, 0.690, 0.001, 0.087, 0.020, 0.024, 0.076]"
55.36,55.4,Yujin,0.7076740264892578,Yujin,[0.708],"[0.010, 0.708, 0.001, 0.091, 0.020, 0.024, 0.070]"
55.4,55.44,Yujin,0.7231574654579163,Yujin,[0.723],"[0.010, 0.723, 0.001, 0.096, 0.021, 0.023, 0.063]"
55.44,55.48,Yujin,0.7366786003112793,Yujin,[0.737],"[0.009, 0.737, 0.000, 0.100, 0.022, 0.024, 0.057]"
55.48,55.52,Yujin,0.7481407523155212,Yujin,[0.748],"[0.009, 0.748, 0.000, 0.104, 0.023, 0.024, 0.052]"
55.52,55.56,Yujin,0.7575237154960632,Yujin,[0.758],"[0.008, 0.758, 0.000, 0.108, 0.024, 0.025, 0.047]"
55.56,55.6,Yujin,0.7647970914840698,Yujin,[0.765],"[0.007, 0.765, 0.000, 0.110, 0.025, 0.027, 0.043]"
55.6,55.64,Yujin,0.7698924541473389,Yujin,[0.770],"[0.007, 0.770, 0.000, 0.112, 0.026, 0.029, 0.041]"
55.64,55.68,Yujin,0.7727291584014893,Yujin,[0.773],"[0.006, 0.773, 0.000, 0.112, 0.027, 0.032, 0.039]"
55.68,55.72,Yujin,0.7732018232345581,Yujin,[0.773],"[0.005, 0.773, 0.000, 0.112, 0.028, 0.037, 0.038]"
55.72,55.76,Yujin,0.7711822986602783,Yujin,[0.771],"[0.004, 0.771, 0.000, 0.110, 0.029, 0.042, 0.038]"
55.76,55.8,Yujin,0.7665416598320007,Yujin,[0.767],"[0.004, 0.767, 0.000, 0.107, 0.029, 0.050, 0.039]"
55.8,55.84,Yujin,0.7591679096221924,Yujin,[0.759],"[0.003, 0.759, 0.000, 0.103, 0.030, 0.060, 0.041]"
55.84,55.88,Yujin,0.7489052414894104,Yujin,[0.749],"[0.003, 0.749, 0.000, 0.098, 0.031, 0.072, 0.045]"
55.88,55.92,Yujin,0.7356159687042236,Yujin,[0.736],"[0.002, 0.736, 0.000, 0.093, 0.031, 0.089, 0.051]"
55.92,55.96,Yujin,0.719230592250824,Yujin,[0.719],"[0.002, 0.719, 0.000, 0.087, 0.031, 0.111, 0.059]"
55.96,56.0,Yujin,0.6996831297874451,Yujin,[0.700],"[0.002, 0.700, 0.000, 0.080, 0.032, 0.138, 0.070]"
56.0,56.04,Yujin,0.6769309043884277,Yujin,[0.677],"[0.001, 0.677, 0.000, 0.074, 0.032, 0.172, 0.086]"
56.04,56.08,Yujin,0.6509223580360413,Yujin,[0.651],"[0.001, 0.651, 0.000, 0.067, 0.032, 0.214, 0.107]"
56.08,56.12,Yujin,0.6217000484466553,Yujin,[0.622],"[0.001, 0.622, 0.000, 0.061, 0.033, 0.264, 0.135]"
56.12,56.16,Yujin,0.5894699692726135,Yujin,[0.589],"[0.001, 0.589, 0.000, 0.055, 0.033, 0.322, 0.172]"
56.16,56.2,Yujin,0.5546773672103882,,[],"[0.001, 0.555, 0.000, 0.050, 0.033, 0.385, 0.221]"
56.2,56.24,Yujin,0.5179072022438049,,[],"[0.001, 0.518, 0.000, 0.045, 0.033, 0.451, 0.282]"
56.24,56.28,Leeseo,0.517768383026123,,[],"[0.001, 0.480, 0.000, 0.041, 0.034, 0.518, 0.356]"
56.28,56.32,Leeseo,0.5811192989349365,,[],"[0.001, 0.441, 0.000, 0.037, 0.034, 0.581, 0.441]"
56.32,56.36,Leeseo,0.6390067338943481,Leeseo,[0.639],"[0.000, 0.403, 0.000, 0.033, 0.035, 0.639, 0.531]"
56.36,56.4,Leeseo,0.6898947954177856,Leeseo|silence,"[0.690, 0.621]","[0.000, 0.367, 0.000, 0.031, 0.036, 0.690, 0.621]"
56.4,56.44,Leeseo,0.7331445217132568,Leeseo|silence,"[0.733, 0.705]","[0.000, 0.332, 0.000, 0.029, 0.037, 0.733, 0.705]"
56.44,56.48,silence,0.7769380807876587,Leeseo|silence,"[0.769, 0.777]","[0.000, 0.300, 0.000, 0.027, 0.038, 0.769, 0.777]"
56.48,56.52,silence,0.8357722163200378,Leeseo|silence,"[0.798, 0.836]","[0.000, 0.271, 0.000, 0.026, 0.040, 0.798, 0.836]"
56.52,56.56,silence,0.881118655204773,Leeseo|silence,"[0.820, 0.881]","[0.000, 0.245, 0.000, 0.025, 0.041, 0.820, 0.881]"
56.56,56.6,silence,0.9146672487258911,Leeseo|silence,"[0.837, 0.915]","[0.000, 0.224, 0.000, 0.025, 0.044, 0.837, 0.915]"
56.6,56.64,silence,0.9388661980628967,Leeseo|silence,"[0.848, 0.939]","[0.000, 0.206, 0.000, 0.026, 0.046, 0.848, 0.939]"
56.64,56.68,silence,0.956073522567749,Leeseo|silence,"[0.855, 0.956]","[0.000, 0.192, 0.000, 0.027, 0.049, 0.855, 0.956]"
56.68,56.72,silence,0.968223512172699,Leeseo|silence,"[0.858, 0.968]","[0.000, 0.181, 0.000, 0.028, 0.052, 0.858, 0.968]"
56.72,56.76,silence,0.9767980575561523,Leeseo|silence,"[0.856, 0.977]","[0.000, 0.173, 0.000, 0.031, 0.056, 0.856, 0.977]"
56.76,56.8,silence,0.9828763604164124,Leeseo|silence,"[0.851, 0.983]","[0.000, 0.168, 0.000, 0.034, 0.060, 0.851, 0.983]"
56.8,56.84,silence,0.9872179627418518,Leeseo|silence,"[0.840, 0.987]","[0.000, 0.165, 0.000, 0.039, 0.064, 0.840, 0.987]"
56.84,56.88,silence,0.9903503060340881,Leeseo|silence,"[0.825, 0.990]","[0.000, 0.164, 0.000, 0.045, 0.068, 0.825, 0.990]"
56.88,56.92,silence,0.9926385879516602,Leeseo|silence,"[0.804, 0.993]","[0.000, 0.165, 0.000, 0.054, 0.073, 0.804, 0.993]"
56.92,56.96,silence,0.9943304061889648,Leeseo|silence,"[0.775, 0.994]","[0.000, 0.168, 0.000, 0.065, 0.078, 0.775, 0.994]"
56.96,57.0,silence,0.9955976605415344,Leeseo|silence,"[0.738, 0.996]","[0.000, 0.172, 0.000, 0.079, 0.083, 0.738, 0.996]"
57.0,57.04,silence,0.9965586066246033,Leeseo|silence,"[0.691, 0.997]","[0.000, 0.178, 0.000, 0.097, 0.088, 0.691, 0.997]"
57.04,57.08,silence,0.9972941279411316,Leeseo|silence,"[0.635, 0.997]","[0.000, 0.184, 0.000, 0.121, 0.092, 0.635, 0.997]"
57.08,57.12,silence,0.9978613257408142,silence,[0.998],"[0.000, 0.191, 0.000, 0.151, 0.097, 0.568, 0.998]"
57.12,57.16,silence,0.9983013868331909,silence,[0.998],"[0.000, 0.198, 0.000, 0.188, 0.102, 0.494, 0.998]"
57.16,57.2,silence,0.9986447691917419,silence,[0.999],"[0.000, 0.205, 0.001, 0.232, 0.106, 0.416, 0.999]"
57.2,57.24,silence,0.9989147186279297,silence,[0.999],"[0.000, 0.213, 0.001, 0.285, 0.110, 0.339, 0.999]"
57.24,57.28,silence,0.9991293549537659,silence,[0.999],"[0.000, 0.219, 0.001, 0.345, 0.113, 0.267, 0.999]"
57.28,57.32,silence,0.9993014335632324,silence,[0.999],"[0.000, 0.226, 0.001, 0.411, 0.117, 0.204, 0.999]"
57.32,57.36,silence,0.9994398951530457,silence,[0.999],"[0.000, 0.231, 0.001, 0.481, 0.119, 0.151, 0.999]"
57.36,57.4,silence,0.9995513558387756,silence,[1.000],"[0.000, 0.236, 0.002, 0.551, 0.121, 0.110, 1.000]"
57.4,57.44,silence,0.999640941619873,silence,[1.000],"[0.000, 0.239, 0.002, 0.618, 0.123, 0.079, 1.000]"
57.44,57.48,silence,0.9997124075889587,Wonyoung|silence,"[0.680, 1.000]","[0.000, 0.240, 0.002, 0.680, 0.124, 0.056, 1.000]"
57.48,57.52,silence,0.9997691512107849,Wonyoung|silence,"[0.735, 1.000]","[0.000, 0.240, 0.003, 0.735, 0.125, 0.040, 1.000]"
57.52,57.56,silence,0.999813973903656,Wonyoung|silence,"[0.782, 1.000]","[0.000, 0.238, 0.003, 0.782, 0.125, 0.028, 1.000]"
57.56,57.6,silence,0.9998490810394287,Wonyoung|silence,"[0.821, 1.000]","[0.000, 0.233, 0.004, 0.821, 0.125, 0.020, 1.000]"
57.6,57.64,silence,0.9998766183853149,Wonyoung|silence,"[0.853, 1.000]","[0.000, 0.227, 0.005, 0.853, 0.125, 0.014, 1.000]"
57.64,57.68,silence,0.9998979568481445,Wonyoung|silence,"[0.879, 1.000]","[0.000, 0.220, 0.006, 0.879, 0.124, 0.010, 1.000]"
57.68,57.72,silence,0.9999146461486816,Wonyoung|silence,"[0.900, 1.000]","[0.000, 0.211, 0.007, 0.900, 0.124, 0.008, 1.000]"
57.72,57.76,silence,0.9999276399612427,Wonyoung|silence,"[0.916, 1.000]","[0.000, 0.201, 0.008, 0.916, 0.124, 0.006, 1.000]"
57.76,57.8,silence,0.9999376535415649,Wonyoung|silence,"[0.929, 1.000]","[0.000, 0.190, 0.010, 0.929, 0.123, 0.004, 1.000]"
57.8,57.84,silence,0.9999455213546753,Wonyoung|silence,"[0.940, 1.000]","[0.000, 0.178, 0.011, 0.940, 0.123, 0.003, 1.000]"
57.84,57.88,silence,0.9999516010284424,Wonyoung|silence,"[0.948, 1.000]","[0.000, 0.167, 0.014, 0.948, 0.123, 0.002, 1.000]"
57.88,57.92,silence,0.9999563694000244,Wonyoung|silence,"[0.954, 1.000]","[0.000, 0.155, 0.016, 0.954, 0.123, 0.002, 1.000]"
57.92,57.96,silence,0.9999600648880005,Wonyoung|silence,"[0.960, 1.000]","[0.000, 0.144, 0.019, 0.960, 0.122, 0.001, 1.000]"
57.96,58.0,silence,0.9999628067016602,Wonyoung|silence,"[0.964, 1.000]","[0.000, 0.134, 0.022, 0.964, 0.122, 0.001, 1.000]"
58.0,58.04,silence,0.999964714050293,Wonyoung|silence,"[0.967, 1.000]","[0.000, 0.125, 0.026, 0.967, 0.122, 0.001, 1.000]"
58.04,58.08,silence,0.999966025352478,Wonyoung|silence,"[0.970, 1.000]","[0.000, 0.117, 0.029, 0.970, 0.122, 0.001, 1.000]"
58.08,58.12,silence,0.9999667406082153,Wonyoung|silence,"[0.972, 1.000]","[0.000, 0.110, 0.033, 0.972, 0.122, 0.001, 1.000]"
58.12,58.16,silence,0.9999667406082153,Wonyoung|silence,"[0.973, 1.000]","[0.000, 0.104, 0.036, 0.973, 0.121, 0.001, 1.000]"
58.16,58.2,silence,0.9999662637710571,Wonyoung|silence,"[0.974, 1.000]","[0.000, 0.100, 0.040, 0.974, 0.121, 0.001, 1.000]"
58.2,58.24,silence,0.9999651908874512,Wonyoung|silence,"[0.975, 1.000]","[0.000, 0.096, 0.042, 0.975, 0.120, 0.000, 1.000]"
58.24,58.28,silence,0.999963641166687,Wonyoung|silence,"[0.976, 1.000]","[0.000, 0.093, 0.045, 0.976, 0.120, 0.000, 1.000]"
58.28,58.32,silence,0.9999613761901855,Wonyoung|silence,"[0.976, 1.000]","[0.000, 0.091, 0.046, 0.976, 0.119, 0.000, 1.000]"
58.32,58.36,silence,0.9999583959579468,Wonyoung|silence,"[0.976, 1.000]","[0.000, 0.090, 0.046, 0.976, 0.119, 0.000, 1.000]"
58.36,58.4,silence,0.9999547004699707,Wonyoung|silence,"[0.975, 1.000]","[0.000, 0.090, 0.045, 0.975, 0.119, 0.000, 1.000]"
58.4,58.44,silence,0.9999502897262573,Wonyoung|silence,"[0.974, 1.000]","[0.000, 0.090, 0.043, 0.974, 0.119, 0.000, 1.000]"
58.44,58.48,silence,0.9999449253082275,Wonyoung|silence,"[0.972, 1.000]","[0.000, 0.091, 0.040, 0.972, 0.120, 0.000, 1.000]"
58.48,58.52,silence,0.9999384880065918,Wonyoung|silence,"[0.970, 1.000]","[0.000, 0.092, 0.036, 0.970, 0.120, 0.000, 1.000]"
58.52,58.56,silence,0.9999310970306396,Wonyoung|silence,"[0.967, 1.000]","[0.000, 0.094, 0.032, 0.967, 0.121, 0.000, 1.000]"
58.56,58.6,silence,0.9999227523803711,Wonyoung|silence,"[0.963, 1.000]","[0.000, 0.097, 0.028, 0.963, 0.122, 0.001, 1.000]"
58.6,58.64,silence,0.9999135732650757,Wonyoung|silence,"[0.958, 1.000]","[0.000, 0.099, 0.024, 0.958, 0.123, 0.001, 1.000]"
58.64,58.68,silence,0.9999035596847534,Wonyoung|silence,"[0.952, 1.000]","[0.000, 0.102, 0.020, 0.952, 0.124, 0.001, 1.000]"
58.68,58.72,silence,0.9998928308486938,Wonyoung|silence,"[0.943, 1.000]","[0.000, 0.105, 0.017, 0.943, 0.125, 0.001, 1.000]"
58.72,58.76,silence,0.999881386756897,Wonyoung|silence,"[0.931, 1.000]","[0.000, 0.108, 0.014, 0.931, 0.127, 0.001, 1.000]"
58.76,58.8,silence,0.9998693466186523,Wonyoung|silence,"[0.916, 1.000]","[0.000, 0.111, 0.011, 0.916, 0.128, 0.001, 1.000]"
58.8,58.84,silence,0.9998569488525391,Wonyoung|silence,"[0.896, 1.000]","[0.000, 0.114, 0.009, 0.896, 0.130, 0.002, 1.000]"
58.84,58.88,silence,0.9998443126678467,Wonyoung|silence,"[0.870, 1.000]","[0.000, 0.117, 0.007, 0.870, 0.132, 0.002, 1.000]"
58.88,58.92,silence,0.9998314380645752,Wonyoung|silence,"[0.835, 1.000]","[0.000, 0.120, 0.006, 0.835, 0.134, 0.003, 1.000]"
58.92,58.96,silence,0.999818742275238,Wonyoung|silence,"[0.791, 1.000]","[0.000, 0.122, 0.004, 0.791, 0.136, 0.003, 1.000]"
58.96,59.0,silence,0.9998062252998352,Wonyoung|silence,"[0.737, 1.000]","[0.000, 0.123, 0.003, 0.737, 0.138, 0.004, 1.000]"
59.0,59.04,silence,0.9997944235801697,Wonyoung|silence,"[0.671, 1.000]","[0.000, 0.123, 0.003, 0.671, 0.141, 0.006, 1.000]"
59.04,59.08,silence,0.9997838139533997,Wonyoung|silence,"[0.595, 1.000]","[0.000, 0.123, 0.002, 0.595, 0.143, 0.007, 1.000]"
59.08,59.12,silence,0.9997748732566833,silence,[1.000],"[0.000, 0.121, 0.002, 0.513, 0.146, 0.009, 1.000]"
59.12,59.16,silence,0.9997683167457581,silence,[1.000],"[0.000, 0.118, 0.001, 0.429, 0.149, 0.012, 1.000]"
59.16,59.2,silence,0.9997645020484924,silence,[1.000],"[0.000, 0.114, 0.001, 0.348, 0.153, 0.016, 1.000]"
59.2,59.24,silence,0.9997637867927551,silence,[1.000],"[0.000, 0.109, 0.001, 0.275, 0.157, 0.020, 1.000]"
59.24,59.28,silence,0.9997666478157043,silence,[1.000],"[0.000, 0.103, 0.001, 0.213, 0.161, 0.026, 1.000]"
59.28,59.32,silence,0.9997729659080505,silence,[1.000],"[0.001, 0.096, 0.001, 0.163, 0.166, 0.033, 1.000]"
59.32,59.36,silence,0.9997829794883728,silence,[1.000],"[0.001, 0.089, 0.001, 0.123, 0.171, 0.040, 1.000]"
59.36,59.4,silence,0.9997960925102234,silence,[1.000],"[0.001, 0.081, 0.001, 0.093, 0.176, 0.049, 1.000]"
59.4,59.44,silence,0.9998118281364441,silence,[1.000],"[0.002, 0.073, 0.000, 0.071, 0.182, 0.059, 1.000]"
59.44,59.48,silence,0.9998296499252319,silence,[1.000],"[0.002, 0.066, 0.000, 0.054, 0.188, 0.070, 1.000]"
59.48,59.52,silence,0.9998487234115601,silence,[1.000],"[0.003, 0.059, 0.000, 0.042, 0.194, 0.081, 1.000]"
59.52,59.56,silence,0.9998683929443359,silence,[1.000],"[0.004, 0.052, 0.000, 0.033, 0.199, 0.092, 1.000]"
59.56,59.6,silence,0.9998877048492432,silence,[1.000],"[0.004, 0.046, 0.000, 0.026, 0.204, 0.103, 1.000]"
59.6,59.64,silence,0.9999059438705444,silence,[1.000],"[0.005, 0.040, 0.000, 0.021, 0.208, 0.113, 1.000]"
59.64,59.68,silence,0.9999227523803711,silence,[1.000],"[0.005, 0.035, 0.000, 0.018, 0.211, 0.122, 1.000]"
59.68,59.72,silence,0.9999376535415649,silence,[1.000],"[0.006, 0.031, 0.000, 0.015, 0.213, 0.130, 1.000]"
59.72,59.76,silence,0.9999505281448364,silence,[1.000],"[0.006, 0.027, 0.000, 0.013, 0.215, 0.137, 1.000]"
59.76,59.8,silence,0.9999613761901855,silence,[1.000],"[0.006, 0.024, 0.000, 0.011, 0.215, 0.142, 1.000]"
59.8,59.84,silence,0.9999703168869019,silence,[1.000],"[0.005, 0.021, 0.000, 0.010, 0.214, 0.146, 1.000]"
59.84,59.88,silence,0.9999773502349854,silence,[1.000],"[0.005, 0.019, 0.000, 0.009, 0.212, 0.149, 1.000]"
59.88,59.92,silence,0.9999829530715942,silence,[1.000],"[0.004, 0.017, 0.000, 0.008, 0.210, 0.150, 1.000]"
59.92,59.96,silence,0.9999872446060181,silence,[1.000],"[0.004, 0.016, 0.000, 0.008, 0.207, 0.150, 1.000]"
59.96,60.0,silence,0.9999904632568359,silence,[1.000],"[0.003, 0.014, 0.000, 0.007, 0.203, 0.150, 1.000]"
60.0,60.04,silence,0.9999929666519165,silence,[1.000],"[0.003, 0.013, 0.001, 0.007, 0.198, 0.148, 1.000]"
60.04,60.08,silence,0.9999947547912598,silence,[1.000],"[0.003, 0.012, 0.001, 0.007, 0.193, 0.146, 1.000]"
60.08,60.12,silence,0.9999960660934448,silence,[1.000],"[0.002, 0.011, 0.001, 0.006, 0.188, 0.144, 1.000]"
60.12,60.16,silence,0.9999971389770508,silence,[1.000],"[0.002, 0.010, 0.001, 0.006, 0.183, 0.141, 1.000]"
60.16,60.2,silence,0.9999978542327881,silence,[1.000],"[0.002, 0.009, 0.001, 0.006, 0.178, 0.137, 1.000]"
60.2,60.24,silence,0.9999983310699463,silence,[1.000],"[0.002, 0.009, 0.001, 0.006, 0.173, 0.133, 1.000]"
60.24,60.28,silence,0.9999988079071045,silence,[1.000],"[0.001, 0.008, 0.001, 0.005, 0.168, 0.129, 1.000]"
60.28,60.32,silence,0.9999990463256836,silence,[1.000],"[0.001, 0.008, 0.001, 0.005, 0.163, 0.124, 1.000]"
60.32,60.36,silence,0.9999992847442627,silence,[1.000],"[0.001, 0.007, 0.001, 0.005, 0.158, 0.120, 1.000]"
60.36,60.4,silence,0.9999995231628418,silence,[1.000],"[0.001, 0.007, 0.001, 0.005, 0.153, 0.115, 1.000]"
60.4,60.44,silence,0.9999996423721313,silence,[1.000],"[0.001, 0.007, 0.001, 0.004, 0.147, 0.110, 1.000]"
60.44,60.48,silence,0.9999996423721313,silence,[1.000],"[0.001, 0.006, 0.001, 0.004, 0.142, 0.105, 1.000]"
60.48,60.52,silence,0.9999997615814209,silence,[1.000],"[0.001, 0.006, 0.001, 0.004, 0.136, 0.100, 1.000]"
60.52,60.56,silence,0.9999997615814209,silence,[1.000],"[0.001, 0.006, 0.001, 0.004, 0.131, 0.095, 1.000]"
60.56,60.6,silence,0.9999998807907104,silence,[1.000],"[0.001, 0.006, 0.001, 0.003, 0.126, 0.090, 1.000]"
60.6,60.64,silence,0.9999998807907104,silence,[1.000],"[0.001, 0.006, 0.001, 0.003, 0.121, 0.085, 1.000]"
60.64,60.68,silence,0.9999998807907104,silence,[1.000],"[0.001, 0.006, 0.001, 0.003, 0.116, 0.080, 1.000]"
60.68,60.72,silence,0.9999998807907104,silence,[1.000],"[0.002, 0.006, 0.001, 0.003, 0.112, 0.075, 1.000]"
60.72,60.76,silence,0.9999998807907104,silence,[1.000],"[0.002, 0.006, 0.001, 0.003, 0.108, 0.070, 1.000]"
60.76,60.8,silence,0.9999998807907104,silence,[1.000],"[0.002, 0.006, 0.001, 0.002, 0.104, 0.066, 1.000]"
60.8,60.84,silence,0.9999998807907104,silence,[1.000],"[0.002, 0.006, 0.001, 0.002, 0.101, 0.061, 1.000]"
60.84,60.88,silence,0.9999998807907104,silence,[1.000],"[0.003, 0.006, 0.002, 0.002, 0.098, 0.057, 1.000]"
60.88,60.92,silence,0.9999998807907104,silence,[1.000],"[0.003, 0.006, 0.002, 0.002, 0.096, 0.053, 1.000]"
60.92,60.96,silence,0.9999998807907104,silence,[1.000],"[0.004, 0.007, 0.002, 0.002, 0.093, 0.049, 1.000]"
60.96,61.0,silence,0.9999998807907104,silence,[1.000],"[0.005, 0.007, 0.002, 0.002, 0.091, 0.046, 1.000]"
61.0,61.04,silence,0.9999998807907104,silence,[1.000],"[0.006, 0.007, 0.002, 0.002, 0.090, 0.043, 1.000]"
61.04,61.08,silence,0.9999998807907104,silence,[1.000],"[0.007, 0.007, 0.002, 0.002, 0.088, 0.040, 1.000]"
61.08,61.12,silence,0.9999998807907104,silence,[1.000],"[0.008, 0.008, 0.002, 0.002, 0.086, 0.038, 1.000]"
61.12,61.16,silence,0.9999997615814209,silence,[1.000],"[0.010, 0.008, 0.002, 0.002, 0.083, 0.036, 1.000]"
61.16,61.2,silence,0.9999997615814209,silence,[1.000],"[0.012, 0.008, 0.003, 0.002, 0.081, 0.034, 1.000]"
61.2,61.24,silence,0.9999996423721313,silence,[1.000],"[0.014, 0.009, 0.003, 0.002, 0.078, 0.032, 1.000]"
61.24,61.28,silence,0.9999995231628418,silence,[1.000],"[0.017, 0.010, 0.003, 0.002, 0.075, 0.031, 1.000]"
61.28,61.32,silence,0.9999994039535522,silence,[1.000],"[0.020, 0.011, 0.004, 0.002, 0.071, 0.029, 1.000]"
61.32,61.36,silence,0.9999991655349731,silence,[1.000],"[0.024, 0.012, 0.004, 0.003, 0.067, 0.028, 1.000]"
61.36,61.4,silence,0.999998927116394,silence,[1.000],"[0.028, 0.013, 0.005, 0.003, 0.063, 0.027, 1.000]"
61.4,61.44,silence,0.9999984502792358,silence,[1.000],"[0.033, 0.014, 0.006, 0.003, 0.058, 0.027, 1.000]"
61.44,61.48,silence,0.9999979734420776,silence,[1.000],"[0.037, 0.015, 0.007, 0.004, 0.054, 0.026, 1.000]"
61.48,61.52,silence,0.9999971389770508,silence,[1.000],"[0.042, 0.016, 0.008, 0.004, 0.049, 0.026, 1.000]"
61.52,61.56,silence,0.9999961853027344,silence,[1.000],"[0.048, 0.018, 0.009, 0.005, 0.044, 0.026, 1.000]"
61.56,61.6,silence,0.9999951124191284,silence,[1.000],"[0.053, 0.020, 0.011, 0.006, 0.039, 0.026, 1.000]"
61.6,61.64,silence,0.9999936819076538,silence,[1.000],"[0.059, 0.021, 0.012, 0.007, 0.034, 0.026, 1.000]"
61.64,61.68,silence,0.9999920129776001,silence,[1.000],"[0.064, 0.023, 0.014, 0.008, 0.030, 0.026, 1.000]"
61.68,61.72,silence,0.9999903440475464,silence,[1.000],"[0.069, 0.024, 0.016, 0.009, 0.026, 0.027, 1.000]"
61.72,61.76,silence,0.9999885559082031,silence,[1.000],"[0.074, 0.025, 0.018, 0.010, 0.022, 0.028, 1.000]"
61.76,61.8,silence,0.999987006187439,silence,[1.000],"[0.079, 0.026, 0.020, 0.012, 0.019, 0.028, 1.000]"
61.8,61.84,silence,0.9999858140945435,silence,[1.000],"[0.083, 0.027, 0.022, 0.014, 0.016, 0.029, 1.000]"
61.84,61.88,silence,0.9999850988388062,silence,[1.000],"[0.088, 0.027, 0.023, 0.016, 0.014, 0.030, 1.000]"
61.88,61.92,silence,0.9999850988388062,silence,[1.000],"[0.091, 0.026, 0.025, 0.018, 0.012, 0.031, 1.000]"
61.92,61.96,silence,0.9999855756759644,silence,[1.000],"[0.094, 0.025, 0.026, 0.020, 0.010, 0.032, 1.000]"
61.96,62.0,silence,0.9999866485595703,silence,[1.000],"[0.097, 0.024, 0.026, 0.022, 0.008, 0.033, 1.000]"
62.0,62.04,silence,0.9999880790710449,silence,[1.000],"[0.099, 0.022, 0.027, 0.024, 0.007, 0.035, 1.000]"
62.04,62.08,silence,0.9999897480010986,silence,[1.000],"[0.101, 0.020, 0.027, 0.026, 0.006, 0.036, 1.000]"
62.08,62.12,silence,0.9999914169311523,silence,[1.000],"[0.102, 0.018, 0.026, 0.027, 0.005, 0.037, 1.000]"
62.12,62.16,silence,0.9999929666519165,silence,[1.000],"[0.103, 0.016, 0.025, 0.029, 0.005, 0.039, 1.000]"
62.16,62.2,silence,0.9999943971633911,silence,[1.000],"[0.103, 0.014, 0.024, 0.030, 0.004, 0.041, 1.000]"
62.2,62.24,silence,0.9999957084655762,silence,[1.000],"[0.103, 0.012, 0.023, 0.030, 0.004, 0.043, 1.000]"
62.24,62.28,silence,0.9999966621398926,silence,[1.000],"[0.102, 0.010, 0.021, 0.030, 0.003, 0.044, 1.000]"
62.28,62.32,silence,0.9999973773956299,silence,[1.000],"[0.101, 0.009, 0.019, 0.030, 0.003, 0.046, 1.000]"
62.32,62.36,silence,0.9999979734420776,silence,[1.000],"[0.100, 0.007, 0.018, 0.030, 0.003, 0.049, 1.000]"
62.36,62.4,silence,0.9999984502792358,silence,[1.000],"[0.099, 0.006, 0.016, 0.029, 0.003, 0.051, 1.000]"
62.4,62.44,silence,0.9999988079071045,silence,[1.000],"[0.097, 0.005, 0.014, 0.028, 0.003, 0.053, 1.000]"
62.44,62.48,silence,0.9999990463256836,silence,[1.000],"[0.095, 0.004, 0.013, 0.027, 0.002, 0.056, 1.000]"
62.48,62.52,silence,0.9999992847442627,silence,[1.000],"[0.094, 0.004, 0.011, 0.025, 0.002, 0.059, 1.000]"
62.52,62.56,silence,0.9999994039535522,silence,[1.000],"[0.092, 0.003, 0.010, 0.024, 0.002, 0.063, 1.000]"
62.56,62.6,silence,0.9999994039535522,silence,[1.000],"[0.090, 0.003, 0.009, 0.023, 0.003, 0.066, 1.000]"
62.6,62.64,silence,0.9999995231628418,silence,[1.000],"[0.089, 0.002, 0.008, 0.021, 0.003, 0.070, 1.000]"
62.64,62.68,silence,0.9999995231628418,silence,[1.000],"[0.088, 0.002, 0.007, 0.020, 0.003, 0.075, 1.000]"
62.68,62.72,silence,0.9999996423721313,silence,[1.000],"[0.086, 0.002, 0.006, 0.019, 0.003, 0.080, 1.000]"
62.72,62.76,silence,0.9999996423721313,silence,[1.000],"[0.085, 0.002, 0.006, 0.018, 0.003, 0.085, 1.000]"
62.76,62.8,silence,0.9999996423721313,silence,[1.000],"[0.085, 0.002, 0.005, 0.017, 0.003, 0.091, 1.000]"
62.8,62.84,silence,0.9999995231628418,silence,[1.000],"[0.085, 0.001, 0.005, 0.016, 0.004, 0.097, 1.000]"
62.84,62.88,silence,0.9999995231628418,silence,[1.000],"[0.084, 0.001, 0.004, 0.016, 0.004, 0.103, 1.000]"
62.88,62.92,silence,0.9999995231628418,silence,[1.000],"[0.085, 0.001, 0.004, 0.015, 0.005, 0.110, 1.000]"
62.92,62.96,silence,0.9999994039535522,silence,[1.000],"[0.085, 0.001, 0.004, 0.015, 0.005, 0.116, 1.000]"
62.96,63.0,silence,0.9999994039535522,silence,[1.000],"[0.085, 0.001, 0.004, 0.015, 0.006, 0.122, 1.000]"
63.0,63.04,silence,0.9999992847442627,silence,[1.000],"[0.086, 0.001, 0.003, 0.014, 0.007, 0.128, 1.000]"
63.04,63.08,silence,0.9999992847442627,silence,[1.000],"[0.086, 0.001, 0.003, 0.014, 0.008, 0.132, 1.000]"
63.08,63.12,silence,0.9999991655349731,silence,[1.000],"[0.087, 0.001, 0.003, 0.014, 0.009, 0.136, 1.000]"
63.12,63.16,silence,0.9999991655349731,silence,[1.000],"[0.088, 0.002, 0.003, 0.014, 0.011, 0.139, 1.000]"
63.16,63.2,silence,0.9999990463256836,silence,[1.000],"[0.089, 0.002, 0.003, 0.014, 0.013, 0.141, 1.000]"
63.2,63.24,silence,0.999998927116394,silence,[1.000],"[0.090, 0.002, 0.003, 0.015, 0.015, 0.142, 1.000]"
63.24,63.28,silence,0.999998927116394,silence,[1.000],"[0.091, 0.002, 0.002, 0.015, 0.017, 0.143, 1.000]"
63.28,63.32,silence,0.9999988079071045,silence,[1.000],"[0.092, 0.002, 0.002, 0.015, 0.020, 0.142, 1.000]"
63.32,63.36,silence,0.9999988079071045,silence,[1.000],"[0.094, 0.003, 0.002, 0.015, 0.024, 0.140, 1.000]"
63.36,63.4,silence,0.9999988079071045,silence,[1.000],"[0.095, 0.003, 0.002, 0.015, 0.027, 0.137, 1.000]"
63.4,63.44,silence,0.9999986886978149,silence,[1.000],"[0.096, 0.004, 0.002, 0.016, 0.032, 0.133, 1.000]"
63.44,63.48,silence,0.9999986886978149,silence,[1.000],"[0.098, 0.004, 0.002, 0.016, 0.037, 0.128, 1.000]"
63.48,63.52,silence,0.9999986886978149,silence,[1.000],"[0.098, 0.005, 0.002, 0.016, 0.042, 0.123, 1.000]"
63.52,63.56,silence,0.9999986886978149,silence,[1.000],"[0.099, 0.006, 0.002, 0.016, 0.048, 0.117, 1.000]"
63.56,63.6,silence,0.9999986886978149,silence,[1.000],"[0.099, 0.007, 0.001, 0.016, 0.055, 0.111, 1.000]"
63.6,63.64,silence,0.9999986886978149,silence,[1.000],"[0.098, 0.008, 0.001, 0.015, 0.063, 0.104, 1.000]"
63.64,63.68,silence,0.9999986886978149,silence,[1.000],"[0.096, 0.010, 0.001, 0.015, 0.071, 0.097, 1.000]"
63.68,63.72,silence,0.9999986886978149,silence,[1.000],"[0.094, 0.012, 0.001, 0.015, 0.079, 0.091, 1.000]"
63.72,63.76,silence,0.9999986886978149,silence,[1.000],"[0.092, 0.014, 0.001, 0.014, 0.089, 0.085, 1.000]"
63.76,63.8,silence,0.9999985694885254,silence,[1.000],"[0.088, 0.017, 0.001, 0.014, 0.098, 0.079, 1.000]"
63.8,63.84,silence,0.9999985694885254,silence,[1.000],"[0.084, 0.020, 0.001, 0.013, 0.108, 0.074, 1.000]"
63.84,63.88,silence,0.9999984502792358,silence,[1.000],"[0.079, 0.023, 0.001, 0.012, 0.118, 0.070, 1.000]"
63.88,63.92,silence,0.9999983310699463,silence,[1.000],"[0.074, 0.027, 0.001, 0.011, 0.128, 0.067, 1.000]"
63.92,63.96,silence,0.9999980926513672,silence,[1.000],"[0.068, 0.032, 0.001, 0.010, 0.138, 0.063, 1.000]"
63.96,64.0,silence,0.9999978542327881,silence,[1.000],"[0.062, 0.037, 0.001, 0.009, 0.147, 0.061, 1.000]"
64.0,64.04,silence,0.999997615814209,silence,[1.000],"[0.056, 0.043, 0.000, 0.009, 0.156, 0.059, 1.000]"
64.04,64.08,silence,0.9999971389770508,silence,[1.000],"[0.049, 0.049, 0.000, 0.008, 0.163, 0.058, 1.000]"
64.08,64.12,silence,0.999996542930603,silence,[1.000],"[0.043, 0.057, 0.000, 0.007, 0.170, 0.057, 1.000]"
64.12,64.16,silence,0.9999957084655762,silence,[1.000],"[0.038, 0.064, 0.000, 0.006, 0.174, 0.056, 1.000]"
64.16,64.2,silence,0.9999947547912598,silence,[1.000],"[0.032, 0.073, 0.000, 0.006, 0.178, 0.056, 1.000]"
64.2,64.24,silence,0.9999933242797852,silence,[1.000],"[0.028, 0.081, 0.000, 0.005, 0.180, 0.057, 1.000]"
64.24,64.28,silence,0.9999915361404419,silence,[1.000],"[0.023, 0.090, 0.000, 0.005, 0.180, 0.057, 1.000]"
64.28,64.32,silence,0.9999891519546509,silence,[1.000],"[0.020, 0.099, 0.000, 0.004, 0.178, 0.059, 1.000]"
64.32,64.36,silence,0.999985933303833,silence,[1.000],"[0.016, 0.107, 0.000, 0.004, 0.175, 0.060, 1.000]"
64.36,64.4,silence,0.9999818801879883,silence,[1.000],"[0.014, 0.115, 0.000, 0.004, 0.169, 0.062, 1.000]"
64.4,64.44,silence,0.999976634979248,silence,[1.000],"[0.011, 0.122, 0.000, 0.004, 0.162, 0.064, 1.000]"
64.44,64.48,silence,0.9999701976776123,silence,[1.000],"[0.009, 0.128, 0.000, 0.003, 0.153, 0.067, 1.000]"
64.48,64.52,silence,0.999962329864502,silence,[1.000],"[0.008, 0.133, 0.000, 0.003, 0.143, 0.069, 1.000]"
64.52,64.56,silence,0.9999532699584961,silence,[1.000],"[0.006, 0.137, 0.000, 0.003, 0.132, 0.072, 1.000]"
64.56,64.6,silence,0.9999431371688843,silence,[1.000],"[0.005, 0.140, 0.000, 0.003, 0.121, 0.076, 1.000]"
64.6,64.64,silence,0.9999322891235352,silence,[1.000],"[0.004, 0.142, 0.000, 0.003, 0.109, 0.079, 1.000]"
64.64,64.68,silence,0.999921441078186,silence,[1.000],"[0.004, 0.142, 0.000, 0.003, 0.097, 0.082, 1.000]"
64.68,64.72,silence,0.9999111890792847,silence,[1.000],"[0.003, 0.142, 0.000, 0.003, 0.086, 0.086, 1.000]"
64.72,64.76,silence,0.9999021291732788,silence,[1.000],"[0.003, 0.141, 0.000, 0.003, 0.076, 0.090, 1.000]"
64.76,64.8,silence,0.9998949766159058,silence,[1.000],"[0.002, 0.139, 0.000, 0.003, 0.066, 0.093, 1.000]"
64.8,64.84,silence,0.9998898506164551,silence,[1.000],"[0.002, 0.137, 0.000, 0.003, 0.057, 0.097, 1.000]"
64.84,64.88,silence,0.9998871088027954,silence,[1.000],"[0.002, 0.134, 0.001, 0.003, 0.049, 0.100, 1.000]"
64.88,64.92,silence,0.9998865127563477,silence,[1.000],"[0.002, 0.131, 0.001, 0.003, 0.042, 0.104, 1.000]"
64.92,64.96,silence,0.9998879432678223,silence,[1.000],"[0.001, 0.128, 0.001, 0.003, 0.036, 0.107, 1.000]"
64.96,65.0,silence,0.9998910427093506,silence,[1.000],"[0.001, 0.124, 0.001, 0.004, 0.031, 0.110, 1.000]"
65.0,65.04,silence,0.9998953342437744,silence,[1.000],"[0.001, 0.120, 0.001, 0.004, 0.026, 0.113, 1.000]"
65.04,65.08,silence,0.9999005794525146,silence,[1.000],"[0.001, 0.116, 0.001, 0.004, 0.022, 0.116, 1.000]"
65.08,65.12,silence,0.9999064207077026,silence,[1.000],"[0.001, 0.112, 0.001, 0.004, 0.019, 0.119, 1.000]"
65.12,65.16,silence,0.9999125003814697,silence,[1.000],"[0.001, 0.107, 0.001, 0.004, 0.016, 0.122, 1.000]"
65.16,65.2,silence,0.9999185800552368,silence,[1.000],"[0.001, 0.103, 0.002, 0.004, 0.014, 0.124, 1.000]"
65.2,65.24,silence,0.9999245405197144,silence,[1.000],"[0.001, 0.098, 0.002, 0.005, 0.012, 0.127, 1.000]"
65.24,65.28,silence,0.9999305009841919,silence,[1.000],"[0.001, 0.094, 0.003, 0.005, 0.010, 0.129, 1.000]"
65.28,65.32,silence,0.9999362230300903,silence,[1.000],"[0.001, 0.089, 0.003, 0.005, 0.008, 0.131, 1.000]"
65.32,65.36,silence,0.9999415874481201,silence,[1.000],"[0.001, 0.085, 0.004, 0.005, 0.007, 0.132, 1.000]"
65.36,65.4,silence,0.9999465942382812,silence,[1.000],"[0.001, 0.081, 0.005, 0.005, 0.006, 0.134, 1.000]"
65.4,65.44,silence,0.9999512434005737,silence,[1.000],"[0.002, 0.078, 0.006, 0.005, 0.005, 0.135, 1.000]"
65.44,65.48,silence,0.9999552965164185,silence,[1.000],"[0.002, 0.074, 0.007, 0.005, 0.005, 0.136, 1.000]"
65.48,65.52,silence,0.9999589920043945,silence,[1.000],"[0.002, 0.071, 0.009, 0.005, 0.004, 0.136, 1.000]"
65.52,65.56,silence,0.9999620914459229,silence,[1.000],"[0.003, 0.068, 0.011, 0.005, 0.004, 0.136, 1.000]"
65.56,65.6,silence,0.9999649524688721,silence,[1.000],"[0.003, 0.066, 0.013, 0.005, 0.003, 0.136, 1.000]"
65.6,65.64,silence,0.9999673366546631,silence,[1.000],"[0.004, 0.063, 0.016, 0.004, 0.003, 0.136, 1.000]"
65.64,65.68,silence,0.999969482421875,silence,[1.000],"[0.005, 0.061, 0.019, 0.004, 0.003, 0.135, 1.000]"
65.68,65.72,silence,0.9999712705612183,silence,[1.000],"[0.007, 0.059, 0.023, 0.004, 0.003, 0.134, 1.000]"
65.72,65.76,silence,0.9999727010726929,silence,[1.000],"[0.008, 0.057, 0.028, 0.004, 0.003, 0.132, 1.000]"
65.76,65.8,silence,0.9999740123748779,silence,[1.000],"[0.010, 0.055, 0.033, 0.004, 0.003, 0.130, 1.000]"
65.8,65.84,silence,0.9999750852584839,silence,[1.000],"[0.013, 0.053, 0.038, 0.004, 0.003, 0.127, 1.000]"
65.84,65.88,silence,0.9999759197235107,silence,[1.000],"[0.016, 0.050, 0.044, 0.003, 0.003, 0.124, 1.000]"
65.88,65.92,silence,0.9999767541885376,silence,[1.000],"[0.019, 0.048, 0.050, 0.003, 0.003, 0.121, 1.000]"
65.92,65.96,silence,0.9999773502349854,silence,[1.000],"[0.023, 0.046, 0.056, 0.003, 0.003, 0.117, 1.000]"
65.96,66.0,silence,0.9999778270721436,silence,[1.000],"[0.028, 0.044, 0.062, 0.003, 0.003, 0.113, 1.000]"
66.0,66.04,silence,0.9999783039093018,silence,[1.000],"[0.033, 0.041, 0.068, 0.003, 0.003, 0.108, 1.000]"
66.04,66.08,silence,0.9999786615371704,silence,[1.000],"[0.039, 0.039, 0.072, 0.003, 0.004, 0.103, 1.000]"
66.08,66.12,silence,0.9999790191650391,silence,[1.000],"[0.044, 0.037, 0.076, 0.003, 0.004, 0.099, 1.000]"
66.12,66.16,silence,0.9999794960021973,silence,[1.000],"[0.049, 0.035, 0.079, 0.003, 0.005, 0.094, 1.000]"
66.16,66.2,silence,0.9999799728393555,silence,[1.000],"[0.054, 0.032, 0.080, 0.003, 0.006, 0.089, 1.000]"
66.2,66.24,silence,0.9999805688858032,silence,[1.000],"[0.058, 0.031, 0.079, 0.003, 0.007, 0.085, 1.000]"
66.24,66.28,silence,0.9999812841415405,silence,[1.000],"[0.061, 0.029, 0.077, 0.003, 0.008, 0.080, 1.000]"
66.28,66.32,silence,0.9999819993972778,silence,[1.000],"[0.062, 0.027, 0.073, 0.003, 0.009, 0.076, 1.000]"
66.32,66.36,silence,0.9999828338623047,silence,[1.000],"[0.062, 0.025, 0.069, 0.003, 0.011, 0.072, 1.000]"
66.36,66.4,silence,0.9999837875366211,silence,[1.000],"[0.061, 0.024, 0.063, 0.003, 0.013, 0.069, 1.000]"
66.4,66.44,silence,0.9999847412109375,silence,[1.000],"[0.058, 0.022, 0.057, 0.004, 0.016, 0.065, 1.000]"
66.44,66.48,silence,0.9999856948852539,silence,[1.000],"[0.054, 0.021, 0.050, 0.004, 0.019, 0.062, 1.000]"
66.48,66.52,silence,0.9999867677688599,silence,[1.000],"[0.050, 0.020, 0.044, 0.004, 0.023, 0.059, 1.000]"
66.52,66.56,silence,0.9999878406524658,silence,[1.000],"[0.044, 0.019, 0.038, 0.004, 0.028, 0.056, 1.000]"
66.56,66.6,silence,0.9999889135360718,silence,[1.000],"[0.039, 0.017, 0.032, 0.004, 0.033, 0.053, 1.000]"
66.6,66.64,silence,0.9999899864196777,silence,[1.000],"[0.034, 0.016, 0.026, 0.005, 0.040, 0.051, 1.000]"
66.64,66.68,silence,0.9999910593032837,silence,[1.000],"[0.029, 0.015, 0.022, 0.005, 0.048, 0.049, 1.000]"
66.68,66.72,silence,0.9999920129776001,silence,[1.000],"[0.024, 0.014, 0.018, 0.005, 0.057, 0.046, 1.000]"
66.72,66.76,silence,0.999992847442627,silence,[1.000],"[0.020, 0.013, 0.014, 0.005, 0.067, 0.044, 1.000]"
66.76,66.8,silence,0.9999936819076538,silence,[1.000],"[0.017, 0.012, 0.012, 0.006, 0.078, 0.042, 1.000]"
66.8,66.84,silence,0.9999943971633911,silence,[1.000],"[0.014, 0.011, 0.009, 0.006, 0.091, 0.040, 1.000]"
66.84,66.88,silence,0.9999951124191284,silence,[1.000],"[0.011, 0.011, 0.008, 0.006, 0.105, 0.039, 1.000]"
66.88,66.92,silence,0.9999957084655762,silence,[1.000],"[0.010, 0.010, 0.006, 0.006, 0.120, 0.037, 1.000]"
66.92,66.96,silence,0.9999961853027344,silence,[1.000],"[0.008, 0.009, 0.005, 0.006, 0.136, 0.036, 1.000]"
66.96,67.0,silence,0.9999966621398926,silence,[1.000],"[0.007, 0.008, 0.004, 0.006, 0.154, 0.035, 1.000]"
67.0,67.04,silence,0.9999971389770508,silence,[1.000],"[0.006, 0.008, 0.003, 0.006, 0.173, 0.034, 1.000]"
67.04,67.08,silence,0.9999973773956299,silence,[1.000],"[0.005, 0.007, 0.003, 0.006, 0.193, 0.033, 1.000]"
67.08,67.12,silence,0.9999977350234985,silence,[1.000],"[0.004, 0.007, 0.002, 0.006, 0.215, 0.033, 1.000]"
67.12,67.16,silence,0.9999979734420776,silence,[1.000],"[0.004, 0.007, 0.002, 0.006, 0.238, 0.033, 1.000]"
67.16,67.2,silence,0.9999982118606567,silence,[1.000],"[0.004, 0.006, 0.002, 0.006, 0.262, 0.033, 1.000]"
67.2,67.24,silence,0.9999983310699463,silence,[1.000],"[0.003, 0.006, 0.002, 0.006, 0.287, 0.033, 1.000]"
67.24,67.28,silence,0.9999984502792358,silence,[1.000],"[0.003, 0.006, 0.001, 0.006, 0.314, 0.034, 1.000]"
67.28,67.32,silence,0.9999985694885254,silence,[1.000],"[0.003, 0.006, 0.001, 0.006, 0.341, 0.034, 1.000]"
67.32,67.36,silence,0.9999986886978149,silence,[1.000],"[0.003, 0.006, 0.001, 0.005, 0.370, 0.035, 1.000]"
67.36,67.4,silence,0.9999988079071045,silence,[1.000],"[0.003, 0.006, 0.001, 0.005, 0.399, 0.036, 1.000]"
67.4,67.44,silence,0.9999988079071045,silence,[1.000],"[0.003, 0.005, 0.001, 0.005, 0.429, 0.037, 1.000]"
67.44,67.48,silence,0.9999988079071045,silence,[1.000],"[0.003, 0.006, 0.001, 0.005, 0.458, 0.038, 1.000]"
67.48,67.52,silence,0.999998927116394,silence,[1.000],"[0.003, 0.006, 0.001, 0.005, 0.487, 0.039, 1.000]"
67.52,67.56,silence,0.999998927116394,silence,[1.000],"[0.003, 0.006, 0.001, 0.005, 0.515, 0.040, 1.000]"
67.56,67.6,silence,0.999998927116394,silence,[1.000],"[0.003, 0.006, 0.001, 0.004, 0.542, 0.041, 1.000]"
67.6,67.64,silence,0.9999988079071045,silence,[1.000],"[0.003, 0.006, 0.001, 0.004, 0.567, 0.041, 1.000]"
67.64,67.68,silence,0.9999988079071045,silence,[1.000],"[0.003, 0.006, 0.001, 0.004, 0.590, 0.041, 1.000]"
67.68,67.72,silence,0.9999988079071045,silence,[1.000],"[0.003, 0.006, 0.001, 0.004, 0.611, 0.041, 1.000]"
67.72,67.76,silence,0.9999988079071045,Liz|silence,"[0.628, 1.000]","[0.004, 0.007, 0.001, 0.004, 0.628, 0.041, 1.000]"
67.76,67.8,silence,0.9999986886978149,Liz|silence,"[0.644, 1.000]","[0.004, 0.007, 0.001, 0.003, 0.644, 0.040, 1.000]"
67.8,67.84,silence,0.9999986886978149,Liz|silence,"[0.656, 1.000]","[0.004, 0.007, 0.001, 0.003, 0.656, 0.040, 1.000]"
67.84,67.88,silence,0.9999986886978149,Liz|silence,"[0.665, 1.000]","[0.005, 0.008, 0.001, 0.003, 0.665, 0.038, 1.000]"
67.88,67.92,silence,0.9999986886978149,Liz|silence,"[0.670, 1.000]","[0.005, 0.008, 0.001, 0.003, 0.670, 0.037, 1.000]"
67.92,67.96,silence,0.9999986886978149,Liz|silence,"[0.672, 1.000]","[0.006, 0.009, 0.001, 0.003, 0.672, 0.036, 1.000]"
67.96,68.0,silence,0.9999986886978149,Liz|silence,"[0.671, 1.000]","[0.006, 0.009, 0.001, 0.003, 0.671, 0.034, 1.000]"
68.0,68.04,silence,0.9999988079071045,Liz|silence,"[0.666, 1.000]","[0.007, 0.010, 0.001, 0.002, 0.666, 0.032, 1.000]"
68.04,68.08,silence,0.9999988079071045,Liz|silence,"[0.657, 1.000]","[0.007, 0.011, 0.001, 0.002, 0.657, 0.030, 1.000]"
68.08,68.12,silence,0.999998927116394,Liz|silence,"[0.644, 1.000]","[0.007, 0.011, 0.001, 0.002, 0.644, 0.028, 1.000]"
68.12,68.16,silence,0.9999990463256836,Liz|silence,"[0.628, 1.000]","[0.008, 0.012, 0.001, 0.002, 0.628, 0.027, 1.000]"
68.16,68.2,silence,0.9999991655349731,Liz|silence,"[0.609, 1.000]","[0.008, 0.013, 0.001, 0.002, 0.609, 0.025, 1.000]"
68.2,68.24,silence,0.9999991655349731,Liz|silence,"[0.587, 1.000]","[0.008, 0.014, 0.001, 0.002, 0.587, 0.023, 1.000]"
68.24,68.28,silence,0.9999992847442627,silence,[1.000],"[0.008, 0.014, 0.002, 0.002, 0.562, 0.021, 1.000]"
68.28,68.32,silence,0.9999994039535522,silence,[1.000],"[0.008, 0.015, 0.002, 0.002, 0.536, 0.019, 1.000]"
68.32,68.36,silence,0.9999994039535522,silence,[1.000],"[0.008, 0.016, 0.002, 0.002, 0.508, 0.017, 1.000]"
68.36,68.4,silence,0.9999995231628418,silence,[1.000],"[0.008, 0.017, 0.002, 0.002, 0.479, 0.016, 1.000]"
68.4,68.44,silence,0.9999995231628418,silence,[1.000],"[0.008, 0.017, 0.002, 0.002, 0.450, 0.014, 1.000]"
68.44,68.48,silence,0.9999996423721313,silence,[1.000],"[0.007, 0.018, 0.002, 0.002, 0.421, 0.013, 1.000]"
68.48,68.52,silence,0.9999996423721313,silence,[1.000],"[0.007, 0.018, 0.003, 0.003, 0.393, 0.012, 1.000]"
68.52,68.56,silence,0.9999996423721313,silence,[1.000],"[0.006, 0.019, 0.003, 0.003, 0.367, 0.010, 1.000]"
68.56,68.6,silence,0.9999996423721313,silence,[1.000],"[0.006, 0.020, 0.004, 0.003, 0.341, 0.009, 1.000]"
68.6,68.64,silence,0.9999996423721313,silence,[1.000],"[0.006, 0.020, 0.004, 0.004, 0.318, 0.009, 1.000]"
68.64,68.68,silence,0.9999996423721313,silence,[1.000],"[0.005, 0.020, 0.004, 0.005, 0.295, 0.008, 1.000]"
68.68,68.72,silence,0.9999996423721313,silence,[1.000],"[0.005, 0.021, 0.005, 0.006, 0.274, 0.007, 1.000]"
68.72,68.76,silence,0.9999996423721313,silence,[1.000],"[0.005, 0.021, 0.006, 0.007, 0.255, 0.007, 1.000]"
68.76,68.8,silence,0.9999995231628418,silence,[1.000],"[0.004, 0.022, 0.006, 0.009, 0.236, 0.006, 1.000]"
68.8,68.84,silence,0.9999995231628418,silence,[1.000],"[0.004, 0.023, 0.007, 0.012, 0.219, 0.006, 1.000]"
68.84,68.88,silence,0.9999994039535522,silence,[1.000],"[0.004, 0.023, 0.008, 0.016, 0.203, 0.005, 1.000]"
68.88,68.92,silence,0.9999992847442627,silence,[1.000],"[0.003, 0.024, 0.009, 0.021, 0.188, 0.005, 1.000]"
68.92,68.96,silence,0.9999990463256836,silence,[1.000],"[0.003, 0.025, 0.010, 0.028, 0.174, 0.005, 1.000]"
68.96,69.0,silence,0.9999988079071045,silence,[1.000],"[0.003, 0.026, 0.010, 0.038, 0.161, 0.005, 1.000]"
69.0,69.04,silence,0.9999983310699463,silence,[1.000],"[0.003, 0.027, 0.011, 0.052, 0.150, 0.005, 1.000]"
69.04,69.08,silence,0.9999977350234985,silence,[1.000],"[0.002, 0.028, 0.012, 0.069, 0.139, 0.005, 1.000]"
69.08,69.12,silence,0.9999967813491821,silence,[1.000],"[0.002, 0.029, 0.012, 0.092, 0.129, 0.005, 1.000]"
69.12,69.16,silence,0.9999954700469971,silence,[1.000],"[0.002, 0.031, 0.013, 0.121, 0.120, 0.005, 1.000]"
69.16,69.2,silence,0.9999934434890747,silence,[1.000],"[0.002, 0.032, 0.013, 0.155, 0.111, 0.005, 1.000]"
69.2,69.24,silence,0.9999903440475464,silence,[1.000],"[0.002, 0.034, 0.013, 0.196, 0.104, 0.005, 1.000]"
69.24,69.28,silence,0.9999855756759644,silence,[1.000],"[0.002, 0.036, 0.013, 0.240, 0.097, 0.005, 1.000]"
69.28,69.32,silence,0.9999785423278809,silence,[1.000],"[0.001, 0.038, 0.013, 0.289, 0.090, 0.005, 1.000]"
69.32,69.36,silence,0.9999681711196899,silence,[1.000],"[0.001, 0.040, 0.013, 0.338, 0.084, 0.005, 1.000]"
69.36,69.4,silence,0.9999526739120483,silence,[1.000],"[0.001, 0.041, 0.013, 0.388, 0.078, 0.005, 1.000]"
69.4,69.44,silence,0.9999303817749023,silence,[1.000],"[0.001, 0.043, 0.012, 0.435, 0.073, 0.005, 1.000]"
69.44,69.48,silence,0.9998987913131714,silence,[1.000],"[0.001, 0.045, 0.012, 0.479, 0.068, 0.006, 1.000]"
69.48,69.52,silence,0.9998550415039062,silence,[1.000],"[0.001, 0.046, 0.011, 0.518, 0.063, 0.006, 1.000]"
69.52,69.56,silence,0.9997962117195129,silence,[1.000],"[0.001, 0.048, 0.011, 0.552, 0.059, 0.007, 1.000]"
69.56,69.6,silence,0.9997183680534363,silence,[1.000],"[0.001, 0.049, 0.010, 0.581, 0.055, 0.007, 1.000]"
69.6,69.64,silence,0.9996181726455688,silence,[1.000],"[0.001, 0.050, 0.010, 0.605, 0.052, 0.008, 1.000]"
69.64,69.68,silence,0.999491810798645,Wonyoung|silence,"[0.624, 0.999]","[0.001, 0.051, 0.009, 0.624, 0.049, 0.009, 0.999]"
69.68,69.72,silence,0.9993353486061096,Wonyoung|silence,"[0.640, 0.999]","[0.001, 0.051, 0.009, 0.640, 0.046, 0.011, 0.999]"
69.72,69.76,silence,0.9991447925567627,Wonyoung|silence,"[0.652, 0.999]","[0.001, 0.052, 0.008, 0.652, 0.044, 0.013, 0.999]"
69.76,69.8,silence,0.9989163875579834,Wonyoung|silence,"[0.662, 0.999]","[0.001, 0.052, 0.008, 0.662, 0.042, 0.015, 0.999]"
69.8,69.84,silence,0.9986469149589539,Wonyoung|silence,"[0.669, 0.999]","[0.001, 0.052, 0.007, 0.669, 0.040, 0.018, 0.999]"
69.84,69.88,silence,0.9983319640159607,Wonyoung|silence,"[0.674, 0.998]","[0.001, 0.052, 0.007, 0.674, 0.039, 0.021, 0.998]"
69.88,69.92,silence,0.9979654550552368,Wonyoung|silence,"[0.678, 0.998]","[0.001, 0.051, 0.007, 0.678, 0.038, 0.026, 0.998]"
69.92,69.96,silence,0.9975382089614868,Wonyoung|silence,"[0.680, 0.998]","[0.001, 0.051, 0.006, 0.680, 0.038, 0.031, 0.998]"
69.96,70.0,silence,0.9970365762710571,Wonyoung|silence,"[0.682, 0.997]","[0.001, 0.050, 0.006, 0.682, 0.037, 0.038, 0.997]"
70.0,70.04,silence,0.9964390397071838,Wonyoung|silence,"[0.684, 0.996]","[0.001, 0.049, 0.006, 0.684, 0.038, 0.047, 0.996]"
70.04,70.08,silence,0.9957143664360046,Wonyoung|silence,"[0.685, 0.996]","[0.001, 0.048, 0.006, 0.685, 0.038, 0.058, 0.996]"
70.08,70.12,silence,0.9948148131370544,Wonyoung|silence,"[0.688, 0.995]","[0.001, 0.047, 0.006, 0.688, 0.039, 0.071, 0.995]"
70.12,70.16,silence,0.9936716556549072,Wonyoung|silence,"[0.691, 0.994]","[0.001, 0.047, 0.005, 0.691, 0.040, 0.087, 0.994]"
70.16,70.2,silence,0.9921843409538269,Wonyoung|silence,"[0.694, 0.992]","[0.001, 0.046, 0.005, 0.694, 0.042, 0.105, 0.992]"
70.2,70.24,silence,0.9902072548866272,Wonyoung|silence,"[0.699, 0.990]","[0.001, 0.045, 0.005, 0.699, 0.044, 0.126, 0.990]"
70.24,70.28,silence,0.9875296354293823,Wonyoung|silence,"[0.705, 0.988]","[0.001, 0.044, 0.005, 0.705, 0.046, 0.150, 0.988]"
70.28,70.32,silence,0.9838451147079468,Wonyoung|silence,"[0.712, 0.984]","[0.001, 0.043, 0.005, 0.712, 0.049, 0.176, 0.984]"
70.32,70.36,silence,0.9787044525146484,Wonyoung|silence,"[0.720, 0.979]","[0.001, 0.043, 0.005, 0.720, 0.051, 0.205, 0.979]"
70.36,70.4,silence,0.9714634418487549,Wonyoung|silence,"[0.729, 0.971]","[0.001, 0.043, 0.005, 0.729, 0.054, 0.235, 0.971]"
70.4,70.44,silence,0.9612608551979065,Wonyoung|silence,"[0.738, 0.961]","[0.001, 0.043, 0.004, 0.738, 0.057, 0.266, 0.961]"
70.44,70.48,silence,0.9469599723815918,Wonyoung|silence,"[0.749, 0.947]","[0.001, 0.043, 0.004, 0.749, 0.060, 0.298, 0.947]"
70.48,70.52,silence,0.9271318912506104,Wonyoung|silence,"[0.759, 0.927]","[0.001, 0.043, 0.004, 0.759, 0.063, 0.329, 0.927]"
70.52,70.56,silence,0.9002014994621277,Wonyoung|silence,"[0.771, 0.900]","[0.001, 0.044, 0.004, 0.771, 0.066, 0.359, 0.900]"
70.56,70.6,silence,0.8646471500396729,Wonyoung|silence,"[0.782, 0.865]","[0.001, 0.044, 0.004, 0.782, 0.069, 0.387, 0.865]"
70.6,70.64,silence,0.8193837404251099,Wonyoung|silence,"[0.793, 0.819]","[0.001, 0.045, 0.003, 0.793, 0.071, 0.412, 0.819]"
70.64,70.68,Wonyoung,0.8032540678977966,Wonyoung|silence,"[0.803, 0.764]","[0.001, 0.046, 0.003, 0.803, 0.074, 0.435, 0.764]"
70.68,70.72,Wonyoung,0.81296306848526,Wonyoung|silence,"[0.813, 0.701]","[0.001, 0.047, 0.003, 0.813, 0.076, 0.454, 0.701]"
70.72,70.76,Wonyoung,0.8217166662216187,Wonyoung|silence,"[0.822, 0.632]","[0.001, 0.048, 0.003, 0.822, 0.078, 0.471, 0.632]"
70.76,70.8,Wonyoung,0.8293469548225403,Wonyoung,[0.829],"[0.001, 0.049, 0.003, 0.829, 0.080, 0.484, 0.562]"
70.8,70.84,Wonyoung,0.8357082009315491,Wonyoung,[0.836],"[0.001, 0.049, 0.002, 0.836, 0.083, 0.494, 0.494]"
70.84,70.88,Wonyoung,0.8406651020050049,Wonyoung,[0.841],"[0.001, 0.049, 0.002, 0.841, 0.085, 0.502, 0.433]"
70.88,70.92,Wonyoung,0.8441394567489624,Wonyoung,[0.844],"[0.001, 0.049, 0.002, 0.844, 0.087, 0.506, 0.382]"
70.92,70.96,Wonyoung,0.8461352586746216,Wonyoung,[0.846],"[0.001, 0.049, 0.002, 0.846, 0.089, 0.508, 0.339]"
70.96,71.0,Wonyoung,0.8466845154762268,Wonyoung,[0.847],"[0.001, 0.048, 0.002, 0.847, 0.091, 0.508, 0.307]"
71.0,71.04,Wonyoung,0.8457962274551392,Wonyoung,[0.846],"[0.001, 0.047, 0.002, 0.846, 0.093, 0.507, 0.283]"
71.04,71.08,Wonyoung,0.8434531688690186,Wonyoung,[0.843],"[0.001, 0.045, 0.001, 0.843, 0.094, 0.504, 0.268]"
71.08,71.12,Wonyoung,0.8396468758583069,Wonyoung,[0.840],"[0.001, 0.043, 0.001, 0.840, 0.096, 0.501, 0.259]"
71.12,71.16,Wonyoung,0.8343896269798279,Wonyoung,[0.834],"[0.001, 0.040, 0.001, 0.834, 0.097, 0.499, 0.257]"
71.16,71.2,Wonyoung,0.8276649117469788,Wonyoung,[0.828],"[0.001, 0.037, 0.001, 0.828, 0.098, 0.496, 0.262]"
71.2,71.24,Wonyoung,0.8194752931594849,Wonyoung,[0.819],"[0.001, 0.034, 0.001, 0.819, 0.099, 0.493, 0.272]"
71.24,71.28,Wonyoung,0.8097752928733826,Wonyoung,[0.810],"[0.001, 0.031, 0.001, 0.810, 0.100, 0.491, 0.289]"
71.28,71.32,Wonyoung,0.7985542416572571,Wonyoung,[0.799],"[0.001, 0.027, 0.001, 0.799, 0.100, 0.490, 0.312]"
71.32,71.36,Wonyoung,0.7858758568763733,Wonyoung,[0.786],"[0.002, 0.024, 0.001, 0.786, 0.100, 0.488, 0.342]"
71.36,71.4,Wonyoung,0.7718854546546936,Wonyoung,[0.772],"[0.002, 0.020, 0.001, 0.772, 0.100, 0.487, 0.379]"
71.4,71.44,Wonyoung,0.7568647265434265,Wonyoung,[0.757],"[0.003, 0.017, 0.001, 0.757, 0.100, 0.486, 0.422]"
71.44,71.48,Wonyoung,0.7412079572677612,Wonyoung,[0.741],"[0.003, 0.014, 0.001, 0.741, 0.100, 0.484, 0.471]"
71.48,71.52,Wonyoung,0.7253875136375427,Wonyoung,[0.725],"[0.005, 0.012, 0.001, 0.725, 0.100, 0.482, 0.523]"
71.52,71.56,Wonyoung,0.7098065614700317,Wonyoung,[0.710],"[0.006, 0.010, 0.001, 0.710, 0.100, 0.479, 0.578]"
71.56,71.6,Wonyoung,0.6948016881942749,Wonyoung|silence,"[0.695, 0.632]","[0.008, 0.008, 0.001, 0.695, 0.100, 0.476, 0.632]"
71.6,71.64,silence,0.6832771301269531,Wonyoung|silence,"[0.681, 0.683]","[0.010, 0.006, 0.001, 0.681, 0.100, 0.471, 0.683]"
71.64,71.68,silence,0.7305497527122498,Wonyoung|silence,"[0.668, 0.731]","[0.013, 0.005, 0.001, 0.668, 0.101, 0.466, 0.731]"
71.68,71.72,silence,0.7725352048873901,Wonyoung|silence,"[0.657, 0.773]","[0.016, 0.004, 0.001, 0.657, 0.102, 0.460, 0.773]"
71.72,71.76,silence,0.8088544011116028,Wonyoung|silence,"[0.648, 0.809]","[0.020, 0.003, 0.001, 0.648, 0.103, 0.452, 0.809]"
71.76,71.8,silence,0.8394444584846497,Wonyoung|silence,"[0.642, 0.839]","[0.025, 0.003, 0.001, 0.642, 0.104, 0.444, 0.839]"
71.8,71.84,silence,0.8645471930503845,Wonyoung|silence,"[0.638, 0.865]","[0.030, 0.002, 0.001, 0.638, 0.106, 0.434, 0.865]"
71.84,71.88,silence,0.8847208619117737,Wonyoung|silence,"[0.638, 0.885]","[0.035, 0.002, 0.001, 0.638, 0.108, 0.424, 0.885]"
71.88,71.92,silence,0.9006744623184204,Wonyoung|silence,"[0.640, 0.901]","[0.041, 0.001, 0.001, 0.640, 0.110, 0.412, 0.901]"
71.92,71.96,silence,0.9131420850753784,Wonyoung|silence,"[0.646, 0.913]","[0.047, 0.001, 0.001, 0.646, 0.112, 0.398, 0.913]"
71.96,72.0,silence,0.9227941036224365,Wonyoung|silence,"[0.655, 0.923]","[0.052, 0.001, 0.002, 0.655, 0.115, 0.384, 0.923]"
72.0,72.04,silence,0.9302271604537964,Wonyoung|silence,"[0.666, 0.930]","[0.056, 0.001, 0.002, 0.666, 0.117, 0.369, 0.930]"
72.04,72.08,silence,0.9359137415885925,Wonyoung|silence,"[0.681, 0.936]","[0.060, 0.001, 0.002, 0.681, 0.120, 0.353, 0.936]"
72.08,72.12,silence,0.9402334690093994,Wonyoung|silence,"[0.698, 0.940]","[0.062, 0.001, 0.002, 0.698, 0.123, 0.337, 0.940]"
72.12,72.16,silence,0.9434932470321655,Wonyoung|silence,"[0.716, 0.943]","[0.064, 0.001, 0.002, 0.716, 0.125, 0.321, 0.943]"
72.16,72.2,silence,0.9459553360939026,Wonyoung|silence,"[0.737, 0.946]","[0.065, 0.001, 0.003, 0.737, 0.128, 0.304, 0.946]"
72.2,72.24,silence,0.947809636592865,Wonyoung|silence,"[0.758, 0.948]","[0.064, 0.001, 0.003, 0.758, 0.130, 0.288, 0.948]"
72.24,72.28,silence,0.9491980671882629,Wonyoung|silence,"[0.780, 0.949]","[0.063, 0.001, 0.003, 0.780, 0.131, 0.273, 0.949]"
72.28,72.32,silence,0.9501945376396179,Wonyoung|silence,"[0.802, 0.950]","[0.061, 0.001, 0.004, 0.802, 0.133, 0.257, 0.950]"
72.32,72.36,silence,0.9508346915245056,Wonyoung|silence,"[0.823, 0.951]","[0.059, 0.001, 0.004, 0.823, 0.134, 0.243, 0.951]"
72.36,72.4,silence,0.9511363506317139,Wonyoung|silence,"[0.842, 0.951]","[0.056, 0.001, 0.004, 0.842, 0.134, 0.229, 0.951]"
72.4,72.44,silence,0.9510979652404785,Wonyoung|silence,"[0.861, 0.951]","[0.053, 0.001, 0.005, 0.861, 0.135, 0.216, 0.951]"
72.44,72.48,silence,0.9507246613502502,Wonyoung|silence,"[0.878, 0.951]","[0.049, 0.001, 0.005, 0.878, 0.134, 0.204, 0.951]"
72.48,72.52,silence,0.9500307440757751,Wonyoung|silence,"[0.893, 0.950]","[0.046, 0.001, 0.005, 0.893, 0.133, 0.192, 0.950]"
72.52,72.56,silence,0.9489946961402893,Wonyoung|silence,"[0.907, 0.949]","[0.043, 0.001, 0.006, 0.907, 0.131, 0.182, 0.949]"
72.56,72.6,silence,0.9476078152656555,Wonyoung|silence,"[0.919, 0.948]","[0.040, 0.001, 0.006, 0.919, 0.129, 0.172, 0.948]"
72.6,72.64,silence,0.945875883102417,Wonyoung|silence,"[0.930, 0.946]","[0.037, 0.001, 0.006, 0.930, 0.126, 0.163, 0.946]"
72.64,72.68,silence,0.9438266158103943,Wonyoung|silence,"[0.939, 0.944]","[0.035, 0.001, 0.006, 0.939, 0.122, 0.154, 0.944]"
72.68,72.72,Wonyoung,0.9466848969459534,Wonyoung|silence,"[0.947, 0.942]","[0.032, 0.002, 0.006, 0.947, 0.117, 0.147, 0.942]"
72.72,72.76,Wonyoung,0.9535592198371887,Wonyoung|silence,"[0.954, 0.939]","[0.030, 0.002, 0.006, 0.954, 0.112, 0.140, 0.939]"
72.76,72.8,Wonyoung,0.9595044851303101,Wonyoung|silence,"[0.960, 0.936]","[0.028, 0.003, 0.006, 0.960, 0.107, 0.134, 0.936]"
72.8,72.84,Wonyoung,0.9646573066711426,Wonyoung|silence,"[0.965, 0.934]","[0.027, 0.003, 0.006, 0.965, 0.101, 0.128, 0.934]"
72.84,72.88,Wonyoung,0.9691342711448669,Wonyoung|silence,"[0.969, 0.931]","[0.025, 0.005, 0.006, 0.969, 0.095, 0.123, 0.931]"
72.88,72.92,Wonyoung,0.9730316400527954,Wonyoung|silence,"[0.973, 0.927]","[0.024, 0.006, 0.006, 0.973, 0.089, 0.119, 0.927]"
72.92,72.96,Wonyoung,0.976434588432312,Wonyoung|silence,"[0.976, 0.924]","[0.022, 0.008, 0.006, 0.976, 0.082, 0.114, 0.924]"
72.96,73.0,Wonyoung,0.9794107675552368,Wonyoung|silence,"[0.979, 0.920]","[0.021, 0.010, 0.006, 0.979, 0.076, 0.111, 0.920]"
73.0,73.04,Wonyoung,0.9820170998573303,Wonyoung|silence,"[0.982, 0.917]","[0.020, 0.013, 0.005, 0.982, 0.070, 0.107, 0.917]"
73.04,73.08,Wonyoung,0.9843016862869263,Wonyoung|silence,"[0.984, 0.912]","[0.019, 0.017, 0.005, 0.984, 0.064, 0.104, 0.912]"
73.08,73.12,Wonyoung,0.9863032698631287,Wonyoung|silence,"[0.986, 0.908]","[0.019, 0.022, 0.005, 0.986, 0.058, 0.101, 0.908]"
73.12,73.16,Wonyoung,0.988050639629364,Wonyoung|silence,"[0.988, 0.904]","[0.018, 0.027, 0.005, 0.988, 0.053, 0.099, 0.904]"
73.16,73.2,Wonyoung,0.9895719289779663,Wonyoung|silence,"[0.990, 0.900]","[0.017, 0.034, 0.005, 0.990, 0.048, 0.097, 0.900]"
73.2,73.24,Wonyoung,0.9908896088600159,Wonyoung|silence,"[0.991, 0.896]","[0.017, 0.042, 0.005, 0.991, 0.043, 0.095, 0.896]"
73.24,73.28,Wonyoung,0.9920246601104736,Wonyoung|silence,"[0.992, 0.893]","[0.016, 0.052, 0.005, 0.992, 0.039, 0.093, 0.893]"
73.28,73.32,Wonyoung,0.9929949641227722,Wonyoung|silence,"[0.993, 0.890]","[0.016, 0.063, 0.004, 0.993, 0.035, 0.091, 0.890]"
73.32,73.36,Wonyoung,0.9938181042671204,Wonyoung|silence,"[0.994, 0.888]","[0.015, 0.076, 0.004, 0.994, 0.032, 0.090, 0.888]"
73.36,73.4,Wonyoung,0.9945117235183716,Wonyoung|silence,"[0.995, 0.887]","[0.015, 0.090, 0.004, 0.995, 0.030, 0.088, 0.887]"
73.4,73.44,Wonyoung,0.9950937032699585,Wonyoung|silence,"[0.995, 0.887]","[0.014, 0.106, 0.004, 0.995, 0.027, 0.086, 0.887]"
73.44,73.48,Wonyoung,0.9955797791481018,Wonyoung|silence,"[0.996, 0.888]","[0.014, 0.123, 0.003, 0.996, 0.025, 0.084, 0.888]"
73.48,73.52,Wonyoung,0.9959852695465088,Wonyoung|silence,"[0.996, 0.890]","[0.014, 0.142, 0.003, 0.996, 0.024, 0.082, 0.890]"
73.52,73.56,Wonyoung,0.9963226318359375,Wonyoung|silence,"[0.996, 0.893]","[0.014, 0.161, 0.003, 0.996, 0.022, 0.080, 0.893]"
73.56,73.6,Wonyoung,0.9966022968292236,Wonyoung|silence,"[0.997, 0.898]","[0.014, 0.182, 0.003, 0.997, 0.021, 0.077, 0.898]"
73.6,73.64,Wonyoung,0.996832549571991,Wonyoung|silence,"[0.997, 0.903]","[0.014, 0.203, 0.003, 0.997, 0.020, 0.074, 0.903]"
73.64,73.68,Wonyoung,0.9970197081565857,Wonyoung|silence,"[0.997, 0.910]","[0.014, 0.225, 0.002, 0.997, 0.019, 0.071, 0.910]"
73.68,73.72,Wonyoung,0.9971690773963928,Wonyoung|silence,"[0.997, 0.917]","[0.014, 0.247, 0.002, 0.997, 0.018, 0.068, 0.917]"
73.72,73.76,Wonyoung,0.9972842931747437,Wonyoung|silence,"[0.997, 0.925]","[0.014, 0.269, 0.002, 0.997, 0.017, 0.065, 0.925]"
73.76,73.8,Wonyoung,0.9973692893981934,Wonyoung|silence,"[0.997, 0.933]","[0.014, 0.290, 0.002, 0.997, 0.016, 0.062, 0.933]"
73.8,73.84,Wonyoung,0.9974270462989807,Wonyoung|silence,"[0.997, 0.940]","[0.014, 0.310, 0.001, 0.997, 0.015, 0.059, 0.940]"
73.84,73.88,Wonyoung,0.9974607229232788,Wonyoung|silence,"[0.997, 0.947]","[0.014, 0.329, 0.001, 0.997, 0.015, 0.055, 0.947]"
73.88,73.92,Wonyoung,0.9974732995033264,Wonyoung|silence,"[0.997, 0.954]","[0.014, 0.346, 0.001, 0.997, 0.014, 0.052, 0.954]"
73.92,73.96,Wonyoung,0.9974671602249146,Wonyoung|silence,"[0.997, 0.960]","[0.014, 0.360, 0.001, 0.997, 0.013, 0.050, 0.960]"
73.96,74.0,Wonyoung,0.9974439144134521,Wonyoung|silence,"[0.997, 0.965]","[0.014, 0.371, 0.001, 0.997, 0.013, 0.047, 0.965]"
74.0,74.04,Wonyoung,0.997405469417572,Wonyoung|silence,"[0.997, 0.970]","[0.014, 0.379, 0.001, 0.997, 0.013, 0.044, 0.970]"
74.04,74.08,Wonyoung,0.997353196144104,Wonyoung|silence,"[0.997, 0.973]","[0.014, 0.385, 0.001, 0.997, 0.012, 0.042, 0.973]"
74.08,74.12,Wonyoung,0.9972884654998779,Wonyoung|silence,"[0.997, 0.976]","[0.013, 0.386, 0.001, 0.997, 0.012, 0.040, 0.976]"
74.12,74.16,Wonyoung,0.9972125887870789,Wonyoung|silence,"[0.997, 0.979]","[0.013, 0.385, 0.001, 0.997, 0.012, 0.038, 0.979]"
74.16,74.2,Wonyoung,0.9971267580986023,Wonyoung|silence,"[0.997, 0.981]","[0.013, 0.380, 0.000, 0.997, 0.011, 0.036, 0.981]"
74.2,74.24,Wonyoung,0.9970321655273438,Wonyoung|silence,"[0.997, 0.982]","[0.012, 0.372, 0.000, 0.997, 0.011, 0.034, 0.982]"
74.24,74.28,Wonyoung,0.996929943561554,Wonyoung|silence,"[0.997, 0.984]","[0.012, 0.361, 0.000, 0.997, 0.011, 0.032, 0.984]"
74.28,74.32,Wonyoung,0.9968208074569702,Wonyoung|silence,"[0.997, 0.984]","[0.011, 0.347, 0.000, 0.997, 0.011, 0.030, 0.984]"
74.32,74.36,Wonyoung,0.9967057108879089,Wonyoung|silence,"[0.997, 0.985]","[0.011, 0.330, 0.000, 0.997, 0.011, 0.029, 0.985]"
74.36,74.4,Wonyoung,0.9965860843658447,Wonyoung|silence,"[0.997, 0.985]","[0.010, 0.310, 0.000, 0.997, 0.011, 0.027, 0.985]"
74.4,74.44,Wonyoung,0.9964637160301208,Wonyoung|silence,"[0.996, 0.985]","[0.010, 0.289, 0.000, 0.996, 0.011, 0.026, 0.985]"
74.44,74.48,Wonyoung,0.9963399171829224,Wonyoung|silence,"[0.996, 0.985]","[0.009, 0.265, 0.000, 0.996, 0.010, 0.024, 0.985]"
74.48,74.52,Wonyoung,0.9962155222892761,Wonyoung|silence,"[0.996, 0.984]","[0.009, 0.241, 0.000, 0.996, 0.010, 0.023, 0.984]"
74.52,74.56,Wonyoung,0.9960922598838806,Wonyoung|silence,"[0.996, 0.983]","[0.008, 0.216, 0.000, 0.996, 0.010, 0.022, 0.983]"
74.56,74.6,Wonyoung,0.9959731698036194,Wonyoung|silence,"[0.996, 0.982]","[0.008, 0.192, 0.000, 0.996, 0.010, 0.021, 0.982]"
74.6,74.64,Wonyoung,0.9958623647689819,Wonyoung|silence,"[0.996, 0.981]","[0.008, 0.168, 0.000, 0.996, 0.010, 0.020, 0.981]"
74.64,74.68,Wonyoung,0.9957629442214966,Wonyoung|silence,"[0.996, 0.980]","[0.007, 0.146, 0.000, 0.996, 0.010, 0.019, 0.980]"
74.68,74.72,Wonyoung,0.9956763386726379,Wonyoung|silence,"[0.996, 0.978]","[0.007, 0.126, 0.000, 0.996, 0.010, 0.019, 0.978]"
74.72,74.76,Wonyoung,0.9956027269363403,Wonyoung|silence,"[0.996, 0.975]","[0.006, 0.108, 0.001, 0.996, 0.009, 0.018, 0.975]"
74.76,74.8,Wonyoung,0.995541512966156,Wonyoung|silence,"[0.996, 0.972]","[0.006, 0.092, 0.001, 0.996, 0.009, 0.017, 0.972]"
74.8,74.84,Wonyoung,0.9954914450645447,Wonyoung|silence,"[0.995, 0.969]","[0.006, 0.078, 0.001, 0.995, 0.009, 0.017, 0.969]"
74.84,74.88,Wonyoung,0.9954497218132019,Wonyoung|silence,"[0.995, 0.965]","[0.005, 0.067, 0.001, 0.995, 0.009, 0.016, 0.965]"
74.88,74.92,Wonyoung,0.9954128861427307,Wonyoung|silence,"[0.995, 0.960]","[0.005, 0.057, 0.001, 0.995, 0.008, 0.016, 0.960]"
74.92,74.96,Wonyoung,0.9953757524490356,Wonyoung|silence,"[0.995, 0.955]","[0.005, 0.048, 0.001, 0.995, 0.008, 0.015, 0.955]"
74.96,75.0,Wonyoung,0.9953334927558899,Wonyoung|silence,"[0.995, 0.950]","[0.005, 0.041, 0.001, 0.995, 0.008, 0.015, 0.950]"
75.0,75.04,Wonyoung,0.9952804446220398,Wonyoung|silence,"[0.995, 0.944]","[0.004, 0.036, 0.002, 0.995, 0.008, 0.014, 0.944]"
75.04,75.08,Wonyoung,0.9952111840248108,Wonyoung|silence,"[0.995, 0.938]","[0.004, 0.031, 0.002, 0.995, 0.007, 0.014, 0.938]"
75.08,75.12,Wonyoung,0.9951209425926208,Wonyoung|silence,"[0.995, 0.933]","[0.004, 0.027, 0.003, 0.995, 0.007, 0.014, 0.933]"
75.12,75.16,Wonyoung,0.9950065612792969,Wonyoung|silence,"[0.995, 0.927]","[0.003, 0.024, 0.003, 0.995, 0.007, 0.013, 0.927]"
75.16,75.2,Wonyoung,0.9948646426200867,Wonyoung|silence,"[0.995, 0.923]","[0.003, 0.021, 0.004, 0.995, 0.006, 0.013, 0.923]"
75.2,75.24,Wonyoung,0.9946931004524231,Wonyoung|silence,"[0.995, 0.919]","[0.003, 0.019, 0.004, 0.995, 0.006, 0.013, 0.919]"
75.24,75.28,Wonyoung,0.9944918155670166,Wonyoung|silence,"[0.994, 0.916]","[0.003, 0.017, 0.005, 0.994, 0.006, 0.012, 0.916]"
75.28,75.32,Wonyoung,0.9942622184753418,Wonyoung|silence,"[0.994, 0.915]","[0.002, 0.015, 0.006, 0.994, 0.006, 0.012, 0.915]"
75.32,75.36,Wonyoung,0.9940080642700195,Wonyoung|silence,"[0.994, 0.914]","[0.002, 0.014, 0.007, 0.994, 0.005, 0.012, 0.914]"
75.36,75.4,Wonyoung,0.9937361478805542,Wonyoung|silence,"[0.994, 0.915]","[0.002, 0.013, 0.007, 0.994, 0.005, 0.012, 0.915]"
75.4,75.44,Wonyoung,0.9934526681900024,Wonyoung|silence,"[0.993, 0.918]","[0.002, 0.011, 0.008, 0.993, 0.005, 0.012, 0.918]"
75.44,75.48,Wonyoung,0.9931608438491821,Wonyoung|silence,"[0.993, 0.921]","[0.002, 0.011, 0.009, 0.993, 0.004, 0.012, 0.921]"
75.48,75.52,Wonyoung,0.992861807346344,Wonyoung|silence,"[0.993, 0.925]","[0.001, 0.010, 0.010, 0.993, 0.004, 0.012, 0.925]"
75.52,75.56,Wonyoung,0.9925587177276611,Wonyoung|silence,"[0.993, 0.929]","[0.001, 0.009, 0.010, 0.993, 0.004, 0.012, 0.929]"
75.56,75.6,Wonyoung,0.9922559261322021,Wonyoung|silence,"[0.992, 0.933]","[0.001, 0.008, 0.011, 0.992, 0.003, 0.012, 0.933]"
75.6,75.64,Wonyoung,0.9919575452804565,Wonyoung|silence,"[0.992, 0.937]","[0.001, 0.008, 0.011, 0.992, 0.003, 0.012, 0.937]"
75.64,75.68,Wonyoung,0.9916655421257019,Wonyoung|silence,"[0.992, 0.941]","[0.001, 0.007, 0.011, 0.992, 0.003, 0.013, 0.941]"
75.68,75.72,Wonyoung,0.9913835525512695,Wonyoung|silence,"[0.991, 0.945]","[0.001, 0.007, 0.011, 0.991, 0.003, 0.013, 0.945]"
75.72,75.76,Wonyoung,0.9911152124404907,Wonyoung|silence,"[0.991, 0.948]","[0.001, 0.006, 0.011, 0.991, 0.002, 0.013, 0.948]"
75.76,75.8,Wonyoung,0.9908595681190491,Wonyoung|silence,"[0.991, 0.951]","[0.001, 0.006, 0.011, 0.991, 0.002, 0.014, 0.951]"
75.8,75.84,Wonyoung,0.9906127452850342,Wonyoung|silence,"[0.991, 0.954]","[0.001, 0.006, 0.010, 0.991, 0.002, 0.014, 0.954]"
75.84,75.88,Wonyoung,0.990368127822876,Wonyoung|silence,"[0.990, 0.956]","[0.000, 0.005, 0.010, 0.990, 0.002, 0.015, 0.956]"
75.88,75.92,Wonyoung,0.9901178479194641,Wonyoung|silence,"[0.990, 0.958]","[0.000, 0.005, 0.009, 0.990, 0.002, 0.015, 0.958]"
75.92,75.96,Wonyoung,0.9898518323898315,Wonyoung|silence,"[0.990, 0.959]","[0.000, 0.005, 0.009, 0.990, 0.001, 0.016, 0.959]"
75.96,76.0,Wonyoung,0.9895586967468262,Wonyoung|silence,"[0.990, 0.961]","[0.000, 0.005, 0.008, 0.990, 0.001, 0.016, 0.961]"
76.0,76.04,Wonyoung,0.9892230033874512,Wonyoung|silence,"[0.989, 0.962]","[0.000, 0.005, 0.008, 0.989, 0.001, 0.016, 0.962]"
76.04,76.08,Wonyoung,0.9888273477554321,Wonyoung|silence,"[0.989, 0.963]","[0.000, 0.005, 0.008, 0.989, 0.001, 0.016, 0.963]"
76.08,76.12,Wonyoung,0.9883531928062439,Wonyoung|silence,"[0.988, 0.964]","[0.000, 0.005, 0.007, 0.988, 0.001, 0.017, 0.964]"
76.12,76.16,Wonyoung,0.987779974937439,Wonyoung|silence,"[0.988, 0.965]","[0.000, 0.005, 0.007, 0.988, 0.001, 0.016, 0.965]"
76.16,76.2,Wonyoung,0.9870849251747131,Wonyoung|silence,"[0.987, 0.966]","[0.000, 0.005, 0.006, 0.987, 0.001, 0.016, 0.966]"
76.2,76.24,Wonyoung,0.9862404465675354,Wonyoung|silence,"[0.986, 0.967]","[0.000, 0.005, 0.006, 0.986, 0.001, 0.016, 0.967]"
76.24,76.28,Wonyoung,0.985220193862915,Wonyoung|silence,"[0.985, 0.968]","[0.000, 0.005, 0.005, 0.985, 0.001, 0.016, 0.968]"
76.28,76.32,Wonyoung,0.9839946031570435,Wonyoung|silence,"[0.984, 0.970]","[0.000, 0.006, 0.005, 0.984, 0.001, 0.016, 0.970]"
76.32,76.36,Wonyoung,0.9825181365013123,Wonyoung|silence,"[0.983, 0.972]","[0.000, 0.006, 0.005, 0.983, 0.001, 0.015, 0.972]"
76.36,76.4,Wonyoung,0.9807275533676147,Wonyoung|silence,"[0.981, 0.974]","[0.000, 0.006, 0.004, 0.981, 0.001, 0.015, 0.974]"
76.4,76.44,Wonyoung,0.9785329699516296,Wonyoung|silence,"[0.979, 0.976]","[0.000, 0.006, 0.004, 0.979, 0.001, 0.015, 0.976]"
76.44,76.48,silence,0.9777225255966187,Wonyoung|silence,"[0.976, 0.978]","[0.001, 0.006, 0.004, 0.976, 0.001, 0.014, 0.978]"
76.48,76.52,silence,0.9799848794937134,Wonyoung|silence,"[0.972, 0.980]","[0.001, 0.007, 0.004, 0.972, 0.001, 0.014, 0.980]"
76.52,76.56,silence,0.9823394417762756,Wonyoung|silence,"[0.968, 0.982]","[0.001, 0.007, 0.004, 0.968, 0.001, 0.014, 0.982]"
76.56,76.6,silence,0.9847309589385986,Wonyoung|silence,"[0.963, 0.985]","[0.001, 0.007, 0.003, 0.963, 0.001, 0.014, 0.985]"
76.6,76.64,silence,0.9870861768722534,Wonyoung|silence,"[0.955, 0.987]","[0.001, 0.008, 0.003, 0.955, 0.001, 0.014, 0.987]"
76.64,76.68,silence,0.9893262386322021,Wonyoung|silence,"[0.946, 0.989]","[0.001, 0.008, 0.003, 0.946, 0.002, 0.014, 0.989]"
76.68,76.72,silence,0.9913848638534546,Wonyoung|silence,"[0.934, 0.991]","[0.001, 0.009, 0.003, 0.934, 0.002, 0.014, 0.991]"
76.72,76.76,silence,0.9932106137275696,Wonyoung|silence,"[0.918, 0.993]","[0.002, 0.009, 0.003, 0.918, 0.002, 0.014, 0.993]"
76.76,76.8,silence,0.994771420955658,Wonyoung|silence,"[0.896, 0.995]","[0.002, 0.010, 0.003, 0.896, 0.002, 0.015, 0.995]"
76.8,76.84,silence,0.9960577487945557,Wonyoung|silence,"[0.869, 0.996]","[0.002, 0.010, 0.004, 0.869, 0.003, 0.015, 0.996]"
76.84,76.88,silence,0.9970806241035461,Wonyoung|silence,"[0.833, 0.997]","[0.003, 0.011, 0.004, 0.833, 0.003, 0.016, 0.997]"
76.88,76.92,silence,0.9978675842285156,Wonyoung|silence,"[0.788, 0.998]","[0.004, 0.012, 0.004, 0.788, 0.003, 0.016, 0.998]"
76.92,76.96,silence,0.9984573125839233,Wonyoung|silence,"[0.733, 0.998]","[0.005, 0.013, 0.005, 0.733, 0.004, 0.017, 0.998]"
76.96,77.0,silence,0.9988903403282166,Wonyoung|silence,"[0.668, 0.999]","[0.006, 0.014, 0.005, 0.668, 0.005, 0.017, 0.999]"
77.0,77.04,silence,0.9992035031318665,Wonyoung|silence,"[0.595, 0.999]","[0.008, 0.016, 0.006, 0.595, 0.005, 0.018, 0.999]"
77.04,77.08,silence,0.9994271993637085,silence,[0.999],"[0.010, 0.018, 0.007, 0.517, 0.006, 0.018, 0.999]"
77.08,77.12,silence,0.9995856881141663,silence,[1.000],"[0.014, 0.020, 0.008, 0.438, 0.007, 0.018, 1.000]"
77.12,77.16,silence,0.9996973276138306,silence,[1.000],"[0.018, 0.022, 0.009, 0.363, 0.008, 0.018, 1.000]"
77.16,77.2,silence,0.9997758269309998,silence,[1.000],"[0.024, 0.026, 0.011, 0.294, 0.008, 0.018, 1.000]"
77.2,77.24,silence,0.999830961227417,silence,[1.000],"[0.032, 0.029, 0.013, 0.236, 0.009, 0.017, 1.000]"
77.24,77.28,silence,0.999869704246521,silence,[1.000],"[0.042, 0.034, 0.016, 0.187, 0.010, 0.017, 1.000]"
77.28,77.32,silence,0.9998971223831177,silence,[1.000],"[0.055, 0.040, 0.019, 0.148, 0.011, 0.016, 1.000]"
77.32,77.36,silence,0.9999164342880249,silence,[1.000],"[0.072, 0.047, 0.024, 0.117, 0.012, 0.014, 1.000]"
77.36,77.4,silence,0.9999300241470337,silence,[1.000],"[0.093, 0.055, 0.030, 0.093, 0.012, 0.013, 1.000]"
77.4,77.44,silence,0.9999396800994873,silence,[1.000],"[0.120, 0.066, 0.037, 0.075, 0.013, 0.011, 1.000]"
77.44,77.48,silence,0.9999463558197021,silence,[1.000],"[0.152, 0.078, 0.045, 0.061, 0.014, 0.010, 1.000]"
77.48,77.52,silence,0.9999508857727051,silence,[1.000],"[0.189, 0.093, 0.056, 0.050, 0.014, 0.008, 1.000]"
77.52,77.56,silence,0.9999536275863647,silence,[1.000],"[0.231, 0.110, 0.068, 0.042, 0.015, 0.007, 1.000]"
77.56,77.6,silence,0.9999550580978394,silence,[1.000],"[0.278, 0.129, 0.083, 0.036, 0.015, 0.006, 1.000]"
77.6,77.64,silence,0.9999555349349976,silence,[1.000],"[0.327, 0.150, 0.099, 0.032, 0.015, 0.004, 1.000]"
77.64,77.68,silence,0.9999549388885498,silence,[1.000],"[0.378, 0.173, 0.118, 0.028, 0.016, 0.003, 1.000]"
77.68,77.72,silence,0.9999535083770752,silence,[1.000],"[0.428, 0.198, 0.138, 0.026, 0.016, 0.003, 1.000]"
77.72,77.76,silence,0.9999512434005737,silence,[1.000],"[0.476, 0.222, 0.158, 0.024, 0.016, 0.002, 1.000]"
77.76,77.8,silence,0.9999481439590454,silence,[1.000],"[0.521, 0.246, 0.179, 0.023, 0.017, 0.001, 1.000]"
77.8,77.84,silence,0.9999443292617798,silence,[1.000],"[0.562, 0.268, 0.199, 0.022, 0.017, 0.001, 1.000]"
77.84,77.88,silence,0.9999399185180664,silence,[1.000],"[0.598, 0.288, 0.218, 0.022, 0.017, 0.001, 1.000]"
77.88,77.92,silence,0.9999349117279053,Gaeul|silence,"[0.631, 1.000]","[0.631, 0.305, 0.234, 0.022, 0.017, 0.001, 1.000]"
77.92,77.96,silence,0.9999294281005859,Gaeul|silence,"[0.658, 1.000]","[0.658, 0.317, 0.247, 0.023, 0.018, 0.000, 1.000]"
77.96,78.0,silence,0.9999237060546875,Gaeul|silence,"[0.682, 1.000]","[0.682, 0.325, 0.258, 0.024, 0.018, 0.000, 1.000]"
78.0,78.04,silence,0.99991774559021,Gaeul|silence,"[0.702, 1.000]","[0.702, 0.328, 0.265, 0.025, 0.018, 0.000, 1.000]"
78.04,78.08,silence,0.9999121427536011,Gaeul|silence,"[0.718, 1.000]","[0.718, 0.325, 0.270, 0.027, 0.019, 0.000, 1.000]"
78.08,78.12,silence,0.9999070167541504,Gaeul|silence,"[0.731, 1.000]","[0.731, 0.317, 0.271, 0.029, 0.019, 0.000, 1.000]"
78.12,78.16,silence,0.9999027252197266,Gaeul|silence,"[0.741, 1.000]","[0.741, 0.303, 0.269, 0.031, 0.020, 0.000, 1.000]"
78.16,78.2,silence,0.9998996257781982,Gaeul|silence,"[0.749, 1.000]","[0.749, 0.284, 0.266, 0.034, 0.020, 0.000, 1.000]"
78.2,78.24,silence,0.9998979568481445,Gaeul|silence,"[0.755, 1.000]","[0.755, 0.261, 0.260, 0.038, 0.021, 0.000, 1.000]"
78.24,78.28,silence,0.9998980760574341,Gaeul|silence,"[0.759, 1.000]","[0.759, 0.234, 0.253, 0.041, 0.021, 0.000, 1.000]"
78.28,78.32,silence,0.9998998641967773,Gaeul|silence,"[0.762, 1.000]","[0.762, 0.206, 0.244, 0.045, 0.021, 0.000, 1.000]"
78.32,78.36,silence,0.9999035596847534,Gaeul|silence,"[0.764, 1.000]","[0.764, 0.177, 0.234, 0.049, 0.022, 0.000, 1.000]"
78.36,78.4,silence,0.9999088048934937,Gaeul|silence,"[0.764, 1.000]","[0.764, 0.148, 0.224, 0.052, 0.022, 0.000, 1.000]"
78.4,78.44,silence,0.9999154806137085,Gaeul|silence,"[0.764, 1.000]","[0.764, 0.121, 0.214, 0.056, 0.022, 0.000, 1.000]"
78.44,78.48,silence,0.9999229907989502,Gaeul|silence,"[0.763, 1.000]","[0.763, 0.097, 0.203, 0.059, 0.023, 0.000, 1.000]"
78.48,78.52,silence,0.999930739402771,Gaeul|silence,"[0.761, 1.000]","[0.761, 0.076, 0.193, 0.062, 0.023, 0.000, 1.000]"
78.52,78.56,silence,0.9999383687973022,Gaeul|silence,"[0.758, 1.000]","[0.758, 0.059, 0.182, 0.064, 0.023, 0.000, 1.000]"
78.56,78.6,silence,0.9999454021453857,Gaeul|silence,"[0.755, 1.000]","[0.755, 0.045, 0.173, 0.066, 0.023, 0.000, 1.000]"
78.6,78.64,silence,0.9999517202377319,Gaeul|silence,"[0.750, 1.000]","[0.750, 0.033, 0.164, 0.067, 0.023, 0.000, 1.000]"
78.64,78.68,silence,0.9999570846557617,Gaeul|silence,"[0.745, 1.000]","[0.745, 0.025, 0.155, 0.069, 0.023, 0.000, 1.000]"
78.68,78.72,silence,0.9999616146087646,Gaeul|silence,"[0.739, 1.000]","[0.739, 0.018, 0.147, 0.069, 0.022, 0.000, 1.000]"
78.72,78.76,silence,0.9999653100967407,Gaeul|silence,"[0.733, 1.000]","[0.733, 0.013, 0.140, 0.070, 0.022, 0.000, 1.000]"
78.76,78.8,silence,0.9999681711196899,Gaeul|silence,"[0.727, 1.000]","[0.727, 0.010, 0.134, 0.070, 0.022, 0.000, 1.000]"
78.8,78.84,silence,0.9999703168869019,Gaeul|silence,"[0.720, 1.000]","[0.720, 0.007, 0.128, 0.070, 0.022, 0.000, 1.000]"
78.84,78.88,silence,0.999971866607666,Gaeul|silence,"[0.714, 1.000]","[0.714, 0.005, 0.123, 0.070, 0.021, 0.000, 1.000]"
78.88,78.92,silence,0.9999728202819824,Gaeul|silence,"[0.707, 1.000]","[0.707, 0.004, 0.118, 0.070, 0.021, 0.000, 1.000]"
78.92,78.96,silence,0.9999732971191406,Gaeul|silence,"[0.700, 1.000]","[0.700, 0.003, 0.113, 0.070, 0.020, 0.000, 1.000]"
78.96,79.0,silence,0.9999732971191406,Gaeul|silence,"[0.694, 1.000]","[0.694, 0.002, 0.109, 0.070, 0.020, 0.000, 1.000]"
79.0,79.04,silence,0.9999727010726929,Gaeul|silence,"[0.688, 1.000]","[0.688, 0.002, 0.105, 0.070, 0.019, 0.000, 1.000]"
79.04,79.08,silence,0.9999717473983765,Gaeul|silence,"[0.684, 1.000]","[0.684, 0.001, 0.101, 0.070, 0.018, 0.000, 1.000]"
79.08,79.12,silence,0.9999701976776123,Gaeul|silence,"[0.681, 1.000]","[0.681, 0.001, 0.098, 0.071, 0.017, 0.000, 1.000]"
79.12,79.16,silence,0.9999679327011108,Gaeul|silence,"[0.680, 1.000]","[0.680, 0.001, 0.094, 0.072, 0.017, 0.000, 1.000]"
79.16,79.2,silence,0.9999650716781616,Gaeul|silence,"[0.682, 1.000]","[0.682, 0.001, 0.090, 0.073, 0.016, 0.000, 1.000]"
79.2,79.24,silence,0.9999613761901855,Gaeul|silence,"[0.686, 1.000]","[0.686, 0.000, 0.087, 0.074, 0.015, 0.000, 1.000]"
79.24,79.28,silence,0.9999567270278931,Gaeul|silence,"[0.694, 1.000]","[0.694, 0.000, 0.084, 0.076, 0.014, 0.000, 1.000]"
79.28,79.32,silence,0.9999510049819946,Gaeul|silence,"[0.705, 1.000]","[0.705, 0.000, 0.080, 0.079, 0.013, 0.000, 1.000]"
79.32,79.36,silence,0.9999440908432007,Gaeul|silence,"[0.720, 1.000]","[0.720, 0.000, 0.077, 0.081, 0.012, 0.000, 1.000]"
79.36,79.4,silence,0.9999356269836426,Gaeul|silence,"[0.738, 1.000]","[0.738, 0.000, 0.074, 0.084, 0.011, 0.000, 1.000]"
79.4,79.44,silence,0.9999254941940308,Gaeul|silence,"[0.758, 1.000]","[0.758, 0.000, 0.071, 0.088, 0.010, 0.001, 1.000]"
79.44,79.48,silence,0.9999133348464966,Gaeul|silence,"[0.781, 1.000]","[0.781, 0.000, 0.068, 0.092, 0.009, 0.001, 1.000]"
79.48,79.52,silence,0.9998987913131714,Gaeul|silence,"[0.805, 1.000]","[0.805, 0.000, 0.065, 0.096, 0.009, 0.001, 1.000]"
79.52,79.56,silence,0.999881386756897,Gaeul|silence,"[0.829, 1.000]","[0.829, 0.000, 0.063, 0.100, 0.008, 0.001, 1.000]"
79.56,79.6,silence,0.9998606443405151,Gaeul|silence,"[0.853, 1.000]","[0.853, 0.000, 0.061, 0.105, 0.007, 0.001, 1.000]"
79.6,79.64,silence,0.9998360872268677,Gaeul|silence,"[0.875, 1.000]","[0.875, 0.000, 0.060, 0.110, 0.007, 0.001, 1.000]"
79.64,79.68,silence,0.999806821346283,Gaeul|silence,"[0.896, 1.000]","[0.896, 0.000, 0.058, 0.115, 0.006, 0.001, 1.000]"
79.68,79.72,silence,0.9997722506523132,Gaeul|silence,"[0.914, 1.000]","[0.914, 0.000, 0.057, 0.120, 0.005, 0.001, 1.000]"
79.72,79.76,silence,0.9997313618659973,Gaeul|silence,"[0.930, 1.000]","[0.930, 0.000, 0.057, 0.125, 0.005, 0.001, 1.000]"
79.76,79.8,silence,0.9996833801269531,Gaeul|silence,"[0.944, 1.000]","[0.944, 0.000, 0.056, 0.129, 0.005, 0.001, 1.000]"
79.8,79.84,silence,0.9996269941329956,Gaeul|silence,"[0.955, 1.000]","[0.955, 0.000, 0.056, 0.134, 0.004, 0.001, 1.000]"
79.84,79.88,silence,0.9995614886283875,Gaeul|silence,"[0.964, 1.000]","[0.964, 0.000, 0.056, 0.137, 0.004, 0.001, 1.000]"
79.88,79.92,silence,0.9994857311248779,Gaeul|silence,"[0.971, 0.999]","[0.971, 0.000, 0.057, 0.140, 0.004, 0.001, 0.999]"
79.92,79.96,silence,0.9993991851806641,Gaeul|silence,"[0.977, 0.999]","[0.977, 0.000, 0.058, 0.143, 0.003, 0.001, 0.999]"
79.96,80.0,silence,0.9993013143539429,Gaeul|silence,"[0.982, 0.999]","[0.982, 0.000, 0.059, 0.144, 0.003, 0.001, 0.999]"
80.0,80.04,silence,0.9991920590400696,Gaeul|silence,"[0.985, 0.999]","[0.985, 0.000, 0.060, 0.145, 0.003, 0.001, 0.999]"
80.04,80.08,silence,0.9990707039833069,Gaeul|silence,"[0.988, 0.999]","[0.988, 0.000, 0.061, 0.145, 0.003, 0.001, 0.999]"
80.08,80.12,silence,0.9989369511604309,Gaeul|silence,"[0.990, 0.999]","[0.990, 0.000, 0.063, 0.144, 0.003, 0.001, 0.999]"
80.12,80.16,silence,0.9987902045249939,Gaeul|silence,"[0.992, 0.999]","[0.992, 0.000, 0.065, 0.142, 0.003, 0.001, 0.999]"
80.16,80.2,silence,0.9986293315887451,Gaeul|silence,"[0.994, 0.999]","[0.994, 0.000, 0.067, 0.140, 0.002, 0.001, 0.999]"
80.2,80.24,silence,0.9984526634216309,Gaeul|silence,"[0.995, 0.998]","[0.995, 0.000, 0.069, 0.138, 0.002, 0.001, 0.998]"
80.24,80.28,silence,0.9982576966285706,Gaeul|silence,"[0.995, 0.998]","[0.995, 0.000, 0.071, 0.135, 0.002, 0.001, 0.998]"
80.28,80.32,silence,0.9980409741401672,Gaeul|silence,"[0.996, 0.998]","[0.996, 0.000, 0.074, 0.131, 0.002, 0.001, 0.998]"
80.32,80.36,silence,0.9977972507476807,Gaeul|silence,"[0.997, 0.998]","[0.997, 0.000, 0.076, 0.128, 0.002, 0.001, 0.998]"
80.36,80.4,silence,0.9975199103355408,Gaeul|silence,"[0.997, 0.998]","[0.997, 0.000, 0.079, 0.125, 0.002, 0.001, 0.998]"
80.4,80.44,silence,0.9972042441368103,Gaeul|silence,"[0.997, 0.997]","[0.997, 0.000, 0.082, 0.122, 0.002, 0.001, 0.997]"
80.44,80.48,Gaeul,0.9974265694618225,Gaeul|silence,"[0.997, 0.997]","[0.997, 0.000, 0.084, 0.119, 0.002, 0.001, 0.997]"
80.48,80.52,Gaeul,0.9975948929786682,Gaeul|silence,"[0.998, 0.996]","[0.998, 0.000, 0.087, 0.116, 0.002, 0.001, 0.996]"
80.52,80.56,Gaeul,0.9977179765701294,Gaeul|silence,"[0.998, 0.996]","[0.998, 0.000, 0.089, 0.114, 0.002, 0.001, 0.996]"
80.56,80.6,Gaeul,0.9978033900260925,Gaeul|silence,"[0.998, 0.996]","[0.998, 0.000, 0.092, 0.112, 0.002, 0.001, 0.996]"
80.6,80.64,Gaeul,0.9978563189506531,Gaeul|silence,"[0.998, 0.995]","[0.998, 0.000, 0.094, 0.110, 0.002, 0.001, 0.995]"
80.64,80.68,Gaeul,0.9978799819946289,Gaeul|silence,"[0.998, 0.995]","[0.998, 0.000, 0.095, 0.108, 0.002, 0.001, 0.995]"
80.68,80.72,Gaeul,0.9978765249252319,Gaeul|silence,"[0.998, 0.994]","[0.998, 0.000, 0.097, 0.106, 0.002, 0.001, 0.994]"
80.72,80.76,Gaeul,0.9978475570678711,Gaeul|silence,"[0.998, 0.994]","[0.998, 0.000, 0.098, 0.104, 0.002, 0.001, 0.994]"
80.76,80.8,Gaeul,0.9977941513061523,Gaeul|silence,"[0.998, 0.993]","[0.998, 0.000, 0.099, 0.103, 0.002, 0.001, 0.993]"
80.8,80.84,Gaeul,0.9977167844772339,Gaeul|silence,"[0.998, 0.993]","[0.998, 0.000, 0.099, 0.101, 0.003, 0.001, 0.993]"
80.84,80.88,Gaeul,0.9976149797439575,Gaeul|silence,"[0.998, 0.993]","[0.998, 0.000, 0.099, 0.099, 0.003, 0.001, 0.993]"
80.88,80.92,Gaeul,0.9974876642227173,Gaeul|silence,"[0.997, 0.993]","[0.997, 0.000, 0.099, 0.097, 0.003, 0.001, 0.993]"
80.92,80.96,Gaeul,0.9973331689834595,Gaeul|silence,"[0.997, 0.993]","[0.997, 0.001, 0.099, 0.095, 0.003, 0.001, 0.993]"
80.96,81.0,Gaeul,0.9971490502357483,Gaeul|silence,"[0.997, 0.993]","[0.997, 0.001, 0.099, 0.092, 0.003, 0.000, 0.993]"
81.0,81.04,Gaeul,0.996931791305542,Gaeul|silence,"[0.997, 0.994]","[0.997, 0.001, 0.099, 0.090, 0.003, 0.000, 0.994]"
81.04,81.08,Gaeul,0.9966768026351929,Gaeul|silence,"[0.997, 0.994]","[0.997, 0.001, 0.099, 0.087, 0.003, 0.000, 0.994]"
81.08,81.12,Gaeul,0.9963780045509338,Gaeul|silence,"[0.996, 0.994]","[0.996, 0.001, 0.100, 0.084, 0.004, 0.000, 0.994]"
81.12,81.16,Gaeul,0.996027946472168,Gaeul|silence,"[0.996, 0.995]","[0.996, 0.001, 0.100, 0.081, 0.004, 0.000, 0.995]"
81.16,81.2,Gaeul,0.995617151260376,Gaeul|silence,"[0.996, 0.995]","[0.996, 0.001, 0.102, 0.078, 0.004, 0.000, 0.995]"
81.2,81.24,silence,0.9955423474311829,Gaeul|silence,"[0.995, 0.996]","[0.995, 0.001, 0.103, 0.075, 0.005, 0.000, 0.996]"
81.24,81.28,silence,0.9959547519683838,Gaeul|silence,"[0.995, 0.996]","[0.995, 0.001, 0.106, 0.071, 0.005, 0.000, 0.996]"
81.28,81.32,silence,0.9963499307632446,Gaeul|silence,"[0.994, 0.996]","[0.994, 0.001, 0.109, 0.068, 0.006, 0.000, 0.996]"
81.32,81.36,silence,0.9967201352119446,Gaeul|silence,"[0.993, 0.997]","[0.993, 0.001, 0.112, 0.065, 0.007, 0.000, 0.997]"
81.36,81.4,silence,0.9970610737800598,Gaeul|silence,"[0.992, 0.997]","[0.992, 0.001, 0.117, 0.062, 0.007, 0.000, 0.997]"
81.4,81.44,silence,0.9973703622817993,Gaeul|silence,"[0.991, 0.997]","[0.991, 0.001, 0.122, 0.059, 0.008, 0.000, 0.997]"
81.44,81.48,silence,0.9976468682289124,Gaeul|silence,"[0.990, 0.998]","[0.990, 0.001, 0.129, 0.056, 0.009, 0.000, 0.998]"
81.48,81.52,silence,0.9978910088539124,Gaeul|silence,"[0.988, 0.998]","[0.988, 0.001, 0.136, 0.053, 0.011, 0.000, 0.998]"
81.52,81.56,silence,0.9981033802032471,Gaeul|silence,"[0.987, 0.998]","[0.987, 0.001, 0.144, 0.050, 0.012, 0.000, 0.998]"
81.56,81.6,silence,0.9982861876487732,Gaeul|silence,"[0.985, 0.998]","[0.985, 0.001, 0.154, 0.048, 0.014, 0.000, 0.998]"
81.6,81.64,silence,0.9984424710273743,Gaeul|silence,"[0.982, 0.998]","[0.982, 0.001, 0.164, 0.045, 0.015, 0.000, 0.998]"
81.64,81.68,silence,0.9985754489898682,Gaeul|silence,"[0.980, 0.999]","[0.980, 0.001, 0.175, 0.043, 0.017, 0.000, 0.999]"
81.68,81.72,silence,0.9986886382102966,Gaeul|silence,"[0.977, 0.999]","[0.977, 0.001, 0.188, 0.041, 0.019, 0.000, 0.999]"
81.72,81.76,silence,0.9987848401069641,Gaeul|silence,"[0.974, 0.999]","[0.974, 0.001, 0.202, 0.039, 0.021, 0.000, 0.999]"
81.76,81.8,silence,0.9988658428192139,Gaeul|silence,"[0.970, 0.999]","[0.970, 0.001, 0.217, 0.037, 0.023, 0.000, 0.999]"
81.8,81.84,silence,0.9989334940910339,Gaeul|silence,"[0.967, 0.999]","[0.967, 0.001, 0.233, 0.035, 0.025, 0.000, 0.999]"
81.84,81.88,silence,0.9989895224571228,Gaeul|silence,"[0.962, 0.999]","[0.962, 0.001, 0.250, 0.034, 0.027, 0.000, 0.999]"
81.88,81.92,silence,0.9990359544754028,Gaeul|silence,"[0.958, 0.999]","[0.958, 0.001, 0.269, 0.032, 0.029, 0.000, 0.999]"
81.92,81.96,silence,0.9990735054016113,Gaeul|silence,"[0.953, 0.999]","[0.953, 0.001, 0.289, 0.031, 0.031, 0.000, 0.999]"
81.96,82.0,silence,0.999103307723999,Gaeul|silence,"[0.947, 0.999]","[0.947, 0.001, 0.310, 0.031, 0.033, 0.000, 0.999]"
82.0,82.04,silence,0.9991251826286316,Gaeul|silence,"[0.941, 0.999]","[0.941, 0.001, 0.333, 0.030, 0.034, 0.000, 0.999]"
82.04,82.08,silence,0.9991387128829956,Gaeul|silence,"[0.935, 0.999]","[0.935, 0.001, 0.356, 0.030, 0.035, 0.000, 0.999]"
82.08,82.12,silence,0.9991436004638672,Gaeul|silence,"[0.928, 0.999]","[0.928, 0.001, 0.379, 0.030, 0.036, 0.000, 0.999]"
82.12,82.16,silence,0.9991399049758911,Gaeul|silence,"[0.920, 0.999]","[0.920, 0.001, 0.403, 0.030, 0.036, 0.000, 0.999]"
82.16,82.2,silence,0.9991275668144226,Gaeul|silence,"[0.911, 0.999]","[0.911, 0.001, 0.426, 0.031, 0.036, 0.000, 0.999]"
82.2,82.24,silence,0.9991071820259094,Gaeul|silence,"[0.902, 0.999]","[0.902, 0.001, 0.448, 0.032, 0.036, 0.000, 0.999]"
82.24,82.28,silence,0.9990793466567993,Gaeul|silence,"[0.893, 0.999]","[0.893, 0.001, 0.470, 0.033, 0.036, 0.000, 0.999]"
82.28,82.32,silence,0.999045193195343,Gaeul|silence,"[0.883, 0.999]","[0.883, 0.001, 0.490, 0.035, 0.035, 0.000, 0.999]"
82.32,82.36,silence,0.9990068078041077,Gaeul|silence,"[0.873, 0.999]","[0.873, 0.001, 0.509, 0.037, 0.034, 0.000, 0.999]"
82.36,82.4,silence,0.9989652633666992,Gaeul|silence,"[0.863, 0.999]","[0.863, 0.001, 0.526, 0.039, 0.034, 0.000, 0.999]"
82.4,82.44,silence,0.998921275138855,Gaeul|silence,"[0.852, 0.999]","[0.852, 0.001, 0.541, 0.042, 0.033, 0.000, 0.999]"
82.44,82.48,silence,0.998873770236969,Gaeul|silence,"[0.841, 0.999]","[0.841, 0.001, 0.554, 0.045, 0.032, 0.000, 0.999]"
82.48,82.52,silence,0.9988223910331726,Gaeul|silence,"[0.830, 0.999]","[0.830, 0.001, 0.565, 0.048, 0.032, 0.000, 0.999]"
82.52,82.56,silence,0.9987673759460449,Gaeul|silence,"[0.818, 0.999]","[0.818, 0.001, 0.574, 0.052, 0.031, 0.000, 0.999]"
82.56,82.6,silence,0.9987099170684814,Gaeul|silence,"[0.805, 0.999]","[0.805, 0.001, 0.580, 0.056, 0.031, 0.000, 0.999]"
82.6,82.64,silence,0.9986512064933777,Gaeul|silence,"[0.790, 0.999]","[0.790, 0.001, 0.583, 0.061, 0.032, 0.000, 0.999]"
82.64,82.68,silence,0.998591959476471,Gaeul|silence,"[0.773, 0.999]","[0.773, 0.001, 0.584, 0.065, 0.032, 0.000, 0.999]"
82.68,82.72,silence,0.9985319375991821,Gaeul|silence,"[0.754, 0.999]","[0.754, 0.001, 0.582, 0.070, 0.033, 0.000, 0.999]"
82.72,82.76,silence,0.998469889163971,Gaeul|silence,"[0.732, 0.998]","[0.732, 0.001, 0.578, 0.076, 0.034, 0.000, 0.998]"
82.76,82.8,silence,0.9984046816825867,Gaeul|silence,"[0.708, 0.998]","[0.708, 0.001, 0.571, 0.081, 0.036, 0.000, 0.998]"
82.8,82.84,silence,0.9983347058296204,Gaeul|silence,"[0.680, 0.998]","[0.680, 0.002, 0.561, 0.086, 0.038, 0.000, 0.998]"
82.84,82.88,silence,0.9982580542564392,Gaeul|silence,"[0.648, 0.998]","[0.648, 0.002, 0.548, 0.091, 0.041, 0.000, 0.998]"
82.88,82.92,silence,0.9981722831726074,Gaeul|silence,"[0.614, 0.998]","[0.614, 0.002, 0.532, 0.096, 0.045, 0.000, 0.998]"
82.92,82.96,silence,0.9980742931365967,silence,[0.998],"[0.576, 0.003, 0.512, 0.101, 0.049, 0.000, 0.998]"
82.96,83.0,silence,0.9979610443115234,silence,[0.998],"[0.535, 0.003, 0.490, 0.105, 0.054, 0.000, 0.998]"
83.0,83.04,silence,0.9978284239768982,silence,[0.998],"[0.491, 0.005, 0.463, 0.109, 0.060, 0.000, 0.998]"
83.04,83.08,silence,0.9976708292961121,silence,[0.998],"[0.446, 0.006, 0.434, 0.111, 0.066, 0.000, 0.998]"
83.08,83.12,silence,0.9974798560142517,silence,[0.997],"[0.400, 0.008, 0.402, 0.113, 0.075, 0.000, 0.997]"
83.12,83.16,silence,0.9972437620162964,silence,[0.997],"[0.354, 0.012, 0.367, 0.114, 0.084, 0.000, 0.997]"
83.16,83.2,silence,0.9969467520713806,silence,[0.997],"[0.310, 0.017, 0.330, 0.114, 0.095, 0.000, 0.997]"
83.2,83.24,silence,0.9965659976005554,silence,[0.997],"[0.269, 0.024, 0.293, 0.113, 0.107, 0.000, 0.997]"
83.24,83.28,silence,0.9960693120956421,silence,[0.996],"[0.231, 0.035, 0.256, 0.110, 0.120, 0.000, 0.996]"
83.28,83.32,silence,0.9954099059104919,silence,[0.995],"[0.196, 0.052, 0.220, 0.107, 0.135, 0.000, 0.995]"
83.32,83.36,silence,0.9945200085639954,silence,[0.995],"[0.166, 0.077, 0.186, 0.103, 0.151, 0.000, 0.995]"
83.36,83.4,silence,0.9933007955551147,silence,[0.993],"[0.140, 0.113, 0.156, 0.098, 0.168, 0.000, 0.993]"
83.4,83.44,silence,0.9916049242019653,silence,[0.992],"[0.118, 0.165, 0.129, 0.093, 0.186, 0.000, 0.992]"
83.44,83.48,silence,0.9892123937606812,silence,[0.989],"[0.099, 0.235, 0.105, 0.087, 0.205, 0.000, 0.989]"
83.48,83.52,silence,0.9857881665229797,silence,[0.986],"[0.084, 0.323, 0.085, 0.081, 0.224, 0.000, 0.986]"
83.52,83.56,silence,0.9808268547058105,silence,[0.981],"[0.071, 0.426, 0.069, 0.075, 0.243, 0.000, 0.981]"
83.56,83.6,silence,0.973569393157959,silence,[0.974],"[0.061, 0.534, 0.055, 0.070, 0.261, 0.000, 0.974]"
83.6,83.64,silence,0.96286940574646,Yujin|silence,"[0.637, 0.963]","[0.052, 0.637, 0.044, 0.064, 0.279, 0.000, 0.963]"
83.64,83.68,silence,0.9470286965370178,Yujin|silence,"[0.728, 0.947]","[0.045, 0.728, 0.035, 0.059, 0.296, 0.000, 0.947]"
83.68,83.72,silence,0.9236195087432861,Yujin|silence,"[0.801, 0.924]","[0.039, 0.801, 0.028, 0.054, 0.311, 0.000, 0.924]"
83.72,83.76,silence,0.8894144892692566,Yujin|silence,"[0.856, 0.889]","[0.035, 0.856, 0.023, 0.049, 0.325, 0.000, 0.889]"
83.76,83.8,Yujin,0.897284209728241,Yujin|silence,"[0.897, 0.841]","[0.031, 0.897, 0.018, 0.045, 0.337, 0.000, 0.841]"
83.8,83.84,Yujin,0.9264079332351685,Yujin|silence,"[0.926, 0.774]","[0.028, 0.926, 0.015, 0.041, 0.346, 0.000, 0.774]"
83.84,83.88,Yujin,0.9469218254089355,Yujin|silence,"[0.947, 0.687]","[0.026, 0.947, 0.012, 0.038, 0.354, 0.000, 0.687]"
83.88,83.92,Yujin,0.9613155722618103,Yujin|silence,"[0.961, 0.583]","[0.024, 0.961, 0.010, 0.035, 0.359, 0.000, 0.583]"
83.92,83.96,Yujin,0.9714383482933044,Yujin,[0.971],"[0.023, 0.971, 0.008, 0.032, 0.363, 0.000, 0.470]"
83.96,84.0,Yujin,0.9786022901535034,Yujin,[0.979],"[0.022, 0.979, 0.007, 0.030, 0.364, 0.000, 0.359]"
84.0,84.04,Yujin,0.9837148785591125,Yujin,[0.984],"[0.021, 0.984, 0.006, 0.027, 0.363, 0.000, 0.261]"
84.04,84.08,Yujin,0.9874032735824585,Yujin,[0.987],"[0.021, 0.987, 0.005, 0.025, 0.360, 0.000, 0.183]"
84.08,84.12,Yujin,0.9900968074798584,Yujin,[0.990],"[0.021, 0.990, 0.005, 0.024, 0.356, 0.000, 0.125]"
84.12,84.16,Yujin,0.992090106010437,Yujin,[0.992],"[0.021, 0.992, 0.004, 0.022, 0.350, 0.000, 0.085]"
84.16,84.2,Yujin,0.9935840964317322,Yujin,[0.994],"[0.021, 0.994, 0.004, 0.021, 0.342, 0.000, 0.057]"
84.2,84.24,Yujin,0.9947184324264526,Yujin,[0.995],"[0.021, 0.995, 0.003, 0.019, 0.333, 0.000, 0.039]"
84.24,84.28,Yujin,0.9955917000770569,Yujin,[0.996],"[0.021, 0.996, 0.003, 0.018, 0.324, 0.000, 0.027]"
84.28,84.32,Yujin,0.996274471282959,Yujin,[0.996],"[0.021, 0.996, 0.003, 0.018, 0.313, 0.000, 0.019]"
84.32,84.36,Yujin,0.9968171715736389,Yujin,[0.997],"[0.021, 0.997, 0.002, 0.017, 0.301, 0.000, 0.013]"
84.36,84.4,Yujin,0.997255265712738,Yujin,[0.997],"[0.021, 0.997, 0.002, 0.016, 0.289, 0.000, 0.010]"
84.4,84.44,Yujin,0.9976136684417725,Yujin,[0.998],"[0.021, 0.998, 0.002, 0.016, 0.275, 0.000, 0.007]"
84.44,84.48,Yujin,0.9979085922241211,Yujin,[0.998],"[0.021, 0.998, 0.002, 0.015, 0.262, 0.000, 0.006]"
84.48,84.52,Yujin,0.9981502294540405,Yujin,[0.998],"[0.020, 0.998, 0.002, 0.015, 0.248, 0.000, 0.005]"
84.52,84.56,Yujin,0.9983471632003784,Yujin,[0.998],"[0.020, 0.998, 0.001, 0.015, 0.233, 0.000, 0.004]"
84.56,84.6,Yujin,0.9985061287879944,Yujin,[0.999],"[0.019, 0.999, 0.001, 0.015, 0.218, 0.000, 0.003]"
84.6,84.64,Yujin,0.9986336827278137,Yujin,[0.999],"[0.019, 0.999, 0.001, 0.015, 0.203, 0.000, 0.003]"
84.64,84.68,Yujin,0.9987353682518005,Yujin,[0.999],"[0.018, 0.999, 0.001, 0.015, 0.189, 0.000, 0.003]"
84.68,84.72,Yujin,0.9988162517547607,Yujin,[0.999],"[0.017, 0.999, 0.001, 0.016, 0.175, 0.000, 0.002]"
84.72,84.76,Yujin,0.9988804459571838,Yujin,[0.999],"[0.017, 0.999, 0.001, 0.016, 0.161, 0.000, 0.002]"
84.76,84.8,Yujin,0.9989315867424011,Yujin,[0.999],"[0.016, 0.999, 0.001, 0.017, 0.149, 0.000, 0.002]"
84.8,84.84,Yujin,0.9989725351333618,Yujin,[0.999],"[0.015, 0.999, 0.001, 0.017, 0.137, 0.000, 0.002]"
84.84,84.88,Yujin,0.9990059733390808,Yujin,[0.999],"[0.014, 0.999, 0.001, 0.018, 0.126, 0.000, 0.002]"
84.88,84.92,Yujin,0.9990336894989014,Yujin,[0.999],"[0.014, 0.999, 0.000, 0.019, 0.117, 0.000, 0.003]"
84.92,84.96,Yujin,0.9990571141242981,Yujin,[0.999],"[0.013, 0.999, 0.000, 0.020, 0.108, 0.000, 0.003]"
84.96,85.0,Yujin,0.999077558517456,Yujin,[0.999],"[0.013, 0.999, 0.000, 0.020, 0.100, 0.000, 0.003]"
85.0,85.04,Yujin,0.999096155166626,Yujin,[0.999],"[0.012, 0.999, 0.000, 0.021, 0.094, 0.000, 0.003]"
85.04,85.08,Yujin,0.9991133809089661,Yujin,[0.999],"[0.012, 0.999, 0.000, 0.022, 0.088, 0.000, 0.004]"
85.08,85.12,Yujin,0.9991299510002136,Yujin,[0.999],"[0.011, 0.999, 0.000, 0.023, 0.083, 0.000, 0.004]"
85.12,85.16,Yujin,0.9991459846496582,Yujin,[0.999],"[0.011, 0.999, 0.000, 0.024, 0.080, 0.000, 0.005]"
85.16,85.2,Yujin,0.9991617202758789,Yujin,[0.999],"[0.011, 0.999, 0.000, 0.024, 0.077, 0.000, 0.006]"
85.2,85.24,Yujin,0.9991772770881653,Yujin,[0.999],"[0.011, 0.999, 0.000, 0.025, 0.075, 0.000, 0.006]"
85.24,85.28,Yujin,0.9991926550865173,Yujin,[0.999],"[0.011, 0.999, 0.000, 0.026, 0.074, 0.000, 0.008]"
85.28,85.32,Yujin,0.9992077946662903,Yujin,[0.999],"[0.011, 0.999, 0.000, 0.026, 0.073, 0.000, 0.009]"
85.32,85.36,Yujin,0.9992218017578125,Yujin,[0.999],"[0.011, 0.999, 0.000, 0.027, 0.073, 0.000, 0.010]"
85.36,85.4,Yujin,0.9992340803146362,Yujin,[0.999],"[0.011, 0.999, 0.000, 0.027, 0.074, 0.000, 0.012]"
85.4,85.44,Yujin,0.9992440938949585,Yujin,[0.999],"[0.012, 0.999, 0.000, 0.027, 0.076, 0.000, 0.014]"
85.44,85.48,Yujin,0.9992509484291077,Yujin,[0.999],"[0.012, 0.999, 0.000, 0.027, 0.079, 0.000, 0.016]"
85.48,85.52,Yujin,0.9992547631263733,Yujin,[0.999],"[0.013, 0.999, 0.000, 0.027, 0.082, 0.000, 0.019]"
85.52,85.56,Yujin,0.9992550015449524,Yujin,[0.999],"[0.013, 0.999, 0.000, 0.026, 0.087, 0.000, 0.022]"
85.56,85.6,Yujin,0.9992515444755554,Yujin,[0.999],"[0.014, 0.999, 0.000, 0.026, 0.092, 0.000, 0.024]"
85.6,85.64,Yujin,0.9992440938949585,Yujin,[0.999],"[0.014, 0.999, 0.000, 0.025, 0.099, 0.000, 0.027]"
85.64,85.68,Yujin,0.9992325305938721,Yujin,[0.999],"[0.015, 0.999, 0.000, 0.024, 0.107, 0.000, 0.030]"
85.68,85.72,Yujin,0.9992170333862305,Yujin,[0.999],"[0.016, 0.999, 0.000, 0.023, 0.116, 0.000, 0.032]"
85.72,85.76,Yujin,0.9991976618766785,Yujin,[0.999],"[0.016, 0.999, 0.000, 0.022, 0.127, 0.000, 0.034]"
85.76,85.8,Yujin,0.9991746544837952,Yujin,[0.999],"[0.017, 0.999, 0.000, 0.021, 0.139, 0.000, 0.035]"
85.8,85.84,Yujin,0.9991483688354492,Yujin,[0.999],"[0.017, 0.999, 0.000, 0.019, 0.153, 0.000, 0.035]"
85.84,85.88,Yujin,0.9991187453269958,Yujin,[0.999],"[0.017, 0.999, 0.000, 0.018, 0.169, 0.000, 0.034]"
85.88,85.92,Yujin,0.9990860223770142,Yujin,[0.999],"[0.017, 0.999, 0.000, 0.017, 0.186, 0.000, 0.032]"
85.92,85.96,Yujin,0.9990501999855042,Yujin,[0.999],"[0.017, 0.999, 0.000, 0.016, 0.205, 0.000, 0.030]"
85.96,86.0,Yujin,0.9990112781524658,Yujin,[0.999],"[0.016, 0.999, 0.000, 0.015, 0.225, 0.000, 0.027]"
86.0,86.04,Yujin,0.998969316482544,Yujin,[0.999],"[0.016, 0.999, 0.000, 0.014, 0.246, 0.000, 0.024]"
86.04,86.08,Yujin,0.9989238381385803,Yujin,[0.999],"[0.015, 0.999, 0.000, 0.013, 0.267, 0.000, 0.021]"
86.08,86.12,Yujin,0.9988749623298645,Yujin,[0.999],"[0.015, 0.999, 0.000, 0.012, 0.290, 0.000, 0.018]"
86.12,86.16,Yujin,0.998823344707489,Yujin,[0.999],"[0.014, 0.999, 0.000, 0.011, 0.312, 0.000, 0.015]"
86.16,86.2,Yujin,0.9987698197364807,Yujin,[0.999],"[0.014, 0.999, 0.000, 0.011, 0.334, 0.000, 0.013]"
86.2,86.24,Yujin,0.9987152814865112,Yujin,[0.999],"[0.013, 0.999, 0.000, 0.010, 0.355, 0.000, 0.011]"
86.24,86.28,Yujin,0.9986605644226074,Yujin,[0.999],"[0.012, 0.999, 0.000, 0.009, 0.376, 0.000, 0.009]"
86.28,86.32,Yujin,0.9986072182655334,Yujin,[0.999],"[0.012, 0.999, 0.000, 0.009, 0.395, 0.000, 0.007]"
86.32,86.36,Yujin,0.9985566735267639,Yujin,[0.999],"[0.012, 0.999, 0.000, 0.008, 0.413, 0.000, 0.006]"
86.36,86.4,Yujin,0.9985105395317078,Yujin,[0.999],"[0.011, 0.999, 0.000, 0.008, 0.430, 0.000, 0.005]"
86.4,86.44,Yujin,0.9984707236289978,Yujin,[0.998],"[0.011, 0.998, 0.000, 0.007, 0.445, 0.000, 0.004]"
86.44,86.48,Yujin,0.9984387755393982,Yujin,[0.998],"[0.011, 0.998, 0.000, 0.007, 0.459, 0.000, 0.003]"
86.48,86.52,Yujin,0.998416543006897,Yujin,[0.998],"[0.010, 0.998, 0.000, 0.006, 0.471, 0.000, 0.002]"
86.52,86.56,Yujin,0.9984055161476135,Yujin,[0.998],"[0.010, 0.998, 0.000, 0.006, 0.482, 0.000, 0.002]"
86.56,86.6,Yujin,0.9984068274497986,Yujin,[0.998],"[0.010, 0.998, 0.000, 0.006, 0.491, 0.000, 0.001]"
86.6,86.64,Yujin,0.9984204769134521,Yujin,[0.998],"[0.010, 0.998, 0.000, 0.005, 0.499, 0.000, 0.001]"
86.64,86.68,Yujin,0.9984461665153503,Yujin,[0.998],"[0.011, 0.998, 0.000, 0.005, 0.506, 0.000, 0.001]"
86.68,86.72,Yujin,0.9984819293022156,Yujin,[0.998],"[0.011, 0.998, 0.000, 0.005, 0.512, 0.000, 0.001]"
86.72,86.76,Yujin,0.9985259175300598,Yujin,[0.999],"[0.011, 0.999, 0.000, 0.004, 0.517, 0.000, 0.001]"
86.76,86.8,Yujin,0.9985755681991577,Yujin,[0.999],"[0.012, 0.999, 0.000, 0.004, 0.522, 0.000, 0.001]"
86.8,86.84,Yujin,0.9986283779144287,Yujin,[0.999],"[0.012, 0.999, 0.000, 0.004, 0.526, 0.000, 0.000]"
86.84,86.88,Yujin,0.9986812472343445,Yujin,[0.999],"[0.013, 0.999, 0.000, 0.003, 0.529, 0.000, 0.000]"
86.88,86.92,Yujin,0.9987321496009827,Yujin,[0.999],"[0.014, 0.999, 0.000, 0.003, 0.533, 0.000, 0.000]"
86.92,86.96,Yujin,0.9987788796424866,Yujin,[0.999],"[0.014, 0.999, 0.000, 0.003, 0.538, 0.000, 0.000]"
86.96,87.0,Yujin,0.998819887638092,Yujin,[0.999],"[0.015, 0.999, 0.000, 0.003, 0.543, 0.000, 0.000]"
87.0,87.04,Yujin,0.9988540410995483,Yujin,[0.999],"[0.016, 0.999, 0.000, 0.002, 0.549, 0.000, 0.000]"
87.04,87.08,Yujin,0.9988800883293152,Yujin,[0.999],"[0.016, 0.999, 0.000, 0.002, 0.555, 0.000, 0.000]"
87.08,87.12,Yujin,0.9988969564437866,Yujin,[0.999],"[0.017, 0.999, 0.000, 0.002, 0.563, 0.000, 0.000]"
87.12,87.16,Yujin,0.9989033937454224,Yujin,[0.999],"[0.018, 0.999, 0.000, 0.002, 0.571, 0.000, 0.000]"
87.16,87.2,Yujin,0.998897910118103,Yujin,[0.999],"[0.018, 0.999, 0.000, 0.002, 0.581, 0.000, 0.000]"
87.2,87.24,Yujin,0.9988791346549988,Yujin,[0.999],"[0.019, 0.999, 0.000, 0.001, 0.591, 0.000, 0.000]"
87.24,87.28,Yujin,0.9988456964492798,Yujin,[0.999],"[0.019, 0.999, 0.000, 0.001, 0.603, 0.000, 0.000]"
87.28,87.32,Yujin,0.9987962245941162,Yujin,[0.999],"[0.019, 0.999, 0.000, 0.001, 0.616, 0.000, 0.000]"
87.32,87.36,Yujin,0.9987298846244812,Yujin|Liz,"[0.999, 0.630]","[0.019, 0.999, 0.000, 0.001, 0.630, 0.000, 0.000]"
87.36,87.4,Yujin,0.9986453652381897,Yujin|Liz,"[0.999, 0.645]","[0.019, 0.999, 0.000, 0.001, 0.645, 0.000, 0.000]"
87.4,87.44,Yujin,0.9985408782958984,Yujin|Liz,"[0.999, 0.660]","[0.019, 0.999, 0.000, 0.001, 0.660, 0.000, 0.000]"
87.44,87.48,Yujin,0.9984142780303955,Yujin|Liz,"[0.998, 0.675]","[0.018, 0.998, 0.000, 0.001, 0.675, 0.000, 0.000]"
87.48,87.52,Yujin,0.9982630610466003,Yujin|Liz,"[0.998, 0.690]","[0.018, 0.998, 0.000, 0.001, 0.690, 0.000, 0.000]"
87.52,87.56,Yujin,0.9980846643447876,Yujin|Liz,"[0.998, 0.705]","[0.017, 0.998, 0.000, 0.001, 0.705, 0.000, 0.000]"
87.56,87.6,Yujin,0.9978766441345215,Yujin|Liz,"[0.998, 0.718]","[0.017, 0.998, 0.000, 0.001, 0.718, 0.000, 0.000]"
87.6,87.64,Yujin,0.9976356029510498,Yujin|Liz,"[0.998, 0.730]","[0.016, 0.998, 0.000, 0.001, 0.730, 0.000, 0.000]"
87.64,87.68,Yujin,0.9973582625389099,Yujin|Liz,"[0.997, 0.740]","[0.015, 0.997, 0.000, 0.001, 0.740, 0.000, 0.000]"
87.68,87.72,Yujin,0.9970404505729675,Yujin|Liz,"[0.997, 0.749]","[0.015, 0.997, 0.000, 0.001, 0.749, 0.000, 0.000]"
87.72,87.76,Yujin,0.9966766834259033,Yujin|Liz,"[0.997, 0.755]","[0.014, 0.997, 0.000, 0.001, 0.755, 0.001, 0.000]"
87.76,87.8,Yujin,0.996260404586792,Yujin|Liz,"[0.996, 0.759]","[0.014, 0.996, 0.000, 0.001, 0.759, 0.001, 0.000]"
87.8,87.84,Yujin,0.9957836866378784,Yujin|Liz,"[0.996, 0.761]","[0.013, 0.996, 0.000, 0.001, 0.761, 0.001, 0.000]"
87.84,87.88,Yujin,0.9952374696731567,Yujin|Liz,"[0.995, 0.760]","[0.013, 0.995, 0.000, 0.001, 0.760, 0.001, 0.000]"
87.88,87.92,Yujin,0.9946104288101196,Yujin|Liz,"[0.995, 0.757]","[0.013, 0.995, 0.000, 0.001, 0.757, 0.001, 0.000]"
87.92,87.96,Yujin,0.9938884377479553,Yujin|Liz,"[0.994, 0.752]","[0.012, 0.994, 0.000, 0.001, 0.752, 0.001, 0.000]"
87.96,88.0,Yujin,0.9930579662322998,Yujin|Liz,"[0.993, 0.744]","[0.012, 0.993, 0.000, 0.001, 0.744, 0.001, 0.000]"
88.0,88.04,Yujin,0.992102324962616,Yujin|Liz,"[0.992, 0.734]","[0.012, 0.992, 0.000, 0.002, 0.734, 0.002, 0.000]"
88.04,88.08,Yujin,0.9910020232200623,Yujin|Liz,"[0.991, 0.721]","[0.012, 0.991, 0.000, 0.002, 0.721, 0.002, 0.000]"
88.08,88.12,Yujin,0.9897317290306091,Yujin|Liz,"[0.990, 0.705]","[0.012, 0.990, 0.000, 0.002, 0.705, 0.002, 0.000]"
88.12,88.16,Yujin,0.9882577061653137,Yujin|Liz,"[0.988, 0.687]","[0.012, 0.988, 0.000, 0.003, 0.687, 0.002, 0.000]"
88.16,88.2,Yujin,0.9865381717681885,Yujin|Liz,"[0.987, 0.665]","[0.012, 0.987, 0.000, 0.003, 0.665, 0.003, 0.000]"
88.2,88.24,Yujin,0.9845236539840698,Yujin|Liz,"[0.985, 0.641]","[0.012, 0.985, 0.000, 0.004, 0.641, 0.003, 0.000]"
88.24,88.28,Yujin,0.9821522831916809,Yujin|Liz,"[0.982, 0.614]","[0.012, 0.982, 0.001, 0.005, 0.614, 0.003, 0.000]"
88.28,88.32,Yujin,0.9793401956558228,Yujin|Liz,"[0.979, 0.584]","[0.011, 0.979, 0.001, 0.006, 0.584, 0.004, 0.001]"
88.32,88.36,Yujin,0.9759956002235413,Yujin,[0.976],"[0.011, 0.976, 0.001, 0.007, 0.553, 0.004, 0.001]"
88.36,88.4,Yujin,0.9720119833946228,Yujin,[0.972],"[0.011, 0.972, 0.001, 0.009, 0.521, 0.005, 0.001]"
88.4,88.44,Yujin,0.9672612547874451,Yujin,[0.967],"[0.010, 0.967, 0.001, 0.010, 0.489, 0.006, 0.001]"
88.44,88.48,Yujin,0.9615979194641113,Yujin,[0.962],"[0.010, 0.962, 0.001, 0.012, 0.458, 0.006, 0.001]"
88.48,88.52,Yujin,0.9548497200012207,Yujin,[0.955],"[0.009, 0.955, 0.002, 0.014, 0.428, 0.007, 0.001]"
88.52,88.56,Yujin,0.9468224048614502,Yujin,[0.947],"[0.009, 0.947, 0.002, 0.016, 0.401, 0.009, 0.002]"
88.56,88.6,Yujin,0.9372968673706055,Yujin,[0.937],"[0.008, 0.937, 0.002, 0.018, 0.376, 0.010, 0.002]"
88.6,88.64,Yujin,0.9260267615318298,Yujin,[0.926],"[0.008, 0.926, 0.003, 0.020, 0.355, 0.011, 0.003]"
88.64,88.68,Yujin,0.9127689003944397,Yujin,[0.913],"[0.007, 0.913, 0.004, 0.022, 0.337, 0.013, 0.003]"
88.68,88.72,Yujin,0.8973304033279419,Yujin,[0.897],"[0.006, 0.897, 0.004, 0.024, 0.323, 0.015, 0.004]"
88.72,88.76,Yujin,0.8795938491821289,Yujin,[0.880],"[0.006, 0.880, 0.005, 0.026, 0.313, 0.017, 0.005]"
88.76,88.8,Yujin,0.8595669865608215,Yujin,[0.860],"[0.005, 0.860, 0.007, 0.027, 0.306, 0.020, 0.005]"
88.8,88.84,Yujin,0.8374277949333191,Yujin,[0.837],"[0.005, 0.837, 0.008, 0.029, 0.303, 0.022, 0.006]"
88.84,88.88,Yujin,0.8135254383087158,Yujin,[0.814],"[0.004, 0.814, 0.009, 0.030, 0.304, 0.025, 0.006]"
88.88,88.92,Yujin,0.7883821129798889,Yujin,[0.788],"[0.004, 0.788, 0.010, 0.030, 0.308, 0.027, 0.006]"
88.92,88.96,Yujin,0.7627126574516296,Yujin,[0.763],"[0.003, 0.763, 0.012, 0.031, 0.316, 0.029, 0.006]"
88.96,89.0,Yujin,0.7373163104057312,Yujin,[0.737],"[0.003, 0.737, 0.013, 0.031, 0.328, 0.031, 0.006]"
89.0,89.04,Yujin,0.7130834460258484,Yujin,[0.713],"[0.003, 0.713, 0.015, 0.031, 0.344, 0.033, 0.005]"
89.04,89.08,Yujin,0.6909921765327454,Yujin,[0.691],"[0.002, 0.691, 0.016, 0.031, 0.362, 0.034, 0.005]"
89.08,89.12,Yujin,0.6720184087753296,Yujin,[0.672],"[0.002, 0.672, 0.017, 0.030, 0.384, 0.034, 0.004]"
89.12,89.16,Yujin,0.657056987285614,Yujin,[0.657],"[0.002, 0.657, 0.017, 0.030, 0.409, 0.034, 0.003]"
89.16,89.2,Yujin,0.6468938589096069,Yujin,[0.647],"[0.002, 0.647, 0.018, 0.029, 0.435, 0.032, 0.003]"
89.2,89.24,Yujin,0.6420988440513611,Yujin,[0.642],"[0.002, 0.642, 0.018, 0.028, 0.464, 0.030, 0.002]"
89.24,89.28,Yujin,0.6429547071456909,Yujin,[0.643],"[0.002, 0.643, 0.018, 0.027, 0.492, 0.028, 0.002]"
89.28,89.32,Yujin,0.6494714021682739,Yujin,[0.649],"[0.002, 0.649, 0.017, 0.027, 0.521, 0.025, 0.001]"
89.32,89.36,Yujin,0.6614145636558533,Yujin,[0.661],"[0.001, 0.661, 0.017, 0.026, 0.549, 0.022, 0.001]"
89.36,89.4,Yujin,0.6782771348953247,Yujin,[0.678],"[0.001, 0.678, 0.016, 0.025, 0.576, 0.018, 0.001]"
89.4,89.44,Yujin,0.6992836594581604,Yujin,[0.699],"[0.001, 0.699, 0.015, 0.024, 0.600, 0.015, 0.001]"
89.44,89.48,Yujin,0.7234465479850769,Yujin|Liz,"[0.723, 0.622]","[0.001, 0.723, 0.014, 0.023, 0.622, 0.013, 0.000]"
89.48,89.52,Yujin,0.7496199011802673,Yujin|Liz,"[0.750, 0.641]","[0.001, 0.750, 0.013, 0.023, 0.641, 0.010, 0.000]"
89.52,89.56,Yujin,0.7766343951225281,Yujin|Liz,"[0.777, 0.657]","[0.001, 0.777, 0.012, 0.022, 0.657, 0.008, 0.000]"
89.56,89.6,Yujin,0.8033056855201721,Yujin|Liz,"[0.803, 0.670]","[0.001, 0.803, 0.011, 0.022, 0.670, 0.006, 0.000]"
89.6,89.64,Yujin,0.8286207318305969,Yujin|Liz,"[0.829, 0.680]","[0.001, 0.829, 0.010, 0.021, 0.680, 0.005, 0.000]"
89.64,89.68,Yujin,0.8517982363700867,Yujin|Liz,"[0.852, 0.687]","[0.001, 0.852, 0.009, 0.020, 0.687, 0.004, 0.000]"
89.68,89.72,Yujin,0.8723958730697632,Yujin|Liz,"[0.872, 0.690]","[0.001, 0.872, 0.008, 0.020, 0.690, 0.003, 0.000]"
89.72,89.76,Yujin,0.8902488350868225,Yujin|Liz,"[0.890, 0.690]","[0.001, 0.890, 0.007, 0.019, 0.690, 0.002, 0.000]"
89.76,89.8,Yujin,0.905385434627533,Yujin|Liz,"[0.905, 0.687]","[0.001, 0.905, 0.007, 0.019, 0.687, 0.002, 0.000]"
89.8,89.84,Yujin,0.9179939031600952,Yujin|Liz,"[0.918, 0.681]","[0.001, 0.918, 0.006, 0.019, 0.681, 0.001, 0.000]"
89.84,89.88,Yujin,0.9283364415168762,Yujin|Liz,"[0.928, 0.672]","[0.001, 0.928, 0.005, 0.018, 0.672, 0.001, 0.000]"
89.88,89.92,Yujin,0.9367000460624695,Yujin|Liz,"[0.937, 0.661]","[0.001, 0.937, 0.005, 0.018, 0.661, 0.001, 0.000]"
89.92,89.96,Yujin,0.9433580636978149,Yujin|Liz,"[0.943, 0.646]","[0.001, 0.943, 0.004, 0.017, 0.646, 0.001, 0.000]"
89.96,90.0,Yujin,0.9485459923744202,Yujin|Liz,"[0.949, 0.629]","[0.001, 0.949, 0.004, 0.017, 0.629, 0.001, 0.000]"
90.0,90.04,Yujin,0.9524843692779541,Yujin|Liz,"[0.952, 0.610]","[0.001, 0.952, 0.004, 0.016, 0.610, 0.001, 0.000]"
90.04,90.08,Yujin,0.9553502798080444,Yujin|Liz,"[0.955, 0.590]","[0.001, 0.955, 0.003, 0.016, 0.590, 0.001, 0.000]"
90.08,90.12,Yujin,0.9572797417640686,Yujin,[0.957],"[0.001, 0.957, 0.003, 0.015, 0.568, 0.000, 0.000]"
90.12,90.16,Yujin,0.9583731889724731,Yujin,[0.958],"[0.001, 0.958, 0.003, 0.015, 0.545, 0.000, 0.000]"
90.16,90.2,Yujin,0.9586936831474304,Yujin,[0.959],"[0.001, 0.959, 0.003, 0.014, 0.522, 0.000, 0.000]"
90.2,90.24,Yujin,0.9582692980766296,Yujin,[0.958],"[0.001, 0.958, 0.003, 0.014, 0.500, 0.000, 0.000]"
90.24,90.28,Yujin,0.9571058750152588,Yujin,[0.957],"[0.001, 0.957, 0.002, 0.013, 0.479, 0.000, 0.000]"
90.28,90.32,Yujin,0.9551927447319031,Yujin,[0.955],"[0.001, 0.955, 0.002, 0.013, 0.460, 0.000, 0.000]"
90.32,90.36,Yujin,0.9524621963500977,Yujin,[0.952],"[0.001, 0.952, 0.002, 0.013, 0.442, 0.000, 0.001]"
90.36,90.4,Yujin,0.9488251805305481,Yujin,[0.949],"[0.001, 0.949, 0.002, 0.012, 0.427, 0.000, 0.001]"
90.4,90.44,Yujin,0.9441725015640259,Yujin,[0.944],"[0.001, 0.944, 0.002, 0.012, 0.413, 0.000, 0.001]"
90.44,90.48,Yujin,0.9383567571640015,Yujin,[0.938],"[0.001, 0.938, 0.002, 0.012, 0.403, 0.000, 0.001]"
90.48,90.52,Yujin,0.931204617023468,Yujin,[0.931],"[0.001, 0.931, 0.002, 0.012, 0.395, 0.000, 0.001]"
90.52,90.56,Yujin,0.9225234389305115,Yujin,[0.923],"[0.001, 0.923, 0.002, 0.011, 0.389, 0.000, 0.001]"
90.56,90.6,Yujin,0.9121162295341492,Yujin,[0.912],"[0.001, 0.912, 0.002, 0.011, 0.387, 0.000, 0.001]"
90.6,90.64,Yujin,0.8997929096221924,Yujin,[0.900],"[0.001, 0.900, 0.002, 0.011, 0.388, 0.000, 0.001]"
90.64,90.68,Yujin,0.8853715062141418,Yujin,[0.885],"[0.001, 0.885, 0.002, 0.011, 0.392, 0.001, 0.001]"
90.68,90.72,Yujin,0.8686781525611877,Yujin,[0.869],"[0.001, 0.869, 0.001, 0.011, 0.399, 0.001, 0.001]"
90.72,90.76,Yujin,0.8495483994483948,Yujin,[0.850],"[0.001, 0.850, 0.002, 0.010, 0.409, 0.001, 0.001]"
90.76,90.8,Yujin,0.8278562426567078,Yujin,[0.828],"[0.001, 0.828, 0.002, 0.010, 0.423, 0.001, 0.001]"
90.8,90.84,Yujin,0.8035622239112854,Yujin,[0.804],"[0.001, 0.804, 0.002, 0.010, 0.439, 0.001, 0.001]"
90.84,90.88,Yujin,0.776703417301178,Yujin,[0.777],"[0.001, 0.777, 0.002, 0.010, 0.459, 0.001, 0.000]"
90.88,90.92,Yujin,0.747423529624939,Yujin,[0.747],"[0.001, 0.747, 0.002, 0.009, 0.481, 0.001, 0.000]"
90.92,90.96,Yujin,0.7159169316291809,Yujin,[0.716],"[0.001, 0.716, 0.002, 0.009, 0.505, 0.001, 0.000]"
90.96,91.0,Yujin,0.6824283003807068,Yujin,[0.682],"[0.001, 0.682, 0.002, 0.009, 0.531, 0.001, 0.000]"
91.0,91.04,Yujin,0.6472664475440979,Yujin,[0.647],"[0.001, 0.647, 0.002, 0.008, 0.559, 0.001, 0.000]"
91.04,91.08,Yujin,0.6107804775238037,Yujin,[0.611],"[0.001, 0.611, 0.002, 0.008, 0.587, 0.002, 0.000]"
91.08,91.12,Liz,0.6167621612548828,,[],"[0.001, 0.573, 0.002, 0.008, 0.617, 0.002, 0.000]"
91.12,91.16,Liz,0.6466621160507202,Liz,[0.647],"[0.001, 0.535, 0.003, 0.007, 0.647, 0.002, 0.000]"
91.16,91.2,Liz,0.6765941381454468,Liz,[0.677],"[0.001, 0.497, 0.003, 0.007, 0.677, 0.002, 0.000]"
91.2,91.24,Liz,0.7061226963996887,Liz,[0.706],"[0.001, 0.459, 0.003, 0.007, 0.706, 0.003, 0.000]"
91.24,91.28,Liz,0.7347744703292847,Liz,[0.735],"[0.002, 0.420, 0.004, 0.006, 0.735, 0.003, 0.000]"
91.28,91.32,Liz,0.7620915770530701,Liz,[0.762],"[0.002, 0.383, 0.004, 0.006, 0.762, 0.004, 0.000]"
91.32,91.36,Liz,0.7877150774002075,Liz,[0.788],"[0.002, 0.346, 0.004, 0.006, 0.788, 0.004, 0.000]"
91.36,91.4,Liz,0.8113920092582703,Liz,[0.811],"[0.002, 0.311, 0.005, 0.005, 0.811, 0.005, 0.000]"
91.4,91.44,Liz,0.8329887390136719,Liz,[0.833],"[0.002, 0.277, 0.005, 0.005, 0.833, 0.005, 0.000]"
91.44,91.48,Liz,0.8525052070617676,Liz,[0.853],"[0.002, 0.245, 0.006, 0.005, 0.853, 0.006, 0.000]"
91.48,91.52,Liz,0.8700184226036072,Liz,[0.870],"[0.003, 0.215, 0.007, 0.004, 0.870, 0.007, 0.000]"
91.52,91.56,Liz,0.8856139779090881,Liz,[0.886],"[0.003, 0.188, 0.007, 0.004, 0.886, 0.008, 0.000]"
91.56,91.6,Liz,0.8993741273880005,Liz,[0.899],"[0.003, 0.163, 0.008, 0.004, 0.899, 0.009, 0.000]"
91.6,91.64,Liz,0.9114384651184082,Liz,[0.911],"[0.003, 0.141, 0.009, 0.003, 0.911, 0.010, 0.000]"
91.64,91.68,Liz,0.921962320804596,Liz,[0.922],"[0.003, 0.122, 0.010, 0.003, 0.922, 0.011, 0.000]"
91.68,91.72,Liz,0.9310688376426697,Liz,[0.931],"[0.003, 0.106, 0.011, 0.003, 0.931, 0.012, 0.000]"
91.72,91.76,Liz,0.9388676881790161,Liz,[0.939],"[0.004, 0.092, 0.012, 0.003, 0.939, 0.013, 0.001]"
91.76,91.8,Liz,0.945478618144989,Liz,[0.945],"[0.004, 0.079, 0.013, 0.003, 0.945, 0.014, 0.001]"
91.8,91.84,Liz,0.9510242342948914,Liz,[0.951],"[0.004, 0.069, 0.014, 0.002, 0.951, 0.015, 0.001]"
91.84,91.88,Liz,0.9556251764297485,Liz,[0.956],"[0.004, 0.061, 0.015, 0.002, 0.956, 0.016, 0.001]"
91.88,91.92,Liz,0.9593938589096069,Liz,[0.959],"[0.004, 0.053, 0.017, 0.002, 0.959, 0.017, 0.001]"
91.92,91.96,Liz,0.9624318480491638,Liz,[0.962],"[0.005, 0.047, 0.019, 0.002, 0.962, 0.018, 0.001]"
91.96,92.0,Liz,0.9648250937461853,Liz,[0.965],"[0.005, 0.042, 0.020, 0.002, 0.965, 0.018, 0.001]"
92.0,92.04,Liz,0.9666533470153809,Liz,[0.967],"[0.005, 0.038, 0.022, 0.002, 0.967, 0.019, 0.001]"
92.04,92.08,Liz,0.9679853916168213,Liz,[0.968],"[0.005, 0.034, 0.025, 0.002, 0.968, 0.020, 0.000]"
92.08,92.12,Liz,0.9688732028007507,Liz,[0.969],"[0.006, 0.031, 0.027, 0.001, 0.969, 0.021, 0.000]"
92.12,92.16,Liz,0.969360888004303,Liz,[0.969],"[0.006, 0.029, 0.030, 0.001, 0.969, 0.022, 0.000]"
92.16,92.2,Liz,0.9694713950157166,Liz,[0.969],"[0.006, 0.027, 0.033, 0.001, 0.969, 0.023, 0.000]"
92.2,92.24,Liz,0.969206690788269,Liz,[0.969],"[0.006, 0.025, 0.036, 0.001, 0.969, 0.024, 0.000]"
92.24,92.28,Liz,0.9685553908348083,Liz,[0.969],"[0.007, 0.024, 0.040, 0.001, 0.969, 0.026, 0.000]"
92.28,92.32,Liz,0.9674927592277527,Liz,[0.967],"[0.007, 0.022, 0.044, 0.001, 0.967, 0.028, 0.000]"
92.32,92.36,Liz,0.96598219871521,Liz,[0.966],"[0.007, 0.021, 0.048, 0.001, 0.966, 0.030, 0.000]"
92.36,92.4,Liz,0.9639831185340881,Liz,[0.964],"[0.007, 0.021, 0.052, 0.001, 0.964, 0.032, 0.000]"
92.4,92.44,Liz,0.9614547491073608,Liz,[0.961],"[0.007, 0.020, 0.057, 0.001, 0.961, 0.035, 0.000]"
92.44,92.48,Liz,0.9583417773246765,Liz,[0.958],"[0.007, 0.019, 0.062, 0.001, 0.958, 0.038, 0.000]"
92.48,92.52,Liz,0.954556941986084,Liz,[0.955],"[0.007, 0.019, 0.067, 0.001, 0.955, 0.041, 0.000]"
92.52,92.56,Liz,0.9499915838241577,Liz,[0.950],"[0.006, 0.018, 0.072, 0.001, 0.950, 0.046, 0.000]"
92.56,92.6,Liz,0.9445193409919739,Liz,[0.945],"[0.006, 0.018, 0.078, 0.001, 0.945, 0.050, 0.000]"
92.6,92.64,Liz,0.9379986524581909,Liz,[0.938],"[0.006, 0.017, 0.083, 0.001, 0.938, 0.056, 0.000]"
92.64,92.68,Liz,0.9302771091461182,Liz,[0.930],"[0.005, 0.017, 0.090, 0.001, 0.930, 0.061, 0.000]"
92.68,92.72,Liz,0.9211995601654053,Liz,[0.921],"[0.005, 0.017, 0.096, 0.001, 0.921, 0.067, 0.000]"
92.72,92.76,Liz,0.9106130003929138,Liz,[0.911],"[0.005, 0.017, 0.104, 0.001, 0.911, 0.074, 0.000]"
92.76,92.8,Liz,0.8983671069145203,Liz,[0.898],"[0.004, 0.016, 0.112, 0.001, 0.898, 0.080, 0.000]"
92.8,92.84,Liz,0.8843203783035278,Liz,[0.884],"[0.004, 0.016, 0.121, 0.002, 0.884, 0.087, 0.000]"
92.84,92.88,Liz,0.8683761358261108,Liz,[0.868],"[0.003, 0.016, 0.131, 0.002, 0.868, 0.094, 0.000]"
92.88,92.92,Liz,0.8505226373672485,Liz,[0.851],"[0.003, 0.015, 0.142, 0.002, 0.851, 0.100, 0.000]"
92.92,92.96,Liz,0.8307961225509644,Liz,[0.831],"[0.003, 0.015, 0.153, 0.002, 0.831, 0.106, 0.000]"
92.96,93.0,Liz,0.8092827796936035,Liz,[0.809],"[0.003, 0.014, 0.166, 0.003, 0.809, 0.111, 0.000]"
93.0,93.04,Liz,0.7861473560333252,Liz,[0.786],"[0.002, 0.014, 0.180, 0.003, 0.786, 0.116, 0.001]"
93.04,93.08,Liz,0.7616062164306641,Liz,[0.762],"[0.002, 0.013, 0.194, 0.003, 0.762, 0.120, 0.001]"
93.08,93.12,Liz,0.7358530163764954,Liz,[0.736],"[0.002, 0.013, 0.209, 0.004, 0.736, 0.123, 0.001]"
93.12,93.16,Liz,0.7090581655502319,Liz,[0.709],"[0.002, 0.012, 0.225, 0.005, 0.709, 0.125, 0.001]"
93.16,93.2,Liz,0.6814104914665222,Liz,[0.681],"[0.002, 0.011, 0.241, 0.005, 0.681, 0.127, 0.001]"
93.2,93.24,Liz,0.6530517339706421,Liz,[0.653],"[0.002, 0.010, 0.257, 0.006, 0.653, 0.127, 0.001]"
93.24,93.28,Liz,0.6241033673286438,Liz,[0.624],"[0.002, 0.010, 0.272, 0.007, 0.624, 0.127, 0.001]"
93.28,93.32,Liz,0.5946874022483826,Liz,[0.595],"[0.002, 0.009, 0.286, 0.009, 0.595, 0.126, 0.002]"
93.32,93.36,Liz,0.5649639964103699,,[],"[0.002, 0.008, 0.297, 0.010, 0.565, 0.125, 0.002]"
93.36,93.4,Liz,0.5351069569587708,,[],"[0.002, 0.008, 0.307, 0.012, 0.535, 0.123, 0.002]"
93.4,93.44,Liz,0.5053386688232422,,[],"[0.002, 0.007, 0.314, 0.014, 0.505, 0.121, 0.002]"
93.44,93.48,Liz,0.47586557269096375,,[],"[0.002, 0.006, 0.317, 0.016, 0.476, 0.118, 0.002]"
93.48,93.52,Liz,0.446818083524704,,[],"[0.002, 0.006, 0.317, 0.018, 0.447, 0.116, 0.001]"
93.52,93.56,Liz,0.418328195810318,,[],"[0.002, 0.006, 0.314, 0.020, 0.418, 0.115, 0.001]"
93.56,93.6,Liz,0.3905283808708191,,[],"[0.002, 0.005, 0.308, 0.023, 0.391, 0.113, 0.001]"
93.6,93.64,Liz,0.36352062225341797,,[],"[0.003, 0.005, 0.300, 0.026, 0.364, 0.113, 0.001]"
93.64,93.68,Liz,0.33750656247138977,,[],"[0.003, 0.005, 0.288, 0.029, 0.338, 0.113, 0.001]"
93.68,93.72,Liz,0.31277114152908325,,[],"[0.003, 0.004, 0.273, 0.032, 0.313, 0.113, 0.001]"
93.72,93.76,Liz,0.28953754901885986,,[],"[0.004, 0.004, 0.256, 0.035, 0.290, 0.114, 0.000]"
93.76,93.8,Liz,0.26799485087394714,,[],"[0.004, 0.004, 0.236, 0.039, 0.268, 0.117, 0.000]"
93.8,93.84,Liz,0.24827037751674652,,[],"[0.005, 0.004, 0.215, 0.042, 0.248, 0.120, 0.000]"
93.84,93.88,Liz,0.23042859137058258,,[],"[0.006, 0.004, 0.193, 0.046, 0.230, 0.123, 0.000]"
93.88,93.92,Liz,0.21446344256401062,,[],"[0.007, 0.004, 0.170, 0.049, 0.214, 0.129, 0.000]"
93.92,93.96,Liz,0.20029860734939575,,[],"[0.008, 0.004, 0.147, 0.053, 0.200, 0.135, 0.000]"
93.96,94.0,Liz,0.1877923607826233,,[],"[0.009, 0.004, 0.126, 0.056, 0.188, 0.143, 0.000]"
94.0,94.04,Liz,0.17682713270187378,,[],"[0.011, 0.005, 0.107, 0.059, 0.177, 0.152, 0.000]"
94.04,94.08,Liz,0.1672634333372116,,[],"[0.012, 0.005, 0.089, 0.062, 0.167, 0.163, 0.000]"
94.08,94.12,Leeseo,0.1755799800157547,,[],"[0.014, 0.005, 0.074, 0.065, 0.159, 0.176, 0.000]"
94.12,94.16,Leeseo,0.19036249816417694,,[],"[0.016, 0.006, 0.062, 0.068, 0.152, 0.190, 0.000]"
94.16,94.2,Leeseo,0.20737993717193604,,[],"[0.018, 0.006, 0.051, 0.070, 0.146, 0.207, 0.000]"
94.2,94.24,Leeseo,0.22683782875537872,,[],"[0.021, 0.007, 0.042, 0.072, 0.140, 0.227, 0.000]"
94.24,94.28,Leeseo,0.24889659881591797,,[],"[0.023, 0.008, 0.035, 0.074, 0.136, 0.249, 0.000]"
94.28,94.32,Leeseo,0.2735632061958313,,[],"[0.026, 0.009, 0.030, 0.075, 0.133, 0.274, 0.000]"
94.32,94.36,Leeseo,0.30077263712882996,,[],"[0.028, 0.010, 0.025, 0.075, 0.130, 0.301, 0.000]"
94.36,94.4,Leeseo,0.3304094970226288,,[],"[0.031, 0.012, 0.022, 0.075, 0.129, 0.330, 0.000]"
94.4,94.44,Leeseo,0.36217939853668213,,[],"[0.034, 0.014, 0.019, 0.075, 0.128, 0.362, 0.000]"
94.44,94.48,Leeseo,0.39571526646614075,,[],"[0.037, 0.016, 0.017, 0.074, 0.128, 0.396, 0.000]"
94.48,94.52,Leeseo,0.43054792284965515,,[],"[0.040, 0.019, 0.015, 0.072, 0.129, 0.431, 0.000]"
94.52,94.56,Leeseo,0.46615704894065857,,[],"[0.043, 0.023, 0.014, 0.070, 0.130, 0.466, 0.000]"
94.56,94.6,Leeseo,0.5019682049751282,,[],"[0.047, 0.027, 0.013, 0.068, 0.132, 0.502, 0.000]"
94.6,94.64,Leeseo,0.5374346375465393,,[],"[0.050, 0.032, 0.012, 0.065, 0.134, 0.537, 0.000]"
94.64,94.68,Leeseo,0.5720893740653992,,[],"[0.054, 0.038, 0.011, 0.061, 0.137, 0.572, 0.000]"
94.68,94.72,Leeseo,0.605532705783844,,[],"[0.057, 0.045, 0.011, 0.058, 0.140, 0.606, 0.000]"
94.72,94.76,Leeseo,0.637488603591919,Leeseo,[0.637],"[0.061, 0.053, 0.010, 0.054, 0.144, 0.637, 0.000]"
94.76,94.8,Leeseo,0.6677384376525879,Leeseo,[0.668],"[0.064, 0.063, 0.010, 0.051, 0.148, 0.668, 0.000]"
94.8,94.84,Leeseo,0.6962154507637024,Leeseo,[0.696],"[0.067, 0.073, 0.009, 0.047, 0.152, 0.696, 0.000]"
94.84,94.88,Leeseo,0.7229090929031372,Leeseo,[0.723],"[0.070, 0.085, 0.009, 0.044, 0.157, 0.723, 0.000]"
94.88,94.92,Leeseo,0.747836172580719,Leeseo,[0.748],"[0.072, 0.099, 0.009, 0.041, 0.160, 0.748, 0.001]"
94.92,94.96,Leeseo,0.771022379398346,Leeseo,[0.771],"[0.074, 0.113, 0.008, 0.038, 0.164, 0.771, 0.001]"
94.96,95.0,Leeseo,0.7925571799278259,Leeseo,[0.793],"[0.076, 0.129, 0.008, 0.035, 0.166, 0.793, 0.001]"
95.0,95.04,Leeseo,0.8125435709953308,Leeseo,[0.813],"[0.077, 0.146, 0.007, 0.033, 0.168, 0.813, 0.001]"
95.04,95.08,Leeseo,0.831138014793396,Leeseo,[0.831],"[0.077, 0.164, 0.007, 0.031, 0.169, 0.831, 0.002]"
95.08,95.12,Leeseo,0.8485052585601807,Leeseo,[0.849],"[0.077, 0.181, 0.006, 0.029, 0.169, 0.849, 0.002]"
95.12,95.16,Leeseo,0.8647519946098328,Leeseo,[0.865],"[0.076, 0.200, 0.005, 0.027, 0.167, 0.865, 0.003]"
95.16,95.2,Leeseo,0.8799757957458496,Leeseo,[0.880],"[0.075, 0.218, 0.005, 0.026, 0.164, 0.880, 0.004]"
95.2,95.24,Leeseo,0.8942027688026428,Leeseo,[0.894],"[0.073, 0.235, 0.004, 0.025, 0.160, 0.894, 0.005]"
95.24,95.28,Leeseo,0.9074331521987915,Leeseo,[0.907],"[0.070, 0.252, 0.004, 0.024, 0.155, 0.907, 0.006]"
95.28,95.32,Leeseo,0.9196608066558838,Leeseo,[0.920],"[0.068, 0.268, 0.003, 0.023, 0.149, 0.920, 0.008]"
95.32,95.36,Leeseo,0.930861234664917,Leeseo,[0.931],"[0.065, 0.282, 0.003, 0.023, 0.142, 0.931, 0.009]"
95.36,95.4,Leeseo,0.9410213828086853,Leeseo,[0.941],"[0.062, 0.295, 0.003, 0.022, 0.134, 0.941, 0.011]"
95.4,95.44,Leeseo,0.9501133561134338,Leeseo,[0.950],"[0.059, 0.305, 0.002, 0.022, 0.125, 0.950, 0.013]"
95.44,95.48,Leeseo,0.9581169486045837,Leeseo,[0.958],"[0.056, 0.313, 0.002, 0.022, 0.116, 0.958, 0.015]"
95.48,95.52,Leeseo,0.9650626182556152,Leeseo,[0.965],"[0.054, 0.319, 0.002, 0.022, 0.107, 0.965, 0.018]"
95.52,95.56,Leeseo,0.971013605594635,Leeseo,[0.971],"[0.052, 0.321, 0.002, 0.022, 0.098, 0.971, 0.020]"
95.56,95.6,Leeseo,0.976047933101654,Leeseo,[0.976],"[0.049, 0.319, 0.001, 0.021, 0.089, 0.976, 0.023]"
95.6,95.64,Leeseo,0.9802575707435608,Leeseo,[0.980],"[0.048, 0.314, 0.001, 0.021, 0.080, 0.980, 0.026]"
95.64,95.68,Leeseo,0.9837380647659302,Leeseo,[0.984],"[0.046, 0.305, 0.001, 0.020, 0.072, 0.984, 0.029]"
95.68,95.72,Leeseo,0.9865810871124268,Leeseo,[0.987],"[0.045, 0.293, 0.001, 0.020, 0.064, 0.987, 0.032]"
95.72,95.76,Leeseo,0.9888795614242554,Leeseo,[0.989],"[0.044, 0.277, 0.001, 0.019, 0.057, 0.989, 0.036]"
95.76,95.8,Leeseo,0.9907233119010925,Leeseo,[0.991],"[0.044, 0.259, 0.001, 0.018, 0.051, 0.991, 0.040]"
95.8,95.84,Leeseo,0.9921934604644775,Leeseo,[0.992],"[0.045, 0.240, 0.001, 0.018, 0.045, 0.992, 0.045]"
95.84,95.88,Leeseo,0.9933604598045349,Leeseo,[0.993],"[0.046, 0.219, 0.001, 0.017, 0.040, 0.993, 0.051]"
95.88,95.92,Leeseo,0.9942836165428162,Leeseo,[0.994],"[0.047, 0.198, 0.001, 0.016, 0.035, 0.994, 0.058]"
95.92,95.96,Leeseo,0.9950125813484192,Leeseo,[0.995],"[0.049, 0.177, 0.001, 0.015, 0.031, 0.995, 0.066]"
95.96,96.0,Leeseo,0.9955859184265137,Leeseo,[0.996],"[0.052, 0.157, 0.001, 0.014, 0.027, 0.996, 0.076]"
96.0,96.04,Leeseo,0.9960322976112366,Leeseo,[0.996],"[0.056, 0.138, 0.001, 0.013, 0.024, 0.996, 0.089]"
96.04,96.08,Leeseo,0.99637371301651,Leeseo,[0.996],"[0.060, 0.120, 0.001, 0.012, 0.021, 0.996, 0.104]"
96.08,96.12,Leeseo,0.9966273903846741,Leeseo,[0.997],"[0.066, 0.105, 0.001, 0.011, 0.019, 0.997, 0.121]"
96.12,96.16,Leeseo,0.9968060255050659,Leeseo,[0.997],"[0.072, 0.091, 0.001, 0.010, 0.017, 0.997, 0.141]"
96.16,96.2,Leeseo,0.9969183206558228,Leeseo,[0.997],"[0.080, 0.078, 0.001, 0.009, 0.015, 0.997, 0.165]"
96.2,96.24,Leeseo,0.9969696402549744,Leeseo,[0.997],"[0.089, 0.068, 0.001, 0.008, 0.013, 0.997, 0.191]"
96.24,96.28,Leeseo,0.9969624876976013,Leeseo,[0.997],"[0.099, 0.059, 0.001, 0.007, 0.011, 0.997, 0.220]"
96.28,96.32,Leeseo,0.9968968629837036,Leeseo,[0.997],"[0.110, 0.051, 0.001, 0.007, 0.010, 0.997, 0.252]"
96.32,96.36,Leeseo,0.9967691898345947,Leeseo,[0.997],"[0.122, 0.044, 0.001, 0.006, 0.009, 0.997, 0.286]"
96.36,96.4,Leeseo,0.9965722560882568,Leeseo,[0.997],"[0.135, 0.039, 0.001, 0.005, 0.008, 0.997, 0.321]"
96.4,96.44,Leeseo,0.9962977766990662,Leeseo,[0.996],"[0.149, 0.034, 0.001, 0.005, 0.007, 0.996, 0.356]"
96.44,96.48,Leeseo,0.9959348440170288,Leeseo,[0.996],"[0.163, 0.031, 0.001, 0.005, 0.006, 0.996, 0.391]"
96.48,96.52,Leeseo,0.9954706430435181,Leeseo,[0.995],"[0.177, 0.027, 0.001, 0.004, 0.005, 0.995, 0.423]"
96.52,96.56,Leeseo,0.9948890805244446,Leeseo,[0.995],"[0.191, 0.025, 0.002, 0.004, 0.004, 0.995, 0.453]"
96.56,96.6,Leeseo,0.9941712021827698,Leeseo,[0.994],"[0.203, 0.023, 0.002, 0.004, 0.004, 0.994, 0.480]"
96.6,96.64,Leeseo,0.9932976365089417,Leeseo,[0.993],"[0.214, 0.021, 0.002, 0.003, 0.003, 0.993, 0.503]"
96.64,96.68,Leeseo,0.9922488927841187,Leeseo,[0.992],"[0.223, 0.020, 0.002, 0.003, 0.003, 0.992, 0.521]"
96.68,96.72,Leeseo,0.9910045862197876,Leeseo,[0.991],"[0.230, 0.019, 0.002, 0.003, 0.002, 0.991, 0.535]"
96.72,96.76,Leeseo,0.9895461201667786,Leeseo,[0.990],"[0.235, 0.018, 0.002, 0.003, 0.002, 0.990, 0.544]"
96.76,96.8,Leeseo,0.9878636598587036,Leeseo,[0.988],"[0.237, 0.018, 0.002, 0.003, 0.002, 0.988, 0.548]"
96.8,96.84,Leeseo,0.9859524965286255,Leeseo,[0.986],"[0.237, 0.017, 0.002, 0.003, 0.001, 0.986, 0.548]"
96.84,96.88,Leeseo,0.9838166236877441,Leeseo,[0.984],"[0.235, 0.017, 0.002, 0.003, 0.001, 0.984, 0.542]"
96.88,96.92,Leeseo,0.9814804196357727,Leeseo,[0.981],"[0.230, 0.017, 0.002, 0.003, 0.001, 0.981, 0.532]"
96.92,96.96,Leeseo,0.9789894223213196,Leeseo,[0.979],"[0.224, 0.017, 0.002, 0.003, 0.001, 0.979, 0.516]"
96.96,97.0,Leeseo,0.9763981103897095,Leeseo,[0.976],"[0.217, 0.017, 0.003, 0.003, 0.001, 0.976, 0.494]"
97.0,97.04,Leeseo,0.9737604260444641,Leeseo,[0.974],"[0.209, 0.017, 0.003, 0.003, 0.001, 0.974, 0.466]"
97.04,97.08,Leeseo,0.9711297154426575,Leeseo,[0.971],"[0.200, 0.017, 0.003, 0.004, 0.001, 0.971, 0.434]"
97.08,97.12,Leeseo,0.9685542583465576,Leeseo,[0.969],"[0.191, 0.017, 0.003, 0.004, 0.001, 0.969, 0.397]"
97.12,97.16,Leeseo,0.9660991430282593,Leeseo,[0.966],"[0.182, 0.017, 0.004, 0.004, 0.000, 0.966, 0.357]"
97.16,97.2,Leeseo,0.9638360142707825,Leeseo,[0.964],"[0.174, 0.017, 0.004, 0.004, 0.000, 0.964, 0.316]"
97.2,97.24,Leeseo,0.9618389010429382,Leeseo,[0.962],"[0.166, 0.018, 0.005, 0.004, 0.000, 0.962, 0.276]"
97.24,97.28,Leeseo,0.9601746201515198,Leeseo,[0.960],"[0.159, 0.018, 0.006, 0.004, 0.000, 0.960, 0.237]"
97.28,97.32,Leeseo,0.9588766694068909,Leeseo,[0.959],"[0.153, 0.018, 0.007, 0.005, 0.000, 0.959, 0.202]"
97.32,97.36,Leeseo,0.9579566717147827,Leeseo,[0.958],"[0.147, 0.018, 0.008, 0.005, 0.000, 0.958, 0.170]"
97.36,97.4,Leeseo,0.9574214816093445,Leeseo,[0.957],"[0.142, 0.018, 0.009, 0.005, 0.000, 0.957, 0.142]"
97.4,97.44,Leeseo,0.9572692513465881,Leeseo,[0.957],"[0.137, 0.018, 0.010, 0.005, 0.000, 0.957, 0.118]"
97.44,97.48,Leeseo,0.9575015902519226,Leeseo,[0.958],"[0.133, 0.018, 0.011, 0.005, 0.000, 0.958, 0.098]"
97.48,97.52,Leeseo,0.9580982327461243,Leeseo,[0.958],"[0.130, 0.018, 0.013, 0.006, 0.000, 0.958, 0.082]"
97.52,97.56,Leeseo,0.9590100646018982,Leeseo,[0.959],"[0.128, 0.018, 0.014, 0.006, 0.000, 0.959, 0.068]"
97.56,97.6,Leeseo,0.9601791501045227,Leeseo,[0.960],"[0.127, 0.018, 0.015, 0.006, 0.000, 0.960, 0.057]"
97.6,97.64,Leeseo,0.9615494012832642,Leeseo,[0.962],"[0.126, 0.018, 0.017, 0.006, 0.000, 0.962, 0.048]"
97.64,97.68,Leeseo,0.9630856513977051,Leeseo,[0.963],"[0.126, 0.018, 0.018, 0.007, 0.000, 0.963, 0.041]"
97.68,97.72,Leeseo,0.9647663831710815,Leeseo,[0.965],"[0.126, 0.018, 0.018, 0.007, 0.000, 0.965, 0.035]"
97.72,97.76,Leeseo,0.9665706753730774,Leeseo,[0.967],"[0.127, 0.018, 0.018, 0.007, 0.000, 0.967, 0.030]"
97.76,97.8,Leeseo,0.9684678316116333,Leeseo,[0.968],"[0.128, 0.018, 0.018, 0.007, 0.000, 0.968, 0.026]"
97.8,97.84,Leeseo,0.9704198241233826,Leeseo,[0.970],"[0.128, 0.018, 0.018, 0.008, 0.000, 0.970, 0.024]"
97.84,97.88,Leeseo,0.9723936915397644,Leeseo,[0.972],"[0.129, 0.019, 0.017, 0.008, 0.000, 0.972, 0.021]"
97.88,97.92,Leeseo,0.974357008934021,Leeseo,[0.974],"[0.129, 0.019, 0.016, 0.009, 0.000, 0.974, 0.020]"
97.92,97.96,Leeseo,0.9762794375419617,Leeseo,[0.976],"[0.129, 0.019, 0.015, 0.009, 0.000, 0.976, 0.018]"
97.96,98.0,Leeseo,0.978135347366333,Leeseo,[0.978],"[0.128, 0.019, 0.013, 0.010, 0.000, 0.978, 0.018]"
98.0,98.04,Leeseo,0.9799057841300964,Leeseo,[0.980],"[0.127, 0.019, 0.012, 0.011, 0.000, 0.980, 0.017]"
98.04,98.08,Leeseo,0.9815800786018372,Leeseo,[0.982],"[0.125, 0.019, 0.010, 0.012, 0.000, 0.982, 0.017]"
98.08,98.12,Leeseo,0.9831504225730896,Leeseo,[0.983],"[0.122, 0.020, 0.009, 0.013, 0.000, 0.983, 0.017]"
98.12,98.16,Leeseo,0.9846144318580627,Leeseo,[0.985],"[0.119, 0.020, 0.008, 0.014, 0.000, 0.985, 0.017]"
98.16,98.2,Leeseo,0.9859721660614014,Leeseo,[0.986],"[0.115, 0.020, 0.007, 0.015, 0.000, 0.986, 0.018]"
98.2,98.24,Leeseo,0.9872292280197144,Leeseo,[0.987],"[0.111, 0.019, 0.006, 0.017, 0.000, 0.987, 0.018]"
98.24,98.28,Leeseo,0.9883885979652405,Leeseo,[0.988],"[0.106, 0.019, 0.005, 0.018, 0.000, 0.988, 0.019]"
98.28,98.32,Leeseo,0.9894534349441528,Leeseo,[0.989],"[0.102, 0.019, 0.004, 0.020, 0.000, 0.989, 0.020]"
98.32,98.36,Leeseo,0.9904254078865051,Leeseo,[0.990],"[0.097, 0.018, 0.004, 0.022, 0.000, 0.990, 0.021]"
98.36,98.4,Leeseo,0.9913046360015869,Leeseo,[0.991],"[0.093, 0.018, 0.003, 0.025, 0.000, 0.991, 0.022]"
98.4,98.44,Leeseo,0.9920883774757385,Leeseo,[0.992],"[0.089, 0.017, 0.003, 0.028, 0.000, 0.992, 0.022]"
98.44,98.48,Leeseo,0.9927780032157898,Leeseo,[0.993],"[0.085, 0.016, 0.003, 0.031, 0.000, 0.993, 0.023]"
98.48,98.52,Leeseo,0.9933731555938721,Leeseo,[0.993],"[0.082, 0.016, 0.002, 0.035, 0.000, 0.993, 0.023]"
98.52,98.56,Leeseo,0.9938761591911316,Leeseo,[0.994],"[0.080, 0.015, 0.002, 0.039, 0.000, 0.994, 0.023]"
98.56,98.6,Leeseo,0.994292140007019,Leeseo,[0.994],"[0.078, 0.014, 0.002, 0.043, 0.000, 0.994, 0.022]"
98.6,98.64,Leeseo,0.9946245551109314,Leeseo,[0.995],"[0.076, 0.013, 0.002, 0.048, 0.000, 0.995, 0.021]"
98.64,98.68,Leeseo,0.9948762059211731,Leeseo,[0.995],"[0.075, 0.012, 0.002, 0.053, 0.000, 0.995, 0.019]"
98.68,98.72,Leeseo,0.9950494170188904,Leeseo,[0.995],"[0.075, 0.011, 0.002, 0.059, 0.001, 0.995, 0.017]"
98.72,98.76,Leeseo,0.9951451420783997,Leeseo,[0.995],"[0.075, 0.010, 0.002, 0.065, 0.001, 0.995, 0.015]"
98.76,98.8,Leeseo,0.9951615929603577,Leeseo,[0.995],"[0.076, 0.009, 0.002, 0.070, 0.001, 0.995, 0.013]"
98.8,98.84,Leeseo,0.9950951337814331,Leeseo,[0.995],"[0.078, 0.009, 0.002, 0.076, 0.001, 0.995, 0.010]"
98.84,98.88,Leeseo,0.994939923286438,Leeseo,[0.995],"[0.080, 0.008, 0.002, 0.082, 0.001, 0.995, 0.008]"
98.88,98.92,Leeseo,0.9946862459182739,Leeseo,[0.995],"[0.082, 0.007, 0.002, 0.087, 0.001, 0.995, 0.007]"
98.92,98.96,Leeseo,0.9943207502365112,Leeseo,[0.994],"[0.085, 0.007, 0.002, 0.091, 0.001, 0.994, 0.005]"
98.96,99.0,Leeseo,0.9938275218009949,Leeseo,[0.994],"[0.087, 0.007, 0.002, 0.095, 0.001, 0.994, 0.004]"
99.0,99.04,Leeseo,0.993188738822937,Leeseo,[0.993],"[0.090, 0.006, 0.002, 0.097, 0.001, 0.993, 0.003]"
99.04,99.08,Leeseo,0.9923791885375977,Leeseo,[0.992],"[0.094, 0.006, 0.002, 0.099, 0.001, 0.992, 0.002]"
99.08,99.12,Leeseo,0.9913669228553772,Leeseo,[0.991],"[0.096, 0.006, 0.002, 0.099, 0.001, 0.991, 0.001]"
99.12,99.16,Leeseo,0.9901087284088135,Leeseo,[0.990],"[0.099, 0.006, 0.003, 0.098, 0.001, 0.990, 0.001]"
99.16,99.2,Leeseo,0.9885497689247131,Leeseo,[0.989],"[0.102, 0.006, 0.003, 0.096, 0.001, 0.989, 0.001]"
99.2,99.24,Leeseo,0.9866235852241516,Leeseo,[0.987],"[0.103, 0.007, 0.003, 0.093, 0.001, 0.987, 0.000]"
99.24,99.28,Leeseo,0.9842497706413269,Leeseo,[0.984],"[0.105, 0.007, 0.003, 0.090, 0.001, 0.984, 0.000]"
99.28,99.32,Leeseo,0.9813413619995117,Leeseo,[0.981],"[0.105, 0.007, 0.004, 0.085, 0.001, 0.981, 0.000]"
99.32,99.36,Leeseo,0.9778060913085938,Leeseo,[0.978],"[0.105, 0.008, 0.004, 0.080, 0.001, 0.978, 0.000]"
99.36,99.4,Leeseo,0.9735488295555115,Leeseo,[0.974],"[0.105, 0.008, 0.005, 0.075, 0.002, 0.974, 0.000]"
99.4,99.44,Leeseo,0.9684752225875854,Leeseo,[0.968],"[0.103, 0.009, 0.005, 0.069, 0.002, 0.968, 0.000]"
99.44,99.48,Leeseo,0.9625003337860107,Leeseo,[0.963],"[0.101, 0.010, 0.006, 0.064, 0.002, 0.963, 0.000]"
99.48,99.52,Leeseo,0.9555666446685791,Leeseo,[0.956],"[0.097, 0.011, 0.007, 0.058, 0.002, 0.956, 0.000]"
99.52,99.56,Leeseo,0.9476861357688904,Leeseo,[0.948],"[0.093, 0.012, 0.007, 0.053, 0.002, 0.948, 0.000]"
99.56,99.6,Leeseo,0.9389525651931763,Leeseo,[0.939],"[0.089, 0.013, 0.009, 0.048, 0.003, 0.939, 0.000]"
99.6,99.64,Leeseo,0.9295375347137451,Leeseo,[0.930],"[0.084, 0.015, 0.010, 0.044, 0.003, 0.930, 0.000]"
99.64,99.68,Leeseo,0.919680655002594,Leeseo,[0.920],"[0.078, 0.017, 0.011, 0.040, 0.003, 0.920, 0.000]"
99.68,99.72,Leeseo,0.9096929430961609,Leeseo,[0.910],"[0.072, 0.018, 0.012, 0.036, 0.003, 0.910, 0.000]"
99.72,99.76,Leeseo,0.899972140789032,Leeseo,[0.900],"[0.066, 0.020, 0.014, 0.033, 0.004, 0.900, 0.000]"
99.76,99.8,Leeseo,0.8909496068954468,Leeseo,[0.891],"[0.060, 0.021, 0.015, 0.030, 0.004, 0.891, 0.000]"
99.8,99.84,Leeseo,0.8830636739730835,Leeseo,[0.883],"[0.055, 0.023, 0.017, 0.028, 0.004, 0.883, 0.000]"
99.84,99.88,Leeseo,0.8766686320304871,Leeseo,[0.877],"[0.049, 0.024, 0.019, 0.026, 0.004, 0.877, 0.000]"
99.88,99.92,Leeseo,0.8720226883888245,Leeseo,[0.872],"[0.044, 0.026, 0.021, 0.024, 0.005, 0.872, 0.000]"
99.92,99.96,Leeseo,0.8692944645881653,Leeseo,[0.869],"[0.040, 0.026, 0.023, 0.023, 0.005, 0.869, 0.000]"
99.96,100.0,Leeseo,0.8685658574104309,Leeseo,[0.869],"[0.036, 0.027, 0.024, 0.022, 0.005, 0.869, 0.000]"
100.0,100.04,Leeseo,0.8698898553848267,Leeseo,[0.870],"[0.032, 0.027, 0.026, 0.021, 0.005, 0.870, 0.000]"
100.04,100.08,Leeseo,0.8732166290283203,Leeseo,[0.873],"[0.029, 0.027, 0.027, 0.021, 0.005, 0.873, 0.000]"
100.08,100.12,Leeseo,0.8783771395683289,Leeseo,[0.878],"[0.026, 0.027, 0.028, 0.020, 0.005, 0.878, 0.000]"
100.12,100.16,Leeseo,0.8850873112678528,Leeseo,[0.885],"[0.024, 0.026, 0.028, 0.020, 0.005, 0.885, 0.000]"
100.16,100.2,Leeseo,0.893005907535553,Leeseo,[0.893],"[0.022, 0.025, 0.028, 0.020, 0.005, 0.893, 0.000]"
100.2,100.24,Leeseo,0.9017400145530701,Leeseo,[0.902],"[0.020, 0.024, 0.028, 0.020, 0.005, 0.902, 0.000]"
100.24,100.28,Leeseo,0.91086345911026,Leeseo,[0.911],"[0.018, 0.024, 0.027, 0.020, 0.005, 0.911, 0.000]"
100.28,100.32,Leeseo,0.9199652075767517,Leeseo,[0.920],"[0.017, 0.023, 0.025, 0.020, 0.005, 0.920, 0.000]"
100.32,100.36,Leeseo,0.928714394569397,Leeseo,[0.929],"[0.016, 0.022, 0.024, 0.020, 0.005, 0.929, 0.001]"
100.36,100.4,Leeseo,0.9369086623191833,Leeseo,[0.937],"[0.015, 0.021, 0.022, 0.021, 0.005, 0.937, 0.001]"
100.4,100.44,Leeseo,0.9444276094436646,Leeseo,[0.944],"[0.014, 0.020, 0.020, 0.021, 0.005, 0.944, 0.001]"
100.44,100.48,Leeseo,0.9511868357658386,Leeseo,[0.951],"[0.014, 0.019, 0.017, 0.021, 0.005, 0.951, 0.001]"
100.48,100.52,Leeseo,0.957161545753479,Leeseo,[0.957],"[0.013, 0.019, 0.015, 0.022, 0.005, 0.957, 0.001]"
100.52,100.56,Leeseo,0.9623681306838989,Leeseo,[0.962],"[0.012, 0.018, 0.013, 0.022, 0.005, 0.962, 0.001]"
100.56,100.6,Leeseo,0.9668530821800232,Leeseo,[0.967],"[0.012, 0.018, 0.011, 0.022, 0.005, 0.967, 0.001]"
100.6,100.64,Leeseo,0.9706920385360718,Leeseo,[0.971],"[0.011, 0.017, 0.010, 0.022, 0.005, 0.971, 0.002]"
100.64,100.68,Leeseo,0.9739593863487244,Leeseo,[0.974],"[0.011, 0.017, 0.008, 0.022, 0.005, 0.974, 0.002]"
100.68,100.72,Leeseo,0.9767144918441772,Leeseo,[0.977],"[0.010, 0.017, 0.007, 0.021, 0.005, 0.977, 0.002]"
100.72,100.76,Leeseo,0.9790154695510864,Leeseo,[0.979],"[0.010, 0.017, 0.006, 0.021, 0.006, 0.979, 0.002]"
100.76,100.8,Leeseo,0.9809179306030273,Leeseo,[0.981],"[0.010, 0.018, 0.005, 0.020, 0.006, 0.981, 0.002]"
100.8,100.84,Leeseo,0.9824662208557129,Leeseo,[0.982],"[0.009, 0.018, 0.004, 0.019, 0.007, 0.982, 0.002]"
100.84,100.88,Leeseo,0.9836995601654053,Leeseo,[0.984],"[0.009, 0.018, 0.003, 0.018, 0.008, 0.984, 0.002]"
100.88,100.92,Leeseo,0.984645426273346,Leeseo,[0.985],"[0.009, 0.019, 0.003, 0.017, 0.009, 0.985, 0.002]"
100.92,100.96,Leeseo,0.9853248000144958,Leeseo,[0.985],"[0.009, 0.019, 0.002, 0.016, 0.010, 0.985, 0.002]"
100.96,101.0,Leeseo,0.9857500791549683,Leeseo,[0.986],"[0.009, 0.020, 0.002, 0.015, 0.012, 0.986, 0.002]"
101.0,101.04,Leeseo,0.9859317541122437,Leeseo,[0.986],"[0.009, 0.020, 0.002, 0.014, 0.014, 0.986, 0.002]"
101.04,101.08,Leeseo,0.985873818397522,Leeseo,[0.986],"[0.009, 0.021, 0.002, 0.013, 0.017, 0.986, 0.002]"
101.08,101.12,Leeseo,0.985572874546051,Leeseo,[0.986],"[0.009, 0.022, 0.002, 0.012, 0.020, 0.986, 0.002]"
101.12,101.16,Leeseo,0.9850170612335205,Leeseo,[0.985],"[0.009, 0.022, 0.001, 0.011, 0.024, 0.985, 0.002]"
101.16,101.2,Leeseo,0.9841815829277039,Leeseo,[0.984],"[0.010, 0.022, 0.001, 0.011, 0.028, 0.984, 0.002]"
101.2,101.24,Leeseo,0.983031153678894,Leeseo,[0.983],"[0.010, 0.023, 0.001, 0.010, 0.034, 0.983, 0.002]"
101.24,101.28,Leeseo,0.9815167188644409,Leeseo,[0.982],"[0.011, 0.023, 0.001, 0.010, 0.040, 0.982, 0.002]"
101.28,101.32,Leeseo,0.9795807003974915,Leeseo,[0.980],"[0.012, 0.023, 0.001, 0.009, 0.047, 0.980, 0.002]"
101.32,101.36,Leeseo,0.9771515727043152,Leeseo,[0.977],"[0.014, 0.022, 0.001, 0.009, 0.055, 0.977, 0.002]"
101.36,101.4,Leeseo,0.9741348028182983,Leeseo,[0.974],"[0.015, 0.021, 0.001, 0.009, 0.064, 0.974, 0.002]"
101.4,101.44,Leeseo,0.9704177379608154,Leeseo,[0.970],"[0.017, 0.020, 0.001, 0.009, 0.073, 0.970, 0.002]"
101.44,101.48,Leeseo,0.9658742547035217,Leeseo,[0.966],"[0.020, 0.019, 0.001, 0.009, 0.084, 0.966, 0.002]"
101.48,101.52,Leeseo,0.9603619575500488,Leeseo,[0.960],"[0.023, 0.018, 0.002, 0.009, 0.094, 0.960, 0.002]"
101.52,101.56,Leeseo,0.9537190794944763,Leeseo,[0.954],"[0.026, 0.016, 0.002, 0.010, 0.105, 0.954, 0.003]"
101.56,101.6,Leeseo,0.9457874894142151,Leeseo,[0.946],"[0.030, 0.015, 0.002, 0.010, 0.115, 0.946, 0.003]"
101.6,101.64,Leeseo,0.9364437460899353,Leeseo,[0.936],"[0.035, 0.013, 0.002, 0.011, 0.125, 0.936, 0.003]"
101.64,101.68,Leeseo,0.9256111979484558,Leeseo,[0.926],"[0.040, 0.011, 0.003, 0.011, 0.135, 0.926, 0.003]"
101.68,101.72,Leeseo,0.9132481217384338,Leeseo,[0.913],"[0.047, 0.010, 0.004, 0.012, 0.144, 0.913, 0.003]"
101.72,101.76,Leeseo,0.8993644714355469,Leeseo,[0.899],"[0.054, 0.008, 0.004, 0.013, 0.152, 0.899, 0.004]"
101.76,101.8,Leeseo,0.8840568661689758,Leeseo,[0.884],"[0.061, 0.007, 0.006, 0.014, 0.159, 0.884, 0.004]"
101.8,101.84,Leeseo,0.8674607276916504,Leeseo,[0.867],"[0.070, 0.006, 0.007, 0.016, 0.164, 0.867, 0.004]"
101.84,101.88,Leeseo,0.8497598171234131,Leeseo,[0.850],"[0.079, 0.005, 0.010, 0.017, 0.168, 0.850, 0.005]"
101.88,101.92,Leeseo,0.8311590552330017,Leeseo,[0.831],"[0.088, 0.004, 0.013, 0.019, 0.170, 0.831, 0.005]"
101.92,101.96,Leeseo,0.811898946762085,Leeseo,[0.812],"[0.097, 0.003, 0.017, 0.020, 0.169, 0.812, 0.006]"
101.96,102.0,Leeseo,0.7922648787498474,Leeseo,[0.792],"[0.106, 0.002, 0.024, 0.022, 0.167, 0.792, 0.007]"
102.0,102.04,Leeseo,0.772578775882721,Leeseo,[0.773],"[0.114, 0.002, 0.032, 0.023, 0.163, 0.773, 0.008]"
102.04,102.08,Leeseo,0.7531880140304565,Leeseo,[0.753],"[0.123, 0.002, 0.044, 0.025, 0.158, 0.753, 0.009]"
102.08,102.12,Leeseo,0.7344298958778381,Leeseo,[0.734],"[0.130, 0.001, 0.061, 0.027, 0.151, 0.734, 0.010]"
102.12,102.16,Leeseo,0.7165245413780212,Leeseo,[0.717],"[0.137, 0.001, 0.083, 0.028, 0.142, 0.717, 0.012]"
102.16,102.2,Leeseo,0.6995717883110046,Leeseo,[0.700],"[0.144, 0.001, 0.113, 0.029, 0.133, 0.700, 0.014]"
102.2,102.24,Leeseo,0.6836621761322021,Leeseo,[0.684],"[0.149, 0.001, 0.151, 0.031, 0.123, 0.684, 0.017]"
102.24,102.28,Leeseo,0.6689289212226868,Leeseo,[0.669],"[0.154, 0.001, 0.198, 0.031, 0.113, 0.669, 0.021]"
102.28,102.32,Leeseo,0.6554936766624451,Leeseo,[0.655],"[0.158, 0.001, 0.255, 0.032, 0.103, 0.655, 0.025]"
102.32,102.36,Leeseo,0.6434437036514282,Leeseo,[0.643],"[0.163, 0.000, 0.321, 0.033, 0.092, 0.643, 0.031]"
102.36,102.4,Leeseo,0.6327256560325623,Leeseo,[0.633],"[0.167, 0.000, 0.391, 0.033, 0.082, 0.633, 0.038]"
102.4,102.44,Leeseo,0.6232160925865173,Leeseo,[0.623],"[0.171, 0.000, 0.465, 0.032, 0.073, 0.623, 0.047]"
102.44,102.48,Leeseo,0.6148185133934021,Leeseo,[0.615],"[0.177, 0.000, 0.537, 0.032, 0.064, 0.615, 0.058]"
102.48,102.52,Leeseo,0.6073787808418274,Leeseo,[0.607],"[0.184, 0.000, 0.604, 0.031, 0.056, 0.607, 0.072]"
102.52,102.56,Rei,0.6647351980209351,Rei|Leeseo,"[0.665, 0.601]","[0.192, 0.000, 0.665, 0.030, 0.048, 0.601, 0.089]"
102.56,102.6,Rei,0.717376708984375,Rei|Leeseo,"[0.717, 0.595]","[0.203, 0.000, 0.717, 0.029, 0.042, 0.595, 0.109]"
102.6,102.64,Rei,0.7620249390602112,Rei|Leeseo,"[0.762, 0.589]","[0.216, 0.000, 0.762, 0.028, 0.036, 0.589, 0.134]"
102.64,102.68,Rei,0.7992352843284607,Rei|Leeseo,"[0.799, 0.582]","[0.231, 0.000, 0.799, 0.027, 0.030, 0.582, 0.164]"
102.68,102.72,Rei,0.8299708962440491,Rei,[0.830],"[0.250, 0.000, 0.830, 0.026, 0.026, 0.576, 0.198]"
102.72,102.76,Rei,0.855265736579895,Rei,[0.855],"[0.270, 0.000, 0.855, 0.025, 0.022, 0.568, 0.235]"
102.76,102.8,Rei,0.8760862350463867,Rei,[0.876],"[0.294, 0.000, 0.876, 0.024, 0.019, 0.560, 0.275]"
102.8,102.84,Rei,0.8932920098304749,Rei,[0.893],"[0.319, 0.000, 0.893, 0.022, 0.016, 0.550, 0.317]"
102.84,102.88,Rei,0.9076225757598877,Rei,[0.908],"[0.346, 0.000, 0.908, 0.022, 0.014, 0.539, 0.360]"
102.88,102.92,Rei,0.9197026491165161,Rei,[0.920],"[0.373, 0.000, 0.920, 0.021, 0.012, 0.526, 0.400]"
102.92,102.96,Rei,0.9300063252449036,Rei,[0.930],"[0.400, 0.000, 0.930, 0.020, 0.010, 0.512, 0.438]"
102.96,103.0,Rei,0.9388861656188965,Rei,[0.939],"[0.426, 0.000, 0.939, 0.019, 0.009, 0.496, 0.470]"
103.0,103.04,Rei,0.9465947151184082,Rei,[0.947],"[0.451, 0.000, 0.947, 0.019, 0.008, 0.478, 0.497]"
103.04,103.08,Rei,0.9533247947692871,Rei,[0.953],"[0.472, 0.000, 0.953, 0.018, 0.007, 0.459, 0.518]"
103.08,103.12,Rei,0.9592236876487732,Rei,[0.959],"[0.491, 0.000, 0.959, 0.018, 0.006, 0.438, 0.532]"
103.12,103.16,Rei,0.9644191861152649,Rei,[0.964],"[0.505, 0.000, 0.964, 0.017, 0.006, 0.417, 0.539]"
103.16,103.2,Rei,0.9690011143684387,Rei,[0.969],"[0.516, 0.000, 0.969, 0.017, 0.005, 0.394, 0.539]"
103.2,103.24,Rei,0.9730306267738342,Rei,[0.973],"[0.521, 0.000, 0.973, 0.016, 0.005, 0.370, 0.532]"
103.24,103.28,Rei,0.9765522480010986,Rei,[0.977],"[0.522, 0.000, 0.977, 0.016, 0.004, 0.346, 0.519]"
103.28,103.32,Rei,0.9796069264411926,Rei,[0.980],"[0.518, 0.000, 0.980, 0.016, 0.004, 0.321, 0.499]"
103.32,103.36,Rei,0.9822351336479187,Rei,[0.982],"[0.508, 0.000, 0.982, 0.015, 0.004, 0.297, 0.474]"
103.36,103.4,Rei,0.9844785928726196,Rei,[0.984],"[0.493, 0.000, 0.984, 0.015, 0.004, 0.274, 0.443]"
103.4,103.44,Rei,0.9863778352737427,Rei,[0.986],"[0.474, 0.000, 0.986, 0.014, 0.004, 0.252, 0.408]"
103.44,103.48,Rei,0.9879758954048157,Rei,[0.988],"[0.450, 0.000, 0.988, 0.014, 0.003, 0.231, 0.370]"
103.48,103.52,Rei,0.9893074631690979,Rei,[0.989],"[0.423, 0.000, 0.989, 0.013, 0.003, 0.212, 0.330]"
103.52,103.56,Rei,0.990404486656189,Rei,[0.990],"[0.392, 0.000, 0.990, 0.013, 0.003, 0.194, 0.291]"
103.56,103.6,Rei,0.9912949800491333,Rei,[0.991],"[0.358, 0.000, 0.991, 0.012, 0.003, 0.178, 0.253]"
103.6,103.64,Rei,0.9920051693916321,Rei,[0.992],"[0.324, 0.000, 0.992, 0.012, 0.003, 0.164, 0.219]"
103.64,103.68,Rei,0.9925568103790283,Rei,[0.993],"[0.289, 0.001, 0.993, 0.011, 0.003, 0.152, 0.189]"
103.68,103.72,Rei,0.9929676055908203,Rei,[0.993],"[0.254, 0.001, 0.993, 0.011, 0.003, 0.141, 0.162]"
103.72,103.76,Rei,0.9932483434677124,Rei,[0.993],"[0.221, 0.001, 0.993, 0.010, 0.003, 0.131, 0.140]"
103.76,103.8,Rei,0.9934052228927612,Rei,[0.993],"[0.191, 0.001, 0.993, 0.010, 0.003, 0.123, 0.122]"
103.8,103.84,Rei,0.9934399724006653,Rei,[0.993],"[0.163, 0.001, 0.993, 0.009, 0.003, 0.115, 0.106]"
103.84,103.88,Rei,0.9933499693870544,Rei,[0.993],"[0.138, 0.001, 0.993, 0.009, 0.003, 0.109, 0.094]"
103.88,103.92,Rei,0.993127703666687,Rei,[0.993],"[0.116, 0.001, 0.993, 0.008, 0.004, 0.103, 0.084]"
103.92,103.96,Rei,0.9927595853805542,Rei,[0.993],"[0.097, 0.001, 0.993, 0.008, 0.004, 0.097, 0.076]"
103.96,104.0,Rei,0.992223858833313,Rei,[0.992],"[0.081, 0.002, 0.992, 0.007, 0.004, 0.093, 0.069]"
104.0,104.04,Rei,0.9914928078651428,Rei,[0.991],"[0.067, 0.002, 0.991, 0.007, 0.004, 0.088, 0.063]"
104.04,104.08,Rei,0.9905368685722351,Rei,[0.991],"[0.055, 0.002, 0.991, 0.006, 0.005, 0.084, 0.059]"
104.08,104.12,Rei,0.9893239140510559,Rei,[0.989],"[0.046, 0.003, 0.989, 0.006, 0.005, 0.081, 0.055]"
104.12,104.16,Rei,0.9878133535385132,Rei,[0.988],"[0.037, 0.003, 0.988, 0.005, 0.006, 0.077, 0.052]"
104.16,104.2,Rei,0.985959529876709,Rei,[0.986],"[0.031, 0.003, 0.986, 0.005, 0.006, 0.074, 0.050]"
104.2,104.24,Rei,0.9837117791175842,Rei,[0.984],"[0.025, 0.004, 0.984, 0.005, 0.007, 0.071, 0.049]"
104.24,104.28,Rei,0.9810216426849365,Rei,[0.981],"[0.021, 0.004, 0.981, 0.004, 0.008, 0.068, 0.048]"
104.28,104.32,Rei,0.9778459668159485,Rei,[0.978],"[0.017, 0.004, 0.978, 0.004, 0.010, 0.065, 0.048]"
104.32,104.36,Rei,0.9741602540016174,Rei,[0.974],"[0.014, 0.004, 0.974, 0.004, 0.011, 0.062, 0.048]"
104.36,104.4,Rei,0.9699697494506836,Rei,[0.970],"[0.011, 0.005, 0.970, 0.003, 0.013, 0.059, 0.049]"
104.4,104.44,Rei,0.9653271436691284,Rei,[0.965],"[0.009, 0.005, 0.965, 0.003, 0.016, 0.057, 0.051]"
104.44,104.48,Rei,0.960345447063446,Rei,[0.960],"[0.007, 0.005, 0.960, 0.003, 0.019, 0.054, 0.053]"
104.48,104.52,Rei,0.9551915526390076,Rei,[0.955],"[0.006, 0.005, 0.955, 0.002, 0.023, 0.052, 0.057]"
104.52,104.56,Rei,0.9500834345817566,Rei,[0.950],"[0.005, 0.005, 0.950, 0.002, 0.027, 0.049, 0.062]"
104.56,104.6,Rei,0.9452731013298035,Rei,[0.945],"[0.004, 0.005, 0.945, 0.002, 0.032, 0.047, 0.068]"
104.6,104.64,Rei,0.9410206079483032,Rei,[0.941],"[0.003, 0.004, 0.941, 0.002, 0.037, 0.045, 0.076]"
104.64,104.68,Rei,0.9375492930412292,Rei,[0.938],"[0.002, 0.004, 0.938, 0.002, 0.043, 0.043, 0.087]"
104.68,104.72,Rei,0.9349981546401978,Rei,[0.935],"[0.002, 0.004, 0.935, 0.002, 0.049, 0.041, 0.101]"
104.72,104.76,Rei,0.9334611296653748,Rei,[0.933],"[0.002, 0.004, 0.933, 0.002, 0.055, 0.039, 0.120]"
104.76,104.8,Rei,0.9329718351364136,Rei,[0.933],"[0.001, 0.003, 0.933, 0.001, 0.062, 0.038, 0.146]"
104.8,104.84,Rei,0.9335084557533264,Rei,[0.934],"[0.001, 0.003, 0.934, 0.001, 0.067, 0.036, 0.180]"
104.84,104.88,Rei,0.9349942803382874,Rei,[0.935],"[0.001, 0.003, 0.935, 0.001, 0.072, 0.035, 0.226]"
104.88,104.92,Rei,0.9372795820236206,Rei,[0.937],"[0.001, 0.002, 0.937, 0.001, 0.077, 0.033, 0.285]"
104.92,104.96,Rei,0.940194308757782,Rei,[0.940],"[0.001, 0.002, 0.940, 0.001, 0.080, 0.032, 0.360]"
104.96,105.0,Rei,0.943552553653717,Rei,[0.944],"[0.001, 0.002, 0.944, 0.001, 0.083, 0.031, 0.450]"
105.0,105.04,Rei,0.9471732974052429,Rei,[0.947],"[0.000, 0.002, 0.947, 0.001, 0.084, 0.030, 0.551]"
105.04,105.08,Rei,0.9508848190307617,Rei|silence,"[0.951, 0.653]","[0.000, 0.001, 0.951, 0.001, 0.085, 0.029, 0.653]"
105.08,105.12,Rei,0.954535961151123,Rei|silence,"[0.955, 0.748]","[0.000, 0.001, 0.955, 0.001, 0.084, 0.028, 0.748]"
105.12,105.16,Rei,0.9579974412918091,Rei|silence,"[0.958, 0.828]","[0.000, 0.001, 0.958, 0.001, 0.083, 0.028, 0.828]"
105.16,105.2,Rei,0.961175262928009,Rei|silence,"[0.961, 0.888]","[0.000, 0.001, 0.961, 0.002, 0.081, 0.027, 0.888]"
105.2,105.24,Rei,0.9640070199966431,Rei|silence,"[0.964, 0.930]","[0.000, 0.001, 0.964, 0.002, 0.079, 0.027, 0.930]"
105.24,105.28,Rei,0.9664607644081116,Rei|silence,"[0.966, 0.957]","[0.000, 0.001, 0.966, 0.002, 0.076, 0.026, 0.957]"
105.28,105.32,silence,0.974665641784668,Rei|silence,"[0.969, 0.975]","[0.000, 0.000, 0.969, 0.002, 0.073, 0.026, 0.975]"
105.32,105.36,silence,0.985082745552063,Rei|silence,"[0.970, 0.985]","[0.000, 0.000, 0.970, 0.002, 0.070, 0.026, 0.985]"
105.36,105.4,silence,0.991253674030304,Rei|silence,"[0.972, 0.991]","[0.000, 0.000, 0.972, 0.002, 0.067, 0.026, 0.991]"
105.4,105.44,silence,0.9948610663414001,Rei|silence,"[0.973, 0.995]","[0.000, 0.000, 0.973, 0.003, 0.063, 0.026, 0.995]"
105.44,105.48,silence,0.9969576597213745,Rei|silence,"[0.973, 0.997]","[0.000, 0.000, 0.973, 0.003, 0.060, 0.027, 0.997]"
105.48,105.52,silence,0.9981765747070312,Rei|silence,"[0.974, 0.998]","[0.000, 0.000, 0.974, 0.004, 0.057, 0.027, 0.998]"
105.52,105.56,silence,0.9988880753517151,Rei|silence,"[0.974, 0.999]","[0.000, 0.000, 0.974, 0.004, 0.055, 0.028, 0.999]"
105.56,105.6,silence,0.9993067979812622,Rei|silence,"[0.974, 0.999]","[0.000, 0.000, 0.974, 0.005, 0.052, 0.029, 0.999]"
105.6,105.64,silence,0.9995564818382263,Rei|silence,"[0.973, 1.000]","[0.000, 0.000, 0.973, 0.005, 0.050, 0.030, 1.000]"
105.64,105.68,silence,0.9997078776359558,Rei|silence,"[0.973, 1.000]","[0.000, 0.000, 0.973, 0.006, 0.047, 0.031, 1.000]"
105.68,105.72,silence,0.9998014569282532,Rei|silence,"[0.972, 1.000]","[0.000, 0.000, 0.972, 0.007, 0.045, 0.032, 1.000]"
105.72,105.76,silence,0.999860405921936,Rei|silence,"[0.971, 1.000]","[0.000, 0.000, 0.971, 0.008, 0.043, 0.033, 1.000]"
105.76,105.8,silence,0.9998985528945923,Rei|silence,"[0.970, 1.000]","[0.000, 0.000, 0.970, 0.008, 0.041, 0.035, 1.000]"
105.8,105.84,silence,0.999923586845398,Rei|silence,"[0.968, 1.000]","[0.000, 0.000, 0.968, 0.009, 0.039, 0.036, 1.000]"
105.84,105.88,silence,0.9999403953552246,Rei|silence,"[0.966, 1.000]","[0.000, 0.000, 0.966, 0.010, 0.038, 0.038, 1.000]"
105.88,105.92,silence,0.999951958656311,Rei|silence,"[0.964, 1.000]","[0.000, 0.000, 0.964, 0.012, 0.036, 0.039, 1.000]"
105.92,105.96,silence,0.9999598264694214,Rei|silence,"[0.961, 1.000]","[0.000, 0.000, 0.961, 0.013, 0.034, 0.041, 1.000]"
105.96,106.0,silence,0.9999651908874512,Rei|silence,"[0.958, 1.000]","[0.000, 0.000, 0.958, 0.014, 0.032, 0.043, 1.000]"
106.0,106.04,silence,0.9999688863754272,Rei|silence,"[0.955, 1.000]","[0.001, 0.000, 0.955, 0.015, 0.031, 0.044, 1.000]"
106.04,106.08,silence,0.9999713897705078,Rei|silence,"[0.952, 1.000]","[0.001, 0.000, 0.952, 0.016, 0.029, 0.046, 1.000]"
106.08,106.12,silence,0.9999727010726929,Rei|silence,"[0.948, 1.000]","[0.001, 0.000, 0.948, 0.017, 0.028, 0.047, 1.000]"
106.12,106.16,silence,0.9999732971191406,Rei|silence,"[0.944, 1.000]","[0.001, 0.000, 0.944, 0.019, 0.026, 0.048, 1.000]"
106.16,106.2,silence,0.999972939491272,Rei|silence,"[0.940, 1.000]","[0.001, 0.000, 0.940, 0.020, 0.024, 0.049, 1.000]"
106.2,106.24,silence,0.9999717473983765,Rei|silence,"[0.935, 1.000]","[0.001, 0.000, 0.935, 0.021, 0.023, 0.049, 1.000]"
106.24,106.28,silence,0.9999697208404541,Rei|silence,"[0.930, 1.000]","[0.001, 0.000, 0.930, 0.022, 0.021, 0.049, 1.000]"
106.28,106.32,silence,0.9999666213989258,Rei|silence,"[0.925, 1.000]","[0.001, 0.000, 0.925, 0.023, 0.020, 0.048, 1.000]"
106.32,106.36,silence,0.9999620914459229,Rei|silence,"[0.919, 1.000]","[0.001, 0.000, 0.919, 0.024, 0.019, 0.047, 1.000]"
106.36,106.4,silence,0.9999556541442871,Rei|silence,"[0.914, 1.000]","[0.001, 0.000, 0.914, 0.025, 0.017, 0.045, 1.000]"
106.4,106.44,silence,0.9999465942382812,Rei|silence,"[0.908, 1.000]","[0.001, 0.000, 0.908, 0.025, 0.016, 0.043, 1.000]"
106.44,106.48,silence,0.9999337196350098,Rei|silence,"[0.903, 1.000]","[0.001, 0.000, 0.903, 0.026, 0.015, 0.041, 1.000]"
106.48,106.52,silence,0.9999152421951294,Rei|silence,"[0.898, 1.000]","[0.001, 0.000, 0.898, 0.027, 0.014, 0.038, 1.000]"
106.52,106.56,silence,0.9998883008956909,Rei|silence,"[0.892, 1.000]","[0.001, 0.000, 0.892, 0.028, 0.013, 0.035, 1.000]"
106.56,106.6,silence,0.9998483657836914,Rei|silence,"[0.887, 1.000]","[0.001, 0.000, 0.887, 0.029, 0.012, 0.032, 1.000]"
106.6,106.64,silence,0.9997878670692444,Rei|silence,"[0.882, 1.000]","[0.001, 0.000, 0.882, 0.030, 0.012, 0.029, 1.000]"
106.64,106.68,silence,0.9996943473815918,Rei|silence,"[0.878, 1.000]","[0.001, 0.001, 0.878, 0.031, 0.011, 0.027, 1.000]"
106.68,106.72,silence,0.999546229839325,Rei|silence,"[0.873, 1.000]","[0.001, 0.001, 0.873, 0.031, 0.011, 0.024, 1.000]"
106.72,106.76,silence,0.9993062019348145,Rei|silence,"[0.870, 0.999]","[0.001, 0.001, 0.870, 0.032, 0.010, 0.021, 0.999]"
106.76,106.8,silence,0.9989076852798462,Rei|silence,"[0.866, 0.999]","[0.001, 0.001, 0.866, 0.033, 0.010, 0.019, 0.999]"
106.8,106.84,silence,0.9982311129570007,Rei|silence,"[0.863, 0.998]","[0.001, 0.001, 0.863, 0.033, 0.010, 0.017, 0.998]"
106.84,106.88,silence,0.9970587491989136,Rei|silence,"[0.861, 0.997]","[0.001, 0.001, 0.861, 0.033, 0.010, 0.015, 0.997]"
106.88,106.92,silence,0.9949939846992493,Rei|silence,"[0.859, 0.995]","[0.001, 0.002, 0.859, 0.033, 0.010, 0.013, 0.995]"
106.92,106.96,silence,0.9913135170936584,Rei|silence,"[0.857, 0.991]","[0.001, 0.002, 0.857, 0.033, 0.009, 0.012, 0.991]"
106.96,107.0,silence,0.984718918800354,Rei|silence,"[0.855, 0.985]","[0.001, 0.002, 0.855, 0.033, 0.009, 0.011, 0.985]"
107.0,107.04,silence,0.9729371666908264,Rei|silence,"[0.853, 0.973]","[0.001, 0.002, 0.853, 0.033, 0.009, 0.010, 0.973]"
107.04,107.08,silence,0.9521549344062805,Rei|silence,"[0.852, 0.952]","[0.001, 0.003, 0.852, 0.032, 0.010, 0.009, 0.952]"
107.08,107.12,silence,0.9165551662445068,Rei|silence,"[0.850, 0.917]","[0.001, 0.003, 0.850, 0.031, 0.010, 0.008, 0.917]"
107.12,107.16,silence,0.8586658239364624,Rei|silence,"[0.849, 0.859]","[0.001, 0.003, 0.849, 0.030, 0.010, 0.008, 0.859]"
107.16,107.2,Rei,0.8470996022224426,Rei|silence,"[0.847, 0.772]","[0.001, 0.004, 0.847, 0.029, 0.010, 0.008, 0.772]"
107.2,107.24,Rei,0.845569372177124,Rei|silence,"[0.846, 0.656]","[0.001, 0.004, 0.846, 0.028, 0.010, 0.007, 0.656]"
107.24,107.28,Rei,0.8440167307853699,Rei,[0.844],"[0.001, 0.004, 0.844, 0.027, 0.010, 0.007, 0.522]"
107.28,107.32,Rei,0.8424128293991089,Rei,[0.842],"[0.001, 0.004, 0.842, 0.026, 0.011, 0.007, 0.390]"
107.32,107.36,Rei,0.8407306671142578,Rei,[0.841],"[0.001, 0.005, 0.841, 0.024, 0.011, 0.007, 0.278]"
107.36,107.4,Rei,0.8388401865959167,Rei,[0.839],"[0.001, 0.005, 0.839, 0.023, 0.011, 0.007, 0.192]"
107.4,107.44,Rei,0.8365643620491028,Rei,[0.837],"[0.001, 0.006, 0.837, 0.021, 0.012, 0.007, 0.133]"
107.44,107.48,Rei,0.8337180018424988,Rei,[0.834],"[0.001, 0.006, 0.834, 0.020, 0.012, 0.008, 0.092]"
107.48,107.52,Rei,0.830133855342865,Rei,[0.830],"[0.001, 0.006, 0.830, 0.019, 0.013, 0.008, 0.066]"
107.52,107.56,Rei,0.8256548047065735,Rei,[0.826],"[0.001, 0.007, 0.826, 0.018, 0.013, 0.008, 0.049]"
107.56,107.6,Rei,0.8200985789299011,Rei,[0.820],"[0.001, 0.008, 0.820, 0.016, 0.014, 0.009, 0.037]"
107.6,107.64,Rei,0.8133302927017212,Rei,[0.813],"[0.001, 0.009, 0.813, 0.015, 0.014, 0.009, 0.030]"
107.64,107.68,Rei,0.805243194103241,Rei,[0.805],"[0.002, 0.010, 0.805, 0.014, 0.015, 0.010, 0.024]"
107.68,107.72,Rei,0.7957243919372559,Rei,[0.796],"[0.002, 0.011, 0.796, 0.013, 0.016, 0.010, 0.021]"
107.72,107.76,Rei,0.784691333770752,Rei,[0.785],"[0.002, 0.013, 0.785, 0.012, 0.016, 0.011, 0.019]"
107.76,107.8,Rei,0.7720816135406494,Rei,[0.772],"[0.002, 0.015, 0.772, 0.012, 0.017, 0.011, 0.017]"
107.8,107.84,Rei,0.7578312158584595,Rei,[0.758],"[0.002, 0.018, 0.758, 0.011, 0.018, 0.012, 0.016]"
107.84,107.88,Rei,0.7418796420097351,Rei,[0.742],"[0.002, 0.021, 0.742, 0.010, 0.019, 0.013, 0.016]"
107.88,107.92,Rei,0.7241564393043518,Rei,[0.724],"[0.002, 0.024, 0.724, 0.010, 0.019, 0.014, 0.016]"
107.92,107.96,Rei,0.7046460509300232,Rei,[0.705],"[0.002, 0.028, 0.705, 0.009, 0.020, 0.015, 0.016]"
107.96,108.0,Rei,0.6833873987197876,Rei,[0.683],"[0.002, 0.033, 0.683, 0.009, 0.021, 0.016, 0.016]"
108.0,108.04,Rei,0.6605253219604492,Rei,[0.661],"[0.002, 0.038, 0.661, 0.009, 0.022, 0.017, 0.016]"
108.04,108.08,Rei,0.6362736821174622,Rei,[0.636],"[0.002, 0.044, 0.636, 0.008, 0.023, 0.018, 0.017]"
108.08,108.12,Rei,0.6110472679138184,Rei,[0.611],"[0.002, 0.051, 0.611, 0.008, 0.024, 0.020, 0.017]"
108.12,108.16,Rei,0.585366427898407,Rei,[0.585],"[0.002, 0.058, 0.585, 0.008, 0.025, 0.022, 0.018]"
108.16,108.2,Rei,0.5597587823867798,,[],"[0.002, 0.064, 0.560, 0.008, 0.026, 0.024, 0.018]"
108.2,108.24,Rei,0.5345181822776794,,[],"[0.002, 0.071, 0.535, 0.008, 0.028, 0.027, 0.019]"
108.24,108.28,Rei,0.5097413063049316,,[],"[0.002, 0.078, 0.510, 0.008, 0.029, 0.030, 0.019]"
108.28,108.32,Rei,0.48540258407592773,,[],"[0.003, 0.084, 0.485, 0.008, 0.030, 0.034, 0.020]"
108.32,108.36,Rei,0.4613402485847473,,[],"[0.003, 0.089, 0.461, 0.008, 0.031, 0.038, 0.020]"
108.36,108.4,Rei,0.43739578127861023,,[],"[0.003, 0.092, 0.437, 0.008, 0.032, 0.043, 0.020]"
108.4,108.44,Rei,0.41343697905540466,,[],"[0.003, 0.095, 0.413, 0.008, 0.033, 0.048, 0.020]"
108.44,108.48,Rei,0.38943105936050415,,[],"[0.004, 0.096, 0.389, 0.008, 0.034, 0.054, 0.019]"
108.48,108.52,Rei,0.36541318893432617,,[],"[0.005, 0.096, 0.365, 0.008, 0.035, 0.061, 0.019]"
108.52,108.56,Rei,0.3414710760116577,,[],"[0.005, 0.094, 0.341, 0.008, 0.035, 0.068, 0.018]"
108.56,108.6,Rei,0.3176709711551666,,[],"[0.006, 0.091, 0.318, 0.008, 0.036, 0.077, 0.017]"
108.6,108.64,Rei,0.2940386235713959,,[],"[0.007, 0.087, 0.294, 0.009, 0.036, 0.086, 0.016]"
108.64,108.68,Rei,0.27066200971603394,,[],"[0.008, 0.082, 0.271, 0.009, 0.037, 0.097, 0.016]"
108.68,108.72,Rei,0.24759960174560547,,[],"[0.010, 0.076, 0.248, 0.009, 0.037, 0.109, 0.015]"
108.72,108.76,Rei,0.224976047873497,,[],"[0.011, 0.069, 0.225, 0.009, 0.037, 0.123, 0.014]"
108.76,108.8,Rei,0.2030048668384552,,[],"[0.013, 0.063, 0.203, 0.009, 0.037, 0.138, 0.013]"
108.8,108.84,Rei,0.18193398416042328,,[],"[0.015, 0.057, 0.182, 0.009, 0.037, 0.154, 0.013]"
108.84,108.88,Leeseo,0.1712074875831604,,[],"[0.018, 0.050, 0.162, 0.009, 0.037, 0.171, 0.012]"
108.88,108.92,Leeseo,0.18970321118831635,,[],"[0.020, 0.044, 0.143, 0.010, 0.037, 0.190, 0.012]"
108.92,108.96,Leeseo,0.20910215377807617,,[],"[0.022, 0.039, 0.126, 0.010, 0.036, 0.209, 0.011]"
108.96,109.0,Leeseo,0.22914305329322815,,[],"[0.025, 0.034, 0.111, 0.010, 0.036, 0.229, 0.011]"
109.0,109.04,Leeseo,0.2495468705892563,,[],"[0.027, 0.030, 0.097, 0.010, 0.036, 0.250, 0.011]"
109.04,109.08,Leeseo,0.26999711990356445,,[],"[0.028, 0.026, 0.085, 0.010, 0.036, 0.270, 0.011]"
109.08,109.12,Leeseo,0.29016003012657166,,[],"[0.030, 0.023, 0.075, 0.010, 0.035, 0.290, 0.011]"
109.12,109.16,Leeseo,0.3097086250782013,,[],"[0.031, 0.020, 0.065, 0.009, 0.035, 0.310, 0.012]"
109.16,109.2,Leeseo,0.32831311225891113,,[],"[0.031, 0.017, 0.057, 0.009, 0.035, 0.328, 0.013]"
109.2,109.24,Leeseo,0.3456574082374573,,[],"[0.031, 0.015, 0.051, 0.009, 0.034, 0.346, 0.014]"
109.24,109.28,Leeseo,0.36146536469459534,,[],"[0.030, 0.013, 0.045, 0.009, 0.034, 0.361, 0.015]"
109.28,109.32,Leeseo,0.3754892945289612,,[],"[0.029, 0.011, 0.040, 0.009, 0.034, 0.375, 0.017]"
109.32,109.36,Leeseo,0.3874913454055786,,[],"[0.027, 0.010, 0.036, 0.009, 0.033, 0.387, 0.020]"
109.36,109.4,Leeseo,0.39727139472961426,,[],"[0.025, 0.009, 0.032, 0.008, 0.032, 0.397, 0.024]"
109.4,109.44,Leeseo,0.4045789837837219,,[],"[0.023, 0.008, 0.030, 0.008, 0.032, 0.405, 0.028]"
109.44,109.48,Leeseo,0.4092300832271576,,[],"[0.020, 0.007, 0.028, 0.008, 0.031, 0.409, 0.035]"
109.48,109.52,Leeseo,0.4111199676990509,,[],"[0.018, 0.006, 0.026, 0.008, 0.030, 0.411, 0.044]"
109.52,109.56,Leeseo,0.41021308302879333,,[],"[0.016, 0.005, 0.025, 0.008, 0.029, 0.410, 0.056]"
109.56,109.6,Leeseo,0.4065691828727722,,[],"[0.014, 0.005, 0.024, 0.007, 0.028, 0.407, 0.072]"
109.6,109.64,Leeseo,0.4003267288208008,,[],"[0.012, 0.004, 0.024, 0.007, 0.027, 0.400, 0.094]"
109.64,109.68,Leeseo,0.39163920283317566,,[],"[0.010, 0.004, 0.024, 0.007, 0.026, 0.392, 0.122]"
109.68,109.72,Leeseo,0.380582720041275,,[],"[0.009, 0.003, 0.025, 0.007, 0.025, 0.381, 0.159]"
109.72,109.76,Leeseo,0.3671022951602936,,[],"[0.007, 0.003, 0.026, 0.007, 0.024, 0.367, 0.207]"
109.76,109.8,Leeseo,0.3512541353702545,,[],"[0.006, 0.003, 0.028, 0.007, 0.023, 0.351, 0.265]"
109.8,109.84,silence,0.3356536030769348,,[],"[0.006, 0.002, 0.031, 0.007, 0.022, 0.333, 0.336]"
109.84,109.88,silence,0.41635680198669434,,[],"[0.005, 0.002, 0.035, 0.007, 0.021, 0.313, 0.416]"
109.88,109.92,silence,0.5040055513381958,,[],"[0.004, 0.002, 0.039, 0.007, 0.021, 0.292, 0.504]"
109.92,109.96,silence,0.5934142470359802,,[],"[0.004, 0.002, 0.046, 0.008, 0.020, 0.269, 0.593]"
109.96,110.0,silence,0.6787852048873901,silence,[0.679],"[0.003, 0.001, 0.054, 0.008, 0.019, 0.246, 0.679]"
110.0,110.04,silence,0.7548663020133972,silence,[0.755],"[0.003, 0.001, 0.064, 0.008, 0.019, 0.223, 0.755]"
110.04,110.08,silence,0.8185706734657288,silence,[0.819],"[0.003, 0.001, 0.077, 0.009, 0.018, 0.200, 0.819]"
110.08,110.12,silence,0.8691046237945557,silence,[0.869],"[0.003, 0.001, 0.093, 0.009, 0.018, 0.179, 0.869]"
110.12,110.16,silence,0.907438337802887,silence,[0.907],"[0.002, 0.001, 0.112, 0.010, 0.018, 0.159, 0.907]"
110.16,110.2,silence,0.9354920983314514,silence,[0.935],"[0.002, 0.001, 0.134, 0.011, 0.017, 0.141, 0.935]"
110.2,110.24,silence,0.9554815292358398,silence,[0.955],"[0.002, 0.001, 0.160, 0.012, 0.017, 0.125, 0.955]"
110.24,110.28,silence,0.9694409966468811,silence,[0.969],"[0.002, 0.001, 0.190, 0.013, 0.018, 0.111, 0.969]"
110.28,110.32,silence,0.9790682792663574,silence,[0.979],"[0.002, 0.001, 0.224, 0.014, 0.018, 0.099, 0.979]"
110.32,110.36,silence,0.9856626391410828,silence,[0.986],"[0.002, 0.001, 0.260, 0.016, 0.018, 0.089, 0.986]"
110.36,110.4,silence,0.9901635050773621,silence,[0.990],"[0.002, 0.001, 0.300, 0.017, 0.019, 0.080, 0.990]"
110.4,110.44,silence,0.9932321310043335,silence,[0.993],"[0.002, 0.001, 0.342, 0.019, 0.020, 0.073, 0.993]"
110.44,110.48,silence,0.9953269958496094,silence,[0.995],"[0.002, 0.001, 0.385, 0.021, 0.021, 0.067, 0.995]"
110.48,110.52,silence,0.9967603087425232,silence,[0.997],"[0.001, 0.001, 0.429, 0.024, 0.022, 0.062, 0.997]"
110.52,110.56,silence,0.9977445602416992,silence,[0.998],"[0.001, 0.001, 0.472, 0.027, 0.024, 0.058, 0.998]"
110.56,110.6,silence,0.9984230995178223,silence,[0.998],"[0.001, 0.001, 0.515, 0.030, 0.025, 0.055, 0.998]"
110.6,110.64,silence,0.9988924860954285,silence,[0.999],"[0.001, 0.001, 0.556, 0.033, 0.027, 0.052, 0.999]"
110.64,110.68,silence,0.9992184638977051,silence,[0.999],"[0.001, 0.001, 0.595, 0.036, 0.030, 0.050, 0.999]"
110.68,110.72,silence,0.999445378780365,Rei|silence,"[0.631, 0.999]","[0.001, 0.001, 0.631, 0.040, 0.032, 0.048, 0.999]"
110.72,110.76,silence,0.9996036887168884,Rei|silence,"[0.664, 1.000]","[0.001, 0.001, 0.664, 0.044, 0.035, 0.047, 1.000]"
110.76,110.8,silence,0.9997145533561707,Rei|silence,"[0.695, 1.000]","[0.001, 0.001, 0.695, 0.049, 0.038, 0.046, 1.000]"
110.8,110.84,silence,0.9997923970222473,Rei|silence,"[0.723, 1.000]","[0.001, 0.001, 0.723, 0.053, 0.041, 0.044, 1.000]"
110.84,110.88,silence,0.9998472929000854,Rei|silence,"[0.748, 1.000]","[0.001, 0.001, 0.748, 0.058, 0.044, 0.043, 1.000]"
110.88,110.92,silence,0.9998862743377686,Rei|silence,"[0.770, 1.000]","[0.001, 0.001, 0.770, 0.063, 0.047, 0.042, 1.000]"
110.92,110.96,silence,0.9999140501022339,Rei|silence,"[0.790, 1.000]","[0.001, 0.001, 0.790, 0.068, 0.050, 0.041, 1.000]"
110.96,111.0,silence,0.9999339580535889,Rei|silence,"[0.807, 1.000]","[0.001, 0.001, 0.807, 0.074, 0.053, 0.040, 1.000]"
111.0,111.04,silence,0.999948263168335,Rei|silence,"[0.823, 1.000]","[0.001, 0.001, 0.823, 0.079, 0.056, 0.039, 1.000]"
111.04,111.08,silence,0.9999587535858154,Rei|silence,"[0.836, 1.000]","[0.001, 0.002, 0.836, 0.084, 0.059, 0.037, 1.000]"
111.08,111.12,silence,0.9999663829803467,Rei|silence,"[0.848, 1.000]","[0.000, 0.002, 0.848, 0.089, 0.062, 0.035, 1.000]"
111.12,111.16,silence,0.9999721050262451,Rei|silence,"[0.859, 1.000]","[0.000, 0.002, 0.859, 0.094, 0.064, 0.033, 1.000]"
111.16,111.2,silence,0.9999761581420898,Rei|silence,"[0.868, 1.000]","[0.000, 0.002, 0.868, 0.098, 0.066, 0.031, 1.000]"
111.2,111.24,silence,0.9999791383743286,Rei|silence,"[0.876, 1.000]","[0.000, 0.002, 0.876, 0.103, 0.068, 0.028, 1.000]"
111.24,111.28,silence,0.9999812841415405,Rei|silence,"[0.884, 1.000]","[0.000, 0.002, 0.884, 0.107, 0.069, 0.026, 1.000]"
111.28,111.32,silence,0.9999825954437256,Rei|silence,"[0.890, 1.000]","[0.000, 0.002, 0.890, 0.111, 0.070, 0.023, 1.000]"
111.32,111.36,silence,0.999983549118042,Rei|silence,"[0.896, 1.000]","[0.000, 0.002, 0.896, 0.115, 0.071, 0.021, 1.000]"
111.36,111.4,silence,0.9999839067459106,Rei|silence,"[0.901, 1.000]","[0.000, 0.002, 0.901, 0.118, 0.072, 0.018, 1.000]"
111.4,111.44,silence,0.9999837875366211,Rei|silence,"[0.906, 1.000]","[0.000, 0.002, 0.906, 0.121, 0.072, 0.016, 1.000]"
111.44,111.48,silence,0.9999830722808838,Rei|silence,"[0.910, 1.000]","[0.000, 0.003, 0.910, 0.123, 0.073, 0.014, 1.000]"
111.48,111.52,silence,0.9999818801879883,Rei|silence,"[0.913, 1.000]","[0.000, 0.003, 0.913, 0.125, 0.073, 0.012, 1.000]"
111.52,111.56,silence,0.999980092048645,Rei|silence,"[0.916, 1.000]","[0.000, 0.003, 0.916, 0.126, 0.074, 0.010, 1.000]"
111.56,111.6,silence,0.9999774694442749,Rei|silence,"[0.919, 1.000]","[0.000, 0.004, 0.919, 0.126, 0.075, 0.009, 1.000]"
111.6,111.64,silence,0.9999738931655884,Rei|silence,"[0.920, 1.000]","[0.000, 0.004, 0.920, 0.125, 0.076, 0.008, 1.000]"
111.64,111.68,silence,0.9999692440032959,Rei|silence,"[0.922, 1.000]","[0.000, 0.005, 0.922, 0.124, 0.078, 0.006, 1.000]"
111.68,111.72,silence,0.9999631643295288,Rei|silence,"[0.922, 1.000]","[0.000, 0.005, 0.922, 0.122, 0.081, 0.006, 1.000]"
111.72,111.76,silence,0.9999552965164185,Rei|silence,"[0.922, 1.000]","[0.000, 0.006, 0.922, 0.120, 0.083, 0.005, 1.000]"
111.76,111.8,silence,0.9999452829360962,Rei|silence,"[0.922, 1.000]","[0.000, 0.007, 0.922, 0.116, 0.087, 0.004, 1.000]"
111.8,111.84,silence,0.9999328851699829,Rei|silence,"[0.920, 1.000]","[0.000, 0.008, 0.920, 0.112, 0.091, 0.004, 1.000]"
111.84,111.88,silence,0.99991774559021,Rei|silence,"[0.918, 1.000]","[0.000, 0.009, 0.918, 0.107, 0.095, 0.003, 1.000]"
111.88,111.92,silence,0.9998998641967773,Rei|silence,"[0.914, 1.000]","[0.000, 0.010, 0.914, 0.101, 0.101, 0.003, 1.000]"
111.92,111.96,silence,0.9998792409896851,Rei|silence,"[0.910, 1.000]","[0.000, 0.011, 0.910, 0.095, 0.107, 0.002, 1.000]"
111.96,112.0,silence,0.9998562335968018,Rei|silence,"[0.904, 1.000]","[0.000, 0.013, 0.904, 0.089, 0.113, 0.002, 1.000]"
112.0,112.04,silence,0.9998319149017334,Rei|silence,"[0.897, 1.000]","[0.000, 0.014, 0.897, 0.082, 0.120, 0.002, 1.000]"
112.04,112.08,silence,0.9998072981834412,Rei|silence,"[0.888, 1.000]","[0.000, 0.016, 0.888, 0.075, 0.127, 0.002, 1.000]"
112.08,112.12,silence,0.9997839331626892,Rei|silence,"[0.877, 1.000]","[0.000, 0.018, 0.877, 0.069, 0.134, 0.001, 1.000]"
112.12,112.16,silence,0.9997634291648865,Rei|silence,"[0.864, 1.000]","[0.000, 0.020, 0.864, 0.062, 0.141, 0.001, 1.000]"
112.16,112.2,silence,0.9997475743293762,Rei|silence,"[0.849, 1.000]","[0.000, 0.022, 0.849, 0.056, 0.148, 0.001, 1.000]"
112.2,112.24,silence,0.9997373223304749,Rei|silence,"[0.830, 1.000]","[0.000, 0.024, 0.830, 0.051, 0.154, 0.001, 1.000]"
112.24,112.28,silence,0.9997335076332092,Rei|silence,"[0.809, 1.000]","[0.000, 0.025, 0.809, 0.046, 0.158, 0.001, 1.000]"
112.28,112.32,silence,0.9997363686561584,Rei|silence,"[0.783, 1.000]","[0.000, 0.026, 0.783, 0.041, 0.162, 0.001, 1.000]"
112.32,112.36,silence,0.9997454285621643,Rei|silence,"[0.752, 1.000]","[0.000, 0.027, 0.752, 0.037, 0.164, 0.001, 1.000]"
112.36,112.4,silence,0.9997597336769104,Rei|silence,"[0.716, 1.000]","[0.000, 0.028, 0.716, 0.034, 0.164, 0.001, 1.000]"
112.4,112.44,silence,0.9997782111167908,Rei|silence,"[0.674, 1.000]","[0.000, 0.028, 0.674, 0.031, 0.163, 0.001, 1.000]"
112.44,112.48,silence,0.9997994303703308,Rei|silence,"[0.626, 1.000]","[0.001, 0.028, 0.626, 0.028, 0.160, 0.001, 1.000]"
112.48,112.52,silence,0.9998217225074768,silence,[1.000],"[0.001, 0.027, 0.572, 0.026, 0.156, 0.001, 1.000]"
112.52,112.56,silence,0.9998434782028198,silence,[1.000],"[0.001, 0.026, 0.514, 0.024, 0.150, 0.001, 1.000]"
112.56,112.6,silence,0.9998637437820435,silence,[1.000],"[0.001, 0.025, 0.451, 0.023, 0.143, 0.001, 1.000]"
112.6,112.64,silence,0.9998817443847656,silence,[1.000],"[0.002, 0.024, 0.388, 0.022, 0.135, 0.001, 1.000]"
112.64,112.68,silence,0.9998971223831177,silence,[1.000],"[0.002, 0.023, 0.325, 0.021, 0.126, 0.001, 1.000]"
112.68,112.72,silence,0.9999098777770996,silence,[1.000],"[0.003, 0.021, 0.266, 0.020, 0.117, 0.001, 1.000]"
112.72,112.76,silence,0.9999202489852905,silence,[1.000],"[0.004, 0.020, 0.213, 0.019, 0.108, 0.001, 1.000]"
112.76,112.8,silence,0.9999284744262695,silence,[1.000],"[0.005, 0.019, 0.167, 0.019, 0.098, 0.001, 1.000]"
112.8,112.84,silence,0.9999346733093262,silence,[1.000],"[0.006, 0.018, 0.129, 0.018, 0.090, 0.001, 1.000]"
112.84,112.88,silence,0.9999392032623291,silence,[1.000],"[0.008, 0.017, 0.098, 0.017, 0.082, 0.001, 1.000]"
112.88,112.92,silence,0.9999423027038574,silence,[1.000],"[0.010, 0.017, 0.075, 0.017, 0.074, 0.001, 1.000]"
112.92,112.96,silence,0.9999440908432007,silence,[1.000],"[0.013, 0.016, 0.056, 0.017, 0.067, 0.001, 1.000]"
112.96,113.0,silence,0.9999445676803589,silence,[1.000],"[0.015, 0.015, 0.042, 0.016, 0.060, 0.001, 1.000]"
113.0,113.04,silence,0.9999438524246216,silence,[1.000],"[0.018, 0.015, 0.032, 0.016, 0.054, 0.001, 1.000]"
113.04,113.08,silence,0.9999418258666992,silence,[1.000],"[0.021, 0.015, 0.024, 0.015, 0.049, 0.001, 1.000]"
113.08,113.12,silence,0.9999383687973022,silence,[1.000],"[0.024, 0.014, 0.019, 0.015, 0.045, 0.001, 1.000]"
113.12,113.16,silence,0.9999334812164307,silence,[1.000],"[0.027, 0.014, 0.015, 0.015, 0.041, 0.002, 1.000]"
113.16,113.2,silence,0.9999269247055054,silence,[1.000],"[0.029, 0.014, 0.012, 0.014, 0.037, 0.002, 1.000]"
113.2,113.24,silence,0.9999185800552368,silence,[1.000],"[0.032, 0.014, 0.009, 0.014, 0.035, 0.002, 1.000]"
113.24,113.28,silence,0.9999080896377563,silence,[1.000],"[0.034, 0.014, 0.007, 0.013, 0.032, 0.003, 1.000]"
113.28,113.32,silence,0.9998952150344849,silence,[1.000],"[0.035, 0.015, 0.006, 0.012, 0.030, 0.003, 1.000]"
113.32,113.36,silence,0.9998794794082642,silence,[1.000],"[0.036, 0.015, 0.005, 0.012, 0.029, 0.004, 1.000]"
113.36,113.4,silence,0.9998607635498047,silence,[1.000],"[0.037, 0.015, 0.004, 0.011, 0.028, 0.005, 1.000]"
113.4,113.44,silence,0.9998388290405273,silence,[1.000],"[0.037, 0.015, 0.004, 0.010, 0.027, 0.006, 1.000]"
113.44,113.48,silence,0.9998137354850769,silence,[1.000],"[0.036, 0.016, 0.003, 0.010, 0.027, 0.007, 1.000]"
113.48,113.52,silence,0.9997853636741638,silence,[1.000],"[0.035, 0.016, 0.003, 0.009, 0.027, 0.009, 1.000]"
113.52,113.56,silence,0.9997543692588806,silence,[1.000],"[0.034, 0.016, 0.003, 0.008, 0.027, 0.011, 1.000]"
113.56,113.6,silence,0.999721109867096,silence,[1.000],"[0.032, 0.016, 0.003, 0.008, 0.027, 0.013, 1.000]"
113.6,113.64,silence,0.9996864795684814,silence,[1.000],"[0.031, 0.017, 0.002, 0.007, 0.027, 0.015, 1.000]"
113.64,113.68,silence,0.9996515512466431,silence,[1.000],"[0.029, 0.017, 0.002, 0.006, 0.028, 0.017, 1.000]"
113.68,113.72,silence,0.9996178150177002,silence,[1.000],"[0.027, 0.017, 0.002, 0.006, 0.028, 0.020, 1.000]"
113.72,113.76,silence,0.9995872378349304,silence,[1.000],"[0.025, 0.016, 0.002, 0.006, 0.029, 0.023, 1.000]"
113.76,113.8,silence,0.9995611310005188,silence,[1.000],"[0.023, 0.016, 0.002, 0.005, 0.030, 0.026, 1.000]"
113.8,113.84,silence,0.9995404481887817,silence,[1.000],"[0.021, 0.016, 0.002, 0.005, 0.031, 0.029, 1.000]"
113.84,113.88,silence,0.9995255470275879,silence,[1.000],"[0.019, 0.015, 0.002, 0.005, 0.032, 0.032, 1.000]"
113.88,113.92,silence,0.9995158910751343,silence,[1.000],"[0.018, 0.015, 0.002, 0.005, 0.033, 0.035, 1.000]"
113.92,113.96,silence,0.9995114803314209,silence,[1.000],"[0.016, 0.014, 0.002, 0.004, 0.034, 0.038, 1.000]"
113.96,114.0,silence,0.9995113611221313,silence,[1.000],"[0.015, 0.013, 0.002, 0.004, 0.035, 0.040, 1.000]"
114.0,114.04,silence,0.9995142221450806,silence,[1.000],"[0.013, 0.013, 0.002, 0.004, 0.036, 0.043, 1.000]"
114.04,114.08,silence,0.999518632888794,silence,[1.000],"[0.012, 0.012, 0.002, 0.004, 0.037, 0.045, 1.000]"
114.08,114.12,silence,0.9995230436325073,silence,[1.000],"[0.011, 0.011, 0.002, 0.005, 0.038, 0.048, 1.000]"
114.12,114.16,silence,0.9995256662368774,silence,[1.000],"[0.010, 0.010, 0.002, 0.005, 0.039, 0.050, 1.000]"
114.16,114.2,silence,0.9995254278182983,silence,[1.000],"[0.009, 0.010, 0.002, 0.005, 0.040, 0.053, 1.000]"
114.2,114.24,silence,0.9995218515396118,silence,[1.000],"[0.008, 0.009, 0.002, 0.005, 0.041, 0.056, 1.000]"
114.24,114.28,silence,0.9995139837265015,silence,[1.000],"[0.008, 0.008, 0.002, 0.006, 0.042, 0.059, 1.000]"
114.28,114.32,silence,0.9995006322860718,silence,[1.000],"[0.007, 0.008, 0.002, 0.006, 0.043, 0.062, 1.000]"
114.32,114.36,silence,0.9994805455207825,silence,[0.999],"[0.006, 0.008, 0.002, 0.007, 0.043, 0.066, 0.999]"
114.36,114.4,silence,0.9994519352912903,silence,[0.999],"[0.006, 0.007, 0.002, 0.007, 0.044, 0.071, 0.999]"
114.4,114.44,silence,0.9994127750396729,silence,[0.999],"[0.005, 0.007, 0.002, 0.008, 0.044, 0.077, 0.999]"
114.44,114.48,silence,0.9993595480918884,silence,[0.999],"[0.005, 0.007, 0.002, 0.009, 0.044, 0.083, 0.999]"
114.48,114.52,silence,0.9992882609367371,silence,[0.999],"[0.005, 0.007, 0.002, 0.010, 0.045, 0.091, 0.999]"
114.52,114.56,silence,0.999193012714386,silence,[0.999],"[0.004, 0.007, 0.002, 0.012, 0.045, 0.100, 0.999]"
114.56,114.6,silence,0.9990662932395935,silence,[0.999],"[0.004, 0.008, 0.002, 0.013, 0.045, 0.111, 0.999]"
114.6,114.64,silence,0.9988985061645508,silence,[0.999],"[0.004, 0.008, 0.002, 0.015, 0.045, 0.123, 0.999]"
114.64,114.68,silence,0.9986762404441833,silence,[0.999],"[0.004, 0.009, 0.001, 0.017, 0.044, 0.138, 0.999]"
114.68,114.72,silence,0.9983811378479004,silence,[0.998],"[0.003, 0.009, 0.001, 0.019, 0.044, 0.156, 0.998]"
114.72,114.76,silence,0.997988224029541,silence,[0.998],"[0.003, 0.010, 0.001, 0.021, 0.043, 0.177, 0.998]"
114.76,114.8,silence,0.9974641799926758,silence,[0.997],"[0.003, 0.011, 0.001, 0.024, 0.043, 0.201, 0.997]"
114.8,114.84,silence,0.9967626333236694,silence,[0.997],"[0.003, 0.012, 0.001, 0.027, 0.042, 0.228, 0.997]"
114.84,114.88,silence,0.9958211183547974,silence,[0.996],"[0.003, 0.013, 0.001, 0.031, 0.041, 0.258, 0.996]"
114.88,114.92,silence,0.994554877281189,silence,[0.995],"[0.003, 0.015, 0.001, 0.035, 0.040, 0.291, 0.995]"
114.92,114.96,silence,0.9928517937660217,silence,[0.993],"[0.003, 0.016, 0.001, 0.039, 0.039, 0.327, 0.993]"
114.96,115.0,silence,0.9905693531036377,silence,[0.991],"[0.003, 0.018, 0.001, 0.043, 0.038, 0.365, 0.991]"
115.0,115.04,silence,0.9875325560569763,silence,[0.988],"[0.004, 0.020, 0.001, 0.047, 0.036, 0.405, 0.988]"
115.04,115.08,silence,0.9835250377655029,silence,[0.984],"[0.004, 0.022, 0.001, 0.052, 0.035, 0.445, 0.984]"
115.08,115.12,silence,0.9782938957214355,silence,[0.978],"[0.004, 0.024, 0.001, 0.056, 0.034, 0.485, 0.978]"
115.12,115.16,silence,0.971566379070282,silence,[0.972],"[0.005, 0.026, 0.001, 0.060, 0.033, 0.523, 0.972]"
115.16,115.2,silence,0.9630653262138367,silence,[0.963],"[0.006, 0.028, 0.002, 0.063, 0.033, 0.559, 0.963]"
115.2,115.24,silence,0.9525724053382874,silence,[0.953],"[0.007, 0.030, 0.002, 0.067, 0.032, 0.592, 0.953]"
115.24,115.28,silence,0.9399994611740112,Leeseo|silence,"[0.622, 0.940]","[0.008, 0.032, 0.002, 0.069, 0.031, 0.622, 0.940]"
115.28,115.32,silence,0.9254739880561829,Leeseo|silence,"[0.648, 0.925]","[0.010, 0.033, 0.002, 0.071, 0.031, 0.648, 0.925]"
115.32,115.36,silence,0.9094435572624207,Leeseo|silence,"[0.670, 0.909]","[0.012, 0.034, 0.003, 0.073, 0.030, 0.670, 0.909]"
115.36,115.4,silence,0.8926163911819458,Leeseo|silence,"[0.689, 0.893]","[0.014, 0.034, 0.003, 0.074, 0.030, 0.689, 0.893]"
115.4,115.44,silence,0.8759718537330627,Leeseo|silence,"[0.704, 0.876]","[0.018, 0.033, 0.004, 0.074, 0.030, 0.704, 0.876]"
115.44,115.48,silence,0.8607028722763062,Leeseo|silence,"[0.716, 0.861]","[0.022, 0.032, 0.004, 0.073, 0.030, 0.716, 0.861]"
115.48,115.52,silence,0.8481999039649963,Leeseo|silence,"[0.725, 0.848]","[0.028, 0.031, 0.005, 0.073, 0.031, 0.725, 0.848]"
115.52,115.56,silence,0.8397954702377319,Leeseo|silence,"[0.731, 0.840]","[0.036, 0.029, 0.007, 0.071, 0.031, 0.731, 0.840]"
115.56,115.6,silence,0.8365232348442078,Leeseo|silence,"[0.735, 0.837]","[0.045, 0.027, 0.009, 0.069, 0.032, 0.735, 0.837]"
115.6,115.64,silence,0.8389507532119751,Leeseo|silence,"[0.736, 0.839]","[0.057, 0.024, 0.011, 0.067, 0.033, 0.736, 0.839]"
115.64,115.68,silence,0.8470565676689148,Leeseo|silence,"[0.735, 0.847]","[0.071, 0.021, 0.014, 0.065, 0.035, 0.735, 0.847]"
115.68,115.72,silence,0.8601354956626892,Leeseo|silence,"[0.732, 0.860]","[0.087, 0.019, 0.018, 0.062, 0.037, 0.732, 0.860]"
115.72,115.76,silence,0.8769649267196655,Leeseo|silence,"[0.726, 0.877]","[0.106, 0.016, 0.022, 0.060, 0.039, 0.726, 0.877]"
115.76,115.8,silence,0.8959470391273499,Leeseo|silence,"[0.718, 0.896]","[0.127, 0.014, 0.028, 0.057, 0.042, 0.718, 0.896]"
115.8,115.84,silence,0.9153902530670166,Leeseo|silence,"[0.709, 0.915]","[0.149, 0.012, 0.036, 0.054, 0.046, 0.709, 0.915]"
115.84,115.88,silence,0.9337896704673767,Leeseo|silence,"[0.697, 0.934]","[0.172, 0.010, 0.045, 0.052, 0.050, 0.697, 0.934]"
115.88,115.92,silence,0.9500493407249451,Leeseo|silence,"[0.682, 0.950]","[0.195, 0.008, 0.055, 0.050, 0.055, 0.682, 0.950]"
115.92,115.96,silence,0.9635375738143921,Leeseo|silence,"[0.666, 0.964]","[0.216, 0.007, 0.067, 0.048, 0.061, 0.666, 0.964]"
115.96,116.0,silence,0.9741358160972595,Leeseo|silence,"[0.648, 0.974]","[0.234, 0.006, 0.081, 0.046, 0.068, 0.648, 0.974]"
116.0,116.04,silence,0.9820921421051025,Leeseo|silence,"[0.628, 0.982]","[0.247, 0.005, 0.096, 0.044, 0.076, 0.628, 0.982]"
116.04,116.08,silence,0.9878334999084473,Leeseo|silence,"[0.607, 0.988]","[0.256, 0.004, 0.112, 0.043, 0.086, 0.607, 0.988]"
116.08,116.12,silence,0.9918410778045654,Leeseo|silence,"[0.584, 0.992]","[0.259, 0.003, 0.129, 0.041, 0.097, 0.584, 0.992]"
116.12,116.16,silence,0.9945659637451172,silence,[0.995],"[0.257, 0.003, 0.146, 0.040, 0.110, 0.560, 0.995]"
116.16,116.2,silence,0.9963815212249756,silence,[0.996],"[0.249, 0.002, 0.164, 0.040, 0.125, 0.535, 0.996]"
116.2,116.24,silence,0.9975724816322327,silence,[0.998],"[0.236, 0.002, 0.181, 0.039, 0.142, 0.508, 0.998]"
116.24,116.28,silence,0.998347282409668,silence,[0.998],"[0.219, 0.002, 0.197, 0.039, 0.162, 0.479, 0.998]"
116.28,116.32,silence,0.9988510608673096,silence,[0.999],"[0.199, 0.002, 0.212, 0.039, 0.184, 0.450, 0.999]"
116.32,116.36,silence,0.9991801381111145,silence,[0.999],"[0.177, 0.002, 0.226, 0.038, 0.208, 0.420, 0.999]"
116.36,116.4,silence,0.9993962049484253,silence,[0.999],"[0.154, 0.001, 0.238, 0.038, 0.234, 0.390, 0.999]"
116.4,116.44,silence,0.9995391368865967,silence,[1.000],"[0.131, 0.001, 0.248, 0.038, 0.261, 0.359, 1.000]"
116.44,116.48,silence,0.9996341466903687,silence,[1.000],"[0.109, 0.001, 0.257, 0.038, 0.290, 0.329, 1.000]"
116.48,116.52,silence,0.999697208404541,silence,[1.000],"[0.089, 0.001, 0.263, 0.038, 0.320, 0.299, 1.000]"
116.52,116.56,silence,0.9997383952140808,silence,[1.000],"[0.072, 0.001, 0.269, 0.038, 0.350, 0.271, 1.000]"
116.56,116.6,silence,0.9997642636299133,silence,[1.000],"[0.057, 0.001, 0.273, 0.038, 0.381, 0.245, 1.000]"
116.6,116.64,silence,0.9997785687446594,silence,[1.000],"[0.045, 0.001, 0.276, 0.038, 0.412, 0.220, 1.000]"
116.64,116.68,silence,0.9997839331626892,silence,[1.000],"[0.035, 0.002, 0.278, 0.037, 0.442, 0.197, 1.000]"
116.68,116.72,silence,0.9997819066047668,silence,[1.000],"[0.027, 0.002, 0.280, 0.037, 0.470, 0.175, 1.000]"
116.72,116.76,silence,0.9997733235359192,silence,[1.000],"[0.021, 0.002, 0.282, 0.036, 0.498, 0.156, 1.000]"
116.76,116.8,silence,0.9997584223747253,silence,[1.000],"[0.016, 0.002, 0.283, 0.035, 0.523, 0.138, 1.000]"
116.8,116.84,silence,0.9997377991676331,silence,[1.000],"[0.013, 0.002, 0.284, 0.034, 0.546, 0.122, 1.000]"
116.84,116.88,silence,0.999711811542511,silence,[1.000],"[0.010, 0.003, 0.286, 0.032, 0.568, 0.107, 1.000]"
116.88,116.92,silence,0.9996812343597412,silence,[1.000],"[0.008, 0.003, 0.288, 0.031, 0.586, 0.094, 1.000]"
116.92,116.96,silence,0.9996474981307983,silence,[1.000],"[0.007, 0.004, 0.290, 0.029, 0.603, 0.083, 1.000]"
116.96,117.0,silence,0.9996125102043152,silence,[1.000],"[0.005, 0.004, 0.293, 0.027, 0.617, 0.073, 1.000]"
117.0,117.04,silence,0.9995787739753723,Liz|silence,"[0.630, 1.000]","[0.005, 0.005, 0.296, 0.025, 0.630, 0.064, 1.000]"
117.04,117.08,silence,0.9995496869087219,Liz|silence,"[0.639, 1.000]","[0.004, 0.005, 0.300, 0.023, 0.639, 0.056, 1.000]"
117.08,117.12,silence,0.9995294809341431,Liz|silence,"[0.646, 1.000]","[0.004, 0.006, 0.304, 0.021, 0.646, 0.049, 1.000]"
117.12,117.16,silence,0.9995213747024536,Liz|silence,"[0.651, 1.000]","[0.003, 0.007, 0.308, 0.019, 0.651, 0.043, 1.000]"
117.16,117.2,silence,0.9995285272598267,Liz|silence,"[0.652, 1.000]","[0.003, 0.008, 0.312, 0.017, 0.652, 0.039, 1.000]"
117.2,117.24,silence,0.9995517134666443,Liz|silence,"[0.650, 1.000]","[0.003, 0.008, 0.315, 0.016, 0.650, 0.035, 1.000]"
117.24,117.28,silence,0.9995899796485901,Liz|silence,"[0.645, 1.000]","[0.003, 0.009, 0.317, 0.014, 0.645, 0.031, 1.000]"
117.28,117.32,silence,0.9996395111083984,Liz|silence,"[0.637, 1.000]","[0.003, 0.010, 0.317, 0.013, 0.637, 0.028, 1.000]"
117.32,117.36,silence,0.9996953010559082,Liz|silence,"[0.626, 1.000]","[0.003, 0.010, 0.315, 0.012, 0.626, 0.026, 1.000]"
117.36,117.4,silence,0.9997518658638,Liz|silence,"[0.611, 1.000]","[0.003, 0.011, 0.310, 0.010, 0.611, 0.024, 1.000]"
117.4,117.44,silence,0.9998049139976501,Liz|silence,"[0.592, 1.000]","[0.004, 0.011, 0.303, 0.010, 0.592, 0.023, 1.000]"
117.44,117.48,silence,0.9998513460159302,silence,[1.000],"[0.004, 0.011, 0.292, 0.009, 0.571, 0.022, 1.000]"
117.48,117.52,silence,0.999889612197876,silence,[1.000],"[0.005, 0.011, 0.279, 0.008, 0.547, 0.021, 1.000]"
117.52,117.56,silence,0.9999196529388428,silence,[1.000],"[0.006, 0.011, 0.262, 0.007, 0.520, 0.021, 1.000]"
117.56,117.6,silence,0.9999423027038574,silence,[1.000],"[0.007, 0.011, 0.243, 0.006, 0.491, 0.021, 1.000]"
117.6,117.64,silence,0.999958872795105,silence,[1.000],"[0.009, 0.011, 0.221, 0.006, 0.460, 0.021, 1.000]"
117.64,117.68,silence,0.9999706745147705,silence,[1.000],"[0.011, 0.011, 0.199, 0.005, 0.428, 0.021, 1.000]"
117.68,117.72,silence,0.9999790191650391,silence,[1.000],"[0.014, 0.011, 0.175, 0.005, 0.395, 0.022, 1.000]"
117.72,117.76,silence,0.9999847412109375,silence,[1.000],"[0.018, 0.011, 0.152, 0.005, 0.362, 0.023, 1.000]"
117.76,117.8,silence,0.9999887943267822,silence,[1.000],"[0.023, 0.011, 0.129, 0.004, 0.330, 0.025, 1.000]"
117.8,117.84,silence,0.9999915361404419,silence,[1.000],"[0.030, 0.011, 0.107, 0.004, 0.300, 0.027, 1.000]"
117.84,117.88,silence,0.9999934434890747,silence,[1.000],"[0.040, 0.011, 0.087, 0.004, 0.271, 0.029, 1.000]"
117.88,117.92,silence,0.9999947547912598,silence,[1.000],"[0.052, 0.011, 0.070, 0.004, 0.246, 0.032, 1.000]"
117.92,117.96,silence,0.9999957084655762,silence,[1.000],"[0.068, 0.011, 0.055, 0.003, 0.222, 0.035, 1.000]"
117.96,118.0,silence,0.9999963045120239,silence,[1.000],"[0.089, 0.012, 0.042, 0.003, 0.202, 0.039, 1.000]"
118.0,118.04,silence,0.9999967813491821,silence,[1.000],"[0.115, 0.012, 0.032, 0.003, 0.184, 0.043, 1.000]"
118.04,118.08,silence,0.9999970197677612,silence,[1.000],"[0.146, 0.013, 0.024, 0.003, 0.170, 0.048, 1.000]"
118.08,118.12,silence,0.9999971389770508,silence,[1.000],"[0.183, 0.014, 0.018, 0.003, 0.158, 0.053, 1.000]"
118.12,118.16,silence,0.9999971389770508,silence,[1.000],"[0.225, 0.015, 0.013, 0.003, 0.149, 0.060, 1.000]"
118.16,118.2,silence,0.9999970197677612,silence,[1.000],"[0.270, 0.016, 0.010, 0.003, 0.142, 0.066, 1.000]"
118.2,118.24,silence,0.9999969005584717,silence,[1.000],"[0.316, 0.018, 0.007, 0.003, 0.138, 0.073, 1.000]"
118.24,118.28,silence,0.999996542930603,silence,[1.000],"[0.361, 0.019, 0.005, 0.003, 0.136, 0.080, 1.000]"
118.28,118.32,silence,0.9999961853027344,silence,[1.000],"[0.404, 0.021, 0.004, 0.003, 0.137, 0.087, 1.000]"
118.32,118.36,silence,0.9999955892562866,silence,[1.000],"[0.443, 0.024, 0.003, 0.003, 0.141, 0.095, 1.000]"
118.36,118.4,silence,0.9999947547912598,silence,[1.000],"[0.477, 0.026, 0.002, 0.003, 0.147, 0.101, 1.000]"
118.4,118.44,silence,0.9999936819076538,silence,[1.000],"[0.504, 0.029, 0.002, 0.003, 0.157, 0.107, 1.000]"
118.44,118.48,silence,0.9999923706054688,silence,[1.000],"[0.524, 0.031, 0.001, 0.003, 0.169, 0.112, 1.000]"
118.48,118.52,silence,0.9999905824661255,silence,[1.000],"[0.538, 0.035, 0.001, 0.003, 0.185, 0.116, 1.000]"
118.52,118.56,silence,0.999988317489624,silence,[1.000],"[0.545, 0.038, 0.001, 0.003, 0.204, 0.119, 1.000]"
118.56,118.6,silence,0.9999854564666748,silence,[1.000],"[0.545, 0.041, 0.001, 0.003, 0.227, 0.121, 1.000]"
118.6,118.64,silence,0.9999817609786987,silence,[1.000],"[0.539, 0.045, 0.001, 0.003, 0.254, 0.121, 1.000]"
118.64,118.68,silence,0.9999769926071167,silence,[1.000],"[0.526, 0.049, 0.001, 0.003, 0.285, 0.120, 1.000]"
118.68,118.72,silence,0.9999710321426392,silence,[1.000],"[0.507, 0.052, 0.001, 0.003, 0.319, 0.118, 1.000]"
118.72,118.76,silence,0.9999632835388184,silence,[1.000],"[0.482, 0.056, 0.001, 0.003, 0.356, 0.114, 1.000]"
118.76,118.8,silence,0.9999535083770752,silence,[1.000],"[0.450, 0.060, 0.000, 0.004, 0.395, 0.110, 1.000]"
118.8,118.84,silence,0.9999408721923828,silence,[1.000],"[0.414, 0.064, 0.000, 0.004, 0.435, 0.105, 1.000]"
118.84,118.88,silence,0.999924898147583,silence,[1.000],"[0.373, 0.068, 0.000, 0.004, 0.475, 0.099, 1.000]"
118.88,118.92,silence,0.9999043941497803,silence,[1.000],"[0.330, 0.072, 0.000, 0.004, 0.513, 0.093, 1.000]"
118.92,118.96,silence,0.9998782873153687,silence,[1.000],"[0.285, 0.076, 0.000, 0.004, 0.550, 0.087, 1.000]"
118.96,119.0,silence,0.9998451471328735,silence,[1.000],"[0.241, 0.080, 0.000, 0.004, 0.584, 0.081, 1.000]"
119.0,119.04,silence,0.9998032450675964,silence,[1.000],"[0.200, 0.085, 0.000, 0.004, 0.614, 0.076, 1.000]"
119.04,119.08,silence,0.9997504353523254,Liz|silence,"[0.640, 1.000]","[0.162, 0.089, 0.001, 0.005, 0.640, 0.071, 1.000]"
119.08,119.12,silence,0.9996840953826904,Liz|silence,"[0.662, 1.000]","[0.129, 0.094, 0.001, 0.005, 0.662, 0.066, 1.000]"
119.12,119.16,silence,0.9996007084846497,Liz|silence,"[0.680, 1.000]","[0.101, 0.099, 0.001, 0.005, 0.680, 0.061, 1.000]"
119.16,119.2,silence,0.9994957447052002,Liz|silence,"[0.694, 0.999]","[0.078, 0.104, 0.001, 0.005, 0.694, 0.057, 0.999]"
119.2,119.24,silence,0.9993632435798645,Liz|silence,"[0.704, 0.999]","[0.060, 0.110, 0.001, 0.006, 0.704, 0.054, 0.999]"
119.24,119.28,silence,0.9991957545280457,Liz|silence,"[0.711, 0.999]","[0.045, 0.115, 0.001, 0.006, 0.711, 0.051, 0.999]"
119.28,119.32,silence,0.9989842772483826,Liz|silence,"[0.714, 0.999]","[0.034, 0.120, 0.001, 0.006, 0.714, 0.048, 0.999]"
119.32,119.36,silence,0.9987180233001709,Liz|silence,"[0.714, 0.999]","[0.026, 0.126, 0.001, 0.006, 0.714, 0.046, 0.999]"
119.36,119.4,silence,0.9983854293823242,Liz|silence,"[0.709, 0.998]","[0.019, 0.131, 0.001, 0.007, 0.709, 0.045, 0.998]"
119.4,119.44,silence,0.9979763627052307,Liz|silence,"[0.701, 0.998]","[0.015, 0.137, 0.001, 0.007, 0.701, 0.043, 0.998]"
119.44,119.48,silence,0.9974837303161621,Liz|silence,"[0.689, 0.997]","[0.011, 0.142, 0.001, 0.007, 0.689, 0.042, 0.997]"
119.48,119.52,silence,0.9969066977500916,Liz|silence,"[0.673, 0.997]","[0.008, 0.148, 0.001, 0.008, 0.673, 0.041, 0.997]"
119.52,119.56,silence,0.9962528944015503,Liz|silence,"[0.653, 0.996]","[0.007, 0.154, 0.001, 0.008, 0.653, 0.040, 0.996]"
119.56,119.6,silence,0.9955407977104187,Liz|silence,"[0.629, 0.996]","[0.005, 0.160, 0.001, 0.008, 0.629, 0.039, 0.996]"
119.6,119.64,silence,0.9947964549064636,Liz|silence,"[0.601, 0.995]","[0.004, 0.166, 0.001, 0.009, 0.601, 0.039, 0.995]"
119.64,119.68,silence,0.9940557479858398,silence,[0.994],"[0.003, 0.171, 0.001, 0.009, 0.569, 0.039, 0.994]"
119.68,119.72,silence,0.9933620691299438,silence,[0.993],"[0.003, 0.177, 0.001, 0.009, 0.535, 0.039, 0.993]"
119.72,119.76,silence,0.9927566647529602,silence,[0.993],"[0.002, 0.183, 0.001, 0.010, 0.497, 0.038, 0.993]"
119.76,119.8,silence,0.9922841191291809,silence,[0.992],"[0.002, 0.189, 0.001, 0.010, 0.458, 0.038, 0.992]"
119.8,119.84,silence,0.9919901490211487,silence,[0.992],"[0.002, 0.195, 0.001, 0.011, 0.419, 0.038, 0.992]"
119.84,119.88,silence,0.9919047355651855,silence,[0.992],"[0.001, 0.200, 0.001, 0.011, 0.379, 0.039, 0.992]"
119.88,119.92,silence,0.9920326471328735,silence,[0.992],"[0.001, 0.204, 0.001, 0.012, 0.341, 0.039, 0.992]"
119.92,119.96,silence,0.9923576712608337,silence,[0.992],"[0.001, 0.208, 0.001, 0.012, 0.305, 0.039, 0.992]"
119.96,120.0,silence,0.9928528666496277,silence,[0.993],"[0.001, 0.211, 0.001, 0.013, 0.271, 0.039, 0.993]"
120.0,120.04,silence,0.9934796094894409,silence,[0.993],"[0.001, 0.213, 0.001, 0.013, 0.240, 0.040, 0.993]"
120.04,120.08,silence,0.9941966533660889,silence,[0.994],"[0.001, 0.215, 0.001, 0.014, 0.212, 0.040, 0.994]"
120.08,120.12,silence,0.9949583411216736,silence,[0.995],"[0.001, 0.215, 0.001, 0.014, 0.187, 0.040, 0.995]"
120.12,120.16,silence,0.9957243204116821,silence,[0.996],"[0.001, 0.214, 0.000, 0.014, 0.164, 0.041, 0.996]"
120.16,120.2,silence,0.9964577555656433,silence,[0.996],"[0.001, 0.212, 0.000, 0.015, 0.144, 0.042, 0.996]"
120.2,120.24,silence,0.9971300959587097,silence,[0.997],"[0.000, 0.209, 0.000, 0.015, 0.127, 0.042, 0.997]"
120.24,120.28,silence,0.9977228045463562,silence,[0.998],"[0.000, 0.205, 0.000, 0.015, 0.111, 0.043, 0.998]"
120.28,120.32,silence,0.9982263445854187,silence,[0.998],"[0.000, 0.200, 0.000, 0.015, 0.098, 0.044, 0.998]"
120.32,120.36,silence,0.9986420273780823,silence,[0.999],"[0.000, 0.194, 0.000, 0.016, 0.087, 0.044, 0.999]"
120.36,120.4,silence,0.9989780187606812,silence,[0.999],"[0.000, 0.187, 0.000, 0.016, 0.077, 0.045, 0.999]"
120.4,120.44,silence,0.9992437362670898,silence,[0.999],"[0.000, 0.179, 0.000, 0.016, 0.069, 0.046, 0.999]"
120.44,120.48,silence,0.9994493126869202,silence,[0.999],"[0.000, 0.170, 0.000, 0.016, 0.062, 0.046, 0.999]"
120.48,120.52,silence,0.9996048808097839,silence,[1.000],"[0.000, 0.161, 0.000, 0.016, 0.056, 0.047, 1.000]"
120.52,120.56,silence,0.9997199177742004,silence,[1.000],"[0.000, 0.151, 0.000, 0.016, 0.052, 0.047, 1.000]"
120.56,120.6,silence,0.9998034834861755,silence,[1.000],"[0.000, 0.141, 0.000, 0.016, 0.048, 0.047, 1.000]"
120.6,120.64,silence,0.9998629093170166,silence,[1.000],"[0.000, 0.131, 0.000, 0.016, 0.045, 0.046, 1.000]"
120.64,120.68,silence,0.9999046325683594,silence,[1.000],"[0.000, 0.121, 0.000, 0.016, 0.042, 0.045, 1.000]"
120.68,120.72,silence,0.9999334812164307,silence,[1.000],"[0.000, 0.112, 0.000, 0.017, 0.040, 0.044, 1.000]"
120.72,120.76,silence,0.9999533891677856,silence,[1.000],"[0.000, 0.103, 0.000, 0.017, 0.039, 0.042, 1.000]"
120.76,120.8,silence,0.9999669790267944,silence,[1.000],"[0.000, 0.095, 0.000, 0.017, 0.038, 0.039, 1.000]"
120.8,120.84,silence,0.9999762773513794,silence,[1.000],"[0.000, 0.088, 0.000, 0.017, 0.037, 0.037, 1.000]"
120.84,120.88,silence,0.9999827146530151,silence,[1.000],"[0.000, 0.081, 0.000, 0.017, 0.036, 0.034, 1.000]"
120.88,120.92,silence,0.9999871253967285,silence,[1.000],"[0.000, 0.075, 0.000, 0.018, 0.036, 0.031, 1.000]"
120.92,120.96,silence,0.9999902248382568,silence,[1.000],"[0.000, 0.070, 0.000, 0.018, 0.035, 0.028, 1.000]"
120.96,121.0,silence,0.9999924898147583,silence,[1.000],"[0.000, 0.065, 0.000, 0.019, 0.035, 0.025, 1.000]"
121.0,121.04,silence,0.9999940395355225,silence,[1.000],"[0.000, 0.061, 0.000, 0.019, 0.034, 0.022, 1.000]"
121.04,121.08,silence,0.999995231628418,silence,[1.000],"[0.001, 0.057, 0.000, 0.019, 0.034, 0.019, 1.000]"
121.08,121.12,silence,0.9999960660934448,silence,[1.000],"[0.001, 0.054, 0.000, 0.020, 0.034, 0.017, 1.000]"
121.12,121.16,silence,0.9999966621398926,silence,[1.000],"[0.001, 0.052, 0.000, 0.020, 0.033, 0.014, 1.000]"
121.16,121.2,silence,0.9999972581863403,silence,[1.000],"[0.001, 0.050, 0.000, 0.021, 0.033, 0.012, 1.000]"
121.2,121.24,silence,0.999997615814209,silence,[1.000],"[0.001, 0.048, 0.000, 0.021, 0.032, 0.011, 1.000]"
121.24,121.28,silence,0.9999979734420776,silence,[1.000],"[0.001, 0.047, 0.000, 0.021, 0.032, 0.009, 1.000]"
121.28,121.32,silence,0.9999982118606567,silence,[1.000],"[0.002, 0.046, 0.000, 0.022, 0.031, 0.008, 1.000]"
121.32,121.36,silence,0.9999983310699463,silence,[1.000],"[0.002, 0.046, 0.000, 0.022, 0.030, 0.007, 1.000]"
121.36,121.4,silence,0.9999985694885254,silence,[1.000],"[0.003, 0.046, 0.000, 0.022, 0.029, 0.006, 1.000]"
121.4,121.44,silence,0.9999986886978149,silence,[1.000],"[0.004, 0.046, 0.000, 0.022, 0.028, 0.005, 1.000]"
121.44,121.48,silence,0.9999988079071045,silence,[1.000],"[0.005, 0.047, 0.000, 0.022, 0.027, 0.005, 1.000]"
121.48,121.52,silence,0.999998927116394,silence,[1.000],"[0.006, 0.049, 0.000, 0.022, 0.025, 0.004, 1.000]"
121.52,121.56,silence,0.9999990463256836,silence,[1.000],"[0.007, 0.050, 0.000, 0.021, 0.024, 0.004, 1.000]"
121.56,121.6,silence,0.9999991655349731,silence,[1.000],"[0.009, 0.052, 0.000, 0.021, 0.023, 0.003, 1.000]"
121.6,121.64,silence,0.9999992847442627,silence,[1.000],"[0.012, 0.055, 0.000, 0.020, 0.021, 0.003, 1.000]"
121.64,121.68,silence,0.9999992847442627,silence,[1.000],"[0.014, 0.057, 0.000, 0.020, 0.020, 0.003, 1.000]"
121.68,121.72,silence,0.9999994039535522,silence,[1.000],"[0.017, 0.060, 0.000, 0.019, 0.019, 0.003, 1.000]"
121.72,121.76,silence,0.9999995231628418,silence,[1.000],"[0.021, 0.062, 0.000, 0.018, 0.017, 0.003, 1.000]"
121.76,121.8,silence,0.9999995231628418,silence,[1.000],"[0.025, 0.065, 0.000, 0.017, 0.016, 0.003, 1.000]"
121.8,121.84,silence,0.9999996423721313,silence,[1.000],"[0.029, 0.067, 0.001, 0.016, 0.015, 0.003, 1.000]"
121.84,121.88,silence,0.9999996423721313,silence,[1.000],"[0.033, 0.069, 0.001, 0.015, 0.014, 0.003, 1.000]"
121.88,121.92,silence,0.9999997615814209,silence,[1.000],"[0.037, 0.070, 0.001, 0.014, 0.013, 0.003, 1.000]"
121.92,121.96,silence,0.9999997615814209,silence,[1.000],"[0.041, 0.071, 0.001, 0.013, 0.013, 0.004, 1.000]"
121.96,122.0,silence,0.9999997615814209,silence,[1.000],"[0.044, 0.072, 0.002, 0.012, 0.012, 0.004, 1.000]"
122.0,122.04,silence,0.9999997615814209,silence,[1.000],"[0.047, 0.072, 0.002, 0.011, 0.011, 0.004, 1.000]"
122.04,122.08,silence,0.9999998807907104,silence,[1.000],"[0.049, 0.072, 0.003, 0.010, 0.011, 0.004, 1.000]"
122.08,122.12,silence,0.9999998807907104,silence,[1.000],"[0.051, 0.072, 0.003, 0.009, 0.011, 0.005, 1.000]"
122.12,122.16,silence,0.9999998807907104,silence,[1.000],"[0.052, 0.072, 0.004, 0.008, 0.010, 0.005, 1.000]"
122.16,122.2,silence,0.9999998807907104,silence,[1.000],"[0.052, 0.071, 0.005, 0.008, 0.010, 0.006, 1.000]"
122.2,122.24,silence,0.9999998807907104,silence,[1.000],"[0.051, 0.070, 0.006, 0.007, 0.010, 0.006, 1.000]"
122.24,122.28,silence,0.9999998807907104,silence,[1.000],"[0.050, 0.069, 0.008, 0.007, 0.010, 0.007, 1.000]"
122.28,122.32,silence,0.9999998807907104,silence,[1.000],"[0.049, 0.068, 0.010, 0.006, 0.010, 0.007, 1.000]"
122.32,122.36,silence,0.9999998807907104,silence,[1.000],"[0.047, 0.067, 0.012, 0.006, 0.010, 0.008, 1.000]"
122.36,122.4,silence,0.9999998807907104,silence,[1.000],"[0.045, 0.066, 0.014, 0.005, 0.010, 0.008, 1.000]"
122.4,122.44,silence,0.9999998807907104,silence,[1.000],"[0.043, 0.064, 0.017, 0.005, 0.011, 0.008, 1.000]"
122.44,122.48,silence,0.9999998807907104,silence,[1.000],"[0.041, 0.063, 0.020, 0.005, 0.011, 0.009, 1.000]"
122.48,122.52,silence,0.9999998807907104,silence,[1.000],"[0.039, 0.062, 0.024, 0.004, 0.012, 0.009, 1.000]"
122.52,122.56,silence,0.9999998807907104,silence,[1.000],"[0.037, 0.061, 0.028, 0.004, 0.013, 0.009, 1.000]"
122.56,122.6,silence,0.9999998807907104,silence,[1.000],"[0.034, 0.060, 0.033, 0.004, 0.013, 0.009, 1.000]"
122.6,122.64,silence,0.9999998807907104,silence,[1.000],"[0.032, 0.059, 0.038, 0.004, 0.014, 0.009, 1.000]"
122.64,122.68,silence,0.9999998807907104,silence,[1.000],"[0.030, 0.057, 0.044, 0.004, 0.015, 0.009, 1.000]"
122.68,122.72,silence,0.9999998807907104,silence,[1.000],"[0.028, 0.057, 0.050, 0.003, 0.016, 0.009, 1.000]"
122.72,122.76,silence,0.9999998807907104,silence,[1.000],"[0.026, 0.056, 0.057, 0.003, 0.018, 0.009, 1.000]"
122.76,122.8,silence,0.9999998807907104,silence,[1.000],"[0.024, 0.055, 0.064, 0.003, 0.019, 0.009, 1.000]"
122.8,122.84,silence,0.9999997615814209,silence,[1.000],"[0.022, 0.054, 0.070, 0.003, 0.020, 0.008, 1.000]"
122.84,122.88,silence,0.9999997615814209,silence,[1.000],"[0.020, 0.054, 0.077, 0.003, 0.022, 0.008, 1.000]"
122.88,122.92,silence,0.9999997615814209,silence,[1.000],"[0.018, 0.053, 0.083, 0.003, 0.024, 0.008, 1.000]"
122.92,122.96,silence,0.9999996423721313,silence,[1.000],"[0.016, 0.053, 0.088, 0.003, 0.025, 0.008, 1.000]"
122.96,123.0,silence,0.9999995231628418,silence,[1.000],"[0.014, 0.053, 0.093, 0.003, 0.027, 0.008, 1.000]"
123.0,123.04,silence,0.9999995231628418,silence,[1.000],"[0.012, 0.053, 0.095, 0.003, 0.028, 0.008, 1.000]"
123.04,123.08,silence,0.9999992847442627,silence,[1.000],"[0.011, 0.053, 0.096, 0.003, 0.030, 0.008, 1.000]"
123.08,123.12,silence,0.9999991655349731,silence,[1.000],"[0.009, 0.054, 0.096, 0.003, 0.031, 0.008, 1.000]"
123.12,123.16,silence,0.9999988079071045,silence,[1.000],"[0.008, 0.054, 0.093, 0.003, 0.033, 0.008, 1.000]"
123.16,123.2,silence,0.9999985694885254,silence,[1.000],"[0.007, 0.055, 0.089, 0.003, 0.034, 0.009, 1.000]"
123.2,123.24,silence,0.9999980926513672,silence,[1.000],"[0.006, 0.056, 0.084, 0.003, 0.035, 0.009, 1.000]"
123.24,123.28,silence,0.9999974966049194,silence,[1.000],"[0.005, 0.056, 0.077, 0.003, 0.035, 0.010, 1.000]"
123.28,123.32,silence,0.9999967813491821,silence,[1.000],"[0.004, 0.057, 0.070, 0.003, 0.036, 0.010, 1.000]"
123.32,123.36,silence,0.9999958276748657,silence,[1.000],"[0.004, 0.058, 0.062, 0.004, 0.036, 0.011, 1.000]"
123.36,123.4,silence,0.9999946355819702,silence,[1.000],"[0.003, 0.058, 0.054, 0.004, 0.036, 0.012, 1.000]"
123.4,123.44,silence,0.9999932050704956,silence,[1.000],"[0.003, 0.058, 0.046, 0.004, 0.035, 0.013, 1.000]"
123.44,123.48,silence,0.9999916553497314,silence,[1.000],"[0.002, 0.058, 0.039, 0.004, 0.035, 0.014, 1.000]"
123.48,123.52,silence,0.9999899864196777,silence,[1.000],"[0.002, 0.057, 0.032, 0.005, 0.034, 0.016, 1.000]"
123.52,123.56,silence,0.9999880790710449,silence,[1.000],"[0.002, 0.056, 0.026, 0.005, 0.033, 0.018, 1.000]"
123.56,123.6,silence,0.9999862909317017,silence,[1.000],"[0.002, 0.055, 0.021, 0.005, 0.032, 0.020, 1.000]"
123.6,123.64,silence,0.999984622001648,silence,[1.000],"[0.001, 0.053, 0.017, 0.006, 0.032, 0.023, 1.000]"
123.64,123.68,silence,0.9999831914901733,silence,[1.000],"[0.001, 0.051, 0.014, 0.006, 0.031, 0.026, 1.000]"
123.68,123.72,silence,0.9999821186065674,silence,[1.000],"[0.001, 0.049, 0.011, 0.007, 0.030, 0.029, 1.000]"
123.72,123.76,silence,0.9999816417694092,silence,[1.000],"[0.001, 0.047, 0.009, 0.008, 0.028, 0.033, 1.000]"
123.76,123.8,silence,0.9999815225601196,silence,[1.000],"[0.001, 0.045, 0.007, 0.009, 0.027, 0.038, 1.000]"
123.8,123.84,silence,0.9999819993972778,silence,[1.000],"[0.001, 0.042, 0.006, 0.009, 0.026, 0.042, 1.000]"
123.84,123.88,silence,0.9999828338623047,silence,[1.000],"[0.001, 0.040, 0.004, 0.010, 0.025, 0.048, 1.000]"
123.88,123.92,silence,0.9999841451644897,silence,[1.000],"[0.001, 0.038, 0.004, 0.011, 0.024, 0.053, 1.000]"
123.92,123.96,silence,0.9999855756759644,silence,[1.000],"[0.001, 0.035, 0.003, 0.013, 0.023, 0.059, 1.000]"
123.96,124.0,silence,0.9999871253967285,silence,[1.000],"[0.001, 0.033, 0.002, 0.014, 0.022, 0.066, 1.000]"
124.0,124.04,silence,0.9999887943267822,silence,[1.000],"[0.001, 0.031, 0.002, 0.015, 0.021, 0.072, 1.000]"
124.04,124.08,silence,0.9999902248382568,silence,[1.000],"[0.001, 0.029, 0.002, 0.017, 0.021, 0.078, 1.000]"
124.08,124.12,silence,0.9999916553497314,silence,[1.000],"[0.001, 0.027, 0.002, 0.019, 0.020, 0.085, 1.000]"
124.12,124.16,silence,0.999992847442627,silence,[1.000],"[0.001, 0.025, 0.001, 0.020, 0.019, 0.091, 1.000]"
124.16,124.2,silence,0.9999939203262329,silence,[1.000],"[0.001, 0.023, 0.001, 0.022, 0.018, 0.096, 1.000]"
124.2,124.24,silence,0.9999948740005493,silence,[1.000],"[0.001, 0.021, 0.001, 0.024, 0.017, 0.101, 1.000]"
124.24,124.28,silence,0.9999955892562866,silence,[1.000],"[0.001, 0.020, 0.001, 0.026, 0.017, 0.105, 1.000]"
124.28,124.32,silence,0.9999961853027344,silence,[1.000],"[0.001, 0.018, 0.001, 0.028, 0.016, 0.108, 1.000]"
124.32,124.36,silence,0.9999966621398926,silence,[1.000],"[0.001, 0.017, 0.001, 0.030, 0.016, 0.110, 1.000]"
124.36,124.4,silence,0.9999971389770508,silence,[1.000],"[0.001, 0.016, 0.001, 0.032, 0.015, 0.111, 1.000]"
124.4,124.44,silence,0.9999973773956299,silence,[1.000],"[0.001, 0.015, 0.001, 0.033, 0.015, 0.110, 1.000]"
124.44,124.48,silence,0.9999977350234985,silence,[1.000],"[0.001, 0.014, 0.001, 0.035, 0.014, 0.108, 1.000]"
124.48,124.52,silence,0.9999978542327881,silence,[1.000],"[0.002, 0.014, 0.001, 0.036, 0.014, 0.106, 1.000]"
124.52,124.56,silence,0.9999980926513672,silence,[1.000],"[0.002, 0.013, 0.001, 0.037, 0.014, 0.102, 1.000]"
124.56,124.6,silence,0.9999982118606567,silence,[1.000],"[0.002, 0.012, 0.001, 0.038, 0.013, 0.097, 1.000]"
124.6,124.64,silence,0.9999982118606567,silence,[1.000],"[0.002, 0.012, 0.001, 0.038, 0.013, 0.092, 1.000]"
124.64,124.68,silence,0.9999983310699463,silence,[1.000],"[0.003, 0.011, 0.001, 0.038, 0.013, 0.087, 1.000]"
124.68,124.72,silence,0.9999983310699463,silence,[1.000],"[0.003, 0.011, 0.001, 0.038, 0.013, 0.081, 1.000]"
124.72,124.76,silence,0.9999983310699463,silence,[1.000],"[0.003, 0.011, 0.001, 0.037, 0.013, 0.075, 1.000]"
124.76,124.8,silence,0.9999983310699463,silence,[1.000],"[0.004, 0.010, 0.001, 0.036, 0.013, 0.069, 1.000]"
124.8,124.84,silence,0.9999983310699463,silence,[1.000],"[0.004, 0.010, 0.001, 0.034, 0.013, 0.064, 1.000]"
124.84,124.88,silence,0.9999983310699463,silence,[1.000],"[0.005, 0.010, 0.001, 0.032, 0.014, 0.059, 1.000]"
124.88,124.92,silence,0.9999983310699463,silence,[1.000],"[0.005, 0.010, 0.001, 0.030, 0.015, 0.054, 1.000]"
124.92,124.96,silence,0.9999982118606567,silence,[1.000],"[0.006, 0.010, 0.001, 0.028, 0.016, 0.050, 1.000]"
124.96,125.0,silence,0.9999982118606567,silence,[1.000],"[0.007, 0.010, 0.001, 0.025, 0.017, 0.046, 1.000]"
125.0,125.04,silence,0.9999982118606567,silence,[1.000],"[0.008, 0.010, 0.002, 0.023, 0.018, 0.043, 1.000]"
125.04,125.08,silence,0.9999982118606567,silence,[1.000],"[0.009, 0.011, 0.002, 0.020, 0.021, 0.041, 1.000]"
125.08,125.12,silence,0.9999982118606567,silence,[1.000],"[0.010, 0.011, 0.002, 0.018, 0.023, 0.039, 1.000]"
125.12,125.16,silence,0.9999982118606567,silence,[1.000],"[0.011, 0.011, 0.002, 0.015, 0.026, 0.037, 1.000]"
125.16,125.2,silence,0.9999982118606567,silence,[1.000],"[0.013, 0.012, 0.002, 0.013, 0.031, 0.036, 1.000]"
125.2,125.24,silence,0.9999983310699463,silence,[1.000],"[0.015, 0.012, 0.002, 0.011, 0.036, 0.035, 1.000]"
125.24,125.28,silence,0.9999983310699463,silence,[1.000],"[0.017, 0.013, 0.002, 0.009, 0.042, 0.035, 1.000]"
125.28,125.32,silence,0.9999983310699463,silence,[1.000],"[0.019, 0.014, 0.002, 0.008, 0.050, 0.034, 1.000]"
125.32,125.36,silence,0.9999983310699463,silence,[1.000],"[0.022, 0.015, 0.002, 0.006, 0.060, 0.034, 1.000]"
125.36,125.4,silence,0.9999984502792358,silence,[1.000],"[0.025, 0.016, 0.002, 0.005, 0.072, 0.035, 1.000]"
125.4,125.44,silence,0.9999984502792358,silence,[1.000],"[0.029, 0.018, 0.002, 0.004, 0.087, 0.035, 1.000]"
125.44,125.48,silence,0.9999984502792358,silence,[1.000],"[0.033, 0.019, 0.002, 0.004, 0.104, 0.036, 1.000]"
125.48,125.52,silence,0.9999984502792358,silence,[1.000],"[0.038, 0.021, 0.002, 0.003, 0.125, 0.037, 1.000]"
125.52,125.56,silence,0.9999984502792358,silence,[1.000],"[0.043, 0.023, 0.002, 0.003, 0.148, 0.038, 1.000]"
125.56,125.6,silence,0.9999984502792358,silence,[1.000],"[0.049, 0.026, 0.001, 0.002, 0.174, 0.040, 1.000]"
125.6,125.64,silence,0.9999984502792358,silence,[1.000],"[0.055, 0.028, 0.001, 0.002, 0.202, 0.042, 1.000]"
125.64,125.68,silence,0.9999984502792358,silence,[1.000],"[0.061, 0.031, 0.001, 0.002, 0.231, 0.044, 1.000]"
125.68,125.72,silence,0.9999984502792358,silence,[1.000],"[0.068, 0.034, 0.001, 0.001, 0.261, 0.047, 1.000]"
125.72,125.76,silence,0.9999984502792358,silence,[1.000],"[0.074, 0.037, 0.001, 0.001, 0.290, 0.050, 1.000]"
125.76,125.8,silence,0.9999984502792358,silence,[1.000],"[0.080, 0.040, 0.001, 0.001, 0.318, 0.053, 1.000]"
125.8,125.84,silence,0.9999983310699463,silence,[1.000],"[0.086, 0.043, 0.001, 0.001, 0.343, 0.058, 1.000]"
125.84,125.88,silence,0.9999983310699463,silence,[1.000],"[0.091, 0.046, 0.001, 0.001, 0.365, 0.063, 1.000]"
125.88,125.92,silence,0.9999982118606567,silence,[1.000],"[0.095, 0.048, 0.001, 0.001, 0.384, 0.069, 1.000]"
125.92,125.96,silence,0.9999980926513672,silence,[1.000],"[0.097, 0.050, 0.001, 0.001, 0.398, 0.075, 1.000]"
125.96,126.0,silence,0.9999980926513672,silence,[1.000],"[0.098, 0.051, 0.001, 0.001, 0.408, 0.082, 1.000]"
126.0,126.04,silence,0.9999979734420776,silence,[1.000],"[0.098, 0.052, 0.001, 0.001, 0.413, 0.090, 1.000]"
126.04,126.08,silence,0.9999978542327881,silence,[1.000],"[0.096, 0.052, 0.001, 0.001, 0.414, 0.099, 1.000]"
126.08,126.12,silence,0.9999977350234985,silence,[1.000],"[0.093, 0.051, 0.002, 0.001, 0.411, 0.107, 1.000]"
126.12,126.16,silence,0.999997615814209,silence,[1.000],"[0.088, 0.050, 0.002, 0.001, 0.404, 0.117, 1.000]"
126.16,126.2,silence,0.9999974966049194,silence,[1.000],"[0.083, 0.048, 0.002, 0.001, 0.392, 0.126, 1.000]"
126.2,126.24,silence,0.9999973773956299,silence,[1.000],"[0.077, 0.045, 0.002, 0.001, 0.377, 0.135, 1.000]"
126.24,126.28,silence,0.9999972581863403,silence,[1.000],"[0.071, 0.042, 0.002, 0.001, 0.358, 0.144, 1.000]"
126.28,126.32,silence,0.9999972581863403,silence,[1.000],"[0.065, 0.039, 0.002, 0.001, 0.336, 0.153, 1.000]"
126.32,126.36,silence,0.9999972581863403,silence,[1.000],"[0.058, 0.036, 0.003, 0.001, 0.312, 0.161, 1.000]"
126.36,126.4,silence,0.9999972581863403,silence,[1.000],"[0.052, 0.032, 0.003, 0.002, 0.287, 0.169, 1.000]"
126.4,126.44,silence,0.9999972581863403,silence,[1.000],"[0.046, 0.029, 0.003, 0.002, 0.260, 0.175, 1.000]"
126.44,126.48,silence,0.9999972581863403,silence,[1.000],"[0.041, 0.026, 0.004, 0.002, 0.233, 0.181, 1.000]"
126.48,126.52,silence,0.9999972581863403,silence,[1.000],"[0.037, 0.024, 0.004, 0.002, 0.207, 0.186, 1.000]"
126.52,126.56,silence,0.9999972581863403,silence,[1.000],"[0.032, 0.021, 0.005, 0.002, 0.182, 0.190, 1.000]"
126.56,126.6,silence,0.9999972581863403,silence,[1.000],"[0.029, 0.019, 0.005, 0.003, 0.159, 0.192, 1.000]"
126.6,126.64,silence,0.9999972581863403,silence,[1.000],"[0.026, 0.017, 0.006, 0.003, 0.137, 0.194, 1.000]"
126.64,126.68,silence,0.9999973773956299,silence,[1.000],"[0.023, 0.016, 0.006, 0.003, 0.118, 0.194, 1.000]"
126.68,126.72,silence,0.9999973773956299,silence,[1.000],"[0.021, 0.014, 0.007, 0.003, 0.101, 0.194, 1.000]"
126.72,126.76,silence,0.9999973773956299,silence,[1.000],"[0.019, 0.013, 0.008, 0.004, 0.085, 0.193, 1.000]"
126.76,126.8,silence,0.9999973773956299,silence,[1.000],"[0.018, 0.012, 0.008, 0.004, 0.072, 0.191, 1.000]"
126.8,126.84,silence,0.9999973773956299,silence,[1.000],"[0.016, 0.011, 0.009, 0.004, 0.061, 0.188, 1.000]"
126.84,126.88,silence,0.9999972581863403,silence,[1.000],"[0.015, 0.011, 0.009, 0.004, 0.052, 0.184, 1.000]"
126.88,126.92,silence,0.9999972581863403,silence,[1.000],"[0.014, 0.010, 0.010, 0.004, 0.043, 0.180, 1.000]"
126.92,126.96,silence,0.9999972581863403,silence,[1.000],"[0.014, 0.010, 0.010, 0.004, 0.037, 0.175, 1.000]"
126.96,127.0,silence,0.9999971389770508,silence,[1.000],"[0.013, 0.010, 0.011, 0.004, 0.031, 0.168, 1.000]"
127.0,127.04,silence,0.9999970197677612,silence,[1.000],"[0.012, 0.009, 0.011, 0.004, 0.026, 0.161, 1.000]"
127.04,127.08,silence,0.9999969005584717,silence,[1.000],"[0.012, 0.009, 0.011, 0.004, 0.022, 0.153, 1.000]"
127.08,127.12,silence,0.9999967813491821,silence,[1.000],"[0.012, 0.009, 0.012, 0.004, 0.019, 0.145, 1.000]"
127.12,127.16,silence,0.9999966621398926,silence,[1.000],"[0.011, 0.009, 0.012, 0.004, 0.016, 0.136, 1.000]"
127.16,127.2,silence,0.999996542930603,silence,[1.000],"[0.011, 0.010, 0.012, 0.004, 0.013, 0.127, 1.000]"
127.2,127.24,silence,0.9999963045120239,silence,[1.000],"[0.011, 0.010, 0.012, 0.003, 0.012, 0.118, 1.000]"
127.24,127.28,silence,0.9999960660934448,silence,[1.000],"[0.010, 0.010, 0.012, 0.003, 0.010, 0.109, 1.000]"
127.28,127.32,silence,0.9999957084655762,silence,[1.000],"[0.010, 0.011, 0.011, 0.003, 0.009, 0.101, 1.000]"
127.32,127.36,silence,0.9999953508377075,silence,[1.000],"[0.010, 0.012, 0.011, 0.003, 0.007, 0.093, 1.000]"
127.36,127.4,silence,0.9999948740005493,silence,[1.000],"[0.009, 0.012, 0.011, 0.003, 0.007, 0.085, 1.000]"
127.4,127.44,silence,0.9999942779541016,silence,[1.000],"[0.009, 0.013, 0.011, 0.003, 0.006, 0.078, 1.000]"
127.44,127.48,silence,0.9999935626983643,silence,[1.000],"[0.009, 0.014, 0.010, 0.002, 0.005, 0.071, 1.000]"
127.48,127.52,silence,0.999992847442627,silence,[1.000],"[0.009, 0.015, 0.010, 0.002, 0.005, 0.065, 1.000]"
127.52,127.56,silence,0.9999920129776001,silence,[1.000],"[0.008, 0.016, 0.009, 0.002, 0.004, 0.059, 1.000]"
127.56,127.6,silence,0.9999910593032837,silence,[1.000],"[0.008, 0.017, 0.009, 0.002, 0.004, 0.054, 1.000]"
127.6,127.64,silence,0.9999899864196777,silence,[1.000],"[0.008, 0.018, 0.009, 0.002, 0.004, 0.050, 1.000]"
127.64,127.68,silence,0.9999887943267822,silence,[1.000],"[0.007, 0.019, 0.008, 0.002, 0.004, 0.046, 1.000]"
127.68,127.72,silence,0.9999874830245972,silence,[1.000],"[0.007, 0.020, 0.008, 0.002, 0.004, 0.042, 1.000]"
127.72,127.76,silence,0.9999860525131226,silence,[1.000],"[0.007, 0.021, 0.007, 0.002, 0.004, 0.039, 1.000]"
127.76,127.8,silence,0.999984622001648,silence,[1.000],"[0.006, 0.021, 0.007, 0.002, 0.004, 0.035, 1.000]"
127.8,127.84,silence,0.9999831914901733,silence,[1.000],"[0.006, 0.022, 0.007, 0.002, 0.004, 0.033, 1.000]"
127.84,127.88,silence,0.9999818801879883,silence,[1.000],"[0.006, 0.023, 0.006, 0.002, 0.004, 0.030, 1.000]"
127.88,127.92,silence,0.9999806880950928,silence,[1.000],"[0.005, 0.023, 0.006, 0.002, 0.005, 0.028, 1.000]"
127.92,127.96,silence,0.9999797344207764,silence,[1.000],"[0.005, 0.023, 0.006, 0.002, 0.005, 0.026, 1.000]"
127.96,128.0,silence,0.9999790191650391,silence,[1.000],"[0.005, 0.023, 0.005, 0.002, 0.005, 0.024, 1.000]"
128.0,128.04,silence,0.9999786615371704,silence,[1.000],"[0.005, 0.023, 0.005, 0.002, 0.006, 0.022, 1.000]"
128.04,128.08,silence,0.99997878074646,silence,[1.000],"[0.004, 0.023, 0.005, 0.002, 0.007, 0.020, 1.000]"
128.08,128.12,silence,0.9999792575836182,silence,[1.000],"[0.004, 0.022, 0.004, 0.002, 0.007, 0.019, 1.000]"
128.12,128.16,silence,0.9999802112579346,silence,[1.000],"[0.004, 0.021, 0.004, 0.002, 0.008, 0.017, 1.000]"
128.16,128.2,silence,0.9999814033508301,silence,[1.000],"[0.003, 0.020, 0.004, 0.002, 0.009, 0.016, 1.000]"
128.2,128.24,silence,0.9999829530715942,silence,[1.000],"[0.003, 0.019, 0.003, 0.002, 0.010, 0.015, 1.000]"
128.24,128.28,silence,0.999984622001648,silence,[1.000],"[0.003, 0.018, 0.003, 0.002, 0.011, 0.014, 1.000]"
128.28,128.32,silence,0.9999864101409912,silence,[1.000],"[0.003, 0.017, 0.003, 0.002, 0.013, 0.013, 1.000]"
128.32,128.36,silence,0.999988317489624,silence,[1.000],"[0.002, 0.016, 0.003, 0.002, 0.014, 0.013, 1.000]"
128.36,128.4,silence,0.9999901056289673,silence,[1.000],"[0.002, 0.015, 0.003, 0.001, 0.015, 0.012, 1.000]"
128.4,128.44,silence,0.9999918937683105,silence,[1.000],"[0.002, 0.014, 0.003, 0.001, 0.016, 0.011, 1.000]"
128.44,128.48,silence,0.9999934434890747,silence,[1.000],"[0.002, 0.013, 0.003, 0.001, 0.016, 0.011, 1.000]"
128.48,128.52,silence,0.9999948740005493,silence,[1.000],"[0.002, 0.012, 0.002, 0.001, 0.017, 0.010, 1.000]"
128.52,128.56,silence,0.9999960660934448,silence,[1.000],"[0.002, 0.011, 0.002, 0.001, 0.017, 0.010, 1.000]"
128.56,128.6,silence,0.9999971389770508,silence,[1.000],"[0.002, 0.010, 0.002, 0.001, 0.017, 0.009, 1.000]"
128.6,128.64,silence,0.9999978542327881,silence,[1.000],"[0.001, 0.009, 0.002, 0.001, 0.016, 0.009, 1.000]"
128.64,128.68,silence,0.9999984502792358,silence,[1.000],"[0.001, 0.008, 0.003, 0.001, 0.016, 0.008, 1.000]"
128.68,128.72,silence,0.999998927116394,silence,[1.000],"[0.001, 0.007, 0.003, 0.001, 0.015, 0.008, 1.000]"
128.72,128.76,silence,0.9999992847442627,silence,[1.000],"[0.001, 0.007, 0.003, 0.001, 0.013, 0.008, 1.000]"
128.76,128.8,silence,0.9999995231628418,silence,[1.000],"[0.001, 0.006, 0.003, 0.001, 0.012, 0.008, 1.000]"
128.8,128.84,silence,0.9999996423721313,silence,[1.000],"[0.001, 0.006, 0.003, 0.001, 0.011, 0.007, 1.000]"
128.84,128.88,silence,0.9999997615814209,silence,[1.000],"[0.001, 0.005, 0.004, 0.001, 0.009, 0.007, 1.000]"
128.88,128.92,silence,0.9999998807907104,silence,[1.000],"[0.001, 0.005, 0.004, 0.001, 0.008, 0.007, 1.000]"
128.92,128.96,silence,0.9999998807907104,silence,[1.000],"[0.001, 0.005, 0.005, 0.001, 0.007, 0.007, 1.000]"
128.96,129.0,silence,0.9999998807907104,silence,[1.000],"[0.001, 0.005, 0.006, 0.001, 0.006, 0.007, 1.000]"
129.0,129.04,silence,1.0,silence,[1.000],"[0.001, 0.004, 0.006, 0.001, 0.005, 0.007, 1.000]"
129.04,129.08,silence,1.0,silence,[1.000],"[0.001, 0.004, 0.008, 0.000, 0.004, 0.007, 1.000]"
129.08,129.12,silence,1.0,silence,[1.000],"[0.001, 0.004, 0.009, 0.000, 0.004, 0.007, 1.000]"
129.12,129.16,silence,1.0,silence,[1.000],"[0.001, 0.004, 0.010, 0.000, 0.003, 0.007, 1.000]"
129.16,129.2,silence,1.0,silence,[1.000],"[0.001, 0.004, 0.012, 0.000, 0.003, 0.007, 1.000]"
129.2,129.24,silence,1.0,silence,[1.000],"[0.002, 0.004, 0.014, 0.000, 0.002, 0.007, 1.000]"
129.24,129.28,silence,1.0,silence,[1.000],"[0.002, 0.004, 0.016, 0.000, 0.002, 0.008, 1.000]"
129.28,129.32,silence,1.0,silence,[1.000],"[0.002, 0.004, 0.018, 0.000, 0.002, 0.008, 1.000]"
129.32,129.36,silence,1.0,silence,[1.000],"[0.002, 0.004, 0.021, 0.000, 0.002, 0.008, 1.000]"
129.36,129.4,silence,1.0,silence,[1.000],"[0.002, 0.004, 0.023, 0.000, 0.002, 0.009, 1.000]"
129.4,129.44,silence,1.0,silence,[1.000],"[0.002, 0.004, 0.026, 0.000, 0.002, 0.010, 1.000]"
129.44,129.48,silence,1.0,silence,[1.000],"[0.003, 0.004, 0.028, 0.000, 0.002, 0.011, 1.000]"
129.48,129.52,silence,1.0,silence,[1.000],"[0.003, 0.005, 0.031, 0.000, 0.002, 0.012, 1.000]"
129.52,129.56,silence,1.0,silence,[1.000],"[0.004, 0.005, 0.033, 0.000, 0.002, 0.013, 1.000]"
129.56,129.6,silence,1.0,silence,[1.000],"[0.004, 0.005, 0.034, 0.001, 0.002, 0.014, 1.000]"
129.6,129.64,silence,1.0,silence,[1.000],"[0.005, 0.005, 0.035, 0.001, 0.002, 0.016, 1.000]"
129.64,129.68,silence,1.0,silence,[1.000],"[0.005, 0.005, 0.036, 0.001, 0.003, 0.018, 1.000]"
129.68,129.72,silence,1.0,silence,[1.000],"[0.006, 0.005, 0.036, 0.001, 0.003, 0.020, 1.000]"
129.72,129.76,silence,1.0,silence,[1.000],"[0.007, 0.005, 0.036, 0.001, 0.003, 0.022, 1.000]"
129.76,129.8,silence,1.0,silence,[1.000],"[0.009, 0.005, 0.035, 0.001, 0.004, 0.025, 1.000]"
129.8,129.84,silence,1.0,silence,[1.000],"[0.011, 0.005, 0.034, 0.001, 0.005, 0.029, 1.000]"
129.84,129.88,silence,1.0,silence,[1.000],"[0.013, 0.005, 0.032, 0.001, 0.005, 0.033, 1.000]"
129.88,129.92,silence,1.0,silence,[1.000],"[0.016, 0.005, 0.031, 0.001, 0.006, 0.037, 1.000]"
129.92,129.96,silence,1.0,silence,[1.000],"[0.019, 0.005, 0.029, 0.001, 0.007, 0.043, 1.000]"
129.96,130.0,silence,1.0,silence,[1.000],"[0.024, 0.005, 0.027, 0.001, 0.009, 0.049, 1.000]"
130.0,130.04,silence,1.0,silence,[1.000],"[0.029, 0.005, 0.025, 0.001, 0.010, 0.057, 1.000]"
130.04,130.08,silence,0.9999998807907104,silence,[1.000],"[0.036, 0.005, 0.024, 0.002, 0.011, 0.067, 1.000]"
130.08,130.12,silence,0.9999998807907104,silence,[1.000],"[0.044, 0.005, 0.022, 0.002, 0.013, 0.078, 1.000]"
130.12,130.16,silence,0.9999998807907104,silence,[1.000],"[0.054, 0.005, 0.021, 0.002, 0.014, 0.092, 1.000]"
130.16,130.2,silence,0.9999998807907104,silence,[1.000],"[0.066, 0.005, 0.019, 0.002, 0.016, 0.108, 1.000]"
130.2,130.24,silence,0.9999998807907104,silence,[1.000],"[0.080, 0.005, 0.018, 0.002, 0.017, 0.127, 1.000]"
130.24,130.28,silence,0.9999997615814209,silence,[1.000],"[0.095, 0.005, 0.017, 0.003, 0.019, 0.150, 1.000]"
130.28,130.32,silence,0.9999997615814209,silence,[1.000],"[0.112, 0.005, 0.017, 0.003, 0.020, 0.176, 1.000]"
130.32,130.36,silence,0.9999997615814209,silence,[1.000],"[0.130, 0.004, 0.016, 0.003, 0.021, 0.206, 1.000]"
130.36,130.4,silence,0.9999996423721313,silence,[1.000],"[0.149, 0.004, 0.016, 0.003, 0.022, 0.240, 1.000]"
130.4,130.44,silence,0.9999996423721313,silence,[1.000],"[0.167, 0.004, 0.015, 0.004, 0.022, 0.279, 1.000]"
130.44,130.48,silence,0.9999996423721313,silence,[1.000],"[0.183, 0.003, 0.015, 0.004, 0.023, 0.321, 1.000]"
130.48,130.52,silence,0.9999996423721313,silence,[1.000],"[0.198, 0.003, 0.015, 0.004, 0.023, 0.366, 1.000]"
130.52,130.56,silence,0.9999995231628418,silence,[1.000],"[0.209, 0.003, 0.015, 0.005, 0.023, 0.413, 1.000]"
130.56,130.6,silence,0.9999995231628418,silence,[1.000],"[0.217, 0.002, 0.015, 0.005, 0.023, 0.461, 1.000]"
130.6,130.64,silence,0.9999995231628418,silence,[1.000],"[0.221, 0.002, 0.016, 0.006, 0.023, 0.509, 1.000]"
130.64,130.68,silence,0.9999995231628418,silence,[1.000],"[0.220, 0.002, 0.016, 0.006, 0.023, 0.556, 1.000]"
130.68,130.72,silence,0.9999995231628418,silence,[1.000],"[0.214, 0.001, 0.017, 0.007, 0.023, 0.600, 1.000]"
130.72,130.76,silence,0.9999994039535522,Leeseo|silence,"[0.641, 1.000]","[0.204, 0.001, 0.017, 0.007, 0.023, 0.641, 1.000]"
130.76,130.8,silence,0.9999994039535522,Leeseo|silence,"[0.679, 1.000]","[0.190, 0.001, 0.018, 0.008, 0.023, 0.679, 1.000]"
130.8,130.84,silence,0.9999994039535522,Leeseo|silence,"[0.712, 1.000]","[0.173, 0.001, 0.019, 0.009, 0.023, 0.712, 1.000]"
130.84,130.88,silence,0.9999992847442627,Leeseo|silence,"[0.742, 1.000]","[0.155, 0.001, 0.020, 0.009, 0.023, 0.742, 1.000]"
130.88,130.92,silence,0.9999992847442627,Leeseo|silence,"[0.768, 1.000]","[0.136, 0.001, 0.021, 0.010, 0.024, 0.768, 1.000]"
130.92,130.96,silence,0.9999991655349731,Leeseo|silence,"[0.790, 1.000]","[0.117, 0.000, 0.021, 0.011, 0.025, 0.790, 1.000]"
130.96,131.0,silence,0.9999990463256836,Leeseo|silence,"[0.808, 1.000]","[0.099, 0.000, 0.022, 0.012, 0.026, 0.808, 1.000]"
131.0,131.04,silence,0.9999988079071045,Leeseo|silence,"[0.823, 1.000]","[0.082, 0.000, 0.023, 0.013, 0.028, 0.823, 1.000]"
131.04,131.08,silence,0.9999985694885254,Leeseo|silence,"[0.835, 1.000]","[0.068, 0.000, 0.025, 0.014, 0.030, 0.835, 1.000]"
131.08,131.12,silence,0.9999980926513672,Leeseo|silence,"[0.843, 1.000]","[0.057, 0.000, 0.026, 0.014, 0.033, 0.843, 1.000]"
131.12,131.16,silence,0.9999973773956299,Leeseo|silence,"[0.848, 1.000]","[0.047, 0.000, 0.027, 0.015, 0.036, 0.848, 1.000]"
131.16,131.2,silence,0.9999963045120239,Leeseo|silence,"[0.851, 1.000]","[0.039, 0.000, 0.029, 0.016, 0.040, 0.851, 1.000]"
131.2,131.24,silence,0.9999946355819702,Leeseo|silence,"[0.850, 1.000]","[0.033, 0.000, 0.031, 0.018, 0.044, 0.850, 1.000]"
131.24,131.28,silence,0.9999920129776001,Leeseo|silence,"[0.846, 1.000]","[0.028, 0.000, 0.033, 0.019, 0.048, 0.846, 1.000]"
131.28,131.32,silence,0.9999876022338867,Leeseo|silence,"[0.839, 1.000]","[0.025, 0.000, 0.036, 0.020, 0.053, 0.839, 1.000]"
131.32,131.36,silence,0.9999803304672241,Leeseo|silence,"[0.828, 1.000]","[0.022, 0.000, 0.039, 0.020, 0.058, 0.828, 1.000]"
131.36,131.4,silence,0.9999682903289795,Leeseo|silence,"[0.813, 1.000]","[0.020, 0.000, 0.042, 0.021, 0.064, 0.813, 1.000]"
131.4,131.44,silence,0.9999476671218872,Leeseo|silence,"[0.793, 1.000]","[0.018, 0.000, 0.047, 0.022, 0.070, 0.793, 1.000]"
131.44,131.48,silence,0.9999129772186279,Leeseo|silence,"[0.768, 1.000]","[0.017, 0.000, 0.052, 0.023, 0.076, 0.768, 1.000]"
131.48,131.52,silence,0.9998546838760376,Leeseo|silence,"[0.736, 1.000]","[0.017, 0.000, 0.058, 0.023, 0.082, 0.736, 1.000]"
131.52,131.56,silence,0.9997585415840149,Leeseo|silence,"[0.697, 1.000]","[0.016, 0.000, 0.065, 0.024, 0.088, 0.697, 1.000]"
131.56,131.6,silence,0.999603807926178,Leeseo|silence,"[0.651, 1.000]","[0.016, 0.000, 0.073, 0.024, 0.093, 0.651, 1.000]"
131.6,131.64,silence,0.9993627667427063,Leeseo|silence,"[0.598, 0.999]","[0.017, 0.000, 0.083, 0.025, 0.098, 0.598, 0.999]"
131.64,131.68,silence,0.9990025162696838,silence,[0.999],"[0.017, 0.000, 0.094, 0.025, 0.102, 0.538, 0.999]"
131.68,131.72,silence,0.9984904527664185,silence,[0.998],"[0.018, 0.000, 0.107, 0.025, 0.106, 0.475, 0.998]"
131.72,131.76,silence,0.9978031516075134,silence,[0.998],"[0.019, 0.000, 0.121, 0.025, 0.108, 0.411, 0.998]"
131.76,131.8,silence,0.9969422221183777,silence,[0.997],"[0.021, 0.000, 0.138, 0.025, 0.110, 0.348, 0.997]"
131.8,131.84,silence,0.9959486126899719,silence,[0.996],"[0.022, 0.000, 0.156, 0.025, 0.110, 0.289, 0.996]"
131.84,131.88,silence,0.9949081540107727,silence,[0.995],"[0.024, 0.000, 0.176, 0.024, 0.110, 0.237, 0.995]"
131.88,131.92,silence,0.9939436316490173,silence,[0.994],"[0.027, 0.000, 0.197, 0.024, 0.108, 0.192, 0.994]"
131.92,131.96,silence,0.9931957721710205,silence,[0.993],"[0.029, 0.000, 0.218, 0.024, 0.105, 0.154, 0.993]"
131.96,132.0,silence,0.9927854537963867,silence,[0.993],"[0.032, 0.001, 0.238, 0.023, 0.101, 0.123, 0.993]"
132.0,132.04,silence,0.9927807450294495,silence,[0.993],"[0.035, 0.001, 0.257, 0.023, 0.097, 0.098, 0.993]"
132.04,132.08,silence,0.9931814074516296,silence,[0.993],"[0.038, 0.001, 0.275, 0.023, 0.092, 0.078, 0.993]"
132.08,132.12,silence,0.9939129948616028,silence,[0.994],"[0.041, 0.001, 0.289, 0.022, 0.086, 0.063, 0.994]"
132.12,132.16,silence,0.9948535561561584,silence,[0.995],"[0.043, 0.001, 0.300, 0.022, 0.080, 0.051, 0.995]"
132.16,132.2,silence,0.9958680868148804,silence,[0.996],"[0.046, 0.001, 0.306, 0.021, 0.075, 0.041, 0.996]"
132.2,132.24,silence,0.9968408346176147,silence,[0.997],"[0.047, 0.001, 0.308, 0.020, 0.069, 0.034, 0.997]"
132.24,132.28,silence,0.9976915121078491,silence,[0.998],"[0.048, 0.001, 0.305, 0.020, 0.064, 0.028, 0.998]"
132.28,132.32,silence,0.9983807802200317,silence,[0.998],"[0.048, 0.001, 0.298, 0.019, 0.059, 0.024, 0.998]"
132.32,132.36,silence,0.9989041090011597,silence,[0.999],"[0.047, 0.002, 0.286, 0.019, 0.054, 0.021, 0.999]"
132.36,132.4,silence,0.9992799162864685,silence,[0.999],"[0.046, 0.002, 0.270, 0.018, 0.050, 0.018, 0.999]"
132.4,132.44,silence,0.999537467956543,silence,[1.000],"[0.043, 0.002, 0.251, 0.018, 0.046, 0.016, 1.000]"
132.44,132.48,silence,0.9997074007987976,silence,[1.000],"[0.040, 0.002, 0.230, 0.017, 0.042, 0.015, 1.000]"
132.48,132.52,silence,0.9998164772987366,silence,[1.000],"[0.036, 0.002, 0.207, 0.017, 0.040, 0.014, 1.000]"
132.52,132.56,silence,0.999884843826294,silence,[1.000],"[0.032, 0.002, 0.184, 0.016, 0.037, 0.013, 1.000]"
132.56,132.6,silence,0.999927282333374,silence,[1.000],"[0.027, 0.002, 0.162, 0.016, 0.035, 0.013, 1.000]"
132.6,132.64,silence,0.9999533891677856,silence,[1.000],"[0.023, 0.003, 0.141, 0.015, 0.033, 0.013, 1.000]"
132.64,132.68,silence,0.999969482421875,silence,[1.000],"[0.019, 0.003, 0.121, 0.015, 0.032, 0.013, 1.000]"
132.68,132.72,silence,0.9999793767929077,silence,[1.000],"[0.016, 0.003, 0.104, 0.014, 0.031, 0.013, 1.000]"
132.72,132.76,silence,0.9999856948852539,silence,[1.000],"[0.013, 0.003, 0.089, 0.014, 0.031, 0.014, 1.000]"
132.76,132.8,silence,0.9999896287918091,silence,[1.000],"[0.011, 0.003, 0.076, 0.014, 0.030, 0.014, 1.000]"
132.8,132.84,silence,0.9999922513961792,silence,[1.000],"[0.008, 0.003, 0.065, 0.013, 0.030, 0.015, 1.000]"
132.84,132.88,silence,0.9999939203262329,silence,[1.000],"[0.007, 0.004, 0.056, 0.013, 0.030, 0.017, 1.000]"
132.88,132.92,silence,0.9999951124191284,silence,[1.000],"[0.005, 0.004, 0.048, 0.013, 0.030, 0.018, 1.000]"
132.92,132.96,silence,0.9999959468841553,silence,[1.000],"[0.004, 0.004, 0.042, 0.012, 0.031, 0.019, 1.000]"
132.96,133.0,silence,0.999996542930603,silence,[1.000],"[0.004, 0.005, 0.038, 0.012, 0.032, 0.021, 1.000]"
133.0,133.04,silence,0.9999969005584717,silence,[1.000],"[0.003, 0.005, 0.034, 0.012, 0.032, 0.023, 1.000]"
133.04,133.08,silence,0.9999972581863403,silence,[1.000],"[0.002, 0.006, 0.031, 0.013, 0.033, 0.024, 1.000]"
133.08,133.12,silence,0.9999974966049194,silence,[1.000],"[0.002, 0.006, 0.028, 0.013, 0.034, 0.025, 1.000]"
133.12,133.16,silence,0.999997615814209,silence,[1.000],"[0.002, 0.007, 0.026, 0.013, 0.036, 0.026, 1.000]"
133.16,133.2,silence,0.9999978542327881,silence,[1.000],"[0.001, 0.008, 0.024, 0.014, 0.037, 0.027, 1.000]"
133.2,133.24,silence,0.9999979734420776,silence,[1.000],"[0.001, 0.009, 0.022, 0.015, 0.039, 0.027, 1.000]"
133.24,133.28,silence,0.9999980926513672,silence,[1.000],"[0.001, 0.011, 0.021, 0.016, 0.040, 0.027, 1.000]"
133.28,133.32,silence,0.9999982118606567,silence,[1.000],"[0.001, 0.012, 0.020, 0.017, 0.042, 0.026, 1.000]"
133.32,133.36,silence,0.9999983310699463,silence,[1.000],"[0.001, 0.014, 0.019, 0.018, 0.045, 0.025, 1.000]"
133.36,133.4,silence,0.9999984502792358,silence,[1.000],"[0.001, 0.016, 0.018, 0.020, 0.047, 0.024, 1.000]"
133.4,133.44,silence,0.9999985694885254,silence,[1.000],"[0.001, 0.018, 0.017, 0.022, 0.050, 0.022, 1.000]"
133.44,133.48,silence,0.9999986886978149,silence,[1.000],"[0.001, 0.020, 0.016, 0.025, 0.052, 0.020, 1.000]"
133.48,133.52,silence,0.9999986886978149,silence,[1.000],"[0.001, 0.023, 0.015, 0.027, 0.055, 0.018, 1.000]"
133.52,133.56,silence,0.9999988079071045,silence,[1.000],"[0.001, 0.025, 0.014, 0.030, 0.059, 0.016, 1.000]"
133.56,133.6,silence,0.999998927116394,silence,[1.000],"[0.001, 0.028, 0.013, 0.034, 0.062, 0.014, 1.000]"
133.6,133.64,silence,0.9999990463256836,silence,[1.000],"[0.001, 0.030, 0.012, 0.038, 0.065, 0.012, 1.000]"
133.64,133.68,silence,0.9999990463256836,silence,[1.000],"[0.001, 0.033, 0.011, 0.042, 0.069, 0.010, 1.000]"
133.68,133.72,silence,0.9999991655349731,silence,[1.000],"[0.001, 0.035, 0.010, 0.046, 0.073, 0.008, 1.000]"
133.72,133.76,silence,0.9999991655349731,silence,[1.000],"[0.001, 0.037, 0.009, 0.050, 0.078, 0.007, 1.000]"
133.76,133.8,silence,0.9999992847442627,silence,[1.000],"[0.001, 0.039, 0.008, 0.055, 0.083, 0.005, 1.000]"
133.8,133.84,silence,0.9999992847442627,silence,[1.000],"[0.001, 0.040, 0.008, 0.059, 0.088, 0.004, 1.000]"
133.84,133.88,silence,0.9999992847442627,silence,[1.000],"[0.001, 0.041, 0.007, 0.063, 0.093, 0.003, 1.000]"
133.88,133.92,silence,0.9999992847442627,silence,[1.000],"[0.001, 0.041, 0.006, 0.066, 0.098, 0.003, 1.000]"
133.92,133.96,silence,0.9999994039535522,silence,[1.000],"[0.001, 0.041, 0.005, 0.069, 0.104, 0.002, 1.000]"
133.96,134.0,silence,0.9999994039535522,silence,[1.000],"[0.002, 0.040, 0.005, 0.071, 0.111, 0.002, 1.000]"
134.0,134.04,silence,0.9999994039535522,silence,[1.000],"[0.002, 0.039, 0.004, 0.072, 0.118, 0.001, 1.000]"
134.04,134.08,silence,0.9999994039535522,silence,[1.000],"[0.002, 0.038, 0.004, 0.072, 0.125, 0.001, 1.000]"
134.08,134.12,silence,0.9999992847442627,silence,[1.000],"[0.002, 0.036, 0.004, 0.071, 0.133, 0.001, 1.000]"
134.12,134.16,silence,0.9999992847442627,silence,[1.000],"[0.002, 0.035, 0.004, 0.069, 0.142, 0.001, 1.000]"
134.16,134.2,silence,0.9999992847442627,silence,[1.000],"[0.002, 0.033, 0.003, 0.065, 0.151, 0.000, 1.000]"
134.2,134.24,silence,0.9999992847442627,silence,[1.000],"[0.002, 0.031, 0.003, 0.061, 0.160, 0.000, 1.000]"
134.24,134.28,silence,0.9999991655349731,silence,[1.000],"[0.003, 0.030, 0.003, 0.056, 0.169, 0.000, 1.000]"
134.28,134.32,silence,0.9999991655349731,silence,[1.000],"[0.003, 0.028, 0.003, 0.050, 0.178, 0.000, 1.000]"
134.32,134.36,silence,0.9999990463256836,silence,[1.000],"[0.003, 0.026, 0.003, 0.045, 0.186, 0.000, 1.000]"
134.36,134.4,silence,0.999998927116394,silence,[1.000],"[0.003, 0.025, 0.003, 0.039, 0.194, 0.000, 1.000]"
134.4,134.44,silence,0.999998927116394,silence,[1.000],"[0.004, 0.024, 0.004, 0.034, 0.200, 0.000, 1.000]"
134.44,134.48,silence,0.9999988079071045,silence,[1.000],"[0.004, 0.022, 0.004, 0.029, 0.205, 0.000, 1.000]"
134.48,134.52,silence,0.9999986886978149,silence,[1.000],"[0.005, 0.021, 0.004, 0.024, 0.208, 0.000, 1.000]"
134.52,134.56,silence,0.9999986886978149,silence,[1.000],"[0.005, 0.020, 0.004, 0.021, 0.209, 0.000, 1.000]"
134.56,134.6,silence,0.9999985694885254,silence,[1.000],"[0.006, 0.019, 0.005, 0.017, 0.208, 0.000, 1.000]"
134.6,134.64,silence,0.9999984502792358,silence,[1.000],"[0.006, 0.018, 0.005, 0.014, 0.204, 0.000, 1.000]"
134.64,134.68,silence,0.9999984502792358,silence,[1.000],"[0.007, 0.017, 0.005, 0.012, 0.198, 0.000, 1.000]"
134.68,134.72,silence,0.9999983310699463,silence,[1.000],"[0.008, 0.016, 0.006, 0.010, 0.190, 0.000, 1.000]"
134.72,134.76,silence,0.9999983310699463,silence,[1.000],"[0.009, 0.016, 0.006, 0.008, 0.180, 0.000, 1.000]"
134.76,134.8,silence,0.9999984502792358,silence,[1.000],"[0.010, 0.015, 0.006, 0.007, 0.168, 0.000, 1.000]"
134.8,134.84,silence,0.9999984502792358,silence,[1.000],"[0.011, 0.014, 0.007, 0.006, 0.155, 0.000, 1.000]"
134.84,134.88,silence,0.9999985694885254,silence,[1.000],"[0.013, 0.014, 0.007, 0.005, 0.142, 0.001, 1.000]"
134.88,134.92,silence,0.9999985694885254,silence,[1.000],"[0.015, 0.013, 0.007, 0.005, 0.128, 0.001, 1.000]"
134.92,134.96,silence,0.9999986886978149,silence,[1.000],"[0.017, 0.012, 0.008, 0.004, 0.114, 0.001, 1.000]"
134.96,135.0,silence,0.9999988079071045,silence,[1.000],"[0.019, 0.012, 0.008, 0.004, 0.100, 0.001, 1.000]"
135.0,135.04,silence,0.999998927116394,silence,[1.000],"[0.021, 0.011, 0.008, 0.003, 0.087, 0.001, 1.000]"
135.04,135.08,silence,0.9999990463256836,silence,[1.000],"[0.023, 0.011, 0.008, 0.003, 0.076, 0.002, 1.000]"
135.08,135.12,silence,0.9999991655349731,silence,[1.000],"[0.026, 0.010, 0.007, 0.003, 0.065, 0.002, 1.000]"
135.12,135.16,silence,0.9999992847442627,silence,[1.000],"[0.028, 0.009, 0.007, 0.003, 0.056, 0.003, 1.000]"
135.16,135.2,silence,0.9999994039535522,silence,[1.000],"[0.030, 0.009, 0.007, 0.003, 0.048, 0.003, 1.000]"
135.2,135.24,silence,0.9999994039535522,silence,[1.000],"[0.032, 0.008, 0.007, 0.003, 0.040, 0.004, 1.000]"
135.24,135.28,silence,0.9999995231628418,silence,[1.000],"[0.034, 0.008, 0.006, 0.002, 0.034, 0.005, 1.000]"
135.28,135.32,silence,0.9999995231628418,silence,[1.000],"[0.036, 0.007, 0.006, 0.002, 0.029, 0.007, 1.000]"
135.32,135.36,silence,0.9999995231628418,silence,[1.000],"[0.037, 0.007, 0.005, 0.002, 0.024, 0.008, 1.000]"
135.36,135.4,silence,0.9999996423721313,silence,[1.000],"[0.038, 0.006, 0.005, 0.002, 0.021, 0.010, 1.000]"
135.4,135.44,silence,0.9999996423721313,silence,[1.000],"[0.039, 0.006, 0.004, 0.002, 0.017, 0.012, 1.000]"
135.44,135.48,silence,0.9999996423721313,silence,[1.000],"[0.039, 0.006, 0.004, 0.003, 0.015, 0.015, 1.000]"
135.48,135.52,silence,0.9999996423721313,silence,[1.000],"[0.039, 0.005, 0.004, 0.003, 0.013, 0.017, 1.000]"
135.52,135.56,silence,0.9999996423721313,silence,[1.000],"[0.039, 0.005, 0.003, 0.003, 0.011, 0.020, 1.000]"
135.56,135.6,silence,0.9999997615814209,silence,[1.000],"[0.038, 0.005, 0.003, 0.003, 0.009, 0.022, 1.000]"
135.6,135.64,silence,0.9999997615814209,silence,[1.000],"[0.037, 0.005, 0.003, 0.003, 0.008, 0.024, 1.000]"
135.64,135.68,silence,0.9999997615814209,silence,[1.000],"[0.035, 0.005, 0.002, 0.003, 0.007, 0.026, 1.000]"
135.68,135.72,silence,0.9999997615814209,silence,[1.000],"[0.034, 0.005, 0.002, 0.004, 0.006, 0.028, 1.000]"
135.72,135.76,silence,0.9999996423721313,silence,[1.000],"[0.032, 0.005, 0.002, 0.004, 0.006, 0.029, 1.000]"
135.76,135.8,silence,0.9999996423721313,silence,[1.000],"[0.030, 0.005, 0.002, 0.004, 0.005, 0.030, 1.000]"
135.8,135.84,silence,0.9999996423721313,silence,[1.000],"[0.029, 0.006, 0.001, 0.005, 0.005, 0.030, 1.000]"
135.84,135.88,silence,0.9999996423721313,silence,[1.000],"[0.027, 0.006, 0.001, 0.005, 0.005, 0.030, 1.000]"
135.88,135.92,silence,0.9999996423721313,silence,[1.000],"[0.025, 0.007, 0.001, 0.006, 0.004, 0.030, 1.000]"
135.92,135.96,silence,0.9999995231628418,silence,[1.000],"[0.024, 0.008, 0.001, 0.006, 0.004, 0.029, 1.000]"
135.96,136.0,silence,0.9999995231628418,silence,[1.000],"[0.022, 0.009, 0.001, 0.007, 0.004, 0.028, 1.000]"
136.0,136.04,silence,0.9999994039535522,silence,[1.000],"[0.021, 0.011, 0.001, 0.007, 0.004, 0.026, 1.000]"
136.04,136.08,silence,0.9999994039535522,silence,[1.000],"[0.020, 0.013, 0.001, 0.008, 0.004, 0.025, 1.000]"
136.08,136.12,silence,0.9999992847442627,silence,[1.000],"[0.019, 0.016, 0.001, 0.009, 0.004, 0.023, 1.000]"
136.12,136.16,silence,0.9999991655349731,silence,[1.000],"[0.018, 0.020, 0.000, 0.009, 0.004, 0.021, 1.000]"
136.16,136.2,silence,0.9999991655349731,silence,[1.000],"[0.017, 0.026, 0.000, 0.010, 0.004, 0.019, 1.000]"
136.2,136.24,silence,0.9999990463256836,silence,[1.000],"[0.016, 0.032, 0.000, 0.011, 0.005, 0.018, 1.000]"
136.24,136.28,silence,0.999998927116394,silence,[1.000],"[0.015, 0.041, 0.000, 0.011, 0.005, 0.016, 1.000]"
136.28,136.32,silence,0.9999988079071045,silence,[1.000],"[0.015, 0.052, 0.000, 0.012, 0.005, 0.015, 1.000]"
136.32,136.36,silence,0.9999986886978149,silence,[1.000],"[0.014, 0.066, 0.000, 0.013, 0.005, 0.013, 1.000]"
136.36,136.4,silence,0.9999985694885254,silence,[1.000],"[0.014, 0.083, 0.000, 0.014, 0.005, 0.012, 1.000]"
136.4,136.44,silence,0.9999984502792358,silence,[1.000],"[0.013, 0.104, 0.000, 0.015, 0.006, 0.011, 1.000]"
136.44,136.48,silence,0.9999984502792358,silence,[1.000],"[0.013, 0.128, 0.000, 0.016, 0.006, 0.010, 1.000]"
136.48,136.52,silence,0.9999984502792358,silence,[1.000],"[0.012, 0.155, 0.000, 0.017, 0.006, 0.009, 1.000]"
136.52,136.56,silence,0.9999984502792358,silence,[1.000],"[0.012, 0.184, 0.000, 0.018, 0.006, 0.009, 1.000]"
136.56,136.6,silence,0.9999985694885254,silence,[1.000],"[0.011, 0.214, 0.000, 0.019, 0.007, 0.008, 1.000]"
136.6,136.64,silence,0.9999985694885254,silence,[1.000],"[0.011, 0.245, 0.000, 0.020, 0.007, 0.008, 1.000]"
136.64,136.68,silence,0.9999986886978149,silence,[1.000],"[0.010, 0.275, 0.000, 0.021, 0.007, 0.007, 1.000]"
136.68,136.72,silence,0.999998927116394,silence,[1.000],"[0.010, 0.303, 0.000, 0.022, 0.007, 0.007, 1.000]"
136.72,136.76,silence,0.9999990463256836,silence,[1.000],"[0.009, 0.328, 0.000, 0.023, 0.007, 0.007, 1.000]"
136.76,136.8,silence,0.9999991655349731,silence,[1.000],"[0.009, 0.349, 0.000, 0.025, 0.007, 0.006, 1.000]"
136.8,136.84,silence,0.9999992847442627,silence,[1.000],"[0.008, 0.366, 0.000, 0.026, 0.007, 0.006, 1.000]"
136.84,136.88,silence,0.9999994039535522,silence,[1.000],"[0.008, 0.378, 0.000, 0.028, 0.007, 0.006, 1.000]"
136.88,136.92,silence,0.9999995231628418,silence,[1.000],"[0.007, 0.387, 0.000, 0.029, 0.007, 0.006, 1.000]"
136.92,136.96,silence,0.9999996423721313,silence,[1.000],"[0.007, 0.391, 0.000, 0.031, 0.006, 0.006, 1.000]"
136.96,137.0,silence,0.9999997615814209,silence,[1.000],"[0.006, 0.393, 0.000, 0.033, 0.006, 0.006, 1.000]"
137.0,137.04,silence,0.9999997615814209,silence,[1.000],"[0.006, 0.392, 0.000, 0.035, 0.006, 0.006, 1.000]"
137.04,137.08,silence,0.9999998807907104,silence,[1.000],"[0.006, 0.390, 0.000, 0.037, 0.006, 0.006, 1.000]"
137.08,137.12,silence,0.9999998807907104,silence,[1.000],"[0.005, 0.386, 0.000, 0.039, 0.005, 0.006, 1.000]"
137.12,137.16,silence,0.9999998807907104,silence,[1.000],"[0.005, 0.381, 0.000, 0.042, 0.005, 0.006, 1.000]"
137.16,137.2,silence,0.9999998807907104,silence,[1.000],"[0.005, 0.377, 0.000, 0.044, 0.005, 0.007, 1.000]"
137.2,137.24,silence,0.9999998807907104,silence,[1.000],"[0.004, 0.372, 0.000, 0.047, 0.004, 0.007, 1.000]"
137.24,137.28,silence,1.0,silence,[1.000],"[0.004, 0.368, 0.000, 0.050, 0.004, 0.007, 1.000]"
137.28,137.32,silence,1.0,silence,[1.000],"[0.004, 0.364, 0.000, 0.052, 0.004, 0.007, 1.000]"
137.32,137.36,silence,1.0,silence,[1.000],"[0.003, 0.361, 0.000, 0.055, 0.003, 0.007, 1.000]"
137.36,137.4,silence,1.0,silence,[1.000],"[0.003, 0.360, 0.000, 0.057, 0.003, 0.007, 1.000]"
137.4,137.44,silence,1.0,silence,[1.000],"[0.003, 0.359, 0.000, 0.058, 0.003, 0.007, 1.000]"
137.44,137.48,silence,1.0,silence,[1.000],"[0.003, 0.359, 0.000, 0.059, 0.003, 0.008, 1.000]"
137.48,137.52,silence,1.0,silence,[1.000],"[0.003, 0.361, 0.000, 0.060, 0.003, 0.008, 1.000]"
137.52,137.56,silence,1.0,silence,[1.000],"[0.003, 0.365, 0.000, 0.059, 0.003, 0.008, 1.000]"
137.56,137.6,silence,1.0,silence,[1.000],"[0.003, 0.371, 0.000, 0.058, 0.003, 0.008, 1.000]"
137.6,137.64,silence,1.0,silence,[1.000],"[0.003, 0.378, 0.000, 0.056, 0.003, 0.008, 1.000]"
137.64,137.68,silence,1.0,silence,[1.000],"[0.003, 0.388, 0.000, 0.053, 0.003, 0.008, 1.000]"
137.68,137.72,silence,1.0,silence,[1.000],"[0.003, 0.400, 0.000, 0.050, 0.003, 0.008, 1.000]"
137.72,137.76,silence,0.9999998807907104,silence,[1.000],"[0.003, 0.414, 0.000, 0.047, 0.003, 0.008, 1.000]"
137.76,137.8,silence,0.9999998807907104,silence,[1.000],"[0.003, 0.430, 0.000, 0.043, 0.003, 0.008, 1.000]"
137.8,137.84,silence,0.9999998807907104,silence,[1.000],"[0.003, 0.448, 0.000, 0.039, 0.003, 0.009, 1.000]"
137.84,137.88,silence,0.9999998807907104,silence,[1.000],"[0.002, 0.467, 0.000, 0.036, 0.003, 0.009, 1.000]"
137.88,137.92,silence,0.9999997615814209,silence,[1.000],"[0.002, 0.488, 0.000, 0.032, 0.004, 0.009, 1.000]"
137.92,137.96,silence,0.9999996423721313,silence,[1.000],"[0.002, 0.510, 0.000, 0.029, 0.004, 0.009, 1.000]"
137.96,138.0,silence,0.9999995231628418,silence,[1.000],"[0.002, 0.532, 0.000, 0.026, 0.004, 0.009, 1.000]"
138.0,138.04,silence,0.9999991655349731,silence,[1.000],"[0.002, 0.555, 0.000, 0.023, 0.005, 0.009, 1.000]"
138.04,138.08,silence,0.9999986886978149,silence,[1.000],"[0.002, 0.578, 0.000, 0.020, 0.005, 0.009, 1.000]"
138.08,138.12,silence,0.9999978542327881,silence,[1.000],"[0.002, 0.600, 0.000, 0.018, 0.005, 0.009, 1.000]"
138.12,138.16,silence,0.9999964237213135,Yujin|silence,"[0.621, 1.000]","[0.002, 0.621, 0.000, 0.016, 0.006, 0.009, 1.000]"
138.16,138.2,silence,0.9999940395355225,Yujin|silence,"[0.640, 1.000]","[0.002, 0.640, 0.000, 0.015, 0.006, 0.009, 1.000]"
138.2,138.24,silence,0.9999901056289673,Yujin|silence,"[0.657, 1.000]","[0.002, 0.657, 0.000, 0.013, 0.007, 0.009, 1.000]"
138.24,138.28,silence,0.9999836683273315,Yujin|silence,"[0.672, 1.000]","[0.002, 0.672, 0.000, 0.012, 0.008, 0.009, 1.000]"
138.28,138.32,silence,0.9999734163284302,Yujin|silence,"[0.684, 1.000]","[0.002, 0.684, 0.000, 0.011, 0.008, 0.009, 1.000]"
138.32,138.36,silence,0.9999568462371826,Yujin|silence,"[0.694, 1.000]","[0.001, 0.694, 0.001, 0.010, 0.009, 0.010, 1.000]"
138.36,138.4,silence,0.9999309778213501,Yujin|silence,"[0.701, 1.000]","[0.001, 0.701, 0.001, 0.010, 0.010, 0.010, 1.000]"
138.4,138.44,silence,0.9998908042907715,Yujin|silence,"[0.705, 1.000]","[0.001, 0.705, 0.001, 0.009, 0.010, 0.010, 1.000]"
138.44,138.48,silence,0.9998300075531006,Yujin|silence,"[0.706, 1.000]","[0.001, 0.706, 0.001, 0.009, 0.011, 0.010, 1.000]"
138.48,138.52,silence,0.9997395873069763,Yujin|silence,"[0.705, 1.000]","[0.001, 0.705, 0.001, 0.008, 0.012, 0.010, 1.000]"
138.52,138.56,silence,0.9996083378791809,Yujin|silence,"[0.701, 1.000]","[0.001, 0.701, 0.001, 0.008, 0.013, 0.010, 1.000]"
138.56,138.6,silence,0.9994229078292847,Yujin|silence,"[0.694, 0.999]","[0.001, 0.694, 0.001, 0.008, 0.013, 0.010, 0.999]"
138.6,138.64,silence,0.9991706609725952,Yujin|silence,"[0.684, 0.999]","[0.001, 0.684, 0.001, 0.008, 0.014, 0.010, 0.999]"
138.64,138.68,silence,0.9988417029380798,Yujin|silence,"[0.672, 0.999]","[0.001, 0.672, 0.002, 0.008, 0.015, 0.010, 0.999]"
138.68,138.72,silence,0.9984318614006042,Yujin|silence,"[0.656, 0.998]","[0.001, 0.656, 0.002, 0.008, 0.015, 0.010, 0.998]"
138.72,138.76,silence,0.9979479908943176,Yujin|silence,"[0.636, 0.998]","[0.001, 0.636, 0.003, 0.007, 0.016, 0.009, 0.998]"
138.76,138.8,silence,0.9974094033241272,Yujin|silence,"[0.614, 0.997]","[0.001, 0.614, 0.003, 0.007, 0.016, 0.009, 0.997]"
138.8,138.84,silence,0.9968500733375549,Yujin|silence,"[0.588, 0.997]","[0.001, 0.588, 0.004, 0.007, 0.017, 0.009, 0.997]"
138.84,138.88,silence,0.9963151812553406,silence,[0.996],"[0.001, 0.560, 0.005, 0.007, 0.018, 0.008, 0.996]"
138.88,138.92,silence,0.9958547949790955,silence,[0.996],"[0.001, 0.529, 0.006, 0.007, 0.018, 0.008, 0.996]"
138.92,138.96,silence,0.9955183267593384,silence,[0.996],"[0.001, 0.495, 0.007, 0.006, 0.019, 0.007, 0.996]"
138.96,139.0,silence,0.9953395128250122,silence,[0.995],"[0.001, 0.459, 0.008, 0.006, 0.019, 0.007, 0.995]"
139.0,139.04,silence,0.9953302145004272,silence,[0.995],"[0.001, 0.422, 0.010, 0.006, 0.020, 0.007, 0.995]"
139.04,139.08,silence,0.9954819679260254,silence,[0.995],"[0.001, 0.384, 0.012, 0.005, 0.021, 0.006, 0.995]"
139.08,139.12,silence,0.9957721829414368,silence,[0.996],"[0.001, 0.347, 0.015, 0.005, 0.021, 0.006, 0.996]"
139.12,139.16,silence,0.996166467666626,silence,[0.996],"[0.001, 0.311, 0.017, 0.004, 0.022, 0.005, 0.996]"
139.16,139.2,silence,0.9966235160827637,silence,[0.997],"[0.001, 0.276, 0.021, 0.004, 0.023, 0.005, 0.997]"
139.2,139.24,silence,0.9971027970314026,silence,[0.997],"[0.001, 0.244, 0.024, 0.003, 0.023, 0.005, 0.997]"
139.24,139.28,silence,0.9975718855857849,silence,[0.998],"[0.001, 0.215, 0.028, 0.003, 0.024, 0.004, 0.998]"
139.28,139.32,silence,0.9980077147483826,silence,[0.998],"[0.001, 0.189, 0.032, 0.002, 0.025, 0.004, 0.998]"
139.32,139.36,silence,0.9983969330787659,silence,[0.998],"[0.001, 0.166, 0.037, 0.002, 0.026, 0.004, 0.998]"
139.36,139.4,silence,0.9987326264381409,silence,[0.999],"[0.001, 0.146, 0.042, 0.002, 0.027, 0.004, 0.999]"
139.4,139.44,silence,0.9990125894546509,silence,[0.999],"[0.001, 0.129, 0.047, 0.001, 0.027, 0.003, 0.999]"
139.44,139.48,silence,0.9992398023605347,silence,[0.999],"[0.001, 0.114, 0.053, 0.001, 0.028, 0.003, 0.999]"
139.48,139.52,silence,0.9994199275970459,silence,[0.999],"[0.001, 0.101, 0.059, 0.001, 0.028, 0.003, 0.999]"
139.52,139.56,silence,0.9995602965354919,silence,[1.000],"[0.001, 0.091, 0.065, 0.001, 0.029, 0.003, 1.000]"
139.56,139.6,silence,0.9996678829193115,silence,[1.000],"[0.001, 0.082, 0.071, 0.001, 0.029, 0.003, 1.000]"
139.6,139.64,silence,0.9997491240501404,silence,[1.000],"[0.001, 0.074, 0.077, 0.001, 0.029, 0.003, 1.000]"
139.64,139.68,silence,0.9998100399971008,silence,[1.000],"[0.001, 0.067, 0.083, 0.000, 0.028, 0.003, 1.000]"
139.68,139.72,silence,0.9998553991317749,silence,[1.000],"[0.001, 0.062, 0.088, 0.000, 0.027, 0.003, 1.000]"
139.72,139.76,silence,0.9998892545700073,silence,[1.000],"[0.001, 0.057, 0.093, 0.000, 0.027, 0.003, 1.000]"
139.76,139.8,silence,0.999914288520813,silence,[1.000],"[0.001, 0.053, 0.097, 0.000, 0.025, 0.003, 1.000]"
139.8,139.84,silence,0.9999330043792725,silence,[1.000],"[0.002, 0.050, 0.100, 0.000, 0.024, 0.003, 1.000]"
139.84,139.88,silence,0.9999468326568604,silence,[1.000],"[0.002, 0.047, 0.103, 0.000, 0.023, 0.003, 1.000]"
139.88,139.92,silence,0.9999570846557617,silence,[1.000],"[0.002, 0.044, 0.104, 0.000, 0.022, 0.003, 1.000]"
139.92,139.96,silence,0.9999645948410034,silence,[1.000],"[0.002, 0.042, 0.105, 0.000, 0.020, 0.003, 1.000]"
139.96,140.0,silence,0.9999701976776123,silence,[1.000],"[0.002, 0.040, 0.104, 0.000, 0.019, 0.003, 1.000]"
140.0,140.04,silence,0.9999743700027466,silence,[1.000],"[0.002, 0.038, 0.103, 0.000, 0.018, 0.004, 1.000]"
140.04,140.08,silence,0.9999772310256958,silence,[1.000],"[0.002, 0.036, 0.101, 0.000, 0.017, 0.004, 1.000]"
140.08,140.12,silence,0.9999793767929077,silence,[1.000],"[0.002, 0.035, 0.098, 0.000, 0.016, 0.004, 1.000]"
140.12,140.16,silence,0.9999808073043823,silence,[1.000],"[0.002, 0.033, 0.094, 0.000, 0.015, 0.004, 1.000]"
140.16,140.2,silence,0.9999816417694092,silence,[1.000],"[0.003, 0.032, 0.090, 0.000, 0.014, 0.004, 1.000]"
140.2,140.24,silence,0.9999821186065674,silence,[1.000],"[0.003, 0.031, 0.085, 0.000, 0.014, 0.005, 1.000]"
140.24,140.28,silence,0.9999822378158569,silence,[1.000],"[0.003, 0.029, 0.080, 0.000, 0.013, 0.005, 1.000]"
140.28,140.32,silence,0.9999823570251465,silence,[1.000],"[0.003, 0.028, 0.075, 0.000, 0.013, 0.005, 1.000]"
140.32,140.36,silence,0.9999822378158569,silence,[1.000],"[0.003, 0.026, 0.069, 0.000, 0.013, 0.005, 1.000]"
140.36,140.4,silence,0.9999821186065674,silence,[1.000],"[0.003, 0.025, 0.064, 0.000, 0.014, 0.005, 1.000]"
140.4,140.44,silence,0.9999822378158569,silence,[1.000],"[0.003, 0.023, 0.059, 0.000, 0.014, 0.006, 1.000]"
140.44,140.48,silence,0.999982476234436,silence,[1.000],"[0.004, 0.021, 0.054, 0.000, 0.015, 0.006, 1.000]"
140.48,140.52,silence,0.9999829530715942,silence,[1.000],"[0.004, 0.020, 0.049, 0.000, 0.016, 0.006, 1.000]"
140.52,140.56,silence,0.9999836683273315,silence,[1.000],"[0.004, 0.018, 0.045, 0.000, 0.017, 0.006, 1.000]"
140.56,140.6,silence,0.9999847412109375,silence,[1.000],"[0.004, 0.016, 0.041, 0.000, 0.019, 0.006, 1.000]"
140.6,140.64,silence,0.9999861717224121,silence,[1.000],"[0.004, 0.014, 0.038, 0.000, 0.021, 0.007, 1.000]"
140.64,140.68,silence,0.9999876022338867,silence,[1.000],"[0.004, 0.012, 0.036, 0.001, 0.024, 0.007, 1.000]"
140.68,140.72,silence,0.9999892711639404,silence,[1.000],"[0.004, 0.011, 0.033, 0.001, 0.027, 0.007, 1.000]"
140.72,140.76,silence,0.9999909400939941,silence,[1.000],"[0.004, 0.010, 0.032, 0.001, 0.031, 0.007, 1.000]"
140.76,140.8,silence,0.9999924898147583,silence,[1.000],"[0.004, 0.008, 0.031, 0.001, 0.037, 0.007, 1.000]"
140.8,140.84,silence,0.9999940395355225,silence,[1.000],"[0.004, 0.007, 0.031, 0.001, 0.043, 0.008, 1.000]"
140.84,140.88,silence,0.999995231628418,silence,[1.000],"[0.004, 0.007, 0.031, 0.001, 0.051, 0.008, 1.000]"
140.88,140.92,silence,0.9999963045120239,silence,[1.000],"[0.004, 0.006, 0.031, 0.001, 0.060, 0.008, 1.000]"
140.92,140.96,silence,0.9999972581863403,silence,[1.000],"[0.004, 0.005, 0.033, 0.002, 0.072, 0.008, 1.000]"
140.96,141.0,silence,0.9999978542327881,silence,[1.000],"[0.003, 0.005, 0.034, 0.002, 0.085, 0.008, 1.000]"
141.0,141.04,silence,0.9999984502792358,silence,[1.000],"[0.003, 0.005, 0.037, 0.003, 0.101, 0.008, 1.000]"
141.04,141.08,silence,0.9999988079071045,silence,[1.000],"[0.003, 0.004, 0.040, 0.003, 0.119, 0.008, 1.000]"
141.08,141.12,silence,0.9999990463256836,silence,[1.000],"[0.003, 0.004, 0.045, 0.004, 0.139, 0.009, 1.000]"
141.12,141.16,silence,0.9999992847442627,silence,[1.000],"[0.002, 0.004, 0.050, 0.005, 0.161, 0.009, 1.000]"
141.16,141.2,silence,0.9999994039535522,silence,[1.000],"[0.002, 0.004, 0.056, 0.007, 0.185, 0.009, 1.000]"
141.2,141.24,silence,0.9999995231628418,silence,[1.000],"[0.002, 0.005, 0.064, 0.009, 0.211, 0.009, 1.000]"
141.24,141.28,silence,0.9999996423721313,silence,[1.000],"[0.002, 0.005, 0.073, 0.011, 0.237, 0.009, 1.000]"
141.28,141.32,silence,0.9999996423721313,silence,[1.000],"[0.001, 0.006, 0.083, 0.014, 0.264, 0.010, 1.000]"
141.32,141.36,silence,0.9999997615814209,silence,[1.000],"[0.001, 0.007, 0.095, 0.018, 0.290, 0.010, 1.000]"
141.36,141.4,silence,0.9999997615814209,silence,[1.000],"[0.001, 0.008, 0.108, 0.023, 0.316, 0.010, 1.000]"
141.4,141.44,silence,0.9999997615814209,silence,[1.000],"[0.001, 0.009, 0.121, 0.028, 0.341, 0.011, 1.000]"
141.44,141.48,silence,0.9999997615814209,silence,[1.000],"[0.001, 0.012, 0.135, 0.035, 0.364, 0.011, 1.000]"
141.48,141.52,silence,0.9999997615814209,silence,[1.000],"[0.000, 0.014, 0.150, 0.043, 0.386, 0.012, 1.000]"
141.52,141.56,silence,0.9999997615814209,silence,[1.000],"[0.000, 0.019, 0.164, 0.052, 0.406, 0.012, 1.000]"
141.56,141.6,silence,0.9999996423721313,silence,[1.000],"[0.000, 0.024, 0.177, 0.063, 0.425, 0.013, 1.000]"
141.6,141.64,silence,0.9999995231628418,silence,[1.000],"[0.000, 0.031, 0.190, 0.075, 0.444, 0.014, 1.000]"
141.64,141.68,silence,0.9999994039535522,silence,[1.000],"[0.000, 0.041, 0.200, 0.087, 0.461, 0.015, 1.000]"
141.68,141.72,silence,0.9999992847442627,silence,[1.000],"[0.000, 0.054, 0.209, 0.101, 0.478, 0.016, 1.000]"
141.72,141.76,silence,0.999998927116394,silence,[1.000],"[0.000, 0.070, 0.217, 0.115, 0.495, 0.017, 1.000]"
141.76,141.8,silence,0.9999983310699463,silence,[1.000],"[0.000, 0.090, 0.222, 0.128, 0.513, 0.019, 1.000]"
141.8,141.84,silence,0.9999974966049194,silence,[1.000],"[0.000, 0.114, 0.226, 0.141, 0.531, 0.020, 1.000]"
141.84,141.88,silence,0.9999958276748657,silence,[1.000],"[0.000, 0.142, 0.228, 0.153, 0.551, 0.022, 1.000]"
141.88,141.92,silence,0.9999927282333374,silence,[1.000],"[0.000, 0.173, 0.230, 0.162, 0.572, 0.024, 1.000]"
141.92,141.96,silence,0.9999871253967285,silence,[1.000],"[0.000, 0.205, 0.231, 0.170, 0.593, 0.027, 1.000]"
141.96,142.0,silence,0.9999761581420898,silence,[1.000],"[0.000, 0.238, 0.232, 0.175, 0.615, 0.030, 1.000]"
142.0,142.04,silence,0.9999545812606812,Liz|silence,"[0.637, 1.000]","[0.000, 0.268, 0.233, 0.177, 0.637, 0.033, 1.000]"
142.04,142.08,silence,0.9999107122421265,Liz|silence,"[0.659, 1.000]","[0.000, 0.295, 0.234, 0.177, 0.659, 0.037, 1.000]"
142.08,142.12,silence,0.999819815158844,Liz|silence,"[0.680, 1.000]","[0.000, 0.317, 0.236, 0.175, 0.680, 0.042, 1.000]"
142.12,142.16,silence,0.9996259212493896,Liz|silence,"[0.701, 1.000]","[0.000, 0.333, 0.238, 0.171, 0.701, 0.047, 1.000]"
142.16,142.2,silence,0.9992014765739441,Liz|silence,"[0.720, 0.999]","[0.000, 0.343, 0.242, 0.165, 0.720, 0.052, 0.999]"
142.2,142.24,silence,0.9982439279556274,Liz|silence,"[0.739, 0.998]","[0.000, 0.346, 0.246, 0.158, 0.739, 0.058, 0.998]"
142.24,142.28,silence,0.9960154891014099,Liz|silence,"[0.756, 0.996]","[0.000, 0.344, 0.250, 0.151, 0.756, 0.064, 0.996]"
142.28,142.32,silence,0.990670919418335,Liz|silence,"[0.772, 0.991]","[0.000, 0.336, 0.255, 0.143, 0.772, 0.070, 0.991]"
142.32,142.36,silence,0.9775247573852539,Liz|silence,"[0.786, 0.978]","[0.000, 0.323, 0.260, 0.135, 0.786, 0.077, 0.978]"
142.36,142.4,silence,0.9448919296264648,Liz|silence,"[0.799, 0.945]","[0.000, 0.306, 0.264, 0.128, 0.799, 0.083, 0.945]"
142.4,142.44,silence,0.8668233156204224,Liz|silence,"[0.811, 0.867]","[0.000, 0.286, 0.268, 0.121, 0.811, 0.089, 0.867]"
142.44,142.48,Liz,0.8217139840126038,Liz|silence,"[0.822, 0.705]","[0.000, 0.264, 0.271, 0.114, 0.822, 0.094, 0.705]"
142.48,142.52,Liz,0.8314974904060364,Liz,[0.831],"[0.000, 0.242, 0.271, 0.107, 0.831, 0.098, 0.459]"
142.52,142.56,Liz,0.8403913974761963,Liz,[0.840],"[0.000, 0.219, 0.269, 0.101, 0.840, 0.102, 0.227]"
142.56,142.6,Liz,0.8484362363815308,Liz,[0.848],"[0.000, 0.197, 0.264, 0.095, 0.848, 0.106, 0.091]"
142.6,142.64,Liz,0.8556860685348511,Liz,[0.856],"[0.000, 0.177, 0.256, 0.089, 0.856, 0.108, 0.032]"
142.64,142.68,Liz,0.8622181415557861,Liz,[0.862],"[0.000, 0.157, 0.243, 0.083, 0.862, 0.110, 0.011]"
142.68,142.72,Liz,0.8680875897407532,Liz,[0.868],"[0.000, 0.140, 0.227, 0.077, 0.868, 0.112, 0.004]"
142.72,142.76,Liz,0.8733164668083191,Liz,[0.873],"[0.000, 0.124, 0.207, 0.071, 0.873, 0.112, 0.001]"
142.76,142.8,Liz,0.8779203295707703,Liz,[0.878],"[0.000, 0.110, 0.184, 0.065, 0.878, 0.113, 0.000]"
142.8,142.84,Liz,0.8819428086280823,Liz,[0.882],"[0.000, 0.097, 0.160, 0.059, 0.882, 0.112, 0.000]"
142.84,142.88,Liz,0.8854309320449829,Liz,[0.885],"[0.001, 0.086, 0.134, 0.054, 0.885, 0.112, 0.000]"
142.88,142.92,Liz,0.8884510397911072,Liz,[0.888],"[0.001, 0.077, 0.110, 0.048, 0.888, 0.112, 0.000]"
142.92,142.96,Liz,0.8910467624664307,Liz,[0.891],"[0.001, 0.069, 0.088, 0.043, 0.891, 0.112, 0.000]"
142.96,143.0,Liz,0.8932294249534607,Liz,[0.893],"[0.001, 0.062, 0.068, 0.038, 0.893, 0.112, 0.000]"
143.0,143.04,Liz,0.8949880003929138,Liz,[0.895],"[0.001, 0.056, 0.052, 0.033, 0.895, 0.112, 0.000]"
143.04,143.08,Liz,0.89630126953125,Liz,[0.896],"[0.002, 0.050, 0.038, 0.029, 0.896, 0.113, 0.000]"
143.08,143.12,Liz,0.8971335887908936,Liz,[0.897],"[0.002, 0.046, 0.028, 0.025, 0.897, 0.114, 0.000]"
143.12,143.16,Liz,0.8974330425262451,Liz,[0.897],"[0.003, 0.042, 0.020, 0.021, 0.897, 0.116, 0.000]"
143.16,143.2,Liz,0.8971477746963501,Liz,[0.897],"[0.003, 0.039, 0.014, 0.018, 0.897, 0.118, 0.000]"
143.2,143.24,Liz,0.8962479829788208,Liz,[0.896],"[0.004, 0.036, 0.010, 0.016, 0.896, 0.121, 0.000]"
143.24,143.28,Liz,0.894700288772583,Liz,[0.895],"[0.005, 0.033, 0.007, 0.014, 0.895, 0.125, 0.000]"
143.28,143.32,Liz,0.892451822757721,Liz,[0.892],"[0.006, 0.031, 0.005, 0.012, 0.892, 0.130, 0.000]"
143.32,143.36,Liz,0.8894230723381042,Liz,[0.889],"[0.007, 0.029, 0.004, 0.010, 0.889, 0.136, 0.000]"
143.36,143.4,Liz,0.8855132460594177,Liz,[0.886],"[0.008, 0.028, 0.003, 0.009, 0.886, 0.142, 0.000]"
143.4,143.44,Liz,0.8806334733963013,Liz,[0.881],"[0.010, 0.026, 0.002, 0.008, 0.881, 0.150, 0.000]"
143.44,143.48,Liz,0.874655544757843,Liz,[0.875],"[0.012, 0.025, 0.001, 0.007, 0.875, 0.159, 0.000]"
143.48,143.52,Liz,0.8674435615539551,Liz,[0.867],"[0.014, 0.025, 0.001, 0.006, 0.867, 0.168, 0.000]"
143.52,143.56,Liz,0.858854353427887,Liz,[0.859],"[0.016, 0.024, 0.001, 0.005, 0.859, 0.179, 0.000]"
143.56,143.6,Liz,0.8487308025360107,Liz,[0.849],"[0.018, 0.024, 0.001, 0.005, 0.849, 0.190, 0.000]"
143.6,143.64,Liz,0.836931586265564,Liz,[0.837],"[0.021, 0.024, 0.001, 0.005, 0.837, 0.201, 0.000]"
143.64,143.68,Liz,0.8233085870742798,Liz,[0.823],"[0.024, 0.024, 0.000, 0.004, 0.823, 0.213, 0.000]"
143.68,143.72,Liz,0.8077056407928467,Liz,[0.808],"[0.027, 0.024, 0.000, 0.004, 0.808, 0.224, 0.000]"
143.72,143.76,Liz,0.7899671196937561,Liz,[0.790],"[0.031, 0.025, 0.000, 0.004, 0.790, 0.235, 0.000]"
143.76,143.8,Liz,0.769953191280365,Liz,[0.770],"[0.034, 0.025, 0.000, 0.004, 0.770, 0.245, 0.000]"
143.8,143.84,Liz,0.7476223707199097,Liz,[0.748],"[0.039, 0.026, 0.000, 0.004, 0.748, 0.253, 0.000]"
143.84,143.88,Liz,0.7230142951011658,Liz,[0.723],"[0.043, 0.027, 0.000, 0.004, 0.723, 0.260, 0.000]"
143.88,143.92,Liz,0.6962781548500061,Liz,[0.696],"[0.048, 0.028, 0.000, 0.004, 0.696, 0.265, 0.000]"
143.92,143.96,Liz,0.6678129434585571,Liz,[0.668],"[0.054, 0.030, 0.000, 0.004, 0.668, 0.267, 0.000]"
143.96,144.0,Liz,0.6382940411567688,Liz,[0.638],"[0.060, 0.032, 0.000, 0.004, 0.638, 0.268, 0.000]"
144.0,144.04,Liz,0.6085497736930847,Liz,[0.609],"[0.067, 0.034, 0.000, 0.004, 0.609, 0.266, 0.000]"
144.04,144.08,Liz,0.5792813301086426,,[],"[0.075, 0.036, 0.000, 0.004, 0.579, 0.262, 0.000]"
144.08,144.12,Liz,0.5511128902435303,,[],"[0.084, 0.039, 0.000, 0.004, 0.551, 0.255, 0.000]"
144.12,144.16,Liz,0.5246133804321289,,[],"[0.093, 0.042, 0.000, 0.005, 0.525, 0.247, 0.000]"
144.16,144.2,Liz,0.5003805756568909,,[],"[0.104, 0.045, 0.000, 0.005, 0.500, 0.237, 0.000]"
144.2,144.24,Liz,0.478931725025177,,[],"[0.116, 0.049, 0.000, 0.005, 0.479, 0.227, 0.000]"
144.24,144.28,Liz,0.46062299609184265,,[],"[0.129, 0.053, 0.000, 0.005, 0.461, 0.215, 0.000]"
144.28,144.32,Liz,0.4456743001937866,,[],"[0.143, 0.056, 0.001, 0.005, 0.446, 0.203, 0.000]"
144.32,144.36,Liz,0.4341622292995453,,[],"[0.159, 0.060, 0.001, 0.005, 0.434, 0.190, 0.000]"
144.36,144.4,Liz,0.42602524161338806,,[],"[0.176, 0.064, 0.001, 0.005, 0.426, 0.178, 0.000]"
144.4,144.44,Liz,0.4210875332355499,,[],"[0.195, 0.068, 0.001, 0.005, 0.421, 0.166, 0.001]"
144.44,144.48,Liz,0.4191448390483856,,[],"[0.215, 0.072, 0.001, 0.005, 0.419, 0.154, 0.001]"
144.48,144.52,Liz,0.4199613630771637,,[],"[0.235, 0.075, 0.001, 0.005, 0.420, 0.143, 0.001]"
144.52,144.56,Liz,0.4232295751571655,,[],"[0.255, 0.078, 0.001, 0.004, 0.423, 0.132, 0.002]"
144.56,144.6,Liz,0.42856550216674805,,[],"[0.275, 0.081, 0.001, 0.004, 0.429, 0.122, 0.003]"
144.6,144.64,Liz,0.4355194568634033,,[],"[0.295, 0.083, 0.001, 0.004, 0.436, 0.111, 0.004]"
144.64,144.68,Liz,0.4436136484146118,,[],"[0.313, 0.085, 0.001, 0.003, 0.444, 0.101, 0.006]"
144.68,144.72,Liz,0.4524173140525818,,[],"[0.329, 0.086, 0.002, 0.003, 0.452, 0.092, 0.009]"
144.72,144.76,Liz,0.4615738093852997,,[],"[0.343, 0.087, 0.002, 0.003, 0.462, 0.083, 0.014]"
144.76,144.8,Liz,0.47077542543411255,,[],"[0.355, 0.087, 0.002, 0.002, 0.471, 0.075, 0.021]"
144.8,144.84,Liz,0.4797705113887787,,[],"[0.365, 0.088, 0.002, 0.002, 0.480, 0.068, 0.033]"
144.84,144.88,Liz,0.48826417326927185,,[],"[0.371, 0.088, 0.002, 0.002, 0.488, 0.061, 0.052]"
144.88,144.92,Liz,0.4959122836589813,,[],"[0.376, 0.087, 0.003, 0.002, 0.496, 0.055, 0.080]"
144.92,144.96,Liz,0.5025134086608887,,[],"[0.377, 0.087, 0.003, 0.002, 0.503, 0.050, 0.120]"
144.96,145.0,Liz,0.5080140829086304,,[],"[0.376, 0.086, 0.003, 0.002, 0.508, 0.046, 0.177]"
145.0,145.04,Liz,0.5124479532241821,,[],"[0.372, 0.085, 0.004, 0.001, 0.512, 0.042, 0.251]"
145.04,145.08,Liz,0.5159109830856323,,[],"[0.365, 0.085, 0.004, 0.001, 0.516, 0.039, 0.341]"
145.08,145.12,Liz,0.5186126828193665,,[],"[0.357, 0.083, 0.005, 0.001, 0.519, 0.037, 0.439]"
145.12,145.16,silence,0.5375381708145142,,[],"[0.346, 0.082, 0.005, 0.001, 0.521, 0.035, 0.538]"
145.16,145.2,silence,0.6272029876708984,silence,[0.627],"[0.333, 0.080, 0.005, 0.001, 0.523, 0.034, 0.627]"
145.2,145.24,silence,0.7031028866767883,silence,[0.703],"[0.318, 0.078, 0.006, 0.001, 0.524, 0.033, 0.703]"
145.24,145.28,silence,0.7637986540794373,silence,[0.764],"[0.301, 0.076, 0.006, 0.001, 0.525, 0.033, 0.764]"
145.28,145.32,silence,0.8103122115135193,silence,[0.810],"[0.283, 0.073, 0.006, 0.001, 0.527, 0.033, 0.810]"
145.32,145.36,silence,0.8448228240013123,silence,[0.845],"[0.264, 0.071, 0.007, 0.001, 0.529, 0.033, 0.845]"
145.36,145.4,silence,0.8697311878204346,silence,[0.870],"[0.244, 0.068, 0.007, 0.001, 0.531, 0.034, 0.870]"
145.4,145.44,silence,0.8871129155158997,silence,[0.887],"[0.224, 0.066, 0.007, 0.001, 0.534, 0.035, 0.887]"
145.44,145.48,silence,0.8985328078269958,silence,[0.899],"[0.203, 0.063, 0.008, 0.001, 0.537, 0.037, 0.899]"
145.48,145.52,silence,0.9050623178482056,silence,[0.905],"[0.184, 0.061, 0.008, 0.001, 0.542, 0.039, 0.905]"
145.52,145.56,silence,0.9073250889778137,silence,[0.907],"[0.165, 0.058, 0.009, 0.001, 0.548, 0.041, 0.907]"
145.56,145.6,silence,0.9055355787277222,silence,[0.906],"[0.147, 0.056, 0.009, 0.002, 0.556, 0.045, 0.906]"
145.6,145.64,silence,0.8994773626327515,silence,[0.899],"[0.131, 0.055, 0.010, 0.002, 0.564, 0.048, 0.899]"
145.64,145.68,silence,0.888568639755249,silence,[0.889],"[0.117, 0.054, 0.010, 0.002, 0.574, 0.053, 0.889]"
145.68,145.72,silence,0.871842086315155,silence,[0.872],"[0.104, 0.053, 0.011, 0.002, 0.585, 0.058, 0.872]"
145.72,145.76,silence,0.8478899002075195,silence,[0.848],"[0.092, 0.052, 0.012, 0.002, 0.598, 0.063, 0.848]"
145.76,145.8,silence,0.8149508833885193,silence,[0.815],"[0.083, 0.052, 0.013, 0.002, 0.611, 0.070, 0.815]"
145.8,145.84,silence,0.7711299657821655,Liz|silence,"[0.624, 0.771]","[0.074, 0.052, 0.013, 0.002, 0.624, 0.077, 0.771]"
145.84,145.88,silence,0.7148531079292297,Liz|silence,"[0.639, 0.715]","[0.067, 0.053, 0.014, 0.002, 0.639, 0.085, 0.715]"
145.88,145.92,Liz,0.6531273126602173,Liz|silence,"[0.653, 0.646]","[0.062, 0.054, 0.015, 0.002, 0.653, 0.094, 0.646]"
145.92,145.96,Liz,0.667453408241272,Liz,[0.667],"[0.057, 0.055, 0.016, 0.002, 0.667, 0.104, 0.565]"
145.96,146.0,Liz,0.6813100576400757,Liz,[0.681],"[0.053, 0.057, 0.017, 0.003, 0.681, 0.114, 0.477]"
146.0,146.04,Liz,0.6944000124931335,Liz,[0.694],"[0.050, 0.059, 0.018, 0.003, 0.694, 0.124, 0.388]"
146.04,146.08,Liz,0.7065891027450562,Liz,[0.707],"[0.047, 0.062, 0.019, 0.003, 0.707, 0.135, 0.306]"
146.08,146.12,Liz,0.7177734971046448,Liz,[0.718],"[0.045, 0.065, 0.020, 0.003, 0.718, 0.146, 0.233]"
146.12,146.16,Liz,0.7278185486793518,Liz,[0.728],"[0.044, 0.068, 0.021, 0.003, 0.728, 0.156, 0.174]"
146.16,146.2,Liz,0.7366301417350769,Liz,[0.737],"[0.044, 0.072, 0.022, 0.004, 0.737, 0.165, 0.129]"
146.2,146.24,Liz,0.7441763877868652,Liz,[0.744],"[0.043, 0.075, 0.023, 0.004, 0.744, 0.174, 0.094]"
146.24,146.28,Liz,0.7504739165306091,Liz,[0.750],"[0.044, 0.079, 0.024, 0.004, 0.750, 0.181, 0.069]"
146.28,146.32,Liz,0.7555558085441589,Liz,[0.756],"[0.044, 0.083, 0.025, 0.005, 0.756, 0.187, 0.051]"
146.32,146.36,Liz,0.7594925165176392,Liz,[0.759],"[0.045, 0.087, 0.025, 0.005, 0.759, 0.192, 0.038]"
146.36,146.4,Liz,0.7623973488807678,Liz,[0.762],"[0.046, 0.091, 0.026, 0.006, 0.762, 0.194, 0.029]"
146.4,146.44,Liz,0.764341413974762,Liz,[0.764],"[0.048, 0.095, 0.027, 0.007, 0.764, 0.195, 0.023]"
146.44,146.48,Liz,0.7653688788414001,Liz,[0.765],"[0.049, 0.098, 0.027, 0.008, 0.765, 0.195, 0.018]"
146.48,146.52,Liz,0.7655300498008728,Liz,[0.766],"[0.051, 0.101, 0.028, 0.009, 0.766, 0.192, 0.014]"
146.52,146.56,Liz,0.7649129629135132,Liz,[0.765],"[0.053, 0.104, 0.028, 0.010, 0.765, 0.189, 0.012]"
146.56,146.6,Liz,0.7636184096336365,Liz,[0.764],"[0.055, 0.107, 0.028, 0.012, 0.764, 0.185, 0.010]"
146.6,146.64,Liz,0.7617648839950562,Liz,[0.762],"[0.058, 0.109, 0.029, 0.013, 0.762, 0.181, 0.008]"
146.64,146.68,Liz,0.7594888210296631,Liz,[0.759],"[0.060, 0.111, 0.029, 0.016, 0.759, 0.177, 0.007]"
146.68,146.72,Liz,0.7569354176521301,Liz,[0.757],"[0.062, 0.113, 0.030, 0.018, 0.757, 0.172, 0.006]"
146.72,146.76,Liz,0.7542548179626465,Liz,[0.754],"[0.064, 0.114, 0.030, 0.020, 0.754, 0.168, 0.005]"
146.76,146.8,Liz,0.7514826655387878,Liz,[0.751],"[0.065, 0.115, 0.030, 0.023, 0.751, 0.163, 0.004]"
146.8,146.84,Liz,0.7485308647155762,Liz,[0.749],"[0.066, 0.115, 0.031, 0.026, 0.749, 0.159, 0.004]"
146.84,146.88,Liz,0.7454185485839844,Liz,[0.745],"[0.067, 0.115, 0.031, 0.030, 0.745, 0.154, 0.003]"
146.88,146.92,Liz,0.7421283721923828,Liz,[0.742],"[0.067, 0.114, 0.031, 0.033, 0.742, 0.149, 0.003]"
146.92,146.96,Liz,0.7386067509651184,Liz,[0.739],"[0.066, 0.113, 0.032, 0.036, 0.739, 0.144, 0.002]"
146.96,147.0,Liz,0.7348015308380127,Liz,[0.735],"[0.065, 0.111, 0.033, 0.040, 0.735, 0.138, 0.002]"
147.0,147.04,Liz,0.7306071519851685,Liz,[0.731],"[0.063, 0.108, 0.034, 0.043, 0.731, 0.132, 0.002]"
147.04,147.08,Liz,0.7258022427558899,Liz,[0.726],"[0.060, 0.106, 0.034, 0.047, 0.726, 0.125, 0.001]"
147.08,147.12,Liz,0.720042884349823,Liz,[0.720],"[0.058, 0.104, 0.035, 0.050, 0.720, 0.117, 0.001]"
147.12,147.16,Liz,0.7130012512207031,Liz,[0.713],"[0.055, 0.101, 0.036, 0.053, 0.713, 0.109, 0.001]"
147.16,147.2,Liz,0.704354465007782,Liz,[0.704],"[0.051, 0.100, 0.037, 0.055, 0.704, 0.101, 0.001]"
147.2,147.24,Liz,0.6938062906265259,Liz,[0.694],"[0.048, 0.098, 0.037, 0.058, 0.694, 0.093, 0.001]"
147.24,147.28,Liz,0.6810650825500488,Liz,[0.681],"[0.045, 0.097, 0.037, 0.060, 0.681, 0.085, 0.001]"
147.28,147.32,Liz,0.6658541560173035,Liz,[0.666],"[0.041, 0.097, 0.037, 0.062, 0.666, 0.077, 0.001]"
147.32,147.36,Liz,0.6479415893554688,Liz,[0.648],"[0.038, 0.098, 0.036, 0.063, 0.648, 0.070, 0.000]"
147.36,147.4,Liz,0.6271321177482605,Liz,[0.627],"[0.035, 0.099, 0.034, 0.065, 0.627, 0.064, 0.000]"
147.4,147.44,Liz,0.603236973285675,Liz,[0.603],"[0.032, 0.101, 0.033, 0.066, 0.603, 0.058, 0.000]"
147.44,147.48,Liz,0.5761799812316895,,[],"[0.029, 0.103, 0.031, 0.066, 0.576, 0.053, 0.000]"
147.48,147.52,Liz,0.5460464358329773,,[],"[0.027, 0.106, 0.028, 0.067, 0.546, 0.048, 0.000]"
147.52,147.56,Liz,0.5130301713943481,,[],"[0.025, 0.110, 0.025, 0.066, 0.513, 0.045, 0.000]"
147.56,147.6,Liz,0.47751107811927795,,[],"[0.023, 0.115, 0.022, 0.066, 0.478, 0.042, 0.000]"
147.6,147.64,Liz,0.44005516171455383,,[],"[0.021, 0.120, 0.019, 0.065, 0.440, 0.039, 0.000]"
147.64,147.68,Liz,0.4013754725456238,,[],"[0.019, 0.126, 0.016, 0.064, 0.401, 0.038, 0.000]"
147.68,147.72,Liz,0.36233288049697876,,[],"[0.017, 0.132, 0.014, 0.063, 0.362, 0.037, 0.000]"
147.72,147.76,Liz,0.3239031732082367,,[],"[0.016, 0.139, 0.011, 0.061, 0.324, 0.036, 0.000]"
147.76,147.8,Liz,0.2869953513145447,,[],"[0.015, 0.147, 0.009, 0.059, 0.287, 0.036, 0.000]"
147.8,147.84,Liz,0.2523795962333679,,[],"[0.014, 0.154, 0.007, 0.057, 0.252, 0.036, 0.000]"
147.84,147.88,Liz,0.22063374519348145,,[],"[0.013, 0.162, 0.006, 0.055, 0.221, 0.037, 0.000]"
147.88,147.92,Liz,0.19211295247077942,,[],"[0.012, 0.169, 0.004, 0.052, 0.192, 0.039, 0.000]"
147.92,147.96,Yujin,0.17650601267814636,,[],"[0.011, 0.177, 0.003, 0.049, 0.167, 0.041, 0.000]"
147.96,148.0,Yujin,0.18343178927898407,,[],"[0.010, 0.183, 0.003, 0.046, 0.145, 0.045, 0.000]"
148.0,148.04,Yujin,0.1898851990699768,,[],"[0.010, 0.190, 0.002, 0.043, 0.127, 0.048, 0.000]"
148.04,148.08,Yujin,0.19571924209594727,,[],"[0.009, 0.196, 0.002, 0.041, 0.111, 0.053, 0.000]"
148.08,148.12,Yujin,0.20079350471496582,,[],"[0.008, 0.201, 0.001, 0.038, 0.098, 0.059, 0.000]"
148.12,148.16,Yujin,0.2049662172794342,,[],"[0.008, 0.205, 0.001, 0.035, 0.087, 0.066, 0.000]"
148.16,148.2,Yujin,0.20807333290576935,,[],"[0.007, 0.208, 0.001, 0.032, 0.078, 0.075, 0.001]"
148.2,148.24,Yujin,0.20998011529445648,,[],"[0.007, 0.210, 0.001, 0.030, 0.071, 0.085, 0.001]"
148.24,148.28,Yujin,0.21053749322891235,,[],"[0.006, 0.211, 0.000, 0.027, 0.065, 0.096, 0.001]"
148.28,148.32,Yujin,0.2097056359052658,,[],"[0.006, 0.210, 0.000, 0.025, 0.061, 0.109, 0.001]"
148.32,148.36,Yujin,0.20746979117393494,,[],"[0.006, 0.207, 0.000, 0.023, 0.058, 0.124, 0.002]"
148.36,148.4,Yujin,0.20378509163856506,,[],"[0.005, 0.204, 0.000, 0.021, 0.055, 0.140, 0.002]"
148.4,148.44,Yujin,0.1986185610294342,,[],"[0.005, 0.199, 0.000, 0.019, 0.054, 0.157, 0.003]"
148.44,148.48,Yujin,0.19196538627147675,,[],"[0.005, 0.192, 0.000, 0.017, 0.053, 0.174, 0.004]"
148.48,148.52,Leeseo,0.19078126549720764,,[],"[0.005, 0.184, 0.000, 0.016, 0.053, 0.191, 0.006]"
148.52,148.56,Leeseo,0.20639683306217194,,[],"[0.005, 0.175, 0.000, 0.015, 0.054, 0.206, 0.008]"
148.56,148.6,Leeseo,0.2200489193201065,,[],"[0.004, 0.164, 0.000, 0.013, 0.056, 0.220, 0.011]"
148.6,148.64,Leeseo,0.23092924058437347,,[],"[0.004, 0.153, 0.000, 0.012, 0.058, 0.231, 0.014]"
148.64,148.68,Leeseo,0.23837323486804962,,[],"[0.004, 0.141, 0.000, 0.011, 0.062, 0.238, 0.018]"
148.68,148.72,Leeseo,0.24186980724334717,,[],"[0.004, 0.129, 0.000, 0.010, 0.066, 0.242, 0.024]"
148.72,148.76,Leeseo,0.24125339090824127,,[],"[0.004, 0.118, 0.000, 0.009, 0.072, 0.241, 0.031]"
148.76,148.8,Leeseo,0.23661522567272186,,[],"[0.004, 0.106, 0.000, 0.008, 0.078, 0.237, 0.040]"
148.8,148.84,Leeseo,0.22832739353179932,,[],"[0.005, 0.095, 0.000, 0.008, 0.086, 0.228, 0.050]"
148.84,148.88,Leeseo,0.21703200042247772,,[],"[0.005, 0.085, 0.000, 0.007, 0.096, 0.217, 0.063]"
148.88,148.92,Leeseo,0.20344285666942596,,[],"[0.005, 0.075, 0.000, 0.006, 0.108, 0.203, 0.078]"
148.92,148.96,Leeseo,0.188310444355011,,[],"[0.005, 0.067, 0.000, 0.006, 0.121, 0.188, 0.095]"
148.96,149.0,Leeseo,0.17241883277893066,,[],"[0.006, 0.059, 0.000, 0.005, 0.137, 0.172, 0.114]"
149.0,149.04,Leeseo,0.1565169245004654,,[],"[0.006, 0.053, 0.000, 0.005, 0.156, 0.157, 0.136]"
149.04,149.08,Liz,0.1771319955587387,,[],"[0.007, 0.047, 0.000, 0.004, 0.177, 0.141, 0.161]"
149.08,149.12,Liz,0.20103797316551208,,[],"[0.008, 0.042, 0.000, 0.004, 0.201, 0.127, 0.190]"
149.12,149.16,Liz,0.22777779400348663,,[],"[0.009, 0.038, 0.001, 0.003, 0.228, 0.114, 0.222]"
149.16,149.2,silence,0.2575533092021942,,[],"[0.011, 0.035, 0.001, 0.003, 0.257, 0.102, 0.258]"
149.2,149.24,silence,0.2980712354183197,,[],"[0.012, 0.032, 0.001, 0.003, 0.289, 0.091, 0.298]"
149.24,149.28,silence,0.34357553720474243,,[],"[0.014, 0.030, 0.001, 0.002, 0.324, 0.082, 0.344]"
149.28,149.32,silence,0.39427217841148376,,[],"[0.017, 0.028, 0.001, 0.002, 0.360, 0.074, 0.394]"
149.32,149.36,silence,0.45010828971862793,,[],"[0.020, 0.026, 0.001, 0.002, 0.397, 0.068, 0.450]"
149.36,149.4,silence,0.5103563666343689,,[],"[0.024, 0.025, 0.001, 0.002, 0.434, 0.062, 0.510]"
149.4,149.44,silence,0.5734786987304688,,[],"[0.028, 0.024, 0.001, 0.001, 0.471, 0.057, 0.573]"
149.44,149.48,silence,0.6371171474456787,silence,[0.637],"[0.033, 0.023, 0.001, 0.001, 0.506, 0.052, 0.637]"
149.48,149.52,silence,0.6986677050590515,silence,[0.699],"[0.039, 0.023, 0.001, 0.001, 0.539, 0.048, 0.699]"
149.52,149.56,silence,0.7556575536727905,silence,[0.756],"[0.046, 0.023, 0.001, 0.001, 0.570, 0.044, 0.756]"
149.56,149.6,silence,0.806137204170227,silence,[0.806],"[0.055, 0.023, 0.002, 0.001, 0.598, 0.041, 0.806]"
149.6,149.64,silence,0.849014937877655,Liz|silence,"[0.623, 0.849]","[0.064, 0.023, 0.002, 0.001, 0.623, 0.038, 0.849]"
149.64,149.68,silence,0.8841152191162109,Liz|silence,"[0.644, 0.884]","[0.075, 0.023, 0.002, 0.001, 0.644, 0.035, 0.884]"
149.68,149.72,silence,0.9120106101036072,Liz|silence,"[0.663, 0.912]","[0.087, 0.024, 0.002, 0.000, 0.663, 0.033, 0.912]"
149.72,149.76,silence,0.9336817860603333,Liz|silence,"[0.678, 0.934]","[0.100, 0.025, 0.002, 0.000, 0.678, 0.030, 0.934]"
149.76,149.8,silence,0.9502179622650146,Liz|silence,"[0.690, 0.950]","[0.115, 0.025, 0.002, 0.000, 0.690, 0.028, 0.950]"
149.8,149.84,silence,0.962662935256958,Liz|silence,"[0.698, 0.963]","[0.130, 0.026, 0.002, 0.000, 0.698, 0.025, 0.963]"
149.84,149.88,silence,0.9719282984733582,Liz|silence,"[0.704, 0.972]","[0.147, 0.028, 0.003, 0.000, 0.704, 0.023, 0.972]"
149.88,149.92,silence,0.9787745475769043,Liz|silence,"[0.707, 0.979]","[0.164, 0.029, 0.003, 0.000, 0.707, 0.021, 0.979]"
149.92,149.96,silence,0.9837983846664429,Liz|silence,"[0.707, 0.984]","[0.181, 0.030, 0.003, 0.000, 0.707, 0.019, 0.984]"
149.96,150.0,silence,0.9874750971794128,Liz|silence,"[0.704, 0.987]","[0.199, 0.031, 0.003, 0.000, 0.704, 0.017, 0.987]"
150.0,150.04,silence,0.990167498588562,Liz|silence,"[0.698, 0.990]","[0.217, 0.032, 0.003, 0.000, 0.698, 0.015, 0.990]"
150.04,150.08,silence,0.9921446442604065,Liz|silence,"[0.689, 0.992]","[0.235, 0.033, 0.004, 0.000, 0.689, 0.013, 0.992]"
150.08,150.12,silence,0.9936029314994812,Liz|silence,"[0.676, 0.994]","[0.254, 0.035, 0.004, 0.000, 0.676, 0.011, 0.994]"
150.12,150.16,silence,0.9946830868721008,Liz|silence,"[0.661, 0.995]","[0.272, 0.036, 0.004, 0.000, 0.661, 0.009, 0.995]"
150.16,150.2,silence,0.9954830408096313,Liz|silence,"[0.642, 0.995]","[0.290, 0.037, 0.004, 0.000, 0.642, 0.008, 0.995]"
150.2,150.24,silence,0.9960719347000122,Liz|silence,"[0.620, 0.996]","[0.308, 0.038, 0.005, 0.000, 0.620, 0.007, 0.996]"
150.24,150.28,silence,0.996496856212616,Liz|silence,"[0.595, 0.996]","[0.325, 0.039, 0.005, 0.000, 0.595, 0.006, 0.996]"
150.28,150.32,silence,0.9967924952507019,silence,[0.997],"[0.343, 0.040, 0.005, 0.000, 0.567, 0.005, 0.997]"
150.32,150.36,silence,0.9969844222068787,silence,[0.997],"[0.359, 0.041, 0.006, 0.000, 0.536, 0.004, 0.997]"
150.36,150.4,silence,0.9970875382423401,silence,[0.997],"[0.375, 0.043, 0.006, 0.000, 0.503, 0.003, 0.997]"
150.4,150.44,silence,0.9971104860305786,silence,[0.997],"[0.390, 0.044, 0.007, 0.000, 0.468, 0.003, 0.997]"
150.44,150.48,silence,0.9970603585243225,silence,[0.997],"[0.404, 0.046, 0.007, 0.000, 0.432, 0.002, 0.997]"
150.48,150.52,silence,0.9969402551651001,silence,[0.997],"[0.417, 0.048, 0.008, 0.000, 0.396, 0.002, 0.997]"
150.52,150.56,silence,0.9967519044876099,silence,[0.997],"[0.430, 0.051, 0.009, 0.000, 0.359, 0.001, 0.997]"
150.56,150.6,silence,0.9964963793754578,silence,[0.996],"[0.441, 0.054, 0.010, 0.000, 0.323, 0.001, 0.996]"
150.6,150.64,silence,0.9961720108985901,silence,[0.996],"[0.452, 0.058, 0.011, 0.000, 0.289, 0.001, 0.996]"
150.64,150.68,silence,0.9957780838012695,silence,[0.996],"[0.461, 0.063, 0.012, 0.000, 0.257, 0.001, 0.996]"
150.68,150.72,silence,0.995317816734314,silence,[0.995],"[0.471, 0.069, 0.013, 0.000, 0.228, 0.001, 0.995]"
150.72,150.76,silence,0.9947992563247681,silence,[0.995],"[0.479, 0.077, 0.014, 0.000, 0.201, 0.001, 0.995]"
150.76,150.8,silence,0.994238018989563,silence,[0.994],"[0.487, 0.086, 0.015, 0.000, 0.176, 0.001, 0.994]"
150.8,150.84,silence,0.9936580061912537,silence,[0.994],"[0.494, 0.097, 0.017, 0.000, 0.154, 0.001, 0.994]"
150.84,150.88,silence,0.9930863380432129,silence,[0.993],"[0.500, 0.111, 0.018, 0.000, 0.135, 0.000, 0.993]"
150.88,150.92,silence,0.9925519227981567,silence,[0.993],"[0.506, 0.128, 0.019, 0.000, 0.118, 0.000, 0.993]"
150.92,150.96,silence,0.9920883774757385,silence,[0.992],"[0.510, 0.148, 0.020, 0.000, 0.103, 0.000, 0.992]"
150.96,151.0,silence,0.9917295575141907,silence,[0.992],"[0.513, 0.172, 0.021, 0.000, 0.090, 0.000, 0.992]"
151.0,151.04,silence,0.9914982914924622,silence,[0.991],"[0.515, 0.201, 0.022, 0.000, 0.079, 0.000, 0.991]"
151.04,151.08,silence,0.9914104342460632,silence,[0.991],"[0.516, 0.235, 0.022, 0.000, 0.070, 0.000, 0.991]"
151.08,151.12,silence,0.9914692044258118,silence,[0.991],"[0.516, 0.274, 0.023, 0.000, 0.061, 0.000, 0.991]"
151.12,151.16,silence,0.9916715025901794,silence,[0.992],"[0.514, 0.318, 0.023, 0.000, 0.054, 0.000, 0.992]"
151.16,151.2,silence,0.9920014142990112,silence,[0.992],"[0.510, 0.366, 0.022, 0.000, 0.048, 0.001, 0.992]"
151.2,151.24,silence,0.9924339056015015,silence,[0.992],"[0.504, 0.419, 0.022, 0.000, 0.043, 0.001, 0.992]"
151.24,151.28,silence,0.9929399490356445,silence,[0.993],"[0.495, 0.474, 0.021, 0.000, 0.039, 0.001, 0.993]"
151.28,151.32,silence,0.9934892654418945,silence,[0.993],"[0.484, 0.530, 0.021, 0.000, 0.035, 0.001, 0.993]"
151.32,151.36,silence,0.9940541386604309,silence,[0.994],"[0.471, 0.586, 0.020, 0.000, 0.032, 0.001, 0.994]"
151.36,151.4,silence,0.9946165680885315,Yujin|silence,"[0.638, 0.995]","[0.455, 0.638, 0.019, 0.001, 0.029, 0.001, 0.995]"
151.4,151.44,silence,0.9951590895652771,Yujin|silence,"[0.687, 0.995]","[0.436, 0.687, 0.017, 0.001, 0.027, 0.001, 0.995]"
151.44,151.48,silence,0.9956674575805664,Yujin|silence,"[0.730, 0.996]","[0.413, 0.730, 0.016, 0.001, 0.025, 0.001, 0.996]"
151.48,151.52,silence,0.9961329698562622,Yujin|silence,"[0.768, 0.996]","[0.388, 0.768, 0.015, 0.001, 0.023, 0.001, 0.996]"
151.52,151.56,silence,0.9965493679046631,Yujin|silence,"[0.800, 0.997]","[0.361, 0.800, 0.014, 0.002, 0.022, 0.001, 0.997]"
151.56,151.6,silence,0.9969151020050049,Yujin|silence,"[0.828, 0.997]","[0.331, 0.828, 0.013, 0.002, 0.021, 0.001, 0.997]"
151.6,151.64,silence,0.9972314238548279,Yujin|silence,"[0.851, 0.997]","[0.300, 0.851, 0.012, 0.003, 0.021, 0.001, 0.997]"
151.64,151.68,silence,0.9975016713142395,Yujin|silence,"[0.870, 0.998]","[0.268, 0.870, 0.011, 0.003, 0.020, 0.001, 0.998]"
151.68,151.72,silence,0.9977273344993591,Yujin|silence,"[0.887, 0.998]","[0.236, 0.887, 0.010, 0.004, 0.020, 0.002, 0.998]"
151.72,151.76,silence,0.9979093670845032,Yujin|silence,"[0.901, 0.998]","[0.205, 0.901, 0.009, 0.005, 0.020, 0.002, 0.998]"
151.76,151.8,silence,0.9980491399765015,Yujin|silence,"[0.912, 0.998]","[0.175, 0.912, 0.009, 0.005, 0.020, 0.002, 0.998]"
151.8,151.84,silence,0.9981486797332764,Yujin|silence,"[0.922, 0.998]","[0.148, 0.922, 0.008, 0.006, 0.020, 0.002, 0.998]"
151.84,151.88,silence,0.9982110261917114,Yujin|silence,"[0.931, 0.998]","[0.123, 0.931, 0.007, 0.007, 0.021, 0.002, 0.998]"
151.88,151.92,silence,0.9982385635375977,Yujin|silence,"[0.938, 0.998]","[0.101, 0.938, 0.007, 0.008, 0.022, 0.003, 0.998]"
151.92,151.96,silence,0.9982342720031738,Yujin|silence,"[0.944, 0.998]","[0.082, 0.944, 0.007, 0.009, 0.023, 0.003, 0.998]"
151.96,152.0,silence,0.9982001781463623,Yujin|silence,"[0.949, 0.998]","[0.066, 0.949, 0.006, 0.010, 0.025, 0.003, 0.998]"
152.0,152.04,silence,0.998137354850769,Yujin|silence,"[0.954, 0.998]","[0.053, 0.954, 0.006, 0.011, 0.027, 0.003, 0.998]"
152.04,152.08,silence,0.9980455636978149,Yujin|silence,"[0.958, 0.998]","[0.042, 0.958, 0.006, 0.012, 0.029, 0.003, 0.998]"
152.08,152.12,silence,0.9979227185249329,Yujin|silence,"[0.962, 0.998]","[0.033, 0.962, 0.006, 0.013, 0.032, 0.004, 0.998]"
152.12,152.16,silence,0.9977661371231079,Yujin|silence,"[0.965, 0.998]","[0.026, 0.965, 0.006, 0.014, 0.035, 0.004, 0.998]"
152.16,152.2,silence,0.9975746273994446,Yujin|silence,"[0.968, 0.998]","[0.020, 0.968, 0.006, 0.014, 0.039, 0.004, 0.998]"
152.2,152.24,silence,0.9973487854003906,Yujin|silence,"[0.970, 0.997]","[0.016, 0.970, 0.007, 0.015, 0.044, 0.004, 0.997]"
152.24,152.28,silence,0.9970933198928833,Yujin|silence,"[0.972, 0.997]","[0.012, 0.972, 0.007, 0.015, 0.049, 0.005, 0.997]"
152.28,152.32,silence,0.9968174695968628,Yujin|silence,"[0.974, 0.997]","[0.010, 0.974, 0.007, 0.015, 0.055, 0.005, 0.997]"
152.32,152.36,silence,0.9965317845344543,Yujin|silence,"[0.976, 0.997]","[0.008, 0.976, 0.008, 0.015, 0.061, 0.006, 0.997]"
152.36,152.4,silence,0.9962518811225891,Yujin|silence,"[0.978, 0.996]","[0.006, 0.978, 0.008, 0.015, 0.068, 0.006, 0.996]"
152.4,152.44,silence,0.9959981441497803,Yujin|silence,"[0.979, 0.996]","[0.005, 0.979, 0.008, 0.015, 0.076, 0.007, 0.996]"
152.44,152.48,silence,0.9957931041717529,Yujin|silence,"[0.980, 0.996]","[0.004, 0.980, 0.009, 0.015, 0.084, 0.007, 0.996]"
152.48,152.52,silence,0.9956600069999695,Yujin|silence,"[0.981, 0.996]","[0.003, 0.981, 0.009, 0.014, 0.092, 0.008, 0.996]"
152.52,152.56,silence,0.9956138134002686,Yujin|silence,"[0.982, 0.996]","[0.003, 0.982, 0.010, 0.014, 0.100, 0.009, 0.996]"
152.56,152.6,silence,0.9956623911857605,Yujin|silence,"[0.983, 0.996]","[0.002, 0.983, 0.010, 0.014, 0.107, 0.010, 0.996]"
152.6,152.64,silence,0.9958056211471558,Yujin|silence,"[0.983, 0.996]","[0.002, 0.983, 0.011, 0.013, 0.114, 0.012, 0.996]"
152.64,152.68,silence,0.9960350394248962,Yujin|silence,"[0.984, 0.996]","[0.002, 0.984, 0.011, 0.013, 0.119, 0.013, 0.996]"
152.68,152.72,silence,0.9963339567184448,Yujin|silence,"[0.984, 0.996]","[0.002, 0.984, 0.011, 0.013, 0.124, 0.015, 0.996]"
152.72,152.76,silence,0.9966837763786316,Yujin|silence,"[0.985, 0.997]","[0.001, 0.985, 0.011, 0.012, 0.126, 0.017, 0.997]"
152.76,152.8,silence,0.997065007686615,Yujin|silence,"[0.985, 0.997]","[0.001, 0.985, 0.012, 0.012, 0.127, 0.019, 0.997]"
152.8,152.84,silence,0.9974566102027893,Yujin|silence,"[0.985, 0.997]","[0.001, 0.985, 0.012, 0.012, 0.126, 0.022, 0.997]"
152.84,152.88,silence,0.9978407621383667,Yujin|silence,"[0.985, 0.998]","[0.001, 0.985, 0.012, 0.012, 0.123, 0.025, 0.998]"
152.88,152.92,silence,0.9982020854949951,Yujin|silence,"[0.985, 0.998]","[0.001, 0.985, 0.012, 0.012, 0.119, 0.028, 0.998]"
152.92,152.96,silence,0.9985297918319702,Yujin|silence,"[0.984, 0.999]","[0.001, 0.984, 0.012, 0.012, 0.112, 0.032, 0.999]"
152.96,153.0,silence,0.9988173842430115,Yujin|silence,"[0.984, 0.999]","[0.001, 0.984, 0.012, 0.012, 0.105, 0.036, 0.999]"
153.0,153.04,silence,0.9990628361701965,Yujin|silence,"[0.984, 0.999]","[0.001, 0.984, 0.012, 0.012, 0.097, 0.041, 0.999]"
153.04,153.08,silence,0.9992671608924866,Yujin|silence,"[0.983, 0.999]","[0.001, 0.983, 0.012, 0.012, 0.088, 0.045, 0.999]"
153.08,153.12,silence,0.9994339346885681,Yujin|silence,"[0.982, 0.999]","[0.001, 0.982, 0.012, 0.012, 0.080, 0.050, 0.999]"
153.12,153.16,silence,0.999567449092865,Yujin|silence,"[0.981, 1.000]","[0.001, 0.981, 0.012, 0.012, 0.071, 0.055, 1.000]"
153.16,153.2,silence,0.9996726512908936,Yujin|silence,"[0.980, 1.000]","[0.001, 0.980, 0.012, 0.012, 0.063, 0.059, 1.000]"
153.2,153.24,silence,0.999754011631012,Yujin|silence,"[0.979, 1.000]","[0.001, 0.979, 0.013, 0.012, 0.056, 0.063, 1.000]"
153.24,153.28,silence,0.9998158812522888,Yujin|silence,"[0.977, 1.000]","[0.001, 0.977, 0.013, 0.012, 0.049, 0.067, 1.000]"
153.28,153.32,silence,0.9998621940612793,Yujin|silence,"[0.975, 1.000]","[0.001, 0.975, 0.013, 0.013, 0.043, 0.070, 1.000]"
153.32,153.36,silence,0.9998966455459595,Yujin|silence,"[0.973, 1.000]","[0.001, 0.973, 0.013, 0.013, 0.038, 0.073, 1.000]"
153.36,153.4,silence,0.9999219179153442,Yujin|silence,"[0.970, 1.000]","[0.001, 0.970, 0.013, 0.013, 0.034, 0.074, 1.000]"
153.4,153.44,silence,0.9999403953552246,Yujin|silence,"[0.967, 1.000]","[0.001, 0.967, 0.013, 0.014, 0.031, 0.074, 1.000]"
153.44,153.48,silence,0.9999538660049438,Yujin|silence,"[0.964, 1.000]","[0.001, 0.964, 0.013, 0.014, 0.028, 0.074, 1.000]"
153.48,153.52,silence,0.9999637603759766,Yujin|silence,"[0.959, 1.000]","[0.002, 0.959, 0.014, 0.015, 0.026, 0.072, 1.000]"
153.52,153.56,silence,0.9999709129333496,Yujin|silence,"[0.955, 1.000]","[0.002, 0.955, 0.014, 0.015, 0.024, 0.069, 1.000]"
153.56,153.6,silence,0.9999761581420898,Yujin|silence,"[0.950, 1.000]","[0.002, 0.950, 0.014, 0.016, 0.023, 0.065, 1.000]"
153.6,153.64,silence,0.9999799728393555,Yujin|silence,"[0.944, 1.000]","[0.002, 0.944, 0.014, 0.016, 0.022, 0.061, 1.000]"
153.64,153.68,silence,0.9999827146530151,Yujin|silence,"[0.938, 1.000]","[0.002, 0.938, 0.014, 0.017, 0.021, 0.057, 1.000]"
153.68,153.72,silence,0.9999847412109375,Yujin|silence,"[0.930, 1.000]","[0.003, 0.930, 0.015, 0.017, 0.021, 0.052, 1.000]"
153.72,153.76,silence,0.9999861717224121,Yujin|silence,"[0.922, 1.000]","[0.003, 0.922, 0.015, 0.018, 0.021, 0.047, 1.000]"
153.76,153.8,silence,0.9999872446060181,Yujin|silence,"[0.913, 1.000]","[0.003, 0.913, 0.015, 0.018, 0.021, 0.042, 1.000]"
153.8,153.84,silence,0.9999878406524658,Yujin|silence,"[0.903, 1.000]","[0.003, 0.903, 0.016, 0.019, 0.022, 0.038, 1.000]"
153.84,153.88,silence,0.9999880790710449,Yujin|silence,"[0.893, 1.000]","[0.004, 0.893, 0.016, 0.019, 0.023, 0.035, 1.000]"
153.88,153.92,silence,0.9999881982803345,Yujin|silence,"[0.881, 1.000]","[0.004, 0.881, 0.017, 0.019, 0.024, 0.031, 1.000]"
153.92,153.96,silence,0.9999879598617554,Yujin|silence,"[0.869, 1.000]","[0.005, 0.869, 0.018, 0.019, 0.025, 0.028, 1.000]"
153.96,154.0,silence,0.9999873638153076,Yujin|silence,"[0.857, 1.000]","[0.005, 0.857, 0.019, 0.019, 0.027, 0.026, 1.000]"
154.0,154.04,silence,0.9999865293502808,Yujin|silence,"[0.845, 1.000]","[0.005, 0.845, 0.019, 0.018, 0.028, 0.024, 1.000]"
154.04,154.08,silence,0.9999853372573853,Yujin|silence,"[0.833, 1.000]","[0.006, 0.833, 0.020, 0.018, 0.030, 0.022, 1.000]"
154.08,154.12,silence,0.9999836683273315,Yujin|silence,"[0.821, 1.000]","[0.006, 0.821, 0.021, 0.017, 0.032, 0.020, 1.000]"
154.12,154.16,silence,0.9999816417694092,Yujin|silence,"[0.809, 1.000]","[0.007, 0.809, 0.023, 0.016, 0.035, 0.019, 1.000]"
154.16,154.2,silence,0.9999788999557495,Yujin|silence,"[0.799, 1.000]","[0.007, 0.799, 0.024, 0.015, 0.037, 0.018, 1.000]"
154.2,154.24,silence,0.9999755620956421,Yujin|silence,"[0.789, 1.000]","[0.007, 0.789, 0.025, 0.014, 0.040, 0.017, 1.000]"
154.24,154.28,silence,0.9999713897705078,Yujin|silence,"[0.781, 1.000]","[0.007, 0.781, 0.026, 0.013, 0.042, 0.016, 1.000]"
154.28,154.32,silence,0.9999662637710571,Yujin|silence,"[0.773, 1.000]","[0.007, 0.773, 0.027, 0.012, 0.045, 0.016, 1.000]"
154.32,154.36,silence,0.9999598264694214,Yujin|silence,"[0.767, 1.000]","[0.007, 0.767, 0.028, 0.011, 0.048, 0.015, 1.000]"
154.36,154.4,silence,0.999951958656311,Yujin|silence,"[0.761, 1.000]","[0.007, 0.761, 0.029, 0.010, 0.050, 0.014, 1.000]"
154.4,154.44,silence,0.9999425411224365,Yujin|silence,"[0.757, 1.000]","[0.007, 0.757, 0.030, 0.009, 0.053, 0.014, 1.000]"
154.44,154.48,silence,0.9999312162399292,Yujin|silence,"[0.754, 1.000]","[0.007, 0.754, 0.031, 0.008, 0.055, 0.014, 1.000]"
154.48,154.52,silence,0.9999175071716309,Yujin|silence,"[0.752, 1.000]","[0.007, 0.752, 0.033, 0.007, 0.056, 0.013, 1.000]"
154.52,154.56,silence,0.999901294708252,Yujin|silence,"[0.752, 1.000]","[0.007, 0.752, 0.034, 0.007, 0.057, 0.013, 1.000]"
154.56,154.6,silence,0.9998822212219238,Yujin|silence,"[0.753, 1.000]","[0.007, 0.753, 0.035, 0.006, 0.058, 0.013, 1.000]"
154.6,154.64,silence,0.9998600482940674,Yujin|silence,"[0.755, 1.000]","[0.006, 0.755, 0.036, 0.005, 0.058, 0.013, 1.000]"
154.64,154.68,silence,0.9998345375061035,Yujin|silence,"[0.758, 1.000]","[0.006, 0.758, 0.037, 0.005, 0.058, 0.013, 1.000]"
154.68,154.72,silence,0.9998053908348083,Yujin|silence,"[0.762, 1.000]","[0.006, 0.762, 0.038, 0.004, 0.057, 0.013, 1.000]"
154.72,154.76,silence,0.9997721314430237,Yujin|silence,"[0.767, 1.000]","[0.005, 0.767, 0.038, 0.004, 0.056, 0.013, 1.000]"
154.76,154.8,silence,0.9997342228889465,Yujin|silence,"[0.772, 1.000]","[0.005, 0.772, 0.039, 0.004, 0.055, 0.013, 1.000]"
154.8,154.84,silence,0.9996910095214844,Yujin|silence,"[0.778, 1.000]","[0.005, 0.778, 0.040, 0.003, 0.053, 0.013, 1.000]"
154.84,154.88,silence,0.9996410608291626,Yujin|silence,"[0.784, 1.000]","[0.005, 0.784, 0.040, 0.003, 0.050, 0.013, 1.000]"
154.88,154.92,silence,0.9995830655097961,Yujin|silence,"[0.790, 1.000]","[0.005, 0.790, 0.041, 0.003, 0.048, 0.014, 1.000]"
154.92,154.96,silence,0.9995145797729492,Yujin|silence,"[0.796, 1.000]","[0.004, 0.796, 0.041, 0.003, 0.045, 0.014, 1.000]"
154.96,155.0,silence,0.999432384967804,Yujin|silence,"[0.803, 0.999]","[0.004, 0.803, 0.041, 0.003, 0.043, 0.015, 0.999]"
155.0,155.04,silence,0.9993320107460022,Yujin|silence,"[0.810, 0.999]","[0.004, 0.810, 0.041, 0.003, 0.040, 0.015, 0.999]"
155.04,155.08,silence,0.9992074370384216,Yujin|silence,"[0.818, 0.999]","[0.004, 0.818, 0.040, 0.003, 0.038, 0.015, 0.999]"
155.08,155.12,silence,0.99904865026474,Yujin|silence,"[0.826, 0.999]","[0.004, 0.826, 0.040, 0.003, 0.035, 0.016, 0.999]"
155.12,155.16,silence,0.9988415837287903,Yujin|silence,"[0.834, 0.999]","[0.004, 0.834, 0.039, 0.003, 0.033, 0.017, 0.999]"
155.16,155.2,silence,0.9985663294792175,Yujin|silence,"[0.842, 0.999]","[0.004, 0.842, 0.038, 0.003, 0.031, 0.017, 0.999]"
155.2,155.24,silence,0.998195230960846,Yujin|silence,"[0.851, 0.998]","[0.004, 0.851, 0.037, 0.003, 0.029, 0.018, 0.998]"
155.24,155.28,silence,0.997689962387085,Yujin|silence,"[0.860, 0.998]","[0.004, 0.860, 0.036, 0.003, 0.027, 0.019, 0.998]"
155.28,155.32,silence,0.9969961643218994,Yujin|silence,"[0.869, 0.997]","[0.004, 0.869, 0.035, 0.003, 0.025, 0.019, 0.997]"
155.32,155.36,silence,0.9960379600524902,Yujin|silence,"[0.879, 0.996]","[0.004, 0.879, 0.034, 0.003, 0.024, 0.020, 0.996]"
155.36,155.4,silence,0.9947094917297363,Yujin|silence,"[0.888, 0.995]","[0.004, 0.888, 0.034, 0.003, 0.022, 0.021, 0.995]"
155.4,155.44,silence,0.9928653240203857,Yujin|silence,"[0.896, 0.993]","[0.004, 0.896, 0.033, 0.004, 0.021, 0.022, 0.993]"
155.44,155.48,silence,0.9903134107589722,Yujin|silence,"[0.904, 0.990]","[0.004, 0.904, 0.033, 0.004, 0.020, 0.022, 0.990]"
155.48,155.52,silence,0.9868084788322449,Yujin|silence,"[0.912, 0.987]","[0.004, 0.912, 0.032, 0.004, 0.019, 0.023, 0.987]"
155.52,155.56,silence,0.9820504188537598,Yujin|silence,"[0.919, 0.982]","[0.005, 0.919, 0.032, 0.004, 0.018, 0.023, 0.982]"
155.56,155.6,silence,0.9756938815116882,Yujin|silence,"[0.926, 0.976]","[0.005, 0.926, 0.031, 0.005, 0.018, 0.024, 0.976]"
155.6,155.64,silence,0.9673686623573303,Yujin|silence,"[0.932, 0.967]","[0.005, 0.932, 0.031, 0.005, 0.018, 0.024, 0.967]"
155.64,155.68,silence,0.9567192196846008,Yujin|silence,"[0.937, 0.957]","[0.005, 0.937, 0.031, 0.005, 0.017, 0.024, 0.957]"
155.68,155.72,silence,0.9434425234794617,Yujin|silence,"[0.942, 0.943]","[0.004, 0.942, 0.030, 0.006, 0.017, 0.025, 0.943]"
155.72,155.76,Yujin,0.9460281133651733,Yujin|silence,"[0.946, 0.927]","[0.004, 0.946, 0.030, 0.006, 0.017, 0.025, 0.927]"
155.76,155.8,Yujin,0.9499577879905701,Yujin|silence,"[0.950, 0.909]","[0.004, 0.950, 0.030, 0.006, 0.018, 0.025, 0.909]"
155.8,155.84,Yujin,0.9534897208213806,Yujin|silence,"[0.953, 0.887]","[0.004, 0.953, 0.029, 0.007, 0.018, 0.024, 0.887]"
155.84,155.88,Yujin,0.9566465616226196,Yujin|silence,"[0.957, 0.864]","[0.004, 0.957, 0.029, 0.007, 0.019, 0.024, 0.864]"
155.88,155.92,Yujin,0.9594370722770691,Yujin|silence,"[0.959, 0.840]","[0.004, 0.959, 0.028, 0.007, 0.020, 0.023, 0.840]"
155.92,155.96,Yujin,0.9618624448776245,Yujin|silence,"[0.962, 0.817]","[0.004, 0.962, 0.027, 0.007, 0.021, 0.023, 0.817]"
155.96,156.0,Yujin,0.9639329314231873,Yujin|silence,"[0.964, 0.795]","[0.004, 0.964, 0.027, 0.008, 0.022, 0.022, 0.795]"
156.0,156.04,Yujin,0.9656680822372437,Yujin|silence,"[0.966, 0.776]","[0.004, 0.966, 0.026, 0.008, 0.024, 0.021, 0.776]"
156.04,156.08,Yujin,0.967095673084259,Yujin|silence,"[0.967, 0.760]","[0.004, 0.967, 0.025, 0.008, 0.026, 0.020, 0.760]"
156.08,156.12,Yujin,0.9682413935661316,Yujin|silence,"[0.968, 0.749]","[0.004, 0.968, 0.024, 0.008, 0.029, 0.019, 0.749]"
156.12,156.16,Yujin,0.9691248536109924,Yujin|silence,"[0.969, 0.742]","[0.004, 0.969, 0.023, 0.007, 0.031, 0.019, 0.742]"
156.16,156.2,Yujin,0.9697689414024353,Yujin|silence,"[0.970, 0.740]","[0.004, 0.970, 0.022, 0.007, 0.034, 0.018, 0.740]"
156.2,156.24,Yujin,0.9701976180076599,Yujin|silence,"[0.970, 0.743]","[0.004, 0.970, 0.021, 0.007, 0.038, 0.017, 0.743]"
156.24,156.28,Yujin,0.9704257845878601,Yujin|silence,"[0.970, 0.750]","[0.003, 0.970, 0.020, 0.007, 0.041, 0.017, 0.750]"
156.28,156.32,Yujin,0.9704702496528625,Yujin|silence,"[0.970, 0.761]","[0.003, 0.970, 0.019, 0.006, 0.045, 0.016, 0.761]"
156.32,156.36,Yujin,0.970349907875061,Yujin|silence,"[0.970, 0.774]","[0.003, 0.970, 0.017, 0.006, 0.050, 0.016, 0.774]"
156.36,156.4,Yujin,0.9700831770896912,Yujin|silence,"[0.970, 0.789]","[0.003, 0.970, 0.016, 0.005, 0.054, 0.016, 0.789]"
156.4,156.44,Yujin,0.9696726202964783,Yujin|silence,"[0.970, 0.805]","[0.003, 0.970, 0.015, 0.005, 0.058, 0.016, 0.805]"
156.44,156.48,Yujin,0.9691036939620972,Yujin|silence,"[0.969, 0.822]","[0.003, 0.969, 0.014, 0.005, 0.063, 0.016, 0.822]"
156.48,156.52,Yujin,0.9683550596237183,Yujin|silence,"[0.968, 0.838]","[0.003, 0.968, 0.012, 0.004, 0.067, 0.016, 0.838]"
156.52,156.56,Yujin,0.9674094915390015,Yujin|silence,"[0.967, 0.852]","[0.003, 0.967, 0.011, 0.004, 0.071, 0.016, 0.852]"
156.56,156.6,Yujin,0.9662449359893799,Yujin|silence,"[0.966, 0.864]","[0.003, 0.966, 0.010, 0.004, 0.075, 0.017, 0.864]"
156.6,156.64,Yujin,0.9648486375808716,Yujin|silence,"[0.965, 0.875]","[0.003, 0.965, 0.009, 0.003, 0.078, 0.018, 0.875]"
156.64,156.68,Yujin,0.9632052779197693,Yujin|silence,"[0.963, 0.883]","[0.003, 0.963, 0.008, 0.003, 0.081, 0.018, 0.883]"
156.68,156.72,Yujin,0.9613233804702759,Yujin|silence,"[0.961, 0.889]","[0.003, 0.961, 0.008, 0.003, 0.084, 0.019, 0.889]"
156.72,156.76,Yujin,0.9592334628105164,Yujin|silence,"[0.959, 0.893]","[0.003, 0.959, 0.007, 0.002, 0.086, 0.020, 0.893]"
156.76,156.8,Yujin,0.9569799900054932,Yujin|silence,"[0.957, 0.894]","[0.003, 0.957, 0.006, 0.002, 0.087, 0.021, 0.894]"
156.8,156.84,Yujin,0.9545840620994568,Yujin|silence,"[0.955, 0.893]","[0.003, 0.955, 0.006, 0.002, 0.088, 0.022, 0.893]"
156.84,156.88,Yujin,0.9520558714866638,Yujin|silence,"[0.952, 0.889]","[0.003, 0.952, 0.005, 0.002, 0.089, 0.023, 0.889]"
156.88,156.92,Yujin,0.9494225978851318,Yujin|silence,"[0.949, 0.881]","[0.003, 0.949, 0.005, 0.002, 0.089, 0.024, 0.881]"
156.92,156.96,Yujin,0.9467257261276245,Yujin|silence,"[0.947, 0.870]","[0.003, 0.947, 0.005, 0.002, 0.089, 0.025, 0.870]"
156.96,157.0,Yujin,0.943976879119873,Yujin|silence,"[0.944, 0.854]","[0.003, 0.944, 0.004, 0.002, 0.088, 0.025, 0.854]"
157.0,157.04,Yujin,0.9411852359771729,Yujin|silence,"[0.941, 0.833]","[0.003, 0.941, 0.004, 0.002, 0.087, 0.026, 0.833]"
157.04,157.08,Yujin,0.9383752942085266,Yujin|silence,"[0.938, 0.804]","[0.003, 0.938, 0.004, 0.002, 0.087, 0.027, 0.804]"
157.08,157.12,Yujin,0.9355691075325012,Yujin|silence,"[0.936, 0.766]","[0.003, 0.936, 0.004, 0.002, 0.086, 0.028, 0.766]"
157.12,157.16,Yujin,0.9327629804611206,Yujin|silence,"[0.933, 0.719]","[0.003, 0.933, 0.003, 0.002, 0.086, 0.028, 0.719]"
157.16,157.2,Yujin,0.9299452304840088,Yujin|silence,"[0.930, 0.662]","[0.003, 0.930, 0.003, 0.002, 0.086, 0.029, 0.662]"
157.2,157.24,Yujin,0.9270979166030884,Yujin|silence,"[0.927, 0.595]","[0.003, 0.927, 0.003, 0.002, 0.087, 0.030, 0.595]"
157.24,157.28,Yujin,0.9242176413536072,Yujin,[0.924],"[0.003, 0.924, 0.003, 0.002, 0.088, 0.030, 0.519]"
157.28,157.32,Yujin,0.9213438034057617,Yujin,[0.921],"[0.003, 0.921, 0.003, 0.002, 0.090, 0.031, 0.438]"
157.32,157.36,Yujin,0.9184941649436951,Yujin,[0.918],"[0.003, 0.918, 0.003, 0.002, 0.093, 0.031, 0.358]"
157.36,157.4,Yujin,0.9156910181045532,Yujin,[0.916],"[0.003, 0.916, 0.003, 0.002, 0.096, 0.031, 0.282]"
157.4,157.44,Yujin,0.9129641056060791,Yujin,[0.913],"[0.004, 0.913, 0.003, 0.002, 0.099, 0.032, 0.215]"
157.44,157.48,Yujin,0.9103406667709351,Yujin,[0.910],"[0.004, 0.910, 0.003, 0.002, 0.104, 0.032, 0.160]"
157.48,157.52,Yujin,0.9078308939933777,Yujin,[0.908],"[0.004, 0.908, 0.003, 0.002, 0.108, 0.033, 0.117]"
157.52,157.56,Yujin,0.90544193983078,Yujin,[0.905],"[0.005, 0.905, 0.003, 0.002, 0.114, 0.033, 0.084]"
157.56,157.6,Yujin,0.9031927585601807,Yujin,[0.903],"[0.006, 0.903, 0.003, 0.003, 0.119, 0.034, 0.059]"
157.6,157.64,Yujin,0.9010574817657471,Yujin,[0.901],"[0.007, 0.901, 0.003, 0.003, 0.125, 0.034, 0.042]"
157.64,157.68,Yujin,0.8989782929420471,Yujin,[0.899],"[0.008, 0.899, 0.003, 0.003, 0.132, 0.035, 0.030]"
157.68,157.72,Yujin,0.8968661427497864,Yujin,[0.897],"[0.010, 0.897, 0.003, 0.003, 0.138, 0.036, 0.021]"
157.72,157.76,Yujin,0.8946232795715332,Yujin,[0.895],"[0.011, 0.895, 0.003, 0.003, 0.146, 0.036, 0.016]"
157.76,157.8,Yujin,0.8921083211898804,Yujin,[0.892],"[0.014, 0.892, 0.004, 0.004, 0.153, 0.037, 0.011]"
157.8,157.84,Yujin,0.8891595602035522,Yujin,[0.889],"[0.016, 0.889, 0.004, 0.004, 0.161, 0.038, 0.009]"
157.84,157.88,Yujin,0.8856291770935059,Yujin,[0.886],"[0.020, 0.886, 0.004, 0.004, 0.168, 0.039, 0.007]"
157.88,157.92,Yujin,0.8813741207122803,Yujin,[0.881],"[0.024, 0.881, 0.005, 0.004, 0.176, 0.040, 0.005]"
157.92,157.96,Yujin,0.8762653470039368,Yujin,[0.876],"[0.028, 0.876, 0.005, 0.004, 0.184, 0.041, 0.005]"
157.96,158.0,Yujin,0.8701677918434143,Yujin,[0.870],"[0.033, 0.870, 0.006, 0.004, 0.191, 0.042, 0.004]"
158.0,158.04,Yujin,0.8629997372627258,Yujin,[0.863],"[0.038, 0.863, 0.006, 0.005, 0.198, 0.043, 0.004]"
158.04,158.08,Yujin,0.8547272086143494,Yujin,[0.855],"[0.044, 0.855, 0.007, 0.005, 0.205, 0.044, 0.003]"
158.08,158.12,Yujin,0.8453686237335205,Yujin,[0.845],"[0.050, 0.845, 0.008, 0.005, 0.211, 0.046, 0.003]"
158.12,158.16,Yujin,0.8349716663360596,Yujin,[0.835],"[0.056, 0.835, 0.009, 0.005, 0.217, 0.046, 0.003]"
158.16,158.2,Yujin,0.8235938549041748,Yujin,[0.824],"[0.063, 0.824, 0.010, 0.005, 0.221, 0.047, 0.004]"
158.2,158.24,Yujin,0.8113822937011719,Yujin,[0.811],"[0.069, 0.811, 0.011, 0.005, 0.225, 0.047, 0.004]"
158.24,158.28,Yujin,0.7985854148864746,Yujin,[0.799],"[0.075, 0.799, 0.013, 0.005, 0.228, 0.047, 0.005]"
158.28,158.32,Yujin,0.7854980230331421,Yujin,[0.785],"[0.081, 0.785, 0.014, 0.005, 0.230, 0.047, 0.006]"
158.32,158.36,Yujin,0.7723384499549866,Yujin,[0.772],"[0.086, 0.772, 0.016, 0.005, 0.230, 0.045, 0.007]"
158.36,158.4,Yujin,0.7592828273773193,Yujin,[0.759],"[0.091, 0.759, 0.017, 0.005, 0.230, 0.044, 0.008]"
158.4,158.44,Yujin,0.7465769052505493,Yujin,[0.747],"[0.096, 0.747, 0.019, 0.004, 0.229, 0.042, 0.011]"
158.44,158.48,Yujin,0.7345691919326782,Yujin,[0.735],"[0.099, 0.735, 0.021, 0.004, 0.226, 0.040, 0.014]"
158.48,158.52,Yujin,0.7235816717147827,Yujin,[0.724],"[0.103, 0.724, 0.024, 0.004, 0.223, 0.037, 0.018]"
158.52,158.56,Yujin,0.7139427065849304,Yujin,[0.714],"[0.105, 0.714, 0.026, 0.004, 0.220, 0.035, 0.023]"
158.56,158.6,Yujin,0.7059841752052307,Yujin,[0.706],"[0.108, 0.706, 0.028, 0.004, 0.216, 0.032, 0.031]"
158.6,158.64,Yujin,0.6998586058616638,Yujin,[0.700],"[0.110, 0.700, 0.031, 0.005, 0.212, 0.030, 0.041]"
158.64,158.68,Yujin,0.6957600712776184,Yujin,[0.696],"[0.111, 0.696, 0.033, 0.005, 0.207, 0.028, 0.054]"
158.68,158.72,Yujin,0.693766713142395,Yujin,[0.694],"[0.113, 0.694, 0.035, 0.005, 0.202, 0.026, 0.071]"
158.72,158.76,Yujin,0.6938626766204834,Yujin,[0.694],"[0.115, 0.694, 0.037, 0.005, 0.197, 0.024, 0.093]"
158.76,158.8,Yujin,0.6960044503211975,Yujin,[0.696],"[0.116, 0.696, 0.038, 0.005, 0.192, 0.022, 0.122]"
158.8,158.84,Yujin,0.7002280354499817,Yujin,[0.700],"[0.118, 0.700, 0.040, 0.005, 0.186, 0.021, 0.157]"
158.84,158.88,Yujin,0.7065705060958862,Yujin,[0.707],"[0.121, 0.707, 0.041, 0.005, 0.180, 0.019, 0.199]"
158.88,158.92,Yujin,0.7149782180786133,Yujin,[0.715],"[0.124, 0.715, 0.041, 0.006, 0.173, 0.018, 0.249]"
158.92,158.96,Yujin,0.725123405456543,Yujin,[0.725],"[0.128, 0.725, 0.042, 0.006, 0.166, 0.017, 0.307]"
158.96,159.0,Yujin,0.73663729429245,Yujin,[0.737],"[0.133, 0.737, 0.042, 0.006, 0.158, 0.016, 0.371]"
159.0,159.04,Yujin,0.7491214871406555,Yujin,[0.749],"[0.138, 0.749, 0.043, 0.006, 0.150, 0.015, 0.441]"
159.04,159.08,Yujin,0.7621045112609863,Yujin,[0.762],"[0.144, 0.762, 0.043, 0.006, 0.141, 0.014, 0.514]"
159.08,159.12,Yujin,0.7751684188842773,Yujin,[0.775],"[0.150, 0.775, 0.043, 0.006, 0.132, 0.013, 0.587]"
159.12,159.16,Yujin,0.7879673838615417,Yujin|silence,"[0.788, 0.657]","[0.157, 0.788, 0.044, 0.006, 0.122, 0.013, 0.657]"
159.16,159.2,Yujin,0.800207257270813,Yujin|silence,"[0.800, 0.722]","[0.164, 0.800, 0.044, 0.006, 0.112, 0.012, 0.722]"
159.2,159.24,Yujin,0.8116147518157959,Yujin|silence,"[0.812, 0.779]","[0.172, 0.812, 0.044, 0.006, 0.101, 0.012, 0.779]"
159.24,159.28,silence,0.828276515007019,Yujin|silence,"[0.822, 0.828]","[0.180, 0.822, 0.044, 0.006, 0.091, 0.011, 0.828]"
159.28,159.32,silence,0.8693152666091919,Yujin|silence,"[0.831, 0.869]","[0.187, 0.831, 0.044, 0.006, 0.081, 0.011, 0.869]"
159.32,159.36,silence,0.9025965929031372,Yujin|silence,"[0.839, 0.903]","[0.195, 0.839, 0.044, 0.005, 0.071, 0.010, 0.903]"
159.36,159.4,silence,0.9288695454597473,Yujin|silence,"[0.844, 0.929]","[0.203, 0.844, 0.043, 0.005, 0.062, 0.010, 0.929]"
159.4,159.44,silence,0.9491023421287537,Yujin|silence,"[0.849, 0.949]","[0.210, 0.849, 0.043, 0.005, 0.054, 0.010, 0.949]"
159.44,159.48,silence,0.9643149971961975,Yujin|silence,"[0.851, 0.964]","[0.216, 0.851, 0.043, 0.004, 0.046, 0.009, 0.964]"
159.48,159.52,silence,0.9754713773727417,Yujin|silence,"[0.851, 0.975]","[0.222, 0.851, 0.042, 0.004, 0.040, 0.009, 0.975]"
159.52,159.56,silence,0.9834519624710083,Yujin|silence,"[0.849, 0.983]","[0.227, 0.849, 0.041, 0.004, 0.034, 0.009, 0.983]"
159.56,159.6,silence,0.9890322089195251,Yujin|silence,"[0.845, 0.989]","[0.231, 0.845, 0.040, 0.003, 0.029, 0.009, 0.989]"
159.6,159.64,silence,0.9928528666496277,Yujin|silence,"[0.839, 0.993]","[0.234, 0.839, 0.039, 0.003, 0.025, 0.009, 0.993]"
159.64,159.68,silence,0.9954164028167725,Yujin|silence,"[0.830, 0.995]","[0.236, 0.830, 0.037, 0.003, 0.021, 0.009, 0.995]"
159.68,159.72,silence,0.9971025586128235,Yujin|silence,"[0.819, 0.997]","[0.237, 0.819, 0.035, 0.003, 0.018, 0.009, 0.997]"
159.72,159.76,silence,0.998190701007843,Yujin|silence,"[0.805, 0.998]","[0.237, 0.805, 0.033, 0.002, 0.016, 0.009, 0.998]"
159.76,159.8,silence,0.9988804459571838,Yujin|silence,"[0.788, 0.999]","[0.236, 0.788, 0.031, 0.002, 0.013, 0.009, 0.999]"
159.8,159.84,silence,0.9993108510971069,Yujin|silence,"[0.768, 0.999]","[0.234, 0.768, 0.029, 0.002, 0.012, 0.009, 0.999]"
159.84,159.88,silence,0.9995761513710022,Yujin|silence,"[0.746, 1.000]","[0.231, 0.746, 0.027, 0.002, 0.010, 0.009, 1.000]"
159.88,159.92,silence,0.9997385144233704,Yujin|silence,"[0.720, 1.000]","[0.228, 0.720, 0.024, 0.002, 0.009, 0.009, 1.000]"
159.92,159.96,silence,0.9998372793197632,Yujin|silence,"[0.692, 1.000]","[0.225, 0.692, 0.022, 0.001, 0.008, 0.009, 1.000]"
159.96,160.0,silence,0.9998974800109863,Yujin|silence,"[0.662, 1.000]","[0.221, 0.662, 0.020, 0.001, 0.007, 0.009, 1.000]"
160.0,160.04,silence,0.9999344348907471,Yujin|silence,"[0.629, 1.000]","[0.217, 0.629, 0.017, 0.001, 0.006, 0.009, 1.000]"
160.04,160.08,silence,0.9999572038650513,Yujin|silence,"[0.595, 1.000]","[0.213, 0.595, 0.015, 0.001, 0.006, 0.009, 1.000]"
160.08,160.12,silence,0.9999715089797974,silence,[1.000],"[0.209, 0.559, 0.014, 0.001, 0.005, 0.009, 1.000]"
160.12,160.16,silence,0.9999805688858032,silence,[1.000],"[0.205, 0.522, 0.012, 0.001, 0.005, 0.010, 1.000]"
160.16,160.2,silence,0.9999864101409912,silence,[1.000],"[0.200, 0.485, 0.011, 0.001, 0.004, 0.010, 1.000]"
160.2,160.24,silence,0.9999903440475464,silence,[1.000],"[0.196, 0.448, 0.009, 0.001, 0.004, 0.011, 1.000]"
160.24,160.28,silence,0.999992847442627,silence,[1.000],"[0.191, 0.412, 0.008, 0.001, 0.004, 0.011, 1.000]"
160.28,160.32,silence,0.9999946355819702,silence,[1.000],"[0.187, 0.376, 0.007, 0.001, 0.004, 0.012, 1.000]"
160.32,160.36,silence,0.9999958276748657,silence,[1.000],"[0.182, 0.342, 0.006, 0.001, 0.004, 0.014, 1.000]"
160.36,160.4,silence,0.9999966621398926,silence,[1.000],"[0.178, 0.311, 0.006, 0.001, 0.003, 0.015, 1.000]"
160.4,160.44,silence,0.9999972581863403,silence,[1.000],"[0.173, 0.282, 0.005, 0.002, 0.003, 0.017, 1.000]"
160.44,160.48,silence,0.999997615814209,silence,[1.000],"[0.169, 0.256, 0.004, 0.002, 0.003, 0.020, 1.000]"
160.48,160.52,silence,0.9999979734420776,silence,[1.000],"[0.165, 0.232, 0.004, 0.002, 0.003, 0.023, 1.000]"
160.52,160.56,silence,0.9999982118606567,silence,[1.000],"[0.161, 0.211, 0.003, 0.002, 0.003, 0.026, 1.000]"
160.56,160.6,silence,0.9999984502792358,silence,[1.000],"[0.157, 0.193, 0.003, 0.002, 0.003, 0.031, 1.000]"
160.6,160.64,silence,0.9999985694885254,silence,[1.000],"[0.153, 0.178, 0.003, 0.003, 0.003, 0.037, 1.000]"
160.64,160.68,silence,0.9999988079071045,silence,[1.000],"[0.150, 0.165, 0.002, 0.003, 0.003, 0.044, 1.000]"
160.68,160.72,silence,0.999998927116394,silence,[1.000],"[0.146, 0.153, 0.002, 0.003, 0.003, 0.053, 1.000]"
160.72,160.76,silence,0.999998927116394,silence,[1.000],"[0.143, 0.143, 0.002, 0.003, 0.002, 0.063, 1.000]"
160.76,160.8,silence,0.9999990463256836,silence,[1.000],"[0.140, 0.134, 0.002, 0.004, 0.002, 0.076, 1.000]"
160.8,160.84,silence,0.9999991655349731,silence,[1.000],"[0.137, 0.126, 0.002, 0.004, 0.002, 0.092, 1.000]"
160.84,160.88,silence,0.9999992847442627,silence,[1.000],"[0.134, 0.119, 0.001, 0.004, 0.002, 0.111, 1.000]"
160.88,160.92,silence,0.9999992847442627,silence,[1.000],"[0.130, 0.111, 0.001, 0.005, 0.002, 0.133, 1.000]"
160.92,160.96,silence,0.9999994039535522,silence,[1.000],"[0.127, 0.104, 0.001, 0.005, 0.002, 0.160, 1.000]"
160.96,161.0,silence,0.9999994039535522,silence,[1.000],"[0.123, 0.097, 0.001, 0.006, 0.002, 0.190, 1.000]"
161.0,161.04,silence,0.9999995231628418,silence,[1.000],"[0.118, 0.091, 0.001, 0.006, 0.001, 0.224, 1.000]"
161.04,161.08,silence,0.9999995231628418,silence,[1.000],"[0.113, 0.084, 0.001, 0.006, 0.001, 0.262, 1.000]"
161.08,161.12,silence,0.9999996423721313,silence,[1.000],"[0.107, 0.078, 0.001, 0.007, 0.001, 0.303, 1.000]"
161.12,161.16,silence,0.9999996423721313,silence,[1.000],"[0.101, 0.072, 0.001, 0.007, 0.001, 0.345, 1.000]"
161.16,161.2,silence,0.9999997615814209,silence,[1.000],"[0.094, 0.066, 0.001, 0.008, 0.001, 0.387, 1.000]"
161.2,161.24,silence,0.9999997615814209,silence,[1.000],"[0.087, 0.060, 0.001, 0.008, 0.001, 0.429, 1.000]"
161.24,161.28,silence,0.9999997615814209,silence,[1.000],"[0.080, 0.055, 0.001, 0.009, 0.001, 0.469, 1.000]"
161.28,161.32,silence,0.9999997615814209,silence,[1.000],"[0.072, 0.050, 0.001, 0.010, 0.001, 0.505, 1.000]"
161.32,161.36,silence,0.9999998807907104,silence,[1.000],"[0.064, 0.046, 0.001, 0.010, 0.001, 0.537, 1.000]"
161.36,161.4,silence,0.9999998807907104,silence,[1.000],"[0.056, 0.042, 0.001, 0.011, 0.001, 0.564, 1.000]"
161.4,161.44,silence,0.9999998807907104,silence,[1.000],"[0.048, 0.038, 0.001, 0.012, 0.001, 0.585, 1.000]"
161.44,161.48,silence,0.9999998807907104,silence,[1.000],"[0.040, 0.035, 0.001, 0.013, 0.001, 0.601, 1.000]"
161.48,161.52,silence,0.9999998807907104,silence,[1.000],"[0.033, 0.032, 0.001, 0.014, 0.001, 0.611, 1.000]"
161.52,161.56,silence,0.9999998807907104,silence,[1.000],"[0.027, 0.030, 0.001, 0.014, 0.001, 0.616, 1.000]"
161.56,161.6,silence,0.9999998807907104,silence,[1.000],"[0.021, 0.028, 0.001, 0.015, 0.001, 0.615, 1.000]"
161.6,161.64,silence,0.9999998807907104,silence,[1.000],"[0.016, 0.026, 0.001, 0.016, 0.001, 0.608, 1.000]"
161.64,161.68,silence,0.9999998807907104,silence,[1.000],"[0.012, 0.024, 0.002, 0.017, 0.001, 0.596, 1.000]"
161.68,161.72,silence,1.0,silence,[1.000],"[0.009, 0.023, 0.002, 0.018, 0.001, 0.578, 1.000]"
161.72,161.76,silence,1.0,silence,[1.000],"[0.007, 0.022, 0.002, 0.019, 0.001, 0.554, 1.000]"
161.76,161.8,silence,1.0,silence,[1.000],"[0.005, 0.021, 0.002, 0.020, 0.001, 0.526, 1.000]"
161.8,161.84,silence,1.0,silence,[1.000],"[0.004, 0.020, 0.003, 0.020, 0.001, 0.492, 1.000]"
161.84,161.88,silence,1.0,silence,[1.000],"[0.003, 0.019, 0.003, 0.021, 0.001, 0.455, 1.000]"
161.88,161.92,silence,1.0,silence,[1.000],"[0.002, 0.019, 0.004, 0.021, 0.001, 0.414, 1.000]"
161.92,161.96,silence,1.0,silence,[1.000],"[0.001, 0.018, 0.004, 0.021, 0.001, 0.372, 1.000]"
161.96,162.0,silence,1.0,silence,[1.000],"[0.001, 0.017, 0.005, 0.020, 0.001, 0.328, 1.000]"
162.0,162.04,silence,1.0,silence,[1.000],"[0.001, 0.017, 0.005, 0.020, 0.001, 0.285, 1.000]"
162.04,162.08,silence,1.0,silence,[1.000],"[0.001, 0.016, 0.006, 0.018, 0.001, 0.244, 1.000]"
162.08,162.12,silence,1.0,silence,[1.000],"[0.000, 0.015, 0.007, 0.017, 0.002, 0.205, 1.000]"
162.12,162.16,silence,1.0,silence,[1.000],"[0.000, 0.015, 0.008, 0.016, 0.002, 0.170, 1.000]"
162.16,162.2,silence,1.0,silence,[1.000],"[0.000, 0.014, 0.010, 0.014, 0.002, 0.139, 1.000]"
162.2,162.24,silence,1.0,silence,[1.000],"[0.000, 0.013, 0.011, 0.012, 0.002, 0.113, 1.000]"
162.24,162.28,silence,1.0,silence,[1.000],"[0.000, 0.013, 0.013, 0.011, 0.003, 0.091, 1.000]"
162.28,162.32,silence,1.0,silence,[1.000],"[0.000, 0.012, 0.014, 0.009, 0.003, 0.073, 1.000]"
162.32,162.36,silence,1.0,silence,[1.000],"[0.000, 0.011, 0.016, 0.008, 0.004, 0.058, 1.000]"
162.36,162.4,silence,1.0,silence,[1.000],"[0.000, 0.010, 0.017, 0.006, 0.004, 0.046, 1.000]"
162.4,162.44,silence,1.0,silence,[1.000],"[0.000, 0.010, 0.019, 0.005, 0.005, 0.037, 1.000]"
162.44,162.48,silence,1.0,silence,[1.000],"[0.000, 0.009, 0.021, 0.004, 0.005, 0.030, 1.000]"
162.48,162.52,silence,1.0,silence,[1.000],"[0.000, 0.008, 0.022, 0.003, 0.006, 0.024, 1.000]"
162.52,162.56,silence,1.0,silence,[1.000],"[0.000, 0.007, 0.024, 0.003, 0.006, 0.019, 1.000]"
162.56,162.6,silence,1.0,silence,[1.000],"[0.000, 0.006, 0.025, 0.002, 0.007, 0.015, 1.000]"
162.6,162.64,silence,1.0,silence,[1.000],"[0.000, 0.006, 0.027, 0.002, 0.008, 0.013, 1.000]"
162.64,162.68,silence,1.0,silence,[1.000],"[0.000, 0.005, 0.028, 0.001, 0.008, 0.010, 1.000]"
162.68,162.72,silence,1.0,silence,[1.000],"[0.000, 0.004, 0.030, 0.001, 0.009, 0.009, 1.000]"
162.72,162.76,silence,1.0,silence,[1.000],"[0.001, 0.004, 0.031, 0.001, 0.009, 0.007, 1.000]"
162.76,162.8,silence,1.0,silence,[1.000],"[0.001, 0.003, 0.032, 0.001, 0.010, 0.006, 1.000]"
162.8,162.84,silence,1.0,silence,[1.000],"[0.001, 0.003, 0.033, 0.001, 0.010, 0.005, 1.000]"
162.84,162.88,silence,1.0,silence,[1.000],"[0.001, 0.002, 0.033, 0.001, 0.010, 0.004, 1.000]"
162.88,162.92,silence,1.0,silence,[1.000],"[0.001, 0.002, 0.033, 0.000, 0.010, 0.004, 1.000]"
162.92,162.96,silence,1.0,silence,[1.000],"[0.001, 0.002, 0.033, 0.000, 0.010, 0.003, 1.000]"
162.96,163.0,silence,1.0,silence,[1.000],"[0.001, 0.002, 0.033, 0.000, 0.010, 0.003, 1.000]"
163.0,163.04,silence,1.0,silence,[1.000],"[0.001, 0.001, 0.032, 0.000, 0.010, 0.003, 1.000]"
163.04,163.08,silence,1.0,silence,[1.000],"[0.001, 0.001, 0.031, 0.000, 0.010, 0.002, 1.000]"
163.08,163.12,silence,1.0,silence,[1.000],"[0.001, 0.001, 0.030, 0.000, 0.010, 0.002, 1.000]"
163.12,163.16,silence,1.0,silence,[1.000],"[0.001, 0.001, 0.028, 0.000, 0.009, 0.002, 1.000]"
163.16,163.2,silence,1.0,silence,[1.000],"[0.001, 0.001, 0.026, 0.000, 0.009, 0.002, 1.000]"
163.2,163.24,silence,1.0,silence,[1.000],"[0.001, 0.001, 0.024, 0.000, 0.009, 0.002, 1.000]"
163.24,163.28,silence,1.0,silence,[1.000],"[0.001, 0.001, 0.022, 0.000, 0.009, 0.002, 1.000]"
163.28,163.32,silence,1.0,silence,[1.000],"[0.001, 0.001, 0.020, 0.000, 0.008, 0.002, 1.000]"
163.32,163.36,silence,1.0,silence,[1.000],"[0.001, 0.001, 0.018, 0.000, 0.008, 0.002, 1.000]"
163.36,163.4,silence,1.0,silence,[1.000],"[0.001, 0.001, 0.016, 0.000, 0.008, 0.002, 1.000]"
163.4,163.44,silence,1.0,silence,[1.000],"[0.000, 0.001, 0.014, 0.000, 0.008, 0.002, 1.000]"
163.44,163.48,silence,1.0,silence,[1.000],"[0.000, 0.000, 0.012, 0.000, 0.008, 0.002, 1.000]"
163.48,163.52,silence,1.0,silence,[1.000],"[0.000, 0.000, 0.010, 0.000, 0.008, 0.003, 1.000]"
163.52,163.56,silence,1.0,silence,[1.000],"[0.000, 0.000, 0.009, 0.000, 0.007, 0.003, 1.000]"
163.56,163.6,silence,1.0,silence,[1.000],"[0.000, 0.000, 0.008, 0.000, 0.007, 0.003, 1.000]"
163.6,163.64,silence,1.0,silence,[1.000],"[0.000, 0.000, 0.007, 0.000, 0.007, 0.004, 1.000]"
163.64,163.68,silence,1.0,silence,[1.000],"[0.000, 0.000, 0.006, 0.000, 0.007, 0.005, 1.000]"
163.68,163.72,silence,1.0,silence,[1.000],"[0.000, 0.000, 0.005, 0.000, 0.007, 0.006, 1.000]"
163.72,163.76,silence,0.9999998807907104,silence,[1.000],"[0.000, 0.000, 0.004, 0.000, 0.007, 0.007, 1.000]"
163.76,163.8,silence,0.9999998807907104,silence,[1.000],"[0.000, 0.000, 0.004, 0.000, 0.007, 0.009, 1.000]"
163.8,163.84,silence,0.9999998807907104,silence,[1.000],"[0.000, 0.000, 0.003, 0.000, 0.007, 0.012, 1.000]"
163.84,163.88,silence,0.9999998807907104,silence,[1.000],"[0.000, 0.000, 0.003, 0.000, 0.007, 0.015, 1.000]"
163.88,163.92,silence,0.9999998807907104,silence,[1.000],"[0.000, 0.000, 0.002, 0.000, 0.007, 0.019, 1.000]"
163.92,163.96,silence,0.9999997615814209,silence,[1.000],"[0.000, 0.000, 0.002, 0.000, 0.007, 0.023, 1.000]"
163.96,164.0,silence,0.9999997615814209,silence,[1.000],"[0.000, 0.000, 0.002, 0.000, 0.007, 0.029, 1.000]"
164.0,164.04,silence,0.9999997615814209,silence,[1.000],"[0.000, 0.000, 0.002, 0.000, 0.007, 0.036, 1.000]"
164.04,164.08,silence,0.9999997615814209,silence,[1.000],"[0.000, 0.000, 0.001, 0.000, 0.006, 0.045, 1.000]"
164.08,164.12,silence,0.9999996423721313,silence,[1.000],"[0.000, 0.000, 0.001, 0.000, 0.006, 0.055, 1.000]"
164.12,164.16,silence,0.9999996423721313,silence,[1.000],"[0.000, 0.000, 0.001, 0.000, 0.006, 0.066, 1.000]"
164.16,164.2,silence,0.9999996423721313,silence,[1.000],"[0.000, 0.000, 0.001, 0.000, 0.006, 0.079, 1.000]"
164.2,164.24,silence,0.9999996423721313,silence,[1.000],"[0.000, 0.000, 0.001, 0.000, 0.006, 0.093, 1.000]"
164.24,164.28,silence,0.9999996423721313,silence,[1.000],"[0.000, 0.000, 0.001, 0.000, 0.006, 0.108, 1.000]"
164.28,164.32,silence,0.9999996423721313,silence,[1.000],"[0.000, 0.000, 0.001, 0.000, 0.006, 0.124, 1.000]"
164.32,164.36,silence,0.9999996423721313,silence,[1.000],"[0.000, 0.000, 0.001, 0.000, 0.006, 0.140, 1.000]"
164.36,164.4,silence,0.9999996423721313,silence,[1.000],"[0.000, 0.000, 0.001, 0.000, 0.005, 0.156, 1.000]"
164.4,164.44,silence,0.9999996423721313,silence,[1.000],"[0.000, 0.000, 0.000, 0.000, 0.005, 0.171, 1.000]"
164.44,164.48,silence,0.9999996423721313,silence,[1.000],"[0.000, 0.000, 0.000, 0.000, 0.005, 0.186, 1.000]"
164.48,164.52,silence,0.9999997615814209,silence,[1.000],"[0.000, 0.000, 0.000, 0.000, 0.005, 0.199, 1.000]"
164.52,164.56,silence,0.9999997615814209,silence,[1.000],"[0.000, 0.000, 0.000, 0.000, 0.005, 0.211, 1.000]"
164.56,164.6,silence,0.9999997615814209,silence,[1.000],"[0.000, 0.000, 0.000, 0.000, 0.005, 0.220, 1.000]"
164.6,164.64,silence,0.9999998807907104,silence,[1.000],"[0.000, 0.000, 0.000, 0.000, 0.004, 0.227, 1.000]"
164.64,164.68,silence,0.9999998807907104,silence,[1.000],"[0.000, 0.000, 0.000, 0.000, 0.004, 0.232, 1.000]"
164.68,164.72,silence,0.9999998807907104,silence,[1.000],"[0.000, 0.000, 0.000, 0.000, 0.004, 0.234, 1.000]"
164.72,164.76,silence,0.9999998807907104,silence,[1.000],"[0.000, 0.000, 0.000, 0.000, 0.004, 0.234, 1.000]"
164.76,164.8,silence,0.9999998807907104,silence,[1.000],"[0.000, 0.000, 0.000, 0.000, 0.004, 0.231, 1.000]"
164.8,164.84,silence,1.0,silence,[1.000],"[0.000, 0.000, 0.000, 0.000, 0.004, 0.226, 1.000]"
164.84,164.88,silence,1.0,silence,[1.000],"[0.000, 0.000, 0.000, 0.000, 0.004, 0.218, 1.000]"
164.88,164.92,silence,1.0,silence,[1.000],"[0.000, 0.000, 0.000, 0.000, 0.004, 0.209, 1.000]"
164.92,164.96,silence,1.0,silence,[1.000],"[0.000, 0.000, 0.000, 0.001, 0.004, 0.198, 1.000]"
164.96,165.0,silence,1.0,silence,[1.000],"[0.000, 0.000, 0.000, 0.001, 0.004, 0.185, 1.000]"
165.0,165.04,silence,1.0,silence,[1.000],"[0.000, 0.000, 0.000, 0.001, 0.004, 0.171, 1.000]"
165.04,165.08,silence,1.0,silence,[1.000],"[0.000, 0.000, 0.000, 0.001, 0.004, 0.155, 1.000]"
165.08,165.12,silence,1.0,silence,[1.000],"[0.000, 0.000, 0.000, 0.001, 0.005, 0.140, 1.000]"
165.12,165.16,silence,1.0,silence,[1.000],"[0.000, 0.000, 0.000, 0.001, 0.005, 0.123, 1.000]"
165.16,165.2,silence,1.0,silence,[1.000],"[0.000, 0.000, 0.000, 0.001, 0.005, 0.107, 1.000]"
165.2,165.24,silence,1.0,silence,[1.000],"[0.000, 0.000, 0.000, 0.001, 0.005, 0.092, 1.000]"
165.24,165.28,silence,1.0,silence,[1.000],"[0.000, 0.000, 0.000, 0.001, 0.006, 0.077, 1.000]"
165.28,165.32,silence,1.0,silence,[1.000],"[0.000, 0.000, 0.000, 0.001, 0.006, 0.064, 1.000]"
165.32,165.36,silence,1.0,silence,[1.000],"[0.000, 0.000, 0.000, 0.001, 0.007, 0.052, 1.000]"
165.36,165.4,silence,1.0,silence,[1.000],"[0.000, 0.000, 0.000, 0.001, 0.008, 0.042, 1.000]"
165.4,165.44,silence,1.0,silence,[1.000],"[0.000, 0.000, 0.000, 0.001, 0.008, 0.033, 1.000]"
165.44,165.48,silence,1.0,silence,[1.000],"[0.000, 0.000, 0.000, 0.001, 0.009, 0.025, 1.000]"
165.48,165.52,silence,1.0,silence,[1.000],"[0.000, 0.000, 0.000, 0.001, 0.010, 0.020, 1.000]"
165.52,165.56,silence,1.0,silence,[1.000],"[0.000, 0.000, 0.000, 0.001, 0.011, 0.015, 1.000]"
165.56,165.6,silence,1.0,silence,[1.000],"[0.000, 0.000, 0.000, 0.001, 0.012, 0.011, 1.000]"
165.6,165.64,silence,1.0,silence,[1.000],"[0.000, 0.000, 0.000, 0.001, 0.014, 0.008, 1.000]"
165.64,165.68,silence,1.0,silence,[1.000],"[0.000, 0.000, 0.000, 0.001, 0.015, 0.006, 1.000]"
165.68,165.72,silence,1.0,silence,[1.000],"[0.000, 0.000, 0.000, 0.001, 0.016, 0.005, 1.000]"
165.72,165.76,silence,1.0,silence,[1.000],"[0.000, 0.000, 0.000, 0.001, 0.018, 0.004, 1.000]"
165.76,165.8,silence,1.0,silence,[1.000],"[0.000, 0.000, 0.000, 0.001, 0.019, 0.003, 1.000]"
165.8,165.84,silence,1.0,silence,[1.000],"[0.000, 0.000, 0.000, 0.001, 0.021, 0.002, 1.000]"
165.84,165.88,silence,1.0,silence,[1.000],"[0.000, 0.000, 0.000, 0.001, 0.022, 0.002, 1.000]"
165.88,165.92,silence,1.0,silence,[1.000],"[0.000, 0.000, 0.000, 0.001, 0.023, 0.001, 1.000]"
165.92,165.96,silence,1.0,silence,[1.000],"[0.000, 0.000, 0.000, 0.001, 0.025, 0.001, 1.000]"
165.96,166.0,silence,1.0,silence,[1.000],"[0.000, 0.000, 0.000, 0.001, 0.026, 0.001, 1.000]"
166.0,166.04,silence,1.0,silence,[1.000],"[0.000, 0.000, 0.000, 0.001, 0.027, 0.001, 1.000]"
166.04,166.08,silence,1.0,silence,[1.000],"[0.000, 0.000, 0.000, 0.001, 0.028, 0.001, 1.000]"
166.08,166.12,silence,1.0,silence,[1.000],"[0.000, 0.000, 0.000, 0.001, 0.028, 0.000, 1.000]"
166.12,166.16,silence,1.0,silence,[1.000],"[0.000, 0.000, 0.000, 0.001, 0.029, 0.000, 1.000]"
166.16,166.2,silence,1.0,silence,[1.000],"[0.000, 0.000, 0.000, 0.001, 0.029, 0.000, 1.000]"
166.2,166.24,silence,1.0,silence,[1.000],"[0.000, 0.000, 0.000, 0.001, 0.029, 0.000, 1.000]"
166.24,166.28,silence,1.0,silence,[1.000],"[0.000, 0.000, 0.000, 0.001, 0.029, 0.000, 1.000]"
166.28,166.32,silence,1.0,silence,[1.000],"[0.000, 0.000, 0.000, 0.001, 0.029, 0.000, 1.000]"
166.32,166.36,silence,1.0,silence,[1.000],"[0.000, 0.000, 0.000, 0.001, 0.029, 0.000, 1.000]"
166.36,166.4,silence,1.0,silence,[1.000],"[0.000, 0.000, 0.000, 0.001, 0.028, 0.000, 1.000]"
166.4,166.44,silence,1.0,silence,[1.000],"[0.000, 0.000, 0.000, 0.001, 0.028, 0.000, 1.000]"
166.44,166.48,silence,1.0,silence,[1.000],"[0.000, 0.000, 0.000, 0.001, 0.027, 0.000, 1.000]"
166.48,166.52,silence,1.0,silence,[1.000],"[0.000, 0.000, 0.000, 0.001, 0.027, 0.000, 1.000]"
166.52,166.56,silence,1.0,silence,[1.000],"[0.000, 0.000, 0.000, 0.001, 0.026, 0.000, 1.000]"
166.56,166.6,silence,1.0,silence,[1.000],"[0.000, 0.000, 0.000, 0.001, 0.026, 0.000, 1.000]"
166.6,166.64,silence,1.0,silence,[1.000],"[0.000, 0.000, 0.000, 0.001, 0.025, 0.000, 1.000]"
166.64,166.68,silence,1.0,silence,[1.000],"[0.000, 0.000, 0.000, 0.001, 0.025, 0.000, 1.000]"
166.68,166.72,silence,1.0,silence,[1.000],"[0.000, 0.000, 0.000, 0.001, 0.024, 0.000, 1.000]"
166.72,166.76,silence,0.9999998807907104,silence,[1.000],"[0.000, 0.000, 0.000, 0.001, 0.024, 0.000, 1.000]"
166.76,166.8,silence,0.9999998807907104,silence,[1.000],"[0.000, 0.000, 0.000, 0.001, 0.023, 0.000, 1.000]"
166.8,166.84,silence,0.9999998807907104,silence,[1.000],"[0.000, 0.000, 0.000, 0.001, 0.023, 0.000, 1.000]"
166.84,166.88,silence,0.9999998807907104,silence,[1.000],"[0.000, 0.000, 0.000, 0.002, 0.022, 0.000, 1.000]"
166.88,166.92,silence,0.9999998807907104,silence,[1.000],"[0.000, 0.000, 0.000, 0.002, 0.022, 0.000, 1.000]"
166.92,166.96,silence,0.9999998807907104,silence,[1.000],"[0.000, 0.000, 0.000, 0.002, 0.021, 0.000, 1.000]"
166.96,167.0,silence,0.9999998807907104,silence,[1.000],"[0.000, 0.000, 0.000, 0.002, 0.021, 0.000, 1.000]"
167.0,167.04,silence,0.9999998807907104,silence,[1.000],"[0.000, 0.000, 0.000, 0.002, 0.020, 0.000, 1.000]"
167.04,167.08,silence,0.9999998807907104,silence,[1.000],"[0.000, 0.000, 0.000, 0.002, 0.019, 0.000, 1.000]"
167.08,167.12,silence,0.9999998807907104,silence,[1.000],"[0.000, 0.000, 0.000, 0.002, 0.019, 0.000, 1.000]"
167.12,167.16,silence,0.9999998807907104,silence,[1.000],"[0.000, 0.000, 0.000, 0.002, 0.018, 0.000, 1.000]"
167.16,167.2,silence,0.9999998807907104,silence,[1.000],"[0.000, 0.000, 0.000, 0.002, 0.018, 0.000, 1.000]"
167.2,167.24,silence,0.9999998807907104,silence,[1.000],"[0.000, 0.000, 0.000, 0.002, 0.017, 0.000, 1.000]"
167.24,167.28,silence,0.9999998807907104,silence,[1.000],"[0.000, 0.000, 0.000, 0.002, 0.016, 0.000, 1.000]"
167.28,167.32,silence,0.9999998807907104,silence,[1.000],"[0.000, 0.000, 0.000, 0.002, 0.016, 0.000, 1.000]"
167.32,167.36,silence,0.9999998807907104,silence,[1.000],"[0.000, 0.000, 0.000, 0.003, 0.015, 0.000, 1.000]"
167.36,167.4,silence,0.9999998807907104,silence,[1.000],"[0.000, 0.000, 0.000, 0.003, 0.015, 0.000, 1.000]"
167.4,167.44,silence,0.9999998807907104,silence,[1.000],"[0.000, 0.000, 0.000, 0.003, 0.014, 0.000, 1.000]"
167.44,167.48,silence,0.9999998807907104,silence,[1.000],"[0.000, 0.000, 0.000, 0.003, 0.013, 0.000, 1.000]"
167.48,167.52,silence,0.9999998807907104,silence,[1.000],"[0.000, 0.000, 0.000, 0.003, 0.013, 0.000, 1.000]"
167.52,167.56,silence,0.9999998807907104,silence,[1.000],"[0.000, 0.000, 0.001, 0.003, 0.013, 0.000, 1.000]"
167.56,167.6,silence,0.9999998807907104,silence,[1.000],"[0.000, 0.000, 0.001, 0.003, 0.013, 0.000, 1.000]"
167.6,167.64,silence,0.5,silence,[0.500],"[0.500, 0.500, 0.500, 0.500, 0.500, 0.500, 0.500]"
