start_time,end_time,main_label,main_confidence,active_labels,active_confidences,probabilities
0.0,0.04,Wonyoung,0.998927891254425,Wonyoung,[0.999],"[0.022, 0.002, 0.094, 0.999, 0.002, 0.002, 0.002]"
0.04,0.08,Wonyoung,0.9989272952079773,Wonyoung,[0.999],"[0.021, 0.002, 0.093, 0.999, 0.002, 0.002, 0.002]"
0.08,0.12,Wonyoung,0.9989319443702698,Wonyoung,[0.999],"[0.020, 0.002, 0.087, 0.999, 0.002, 0.002, 0.002]"
0.12,0.16,Wonyoung,0.9989442229270935,Wonyoung,[0.999],"[0.020, 0.003, 0.077, 0.999, 0.002, 0.002, 0.002]"
0.16,0.2,Wonyoung,0.9989405274391174,Wonyoung,[0.999],"[0.021, 0.003, 0.066, 0.999, 0.002, 0.002, 0.002]"
0.2,0.24,Wonyoung,0.9989234805107117,Wonyoung,[0.999],"[0.022, 0.003, 0.057, 0.999, 0.002, 0.002, 0.002]"
0.24,0.28,Wonyoung,0.9988946318626404,Wonyoung,[0.999],"[0.023, 0.004, 0.051, 0.999, 0.002, 0.002, 0.002]"
0.28,0.32,Wonyoung,0.9988589286804199,Wonyoung,[0.999],"[0.024, 0.004, 0.046, 0.999, 0.002, 0.002, 0.002]"
0.32,0.36,Wonyoung,0.9988196492195129,Wonyoung,[0.999],"[0.024, 0.005, 0.043, 0.999, 0.002, 0.002, 0.002]"
0.36,0.4,Wonyoung,0.9987769722938538,Wonyoung,[0.999],"[0.024, 0.005, 0.041, 0.999, 0.002, 0.002, 0.002]"
0.4,0.44,Wonyoung,0.9987301230430603,Wonyoung,[0.999],"[0.024, 0.006, 0.040, 0.999, 0.003, 0.002, 0.002]"
0.44,0.48,Wonyoung,0.9986761212348938,Wonyoung,[0.999],"[0.023, 0.006, 0.038, 0.999, 0.003, 0.002, 0.002]"
0.48,0.52,Wonyoung,0.9986120462417603,Wonyoung,[0.999],"[0.023, 0.006, 0.038, 0.999, 0.003, 0.002, 0.002]"
0.52,0.56,Wonyoung,0.9985373020172119,Wonyoung,[0.999],"[0.022, 0.006, 0.037, 0.999, 0.003, 0.002, 0.002]"
0.56,0.6,Wonyoung,0.9984515905380249,Wonyoung,[0.998],"[0.021, 0.006, 0.037, 0.998, 0.003, 0.002, 0.002]"
0.6,0.64,Wonyoung,0.9983533620834351,Wonyoung,[0.998],"[0.020, 0.007, 0.037, 0.998, 0.003, 0.002, 0.002]"
0.64,0.68,Wonyoung,0.9982408285140991,Wonyoung,[0.998],"[0.019, 0.007, 0.037, 0.998, 0.003, 0.002, 0.002]"
0.68,0.72,Wonyoung,0.9981107711791992,Wonyoung,[0.998],"[0.018, 0.007, 0.038, 0.998, 0.003, 0.002, 0.002]"
0.72,0.76,Wonyoung,0.9979604482650757,Wonyoung,[0.998],"[0.017, 0.007, 0.038, 0.998, 0.004, 0.002, 0.002]"
0.76,0.8,Wonyoung,0.9977867603302002,Wonyoung,[0.998],"[0.016, 0.007, 0.039, 0.998, 0.004, 0.002, 0.002]"
0.8,0.84,Wonyoung,0.9975869655609131,Wonyoung,[0.998],"[0.015, 0.007, 0.039, 0.998, 0.004, 0.003, 0.002]"
0.84,0.88,Wonyoung,0.9973568916320801,Wonyoung,[0.997],"[0.014, 0.007, 0.040, 0.997, 0.004, 0.003, 0.002]"
0.88,0.92,Wonyoung,0.9970918893814087,Wonyoung,[0.997],"[0.013, 0.007, 0.041, 0.997, 0.004, 0.003, 0.002]"
0.92,0.96,Wonyoung,0.9967861175537109,Wonyoung,[0.997],"[0.012, 0.007, 0.042, 0.997, 0.004, 0.003, 0.002]"
0.96,1.0,Wonyoung,0.9964326620101929,Wonyoung,[0.996],"[0.011, 0.007, 0.043, 0.996, 0.005, 0.003, 0.002]"
1.0,1.04,Wonyoung,0.9960227012634277,Wonyoung,[0.996],"[0.010, 0.007, 0.044, 0.996, 0.005, 0.003, 0.002]"
1.04,1.08,Wonyoung,0.9955465793609619,Wonyoung,[0.996],"[0.009, 0.007, 0.046, 0.996, 0.005, 0.004, 0.002]"
1.08,1.12,Wonyoung,0.9949927926063538,Wonyoung,[0.995],"[0.008, 0.007, 0.047, 0.995, 0.005, 0.004, 0.002]"
1.12,1.16,Wonyoung,0.9943473935127258,Wonyoung,[0.994],"[0.007, 0.007, 0.048, 0.994, 0.005, 0.004, 0.002]"
1.16,1.2,Wonyoung,0.9935938715934753,Wonyoung,[0.994],"[0.007, 0.007, 0.050, 0.994, 0.006, 0.005, 0.002]"
1.2,1.24,Wonyoung,0.9927119016647339,Wonyoung,[0.993],"[0.006, 0.007, 0.051, 0.993, 0.006, 0.005, 0.002]"
1.24,1.28,Wonyoung,0.9916772842407227,Wonyoung,[0.992],"[0.005, 0.007, 0.053, 0.992, 0.006, 0.005, 0.002]"
1.28,1.32,Wonyoung,0.9904617667198181,Wonyoung,[0.990],"[0.005, 0.007, 0.054, 0.990, 0.007, 0.006, 0.002]"
1.32,1.36,Wonyoung,0.9890307784080505,Wonyoung,[0.989],"[0.004, 0.006, 0.055, 0.989, 0.007, 0.007, 0.002]"
1.36,1.4,Wonyoung,0.9873420596122742,Wonyoung,[0.987],"[0.004, 0.006, 0.057, 0.987, 0.008, 0.007, 0.002]"
1.4,1.44,Wonyoung,0.985345184803009,Wonyoung,[0.985],"[0.003, 0.006, 0.058, 0.985, 0.008, 0.008, 0.002]"
1.44,1.48,Wonyoung,0.9829808473587036,Wonyoung,[0.983],"[0.003, 0.006, 0.059, 0.983, 0.009, 0.009, 0.002]"
1.48,1.52,Wonyoung,0.9801791310310364,Wonyoung,[0.980],"[0.003, 0.005, 0.060, 0.980, 0.010, 0.010, 0.002]"
1.52,1.56,Wonyoung,0.9768592715263367,Wonyoung,[0.977],"[0.002, 0.005, 0.061, 0.977, 0.010, 0.011, 0.002]"
1.56,1.6,Wonyoung,0.9729285836219788,Wonyoung,[0.973],"[0.002, 0.005, 0.062, 0.973, 0.011, 0.013, 0.002]"
1.6,1.64,Wonyoung,0.9682877659797668,Wonyoung,[0.968],"[0.002, 0.005, 0.062, 0.968, 0.012, 0.015, 0.002]"
1.64,1.68,Wonyoung,0.9628287553787231,Wonyoung,[0.963],"[0.002, 0.004, 0.063, 0.963, 0.013, 0.017, 0.002]"
1.68,1.72,Wonyoung,0.9564372301101685,Wonyoung,[0.956],"[0.001, 0.004, 0.063, 0.956, 0.015, 0.020, 0.003]"
1.72,1.76,Wonyoung,0.9490084052085876,Wonyoung,[0.949],"[0.001, 0.004, 0.063, 0.949, 0.016, 0.023, 0.003]"
1.76,1.8,Wonyoung,0.9404581189155579,Wonyoung,[0.940],"[0.001, 0.003, 0.063, 0.940, 0.017, 0.027, 0.003]"
1.8,1.84,Wonyoung,0.9307440519332886,Wonyoung,[0.931],"[0.001, 0.003, 0.063, 0.931, 0.019, 0.032, 0.003]"
1.84,1.88,Wonyoung,0.9198874235153198,Wonyoung,[0.920],"[0.001, 0.003, 0.062, 0.920, 0.021, 0.037, 0.003]"
1.88,1.92,Wonyoung,0.9080016016960144,Wonyoung,[0.908],"[0.001, 0.003, 0.062, 0.908, 0.023, 0.043, 0.003]"
1.92,1.96,Wonyoung,0.8953044414520264,Wonyoung,[0.895],"[0.001, 0.002, 0.061, 0.895, 0.024, 0.050, 0.003]"
1.96,2.0,Wonyoung,0.8821224570274353,Wonyoung,[0.882],"[0.000, 0.002, 0.060, 0.882, 0.026, 0.058, 0.003]"
2.0,2.04,Wonyoung,0.8688549995422363,Wonyoung,[0.869],"[0.000, 0.002, 0.059, 0.869, 0.028, 0.067, 0.003]"
2.04,2.08,Wonyoung,0.8558472394943237,Wonyoung,[0.856],"[0.000, 0.002, 0.058, 0.856, 0.030, 0.077, 0.003]"
2.08,2.12,Wonyoung,0.8434240818023682,Wonyoung,[0.843],"[0.000, 0.002, 0.057, 0.843, 0.031, 0.088, 0.003]"
2.12,2.16,Wonyoung,0.8318967223167419,Wonyoung,[0.832],"[0.000, 0.002, 0.056, 0.832, 0.032, 0.099, 0.003]"
2.16,2.2,Wonyoung,0.8215723037719727,Wonyoung,[0.822],"[0.000, 0.002, 0.056, 0.822, 0.033, 0.111, 0.003]"
2.2,2.24,Wonyoung,0.8127105236053467,Wonyoung,[0.813],"[0.000, 0.002, 0.055, 0.813, 0.034, 0.123, 0.003]"
2.24,2.28,Wonyoung,0.8055140376091003,Wonyoung,[0.806],"[0.000, 0.002, 0.054, 0.806, 0.035, 0.136, 0.003]"
2.28,2.32,Wonyoung,0.8001022934913635,Wonyoung,[0.800],"[0.000, 0.001, 0.054, 0.800, 0.035, 0.148, 0.003]"
2.32,2.36,Wonyoung,0.7965189814567566,Wonyoung,[0.797],"[0.000, 0.001, 0.054, 0.797, 0.035, 0.159, 0.003]"
2.36,2.4,Wonyoung,0.7947311997413635,Wonyoung,[0.795],"[0.000, 0.001, 0.054, 0.795, 0.035, 0.170, 0.003]"
2.4,2.44,Wonyoung,0.7946614623069763,Wonyoung,[0.795],"[0.000, 0.001, 0.055, 0.795, 0.034, 0.180, 0.003]"
2.44,2.48,Wonyoung,0.7962216734886169,Wonyoung,[0.796],"[0.000, 0.001, 0.055, 0.796, 0.033, 0.189, 0.003]"
2.48,2.52,Wonyoung,0.7992961406707764,Wonyoung,[0.799],"[0.000, 0.001, 0.056, 0.799, 0.032, 0.196, 0.003]"
2.52,2.56,Wonyoung,0.8037089705467224,Wonyoung,[0.804],"[0.000, 0.001, 0.057, 0.804, 0.031, 0.202, 0.003]"
2.56,2.6,Wonyoung,0.8092590570449829,Wonyoung,[0.809],"[0.000, 0.001, 0.058, 0.809, 0.030, 0.207, 0.003]"
2.6,2.64,Wonyoung,0.815750241279602,Wonyoung,[0.816],"[0.000, 0.001, 0.060, 0.816, 0.028, 0.210, 0.003]"
2.64,2.68,Wonyoung,0.8229963779449463,Wonyoung,[0.823],"[0.000, 0.001, 0.061, 0.823, 0.027, 0.211, 0.003]"
2.68,2.72,Wonyoung,0.830833375453949,Wonyoung,[0.831],"[0.000, 0.001, 0.062, 0.831, 0.025, 0.211, 0.003]"
2.72,2.76,Wonyoung,0.8391207456588745,Wonyoung,[0.839],"[0.000, 0.002, 0.064, 0.839, 0.023, 0.209, 0.003]"
2.76,2.8,Wonyoung,0.847750723361969,Wonyoung,[0.848],"[0.000, 0.002, 0.065, 0.848, 0.022, 0.205, 0.003]"
2.8,2.84,Wonyoung,0.8566075563430786,Wonyoung,[0.857],"[0.000, 0.002, 0.066, 0.857, 0.020, 0.201, 0.002]"
2.84,2.88,Wonyoung,0.8655973672866821,Wonyoung,[0.866],"[0.000, 0.002, 0.066, 0.866, 0.019, 0.195, 0.002]"
2.88,2.92,Wonyoung,0.8746379613876343,Wonyoung,[0.875],"[0.000, 0.002, 0.066, 0.875, 0.017, 0.188, 0.002]"
2.92,2.96,Wonyoung,0.8836491703987122,Wonyoung,[0.884],"[0.001, 0.002, 0.066, 0.884, 0.016, 0.181, 0.002]"
2.96,3.0,Wonyoung,0.8925668001174927,Wonyoung,[0.893],"[0.001, 0.003, 0.065, 0.893, 0.014, 0.173, 0.002]"
3.0,3.04,Wonyoung,0.9013251662254333,Wonyoung,[0.901],"[0.001, 0.003, 0.063, 0.901, 0.013, 0.164, 0.002]"
3.04,3.08,Wonyoung,0.9098572134971619,Wonyoung,[0.910],"[0.001, 0.003, 0.061, 0.910, 0.012, 0.155, 0.002]"
3.08,3.12,Wonyoung,0.9180769920349121,Wonyoung,[0.918],"[0.001, 0.004, 0.059, 0.918, 0.011, 0.146, 0.001]"
3.12,3.16,Wonyoung,0.9258990287780762,Wonyoung,[0.926],"[0.001, 0.004, 0.055, 0.926, 0.010, 0.136, 0.001]"
3.16,3.2,Wonyoung,0.933258593082428,Wonyoung,[0.933],"[0.001, 0.005, 0.052, 0.933, 0.009, 0.127, 0.001]"
3.2,3.24,Wonyoung,0.9401066303253174,Wonyoung,[0.940],"[0.001, 0.006, 0.048, 0.940, 0.008, 0.118, 0.001]"
3.24,3.28,Wonyoung,0.9464112520217896,Wonyoung,[0.946],"[0.001, 0.007, 0.044, 0.946, 0.007, 0.109, 0.001]"
3.28,3.32,Wonyoung,0.952156126499176,Wonyoung,[0.952],"[0.001, 0.008, 0.040, 0.952, 0.007, 0.101, 0.001]"
3.32,3.36,Wonyoung,0.9573491215705872,Wonyoung,[0.957],"[0.001, 0.009, 0.036, 0.957, 0.006, 0.093, 0.001]"
3.36,3.4,Wonyoung,0.962011992931366,Wonyoung,[0.962],"[0.001, 0.011, 0.033, 0.962, 0.006, 0.086, 0.001]"
3.4,3.44,Wonyoung,0.9661772847175598,Wonyoung,[0.966],"[0.001, 0.013, 0.029, 0.966, 0.005, 0.079, 0.001]"
3.44,3.48,Wonyoung,0.9698821902275085,Wonyoung,[0.970],"[0.001, 0.015, 0.026, 0.970, 0.005, 0.073, 0.001]"
3.48,3.52,Wonyoung,0.9731674194335938,Wonyoung,[0.973],"[0.001, 0.017, 0.024, 0.973, 0.005, 0.068, 0.001]"
3.52,3.56,Wonyoung,0.9760720133781433,Wonyoung,[0.976],"[0.001, 0.020, 0.021, 0.976, 0.004, 0.063, 0.000]"
3.56,3.6,Wonyoung,0.9786360859870911,Wonyoung,[0.979],"[0.001, 0.023, 0.019, 0.979, 0.004, 0.059, 0.000]"
3.6,3.64,Wonyoung,0.980893611907959,Wonyoung,[0.981],"[0.001, 0.025, 0.017, 0.981, 0.004, 0.055, 0.000]"
3.64,3.68,Wonyoung,0.9828771948814392,Wonyoung,[0.983],"[0.001, 0.028, 0.016, 0.983, 0.003, 0.052, 0.000]"
3.68,3.72,Wonyoung,0.9846172332763672,Wonyoung,[0.985],"[0.001, 0.031, 0.014, 0.985, 0.003, 0.049, 0.000]"
3.72,3.76,Wonyoung,0.9861387610435486,Wonyoung,[0.986],"[0.001, 0.033, 0.013, 0.986, 0.003, 0.047, 0.000]"
3.76,3.8,Wonyoung,0.9874623417854309,Wonyoung,[0.987],"[0.001, 0.035, 0.012, 0.987, 0.003, 0.045, 0.000]"
3.8,3.84,Wonyoung,0.9886063933372498,Wonyoung,[0.989],"[0.001, 0.037, 0.012, 0.989, 0.003, 0.044, 0.000]"
3.84,3.88,Wonyoung,0.9895871877670288,Wonyoung,[0.990],"[0.001, 0.038, 0.011, 0.990, 0.002, 0.043, 0.000]"
3.88,3.92,Wonyoung,0.9904200434684753,Wonyoung,[0.990],"[0.001, 0.038, 0.011, 0.990, 0.002, 0.042, 0.000]"
3.92,3.96,Wonyoung,0.9911193251609802,Wonyoung,[0.991],"[0.001, 0.038, 0.011, 0.991, 0.002, 0.042, 0.000]"
3.96,4.0,Wonyoung,0.9916994571685791,Wonyoung,[0.992],"[0.001, 0.038, 0.011, 0.992, 0.002, 0.042, 0.000]"
4.0,4.04,Wonyoung,0.9921743869781494,Wonyoung,[0.992],"[0.001, 0.037, 0.011, 0.992, 0.002, 0.042, 0.000]"
4.04,4.08,Wonyoung,0.9925552010536194,Wonyoung,[0.993],"[0.001, 0.035, 0.011, 0.993, 0.002, 0.042, 0.000]"
4.08,4.12,Wonyoung,0.9928514957427979,Wonyoung,[0.993],"[0.001, 0.033, 0.011, 0.993, 0.002, 0.043, 0.000]"
4.12,4.16,Wonyoung,0.993069589138031,Wonyoung,[0.993],"[0.001, 0.031, 0.012, 0.993, 0.002, 0.044, 0.000]"
4.16,4.2,Wonyoung,0.9932135343551636,Wonyoung,[0.993],"[0.001, 0.029, 0.012, 0.993, 0.002, 0.046, 0.000]"
4.2,4.24,Wonyoung,0.9932857155799866,Wonyoung,[0.993],"[0.001, 0.027, 0.013, 0.993, 0.001, 0.048, 0.000]"
4.24,4.28,Wonyoung,0.9932870268821716,Wonyoung,[0.993],"[0.001, 0.024, 0.014, 0.993, 0.001, 0.050, 0.000]"
4.28,4.32,Wonyoung,0.9932175278663635,Wonyoung,[0.993],"[0.001, 0.022, 0.015, 0.993, 0.001, 0.053, 0.000]"
4.32,4.36,Wonyoung,0.9930765628814697,Wonyoung,[0.993],"[0.001, 0.020, 0.017, 0.993, 0.001, 0.056, 0.000]"
4.36,4.4,Wonyoung,0.9928619265556335,Wonyoung,[0.993],"[0.001, 0.018, 0.018, 0.993, 0.001, 0.060, 0.000]"
4.4,4.44,Wonyoung,0.9925698637962341,Wonyoung,[0.993],"[0.001, 0.016, 0.020, 0.993, 0.001, 0.064, 0.000]"
4.44,4.48,Wonyoung,0.9921945333480835,Wonyoung,[0.992],"[0.001, 0.014, 0.022, 0.992, 0.001, 0.069, 0.000]"
4.48,4.52,Wonyoung,0.9917294383049011,Wonyoung,[0.992],"[0.001, 0.012, 0.025, 0.992, 0.001, 0.074, 0.000]"
4.52,4.56,Wonyoung,0.9911674857139587,Wonyoung,[0.991],"[0.001, 0.011, 0.027, 0.991, 0.001, 0.080, 0.000]"
4.56,4.6,Wonyoung,0.9905001521110535,Wonyoung,[0.991],"[0.001, 0.010, 0.030, 0.991, 0.001, 0.086, 0.000]"
4.6,4.64,Wonyoung,0.9897187948226929,Wonyoung,[0.990],"[0.000, 0.009, 0.034, 0.990, 0.001, 0.093, 0.000]"
4.64,4.68,Wonyoung,0.9888140559196472,Wonyoung,[0.989],"[0.000, 0.008, 0.038, 0.989, 0.001, 0.100, 0.001]"
4.68,4.72,Wonyoung,0.9877800941467285,Wonyoung,[0.988],"[0.000, 0.007, 0.042, 0.988, 0.001, 0.108, 0.001]"
4.72,4.76,Wonyoung,0.9866093993186951,Wonyoung,[0.987],"[0.000, 0.006, 0.046, 0.987, 0.001, 0.116, 0.001]"
4.76,4.8,Wonyoung,0.9852910041809082,Wonyoung,[0.985],"[0.000, 0.005, 0.051, 0.985, 0.001, 0.124, 0.001]"
4.8,4.84,Wonyoung,0.9838128089904785,Wonyoung,[0.984],"[0.000, 0.005, 0.056, 0.984, 0.001, 0.133, 0.001]"
4.84,4.88,Wonyoung,0.9821603298187256,Wonyoung,[0.982],"[0.000, 0.004, 0.062, 0.982, 0.001, 0.141, 0.001]"
4.88,4.92,Wonyoung,0.9803187251091003,Wonyoung,[0.980],"[0.000, 0.004, 0.068, 0.980, 0.001, 0.150, 0.001]"
4.92,4.96,Wonyoung,0.9782741665840149,Wonyoung,[0.978],"[0.000, 0.003, 0.074, 0.978, 0.001, 0.159, 0.001]"
4.96,5.0,Wonyoung,0.976010799407959,Wonyoung,[0.976],"[0.000, 0.003, 0.080, 0.976, 0.001, 0.168, 0.001]"
5.0,5.04,Wonyoung,0.9735177755355835,Wonyoung,[0.974],"[0.000, 0.002, 0.087, 0.974, 0.001, 0.177, 0.001]"
5.04,5.08,Wonyoung,0.9707851409912109,Wonyoung,[0.971],"[0.000, 0.002, 0.093, 0.971, 0.001, 0.186, 0.001]"
5.08,5.12,Wonyoung,0.9678138494491577,Wonyoung,[0.968],"[0.000, 0.002, 0.099, 0.968, 0.001, 0.195, 0.001]"
5.12,5.16,Wonyoung,0.9646190404891968,Wonyoung,[0.965],"[0.000, 0.001, 0.106, 0.965, 0.001, 0.204, 0.001]"
5.16,5.2,Wonyoung,0.9612240195274353,Wonyoung,[0.961],"[0.000, 0.001, 0.111, 0.961, 0.001, 0.214, 0.001]"
5.2,5.24,Wonyoung,0.9576602578163147,Wonyoung,[0.958],"[0.000, 0.001, 0.117, 0.958, 0.001, 0.223, 0.001]"
5.24,5.28,Wonyoung,0.953971803188324,Wonyoung,[0.954],"[0.000, 0.001, 0.122, 0.954, 0.001, 0.233, 0.001]"
5.28,5.32,Wonyoung,0.9502097964286804,Wonyoung,[0.950],"[0.000, 0.001, 0.126, 0.950, 0.001, 0.243, 0.001]"
5.32,5.36,Wonyoung,0.9464202523231506,Wonyoung,[0.946],"[0.000, 0.000, 0.129, 0.946, 0.001, 0.254, 0.001]"
5.36,5.4,Wonyoung,0.9426503777503967,Wonyoung,[0.943],"[0.000, 0.000, 0.132, 0.943, 0.001, 0.264, 0.001]"
5.4,5.44,Wonyoung,0.9389464855194092,Wonyoung,[0.939],"[0.000, 0.000, 0.134, 0.939, 0.001, 0.275, 0.002]"
5.44,5.48,Wonyoung,0.9353432059288025,Wonyoung,[0.935],"[0.000, 0.000, 0.135, 0.935, 0.001, 0.286, 0.002]"
5.48,5.52,Wonyoung,0.931857168674469,Wonyoung,[0.932],"[0.000, 0.000, 0.136, 0.932, 0.001, 0.296, 0.002]"
5.52,5.56,Wonyoung,0.9284980893135071,Wonyoung,[0.928],"[0.000, 0.000, 0.136, 0.928, 0.002, 0.307, 0.002]"
5.56,5.6,Wonyoung,0.9252437949180603,Wonyoung,[0.925],"[0.000, 0.000, 0.135, 0.925, 0.002, 0.316, 0.003]"
5.6,5.64,Wonyoung,0.9220627546310425,Wonyoung,[0.922],"[0.000, 0.000, 0.133, 0.922, 0.002, 0.325, 0.003]"
5.64,5.68,Wonyoung,0.9189257025718689,Wonyoung,[0.919],"[0.000, 0.000, 0.131, 0.919, 0.002, 0.334, 0.003]"
5.68,5.72,Wonyoung,0.9158040881156921,Wonyoung,[0.916],"[0.000, 0.000, 0.127, 0.916, 0.002, 0.340, 0.003]"
5.72,5.76,Wonyoung,0.9126750230789185,Wonyoung,[0.913],"[0.000, 0.000, 0.123, 0.913, 0.003, 0.346, 0.004]"
5.76,5.8,Wonyoung,0.9095304012298584,Wonyoung,[0.910],"[0.000, 0.000, 0.119, 0.910, 0.003, 0.349, 0.004]"
5.8,5.84,Wonyoung,0.906353771686554,Wonyoung,[0.906],"[0.000, 0.000, 0.114, 0.906, 0.003, 0.351, 0.005]"
5.84,5.88,Wonyoung,0.9031482338905334,Wonyoung,[0.903],"[0.000, 0.000, 0.108, 0.903, 0.004, 0.350, 0.005]"
5.88,5.92,Wonyoung,0.8999156951904297,Wonyoung,[0.900],"[0.000, 0.000, 0.103, 0.900, 0.004, 0.347, 0.006]"
5.92,5.96,Wonyoung,0.8966658711433411,Wonyoung,[0.897],"[0.000, 0.000, 0.096, 0.897, 0.005, 0.341, 0.006]"
5.96,6.0,Wonyoung,0.893385648727417,Wonyoung,[0.893],"[0.000, 0.000, 0.090, 0.893, 0.006, 0.334, 0.007]"
6.0,6.04,Wonyoung,0.8900446891784668,Wonyoung,[0.890],"[0.000, 0.000, 0.084, 0.890, 0.006, 0.324, 0.007]"
6.04,6.08,Wonyoung,0.8866145610809326,Wonyoung,[0.887],"[0.000, 0.000, 0.078, 0.887, 0.007, 0.312, 0.008]"
6.08,6.12,Wonyoung,0.88307124376297,Wonyoung,[0.883],"[0.000, 0.000, 0.072, 0.883, 0.008, 0.298, 0.008]"
6.12,6.16,Wonyoung,0.8794087767601013,Wonyoung,[0.879],"[0.000, 0.000, 0.067, 0.879, 0.008, 0.283, 0.009]"
6.16,6.2,Wonyoung,0.8756269812583923,Wonyoung,[0.876],"[0.000, 0.000, 0.061, 0.876, 0.009, 0.266, 0.009]"
6.2,6.24,Wonyoung,0.8717341423034668,Wonyoung,[0.872],"[0.001, 0.000, 0.056, 0.872, 0.010, 0.249, 0.010]"
6.24,6.28,Wonyoung,0.8677579164505005,Wonyoung,[0.868],"[0.001, 0.000, 0.051, 0.868, 0.011, 0.231, 0.010]"
6.28,6.32,Wonyoung,0.8637405633926392,Wonyoung,[0.864],"[0.001, 0.000, 0.046, 0.864, 0.012, 0.213, 0.010]"
6.32,6.36,Wonyoung,0.8597347140312195,Wonyoung,[0.860],"[0.001, 0.000, 0.042, 0.860, 0.013, 0.195, 0.011]"
6.36,6.4,Wonyoung,0.8558120131492615,Wonyoung,[0.856],"[0.001, 0.000, 0.038, 0.856, 0.014, 0.177, 0.011]"
6.4,6.44,Wonyoung,0.8520501255989075,Wonyoung,[0.852],"[0.001, 0.000, 0.035, 0.852, 0.015, 0.161, 0.011]"
6.44,6.48,Wonyoung,0.848534107208252,Wonyoung,[0.849],"[0.001, 0.000, 0.031, 0.849, 0.017, 0.145, 0.011]"
6.48,6.52,Wonyoung,0.8453415036201477,Wonyoung,[0.845],"[0.002, 0.000, 0.028, 0.845, 0.018, 0.131, 0.011]"
6.52,6.56,Wonyoung,0.8425519466400146,Wonyoung,[0.843],"[0.002, 0.000, 0.026, 0.843, 0.019, 0.118, 0.011]"
6.56,6.6,Wonyoung,0.8402592539787292,Wonyoung,[0.840],"[0.002, 0.000, 0.023, 0.840, 0.020, 0.106, 0.011]"
6.6,6.64,Wonyoung,0.838534951210022,Wonyoung,[0.839],"[0.002, 0.000, 0.021, 0.839, 0.020, 0.095, 0.011]"
6.64,6.68,Wonyoung,0.8374394178390503,Wonyoung,[0.837],"[0.002, 0.000, 0.020, 0.837, 0.021, 0.086, 0.011]"
6.68,6.72,Wonyoung,0.836985170841217,Wonyoung,[0.837],"[0.003, 0.000, 0.018, 0.837, 0.022, 0.077, 0.011]"
6.72,6.76,Wonyoung,0.8371744751930237,Wonyoung,[0.837],"[0.003, 0.000, 0.017, 0.837, 0.023, 0.070, 0.011]"
6.76,6.8,Wonyoung,0.837990939617157,Wonyoung,[0.838],"[0.003, 0.000, 0.016, 0.838, 0.023, 0.064, 0.011]"
6.8,6.84,Wonyoung,0.8394071459770203,Wonyoung,[0.839],"[0.003, 0.000, 0.015, 0.839, 0.024, 0.058, 0.011]"
6.84,6.88,Wonyoung,0.8413952589035034,Wonyoung,[0.841],"[0.003, 0.000, 0.014, 0.841, 0.024, 0.053, 0.010]"
6.88,6.92,Wonyoung,0.8439105749130249,Wonyoung,[0.844],"[0.003, 0.000, 0.013, 0.844, 0.025, 0.049, 0.010]"
6.92,6.96,Wonyoung,0.8468946814537048,Wonyoung,[0.847],"[0.003, 0.000, 0.013, 0.847, 0.025, 0.045, 0.010]"
6.96,7.0,Wonyoung,0.8502811193466187,Wonyoung,[0.850],"[0.003, 0.000, 0.013, 0.850, 0.025, 0.042, 0.010]"
7.0,7.04,Wonyoung,0.8539849519729614,Wonyoung,[0.854],"[0.003, 0.000, 0.012, 0.854, 0.025, 0.039, 0.009]"
7.04,7.08,Wonyoung,0.8579280972480774,Wonyoung,[0.858],"[0.003, 0.000, 0.013, 0.858, 0.025, 0.037, 0.009]"
7.08,7.12,Wonyoung,0.8620110750198364,Wonyoung,[0.862],"[0.003, 0.000, 0.013, 0.862, 0.025, 0.035, 0.008]"
7.12,7.16,Wonyoung,0.8661250472068787,Wonyoung,[0.866],"[0.003, 0.000, 0.013, 0.866, 0.025, 0.033, 0.008]"
7.16,7.2,Wonyoung,0.8701732158660889,Wonyoung,[0.870],"[0.003, 0.000, 0.014, 0.870, 0.025, 0.032, 0.008]"
7.2,7.24,Wonyoung,0.8740772008895874,Wonyoung,[0.874],"[0.003, 0.000, 0.014, 0.874, 0.025, 0.031, 0.007]"
7.24,7.28,Wonyoung,0.8777780532836914,Wonyoung,[0.878],"[0.003, 0.000, 0.015, 0.878, 0.025, 0.029, 0.007]"
7.28,7.32,Wonyoung,0.8812341690063477,Wonyoung,[0.881],"[0.003, 0.000, 0.016, 0.881, 0.024, 0.028, 0.007]"
7.32,7.36,Wonyoung,0.884428858757019,Wonyoung,[0.884],"[0.003, 0.000, 0.018, 0.884, 0.024, 0.027, 0.006]"
7.36,7.4,Wonyoung,0.8873529434204102,Wonyoung,[0.887],"[0.003, 0.000, 0.020, 0.887, 0.024, 0.027, 0.006]"
7.4,7.44,Wonyoung,0.8900125622749329,Wonyoung,[0.890],"[0.003, 0.000, 0.021, 0.890, 0.023, 0.026, 0.005]"
7.44,7.48,Wonyoung,0.8924214243888855,Wonyoung,[0.892],"[0.003, 0.000, 0.024, 0.892, 0.023, 0.025, 0.005]"
7.48,7.52,Wonyoung,0.8946027755737305,Wonyoung,[0.895],"[0.003, 0.000, 0.026, 0.895, 0.023, 0.024, 0.005]"
7.52,7.56,Wonyoung,0.896582305431366,Wonyoung,[0.897],"[0.003, 0.000, 0.029, 0.897, 0.022, 0.023, 0.004]"
7.56,7.6,Wonyoung,0.8984128832817078,Wonyoung,[0.898],"[0.003, 0.000, 0.032, 0.898, 0.022, 0.023, 0.004]"
7.6,7.64,Wonyoung,0.900140106678009,Wonyoung,[0.900],"[0.003, 0.000, 0.035, 0.900, 0.021, 0.022, 0.004]"
7.64,7.68,Wonyoung,0.901796281337738,Wonyoung,[0.902],"[0.003, 0.000, 0.038, 0.902, 0.020, 0.021, 0.004]"
7.68,7.72,Wonyoung,0.9034005403518677,Wonyoung,[0.903],"[0.003, 0.000, 0.041, 0.903, 0.020, 0.021, 0.003]"
7.72,7.76,Wonyoung,0.9049679636955261,Wonyoung,[0.905],"[0.003, 0.000, 0.045, 0.905, 0.019, 0.020, 0.003]"
7.76,7.8,Wonyoung,0.9065134525299072,Wonyoung,[0.907],"[0.003, 0.000, 0.048, 0.907, 0.018, 0.019, 0.003]"
7.8,7.84,Wonyoung,0.9080779552459717,Wonyoung,[0.908],"[0.003, 0.000, 0.052, 0.908, 0.017, 0.018, 0.002]"
7.84,7.88,Wonyoung,0.9096912741661072,Wonyoung,[0.910],"[0.003, 0.000, 0.055, 0.910, 0.016, 0.018, 0.002]"
7.88,7.92,Wonyoung,0.9113810062408447,Wonyoung,[0.911],"[0.004, 0.000, 0.058, 0.911, 0.016, 0.017, 0.002]"
7.92,7.96,Wonyoung,0.9131675362586975,Wonyoung,[0.913],"[0.004, 0.001, 0.061, 0.913, 0.015, 0.017, 0.002]"
7.96,8.0,Wonyoung,0.9150804877281189,Wonyoung,[0.915],"[0.004, 0.001, 0.064, 0.915, 0.014, 0.016, 0.002]"
8.0,8.04,Wonyoung,0.9171522259712219,Wonyoung,[0.917],"[0.004, 0.001, 0.066, 0.917, 0.013, 0.016, 0.001]"
8.04,8.08,Wonyoung,0.919403612613678,Wonyoung,[0.919],"[0.004, 0.001, 0.067, 0.919, 0.012, 0.015, 0.001]"
8.08,8.12,Wonyoung,0.9218343496322632,Wonyoung,[0.922],"[0.004, 0.001, 0.069, 0.922, 0.011, 0.015, 0.001]"
8.12,8.16,Wonyoung,0.9244301915168762,Wonyoung,[0.924],"[0.003, 0.001, 0.070, 0.924, 0.010, 0.014, 0.001]"
8.16,8.2,Wonyoung,0.9271715879440308,Wonyoung,[0.927],"[0.003, 0.001, 0.070, 0.927, 0.010, 0.014, 0.001]"
8.2,8.24,Wonyoung,0.9300334453582764,Wonyoung,[0.930],"[0.003, 0.001, 0.070, 0.930, 0.009, 0.013, 0.001]"
8.24,8.28,Wonyoung,0.9329794645309448,Wonyoung,[0.933],"[0.003, 0.001, 0.070, 0.933, 0.008, 0.013, 0.001]"
8.28,8.32,Wonyoung,0.9359629154205322,Wonyoung,[0.936],"[0.003, 0.002, 0.069, 0.936, 0.008, 0.013, 0.001]"
8.32,8.36,Wonyoung,0.9389267563819885,Wonyoung,[0.939],"[0.003, 0.002, 0.068, 0.939, 0.007, 0.012, 0.001]"
8.36,8.4,Wonyoung,0.9418234825134277,Wonyoung,[0.942],"[0.003, 0.002, 0.067, 0.942, 0.007, 0.012, 0.000]"
8.4,8.44,Wonyoung,0.9446153044700623,Wonyoung,[0.945],"[0.003, 0.002, 0.066, 0.945, 0.006, 0.012, 0.000]"
8.44,8.48,Wonyoung,0.9472734928131104,Wonyoung,[0.947],"[0.003, 0.003, 0.064, 0.947, 0.006, 0.011, 0.000]"
8.48,8.52,Wonyoung,0.9497787952423096,Wonyoung,[0.950],"[0.003, 0.003, 0.063, 0.950, 0.006, 0.011, 0.000]"
8.52,8.56,Wonyoung,0.9521212577819824,Wonyoung,[0.952],"[0.003, 0.004, 0.061, 0.952, 0.006, 0.011, 0.000]"
8.56,8.6,Wonyoung,0.9542914032936096,Wonyoung,[0.954],"[0.003, 0.004, 0.059, 0.954, 0.005, 0.010, 0.000]"
8.6,8.64,Wonyoung,0.956290066242218,Wonyoung,[0.956],"[0.003, 0.004, 0.057, 0.956, 0.005, 0.010, 0.000]"
8.64,8.68,Wonyoung,0.9581164121627808,Wonyoung,[0.958],"[0.003, 0.005, 0.055, 0.958, 0.005, 0.010, 0.000]"
8.68,8.72,Wonyoung,0.959771454334259,Wonyoung,[0.960],"[0.003, 0.005, 0.053, 0.960, 0.005, 0.009, 0.000]"
8.72,8.76,Wonyoung,0.9612591862678528,Wonyoung,[0.961],"[0.003, 0.006, 0.051, 0.961, 0.005, 0.009, 0.000]"
8.76,8.8,Wonyoung,0.9625924229621887,Wonyoung,[0.963],"[0.003, 0.006, 0.049, 0.963, 0.005, 0.009, 0.000]"
8.8,8.84,Wonyoung,0.9637882709503174,Wonyoung,[0.964],"[0.003, 0.006, 0.047, 0.964, 0.005, 0.009, 0.000]"
8.84,8.88,Wonyoung,0.9648614525794983,Wonyoung,[0.965],"[0.003, 0.007, 0.045, 0.965, 0.005, 0.009, 0.000]"
8.88,8.92,Wonyoung,0.9658194184303284,Wonyoung,[0.966],"[0.004, 0.007, 0.043, 0.966, 0.005, 0.009, 0.000]"
8.92,8.96,Wonyoung,0.9666607975959778,Wonyoung,[0.967],"[0.004, 0.007, 0.040, 0.967, 0.005, 0.008, 0.000]"
8.96,9.0,Wonyoung,0.967387855052948,Wonyoung,[0.967],"[0.004, 0.008, 0.038, 0.967, 0.005, 0.008, 0.000]"
9.0,9.04,Wonyoung,0.9680020213127136,Wonyoung,[0.968],"[0.004, 0.008, 0.036, 0.968, 0.005, 0.008, 0.000]"
9.04,9.08,Wonyoung,0.968498706817627,Wonyoung,[0.968],"[0.005, 0.008, 0.033, 0.968, 0.006, 0.008, 0.000]"
9.08,9.12,Wonyoung,0.9688761234283447,Wonyoung,[0.969],"[0.005, 0.008, 0.031, 0.969, 0.006, 0.008, 0.000]"
9.12,9.16,Wonyoung,0.9691361784934998,Wonyoung,[0.969],"[0.005, 0.008, 0.029, 0.969, 0.006, 0.009, 0.000]"
9.16,9.2,Wonyoung,0.9692816138267517,Wonyoung,[0.969],"[0.006, 0.008, 0.026, 0.969, 0.006, 0.009, 0.000]"
9.2,9.24,Wonyoung,0.9693137407302856,Wonyoung,[0.969],"[0.006, 0.008, 0.024, 0.969, 0.007, 0.009, 0.000]"
9.24,9.28,Wonyoung,0.9692299962043762,Wonyoung,[0.969],"[0.006, 0.009, 0.022, 0.969, 0.007, 0.009, 0.000]"
9.28,9.32,Wonyoung,0.969028115272522,Wonyoung,[0.969],"[0.007, 0.009, 0.020, 0.969, 0.007, 0.009, 0.000]"
9.32,9.36,Wonyoung,0.9687045216560364,Wonyoung,[0.969],"[0.007, 0.009, 0.018, 0.969, 0.007, 0.010, 0.000]"
9.36,9.4,Wonyoung,0.9682496190071106,Wonyoung,[0.968],"[0.008, 0.009, 0.017, 0.968, 0.008, 0.010, 0.000]"
9.4,9.44,Wonyoung,0.9676478505134583,Wonyoung,[0.968],"[0.008, 0.009, 0.015, 0.968, 0.008, 0.011, 0.000]"
9.44,9.48,Wonyoung,0.9668775200843811,Wonyoung,[0.967],"[0.009, 0.009, 0.014, 0.967, 0.008, 0.011, 0.000]"
9.48,9.52,Wonyoung,0.9659165740013123,Wonyoung,[0.966],"[0.009, 0.009, 0.012, 0.966, 0.009, 0.012, 0.000]"
9.52,9.56,Wonyoung,0.9647462964057922,Wonyoung,[0.965],"[0.009, 0.009, 0.011, 0.965, 0.009, 0.013, 0.000]"
9.56,9.6,Wonyoung,0.9633533954620361,Wonyoung,[0.963],"[0.010, 0.009, 0.010, 0.963, 0.009, 0.014, 0.000]"
9.6,9.64,Wonyoung,0.9617282152175903,Wonyoung,[0.962],"[0.010, 0.009, 0.009, 0.962, 0.009, 0.016, 0.000]"
9.64,9.68,Wonyoung,0.9598634839057922,Wonyoung,[0.960],"[0.011, 0.009, 0.008, 0.960, 0.009, 0.017, 0.000]"
9.68,9.72,Wonyoung,0.9577618837356567,Wonyoung,[0.958],"[0.012, 0.009, 0.007, 0.958, 0.010, 0.019, 0.000]"
9.72,9.76,Wonyoung,0.9554351568222046,Wonyoung,[0.955],"[0.012, 0.009, 0.007, 0.955, 0.010, 0.021, 0.000]"
9.76,9.8,Wonyoung,0.9528988599777222,Wonyoung,[0.953],"[0.013, 0.009, 0.006, 0.953, 0.010, 0.024, 0.000]"
9.8,9.84,Wonyoung,0.950170636177063,Wonyoung,[0.950],"[0.013, 0.009, 0.006, 0.950, 0.010, 0.027, 0.000]"
9.84,9.88,Wonyoung,0.9472779035568237,Wonyoung,[0.947],"[0.014, 0.009, 0.005, 0.947, 0.010, 0.031, 0.000]"
9.88,9.92,Wonyoung,0.9442494511604309,Wonyoung,[0.944],"[0.015, 0.009, 0.005, 0.944, 0.010, 0.036, 0.000]"
9.92,9.96,Wonyoung,0.9411132335662842,Wonyoung,[0.941],"[0.016, 0.009, 0.004, 0.941, 0.010, 0.041, 0.000]"
9.96,10.0,Wonyoung,0.9379090666770935,Wonyoung,[0.938],"[0.017, 0.009, 0.004, 0.938, 0.011, 0.047, 0.000]"
10.0,10.04,Wonyoung,0.9346901774406433,Wonyoung,[0.935],"[0.017, 0.009, 0.004, 0.935, 0.011, 0.055, 0.000]"
10.04,10.08,Wonyoung,0.9315162301063538,Wonyoung,[0.932],"[0.018, 0.009, 0.004, 0.932, 0.011, 0.063, 0.000]"
10.08,10.12,Wonyoung,0.9284600019454956,Wonyoung,[0.928],"[0.019, 0.008, 0.004, 0.928, 0.011, 0.073, 0.000]"
10.12,10.16,Wonyoung,0.9255921244621277,Wonyoung,[0.926],"[0.020, 0.008, 0.004, 0.926, 0.012, 0.085, 0.000]"
10.16,10.2,Wonyoung,0.9229710698127747,Wonyoung,[0.923],"[0.021, 0.008, 0.004, 0.923, 0.012, 0.098, 0.000]"
10.2,10.24,Wonyoung,0.9206570386886597,Wonyoung,[0.921],"[0.022, 0.008, 0.003, 0.921, 0.012, 0.112, 0.000]"
10.24,10.28,Wonyoung,0.9187124371528625,Wonyoung,[0.919],"[0.022, 0.008, 0.003, 0.919, 0.013, 0.128, 0.000]"
10.28,10.32,Wonyoung,0.9172017574310303,Wonyoung,[0.917],"[0.023, 0.008, 0.004, 0.917, 0.013, 0.145, 0.000]"
10.32,10.36,Wonyoung,0.9161885976791382,Wonyoung,[0.916],"[0.023, 0.008, 0.004, 0.916, 0.014, 0.163, 0.000]"
10.36,10.4,Wonyoung,0.9157178401947021,Wonyoung,[0.916],"[0.023, 0.008, 0.004, 0.916, 0.015, 0.181, 0.000]"
10.4,10.44,Wonyoung,0.915817379951477,Wonyoung,[0.916],"[0.023, 0.008, 0.004, 0.916, 0.016, 0.200, 0.000]"
10.44,10.48,Wonyoung,0.9164924621582031,Wonyoung,[0.916],"[0.022, 0.008, 0.004, 0.916, 0.017, 0.219, 0.000]"
10.48,10.52,Wonyoung,0.917730987071991,Wonyoung,[0.918],"[0.022, 0.008, 0.004, 0.918, 0.018, 0.237, 0.000]"
10.52,10.56,Wonyoung,0.9194900393486023,Wonyoung,[0.919],"[0.021, 0.008, 0.005, 0.919, 0.019, 0.255, 0.001]"
10.56,10.6,Wonyoung,0.9217004776000977,Wonyoung,[0.922],"[0.019, 0.008, 0.005, 0.922, 0.021, 0.272, 0.001]"
10.6,10.64,Wonyoung,0.9242737889289856,Wonyoung,[0.924],"[0.018, 0.008, 0.005, 0.924, 0.022, 0.287, 0.001]"
10.64,10.68,Wonyoung,0.9271200299263,Wonyoung,[0.927],"[0.017, 0.008, 0.006, 0.927, 0.024, 0.302, 0.001]"
10.68,10.72,Wonyoung,0.9301474094390869,Wonyoung,[0.930],"[0.015, 0.008, 0.006, 0.930, 0.026, 0.315, 0.001]"
10.72,10.76,Wonyoung,0.9332640171051025,Wonyoung,[0.933],"[0.014, 0.008, 0.007, 0.933, 0.029, 0.327, 0.001]"
10.76,10.8,Wonyoung,0.9363774657249451,Wonyoung,[0.936],"[0.012, 0.007, 0.008, 0.936, 0.031, 0.337, 0.001]"
10.8,10.84,Wonyoung,0.9394035935401917,Wonyoung,[0.939],"[0.011, 0.007, 0.008, 0.939, 0.034, 0.347, 0.001]"
10.84,10.88,Wonyoung,0.9422682523727417,Wonyoung,[0.942],"[0.009, 0.007, 0.009, 0.942, 0.036, 0.356, 0.001]"
10.88,10.92,Wonyoung,0.9449231028556824,Wonyoung,[0.945],"[0.008, 0.007, 0.010, 0.945, 0.039, 0.364, 0.001]"
10.92,10.96,Wonyoung,0.9473515152931213,Wonyoung,[0.947],"[0.007, 0.006, 0.011, 0.947, 0.042, 0.371, 0.001]"
10.96,11.0,Wonyoung,0.9495421051979065,Wonyoung,[0.950],"[0.006, 0.006, 0.012, 0.950, 0.045, 0.379, 0.001]"
11.0,11.04,Wonyoung,0.9514917135238647,Wonyoung,[0.951],"[0.005, 0.006, 0.013, 0.951, 0.048, 0.386, 0.001]"
11.04,11.08,Wonyoung,0.9532085657119751,Wonyoung,[0.953],"[0.005, 0.005, 0.015, 0.953, 0.050, 0.394, 0.002]"
11.08,11.12,Wonyoung,0.9547023773193359,Wonyoung,[0.955],"[0.004, 0.005, 0.016, 0.955, 0.053, 0.401, 0.002]"
11.12,11.16,Wonyoung,0.9559850096702576,Wonyoung,[0.956],"[0.004, 0.004, 0.018, 0.956, 0.055, 0.409, 0.002]"
11.16,11.2,Wonyoung,0.957063615322113,Wonyoung,[0.957],"[0.003, 0.004, 0.019, 0.957, 0.056, 0.416, 0.002]"
11.2,11.24,Wonyoung,0.9579460620880127,Wonyoung,[0.958],"[0.003, 0.003, 0.021, 0.958, 0.058, 0.424, 0.003]"
11.24,11.28,Wonyoung,0.9586407542228699,Wonyoung,[0.959],"[0.003, 0.003, 0.023, 0.959, 0.059, 0.432, 0.003]"
11.28,11.32,Wonyoung,0.9591531753540039,Wonyoung,[0.959],"[0.002, 0.003, 0.025, 0.959, 0.059, 0.439, 0.004]"
11.32,11.36,Wonyoung,0.9594875574111938,Wonyoung,[0.959],"[0.002, 0.002, 0.027, 0.959, 0.060, 0.445, 0.005]"
11.36,11.4,Wonyoung,0.9596495032310486,Wonyoung,[0.960],"[0.002, 0.002, 0.030, 0.960, 0.060, 0.449, 0.005]"
11.4,11.44,Wonyoung,0.9596515893936157,Wonyoung,[0.960],"[0.002, 0.002, 0.032, 0.960, 0.059, 0.453, 0.006]"
11.44,11.48,Wonyoung,0.9595127105712891,Wonyoung,[0.960],"[0.002, 0.001, 0.035, 0.960, 0.058, 0.455, 0.007]"
11.48,11.52,Wonyoung,0.9592576026916504,Wonyoung,[0.959],"[0.002, 0.001, 0.037, 0.959, 0.057, 0.455, 0.008]"
11.52,11.56,Wonyoung,0.9588913917541504,Wonyoung,[0.959],"[0.001, 0.001, 0.040, 0.959, 0.056, 0.453, 0.009]"
11.56,11.6,Wonyoung,0.9583972692489624,Wonyoung,[0.958],"[0.001, 0.001, 0.043, 0.958, 0.054, 0.449, 0.011]"
11.6,11.64,Wonyoung,0.9577534198760986,Wonyoung,[0.958],"[0.001, 0.001, 0.047, 0.958, 0.053, 0.442, 0.012]"
11.64,11.68,Wonyoung,0.9569328427314758,Wonyoung,[0.957],"[0.001, 0.000, 0.050, 0.957, 0.052, 0.433, 0.014]"
11.68,11.72,Wonyoung,0.955899178981781,Wonyoung,[0.956],"[0.001, 0.000, 0.054, 0.956, 0.051, 0.420, 0.016]"
11.72,11.76,Wonyoung,0.9545955657958984,Wonyoung,[0.955],"[0.001, 0.000, 0.057, 0.955, 0.050, 0.405, 0.018]"
11.76,11.8,Wonyoung,0.9529458284378052,Wonyoung,[0.953],"[0.001, 0.000, 0.061, 0.953, 0.049, 0.387, 0.020]"
11.8,11.84,Wonyoung,0.9508582949638367,Wonyoung,[0.951],"[0.001, 0.000, 0.065, 0.951, 0.048, 0.367, 0.022]"
11.84,11.88,Wonyoung,0.9482166171073914,Wonyoung,[0.948],"[0.001, 0.000, 0.069, 0.948, 0.047, 0.345, 0.024]"
11.88,11.92,Wonyoung,0.9448872804641724,Wonyoung,[0.945],"[0.001, 0.000, 0.073, 0.945, 0.047, 0.321, 0.026]"
11.92,11.96,Wonyoung,0.9406874775886536,Wonyoung,[0.941],"[0.001, 0.000, 0.077, 0.941, 0.046, 0.296, 0.029]"
11.96,12.0,Wonyoung,0.9353742003440857,Wonyoung,[0.935],"[0.001, 0.000, 0.081, 0.935, 0.046, 0.271, 0.031]"
12.0,12.04,Wonyoung,0.9286405444145203,Wonyoung,[0.929],"[0.001, 0.000, 0.085, 0.929, 0.046, 0.246, 0.034]"
12.04,12.08,Wonyoung,0.9201548099517822,Wonyoung,[0.920],"[0.001, 0.000, 0.088, 0.920, 0.045, 0.221, 0.037]"
12.08,12.12,Wonyoung,0.9095110893249512,Wonyoung,[0.910],"[0.001, 0.000, 0.091, 0.910, 0.045, 0.197, 0.041]"
12.12,12.16,Wonyoung,0.8962051272392273,Wonyoung,[0.896],"[0.001, 0.000, 0.094, 0.896, 0.044, 0.174, 0.045]"
12.16,12.2,Wonyoung,0.8796536922454834,Wonyoung,[0.880],"[0.001, 0.000, 0.097, 0.880, 0.043, 0.153, 0.049]"
12.2,12.24,Wonyoung,0.8591998815536499,Wonyoung,[0.859],"[0.001, 0.000, 0.099, 0.859, 0.041, 0.133, 0.054]"
12.24,12.28,Wonyoung,0.8340781927108765,Wonyoung,[0.834],"[0.001, 0.000, 0.101, 0.834, 0.039, 0.115, 0.059]"
12.28,12.32,Wonyoung,0.8034690618515015,Wonyoung,[0.803],"[0.001, 0.000, 0.103, 0.803, 0.037, 0.098, 0.065]"
12.32,12.36,Wonyoung,0.7666508555412292,Wonyoung,[0.767],"[0.001, 0.000, 0.103, 0.767, 0.035, 0.083, 0.071]"
12.36,12.4,Wonyoung,0.7231216430664062,Wonyoung,[0.723],"[0.001, 0.000, 0.103, 0.723, 0.032, 0.070, 0.078]"
12.4,12.44,Wonyoung,0.6726925373077393,Wonyoung,[0.673],"[0.001, 0.000, 0.101, 0.673, 0.029, 0.058, 0.086]"
12.44,12.48,Wonyoung,0.6156671047210693,Wonyoung,[0.616],"[0.001, 0.000, 0.099, 0.616, 0.026, 0.048, 0.094]"
12.48,12.52,Wonyoung,0.5530391335487366,,[],"[0.001, 0.000, 0.096, 0.553, 0.023, 0.040, 0.103]"
12.52,12.56,Wonyoung,0.4866163432598114,,[],"[0.001, 0.000, 0.091, 0.487, 0.020, 0.032, 0.112]"
12.56,12.6,Wonyoung,0.41891229152679443,,[],"[0.001, 0.000, 0.086, 0.419, 0.018, 0.026, 0.121]"
12.6,12.64,Wonyoung,0.35288000106811523,,[],"[0.001, 0.000, 0.080, 0.353, 0.015, 0.021, 0.130]"
12.64,12.68,Wonyoung,0.2912716865539551,,[],"[0.001, 0.001, 0.074, 0.291, 0.013, 0.017, 0.139]"
12.68,12.72,Wonyoung,0.23614954948425293,,[],"[0.001, 0.001, 0.068, 0.236, 0.011, 0.014, 0.148]"
12.72,12.76,Wonyoung,0.18866609036922455,,[],"[0.001, 0.002, 0.061, 0.189, 0.009, 0.011, 0.155]"
12.76,12.8,silence,0.1619623303413391,,[],"[0.001, 0.003, 0.055, 0.149, 0.008, 0.009, 0.162]"
12.8,12.84,silence,0.1673673391342163,,[],"[0.001, 0.004, 0.049, 0.117, 0.006, 0.007, 0.167]"
12.84,12.88,silence,0.1713743805885315,,[],"[0.000, 0.007, 0.043, 0.091, 0.005, 0.006, 0.171]"
12.88,12.92,silence,0.17385244369506836,,[],"[0.000, 0.013, 0.037, 0.072, 0.005, 0.005, 0.174]"
12.92,12.96,silence,0.1747211366891861,,[],"[0.000, 0.022, 0.032, 0.056, 0.004, 0.004, 0.175]"
12.96,13.0,silence,0.17398464679718018,,[],"[0.000, 0.038, 0.027, 0.044, 0.003, 0.003, 0.174]"
13.0,13.04,silence,0.17171233892440796,,[],"[0.000, 0.065, 0.023, 0.035, 0.003, 0.002, 0.172]"
13.04,13.08,silence,0.16803325712680817,,[],"[0.000, 0.111, 0.019, 0.029, 0.003, 0.002, 0.168]"
13.08,13.12,Yujin,0.1813235580921173,,[],"[0.000, 0.181, 0.016, 0.023, 0.002, 0.002, 0.163]"
13.12,13.16,Yujin,0.2819109261035919,,[],"[0.000, 0.282, 0.013, 0.019, 0.002, 0.001, 0.157]"
13.16,13.2,Yujin,0.40844327211380005,,[],"[0.000, 0.408, 0.011, 0.016, 0.002, 0.001, 0.150]"
13.2,13.24,Yujin,0.5456568598747253,,[],"[0.000, 0.546, 0.009, 0.014, 0.002, 0.001, 0.143]"
13.24,13.28,Yujin,0.6731869578361511,Yujin,[0.673],"[0.000, 0.673, 0.007, 0.012, 0.002, 0.001, 0.135]"
13.28,13.32,Yujin,0.7764788269996643,Yujin,[0.776],"[0.000, 0.776, 0.006, 0.010, 0.002, 0.001, 0.126]"
13.32,13.36,Yujin,0.8517254590988159,Yujin,[0.852],"[0.000, 0.852, 0.005, 0.009, 0.002, 0.001, 0.118]"
13.36,13.4,Yujin,0.9028288125991821,Yujin,[0.903],"[0.000, 0.903, 0.004, 0.008, 0.002, 0.001, 0.109]"
13.4,13.44,Yujin,0.9361823797225952,Yujin,[0.936],"[0.000, 0.936, 0.003, 0.008, 0.002, 0.001, 0.101]"
13.44,13.48,Yujin,0.9575766324996948,Yujin,[0.958],"[0.000, 0.958, 0.002, 0.007, 0.002, 0.001, 0.093]"
13.48,13.52,Yujin,0.9712750315666199,Yujin,[0.971],"[0.000, 0.971, 0.002, 0.006, 0.002, 0.000, 0.086]"
13.52,13.56,Yujin,0.9801176190376282,Yujin,[0.980],"[0.000, 0.980, 0.002, 0.006, 0.002, 0.000, 0.079]"
13.56,13.6,Yujin,0.9858997464179993,Yujin,[0.986],"[0.000, 0.986, 0.001, 0.006, 0.002, 0.000, 0.073]"
13.6,13.64,Yujin,0.9897423982620239,Yujin,[0.990],"[0.000, 0.990, 0.001, 0.005, 0.002, 0.000, 0.068]"
13.64,13.68,Yujin,0.9923433661460876,Yujin,[0.992],"[0.000, 0.992, 0.001, 0.005, 0.003, 0.000, 0.063]"
13.68,13.72,Yujin,0.9941403269767761,Yujin,[0.994],"[0.000, 0.994, 0.001, 0.005, 0.003, 0.000, 0.059]"
13.72,13.76,Yujin,0.9954071044921875,Yujin,[0.995],"[0.000, 0.995, 0.001, 0.005, 0.003, 0.000, 0.055]"
13.76,13.8,Yujin,0.9963158965110779,Yujin,[0.996],"[0.000, 0.996, 0.000, 0.005, 0.004, 0.001, 0.052]"
13.8,13.84,Yujin,0.9969782829284668,Yujin,[0.997],"[0.000, 0.997, 0.000, 0.005, 0.004, 0.001, 0.049]"
13.84,13.88,Yujin,0.9974682331085205,Yujin,[0.997],"[0.000, 0.997, 0.000, 0.004, 0.004, 0.001, 0.047]"
13.88,13.92,Yujin,0.997836172580719,Yujin,[0.998],"[0.000, 0.998, 0.000, 0.004, 0.005, 0.001, 0.045]"
13.92,13.96,Yujin,0.9981163740158081,Yujin,[0.998],"[0.000, 0.998, 0.000, 0.004, 0.005, 0.001, 0.043]"
13.96,14.0,Yujin,0.998332679271698,Yujin,[0.998],"[0.000, 0.998, 0.000, 0.004, 0.006, 0.001, 0.042]"
14.0,14.04,Yujin,0.9985016584396362,Yujin,[0.999],"[0.000, 0.999, 0.000, 0.004, 0.006, 0.001, 0.041]"
14.04,14.08,Yujin,0.9986335635185242,Yujin,[0.999],"[0.000, 0.999, 0.000, 0.004, 0.007, 0.001, 0.040]"
14.08,14.12,Yujin,0.9987360835075378,Yujin,[0.999],"[0.000, 0.999, 0.000, 0.004, 0.008, 0.001, 0.039]"
14.12,14.16,Yujin,0.9988148212432861,Yujin,[0.999],"[0.000, 0.999, 0.000, 0.004, 0.008, 0.001, 0.038]"
14.16,14.2,Yujin,0.9988742470741272,Yujin,[0.999],"[0.000, 0.999, 0.000, 0.004, 0.009, 0.001, 0.037]"
14.2,14.24,Yujin,0.9989176988601685,Yujin,[0.999],"[0.000, 0.999, 0.000, 0.004, 0.010, 0.001, 0.037]"
14.24,14.28,Yujin,0.9989480376243591,Yujin,[0.999],"[0.000, 0.999, 0.000, 0.004, 0.011, 0.001, 0.036]"
14.28,14.32,Yujin,0.9989670515060425,Yujin,[0.999],"[0.000, 0.999, 0.000, 0.004, 0.011, 0.001, 0.036]"
14.32,14.36,Yujin,0.9989757537841797,Yujin,[0.999],"[0.000, 0.999, 0.000, 0.004, 0.012, 0.001, 0.035]"
14.36,14.4,Yujin,0.9989748001098633,Yujin,[0.999],"[0.000, 0.999, 0.000, 0.004, 0.013, 0.001, 0.035]"
14.4,14.44,Yujin,0.9989641904830933,Yujin,[0.999],"[0.000, 0.999, 0.000, 0.004, 0.014, 0.001, 0.034]"
14.44,14.48,Yujin,0.9989432692527771,Yujin,[0.999],"[0.000, 0.999, 0.000, 0.003, 0.016, 0.001, 0.034]"
14.48,14.52,Yujin,0.9989111423492432,Yujin,[0.999],"[0.000, 0.999, 0.000, 0.003, 0.017, 0.001, 0.033]"
14.52,14.56,Yujin,0.998867392539978,Yujin,[0.999],"[0.000, 0.999, 0.000, 0.003, 0.018, 0.001, 0.032]"
14.56,14.6,Yujin,0.9988105297088623,Yujin,[0.999],"[0.000, 0.999, 0.000, 0.003, 0.019, 0.001, 0.032]"
14.6,14.64,Yujin,0.9987393021583557,Yujin,[0.999],"[0.000, 0.999, 0.000, 0.003, 0.021, 0.001, 0.031]"
14.64,14.68,Yujin,0.9986518025398254,Yujin,[0.999],"[0.000, 0.999, 0.000, 0.003, 0.022, 0.001, 0.030]"
14.68,14.72,Yujin,0.9985454082489014,Yujin,[0.999],"[0.000, 0.999, 0.000, 0.003, 0.024, 0.001, 0.030]"
14.72,14.76,Yujin,0.9984172582626343,Yujin,[0.998],"[0.000, 0.998, 0.000, 0.003, 0.026, 0.001, 0.029]"
14.76,14.8,Yujin,0.9982637763023376,Yujin,[0.998],"[0.000, 0.998, 0.000, 0.002, 0.027, 0.001, 0.028]"
14.8,14.84,Yujin,0.9980804920196533,Yujin,[0.998],"[0.000, 0.998, 0.000, 0.002, 0.029, 0.001, 0.028]"
14.84,14.88,Yujin,0.9978628754615784,Yujin,[0.998],"[0.000, 0.998, 0.000, 0.002, 0.030, 0.001, 0.027]"
14.88,14.92,Yujin,0.9976047277450562,Yujin,[0.998],"[0.000, 0.998, 0.000, 0.002, 0.032, 0.001, 0.026]"
14.92,14.96,Yujin,0.99729984998703,Yujin,[0.997],"[0.000, 0.997, 0.000, 0.002, 0.033, 0.001, 0.025]"
14.96,15.0,Yujin,0.9969395399093628,Yujin,[0.997],"[0.000, 0.997, 0.000, 0.002, 0.035, 0.001, 0.025]"
15.0,15.04,Yujin,0.9965113997459412,Yujin,[0.997],"[0.000, 0.997, 0.000, 0.002, 0.036, 0.001, 0.024]"
15.04,15.08,Yujin,0.9959995746612549,Yujin,[0.996],"[0.000, 0.996, 0.000, 0.002, 0.037, 0.002, 0.023]"
15.08,15.12,Yujin,0.9953842759132385,Yujin,[0.995],"[0.000, 0.995, 0.000, 0.002, 0.038, 0.002, 0.022]"
15.12,15.16,Yujin,0.9946398138999939,Yujin,[0.995],"[0.000, 0.995, 0.000, 0.002, 0.039, 0.002, 0.022]"
15.16,15.2,Yujin,0.9937320351600647,Yujin,[0.994],"[0.000, 0.994, 0.000, 0.002, 0.039, 0.002, 0.021]"
15.2,15.24,Yujin,0.9926108717918396,Yujin,[0.993],"[0.000, 0.993, 0.000, 0.002, 0.040, 0.002, 0.021]"
15.24,15.28,Yujin,0.9912053942680359,Yujin,[0.991],"[0.000, 0.991, 0.000, 0.002, 0.040, 0.002, 0.021]"
15.28,15.32,Yujin,0.9894198179244995,Yujin,[0.989],"[0.000, 0.989, 0.000, 0.002, 0.040, 0.002, 0.021]"
15.32,15.36,Yujin,0.9871209263801575,Yujin,[0.987],"[0.000, 0.987, 0.000, 0.002, 0.040, 0.002, 0.021]"
15.36,15.4,Yujin,0.9841236472129822,Yujin,[0.984],"[0.000, 0.984, 0.000, 0.002, 0.040, 0.002, 0.021]"
15.4,15.44,Yujin,0.980171799659729,Yujin,[0.980],"[0.000, 0.980, 0.000, 0.002, 0.039, 0.002, 0.022]"
15.44,15.48,Yujin,0.9749074578285217,Yujin,[0.975],"[0.000, 0.975, 0.000, 0.002, 0.038, 0.002, 0.023]"
15.48,15.52,Yujin,0.9678387641906738,Yujin,[0.968],"[0.000, 0.968, 0.000, 0.002, 0.036, 0.002, 0.025]"
15.52,15.56,Yujin,0.9582928419113159,Yujin,[0.958],"[0.000, 0.958, 0.000, 0.002, 0.035, 0.002, 0.027]"
15.56,15.6,Yujin,0.9453690052032471,Yujin,[0.945],"[0.000, 0.945, 0.000, 0.002, 0.033, 0.002, 0.030]"
15.6,15.64,Yujin,0.9279006719589233,Yujin,[0.928],"[0.000, 0.928, 0.000, 0.002, 0.031, 0.002, 0.034]"
15.64,15.68,Yujin,0.904424786567688,Yujin,[0.904],"[0.000, 0.904, 0.000, 0.002, 0.028, 0.002, 0.039]"
15.68,15.72,Yujin,0.8732466101646423,Yujin,[0.873],"[0.000, 0.873, 0.000, 0.002, 0.026, 0.002, 0.045]"
15.72,15.76,Yujin,0.832610547542572,Yujin,[0.833],"[0.000, 0.833, 0.000, 0.003, 0.024, 0.002, 0.054]"
15.76,15.8,Yujin,0.7810813188552856,Yujin,[0.781],"[0.000, 0.781, 0.000, 0.003, 0.022, 0.002, 0.064]"
15.8,15.84,Yujin,0.7180957794189453,Yujin,[0.718],"[0.000, 0.718, 0.000, 0.003, 0.019, 0.002, 0.078]"
15.84,15.88,Yujin,0.6445706486701965,Yujin,[0.645],"[0.000, 0.645, 0.000, 0.003, 0.017, 0.002, 0.096]"
15.88,15.92,Yujin,0.5632540583610535,,[],"[0.000, 0.563, 0.000, 0.003, 0.015, 0.002, 0.118]"
15.92,15.96,Yujin,0.47854137420654297,,[],"[0.001, 0.479, 0.000, 0.003, 0.014, 0.002, 0.146]"
15.96,16.0,Yujin,0.39560380578041077,,[],"[0.001, 0.396, 0.000, 0.003, 0.012, 0.002, 0.180]"
16.0,16.04,Yujin,0.31918370723724365,,[],"[0.001, 0.319, 0.000, 0.003, 0.011, 0.002, 0.222]"
16.04,16.08,silence,0.2718440294265747,,[],"[0.001, 0.253, 0.001, 0.003, 0.010, 0.002, 0.272]"
16.08,16.12,silence,0.32835492491722107,,[],"[0.001, 0.197, 0.001, 0.003, 0.009, 0.002, 0.328]"
16.12,16.16,silence,0.3903403580188751,,[],"[0.001, 0.153, 0.001, 0.003, 0.008, 0.002, 0.390]"
16.16,16.2,silence,0.4554055333137512,,[],"[0.001, 0.119, 0.001, 0.003, 0.007, 0.002, 0.455]"
16.2,16.24,silence,0.5206657648086548,,[],"[0.001, 0.093, 0.001, 0.003, 0.007, 0.002, 0.521]"
16.24,16.28,silence,0.583274245262146,,[],"[0.001, 0.073, 0.001, 0.003, 0.006, 0.002, 0.583]"
16.28,16.32,silence,0.6408318281173706,silence,[0.641],"[0.001, 0.058, 0.001, 0.003, 0.006, 0.002, 0.641]"
16.32,16.36,silence,0.6916785836219788,silence,[0.692],"[0.001, 0.047, 0.001, 0.002, 0.005, 0.002, 0.692]"
16.36,16.4,silence,0.7350211143493652,silence,[0.735],"[0.001, 0.039, 0.002, 0.002, 0.005, 0.002, 0.735]"
16.4,16.44,silence,0.7708263993263245,silence,[0.771],"[0.001, 0.034, 0.002, 0.002, 0.005, 0.002, 0.771]"
16.44,16.48,silence,0.7996113896369934,silence,[0.800],"[0.002, 0.029, 0.002, 0.002, 0.005, 0.002, 0.800]"
16.48,16.52,silence,0.8221386671066284,silence,[0.822],"[0.002, 0.026, 0.002, 0.002, 0.005, 0.002, 0.822]"
16.52,16.56,silence,0.8391770124435425,silence,[0.839],"[0.002, 0.024, 0.002, 0.002, 0.005, 0.002, 0.839]"
16.56,16.6,silence,0.8514176607131958,silence,[0.851],"[0.002, 0.023, 0.002, 0.002, 0.006, 0.002, 0.851]"
16.6,16.64,silence,0.8594284057617188,silence,[0.859],"[0.002, 0.023, 0.002, 0.002, 0.006, 0.002, 0.859]"
16.64,16.68,silence,0.8636152148246765,silence,[0.864],"[0.002, 0.023, 0.002, 0.002, 0.006, 0.002, 0.864]"
16.68,16.72,silence,0.8642132878303528,silence,[0.864],"[0.001, 0.023, 0.002, 0.002, 0.007, 0.002, 0.864]"
16.72,16.76,silence,0.8612498641014099,silence,[0.861],"[0.001, 0.025, 0.002, 0.002, 0.007, 0.001, 0.861]"
16.76,16.8,silence,0.8545961976051331,silence,[0.855],"[0.001, 0.027, 0.002, 0.002, 0.008, 0.001, 0.855]"
16.8,16.84,silence,0.8439822793006897,silence,[0.844],"[0.001, 0.030, 0.002, 0.002, 0.009, 0.001, 0.844]"
16.84,16.88,silence,0.828951358795166,silence,[0.829],"[0.001, 0.034, 0.002, 0.002, 0.010, 0.001, 0.829]"
16.88,16.92,silence,0.8088855147361755,silence,[0.809],"[0.001, 0.039, 0.002, 0.002, 0.011, 0.002, 0.809]"
16.92,16.96,silence,0.7830944657325745,silence,[0.783],"[0.001, 0.046, 0.002, 0.002, 0.012, 0.002, 0.783]"
16.96,17.0,silence,0.7508400082588196,silence,[0.751],"[0.001, 0.055, 0.002, 0.002, 0.014, 0.002, 0.751]"
17.0,17.04,silence,0.7114315032958984,silence,[0.711],"[0.001, 0.066, 0.002, 0.002, 0.016, 0.002, 0.711]"
17.04,17.08,silence,0.6644799113273621,silence,[0.664],"[0.001, 0.081, 0.002, 0.002, 0.018, 0.002, 0.664]"
17.08,17.12,silence,0.6101493835449219,silence,[0.610],"[0.001, 0.098, 0.002, 0.002, 0.020, 0.002, 0.610]"
17.12,17.16,silence,0.5493985414505005,,[],"[0.001, 0.120, 0.002, 0.002, 0.023, 0.002, 0.549]"
17.16,17.2,silence,0.48413342237472534,,[],"[0.001, 0.146, 0.002, 0.002, 0.026, 0.002, 0.484]"
17.2,17.24,silence,0.41690823435783386,,[],"[0.001, 0.177, 0.002, 0.002, 0.029, 0.002, 0.417]"
17.24,17.28,silence,0.3506075143814087,,[],"[0.001, 0.213, 0.002, 0.002, 0.033, 0.002, 0.351]"
17.28,17.32,silence,0.2880595326423645,,[],"[0.001, 0.255, 0.002, 0.002, 0.036, 0.003, 0.288]"
17.32,17.36,Yujin,0.30080559849739075,,[],"[0.001, 0.301, 0.002, 0.003, 0.041, 0.003, 0.232]"
17.36,17.4,Yujin,0.35109302401542664,,[],"[0.001, 0.351, 0.002, 0.003, 0.045, 0.003, 0.183]"
17.4,17.44,Yujin,0.4042988717556,,[],"[0.001, 0.404, 0.002, 0.003, 0.050, 0.004, 0.142]"
17.44,17.48,Yujin,0.4590207040309906,,[],"[0.001, 0.459, 0.002, 0.003, 0.055, 0.004, 0.108]"
17.48,17.52,Yujin,0.5137001872062683,,[],"[0.001, 0.514, 0.002, 0.004, 0.061, 0.005, 0.082]"
17.52,17.56,Yujin,0.566786527633667,,[],"[0.001, 0.567, 0.002, 0.004, 0.067, 0.005, 0.062]"
17.56,17.6,Yujin,0.616926372051239,,[],"[0.001, 0.617, 0.002, 0.004, 0.073, 0.006, 0.047]"
17.6,17.64,Yujin,0.6630486845970154,Yujin,[0.663],"[0.001, 0.663, 0.002, 0.004, 0.080, 0.007, 0.035]"
17.64,17.68,Yujin,0.7045422196388245,Yujin,[0.705],"[0.001, 0.705, 0.002, 0.005, 0.087, 0.008, 0.027]"
17.68,17.72,Yujin,0.7411485910415649,Yujin,[0.741],"[0.001, 0.741, 0.002, 0.005, 0.095, 0.008, 0.020]"
17.72,17.76,Yujin,0.7729085087776184,Yujin,[0.773],"[0.001, 0.773, 0.003, 0.006, 0.103, 0.009, 0.016]"
17.76,17.8,Yujin,0.8000851273536682,Yujin,[0.800],"[0.001, 0.800, 0.003, 0.006, 0.111, 0.010, 0.012]"
17.8,17.84,Yujin,0.823080837726593,Yujin,[0.823],"[0.001, 0.823, 0.003, 0.006, 0.119, 0.011, 0.010]"
17.84,17.88,Yujin,0.8423699736595154,Yujin,[0.842],"[0.001, 0.842, 0.003, 0.007, 0.127, 0.012, 0.008]"
17.88,17.92,Yujin,0.8584617376327515,Yujin,[0.858],"[0.001, 0.858, 0.003, 0.007, 0.135, 0.013, 0.006]"
17.92,17.96,Yujin,0.8718865513801575,Yujin,[0.872],"[0.001, 0.872, 0.003, 0.007, 0.142, 0.013, 0.005]"
17.96,18.0,Yujin,0.8831381797790527,Yujin,[0.883],"[0.002, 0.883, 0.003, 0.008, 0.149, 0.014, 0.004]"
18.0,18.04,Yujin,0.8926572203636169,Yujin,[0.893],"[0.002, 0.893, 0.003, 0.008, 0.155, 0.015, 0.004]"
18.04,18.08,Yujin,0.9008040428161621,Yujin,[0.901],"[0.002, 0.901, 0.003, 0.009, 0.160, 0.015, 0.003]"
18.08,18.12,Yujin,0.9078385829925537,Yujin,[0.908],"[0.002, 0.908, 0.003, 0.009, 0.164, 0.015, 0.003]"
18.12,18.16,Yujin,0.9139643311500549,Yujin,[0.914],"[0.003, 0.914, 0.003, 0.009, 0.167, 0.016, 0.002]"
18.16,18.2,Yujin,0.9193601608276367,Yujin,[0.919],"[0.003, 0.919, 0.004, 0.009, 0.168, 0.016, 0.002]"
18.2,18.24,Yujin,0.9241753816604614,Yujin,[0.924],"[0.003, 0.924, 0.004, 0.010, 0.168, 0.016, 0.002]"
18.24,18.28,Yujin,0.9285397529602051,Yujin,[0.929],"[0.004, 0.929, 0.004, 0.010, 0.167, 0.016, 0.002]"
18.28,18.32,Yujin,0.9325318336486816,Yujin,[0.933],"[0.004, 0.933, 0.004, 0.010, 0.165, 0.016, 0.001]"
18.32,18.36,Yujin,0.9361839294433594,Yujin,[0.936],"[0.005, 0.936, 0.004, 0.011, 0.162, 0.016, 0.001]"
18.36,18.4,Yujin,0.9395265579223633,Yujin,[0.940],"[0.006, 0.940, 0.004, 0.011, 0.158, 0.016, 0.001]"
18.4,18.44,Yujin,0.942588210105896,Yujin,[0.943],"[0.006, 0.943, 0.004, 0.011, 0.155, 0.015, 0.001]"
18.44,18.48,Yujin,0.9454044699668884,Yujin,[0.945],"[0.007, 0.945, 0.005, 0.012, 0.151, 0.015, 0.001]"
18.48,18.52,Yujin,0.9480054378509521,Yujin,[0.948],"[0.008, 0.948, 0.005, 0.012, 0.147, 0.015, 0.001]"
18.52,18.56,Yujin,0.9504061937332153,Yujin,[0.950],"[0.010, 0.950, 0.005, 0.013, 0.143, 0.015, 0.001]"
18.56,18.6,Yujin,0.9526155591011047,Yujin,[0.953],"[0.011, 0.953, 0.005, 0.013, 0.140, 0.015, 0.001]"
18.6,18.64,Yujin,0.9546482563018799,Yujin,[0.955],"[0.012, 0.955, 0.005, 0.013, 0.138, 0.014, 0.001]"
18.64,18.68,Yujin,0.9565111994743347,Yujin,[0.957],"[0.014, 0.957, 0.005, 0.014, 0.136, 0.014, 0.001]"
18.68,18.72,Yujin,0.9581952095031738,Yujin,[0.958],"[0.015, 0.958, 0.005, 0.014, 0.134, 0.014, 0.001]"
18.72,18.76,Yujin,0.9596822261810303,Yujin,[0.960],"[0.016, 0.960, 0.005, 0.015, 0.134, 0.013, 0.001]"
18.76,18.8,Yujin,0.9609582424163818,Yujin,[0.961],"[0.018, 0.961, 0.005, 0.015, 0.134, 0.013, 0.001]"
18.8,18.84,Yujin,0.9620197415351868,Yujin,[0.962],"[0.019, 0.962, 0.004, 0.016, 0.134, 0.013, 0.001]"
18.84,18.88,Yujin,0.9628691077232361,Yujin,[0.963],"[0.020, 0.963, 0.004, 0.016, 0.136, 0.012, 0.001]"
18.88,18.92,Yujin,0.9635098576545715,Yujin,[0.964],"[0.020, 0.964, 0.004, 0.017, 0.137, 0.012, 0.001]"
18.92,18.96,Yujin,0.9639473557472229,Yujin,[0.964],"[0.021, 0.964, 0.004, 0.017, 0.139, 0.011, 0.001]"
18.96,19.0,Yujin,0.9641892910003662,Yujin,[0.964],"[0.020, 0.964, 0.003, 0.018, 0.142, 0.011, 0.001]"
19.0,19.04,Yujin,0.9642461538314819,Yujin,[0.964],"[0.020, 0.964, 0.003, 0.018, 0.145, 0.011, 0.001]"
19.04,19.08,Yujin,0.9641249179840088,Yujin,[0.964],"[0.019, 0.964, 0.003, 0.019, 0.148, 0.010, 0.000]"
19.08,19.12,Yujin,0.9638255834579468,Yujin,[0.964],"[0.018, 0.964, 0.003, 0.019, 0.151, 0.010, 0.000]"
19.12,19.16,Yujin,0.9633495211601257,Yujin,[0.963],"[0.016, 0.963, 0.002, 0.019, 0.154, 0.009, 0.000]"
19.16,19.2,Yujin,0.9627041220664978,Yujin,[0.963],"[0.015, 0.963, 0.002, 0.020, 0.157, 0.009, 0.000]"
19.2,19.24,Yujin,0.9618912935256958,Yujin,[0.962],"[0.013, 0.962, 0.002, 0.020, 0.161, 0.009, 0.000]"
19.24,19.28,Yujin,0.9609114527702332,Yujin,[0.961],"[0.011, 0.961, 0.002, 0.021, 0.164, 0.009, 0.000]"
19.28,19.32,Yujin,0.9597563147544861,Yujin,[0.960],"[0.010, 0.960, 0.001, 0.021, 0.168, 0.009, 0.000]"
19.32,19.36,Yujin,0.9584193825721741,Yujin,[0.958],"[0.008, 0.958, 0.001, 0.021, 0.171, 0.008, 0.000]"
19.36,19.4,Yujin,0.9568952918052673,Yujin,[0.957],"[0.007, 0.957, 0.001, 0.022, 0.175, 0.008, 0.000]"
19.4,19.44,Yujin,0.9551952481269836,Yujin,[0.955],"[0.006, 0.955, 0.001, 0.022, 0.178, 0.008, 0.000]"
19.44,19.48,Yujin,0.9533169865608215,Yujin,[0.953],"[0.005, 0.953, 0.001, 0.022, 0.182, 0.008, 0.000]"
19.48,19.52,Yujin,0.951257586479187,Yujin,[0.951],"[0.004, 0.951, 0.001, 0.023, 0.185, 0.008, 0.000]"
19.52,19.56,Yujin,0.9490259885787964,Yujin,[0.949],"[0.003, 0.949, 0.001, 0.023, 0.189, 0.009, 0.000]"
19.56,19.6,Yujin,0.94664067029953,Yujin,[0.947],"[0.003, 0.947, 0.000, 0.023, 0.192, 0.009, 0.000]"
19.6,19.64,Yujin,0.9441360235214233,Yujin,[0.944],"[0.002, 0.944, 0.000, 0.024, 0.196, 0.009, 0.000]"
19.64,19.68,Yujin,0.9415518045425415,Yujin,[0.942],"[0.002, 0.942, 0.000, 0.024, 0.200, 0.009, 0.000]"
19.68,19.72,Yujin,0.9389354586601257,Yujin,[0.939],"[0.001, 0.939, 0.000, 0.025, 0.204, 0.009, 0.000]"
19.72,19.76,Yujin,0.9363389015197754,Yujin,[0.936],"[0.001, 0.936, 0.000, 0.025, 0.208, 0.009, 0.001]"
19.76,19.8,Yujin,0.9338228106498718,Yujin,[0.934],"[0.001, 0.934, 0.000, 0.026, 0.213, 0.009, 0.001]"
19.8,19.84,Yujin,0.9314504265785217,Yujin,[0.931],"[0.001, 0.931, 0.000, 0.027, 0.218, 0.009, 0.001]"
19.84,19.88,Yujin,0.9292974472045898,Yujin,[0.929],"[0.001, 0.929, 0.000, 0.028, 0.224, 0.009, 0.001]"
19.88,19.92,Yujin,0.927430272102356,Yujin,[0.927],"[0.001, 0.927, 0.000, 0.029, 0.231, 0.009, 0.001]"
19.92,19.96,Yujin,0.9258993268013,Yujin,[0.926],"[0.000, 0.926, 0.000, 0.030, 0.238, 0.009, 0.001]"
19.96,20.0,Yujin,0.9247268438339233,Yujin,[0.925],"[0.000, 0.925, 0.000, 0.032, 0.246, 0.009, 0.001]"
20.0,20.04,Yujin,0.9239096641540527,Yujin,[0.924],"[0.000, 0.924, 0.000, 0.033, 0.255, 0.009, 0.001]"
20.04,20.08,Yujin,0.9234300255775452,Yujin,[0.923],"[0.000, 0.923, 0.000, 0.035, 0.265, 0.009, 0.001]"
20.08,20.12,Yujin,0.9232636094093323,Yujin,[0.923],"[0.000, 0.923, 0.000, 0.036, 0.276, 0.008, 0.001]"
20.12,20.16,Yujin,0.9233676791191101,Yujin,[0.923],"[0.000, 0.923, 0.000, 0.038, 0.287, 0.008, 0.001]"
20.16,20.2,Yujin,0.9236923456192017,Yujin,[0.924],"[0.000, 0.924, 0.000, 0.040, 0.299, 0.007, 0.001]"
20.2,20.24,Yujin,0.9241856932640076,Yujin,[0.924],"[0.000, 0.924, 0.000, 0.042, 0.312, 0.007, 0.002]"
20.24,20.28,Yujin,0.9247990250587463,Yujin,[0.925],"[0.000, 0.925, 0.000, 0.045, 0.326, 0.006, 0.002]"
20.28,20.32,Yujin,0.925498366355896,Yujin,[0.925],"[0.000, 0.925, 0.000, 0.047, 0.339, 0.005, 0.002]"
20.32,20.36,Yujin,0.9262548685073853,Yujin,[0.926],"[0.000, 0.926, 0.000, 0.050, 0.352, 0.005, 0.002]"
20.36,20.4,Yujin,0.9270376563072205,Yujin,[0.927],"[0.000, 0.927, 0.000, 0.052, 0.364, 0.004, 0.003]"
20.4,20.44,Yujin,0.9278120994567871,Yujin,[0.928],"[0.000, 0.928, 0.000, 0.056, 0.374, 0.004, 0.003]"
20.44,20.48,Yujin,0.9285323023796082,Yujin,[0.929],"[0.000, 0.929, 0.000, 0.059, 0.382, 0.003, 0.003]"
20.48,20.52,Yujin,0.9291748404502869,Yujin,[0.929],"[0.000, 0.929, 0.000, 0.063, 0.388, 0.003, 0.004]"
20.52,20.56,Yujin,0.9297271966934204,Yujin,[0.930],"[0.000, 0.930, 0.000, 0.066, 0.392, 0.002, 0.004]"
20.56,20.6,Yujin,0.9301890730857849,Yujin,[0.930],"[0.000, 0.930, 0.000, 0.071, 0.392, 0.002, 0.005]"
20.6,20.64,Yujin,0.9305280447006226,Yujin,[0.931],"[0.000, 0.931, 0.000, 0.075, 0.389, 0.002, 0.005]"
20.64,20.68,Yujin,0.9307240843772888,Yujin,[0.931],"[0.000, 0.931, 0.000, 0.080, 0.384, 0.002, 0.006]"
20.68,20.72,Yujin,0.9307882189750671,Yujin,[0.931],"[0.000, 0.931, 0.000, 0.086, 0.376, 0.001, 0.006]"
20.72,20.76,Yujin,0.9307214021682739,Yujin,[0.931],"[0.000, 0.931, 0.000, 0.091, 0.366, 0.001, 0.006]"
20.76,20.8,Yujin,0.9305133819580078,Yujin,[0.931],"[0.000, 0.931, 0.000, 0.098, 0.353, 0.001, 0.007]"
20.8,20.84,Yujin,0.9301546216011047,Yujin,[0.930],"[0.000, 0.930, 0.000, 0.104, 0.338, 0.001, 0.007]"
20.84,20.88,Yujin,0.9296335577964783,Yujin,[0.930],"[0.000, 0.930, 0.000, 0.110, 0.322, 0.001, 0.007]"
20.88,20.92,Yujin,0.9289378523826599,Yujin,[0.929],"[0.000, 0.929, 0.000, 0.117, 0.305, 0.001, 0.008]"
20.92,20.96,Yujin,0.9280571937561035,Yujin,[0.928],"[0.000, 0.928, 0.000, 0.124, 0.286, 0.001, 0.008]"
20.96,21.0,Yujin,0.9269702434539795,Yujin,[0.927],"[0.000, 0.927, 0.000, 0.131, 0.268, 0.001, 0.008]"
21.0,21.04,Yujin,0.9256432056427002,Yujin,[0.926],"[0.000, 0.926, 0.000, 0.138, 0.249, 0.001, 0.008]"
21.04,21.08,Yujin,0.9240480661392212,Yujin,[0.924],"[0.000, 0.924, 0.000, 0.145, 0.230, 0.001, 0.008]"
21.08,21.12,Yujin,0.9221511483192444,Yujin,[0.922],"[0.000, 0.922, 0.000, 0.152, 0.212, 0.001, 0.008]"
21.12,21.16,Yujin,0.9199150800704956,Yujin,[0.920],"[0.000, 0.920, 0.000, 0.159, 0.196, 0.001, 0.007]"
21.16,21.2,Yujin,0.9172659516334534,Yujin,[0.917],"[0.000, 0.917, 0.000, 0.164, 0.180, 0.001, 0.007]"
21.2,21.24,Yujin,0.914167046546936,Yujin,[0.914],"[0.000, 0.914, 0.000, 0.170, 0.166, 0.001, 0.007]"
21.24,21.28,Yujin,0.9105764627456665,Yujin,[0.911],"[0.000, 0.911, 0.000, 0.174, 0.154, 0.001, 0.007]"
21.28,21.32,Yujin,0.9064256548881531,Yujin,[0.906],"[0.000, 0.906, 0.000, 0.177, 0.143, 0.001, 0.006]"
21.32,21.36,Yujin,0.9016163349151611,Yujin,[0.902],"[0.000, 0.902, 0.000, 0.179, 0.133, 0.001, 0.006]"
21.36,21.4,Yujin,0.8960028290748596,Yujin,[0.896],"[0.000, 0.896, 0.000, 0.179, 0.125, 0.001, 0.006]"
21.4,21.44,Yujin,0.8893718719482422,Yujin,[0.889],"[0.000, 0.889, 0.000, 0.178, 0.118, 0.001, 0.006]"
21.44,21.48,Yujin,0.8815261125564575,Yujin,[0.882],"[0.000, 0.882, 0.000, 0.175, 0.112, 0.001, 0.006]"
21.48,21.52,Yujin,0.872262179851532,Yujin,[0.872],"[0.000, 0.872, 0.000, 0.170, 0.107, 0.001, 0.006]"
21.52,21.56,Yujin,0.861359715461731,Yujin,[0.861],"[0.000, 0.861, 0.000, 0.163, 0.103, 0.001, 0.006]"
21.56,21.6,Yujin,0.848621666431427,Yujin,[0.849],"[0.000, 0.849, 0.000, 0.155, 0.101, 0.001, 0.006]"
21.6,21.64,Yujin,0.8338216543197632,Yujin,[0.834],"[0.000, 0.834, 0.000, 0.145, 0.100, 0.001, 0.007]"
21.64,21.68,Yujin,0.8167445063591003,Yujin,[0.817],"[0.000, 0.817, 0.000, 0.134, 0.099, 0.001, 0.007]"
21.68,21.72,Yujin,0.7972272634506226,Yujin,[0.797],"[0.000, 0.797, 0.000, 0.123, 0.099, 0.001, 0.008]"
21.72,21.76,Yujin,0.7751838564872742,Yujin,[0.775],"[0.000, 0.775, 0.000, 0.111, 0.101, 0.001, 0.008]"
21.76,21.8,Yujin,0.7506040334701538,Yujin,[0.751],"[0.000, 0.751, 0.000, 0.099, 0.103, 0.001, 0.009]"
21.8,21.84,Yujin,0.7236009240150452,Yujin,[0.724],"[0.000, 0.724, 0.000, 0.087, 0.106, 0.001, 0.011]"
21.84,21.88,Yujin,0.6944297552108765,Yujin,[0.694],"[0.000, 0.694, 0.000, 0.076, 0.110, 0.001, 0.012]"
21.88,21.92,Yujin,0.6634610891342163,Yujin,[0.663],"[0.000, 0.663, 0.000, 0.066, 0.115, 0.001, 0.014]"
21.92,21.96,Yujin,0.6310381889343262,Yujin,[0.631],"[0.000, 0.631, 0.000, 0.057, 0.122, 0.001, 0.016]"
21.96,22.0,Yujin,0.5975876450538635,Yujin,[0.598],"[0.000, 0.598, 0.001, 0.048, 0.129, 0.002, 0.019]"
22.0,22.04,Yujin,0.5635833740234375,,[],"[0.000, 0.564, 0.001, 0.041, 0.138, 0.002, 0.023]"
22.04,22.08,Yujin,0.5295357704162598,,[],"[0.000, 0.530, 0.001, 0.035, 0.148, 0.002, 0.027]"
22.08,22.12,Yujin,0.49596041440963745,,[],"[0.000, 0.496, 0.001, 0.030, 0.160, 0.002, 0.033]"
22.12,22.16,Yujin,0.4633433520793915,,[],"[0.000, 0.463, 0.001, 0.026, 0.173, 0.002, 0.040]"
22.16,22.2,Yujin,0.43208372592926025,,[],"[0.000, 0.432, 0.001, 0.022, 0.188, 0.002, 0.048]"
22.2,22.24,Yujin,0.40241771936416626,,[],"[0.000, 0.402, 0.002, 0.019, 0.204, 0.002, 0.058]"
22.24,22.28,Yujin,0.37443527579307556,,[],"[0.000, 0.374, 0.002, 0.017, 0.222, 0.002, 0.070]"
22.28,22.32,Yujin,0.3481772541999817,,[],"[0.000, 0.348, 0.002, 0.015, 0.241, 0.003, 0.085]"
22.32,22.36,Yujin,0.32368987798690796,,[],"[0.000, 0.324, 0.003, 0.013, 0.261, 0.003, 0.101]"
22.36,22.4,Yujin,0.30098581314086914,,[],"[0.001, 0.301, 0.003, 0.012, 0.282, 0.003, 0.121]"
22.4,22.44,Liz,0.3047260642051697,,[],"[0.001, 0.280, 0.004, 0.011, 0.305, 0.003, 0.143]"
22.44,22.48,Liz,0.3275235593318939,,[],"[0.001, 0.261, 0.004, 0.010, 0.328, 0.003, 0.168]"
22.48,22.52,Liz,0.35029903054237366,,[],"[0.001, 0.243, 0.005, 0.009, 0.350, 0.003, 0.196]"
22.52,22.56,Liz,0.3725644052028656,,[],"[0.001, 0.228, 0.006, 0.008, 0.373, 0.003, 0.226]"
22.56,22.6,Liz,0.3938138484954834,,[],"[0.001, 0.214, 0.006, 0.008, 0.394, 0.003, 0.259]"
22.6,22.64,Liz,0.4134431779384613,,[],"[0.001, 0.201, 0.007, 0.007, 0.413, 0.003, 0.293]"
22.64,22.68,Liz,0.4308650493621826,,[],"[0.001, 0.190, 0.008, 0.007, 0.431, 0.003, 0.328]"
22.68,22.72,Liz,0.44553956389427185,,[],"[0.001, 0.181, 0.008, 0.007, 0.446, 0.003, 0.363]"
22.72,22.76,Liz,0.45699483156204224,,[],"[0.001, 0.173, 0.009, 0.006, 0.457, 0.003, 0.398]"
22.76,22.8,Liz,0.4648776650428772,,[],"[0.001, 0.167, 0.009, 0.006, 0.465, 0.003, 0.432]"
22.8,22.84,Liz,0.46898242831230164,,[],"[0.001, 0.163, 0.009, 0.006, 0.469, 0.003, 0.464]"
22.84,22.88,silence,0.493729829788208,,[],"[0.001, 0.159, 0.009, 0.006, 0.469, 0.003, 0.494]"
22.88,22.92,silence,0.5208669900894165,,[],"[0.001, 0.157, 0.009, 0.006, 0.465, 0.003, 0.521]"
22.92,22.96,silence,0.5450262427330017,,[],"[0.001, 0.155, 0.009, 0.006, 0.458, 0.003, 0.545]"
22.96,23.0,silence,0.5659643411636353,,[],"[0.002, 0.155, 0.009, 0.006, 0.446, 0.003, 0.566]"
23.0,23.04,silence,0.5835487842559814,,[],"[0.002, 0.156, 0.008, 0.006, 0.432, 0.003, 0.584]"
23.04,23.08,silence,0.5977471470832825,,[],"[0.002, 0.157, 0.008, 0.006, 0.413, 0.003, 0.598]"
23.08,23.12,silence,0.6084586977958679,,[],"[0.002, 0.159, 0.008, 0.007, 0.391, 0.003, 0.608]"
23.12,23.16,silence,0.6155111193656921,,[],"[0.002, 0.161, 0.007, 0.007, 0.367, 0.003, 0.616]"
23.16,23.2,silence,0.6187481880187988,,[],"[0.002, 0.165, 0.007, 0.007, 0.340, 0.003, 0.619]"
23.2,23.24,silence,0.6179267168045044,,[],"[0.002, 0.169, 0.006, 0.007, 0.311, 0.003, 0.618]"
23.24,23.28,silence,0.6127450466156006,,[],"[0.002, 0.174, 0.006, 0.007, 0.282, 0.003, 0.613]"
23.28,23.32,silence,0.6028798222541809,,[],"[0.002, 0.180, 0.005, 0.008, 0.252, 0.003, 0.603]"
23.32,23.36,silence,0.5880123376846313,,[],"[0.003, 0.187, 0.005, 0.008, 0.223, 0.003, 0.588]"
23.36,23.4,silence,0.5678187012672424,,[],"[0.003, 0.195, 0.004, 0.008, 0.196, 0.003, 0.568]"
23.4,23.44,silence,0.5420430898666382,,[],"[0.003, 0.204, 0.004, 0.008, 0.171, 0.003, 0.542]"
23.44,23.48,silence,0.5106068253517151,,[],"[0.003, 0.216, 0.004, 0.009, 0.148, 0.003, 0.511]"
23.48,23.52,silence,0.47371628880500793,,[],"[0.003, 0.229, 0.003, 0.009, 0.128, 0.003, 0.474]"
23.52,23.56,silence,0.4319394826889038,,[],"[0.004, 0.245, 0.003, 0.010, 0.111, 0.003, 0.432]"
23.56,23.6,silence,0.3863188624382019,,[],"[0.004, 0.264, 0.003, 0.010, 0.096, 0.003, 0.386]"
23.6,23.64,silence,0.33838021755218506,,[],"[0.004, 0.286, 0.002, 0.011, 0.083, 0.003, 0.338]"
23.64,23.68,Yujin,0.3106268644332886,,[],"[0.005, 0.311, 0.002, 0.011, 0.073, 0.003, 0.290]"
23.68,23.72,Yujin,0.3391094207763672,,[],"[0.005, 0.339, 0.002, 0.012, 0.064, 0.003, 0.243]"
23.72,23.76,Yujin,0.3710325360298157,,[],"[0.005, 0.371, 0.001, 0.012, 0.057, 0.003, 0.199]"
23.76,23.8,Yujin,0.4062483012676239,,[],"[0.005, 0.406, 0.001, 0.013, 0.052, 0.003, 0.160]"
23.8,23.84,Yujin,0.44437944889068604,,[],"[0.006, 0.444, 0.001, 0.013, 0.048, 0.003, 0.126]"
23.84,23.88,Yujin,0.48474323749542236,,[],"[0.006, 0.485, 0.001, 0.014, 0.044, 0.003, 0.098]"
23.88,23.92,Yujin,0.5264346599578857,,[],"[0.006, 0.526, 0.001, 0.014, 0.042, 0.003, 0.075]"
23.92,23.96,Yujin,0.5685619115829468,,[],"[0.006, 0.569, 0.001, 0.015, 0.040, 0.003, 0.057]"
23.96,24.0,Yujin,0.6102446913719177,,[],"[0.006, 0.610, 0.001, 0.015, 0.039, 0.003, 0.043]"
24.0,24.04,Yujin,0.6506615281105042,Yujin,[0.651],"[0.006, 0.651, 0.001, 0.016, 0.038, 0.003, 0.033]"
24.04,24.08,Yujin,0.6891093254089355,Yujin,[0.689],"[0.006, 0.689, 0.000, 0.016, 0.038, 0.003, 0.025]"
24.08,24.12,Yujin,0.7250140309333801,Yujin,[0.725],"[0.006, 0.725, 0.000, 0.017, 0.038, 0.004, 0.019]"
24.12,24.16,Yujin,0.7579866647720337,Yujin,[0.758],"[0.006, 0.758, 0.000, 0.017, 0.039, 0.004, 0.014]"
24.16,24.2,Yujin,0.7878398299217224,Yujin,[0.788],"[0.006, 0.788, 0.000, 0.017, 0.041, 0.004, 0.011]"
24.2,24.24,Yujin,0.814581573009491,Yujin,[0.815],"[0.006, 0.815, 0.000, 0.018, 0.043, 0.004, 0.009]"
24.24,24.28,Yujin,0.8383016586303711,Yujin,[0.838],"[0.005, 0.838, 0.000, 0.018, 0.045, 0.004, 0.007]"
24.28,24.32,Yujin,0.8590999245643616,Yujin,[0.859],"[0.005, 0.859, 0.000, 0.018, 0.048, 0.004, 0.006]"
24.32,24.36,Yujin,0.87712162733078,Yujin,[0.877],"[0.005, 0.877, 0.000, 0.019, 0.051, 0.005, 0.005]"
24.36,24.4,Yujin,0.8925910592079163,Yujin,[0.893],"[0.005, 0.893, 0.000, 0.019, 0.055, 0.005, 0.004]"
24.4,24.44,Yujin,0.905766487121582,Yujin,[0.906],"[0.004, 0.906, 0.000, 0.020, 0.059, 0.005, 0.003]"
24.44,24.48,Yujin,0.9169074892997742,Yujin,[0.917],"[0.004, 0.917, 0.000, 0.021, 0.064, 0.006, 0.003]"
24.48,24.52,Yujin,0.9262404441833496,Yujin,[0.926],"[0.004, 0.926, 0.000, 0.022, 0.070, 0.006, 0.002]"
24.52,24.56,Yujin,0.9339783787727356,Yujin,[0.934],"[0.004, 0.934, 0.000, 0.023, 0.075, 0.006, 0.002]"
24.56,24.6,Yujin,0.9403197169303894,Yujin,[0.940],"[0.003, 0.940, 0.000, 0.024, 0.081, 0.007, 0.002]"
24.6,24.64,Yujin,0.9454421997070312,Yujin,[0.945],"[0.003, 0.945, 0.000, 0.026, 0.088, 0.007, 0.002]"
24.64,24.68,Yujin,0.9494930505752563,Yujin,[0.949],"[0.003, 0.949, 0.000, 0.028, 0.094, 0.007, 0.002]"
24.68,24.72,Yujin,0.9525958895683289,Yujin,[0.953],"[0.003, 0.953, 0.000, 0.031, 0.100, 0.008, 0.002]"
24.72,24.76,Yujin,0.9548549652099609,Yujin,[0.955],"[0.003, 0.955, 0.000, 0.034, 0.106, 0.008, 0.001]"
24.76,24.8,Yujin,0.9563583135604858,Yujin,[0.956],"[0.003, 0.956, 0.000, 0.038, 0.111, 0.009, 0.001]"
24.8,24.84,Yujin,0.9571762084960938,Yujin,[0.957],"[0.003, 0.957, 0.000, 0.042, 0.116, 0.009, 0.001]"
24.84,24.88,Yujin,0.9573636651039124,Yujin,[0.957],"[0.003, 0.957, 0.000, 0.047, 0.121, 0.010, 0.001]"
24.88,24.92,Yujin,0.956951916217804,Yujin,[0.957],"[0.003, 0.957, 0.000, 0.053, 0.124, 0.011, 0.001]"
24.92,24.96,Yujin,0.9559537768363953,Yujin,[0.956],"[0.003, 0.956, 0.000, 0.060, 0.127, 0.011, 0.001]"
24.96,25.0,Yujin,0.9543642401695251,Yujin,[0.954],"[0.003, 0.954, 0.000, 0.068, 0.128, 0.013, 0.001]"
25.0,25.04,Yujin,0.952159583568573,Yujin,[0.952],"[0.003, 0.952, 0.000, 0.077, 0.129, 0.014, 0.001]"
25.04,25.08,Yujin,0.9492976069450378,Yujin,[0.949],"[0.003, 0.949, 0.000, 0.086, 0.128, 0.015, 0.001]"
25.08,25.12,Yujin,0.9457072019577026,Yujin,[0.946],"[0.003, 0.946, 0.000, 0.097, 0.126, 0.017, 0.002]"
25.12,25.16,Yujin,0.9412855505943298,Yujin,[0.941],"[0.003, 0.941, 0.000, 0.108, 0.124, 0.020, 0.002]"
25.16,25.2,Yujin,0.9359084963798523,Yujin,[0.936],"[0.003, 0.936, 0.000, 0.120, 0.120, 0.023, 0.002]"
25.2,25.24,Yujin,0.9294446706771851,Yujin,[0.929],"[0.003, 0.929, 0.000, 0.133, 0.115, 0.027, 0.002]"
25.24,25.28,Yujin,0.9217581152915955,Yujin,[0.922],"[0.003, 0.922, 0.000, 0.146, 0.110, 0.033, 0.002]"
25.28,25.32,Yujin,0.912696361541748,Yujin,[0.913],"[0.003, 0.913, 0.000, 0.160, 0.104, 0.040, 0.002]"
25.32,25.36,Yujin,0.9021085500717163,Yujin,[0.902],"[0.003, 0.902, 0.000, 0.173, 0.098, 0.049, 0.002]"
25.36,25.4,Yujin,0.8898271918296814,Yujin,[0.890],"[0.003, 0.890, 0.000, 0.187, 0.092, 0.062, 0.002]"
25.4,25.44,Yujin,0.8756848573684692,Yujin,[0.876],"[0.003, 0.876, 0.000, 0.201, 0.085, 0.079, 0.002]"
25.44,25.48,Yujin,0.8594789505004883,Yujin,[0.859],"[0.003, 0.859, 0.000, 0.214, 0.079, 0.102, 0.003]"
25.48,25.52,Yujin,0.8409438133239746,Yujin,[0.841],"[0.003, 0.841, 0.000, 0.227, 0.072, 0.132, 0.003]"
25.52,25.56,Yujin,0.819749653339386,Yujin,[0.820],"[0.003, 0.820, 0.000, 0.240, 0.067, 0.171, 0.003]"
25.56,25.6,Yujin,0.7955456376075745,Yujin,[0.796],"[0.003, 0.796, 0.000, 0.251, 0.061, 0.222, 0.003]"
25.6,25.64,Yujin,0.7679522633552551,Yujin,[0.768],"[0.003, 0.768, 0.000, 0.262, 0.056, 0.285, 0.003]"
25.64,25.68,Yujin,0.7365456819534302,Yujin,[0.737],"[0.003, 0.737, 0.000, 0.272, 0.051, 0.360, 0.003]"
25.68,25.72,Yujin,0.7009442448616028,Yujin,[0.701],"[0.003, 0.701, 0.000, 0.281, 0.047, 0.444, 0.004]"
25.72,25.76,Yujin,0.6608453392982483,Yujin,[0.661],"[0.003, 0.661, 0.000, 0.289, 0.044, 0.533, 0.004]"
25.76,25.8,Leeseo,0.6211093664169312,Yujin|Leeseo,"[0.616, 0.621]","[0.003, 0.616, 0.001, 0.296, 0.041, 0.621, 0.004]"
25.8,25.84,Leeseo,0.7025940418243408,Leeseo,[0.703],"[0.003, 0.567, 0.001, 0.301, 0.038, 0.703, 0.004]"
25.84,25.88,Leeseo,0.7731755971908569,Leeseo,[0.773],"[0.003, 0.514, 0.001, 0.306, 0.036, 0.773, 0.004]"
25.88,25.92,Leeseo,0.8309099674224854,Leeseo,[0.831],"[0.003, 0.457, 0.001, 0.310, 0.034, 0.831, 0.005]"
25.92,25.96,Leeseo,0.8759492635726929,Leeseo,[0.876],"[0.003, 0.399, 0.001, 0.313, 0.033, 0.876, 0.005]"
25.96,26.0,Leeseo,0.9098424315452576,Leeseo,[0.910],"[0.003, 0.341, 0.001, 0.316, 0.032, 0.910, 0.005]"
26.0,26.04,Leeseo,0.9347057938575745,Leeseo,[0.935],"[0.003, 0.285, 0.001, 0.318, 0.031, 0.935, 0.005]"
26.04,26.08,Leeseo,0.9526489973068237,Leeseo,[0.953],"[0.003, 0.233, 0.001, 0.319, 0.031, 0.953, 0.005]"
26.08,26.12,Leeseo,0.9654830098152161,Leeseo,[0.965],"[0.003, 0.186, 0.001, 0.319, 0.030, 0.965, 0.005]"
26.12,26.16,Leeseo,0.9746332764625549,Leeseo,[0.975],"[0.004, 0.145, 0.002, 0.318, 0.031, 0.975, 0.005]"
26.16,26.2,Leeseo,0.9811625480651855,Leeseo,[0.981],"[0.004, 0.111, 0.002, 0.316, 0.031, 0.981, 0.005]"
26.2,26.24,Leeseo,0.9858435988426208,Leeseo,[0.986],"[0.004, 0.083, 0.002, 0.313, 0.032, 0.986, 0.005]"
26.24,26.28,Leeseo,0.9892216920852661,Leeseo,[0.989],"[0.004, 0.062, 0.002, 0.308, 0.033, 0.989, 0.005]"
26.28,26.32,Leeseo,0.9916772842407227,Leeseo,[0.992],"[0.004, 0.045, 0.002, 0.302, 0.034, 0.992, 0.005]"
26.32,26.36,Leeseo,0.9934770464897156,Leeseo,[0.993],"[0.004, 0.033, 0.002, 0.295, 0.035, 0.993, 0.005]"
26.36,26.4,Leeseo,0.9948075413703918,Leeseo,[0.995],"[0.005, 0.024, 0.003, 0.285, 0.037, 0.995, 0.005]"
26.4,26.44,Leeseo,0.9958006739616394,Leeseo,[0.996],"[0.005, 0.017, 0.003, 0.275, 0.039, 0.996, 0.005]"
26.44,26.48,Leeseo,0.9965488314628601,Leeseo,[0.997],"[0.005, 0.012, 0.003, 0.263, 0.042, 0.997, 0.005]"
26.48,26.52,Leeseo,0.997117280960083,Leeseo,[0.997],"[0.005, 0.009, 0.003, 0.250, 0.044, 0.997, 0.005]"
26.52,26.56,Leeseo,0.9975530505180359,Leeseo,[0.998],"[0.005, 0.006, 0.004, 0.236, 0.047, 0.998, 0.005]"
26.56,26.6,Leeseo,0.9978894591331482,Leeseo,[0.998],"[0.005, 0.005, 0.004, 0.222, 0.050, 0.998, 0.005]"
26.6,26.64,Leeseo,0.9981504082679749,Leeseo,[0.998],"[0.005, 0.003, 0.004, 0.208, 0.053, 0.998, 0.005]"
26.64,26.68,Leeseo,0.9983541965484619,Leeseo,[0.998],"[0.005, 0.003, 0.004, 0.193, 0.056, 0.998, 0.005]"
26.68,26.72,Leeseo,0.9985137581825256,Leeseo,[0.999],"[0.004, 0.002, 0.004, 0.179, 0.059, 0.999, 0.005]"
26.72,26.76,Leeseo,0.9986392855644226,Leeseo,[0.999],"[0.004, 0.002, 0.004, 0.165, 0.062, 0.999, 0.005]"
26.76,26.8,Leeseo,0.9987382292747498,Leeseo,[0.999],"[0.004, 0.001, 0.005, 0.153, 0.066, 0.999, 0.005]"
26.8,26.84,Leeseo,0.9988158941268921,Leeseo,[0.999],"[0.004, 0.001, 0.005, 0.141, 0.069, 0.999, 0.005]"
26.84,26.88,Leeseo,0.99887615442276,Leeseo,[0.999],"[0.003, 0.001, 0.005, 0.130, 0.072, 0.999, 0.005]"
26.88,26.92,Leeseo,0.9989217519760132,Leeseo,[0.999],"[0.003, 0.001, 0.005, 0.120, 0.074, 0.999, 0.005]"
26.92,26.96,Leeseo,0.9989544153213501,Leeseo,[0.999],"[0.003, 0.001, 0.005, 0.111, 0.076, 0.999, 0.005]"
26.96,27.0,Leeseo,0.998975396156311,Leeseo,[0.999],"[0.002, 0.000, 0.006, 0.103, 0.078, 0.999, 0.005]"
27.0,27.04,Leeseo,0.9989848732948303,Leeseo,[0.999],"[0.002, 0.000, 0.006, 0.096, 0.079, 0.999, 0.006]"
27.04,27.08,Leeseo,0.998982846736908,Leeseo,[0.999],"[0.002, 0.000, 0.006, 0.090, 0.079, 0.999, 0.006]"
27.08,27.12,Leeseo,0.9989690780639648,Leeseo,[0.999],"[0.002, 0.000, 0.006, 0.084, 0.079, 0.999, 0.006]"
27.12,27.16,Leeseo,0.9989424347877502,Leeseo,[0.999],"[0.002, 0.000, 0.007, 0.080, 0.079, 0.999, 0.006]"
27.16,27.2,Leeseo,0.9989023208618164,Leeseo,[0.999],"[0.001, 0.000, 0.007, 0.076, 0.078, 0.999, 0.006]"
27.2,27.24,Leeseo,0.9988473653793335,Leeseo,[0.999],"[0.001, 0.000, 0.007, 0.073, 0.076, 0.999, 0.006]"
27.24,27.28,Leeseo,0.9987764954566956,Leeseo,[0.999],"[0.001, 0.000, 0.008, 0.071, 0.074, 0.999, 0.007]"
27.28,27.32,Leeseo,0.9986879229545593,Leeseo,[0.999],"[0.001, 0.000, 0.008, 0.069, 0.072, 0.999, 0.007]"
27.32,27.36,Leeseo,0.9985791444778442,Leeseo,[0.999],"[0.001, 0.000, 0.008, 0.067, 0.070, 0.999, 0.007]"
27.36,27.4,Leeseo,0.9984473586082458,Leeseo,[0.998],"[0.001, 0.000, 0.009, 0.066, 0.067, 0.998, 0.007]"
27.4,27.44,Leeseo,0.9982892870903015,Leeseo,[0.998],"[0.001, 0.000, 0.009, 0.065, 0.065, 0.998, 0.008]"
27.44,27.48,Leeseo,0.9981009364128113,Leeseo,[0.998],"[0.001, 0.000, 0.010, 0.064, 0.062, 0.998, 0.008]"
27.48,27.52,Leeseo,0.9978777170181274,Leeseo,[0.998],"[0.001, 0.000, 0.011, 0.064, 0.059, 0.998, 0.008]"
27.52,27.56,Leeseo,0.9976130723953247,Leeseo,[0.998],"[0.001, 0.000, 0.011, 0.063, 0.057, 0.998, 0.008]"
27.56,27.6,Leeseo,0.9972997307777405,Leeseo,[0.997],"[0.001, 0.000, 0.012, 0.063, 0.054, 0.997, 0.008]"
27.6,27.64,Leeseo,0.9969297051429749,Leeseo,[0.997],"[0.001, 0.000, 0.013, 0.063, 0.052, 0.997, 0.009]"
27.64,27.68,Leeseo,0.9964928030967712,Leeseo,[0.996],"[0.001, 0.000, 0.014, 0.062, 0.049, 0.996, 0.009]"
27.68,27.72,Leeseo,0.9959767460823059,Leeseo,[0.996],"[0.001, 0.000, 0.014, 0.062, 0.047, 0.996, 0.009]"
27.72,27.76,Leeseo,0.9953676462173462,Leeseo,[0.995],"[0.001, 0.000, 0.015, 0.062, 0.045, 0.995, 0.009]"
27.76,27.8,Leeseo,0.9946500658988953,Leeseo,[0.995],"[0.001, 0.000, 0.016, 0.062, 0.043, 0.995, 0.009]"
27.8,27.84,Leeseo,0.9938071370124817,Leeseo,[0.994],"[0.001, 0.000, 0.017, 0.062, 0.041, 0.994, 0.009]"
27.84,27.88,Leeseo,0.9928216338157654,Leeseo,[0.993],"[0.001, 0.000, 0.018, 0.063, 0.039, 0.993, 0.009]"
27.88,27.92,Leeseo,0.991675615310669,Leeseo,[0.992],"[0.001, 0.000, 0.020, 0.063, 0.037, 0.992, 0.009]"
27.92,27.96,Leeseo,0.9903535842895508,Leeseo,[0.990],"[0.001, 0.001, 0.021, 0.063, 0.036, 0.990, 0.009]"
27.96,28.0,Leeseo,0.9888400435447693,Leeseo,[0.989],"[0.001, 0.001, 0.022, 0.063, 0.034, 0.989, 0.009]"
28.0,28.04,Leeseo,0.9871218800544739,Leeseo,[0.987],"[0.001, 0.001, 0.023, 0.063, 0.033, 0.987, 0.009]"
28.04,28.08,Leeseo,0.9851894974708557,Leeseo,[0.985],"[0.001, 0.001, 0.025, 0.063, 0.032, 0.985, 0.009]"
28.08,28.12,Leeseo,0.9830363392829895,Leeseo,[0.983],"[0.001, 0.001, 0.026, 0.063, 0.030, 0.983, 0.009]"
28.12,28.16,Leeseo,0.9806594252586365,Leeseo,[0.981],"[0.001, 0.001, 0.028, 0.063, 0.029, 0.981, 0.009]"
28.16,28.2,Leeseo,0.9780566692352295,Leeseo,[0.978],"[0.001, 0.001, 0.030, 0.063, 0.029, 0.978, 0.008]"
28.2,28.24,Leeseo,0.9752295017242432,Leeseo,[0.975],"[0.001, 0.001, 0.032, 0.063, 0.028, 0.975, 0.008]"
28.24,28.28,Leeseo,0.9721910953521729,Leeseo,[0.972],"[0.002, 0.001, 0.034, 0.063, 0.027, 0.972, 0.008]"
28.28,28.32,Leeseo,0.9689608216285706,Leeseo,[0.969],"[0.002, 0.001, 0.037, 0.064, 0.026, 0.969, 0.008]"
28.32,28.36,Leeseo,0.9655625820159912,Leeseo,[0.966],"[0.002, 0.001, 0.040, 0.064, 0.026, 0.966, 0.008]"
28.36,28.4,Leeseo,0.9620276689529419,Leeseo,[0.962],"[0.002, 0.001, 0.043, 0.065, 0.025, 0.962, 0.007]"
28.4,28.44,Leeseo,0.9583846926689148,Leeseo,[0.958],"[0.002, 0.001, 0.047, 0.066, 0.024, 0.958, 0.007]"
28.44,28.48,Leeseo,0.9546721577644348,Leeseo,[0.955],"[0.002, 0.002, 0.052, 0.068, 0.024, 0.955, 0.007]"
28.48,28.52,Leeseo,0.9509366750717163,Leeseo,[0.951],"[0.002, 0.002, 0.058, 0.070, 0.023, 0.951, 0.007]"
28.52,28.56,Leeseo,0.9472252726554871,Leeseo,[0.947],"[0.002, 0.002, 0.064, 0.072, 0.023, 0.947, 0.007]"
28.56,28.6,Leeseo,0.9435869455337524,Leeseo,[0.944],"[0.002, 0.002, 0.072, 0.075, 0.022, 0.944, 0.006]"
28.6,28.64,Leeseo,0.9400723576545715,Leeseo,[0.940],"[0.002, 0.002, 0.081, 0.078, 0.022, 0.940, 0.006]"
28.64,28.68,Leeseo,0.936728298664093,Leeseo,[0.937],"[0.002, 0.002, 0.092, 0.081, 0.021, 0.937, 0.006]"
28.68,28.72,Leeseo,0.933588445186615,Leeseo,[0.934],"[0.002, 0.002, 0.105, 0.085, 0.021, 0.934, 0.006]"
28.72,28.76,Leeseo,0.9306642413139343,Leeseo,[0.931],"[0.002, 0.002, 0.119, 0.089, 0.020, 0.931, 0.006]"
28.76,28.8,Leeseo,0.9279412031173706,Leeseo,[0.928],"[0.002, 0.002, 0.135, 0.094, 0.020, 0.928, 0.006]"
28.8,28.84,Leeseo,0.9253895282745361,Leeseo,[0.925],"[0.003, 0.002, 0.153, 0.100, 0.019, 0.925, 0.005]"
28.84,28.88,Leeseo,0.9229703545570374,Leeseo,[0.923],"[0.003, 0.003, 0.174, 0.106, 0.018, 0.923, 0.005]"
28.88,28.92,Leeseo,0.9206399321556091,Leeseo,[0.921],"[0.003, 0.003, 0.196, 0.113, 0.018, 0.921, 0.005]"
28.92,28.96,Leeseo,0.9183470606803894,Leeseo,[0.918],"[0.004, 0.003, 0.220, 0.120, 0.017, 0.918, 0.005]"
28.96,29.0,Leeseo,0.9160501956939697,Leeseo,[0.916],"[0.004, 0.003, 0.246, 0.128, 0.016, 0.916, 0.005]"
29.0,29.04,Leeseo,0.9137371778488159,Leeseo,[0.914],"[0.005, 0.003, 0.273, 0.136, 0.015, 0.914, 0.005]"
29.04,29.08,Leeseo,0.9113867878913879,Leeseo,[0.911],"[0.005, 0.003, 0.300, 0.145, 0.014, 0.911, 0.005]"
29.08,29.12,Leeseo,0.9089755415916443,Leeseo,[0.909],"[0.006, 0.003, 0.328, 0.156, 0.013, 0.909, 0.005]"
29.12,29.16,Leeseo,0.906500518321991,Leeseo,[0.907],"[0.008, 0.003, 0.355, 0.166, 0.012, 0.907, 0.004]"
29.16,29.2,Leeseo,0.9039539098739624,Leeseo,[0.904],"[0.009, 0.003, 0.381, 0.178, 0.011, 0.904, 0.004]"
29.2,29.24,Leeseo,0.9013358354568481,Leeseo,[0.901],"[0.011, 0.004, 0.406, 0.190, 0.010, 0.901, 0.004]"
29.24,29.28,Leeseo,0.898674726486206,Leeseo,[0.899],"[0.013, 0.004, 0.429, 0.203, 0.009, 0.899, 0.004]"
29.28,29.32,Leeseo,0.8959881067276001,Leeseo,[0.896],"[0.016, 0.004, 0.450, 0.216, 0.009, 0.896, 0.004]"
29.32,29.36,Leeseo,0.8933074474334717,Leeseo,[0.893],"[0.019, 0.004, 0.469, 0.229, 0.008, 0.893, 0.004]"
29.36,29.4,Leeseo,0.8906728625297546,Leeseo,[0.891],"[0.022, 0.004, 0.485, 0.242, 0.007, 0.891, 0.004]"
29.4,29.44,Leeseo,0.8881694674491882,Leeseo,[0.888],"[0.026, 0.004, 0.498, 0.256, 0.007, 0.888, 0.004]"
29.44,29.48,Leeseo,0.8858915567398071,Leeseo,[0.886],"[0.029, 0.004, 0.508, 0.269, 0.006, 0.886, 0.004]"
29.48,29.52,Leeseo,0.8839880228042603,Leeseo,[0.884],"[0.033, 0.004, 0.514, 0.281, 0.006, 0.884, 0.003]"
29.52,29.56,Leeseo,0.8826528191566467,Leeseo,[0.883],"[0.037, 0.004, 0.517, 0.293, 0.005, 0.883, 0.003]"
29.56,29.6,Leeseo,0.8820690512657166,Leeseo,[0.882],"[0.041, 0.004, 0.516, 0.303, 0.005, 0.882, 0.003]"
29.6,29.64,Leeseo,0.8823972940444946,Leeseo,[0.882],"[0.044, 0.004, 0.512, 0.312, 0.005, 0.882, 0.003]"
29.64,29.68,Leeseo,0.8837432861328125,Leeseo,[0.884],"[0.046, 0.004, 0.504, 0.319, 0.004, 0.884, 0.003]"
29.68,29.72,Leeseo,0.8861730694770813,Leeseo,[0.886],"[0.048, 0.004, 0.492, 0.325, 0.004, 0.886, 0.003]"
29.72,29.76,Leeseo,0.8896951079368591,Leeseo,[0.890],"[0.049, 0.004, 0.476, 0.328, 0.004, 0.890, 0.003]"
29.76,29.8,Leeseo,0.8942367434501648,Leeseo,[0.894],"[0.049, 0.004, 0.456, 0.329, 0.004, 0.894, 0.003]"
29.8,29.84,Leeseo,0.8996527791023254,Leeseo,[0.900],"[0.048, 0.004, 0.433, 0.328, 0.004, 0.900, 0.003]"
29.84,29.88,Leeseo,0.9057621955871582,Leeseo,[0.906],"[0.046, 0.004, 0.408, 0.324, 0.004, 0.906, 0.003]"
29.88,29.92,Leeseo,0.9123530983924866,Leeseo,[0.912],"[0.044, 0.004, 0.380, 0.319, 0.004, 0.912, 0.003]"
29.92,29.96,Leeseo,0.9192058444023132,Leeseo,[0.919],"[0.042, 0.004, 0.350, 0.312, 0.004, 0.919, 0.003]"
29.96,30.0,Leeseo,0.9261185526847839,Leeseo,[0.926],"[0.039, 0.004, 0.319, 0.304, 0.004, 0.926, 0.003]"
30.0,30.04,Leeseo,0.9328955411911011,Leeseo,[0.933],"[0.036, 0.004, 0.288, 0.294, 0.004, 0.933, 0.003]"
30.04,30.08,Leeseo,0.9393715858459473,Leeseo,[0.939],"[0.033, 0.004, 0.257, 0.283, 0.004, 0.939, 0.003]"
30.08,30.12,Leeseo,0.9454237818717957,Leeseo,[0.945],"[0.030, 0.003, 0.227, 0.272, 0.004, 0.945, 0.004]"
30.12,30.16,Leeseo,0.9509685635566711,Leeseo,[0.951],"[0.027, 0.003, 0.199, 0.260, 0.005, 0.951, 0.004]"
30.16,30.2,Leeseo,0.955966591835022,Leeseo,[0.956],"[0.024, 0.003, 0.173, 0.248, 0.005, 0.956, 0.004]"
30.2,30.24,Leeseo,0.9603951573371887,Leeseo,[0.960],"[0.022, 0.003, 0.149, 0.236, 0.005, 0.960, 0.004]"
30.24,30.28,Leeseo,0.9642533659934998,Leeseo,[0.964],"[0.019, 0.003, 0.127, 0.225, 0.006, 0.964, 0.004]"
30.28,30.32,Leeseo,0.9675763249397278,Leeseo,[0.968],"[0.017, 0.003, 0.107, 0.213, 0.007, 0.968, 0.005]"
30.32,30.36,Leeseo,0.9704106450080872,Leeseo,[0.970],"[0.016, 0.002, 0.090, 0.202, 0.007, 0.970, 0.005]"
30.36,30.4,Leeseo,0.972807765007019,Leeseo,[0.973],"[0.014, 0.002, 0.076, 0.192, 0.008, 0.973, 0.006]"
30.4,30.44,Leeseo,0.974818229675293,Leeseo,[0.975],"[0.013, 0.002, 0.063, 0.182, 0.009, 0.975, 0.006]"
30.44,30.48,Leeseo,0.9764833450317383,Leeseo,[0.976],"[0.012, 0.002, 0.052, 0.172, 0.010, 0.976, 0.007]"
30.48,30.52,Leeseo,0.977837860584259,Leeseo,[0.978],"[0.011, 0.002, 0.044, 0.163, 0.012, 0.978, 0.007]"
30.52,30.56,Leeseo,0.9789122939109802,Leeseo,[0.979],"[0.010, 0.002, 0.036, 0.155, 0.013, 0.979, 0.008]"
30.56,30.6,Leeseo,0.9797354936599731,Leeseo,[0.980],"[0.010, 0.002, 0.030, 0.146, 0.015, 0.980, 0.008]"
30.6,30.64,Leeseo,0.9803255200386047,Leeseo,[0.980],"[0.009, 0.002, 0.025, 0.139, 0.017, 0.980, 0.009]"
30.64,30.68,Leeseo,0.9806947708129883,Leeseo,[0.981],"[0.009, 0.002, 0.021, 0.131, 0.019, 0.981, 0.010]"
30.68,30.72,Leeseo,0.9808529019355774,Leeseo,[0.981],"[0.009, 0.002, 0.018, 0.125, 0.021, 0.981, 0.011]"
30.72,30.76,Leeseo,0.980807363986969,Leeseo,[0.981],"[0.009, 0.001, 0.016, 0.118, 0.024, 0.981, 0.011]"
30.76,30.8,Leeseo,0.9805676341056824,Leeseo,[0.981],"[0.009, 0.001, 0.014, 0.112, 0.027, 0.981, 0.012]"
30.8,30.84,Leeseo,0.9801437258720398,Leeseo,[0.980],"[0.009, 0.001, 0.012, 0.107, 0.030, 0.980, 0.013]"
30.84,30.88,Leeseo,0.9795455932617188,Leeseo,[0.980],"[0.009, 0.001, 0.011, 0.102, 0.034, 0.980, 0.013]"
30.88,30.92,Leeseo,0.9787838459014893,Leeseo,[0.979],"[0.010, 0.001, 0.010, 0.097, 0.038, 0.979, 0.014]"
30.92,30.96,Leeseo,0.9778698086738586,Leeseo,[0.978],"[0.010, 0.001, 0.009, 0.093, 0.042, 0.978, 0.014]"
30.96,31.0,Leeseo,0.9768196940422058,Leeseo,[0.977],"[0.011, 0.001, 0.008, 0.089, 0.047, 0.977, 0.015]"
31.0,31.04,Leeseo,0.9756510853767395,Leeseo,[0.976],"[0.011, 0.001, 0.008, 0.086, 0.052, 0.976, 0.015]"
31.04,31.08,Leeseo,0.9743890762329102,Leeseo,[0.974],"[0.012, 0.001, 0.008, 0.082, 0.058, 0.974, 0.015]"
31.08,31.12,Leeseo,0.9730671048164368,Leeseo,[0.973],"[0.012, 0.001, 0.007, 0.079, 0.064, 0.973, 0.016]"
31.12,31.16,Leeseo,0.9717194437980652,Leeseo,[0.972],"[0.013, 0.001, 0.007, 0.077, 0.070, 0.972, 0.016]"
31.16,31.2,Leeseo,0.9703858494758606,Leeseo,[0.970],"[0.014, 0.001, 0.008, 0.074, 0.077, 0.970, 0.016]"
31.2,31.24,Leeseo,0.969106137752533,Leeseo,[0.969],"[0.015, 0.001, 0.008, 0.072, 0.084, 0.969, 0.016]"
31.24,31.28,Leeseo,0.9679092168807983,Leeseo,[0.968],"[0.016, 0.001, 0.008, 0.069, 0.092, 0.968, 0.016]"
31.28,31.32,Leeseo,0.9668318033218384,Leeseo,[0.967],"[0.016, 0.001, 0.009, 0.067, 0.100, 0.967, 0.016]"
31.32,31.36,Leeseo,0.9659073948860168,Leeseo,[0.966],"[0.017, 0.001, 0.009, 0.066, 0.107, 0.966, 0.016]"
31.36,31.4,Leeseo,0.9651650786399841,Leeseo,[0.965],"[0.018, 0.001, 0.010, 0.064, 0.115, 0.965, 0.017]"
31.4,31.44,Leeseo,0.9646137356758118,Leeseo,[0.965],"[0.019, 0.001, 0.011, 0.063, 0.124, 0.965, 0.017]"
31.44,31.48,Leeseo,0.9642575979232788,Leeseo,[0.964],"[0.021, 0.001, 0.013, 0.061, 0.132, 0.964, 0.017]"
31.48,31.52,Leeseo,0.9640829563140869,Leeseo,[0.964],"[0.022, 0.001, 0.014, 0.060, 0.140, 0.964, 0.017]"
31.52,31.56,Leeseo,0.9640544652938843,Leeseo,[0.964],"[0.023, 0.001, 0.016, 0.059, 0.148, 0.964, 0.018]"
31.56,31.6,Leeseo,0.9641362428665161,Leeseo,[0.964],"[0.025, 0.001, 0.018, 0.058, 0.156, 0.964, 0.018]"
31.6,31.64,Leeseo,0.9642869830131531,Leeseo,[0.964],"[0.026, 0.001, 0.021, 0.058, 0.164, 0.964, 0.019]"
31.64,31.68,Leeseo,0.9644635915756226,Leeseo,[0.964],"[0.028, 0.001, 0.024, 0.057, 0.172, 0.964, 0.019]"
31.68,31.72,Leeseo,0.9646303653717041,Leeseo,[0.965],"[0.029, 0.001, 0.028, 0.057, 0.180, 0.965, 0.020]"
31.72,31.76,Leeseo,0.9647515416145325,Leeseo,[0.965],"[0.031, 0.001, 0.032, 0.057, 0.187, 0.965, 0.021]"
31.76,31.8,Leeseo,0.9647994637489319,Leeseo,[0.965],"[0.033, 0.001, 0.037, 0.058, 0.195, 0.965, 0.022]"
31.8,31.84,Leeseo,0.9647595286369324,Leeseo,[0.965],"[0.035, 0.001, 0.043, 0.058, 0.202, 0.965, 0.023]"
31.84,31.88,Leeseo,0.9646185040473938,Leeseo,[0.965],"[0.037, 0.001, 0.049, 0.059, 0.209, 0.965, 0.025]"
31.88,31.92,Leeseo,0.964374303817749,Leeseo,[0.964],"[0.039, 0.001, 0.056, 0.060, 0.216, 0.964, 0.026]"
31.92,31.96,Leeseo,0.96402907371521,Leeseo,[0.964],"[0.041, 0.000, 0.063, 0.062, 0.223, 0.964, 0.027]"
31.96,32.0,Leeseo,0.9635916948318481,Leeseo,[0.964],"[0.043, 0.000, 0.071, 0.063, 0.229, 0.964, 0.029]"
32.0,32.04,Leeseo,0.9630844593048096,Leeseo,[0.963],"[0.045, 0.000, 0.079, 0.065, 0.234, 0.963, 0.030]"
32.04,32.08,Leeseo,0.9625453948974609,Leeseo,[0.963],"[0.047, 0.000, 0.088, 0.067, 0.238, 0.963, 0.032]"
32.08,32.12,Leeseo,0.9620246887207031,Leeseo,[0.962],"[0.048, 0.000, 0.097, 0.069, 0.242, 0.962, 0.033]"
32.12,32.16,Leeseo,0.961571991443634,Leeseo,[0.962],"[0.050, 0.000, 0.106, 0.071, 0.245, 0.962, 0.034]"
32.16,32.2,Leeseo,0.96123868227005,Leeseo,[0.961],"[0.052, 0.000, 0.115, 0.073, 0.246, 0.961, 0.035]"
32.2,32.24,Leeseo,0.961081862449646,Leeseo,[0.961],"[0.053, 0.000, 0.124, 0.075, 0.247, 0.961, 0.036]"
32.24,32.28,Leeseo,0.961151123046875,Leeseo,[0.961],"[0.054, 0.000, 0.133, 0.077, 0.246, 0.961, 0.037]"
32.28,32.32,Leeseo,0.9614660739898682,Leeseo,[0.961],"[0.055, 0.000, 0.142, 0.079, 0.243, 0.961, 0.037]"
32.32,32.36,Leeseo,0.9620301127433777,Leeseo,[0.962],"[0.055, 0.000, 0.152, 0.080, 0.239, 0.962, 0.037]"
32.36,32.4,Leeseo,0.9628371596336365,Leeseo,[0.963],"[0.056, 0.000, 0.161, 0.082, 0.234, 0.963, 0.037]"
32.4,32.44,Leeseo,0.9638699889183044,Leeseo,[0.964],"[0.056, 0.000, 0.170, 0.083, 0.227, 0.964, 0.037]"
32.44,32.48,Leeseo,0.9650979042053223,Leeseo,[0.965],"[0.055, 0.000, 0.179, 0.083, 0.219, 0.965, 0.036]"
32.48,32.52,Leeseo,0.9664801359176636,Leeseo,[0.966],"[0.054, 0.000, 0.188, 0.084, 0.210, 0.966, 0.035]"
32.52,32.56,Leeseo,0.9679744839668274,Leeseo,[0.968],"[0.053, 0.000, 0.198, 0.085, 0.199, 0.968, 0.034]"
32.56,32.6,Leeseo,0.9695394039154053,Leeseo,[0.970],"[0.052, 0.000, 0.208, 0.085, 0.188, 0.970, 0.032]"
32.6,32.64,Leeseo,0.9711455702781677,Leeseo,[0.971],"[0.050, 0.000, 0.217, 0.085, 0.175, 0.971, 0.031]"
32.64,32.68,Leeseo,0.9727681875228882,Leeseo,[0.973],"[0.048, 0.000, 0.227, 0.086, 0.162, 0.973, 0.029]"
32.68,32.72,Leeseo,0.9743824005126953,Leeseo,[0.974],"[0.046, 0.000, 0.237, 0.086, 0.149, 0.974, 0.028]"
32.72,32.76,Leeseo,0.9759663939476013,Leeseo,[0.976],"[0.044, 0.000, 0.246, 0.086, 0.135, 0.976, 0.026]"
32.76,32.8,Leeseo,0.9774957895278931,Leeseo,[0.977],"[0.042, 0.000, 0.254, 0.086, 0.122, 0.977, 0.024]"
32.8,32.84,Leeseo,0.9789505004882812,Leeseo,[0.979],"[0.039, 0.000, 0.262, 0.086, 0.109, 0.979, 0.022]"
32.84,32.88,Leeseo,0.9803148508071899,Leeseo,[0.980],"[0.037, 0.000, 0.270, 0.086, 0.096, 0.980, 0.021]"
32.88,32.92,Leeseo,0.9815807938575745,Leeseo,[0.982],"[0.035, 0.000, 0.276, 0.086, 0.084, 0.982, 0.019]"
32.92,32.96,Leeseo,0.9827479720115662,Leeseo,[0.983],"[0.033, 0.000, 0.281, 0.086, 0.072, 0.983, 0.018]"
32.96,33.0,Leeseo,0.9838159680366516,Leeseo,[0.984],"[0.031, 0.000, 0.284, 0.086, 0.062, 0.984, 0.016]"
33.0,33.04,Leeseo,0.9847792983055115,Leeseo,[0.985],"[0.029, 0.000, 0.286, 0.086, 0.053, 0.985, 0.015]"
33.04,33.08,Leeseo,0.9856340289115906,Leeseo,[0.986],"[0.027, 0.000, 0.286, 0.086, 0.044, 0.986, 0.014]"
33.08,33.12,Leeseo,0.9863747358322144,Leeseo,[0.986],"[0.026, 0.000, 0.284, 0.087, 0.037, 0.986, 0.013]"
33.12,33.16,Leeseo,0.9870009422302246,Leeseo,[0.987],"[0.024, 0.000, 0.281, 0.087, 0.031, 0.987, 0.012]"
33.16,33.2,Leeseo,0.9875155687332153,Leeseo,[0.988],"[0.023, 0.000, 0.275, 0.087, 0.026, 0.988, 0.012]"
33.2,33.24,Leeseo,0.987917959690094,Leeseo,[0.988],"[0.022, 0.000, 0.268, 0.088, 0.021, 0.988, 0.011]"
33.24,33.28,Leeseo,0.9882021546363831,Leeseo,[0.988],"[0.021, 0.000, 0.260, 0.089, 0.018, 0.988, 0.011]"
33.28,33.32,Leeseo,0.9883571267127991,Leeseo,[0.988],"[0.021, 0.000, 0.250, 0.089, 0.015, 0.988, 0.011]"
33.32,33.36,Leeseo,0.9883714318275452,Leeseo,[0.988],"[0.020, 0.000, 0.239, 0.090, 0.012, 0.988, 0.011]"
33.36,33.4,Leeseo,0.9882312417030334,Leeseo,[0.988],"[0.020, 0.000, 0.227, 0.091, 0.010, 0.988, 0.011]"
33.4,33.44,Leeseo,0.9879195690155029,Leeseo,[0.988],"[0.019, 0.000, 0.215, 0.092, 0.009, 0.988, 0.011]"
33.44,33.48,Leeseo,0.9874136447906494,Leeseo,[0.987],"[0.019, 0.000, 0.201, 0.093, 0.007, 0.987, 0.011]"
33.48,33.52,Leeseo,0.9866841435432434,Leeseo,[0.987],"[0.019, 0.000, 0.188, 0.094, 0.006, 0.987, 0.012]"
33.52,33.56,Leeseo,0.9856957793235779,Leeseo,[0.986],"[0.019, 0.000, 0.174, 0.094, 0.005, 0.986, 0.013]"
33.56,33.6,Leeseo,0.9844003319740295,Leeseo,[0.984],"[0.019, 0.000, 0.161, 0.094, 0.005, 0.984, 0.014]"
33.6,33.64,Leeseo,0.9827384352684021,Leeseo,[0.983],"[0.019, 0.000, 0.148, 0.094, 0.004, 0.983, 0.016]"
33.64,33.68,Leeseo,0.9806413650512695,Leeseo,[0.981],"[0.019, 0.000, 0.136, 0.094, 0.004, 0.981, 0.018]"
33.68,33.72,Leeseo,0.9780147075653076,Leeseo,[0.978],"[0.019, 0.000, 0.125, 0.094, 0.004, 0.978, 0.020]"
33.72,33.76,Leeseo,0.9747373461723328,Leeseo,[0.975],"[0.019, 0.000, 0.114, 0.093, 0.003, 0.975, 0.023]"
33.76,33.8,Leeseo,0.9706594944000244,Leeseo,[0.971],"[0.019, 0.000, 0.104, 0.091, 0.003, 0.971, 0.027]"
33.8,33.84,Leeseo,0.965596616268158,Leeseo,[0.966],"[0.019, 0.000, 0.095, 0.090, 0.003, 0.966, 0.031]"
33.84,33.88,Leeseo,0.9593356251716614,Leeseo,[0.959],"[0.018, 0.000, 0.086, 0.088, 0.003, 0.959, 0.036]"
33.88,33.92,Leeseo,0.9516278505325317,Leeseo,[0.952],"[0.018, 0.000, 0.079, 0.085, 0.003, 0.952, 0.042]"
33.92,33.96,Leeseo,0.9421941637992859,Leeseo,[0.942],"[0.017, 0.000, 0.071, 0.082, 0.003, 0.942, 0.049]"
33.96,34.0,Leeseo,0.9307345151901245,Leeseo,[0.931],"[0.017, 0.000, 0.064, 0.079, 0.004, 0.931, 0.057]"
34.0,34.04,Leeseo,0.9169524908065796,Leeseo,[0.917],"[0.016, 0.000, 0.058, 0.075, 0.004, 0.917, 0.065]"
34.04,34.08,Leeseo,0.9005666375160217,Leeseo,[0.901],"[0.015, 0.000, 0.052, 0.071, 0.004, 0.901, 0.074]"
34.08,34.12,Leeseo,0.8813539743423462,Leeseo,[0.881],"[0.014, 0.000, 0.046, 0.067, 0.004, 0.881, 0.084]"
34.12,34.16,Leeseo,0.8592820763587952,Leeseo,[0.859],"[0.013, 0.000, 0.041, 0.063, 0.005, 0.859, 0.093]"
34.16,34.2,Leeseo,0.8344960808753967,Leeseo,[0.834],"[0.012, 0.001, 0.036, 0.059, 0.005, 0.834, 0.102]"
34.2,34.24,Leeseo,0.8073585033416748,Leeseo,[0.807],"[0.011, 0.001, 0.031, 0.055, 0.006, 0.807, 0.110]"
34.24,34.28,Leeseo,0.7784716486930847,Leeseo,[0.778],"[0.010, 0.001, 0.026, 0.051, 0.007, 0.778, 0.116]"
34.28,34.32,Leeseo,0.7486779689788818,Leeseo,[0.749],"[0.008, 0.001, 0.022, 0.047, 0.007, 0.749, 0.120]"
34.32,34.36,Leeseo,0.7189778685569763,Leeseo,[0.719],"[0.007, 0.002, 0.019, 0.043, 0.008, 0.719, 0.123]"
34.36,34.4,Leeseo,0.6904191374778748,Leeseo,[0.690],"[0.006, 0.002, 0.016, 0.040, 0.009, 0.690, 0.123]"
34.4,34.44,Leeseo,0.6640322804450989,Leeseo,[0.664],"[0.005, 0.003, 0.013, 0.037, 0.010, 0.664, 0.121]"
34.44,34.48,Leeseo,0.6407561302185059,Leeseo,[0.641],"[0.004, 0.003, 0.010, 0.034, 0.011, 0.641, 0.117]"
34.48,34.52,Leeseo,0.6214275360107422,Leeseo,[0.621],"[0.004, 0.004, 0.008, 0.032, 0.012, 0.621, 0.111]"
34.52,34.56,Leeseo,0.606694757938385,Leeseo,[0.607],"[0.003, 0.005, 0.007, 0.030, 0.013, 0.607, 0.103]"
34.56,34.6,Leeseo,0.5970239639282227,Leeseo,[0.597],"[0.002, 0.006, 0.005, 0.028, 0.014, 0.597, 0.094]"
34.6,34.64,Leeseo,0.5926722288131714,Leeseo,[0.593],"[0.002, 0.007, 0.004, 0.026, 0.015, 0.593, 0.085]"
34.64,34.68,Leeseo,0.5937252044677734,Leeseo,[0.594],"[0.002, 0.009, 0.003, 0.024, 0.016, 0.594, 0.075]"
34.68,34.72,Leeseo,0.6001651287078857,Leeseo,[0.600],"[0.001, 0.010, 0.002, 0.023, 0.016, 0.600, 0.066]"
34.72,34.76,Leeseo,0.6118345856666565,Leeseo,[0.612],"[0.001, 0.012, 0.002, 0.022, 0.016, 0.612, 0.057]"
34.76,34.8,Leeseo,0.6284483075141907,Leeseo,[0.628],"[0.001, 0.014, 0.002, 0.021, 0.016, 0.628, 0.049]"
34.8,34.84,Leeseo,0.6495729684829712,Leeseo,[0.650],"[0.001, 0.015, 0.001, 0.021, 0.016, 0.650, 0.041]"
34.84,34.88,Leeseo,0.6745448708534241,Leeseo,[0.675],"[0.001, 0.016, 0.001, 0.020, 0.016, 0.675, 0.035]"
34.88,34.92,Leeseo,0.7024321556091309,Leeseo,[0.702],"[0.000, 0.017, 0.001, 0.020, 0.015, 0.702, 0.030]"
34.92,34.96,Leeseo,0.7320671677589417,Leeseo,[0.732],"[0.000, 0.018, 0.001, 0.019, 0.014, 0.732, 0.025]"
34.96,35.0,Leeseo,0.7621981501579285,Leeseo,[0.762],"[0.000, 0.019, 0.001, 0.019, 0.014, 0.762, 0.021]"
35.0,35.04,Leeseo,0.7916902899742126,Leeseo,[0.792],"[0.000, 0.019, 0.000, 0.019, 0.013, 0.792, 0.018]"
35.04,35.08,Leeseo,0.8196240067481995,Leeseo,[0.820],"[0.000, 0.019, 0.000, 0.019, 0.012, 0.820, 0.015]"
35.08,35.12,Leeseo,0.8453599214553833,Leeseo,[0.845],"[0.000, 0.019, 0.000, 0.019, 0.011, 0.845, 0.013]"
35.12,35.16,Leeseo,0.8684588074684143,Leeseo,[0.868],"[0.000, 0.019, 0.000, 0.019, 0.010, 0.868, 0.011]"
35.16,35.2,Leeseo,0.8886948823928833,Leeseo,[0.889],"[0.000, 0.018, 0.000, 0.019, 0.010, 0.889, 0.010]"
35.2,35.24,Leeseo,0.906079888343811,Leeseo,[0.906],"[0.000, 0.018, 0.000, 0.019, 0.009, 0.906, 0.009]"
35.24,35.28,Leeseo,0.9208023548126221,Leeseo,[0.921],"[0.000, 0.017, 0.000, 0.019, 0.009, 0.921, 0.008]"
35.28,35.32,Leeseo,0.9331395030021667,Leeseo,[0.933],"[0.000, 0.016, 0.000, 0.018, 0.008, 0.933, 0.007]"
35.32,35.36,Leeseo,0.9433693289756775,Leeseo,[0.943],"[0.000, 0.016, 0.000, 0.018, 0.008, 0.943, 0.007]"
35.36,35.4,Leeseo,0.9517858028411865,Leeseo,[0.952],"[0.000, 0.015, 0.000, 0.018, 0.008, 0.952, 0.006]"
35.4,35.44,Leeseo,0.9586706757545471,Leeseo,[0.959],"[0.000, 0.014, 0.000, 0.018, 0.007, 0.959, 0.006]"
35.44,35.48,Leeseo,0.9642744064331055,Leeseo,[0.964],"[0.000, 0.014, 0.000, 0.017, 0.007, 0.964, 0.005]"
35.48,35.52,Leeseo,0.9688143730163574,Leeseo,[0.969],"[0.000, 0.013, 0.000, 0.017, 0.007, 0.969, 0.005]"
35.52,35.56,Leeseo,0.9724754095077515,Leeseo,[0.972],"[0.000, 0.013, 0.000, 0.016, 0.007, 0.972, 0.005]"
35.56,35.6,Leeseo,0.9754106998443604,Leeseo,[0.975],"[0.000, 0.012, 0.000, 0.015, 0.007, 0.975, 0.005]"
35.6,35.64,Leeseo,0.9777352809906006,Leeseo,[0.978],"[0.000, 0.012, 0.000, 0.015, 0.007, 0.978, 0.004]"
35.64,35.68,Leeseo,0.9795407652854919,Leeseo,[0.980],"[0.000, 0.012, 0.000, 0.014, 0.007, 0.980, 0.004]"
35.68,35.72,Leeseo,0.9809108972549438,Leeseo,[0.981],"[0.000, 0.011, 0.000, 0.013, 0.007, 0.981, 0.004]"
35.72,35.76,Leeseo,0.9819183349609375,Leeseo,[0.982],"[0.000, 0.011, 0.001, 0.012, 0.007, 0.982, 0.004]"
35.76,35.8,Leeseo,0.9826210141181946,Leeseo,[0.983],"[0.000, 0.011, 0.001, 0.011, 0.007, 0.983, 0.004]"
35.8,35.84,Leeseo,0.9830649495124817,Leeseo,[0.983],"[0.000, 0.010, 0.001, 0.010, 0.007, 0.983, 0.004]"
35.84,35.88,Leeseo,0.9832874536514282,Leeseo,[0.983],"[0.000, 0.010, 0.001, 0.009, 0.008, 0.983, 0.004]"
35.88,35.92,Leeseo,0.983320415019989,Leeseo,[0.983],"[0.000, 0.009, 0.001, 0.008, 0.008, 0.983, 0.003]"
35.92,35.96,Leeseo,0.9831908345222473,Leeseo,[0.983],"[0.000, 0.009, 0.001, 0.007, 0.008, 0.983, 0.003]"
35.96,36.0,Leeseo,0.9829223155975342,Leeseo,[0.983],"[0.000, 0.009, 0.001, 0.006, 0.008, 0.983, 0.003]"
36.0,36.04,Leeseo,0.9825394153594971,Leeseo,[0.983],"[0.000, 0.008, 0.002, 0.005, 0.009, 0.983, 0.003]"
36.04,36.08,Leeseo,0.9820694923400879,Leeseo,[0.982],"[0.000, 0.008, 0.002, 0.005, 0.009, 0.982, 0.003]"
36.08,36.12,Leeseo,0.981540322303772,Leeseo,[0.982],"[0.000, 0.007, 0.003, 0.004, 0.010, 0.982, 0.003]"
36.12,36.16,Leeseo,0.9809733033180237,Leeseo,[0.981],"[0.000, 0.007, 0.004, 0.004, 0.010, 0.981, 0.002]"
36.16,36.2,Leeseo,0.9803946018218994,Leeseo,[0.980],"[0.001, 0.006, 0.005, 0.003, 0.010, 0.980, 0.002]"
36.2,36.24,Leeseo,0.9798313975334167,Leeseo,[0.980],"[0.001, 0.006, 0.006, 0.003, 0.011, 0.980, 0.002]"
36.24,36.28,Leeseo,0.9793099164962769,Leeseo,[0.979],"[0.001, 0.005, 0.008, 0.002, 0.011, 0.979, 0.002]"
36.28,36.32,Leeseo,0.9788563251495361,Leeseo,[0.979],"[0.001, 0.005, 0.011, 0.002, 0.012, 0.979, 0.002]"
36.32,36.36,Leeseo,0.978495180606842,Leeseo,[0.978],"[0.001, 0.004, 0.014, 0.002, 0.012, 0.978, 0.002]"
36.36,36.4,Leeseo,0.9782480597496033,Leeseo,[0.978],"[0.001, 0.004, 0.019, 0.002, 0.012, 0.978, 0.002]"
36.4,36.44,Leeseo,0.9781362414360046,Leeseo,[0.978],"[0.001, 0.004, 0.025, 0.002, 0.013, 0.978, 0.001]"
36.44,36.48,Leeseo,0.9781729578971863,Leeseo,[0.978],"[0.002, 0.003, 0.032, 0.002, 0.013, 0.978, 0.001]"
36.48,36.52,Leeseo,0.9783613085746765,Leeseo,[0.978],"[0.002, 0.003, 0.042, 0.001, 0.013, 0.978, 0.001]"
36.52,36.56,Leeseo,0.9786943793296814,Leeseo,[0.979],"[0.002, 0.003, 0.054, 0.001, 0.013, 0.979, 0.001]"
36.56,36.6,Leeseo,0.9791606068611145,Leeseo,[0.979],"[0.002, 0.003, 0.068, 0.001, 0.013, 0.979, 0.001]"
36.6,36.64,Leeseo,0.9797446727752686,Leeseo,[0.980],"[0.002, 0.002, 0.084, 0.001, 0.013, 0.980, 0.001]"
36.64,36.68,Leeseo,0.9804274439811707,Leeseo,[0.980],"[0.003, 0.002, 0.102, 0.001, 0.014, 0.980, 0.001]"
36.68,36.72,Leeseo,0.9811857342720032,Leeseo,[0.981],"[0.003, 0.002, 0.121, 0.001, 0.014, 0.981, 0.001]"
36.72,36.76,Leeseo,0.9819899797439575,Leeseo,[0.982],"[0.003, 0.002, 0.141, 0.001, 0.014, 0.982, 0.001]"
36.76,36.8,Leeseo,0.9828129410743713,Leeseo,[0.983],"[0.004, 0.002, 0.160, 0.001, 0.014, 0.983, 0.001]"
36.8,36.84,Leeseo,0.9836270809173584,Leeseo,[0.984],"[0.004, 0.002, 0.178, 0.001, 0.014, 0.984, 0.001]"
36.84,36.88,Leeseo,0.9844126105308533,Leeseo,[0.984],"[0.004, 0.002, 0.193, 0.001, 0.014, 0.984, 0.001]"
36.88,36.92,Leeseo,0.985158383846283,Leeseo,[0.985],"[0.005, 0.002, 0.205, 0.001, 0.013, 0.985, 0.001]"
36.92,36.96,Leeseo,0.9858586192131042,Leeseo,[0.986],"[0.005, 0.002, 0.214, 0.002, 0.013, 0.986, 0.001]"
36.96,37.0,Leeseo,0.9865115880966187,Leeseo,[0.987],"[0.005, 0.002, 0.218, 0.002, 0.013, 0.987, 0.001]"
37.0,37.04,Leeseo,0.9871183633804321,Leeseo,[0.987],"[0.006, 0.002, 0.219, 0.002, 0.013, 0.987, 0.001]"
37.04,37.08,Leeseo,0.987678587436676,Leeseo,[0.988],"[0.006, 0.002, 0.215, 0.002, 0.013, 0.988, 0.001]"
37.08,37.12,Leeseo,0.9881886839866638,Leeseo,[0.988],"[0.006, 0.002, 0.208, 0.002, 0.013, 0.988, 0.001]"
37.12,37.16,Leeseo,0.9886443614959717,Leeseo,[0.989],"[0.007, 0.002, 0.197, 0.002, 0.013, 0.989, 0.001]"
37.16,37.2,Leeseo,0.989043116569519,Leeseo,[0.989],"[0.007, 0.002, 0.185, 0.003, 0.013, 0.989, 0.001]"
37.2,37.24,Leeseo,0.989380955696106,Leeseo,[0.989],"[0.007, 0.002, 0.171, 0.003, 0.013, 0.989, 0.002]"
37.24,37.28,Leeseo,0.9896566867828369,Leeseo,[0.990],"[0.008, 0.002, 0.156, 0.003, 0.013, 0.990, 0.002]"
37.28,37.32,Leeseo,0.9898697733879089,Leeseo,[0.990],"[0.008, 0.002, 0.141, 0.004, 0.012, 0.990, 0.002]"
37.32,37.36,Leeseo,0.9900230765342712,Leeseo,[0.990],"[0.008, 0.002, 0.127, 0.004, 0.012, 0.990, 0.002]"
37.36,37.4,Leeseo,0.9901172518730164,Leeseo,[0.990],"[0.008, 0.002, 0.113, 0.005, 0.012, 0.990, 0.002]"
37.4,37.44,Leeseo,0.9901519417762756,Leeseo,[0.990],"[0.009, 0.002, 0.101, 0.006, 0.012, 0.990, 0.002]"
37.44,37.48,Leeseo,0.9901283383369446,Leeseo,[0.990],"[0.009, 0.002, 0.090, 0.007, 0.012, 0.990, 0.003]"
37.48,37.52,Leeseo,0.9900485277175903,Leeseo,[0.990],"[0.009, 0.002, 0.081, 0.007, 0.012, 0.990, 0.003]"
37.52,37.56,Leeseo,0.9899137020111084,Leeseo,[0.990],"[0.009, 0.002, 0.073, 0.009, 0.012, 0.990, 0.003]"
37.56,37.6,Leeseo,0.9897251129150391,Leeseo,[0.990],"[0.009, 0.002, 0.066, 0.010, 0.013, 0.990, 0.003]"
37.6,37.64,Leeseo,0.9894876480102539,Leeseo,[0.989],"[0.010, 0.002, 0.061, 0.011, 0.013, 0.989, 0.003]"
37.64,37.68,Leeseo,0.9892109632492065,Leeseo,[0.989],"[0.010, 0.002, 0.056, 0.013, 0.013, 0.989, 0.004]"
37.68,37.72,Leeseo,0.9889050722122192,Leeseo,[0.989],"[0.010, 0.002, 0.053, 0.014, 0.014, 0.989, 0.004]"
37.72,37.76,Leeseo,0.9885818362236023,Leeseo,[0.989],"[0.011, 0.002, 0.050, 0.016, 0.015, 0.989, 0.004]"
37.76,37.8,Leeseo,0.9882559180259705,Leeseo,[0.988],"[0.011, 0.002, 0.048, 0.018, 0.015, 0.988, 0.005]"
37.8,37.84,Leeseo,0.9879391193389893,Leeseo,[0.988],"[0.011, 0.003, 0.046, 0.021, 0.016, 0.988, 0.005]"
37.84,37.88,Leeseo,0.9876328706741333,Leeseo,[0.988],"[0.012, 0.003, 0.045, 0.023, 0.018, 0.988, 0.005]"
37.88,37.92,Leeseo,0.9873335361480713,Leeseo,[0.987],"[0.012, 0.003, 0.044, 0.026, 0.019, 0.987, 0.006]"
37.92,37.96,Leeseo,0.987036943435669,Leeseo,[0.987],"[0.013, 0.003, 0.044, 0.029, 0.021, 0.987, 0.006]"
37.96,38.0,Leeseo,0.9867336750030518,Leeseo,[0.987],"[0.013, 0.003, 0.043, 0.032, 0.024, 0.987, 0.006]"
38.0,38.04,Leeseo,0.9864097237586975,Leeseo,[0.986],"[0.013, 0.003, 0.043, 0.036, 0.026, 0.986, 0.007]"
38.04,38.08,Leeseo,0.9860361814498901,Leeseo,[0.986],"[0.014, 0.003, 0.043, 0.039, 0.030, 0.986, 0.007]"
38.08,38.12,Leeseo,0.9855759143829346,Leeseo,[0.986],"[0.014, 0.003, 0.042, 0.043, 0.034, 0.986, 0.008]"
38.12,38.16,Leeseo,0.9849854707717896,Leeseo,[0.985],"[0.014, 0.003, 0.042, 0.046, 0.040, 0.985, 0.008]"
38.16,38.2,Leeseo,0.9842161536216736,Leeseo,[0.984],"[0.015, 0.002, 0.041, 0.050, 0.046, 0.984, 0.009]"
38.2,38.24,Leeseo,0.9832093119621277,Leeseo,[0.983],"[0.015, 0.002, 0.041, 0.053, 0.055, 0.983, 0.009]"
38.24,38.28,Leeseo,0.9818938970565796,Leeseo,[0.982],"[0.015, 0.002, 0.040, 0.056, 0.065, 0.982, 0.010]"
38.28,38.32,Leeseo,0.9801822900772095,Leeseo,[0.980],"[0.016, 0.002, 0.039, 0.059, 0.077, 0.980, 0.011]"
38.32,38.36,Leeseo,0.9779627919197083,Leeseo,[0.978],"[0.016, 0.002, 0.039, 0.061, 0.092, 0.978, 0.012]"
38.36,38.4,Leeseo,0.9750946760177612,Leeseo,[0.975],"[0.017, 0.002, 0.038, 0.063, 0.110, 0.975, 0.013]"
38.4,38.44,Leeseo,0.9713836908340454,Leeseo,[0.971],"[0.017, 0.002, 0.037, 0.065, 0.132, 0.971, 0.014]"
38.44,38.48,Leeseo,0.9665742516517639,Leeseo,[0.967],"[0.018, 0.002, 0.036, 0.066, 0.157, 0.967, 0.016]"
38.48,38.52,Leeseo,0.9603231549263,Leeseo,[0.960],"[0.018, 0.002, 0.035, 0.066, 0.188, 0.960, 0.018]"
38.52,38.56,Leeseo,0.9521819949150085,Leeseo,[0.952],"[0.019, 0.002, 0.034, 0.066, 0.222, 0.952, 0.020]"
38.56,38.6,Leeseo,0.9415884613990784,Leeseo,[0.942],"[0.020, 0.002, 0.033, 0.065, 0.261, 0.942, 0.022]"
38.6,38.64,Leeseo,0.9278525114059448,Leeseo,[0.928],"[0.021, 0.002, 0.033, 0.064, 0.303, 0.928, 0.025]"
38.64,38.68,Leeseo,0.910163164138794,Leeseo,[0.910],"[0.022, 0.002, 0.032, 0.062, 0.346, 0.910, 0.028]"
38.68,38.72,Leeseo,0.8876211047172546,Leeseo,[0.888],"[0.023, 0.002, 0.031, 0.060, 0.391, 0.888, 0.031]"
38.72,38.76,Leeseo,0.8593863844871521,Leeseo,[0.859],"[0.024, 0.002, 0.031, 0.058, 0.436, 0.859, 0.035]"
38.76,38.8,Leeseo,0.8248262405395508,Leeseo,[0.825],"[0.025, 0.002, 0.031, 0.055, 0.478, 0.825, 0.039]"
38.8,38.84,Leeseo,0.7837095856666565,Leeseo,[0.784],"[0.026, 0.002, 0.031, 0.053, 0.518, 0.784, 0.043]"
38.84,38.88,Leeseo,0.7363619208335876,Leeseo,[0.736],"[0.027, 0.002, 0.031, 0.051, 0.554, 0.736, 0.048]"
38.88,38.92,Leeseo,0.6837912201881409,Leeseo,[0.684],"[0.028, 0.002, 0.032, 0.048, 0.585, 0.684, 0.053]"
38.92,38.96,Leeseo,0.6277392506599426,Leeseo,[0.628],"[0.030, 0.002, 0.033, 0.046, 0.612, 0.628, 0.058]"
38.96,39.0,Liz,0.6352955102920532,Liz,[0.635],"[0.031, 0.002, 0.034, 0.044, 0.635, 0.570, 0.062]"
39.0,39.04,Liz,0.6543500423431396,Liz,[0.654],"[0.033, 0.002, 0.036, 0.042, 0.654, 0.514, 0.067]"
39.04,39.08,Liz,0.669874370098114,Liz,[0.670],"[0.035, 0.002, 0.038, 0.041, 0.670, 0.461, 0.071]"
39.08,39.12,Liz,0.6823052167892456,Liz,[0.682],"[0.037, 0.002, 0.041, 0.039, 0.682, 0.413, 0.075]"
39.12,39.16,Liz,0.6920641660690308,Liz,[0.692],"[0.040, 0.001, 0.045, 0.038, 0.692, 0.371, 0.078]"
39.16,39.2,Liz,0.6995323896408081,Liz,[0.700],"[0.043, 0.001, 0.049, 0.036, 0.700, 0.335, 0.081]"
39.2,39.24,Liz,0.7051451802253723,Liz,[0.705],"[0.047, 0.001, 0.054, 0.035, 0.705, 0.304, 0.082]"
39.24,39.28,Liz,0.7093570232391357,Liz,[0.709],"[0.052, 0.001, 0.060, 0.034, 0.709, 0.279, 0.083]"
39.28,39.32,Liz,0.7125892639160156,Liz,[0.713],"[0.057, 0.001, 0.067, 0.032, 0.713, 0.260, 0.083]"
39.32,39.36,Liz,0.7152485251426697,Liz,[0.715],"[0.062, 0.001, 0.075, 0.031, 0.715, 0.244, 0.082]"
39.36,39.4,Liz,0.7176986336708069,Liz,[0.718],"[0.069, 0.001, 0.084, 0.030, 0.718, 0.233, 0.079]"
39.4,39.44,Liz,0.7203062176704407,Liz,[0.720],"[0.076, 0.001, 0.094, 0.029, 0.720, 0.225, 0.077]"
39.44,39.48,Liz,0.7234336137771606,Liz,[0.723],"[0.083, 0.001, 0.105, 0.027, 0.723, 0.220, 0.073]"
39.48,39.52,Liz,0.7274326086044312,Liz,[0.727],"[0.091, 0.001, 0.117, 0.026, 0.727, 0.218, 0.069]"
39.52,39.56,Liz,0.7326084971427917,Liz,[0.733],"[0.099, 0.001, 0.129, 0.024, 0.733, 0.218, 0.064]"
39.56,39.6,Liz,0.7392146587371826,Liz,[0.739],"[0.107, 0.001, 0.142, 0.023, 0.739, 0.220, 0.059]"
39.6,39.64,Liz,0.7473698854446411,Liz,[0.747],"[0.114, 0.001, 0.155, 0.021, 0.747, 0.223, 0.054]"
39.64,39.68,Liz,0.7570627331733704,Liz,[0.757],"[0.121, 0.001, 0.168, 0.020, 0.757, 0.227, 0.049]"
39.68,39.72,Liz,0.7681955099105835,Liz,[0.768],"[0.126, 0.001, 0.181, 0.019, 0.768, 0.231, 0.043]"
39.72,39.76,Liz,0.7805983424186707,Liz,[0.781],"[0.131, 0.001, 0.192, 0.017, 0.781, 0.236, 0.039]"
39.76,39.8,Liz,0.7940441370010376,Liz,[0.794],"[0.134, 0.001, 0.202, 0.016, 0.794, 0.239, 0.034]"
39.8,39.84,Liz,0.808268666267395,Liz,[0.808],"[0.135, 0.000, 0.211, 0.014, 0.808, 0.242, 0.030]"
39.84,39.88,Liz,0.8229504227638245,Liz,[0.823],"[0.134, 0.000, 0.218, 0.013, 0.823, 0.242, 0.026]"
39.88,39.92,Liz,0.8377982378005981,Liz,[0.838],"[0.132, 0.000, 0.223, 0.012, 0.838, 0.241, 0.022]"
39.92,39.96,Liz,0.8525019288063049,Liz,[0.853],"[0.127, 0.000, 0.227, 0.011, 0.853, 0.237, 0.019]"
39.96,40.0,Liz,0.8667848706245422,Liz,[0.867],"[0.122, 0.000, 0.228, 0.010, 0.867, 0.232, 0.017]"
40.0,40.04,Liz,0.8804177641868591,Liz,[0.880],"[0.115, 0.000, 0.228, 0.009, 0.880, 0.224, 0.015]"
40.04,40.08,Liz,0.8932348489761353,Liz,[0.893],"[0.108, 0.000, 0.226, 0.009, 0.893, 0.214, 0.013]"
40.08,40.12,Liz,0.9051264524459839,Liz,[0.905],"[0.099, 0.000, 0.223, 0.008, 0.905, 0.202, 0.011]"
40.12,40.16,Liz,0.9159954786300659,Liz,[0.916],"[0.090, 0.000, 0.218, 0.007, 0.916, 0.190, 0.009]"
40.16,40.2,Liz,0.9257858991622925,Liz,[0.926],"[0.081, 0.000, 0.212, 0.007, 0.926, 0.177, 0.008]"
40.2,40.24,Liz,0.9344857931137085,Liz,[0.934],"[0.073, 0.000, 0.204, 0.006, 0.934, 0.163, 0.007]"
40.24,40.28,Liz,0.9421241283416748,Liz,[0.942],"[0.064, 0.000, 0.196, 0.006, 0.942, 0.150, 0.006]"
40.28,40.32,Liz,0.9487507939338684,Liz,[0.949],"[0.056, 0.000, 0.186, 0.006, 0.949, 0.138, 0.005]"
40.32,40.36,Liz,0.9544284343719482,Liz,[0.954],"[0.049, 0.000, 0.176, 0.006, 0.954, 0.127, 0.004]"
40.36,40.4,Liz,0.959234893321991,Liz,[0.959],"[0.042, 0.000, 0.165, 0.005, 0.959, 0.116, 0.004]"
40.4,40.44,Liz,0.9632617235183716,Liz,[0.963],"[0.036, 0.000, 0.154, 0.005, 0.963, 0.107, 0.003]"
40.44,40.48,Liz,0.9666076898574829,Liz,[0.967],"[0.031, 0.000, 0.144, 0.005, 0.967, 0.099, 0.003]"
40.48,40.52,Liz,0.9693644046783447,Liz,[0.969],"[0.026, 0.000, 0.133, 0.005, 0.969, 0.092, 0.002]"
40.52,40.56,Liz,0.9716141819953918,Liz,[0.972],"[0.022, 0.000, 0.124, 0.005, 0.972, 0.086, 0.002]"
40.56,40.6,Liz,0.9734213948249817,Liz,[0.973],"[0.018, 0.000, 0.115, 0.006, 0.973, 0.082, 0.002]"
40.6,40.64,Liz,0.9748459458351135,Liz,[0.975],"[0.016, 0.000, 0.106, 0.006, 0.975, 0.079, 0.001]"
40.64,40.68,Liz,0.975938618183136,Liz,[0.976],"[0.013, 0.000, 0.099, 0.006, 0.976, 0.076, 0.001]"
40.68,40.72,Liz,0.976740837097168,Liz,[0.977],"[0.011, 0.000, 0.092, 0.006, 0.977, 0.075, 0.001]"
40.72,40.76,Liz,0.9772863984107971,Liz,[0.977],"[0.009, 0.000, 0.085, 0.007, 0.977, 0.075, 0.001]"
40.76,40.8,Liz,0.9776031374931335,Liz,[0.978],"[0.008, 0.000, 0.080, 0.007, 0.978, 0.076, 0.001]"
40.8,40.84,Liz,0.9777137637138367,Liz,[0.978],"[0.007, 0.001, 0.074, 0.007, 0.978, 0.078, 0.001]"
40.84,40.88,Liz,0.9776372909545898,Liz,[0.978],"[0.006, 0.001, 0.070, 0.008, 0.978, 0.081, 0.001]"
40.88,40.92,Liz,0.9773920774459839,Liz,[0.977],"[0.005, 0.001, 0.066, 0.008, 0.977, 0.085, 0.000]"
40.92,40.96,Liz,0.9769953489303589,Liz,[0.977],"[0.004, 0.001, 0.062, 0.009, 0.977, 0.090, 0.000]"
40.96,41.0,Liz,0.9764488935470581,Liz,[0.976],"[0.004, 0.001, 0.059, 0.009, 0.976, 0.096, 0.000]"
41.0,41.04,Liz,0.9757501482963562,Liz,[0.976],"[0.003, 0.001, 0.057, 0.009, 0.976, 0.104, 0.000]"
41.04,41.08,Liz,0.9748929738998413,Liz,[0.975],"[0.003, 0.001, 0.055, 0.010, 0.975, 0.112, 0.000]"
41.08,41.12,Liz,0.9738778471946716,Liz,[0.974],"[0.003, 0.001, 0.053, 0.010, 0.974, 0.122, 0.000]"
41.12,41.16,Liz,0.9727094173431396,Liz,[0.973],"[0.002, 0.001, 0.052, 0.010, 0.973, 0.133, 0.000]"
41.16,41.2,Liz,0.9713944792747498,Liz,[0.971],"[0.002, 0.001, 0.051, 0.010, 0.971, 0.145, 0.000]"
41.2,41.24,Liz,0.9699271321296692,Liz,[0.970],"[0.002, 0.001, 0.051, 0.010, 0.970, 0.157, 0.000]"
41.24,41.28,Liz,0.9682908654212952,Liz,[0.968],"[0.002, 0.001, 0.051, 0.010, 0.968, 0.170, 0.000]"
41.28,41.32,Liz,0.9664645791053772,Liz,[0.966],"[0.002, 0.001, 0.052, 0.010, 0.966, 0.183, 0.000]"
41.32,41.36,Liz,0.9644225239753723,Liz,[0.964],"[0.002, 0.001, 0.053, 0.010, 0.964, 0.195, 0.000]"
41.36,41.4,Liz,0.9621407389640808,Liz,[0.962],"[0.002, 0.001, 0.054, 0.010, 0.962, 0.207, 0.000]"
41.4,41.44,Liz,0.9595928192138672,Liz,[0.960],"[0.001, 0.001, 0.055, 0.010, 0.960, 0.217, 0.000]"
41.44,41.48,Liz,0.956752598285675,Liz,[0.957],"[0.001, 0.001, 0.057, 0.010, 0.957, 0.227, 0.000]"
41.48,41.52,Liz,0.9535910487174988,Liz,[0.954],"[0.001, 0.001, 0.059, 0.010, 0.954, 0.234, 0.000]"
41.52,41.56,Liz,0.9500845074653625,Liz,[0.950],"[0.001, 0.002, 0.061, 0.010, 0.950, 0.240, 0.000]"
41.56,41.6,Liz,0.9462119340896606,Liz,[0.946],"[0.001, 0.002, 0.062, 0.010, 0.946, 0.244, 0.000]"
41.6,41.64,Liz,0.9419546127319336,Liz,[0.942],"[0.001, 0.002, 0.064, 0.010, 0.942, 0.246, 0.000]"
41.64,41.68,Liz,0.9373020529747009,Liz,[0.937],"[0.001, 0.002, 0.065, 0.011, 0.937, 0.246, 0.001]"
41.68,41.72,Liz,0.932252049446106,Liz,[0.932],"[0.001, 0.002, 0.066, 0.011, 0.932, 0.244, 0.001]"
41.72,41.76,Liz,0.9268227815628052,Liz,[0.927],"[0.001, 0.002, 0.066, 0.011, 0.927, 0.240, 0.001]"
41.76,41.8,Liz,0.921048641204834,Liz,[0.921],"[0.001, 0.003, 0.066, 0.012, 0.921, 0.235, 0.001]"
41.8,41.84,Liz,0.9149758815765381,Liz,[0.915],"[0.001, 0.003, 0.064, 0.012, 0.915, 0.228, 0.001]"
41.84,41.88,Liz,0.9086633324623108,Liz,[0.909],"[0.002, 0.003, 0.062, 0.013, 0.909, 0.220, 0.002]"
41.88,41.92,Liz,0.9021611213684082,Liz,[0.902],"[0.002, 0.003, 0.060, 0.014, 0.902, 0.212, 0.002]"
41.92,41.96,Liz,0.8955259919166565,Liz,[0.896],"[0.002, 0.004, 0.056, 0.015, 0.896, 0.203, 0.003]"
41.96,42.0,Liz,0.8888197541236877,Liz,[0.889],"[0.002, 0.004, 0.052, 0.017, 0.889, 0.193, 0.003]"
42.0,42.04,Liz,0.8821112513542175,Liz,[0.882],"[0.002, 0.004, 0.048, 0.018, 0.882, 0.184, 0.004]"
42.04,42.08,Liz,0.8754936456680298,Liz,[0.875],"[0.002, 0.005, 0.043, 0.020, 0.875, 0.174, 0.005]"
42.08,42.12,Liz,0.8691069483757019,Liz,[0.869],"[0.002, 0.005, 0.038, 0.022, 0.869, 0.165, 0.007]"
42.12,42.16,Liz,0.8631229996681213,Liz,[0.863],"[0.002, 0.006, 0.034, 0.025, 0.863, 0.157, 0.008]"
42.16,42.2,Liz,0.8577174544334412,Liz,[0.858],"[0.002, 0.006, 0.029, 0.027, 0.858, 0.149, 0.010]"
42.2,42.24,Liz,0.8530694246292114,Liz,[0.853],"[0.002, 0.007, 0.025, 0.030, 0.853, 0.142, 0.012]"
42.24,42.28,Liz,0.8493250012397766,Liz,[0.849],"[0.002, 0.007, 0.021, 0.033, 0.849, 0.135, 0.015]"
42.28,42.32,Liz,0.84662264585495,Liz,[0.847],"[0.003, 0.008, 0.018, 0.037, 0.847, 0.129, 0.017]"
42.32,42.36,Liz,0.8450943827629089,Liz,[0.845],"[0.003, 0.008, 0.015, 0.040, 0.845, 0.124, 0.020]"
42.36,42.4,Liz,0.8448452353477478,Liz,[0.845],"[0.003, 0.009, 0.013, 0.044, 0.845, 0.119, 0.023]"
42.4,42.44,Liz,0.8459250330924988,Liz,[0.846],"[0.003, 0.009, 0.011, 0.047, 0.846, 0.116, 0.026]"
42.44,42.48,Liz,0.8483114242553711,Liz,[0.848],"[0.003, 0.010, 0.009, 0.050, 0.848, 0.112, 0.028]"
42.48,42.52,Liz,0.8519423007965088,Liz,[0.852],"[0.003, 0.010, 0.008, 0.052, 0.852, 0.110, 0.031]"
42.52,42.56,Liz,0.8567318916320801,Liz,[0.857],"[0.003, 0.010, 0.007, 0.054, 0.857, 0.108, 0.033]"
42.56,42.6,Liz,0.8625832200050354,Liz,[0.863],"[0.003, 0.011, 0.006, 0.056, 0.863, 0.106, 0.035]"
42.6,42.64,Liz,0.8693822026252747,Liz,[0.869],"[0.003, 0.011, 0.005, 0.056, 0.869, 0.105, 0.036]"
42.64,42.68,Liz,0.8769670128822327,Liz,[0.877],"[0.003, 0.011, 0.004, 0.056, 0.877, 0.104, 0.037]"
42.68,42.72,Liz,0.885129988193512,Liz,[0.885],"[0.003, 0.011, 0.004, 0.055, 0.885, 0.104, 0.037]"
42.72,42.76,Liz,0.8936344981193542,Liz,[0.894],"[0.003, 0.011, 0.003, 0.054, 0.894, 0.103, 0.037]"
42.76,42.8,Liz,0.9022524356842041,Liz,[0.902],"[0.003, 0.011, 0.003, 0.052, 0.902, 0.102, 0.036]"
42.8,42.84,Liz,0.910784125328064,Liz,[0.911],"[0.003, 0.011, 0.003, 0.049, 0.911, 0.101, 0.034]"
42.84,42.88,Liz,0.919050931930542,Liz,[0.919],"[0.003, 0.011, 0.003, 0.046, 0.919, 0.100, 0.033]"
42.88,42.92,Liz,0.9269006252288818,Liz,[0.927],"[0.003, 0.010, 0.003, 0.043, 0.927, 0.099, 0.030]"
42.92,42.96,Liz,0.9342281222343445,Liz,[0.934],"[0.003, 0.010, 0.003, 0.039, 0.934, 0.097, 0.028]"
42.96,43.0,Liz,0.9409862160682678,Liz,[0.941],"[0.003, 0.010, 0.003, 0.036, 0.941, 0.094, 0.026]"
43.0,43.04,Liz,0.9471602439880371,Liz,[0.947],"[0.003, 0.009, 0.003, 0.032, 0.947, 0.091, 0.023]"
43.04,43.08,Liz,0.9527533054351807,Liz,[0.953],"[0.002, 0.009, 0.003, 0.028, 0.953, 0.088, 0.021]"
43.08,43.12,Liz,0.9577677845954895,Liz,[0.958],"[0.002, 0.009, 0.003, 0.025, 0.958, 0.084, 0.019]"
43.12,43.16,Liz,0.9622179269790649,Liz,[0.962],"[0.002, 0.008, 0.003, 0.022, 0.962, 0.080, 0.017]"
43.16,43.2,Liz,0.9661367535591125,Liz,[0.966],"[0.002, 0.008, 0.003, 0.019, 0.966, 0.076, 0.015]"
43.2,43.24,Liz,0.9695707559585571,Liz,[0.970],"[0.002, 0.008, 0.003, 0.016, 0.970, 0.072, 0.013]"
43.24,43.28,Liz,0.9725679755210876,Liz,[0.973],"[0.002, 0.008, 0.004, 0.013, 0.973, 0.068, 0.011]"
43.28,43.32,Liz,0.9751750826835632,Liz,[0.975],"[0.002, 0.007, 0.004, 0.011, 0.975, 0.064, 0.010]"
43.32,43.36,Liz,0.9774366617202759,Liz,[0.977],"[0.002, 0.007, 0.005, 0.010, 0.977, 0.061, 0.009]"
43.36,43.4,Liz,0.9793933629989624,Liz,[0.979],"[0.002, 0.007, 0.005, 0.008, 0.979, 0.057, 0.008]"
43.4,43.44,Liz,0.9810816049575806,Liz,[0.981],"[0.002, 0.007, 0.006, 0.007, 0.981, 0.054, 0.007]"
43.44,43.48,Liz,0.9825352430343628,Liz,[0.983],"[0.002, 0.007, 0.007, 0.006, 0.983, 0.051, 0.006]"
43.48,43.52,Liz,0.9837833046913147,Liz,[0.984],"[0.002, 0.007, 0.007, 0.005, 0.984, 0.049, 0.006]"
43.52,43.56,Liz,0.9848498106002808,Liz,[0.985],"[0.002, 0.007, 0.008, 0.004, 0.985, 0.047, 0.005]"
43.56,43.6,Liz,0.9857560992240906,Liz,[0.986],"[0.002, 0.007, 0.009, 0.003, 0.986, 0.045, 0.005]"
43.6,43.64,Liz,0.9865217804908752,Liz,[0.987],"[0.002, 0.007, 0.010, 0.003, 0.987, 0.043, 0.004]"
43.64,43.68,Liz,0.9871622920036316,Liz,[0.987],"[0.002, 0.007, 0.011, 0.002, 0.987, 0.042, 0.004]"
43.68,43.72,Liz,0.9876912832260132,Liz,[0.988],"[0.002, 0.006, 0.012, 0.002, 0.988, 0.041, 0.004]"
43.72,43.76,Liz,0.9881171584129333,Liz,[0.988],"[0.002, 0.006, 0.013, 0.002, 0.988, 0.041, 0.003]"
43.76,43.8,Liz,0.9884456396102905,Liz,[0.988],"[0.002, 0.006, 0.013, 0.001, 0.988, 0.041, 0.003]"
43.8,43.84,Liz,0.9886761903762817,Liz,[0.989],"[0.002, 0.006, 0.014, 0.001, 0.989, 0.041, 0.003]"
43.84,43.88,Liz,0.9888026118278503,Liz,[0.989],"[0.002, 0.006, 0.015, 0.001, 0.989, 0.042, 0.003]"
43.88,43.92,Liz,0.9888174533843994,Liz,[0.989],"[0.002, 0.005, 0.017, 0.001, 0.989, 0.042, 0.003]"
43.92,43.96,Liz,0.9887142777442932,Liz,[0.989],"[0.002, 0.005, 0.018, 0.001, 0.989, 0.044, 0.003]"
43.96,44.0,Liz,0.9884856939315796,Liz,[0.988],"[0.002, 0.005, 0.019, 0.001, 0.988, 0.045, 0.003]"
44.0,44.04,Liz,0.9881218671798706,Liz,[0.988],"[0.002, 0.005, 0.020, 0.001, 0.988, 0.047, 0.003]"
44.04,44.08,Liz,0.9876059293746948,Liz,[0.988],"[0.002, 0.004, 0.021, 0.001, 0.988, 0.049, 0.003]"
44.08,44.12,Liz,0.9869129657745361,Liz,[0.987],"[0.002, 0.004, 0.023, 0.001, 0.987, 0.052, 0.003]"
44.12,44.16,Liz,0.9860119223594666,Liz,[0.986],"[0.002, 0.003, 0.024, 0.001, 0.986, 0.054, 0.003]"
44.16,44.2,Liz,0.9848708510398865,Liz,[0.985],"[0.002, 0.003, 0.026, 0.001, 0.985, 0.057, 0.003]"
44.2,44.24,Liz,0.9834526181221008,Liz,[0.983],"[0.002, 0.003, 0.028, 0.001, 0.983, 0.060, 0.003]"
44.24,44.28,Liz,0.981721043586731,Liz,[0.982],"[0.002, 0.003, 0.030, 0.001, 0.982, 0.064, 0.003]"
44.28,44.32,Liz,0.9796334505081177,Liz,[0.980],"[0.002, 0.002, 0.032, 0.001, 0.980, 0.067, 0.003]"
44.32,44.36,Liz,0.9771454334259033,Liz,[0.977],"[0.002, 0.002, 0.034, 0.001, 0.977, 0.069, 0.003]"
44.36,44.4,Liz,0.9742062091827393,Liz,[0.974],"[0.002, 0.002, 0.036, 0.001, 0.974, 0.072, 0.003]"
44.4,44.44,Liz,0.9707596898078918,Liz,[0.971],"[0.002, 0.002, 0.038, 0.001, 0.971, 0.074, 0.004]"
44.44,44.48,Liz,0.9667571783065796,Liz,[0.967],"[0.002, 0.001, 0.040, 0.001, 0.967, 0.075, 0.004]"
44.48,44.52,Liz,0.9621644616127014,Liz,[0.962],"[0.002, 0.001, 0.042, 0.001, 0.962, 0.075, 0.004]"
44.52,44.56,Liz,0.9569602012634277,Liz,[0.957],"[0.002, 0.001, 0.044, 0.001, 0.957, 0.075, 0.004]"
44.56,44.6,Liz,0.9511335492134094,Liz,[0.951],"[0.002, 0.001, 0.045, 0.001, 0.951, 0.074, 0.004]"
44.6,44.64,Liz,0.9446833729743958,Liz,[0.945],"[0.002, 0.001, 0.047, 0.001, 0.945, 0.072, 0.005]"
44.64,44.68,Liz,0.9376347064971924,Liz,[0.938],"[0.002, 0.001, 0.048, 0.001, 0.938, 0.070, 0.005]"
44.68,44.72,Liz,0.9300427436828613,Liz,[0.930],"[0.002, 0.001, 0.049, 0.001, 0.930, 0.067, 0.005]"
44.72,44.76,Liz,0.9220029711723328,Liz,[0.922],"[0.002, 0.001, 0.049, 0.002, 0.922, 0.063, 0.006]"
44.76,44.8,Liz,0.9136438369750977,Liz,[0.914],"[0.002, 0.001, 0.050, 0.002, 0.914, 0.059, 0.006]"
44.8,44.84,Liz,0.9051230549812317,Liz,[0.905],"[0.002, 0.001, 0.050, 0.002, 0.905, 0.054, 0.006]"
44.84,44.88,Liz,0.8966227769851685,Liz,[0.897],"[0.002, 0.001, 0.049, 0.002, 0.897, 0.050, 0.007]"
44.88,44.92,Liz,0.8883299231529236,Liz,[0.888],"[0.002, 0.001, 0.048, 0.003, 0.888, 0.045, 0.007]"
44.92,44.96,Liz,0.8804165720939636,Liz,[0.880],"[0.002, 0.001, 0.047, 0.003, 0.880, 0.041, 0.008]"
44.96,45.0,Liz,0.8730475902557373,Liz,[0.873],"[0.002, 0.001, 0.046, 0.004, 0.873, 0.037, 0.008]"
45.0,45.04,Liz,0.8663782477378845,Liz,[0.866],"[0.002, 0.001, 0.045, 0.004, 0.866, 0.033, 0.008]"
45.04,45.08,Liz,0.8605130314826965,Liz,[0.861],"[0.002, 0.001, 0.043, 0.005, 0.861, 0.029, 0.009]"
45.08,45.12,Liz,0.8555058836936951,Liz,[0.856],"[0.002, 0.002, 0.041, 0.005, 0.856, 0.026, 0.009]"
45.12,45.16,Liz,0.8513889908790588,Liz,[0.851],"[0.002, 0.002, 0.039, 0.006, 0.851, 0.023, 0.009]"
45.16,45.2,Liz,0.8481307625770569,Liz,[0.848],"[0.002, 0.002, 0.037, 0.007, 0.848, 0.020, 0.010]"
45.2,45.24,Liz,0.8456698060035706,Liz,[0.846],"[0.002, 0.003, 0.035, 0.008, 0.846, 0.018, 0.010]"
45.24,45.28,Liz,0.8439193367958069,Liz,[0.844],"[0.002, 0.003, 0.033, 0.009, 0.844, 0.016, 0.010]"
45.28,45.32,Liz,0.8427756428718567,Liz,[0.843],"[0.002, 0.004, 0.031, 0.011, 0.843, 0.014, 0.010]"
45.32,45.36,Liz,0.8421379923820496,Liz,[0.842],"[0.002, 0.006, 0.029, 0.012, 0.842, 0.013, 0.010]"
45.36,45.4,Liz,0.8419108986854553,Liz,[0.842],"[0.002, 0.007, 0.028, 0.014, 0.842, 0.012, 0.010]"
45.4,45.44,Liz,0.8420102000236511,Liz,[0.842],"[0.002, 0.009, 0.026, 0.016, 0.842, 0.011, 0.010]"
45.44,45.48,Liz,0.8423388004302979,Liz,[0.842],"[0.002, 0.011, 0.024, 0.018, 0.842, 0.010, 0.010]"
45.48,45.52,Liz,0.8427929282188416,Liz,[0.843],"[0.003, 0.014, 0.023, 0.020, 0.843, 0.009, 0.010]"
45.52,45.56,Liz,0.8432688117027283,Liz,[0.843],"[0.003, 0.018, 0.022, 0.022, 0.843, 0.009, 0.009]"
45.56,45.6,Liz,0.843678891658783,Liz,[0.844],"[0.003, 0.023, 0.021, 0.025, 0.844, 0.008, 0.009]"
45.6,45.64,Liz,0.8439369797706604,Liz,[0.844],"[0.003, 0.029, 0.020, 0.027, 0.844, 0.008, 0.009]"
45.64,45.68,Liz,0.8439507484436035,Liz,[0.844],"[0.003, 0.036, 0.019, 0.030, 0.844, 0.007, 0.009]"
45.68,45.72,Liz,0.8436226844787598,Liz,[0.844],"[0.003, 0.044, 0.018, 0.033, 0.844, 0.007, 0.009]"
45.72,45.76,Liz,0.8428709506988525,Liz,[0.843],"[0.004, 0.054, 0.018, 0.036, 0.843, 0.007, 0.008]"
45.76,45.8,Liz,0.8416693806648254,Liz,[0.842],"[0.004, 0.065, 0.017, 0.039, 0.842, 0.007, 0.008]"
45.8,45.84,Liz,0.8400408029556274,Liz,[0.840],"[0.004, 0.077, 0.017, 0.042, 0.840, 0.007, 0.008]"
45.84,45.88,Liz,0.8380672931671143,Liz,[0.838],"[0.005, 0.090, 0.017, 0.045, 0.838, 0.007, 0.007]"
45.88,45.92,Liz,0.8358569145202637,Liz,[0.836],"[0.005, 0.104, 0.016, 0.048, 0.836, 0.007, 0.007]"
45.92,45.96,Liz,0.833500325679779,Liz,[0.834],"[0.006, 0.119, 0.016, 0.050, 0.834, 0.007, 0.007]"
45.96,46.0,Liz,0.8310896158218384,Liz,[0.831],"[0.006, 0.134, 0.016, 0.052, 0.831, 0.007, 0.007]"
46.0,46.04,Liz,0.8287200927734375,Liz,[0.829],"[0.006, 0.148, 0.016, 0.054, 0.829, 0.007, 0.006]"
46.04,46.08,Liz,0.8264865875244141,Liz,[0.826],"[0.007, 0.163, 0.015, 0.056, 0.826, 0.007, 0.006]"
46.08,46.12,Liz,0.8244735598564148,Liz,[0.824],"[0.007, 0.177, 0.015, 0.057, 0.824, 0.007, 0.006]"
46.12,46.16,Liz,0.8227370977401733,Liz,[0.823],"[0.008, 0.189, 0.015, 0.058, 0.823, 0.008, 0.006]"
46.16,46.2,Liz,0.8212875723838806,Liz,[0.821],"[0.008, 0.201, 0.015, 0.058, 0.821, 0.008, 0.006]"
46.2,46.24,Liz,0.8201214075088501,Liz,[0.820],"[0.008, 0.212, 0.015, 0.058, 0.820, 0.008, 0.005]"
46.24,46.28,Liz,0.8191846609115601,Liz,[0.819],"[0.008, 0.221, 0.015, 0.057, 0.819, 0.008, 0.005]"
46.28,46.32,Liz,0.8184178471565247,Liz,[0.818],"[0.008, 0.229, 0.015, 0.056, 0.818, 0.009, 0.005]"
46.32,46.36,Liz,0.8177162408828735,Liz,[0.818],"[0.008, 0.236, 0.015, 0.055, 0.818, 0.009, 0.005]"
46.36,46.4,Liz,0.8169856667518616,Liz,[0.817],"[0.007, 0.242, 0.015, 0.054, 0.817, 0.009, 0.005]"
46.4,46.44,Liz,0.8161802291870117,Liz,[0.816],"[0.007, 0.247, 0.015, 0.052, 0.816, 0.010, 0.004]"
46.44,46.48,Liz,0.8152545094490051,Liz,[0.815],"[0.006, 0.251, 0.015, 0.050, 0.815, 0.010, 0.004]"
46.48,46.52,Liz,0.8141378164291382,Liz,[0.814],"[0.006, 0.255, 0.016, 0.049, 0.814, 0.010, 0.004]"
46.52,46.56,Liz,0.8127558827400208,Liz,[0.813],"[0.005, 0.257, 0.016, 0.047, 0.813, 0.011, 0.004]"
46.56,46.6,Liz,0.8110369443893433,Liz,[0.811],"[0.005, 0.260, 0.017, 0.045, 0.811, 0.011, 0.004]"
46.6,46.64,Liz,0.8089255690574646,Liz,[0.809],"[0.004, 0.262, 0.017, 0.044, 0.809, 0.012, 0.003]"
46.64,46.68,Liz,0.8063626885414124,Liz,[0.806],"[0.004, 0.263, 0.018, 0.042, 0.806, 0.012, 0.003]"
46.68,46.72,Liz,0.8032937049865723,Liz,[0.803],"[0.003, 0.265, 0.019, 0.041, 0.803, 0.012, 0.003]"
46.72,46.76,Liz,0.7996523976325989,Liz,[0.800],"[0.003, 0.266, 0.020, 0.040, 0.800, 0.013, 0.003]"
46.76,46.8,Liz,0.7953663468360901,Liz,[0.795],"[0.002, 0.267, 0.021, 0.039, 0.795, 0.013, 0.003]"
46.8,46.84,Liz,0.7903767824172974,Liz,[0.790],"[0.002, 0.268, 0.022, 0.038, 0.790, 0.013, 0.003]"
46.84,46.88,Liz,0.7846292853355408,Liz,[0.785],"[0.002, 0.268, 0.024, 0.038, 0.785, 0.013, 0.002]"
46.88,46.92,Liz,0.7780447006225586,Liz,[0.778],"[0.001, 0.269, 0.025, 0.038, 0.778, 0.014, 0.002]"
46.92,46.96,Liz,0.7705258727073669,Liz,[0.771],"[0.001, 0.269, 0.026, 0.039, 0.771, 0.014, 0.002]"
46.96,47.0,Liz,0.761992335319519,Liz,[0.762],"[0.001, 0.269, 0.028, 0.039, 0.762, 0.014, 0.002]"
47.0,47.04,Liz,0.7523308396339417,Liz,[0.752],"[0.001, 0.268, 0.029, 0.040, 0.752, 0.015, 0.002]"
47.04,47.08,Liz,0.7414377331733704,Liz,[0.741],"[0.001, 0.267, 0.031, 0.042, 0.741, 0.015, 0.002]"
47.08,47.12,Liz,0.7292510867118835,Liz,[0.729],"[0.001, 0.263, 0.032, 0.043, 0.729, 0.015, 0.002]"
47.12,47.16,Liz,0.7157527208328247,Liz,[0.716],"[0.001, 0.259, 0.034, 0.045, 0.716, 0.016, 0.002]"
47.16,47.2,Liz,0.7009742259979248,Liz,[0.701],"[0.001, 0.253, 0.035, 0.048, 0.701, 0.016, 0.002]"
47.2,47.24,Liz,0.6850277185440063,Liz,[0.685],"[0.001, 0.245, 0.036, 0.050, 0.685, 0.016, 0.002]"
47.24,47.28,Liz,0.6681103706359863,Liz,[0.668],"[0.001, 0.236, 0.037, 0.053, 0.668, 0.017, 0.002]"
47.28,47.32,Liz,0.6503947377204895,Liz,[0.650],"[0.001, 0.225, 0.038, 0.056, 0.650, 0.017, 0.002]"
47.32,47.36,Liz,0.6320207715034485,Liz,[0.632],"[0.001, 0.213, 0.039, 0.060, 0.632, 0.017, 0.002]"
47.36,47.4,Liz,0.6131501793861389,Liz,[0.613],"[0.001, 0.201, 0.039, 0.063, 0.613, 0.018, 0.002]"
47.4,47.44,Liz,0.5939012169837952,Liz,[0.594],"[0.001, 0.188, 0.040, 0.067, 0.594, 0.018, 0.002]"
47.44,47.48,Liz,0.5742657780647278,,[],"[0.001, 0.176, 0.040, 0.071, 0.574, 0.019, 0.002]"
47.48,47.52,Liz,0.5542016625404358,,[],"[0.001, 0.164, 0.040, 0.075, 0.554, 0.019, 0.002]"
47.52,47.56,Liz,0.5336665511131287,,[],"[0.001, 0.152, 0.039, 0.079, 0.534, 0.019, 0.002]"
47.56,47.6,Liz,0.5125906467437744,,[],"[0.001, 0.141, 0.038, 0.082, 0.513, 0.020, 0.003]"
47.6,47.64,Liz,0.49094969034194946,,[],"[0.001, 0.132, 0.037, 0.086, 0.491, 0.020, 0.003]"
47.64,47.68,Liz,0.4687914252281189,,[],"[0.001, 0.123, 0.036, 0.089, 0.469, 0.021, 0.003]"
47.68,47.72,Liz,0.4462262988090515,,[],"[0.001, 0.116, 0.035, 0.091, 0.446, 0.021, 0.004]"
47.72,47.76,Liz,0.42337653040885925,,[],"[0.001, 0.110, 0.033, 0.093, 0.423, 0.022, 0.004]"
47.76,47.8,Liz,0.40034085512161255,,[],"[0.001, 0.105, 0.031, 0.094, 0.400, 0.023, 0.005]"
47.8,47.84,Liz,0.3772636353969574,,[],"[0.001, 0.102, 0.029, 0.095, 0.377, 0.024, 0.006]"
47.84,47.88,Liz,0.3543151319026947,,[],"[0.001, 0.099, 0.027, 0.095, 0.354, 0.025, 0.007]"
47.88,47.92,Liz,0.3316376507282257,,[],"[0.001, 0.098, 0.025, 0.094, 0.332, 0.026, 0.009]"
47.92,47.96,Liz,0.30936017632484436,,[],"[0.001, 0.098, 0.023, 0.093, 0.309, 0.027, 0.010]"
47.96,48.0,Liz,0.2875692844390869,,[],"[0.001, 0.100, 0.022, 0.092, 0.288, 0.029, 0.013]"
48.0,48.04,Liz,0.2662646472454071,,[],"[0.001, 0.103, 0.020, 0.091, 0.266, 0.031, 0.015]"
48.04,48.08,Liz,0.2454366385936737,,[],"[0.001, 0.107, 0.018, 0.089, 0.245, 0.032, 0.019]"
48.08,48.12,Liz,0.22512730956077576,,[],"[0.001, 0.113, 0.017, 0.087, 0.225, 0.034, 0.023]"
48.12,48.16,Liz,0.20538772642612457,,[],"[0.001, 0.120, 0.015, 0.085, 0.205, 0.037, 0.028]"
48.16,48.2,Liz,0.18625976145267487,,[],"[0.001, 0.129, 0.014, 0.083, 0.186, 0.039, 0.034]"
48.2,48.24,Liz,0.1677618771791458,,[],"[0.001, 0.139, 0.013, 0.082, 0.168, 0.042, 0.041]"
48.24,48.28,Yujin,0.1515417844057083,,[],"[0.001, 0.152, 0.012, 0.080, 0.150, 0.046, 0.049]"
48.28,48.32,Yujin,0.16541332006454468,,[],"[0.001, 0.165, 0.011, 0.079, 0.133, 0.050, 0.060]"
48.32,48.36,Yujin,0.18078549206256866,,[],"[0.001, 0.181, 0.010, 0.078, 0.117, 0.054, 0.071]"
48.36,48.4,Yujin,0.19741858541965485,,[],"[0.001, 0.197, 0.009, 0.077, 0.102, 0.060, 0.085]"
48.4,48.44,Yujin,0.21495606005191803,,[],"[0.001, 0.215, 0.009, 0.077, 0.089, 0.066, 0.101]"
48.44,48.48,Yujin,0.23285219073295593,,[],"[0.001, 0.233, 0.008, 0.077, 0.076, 0.074, 0.118]"
48.48,48.52,Yujin,0.25048306584358215,,[],"[0.001, 0.250, 0.008, 0.078, 0.065, 0.083, 0.137]"
48.52,48.56,Yujin,0.2671550214290619,,[],"[0.001, 0.267, 0.007, 0.079, 0.055, 0.093, 0.158]"
48.56,48.6,Yujin,0.28214433789253235,,[],"[0.001, 0.282, 0.007, 0.081, 0.047, 0.105, 0.180]"
48.6,48.64,Yujin,0.2947046458721161,,[],"[0.001, 0.295, 0.007, 0.084, 0.040, 0.118, 0.203]"
48.64,48.68,Yujin,0.3041157126426697,,[],"[0.001, 0.304, 0.006, 0.086, 0.033, 0.134, 0.226]"
48.68,48.72,Yujin,0.3097168207168579,,[],"[0.001, 0.310, 0.006, 0.090, 0.028, 0.151, 0.248]"
48.72,48.76,Yujin,0.31092140078544617,,[],"[0.001, 0.311, 0.006, 0.094, 0.024, 0.169, 0.270]"
48.76,48.8,Yujin,0.3072996139526367,,[],"[0.001, 0.307, 0.006, 0.099, 0.020, 0.189, 0.291]"
48.8,48.84,silence,0.3109597861766815,,[],"[0.001, 0.299, 0.007, 0.104, 0.017, 0.211, 0.311]"
48.84,48.88,silence,0.32896310091018677,,[],"[0.001, 0.285, 0.007, 0.110, 0.014, 0.233, 0.329]"
48.88,48.92,silence,0.34521499276161194,,[],"[0.001, 0.266, 0.007, 0.117, 0.012, 0.255, 0.345]"
48.92,48.96,silence,0.35951197147369385,,[],"[0.001, 0.244, 0.008, 0.124, 0.011, 0.278, 0.360]"
48.96,49.0,silence,0.37164127826690674,,[],"[0.001, 0.219, 0.009, 0.131, 0.009, 0.299, 0.372]"
49.0,49.04,silence,0.38142722845077515,,[],"[0.001, 0.192, 0.010, 0.139, 0.008, 0.319, 0.381]"
49.04,49.08,silence,0.3887707591056824,,[],"[0.002, 0.165, 0.011, 0.147, 0.007, 0.337, 0.389]"
49.08,49.12,silence,0.3936150074005127,,[],"[0.002, 0.139, 0.012, 0.155, 0.007, 0.353, 0.394]"
49.12,49.16,silence,0.39592212438583374,,[],"[0.002, 0.115, 0.014, 0.163, 0.006, 0.367, 0.396]"
49.16,49.2,silence,0.39568671584129333,,[],"[0.002, 0.093, 0.016, 0.171, 0.006, 0.377, 0.396]"
49.2,49.24,silence,0.392983615398407,,[],"[0.003, 0.075, 0.019, 0.179, 0.005, 0.384, 0.393]"
49.24,49.28,silence,0.3879458010196686,,[],"[0.003, 0.059, 0.023, 0.186, 0.005, 0.387, 0.388]"
49.28,49.32,Leeseo,0.3875102996826172,,[],"[0.003, 0.047, 0.028, 0.193, 0.005, 0.388, 0.381]"
49.32,49.36,Leeseo,0.3847962021827698,,[],"[0.004, 0.036, 0.033, 0.199, 0.005, 0.385, 0.371]"
49.36,49.4,Leeseo,0.37921151518821716,,[],"[0.004, 0.028, 0.041, 0.204, 0.005, 0.379, 0.360]"
49.4,49.44,Leeseo,0.3710036873817444,,[],"[0.004, 0.022, 0.050, 0.208, 0.005, 0.371, 0.346]"
49.44,49.48,Leeseo,0.36046314239501953,,[],"[0.005, 0.017, 0.061, 0.211, 0.005, 0.360, 0.331]"
49.48,49.52,Leeseo,0.3478628396987915,,[],"[0.005, 0.013, 0.076, 0.213, 0.005, 0.348, 0.314]"
49.52,49.56,Leeseo,0.33356109261512756,,[],"[0.006, 0.010, 0.093, 0.215, 0.005, 0.334, 0.296]"
49.56,49.6,Leeseo,0.3178984522819519,,[],"[0.006, 0.008, 0.115, 0.215, 0.005, 0.318, 0.276]"
49.6,49.64,Leeseo,0.301272988319397,,[],"[0.007, 0.006, 0.142, 0.215, 0.005, 0.301, 0.256]"
49.64,49.68,Leeseo,0.2840847074985504,,[],"[0.007, 0.005, 0.174, 0.214, 0.005, 0.284, 0.235]"
49.68,49.72,Leeseo,0.26670172810554504,,[],"[0.007, 0.004, 0.211, 0.212, 0.006, 0.267, 0.214]"
49.72,49.76,Rei,0.25263339281082153,,[],"[0.008, 0.003, 0.253, 0.210, 0.006, 0.249, 0.193]"
49.76,49.8,Rei,0.2990419864654541,,[],"[0.008, 0.003, 0.299, 0.207, 0.006, 0.233, 0.173]"
49.8,49.84,Rei,0.3489527702331543,,[],"[0.008, 0.002, 0.349, 0.204, 0.006, 0.217, 0.154]"
49.84,49.88,Rei,0.40105319023132324,,[],"[0.008, 0.002, 0.401, 0.201, 0.007, 0.201, 0.137]"
49.88,49.92,Rei,0.4538814425468445,,[],"[0.008, 0.002, 0.454, 0.197, 0.007, 0.187, 0.120]"
49.92,49.96,Rei,0.5059414505958557,,[],"[0.008, 0.001, 0.506, 0.194, 0.008, 0.174, 0.105]"
49.96,50.0,Rei,0.5559034943580627,,[],"[0.008, 0.001, 0.556, 0.190, 0.008, 0.163, 0.092]"
50.0,50.04,Rei,0.6028026938438416,,[],"[0.008, 0.001, 0.603, 0.187, 0.009, 0.152, 0.080]"
50.04,50.08,Rei,0.6460622549057007,Rei,[0.646],"[0.007, 0.001, 0.646, 0.184, 0.009, 0.142, 0.070]"
50.08,50.12,Rei,0.6854369640350342,Rei,[0.685],"[0.007, 0.001, 0.685, 0.181, 0.010, 0.133, 0.061]"
50.12,50.16,Rei,0.7208861112594604,Rei,[0.721],"[0.007, 0.001, 0.721, 0.179, 0.010, 0.125, 0.053]"
50.16,50.2,Rei,0.7525883316993713,Rei,[0.753],"[0.006, 0.001, 0.753, 0.176, 0.011, 0.117, 0.046]"
50.2,50.24,Rei,0.7807745933532715,Rei,[0.781],"[0.006, 0.001, 0.781, 0.174, 0.011, 0.110, 0.040]"
50.24,50.28,Rei,0.8056604266166687,Rei,[0.806],"[0.006, 0.001, 0.806, 0.171, 0.012, 0.103, 0.035]"
50.28,50.32,Rei,0.8274814486503601,Rei,[0.827],"[0.005, 0.001, 0.827, 0.169, 0.012, 0.096, 0.030]"
50.32,50.36,Rei,0.846497654914856,Rei,[0.846],"[0.005, 0.001, 0.846, 0.166, 0.013, 0.090, 0.027]"
50.36,50.4,Rei,0.8630059957504272,Rei,[0.863],"[0.005, 0.001, 0.863, 0.163, 0.013, 0.083, 0.023]"
50.4,50.44,Rei,0.8772804141044617,Rei,[0.877],"[0.005, 0.001, 0.877, 0.159, 0.014, 0.077, 0.021]"
50.44,50.48,Rei,0.8895413279533386,Rei,[0.890],"[0.004, 0.001, 0.890, 0.155, 0.015, 0.071, 0.018]"
50.48,50.52,Rei,0.9000040292739868,Rei,[0.900],"[0.004, 0.001, 0.900, 0.150, 0.015, 0.065, 0.016]"
50.52,50.56,Rei,0.908892810344696,Rei,[0.909],"[0.004, 0.001, 0.909, 0.144, 0.016, 0.059, 0.014]"
50.56,50.6,Rei,0.9164140820503235,Rei,[0.916],"[0.004, 0.001, 0.916, 0.138, 0.017, 0.054, 0.013]"
50.6,50.64,Rei,0.9227548241615295,Rei,[0.923],"[0.004, 0.001, 0.923, 0.131, 0.017, 0.049, 0.011]"
50.64,50.68,Rei,0.9280855655670166,Rei,[0.928],"[0.004, 0.001, 0.928, 0.124, 0.018, 0.044, 0.010]"
50.68,50.72,Rei,0.9325434565544128,Rei,[0.933],"[0.004, 0.001, 0.933, 0.116, 0.019, 0.040, 0.009]"
50.72,50.76,Rei,0.9362470507621765,Rei,[0.936],"[0.004, 0.002, 0.936, 0.108, 0.020, 0.036, 0.009]"
50.76,50.8,Rei,0.9392929077148438,Rei,[0.939],"[0.004, 0.002, 0.939, 0.100, 0.021, 0.032, 0.008]"
50.8,50.84,Rei,0.9417568445205688,Rei,[0.942],"[0.005, 0.002, 0.942, 0.092, 0.022, 0.029, 0.007]"
50.84,50.88,Rei,0.9437090158462524,Rei,[0.944],"[0.005, 0.003, 0.944, 0.085, 0.022, 0.026, 0.007]"
50.88,50.92,Rei,0.945218563079834,Rei,[0.945],"[0.005, 0.003, 0.945, 0.077, 0.023, 0.023, 0.006]"
50.92,50.96,Rei,0.9463534951210022,Rei,[0.946],"[0.006, 0.004, 0.946, 0.070, 0.024, 0.021, 0.006]"
50.96,51.0,Rei,0.947171151638031,Rei,[0.947],"[0.006, 0.005, 0.947, 0.064, 0.025, 0.019, 0.006]"
51.0,51.04,Rei,0.9477233290672302,Rei,[0.948],"[0.006, 0.006, 0.948, 0.057, 0.025, 0.017, 0.006]"
51.04,51.08,Rei,0.9480525851249695,Rei,[0.948],"[0.007, 0.007, 0.948, 0.052, 0.026, 0.016, 0.005]"
51.08,51.12,Rei,0.9481894373893738,Rei,[0.948],"[0.007, 0.009, 0.948, 0.047, 0.026, 0.015, 0.005]"
51.12,51.16,Rei,0.9481520056724548,Rei,[0.948],"[0.008, 0.011, 0.948, 0.043, 0.027, 0.014, 0.005]"
51.16,51.2,Rei,0.9479506611824036,Rei,[0.948],"[0.009, 0.013, 0.948, 0.039, 0.027, 0.013, 0.005]"
51.2,51.24,Rei,0.9475853443145752,Rei,[0.948],"[0.009, 0.016, 0.948, 0.036, 0.027, 0.013, 0.005]"
51.24,51.28,Rei,0.947060763835907,Rei,[0.947],"[0.010, 0.019, 0.947, 0.033, 0.027, 0.012, 0.005]"
51.28,51.32,Rei,0.9463807344436646,Rei,[0.946],"[0.011, 0.021, 0.946, 0.031, 0.027, 0.012, 0.005]"
51.32,51.36,Rei,0.9455464482307434,Rei,[0.946],"[0.011, 0.025, 0.946, 0.029, 0.027, 0.011, 0.005]"
51.36,51.4,Rei,0.9445440173149109,Rei,[0.945],"[0.012, 0.028, 0.945, 0.028, 0.027, 0.011, 0.005]"
51.4,51.44,Rei,0.9433762431144714,Rei,[0.943],"[0.013, 0.031, 0.943, 0.027, 0.027, 0.011, 0.005]"
51.44,51.48,Rei,0.9420594573020935,Rei,[0.942],"[0.014, 0.033, 0.942, 0.026, 0.027, 0.011, 0.005]"
51.48,51.52,Rei,0.9406405687332153,Rei,[0.941],"[0.015, 0.036, 0.941, 0.026, 0.027, 0.011, 0.005]"
51.52,51.56,Rei,0.9391836524009705,Rei,[0.939],"[0.016, 0.038, 0.939, 0.025, 0.026, 0.012, 0.006]"
51.56,51.6,Rei,0.9377580881118774,Rei,[0.938],"[0.016, 0.039, 0.938, 0.025, 0.026, 0.012, 0.006]"
51.6,51.64,Rei,0.9364517331123352,Rei,[0.936],"[0.017, 0.040, 0.936, 0.026, 0.026, 0.012, 0.006]"
51.64,51.68,Rei,0.9353511333465576,Rei,[0.935],"[0.018, 0.041, 0.935, 0.026, 0.026, 0.012, 0.006]"
51.68,51.72,Rei,0.9345313906669617,Rei,[0.935],"[0.019, 0.041, 0.935, 0.027, 0.026, 0.012, 0.006]"
51.72,51.76,Rei,0.9340702295303345,Rei,[0.934],"[0.019, 0.040, 0.934, 0.028, 0.025, 0.012, 0.007]"
51.76,51.8,Rei,0.9340196847915649,Rei,[0.934],"[0.020, 0.040, 0.934, 0.029, 0.025, 0.012, 0.007]"
51.8,51.84,Rei,0.9344130158424377,Rei,[0.934],"[0.020, 0.039, 0.934, 0.030, 0.025, 0.012, 0.007]"
51.84,51.88,Rei,0.9352612495422363,Rei,[0.935],"[0.020, 0.037, 0.935, 0.031, 0.025, 0.012, 0.008]"
51.88,51.92,Rei,0.9365276098251343,Rei,[0.937],"[0.021, 0.036, 0.937, 0.032, 0.024, 0.012, 0.008]"
51.92,51.96,Rei,0.9381455779075623,Rei,[0.938],"[0.021, 0.035, 0.938, 0.034, 0.024, 0.011, 0.009]"
51.96,52.0,Rei,0.9400341510772705,Rei,[0.940],"[0.021, 0.033, 0.940, 0.035, 0.024, 0.011, 0.009]"
52.0,52.04,Rei,0.9420989155769348,Rei,[0.942],"[0.021, 0.032, 0.942, 0.037, 0.023, 0.011, 0.009]"
52.04,52.08,Rei,0.9442410469055176,Rei,[0.944],"[0.021, 0.031, 0.944, 0.038, 0.023, 0.010, 0.010]"
52.08,52.12,Rei,0.9463699460029602,Rei,[0.946],"[0.021, 0.030, 0.946, 0.039, 0.022, 0.009, 0.010]"
52.12,52.16,Rei,0.9484201073646545,Rei,[0.948],"[0.021, 0.029, 0.948, 0.040, 0.022, 0.009, 0.011]"
52.16,52.2,Rei,0.9503178000450134,Rei,[0.950],"[0.021, 0.028, 0.950, 0.041, 0.022, 0.008, 0.011]"
52.2,52.24,Rei,0.9519896507263184,Rei,[0.952],"[0.021, 0.028, 0.952, 0.042, 0.021, 0.008, 0.012]"
52.24,52.28,Rei,0.9533726572990417,Rei,[0.953],"[0.021, 0.027, 0.953, 0.042, 0.021, 0.007, 0.012]"
52.28,52.32,Rei,0.9544298648834229,Rei,[0.954],"[0.021, 0.027, 0.954, 0.042, 0.020, 0.007, 0.012]"
52.32,52.36,Rei,0.9551447033882141,Rei,[0.955],"[0.020, 0.027, 0.955, 0.042, 0.020, 0.007, 0.012]"
52.36,52.4,Rei,0.9555000066757202,Rei,[0.956],"[0.020, 0.028, 0.956, 0.042, 0.019, 0.007, 0.013]"
52.4,52.44,Rei,0.9554896950721741,Rei,[0.955],"[0.020, 0.028, 0.955, 0.042, 0.019, 0.006, 0.013]"
52.44,52.48,Rei,0.955119252204895,Rei,[0.955],"[0.019, 0.029, 0.955, 0.041, 0.018, 0.006, 0.013]"
52.48,52.52,Rei,0.9543947577476501,Rei,[0.954],"[0.019, 0.030, 0.954, 0.040, 0.018, 0.006, 0.013]"
52.52,52.56,Rei,0.9533180594444275,Rei,[0.953],"[0.019, 0.031, 0.953, 0.040, 0.017, 0.006, 0.013]"
52.56,52.6,Rei,0.9518976807594299,Rei,[0.952],"[0.019, 0.032, 0.952, 0.039, 0.017, 0.006, 0.013]"
52.6,52.64,Rei,0.9501371383666992,Rei,[0.950],"[0.018, 0.033, 0.950, 0.038, 0.016, 0.006, 0.012]"
52.64,52.68,Rei,0.9480249285697937,Rei,[0.948],"[0.018, 0.035, 0.948, 0.037, 0.015, 0.007, 0.012]"
52.68,52.72,Rei,0.9455459713935852,Rei,[0.946],"[0.018, 0.037, 0.946, 0.036, 0.014, 0.007, 0.012]"
52.72,52.76,Rei,0.9426791071891785,Rei,[0.943],"[0.018, 0.038, 0.943, 0.035, 0.014, 0.008, 0.011]"
52.76,52.8,Rei,0.9394068121910095,Rei,[0.939],"[0.018, 0.040, 0.939, 0.034, 0.013, 0.008, 0.011]"
52.8,52.84,Rei,0.9357255101203918,Rei,[0.936],"[0.018, 0.042, 0.936, 0.033, 0.012, 0.009, 0.010]"
52.84,52.88,Rei,0.9316478967666626,Rei,[0.932],"[0.019, 0.044, 0.932, 0.032, 0.011, 0.011, 0.010]"
52.88,52.92,Rei,0.9272102117538452,Rei,[0.927],"[0.019, 0.046, 0.927, 0.031, 0.011, 0.012, 0.009]"
52.92,52.96,Rei,0.9224461317062378,Rei,[0.922],"[0.019, 0.048, 0.922, 0.030, 0.010, 0.014, 0.009]"
52.96,53.0,Rei,0.9174067974090576,Rei,[0.917],"[0.020, 0.050, 0.917, 0.029, 0.010, 0.016, 0.008]"
53.0,53.04,Rei,0.9121736288070679,Rei,[0.912],"[0.021, 0.051, 0.912, 0.028, 0.009, 0.019, 0.008]"
53.04,53.08,Rei,0.9068549871444702,Rei,[0.907],"[0.022, 0.053, 0.907, 0.027, 0.008, 0.023, 0.007]"
53.08,53.12,Rei,0.9016045331954956,Rei,[0.902],"[0.023, 0.054, 0.902, 0.027, 0.008, 0.028, 0.006]"
53.12,53.16,Rei,0.8966218829154968,Rei,[0.897],"[0.024, 0.055, 0.897, 0.026, 0.008, 0.033, 0.006]"
53.16,53.2,Rei,0.8921494483947754,Rei,[0.892],"[0.026, 0.055, 0.892, 0.025, 0.007, 0.039, 0.005]"
53.2,53.24,Rei,0.8884426355361938,Rei,[0.888],"[0.028, 0.056, 0.888, 0.024, 0.007, 0.046, 0.005]"
53.24,53.28,Rei,0.8857426047325134,Rei,[0.886],"[0.029, 0.056, 0.886, 0.023, 0.007, 0.055, 0.005]"
53.28,53.32,Rei,0.8842536211013794,Rei,[0.884],"[0.032, 0.056, 0.884, 0.022, 0.006, 0.064, 0.004]"
53.32,53.36,Rei,0.8841172456741333,Rei,[0.884],"[0.034, 0.056, 0.884, 0.022, 0.006, 0.074, 0.004]"
53.36,53.4,Rei,0.8854551315307617,Rei,[0.885],"[0.036, 0.056, 0.885, 0.021, 0.006, 0.084, 0.004]"
53.4,53.44,Rei,0.8882737755775452,Rei,[0.888],"[0.039, 0.056, 0.888, 0.020, 0.005, 0.094, 0.003]"
53.44,53.48,Rei,0.8924612998962402,Rei,[0.892],"[0.042, 0.056, 0.892, 0.019, 0.005, 0.104, 0.003]"
53.48,53.52,Rei,0.8978216648101807,Rei,[0.898],"[0.045, 0.056, 0.898, 0.019, 0.005, 0.113, 0.003]"
53.52,53.56,Rei,0.9040987491607666,Rei,[0.904],"[0.048, 0.056, 0.904, 0.018, 0.005, 0.122, 0.003]"
53.56,53.6,Rei,0.9110119342803955,Rei,[0.911],"[0.052, 0.056, 0.911, 0.017, 0.005, 0.128, 0.003]"
53.6,53.64,Rei,0.9182823896408081,Rei,[0.918],"[0.055, 0.056, 0.918, 0.017, 0.005, 0.133, 0.003]"
53.64,53.68,Rei,0.9256480932235718,Rei,[0.926],"[0.058, 0.056, 0.926, 0.016, 0.004, 0.136, 0.002]"
53.68,53.72,Rei,0.9328728318214417,Rei,[0.933],"[0.062, 0.056, 0.933, 0.016, 0.004, 0.137, 0.002]"
53.72,53.76,Rei,0.9397533535957336,Rei,[0.940],"[0.065, 0.056, 0.940, 0.015, 0.004, 0.136, 0.002]"
53.76,53.8,Rei,0.9461427927017212,Rei,[0.946],"[0.068, 0.057, 0.946, 0.015, 0.004, 0.134, 0.002]"
53.8,53.84,Rei,0.9519447088241577,Rei,[0.952],"[0.071, 0.057, 0.952, 0.014, 0.004, 0.130, 0.002]"
53.84,53.88,Rei,0.9571120738983154,Rei,[0.957],"[0.073, 0.058, 0.957, 0.014, 0.004, 0.124, 0.002]"
53.88,53.92,Rei,0.9616425633430481,Rei,[0.962],"[0.075, 0.058, 0.962, 0.013, 0.004, 0.118, 0.002]"
53.92,53.96,Rei,0.9655607342720032,Rei,[0.966],"[0.077, 0.058, 0.966, 0.013, 0.004, 0.110, 0.002]"
53.96,54.0,Rei,0.9689053297042847,Rei,[0.969],"[0.078, 0.059, 0.969, 0.013, 0.004, 0.102, 0.002]"
54.0,54.04,Rei,0.9717171788215637,Rei,[0.972],"[0.079, 0.059, 0.972, 0.013, 0.004, 0.094, 0.002]"
54.04,54.08,Rei,0.974043071269989,Rei,[0.974],"[0.079, 0.059, 0.974, 0.012, 0.004, 0.086, 0.002]"
54.08,54.12,Rei,0.9759272336959839,Rei,[0.976],"[0.079, 0.059, 0.976, 0.012, 0.004, 0.079, 0.002]"
54.12,54.16,Rei,0.9774037599563599,Rei,[0.977],"[0.078, 0.059, 0.977, 0.012, 0.004, 0.071, 0.002]"
54.16,54.2,Rei,0.9785038828849792,Rei,[0.979],"[0.078, 0.059, 0.979, 0.012, 0.004, 0.064, 0.002]"
54.2,54.24,Rei,0.9792611002922058,Rei,[0.979],"[0.077, 0.059, 0.979, 0.012, 0.004, 0.058, 0.002]"
54.24,54.28,Rei,0.9797051548957825,Rei,[0.980],"[0.075, 0.058, 0.980, 0.012, 0.004, 0.053, 0.002]"
54.28,54.32,Rei,0.9798506498336792,Rei,[0.980],"[0.074, 0.057, 0.980, 0.012, 0.004, 0.048, 0.002]"
54.32,54.36,Rei,0.9796938300132751,Rei,[0.980],"[0.073, 0.056, 0.980, 0.012, 0.004, 0.044, 0.002]"
54.36,54.4,Rei,0.979221761226654,Rei,[0.979],"[0.071, 0.055, 0.979, 0.012, 0.004, 0.040, 0.002]"
54.4,54.44,Rei,0.9784128069877625,Rei,[0.978],"[0.070, 0.053, 0.978, 0.012, 0.004, 0.037, 0.002]"
54.44,54.48,Rei,0.9772335290908813,Rei,[0.977],"[0.068, 0.051, 0.977, 0.012, 0.004, 0.035, 0.002]"
54.48,54.52,Rei,0.9756335020065308,Rei,[0.976],"[0.066, 0.049, 0.976, 0.013, 0.004, 0.033, 0.002]"
54.52,54.56,Rei,0.9735408425331116,Rei,[0.974],"[0.064, 0.046, 0.974, 0.013, 0.004, 0.031, 0.002]"
54.56,54.6,Rei,0.9708622694015503,Rei,[0.971],"[0.062, 0.044, 0.971, 0.013, 0.004, 0.030, 0.003]"
54.6,54.64,Rei,0.9674780964851379,Rei,[0.967],"[0.060, 0.041, 0.967, 0.014, 0.004, 0.030, 0.003]"
54.64,54.68,Rei,0.9632332921028137,Rei,[0.963],"[0.058, 0.038, 0.963, 0.014, 0.004, 0.030, 0.003]"
54.68,54.72,Rei,0.9579318165779114,Rei,[0.958],"[0.056, 0.035, 0.958, 0.015, 0.005, 0.030, 0.003]"
54.72,54.76,Rei,0.9513322710990906,Rei,[0.951],"[0.054, 0.032, 0.951, 0.015, 0.005, 0.030, 0.004]"
54.76,54.8,Rei,0.9431518912315369,Rei,[0.943],"[0.052, 0.029, 0.943, 0.016, 0.005, 0.031, 0.004]"
54.8,54.84,Rei,0.933080792427063,Rei,[0.933],"[0.050, 0.026, 0.933, 0.017, 0.005, 0.033, 0.005]"
54.84,54.88,Rei,0.9207820296287537,Rei,[0.921],"[0.048, 0.024, 0.921, 0.018, 0.005, 0.034, 0.005]"
54.88,54.92,Rei,0.9058917164802551,Rei,[0.906],"[0.046, 0.021, 0.906, 0.019, 0.006, 0.036, 0.006]"
54.92,54.96,Rei,0.8880620002746582,Rei,[0.888],"[0.044, 0.019, 0.888, 0.020, 0.006, 0.039, 0.007]"
54.96,55.0,Rei,0.8670381307601929,Rei,[0.867],"[0.043, 0.017, 0.867, 0.021, 0.006, 0.041, 0.008]"
55.0,55.04,Rei,0.8426815271377563,Rei,[0.843],"[0.041, 0.015, 0.843, 0.023, 0.006, 0.045, 0.009]"
55.04,55.08,Rei,0.8150089979171753,Rei,[0.815],"[0.040, 0.013, 0.815, 0.025, 0.007, 0.048, 0.010]"
55.08,55.12,Rei,0.7842146754264832,Rei,[0.784],"[0.039, 0.012, 0.784, 0.027, 0.007, 0.052, 0.011]"
55.12,55.16,Rei,0.7506691813468933,Rei,[0.751],"[0.038, 0.011, 0.751, 0.029, 0.007, 0.056, 0.012]"
55.16,55.2,Rei,0.7148596048355103,Rei,[0.715],"[0.038, 0.010, 0.715, 0.031, 0.007, 0.061, 0.013]"
55.2,55.24,Rei,0.677459716796875,Rei,[0.677],"[0.038, 0.008, 0.677, 0.034, 0.007, 0.065, 0.014]"
55.24,55.28,Rei,0.6392440795898438,Rei,[0.639],"[0.038, 0.008, 0.639, 0.036, 0.008, 0.070, 0.015]"
55.28,55.32,Rei,0.6009951233863831,Rei,[0.601],"[0.038, 0.007, 0.601, 0.039, 0.008, 0.075, 0.016]"
55.32,55.36,Rei,0.5634722113609314,,[],"[0.038, 0.006, 0.563, 0.043, 0.008, 0.080, 0.017]"
55.36,55.4,Rei,0.5273566246032715,,[],"[0.039, 0.006, 0.527, 0.046, 0.008, 0.084, 0.018]"
55.4,55.44,Rei,0.49325865507125854,,[],"[0.040, 0.005, 0.493, 0.050, 0.008, 0.088, 0.019]"
55.44,55.48,Rei,0.46163469552993774,,[],"[0.041, 0.005, 0.462, 0.054, 0.008, 0.091, 0.019]"
55.48,55.52,Rei,0.43279337882995605,,[],"[0.043, 0.004, 0.433, 0.058, 0.008, 0.093, 0.020]"
55.52,55.56,Rei,0.4068787693977356,,[],"[0.046, 0.004, 0.407, 0.062, 0.008, 0.095, 0.020]"
55.56,55.6,Rei,0.3838781416416168,,[],"[0.049, 0.004, 0.384, 0.067, 0.008, 0.096, 0.019]"
55.6,55.64,Rei,0.36367470026016235,,[],"[0.052, 0.003, 0.364, 0.071, 0.008, 0.096, 0.019]"
55.64,55.68,Rei,0.34608832001686096,,[],"[0.057, 0.003, 0.346, 0.076, 0.008, 0.095, 0.018]"
55.68,55.72,Rei,0.33092671632766724,,[],"[0.062, 0.003, 0.331, 0.081, 0.008, 0.094, 0.018]"
55.72,55.76,Rei,0.3180080056190491,,[],"[0.068, 0.003, 0.318, 0.086, 0.008, 0.092, 0.017]"
55.76,55.8,Rei,0.30718478560447693,,[],"[0.075, 0.003, 0.307, 0.091, 0.008, 0.089, 0.016]"
55.8,55.84,Rei,0.2983752489089966,,[],"[0.084, 0.002, 0.298, 0.095, 0.008, 0.087, 0.015]"
55.84,55.88,Rei,0.29149699211120605,,[],"[0.094, 0.002, 0.291, 0.100, 0.008, 0.084, 0.014]"
55.88,55.92,Rei,0.28647029399871826,,[],"[0.106, 0.002, 0.286, 0.104, 0.008, 0.081, 0.013]"
55.92,55.96,Rei,0.28324663639068604,,[],"[0.118, 0.002, 0.283, 0.108, 0.008, 0.079, 0.012]"
55.96,56.0,Rei,0.28178927302360535,,[],"[0.133, 0.002, 0.282, 0.112, 0.008, 0.076, 0.011]"
56.0,56.04,Rei,0.2820967435836792,,[],"[0.148, 0.002, 0.282, 0.115, 0.008, 0.074, 0.011]"
56.04,56.08,Rei,0.28416451811790466,,[],"[0.164, 0.002, 0.284, 0.118, 0.008, 0.072, 0.010]"
56.08,56.12,Rei,0.2880057394504547,,[],"[0.181, 0.002, 0.288, 0.120, 0.008, 0.071, 0.009]"
56.12,56.16,Rei,0.2936616539955139,,[],"[0.198, 0.002, 0.294, 0.122, 0.008, 0.071, 0.008]"
56.16,56.2,Rei,0.30120840668678284,,[],"[0.215, 0.002, 0.301, 0.123, 0.008, 0.070, 0.008]"
56.2,56.24,Rei,0.31072163581848145,,[],"[0.230, 0.002, 0.311, 0.123, 0.009, 0.071, 0.007]"
56.24,56.28,Rei,0.3222818672657013,,[],"[0.244, 0.002, 0.322, 0.123, 0.009, 0.072, 0.006]"
56.28,56.32,Rei,0.3359907865524292,,[],"[0.256, 0.002, 0.336, 0.123, 0.009, 0.074, 0.006]"
56.32,56.36,Rei,0.3519524335861206,,[],"[0.266, 0.002, 0.352, 0.122, 0.010, 0.076, 0.005]"
56.36,56.4,Rei,0.370261549949646,,[],"[0.273, 0.002, 0.370, 0.121, 0.010, 0.079, 0.005]"
56.4,56.44,Rei,0.3909783661365509,,[],"[0.277, 0.002, 0.391, 0.119, 0.011, 0.082, 0.005]"
56.44,56.48,Rei,0.41411301493644714,,[],"[0.279, 0.002, 0.414, 0.117, 0.012, 0.086, 0.004]"
56.48,56.52,Rei,0.4396362006664276,,[],"[0.278, 0.002, 0.440, 0.114, 0.012, 0.090, 0.004]"
56.52,56.56,Rei,0.46748244762420654,,[],"[0.274, 0.002, 0.467, 0.112, 0.013, 0.095, 0.004]"
56.56,56.6,Rei,0.49741330742836,,[],"[0.269, 0.002, 0.497, 0.109, 0.014, 0.100, 0.004]"
56.6,56.64,Rei,0.5291645526885986,,[],"[0.262, 0.002, 0.529, 0.106, 0.014, 0.105, 0.003]"
56.64,56.68,Rei,0.5624516606330872,,[],"[0.254, 0.002, 0.562, 0.103, 0.015, 0.110, 0.003]"
56.68,56.72,Rei,0.5969269275665283,,[],"[0.244, 0.002, 0.597, 0.099, 0.016, 0.115, 0.003]"
56.72,56.76,Rei,0.6321654319763184,Rei,[0.632],"[0.234, 0.002, 0.632, 0.096, 0.017, 0.119, 0.003]"
56.76,56.8,Rei,0.6676328182220459,Rei,[0.668],"[0.223, 0.002, 0.668, 0.092, 0.017, 0.123, 0.003]"
56.8,56.84,Rei,0.70262211561203,Rei,[0.703],"[0.212, 0.002, 0.703, 0.088, 0.018, 0.126, 0.003]"
56.84,56.88,Rei,0.7363731265068054,Rei,[0.736],"[0.202, 0.002, 0.736, 0.084, 0.018, 0.128, 0.002]"
56.88,56.92,Rei,0.7681839466094971,Rei,[0.768],"[0.192, 0.003, 0.768, 0.080, 0.018, 0.128, 0.002]"
56.92,56.96,Rei,0.7975386381149292,Rei,[0.798],"[0.182, 0.003, 0.798, 0.077, 0.018, 0.127, 0.002]"
56.96,57.0,Rei,0.8240509033203125,Rei,[0.824],"[0.173, 0.003, 0.824, 0.073, 0.018, 0.125, 0.002]"
57.0,57.04,Rei,0.8474829196929932,Rei,[0.847],"[0.164, 0.004, 0.847, 0.070, 0.018, 0.122, 0.002]"
57.04,57.08,Rei,0.8678176999092102,Rei,[0.868],"[0.157, 0.004, 0.868, 0.067, 0.017, 0.117, 0.002]"
57.08,57.12,Rei,0.8851876258850098,Rei,[0.885],"[0.150, 0.005, 0.885, 0.064, 0.017, 0.111, 0.002]"
57.12,57.16,Rei,0.8998172283172607,Rei,[0.900],"[0.144, 0.006, 0.900, 0.062, 0.016, 0.104, 0.002]"
57.16,57.2,Rei,0.9120000004768372,Rei,[0.912],"[0.139, 0.007, 0.912, 0.060, 0.015, 0.097, 0.002]"
57.2,57.24,Rei,0.9220307469367981,Rei,[0.922],"[0.134, 0.008, 0.922, 0.058, 0.014, 0.088, 0.002]"
57.24,57.28,Rei,0.9301882386207581,Rei,[0.930],"[0.131, 0.009, 0.930, 0.057, 0.014, 0.080, 0.002]"
57.28,57.32,Rei,0.9367415904998779,Rei,[0.937],"[0.129, 0.011, 0.937, 0.056, 0.013, 0.072, 0.002]"
57.32,57.36,Rei,0.9419236183166504,Rei,[0.942],"[0.127, 0.013, 0.942, 0.055, 0.012, 0.064, 0.002]"
57.36,57.4,Rei,0.9459224939346313,Rei,[0.946],"[0.126, 0.015, 0.946, 0.055, 0.012, 0.056, 0.002]"
57.4,57.44,Rei,0.9488935470581055,Rei,[0.949],"[0.125, 0.017, 0.949, 0.055, 0.011, 0.049, 0.002]"
57.44,57.48,Rei,0.9509662985801697,Rei,[0.951],"[0.125, 0.020, 0.951, 0.055, 0.010, 0.043, 0.002]"
57.48,57.52,Rei,0.952239990234375,Rei,[0.952],"[0.125, 0.023, 0.952, 0.056, 0.010, 0.038, 0.001]"
57.52,57.56,Rei,0.9527855515480042,Rei,[0.953],"[0.126, 0.027, 0.953, 0.057, 0.009, 0.033, 0.001]"
57.56,57.6,Rei,0.9526594877243042,Rei,[0.953],"[0.126, 0.030, 0.953, 0.058, 0.009, 0.029, 0.001]"
57.6,57.64,Rei,0.9518996477127075,Rei,[0.952],"[0.127, 0.034, 0.952, 0.060, 0.008, 0.025, 0.001]"
57.64,57.68,Rei,0.9505316615104675,Rei,[0.951],"[0.127, 0.038, 0.951, 0.061, 0.008, 0.022, 0.001]"
57.68,57.72,Rei,0.948566734790802,Rei,[0.949],"[0.127, 0.042, 0.949, 0.063, 0.008, 0.020, 0.001]"
57.72,57.76,Rei,0.9459906220436096,Rei,[0.946],"[0.127, 0.046, 0.946, 0.065, 0.008, 0.018, 0.001]"
57.76,57.8,Rei,0.9427719712257385,Rei,[0.943],"[0.126, 0.050, 0.943, 0.067, 0.007, 0.016, 0.001]"
57.8,57.84,Rei,0.9388521313667297,Rei,[0.939],"[0.124, 0.054, 0.939, 0.069, 0.007, 0.014, 0.001]"
57.84,57.88,Rei,0.9341594576835632,Rei,[0.934],"[0.123, 0.058, 0.934, 0.072, 0.007, 0.013, 0.001]"
57.88,57.92,Rei,0.928625762462616,Rei,[0.929],"[0.121, 0.062, 0.929, 0.074, 0.007, 0.012, 0.001]"
57.92,57.96,Rei,0.9221819639205933,Rei,[0.922],"[0.118, 0.065, 0.922, 0.077, 0.007, 0.011, 0.001]"
57.96,58.0,Rei,0.9147586226463318,Rei,[0.915],"[0.116, 0.069, 0.915, 0.080, 0.006, 0.010, 0.001]"
58.0,58.04,Rei,0.9062783122062683,Rei,[0.906],"[0.113, 0.073, 0.906, 0.083, 0.006, 0.009, 0.001]"
58.04,58.08,Rei,0.8966757655143738,Rei,[0.897],"[0.110, 0.077, 0.897, 0.086, 0.006, 0.009, 0.001]"
58.08,58.12,Rei,0.8858909606933594,Rei,[0.886],"[0.107, 0.082, 0.886, 0.089, 0.006, 0.008, 0.001]"
58.12,58.16,Rei,0.8738735914230347,Rei,[0.874],"[0.104, 0.087, 0.874, 0.092, 0.005, 0.008, 0.001]"
58.16,58.2,Rei,0.8605481386184692,Rei,[0.861],"[0.102, 0.092, 0.861, 0.095, 0.005, 0.008, 0.001]"
58.2,58.24,Rei,0.8458548188209534,Rei,[0.846],"[0.099, 0.099, 0.846, 0.098, 0.005, 0.007, 0.001]"
58.24,58.28,Rei,0.8297204375267029,Rei,[0.830],"[0.097, 0.106, 0.830, 0.101, 0.005, 0.007, 0.001]"
58.28,58.32,Rei,0.8120783567428589,Rei,[0.812],"[0.095, 0.114, 0.812, 0.104, 0.004, 0.007, 0.001]"
58.32,58.36,Rei,0.7928613424301147,Rei,[0.793],"[0.093, 0.124, 0.793, 0.107, 0.004, 0.007, 0.001]"
58.36,58.4,Rei,0.7720369100570679,Rei,[0.772],"[0.091, 0.135, 0.772, 0.110, 0.004, 0.007, 0.001]"
58.4,58.44,Rei,0.749586284160614,Rei,[0.750],"[0.090, 0.147, 0.750, 0.113, 0.003, 0.006, 0.001]"
58.44,58.48,Rei,0.725532054901123,Rei,[0.726],"[0.088, 0.162, 0.726, 0.115, 0.003, 0.006, 0.001]"
58.48,58.52,Rei,0.6999413371086121,Rei,[0.700],"[0.087, 0.177, 0.700, 0.117, 0.003, 0.006, 0.001]"
58.52,58.56,Rei,0.6729267239570618,Rei,[0.673],"[0.086, 0.195, 0.673, 0.119, 0.003, 0.006, 0.001]"
58.56,58.6,Rei,0.6446775197982788,Rei,[0.645],"[0.085, 0.214, 0.645, 0.120, 0.002, 0.006, 0.001]"
58.6,58.64,Rei,0.6153807044029236,Rei,[0.615],"[0.085, 0.234, 0.615, 0.121, 0.002, 0.006, 0.002]"
58.64,58.68,Rei,0.5852309465408325,Rei,[0.585],"[0.084, 0.256, 0.585, 0.122, 0.002, 0.006, 0.002]"
58.68,58.72,Rei,0.5544939637184143,,[],"[0.084, 0.279, 0.554, 0.123, 0.002, 0.006, 0.002]"
58.72,58.76,Rei,0.5234675407409668,,[],"[0.083, 0.303, 0.523, 0.124, 0.002, 0.006, 0.002]"
58.76,58.8,Rei,0.49244779348373413,,[],"[0.083, 0.326, 0.492, 0.124, 0.002, 0.006, 0.002]"
58.8,58.84,Rei,0.46174824237823486,,[],"[0.082, 0.349, 0.462, 0.124, 0.001, 0.007, 0.002]"
58.84,58.88,Rei,0.4317256808280945,,[],"[0.082, 0.371, 0.432, 0.124, 0.001, 0.007, 0.002]"
58.88,58.92,Rei,0.40277090668678284,,[],"[0.082, 0.391, 0.403, 0.124, 0.001, 0.007, 0.002]"
58.92,58.96,Yujin,0.4096015989780426,,[],"[0.081, 0.410, 0.375, 0.123, 0.001, 0.007, 0.002]"
58.96,59.0,Yujin,0.42563167214393616,,[],"[0.081, 0.426, 0.349, 0.122, 0.001, 0.007, 0.003]"
59.0,59.04,Yujin,0.4390316605567932,,[],"[0.081, 0.439, 0.325, 0.121, 0.001, 0.008, 0.003]"
59.04,59.08,Yujin,0.44955798983573914,,[],"[0.081, 0.450, 0.303, 0.119, 0.001, 0.008, 0.003]"
59.08,59.12,Yujin,0.457004189491272,,[],"[0.081, 0.457, 0.283, 0.117, 0.001, 0.009, 0.003]"
59.12,59.16,Yujin,0.46121641993522644,,[],"[0.081, 0.461, 0.265, 0.114, 0.001, 0.009, 0.003]"
59.16,59.2,Yujin,0.46215546131134033,,[],"[0.081, 0.462, 0.250, 0.111, 0.001, 0.010, 0.003]"
59.2,59.24,Yujin,0.4598463773727417,,[],"[0.081, 0.460, 0.236, 0.108, 0.001, 0.010, 0.003]"
59.24,59.28,Yujin,0.45434755086898804,,[],"[0.081, 0.454, 0.225, 0.104, 0.001, 0.011, 0.003]"
59.28,59.32,Yujin,0.44581422209739685,,[],"[0.082, 0.446, 0.216, 0.100, 0.001, 0.011, 0.003]"
59.32,59.36,Yujin,0.4345405399799347,,[],"[0.082, 0.435, 0.209, 0.096, 0.001, 0.012, 0.003]"
59.36,59.4,Yujin,0.4208585321903229,,[],"[0.082, 0.421, 0.203, 0.091, 0.002, 0.013, 0.003]"
59.4,59.44,Yujin,0.40513747930526733,,[],"[0.083, 0.405, 0.200, 0.087, 0.002, 0.014, 0.003]"
59.44,59.48,Yujin,0.38777363300323486,,[],"[0.084, 0.388, 0.199, 0.082, 0.002, 0.014, 0.003]"
59.48,59.52,Yujin,0.3691735863685608,,[],"[0.085, 0.369, 0.200, 0.078, 0.002, 0.015, 0.003]"
59.52,59.56,Yujin,0.34980401396751404,,[],"[0.085, 0.350, 0.202, 0.074, 0.002, 0.016, 0.003]"
59.56,59.6,Yujin,0.3301678001880646,,[],"[0.086, 0.330, 0.206, 0.070, 0.002, 0.017, 0.003]"
59.6,59.64,Yujin,0.3107032775878906,,[],"[0.087, 0.311, 0.211, 0.066, 0.002, 0.018, 0.003]"
59.64,59.68,Yujin,0.2918030619621277,,[],"[0.088, 0.292, 0.217, 0.062, 0.002, 0.018, 0.003]"
59.68,59.72,Yujin,0.2737624943256378,,[],"[0.089, 0.274, 0.225, 0.059, 0.003, 0.019, 0.003]"
59.72,59.76,Yujin,0.2567598819732666,,[],"[0.090, 0.257, 0.233, 0.056, 0.003, 0.020, 0.003]"
59.76,59.8,Rei,0.24260558187961578,,[],"[0.091, 0.241, 0.243, 0.053, 0.003, 0.020, 0.003]"
59.8,59.84,Rei,0.2530616819858551,,[],"[0.092, 0.226, 0.253, 0.051, 0.003, 0.021, 0.003]"
59.84,59.88,Rei,0.2643685042858124,,[],"[0.094, 0.213, 0.264, 0.049, 0.004, 0.022, 0.003]"
59.88,59.92,Rei,0.27636951208114624,,[],"[0.095, 0.200, 0.276, 0.048, 0.004, 0.022, 0.003]"
59.92,59.96,Rei,0.28884005546569824,,[],"[0.095, 0.189, 0.289, 0.046, 0.004, 0.023, 0.003]"
59.96,60.0,Rei,0.3015155494213104,,[],"[0.096, 0.179, 0.302, 0.045, 0.004, 0.023, 0.003]"
60.0,60.04,Rei,0.3141198456287384,,[],"[0.097, 0.170, 0.314, 0.045, 0.005, 0.024, 0.003]"
60.04,60.08,Rei,0.32636409997940063,,[],"[0.097, 0.162, 0.326, 0.044, 0.005, 0.024, 0.003]"
60.08,60.12,Rei,0.33794736862182617,,[],"[0.098, 0.155, 0.338, 0.044, 0.005, 0.024, 0.003]"
60.12,60.16,Rei,0.3485918939113617,,[],"[0.098, 0.148, 0.349, 0.044, 0.005, 0.025, 0.003]"
60.16,60.2,Rei,0.3581024408340454,,[],"[0.098, 0.143, 0.358, 0.045, 0.006, 0.025, 0.003]"
60.2,60.24,Rei,0.366286039352417,,[],"[0.098, 0.138, 0.366, 0.046, 0.006, 0.026, 0.003]"
60.24,60.28,Rei,0.37300947308540344,,[],"[0.098, 0.134, 0.373, 0.047, 0.006, 0.027, 0.003]"
60.28,60.32,Rei,0.37814953923225403,,[],"[0.097, 0.130, 0.378, 0.048, 0.007, 0.027, 0.004]"
60.32,60.36,Rei,0.3816255033016205,,[],"[0.097, 0.126, 0.382, 0.049, 0.007, 0.028, 0.004]"
60.36,60.4,Rei,0.38341423869132996,,[],"[0.096, 0.123, 0.383, 0.051, 0.007, 0.029, 0.004]"
60.4,60.44,Rei,0.38364043831825256,,[],"[0.096, 0.120, 0.384, 0.053, 0.008, 0.030, 0.004]"
60.44,60.48,Rei,0.38244619965553284,,[],"[0.095, 0.117, 0.382, 0.055, 0.008, 0.031, 0.004]"
60.48,60.52,Rei,0.37994906306266785,,[],"[0.094, 0.115, 0.380, 0.057, 0.008, 0.032, 0.004]"
60.52,60.56,Rei,0.37631094455718994,,[],"[0.094, 0.113, 0.376, 0.060, 0.009, 0.033, 0.004]"
60.56,60.6,Rei,0.3717363178730011,,[],"[0.093, 0.110, 0.372, 0.062, 0.009, 0.035, 0.004]"
60.6,60.64,Rei,0.3664504587650299,,[],"[0.092, 0.108, 0.366, 0.065, 0.009, 0.036, 0.004]"
60.64,60.68,Rei,0.3606805205345154,,[],"[0.091, 0.105, 0.361, 0.068, 0.009, 0.038, 0.004]"
60.68,60.72,Rei,0.35456201434135437,,[],"[0.091, 0.102, 0.355, 0.070, 0.010, 0.040, 0.005]"
60.72,60.76,Rei,0.3482470214366913,,[],"[0.090, 0.099, 0.348, 0.072, 0.010, 0.042, 0.005]"
60.76,60.8,Rei,0.34181901812553406,,[],"[0.090, 0.095, 0.342, 0.075, 0.010, 0.044, 0.005]"
60.8,60.84,Rei,0.3353869915008545,,[],"[0.090, 0.092, 0.335, 0.077, 0.010, 0.046, 0.005]"
60.84,60.88,Rei,0.32902199029922485,,[],"[0.090, 0.088, 0.329, 0.078, 0.010, 0.049, 0.005]"
60.88,60.92,Rei,0.3227817714214325,,[],"[0.090, 0.084, 0.323, 0.079, 0.010, 0.051, 0.005]"
60.92,60.96,Rei,0.3167308270931244,,[],"[0.091, 0.080, 0.317, 0.080, 0.010, 0.053, 0.005]"
60.96,61.0,Rei,0.3109038174152374,,[],"[0.091, 0.076, 0.311, 0.079, 0.010, 0.056, 0.005]"
61.0,61.04,Rei,0.3052990734577179,,[],"[0.092, 0.071, 0.305, 0.079, 0.010, 0.058, 0.005]"
61.04,61.08,Rei,0.2998655438423157,,[],"[0.094, 0.067, 0.300, 0.078, 0.010, 0.061, 0.005]"
61.08,61.12,Rei,0.2945026457309723,,[],"[0.096, 0.063, 0.295, 0.076, 0.010, 0.063, 0.005]"
61.12,61.16,Rei,0.289118230342865,,[],"[0.098, 0.059, 0.289, 0.074, 0.010, 0.066, 0.004]"
61.16,61.2,Rei,0.2836519777774811,,[],"[0.100, 0.056, 0.284, 0.071, 0.010, 0.068, 0.004]"
61.2,61.24,Rei,0.2780015170574188,,[],"[0.103, 0.053, 0.278, 0.068, 0.009, 0.071, 0.004]"
61.24,61.28,Rei,0.27204495668411255,,[],"[0.106, 0.050, 0.272, 0.065, 0.009, 0.073, 0.004]"
61.28,61.32,Rei,0.2656770348548889,,[],"[0.110, 0.047, 0.266, 0.061, 0.009, 0.076, 0.004]"
61.32,61.36,Rei,0.25879406929016113,,[],"[0.114, 0.045, 0.259, 0.057, 0.009, 0.078, 0.004]"
61.36,61.4,Rei,0.25129958987236023,,[],"[0.118, 0.044, 0.251, 0.053, 0.009, 0.081, 0.004]"
61.4,61.44,Rei,0.2431613653898239,,[],"[0.123, 0.042, 0.243, 0.049, 0.009, 0.083, 0.004]"
61.44,61.48,Rei,0.23440304398536682,,[],"[0.129, 0.041, 0.234, 0.045, 0.009, 0.086, 0.004]"
61.48,61.52,Rei,0.22504067420959473,,[],"[0.136, 0.041, 0.225, 0.041, 0.008, 0.088, 0.004]"
61.52,61.56,Rei,0.2151389867067337,,[],"[0.143, 0.040, 0.215, 0.037, 0.008, 0.091, 0.004]"
61.56,61.6,Rei,0.20480191707611084,,[],"[0.150, 0.041, 0.205, 0.033, 0.008, 0.093, 0.004]"
61.6,61.64,Rei,0.19415691494941711,,[],"[0.158, 0.041, 0.194, 0.030, 0.008, 0.095, 0.004]"
61.64,61.68,Rei,0.18332883715629578,,[],"[0.167, 0.042, 0.183, 0.027, 0.008, 0.097, 0.004]"
61.68,61.72,Gaeul,0.17647182941436768,,[],"[0.176, 0.043, 0.172, 0.024, 0.008, 0.098, 0.004]"
61.72,61.76,Gaeul,0.18615557253360748,,[],"[0.186, 0.044, 0.161, 0.022, 0.008, 0.100, 0.004]"
61.76,61.8,Gaeul,0.19616448879241943,,[],"[0.196, 0.045, 0.150, 0.020, 0.007, 0.101, 0.004]"
61.8,61.84,Gaeul,0.20639565587043762,,[],"[0.206, 0.047, 0.139, 0.018, 0.007, 0.101, 0.004]"
61.84,61.88,Gaeul,0.21674923598766327,,[],"[0.217, 0.049, 0.129, 0.017, 0.007, 0.102, 0.004]"
61.88,61.92,Gaeul,0.22709284722805023,,[],"[0.227, 0.052, 0.118, 0.015, 0.007, 0.101, 0.004]"
61.92,61.96,Gaeul,0.23726359009742737,,[],"[0.237, 0.055, 0.109, 0.014, 0.007, 0.100, 0.004]"
61.96,62.0,Gaeul,0.24707941710948944,,[],"[0.247, 0.058, 0.099, 0.014, 0.007, 0.099, 0.004]"
62.0,62.04,Gaeul,0.25636231899261475,,[],"[0.256, 0.061, 0.091, 0.013, 0.007, 0.097, 0.004]"
62.04,62.08,Gaeul,0.26495349407196045,,[],"[0.265, 0.064, 0.083, 0.012, 0.007, 0.095, 0.004]"
62.08,62.12,Gaeul,0.2727530598640442,,[],"[0.273, 0.068, 0.076, 0.012, 0.007, 0.092, 0.004]"
62.12,62.16,Gaeul,0.27966660261154175,,[],"[0.280, 0.071, 0.069, 0.012, 0.007, 0.089, 0.004]"
62.16,62.2,Gaeul,0.28564420342445374,,[],"[0.286, 0.075, 0.063, 0.012, 0.007, 0.085, 0.004]"
62.2,62.24,Gaeul,0.29070690274238586,,[],"[0.291, 0.078, 0.058, 0.012, 0.007, 0.081, 0.004]"
62.24,62.28,Gaeul,0.29488223791122437,,[],"[0.295, 0.082, 0.054, 0.012, 0.007, 0.077, 0.004]"
62.28,62.32,Gaeul,0.2982063591480255,,[],"[0.298, 0.085, 0.050, 0.012, 0.006, 0.073, 0.004]"
62.32,62.36,Gaeul,0.30077946186065674,,[],"[0.301, 0.088, 0.047, 0.012, 0.006, 0.069, 0.004]"
62.36,62.4,Gaeul,0.30271899700164795,,[],"[0.303, 0.090, 0.045, 0.013, 0.006, 0.065, 0.005]"
62.4,62.44,Gaeul,0.30420851707458496,,[],"[0.304, 0.093, 0.043, 0.013, 0.006, 0.061, 0.005]"
62.44,62.48,Gaeul,0.3054182231426239,,[],"[0.305, 0.095, 0.042, 0.014, 0.006, 0.057, 0.005]"
62.48,62.52,Gaeul,0.3064813017845154,,[],"[0.306, 0.097, 0.041, 0.014, 0.006, 0.053, 0.005]"
62.52,62.56,Gaeul,0.3075324296951294,,[],"[0.308, 0.098, 0.041, 0.015, 0.006, 0.049, 0.005]"
62.56,62.6,Gaeul,0.3086937963962555,,[],"[0.309, 0.100, 0.041, 0.016, 0.006, 0.046, 0.005]"
62.6,62.64,Gaeul,0.310079962015152,,[],"[0.310, 0.101, 0.042, 0.017, 0.006, 0.042, 0.005]"
62.64,62.68,Gaeul,0.31183570623397827,,[],"[0.312, 0.102, 0.043, 0.018, 0.006, 0.040, 0.005]"
62.68,62.72,Gaeul,0.3141128718852997,,[],"[0.314, 0.103, 0.045, 0.019, 0.006, 0.037, 0.005]"
62.72,62.76,Gaeul,0.31708040833473206,,[],"[0.317, 0.105, 0.047, 0.019, 0.006, 0.035, 0.005]"
62.76,62.8,Gaeul,0.32088544964790344,,[],"[0.321, 0.106, 0.051, 0.020, 0.006, 0.033, 0.005]"
62.8,62.84,Gaeul,0.32565826177597046,,[],"[0.326, 0.107, 0.054, 0.021, 0.006, 0.032, 0.006]"
62.84,62.88,Gaeul,0.3314647972583771,,[],"[0.331, 0.108, 0.059, 0.022, 0.006, 0.031, 0.006]"
62.88,62.92,Gaeul,0.338341623544693,,[],"[0.338, 0.109, 0.065, 0.022, 0.006, 0.030, 0.006]"
62.92,62.96,Gaeul,0.3462670147418976,,[],"[0.346, 0.110, 0.071, 0.022, 0.006, 0.029, 0.006]"
62.96,63.0,Gaeul,0.35521048307418823,,[],"[0.355, 0.112, 0.078, 0.023, 0.006, 0.029, 0.007]"
63.0,63.04,Gaeul,0.36519816517829895,,[],"[0.365, 0.113, 0.086, 0.023, 0.006, 0.029, 0.007]"
63.04,63.08,Gaeul,0.3762863278388977,,[],"[0.376, 0.115, 0.095, 0.023, 0.006, 0.029, 0.008]"
63.08,63.12,Gaeul,0.3885178864002228,,[],"[0.389, 0.117, 0.105, 0.023, 0.006, 0.029, 0.008]"
63.12,63.16,Gaeul,0.4018741250038147,,[],"[0.402, 0.120, 0.116, 0.023, 0.006, 0.030, 0.009]"
63.16,63.2,Gaeul,0.41631123423576355,,[],"[0.416, 0.122, 0.127, 0.022, 0.006, 0.031, 0.010]"
63.2,63.24,Gaeul,0.43181103467941284,,[],"[0.432, 0.125, 0.139, 0.022, 0.006, 0.032, 0.011]"
63.24,63.28,Gaeul,0.44831398129463196,,[],"[0.448, 0.128, 0.150, 0.021, 0.007, 0.033, 0.012]"
63.28,63.32,Gaeul,0.4657042622566223,,[],"[0.466, 0.131, 0.161, 0.020, 0.007, 0.034, 0.013]"
63.32,63.36,Gaeul,0.48383548855781555,,[],"[0.484, 0.133, 0.172, 0.019, 0.007, 0.035, 0.014]"
63.36,63.4,Gaeul,0.5025269389152527,,[],"[0.503, 0.136, 0.182, 0.018, 0.007, 0.036, 0.015]"
63.4,63.44,Gaeul,0.5215800404548645,,[],"[0.522, 0.139, 0.190, 0.017, 0.008, 0.037, 0.017]"
63.44,63.48,Gaeul,0.5407863259315491,,[],"[0.541, 0.142, 0.197, 0.017, 0.008, 0.039, 0.019]"
63.48,63.52,Gaeul,0.5599535703659058,,[],"[0.560, 0.145, 0.202, 0.016, 0.009, 0.040, 0.021]"
63.52,63.56,Gaeul,0.5788836479187012,,[],"[0.579, 0.147, 0.205, 0.015, 0.009, 0.041, 0.023]"
63.56,63.6,Gaeul,0.5973986983299255,,[],"[0.597, 0.150, 0.205, 0.014, 0.010, 0.041, 0.025]"
63.6,63.64,Gaeul,0.6153588891029358,,[],"[0.615, 0.152, 0.204, 0.014, 0.011, 0.042, 0.027]"
63.64,63.68,Gaeul,0.6326526999473572,Gaeul,[0.633],"[0.633, 0.154, 0.200, 0.013, 0.011, 0.042, 0.030]"
63.68,63.72,Gaeul,0.6492241024971008,Gaeul,[0.649],"[0.649, 0.156, 0.194, 0.012, 0.012, 0.043, 0.033]"
63.72,63.76,Gaeul,0.6650514602661133,Gaeul,[0.665],"[0.665, 0.158, 0.186, 0.012, 0.013, 0.043, 0.035]"
63.76,63.8,Gaeul,0.6800849437713623,Gaeul,[0.680],"[0.680, 0.160, 0.177, 0.011, 0.014, 0.042, 0.038]"
63.8,63.84,Gaeul,0.6942954063415527,Gaeul,[0.694],"[0.694, 0.161, 0.167, 0.011, 0.015, 0.042, 0.041]"
63.84,63.88,Gaeul,0.7076711654663086,Gaeul,[0.708],"[0.708, 0.163, 0.156, 0.010, 0.016, 0.042, 0.043]"
63.88,63.92,Gaeul,0.7202799320220947,Gaeul,[0.720],"[0.720, 0.165, 0.144, 0.010, 0.017, 0.041, 0.046]"
63.92,63.96,Gaeul,0.7322260141372681,Gaeul,[0.732],"[0.732, 0.167, 0.132, 0.010, 0.018, 0.040, 0.048]"
63.96,64.0,Gaeul,0.7435922026634216,Gaeul,[0.744],"[0.744, 0.170, 0.121, 0.009, 0.018, 0.040, 0.049]"
64.0,64.04,Gaeul,0.7544618844985962,Gaeul,[0.754],"[0.754, 0.174, 0.109, 0.009, 0.019, 0.039, 0.051]"
64.04,64.08,Gaeul,0.7649102210998535,Gaeul,[0.765],"[0.765, 0.178, 0.099, 0.009, 0.019, 0.038, 0.052]"
64.08,64.12,Gaeul,0.7749664187431335,Gaeul,[0.775],"[0.775, 0.183, 0.089, 0.009, 0.020, 0.037, 0.052]"
64.12,64.16,Gaeul,0.7846344709396362,Gaeul,[0.785],"[0.785, 0.189, 0.080, 0.009, 0.020, 0.036, 0.052]"
64.16,64.2,Gaeul,0.793919563293457,Gaeul,[0.794],"[0.794, 0.196, 0.072, 0.009, 0.020, 0.036, 0.052]"
64.2,64.24,Gaeul,0.8028079867362976,Gaeul,[0.803],"[0.803, 0.204, 0.065, 0.009, 0.019, 0.035, 0.052]"
64.24,64.28,Gaeul,0.8113027811050415,Gaeul,[0.811],"[0.811, 0.213, 0.059, 0.009, 0.019, 0.034, 0.051]"
64.28,64.32,Gaeul,0.819394052028656,Gaeul,[0.819],"[0.819, 0.224, 0.053, 0.009, 0.018, 0.033, 0.050]"
64.32,64.36,Gaeul,0.827083945274353,Gaeul,[0.827],"[0.827, 0.235, 0.048, 0.009, 0.017, 0.033, 0.049]"
64.36,64.4,Gaeul,0.8343493342399597,Gaeul,[0.834],"[0.834, 0.248, 0.044, 0.009, 0.016, 0.032, 0.048]"
64.4,64.44,Gaeul,0.8411391377449036,Gaeul,[0.841],"[0.841, 0.263, 0.040, 0.009, 0.015, 0.032, 0.046]"
64.44,64.48,Gaeul,0.8474327325820923,Gaeul,[0.847],"[0.847, 0.278, 0.037, 0.009, 0.014, 0.031, 0.044]"
64.48,64.52,Gaeul,0.853222131729126,Gaeul,[0.853],"[0.853, 0.295, 0.035, 0.009, 0.013, 0.031, 0.042]"
64.52,64.56,Gaeul,0.8584797978401184,Gaeul,[0.858],"[0.858, 0.313, 0.033, 0.010, 0.012, 0.031, 0.040]"
64.56,64.6,Gaeul,0.8632250428199768,Gaeul,[0.863],"[0.863, 0.331, 0.031, 0.010, 0.011, 0.030, 0.038]"
64.6,64.64,Gaeul,0.8674883246421814,Gaeul,[0.867],"[0.867, 0.350, 0.029, 0.010, 0.010, 0.030, 0.036]"
64.64,64.68,Gaeul,0.8712742924690247,Gaeul,[0.871],"[0.871, 0.368, 0.028, 0.010, 0.009, 0.030, 0.034]"
64.68,64.72,Gaeul,0.874578058719635,Gaeul,[0.875],"[0.875, 0.387, 0.027, 0.010, 0.009, 0.029, 0.032]"
64.72,64.76,Gaeul,0.8774596452713013,Gaeul,[0.877],"[0.877, 0.404, 0.026, 0.010, 0.008, 0.029, 0.031]"
64.76,64.8,Gaeul,0.8800216913223267,Gaeul,[0.880],"[0.880, 0.421, 0.025, 0.010, 0.008, 0.029, 0.029]"
64.8,64.84,Gaeul,0.8823637962341309,Gaeul,[0.882],"[0.882, 0.435, 0.024, 0.010, 0.007, 0.028, 0.027]"
64.84,64.88,Gaeul,0.8845746517181396,Gaeul,[0.885],"[0.885, 0.448, 0.024, 0.010, 0.007, 0.027, 0.026]"
64.88,64.92,Gaeul,0.886724591255188,Gaeul,[0.887],"[0.887, 0.459, 0.024, 0.010, 0.007, 0.027, 0.024]"
64.92,64.96,Gaeul,0.8888882994651794,Gaeul,[0.889],"[0.889, 0.468, 0.023, 0.010, 0.006, 0.026, 0.023]"
64.96,65.0,Gaeul,0.8911382555961609,Gaeul,[0.891],"[0.891, 0.474, 0.023, 0.010, 0.006, 0.025, 0.021]"
65.0,65.04,Gaeul,0.8935282826423645,Gaeul,[0.894],"[0.894, 0.478, 0.024, 0.010, 0.006, 0.024, 0.020]"
65.04,65.08,Gaeul,0.8960813283920288,Gaeul,[0.896],"[0.896, 0.479, 0.024, 0.010, 0.006, 0.023, 0.019]"
65.08,65.12,Gaeul,0.8987672328948975,Gaeul,[0.899],"[0.899, 0.477, 0.024, 0.010, 0.006, 0.022, 0.018]"
65.12,65.16,Gaeul,0.9015594124794006,Gaeul,[0.902],"[0.902, 0.473, 0.025, 0.010, 0.006, 0.021, 0.017]"
65.16,65.2,Gaeul,0.9044491052627563,Gaeul,[0.904],"[0.904, 0.467, 0.025, 0.010, 0.007, 0.020, 0.016]"
65.2,65.24,Gaeul,0.907415509223938,Gaeul,[0.907],"[0.907, 0.459, 0.026, 0.010, 0.007, 0.019, 0.015]"
65.24,65.28,Gaeul,0.9104324579238892,Gaeul,[0.910],"[0.910, 0.448, 0.027, 0.009, 0.007, 0.018, 0.014]"
65.28,65.32,Gaeul,0.9134604930877686,Gaeul,[0.913],"[0.913, 0.436, 0.028, 0.009, 0.007, 0.016, 0.013]"
65.32,65.36,Gaeul,0.9164527058601379,Gaeul,[0.916],"[0.916, 0.422, 0.029, 0.009, 0.007, 0.015, 0.012]"
65.36,65.4,Gaeul,0.9193534851074219,Gaeul,[0.919],"[0.919, 0.407, 0.029, 0.010, 0.008, 0.014, 0.011]"
65.4,65.44,Gaeul,0.9221140742301941,Gaeul,[0.922],"[0.922, 0.391, 0.030, 0.010, 0.008, 0.013, 0.011]"
65.44,65.48,Gaeul,0.9247049689292908,Gaeul,[0.925],"[0.925, 0.375, 0.031, 0.010, 0.008, 0.012, 0.010]"
65.48,65.52,Gaeul,0.9271090626716614,Gaeul,[0.927],"[0.927, 0.358, 0.031, 0.010, 0.008, 0.011, 0.009]"
65.52,65.56,Gaeul,0.9293219447135925,Gaeul,[0.929],"[0.929, 0.342, 0.032, 0.011, 0.009, 0.010, 0.009]"
65.56,65.6,Gaeul,0.931348443031311,Gaeul,[0.931],"[0.931, 0.325, 0.032, 0.012, 0.009, 0.010, 0.008]"
65.6,65.64,Gaeul,0.9331939220428467,Gaeul,[0.933],"[0.933, 0.309, 0.032, 0.012, 0.009, 0.009, 0.008]"
65.64,65.68,Gaeul,0.9348495602607727,Gaeul,[0.935],"[0.935, 0.294, 0.032, 0.013, 0.009, 0.008, 0.007]"
65.68,65.72,Gaeul,0.9363172650337219,Gaeul,[0.936],"[0.936, 0.280, 0.032, 0.015, 0.009, 0.008, 0.007]"
65.72,65.76,Gaeul,0.9375932216644287,Gaeul,[0.938],"[0.938, 0.267, 0.031, 0.016, 0.009, 0.007, 0.006]"
65.76,65.8,Gaeul,0.9386696219444275,Gaeul,[0.939],"[0.939, 0.255, 0.031, 0.018, 0.009, 0.007, 0.006]"
65.8,65.84,Gaeul,0.9395484328269958,Gaeul,[0.940],"[0.940, 0.245, 0.029, 0.020, 0.009, 0.006, 0.006]"
65.84,65.88,Gaeul,0.9402232766151428,Gaeul,[0.940],"[0.940, 0.236, 0.028, 0.023, 0.009, 0.006, 0.005]"
65.88,65.92,Gaeul,0.9406692385673523,Gaeul,[0.941],"[0.941, 0.229, 0.027, 0.026, 0.008, 0.006, 0.005]"
65.92,65.96,Gaeul,0.9408507943153381,Gaeul,[0.941],"[0.941, 0.222, 0.025, 0.030, 0.008, 0.006, 0.005]"
65.96,66.0,Gaeul,0.9407531023025513,Gaeul,[0.941],"[0.941, 0.217, 0.023, 0.035, 0.008, 0.005, 0.005]"
66.0,66.04,Gaeul,0.9403592348098755,Gaeul,[0.940],"[0.940, 0.214, 0.022, 0.040, 0.007, 0.005, 0.004]"
66.04,66.08,Gaeul,0.9396551847457886,Gaeul,[0.940],"[0.940, 0.211, 0.020, 0.046, 0.007, 0.005, 0.004]"
66.08,66.12,Gaeul,0.9386360049247742,Gaeul,[0.939],"[0.939, 0.208, 0.018, 0.053, 0.007, 0.005, 0.004]"
66.12,66.16,Gaeul,0.9373043775558472,Gaeul,[0.937],"[0.937, 0.207, 0.016, 0.060, 0.006, 0.006, 0.004]"
66.16,66.2,Gaeul,0.9356659054756165,Gaeul,[0.936],"[0.936, 0.205, 0.014, 0.069, 0.006, 0.006, 0.004]"
66.2,66.24,Gaeul,0.9337284564971924,Gaeul,[0.934],"[0.934, 0.204, 0.012, 0.078, 0.006, 0.006, 0.004]"
66.24,66.28,Gaeul,0.931496262550354,Gaeul,[0.931],"[0.931, 0.203, 0.011, 0.088, 0.005, 0.007, 0.004]"
66.28,66.32,Gaeul,0.9289966821670532,Gaeul,[0.929],"[0.929, 0.203, 0.010, 0.099, 0.005, 0.007, 0.003]"
66.32,66.36,Gaeul,0.9262574315071106,Gaeul,[0.926],"[0.926, 0.201, 0.008, 0.110, 0.005, 0.008, 0.003]"
66.36,66.4,Gaeul,0.9233284592628479,Gaeul,[0.923],"[0.923, 0.200, 0.007, 0.121, 0.005, 0.009, 0.003]"
66.4,66.44,Gaeul,0.9202702045440674,Gaeul,[0.920],"[0.920, 0.198, 0.006, 0.133, 0.004, 0.010, 0.003]"
66.44,66.48,Gaeul,0.9171529412269592,Gaeul,[0.917],"[0.917, 0.195, 0.006, 0.145, 0.004, 0.011, 0.003]"
66.48,66.52,Gaeul,0.9140658378601074,Gaeul,[0.914],"[0.914, 0.192, 0.005, 0.157, 0.004, 0.012, 0.003]"
66.52,66.56,Gaeul,0.9111042618751526,Gaeul,[0.911],"[0.911, 0.189, 0.004, 0.169, 0.004, 0.014, 0.003]"
66.56,66.6,Gaeul,0.9083199501037598,Gaeul,[0.908],"[0.908, 0.184, 0.004, 0.180, 0.004, 0.016, 0.003]"
66.6,66.64,Gaeul,0.9057493209838867,Gaeul,[0.906],"[0.906, 0.179, 0.004, 0.190, 0.004, 0.018, 0.003]"
66.64,66.68,Gaeul,0.9034229516983032,Gaeul,[0.903],"[0.903, 0.174, 0.003, 0.200, 0.004, 0.020, 0.003]"
66.68,66.72,Gaeul,0.9013575315475464,Gaeul,[0.901],"[0.901, 0.168, 0.003, 0.209, 0.004, 0.023, 0.003]"
66.72,66.76,Gaeul,0.899529755115509,Gaeul,[0.900],"[0.900, 0.161, 0.003, 0.217, 0.004, 0.026, 0.003]"
66.76,66.8,Gaeul,0.8978863954544067,Gaeul,[0.898],"[0.898, 0.155, 0.003, 0.224, 0.003, 0.029, 0.003]"
66.8,66.84,Gaeul,0.8963683843612671,Gaeul,[0.896],"[0.896, 0.148, 0.002, 0.230, 0.003, 0.032, 0.003]"
66.84,66.88,Gaeul,0.8948925137519836,Gaeul,[0.895],"[0.895, 0.141, 0.002, 0.235, 0.003, 0.036, 0.003]"
66.88,66.92,Gaeul,0.8933660387992859,Gaeul,[0.893],"[0.893, 0.134, 0.002, 0.238, 0.003, 0.039, 0.003]"
66.92,66.96,Gaeul,0.8916866183280945,Gaeul,[0.892],"[0.892, 0.127, 0.002, 0.240, 0.003, 0.043, 0.003]"
66.96,67.0,Gaeul,0.8897452354431152,Gaeul,[0.890],"[0.890, 0.120, 0.002, 0.242, 0.003, 0.046, 0.003]"
67.0,67.04,Gaeul,0.8874331116676331,Gaeul,[0.887],"[0.887, 0.114, 0.002, 0.242, 0.003, 0.049, 0.003]"
67.04,67.08,Gaeul,0.8846708536148071,Gaeul,[0.885],"[0.885, 0.108, 0.002, 0.242, 0.003, 0.052, 0.003]"
67.08,67.12,Gaeul,0.8814547061920166,Gaeul,[0.881],"[0.881, 0.102, 0.002, 0.240, 0.003, 0.054, 0.003]"
67.12,67.16,Gaeul,0.877800464630127,Gaeul,[0.878],"[0.878, 0.097, 0.002, 0.238, 0.003, 0.056, 0.003]"
67.16,67.2,Gaeul,0.8736864924430847,Gaeul,[0.874],"[0.874, 0.093, 0.002, 0.235, 0.003, 0.058, 0.004]"
67.2,67.24,Gaeul,0.8690854907035828,Gaeul,[0.869],"[0.869, 0.088, 0.002, 0.231, 0.003, 0.059, 0.004]"
67.24,67.28,Gaeul,0.8639675974845886,Gaeul,[0.864],"[0.864, 0.084, 0.002, 0.226, 0.003, 0.059, 0.004]"
67.28,67.32,Gaeul,0.8583069443702698,Gaeul,[0.858],"[0.858, 0.080, 0.002, 0.220, 0.003, 0.060, 0.004]"
67.32,67.36,Gaeul,0.8520817756652832,Gaeul,[0.852],"[0.852, 0.077, 0.002, 0.214, 0.003, 0.060, 0.004]"
67.36,67.4,Gaeul,0.8452820777893066,Gaeul,[0.845],"[0.845, 0.074, 0.002, 0.207, 0.003, 0.060, 0.004]"
67.4,67.44,Gaeul,0.8379006385803223,Gaeul,[0.838],"[0.838, 0.071, 0.002, 0.200, 0.003, 0.060, 0.004]"
67.44,67.48,Gaeul,0.8299221992492676,Gaeul,[0.830],"[0.830, 0.068, 0.002, 0.192, 0.003, 0.060, 0.004]"
67.48,67.52,Gaeul,0.8213275671005249,Gaeul,[0.821],"[0.821, 0.066, 0.002, 0.184, 0.003, 0.060, 0.004]"
67.52,67.56,Gaeul,0.8120871186256409,Gaeul,[0.812],"[0.812, 0.064, 0.002, 0.175, 0.003, 0.060, 0.004]"
67.56,67.6,Gaeul,0.8022081255912781,Gaeul,[0.802],"[0.802, 0.062, 0.002, 0.166, 0.004, 0.061, 0.004]"
67.6,67.64,Gaeul,0.791703462600708,Gaeul,[0.792],"[0.792, 0.060, 0.002, 0.158, 0.004, 0.061, 0.004]"
67.64,67.68,Gaeul,0.7805604934692383,Gaeul,[0.781],"[0.781, 0.059, 0.002, 0.149, 0.004, 0.062, 0.004]"
67.68,67.72,Gaeul,0.7687656879425049,Gaeul,[0.769],"[0.769, 0.057, 0.002, 0.141, 0.005, 0.063, 0.004]"
67.72,67.76,Gaeul,0.7563102841377258,Gaeul,[0.756],"[0.756, 0.056, 0.002, 0.133, 0.005, 0.064, 0.005]"
67.76,67.8,Gaeul,0.7432240843772888,Gaeul,[0.743],"[0.743, 0.054, 0.002, 0.126, 0.005, 0.065, 0.005]"
67.8,67.84,Gaeul,0.7295628786087036,Gaeul,[0.730],"[0.730, 0.053, 0.003, 0.119, 0.006, 0.067, 0.005]"
67.84,67.88,Gaeul,0.7154068946838379,Gaeul,[0.715],"[0.715, 0.051, 0.003, 0.112, 0.007, 0.068, 0.005]"
67.88,67.92,Gaeul,0.7008257508277893,Gaeul,[0.701],"[0.701, 0.049, 0.003, 0.106, 0.007, 0.069, 0.005]"
67.92,67.96,Gaeul,0.6859263181686401,Gaeul,[0.686],"[0.686, 0.047, 0.003, 0.101, 0.008, 0.070, 0.005]"
67.96,68.0,Gaeul,0.6707653403282166,Gaeul,[0.671],"[0.671, 0.045, 0.004, 0.096, 0.009, 0.070, 0.005]"
68.0,68.04,Gaeul,0.655433714389801,Gaeul,[0.655],"[0.655, 0.043, 0.004, 0.091, 0.010, 0.071, 0.005]"
68.04,68.08,Gaeul,0.6400129795074463,Gaeul,[0.640],"[0.640, 0.041, 0.005, 0.087, 0.012, 0.070, 0.005]"
68.08,68.12,Gaeul,0.6245718598365784,Gaeul,[0.625],"[0.625, 0.039, 0.005, 0.083, 0.013, 0.070, 0.005]"
68.12,68.16,Gaeul,0.6092321872711182,Gaeul,[0.609],"[0.609, 0.036, 0.006, 0.080, 0.015, 0.069, 0.005]"
68.16,68.2,Gaeul,0.5940712690353394,Gaeul,[0.594],"[0.594, 0.034, 0.007, 0.077, 0.017, 0.068, 0.005]"
68.2,68.24,Gaeul,0.5791411399841309,,[],"[0.579, 0.032, 0.009, 0.074, 0.019, 0.066, 0.005]"
68.24,68.28,Gaeul,0.5644856095314026,,[],"[0.564, 0.030, 0.011, 0.071, 0.021, 0.065, 0.004]"
68.28,68.32,Gaeul,0.5501055717468262,,[],"[0.550, 0.029, 0.013, 0.069, 0.023, 0.063, 0.004]"
68.32,68.36,Gaeul,0.5360198616981506,,[],"[0.536, 0.027, 0.016, 0.067, 0.026, 0.061, 0.004]"
68.36,68.4,Gaeul,0.522245466709137,,[],"[0.522, 0.026, 0.019, 0.065, 0.028, 0.059, 0.004]"
68.4,68.44,Gaeul,0.5087795853614807,,[],"[0.509, 0.025, 0.023, 0.064, 0.031, 0.058, 0.004]"
68.44,68.48,Gaeul,0.495636910200119,,[],"[0.496, 0.024, 0.028, 0.062, 0.033, 0.056, 0.004]"
68.48,68.52,Gaeul,0.4828437268733978,,[],"[0.483, 0.024, 0.034, 0.061, 0.036, 0.054, 0.004]"
68.52,68.56,Gaeul,0.4705001711845398,,[],"[0.471, 0.023, 0.041, 0.060, 0.039, 0.052, 0.004]"
68.56,68.6,Gaeul,0.45873579382896423,,[],"[0.459, 0.023, 0.048, 0.059, 0.041, 0.050, 0.004]"
68.6,68.64,Gaeul,0.44768834114074707,,[],"[0.448, 0.023, 0.056, 0.058, 0.044, 0.049, 0.004]"
68.64,68.68,Gaeul,0.43751463294029236,,[],"[0.438, 0.023, 0.065, 0.058, 0.046, 0.048, 0.004]"
68.68,68.72,Gaeul,0.42837756872177124,,[],"[0.428, 0.024, 0.075, 0.057, 0.048, 0.047, 0.004]"
68.72,68.76,Gaeul,0.4203929305076599,,[],"[0.420, 0.024, 0.085, 0.057, 0.050, 0.046, 0.003]"
68.76,68.8,Gaeul,0.413548082113266,,[],"[0.414, 0.025, 0.095, 0.056, 0.053, 0.045, 0.003]"
68.8,68.84,Gaeul,0.4078231155872345,,[],"[0.408, 0.026, 0.105, 0.056, 0.054, 0.044, 0.003]"
68.84,68.88,Gaeul,0.4032025933265686,,[],"[0.403, 0.028, 0.114, 0.057, 0.056, 0.044, 0.003]"
68.88,68.92,Gaeul,0.39971208572387695,,[],"[0.400, 0.029, 0.123, 0.057, 0.058, 0.044, 0.003]"
68.92,68.96,Gaeul,0.3974342346191406,,[],"[0.397, 0.031, 0.132, 0.057, 0.059, 0.044, 0.003]"
68.96,69.0,Gaeul,0.39645999670028687,,[],"[0.396, 0.033, 0.140, 0.058, 0.061, 0.044, 0.003]"
69.0,69.04,Gaeul,0.3967936336994171,,[],"[0.397, 0.035, 0.147, 0.059, 0.062, 0.045, 0.003]"
69.04,69.08,Gaeul,0.3984043002128601,,[],"[0.398, 0.037, 0.153, 0.059, 0.063, 0.046, 0.003]"
69.08,69.12,Gaeul,0.40118470788002014,,[],"[0.401, 0.040, 0.159, 0.060, 0.064, 0.047, 0.002]"
69.12,69.16,Gaeul,0.40499672293663025,,[],"[0.405, 0.042, 0.163, 0.061, 0.065, 0.048, 0.002]"
69.16,69.2,Gaeul,0.40978601574897766,,[],"[0.410, 0.044, 0.168, 0.062, 0.065, 0.050, 0.002]"
69.2,69.24,Gaeul,0.41552677750587463,,[],"[0.416, 0.047, 0.171, 0.064, 0.065, 0.051, 0.002]"
69.24,69.28,Gaeul,0.4221859574317932,,[],"[0.422, 0.049, 0.175, 0.065, 0.066, 0.053, 0.002]"
69.28,69.32,Gaeul,0.4297376573085785,,[],"[0.430, 0.051, 0.178, 0.066, 0.066, 0.055, 0.002]"
69.32,69.36,Gaeul,0.4381473660469055,,[],"[0.438, 0.054, 0.181, 0.067, 0.065, 0.057, 0.002]"
69.36,69.4,Gaeul,0.4472923278808594,,[],"[0.447, 0.056, 0.185, 0.069, 0.065, 0.060, 0.002]"
69.4,69.44,Gaeul,0.45699283480644226,,[],"[0.457, 0.058, 0.188, 0.070, 0.065, 0.062, 0.002]"
69.44,69.48,Gaeul,0.46705320477485657,,[],"[0.467, 0.060, 0.191, 0.071, 0.064, 0.064, 0.002]"
69.48,69.52,Gaeul,0.4773148000240326,,[],"[0.477, 0.062, 0.195, 0.073, 0.064, 0.066, 0.002]"
69.52,69.56,Gaeul,0.48764047026634216,,[],"[0.488, 0.063, 0.198, 0.074, 0.064, 0.067, 0.002]"
69.56,69.6,Gaeul,0.4978230893611908,,[],"[0.498, 0.065, 0.202, 0.075, 0.063, 0.068, 0.002]"
69.6,69.64,Gaeul,0.507649302482605,,[],"[0.508, 0.066, 0.206, 0.075, 0.063, 0.069, 0.002]"
69.64,69.68,Gaeul,0.5170227289199829,,[],"[0.517, 0.068, 0.209, 0.076, 0.063, 0.069, 0.002]"
69.68,69.72,Gaeul,0.5258181095123291,,[],"[0.526, 0.069, 0.213, 0.076, 0.063, 0.069, 0.001]"
69.72,69.76,Gaeul,0.5339874029159546,,[],"[0.534, 0.071, 0.216, 0.076, 0.063, 0.069, 0.001]"
69.76,69.8,Gaeul,0.541547954082489,,[],"[0.542, 0.072, 0.218, 0.075, 0.064, 0.068, 0.001]"
69.8,69.84,Gaeul,0.5484869480133057,,[],"[0.548, 0.074, 0.220, 0.074, 0.065, 0.066, 0.001]"
69.84,69.88,Gaeul,0.5548272132873535,,[],"[0.555, 0.075, 0.221, 0.073, 0.066, 0.065, 0.001]"
69.88,69.92,Gaeul,0.5606412887573242,,[],"[0.561, 0.077, 0.221, 0.072, 0.067, 0.063, 0.001]"
69.92,69.96,Gaeul,0.566007137298584,,[],"[0.566, 0.080, 0.220, 0.070, 0.068, 0.060, 0.001]"
69.96,70.0,Gaeul,0.5710502862930298,,[],"[0.571, 0.082, 0.218, 0.068, 0.070, 0.058, 0.001]"
70.0,70.04,Gaeul,0.5759282112121582,,[],"[0.576, 0.085, 0.214, 0.065, 0.072, 0.055, 0.001]"
70.04,70.08,Gaeul,0.5808076858520508,,[],"[0.581, 0.089, 0.210, 0.063, 0.074, 0.053, 0.001]"
70.08,70.12,Gaeul,0.5858175754547119,,[],"[0.586, 0.093, 0.204, 0.060, 0.076, 0.050, 0.001]"
70.12,70.16,Gaeul,0.5909932851791382,,[],"[0.591, 0.097, 0.197, 0.058, 0.078, 0.047, 0.001]"
70.16,70.2,Gaeul,0.5963621139526367,,[],"[0.596, 0.102, 0.189, 0.055, 0.081, 0.044, 0.001]"
70.2,70.24,Gaeul,0.6019881963729858,,[],"[0.602, 0.108, 0.180, 0.053, 0.083, 0.041, 0.001]"
70.24,70.28,Gaeul,0.6079556345939636,,[],"[0.608, 0.113, 0.170, 0.050, 0.085, 0.038, 0.001]"
70.28,70.32,Gaeul,0.6143271923065186,,[],"[0.614, 0.119, 0.160, 0.048, 0.087, 0.036, 0.001]"
70.32,70.36,Gaeul,0.6211807727813721,Gaeul,[0.621],"[0.621, 0.125, 0.150, 0.045, 0.089, 0.033, 0.001]"
70.36,70.4,Gaeul,0.6285974383354187,Gaeul,[0.629],"[0.629, 0.131, 0.141, 0.043, 0.091, 0.031, 0.001]"
70.4,70.44,Gaeul,0.6366852521896362,Gaeul,[0.637],"[0.637, 0.137, 0.131, 0.041, 0.093, 0.028, 0.001]"
70.44,70.48,Gaeul,0.6455179452896118,Gaeul,[0.646],"[0.646, 0.143, 0.122, 0.039, 0.095, 0.026, 0.001]"
70.48,70.52,Gaeul,0.6551549434661865,Gaeul,[0.655],"[0.655, 0.147, 0.113, 0.038, 0.096, 0.024, 0.001]"
70.52,70.56,Gaeul,0.6655906438827515,Gaeul,[0.666],"[0.666, 0.152, 0.105, 0.036, 0.097, 0.022, 0.001]"
70.56,70.6,Gaeul,0.6767680048942566,Gaeul,[0.677],"[0.677, 0.155, 0.097, 0.035, 0.098, 0.021, 0.001]"
70.6,70.64,Gaeul,0.6885591149330139,Gaeul,[0.689],"[0.689, 0.158, 0.089, 0.034, 0.099, 0.019, 0.002]"
70.64,70.68,Gaeul,0.7007926106452942,Gaeul,[0.701],"[0.701, 0.160, 0.083, 0.033, 0.099, 0.018, 0.002]"
70.68,70.72,Gaeul,0.7132682204246521,Gaeul,[0.713],"[0.713, 0.162, 0.076, 0.032, 0.098, 0.016, 0.002]"
70.72,70.76,Gaeul,0.7258101105690002,Gaeul,[0.726],"[0.726, 0.163, 0.070, 0.032, 0.097, 0.015, 0.002]"
70.76,70.8,Gaeul,0.7382924556732178,Gaeul,[0.738],"[0.738, 0.164, 0.064, 0.031, 0.095, 0.014, 0.002]"
70.8,70.84,Gaeul,0.7505941390991211,Gaeul,[0.751],"[0.751, 0.166, 0.059, 0.031, 0.093, 0.013, 0.002]"
70.84,70.88,Gaeul,0.7626016139984131,Gaeul,[0.763],"[0.763, 0.167, 0.053, 0.031, 0.091, 0.012, 0.002]"
70.88,70.92,Gaeul,0.7741714119911194,Gaeul,[0.774],"[0.774, 0.168, 0.048, 0.030, 0.088, 0.011, 0.003]"
70.92,70.96,Gaeul,0.7850717902183533,Gaeul,[0.785],"[0.785, 0.170, 0.043, 0.030, 0.084, 0.010, 0.003]"
70.96,71.0,Gaeul,0.7950862646102905,Gaeul,[0.795],"[0.795, 0.173, 0.039, 0.030, 0.081, 0.010, 0.003]"
71.0,71.04,Gaeul,0.8040574193000793,Gaeul,[0.804],"[0.804, 0.177, 0.035, 0.030, 0.077, 0.009, 0.003]"
71.04,71.08,Gaeul,0.8118283152580261,Gaeul,[0.812],"[0.812, 0.181, 0.031, 0.030, 0.073, 0.008, 0.004]"
71.08,71.12,Gaeul,0.8183187246322632,Gaeul,[0.818],"[0.818, 0.186, 0.027, 0.031, 0.069, 0.008, 0.004]"
71.12,71.16,Gaeul,0.8234513998031616,Gaeul,[0.823],"[0.823, 0.193, 0.024, 0.031, 0.065, 0.008, 0.004]"
71.16,71.2,Gaeul,0.8271211385726929,Gaeul,[0.827],"[0.827, 0.200, 0.021, 0.031, 0.061, 0.007, 0.005]"
71.2,71.24,Gaeul,0.8292480111122131,Gaeul,[0.829],"[0.829, 0.208, 0.018, 0.031, 0.057, 0.007, 0.005]"
71.24,71.28,Gaeul,0.8297561407089233,Gaeul,[0.830],"[0.830, 0.217, 0.016, 0.031, 0.053, 0.006, 0.006]"
71.28,71.32,Gaeul,0.8285817503929138,Gaeul,[0.829],"[0.829, 0.226, 0.014, 0.032, 0.050, 0.006, 0.006]"
71.32,71.36,Gaeul,0.8256778717041016,Gaeul,[0.826],"[0.826, 0.235, 0.012, 0.032, 0.047, 0.006, 0.007]"
71.36,71.4,Gaeul,0.8210494518280029,Gaeul,[0.821],"[0.821, 0.245, 0.011, 0.032, 0.044, 0.006, 0.007]"
71.4,71.44,Gaeul,0.8147401213645935,Gaeul,[0.815],"[0.815, 0.254, 0.009, 0.032, 0.041, 0.006, 0.008]"
71.44,71.48,Gaeul,0.806810736656189,Gaeul,[0.807],"[0.807, 0.263, 0.008, 0.031, 0.038, 0.006, 0.008]"
71.48,71.52,Gaeul,0.7973484992980957,Gaeul,[0.797],"[0.797, 0.270, 0.007, 0.031, 0.036, 0.006, 0.009]"
71.52,71.56,Gaeul,0.7864158749580383,Gaeul,[0.786],"[0.786, 0.276, 0.006, 0.031, 0.033, 0.006, 0.009]"
71.56,71.6,Gaeul,0.7741051316261292,Gaeul,[0.774],"[0.774, 0.280, 0.006, 0.031, 0.031, 0.006, 0.010]"
71.6,71.64,Gaeul,0.7605305910110474,Gaeul,[0.761],"[0.761, 0.282, 0.005, 0.030, 0.030, 0.006, 0.010]"
71.64,71.68,Gaeul,0.7457864284515381,Gaeul,[0.746],"[0.746, 0.282, 0.004, 0.030, 0.028, 0.006, 0.011]"
71.68,71.72,Gaeul,0.7299962043762207,Gaeul,[0.730],"[0.730, 0.279, 0.004, 0.029, 0.026, 0.006, 0.011]"
71.72,71.76,Gaeul,0.7132722735404968,Gaeul,[0.713],"[0.713, 0.274, 0.004, 0.029, 0.025, 0.006, 0.012]"
71.76,71.8,Gaeul,0.695706844329834,Gaeul,[0.696],"[0.696, 0.266, 0.004, 0.028, 0.024, 0.006, 0.012]"
71.8,71.84,Gaeul,0.677462637424469,Gaeul,[0.677],"[0.677, 0.257, 0.003, 0.028, 0.023, 0.006, 0.012]"
71.84,71.88,Gaeul,0.6587063670158386,Gaeul,[0.659],"[0.659, 0.245, 0.003, 0.027, 0.021, 0.006, 0.013]"
71.88,71.92,Gaeul,0.6396645903587341,Gaeul,[0.640],"[0.640, 0.232, 0.003, 0.027, 0.020, 0.007, 0.013]"
71.92,71.96,Gaeul,0.620595395565033,Gaeul,[0.621],"[0.621, 0.217, 0.003, 0.026, 0.019, 0.007, 0.013]"
71.96,72.0,Gaeul,0.6017810106277466,Gaeul,[0.602],"[0.602, 0.202, 0.004, 0.026, 0.018, 0.007, 0.014]"
72.0,72.04,Gaeul,0.5834599733352661,Gaeul,[0.583],"[0.583, 0.186, 0.004, 0.025, 0.018, 0.008, 0.014]"
72.04,72.08,Gaeul,0.5658433437347412,,[],"[0.566, 0.170, 0.004, 0.025, 0.017, 0.008, 0.014]"
72.08,72.12,Gaeul,0.5491411089897156,,[],"[0.549, 0.154, 0.004, 0.024, 0.016, 0.008, 0.014]"
72.12,72.16,Gaeul,0.5335628390312195,,[],"[0.534, 0.139, 0.005, 0.024, 0.015, 0.009, 0.014]"
72.16,72.2,Gaeul,0.5192956328392029,,[],"[0.519, 0.125, 0.005, 0.024, 0.015, 0.009, 0.015]"
72.2,72.24,Gaeul,0.5064733028411865,,[],"[0.506, 0.112, 0.006, 0.024, 0.014, 0.010, 0.015]"
72.24,72.28,Gaeul,0.4951874911785126,,[],"[0.495, 0.100, 0.007, 0.024, 0.014, 0.010, 0.015]"
72.28,72.32,Gaeul,0.48550426959991455,,[],"[0.486, 0.090, 0.008, 0.024, 0.013, 0.010, 0.015]"
72.32,72.36,Gaeul,0.47738754749298096,,[],"[0.477, 0.081, 0.009, 0.024, 0.013, 0.011, 0.015]"
72.36,72.4,Gaeul,0.47073808312416077,,[],"[0.471, 0.074, 0.011, 0.024, 0.012, 0.011, 0.014]"
72.4,72.44,Gaeul,0.46538347005844116,,[],"[0.465, 0.067, 0.012, 0.024, 0.012, 0.011, 0.014]"
72.44,72.48,Gaeul,0.4611421823501587,,[],"[0.461, 0.062, 0.014, 0.025, 0.011, 0.011, 0.014]"
72.48,72.52,Gaeul,0.45777761936187744,,[],"[0.458, 0.059, 0.016, 0.025, 0.011, 0.011, 0.013]"
72.52,72.56,Gaeul,0.455030620098114,,[],"[0.455, 0.056, 0.018, 0.026, 0.010, 0.011, 0.013]"
72.56,72.6,Gaeul,0.4526267349720001,,[],"[0.453, 0.054, 0.020, 0.027, 0.010, 0.011, 0.012]"
72.6,72.64,Gaeul,0.45028993487358093,,[],"[0.450, 0.053, 0.022, 0.028, 0.010, 0.011, 0.011]"
72.64,72.68,Gaeul,0.4477992355823517,,[],"[0.448, 0.053, 0.024, 0.030, 0.009, 0.010, 0.011]"
72.68,72.72,Gaeul,0.4449734687805176,,[],"[0.445, 0.053, 0.025, 0.031, 0.009, 0.010, 0.010]"
72.72,72.76,Gaeul,0.4416145086288452,,[],"[0.442, 0.054, 0.027, 0.033, 0.009, 0.010, 0.009]"
72.76,72.8,Gaeul,0.4375688433647156,,[],"[0.438, 0.056, 0.028, 0.035, 0.009, 0.010, 0.008]"
72.8,72.84,Gaeul,0.43265166878700256,,[],"[0.433, 0.059, 0.028, 0.037, 0.008, 0.009, 0.008]"
72.84,72.88,Gaeul,0.42672041058540344,,[],"[0.427, 0.062, 0.028, 0.040, 0.008, 0.009, 0.007]"
72.88,72.92,Gaeul,0.41966208815574646,,[],"[0.420, 0.065, 0.028, 0.043, 0.008, 0.009, 0.006]"
72.92,72.96,Gaeul,0.4114600419998169,,[],"[0.411, 0.069, 0.028, 0.046, 0.008, 0.009, 0.005]"
72.96,73.0,Gaeul,0.4021449387073517,,[],"[0.402, 0.073, 0.027, 0.049, 0.007, 0.009, 0.005]"
73.0,73.04,Gaeul,0.3917931914329529,,[],"[0.392, 0.078, 0.026, 0.053, 0.007, 0.008, 0.004]"
73.04,73.08,Gaeul,0.380691260099411,,[],"[0.381, 0.082, 0.026, 0.057, 0.007, 0.008, 0.004]"
73.08,73.12,Gaeul,0.3691291809082031,,[],"[0.369, 0.085, 0.025, 0.062, 0.007, 0.008, 0.003]"
73.12,73.16,Gaeul,0.35744401812553406,,[],"[0.357, 0.088, 0.024, 0.066, 0.007, 0.009, 0.003]"
73.16,73.2,Gaeul,0.3459599018096924,,[],"[0.346, 0.091, 0.023, 0.072, 0.007, 0.009, 0.003]"
73.2,73.24,Gaeul,0.33494746685028076,,[],"[0.335, 0.093, 0.022, 0.077, 0.007, 0.009, 0.002]"
73.24,73.28,Gaeul,0.3246302902698517,,[],"[0.325, 0.094, 0.021, 0.083, 0.007, 0.009, 0.002]"
73.28,73.32,Gaeul,0.31519079208374023,,[],"[0.315, 0.094, 0.020, 0.090, 0.007, 0.010, 0.002]"
73.32,73.36,Gaeul,0.30675554275512695,,[],"[0.307, 0.094, 0.020, 0.096, 0.007, 0.010, 0.002]"
73.36,73.4,Gaeul,0.2993915379047394,,[],"[0.299, 0.092, 0.019, 0.104, 0.007, 0.011, 0.001]"
73.4,73.44,Gaeul,0.29312756657600403,,[],"[0.293, 0.090, 0.019, 0.111, 0.007, 0.011, 0.001]"
73.44,73.48,Gaeul,0.28801172971725464,,[],"[0.288, 0.087, 0.019, 0.119, 0.008, 0.012, 0.001]"
73.48,73.52,Gaeul,0.2840169370174408,,[],"[0.284, 0.083, 0.020, 0.127, 0.008, 0.013, 0.001]"
73.52,73.56,Gaeul,0.2811647653579712,,[],"[0.281, 0.080, 0.020, 0.135, 0.008, 0.014, 0.001]"
73.56,73.6,Gaeul,0.27948567271232605,,[],"[0.279, 0.075, 0.021, 0.142, 0.008, 0.015, 0.001]"
73.6,73.64,Gaeul,0.2790035605430603,,[],"[0.279, 0.071, 0.022, 0.149, 0.009, 0.016, 0.001]"
73.64,73.68,Gaeul,0.27979576587677,,[],"[0.280, 0.067, 0.023, 0.156, 0.009, 0.017, 0.001]"
73.68,73.72,Gaeul,0.28198888897895813,,[],"[0.282, 0.063, 0.025, 0.162, 0.010, 0.018, 0.001]"
73.72,73.76,Gaeul,0.28575053811073303,,[],"[0.286, 0.059, 0.028, 0.167, 0.010, 0.019, 0.001]"
73.76,73.8,Gaeul,0.29124167561531067,,[],"[0.291, 0.055, 0.030, 0.171, 0.011, 0.021, 0.001]"
73.8,73.84,Gaeul,0.2985873520374298,,[],"[0.299, 0.052, 0.033, 0.173, 0.011, 0.022, 0.001]"
73.84,73.88,Gaeul,0.30790531635284424,,[],"[0.308, 0.048, 0.037, 0.175, 0.012, 0.023, 0.001]"
73.88,73.92,Gaeul,0.31928691267967224,,[],"[0.319, 0.045, 0.041, 0.175, 0.013, 0.025, 0.001]"
73.92,73.96,Gaeul,0.33278825879096985,,[],"[0.333, 0.042, 0.046, 0.175, 0.014, 0.026, 0.001]"
73.96,74.0,Gaeul,0.3483448624610901,,[],"[0.348, 0.040, 0.051, 0.172, 0.015, 0.028, 0.001]"
74.0,74.04,Gaeul,0.36587968468666077,,[],"[0.366, 0.038, 0.057, 0.169, 0.016, 0.029, 0.001]"
74.04,74.08,Gaeul,0.38527390360832214,,[],"[0.385, 0.036, 0.063, 0.165, 0.017, 0.030, 0.000]"
74.08,74.12,Gaeul,0.4063302278518677,,[],"[0.406, 0.034, 0.070, 0.160, 0.019, 0.031, 0.000]"
74.12,74.16,Gaeul,0.4287712574005127,,[],"[0.429, 0.033, 0.076, 0.154, 0.020, 0.032, 0.000]"
74.16,74.2,Gaeul,0.45219743251800537,,[],"[0.452, 0.032, 0.083, 0.148, 0.022, 0.033, 0.000]"
74.2,74.24,Gaeul,0.4761211574077606,,[],"[0.476, 0.031, 0.090, 0.141, 0.023, 0.034, 0.000]"
74.24,74.28,Gaeul,0.5000358819961548,,[],"[0.500, 0.031, 0.097, 0.135, 0.024, 0.035, 0.000]"
74.28,74.32,Gaeul,0.5234553217887878,,[],"[0.523, 0.031, 0.103, 0.128, 0.026, 0.035, 0.000]"
74.32,74.36,Gaeul,0.545906662940979,,[],"[0.546, 0.032, 0.108, 0.121, 0.027, 0.036, 0.000]"
74.36,74.4,Gaeul,0.5668792724609375,,[],"[0.567, 0.032, 0.113, 0.114, 0.028, 0.036, 0.000]"
74.4,74.44,Gaeul,0.5858094692230225,,[],"[0.586, 0.033, 0.117, 0.108, 0.028, 0.037, 0.000]"
74.44,74.48,Gaeul,0.6021667718887329,,[],"[0.602, 0.034, 0.119, 0.102, 0.029, 0.037, 0.000]"
74.48,74.52,Gaeul,0.6155226826667786,,[],"[0.616, 0.036, 0.121, 0.096, 0.029, 0.037, 0.000]"
74.52,74.56,Gaeul,0.6255448460578918,Gaeul,[0.626],"[0.626, 0.038, 0.122, 0.091, 0.028, 0.038, 0.000]"
74.56,74.6,Gaeul,0.6320247650146484,Gaeul,[0.632],"[0.632, 0.040, 0.121, 0.086, 0.027, 0.039, 0.000]"
74.6,74.64,Gaeul,0.6348202228546143,Gaeul,[0.635],"[0.635, 0.043, 0.120, 0.081, 0.026, 0.040, 0.000]"
74.64,74.68,Gaeul,0.6337769031524658,Gaeul,[0.634],"[0.634, 0.046, 0.118, 0.077, 0.025, 0.041, 0.001]"
74.68,74.72,Gaeul,0.6287372708320618,Gaeul,[0.629],"[0.629, 0.049, 0.115, 0.074, 0.024, 0.043, 0.001]"
74.72,74.76,Gaeul,0.6195465326309204,Gaeul,[0.620],"[0.620, 0.052, 0.112, 0.072, 0.022, 0.045, 0.001]"
74.76,74.8,Gaeul,0.6060713529586792,Gaeul,[0.606],"[0.606, 0.055, 0.108, 0.070, 0.020, 0.047, 0.001]"
74.8,74.84,Gaeul,0.5881822109222412,Gaeul,[0.588],"[0.588, 0.059, 0.104, 0.069, 0.018, 0.050, 0.001]"
74.84,74.88,Gaeul,0.565855860710144,,[],"[0.566, 0.063, 0.099, 0.068, 0.016, 0.053, 0.001]"
74.88,74.92,Gaeul,0.5391467213630676,,[],"[0.539, 0.066, 0.095, 0.069, 0.015, 0.056, 0.001]"
74.92,74.96,Gaeul,0.5082131028175354,,[],"[0.508, 0.070, 0.090, 0.070, 0.013, 0.061, 0.001]"
74.96,75.0,Gaeul,0.47342532873153687,,[],"[0.473, 0.073, 0.085, 0.071, 0.011, 0.066, 0.001]"
75.0,75.04,Gaeul,0.4354369640350342,,[],"[0.435, 0.076, 0.080, 0.074, 0.010, 0.071, 0.001]"
75.04,75.08,Gaeul,0.39506325125694275,,[],"[0.395, 0.080, 0.076, 0.077, 0.009, 0.078, 0.002]"
75.08,75.12,Gaeul,0.3532853126525879,,[],"[0.353, 0.083, 0.071, 0.082, 0.007, 0.085, 0.002]"
75.12,75.16,Gaeul,0.31123048067092896,,[],"[0.311, 0.086, 0.067, 0.087, 0.006, 0.093, 0.002]"
75.16,75.2,Gaeul,0.27009809017181396,,[],"[0.270, 0.089, 0.062, 0.093, 0.005, 0.101, 0.002]"
75.2,75.24,Gaeul,0.23104649782180786,,[],"[0.231, 0.091, 0.058, 0.100, 0.005, 0.110, 0.003]"
75.24,75.28,Gaeul,0.19503280520439148,,[],"[0.195, 0.094, 0.054, 0.109, 0.004, 0.120, 0.003]"
75.28,75.32,Gaeul,0.16270874440670013,,[],"[0.163, 0.096, 0.050, 0.118, 0.003, 0.130, 0.004]"
75.32,75.36,Leeseo,0.13959944248199463,,[],"[0.134, 0.098, 0.047, 0.128, 0.003, 0.140, 0.004]"
75.36,75.4,Leeseo,0.1492960900068283,,[],"[0.110, 0.099, 0.043, 0.139, 0.003, 0.149, 0.005]"
75.4,75.44,Leeseo,0.15852200984954834,,[],"[0.090, 0.100, 0.040, 0.151, 0.002, 0.159, 0.006]"
75.44,75.48,Leeseo,0.1670173555612564,,[],"[0.073, 0.101, 0.037, 0.165, 0.002, 0.167, 0.007]"
75.48,75.52,Wonyoung,0.17925332486629486,,[],"[0.059, 0.102, 0.034, 0.179, 0.002, 0.175, 0.007]"
75.52,75.56,Wonyoung,0.1948455572128296,,[],"[0.048, 0.102, 0.031, 0.195, 0.002, 0.181, 0.008]"
75.56,75.6,Wonyoung,0.21155603229999542,,[],"[0.040, 0.102, 0.028, 0.212, 0.001, 0.185, 0.009]"
75.6,75.64,Wonyoung,0.2293681502342224,,[],"[0.033, 0.102, 0.026, 0.229, 0.001, 0.189, 0.010]"
75.64,75.68,Wonyoung,0.24825790524482727,,[],"[0.027, 0.101, 0.023, 0.248, 0.001, 0.190, 0.011]"
75.68,75.72,Wonyoung,0.2681756317615509,,[],"[0.023, 0.100, 0.021, 0.268, 0.001, 0.189, 0.011]"
75.72,75.76,Wonyoung,0.2890293598175049,,[],"[0.019, 0.099, 0.019, 0.289, 0.001, 0.186, 0.012]"
75.76,75.8,Wonyoung,0.31074708700180054,,[],"[0.016, 0.098, 0.017, 0.311, 0.001, 0.182, 0.012]"
75.8,75.84,Wonyoung,0.33319586515426636,,[],"[0.014, 0.097, 0.015, 0.333, 0.001, 0.176, 0.012]"
75.84,75.88,Wonyoung,0.35623884201049805,,[],"[0.012, 0.096, 0.014, 0.356, 0.001, 0.168, 0.012]"
75.88,75.92,Wonyoung,0.37974369525909424,,[],"[0.010, 0.095, 0.012, 0.380, 0.001, 0.160, 0.012]"
75.92,75.96,Wonyoung,0.4035460352897644,,[],"[0.009, 0.094, 0.011, 0.404, 0.001, 0.150, 0.012]"
75.96,76.0,Wonyoung,0.42745649814605713,,[],"[0.008, 0.093, 0.010, 0.427, 0.001, 0.139, 0.012]"
76.0,76.04,Wonyoung,0.4512709081172943,,[],"[0.007, 0.093, 0.009, 0.451, 0.001, 0.129, 0.012]"
76.04,76.08,Wonyoung,0.4747879207134247,,[],"[0.007, 0.093, 0.008, 0.475, 0.001, 0.118, 0.012]"
76.08,76.12,Wonyoung,0.4978485107421875,,[],"[0.006, 0.093, 0.007, 0.498, 0.001, 0.107, 0.011]"
76.12,76.16,Wonyoung,0.5202950239181519,,[],"[0.006, 0.093, 0.006, 0.520, 0.001, 0.098, 0.011]"
76.16,76.2,Wonyoung,0.541933536529541,,[],"[0.005, 0.094, 0.006, 0.542, 0.001, 0.088, 0.010]"
76.2,76.24,Wonyoung,0.5625802874565125,,[],"[0.005, 0.094, 0.005, 0.563, 0.001, 0.080, 0.010]"
76.24,76.28,Wonyoung,0.5820551514625549,,[],"[0.004, 0.096, 0.005, 0.582, 0.001, 0.073, 0.010]"
76.28,76.32,Wonyoung,0.6001952886581421,,[],"[0.004, 0.097, 0.004, 0.600, 0.001, 0.066, 0.009]"
76.32,76.36,Wonyoung,0.6168596744537354,,[],"[0.004, 0.099, 0.004, 0.617, 0.001, 0.061, 0.009]"
76.36,76.4,Wonyoung,0.631962776184082,Wonyoung,[0.632],"[0.004, 0.101, 0.003, 0.632, 0.002, 0.056, 0.008]"
76.4,76.44,Wonyoung,0.6454074382781982,Wonyoung,[0.645],"[0.003, 0.103, 0.003, 0.645, 0.002, 0.052, 0.008]"
76.44,76.48,Wonyoung,0.6570561528205872,Wonyoung,[0.657],"[0.003, 0.106, 0.003, 0.657, 0.002, 0.048, 0.008]"
76.48,76.52,Wonyoung,0.666765034198761,Wonyoung,[0.667],"[0.003, 0.109, 0.003, 0.667, 0.002, 0.045, 0.007]"
76.52,76.56,Wonyoung,0.6744157075881958,Wonyoung,[0.674],"[0.003, 0.112, 0.002, 0.674, 0.002, 0.042, 0.007]"
76.56,76.6,Wonyoung,0.6799171566963196,Wonyoung,[0.680],"[0.003, 0.116, 0.002, 0.680, 0.002, 0.040, 0.007]"
76.6,76.64,Wonyoung,0.6832050085067749,Wonyoung,[0.683],"[0.003, 0.120, 0.002, 0.683, 0.002, 0.038, 0.007]"
76.64,76.68,Wonyoung,0.6841779351234436,Wonyoung,[0.684],"[0.003, 0.125, 0.002, 0.684, 0.002, 0.036, 0.006]"
76.68,76.72,Wonyoung,0.6827726364135742,Wonyoung,[0.683],"[0.002, 0.130, 0.002, 0.683, 0.002, 0.034, 0.006]"
76.72,76.76,Wonyoung,0.6788806915283203,Wonyoung,[0.679],"[0.002, 0.136, 0.002, 0.679, 0.002, 0.032, 0.006]"
76.76,76.8,Wonyoung,0.6723297238349915,Wonyoung,[0.672],"[0.002, 0.143, 0.002, 0.672, 0.002, 0.030, 0.006]"
76.8,76.84,Wonyoung,0.6629282236099243,Wonyoung,[0.663],"[0.002, 0.151, 0.002, 0.663, 0.002, 0.029, 0.006]"
76.84,76.88,Wonyoung,0.6505547761917114,Wonyoung,[0.651],"[0.002, 0.159, 0.002, 0.651, 0.002, 0.027, 0.005]"
76.88,76.92,Wonyoung,0.6350847482681274,Wonyoung,[0.635],"[0.002, 0.168, 0.002, 0.635, 0.002, 0.025, 0.005]"
76.92,76.96,Wonyoung,0.6164987087249756,Wonyoung,[0.616],"[0.002, 0.177, 0.002, 0.616, 0.002, 0.023, 0.005]"
76.96,77.0,Wonyoung,0.5948171615600586,Wonyoung,[0.595],"[0.002, 0.187, 0.002, 0.595, 0.002, 0.021, 0.005]"
77.0,77.04,Wonyoung,0.5701124668121338,,[],"[0.002, 0.197, 0.002, 0.570, 0.002, 0.019, 0.005]"
77.04,77.08,Wonyoung,0.5425500869750977,,[],"[0.002, 0.207, 0.002, 0.543, 0.003, 0.017, 0.005]"
77.08,77.12,Wonyoung,0.512371838092804,,[],"[0.002, 0.217, 0.002, 0.512, 0.003, 0.015, 0.005]"
77.12,77.16,Wonyoung,0.47997602820396423,,[],"[0.002, 0.226, 0.002, 0.480, 0.003, 0.013, 0.005]"
77.16,77.2,Wonyoung,0.44591328501701355,,[],"[0.002, 0.234, 0.002, 0.446, 0.003, 0.011, 0.005]"
77.2,77.24,Wonyoung,0.41083914041519165,,[],"[0.002, 0.240, 0.002, 0.411, 0.003, 0.009, 0.006]"
77.24,77.28,Wonyoung,0.37544453144073486,,[],"[0.002, 0.244, 0.002, 0.375, 0.003, 0.008, 0.006]"
77.28,77.32,Wonyoung,0.34041786193847656,,[],"[0.002, 0.246, 0.002, 0.340, 0.003, 0.006, 0.007]"
77.32,77.36,Wonyoung,0.30636855959892273,,[],"[0.002, 0.246, 0.003, 0.306, 0.003, 0.005, 0.008]"
77.36,77.4,Wonyoung,0.2738695442676544,,[],"[0.002, 0.242, 0.003, 0.274, 0.004, 0.004, 0.009]"
77.4,77.44,Wonyoung,0.24341416358947754,,[],"[0.002, 0.236, 0.003, 0.243, 0.004, 0.003, 0.011]"
77.44,77.48,Yujin,0.22744089365005493,,[],"[0.002, 0.227, 0.003, 0.215, 0.004, 0.003, 0.013]"
77.48,77.52,Yujin,0.21630078554153442,,[],"[0.001, 0.216, 0.004, 0.190, 0.004, 0.002, 0.017]"
77.52,77.56,Yujin,0.20310132205486298,,[],"[0.001, 0.203, 0.004, 0.167, 0.004, 0.002, 0.021]"
77.56,77.6,Yujin,0.18827122449874878,,[],"[0.001, 0.188, 0.005, 0.147, 0.005, 0.002, 0.027]"
77.6,77.64,Yujin,0.1723397672176361,,[],"[0.001, 0.172, 0.006, 0.129, 0.005, 0.001, 0.035]"
77.64,77.68,Yujin,0.1558586210012436,,[],"[0.001, 0.156, 0.006, 0.113, 0.005, 0.001, 0.046]"
77.68,77.72,Yujin,0.13934843242168427,,[],"[0.001, 0.139, 0.007, 0.100, 0.005, 0.001, 0.061]"
77.72,77.76,Yujin,0.12327427417039871,,[],"[0.001, 0.123, 0.008, 0.088, 0.006, 0.001, 0.082]"
77.76,77.8,silence,0.10929401963949203,,[],"[0.001, 0.108, 0.009, 0.078, 0.006, 0.001, 0.109]"
77.8,77.84,silence,0.14600764214992523,,[],"[0.001, 0.094, 0.009, 0.069, 0.006, 0.001, 0.146]"
77.84,77.88,silence,0.19336971640586853,,[],"[0.001, 0.081, 0.010, 0.061, 0.006, 0.001, 0.193]"
77.88,77.92,silence,0.25228554010391235,,[],"[0.001, 0.070, 0.011, 0.054, 0.006, 0.001, 0.252]"
77.92,77.96,silence,0.32229188084602356,,[],"[0.001, 0.060, 0.011, 0.049, 0.006, 0.001, 0.322]"
77.96,78.0,silence,0.40099796652793884,,[],"[0.001, 0.051, 0.011, 0.044, 0.006, 0.001, 0.401]"
78.0,78.04,silence,0.48417338728904724,,[],"[0.001, 0.044, 0.011, 0.040, 0.006, 0.001, 0.484]"
78.04,78.08,silence,0.5666157007217407,,[],"[0.001, 0.038, 0.011, 0.036, 0.006, 0.001, 0.567]"
78.08,78.12,silence,0.6435039639472961,silence,[0.644],"[0.001, 0.032, 0.011, 0.033, 0.006, 0.001, 0.644]"
78.12,78.16,silence,0.7113736271858215,silence,[0.711],"[0.001, 0.028, 0.011, 0.030, 0.006, 0.001, 0.711]"
78.16,78.2,silence,0.7685940265655518,silence,[0.769],"[0.001, 0.024, 0.010, 0.027, 0.006, 0.001, 0.769]"
78.2,78.24,silence,0.8151109218597412,silence,[0.815],"[0.001, 0.021, 0.009, 0.025, 0.006, 0.002, 0.815]"
78.24,78.28,silence,0.851870596408844,silence,[0.852],"[0.001, 0.019, 0.009, 0.023, 0.007, 0.002, 0.852]"
78.28,78.32,silence,0.8802750110626221,silence,[0.880],"[0.001, 0.017, 0.008, 0.021, 0.007, 0.002, 0.880]"
78.32,78.36,silence,0.9018405675888062,silence,[0.902],"[0.001, 0.015, 0.008, 0.019, 0.007, 0.003, 0.902]"
78.36,78.4,silence,0.9180028438568115,silence,[0.918],"[0.001, 0.014, 0.007, 0.018, 0.007, 0.003, 0.918]"
78.4,78.44,silence,0.9299565553665161,silence,[0.930],"[0.001, 0.012, 0.007, 0.017, 0.007, 0.004, 0.930]"
78.44,78.48,silence,0.9386337399482727,silence,[0.939],"[0.001, 0.011, 0.007, 0.016, 0.007, 0.004, 0.939]"
78.48,78.52,silence,0.944738507270813,silence,[0.945],"[0.001, 0.011, 0.006, 0.015, 0.007, 0.005, 0.945]"
78.52,78.56,silence,0.9487770199775696,silence,[0.949],"[0.001, 0.010, 0.006, 0.014, 0.007, 0.006, 0.949]"
78.56,78.6,silence,0.9510821104049683,silence,[0.951],"[0.001, 0.009, 0.006, 0.014, 0.007, 0.007, 0.951]"
78.6,78.64,silence,0.9518260955810547,silence,[0.952],"[0.001, 0.009, 0.006, 0.014, 0.007, 0.007, 0.952]"
78.64,78.68,silence,0.9510631561279297,silence,[0.951],"[0.001, 0.008, 0.006, 0.014, 0.008, 0.008, 0.951]"
78.68,78.72,silence,0.948728621006012,silence,[0.949],"[0.001, 0.008, 0.006, 0.014, 0.008, 0.008, 0.949]"
78.72,78.76,silence,0.9446413516998291,silence,[0.945],"[0.001, 0.007, 0.006, 0.014, 0.008, 0.009, 0.945]"
78.76,78.8,silence,0.9384855628013611,silence,[0.938],"[0.001, 0.007, 0.007, 0.015, 0.008, 0.009, 0.938]"
78.8,78.84,silence,0.9297866821289062,silence,[0.930],"[0.001, 0.006, 0.007, 0.016, 0.008, 0.008, 0.930]"
78.84,78.88,silence,0.9178687334060669,silence,[0.918],"[0.001, 0.006, 0.008, 0.017, 0.008, 0.008, 0.918]"
78.88,78.92,silence,0.901823103427887,silence,[0.902],"[0.001, 0.006, 0.008, 0.019, 0.009, 0.007, 0.902]"
78.92,78.96,silence,0.8805108070373535,silence,[0.881],"[0.001, 0.005, 0.009, 0.021, 0.009, 0.007, 0.881]"
78.96,79.0,silence,0.8525245785713196,silence,[0.853],"[0.001, 0.005, 0.010, 0.023, 0.009, 0.006, 0.853]"
79.0,79.04,silence,0.8162416219711304,silence,[0.816],"[0.001, 0.005, 0.012, 0.027, 0.009, 0.005, 0.816]"
79.04,79.08,silence,0.7700326442718506,silence,[0.770],"[0.001, 0.004, 0.013, 0.031, 0.009, 0.004, 0.770]"
79.08,79.12,silence,0.7126472592353821,silence,[0.713],"[0.001, 0.004, 0.015, 0.037, 0.009, 0.004, 0.713]"
79.12,79.16,silence,0.6438713073730469,silence,[0.644],"[0.001, 0.004, 0.018, 0.045, 0.009, 0.003, 0.644]"
79.16,79.2,silence,0.5652284622192383,,[],"[0.001, 0.004, 0.020, 0.054, 0.009, 0.002, 0.565]"
79.2,79.24,silence,0.4803248345851898,,[],"[0.001, 0.003, 0.023, 0.067, 0.010, 0.002, 0.480]"
79.24,79.28,silence,0.394426554441452,,[],"[0.001, 0.003, 0.026, 0.083, 0.010, 0.001, 0.394]"
79.28,79.32,silence,0.3133012652397156,,[],"[0.001, 0.003, 0.030, 0.104, 0.010, 0.001, 0.313]"
79.32,79.36,silence,0.24165984988212585,,[],"[0.001, 0.003, 0.033, 0.131, 0.010, 0.001, 0.242]"
79.36,79.4,silence,0.1821163296699524,,[],"[0.002, 0.002, 0.037, 0.165, 0.010, 0.001, 0.182]"
79.4,79.44,Wonyoung,0.20774078369140625,,[],"[0.002, 0.002, 0.040, 0.208, 0.010, 0.001, 0.135]"
79.44,79.48,Wonyoung,0.25936710834503174,,[],"[0.002, 0.002, 0.043, 0.259, 0.010, 0.000, 0.099]"
79.48,79.52,Wonyoung,0.3199373483657837,,[],"[0.002, 0.002, 0.046, 0.320, 0.010, 0.000, 0.073]"
79.52,79.56,Wonyoung,0.3881736099720001,,[],"[0.003, 0.002, 0.048, 0.388, 0.010, 0.000, 0.054]"
79.56,79.6,Wonyoung,0.461590051651001,,[],"[0.003, 0.002, 0.050, 0.462, 0.011, 0.000, 0.040]"
79.6,79.64,Wonyoung,0.5367932915687561,,[],"[0.004, 0.002, 0.050, 0.537, 0.011, 0.000, 0.030]"
79.64,79.68,Wonyoung,0.6100829839706421,,[],"[0.004, 0.002, 0.050, 0.610, 0.011, 0.000, 0.023]"
79.68,79.72,Wonyoung,0.6781674027442932,Wonyoung,[0.678],"[0.004, 0.002, 0.050, 0.678, 0.011, 0.000, 0.018]"
79.72,79.76,Wonyoung,0.7386952042579651,Wonyoung,[0.739],"[0.005, 0.002, 0.049, 0.739, 0.011, 0.000, 0.014]"
79.76,79.8,Wonyoung,0.7905007600784302,Wonyoung,[0.791],"[0.005, 0.002, 0.047, 0.791, 0.011, 0.000, 0.011]"
79.8,79.84,Wonyoung,0.8334905505180359,Wonyoung,[0.833],"[0.006, 0.002, 0.045, 0.833, 0.012, 0.000, 0.009]"
79.84,79.88,Wonyoung,0.8683125972747803,Wonyoung,[0.868],"[0.006, 0.001, 0.043, 0.868, 0.012, 0.000, 0.007]"
79.88,79.92,Wonyoung,0.8960092663764954,Wonyoung,[0.896],"[0.007, 0.001, 0.041, 0.896, 0.012, 0.000, 0.006]"
79.92,79.96,Wonyoung,0.9177632927894592,Wonyoung,[0.918],"[0.007, 0.001, 0.039, 0.918, 0.012, 0.000, 0.005]"
79.96,80.0,Wonyoung,0.9347078204154968,Wonyoung,[0.935],"[0.008, 0.001, 0.037, 0.935, 0.012, 0.000, 0.005]"
80.0,80.04,Wonyoung,0.9478542804718018,Wonyoung,[0.948],"[0.008, 0.001, 0.036, 0.948, 0.013, 0.000, 0.004]"
80.04,80.08,Wonyoung,0.9580721855163574,Wonyoung,[0.958],"[0.008, 0.001, 0.034, 0.958, 0.013, 0.000, 0.004]"
80.08,80.12,Wonyoung,0.9660535454750061,Wonyoung,[0.966],"[0.008, 0.001, 0.033, 0.966, 0.013, 0.000, 0.003]"
80.12,80.16,Wonyoung,0.9723238348960876,Wonyoung,[0.972],"[0.009, 0.001, 0.032, 0.972, 0.013, 0.000, 0.003]"
80.16,80.2,Wonyoung,0.9772875308990479,Wonyoung,[0.977],"[0.009, 0.001, 0.031, 0.977, 0.013, 0.000, 0.003]"
80.2,80.24,Wonyoung,0.9812512397766113,Wonyoung,[0.981],"[0.009, 0.001, 0.030, 0.981, 0.013, 0.000, 0.002]"
80.24,80.28,Wonyoung,0.9844344258308411,Wonyoung,[0.984],"[0.009, 0.001, 0.030, 0.984, 0.013, 0.000, 0.002]"
80.28,80.32,Wonyoung,0.9869951605796814,Wonyoung,[0.987],"[0.009, 0.002, 0.030, 0.987, 0.013, 0.000, 0.002]"
80.32,80.36,Wonyoung,0.9890540838241577,Wonyoung,[0.989],"[0.009, 0.002, 0.029, 0.989, 0.013, 0.000, 0.002]"
80.36,80.4,Wonyoung,0.9907078742980957,Wonyoung,[0.991],"[0.009, 0.002, 0.029, 0.991, 0.012, 0.001, 0.002]"
80.4,80.44,Wonyoung,0.9920344948768616,Wonyoung,[0.992],"[0.009, 0.002, 0.030, 0.992, 0.012, 0.001, 0.001]"
80.44,80.48,Wonyoung,0.993097722530365,Wonyoung,[0.993],"[0.009, 0.002, 0.030, 0.993, 0.011, 0.001, 0.001]"
80.48,80.52,Wonyoung,0.9939483404159546,Wonyoung,[0.994],"[0.010, 0.002, 0.031, 0.994, 0.011, 0.001, 0.001]"
80.52,80.56,Wonyoung,0.9946269392967224,Wonyoung,[0.995],"[0.010, 0.002, 0.031, 0.995, 0.010, 0.001, 0.001]"
80.56,80.6,Wonyoung,0.9951651096343994,Wonyoung,[0.995],"[0.010, 0.002, 0.032, 0.995, 0.010, 0.002, 0.001]"
80.6,80.64,Wonyoung,0.995587944984436,Wonyoung,[0.996],"[0.010, 0.002, 0.033, 0.996, 0.009, 0.002, 0.001]"
80.64,80.68,Wonyoung,0.9959157109260559,Wonyoung,[0.996],"[0.011, 0.002, 0.035, 0.996, 0.009, 0.003, 0.001]"
80.68,80.72,Wonyoung,0.9961642026901245,Wonyoung,[0.996],"[0.011, 0.002, 0.036, 0.996, 0.008, 0.004, 0.001]"
80.72,80.76,Wonyoung,0.9963454604148865,Wonyoung,[0.996],"[0.012, 0.002, 0.038, 0.996, 0.008, 0.005, 0.001]"
80.76,80.8,Wonyoung,0.9964673519134521,Wonyoung,[0.996],"[0.013, 0.002, 0.040, 0.996, 0.007, 0.006, 0.001]"
80.8,80.84,Wonyoung,0.9965356588363647,Wonyoung,[0.997],"[0.014, 0.003, 0.042, 0.997, 0.007, 0.008, 0.001]"
80.84,80.88,Wonyoung,0.9965529441833496,Wonyoung,[0.997],"[0.014, 0.003, 0.045, 0.997, 0.006, 0.010, 0.001]"
80.88,80.92,Wonyoung,0.996519923210144,Wonyoung,[0.997],"[0.016, 0.003, 0.048, 0.997, 0.006, 0.012, 0.000]"
80.92,80.96,Wonyoung,0.9964348077774048,Wonyoung,[0.996],"[0.017, 0.003, 0.050, 0.996, 0.005, 0.016, 0.000]"
80.96,81.0,Wonyoung,0.9962945580482483,Wonyoung,[0.996],"[0.018, 0.003, 0.053, 0.996, 0.005, 0.019, 0.000]"
81.0,81.04,Wonyoung,0.9960929751396179,Wonyoung,[0.996],"[0.020, 0.003, 0.056, 0.996, 0.005, 0.024, 0.000]"
81.04,81.08,Wonyoung,0.995821475982666,Wonyoung,[0.996],"[0.022, 0.003, 0.059, 0.996, 0.005, 0.029, 0.000]"
81.08,81.12,Wonyoung,0.9954692125320435,Wonyoung,[0.995],"[0.024, 0.003, 0.062, 0.995, 0.004, 0.035, 0.000]"
81.12,81.16,Wonyoung,0.9950225353240967,Wonyoung,[0.995],"[0.027, 0.003, 0.064, 0.995, 0.004, 0.042, 0.000]"
81.16,81.2,Wonyoung,0.9944626688957214,Wonyoung,[0.994],"[0.029, 0.003, 0.066, 0.994, 0.004, 0.049, 0.000]"
81.2,81.24,Wonyoung,0.9937644004821777,Wonyoung,[0.994],"[0.032, 0.003, 0.068, 0.994, 0.004, 0.057, 0.000]"
81.24,81.28,Wonyoung,0.99289470911026,Wonyoung,[0.993],"[0.036, 0.003, 0.068, 0.993, 0.004, 0.065, 0.000]"
81.28,81.32,Wonyoung,0.9918111562728882,Wonyoung,[0.992],"[0.040, 0.003, 0.068, 0.992, 0.004, 0.074, 0.000]"
81.32,81.36,Wonyoung,0.990461528301239,Wonyoung,[0.990],"[0.044, 0.003, 0.066, 0.990, 0.004, 0.082, 0.000]"
81.36,81.4,Wonyoung,0.9887810945510864,Wonyoung,[0.989],"[0.048, 0.003, 0.064, 0.989, 0.004, 0.091, 0.000]"
81.4,81.44,Wonyoung,0.9866891503334045,Wonyoung,[0.987],"[0.053, 0.003, 0.061, 0.987, 0.004, 0.099, 0.000]"
81.44,81.48,Wonyoung,0.9840922355651855,Wonyoung,[0.984],"[0.058, 0.003, 0.058, 0.984, 0.004, 0.106, 0.000]"
81.48,81.52,Wonyoung,0.9808815717697144,Wonyoung,[0.981],"[0.063, 0.003, 0.053, 0.981, 0.005, 0.113, 0.000]"
81.52,81.56,Wonyoung,0.976938784122467,Wonyoung,[0.977],"[0.069, 0.002, 0.049, 0.977, 0.005, 0.119, 0.000]"
81.56,81.6,Wonyoung,0.9721411466598511,Wonyoung,[0.972],"[0.075, 0.002, 0.044, 0.972, 0.005, 0.124, 0.000]"
81.6,81.64,Wonyoung,0.9663645029067993,Wonyoung,[0.966],"[0.081, 0.002, 0.039, 0.966, 0.006, 0.128, 0.001]"
81.64,81.68,Wonyoung,0.9594953656196594,Wonyoung,[0.959],"[0.088, 0.002, 0.034, 0.959, 0.006, 0.131, 0.001]"
81.68,81.72,Wonyoung,0.9514380693435669,Wonyoung,[0.951],"[0.095, 0.002, 0.030, 0.951, 0.007, 0.133, 0.001]"
81.72,81.76,Wonyoung,0.9421347975730896,Wonyoung,[0.942],"[0.103, 0.002, 0.025, 0.942, 0.007, 0.134, 0.001]"
81.76,81.8,Wonyoung,0.9315835237503052,Wonyoung,[0.932],"[0.111, 0.002, 0.022, 0.932, 0.008, 0.135, 0.001]"
81.8,81.84,Wonyoung,0.9198470711708069,Wonyoung,[0.920],"[0.121, 0.002, 0.018, 0.920, 0.009, 0.134, 0.001]"
81.84,81.88,Wonyoung,0.9070845246315002,Wonyoung,[0.907],"[0.131, 0.002, 0.015, 0.907, 0.010, 0.133, 0.001]"
81.88,81.92,Wonyoung,0.8935412168502808,Wonyoung,[0.894],"[0.143, 0.001, 0.013, 0.894, 0.011, 0.131, 0.001]"
81.92,81.96,Wonyoung,0.8795438408851624,Wonyoung,[0.880],"[0.156, 0.001, 0.010, 0.880, 0.013, 0.128, 0.001]"
81.96,82.0,Wonyoung,0.8654839396476746,Wonyoung,[0.865],"[0.170, 0.001, 0.009, 0.865, 0.014, 0.125, 0.001]"
82.0,82.04,Wonyoung,0.8517681360244751,Wonyoung,[0.852],"[0.186, 0.001, 0.007, 0.852, 0.016, 0.122, 0.001]"
82.04,82.08,Wonyoung,0.8387848138809204,Wonyoung,[0.839],"[0.202, 0.001, 0.006, 0.839, 0.018, 0.117, 0.001]"
82.08,82.12,Wonyoung,0.8268864154815674,Wonyoung,[0.827],"[0.220, 0.001, 0.005, 0.827, 0.020, 0.113, 0.001]"
82.12,82.16,Wonyoung,0.816377580165863,Wonyoung,[0.816],"[0.239, 0.001, 0.004, 0.816, 0.023, 0.107, 0.001]"
82.16,82.2,Wonyoung,0.807466447353363,Wonyoung,[0.807],"[0.258, 0.001, 0.003, 0.807, 0.025, 0.102, 0.001]"
82.2,82.24,Wonyoung,0.8002577424049377,Wonyoung,[0.800],"[0.278, 0.001, 0.003, 0.800, 0.028, 0.096, 0.001]"
82.24,82.28,Wonyoung,0.7947929501533508,Wonyoung,[0.795],"[0.297, 0.001, 0.002, 0.795, 0.031, 0.089, 0.001]"
82.28,82.32,Wonyoung,0.7910529375076294,Wonyoung,[0.791],"[0.316, 0.001, 0.002, 0.791, 0.034, 0.083, 0.001]"
82.32,82.36,Wonyoung,0.7889963984489441,Wonyoung,[0.789],"[0.335, 0.001, 0.001, 0.789, 0.038, 0.076, 0.001]"
82.36,82.4,Wonyoung,0.7885549664497375,Wonyoung,[0.789],"[0.352, 0.001, 0.001, 0.789, 0.041, 0.070, 0.001]"
82.4,82.44,Wonyoung,0.7896215915679932,Wonyoung,[0.790],"[0.368, 0.001, 0.001, 0.790, 0.045, 0.064, 0.001]"
82.44,82.48,Wonyoung,0.7920658588409424,Wonyoung,[0.792],"[0.382, 0.001, 0.001, 0.792, 0.049, 0.057, 0.001]"
82.48,82.52,Wonyoung,0.7957308888435364,Wonyoung,[0.796],"[0.395, 0.001, 0.001, 0.796, 0.053, 0.051, 0.001]"
82.52,82.56,Wonyoung,0.8004250526428223,Wonyoung,[0.800],"[0.406, 0.001, 0.001, 0.800, 0.057, 0.046, 0.001]"
82.56,82.6,Wonyoung,0.8059558272361755,Wonyoung,[0.806],"[0.416, 0.001, 0.000, 0.806, 0.061, 0.040, 0.001]"
82.6,82.64,Wonyoung,0.8121410608291626,Wonyoung,[0.812],"[0.423, 0.001, 0.000, 0.812, 0.065, 0.035, 0.001]"
82.64,82.68,Wonyoung,0.8187795877456665,Wonyoung,[0.819],"[0.429, 0.001, 0.000, 0.819, 0.069, 0.031, 0.001]"
82.68,82.72,Wonyoung,0.8256101012229919,Wonyoung,[0.826],"[0.433, 0.001, 0.000, 0.826, 0.073, 0.026, 0.001]"
82.72,82.76,Wonyoung,0.832378089427948,Wonyoung,[0.832],"[0.435, 0.002, 0.000, 0.832, 0.077, 0.023, 0.001]"
82.76,82.8,Wonyoung,0.8388469815254211,Wonyoung,[0.839],"[0.435, 0.002, 0.000, 0.839, 0.080, 0.019, 0.001]"
82.8,82.84,Wonyoung,0.8448167443275452,Wonyoung,[0.845],"[0.434, 0.002, 0.000, 0.845, 0.084, 0.016, 0.001]"
82.84,82.88,Wonyoung,0.8501274585723877,Wonyoung,[0.850],"[0.431, 0.002, 0.000, 0.850, 0.087, 0.014, 0.001]"
82.88,82.92,Wonyoung,0.8546717762947083,Wonyoung,[0.855],"[0.426, 0.002, 0.000, 0.855, 0.091, 0.011, 0.001]"
82.92,82.96,Wonyoung,0.8583530783653259,Wonyoung,[0.858],"[0.420, 0.002, 0.000, 0.858, 0.094, 0.009, 0.001]"
82.96,83.0,Wonyoung,0.8610764145851135,Wonyoung,[0.861],"[0.413, 0.002, 0.000, 0.861, 0.097, 0.008, 0.001]"
83.0,83.04,Wonyoung,0.8627575635910034,Wonyoung,[0.863],"[0.404, 0.002, 0.000, 0.863, 0.100, 0.007, 0.001]"
83.04,83.08,Wonyoung,0.8633226156234741,Wonyoung,[0.863],"[0.395, 0.003, 0.000, 0.863, 0.102, 0.005, 0.001]"
83.08,83.12,Wonyoung,0.8626658916473389,Wonyoung,[0.863],"[0.384, 0.003, 0.000, 0.863, 0.105, 0.004, 0.001]"
83.12,83.16,Wonyoung,0.8606913685798645,Wonyoung,[0.861],"[0.373, 0.003, 0.000, 0.861, 0.108, 0.004, 0.001]"
83.16,83.2,Wonyoung,0.8573089838027954,Wonyoung,[0.857],"[0.361, 0.004, 0.000, 0.857, 0.111, 0.003, 0.001]"
83.2,83.24,Wonyoung,0.8524283170700073,Wonyoung,[0.852],"[0.348, 0.004, 0.000, 0.852, 0.113, 0.003, 0.001]"
83.24,83.28,Wonyoung,0.8460149765014648,Wonyoung,[0.846],"[0.335, 0.004, 0.000, 0.846, 0.116, 0.002, 0.001]"
83.28,83.32,Wonyoung,0.8380411267280579,Wonyoung,[0.838],"[0.322, 0.005, 0.000, 0.838, 0.119, 0.002, 0.001]"
83.32,83.36,Wonyoung,0.8284676671028137,Wonyoung,[0.828],"[0.307, 0.005, 0.000, 0.828, 0.122, 0.002, 0.001]"
83.36,83.4,Wonyoung,0.8172716498374939,Wonyoung,[0.817],"[0.291, 0.006, 0.000, 0.817, 0.124, 0.001, 0.001]"
83.4,83.44,Wonyoung,0.8044735193252563,Wonyoung,[0.804],"[0.274, 0.007, 0.000, 0.804, 0.127, 0.001, 0.001]"
83.44,83.48,Wonyoung,0.7901070713996887,Wonyoung,[0.790],"[0.256, 0.007, 0.000, 0.790, 0.129, 0.001, 0.001]"
83.48,83.52,Wonyoung,0.7742529511451721,Wonyoung,[0.774],"[0.237, 0.008, 0.000, 0.774, 0.131, 0.001, 0.001]"
83.52,83.56,Wonyoung,0.7570116519927979,Wonyoung,[0.757],"[0.217, 0.009, 0.000, 0.757, 0.133, 0.001, 0.002]"
83.56,83.6,Wonyoung,0.7385136485099792,Wonyoung,[0.739],"[0.196, 0.010, 0.000, 0.739, 0.135, 0.001, 0.002]"
83.6,83.64,Wonyoung,0.7189515829086304,Wonyoung,[0.719],"[0.175, 0.010, 0.000, 0.719, 0.136, 0.001, 0.002]"
83.64,83.68,Wonyoung,0.6986318230628967,Wonyoung,[0.699],"[0.155, 0.011, 0.000, 0.699, 0.137, 0.001, 0.002]"
83.68,83.72,Wonyoung,0.6779088377952576,Wonyoung,[0.678],"[0.134, 0.012, 0.000, 0.678, 0.138, 0.001, 0.003]"
83.72,83.76,Wonyoung,0.6571197509765625,Wonyoung,[0.657],"[0.115, 0.012, 0.000, 0.657, 0.139, 0.001, 0.003]"
83.76,83.8,Wonyoung,0.6366148591041565,Wonyoung,[0.637],"[0.098, 0.013, 0.000, 0.637, 0.140, 0.001, 0.004]"
83.8,83.84,Wonyoung,0.616765558719635,Wonyoung,[0.617],"[0.082, 0.013, 0.000, 0.617, 0.140, 0.001, 0.004]"
83.84,83.88,Wonyoung,0.5978830456733704,Wonyoung,[0.598],"[0.068, 0.013, 0.000, 0.598, 0.140, 0.001, 0.005]"
83.88,83.92,Wonyoung,0.5802680253982544,Wonyoung,[0.580],"[0.055, 0.012, 0.000, 0.580, 0.140, 0.001, 0.005]"
83.92,83.96,Wonyoung,0.5641663670539856,,[],"[0.045, 0.012, 0.000, 0.564, 0.139, 0.002, 0.006]"
83.96,84.0,Wonyoung,0.5497595071792603,,[],"[0.036, 0.012, 0.000, 0.550, 0.139, 0.002, 0.006]"
84.0,84.04,Wonyoung,0.537175178527832,,[],"[0.029, 0.011, 0.000, 0.537, 0.138, 0.002, 0.007]"
84.04,84.08,Wonyoung,0.5265266299247742,,[],"[0.024, 0.010, 0.000, 0.527, 0.137, 0.002, 0.008]"
84.08,84.12,Wonyoung,0.5178655385971069,,[],"[0.019, 0.009, 0.000, 0.518, 0.135, 0.002, 0.008]"
84.12,84.16,Wonyoung,0.5112025141716003,,[],"[0.016, 0.008, 0.000, 0.511, 0.134, 0.003, 0.009]"
84.16,84.2,Wonyoung,0.5065536499023438,,[],"[0.013, 0.008, 0.001, 0.507, 0.133, 0.003, 0.010]"
84.2,84.24,Wonyoung,0.5039337277412415,,[],"[0.011, 0.007, 0.001, 0.504, 0.131, 0.003, 0.010]"
84.24,84.28,Wonyoung,0.5033390522003174,,[],"[0.009, 0.006, 0.001, 0.503, 0.130, 0.003, 0.011]"
84.28,84.32,Wonyoung,0.504772961139679,,[],"[0.008, 0.005, 0.001, 0.505, 0.129, 0.004, 0.011]"
84.32,84.36,Wonyoung,0.5081800222396851,,[],"[0.007, 0.005, 0.001, 0.508, 0.128, 0.004, 0.012]"
84.36,84.4,Wonyoung,0.5134813785552979,,[],"[0.006, 0.004, 0.001, 0.513, 0.127, 0.004, 0.012]"
84.4,84.44,Wonyoung,0.5206078886985779,,[],"[0.005, 0.004, 0.001, 0.521, 0.126, 0.004, 0.013]"
84.44,84.48,Wonyoung,0.5294021368026733,,[],"[0.005, 0.004, 0.001, 0.529, 0.125, 0.004, 0.013]"
84.48,84.52,Wonyoung,0.5396530032157898,,[],"[0.005, 0.003, 0.001, 0.540, 0.125, 0.004, 0.013]"
84.52,84.56,Wonyoung,0.5510988831520081,,[],"[0.004, 0.003, 0.001, 0.551, 0.124, 0.004, 0.013]"
84.56,84.6,Wonyoung,0.5634638071060181,,[],"[0.004, 0.003, 0.001, 0.563, 0.124, 0.004, 0.013]"
84.6,84.64,Wonyoung,0.5764456391334534,,[],"[0.004, 0.003, 0.001, 0.576, 0.124, 0.004, 0.013]"
84.64,84.68,Wonyoung,0.5897820591926575,,[],"[0.004, 0.003, 0.001, 0.590, 0.124, 0.004, 0.013]"
84.68,84.72,Wonyoung,0.6033152937889099,,[],"[0.004, 0.002, 0.001, 0.603, 0.124, 0.004, 0.013]"
84.72,84.76,Wonyoung,0.6169030666351318,,[],"[0.005, 0.002, 0.001, 0.617, 0.123, 0.004, 0.013]"
84.76,84.8,Wonyoung,0.6304454207420349,Wonyoung,[0.630],"[0.005, 0.002, 0.001, 0.630, 0.123, 0.003, 0.012]"
84.8,84.84,Wonyoung,0.6438440680503845,Wonyoung,[0.644],"[0.005, 0.003, 0.001, 0.644, 0.122, 0.003, 0.012]"
84.84,84.88,Wonyoung,0.6569510102272034,Wonyoung,[0.657],"[0.006, 0.003, 0.001, 0.657, 0.122, 0.003, 0.011]"
84.88,84.92,Wonyoung,0.669623613357544,Wonyoung,[0.670],"[0.007, 0.003, 0.001, 0.670, 0.121, 0.003, 0.011]"
84.92,84.96,Wonyoung,0.6818015575408936,Wonyoung,[0.682],"[0.008, 0.003, 0.001, 0.682, 0.119, 0.003, 0.010]"
84.96,85.0,Wonyoung,0.6934559345245361,Wonyoung,[0.693],"[0.009, 0.003, 0.001, 0.693, 0.118, 0.003, 0.010]"
85.0,85.04,Wonyoung,0.704580545425415,Wonyoung,[0.705],"[0.010, 0.004, 0.001, 0.705, 0.116, 0.002, 0.009]"
85.04,85.08,Wonyoung,0.715185821056366,Wonyoung,[0.715],"[0.011, 0.004, 0.001, 0.715, 0.114, 0.002, 0.009]"
85.08,85.12,Wonyoung,0.7253671884536743,Wonyoung,[0.725],"[0.013, 0.005, 0.001, 0.725, 0.112, 0.002, 0.008]"
85.12,85.16,Wonyoung,0.735152006149292,Wonyoung,[0.735],"[0.015, 0.006, 0.001, 0.735, 0.109, 0.002, 0.008]"
85.16,85.2,Wonyoung,0.7445482611656189,Wonyoung,[0.745],"[0.016, 0.007, 0.001, 0.745, 0.106, 0.002, 0.007]"
85.2,85.24,Wonyoung,0.7535153031349182,Wonyoung,[0.754],"[0.018, 0.008, 0.002, 0.754, 0.103, 0.002, 0.007]"
85.24,85.28,Wonyoung,0.7619283199310303,Wonyoung,[0.762],"[0.020, 0.009, 0.002, 0.762, 0.099, 0.002, 0.006]"
85.28,85.32,Wonyoung,0.7696548700332642,Wonyoung,[0.770],"[0.021, 0.011, 0.002, 0.770, 0.095, 0.002, 0.006]"
85.32,85.36,Wonyoung,0.7765830159187317,Wonyoung,[0.777],"[0.023, 0.013, 0.002, 0.777, 0.091, 0.002, 0.006]"
85.36,85.4,Wonyoung,0.7826167941093445,Wonyoung,[0.783],"[0.024, 0.015, 0.002, 0.783, 0.087, 0.002, 0.005]"
85.4,85.44,Wonyoung,0.7876825332641602,Wonyoung,[0.788],"[0.026, 0.017, 0.002, 0.788, 0.083, 0.003, 0.005]"
85.44,85.48,Wonyoung,0.7917476892471313,Wonyoung,[0.792],"[0.027, 0.020, 0.002, 0.792, 0.079, 0.003, 0.005]"
85.48,85.52,Wonyoung,0.7948185801506042,Wonyoung,[0.795],"[0.027, 0.023, 0.002, 0.795, 0.076, 0.003, 0.005]"
85.52,85.56,Wonyoung,0.7969076037406921,Wonyoung,[0.797],"[0.028, 0.025, 0.002, 0.797, 0.072, 0.003, 0.005]"
85.56,85.6,Wonyoung,0.7979885935783386,Wonyoung,[0.798],"[0.028, 0.028, 0.002, 0.798, 0.069, 0.004, 0.005]"
85.6,85.64,Wonyoung,0.7979485988616943,Wonyoung,[0.798],"[0.028, 0.031, 0.002, 0.798, 0.065, 0.004, 0.005]"
85.64,85.68,Wonyoung,0.7966168522834778,Wonyoung,[0.797],"[0.028, 0.034, 0.002, 0.797, 0.062, 0.005, 0.005]"
85.68,85.72,Wonyoung,0.7938603758811951,Wonyoung,[0.794],"[0.028, 0.036, 0.002, 0.794, 0.059, 0.005, 0.005]"
85.72,85.76,Wonyoung,0.7895911931991577,Wonyoung,[0.790],"[0.027, 0.038, 0.002, 0.790, 0.056, 0.006, 0.005]"
85.76,85.8,Wonyoung,0.7837073802947998,Wonyoung,[0.784],"[0.026, 0.039, 0.002, 0.784, 0.054, 0.007, 0.005]"
85.8,85.84,Wonyoung,0.7760851979255676,Wonyoung,[0.776],"[0.026, 0.040, 0.003, 0.776, 0.052, 0.008, 0.005]"
85.84,85.88,Wonyoung,0.7665961384773254,Wonyoung,[0.767],"[0.025, 0.040, 0.003, 0.767, 0.050, 0.010, 0.005]"
85.88,85.92,Wonyoung,0.7551138401031494,Wonyoung,[0.755],"[0.024, 0.040, 0.003, 0.755, 0.049, 0.011, 0.005]"
85.92,85.96,Wonyoung,0.7415496706962585,Wonyoung,[0.742],"[0.023, 0.039, 0.003, 0.742, 0.047, 0.014, 0.006]"
85.96,86.0,Wonyoung,0.7258320450782776,Wonyoung,[0.726],"[0.022, 0.038, 0.003, 0.726, 0.046, 0.016, 0.006]"
86.0,86.04,Wonyoung,0.7079322934150696,Wonyoung,[0.708],"[0.020, 0.037, 0.003, 0.708, 0.045, 0.019, 0.006]"
86.04,86.08,Wonyoung,0.6878625750541687,Wonyoung,[0.688],"[0.019, 0.036, 0.003, 0.688, 0.045, 0.023, 0.006]"
86.08,86.12,Wonyoung,0.6657155156135559,Wonyoung,[0.666],"[0.018, 0.034, 0.003, 0.666, 0.044, 0.028, 0.006]"
86.12,86.16,Wonyoung,0.6416531801223755,Wonyoung,[0.642],"[0.017, 0.033, 0.003, 0.642, 0.044, 0.034, 0.007]"
86.16,86.2,Wonyoung,0.615909993648529,Wonyoung,[0.616],"[0.016, 0.032, 0.003, 0.616, 0.044, 0.041, 0.007]"
86.2,86.24,Wonyoung,0.588772714138031,Wonyoung,[0.589],"[0.016, 0.030, 0.003, 0.589, 0.044, 0.049, 0.007]"
86.24,86.28,Wonyoung,0.5606050491333008,,[],"[0.015, 0.029, 0.003, 0.561, 0.045, 0.058, 0.007]"
86.28,86.32,Wonyoung,0.5318396091461182,,[],"[0.014, 0.028, 0.004, 0.532, 0.045, 0.070, 0.007]"
86.32,86.36,Wonyoung,0.5029101967811584,,[],"[0.014, 0.026, 0.004, 0.503, 0.045, 0.083, 0.007]"
86.36,86.4,Wonyoung,0.47422152757644653,,[],"[0.013, 0.025, 0.004, 0.474, 0.045, 0.098, 0.007]"
86.4,86.44,Wonyoung,0.4461149573326111,,[],"[0.013, 0.025, 0.004, 0.446, 0.045, 0.114, 0.007]"
86.44,86.48,Wonyoung,0.41893625259399414,,[],"[0.012, 0.024, 0.004, 0.419, 0.046, 0.132, 0.007]"
86.48,86.52,Wonyoung,0.39302125573158264,,[],"[0.012, 0.023, 0.004, 0.393, 0.046, 0.151, 0.007]"
86.52,86.56,Wonyoung,0.36867648363113403,,[],"[0.012, 0.022, 0.004, 0.369, 0.046, 0.171, 0.007]"
86.56,86.6,Wonyoung,0.3461003005504608,,[],"[0.012, 0.022, 0.004, 0.346, 0.046, 0.190, 0.007]"
86.6,86.64,Wonyoung,0.32541030645370483,,[],"[0.011, 0.022, 0.004, 0.325, 0.046, 0.210, 0.007]"
86.64,86.68,Wonyoung,0.30665019154548645,,[],"[0.011, 0.021, 0.004, 0.307, 0.045, 0.228, 0.007]"
86.68,86.72,Wonyoung,0.2897886037826538,,[],"[0.011, 0.021, 0.004, 0.290, 0.045, 0.244, 0.007]"
86.72,86.76,Wonyoung,0.2747358977794647,,[],"[0.011, 0.021, 0.004, 0.275, 0.045, 0.258, 0.006]"
86.76,86.8,Leeseo,0.27015605568885803,,[],"[0.011, 0.021, 0.005, 0.261, 0.045, 0.270, 0.006]"
86.8,86.84,Leeseo,0.2790933847427368,,[],"[0.011, 0.021, 0.005, 0.250, 0.045, 0.279, 0.006]"
86.84,86.88,Leeseo,0.2851882874965668,,[],"[0.011, 0.021, 0.005, 0.239, 0.044, 0.285, 0.006]"
86.88,86.92,Leeseo,0.2885856032371521,,[],"[0.011, 0.021, 0.006, 0.231, 0.044, 0.289, 0.006]"
86.92,86.96,Leeseo,0.2895117998123169,,[],"[0.012, 0.021, 0.006, 0.223, 0.044, 0.290, 0.006]"
86.96,87.0,Leeseo,0.2882636487483978,,[],"[0.012, 0.022, 0.006, 0.217, 0.044, 0.288, 0.006]"
87.0,87.04,Leeseo,0.28519144654273987,,[],"[0.012, 0.022, 0.007, 0.211, 0.044, 0.285, 0.006]"
87.04,87.08,Leeseo,0.28069525957107544,,[],"[0.012, 0.022, 0.008, 0.207, 0.044, 0.281, 0.006]"
87.08,87.12,Leeseo,0.27520814538002014,,[],"[0.013, 0.023, 0.008, 0.203, 0.044, 0.275, 0.006]"
87.12,87.16,Leeseo,0.2692120671272278,,[],"[0.013, 0.023, 0.009, 0.199, 0.044, 0.269, 0.007]"
87.16,87.2,Leeseo,0.2631659209728241,,[],"[0.014, 0.023, 0.010, 0.195, 0.045, 0.263, 0.007]"
87.2,87.24,Leeseo,0.25740206241607666,,[],"[0.015, 0.023, 0.011, 0.192, 0.046, 0.257, 0.007]"
87.24,87.28,Leeseo,0.2522137463092804,,[],"[0.015, 0.024, 0.013, 0.188, 0.046, 0.252, 0.008]"
87.28,87.32,Leeseo,0.24781163036823273,,[],"[0.016, 0.024, 0.014, 0.184, 0.047, 0.248, 0.008]"
87.32,87.36,Leeseo,0.2443515956401825,,[],"[0.017, 0.024, 0.016, 0.179, 0.049, 0.244, 0.009]"
87.36,87.4,Leeseo,0.24191980063915253,,[],"[0.019, 0.025, 0.018, 0.174, 0.050, 0.242, 0.009]"
87.4,87.44,Leeseo,0.24052107334136963,,[],"[0.020, 0.025, 0.019, 0.168, 0.052, 0.241, 0.010]"
87.44,87.48,Leeseo,0.24006816744804382,,[],"[0.022, 0.025, 0.021, 0.161, 0.054, 0.240, 0.011]"
87.48,87.52,Leeseo,0.2404673993587494,,[],"[0.023, 0.025, 0.024, 0.153, 0.057, 0.240, 0.013]"
87.52,87.56,Leeseo,0.24160386621952057,,[],"[0.025, 0.025, 0.026, 0.144, 0.060, 0.242, 0.014]"
87.56,87.6,Leeseo,0.2431902438402176,,[],"[0.026, 0.025, 0.028, 0.134, 0.064, 0.243, 0.016]"
87.6,87.64,Leeseo,0.24482181668281555,,[],"[0.028, 0.025, 0.030, 0.123, 0.068, 0.245, 0.018]"
87.64,87.68,Leeseo,0.24608273804187775,,[],"[0.029, 0.025, 0.032, 0.113, 0.073, 0.246, 0.021]"
87.68,87.72,Leeseo,0.24660620093345642,,[],"[0.030, 0.025, 0.034, 0.102, 0.079, 0.247, 0.024]"
87.72,87.76,Leeseo,0.2460300773382187,,[],"[0.030, 0.025, 0.035, 0.092, 0.086, 0.246, 0.028]"
87.76,87.8,Leeseo,0.2439410537481308,,[],"[0.030, 0.025, 0.036, 0.082, 0.094, 0.244, 0.032]"
87.8,87.84,Leeseo,0.2399657666683197,,[],"[0.030, 0.025, 0.037, 0.073, 0.102, 0.240, 0.037]"
87.84,87.88,Leeseo,0.23404355347156525,,[],"[0.030, 0.024, 0.038, 0.064, 0.112, 0.234, 0.043]"
87.88,87.92,Leeseo,0.226196750998497,,[],"[0.029, 0.024, 0.038, 0.057, 0.122, 0.226, 0.050]"
87.92,87.96,Leeseo,0.21653734147548676,,[],"[0.028, 0.023, 0.038, 0.050, 0.133, 0.217, 0.058]"
87.96,88.0,Leeseo,0.20537790656089783,,[],"[0.026, 0.023, 0.037, 0.044, 0.144, 0.205, 0.068]"
88.0,88.04,Leeseo,0.1929972618818283,,[],"[0.025, 0.022, 0.037, 0.038, 0.155, 0.193, 0.079]"
88.04,88.08,Leeseo,0.17966319620609283,,[],"[0.023, 0.021, 0.036, 0.034, 0.167, 0.180, 0.091]"
88.08,88.12,Liz,0.17807942628860474,,[],"[0.022, 0.020, 0.034, 0.030, 0.178, 0.166, 0.105]"
88.12,88.16,Liz,0.18934214115142822,,[],"[0.020, 0.019, 0.033, 0.026, 0.189, 0.151, 0.121]"
88.16,88.2,Liz,0.20025338232517242,,[],"[0.019, 0.018, 0.031, 0.023, 0.200, 0.137, 0.138]"
88.2,88.24,Liz,0.21067430078983307,,[],"[0.018, 0.017, 0.029, 0.021, 0.211, 0.123, 0.157]"
88.24,88.28,Liz,0.22047489881515503,,[],"[0.017, 0.016, 0.027, 0.018, 0.220, 0.109, 0.178]"
88.28,88.32,Liz,0.2295689731836319,,[],"[0.016, 0.014, 0.025, 0.016, 0.230, 0.097, 0.201]"
88.32,88.36,Liz,0.2378050684928894,,[],"[0.015, 0.013, 0.023, 0.015, 0.238, 0.086, 0.225]"
88.36,88.4,silence,0.25004449486732483,,[],"[0.014, 0.012, 0.021, 0.013, 0.245, 0.076, 0.250]"
88.4,88.44,silence,0.2762342095375061,,[],"[0.014, 0.011, 0.019, 0.012, 0.251, 0.067, 0.276]"
88.44,88.48,silence,0.30281034111976624,,[],"[0.014, 0.009, 0.017, 0.011, 0.256, 0.059, 0.303]"
88.48,88.52,silence,0.32925012707710266,,[],"[0.014, 0.008, 0.016, 0.010, 0.259, 0.053, 0.329]"
88.52,88.56,silence,0.35497215390205383,,[],"[0.014, 0.007, 0.014, 0.009, 0.261, 0.048, 0.355]"
88.56,88.6,silence,0.3793986141681671,,[],"[0.014, 0.006, 0.013, 0.009, 0.261, 0.044, 0.379]"
88.6,88.64,silence,0.4019893705844879,,[],"[0.015, 0.005, 0.012, 0.008, 0.260, 0.041, 0.402]"
88.64,88.68,silence,0.4222583472728729,,[],"[0.016, 0.005, 0.011, 0.008, 0.258, 0.039, 0.422]"
88.68,88.72,silence,0.4397793412208557,,[],"[0.017, 0.004, 0.010, 0.008, 0.255, 0.038, 0.440]"
88.72,88.76,silence,0.4541425108909607,,[],"[0.019, 0.003, 0.009, 0.008, 0.250, 0.038, 0.454]"
88.76,88.8,silence,0.4649113714694977,,[],"[0.022, 0.003, 0.009, 0.008, 0.244, 0.039, 0.465]"
88.8,88.84,silence,0.4717811346054077,,[],"[0.025, 0.002, 0.008, 0.008, 0.238, 0.040, 0.472]"
88.84,88.88,silence,0.47457441687583923,,[],"[0.029, 0.002, 0.008, 0.008, 0.231, 0.043, 0.475]"
88.88,88.92,silence,0.4732210636138916,,[],"[0.034, 0.002, 0.007, 0.008, 0.224, 0.047, 0.473]"
88.92,88.96,silence,0.46765807271003723,,[],"[0.041, 0.002, 0.007, 0.008, 0.216, 0.052, 0.468]"
88.96,89.0,silence,0.457865446805954,,[],"[0.049, 0.001, 0.007, 0.008, 0.209, 0.059, 0.458]"
89.0,89.04,silence,0.44388285279273987,,[],"[0.059, 0.001, 0.007, 0.009, 0.202, 0.068, 0.444]"
89.04,89.08,silence,0.4258371591567993,,[],"[0.071, 0.001, 0.007, 0.009, 0.195, 0.079, 0.426]"
89.08,89.12,silence,0.4039788544178009,,[],"[0.086, 0.001, 0.007, 0.010, 0.188, 0.093, 0.404]"
89.12,89.16,silence,0.3786507844924927,,[],"[0.104, 0.001, 0.007, 0.010, 0.183, 0.109, 0.379]"
89.16,89.2,silence,0.35036739706993103,,[],"[0.124, 0.001, 0.008, 0.010, 0.177, 0.129, 0.350]"
89.2,89.24,silence,0.31984657049179077,,[],"[0.147, 0.001, 0.008, 0.011, 0.173, 0.151, 0.320]"
89.24,89.28,silence,0.28796783089637756,,[],"[0.172, 0.001, 0.008, 0.011, 0.169, 0.176, 0.288]"
89.28,89.32,silence,0.25567978620529175,,[],"[0.197, 0.001, 0.009, 0.012, 0.167, 0.203, 0.256]"
89.32,89.36,Leeseo,0.23135721683502197,,[],"[0.222, 0.001, 0.010, 0.012, 0.165, 0.231, 0.224]"
89.36,89.4,Leeseo,0.2601413130760193,,[],"[0.246, 0.001, 0.010, 0.013, 0.164, 0.260, 0.193]"
89.4,89.44,Leeseo,0.2883233428001404,,[],"[0.267, 0.001, 0.011, 0.013, 0.163, 0.288, 0.165]"
89.44,89.48,Leeseo,0.3150234818458557,,[],"[0.285, 0.001, 0.012, 0.013, 0.164, 0.315, 0.139]"
89.48,89.52,Leeseo,0.3394736349582672,,[],"[0.298, 0.001, 0.013, 0.014, 0.166, 0.339, 0.116]"
89.52,89.56,Leeseo,0.36106982827186584,,[],"[0.307, 0.001, 0.015, 0.014, 0.168, 0.361, 0.096]"
89.56,89.6,Leeseo,0.37945792078971863,,[],"[0.310, 0.001, 0.016, 0.014, 0.171, 0.379, 0.079]"
89.6,89.64,Leeseo,0.3945246934890747,,[],"[0.309, 0.001, 0.017, 0.015, 0.175, 0.395, 0.065]"
89.64,89.68,Leeseo,0.4063078463077545,,[],"[0.302, 0.001, 0.019, 0.015, 0.180, 0.406, 0.053]"
89.68,89.72,Leeseo,0.41493844985961914,,[],"[0.291, 0.001, 0.021, 0.015, 0.185, 0.415, 0.043]"
89.72,89.76,Leeseo,0.42065927386283875,,[],"[0.276, 0.001, 0.022, 0.015, 0.192, 0.421, 0.035]"
89.76,89.8,Leeseo,0.4238343834877014,,[],"[0.257, 0.001, 0.024, 0.015, 0.201, 0.424, 0.028]"
89.8,89.84,Leeseo,0.42488861083984375,,[],"[0.236, 0.001, 0.026, 0.015, 0.210, 0.425, 0.023]"
89.84,89.88,Leeseo,0.42401570081710815,,[],"[0.212, 0.001, 0.027, 0.015, 0.221, 0.424, 0.019]"
89.88,89.92,Leeseo,0.4213976562023163,,[],"[0.188, 0.001, 0.029, 0.015, 0.234, 0.421, 0.016]"
89.92,89.96,Leeseo,0.4173143804073334,,[],"[0.163, 0.001, 0.030, 0.015, 0.249, 0.417, 0.013]"
89.96,90.0,Leeseo,0.41195788979530334,,[],"[0.139, 0.001, 0.031, 0.015, 0.266, 0.412, 0.011]"
90.0,90.04,Leeseo,0.40553897619247437,,[],"[0.116, 0.001, 0.032, 0.015, 0.285, 0.406, 0.009]"
90.04,90.08,Leeseo,0.3983095586299896,,[],"[0.095, 0.001, 0.032, 0.015, 0.307, 0.398, 0.008]"
90.08,90.12,Leeseo,0.3906058669090271,,[],"[0.077, 0.001, 0.032, 0.015, 0.331, 0.391, 0.007]"
90.12,90.16,Leeseo,0.38268423080444336,,[],"[0.061, 0.001, 0.033, 0.015, 0.357, 0.383, 0.006]"
90.16,90.2,Liz,0.38484987616539,,[],"[0.048, 0.001, 0.033, 0.015, 0.385, 0.375, 0.005]"
90.2,90.24,Liz,0.4146375358104706,,[],"[0.038, 0.001, 0.033, 0.015, 0.415, 0.367, 0.004]"
90.24,90.28,Liz,0.44566404819488525,,[],"[0.029, 0.001, 0.033, 0.016, 0.446, 0.361, 0.004]"
90.28,90.32,Liz,0.4775317311286926,,[],"[0.023, 0.000, 0.033, 0.016, 0.478, 0.355, 0.003]"
90.32,90.36,Liz,0.5099031329154968,,[],"[0.017, 0.000, 0.033, 0.016, 0.510, 0.349, 0.003]"
90.36,90.4,Liz,0.5424193143844604,,[],"[0.013, 0.000, 0.033, 0.017, 0.542, 0.345, 0.002]"
90.4,90.44,Liz,0.5747459530830383,,[],"[0.011, 0.000, 0.034, 0.017, 0.575, 0.341, 0.002]"
90.44,90.48,Liz,0.6065453290939331,,[],"[0.008, 0.000, 0.034, 0.018, 0.607, 0.337, 0.002]"
90.48,90.52,Liz,0.637500524520874,Liz,[0.638],"[0.007, 0.000, 0.035, 0.018, 0.638, 0.334, 0.002]"
90.52,90.56,Liz,0.6672438979148865,Liz,[0.667],"[0.005, 0.000, 0.036, 0.019, 0.667, 0.331, 0.002]"
90.56,90.6,Liz,0.6954106688499451,Liz,[0.695],"[0.004, 0.000, 0.037, 0.019, 0.695, 0.327, 0.001]"
90.6,90.64,Liz,0.7217041254043579,Liz,[0.722],"[0.004, 0.000, 0.038, 0.020, 0.722, 0.323, 0.001]"
90.64,90.68,Liz,0.7460163831710815,Liz,[0.746],"[0.003, 0.000, 0.040, 0.020, 0.746, 0.319, 0.001]"
90.68,90.72,Liz,0.7683160305023193,Liz,[0.768],"[0.003, 0.000, 0.042, 0.020, 0.768, 0.313, 0.001]"
90.72,90.76,Liz,0.7886077165603638,Liz,[0.789],"[0.003, 0.000, 0.044, 0.021, 0.789, 0.306, 0.001]"
90.76,90.8,Liz,0.8069004416465759,Liz,[0.807],"[0.002, 0.000, 0.047, 0.021, 0.807, 0.298, 0.001]"
90.8,90.84,Liz,0.8232483863830566,Liz,[0.823],"[0.002, 0.000, 0.050, 0.021, 0.823, 0.288, 0.001]"
90.84,90.88,Liz,0.837723433971405,Liz,[0.838],"[0.002, 0.000, 0.053, 0.021, 0.838, 0.277, 0.001]"
90.88,90.92,Liz,0.850419819355011,Liz,[0.850],"[0.002, 0.000, 0.057, 0.021, 0.850, 0.265, 0.001]"
90.92,90.96,Liz,0.8614110946655273,Liz,[0.861],"[0.002, 0.000, 0.061, 0.021, 0.861, 0.251, 0.001]"
90.96,91.0,Liz,0.8707764744758606,Liz,[0.871],"[0.002, 0.001, 0.066, 0.021, 0.871, 0.236, 0.001]"
91.0,91.04,Liz,0.8786130547523499,Liz,[0.879],"[0.002, 0.001, 0.070, 0.021, 0.879, 0.221, 0.001]"
91.04,91.08,Liz,0.8850314021110535,Liz,[0.885],"[0.003, 0.001, 0.075, 0.021, 0.885, 0.205, 0.002]"
91.08,91.12,Liz,0.8901405334472656,Liz,[0.890],"[0.003, 0.001, 0.080, 0.021, 0.890, 0.189, 0.002]"
91.12,91.16,Liz,0.8940376043319702,Liz,[0.894],"[0.003, 0.001, 0.084, 0.021, 0.894, 0.173, 0.002]"
91.16,91.2,Liz,0.8967958092689514,Liz,[0.897],"[0.003, 0.001, 0.088, 0.021, 0.897, 0.158, 0.002]"
91.2,91.24,Liz,0.8984940052032471,Liz,[0.898],"[0.004, 0.001, 0.091, 0.021, 0.898, 0.144, 0.003]"
91.24,91.28,Liz,0.8992130160331726,Liz,[0.899],"[0.004, 0.001, 0.094, 0.022, 0.899, 0.130, 0.003]"
91.28,91.32,Liz,0.8990375995635986,Liz,[0.899],"[0.005, 0.001, 0.095, 0.022, 0.899, 0.117, 0.004]"
91.32,91.36,Liz,0.8980309963226318,Liz,[0.898],"[0.005, 0.001, 0.096, 0.022, 0.898, 0.105, 0.004]"
91.36,91.4,Liz,0.8962548971176147,Liz,[0.896],"[0.006, 0.001, 0.094, 0.023, 0.896, 0.094, 0.005]"
91.4,91.44,Liz,0.8937742710113525,Liz,[0.894],"[0.006, 0.001, 0.092, 0.024, 0.894, 0.085, 0.006]"
91.44,91.48,Liz,0.8906495571136475,Liz,[0.891],"[0.007, 0.001, 0.088, 0.025, 0.891, 0.076, 0.007]"
91.48,91.52,Liz,0.8869659304618835,Liz,[0.887],"[0.007, 0.001, 0.083, 0.026, 0.887, 0.068, 0.009]"
91.52,91.56,Liz,0.8828304409980774,Liz,[0.883],"[0.008, 0.002, 0.077, 0.027, 0.883, 0.061, 0.010]"
91.56,91.6,Liz,0.8783933520317078,Liz,[0.878],"[0.008, 0.002, 0.071, 0.028, 0.878, 0.055, 0.012]"
91.6,91.64,Liz,0.8738701343536377,Liz,[0.874],"[0.009, 0.002, 0.063, 0.030, 0.874, 0.050, 0.014]"
91.64,91.68,Liz,0.8695220351219177,Liz,[0.870],"[0.009, 0.002, 0.056, 0.032, 0.870, 0.045, 0.017]"
91.68,91.72,Liz,0.8656060099601746,Liz,[0.866],"[0.009, 0.002, 0.049, 0.034, 0.866, 0.041, 0.019]"
91.72,91.76,Liz,0.8623712658882141,Liz,[0.862],"[0.009, 0.003, 0.042, 0.036, 0.862, 0.037, 0.022]"
91.76,91.8,Liz,0.8600633144378662,Liz,[0.860],"[0.008, 0.003, 0.035, 0.039, 0.860, 0.034, 0.024]"
91.8,91.84,Liz,0.8589034080505371,Liz,[0.859],"[0.008, 0.003, 0.029, 0.041, 0.859, 0.031, 0.027]"
91.84,91.88,Liz,0.8590720891952515,Liz,[0.859],"[0.008, 0.004, 0.024, 0.044, 0.859, 0.029, 0.030]"
91.88,91.92,Liz,0.8606814742088318,Liz,[0.861],"[0.007, 0.004, 0.020, 0.046, 0.861, 0.026, 0.032]"
91.92,91.96,Liz,0.8637663125991821,Liz,[0.864],"[0.007, 0.005, 0.016, 0.048, 0.864, 0.025, 0.034]"
91.96,92.0,Liz,0.8682618737220764,Liz,[0.868],"[0.006, 0.005, 0.013, 0.051, 0.868, 0.023, 0.035]"
92.0,92.04,Liz,0.8740204572677612,Liz,[0.874],"[0.006, 0.006, 0.011, 0.053, 0.874, 0.021, 0.037]"
92.04,92.08,Liz,0.8808407783508301,Liz,[0.881],"[0.005, 0.007, 0.009, 0.054, 0.881, 0.020, 0.037]"
92.08,92.12,Liz,0.8885115385055542,Liz,[0.889],"[0.005, 0.007, 0.007, 0.056, 0.889, 0.019, 0.037]"
92.12,92.16,Liz,0.8967993259429932,Liz,[0.897],"[0.005, 0.008, 0.006, 0.056, 0.897, 0.018, 0.037]"
92.16,92.2,Liz,0.9054709672927856,Liz,[0.905],"[0.004, 0.009, 0.005, 0.057, 0.905, 0.018, 0.036]"
92.2,92.24,Liz,0.9142864942550659,Liz,[0.914],"[0.004, 0.010, 0.004, 0.057, 0.914, 0.017, 0.035]"
92.24,92.28,Liz,0.9230040907859802,Liz,[0.923],"[0.004, 0.012, 0.003, 0.057, 0.923, 0.016, 0.033]"
92.28,92.32,Liz,0.9314061403274536,Liz,[0.931],"[0.004, 0.013, 0.003, 0.056, 0.931, 0.016, 0.031]"
92.32,92.36,Liz,0.9393235445022583,Liz,[0.939],"[0.004, 0.014, 0.002, 0.055, 0.939, 0.016, 0.029]"
92.36,92.4,Liz,0.9466441869735718,Liz,[0.947],"[0.004, 0.016, 0.002, 0.053, 0.947, 0.015, 0.027]"
92.4,92.44,Liz,0.953290581703186,Liz,[0.953],"[0.004, 0.017, 0.002, 0.052, 0.953, 0.015, 0.025]"
92.44,92.48,Liz,0.9592227339744568,Liz,[0.959],"[0.004, 0.019, 0.001, 0.049, 0.959, 0.015, 0.023]"
92.48,92.52,Liz,0.964445948600769,Liz,[0.964],"[0.004, 0.020, 0.001, 0.047, 0.964, 0.015, 0.021]"
92.52,92.56,Liz,0.9689976572990417,Liz,[0.969],"[0.004, 0.022, 0.001, 0.044, 0.969, 0.014, 0.019]"
92.56,92.6,Liz,0.9729342460632324,Liz,[0.973],"[0.004, 0.023, 0.001, 0.041, 0.973, 0.014, 0.017]"
92.6,92.64,Liz,0.9763156771659851,Liz,[0.976],"[0.005, 0.025, 0.001, 0.038, 0.976, 0.014, 0.015]"
92.64,92.68,Liz,0.9791922569274902,Liz,[0.979],"[0.005, 0.026, 0.001, 0.035, 0.979, 0.014, 0.013]"
92.68,92.72,Liz,0.9816161394119263,Liz,[0.982],"[0.005, 0.028, 0.001, 0.032, 0.982, 0.014, 0.011]"
92.72,92.76,Liz,0.9836426973342896,Liz,[0.984],"[0.006, 0.030, 0.001, 0.030, 0.984, 0.014, 0.010]"
92.76,92.8,Liz,0.9853249192237854,Liz,[0.985],"[0.006, 0.031, 0.001, 0.027, 0.985, 0.014, 0.009]"
92.8,92.84,Liz,0.986711323261261,Liz,[0.987],"[0.007, 0.033, 0.001, 0.024, 0.987, 0.014, 0.008]"
92.84,92.88,Liz,0.9878447651863098,Liz,[0.988],"[0.008, 0.035, 0.001, 0.022, 0.988, 0.014, 0.007]"
92.88,92.92,Liz,0.988761842250824,Liz,[0.989],"[0.008, 0.037, 0.001, 0.020, 0.989, 0.014, 0.006]"
92.92,92.96,Liz,0.9894946217536926,Liz,[0.989],"[0.009, 0.039, 0.001, 0.018, 0.989, 0.014, 0.005]"
92.96,93.0,Liz,0.9900701642036438,Liz,[0.990],"[0.010, 0.041, 0.001, 0.016, 0.990, 0.014, 0.005]"
93.0,93.04,Liz,0.9905101656913757,Liz,[0.991],"[0.011, 0.042, 0.001, 0.014, 0.991, 0.015, 0.004]"
93.04,93.08,Liz,0.9908313155174255,Liz,[0.991],"[0.011, 0.044, 0.001, 0.013, 0.991, 0.015, 0.004]"
93.08,93.12,Liz,0.9910467267036438,Liz,[0.991],"[0.012, 0.046, 0.001, 0.011, 0.991, 0.015, 0.003]"
93.12,93.16,Liz,0.9911665320396423,Liz,[0.991],"[0.013, 0.047, 0.001, 0.010, 0.991, 0.015, 0.003]"
93.16,93.2,Liz,0.991199791431427,Liz,[0.991],"[0.014, 0.049, 0.001, 0.009, 0.991, 0.016, 0.003]"
93.2,93.24,Liz,0.9911530613899231,Liz,[0.991],"[0.014, 0.050, 0.001, 0.008, 0.991, 0.016, 0.003]"
93.24,93.28,Liz,0.9910309314727783,Liz,[0.991],"[0.015, 0.050, 0.001, 0.007, 0.991, 0.017, 0.002]"
93.28,93.32,Liz,0.9908343553543091,Liz,[0.991],"[0.015, 0.051, 0.001, 0.006, 0.991, 0.017, 0.002]"
93.32,93.36,Liz,0.9905626773834229,Liz,[0.991],"[0.015, 0.051, 0.001, 0.005, 0.991, 0.018, 0.002]"
93.36,93.4,Liz,0.9902098178863525,Liz,[0.990],"[0.014, 0.050, 0.002, 0.004, 0.990, 0.019, 0.002]"
93.4,93.44,Liz,0.9897638559341431,Liz,[0.990],"[0.014, 0.049, 0.002, 0.004, 0.990, 0.020, 0.002]"
93.44,93.48,Liz,0.9892099499702454,Liz,[0.989],"[0.013, 0.047, 0.002, 0.003, 0.989, 0.021, 0.002]"
93.48,93.52,Liz,0.9885290265083313,Liz,[0.989],"[0.013, 0.045, 0.002, 0.003, 0.989, 0.023, 0.002]"
93.52,93.56,Liz,0.9876982569694519,Liz,[0.988],"[0.012, 0.042, 0.002, 0.003, 0.988, 0.024, 0.002]"
93.56,93.6,Liz,0.9866893887519836,Liz,[0.987],"[0.011, 0.039, 0.002, 0.002, 0.987, 0.026, 0.002]"
93.6,93.64,Liz,0.9854654669761658,Liz,[0.985],"[0.010, 0.035, 0.002, 0.002, 0.985, 0.028, 0.002]"
93.64,93.68,Liz,0.9839801788330078,Liz,[0.984],"[0.010, 0.032, 0.002, 0.002, 0.984, 0.030, 0.002]"
93.68,93.72,Liz,0.9821828007698059,Liz,[0.982],"[0.009, 0.028, 0.002, 0.002, 0.982, 0.033, 0.003]"
93.72,93.76,Liz,0.9800143241882324,Liz,[0.980],"[0.008, 0.024, 0.002, 0.002, 0.980, 0.035, 0.003]"
93.76,93.8,Liz,0.9774084687232971,Liz,[0.977],"[0.008, 0.021, 0.002, 0.001, 0.977, 0.038, 0.003]"
93.8,93.84,Liz,0.9742908477783203,Liz,[0.974],"[0.007, 0.018, 0.002, 0.001, 0.974, 0.041, 0.004]"
93.84,93.88,Liz,0.970580518245697,Liz,[0.971],"[0.006, 0.015, 0.002, 0.001, 0.971, 0.045, 0.004]"
93.88,93.92,Liz,0.966198742389679,Liz,[0.966],"[0.006, 0.013, 0.003, 0.001, 0.966, 0.048, 0.005]"
93.92,93.96,Liz,0.9610664248466492,Liz,[0.961],"[0.006, 0.011, 0.003, 0.001, 0.961, 0.051, 0.005]"
93.96,94.0,Liz,0.9551129341125488,Liz,[0.955],"[0.005, 0.009, 0.003, 0.001, 0.955, 0.054, 0.006]"
94.0,94.04,Liz,0.9482886791229248,Liz,[0.948],"[0.005, 0.007, 0.003, 0.001, 0.948, 0.057, 0.007]"
94.04,94.08,Liz,0.9405761957168579,Liz,[0.941],"[0.004, 0.006, 0.004, 0.001, 0.941, 0.059, 0.009]"
94.08,94.12,Liz,0.9319812059402466,Liz,[0.932],"[0.004, 0.005, 0.004, 0.001, 0.932, 0.061, 0.010]"
94.12,94.16,Liz,0.9225407838821411,Liz,[0.923],"[0.004, 0.004, 0.004, 0.001, 0.923, 0.062, 0.012]"
94.16,94.2,Liz,0.912329912185669,Liz,[0.912],"[0.004, 0.003, 0.005, 0.001, 0.912, 0.063, 0.014]"
94.2,94.24,Liz,0.9014726877212524,Liz,[0.901],"[0.003, 0.003, 0.005, 0.002, 0.901, 0.063, 0.016]"
94.24,94.28,Liz,0.8901411294937134,Liz,[0.890],"[0.003, 0.002, 0.006, 0.002, 0.890, 0.062, 0.019]"
94.28,94.32,Liz,0.8785467147827148,Liz,[0.879],"[0.003, 0.002, 0.007, 0.002, 0.879, 0.060, 0.022]"
94.32,94.36,Liz,0.866916835308075,Liz,[0.867],"[0.003, 0.002, 0.008, 0.002, 0.867, 0.058, 0.026]"
94.36,94.4,Liz,0.8554696440696716,Liz,[0.855],"[0.003, 0.002, 0.009, 0.002, 0.855, 0.055, 0.030]"
94.4,94.44,Liz,0.8444405198097229,Liz,[0.844],"[0.003, 0.001, 0.010, 0.002, 0.844, 0.052, 0.034]"
94.44,94.48,Liz,0.8340766429901123,Liz,[0.834],"[0.003, 0.001, 0.011, 0.003, 0.834, 0.048, 0.039]"
94.48,94.52,Liz,0.8246274590492249,Liz,[0.825],"[0.003, 0.001, 0.012, 0.003, 0.825, 0.044, 0.043]"
94.52,94.56,Liz,0.8163455724716187,Liz,[0.816],"[0.003, 0.001, 0.014, 0.004, 0.816, 0.040, 0.048]"
94.56,94.6,Liz,0.8094386458396912,Liz,[0.809],"[0.002, 0.001, 0.015, 0.004, 0.809, 0.036, 0.053]"
94.6,94.64,Liz,0.804044246673584,Liz,[0.804],"[0.002, 0.001, 0.016, 0.005, 0.804, 0.032, 0.058]"
94.64,94.68,Liz,0.8002382516860962,Liz,[0.800],"[0.002, 0.001, 0.018, 0.005, 0.800, 0.029, 0.063]"
94.68,94.72,Liz,0.7980637550354004,Liz,[0.798],"[0.002, 0.001, 0.019, 0.006, 0.798, 0.026, 0.067]"
94.72,94.76,Liz,0.7975239157676697,Liz,[0.798],"[0.003, 0.001, 0.020, 0.007, 0.798, 0.023, 0.071]"
94.76,94.8,Liz,0.7985942959785461,Liz,[0.799],"[0.003, 0.001, 0.021, 0.008, 0.799, 0.020, 0.074]"
94.8,94.84,Liz,0.8011972308158875,Liz,[0.801],"[0.003, 0.001, 0.022, 0.009, 0.801, 0.017, 0.076]"
94.84,94.88,Liz,0.8052195906639099,Liz,[0.805],"[0.003, 0.001, 0.022, 0.010, 0.805, 0.015, 0.078]"
94.88,94.92,Liz,0.8105377554893494,Liz,[0.811],"[0.003, 0.001, 0.023, 0.012, 0.811, 0.014, 0.079]"
94.92,94.96,Liz,0.817004919052124,Liz,[0.817],"[0.003, 0.001, 0.023, 0.013, 0.817, 0.012, 0.079]"
94.96,95.0,Liz,0.8244506120681763,Liz,[0.824],"[0.003, 0.001, 0.022, 0.015, 0.824, 0.011, 0.079]"
95.0,95.04,Liz,0.8326767683029175,Liz,[0.833],"[0.003, 0.001, 0.022, 0.017, 0.833, 0.010, 0.078]"
95.04,95.08,Liz,0.841480016708374,Liz,[0.841],"[0.003, 0.001, 0.021, 0.019, 0.841, 0.009, 0.076]"
95.08,95.12,Liz,0.8506437540054321,Liz,[0.851],"[0.003, 0.001, 0.020, 0.021, 0.851, 0.008, 0.075]"
95.12,95.16,Liz,0.8599756360054016,Liz,[0.860],"[0.004, 0.002, 0.019, 0.023, 0.860, 0.007, 0.073]"
95.16,95.2,Liz,0.8692816495895386,Liz,[0.869],"[0.004, 0.002, 0.018, 0.026, 0.869, 0.006, 0.070]"
95.2,95.24,Liz,0.8783746361732483,Liz,[0.878],"[0.004, 0.002, 0.017, 0.028, 0.878, 0.006, 0.067]"
95.24,95.28,Liz,0.8870861530303955,Liz,[0.887],"[0.004, 0.002, 0.016, 0.031, 0.887, 0.005, 0.064]"
95.28,95.32,Liz,0.8952887058258057,Liz,[0.895],"[0.005, 0.002, 0.015, 0.034, 0.895, 0.005, 0.061]"
95.32,95.36,Liz,0.9029259085655212,Liz,[0.903],"[0.005, 0.003, 0.014, 0.037, 0.903, 0.005, 0.058]"
95.36,95.4,Liz,0.9100183248519897,Liz,[0.910],"[0.005, 0.003, 0.013, 0.040, 0.910, 0.004, 0.055]"
95.4,95.44,Liz,0.9166168570518494,Liz,[0.917],"[0.006, 0.003, 0.013, 0.043, 0.917, 0.004, 0.051]"
95.44,95.48,Liz,0.922777533531189,Liz,[0.923],"[0.006, 0.004, 0.012, 0.046, 0.923, 0.004, 0.048]"
95.48,95.52,Liz,0.9285505414009094,Liz,[0.929],"[0.006, 0.004, 0.011, 0.049, 0.929, 0.004, 0.044]"
95.52,95.56,Liz,0.9339680671691895,Liz,[0.934],"[0.007, 0.005, 0.011, 0.053, 0.934, 0.004, 0.041]"
95.56,95.6,Liz,0.9390376210212708,Liz,[0.939],"[0.007, 0.005, 0.010, 0.055, 0.939, 0.004, 0.038]"
95.6,95.64,Liz,0.9437631964683533,Liz,[0.944],"[0.007, 0.006, 0.010, 0.058, 0.944, 0.004, 0.035]"
95.64,95.68,Liz,0.9481438398361206,Liz,[0.948],"[0.007, 0.007, 0.009, 0.060, 0.948, 0.003, 0.032]"
95.68,95.72,Liz,0.9521766901016235,Liz,[0.952],"[0.007, 0.008, 0.009, 0.062, 0.952, 0.003, 0.029]"
95.72,95.76,Liz,0.9558629393577576,Liz,[0.956],"[0.007, 0.009, 0.009, 0.064, 0.956, 0.003, 0.026]"
95.76,95.8,Liz,0.9591966271400452,Liz,[0.959],"[0.007, 0.011, 0.009, 0.065, 0.959, 0.003, 0.024]"
95.8,95.84,Liz,0.9621796011924744,Liz,[0.962],"[0.007, 0.012, 0.009, 0.065, 0.962, 0.003, 0.021]"
95.84,95.88,Liz,0.964819073677063,Liz,[0.965],"[0.006, 0.014, 0.009, 0.065, 0.965, 0.003, 0.019]"
95.88,95.92,Liz,0.9671270847320557,Liz,[0.967],"[0.006, 0.015, 0.009, 0.064, 0.967, 0.003, 0.017]"
95.92,95.96,Liz,0.9691214561462402,Liz,[0.969],"[0.006, 0.017, 0.009, 0.063, 0.969, 0.003, 0.015]"
95.96,96.0,Liz,0.9708224534988403,Liz,[0.971],"[0.005, 0.019, 0.009, 0.061, 0.971, 0.003, 0.014]"
96.0,96.04,Liz,0.9722503423690796,Liz,[0.972],"[0.005, 0.021, 0.010, 0.058, 0.972, 0.004, 0.012]"
96.04,96.08,Liz,0.9734217524528503,Liz,[0.973],"[0.005, 0.023, 0.010, 0.056, 0.973, 0.004, 0.011]"
96.08,96.12,Liz,0.9743562340736389,Liz,[0.974],"[0.004, 0.026, 0.010, 0.053, 0.974, 0.004, 0.010]"
96.12,96.16,Liz,0.975074052810669,Liz,[0.975],"[0.004, 0.028, 0.011, 0.050, 0.975, 0.004, 0.008]"
96.16,96.2,Liz,0.9755953550338745,Liz,[0.976],"[0.003, 0.030, 0.011, 0.047, 0.976, 0.004, 0.007]"
96.2,96.24,Liz,0.9759353995323181,Liz,[0.976],"[0.003, 0.032, 0.012, 0.043, 0.976, 0.004, 0.006]"
96.24,96.28,Liz,0.9761101007461548,Liz,[0.976],"[0.003, 0.033, 0.013, 0.040, 0.976, 0.004, 0.006]"
96.28,96.32,Liz,0.9761298298835754,Liz,[0.976],"[0.003, 0.035, 0.013, 0.037, 0.976, 0.004, 0.005]"
96.32,96.36,Liz,0.9760041236877441,Liz,[0.976],"[0.002, 0.036, 0.014, 0.034, 0.976, 0.005, 0.004]"
96.36,96.4,Liz,0.9757428765296936,Liz,[0.976],"[0.002, 0.037, 0.015, 0.032, 0.976, 0.005, 0.004]"
96.4,96.44,Liz,0.9753545522689819,Liz,[0.975],"[0.002, 0.037, 0.016, 0.029, 0.975, 0.005, 0.003]"
96.44,96.48,Liz,0.9748411774635315,Liz,[0.975],"[0.002, 0.038, 0.016, 0.027, 0.975, 0.005, 0.003]"
96.48,96.52,Liz,0.9741918444633484,Liz,[0.974],"[0.002, 0.037, 0.017, 0.024, 0.974, 0.006, 0.003]"
96.52,96.56,Liz,0.9733909368515015,Liz,[0.973],"[0.002, 0.037, 0.018, 0.023, 0.973, 0.006, 0.002]"
96.56,96.6,Liz,0.9724200963973999,Liz,[0.972],"[0.002, 0.036, 0.019, 0.021, 0.972, 0.006, 0.002]"
96.6,96.64,Liz,0.9712590575218201,Liz,[0.971],"[0.002, 0.035, 0.020, 0.019, 0.971, 0.006, 0.002]"
96.64,96.68,Liz,0.9698839783668518,Liz,[0.970],"[0.002, 0.033, 0.021, 0.018, 0.970, 0.006, 0.002]"
96.68,96.72,Liz,0.9682642817497253,Liz,[0.968],"[0.002, 0.032, 0.021, 0.017, 0.968, 0.007, 0.002]"
96.72,96.76,Liz,0.9663573503494263,Liz,[0.966],"[0.002, 0.030, 0.022, 0.016, 0.966, 0.007, 0.002]"
96.76,96.8,Liz,0.964113712310791,Liz,[0.964],"[0.002, 0.028, 0.023, 0.015, 0.964, 0.007, 0.002]"
96.8,96.84,Liz,0.9614832997322083,Liz,[0.961],"[0.002, 0.026, 0.023, 0.015, 0.961, 0.007, 0.002]"
96.84,96.88,Liz,0.9583951830863953,Liz,[0.958],"[0.002, 0.024, 0.024, 0.014, 0.958, 0.007, 0.002]"
96.88,96.92,Liz,0.9547449946403503,Liz,[0.955],"[0.002, 0.022, 0.024, 0.014, 0.955, 0.008, 0.002]"
96.92,96.96,Liz,0.9504034519195557,Liz,[0.950],"[0.002, 0.020, 0.024, 0.014, 0.950, 0.008, 0.002]"
96.96,97.0,Liz,0.9452025890350342,Liz,[0.945],"[0.002, 0.018, 0.025, 0.014, 0.945, 0.008, 0.002]"
97.0,97.04,Liz,0.9389206171035767,Liz,[0.939],"[0.002, 0.017, 0.025, 0.014, 0.939, 0.008, 0.002]"
97.04,97.08,Liz,0.9312835931777954,Liz,[0.931],"[0.002, 0.015, 0.025, 0.014, 0.931, 0.009, 0.002]"
97.08,97.12,Liz,0.9219629168510437,Liz,[0.922],"[0.002, 0.014, 0.025, 0.014, 0.922, 0.009, 0.002]"
97.12,97.16,Liz,0.9105460047721863,Liz,[0.911],"[0.002, 0.014, 0.024, 0.014, 0.911, 0.009, 0.003]"
97.16,97.2,Liz,0.8965548872947693,Liz,[0.897],"[0.002, 0.013, 0.024, 0.014, 0.897, 0.009, 0.004]"
97.2,97.24,Liz,0.8794482946395874,Liz,[0.879],"[0.002, 0.013, 0.024, 0.015, 0.879, 0.010, 0.005]"
97.24,97.28,Liz,0.8586196303367615,Liz,[0.859],"[0.002, 0.012, 0.023, 0.015, 0.859, 0.010, 0.006]"
97.28,97.32,Liz,0.8334340453147888,Liz,[0.833],"[0.002, 0.012, 0.022, 0.015, 0.833, 0.010, 0.008]"
97.32,97.36,Liz,0.8032587170600891,Liz,[0.803],"[0.002, 0.013, 0.022, 0.015, 0.803, 0.011, 0.010]"
97.36,97.4,Liz,0.7675257325172424,Liz,[0.768],"[0.002, 0.013, 0.021, 0.014, 0.768, 0.011, 0.014]"
97.4,97.44,Liz,0.7258508801460266,Liz,[0.726],"[0.002, 0.014, 0.020, 0.014, 0.726, 0.012, 0.020]"
97.44,97.48,Liz,0.6781819462776184,Liz,[0.678],"[0.002, 0.015, 0.019, 0.014, 0.678, 0.012, 0.028]"
97.48,97.52,Liz,0.6249231100082397,Liz,[0.625],"[0.002, 0.016, 0.018, 0.013, 0.625, 0.013, 0.040]"
97.52,97.56,Liz,0.5670115351676941,,[],"[0.002, 0.018, 0.017, 0.013, 0.567, 0.014, 0.058]"
97.56,97.6,Liz,0.5059695839881897,,[],"[0.002, 0.020, 0.016, 0.012, 0.506, 0.015, 0.083]"
97.6,97.64,Liz,0.44376862049102783,,[],"[0.002, 0.023, 0.015, 0.011, 0.444, 0.016, 0.118]"
97.64,97.68,Liz,0.3826327323913574,,[],"[0.002, 0.027, 0.013, 0.010, 0.383, 0.017, 0.165]"
97.68,97.72,Liz,0.32468944787979126,,[],"[0.002, 0.031, 0.012, 0.010, 0.325, 0.019, 0.224]"
97.72,97.76,silence,0.29564279317855835,,[],"[0.002, 0.037, 0.011, 0.009, 0.272, 0.020, 0.296]"
97.76,97.8,silence,0.3757326900959015,,[],"[0.003, 0.044, 0.010, 0.008, 0.225, 0.022, 0.376]"
97.8,97.84,silence,0.4592287242412567,,[],"[0.003, 0.052, 0.009, 0.007, 0.184, 0.025, 0.459]"
97.84,97.88,silence,0.5401211380958557,,[],"[0.003, 0.062, 0.008, 0.007, 0.151, 0.028, 0.540]"
97.88,97.92,silence,0.6132912635803223,,[],"[0.003, 0.073, 0.008, 0.006, 0.123, 0.032, 0.613]"
97.92,97.96,silence,0.6756638288497925,silence,[0.676],"[0.003, 0.086, 0.007, 0.005, 0.100, 0.036, 0.676]"
97.96,98.0,silence,0.7262965440750122,silence,[0.726],"[0.004, 0.100, 0.006, 0.005, 0.082, 0.042, 0.726]"
98.0,98.04,silence,0.7658026814460754,silence,[0.766],"[0.004, 0.114, 0.006, 0.005, 0.068, 0.049, 0.766]"
98.04,98.08,silence,0.7955197691917419,silence,[0.796],"[0.004, 0.128, 0.005, 0.004, 0.057, 0.057, 0.796]"
98.08,98.12,silence,0.8169190883636475,silence,[0.817],"[0.004, 0.142, 0.005, 0.004, 0.048, 0.068, 0.817]"
98.12,98.16,silence,0.8313072919845581,silence,[0.831],"[0.005, 0.154, 0.004, 0.004, 0.042, 0.082, 0.831]"
98.16,98.2,silence,0.8396958112716675,silence,[0.840],"[0.005, 0.164, 0.004, 0.003, 0.036, 0.099, 0.840]"
98.2,98.24,silence,0.8427619338035583,silence,[0.843],"[0.005, 0.170, 0.004, 0.003, 0.032, 0.119, 0.843]"
98.24,98.28,silence,0.8408603668212891,silence,[0.841],"[0.005, 0.173, 0.004, 0.003, 0.029, 0.144, 0.841]"
98.28,98.32,silence,0.8340485692024231,silence,[0.834],"[0.005, 0.173, 0.004, 0.003, 0.026, 0.175, 0.834]"
98.32,98.36,silence,0.8221367597579956,silence,[0.822],"[0.005, 0.168, 0.004, 0.003, 0.025, 0.210, 0.822]"
98.36,98.4,silence,0.8047427535057068,silence,[0.805],"[0.005, 0.159, 0.004, 0.003, 0.023, 0.251, 0.805]"
98.4,98.44,silence,0.7813403010368347,silence,[0.781],"[0.005, 0.147, 0.005, 0.003, 0.022, 0.296, 0.781]"
98.44,98.48,silence,0.7513278722763062,silence,[0.751],"[0.005, 0.133, 0.005, 0.003, 0.022, 0.345, 0.751]"
98.48,98.52,silence,0.7141927480697632,silence,[0.714],"[0.005, 0.117, 0.006, 0.003, 0.022, 0.397, 0.714]"
98.52,98.56,silence,0.6697428822517395,silence,[0.670],"[0.005, 0.101, 0.007, 0.003, 0.022, 0.450, 0.670]"
98.56,98.6,silence,0.6183583736419678,silence,[0.618],"[0.005, 0.086, 0.009, 0.004, 0.022, 0.501, 0.618]"
98.6,98.64,silence,0.5611680150032043,,[],"[0.005, 0.071, 0.011, 0.004, 0.023, 0.550, 0.561]"
98.64,98.68,Leeseo,0.594436764717102,,[],"[0.005, 0.058, 0.013, 0.004, 0.023, 0.594, 0.500]"
98.68,98.72,Leeseo,0.6339440941810608,Leeseo,[0.634],"[0.004, 0.047, 0.017, 0.004, 0.025, 0.634, 0.438]"
98.72,98.76,Leeseo,0.6680975556373596,Leeseo,[0.668],"[0.004, 0.037, 0.022, 0.005, 0.026, 0.668, 0.377]"
98.76,98.8,Leeseo,0.696882963180542,Leeseo,[0.697],"[0.004, 0.029, 0.030, 0.005, 0.028, 0.697, 0.320]"
98.8,98.84,Leeseo,0.7204996347427368,Leeseo,[0.720],"[0.004, 0.023, 0.040, 0.005, 0.029, 0.720, 0.269]"
98.84,98.88,Leeseo,0.7393028736114502,Leeseo,[0.739],"[0.003, 0.018, 0.055, 0.005, 0.031, 0.739, 0.225]"
98.88,98.92,Leeseo,0.753768265247345,Leeseo,[0.754],"[0.003, 0.015, 0.075, 0.006, 0.033, 0.754, 0.187]"
98.92,98.96,Leeseo,0.7643082141876221,Leeseo,[0.764],"[0.003, 0.012, 0.102, 0.006, 0.036, 0.764, 0.155]"
98.96,99.0,Leeseo,0.7713127732276917,Leeseo,[0.771],"[0.003, 0.010, 0.138, 0.006, 0.038, 0.771, 0.129]"
99.0,99.04,Leeseo,0.7750452756881714,Leeseo,[0.775],"[0.003, 0.008, 0.185, 0.006, 0.040, 0.775, 0.108]"
99.04,99.08,Leeseo,0.7757244110107422,Leeseo,[0.776],"[0.002, 0.006, 0.242, 0.007, 0.043, 0.776, 0.091]"
99.08,99.12,Leeseo,0.7735285758972168,Leeseo,[0.774],"[0.002, 0.005, 0.310, 0.007, 0.045, 0.774, 0.076]"
99.12,99.16,Leeseo,0.7686161994934082,Leeseo,[0.769],"[0.002, 0.005, 0.385, 0.007, 0.047, 0.769, 0.065]"
99.16,99.2,Leeseo,0.7610682249069214,Leeseo,[0.761],"[0.002, 0.004, 0.464, 0.007, 0.049, 0.761, 0.055]"
99.2,99.24,Leeseo,0.7509416341781616,Leeseo,[0.751],"[0.002, 0.004, 0.541, 0.007, 0.051, 0.751, 0.048]"
99.24,99.28,Leeseo,0.7382622361183167,Leeseo,[0.738],"[0.002, 0.003, 0.612, 0.008, 0.053, 0.738, 0.041]"
99.28,99.32,Leeseo,0.7230454683303833,Rei|Leeseo,"[0.675, 0.723]","[0.002, 0.003, 0.675, 0.008, 0.054, 0.723, 0.036]"
99.32,99.36,Rei,0.7281608581542969,Rei|Leeseo,"[0.728, 0.705]","[0.001, 0.003, 0.728, 0.008, 0.056, 0.705, 0.032]"
99.36,99.4,Rei,0.7720119953155518,Rei|Leeseo,"[0.772, 0.685]","[0.001, 0.003, 0.772, 0.008, 0.057, 0.685, 0.028]"
99.4,99.44,Rei,0.8073475360870361,Rei|Leeseo,"[0.807, 0.662]","[0.001, 0.002, 0.807, 0.008, 0.058, 0.662, 0.025]"
99.44,99.48,Rei,0.8354123830795288,Rei|Leeseo,"[0.835, 0.637]","[0.001, 0.002, 0.835, 0.009, 0.059, 0.637, 0.022]"
99.48,99.52,Rei,0.8575035929679871,Rei|Leeseo,"[0.858, 0.610]","[0.001, 0.002, 0.858, 0.009, 0.060, 0.610, 0.019]"
99.52,99.56,Rei,0.8747912645339966,Rei|Leeseo,"[0.875, 0.581]","[0.001, 0.002, 0.875, 0.009, 0.061, 0.581, 0.017]"
99.56,99.6,Rei,0.8882575035095215,Rei,[0.888],"[0.001, 0.002, 0.888, 0.010, 0.061, 0.551, 0.016]"
99.6,99.64,Rei,0.8987213969230652,Rei,[0.899],"[0.001, 0.002, 0.899, 0.011, 0.062, 0.519, 0.014]"
99.64,99.68,Rei,0.9068315625190735,Rei,[0.907],"[0.001, 0.002, 0.907, 0.011, 0.062, 0.485, 0.012]"
99.68,99.72,Rei,0.9131099581718445,Rei,[0.913],"[0.001, 0.002, 0.913, 0.012, 0.063, 0.452, 0.011]"
99.72,99.76,Rei,0.9179700016975403,Rei,[0.918],"[0.001, 0.003, 0.918, 0.013, 0.063, 0.417, 0.010]"
99.76,99.8,Rei,0.9217300415039062,Rei,[0.922],"[0.001, 0.003, 0.922, 0.015, 0.064, 0.383, 0.009]"
99.8,99.84,Rei,0.924658477306366,Rei,[0.925],"[0.001, 0.003, 0.925, 0.016, 0.065, 0.349, 0.008]"
99.84,99.88,Rei,0.9269879460334778,Rei,[0.927],"[0.001, 0.003, 0.927, 0.018, 0.066, 0.315, 0.007]"
99.88,99.92,Rei,0.928869366645813,Rei,[0.929],"[0.001, 0.003, 0.929, 0.020, 0.067, 0.283, 0.006]"
99.92,99.96,Rei,0.9304320812225342,Rei,[0.930],"[0.001, 0.003, 0.930, 0.023, 0.068, 0.251, 0.006]"
99.96,100.0,Rei,0.931787371635437,Rei,[0.932],"[0.001, 0.003, 0.932, 0.026, 0.070, 0.221, 0.005]"
100.0,100.04,Rei,0.9329956769943237,Rei,[0.933],"[0.001, 0.003, 0.933, 0.029, 0.072, 0.193, 0.004]"
100.04,100.08,Rei,0.9341053366661072,Rei,[0.934],"[0.001, 0.004, 0.934, 0.033, 0.074, 0.166, 0.004]"
100.08,100.12,Rei,0.9351664781570435,Rei,[0.935],"[0.001, 0.004, 0.935, 0.038, 0.076, 0.142, 0.004]"
100.12,100.16,Rei,0.936223566532135,Rei,[0.936],"[0.001, 0.004, 0.936, 0.042, 0.078, 0.121, 0.003]"
100.16,100.2,Rei,0.9373129606246948,Rei,[0.937],"[0.001, 0.004, 0.937, 0.048, 0.081, 0.102, 0.003]"
100.2,100.24,Rei,0.9384607672691345,Rei,[0.938],"[0.001, 0.005, 0.938, 0.054, 0.085, 0.085, 0.003]"
100.24,100.28,Rei,0.9396884441375732,Rei,[0.940],"[0.001, 0.005, 0.940, 0.060, 0.088, 0.070, 0.002]"
100.28,100.32,Rei,0.9410247802734375,Rei,[0.941],"[0.001, 0.005, 0.941, 0.066, 0.092, 0.058, 0.002]"
100.32,100.36,Rei,0.9424941539764404,Rei,[0.942],"[0.001, 0.006, 0.942, 0.073, 0.096, 0.048, 0.002]"
100.36,100.4,Rei,0.9441076517105103,Rei,[0.944],"[0.001, 0.006, 0.944, 0.081, 0.100, 0.039, 0.002]"
100.4,100.44,Rei,0.9458773732185364,Rei,[0.946],"[0.001, 0.007, 0.946, 0.088, 0.104, 0.032, 0.002]"
100.44,100.48,Rei,0.9477960467338562,Rei,[0.948],"[0.001, 0.007, 0.948, 0.095, 0.108, 0.026, 0.002]"
100.48,100.52,Rei,0.9498487114906311,Rei,[0.950],"[0.001, 0.008, 0.950, 0.102, 0.112, 0.022, 0.002]"
100.52,100.56,Rei,0.9520149230957031,Rei,[0.952],"[0.001, 0.008, 0.952, 0.108, 0.115, 0.018, 0.001]"
100.56,100.6,Rei,0.9542682766914368,Rei,[0.954],"[0.001, 0.009, 0.954, 0.114, 0.118, 0.015, 0.001]"
100.6,100.64,Rei,0.956562876701355,Rei,[0.957],"[0.001, 0.010, 0.957, 0.119, 0.121, 0.013, 0.001]"
100.64,100.68,Rei,0.9588574171066284,Rei,[0.959],"[0.001, 0.010, 0.959, 0.123, 0.123, 0.011, 0.001]"
100.68,100.72,Rei,0.9611210823059082,Rei,[0.961],"[0.001, 0.011, 0.961, 0.126, 0.124, 0.009, 0.001]"
100.72,100.76,Rei,0.963324785232544,Rei,[0.963],"[0.001, 0.012, 0.963, 0.129, 0.125, 0.008, 0.001]"
100.76,100.8,Rei,0.9654406905174255,Rei,[0.965],"[0.001, 0.013, 0.965, 0.130, 0.125, 0.007, 0.001]"
100.8,100.84,Rei,0.9674549102783203,Rei,[0.967],"[0.001, 0.013, 0.967, 0.131, 0.125, 0.007, 0.001]"
100.84,100.88,Rei,0.9693571329116821,Rei,[0.969],"[0.001, 0.014, 0.969, 0.131, 0.124, 0.006, 0.001]"
100.88,100.92,Rei,0.9711304306983948,Rei,[0.971],"[0.001, 0.015, 0.971, 0.130, 0.122, 0.005, 0.001]"
100.92,100.96,Rei,0.9727455973625183,Rei,[0.973],"[0.001, 0.015, 0.973, 0.128, 0.120, 0.005, 0.001]"
100.96,101.0,Rei,0.9741882085800171,Rei,[0.974],"[0.001, 0.015, 0.974, 0.126, 0.118, 0.005, 0.001]"
101.0,101.04,Rei,0.9754577875137329,Rei,[0.975],"[0.002, 0.016, 0.975, 0.124, 0.115, 0.005, 0.001]"
101.04,101.08,Rei,0.9765594005584717,Rei,[0.977],"[0.002, 0.016, 0.977, 0.121, 0.111, 0.005, 0.002]"
101.08,101.12,Rei,0.9775035381317139,Rei,[0.978],"[0.002, 0.016, 0.978, 0.118, 0.107, 0.004, 0.002]"
101.12,101.16,Rei,0.9783070087432861,Rei,[0.978],"[0.002, 0.016, 0.978, 0.114, 0.103, 0.004, 0.002]"
101.16,101.2,Rei,0.9789983630180359,Rei,[0.979],"[0.002, 0.016, 0.979, 0.110, 0.098, 0.004, 0.002]"
101.2,101.24,Rei,0.9796019792556763,Rei,[0.980],"[0.003, 0.016, 0.980, 0.106, 0.093, 0.004, 0.002]"
101.24,101.28,Rei,0.9801397323608398,Rei,[0.980],"[0.003, 0.016, 0.980, 0.102, 0.088, 0.004, 0.002]"
101.28,101.32,Rei,0.9806259870529175,Rei,[0.981],"[0.003, 0.016, 0.981, 0.098, 0.083, 0.005, 0.002]"
101.32,101.36,Rei,0.9810723662376404,Rei,[0.981],"[0.004, 0.016, 0.981, 0.094, 0.078, 0.005, 0.002]"
101.36,101.4,Rei,0.9814886450767517,Rei,[0.981],"[0.004, 0.016, 0.981, 0.089, 0.073, 0.005, 0.003]"
101.4,101.44,Rei,0.9818835258483887,Rei,[0.982],"[0.005, 0.016, 0.982, 0.085, 0.068, 0.005, 0.003]"
101.44,101.48,Rei,0.9822632670402527,Rei,[0.982],"[0.005, 0.016, 0.982, 0.081, 0.063, 0.005, 0.003]"
101.48,101.52,Rei,0.9826282262802124,Rei,[0.983],"[0.006, 0.016, 0.983, 0.077, 0.058, 0.005, 0.003]"
101.52,101.56,Rei,0.9829798936843872,Rei,[0.983],"[0.007, 0.016, 0.983, 0.073, 0.053, 0.005, 0.004]"
101.56,101.6,Rei,0.9833216667175293,Rei,[0.983],"[0.007, 0.016, 0.983, 0.069, 0.049, 0.005, 0.004]"
101.6,101.64,Rei,0.983653724193573,Rei,[0.984],"[0.008, 0.017, 0.984, 0.066, 0.045, 0.005, 0.004]"
101.64,101.68,Rei,0.9839755296707153,Rei,[0.984],"[0.009, 0.017, 0.984, 0.062, 0.042, 0.005, 0.004]"
101.68,101.72,Rei,0.9842812418937683,Rei,[0.984],"[0.009, 0.017, 0.984, 0.058, 0.039, 0.006, 0.005]"
101.72,101.76,Rei,0.9845596551895142,Rei,[0.985],"[0.010, 0.018, 0.985, 0.054, 0.036, 0.006, 0.005]"
101.76,101.8,Rei,0.9847971200942993,Rei,[0.985],"[0.010, 0.018, 0.985, 0.051, 0.034, 0.006, 0.005]"
101.8,101.84,Rei,0.9849792122840881,Rei,[0.985],"[0.011, 0.019, 0.985, 0.047, 0.031, 0.006, 0.005]"
101.84,101.88,Rei,0.9850971698760986,Rei,[0.985],"[0.011, 0.020, 0.985, 0.044, 0.029, 0.006, 0.005]"
101.88,101.92,Rei,0.9851452112197876,Rei,[0.985],"[0.011, 0.020, 0.985, 0.041, 0.028, 0.006, 0.005]"
101.92,101.96,Rei,0.9851213693618774,Rei,[0.985],"[0.012, 0.021, 0.985, 0.038, 0.026, 0.006, 0.005]"
101.96,102.0,Rei,0.9850233793258667,Rei,[0.985],"[0.012, 0.022, 0.985, 0.035, 0.025, 0.007, 0.005]"
102.0,102.04,Rei,0.9848514199256897,Rei,[0.985],"[0.012, 0.024, 0.985, 0.032, 0.024, 0.007, 0.005]"
102.04,102.08,Rei,0.9846059083938599,Rei,[0.985],"[0.013, 0.025, 0.985, 0.029, 0.023, 0.007, 0.005]"
102.08,102.12,Rei,0.9842876195907593,Rei,[0.984],"[0.013, 0.026, 0.984, 0.027, 0.022, 0.008, 0.005]"
102.12,102.16,Rei,0.9838964939117432,Rei,[0.984],"[0.013, 0.027, 0.984, 0.024, 0.021, 0.008, 0.005]"
102.16,102.2,Rei,0.983428418636322,Rei,[0.983],"[0.014, 0.029, 0.983, 0.022, 0.020, 0.009, 0.005]"
102.2,102.24,Rei,0.9828717708587646,Rei,[0.983],"[0.015, 0.030, 0.983, 0.020, 0.019, 0.009, 0.005]"
102.24,102.28,Rei,0.982205331325531,Rei,[0.982],"[0.015, 0.032, 0.982, 0.018, 0.018, 0.010, 0.004]"
102.28,102.32,Rei,0.9813965559005737,Rei,[0.981],"[0.016, 0.033, 0.981, 0.016, 0.017, 0.011, 0.004]"
102.32,102.36,Rei,0.9804062843322754,Rei,[0.980],"[0.018, 0.035, 0.980, 0.014, 0.016, 0.013, 0.004]"
102.36,102.4,Rei,0.9791920185089111,Rei,[0.979],"[0.019, 0.036, 0.979, 0.013, 0.015, 0.014, 0.004]"
102.4,102.44,Rei,0.9777045249938965,Rei,[0.978],"[0.021, 0.038, 0.978, 0.011, 0.014, 0.017, 0.003]"
102.44,102.48,Rei,0.9758890867233276,Rei,[0.976],"[0.023, 0.039, 0.976, 0.010, 0.013, 0.019, 0.003]"
102.48,102.52,Rei,0.9736767411231995,Rei,[0.974],"[0.026, 0.040, 0.974, 0.009, 0.012, 0.022, 0.003]"
102.52,102.56,Rei,0.9709905982017517,Rei,[0.971],"[0.030, 0.041, 0.971, 0.008, 0.012, 0.026, 0.003]"
102.56,102.6,Rei,0.9677579402923584,Rei,[0.968],"[0.034, 0.042, 0.968, 0.007, 0.011, 0.031, 0.003]"
102.6,102.64,Rei,0.9639149904251099,Rei,[0.964],"[0.039, 0.043, 0.964, 0.006, 0.010, 0.036, 0.002]"
102.64,102.68,Rei,0.9593979120254517,Rei,[0.959],"[0.046, 0.043, 0.959, 0.006, 0.009, 0.043, 0.002]"
102.68,102.72,Rei,0.9541357755661011,Rei,[0.954],"[0.053, 0.043, 0.954, 0.005, 0.009, 0.050, 0.002]"
102.72,102.76,Rei,0.9480636119842529,Rei,[0.948],"[0.063, 0.044, 0.948, 0.005, 0.008, 0.059, 0.002]"
102.76,102.8,Rei,0.9411400556564331,Rei,[0.941],"[0.074, 0.044, 0.941, 0.004, 0.008, 0.068, 0.002]"
102.8,102.84,Rei,0.9333348274230957,Rei,[0.933],"[0.088, 0.044, 0.933, 0.004, 0.007, 0.078, 0.002]"
102.84,102.88,Rei,0.9246368408203125,Rei,[0.925],"[0.104, 0.044, 0.925, 0.004, 0.007, 0.088, 0.001]"
102.88,102.92,Rei,0.9150829315185547,Rei,[0.915],"[0.123, 0.044, 0.915, 0.004, 0.007, 0.098, 0.001]"
102.92,102.96,Rei,0.9047954082489014,Rei,[0.905],"[0.144, 0.043, 0.905, 0.004, 0.006, 0.107, 0.001]"
102.96,103.0,Rei,0.8939441442489624,Rei,[0.894],"[0.167, 0.043, 0.894, 0.003, 0.006, 0.116, 0.001]"
103.0,103.04,Rei,0.8827359676361084,Rei,[0.883],"[0.192, 0.044, 0.883, 0.003, 0.006, 0.124, 0.001]"
103.04,103.08,Rei,0.871398389339447,Rei,[0.871],"[0.219, 0.044, 0.871, 0.003, 0.006, 0.130, 0.001]"
103.08,103.12,Rei,0.8601433038711548,Rei,[0.860],"[0.246, 0.044, 0.860, 0.003, 0.006, 0.134, 0.001]"
103.12,103.16,Rei,0.8491548299789429,Rei,[0.849],"[0.273, 0.044, 0.849, 0.003, 0.006, 0.137, 0.001]"
103.16,103.2,Rei,0.8386185169219971,Rei,[0.839],"[0.300, 0.045, 0.839, 0.003, 0.006, 0.138, 0.001]"
103.2,103.24,Rei,0.828686535358429,Rei,[0.829],"[0.325, 0.045, 0.829, 0.003, 0.006, 0.138, 0.001]"
103.24,103.28,Rei,0.8194795250892639,Rei,[0.819],"[0.347, 0.046, 0.819, 0.003, 0.006, 0.136, 0.001]"
103.28,103.32,Rei,0.8110787868499756,Rei,[0.811],"[0.366, 0.046, 0.811, 0.003, 0.006, 0.132, 0.001]"
103.32,103.36,Rei,0.8035107254981995,Rei,[0.804],"[0.382, 0.047, 0.804, 0.003, 0.006, 0.127, 0.001]"
103.36,103.4,Rei,0.7967694401741028,Rei,[0.797],"[0.395, 0.048, 0.797, 0.004, 0.006, 0.122, 0.001]"
103.4,103.44,Rei,0.7908411026000977,Rei,[0.791],"[0.403, 0.049, 0.791, 0.004, 0.007, 0.116, 0.001]"
103.44,103.48,Rei,0.7856586575508118,Rei,[0.786],"[0.408, 0.050, 0.786, 0.004, 0.007, 0.110, 0.001]"
103.48,103.52,Rei,0.7811311483383179,Rei,[0.781],"[0.409, 0.051, 0.781, 0.004, 0.008, 0.103, 0.001]"
103.52,103.56,Rei,0.7771149277687073,Rei,[0.777],"[0.407, 0.052, 0.777, 0.004, 0.008, 0.097, 0.001]"
103.56,103.6,Rei,0.7734160423278809,Rei,[0.773],"[0.402, 0.054, 0.773, 0.004, 0.009, 0.090, 0.001]"
103.6,103.64,Rei,0.7698032855987549,Rei,[0.770],"[0.393, 0.055, 0.770, 0.004, 0.010, 0.085, 0.001]"
103.64,103.68,Rei,0.7660563588142395,Rei,[0.766],"[0.383, 0.056, 0.766, 0.005, 0.010, 0.080, 0.001]"
103.68,103.72,Rei,0.7619543671607971,Rei,[0.762],"[0.370, 0.057, 0.762, 0.005, 0.011, 0.075, 0.001]"
103.72,103.76,Rei,0.7572929859161377,Rei,[0.757],"[0.356, 0.058, 0.757, 0.005, 0.012, 0.071, 0.001]"
103.76,103.8,Rei,0.7518932819366455,Rei,[0.752],"[0.340, 0.059, 0.752, 0.005, 0.013, 0.068, 0.001]"
103.8,103.84,Rei,0.7456091046333313,Rei,[0.746],"[0.323, 0.060, 0.746, 0.006, 0.015, 0.065, 0.001]"
103.84,103.88,Rei,0.7382143139839172,Rei,[0.738],"[0.306, 0.060, 0.738, 0.006, 0.016, 0.063, 0.001]"
103.88,103.92,Rei,0.7294780015945435,Rei,[0.729],"[0.287, 0.061, 0.729, 0.006, 0.017, 0.061, 0.001]"
103.92,103.96,Rei,0.7191188335418701,Rei,[0.719],"[0.269, 0.061, 0.719, 0.007, 0.018, 0.060, 0.001]"
103.96,104.0,Rei,0.706833004951477,Rei,[0.707],"[0.250, 0.061, 0.707, 0.007, 0.019, 0.060, 0.001]"
104.0,104.04,Rei,0.6923302412033081,Rei,[0.692],"[0.231, 0.060, 0.692, 0.008, 0.021, 0.060, 0.001]"
104.04,104.08,Rei,0.6753302812576294,Rei,[0.675],"[0.213, 0.060, 0.675, 0.008, 0.022, 0.061, 0.001]"
104.08,104.12,Rei,0.6555297374725342,Rei,[0.656],"[0.196, 0.058, 0.656, 0.009, 0.023, 0.062, 0.001]"
104.12,104.16,Rei,0.6326976418495178,Rei,[0.633],"[0.179, 0.057, 0.633, 0.009, 0.024, 0.064, 0.001]"
104.16,104.2,Rei,0.6067691445350647,Rei,[0.607],"[0.164, 0.055, 0.607, 0.010, 0.025, 0.067, 0.001]"
104.2,104.24,Rei,0.5778493881225586,,[],"[0.149, 0.053, 0.578, 0.011, 0.026, 0.070, 0.001]"
104.24,104.28,Rei,0.5462262630462646,,[],"[0.135, 0.051, 0.546, 0.012, 0.027, 0.073, 0.001]"
104.28,104.32,Rei,0.5123811364173889,,[],"[0.122, 0.048, 0.512, 0.013, 0.028, 0.078, 0.002]"
104.32,104.36,Rei,0.47698959708213806,,[],"[0.110, 0.045, 0.477, 0.014, 0.029, 0.082, 0.002]"
104.36,104.4,Rei,0.4408164322376251,,[],"[0.099, 0.042, 0.441, 0.015, 0.030, 0.087, 0.002]"
104.4,104.44,Rei,0.404662549495697,,[],"[0.089, 0.038, 0.405, 0.016, 0.030, 0.092, 0.003]"
104.44,104.48,Rei,0.36928653717041016,,[],"[0.079, 0.035, 0.369, 0.018, 0.031, 0.097, 0.003]"
104.48,104.52,Rei,0.33542317152023315,,[],"[0.071, 0.032, 0.335, 0.020, 0.031, 0.103, 0.004]"
104.52,104.56,Rei,0.3036850392818451,,[],"[0.063, 0.029, 0.304, 0.022, 0.031, 0.109, 0.004]"
104.56,104.6,Rei,0.27445781230926514,,[],"[0.057, 0.026, 0.274, 0.024, 0.031, 0.114, 0.005]"
104.6,104.64,Rei,0.24795399606227875,,[],"[0.050, 0.023, 0.248, 0.026, 0.031, 0.120, 0.006]"
104.64,104.68,Rei,0.22423908114433289,,[],"[0.045, 0.020, 0.224, 0.028, 0.030, 0.126, 0.007]"
104.68,104.72,Rei,0.20329375565052032,,[],"[0.040, 0.018, 0.203, 0.030, 0.030, 0.132, 0.008]"
104.72,104.76,Rei,0.18500366806983948,,[],"[0.035, 0.015, 0.185, 0.032, 0.029, 0.138, 0.009]"
104.76,104.8,Rei,0.1691976934671402,,[],"[0.031, 0.013, 0.169, 0.034, 0.028, 0.145, 0.010]"
104.8,104.84,Rei,0.1556815505027771,,[],"[0.028, 0.012, 0.156, 0.036, 0.027, 0.151, 0.012]"
104.84,104.88,Leeseo,0.15707921981811523,,[],"[0.025, 0.010, 0.144, 0.038, 0.026, 0.157, 0.013]"
104.88,104.92,Leeseo,0.16292467713356018,,[],"[0.022, 0.009, 0.135, 0.040, 0.025, 0.163, 0.015]"
104.92,104.96,Leeseo,0.16834042966365814,,[],"[0.019, 0.008, 0.127, 0.041, 0.024, 0.168, 0.017]"
104.96,105.0,Leeseo,0.17321771383285522,,[],"[0.017, 0.007, 0.121, 0.042, 0.022, 0.173, 0.018]"
105.0,105.04,Leeseo,0.17748503386974335,,[],"[0.016, 0.006, 0.117, 0.043, 0.021, 0.177, 0.020]"
105.04,105.08,Leeseo,0.1811404973268509,,[],"[0.014, 0.005, 0.114, 0.044, 0.020, 0.181, 0.021]"
105.08,105.12,Leeseo,0.18420253694057465,,[],"[0.013, 0.004, 0.112, 0.045, 0.018, 0.184, 0.023]"
105.12,105.16,Leeseo,0.18668100237846375,,[],"[0.012, 0.004, 0.112, 0.046, 0.017, 0.187, 0.024]"
105.16,105.2,Leeseo,0.18859019875526428,,[],"[0.011, 0.003, 0.113, 0.046, 0.016, 0.189, 0.025]"
105.2,105.24,Leeseo,0.18995563685894012,,[],"[0.010, 0.003, 0.115, 0.046, 0.014, 0.190, 0.026]"
105.24,105.28,Leeseo,0.19084621965885162,,[],"[0.010, 0.003, 0.119, 0.046, 0.013, 0.191, 0.027]"
105.28,105.32,Leeseo,0.19134533405303955,,[],"[0.009, 0.003, 0.124, 0.046, 0.012, 0.191, 0.027]"
105.32,105.36,Leeseo,0.19154232740402222,,[],"[0.009, 0.002, 0.130, 0.046, 0.011, 0.192, 0.028]"
105.36,105.4,Leeseo,0.1915322095155716,,[],"[0.009, 0.002, 0.137, 0.046, 0.010, 0.192, 0.028]"
105.4,105.44,Leeseo,0.19142182171344757,,[],"[0.009, 0.002, 0.146, 0.046, 0.009, 0.191, 0.028]"
105.44,105.48,Leeseo,0.1913166046142578,,[],"[0.009, 0.002, 0.156, 0.046, 0.009, 0.191, 0.027]"
105.48,105.52,Leeseo,0.19128447771072388,,[],"[0.009, 0.002, 0.167, 0.046, 0.008, 0.191, 0.027]"
105.52,105.56,Leeseo,0.19138045608997345,,[],"[0.009, 0.002, 0.180, 0.046, 0.007, 0.191, 0.027]"
105.56,105.6,Rei,0.19385762512683868,,[],"[0.009, 0.002, 0.194, 0.046, 0.007, 0.192, 0.026]"
105.6,105.64,Rei,0.209659144282341,,[],"[0.010, 0.002, 0.210, 0.046, 0.006, 0.192, 0.025]"
105.64,105.68,Rei,0.2269790917634964,,[],"[0.010, 0.002, 0.227, 0.047, 0.006, 0.193, 0.024]"
105.68,105.72,Rei,0.24578331410884857,,[],"[0.010, 0.002, 0.246, 0.047, 0.005, 0.194, 0.023]"
105.72,105.76,Rei,0.2660028338432312,,[],"[0.011, 0.002, 0.266, 0.047, 0.005, 0.195, 0.022]"
105.76,105.8,Rei,0.2875773310661316,,[],"[0.012, 0.002, 0.288, 0.047, 0.004, 0.196, 0.021]"
105.8,105.84,Rei,0.31041571497917175,,[],"[0.012, 0.002, 0.310, 0.047, 0.004, 0.198, 0.020]"
105.84,105.88,Rei,0.33446046710014343,,[],"[0.013, 0.002, 0.334, 0.048, 0.004, 0.200, 0.018]"
105.88,105.92,Rei,0.35960209369659424,,[],"[0.014, 0.002, 0.360, 0.048, 0.004, 0.202, 0.017]"
105.92,105.96,Rei,0.3857021927833557,,[],"[0.015, 0.002, 0.386, 0.048, 0.004, 0.204, 0.016]"
105.96,106.0,Rei,0.4126100242137909,,[],"[0.016, 0.002, 0.413, 0.048, 0.003, 0.207, 0.015]"
106.0,106.04,Rei,0.44013261795043945,,[],"[0.017, 0.002, 0.440, 0.049, 0.003, 0.210, 0.013]"
106.04,106.08,Rei,0.46803227066993713,,[],"[0.018, 0.002, 0.468, 0.049, 0.003, 0.212, 0.012]"
106.08,106.12,Rei,0.49607884883880615,,[],"[0.020, 0.002, 0.496, 0.049, 0.003, 0.214, 0.011]"
106.12,106.16,Rei,0.5239343047142029,,[],"[0.021, 0.002, 0.524, 0.049, 0.003, 0.217, 0.010]"
106.16,106.2,Rei,0.5512261986732483,,[],"[0.023, 0.002, 0.551, 0.049, 0.003, 0.218, 0.009]"
106.2,106.24,Rei,0.5776530504226685,,[],"[0.025, 0.003, 0.578, 0.049, 0.003, 0.219, 0.008]"
106.24,106.28,Rei,0.6029820442199707,,[],"[0.027, 0.003, 0.603, 0.049, 0.003, 0.219, 0.008]"
106.28,106.32,Rei,0.6270662546157837,Rei,[0.627],"[0.029, 0.003, 0.627, 0.049, 0.003, 0.219, 0.007]"
106.32,106.36,Rei,0.6497603058815002,Rei,[0.650],"[0.031, 0.004, 0.650, 0.049, 0.002, 0.218, 0.006]"
106.36,106.4,Rei,0.6709834337234497,Rei,[0.671],"[0.033, 0.004, 0.671, 0.049, 0.002, 0.216, 0.006]"
106.4,106.44,Rei,0.6906757354736328,Rei,[0.691],"[0.034, 0.004, 0.691, 0.050, 0.002, 0.214, 0.006]"
106.44,106.48,Rei,0.7088305354118347,Rei,[0.709],"[0.036, 0.005, 0.709, 0.050, 0.002, 0.211, 0.005]"
106.48,106.52,Rei,0.7254893183708191,Rei,[0.725],"[0.038, 0.005, 0.725, 0.051, 0.002, 0.206, 0.005]"
106.52,106.56,Rei,0.7406795024871826,Rei,[0.741],"[0.039, 0.006, 0.741, 0.051, 0.002, 0.202, 0.005]"
106.56,106.6,Rei,0.7544439435005188,Rei,[0.754],"[0.040, 0.007, 0.754, 0.052, 0.002, 0.196, 0.004]"
106.6,106.64,Rei,0.7668431997299194,Rei,[0.767],"[0.041, 0.008, 0.767, 0.054, 0.002, 0.189, 0.004]"
106.64,106.68,Rei,0.7779483199119568,Rei,[0.778],"[0.041, 0.009, 0.778, 0.055, 0.002, 0.182, 0.004]"
106.68,106.72,Rei,0.787796139717102,Rei,[0.788],"[0.042, 0.010, 0.788, 0.057, 0.002, 0.175, 0.004]"
106.72,106.76,Rei,0.7964503765106201,Rei,[0.796],"[0.041, 0.012, 0.796, 0.060, 0.002, 0.167, 0.004]"
106.76,106.8,Rei,0.8039897680282593,Rei,[0.804],"[0.041, 0.013, 0.804, 0.063, 0.002, 0.159, 0.004]"
106.8,106.84,Rei,0.8104971051216125,Rei,[0.810],"[0.040, 0.015, 0.810, 0.066, 0.002, 0.152, 0.004]"
106.84,106.88,Rei,0.8159971237182617,Rei,[0.816],"[0.039, 0.017, 0.816, 0.070, 0.002, 0.144, 0.004]"
106.88,106.92,Rei,0.8204956650733948,Rei,[0.820],"[0.037, 0.019, 0.820, 0.075, 0.002, 0.137, 0.005]"
106.92,106.96,Rei,0.823971152305603,Rei,[0.824],"[0.036, 0.021, 0.824, 0.080, 0.002, 0.130, 0.005]"
106.96,107.0,Rei,0.8263787627220154,Rei,[0.826],"[0.034, 0.023, 0.826, 0.086, 0.002, 0.124, 0.005]"
107.0,107.04,Rei,0.82771235704422,Rei,[0.828],"[0.032, 0.025, 0.828, 0.093, 0.002, 0.118, 0.006]"
107.04,107.08,Rei,0.8279958963394165,Rei,[0.828],"[0.030, 0.027, 0.828, 0.100, 0.003, 0.113, 0.006]"
107.08,107.12,Rei,0.8272977471351624,Rei,[0.827],"[0.028, 0.028, 0.827, 0.108, 0.003, 0.108, 0.006]"
107.12,107.16,Rei,0.8257214426994324,Rei,[0.826],"[0.026, 0.030, 0.826, 0.116, 0.003, 0.104, 0.007]"
107.16,107.2,Rei,0.8234177827835083,Rei,[0.823],"[0.023, 0.031, 0.823, 0.125, 0.003, 0.101, 0.007]"
107.2,107.24,Rei,0.8205752372741699,Rei,[0.821],"[0.021, 0.031, 0.821, 0.134, 0.003, 0.098, 0.008]"
107.24,107.28,Rei,0.8173770904541016,Rei,[0.817],"[0.019, 0.032, 0.817, 0.143, 0.003, 0.095, 0.009]"
107.28,107.32,Rei,0.8139461278915405,Rei,[0.814],"[0.017, 0.032, 0.814, 0.152, 0.003, 0.093, 0.009]"
107.32,107.36,Rei,0.8103669285774231,Rei,[0.810],"[0.015, 0.032, 0.810, 0.161, 0.003, 0.092, 0.010]"
107.36,107.4,Rei,0.8066861033439636,Rei,[0.807],"[0.013, 0.031, 0.807, 0.169, 0.003, 0.090, 0.011]"
107.4,107.44,Rei,0.8029571175575256,Rei,[0.803],"[0.011, 0.031, 0.803, 0.177, 0.003, 0.090, 0.011]"
107.44,107.48,Rei,0.7992333173751831,Rei,[0.799],"[0.010, 0.030, 0.799, 0.184, 0.003, 0.089, 0.012]"
107.48,107.52,Rei,0.7955719232559204,Rei,[0.796],"[0.009, 0.029, 0.796, 0.191, 0.003, 0.089, 0.013]"
107.52,107.56,Rei,0.7920364141464233,Rei,[0.792],"[0.007, 0.028, 0.792, 0.196, 0.003, 0.089, 0.014]"
107.56,107.6,Rei,0.7886631488800049,Rei,[0.789],"[0.006, 0.027, 0.789, 0.200, 0.003, 0.090, 0.015]"
107.6,107.64,Rei,0.7854938507080078,Rei,[0.785],"[0.006, 0.026, 0.785, 0.203, 0.003, 0.091, 0.016]"
107.64,107.68,Rei,0.7825710773468018,Rei,[0.783],"[0.005, 0.026, 0.783, 0.205, 0.003, 0.092, 0.017]"
107.68,107.72,Rei,0.779934287071228,Rei,[0.780],"[0.004, 0.025, 0.780, 0.206, 0.003, 0.093, 0.018]"
107.72,107.76,Rei,0.7775700092315674,Rei,[0.778],"[0.004, 0.024, 0.778, 0.206, 0.003, 0.095, 0.019]"
107.76,107.8,Rei,0.7754138112068176,Rei,[0.775],"[0.003, 0.024, 0.775, 0.204, 0.003, 0.097, 0.021]"
107.8,107.84,Rei,0.7733662724494934,Rei,[0.773],"[0.003, 0.023, 0.773, 0.202, 0.003, 0.098, 0.022]"
107.84,107.88,Rei,0.7712863683700562,Rei,[0.771],"[0.003, 0.023, 0.771, 0.199, 0.003, 0.100, 0.024]"
107.88,107.92,Rei,0.7690387964248657,Rei,[0.769],"[0.002, 0.023, 0.769, 0.195, 0.003, 0.102, 0.026]"
107.92,107.96,Rei,0.7664551138877869,Rei,[0.766],"[0.002, 0.023, 0.766, 0.191, 0.003, 0.104, 0.028]"
107.96,108.0,Rei,0.7633727192878723,Rei,[0.763],"[0.002, 0.023, 0.763, 0.186, 0.003, 0.106, 0.030]"
108.0,108.04,Rei,0.7596598267555237,Rei,[0.760],"[0.002, 0.023, 0.760, 0.181, 0.003, 0.108, 0.033]"
108.04,108.08,Rei,0.7552160620689392,Rei,[0.755],"[0.002, 0.024, 0.755, 0.176, 0.002, 0.109, 0.036]"
108.08,108.12,Rei,0.7499555349349976,Rei,[0.750],"[0.001, 0.024, 0.750, 0.170, 0.002, 0.111, 0.040]"
108.12,108.16,Rei,0.7438472509384155,Rei,[0.744],"[0.001, 0.025, 0.744, 0.165, 0.002, 0.112, 0.044]"
108.16,108.2,Rei,0.7368581295013428,Rei,[0.737],"[0.001, 0.025, 0.737, 0.159, 0.002, 0.114, 0.048]"
108.2,108.24,Rei,0.728937566280365,Rei,[0.729],"[0.001, 0.026, 0.729, 0.154, 0.002, 0.115, 0.053]"
108.24,108.28,Rei,0.7200713157653809,Rei,[0.720],"[0.001, 0.027, 0.720, 0.149, 0.002, 0.116, 0.058]"
108.28,108.32,Rei,0.7102584838867188,Rei,[0.710],"[0.001, 0.028, 0.710, 0.145, 0.002, 0.118, 0.064]"
108.32,108.36,Rei,0.6995214223861694,Rei,[0.700],"[0.001, 0.030, 0.700, 0.141, 0.002, 0.119, 0.070]"
108.36,108.4,Rei,0.6878829002380371,Rei,[0.688],"[0.001, 0.031, 0.688, 0.137, 0.002, 0.120, 0.076]"
108.4,108.44,Rei,0.6754013895988464,Rei,[0.675],"[0.001, 0.032, 0.675, 0.133, 0.002, 0.121, 0.082]"
108.44,108.48,Rei,0.6621484756469727,Rei,[0.662],"[0.001, 0.034, 0.662, 0.130, 0.002, 0.122, 0.088]"
108.48,108.52,Rei,0.6481993198394775,Rei,[0.648],"[0.001, 0.035, 0.648, 0.127, 0.001, 0.123, 0.094]"
108.52,108.56,Rei,0.6336657404899597,Rei,[0.634],"[0.001, 0.037, 0.634, 0.124, 0.001, 0.124, 0.099]"
108.56,108.6,Rei,0.6186643838882446,Rei,[0.619],"[0.001, 0.038, 0.619, 0.121, 0.001, 0.125, 0.104]"
108.6,108.64,Rei,0.6033491492271423,Rei,[0.603],"[0.001, 0.040, 0.603, 0.118, 0.001, 0.126, 0.108]"
108.64,108.68,Rei,0.5878714323043823,Rei,[0.588],"[0.001, 0.041, 0.588, 0.114, 0.001, 0.126, 0.111]"
108.68,108.72,Rei,0.5724350214004517,,[],"[0.001, 0.043, 0.572, 0.111, 0.001, 0.126, 0.113]"
108.72,108.76,Rei,0.5572941899299622,,[],"[0.001, 0.044, 0.557, 0.107, 0.001, 0.126, 0.113]"
108.76,108.8,Rei,0.5427166819572449,,[],"[0.001, 0.045, 0.543, 0.103, 0.001, 0.125, 0.112]"
108.8,108.84,Rei,0.5289431214332581,,[],"[0.001, 0.046, 0.529, 0.099, 0.001, 0.123, 0.109]"
108.84,108.88,Rei,0.5162353515625,,[],"[0.001, 0.046, 0.516, 0.095, 0.001, 0.122, 0.105]"
108.88,108.92,Rei,0.5048396587371826,,[],"[0.001, 0.047, 0.505, 0.091, 0.001, 0.119, 0.101]"
108.92,108.96,Rei,0.49500149488449097,,[],"[0.001, 0.047, 0.495, 0.086, 0.001, 0.117, 0.095]"
108.96,109.0,Rei,0.48693960905075073,,[],"[0.001, 0.047, 0.487, 0.082, 0.001, 0.113, 0.089]"
109.0,109.04,Rei,0.48079657554626465,,[],"[0.001, 0.048, 0.481, 0.077, 0.001, 0.110, 0.082]"
109.04,109.08,Rei,0.47658008337020874,,[],"[0.001, 0.048, 0.477, 0.072, 0.001, 0.106, 0.075]"
109.08,109.12,Rei,0.47415268421173096,,[],"[0.001, 0.048, 0.474, 0.067, 0.001, 0.102, 0.067]"
109.12,109.16,Rei,0.4733242988586426,,[],"[0.001, 0.048, 0.473, 0.063, 0.001, 0.097, 0.061]"
109.16,109.2,Rei,0.4738081395626068,,[],"[0.001, 0.049, 0.474, 0.058, 0.001, 0.092, 0.054]"
109.2,109.24,Rei,0.47527727484703064,,[],"[0.002, 0.049, 0.475, 0.054, 0.001, 0.088, 0.048]"
109.24,109.28,Rei,0.4774710536003113,,[],"[0.002, 0.050, 0.477, 0.050, 0.002, 0.082, 0.042]"
109.28,109.32,Rei,0.48028048872947693,,[],"[0.002, 0.050, 0.480, 0.046, 0.002, 0.077, 0.037]"
109.32,109.36,Rei,0.48362281918525696,,[],"[0.002, 0.051, 0.484, 0.042, 0.002, 0.072, 0.032]"
109.36,109.4,Rei,0.48741868138313293,,[],"[0.002, 0.052, 0.487, 0.039, 0.002, 0.066, 0.028]"
109.4,109.44,Rei,0.4915445148944855,,[],"[0.003, 0.053, 0.492, 0.036, 0.002, 0.061, 0.025]"
109.44,109.48,Rei,0.49586835503578186,,[],"[0.003, 0.055, 0.496, 0.033, 0.003, 0.055, 0.022]"
109.48,109.52,Rei,0.5001810193061829,,[],"[0.003, 0.056, 0.500, 0.031, 0.003, 0.050, 0.019]"
109.52,109.56,Rei,0.5041927099227905,,[],"[0.004, 0.057, 0.504, 0.029, 0.003, 0.045, 0.017]"
109.56,109.6,Rei,0.5076260566711426,,[],"[0.004, 0.059, 0.508, 0.027, 0.004, 0.040, 0.015]"
109.6,109.64,Rei,0.5102066397666931,,[],"[0.005, 0.060, 0.510, 0.025, 0.004, 0.036, 0.013]"
109.64,109.68,Rei,0.511696457862854,,[],"[0.005, 0.061, 0.512, 0.024, 0.005, 0.032, 0.012]"
109.68,109.72,Rei,0.5118724703788757,,[],"[0.006, 0.063, 0.512, 0.023, 0.006, 0.028, 0.010]"
109.72,109.76,Rei,0.510607898235321,,[],"[0.006, 0.064, 0.511, 0.022, 0.007, 0.024, 0.009]"
109.76,109.8,Rei,0.5078323483467102,,[],"[0.007, 0.066, 0.508, 0.022, 0.008, 0.021, 0.009]"
109.8,109.84,Rei,0.5035300850868225,,[],"[0.008, 0.067, 0.504, 0.022, 0.009, 0.019, 0.008]"
109.84,109.88,Rei,0.49773094058036804,,[],"[0.008, 0.068, 0.498, 0.021, 0.010, 0.016, 0.007]"
109.88,109.92,Rei,0.49051666259765625,,[],"[0.009, 0.069, 0.491, 0.021, 0.012, 0.014, 0.007]"
109.92,109.96,Rei,0.4820878505706787,,[],"[0.009, 0.070, 0.482, 0.022, 0.013, 0.013, 0.006]"
109.96,110.0,Rei,0.472646564245224,,[],"[0.010, 0.071, 0.473, 0.022, 0.015, 0.011, 0.006]"
110.0,110.04,Rei,0.462306410074234,,[],"[0.010, 0.071, 0.462, 0.023, 0.017, 0.010, 0.005]"
110.04,110.08,Rei,0.4511450529098511,,[],"[0.010, 0.071, 0.451, 0.024, 0.018, 0.009, 0.005]"
110.08,110.12,Rei,0.4392555058002472,,[],"[0.011, 0.071, 0.439, 0.025, 0.020, 0.008, 0.005]"
110.12,110.16,Rei,0.42678847908973694,,[],"[0.011, 0.070, 0.427, 0.026, 0.022, 0.008, 0.005]"
110.16,110.2,Rei,0.41394710540771484,,[],"[0.012, 0.069, 0.414, 0.027, 0.024, 0.007, 0.004]"
110.2,110.24,Rei,0.40085387229919434,,[],"[0.012, 0.068, 0.401, 0.029, 0.026, 0.007, 0.004]"
110.24,110.28,Rei,0.3875616192817688,,[],"[0.012, 0.067, 0.388, 0.031, 0.028, 0.006, 0.004]"
110.28,110.32,Rei,0.3741135597229004,,[],"[0.013, 0.065, 0.374, 0.033, 0.030, 0.006, 0.004]"
110.32,110.36,Rei,0.3604872524738312,,[],"[0.013, 0.063, 0.360, 0.035, 0.032, 0.006, 0.004]"
110.36,110.4,Rei,0.34667328000068665,,[],"[0.014, 0.061, 0.347, 0.037, 0.033, 0.006, 0.004]"
110.4,110.44,Rei,0.3326641023159027,,[],"[0.014, 0.058, 0.333, 0.039, 0.035, 0.006, 0.004]"
110.44,110.48,Rei,0.31846892833709717,,[],"[0.015, 0.056, 0.318, 0.042, 0.036, 0.006, 0.004]"
110.48,110.52,Rei,0.3041149079799652,,[],"[0.016, 0.053, 0.304, 0.044, 0.037, 0.007, 0.004]"
110.52,110.56,Rei,0.289626806974411,,[],"[0.017, 0.050, 0.290, 0.046, 0.038, 0.007, 0.004]"
110.56,110.6,Rei,0.27503401041030884,,[],"[0.019, 0.047, 0.275, 0.049, 0.038, 0.007, 0.004]"
110.6,110.64,Rei,0.26040148735046387,,[],"[0.021, 0.043, 0.260, 0.051, 0.039, 0.008, 0.004]"
110.64,110.68,Rei,0.24579766392707825,,[],"[0.023, 0.040, 0.246, 0.053, 0.039, 0.008, 0.004]"
110.68,110.72,Rei,0.23130017518997192,,[],"[0.026, 0.037, 0.231, 0.055, 0.038, 0.009, 0.004]"
110.72,110.76,Rei,0.2169581800699234,,[],"[0.029, 0.034, 0.217, 0.057, 0.038, 0.010, 0.004]"
110.76,110.8,Rei,0.2028355449438095,,[],"[0.033, 0.032, 0.203, 0.058, 0.037, 0.011, 0.004]"
110.8,110.84,Rei,0.18903204798698425,,[],"[0.039, 0.029, 0.189, 0.060, 0.036, 0.013, 0.004]"
110.84,110.88,Rei,0.17567220330238342,,[],"[0.045, 0.027, 0.176, 0.061, 0.034, 0.014, 0.004]"
110.88,110.92,Rei,0.1628572642803192,,[],"[0.053, 0.025, 0.163, 0.061, 0.033, 0.016, 0.004]"
110.92,110.96,Rei,0.1506696194410324,,[],"[0.063, 0.023, 0.151, 0.061, 0.032, 0.018, 0.005]"
110.96,111.0,Rei,0.1391630619764328,,[],"[0.075, 0.022, 0.139, 0.061, 0.030, 0.021, 0.005]"
111.0,111.04,Rei,0.12836965918540955,,[],"[0.090, 0.020, 0.128, 0.060, 0.028, 0.023, 0.005]"
111.04,111.08,Rei,0.1183093786239624,,[],"[0.109, 0.019, 0.118, 0.059, 0.027, 0.026, 0.005]"
111.08,111.12,Gaeul,0.13094636797904968,,[],"[0.131, 0.018, 0.109, 0.057, 0.025, 0.029, 0.005]"
111.12,111.16,Gaeul,0.15718364715576172,,[],"[0.157, 0.017, 0.101, 0.055, 0.023, 0.032, 0.005]"
111.16,111.2,Gaeul,0.1875622570514679,,[],"[0.188, 0.016, 0.093, 0.053, 0.022, 0.036, 0.006]"
111.2,111.24,Gaeul,0.22189320623874664,,[],"[0.222, 0.015, 0.086, 0.051, 0.020, 0.039, 0.006]"
111.24,111.28,Gaeul,0.25967085361480713,,[],"[0.260, 0.015, 0.080, 0.049, 0.019, 0.042, 0.006]"
111.28,111.32,Gaeul,0.3001273274421692,,[],"[0.300, 0.014, 0.074, 0.047, 0.017, 0.045, 0.006]"
111.32,111.36,Gaeul,0.34232017397880554,,[],"[0.342, 0.013, 0.069, 0.045, 0.016, 0.048, 0.006]"
111.36,111.4,Gaeul,0.38508906960487366,,[],"[0.385, 0.013, 0.065, 0.043, 0.015, 0.050, 0.007]"
111.4,111.44,Gaeul,0.4272702932357788,,[],"[0.427, 0.013, 0.061, 0.041, 0.014, 0.053, 0.007]"
111.44,111.48,Gaeul,0.4678162634372711,,[],"[0.468, 0.012, 0.057, 0.039, 0.013, 0.054, 0.007]"
111.48,111.52,Gaeul,0.5058898329734802,,[],"[0.506, 0.012, 0.054, 0.037, 0.012, 0.056, 0.007]"
111.52,111.56,Gaeul,0.5408623814582825,,[],"[0.541, 0.012, 0.052, 0.035, 0.011, 0.057, 0.008]"
111.56,111.6,Gaeul,0.5723517537117004,,[],"[0.572, 0.011, 0.049, 0.032, 0.011, 0.058, 0.008]"
111.6,111.64,Gaeul,0.6001871228218079,,[],"[0.600, 0.011, 0.047, 0.030, 0.010, 0.059, 0.008]"
111.64,111.68,Gaeul,0.6243684887886047,Gaeul,[0.624],"[0.624, 0.011, 0.045, 0.029, 0.010, 0.059, 0.008]"
111.68,111.72,Gaeul,0.6450229287147522,Gaeul,[0.645],"[0.645, 0.011, 0.044, 0.027, 0.009, 0.059, 0.008]"
111.72,111.76,Gaeul,0.6623221635818481,Gaeul,[0.662],"[0.662, 0.010, 0.043, 0.025, 0.009, 0.059, 0.009]"
111.76,111.8,Gaeul,0.6764758825302124,Gaeul,[0.676],"[0.676, 0.010, 0.042, 0.023, 0.009, 0.059, 0.009]"
111.8,111.84,Gaeul,0.6877083778381348,Gaeul,[0.688],"[0.688, 0.010, 0.041, 0.022, 0.009, 0.059, 0.009]"
111.84,111.88,Gaeul,0.6962445974349976,Gaeul,[0.696],"[0.696, 0.010, 0.040, 0.020, 0.009, 0.058, 0.009]"
111.88,111.92,Gaeul,0.7023224234580994,Gaeul,[0.702],"[0.702, 0.010, 0.039, 0.019, 0.009, 0.058, 0.010]"
111.92,111.96,Gaeul,0.7061669230461121,Gaeul,[0.706],"[0.706, 0.010, 0.039, 0.018, 0.009, 0.057, 0.010]"
111.96,112.0,Gaeul,0.7080154418945312,Gaeul,[0.708],"[0.708, 0.009, 0.039, 0.016, 0.009, 0.056, 0.010]"
112.0,112.04,Gaeul,0.7080508470535278,Gaeul,[0.708],"[0.708, 0.009, 0.039, 0.015, 0.009, 0.056, 0.011]"
112.04,112.08,Gaeul,0.7063878774642944,Gaeul,[0.706],"[0.706, 0.009, 0.039, 0.014, 0.009, 0.055, 0.011]"
112.08,112.12,Gaeul,0.7031265497207642,Gaeul,[0.703],"[0.703, 0.009, 0.039, 0.013, 0.010, 0.054, 0.011]"
112.12,112.16,Gaeul,0.6983866095542908,Gaeul,[0.698],"[0.698, 0.009, 0.039, 0.012, 0.010, 0.053, 0.011]"
112.16,112.2,Gaeul,0.6922915577888489,Gaeul,[0.692],"[0.692, 0.010, 0.039, 0.011, 0.010, 0.052, 0.012]"
112.2,112.24,Gaeul,0.6849561333656311,Gaeul,[0.685],"[0.685, 0.010, 0.040, 0.010, 0.011, 0.052, 0.012]"
112.24,112.28,Gaeul,0.6764994263648987,Gaeul,[0.676],"[0.676, 0.010, 0.041, 0.009, 0.011, 0.051, 0.012]"
112.28,112.32,Gaeul,0.6671109199523926,Gaeul,[0.667],"[0.667, 0.010, 0.042, 0.009, 0.012, 0.050, 0.012]"
112.32,112.36,Gaeul,0.6570020914077759,Gaeul,[0.657],"[0.657, 0.011, 0.043, 0.008, 0.012, 0.050, 0.012]"
112.36,112.4,Gaeul,0.6463314294815063,Gaeul,[0.646],"[0.646, 0.011, 0.045, 0.007, 0.013, 0.050, 0.012]"
112.4,112.44,Gaeul,0.6352539658546448,Gaeul,[0.635],"[0.635, 0.011, 0.048, 0.007, 0.013, 0.050, 0.013]"
112.44,112.48,Gaeul,0.6239266395568848,Gaeul,[0.624],"[0.624, 0.012, 0.051, 0.006, 0.013, 0.050, 0.013]"
112.48,112.52,Gaeul,0.6124743223190308,Gaeul,[0.612],"[0.612, 0.013, 0.054, 0.006, 0.014, 0.050, 0.013]"
112.52,112.56,Gaeul,0.6010032296180725,Gaeul,[0.601],"[0.601, 0.013, 0.058, 0.005, 0.014, 0.051, 0.013]"
112.56,112.6,Gaeul,0.5896595120429993,Gaeul,[0.590],"[0.590, 0.014, 0.064, 0.005, 0.014, 0.051, 0.013]"
112.6,112.64,Gaeul,0.5785937905311584,,[],"[0.579, 0.016, 0.070, 0.004, 0.014, 0.052, 0.013]"
112.64,112.68,Gaeul,0.5679489374160767,,[],"[0.568, 0.017, 0.076, 0.004, 0.014, 0.052, 0.013]"
112.68,112.72,Gaeul,0.5578705668449402,,[],"[0.558, 0.018, 0.085, 0.004, 0.014, 0.053, 0.014]"
112.72,112.76,Gaeul,0.5484774112701416,,[],"[0.548, 0.020, 0.094, 0.004, 0.015, 0.054, 0.014]"
112.76,112.8,Gaeul,0.5397902131080627,,[],"[0.540, 0.022, 0.104, 0.003, 0.015, 0.054, 0.014]"
112.8,112.84,Gaeul,0.5317758917808533,,[],"[0.532, 0.025, 0.116, 0.003, 0.015, 0.055, 0.014]"
112.84,112.88,Gaeul,0.524375319480896,,[],"[0.524, 0.027, 0.129, 0.003, 0.015, 0.055, 0.014]"
112.88,112.92,Gaeul,0.5174897909164429,,[],"[0.517, 0.031, 0.143, 0.003, 0.015, 0.056, 0.014]"
112.92,112.96,Gaeul,0.5110484957695007,,[],"[0.511, 0.034, 0.158, 0.003, 0.016, 0.056, 0.014]"
112.96,113.0,Gaeul,0.5049976706504822,,[],"[0.505, 0.038, 0.174, 0.002, 0.016, 0.057, 0.015]"
113.0,113.04,Gaeul,0.4993623197078705,,[],"[0.499, 0.043, 0.190, 0.002, 0.016, 0.057, 0.015]"
113.04,113.08,Gaeul,0.49435165524482727,,[],"[0.494, 0.048, 0.206, 0.002, 0.017, 0.057, 0.015]"
113.08,113.12,Gaeul,0.49024030566215515,,[],"[0.490, 0.054, 0.221, 0.002, 0.018, 0.057, 0.015]"
113.12,113.16,Gaeul,0.4872537851333618,,[],"[0.487, 0.060, 0.236, 0.002, 0.018, 0.057, 0.016]"
113.16,113.2,Gaeul,0.4856422245502472,,[],"[0.486, 0.068, 0.249, 0.002, 0.019, 0.056, 0.016]"
113.2,113.24,Gaeul,0.48566246032714844,,[],"[0.486, 0.076, 0.261, 0.002, 0.020, 0.056, 0.016]"
113.24,113.28,Gaeul,0.48753753304481506,,[],"[0.488, 0.085, 0.270, 0.002, 0.021, 0.055, 0.016]"
113.28,113.32,Gaeul,0.4914289712905884,,[],"[0.491, 0.095, 0.277, 0.002, 0.022, 0.054, 0.017]"
113.32,113.36,Gaeul,0.49744167923927307,,[],"[0.497, 0.105, 0.282, 0.002, 0.024, 0.054, 0.017]"
113.36,113.4,Gaeul,0.5057260394096375,,[],"[0.506, 0.117, 0.284, 0.002, 0.025, 0.052, 0.017]"
113.4,113.44,Gaeul,0.5164372324943542,,[],"[0.516, 0.129, 0.284, 0.002, 0.027, 0.051, 0.018]"
113.44,113.48,Gaeul,0.5296891927719116,,[],"[0.530, 0.142, 0.282, 0.002, 0.028, 0.050, 0.018]"
113.48,113.52,Gaeul,0.545455276966095,,[],"[0.545, 0.155, 0.278, 0.002, 0.030, 0.048, 0.019]"
113.52,113.56,Gaeul,0.5636464953422546,,[],"[0.564, 0.170, 0.271, 0.002, 0.032, 0.047, 0.019]"
113.56,113.6,Gaeul,0.5840929746627808,,[],"[0.584, 0.185, 0.263, 0.002, 0.034, 0.045, 0.019]"
113.6,113.64,Gaeul,0.6065323352813721,,[],"[0.607, 0.202, 0.254, 0.002, 0.036, 0.043, 0.020]"
113.64,113.68,Gaeul,0.6306245923042297,Gaeul,[0.631],"[0.631, 0.219, 0.244, 0.002, 0.038, 0.041, 0.020]"
113.68,113.72,Gaeul,0.6559295058250427,Gaeul,[0.656],"[0.656, 0.236, 0.233, 0.002, 0.040, 0.039, 0.020]"
113.72,113.76,Gaeul,0.6819323301315308,Gaeul,[0.682],"[0.682, 0.255, 0.223, 0.003, 0.042, 0.037, 0.020]"
113.76,113.8,Gaeul,0.7080842852592468,Gaeul,[0.708],"[0.708, 0.274, 0.213, 0.003, 0.043, 0.035, 0.020]"
113.8,113.84,Gaeul,0.7338714599609375,Gaeul,[0.734],"[0.734, 0.293, 0.203, 0.003, 0.045, 0.033, 0.020]"
113.84,113.88,Gaeul,0.7588205337524414,Gaeul,[0.759],"[0.759, 0.313, 0.194, 0.003, 0.046, 0.032, 0.020]"
113.88,113.92,Gaeul,0.7825154662132263,Gaeul,[0.783],"[0.783, 0.334, 0.186, 0.004, 0.047, 0.030, 0.020]"
113.92,113.96,Gaeul,0.8046326637268066,Gaeul,[0.805],"[0.805, 0.354, 0.179, 0.004, 0.047, 0.028, 0.020]"
113.96,114.0,Gaeul,0.8249081373214722,Gaeul,[0.825],"[0.825, 0.374, 0.172, 0.004, 0.047, 0.027, 0.020]"
114.0,114.04,Gaeul,0.8431973457336426,Gaeul,[0.843],"[0.843, 0.394, 0.167, 0.005, 0.047, 0.026, 0.020]"
114.04,114.08,Gaeul,0.859430730342865,Gaeul,[0.859],"[0.859, 0.413, 0.163, 0.006, 0.047, 0.025, 0.019]"
114.08,114.12,Gaeul,0.8736248016357422,Gaeul,[0.874],"[0.874, 0.431, 0.159, 0.007, 0.046, 0.024, 0.019]"
114.12,114.16,Gaeul,0.8858670592308044,Gaeul,[0.886],"[0.886, 0.449, 0.156, 0.007, 0.045, 0.023, 0.018]"
114.16,114.2,Gaeul,0.896287739276886,Gaeul,[0.896],"[0.896, 0.465, 0.154, 0.009, 0.044, 0.023, 0.018]"
114.2,114.24,Gaeul,0.9050324559211731,Gaeul,[0.905],"[0.905, 0.480, 0.151, 0.010, 0.042, 0.022, 0.017]"
114.24,114.28,Gaeul,0.9122747182846069,Gaeul,[0.912],"[0.912, 0.494, 0.149, 0.012, 0.041, 0.022, 0.017]"
114.28,114.32,Gaeul,0.9182026982307434,Gaeul,[0.918],"[0.918, 0.506, 0.147, 0.013, 0.040, 0.021, 0.016]"
114.32,114.36,Gaeul,0.9229916930198669,Gaeul,[0.923],"[0.923, 0.516, 0.144, 0.015, 0.038, 0.021, 0.015]"
114.36,114.4,Gaeul,0.9267935752868652,Gaeul,[0.927],"[0.927, 0.525, 0.142, 0.018, 0.037, 0.021, 0.015]"
114.4,114.44,Gaeul,0.9297295808792114,Gaeul,[0.930],"[0.930, 0.532, 0.138, 0.020, 0.035, 0.020, 0.014]"
114.44,114.48,Gaeul,0.9318966865539551,Gaeul,[0.932],"[0.932, 0.538, 0.134, 0.023, 0.034, 0.020, 0.013]"
114.48,114.52,Gaeul,0.9333606958389282,Gaeul,[0.933],"[0.933, 0.543, 0.129, 0.026, 0.033, 0.020, 0.012]"
114.52,114.56,Gaeul,0.9341608881950378,Gaeul,[0.934],"[0.934, 0.546, 0.124, 0.030, 0.031, 0.020, 0.012]"
114.56,114.6,Gaeul,0.9343122839927673,Gaeul,[0.934],"[0.934, 0.548, 0.119, 0.033, 0.030, 0.020, 0.011]"
114.6,114.64,Gaeul,0.933829665184021,Gaeul,[0.934],"[0.934, 0.549, 0.113, 0.037, 0.028, 0.019, 0.010]"
114.64,114.68,Gaeul,0.9327300190925598,Gaeul,[0.933],"[0.933, 0.548, 0.107, 0.041, 0.027, 0.019, 0.009]"
114.68,114.72,Gaeul,0.9310478568077087,Gaeul,[0.931],"[0.931, 0.546, 0.101, 0.045, 0.025, 0.019, 0.009]"
114.72,114.76,Gaeul,0.9288328289985657,Gaeul,[0.929],"[0.929, 0.543, 0.095, 0.048, 0.023, 0.019, 0.008]"
114.76,114.8,Gaeul,0.926142692565918,Gaeul,[0.926],"[0.926, 0.539, 0.088, 0.052, 0.022, 0.019, 0.007]"
114.8,114.84,Gaeul,0.9230394959449768,Gaeul,[0.923],"[0.923, 0.533, 0.082, 0.055, 0.020, 0.019, 0.006]"
114.84,114.88,Gaeul,0.9196110367774963,Gaeul,[0.920],"[0.920, 0.526, 0.076, 0.058, 0.019, 0.019, 0.006]"
114.88,114.92,Gaeul,0.9159548878669739,Gaeul,[0.916],"[0.916, 0.517, 0.070, 0.061, 0.017, 0.018, 0.005]"
114.92,114.96,Gaeul,0.9121952652931213,Gaeul,[0.912],"[0.912, 0.508, 0.065, 0.064, 0.016, 0.018, 0.005]"
114.96,115.0,Gaeul,0.9084964394569397,Gaeul,[0.908],"[0.908, 0.497, 0.060, 0.066, 0.015, 0.018, 0.004]"
115.0,115.04,Gaeul,0.9050084948539734,Gaeul,[0.905],"[0.905, 0.484, 0.055, 0.068, 0.013, 0.017, 0.004]"
115.04,115.08,Gaeul,0.9018908739089966,Gaeul,[0.902],"[0.902, 0.471, 0.050, 0.071, 0.012, 0.017, 0.003]"
115.08,115.12,Gaeul,0.8993052840232849,Gaeul,[0.899],"[0.899, 0.456, 0.046, 0.073, 0.011, 0.016, 0.003]"
115.12,115.16,Gaeul,0.8974044322967529,Gaeul,[0.897],"[0.897, 0.441, 0.042, 0.076, 0.010, 0.015, 0.003]"
115.16,115.2,Gaeul,0.8962878584861755,Gaeul,[0.896],"[0.896, 0.425, 0.038, 0.079, 0.009, 0.015, 0.002]"
115.2,115.24,Gaeul,0.8960069417953491,Gaeul,[0.896],"[0.896, 0.409, 0.035, 0.082, 0.008, 0.014, 0.002]"
115.24,115.28,Gaeul,0.8965803980827332,Gaeul,[0.897],"[0.897, 0.392, 0.032, 0.085, 0.008, 0.014, 0.002]"
115.28,115.32,Gaeul,0.8979798555374146,Gaeul,[0.898],"[0.898, 0.376, 0.029, 0.089, 0.007, 0.013, 0.002]"
115.32,115.36,Gaeul,0.9001199007034302,Gaeul,[0.900],"[0.900, 0.361, 0.027, 0.094, 0.006, 0.012, 0.002]"
115.36,115.4,Gaeul,0.9028798341751099,Gaeul,[0.903],"[0.903, 0.346, 0.025, 0.100, 0.006, 0.012, 0.001]"
115.4,115.44,Gaeul,0.9061048626899719,Gaeul,[0.906],"[0.906, 0.333, 0.023, 0.107, 0.005, 0.011, 0.001]"
115.44,115.48,Gaeul,0.9096188545227051,Gaeul,[0.910],"[0.910, 0.321, 0.021, 0.114, 0.005, 0.011, 0.001]"
115.48,115.52,Gaeul,0.9132811427116394,Gaeul,[0.913],"[0.913, 0.310, 0.019, 0.123, 0.005, 0.010, 0.001]"
115.52,115.56,Gaeul,0.9169771671295166,Gaeul,[0.917],"[0.917, 0.300, 0.018, 0.133, 0.004, 0.010, 0.001]"
115.56,115.6,Gaeul,0.9206095337867737,Gaeul,[0.921],"[0.921, 0.291, 0.017, 0.144, 0.004, 0.010, 0.001]"
115.6,115.64,Gaeul,0.924081027507782,Gaeul,[0.924],"[0.924, 0.283, 0.015, 0.157, 0.004, 0.009, 0.001]"
115.64,115.68,Gaeul,0.9273083209991455,Gaeul,[0.927],"[0.927, 0.277, 0.014, 0.171, 0.003, 0.009, 0.001]"
115.68,115.72,Gaeul,0.9302240610122681,Gaeul,[0.930],"[0.930, 0.271, 0.013, 0.187, 0.003, 0.009, 0.001]"
115.72,115.76,Gaeul,0.9327847361564636,Gaeul,[0.933],"[0.933, 0.266, 0.012, 0.205, 0.003, 0.009, 0.001]"
115.76,115.8,Gaeul,0.9349597096443176,Gaeul,[0.935],"[0.935, 0.262, 0.012, 0.225, 0.003, 0.009, 0.001]"
115.8,115.84,Gaeul,0.9367167949676514,Gaeul,[0.937],"[0.937, 0.258, 0.011, 0.247, 0.003, 0.009, 0.001]"
115.84,115.88,Gaeul,0.9380400776863098,Gaeul,[0.938],"[0.938, 0.256, 0.010, 0.270, 0.003, 0.009, 0.001]"
115.88,115.92,Gaeul,0.9389218091964722,Gaeul,[0.939],"[0.939, 0.254, 0.010, 0.294, 0.002, 0.009, 0.001]"
115.92,115.96,Gaeul,0.9393517971038818,Gaeul,[0.939],"[0.939, 0.253, 0.009, 0.320, 0.002, 0.009, 0.001]"
115.96,116.0,Gaeul,0.9393240213394165,Gaeul,[0.939],"[0.939, 0.253, 0.008, 0.346, 0.002, 0.009, 0.001]"
116.0,116.04,Gaeul,0.9388232231140137,Gaeul,[0.939],"[0.939, 0.253, 0.008, 0.373, 0.002, 0.010, 0.001]"
116.04,116.08,Gaeul,0.9378448128700256,Gaeul,[0.938],"[0.938, 0.253, 0.007, 0.399, 0.002, 0.010, 0.001]"
116.08,116.12,Gaeul,0.9363713264465332,Gaeul,[0.936],"[0.936, 0.255, 0.007, 0.425, 0.002, 0.010, 0.001]"
116.12,116.16,Gaeul,0.9343715906143188,Gaeul,[0.934],"[0.934, 0.256, 0.007, 0.450, 0.002, 0.011, 0.001]"
116.16,116.2,Gaeul,0.931807279586792,Gaeul,[0.932],"[0.932, 0.258, 0.006, 0.475, 0.002, 0.011, 0.001]"
116.2,116.24,Gaeul,0.9286391139030457,Gaeul,[0.929],"[0.929, 0.261, 0.006, 0.497, 0.002, 0.011, 0.001]"
116.24,116.28,Gaeul,0.9248104691505432,Gaeul,[0.925],"[0.925, 0.264, 0.006, 0.518, 0.002, 0.012, 0.001]"
116.28,116.32,Gaeul,0.9202409982681274,Gaeul,[0.920],"[0.920, 0.268, 0.006, 0.537, 0.002, 0.012, 0.001]"
116.32,116.36,Gaeul,0.9148275256156921,Gaeul,[0.915],"[0.915, 0.272, 0.006, 0.554, 0.002, 0.012, 0.001]"
116.36,116.4,Gaeul,0.9084530472755432,Gaeul,[0.908],"[0.908, 0.276, 0.005, 0.568, 0.002, 0.013, 0.001]"
116.4,116.44,Gaeul,0.9009975790977478,Gaeul,[0.901],"[0.901, 0.280, 0.005, 0.580, 0.002, 0.013, 0.001]"
116.44,116.48,Gaeul,0.8923302292823792,Gaeul,[0.892],"[0.892, 0.284, 0.005, 0.590, 0.002, 0.013, 0.001]"
116.48,116.52,Gaeul,0.8823198080062866,Gaeul,[0.882],"[0.882, 0.288, 0.005, 0.597, 0.002, 0.014, 0.001]"
116.52,116.56,Gaeul,0.8708696961402893,Gaeul,[0.871],"[0.871, 0.291, 0.006, 0.602, 0.002, 0.014, 0.001]"
116.56,116.6,Gaeul,0.8579318523406982,Gaeul,[0.858],"[0.858, 0.294, 0.006, 0.605, 0.002, 0.014, 0.001]"
116.6,116.64,Gaeul,0.8434852957725525,Gaeul,[0.843],"[0.843, 0.297, 0.006, 0.605, 0.002, 0.015, 0.001]"
116.64,116.68,Gaeul,0.8275529742240906,Gaeul,[0.828],"[0.828, 0.299, 0.006, 0.603, 0.002, 0.015, 0.001]"
116.68,116.72,Gaeul,0.8101659417152405,Gaeul,[0.810],"[0.810, 0.301, 0.006, 0.600, 0.002, 0.016, 0.002]"
116.72,116.76,Gaeul,0.7913510799407959,Gaeul,[0.791],"[0.791, 0.302, 0.006, 0.594, 0.002, 0.016, 0.002]"
116.76,116.8,Gaeul,0.7711801528930664,Gaeul,[0.771],"[0.771, 0.303, 0.006, 0.586, 0.002, 0.017, 0.002]"
116.8,116.84,Gaeul,0.7497344613075256,Gaeul,[0.750],"[0.750, 0.304, 0.007, 0.577, 0.002, 0.017, 0.002]"
116.84,116.88,Gaeul,0.7270895838737488,Gaeul,[0.727],"[0.727, 0.304, 0.007, 0.565, 0.002, 0.018, 0.002]"
116.88,116.92,Gaeul,0.7033798098564148,Gaeul,[0.703],"[0.703, 0.303, 0.007, 0.552, 0.002, 0.019, 0.002]"
116.92,116.96,Gaeul,0.6787269115447998,Gaeul,[0.679],"[0.679, 0.303, 0.007, 0.537, 0.002, 0.020, 0.002]"
116.96,117.0,Gaeul,0.6532366871833801,Gaeul,[0.653],"[0.653, 0.302, 0.008, 0.521, 0.002, 0.021, 0.003]"
117.0,117.04,Gaeul,0.6270539164543152,Gaeul,[0.627],"[0.627, 0.300, 0.008, 0.503, 0.002, 0.022, 0.003]"
117.04,117.08,Gaeul,0.6003047227859497,Gaeul,[0.600],"[0.600, 0.299, 0.008, 0.484, 0.002, 0.024, 0.003]"
117.08,117.12,Gaeul,0.5731115341186523,,[],"[0.573, 0.298, 0.009, 0.464, 0.003, 0.026, 0.003]"
117.12,117.16,Gaeul,0.5456768274307251,,[],"[0.546, 0.297, 0.009, 0.443, 0.003, 0.028, 0.003]"
117.16,117.2,Gaeul,0.5182583928108215,,[],"[0.518, 0.296, 0.010, 0.421, 0.003, 0.031, 0.003]"
117.2,117.24,Gaeul,0.4911387860774994,,[],"[0.491, 0.294, 0.010, 0.400, 0.003, 0.034, 0.003]"
117.24,117.28,Gaeul,0.4646161198616028,,[],"[0.465, 0.292, 0.011, 0.378, 0.003, 0.038, 0.003]"
117.28,117.32,Gaeul,0.4389721155166626,,[],"[0.439, 0.290, 0.012, 0.357, 0.003, 0.042, 0.003]"
117.32,117.36,Gaeul,0.4144792854785919,,[],"[0.414, 0.287, 0.012, 0.336, 0.004, 0.046, 0.003]"
117.36,117.4,Gaeul,0.3914066553115845,,[],"[0.391, 0.284, 0.013, 0.316, 0.004, 0.051, 0.003]"
117.4,117.44,Gaeul,0.3699587285518646,,[],"[0.370, 0.279, 0.014, 0.297, 0.004, 0.057, 0.003]"
117.44,117.48,Gaeul,0.35033315420150757,,[],"[0.350, 0.274, 0.016, 0.279, 0.004, 0.063, 0.003]"
117.48,117.52,Gaeul,0.3326408565044403,,[],"[0.333, 0.268, 0.017, 0.261, 0.004, 0.070, 0.003]"
117.52,117.56,Gaeul,0.31693944334983826,,[],"[0.317, 0.261, 0.019, 0.244, 0.004, 0.077, 0.003]"
117.56,117.6,Gaeul,0.3032457232475281,,[],"[0.303, 0.254, 0.021, 0.227, 0.005, 0.084, 0.003]"
117.6,117.64,Gaeul,0.29158538579940796,,[],"[0.292, 0.246, 0.023, 0.211, 0.005, 0.092, 0.003]"
117.64,117.68,Gaeul,0.2819790244102478,,[],"[0.282, 0.238, 0.026, 0.196, 0.005, 0.099, 0.003]"
117.68,117.72,Gaeul,0.2744612693786621,,[],"[0.274, 0.230, 0.029, 0.181, 0.005, 0.106, 0.003]"
117.72,117.76,Gaeul,0.2690103054046631,,[],"[0.269, 0.222, 0.033, 0.166, 0.005, 0.113, 0.004]"
117.76,117.8,Gaeul,0.2656400501728058,,[],"[0.266, 0.214, 0.037, 0.152, 0.006, 0.120, 0.004]"
117.8,117.84,Gaeul,0.26441511511802673,,[],"[0.264, 0.207, 0.043, 0.139, 0.006, 0.126, 0.004]"
117.84,117.88,Gaeul,0.265381395816803,,[],"[0.265, 0.199, 0.049, 0.127, 0.006, 0.132, 0.004]"
117.88,117.92,Gaeul,0.2686087191104889,,[],"[0.269, 0.192, 0.056, 0.115, 0.006, 0.137, 0.004]"
117.92,117.96,Gaeul,0.2742154896259308,,[],"[0.274, 0.186, 0.064, 0.104, 0.006, 0.141, 0.004]"
117.96,118.0,Gaeul,0.2823161482810974,,[],"[0.282, 0.180, 0.073, 0.094, 0.006, 0.144, 0.005]"
118.0,118.04,Gaeul,0.2930324971675873,,[],"[0.293, 0.174, 0.083, 0.085, 0.006, 0.146, 0.005]"
118.04,118.08,Gaeul,0.3064619302749634,,[],"[0.306, 0.169, 0.095, 0.076, 0.006, 0.147, 0.005]"
118.08,118.12,Gaeul,0.32273101806640625,,[],"[0.323, 0.164, 0.107, 0.068, 0.007, 0.147, 0.005]"
118.12,118.16,Gaeul,0.34194815158843994,,[],"[0.342, 0.160, 0.120, 0.061, 0.007, 0.146, 0.006]"
118.16,118.2,Gaeul,0.3641679883003235,,[],"[0.364, 0.156, 0.133, 0.054, 0.007, 0.145, 0.006]"
118.2,118.24,Gaeul,0.3893710970878601,,[],"[0.389, 0.152, 0.147, 0.048, 0.007, 0.143, 0.006]"
118.24,118.28,Gaeul,0.41739422082901,,[],"[0.417, 0.148, 0.161, 0.043, 0.007, 0.140, 0.006]"
118.28,118.32,Gaeul,0.4478977918624878,,[],"[0.448, 0.145, 0.175, 0.038, 0.007, 0.136, 0.006]"
118.32,118.36,Gaeul,0.4803711473941803,,[],"[0.480, 0.142, 0.189, 0.035, 0.007, 0.133, 0.006]"
118.36,118.4,Gaeul,0.5141854286193848,,[],"[0.514, 0.139, 0.202, 0.031, 0.007, 0.129, 0.006]"
118.4,118.44,Gaeul,0.5485791563987732,,[],"[0.549, 0.137, 0.214, 0.029, 0.008, 0.125, 0.006]"
118.44,118.48,Gaeul,0.5827745199203491,,[],"[0.583, 0.134, 0.224, 0.026, 0.008, 0.122, 0.006]"
118.48,118.52,Gaeul,0.6160916686058044,,[],"[0.616, 0.132, 0.234, 0.025, 0.008, 0.118, 0.006]"
118.52,118.56,Gaeul,0.6479616165161133,Gaeul,[0.648],"[0.648, 0.130, 0.242, 0.023, 0.009, 0.114, 0.006]"
118.56,118.6,Gaeul,0.6778393983840942,Gaeul,[0.678],"[0.678, 0.127, 0.249, 0.022, 0.009, 0.111, 0.006]"
118.6,118.64,Gaeul,0.7053115963935852,Gaeul,[0.705],"[0.705, 0.125, 0.254, 0.021, 0.009, 0.108, 0.005]"
118.64,118.68,Gaeul,0.7300756573677063,Gaeul,[0.730],"[0.730, 0.123, 0.257, 0.021, 0.010, 0.104, 0.005]"
118.68,118.72,Gaeul,0.7519774436950684,Gaeul,[0.752],"[0.752, 0.121, 0.258, 0.020, 0.010, 0.101, 0.005]"
118.72,118.76,Gaeul,0.7710151672363281,Gaeul,[0.771],"[0.771, 0.118, 0.257, 0.020, 0.011, 0.099, 0.005]"
118.76,118.8,Gaeul,0.7872627973556519,Gaeul,[0.787],"[0.787, 0.116, 0.254, 0.021, 0.011, 0.096, 0.004]"
118.8,118.84,Gaeul,0.8008927702903748,Gaeul,[0.801],"[0.801, 0.113, 0.249, 0.021, 0.012, 0.094, 0.004]"
118.84,118.88,Gaeul,0.8121094107627869,Gaeul,[0.812],"[0.812, 0.111, 0.243, 0.022, 0.013, 0.091, 0.004]"
118.88,118.92,Gaeul,0.8211131691932678,Gaeul,[0.821],"[0.821, 0.108, 0.234, 0.023, 0.014, 0.089, 0.004]"
118.92,118.96,Gaeul,0.8281028270721436,Gaeul,[0.828],"[0.828, 0.106, 0.225, 0.025, 0.014, 0.087, 0.004]"
118.96,119.0,Gaeul,0.833259642124176,Gaeul,[0.833],"[0.833, 0.103, 0.214, 0.026, 0.015, 0.085, 0.003]"
119.0,119.04,Gaeul,0.8367573022842407,Gaeul,[0.837],"[0.837, 0.100, 0.202, 0.028, 0.016, 0.084, 0.003]"
119.04,119.08,Gaeul,0.8387337327003479,Gaeul,[0.839],"[0.839, 0.098, 0.189, 0.031, 0.017, 0.082, 0.003]"
119.08,119.12,Gaeul,0.839293360710144,Gaeul,[0.839],"[0.839, 0.096, 0.175, 0.034, 0.018, 0.080, 0.003]"
119.12,119.16,Gaeul,0.8385156393051147,Gaeul,[0.839],"[0.839, 0.094, 0.161, 0.037, 0.019, 0.078, 0.003]"
119.16,119.2,Gaeul,0.8364866971969604,Gaeul,[0.836],"[0.836, 0.093, 0.147, 0.041, 0.020, 0.077, 0.003]"
119.2,119.24,Gaeul,0.8332970142364502,Gaeul,[0.833],"[0.833, 0.092, 0.133, 0.045, 0.021, 0.075, 0.003]"
119.24,119.28,Gaeul,0.8290432095527649,Gaeul,[0.829],"[0.829, 0.092, 0.120, 0.049, 0.022, 0.074, 0.004]"
119.28,119.32,Gaeul,0.8238376379013062,Gaeul,[0.824],"[0.824, 0.092, 0.107, 0.054, 0.023, 0.072, 0.004]"
119.32,119.36,Gaeul,0.8177919387817383,Gaeul,[0.818],"[0.818, 0.093, 0.095, 0.059, 0.024, 0.070, 0.004]"
119.36,119.4,Gaeul,0.8110094666481018,Gaeul,[0.811],"[0.811, 0.095, 0.083, 0.064, 0.025, 0.068, 0.004]"
119.4,119.44,Gaeul,0.803627073764801,Gaeul,[0.804],"[0.804, 0.097, 0.073, 0.069, 0.026, 0.066, 0.004]"
119.44,119.48,Gaeul,0.7958038449287415,Gaeul,[0.796],"[0.796, 0.100, 0.063, 0.074, 0.027, 0.064, 0.005]"
119.48,119.52,Gaeul,0.7877424359321594,Gaeul,[0.788],"[0.788, 0.104, 0.055, 0.078, 0.029, 0.062, 0.005]"
119.52,119.56,Gaeul,0.7796614170074463,Gaeul,[0.780],"[0.780, 0.109, 0.047, 0.083, 0.030, 0.060, 0.005]"
119.56,119.6,Gaeul,0.771812379360199,Gaeul,[0.772],"[0.772, 0.115, 0.040, 0.087, 0.031, 0.058, 0.006]"
119.6,119.64,Gaeul,0.7644528150558472,Gaeul,[0.764],"[0.764, 0.122, 0.034, 0.090, 0.032, 0.055, 0.006]"
119.64,119.68,Gaeul,0.7578202486038208,Gaeul,[0.758],"[0.758, 0.130, 0.029, 0.093, 0.033, 0.053, 0.006]"
119.68,119.72,Gaeul,0.7521528005599976,Gaeul,[0.752],"[0.752, 0.140, 0.025, 0.095, 0.034, 0.050, 0.007]"
119.72,119.76,Gaeul,0.7476992607116699,Gaeul,[0.748],"[0.748, 0.150, 0.021, 0.096, 0.035, 0.047, 0.007]"
119.76,119.8,Gaeul,0.7446445226669312,Gaeul,[0.745],"[0.745, 0.161, 0.018, 0.096, 0.036, 0.045, 0.008]"
119.8,119.84,Gaeul,0.7431027889251709,Gaeul,[0.743],"[0.743, 0.173, 0.015, 0.096, 0.037, 0.042, 0.008]"
119.84,119.88,Gaeul,0.7431533932685852,Gaeul,[0.743],"[0.743, 0.185, 0.013, 0.095, 0.038, 0.039, 0.009]"
119.88,119.92,Gaeul,0.7448306679725647,Gaeul,[0.745],"[0.745, 0.198, 0.012, 0.094, 0.038, 0.037, 0.009]"
119.92,119.96,Gaeul,0.7481503486633301,Gaeul,[0.748],"[0.748, 0.210, 0.010, 0.092, 0.039, 0.034, 0.010]"
119.96,120.0,Gaeul,0.7531104683876038,Gaeul,[0.753],"[0.753, 0.223, 0.009, 0.090, 0.040, 0.032, 0.010]"
120.0,120.04,Gaeul,0.7596242427825928,Gaeul,[0.760],"[0.760, 0.235, 0.008, 0.087, 0.040, 0.030, 0.010]"
120.04,120.08,Gaeul,0.7675827145576477,Gaeul,[0.768],"[0.768, 0.247, 0.007, 0.084, 0.040, 0.028, 0.011]"
120.08,120.12,Gaeul,0.7768537998199463,Gaeul,[0.777],"[0.777, 0.258, 0.007, 0.081, 0.040, 0.026, 0.011]"
120.12,120.16,Gaeul,0.7872602939605713,Gaeul,[0.787],"[0.787, 0.268, 0.006, 0.078, 0.040, 0.024, 0.011]"
120.16,120.2,Gaeul,0.7985815405845642,Gaeul,[0.799],"[0.799, 0.277, 0.006, 0.076, 0.040, 0.023, 0.011]"
120.2,120.24,Gaeul,0.8105680346488953,Gaeul,[0.811],"[0.811, 0.285, 0.006, 0.073, 0.039, 0.021, 0.011]"
120.24,120.28,Gaeul,0.8230034708976746,Gaeul,[0.823],"[0.823, 0.292, 0.005, 0.071, 0.038, 0.020, 0.011]"
120.28,120.32,Gaeul,0.8357049822807312,Gaeul,[0.836],"[0.836, 0.298, 0.005, 0.068, 0.036, 0.019, 0.011]"
120.32,120.36,Gaeul,0.848484456539154,Gaeul,[0.848],"[0.848, 0.303, 0.005, 0.066, 0.035, 0.018, 0.011]"
120.36,120.4,Gaeul,0.8611472845077515,Gaeul,[0.861],"[0.861, 0.307, 0.005, 0.063, 0.033, 0.018, 0.011]"
120.4,120.44,Gaeul,0.873511791229248,Gaeul,[0.874],"[0.874, 0.311, 0.005, 0.060, 0.031, 0.017, 0.011]"
120.44,120.48,Gaeul,0.8853694200515747,Gaeul,[0.885],"[0.885, 0.315, 0.005, 0.058, 0.029, 0.016, 0.010]"
120.48,120.52,Gaeul,0.8965199589729309,Gaeul,[0.897],"[0.897, 0.318, 0.005, 0.055, 0.027, 0.016, 0.010]"
120.52,120.56,Gaeul,0.9068084359169006,Gaeul,[0.907],"[0.907, 0.321, 0.005, 0.052, 0.025, 0.016, 0.010]"
120.56,120.6,Gaeul,0.9161557555198669,Gaeul,[0.916],"[0.916, 0.325, 0.005, 0.050, 0.023, 0.016, 0.010]"
120.6,120.64,Gaeul,0.9245275259017944,Gaeul,[0.925],"[0.925, 0.329, 0.004, 0.047, 0.021, 0.016, 0.010]"
120.64,120.68,Gaeul,0.9319277405738831,Gaeul,[0.932],"[0.932, 0.334, 0.004, 0.044, 0.019, 0.016, 0.010]"
120.68,120.72,Gaeul,0.9383927583694458,Gaeul,[0.938],"[0.938, 0.340, 0.004, 0.042, 0.017, 0.016, 0.010]"
120.72,120.76,Gaeul,0.9439741373062134,Gaeul,[0.944],"[0.944, 0.347, 0.004, 0.039, 0.015, 0.017, 0.010]"
120.76,120.8,Gaeul,0.9487443566322327,Gaeul,[0.949],"[0.949, 0.355, 0.004, 0.037, 0.014, 0.017, 0.010]"
120.8,120.84,Gaeul,0.9527748227119446,Gaeul,[0.953],"[0.953, 0.364, 0.004, 0.034, 0.012, 0.018, 0.010]"
120.84,120.88,Gaeul,0.9561287760734558,Gaeul,[0.956],"[0.956, 0.374, 0.004, 0.032, 0.011, 0.019, 0.010]"
120.88,120.92,Gaeul,0.9588721990585327,Gaeul,[0.959],"[0.959, 0.385, 0.004, 0.030, 0.010, 0.020, 0.010]"
120.92,120.96,Gaeul,0.961063802242279,Gaeul,[0.961],"[0.961, 0.397, 0.004, 0.028, 0.009, 0.021, 0.010]"
120.96,121.0,Gaeul,0.962753176689148,Gaeul,[0.963],"[0.963, 0.409, 0.004, 0.026, 0.008, 0.023, 0.010]"
121.0,121.04,Gaeul,0.9639843106269836,Gaeul,[0.964],"[0.964, 0.422, 0.004, 0.024, 0.007, 0.024, 0.010]"
121.04,121.08,Gaeul,0.9647994637489319,Gaeul,[0.965],"[0.965, 0.434, 0.003, 0.022, 0.006, 0.026, 0.010]"
121.08,121.12,Gaeul,0.9652330875396729,Gaeul,[0.965],"[0.965, 0.445, 0.003, 0.021, 0.006, 0.028, 0.010]"
121.12,121.16,Gaeul,0.9653127193450928,Gaeul,[0.965],"[0.965, 0.455, 0.003, 0.020, 0.005, 0.030, 0.010]"
121.16,121.2,Gaeul,0.9650559425354004,Gaeul,[0.965],"[0.965, 0.464, 0.003, 0.018, 0.005, 0.033, 0.011]"
121.2,121.24,Gaeul,0.9644699096679688,Gaeul,[0.964],"[0.964, 0.470, 0.003, 0.017, 0.005, 0.035, 0.011]"
121.24,121.28,Gaeul,0.9635472893714905,Gaeul,[0.964],"[0.964, 0.475, 0.003, 0.016, 0.004, 0.038, 0.011]"
121.28,121.32,Gaeul,0.9622704386711121,Gaeul,[0.962],"[0.962, 0.476, 0.003, 0.015, 0.004, 0.041, 0.011]"
121.32,121.36,Gaeul,0.9606112837791443,Gaeul,[0.961],"[0.961, 0.476, 0.004, 0.015, 0.004, 0.044, 0.012]"
121.36,121.4,Gaeul,0.9585387706756592,Gaeul,[0.959],"[0.959, 0.473, 0.004, 0.014, 0.004, 0.047, 0.012]"
121.4,121.44,Gaeul,0.9560199975967407,Gaeul,[0.956],"[0.956, 0.467, 0.004, 0.013, 0.004, 0.050, 0.012]"
121.44,121.48,Gaeul,0.9530124664306641,Gaeul,[0.953],"[0.953, 0.458, 0.004, 0.013, 0.004, 0.053, 0.012]"
121.48,121.52,Gaeul,0.9494614601135254,Gaeul,[0.949],"[0.949, 0.447, 0.005, 0.013, 0.003, 0.056, 0.013]"
121.52,121.56,Gaeul,0.9453021883964539,Gaeul,[0.945],"[0.945, 0.434, 0.005, 0.012, 0.003, 0.059, 0.013]"
121.56,121.6,Gaeul,0.9404582977294922,Gaeul,[0.940],"[0.940, 0.419, 0.006, 0.012, 0.003, 0.062, 0.013]"
121.6,121.64,Gaeul,0.93485027551651,Gaeul,[0.935],"[0.935, 0.402, 0.006, 0.012, 0.003, 0.065, 0.014]"
121.64,121.68,Gaeul,0.9283862709999084,Gaeul,[0.928],"[0.928, 0.383, 0.007, 0.012, 0.003, 0.067, 0.014]"
121.68,121.72,Gaeul,0.920951247215271,Gaeul,[0.921],"[0.921, 0.364, 0.009, 0.012, 0.003, 0.069, 0.014]"
121.72,121.76,Gaeul,0.9124255776405334,Gaeul,[0.912],"[0.912, 0.344, 0.010, 0.012, 0.004, 0.070, 0.014]"
121.76,121.8,Gaeul,0.902682900428772,Gaeul,[0.903],"[0.903, 0.324, 0.012, 0.012, 0.004, 0.072, 0.014]"
121.8,121.84,Gaeul,0.8915860056877136,Gaeul,[0.892],"[0.892, 0.304, 0.014, 0.013, 0.004, 0.073, 0.014]"
121.84,121.88,Gaeul,0.8789786100387573,Gaeul,[0.879],"[0.879, 0.286, 0.017, 0.013, 0.004, 0.073, 0.015]"
121.88,121.92,Gaeul,0.8646915555000305,Gaeul,[0.865],"[0.865, 0.269, 0.020, 0.013, 0.004, 0.073, 0.014]"
121.92,121.96,Gaeul,0.8485255241394043,Gaeul,[0.849],"[0.849, 0.253, 0.023, 0.014, 0.004, 0.072, 0.014]"
121.96,122.0,Gaeul,0.8302621245384216,Gaeul,[0.830],"[0.830, 0.239, 0.027, 0.014, 0.004, 0.071, 0.014]"
122.0,122.04,Gaeul,0.8097087740898132,Gaeul,[0.810],"[0.810, 0.227, 0.032, 0.015, 0.004, 0.069, 0.014]"
122.04,122.08,Gaeul,0.7867010235786438,Gaeul,[0.787],"[0.787, 0.217, 0.037, 0.016, 0.004, 0.066, 0.014]"
122.08,122.12,Gaeul,0.7611262202262878,Gaeul,[0.761],"[0.761, 0.209, 0.042, 0.017, 0.004, 0.064, 0.013]"
122.12,122.16,Gaeul,0.7329559922218323,Gaeul,[0.733],"[0.733, 0.204, 0.048, 0.017, 0.004, 0.061, 0.013]"
122.16,122.2,Gaeul,0.7022417187690735,Gaeul,[0.702],"[0.702, 0.200, 0.053, 0.018, 0.005, 0.057, 0.012]"
122.2,122.24,Gaeul,0.6691194176673889,Gaeul,[0.669],"[0.669, 0.198, 0.059, 0.019, 0.005, 0.054, 0.012]"
122.24,122.28,Gaeul,0.6338157057762146,Gaeul,[0.634],"[0.634, 0.198, 0.064, 0.020, 0.005, 0.051, 0.011]"
122.28,122.32,Gaeul,0.5966203808784485,Gaeul,[0.597],"[0.597, 0.199, 0.068, 0.021, 0.005, 0.047, 0.011]"
122.32,122.36,Gaeul,0.5579618215560913,,[],"[0.558, 0.203, 0.072, 0.022, 0.005, 0.044, 0.010]"
122.36,122.4,Gaeul,0.5183553099632263,,[],"[0.518, 0.207, 0.075, 0.023, 0.005, 0.041, 0.009]"
122.4,122.44,Gaeul,0.47842147946357727,,[],"[0.478, 0.213, 0.078, 0.025, 0.005, 0.038, 0.009]"
122.44,122.48,Gaeul,0.43889909982681274,,[],"[0.439, 0.220, 0.080, 0.026, 0.005, 0.035, 0.008]"
122.48,122.52,Gaeul,0.4005148112773895,,[],"[0.401, 0.229, 0.081, 0.027, 0.005, 0.033, 0.008]"
122.52,122.56,Gaeul,0.3639566898345947,,[],"[0.364, 0.237, 0.081, 0.029, 0.006, 0.031, 0.007]"
122.56,122.6,Gaeul,0.3298322260379791,,[],"[0.330, 0.246, 0.081, 0.031, 0.006, 0.029, 0.007]"
122.6,122.64,Gaeul,0.29865562915802,,[],"[0.299, 0.255, 0.080, 0.033, 0.006, 0.027, 0.006]"
122.64,122.68,Gaeul,0.2707655131816864,,[],"[0.271, 0.263, 0.079, 0.036, 0.006, 0.026, 0.006]"
122.68,122.72,Yujin,0.26996049284935,,[],"[0.246, 0.270, 0.077, 0.039, 0.006, 0.025, 0.005]"
122.72,122.76,Yujin,0.27616798877716064,,[],"[0.225, 0.276, 0.075, 0.042, 0.006, 0.024, 0.005]"
122.76,122.8,Yujin,0.28094589710235596,,[],"[0.207, 0.281, 0.072, 0.046, 0.006, 0.023, 0.004]"
122.8,122.84,Yujin,0.2840050160884857,,[],"[0.193, 0.284, 0.070, 0.050, 0.006, 0.022, 0.004]"
122.84,122.88,Yujin,0.28514784574508667,,[],"[0.181, 0.285, 0.067, 0.055, 0.007, 0.022, 0.004]"
122.88,122.92,Yujin,0.2842711806297302,,[],"[0.171, 0.284, 0.064, 0.061, 0.007, 0.021, 0.004]"
122.92,122.96,Yujin,0.2813504636287689,,[],"[0.164, 0.281, 0.061, 0.067, 0.007, 0.021, 0.003]"
122.96,123.0,Yujin,0.2764109671115875,,[],"[0.159, 0.276, 0.059, 0.075, 0.007, 0.021, 0.003]"
123.0,123.04,Yujin,0.26952704787254333,,[],"[0.156, 0.270, 0.056, 0.083, 0.008, 0.021, 0.003]"
123.04,123.08,Yujin,0.2608226239681244,,[],"[0.155, 0.261, 0.054, 0.092, 0.008, 0.021, 0.003]"
123.08,123.12,Yujin,0.25047844648361206,,[],"[0.156, 0.250, 0.052, 0.103, 0.008, 0.022, 0.003]"
123.12,123.16,Yujin,0.23870661854743958,,[],"[0.159, 0.239, 0.050, 0.114, 0.009, 0.023, 0.003]"
123.16,123.2,Yujin,0.22575728595256805,,[],"[0.163, 0.226, 0.048, 0.125, 0.010, 0.023, 0.002]"
123.2,123.24,Yujin,0.21190674602985382,,[],"[0.169, 0.212, 0.046, 0.138, 0.010, 0.025, 0.002]"
123.24,123.28,Yujin,0.19744755327701569,,[],"[0.176, 0.197, 0.044, 0.151, 0.011, 0.026, 0.002]"
123.28,123.32,Gaeul,0.1853116899728775,,[],"[0.185, 0.183, 0.042, 0.165, 0.012, 0.028, 0.002]"
123.32,123.36,Gaeul,0.19642409682273865,,[],"[0.196, 0.168, 0.041, 0.179, 0.013, 0.030, 0.002]"
123.36,123.4,Gaeul,0.20946919918060303,,[],"[0.209, 0.154, 0.039, 0.193, 0.014, 0.032, 0.002]"
123.4,123.44,Gaeul,0.22448237240314484,,[],"[0.224, 0.140, 0.037, 0.207, 0.015, 0.035, 0.002]"
123.44,123.48,Gaeul,0.2414592206478119,,[],"[0.241, 0.127, 0.036, 0.220, 0.016, 0.039, 0.002]"
123.48,123.52,Gaeul,0.26033076643943787,,[],"[0.260, 0.116, 0.034, 0.233, 0.017, 0.043, 0.002]"
123.52,123.56,Gaeul,0.28098511695861816,,[],"[0.281, 0.105, 0.033, 0.245, 0.019, 0.047, 0.002]"
123.56,123.6,Gaeul,0.30321693420410156,,[],"[0.303, 0.096, 0.031, 0.255, 0.020, 0.053, 0.002]"
123.6,123.64,Gaeul,0.3267461061477661,,[],"[0.327, 0.088, 0.030, 0.264, 0.022, 0.059, 0.002]"
123.64,123.68,Gaeul,0.3512426018714905,,[],"[0.351, 0.081, 0.028, 0.272, 0.024, 0.065, 0.002]"
123.68,123.72,Gaeul,0.3763558268547058,,[],"[0.376, 0.075, 0.027, 0.277, 0.026, 0.073, 0.001]"
123.72,123.76,Gaeul,0.4016875922679901,,[],"[0.402, 0.070, 0.026, 0.281, 0.028, 0.081, 0.001]"
123.76,123.8,Gaeul,0.42683905363082886,,[],"[0.427, 0.066, 0.024, 0.283, 0.030, 0.090, 0.001]"
123.8,123.84,Gaeul,0.45140504837036133,,[],"[0.451, 0.063, 0.023, 0.283, 0.032, 0.099, 0.001]"
123.84,123.88,Gaeul,0.47507724165916443,,[],"[0.475, 0.060, 0.022, 0.281, 0.034, 0.109, 0.001]"
123.88,123.92,Gaeul,0.49760302901268005,,[],"[0.498, 0.058, 0.021, 0.277, 0.037, 0.120, 0.001]"
123.92,123.96,Gaeul,0.518741250038147,,[],"[0.519, 0.057, 0.020, 0.272, 0.039, 0.132, 0.001]"
123.96,124.0,Gaeul,0.538297712802887,,[],"[0.538, 0.057, 0.019, 0.265, 0.042, 0.144, 0.001]"
124.0,124.04,Gaeul,0.5561167001724243,,[],"[0.556, 0.057, 0.018, 0.257, 0.044, 0.156, 0.001]"
124.04,124.08,Gaeul,0.5720093846321106,,[],"[0.572, 0.058, 0.017, 0.248, 0.046, 0.169, 0.001]"
124.08,124.12,Gaeul,0.5858122706413269,,[],"[0.586, 0.060, 0.016, 0.239, 0.048, 0.182, 0.001]"
124.12,124.16,Gaeul,0.5974194407463074,,[],"[0.597, 0.062, 0.015, 0.229, 0.050, 0.194, 0.001]"
124.16,124.2,Gaeul,0.6068567037582397,,[],"[0.607, 0.064, 0.015, 0.219, 0.052, 0.206, 0.001]"
124.2,124.24,Gaeul,0.6142392754554749,,[],"[0.614, 0.067, 0.014, 0.210, 0.053, 0.217, 0.002]"
124.24,124.28,Gaeul,0.6197022199630737,,[],"[0.620, 0.071, 0.014, 0.201, 0.054, 0.227, 0.002]"
124.28,124.32,Gaeul,0.6233413815498352,Gaeul,[0.623],"[0.623, 0.075, 0.013, 0.192, 0.055, 0.235, 0.002]"
124.32,124.36,Gaeul,0.6252720355987549,Gaeul,[0.625],"[0.625, 0.079, 0.013, 0.184, 0.055, 0.243, 0.002]"
124.36,124.4,Gaeul,0.6256815791130066,Gaeul,[0.626],"[0.626, 0.084, 0.012, 0.176, 0.054, 0.249, 0.002]"
124.4,124.44,Gaeul,0.6247079968452454,Gaeul,[0.625],"[0.625, 0.089, 0.012, 0.170, 0.052, 0.253, 0.002]"
124.44,124.48,Gaeul,0.6224515438079834,Gaeul,[0.622],"[0.622, 0.093, 0.012, 0.164, 0.050, 0.255, 0.002]"
124.48,124.52,Gaeul,0.6189529299736023,Gaeul,[0.619],"[0.619, 0.097, 0.011, 0.158, 0.047, 0.256, 0.003]"
124.52,124.56,Gaeul,0.6142659783363342,Gaeul,[0.614],"[0.614, 0.101, 0.011, 0.153, 0.043, 0.255, 0.003]"
124.56,124.6,Gaeul,0.6084697842597961,Gaeul,[0.608],"[0.608, 0.104, 0.011, 0.149, 0.040, 0.253, 0.003]"
124.6,124.64,Gaeul,0.6016181707382202,Gaeul,[0.602],"[0.602, 0.107, 0.011, 0.145, 0.036, 0.250, 0.004]"
124.64,124.68,Gaeul,0.5938090085983276,Gaeul,[0.594],"[0.594, 0.109, 0.011, 0.141, 0.032, 0.245, 0.005]"
124.68,124.72,Gaeul,0.5850766897201538,Gaeul,[0.585],"[0.585, 0.109, 0.011, 0.138, 0.028, 0.240, 0.005]"
124.72,124.76,Gaeul,0.5753069519996643,,[],"[0.575, 0.109, 0.011, 0.135, 0.024, 0.234, 0.007]"
124.76,124.8,Gaeul,0.5642571449279785,,[],"[0.564, 0.108, 0.011, 0.133, 0.021, 0.228, 0.008]"
124.8,124.84,Gaeul,0.5516155958175659,,[],"[0.552, 0.106, 0.011, 0.132, 0.018, 0.221, 0.010]"
124.84,124.88,Gaeul,0.5371918082237244,,[],"[0.537, 0.103, 0.011, 0.131, 0.015, 0.214, 0.012]"
124.88,124.92,Gaeul,0.5208376049995422,,[],"[0.521, 0.099, 0.011, 0.131, 0.013, 0.208, 0.014]"
124.92,124.96,Gaeul,0.5022929310798645,,[],"[0.502, 0.094, 0.011, 0.131, 0.011, 0.202, 0.017]"
124.96,125.0,Gaeul,0.48133978247642517,,[],"[0.481, 0.089, 0.011, 0.133, 0.009, 0.197, 0.021]"
125.0,125.04,Gaeul,0.45779934525489807,,[],"[0.458, 0.082, 0.010, 0.136, 0.008, 0.192, 0.026]"
125.04,125.08,Gaeul,0.4314509332180023,,[],"[0.431, 0.076, 0.010, 0.139, 0.007, 0.188, 0.032]"
125.08,125.12,Gaeul,0.40215298533439636,,[],"[0.402, 0.069, 0.010, 0.144, 0.006, 0.184, 0.039]"
125.12,125.16,Gaeul,0.3699713945388794,,[],"[0.370, 0.062, 0.009, 0.149, 0.005, 0.182, 0.046]"
125.16,125.2,Gaeul,0.3352605998516083,,[],"[0.335, 0.056, 0.009, 0.156, 0.004, 0.180, 0.055]"
125.2,125.24,Gaeul,0.298659086227417,,[],"[0.299, 0.050, 0.008, 0.163, 0.004, 0.178, 0.065]"
125.24,125.28,Gaeul,0.2610294818878174,,[],"[0.261, 0.045, 0.008, 0.171, 0.003, 0.178, 0.076]"
125.28,125.32,Gaeul,0.22341595590114594,,[],"[0.223, 0.040, 0.007, 0.179, 0.003, 0.178, 0.087]"
125.32,125.36,Wonyoung,0.18743352591991425,,[],"[0.187, 0.035, 0.007, 0.187, 0.003, 0.180, 0.098]"
125.36,125.4,Wonyoung,0.195953831076622,,[],"[0.153, 0.031, 0.007, 0.196, 0.003, 0.183, 0.108]"
125.4,125.44,Wonyoung,0.20429790019989014,,[],"[0.122, 0.028, 0.006, 0.204, 0.003, 0.187, 0.118]"
125.44,125.48,Wonyoung,0.21230824291706085,,[],"[0.095, 0.025, 0.006, 0.212, 0.002, 0.193, 0.125]"
125.48,125.52,Wonyoung,0.219833105802536,,[],"[0.073, 0.022, 0.005, 0.220, 0.002, 0.200, 0.131]"
125.52,125.56,Wonyoung,0.2266952097415924,,[],"[0.054, 0.019, 0.005, 0.227, 0.002, 0.208, 0.135]"
125.56,125.6,Wonyoung,0.232719287276268,,[],"[0.040, 0.017, 0.005, 0.233, 0.003, 0.218, 0.136]"
125.6,125.64,Wonyoung,0.23773832619190216,,[],"[0.029, 0.015, 0.004, 0.238, 0.003, 0.230, 0.135]"
125.64,125.68,Leeseo,0.2439451962709427,,[],"[0.021, 0.014, 0.004, 0.242, 0.003, 0.244, 0.131]"
125.68,125.72,Leeseo,0.25980696082115173,,[],"[0.015, 0.012, 0.004, 0.244, 0.003, 0.260, 0.126]"
125.72,125.76,Leeseo,0.27781349420547485,,[],"[0.011, 0.011, 0.003, 0.245, 0.003, 0.278, 0.119]"
125.76,125.8,Leeseo,0.2979975640773773,,[],"[0.008, 0.010, 0.003, 0.245, 0.004, 0.298, 0.110]"
125.8,125.84,Leeseo,0.3203495144844055,,[],"[0.006, 0.009, 0.003, 0.243, 0.004, 0.320, 0.101]"
125.84,125.88,Leeseo,0.3448403775691986,,[],"[0.004, 0.008, 0.003, 0.240, 0.005, 0.345, 0.092]"
125.88,125.92,Leeseo,0.3714088797569275,,[],"[0.003, 0.007, 0.003, 0.236, 0.006, 0.371, 0.082]"
125.92,125.96,Leeseo,0.39992204308509827,,[],"[0.002, 0.006, 0.003, 0.231, 0.007, 0.400, 0.073]"
125.96,126.0,Leeseo,0.43024173378944397,,[],"[0.002, 0.006, 0.002, 0.224, 0.008, 0.430, 0.065]"
126.0,126.04,Leeseo,0.4622068703174591,,[],"[0.001, 0.005, 0.002, 0.217, 0.009, 0.462, 0.057]"
126.04,126.08,Leeseo,0.49562302231788635,,[],"[0.001, 0.005, 0.002, 0.209, 0.010, 0.496, 0.050]"
126.08,126.12,Leeseo,0.5303043127059937,,[],"[0.001, 0.004, 0.002, 0.201, 0.012, 0.530, 0.043]"
126.12,126.16,Leeseo,0.5659425258636475,,[],"[0.001, 0.004, 0.002, 0.192, 0.014, 0.566, 0.038]"
126.16,126.2,Leeseo,0.6021102070808411,,[],"[0.000, 0.004, 0.002, 0.182, 0.016, 0.602, 0.033]"
126.2,126.24,Leeseo,0.638324499130249,Leeseo,[0.638],"[0.000, 0.003, 0.002, 0.173, 0.018, 0.638, 0.029]"
126.24,126.28,Leeseo,0.6739968061447144,Leeseo,[0.674],"[0.000, 0.003, 0.002, 0.164, 0.020, 0.674, 0.026]"
126.28,126.32,Leeseo,0.7085928320884705,Leeseo,[0.709],"[0.000, 0.003, 0.002, 0.156, 0.022, 0.709, 0.023]"
126.32,126.36,Leeseo,0.7416715025901794,Leeseo,[0.742],"[0.000, 0.002, 0.002, 0.147, 0.024, 0.742, 0.020]"
126.36,126.4,Leeseo,0.7728609442710876,Leeseo,[0.773],"[0.000, 0.002, 0.002, 0.140, 0.026, 0.773, 0.018]"
126.4,126.44,Leeseo,0.8018659353256226,Leeseo,[0.802],"[0.000, 0.002, 0.002, 0.133, 0.027, 0.802, 0.017]"
126.44,126.48,Leeseo,0.8284946084022522,Leeseo,[0.828],"[0.000, 0.002, 0.002, 0.127, 0.029, 0.828, 0.015]"
126.48,126.52,Leeseo,0.8526578545570374,Leeseo,[0.853],"[0.000, 0.002, 0.002, 0.121, 0.030, 0.853, 0.014]"
126.52,126.56,Leeseo,0.8743385672569275,Leeseo,[0.874],"[0.000, 0.001, 0.002, 0.117, 0.032, 0.874, 0.013]"
126.56,126.6,Leeseo,0.8935386538505554,Leeseo,[0.894],"[0.000, 0.001, 0.001, 0.113, 0.033, 0.894, 0.012]"
126.6,126.64,Leeseo,0.910332441329956,Leeseo,[0.910],"[0.000, 0.001, 0.001, 0.111, 0.033, 0.910, 0.011]"
126.64,126.68,Leeseo,0.9248842597007751,Leeseo,[0.925],"[0.000, 0.001, 0.001, 0.109, 0.034, 0.925, 0.010]"
126.68,126.72,Leeseo,0.9374029636383057,Leeseo,[0.937],"[0.000, 0.001, 0.001, 0.108, 0.034, 0.937, 0.009]"
126.72,126.76,Leeseo,0.9480857849121094,Leeseo,[0.948],"[0.000, 0.001, 0.001, 0.107, 0.033, 0.948, 0.009]"
126.76,126.8,Leeseo,0.9571204781532288,Leeseo,[0.957],"[0.000, 0.001, 0.001, 0.107, 0.033, 0.957, 0.008]"
126.8,126.84,Leeseo,0.9646970629692078,Leeseo,[0.965],"[0.000, 0.001, 0.001, 0.108, 0.032, 0.965, 0.008]"
126.84,126.88,Leeseo,0.9710109233856201,Leeseo,[0.971],"[0.000, 0.001, 0.001, 0.108, 0.031, 0.971, 0.007]"
126.88,126.92,Leeseo,0.9762464165687561,Leeseo,[0.976],"[0.000, 0.001, 0.001, 0.109, 0.031, 0.976, 0.007]"
126.92,126.96,Leeseo,0.9805687665939331,Leeseo,[0.981],"[0.000, 0.001, 0.001, 0.111, 0.030, 0.981, 0.007]"
126.96,127.0,Leeseo,0.9841222763061523,Leeseo,[0.984],"[0.000, 0.001, 0.001, 0.112, 0.029, 0.984, 0.006]"
127.0,127.04,Leeseo,0.9870365858078003,Leeseo,[0.987],"[0.000, 0.001, 0.001, 0.113, 0.028, 0.987, 0.006]"
127.04,127.08,Leeseo,0.9894216656684875,Leeseo,[0.989],"[0.000, 0.001, 0.001, 0.114, 0.027, 0.989, 0.006]"
127.08,127.12,Leeseo,0.9913682341575623,Leeseo,[0.991],"[0.000, 0.001, 0.001, 0.114, 0.026, 0.991, 0.006]"
127.12,127.16,Leeseo,0.9929509162902832,Leeseo,[0.993],"[0.000, 0.001, 0.001, 0.114, 0.025, 0.993, 0.005]"
127.16,127.2,Leeseo,0.9942335486412048,Leeseo,[0.994],"[0.000, 0.001, 0.000, 0.114, 0.025, 0.994, 0.005]"
127.2,127.24,Leeseo,0.9952709078788757,Leeseo,[0.995],"[0.000, 0.001, 0.000, 0.113, 0.024, 0.995, 0.005]"
127.24,127.28,Leeseo,0.9961073994636536,Leeseo,[0.996],"[0.000, 0.001, 0.000, 0.111, 0.024, 0.996, 0.005]"
127.28,127.32,Leeseo,0.9967790246009827,Leeseo,[0.997],"[0.000, 0.001, 0.000, 0.109, 0.024, 0.997, 0.005]"
127.32,127.36,Leeseo,0.9973177313804626,Leeseo,[0.997],"[0.000, 0.001, 0.000, 0.107, 0.024, 0.997, 0.005]"
127.36,127.4,Leeseo,0.9977511763572693,Leeseo,[0.998],"[0.000, 0.001, 0.000, 0.103, 0.025, 0.998, 0.004]"
127.4,127.44,Leeseo,0.9981011748313904,Leeseo,[0.998],"[0.000, 0.001, 0.000, 0.100, 0.025, 0.998, 0.004]"
127.44,127.48,Leeseo,0.9983844757080078,Leeseo,[0.998],"[0.000, 0.001, 0.000, 0.096, 0.026, 0.998, 0.004]"
127.48,127.52,Leeseo,0.9986149072647095,Leeseo,[0.999],"[0.000, 0.001, 0.000, 0.092, 0.027, 0.999, 0.004]"
127.52,127.56,Leeseo,0.9988032579421997,Leeseo,[0.999],"[0.000, 0.001, 0.000, 0.088, 0.029, 0.999, 0.004]"
127.56,127.6,Leeseo,0.9989578723907471,Leeseo,[0.999],"[0.000, 0.002, 0.000, 0.083, 0.031, 0.999, 0.004]"
127.6,127.64,Leeseo,0.9990857839584351,Leeseo,[0.999],"[0.001, 0.002, 0.000, 0.079, 0.033, 0.999, 0.004]"
127.64,127.68,Leeseo,0.9991920590400696,Leeseo,[0.999],"[0.001, 0.002, 0.000, 0.074, 0.035, 0.999, 0.004]"
127.68,127.72,Leeseo,0.9992808699607849,Leeseo,[0.999],"[0.001, 0.002, 0.000, 0.070, 0.038, 0.999, 0.004]"
127.72,127.76,Leeseo,0.9993556141853333,Leeseo,[0.999],"[0.001, 0.002, 0.000, 0.066, 0.042, 0.999, 0.004]"
127.76,127.8,Leeseo,0.9994187355041504,Leeseo,[0.999],"[0.001, 0.002, 0.000, 0.062, 0.045, 0.999, 0.004]"
127.8,127.84,Leeseo,0.9994718432426453,Leeseo,[0.999],"[0.002, 0.002, 0.000, 0.059, 0.049, 0.999, 0.004]"
127.84,127.88,Leeseo,0.9995166063308716,Leeseo,[1.000],"[0.002, 0.003, 0.000, 0.056, 0.054, 1.000, 0.004]"
127.88,127.92,Leeseo,0.9995539784431458,Leeseo,[1.000],"[0.003, 0.003, 0.000, 0.053, 0.058, 1.000, 0.004]"
127.92,127.96,Leeseo,0.9995850920677185,Leeseo,[1.000],"[0.004, 0.003, 0.000, 0.050, 0.064, 1.000, 0.004]"
127.96,128.0,Leeseo,0.9996103644371033,Leeseo,[1.000],"[0.005, 0.003, 0.000, 0.048, 0.069, 1.000, 0.004]"
128.0,128.04,Leeseo,0.9996304512023926,Leeseo,[1.000],"[0.007, 0.004, 0.000, 0.046, 0.074, 1.000, 0.003]"
128.04,128.08,Leeseo,0.9996458292007446,Leeseo,[1.000],"[0.008, 0.004, 0.000, 0.045, 0.080, 1.000, 0.003]"
128.08,128.12,Leeseo,0.9996565580368042,Leeseo,[1.000],"[0.010, 0.004, 0.000, 0.044, 0.085, 1.000, 0.003]"
128.12,128.16,Leeseo,0.9996627569198608,Leeseo,[1.000],"[0.013, 0.005, 0.000, 0.043, 0.090, 1.000, 0.003]"
128.16,128.2,Leeseo,0.999664306640625,Leeseo,[1.000],"[0.015, 0.005, 0.000, 0.043, 0.095, 1.000, 0.003]"
128.2,128.24,Leeseo,0.999660849571228,Leeseo,[1.000],"[0.018, 0.006, 0.000, 0.043, 0.099, 1.000, 0.003]"
128.24,128.28,Leeseo,0.9996522665023804,Leeseo,[1.000],"[0.021, 0.006, 0.000, 0.044, 0.103, 1.000, 0.003]"
128.28,128.32,Leeseo,0.9996378421783447,Leeseo,[1.000],"[0.024, 0.006, 0.000, 0.045, 0.105, 1.000, 0.003]"
128.32,128.36,Leeseo,0.9996167421340942,Leeseo,[1.000],"[0.028, 0.007, 0.000, 0.047, 0.107, 1.000, 0.003]"
128.36,128.4,Leeseo,0.9995880722999573,Leeseo,[1.000],"[0.031, 0.007, 0.000, 0.050, 0.108, 1.000, 0.003]"
128.4,128.44,Leeseo,0.9995504021644592,Leeseo,[1.000],"[0.034, 0.007, 0.000, 0.053, 0.107, 1.000, 0.003]"
128.44,128.48,Leeseo,0.9995020627975464,Leeseo,[1.000],"[0.036, 0.007, 0.000, 0.058, 0.106, 1.000, 0.003]"
128.48,128.52,Leeseo,0.9994409680366516,Leeseo,[0.999],"[0.038, 0.007, 0.000, 0.063, 0.103, 0.999, 0.003]"
128.52,128.56,Leeseo,0.9993645548820496,Leeseo,[0.999],"[0.039, 0.008, 0.000, 0.070, 0.099, 0.999, 0.003]"
128.56,128.6,Leeseo,0.999269425868988,Leeseo,[0.999],"[0.039, 0.008, 0.000, 0.078, 0.095, 0.999, 0.003]"
128.6,128.64,Leeseo,0.9991515874862671,Leeseo,[0.999],"[0.038, 0.008, 0.000, 0.088, 0.089, 0.999, 0.003]"
128.64,128.68,Leeseo,0.9990062117576599,Leeseo,[0.999],"[0.037, 0.008, 0.000, 0.100, 0.083, 0.999, 0.004]"
128.68,128.72,Leeseo,0.9988270401954651,Leeseo,[0.999],"[0.035, 0.008, 0.000, 0.114, 0.077, 0.999, 0.004]"
128.72,128.76,Leeseo,0.9986069798469543,Leeseo,[0.999],"[0.033, 0.007, 0.000, 0.130, 0.070, 0.999, 0.004]"
128.76,128.8,Leeseo,0.9983376264572144,Leeseo,[0.998],"[0.031, 0.007, 0.000, 0.148, 0.063, 0.998, 0.004]"
128.8,128.84,Leeseo,0.9980093836784363,Leeseo,[0.998],"[0.028, 0.007, 0.000, 0.168, 0.057, 0.998, 0.004]"
128.84,128.88,Leeseo,0.9976118803024292,Leeseo,[0.998],"[0.025, 0.007, 0.000, 0.189, 0.050, 0.998, 0.005]"
128.88,128.92,Leeseo,0.9971338510513306,Leeseo,[0.997],"[0.023, 0.007, 0.000, 0.212, 0.044, 0.997, 0.005]"
128.92,128.96,Leeseo,0.9965631365776062,Leeseo,[0.997],"[0.020, 0.007, 0.000, 0.236, 0.038, 0.997, 0.005]"
128.96,129.0,Leeseo,0.9958876967430115,Leeseo,[0.996],"[0.018, 0.007, 0.000, 0.260, 0.033, 0.996, 0.005]"
129.0,129.04,Leeseo,0.9950940608978271,Leeseo,[0.995],"[0.015, 0.007, 0.000, 0.284, 0.028, 0.995, 0.006]"
129.04,129.08,Leeseo,0.9941697120666504,Leeseo,[0.994],"[0.014, 0.007, 0.000, 0.307, 0.024, 0.994, 0.006]"
129.08,129.12,Leeseo,0.9931055903434753,Leeseo,[0.993],"[0.012, 0.007, 0.000, 0.329, 0.020, 0.993, 0.006]"
129.12,129.16,Leeseo,0.991895854473114,Leeseo,[0.992],"[0.010, 0.008, 0.000, 0.349, 0.017, 0.992, 0.006]"
129.16,129.2,Leeseo,0.9905351996421814,Leeseo,[0.991],"[0.009, 0.008, 0.000, 0.367, 0.014, 0.991, 0.006]"
129.2,129.24,Leeseo,0.9890179634094238,Leeseo,[0.989],"[0.008, 0.009, 0.000, 0.381, 0.012, 0.989, 0.006]"
129.24,129.28,Leeseo,0.9873401522636414,Leeseo,[0.987],"[0.007, 0.010, 0.000, 0.392, 0.010, 0.987, 0.007]"
129.28,129.32,Leeseo,0.9854953289031982,Leeseo,[0.985],"[0.006, 0.011, 0.000, 0.400, 0.008, 0.985, 0.007]"
129.32,129.36,Leeseo,0.9834655523300171,Leeseo,[0.983],"[0.005, 0.012, 0.000, 0.404, 0.007, 0.983, 0.007]"
129.36,129.4,Leeseo,0.9812213778495789,Leeseo,[0.981],"[0.005, 0.014, 0.000, 0.403, 0.006, 0.981, 0.007]"
129.4,129.44,Leeseo,0.9787174463272095,Leeseo,[0.979],"[0.004, 0.017, 0.000, 0.399, 0.005, 0.979, 0.006]"
129.44,129.48,Leeseo,0.9759023785591125,Leeseo,[0.976],"[0.004, 0.020, 0.000, 0.391, 0.004, 0.976, 0.006]"
129.48,129.52,Leeseo,0.9727135896682739,Leeseo,[0.973],"[0.003, 0.024, 0.000, 0.378, 0.004, 0.973, 0.006]"
129.52,129.56,Leeseo,0.9690696597099304,Leeseo,[0.969],"[0.003, 0.030, 0.000, 0.362, 0.003, 0.969, 0.006]"
129.56,129.6,Leeseo,0.9648633599281311,Leeseo,[0.965],"[0.003, 0.037, 0.000, 0.342, 0.003, 0.965, 0.006]"
129.6,129.64,Leeseo,0.9599578380584717,Leeseo,[0.960],"[0.003, 0.047, 0.000, 0.318, 0.002, 0.960, 0.006]"
129.64,129.68,Leeseo,0.954181969165802,Leeseo,[0.954],"[0.002, 0.059, 0.000, 0.292, 0.002, 0.954, 0.006]"
129.68,129.72,Leeseo,0.9473390579223633,Leeseo,[0.947],"[0.002, 0.075, 0.000, 0.265, 0.002, 0.947, 0.006]"
129.72,129.76,Leeseo,0.9392002820968628,Leeseo,[0.939],"[0.002, 0.095, 0.000, 0.236, 0.002, 0.939, 0.006]"
129.76,129.8,Leeseo,0.9295415878295898,Leeseo,[0.930],"[0.002, 0.119, 0.000, 0.208, 0.002, 0.930, 0.006]"
129.8,129.84,Leeseo,0.9181077480316162,Leeseo,[0.918],"[0.002, 0.148, 0.000, 0.181, 0.001, 0.918, 0.006]"
129.84,129.88,Leeseo,0.9046414494514465,Leeseo,[0.905],"[0.002, 0.181, 0.000, 0.155, 0.001, 0.905, 0.006]"
129.88,129.92,Leeseo,0.8888981938362122,Leeseo,[0.889],"[0.002, 0.218, 0.000, 0.132, 0.001, 0.889, 0.006]"
129.92,129.96,Leeseo,0.8706768155097961,Leeseo,[0.871],"[0.002, 0.257, 0.000, 0.111, 0.001, 0.871, 0.006]"
129.96,130.0,Leeseo,0.8498146533966064,Leeseo,[0.850],"[0.003, 0.298, 0.000, 0.093, 0.001, 0.850, 0.007]"
130.0,130.04,Leeseo,0.8262966871261597,Leeseo,[0.826],"[0.003, 0.339, 0.000, 0.077, 0.001, 0.826, 0.007]"
130.04,130.08,Leeseo,0.8002216219902039,Leeseo,[0.800],"[0.003, 0.377, 0.000, 0.063, 0.001, 0.800, 0.008]"
130.08,130.12,Leeseo,0.7718508243560791,Leeseo,[0.772],"[0.003, 0.411, 0.000, 0.052, 0.001, 0.772, 0.008]"
130.12,130.16,Leeseo,0.7417061924934387,Leeseo,[0.742],"[0.004, 0.440, 0.000, 0.043, 0.001, 0.742, 0.009]"
130.16,130.2,Leeseo,0.7104931473731995,Leeseo,[0.710],"[0.004, 0.463, 0.000, 0.035, 0.001, 0.710, 0.011]"
130.2,130.24,Leeseo,0.6790342330932617,Leeseo,[0.679],"[0.005, 0.480, 0.000, 0.029, 0.001, 0.679, 0.012]"
130.24,130.28,Leeseo,0.6482318043708801,Leeseo,[0.648],"[0.005, 0.489, 0.000, 0.024, 0.001, 0.648, 0.014]"
130.28,130.32,Leeseo,0.6189001202583313,Leeseo,[0.619],"[0.006, 0.492, 0.000, 0.020, 0.001, 0.619, 0.017]"
130.32,130.36,Leeseo,0.5917193293571472,Leeseo,[0.592],"[0.007, 0.487, 0.000, 0.017, 0.001, 0.592, 0.020]"
130.36,130.4,Leeseo,0.5671544075012207,,[],"[0.008, 0.476, 0.000, 0.014, 0.001, 0.567, 0.025]"
130.4,130.44,Leeseo,0.5455400347709656,,[],"[0.009, 0.458, 0.000, 0.012, 0.001, 0.546, 0.030]"
130.44,130.48,Leeseo,0.5269952416419983,,[],"[0.010, 0.434, 0.000, 0.010, 0.001, 0.527, 0.038]"
130.48,130.52,Leeseo,0.5115461945533752,,[],"[0.012, 0.405, 0.001, 0.008, 0.001, 0.512, 0.047]"
130.52,130.56,Leeseo,0.4990745186805725,,[],"[0.013, 0.371, 0.001, 0.007, 0.001, 0.499, 0.059]"
130.56,130.6,Leeseo,0.4893278479576111,,[],"[0.015, 0.335, 0.001, 0.006, 0.002, 0.489, 0.075]"
130.6,130.64,Leeseo,0.48202839493751526,,[],"[0.016, 0.297, 0.001, 0.005, 0.002, 0.482, 0.095]"
130.64,130.68,Leeseo,0.4767915606498718,,[],"[0.018, 0.259, 0.001, 0.005, 0.002, 0.477, 0.121]"
130.68,130.72,Leeseo,0.47318997979164124,,[],"[0.020, 0.222, 0.001, 0.004, 0.002, 0.473, 0.154]"
130.72,130.76,Leeseo,0.47079429030418396,,[],"[0.022, 0.188, 0.001, 0.004, 0.002, 0.471, 0.196]"
130.76,130.8,Leeseo,0.4691600501537323,,[],"[0.023, 0.158, 0.002, 0.003, 0.002, 0.469, 0.247]"
130.8,130.84,Leeseo,0.46782973408699036,,[],"[0.024, 0.132, 0.002, 0.003, 0.002, 0.468, 0.308]"
130.84,130.88,Leeseo,0.46633803844451904,,[],"[0.025, 0.109, 0.002, 0.003, 0.002, 0.466, 0.379]"
130.88,130.92,Leeseo,0.4642269015312195,,[],"[0.026, 0.091, 0.003, 0.003, 0.002, 0.464, 0.456]"
130.92,130.96,silence,0.5358265042304993,,[],"[0.026, 0.075, 0.003, 0.003, 0.002, 0.461, 0.536]"
130.96,131.0,silence,0.6146113872528076,,[],"[0.026, 0.063, 0.004, 0.003, 0.002, 0.457, 0.615]"
131.0,131.04,silence,0.6876607537269592,silence,[0.688],"[0.025, 0.052, 0.005, 0.003, 0.002, 0.452, 0.688]"
131.04,131.08,silence,0.7518160343170166,silence,[0.752],"[0.024, 0.044, 0.005, 0.003, 0.003, 0.445, 0.752]"
131.08,131.12,silence,0.8055872917175293,silence,[0.806],"[0.023, 0.038, 0.006, 0.003, 0.003, 0.437, 0.806]"
131.12,131.16,silence,0.8490155339241028,silence,[0.849],"[0.022, 0.032, 0.007, 0.003, 0.003, 0.428, 0.849]"
131.16,131.2,silence,0.8830762505531311,silence,[0.883],"[0.020, 0.028, 0.008, 0.003, 0.003, 0.418, 0.883]"
131.2,131.24,silence,0.9092180728912354,silence,[0.909],"[0.019, 0.025, 0.008, 0.003, 0.003, 0.407, 0.909]"
131.24,131.28,silence,0.9289569854736328,silence,[0.929],"[0.017, 0.022, 0.009, 0.004, 0.004, 0.395, 0.929]"
131.28,131.32,silence,0.9436995983123779,silence,[0.944],"[0.016, 0.019, 0.009, 0.004, 0.004, 0.383, 0.944]"
131.32,131.36,silence,0.9546317458152771,silence,[0.955],"[0.014, 0.017, 0.009, 0.004, 0.004, 0.372, 0.955]"
131.36,131.4,silence,0.9626907706260681,silence,[0.963],"[0.013, 0.016, 0.010, 0.005, 0.004, 0.361, 0.963]"
131.4,131.44,silence,0.9685918688774109,silence,[0.969],"[0.011, 0.014, 0.010, 0.005, 0.005, 0.351, 0.969]"
131.44,131.48,silence,0.9728638529777527,silence,[0.973],"[0.010, 0.013, 0.010, 0.006, 0.005, 0.342, 0.973]"
131.48,131.52,silence,0.9758803844451904,silence,[0.976],"[0.009, 0.012, 0.010, 0.007, 0.005, 0.334, 0.976]"
131.52,131.56,silence,0.9778979420661926,silence,[0.978],"[0.008, 0.011, 0.010, 0.008, 0.006, 0.327, 0.978]"
131.56,131.6,silence,0.9790850877761841,silence,[0.979],"[0.007, 0.010, 0.009, 0.009, 0.006, 0.322, 0.979]"
131.6,131.64,silence,0.9795373678207397,silence,[0.980],"[0.006, 0.009, 0.009, 0.011, 0.007, 0.319, 0.980]"
131.64,131.68,silence,0.9792775511741638,silence,[0.979],"[0.005, 0.008, 0.009, 0.013, 0.007, 0.317, 0.979]"
131.68,131.72,silence,0.9782565832138062,silence,[0.978],"[0.005, 0.007, 0.009, 0.015, 0.008, 0.317, 0.978]"
131.72,131.76,silence,0.9763550162315369,silence,[0.976],"[0.004, 0.007, 0.009, 0.018, 0.009, 0.319, 0.976]"
131.76,131.8,silence,0.9733626842498779,silence,[0.973],"[0.004, 0.006, 0.008, 0.021, 0.010, 0.323, 0.973]"
131.8,131.84,silence,0.9689363241195679,silence,[0.969],"[0.004, 0.005, 0.008, 0.024, 0.010, 0.329, 0.969]"
131.84,131.88,silence,0.9625549912452698,silence,[0.963],"[0.004, 0.005, 0.008, 0.028, 0.011, 0.337, 0.963]"
131.88,131.92,silence,0.9534493088722229,silence,[0.953],"[0.003, 0.004, 0.008, 0.033, 0.012, 0.347, 0.953]"
131.92,131.96,silence,0.940502405166626,silence,[0.941],"[0.003, 0.004, 0.008, 0.038, 0.013, 0.359, 0.941]"
131.96,132.0,silence,0.922130286693573,silence,[0.922],"[0.003, 0.003, 0.007, 0.043, 0.014, 0.373, 0.922]"
132.0,132.04,silence,0.8961748480796814,silence,[0.896],"[0.003, 0.003, 0.007, 0.049, 0.015, 0.389, 0.896]"
132.04,132.08,silence,0.8599177002906799,silence,[0.860],"[0.003, 0.003, 0.007, 0.056, 0.016, 0.407, 0.860]"
132.08,132.12,silence,0.8103163242340088,silence,[0.810],"[0.003, 0.002, 0.007, 0.062, 0.018, 0.428, 0.810]"
132.12,132.16,silence,0.7447494268417358,silence,[0.745],"[0.003, 0.002, 0.007, 0.069, 0.019, 0.449, 0.745]"
132.16,132.2,silence,0.6623934507369995,silence,[0.662],"[0.004, 0.002, 0.007, 0.076, 0.020, 0.473, 0.662]"
132.2,132.24,silence,0.5658204555511475,,[],"[0.004, 0.002, 0.006, 0.082, 0.021, 0.498, 0.566]"
132.24,132.28,Leeseo,0.5239421725273132,,[],"[0.004, 0.002, 0.006, 0.089, 0.022, 0.524, 0.462]"
132.28,132.32,Leeseo,0.5510259866714478,,[],"[0.004, 0.001, 0.006, 0.096, 0.023, 0.551, 0.359]"
132.32,132.36,Leeseo,0.578812301158905,,[],"[0.004, 0.001, 0.006, 0.103, 0.024, 0.579, 0.268]"
132.36,132.4,Leeseo,0.6070356965065002,,[],"[0.005, 0.001, 0.006, 0.109, 0.025, 0.607, 0.193]"
132.4,132.44,Leeseo,0.6353521347045898,Leeseo,[0.635],"[0.005, 0.001, 0.006, 0.116, 0.026, 0.635, 0.136]"
132.44,132.48,Leeseo,0.6634715795516968,Leeseo,[0.663],"[0.005, 0.001, 0.005, 0.122, 0.027, 0.663, 0.094]"
132.48,132.52,Leeseo,0.6910485029220581,Leeseo,[0.691],"[0.006, 0.001, 0.005, 0.129, 0.028, 0.691, 0.065]"
132.52,132.56,Leeseo,0.7178253531455994,Leeseo,[0.718],"[0.006, 0.001, 0.005, 0.135, 0.028, 0.718, 0.045]"
132.56,132.6,Leeseo,0.7435536980628967,Leeseo,[0.744],"[0.006, 0.001, 0.005, 0.141, 0.029, 0.744, 0.031]"
132.6,132.64,Leeseo,0.7680091857910156,Leeseo,[0.768],"[0.007, 0.001, 0.005, 0.147, 0.030, 0.768, 0.022]"
132.64,132.68,Leeseo,0.7910275459289551,Leeseo,[0.791],"[0.007, 0.001, 0.004, 0.153, 0.030, 0.791, 0.016]"
132.68,132.72,Leeseo,0.8125035166740417,Leeseo,[0.813],"[0.007, 0.001, 0.004, 0.157, 0.031, 0.813, 0.012]"
132.72,132.76,Leeseo,0.8323895335197449,Leeseo,[0.832],"[0.008, 0.001, 0.004, 0.162, 0.031, 0.832, 0.009]"
132.76,132.8,Leeseo,0.850670576095581,Leeseo,[0.851],"[0.008, 0.001, 0.004, 0.165, 0.031, 0.851, 0.007]"
132.8,132.84,Leeseo,0.8673325777053833,Leeseo,[0.867],"[0.008, 0.001, 0.003, 0.168, 0.032, 0.867, 0.005]"
132.84,132.88,Leeseo,0.882402241230011,Leeseo,[0.882],"[0.008, 0.001, 0.003, 0.170, 0.032, 0.882, 0.004]"
132.88,132.92,Leeseo,0.8959572911262512,Leeseo,[0.896],"[0.008, 0.002, 0.003, 0.172, 0.032, 0.896, 0.003]"
132.92,132.96,Leeseo,0.9080629944801331,Leeseo,[0.908],"[0.008, 0.002, 0.002, 0.172, 0.032, 0.908, 0.003]"
132.96,133.0,Leeseo,0.9188181757926941,Leeseo,[0.919],"[0.008, 0.002, 0.002, 0.171, 0.032, 0.919, 0.002]"
133.0,133.04,Leeseo,0.928315281867981,Leeseo,[0.928],"[0.007, 0.002, 0.002, 0.170, 0.032, 0.928, 0.002]"
133.04,133.08,Leeseo,0.9366657733917236,Leeseo,[0.937],"[0.007, 0.002, 0.001, 0.167, 0.032, 0.937, 0.002]"
133.08,133.12,Leeseo,0.943981945514679,Leeseo,[0.944],"[0.007, 0.003, 0.001, 0.164, 0.032, 0.944, 0.002]"
133.12,133.16,Leeseo,0.9503578543663025,Leeseo,[0.950],"[0.006, 0.003, 0.001, 0.160, 0.032, 0.950, 0.001]"
133.16,133.2,Leeseo,0.9558924436569214,Leeseo,[0.956],"[0.006, 0.004, 0.001, 0.154, 0.032, 0.956, 0.001]"
133.2,133.24,Leeseo,0.9606825709342957,Leeseo,[0.961],"[0.005, 0.004, 0.001, 0.149, 0.032, 0.961, 0.001]"
133.24,133.28,Leeseo,0.9648042321205139,Leeseo,[0.965],"[0.005, 0.005, 0.001, 0.142, 0.033, 0.965, 0.001]"
133.28,133.32,Leeseo,0.9683375954627991,Leeseo,[0.968],"[0.005, 0.005, 0.000, 0.135, 0.033, 0.968, 0.001]"
133.32,133.36,Leeseo,0.9713677167892456,Leeseo,[0.971],"[0.004, 0.006, 0.000, 0.127, 0.033, 0.971, 0.001]"
133.36,133.4,Leeseo,0.973972737789154,Leeseo,[0.974],"[0.004, 0.007, 0.000, 0.120, 0.034, 0.974, 0.001]"
133.4,133.44,Leeseo,0.9762181043624878,Leeseo,[0.976],"[0.004, 0.008, 0.000, 0.112, 0.034, 0.976, 0.001]"
133.44,133.48,Leeseo,0.9781564474105835,Leeseo,[0.978],"[0.004, 0.008, 0.000, 0.104, 0.035, 0.978, 0.001]"
133.48,133.52,Leeseo,0.9798295497894287,Leeseo,[0.980],"[0.004, 0.009, 0.000, 0.096, 0.035, 0.980, 0.001]"
133.52,133.56,Leeseo,0.9812687039375305,Leeseo,[0.981],"[0.004, 0.010, 0.000, 0.088, 0.035, 0.981, 0.002]"
133.56,133.6,Leeseo,0.9824995994567871,Leeseo,[0.982],"[0.003, 0.011, 0.000, 0.081, 0.035, 0.982, 0.002]"
133.6,133.64,Leeseo,0.9835448861122131,Leeseo,[0.984],"[0.003, 0.012, 0.000, 0.074, 0.035, 0.984, 0.002]"
133.64,133.68,Leeseo,0.9844189286231995,Leeseo,[0.984],"[0.004, 0.013, 0.000, 0.068, 0.035, 0.984, 0.002]"
133.68,133.72,Leeseo,0.9851306080818176,Leeseo,[0.985],"[0.004, 0.013, 0.000, 0.063, 0.035, 0.985, 0.002]"
133.72,133.76,Leeseo,0.9856843948364258,Leeseo,[0.986],"[0.004, 0.014, 0.000, 0.058, 0.035, 0.986, 0.002]"
133.76,133.8,Leeseo,0.9860851764678955,Leeseo,[0.986],"[0.004, 0.015, 0.000, 0.053, 0.035, 0.986, 0.002]"
133.8,133.84,Leeseo,0.9863356351852417,Leeseo,[0.986],"[0.004, 0.016, 0.000, 0.049, 0.034, 0.986, 0.003]"
133.84,133.88,Leeseo,0.9864371418952942,Leeseo,[0.986],"[0.004, 0.018, 0.000, 0.046, 0.034, 0.986, 0.003]"
133.88,133.92,Leeseo,0.9863889813423157,Leeseo,[0.986],"[0.005, 0.019, 0.000, 0.043, 0.033, 0.986, 0.003]"
133.92,133.96,Leeseo,0.9861896634101868,Leeseo,[0.986],"[0.005, 0.020, 0.000, 0.041, 0.033, 0.986, 0.003]"
133.96,134.0,Leeseo,0.9858333468437195,Leeseo,[0.986],"[0.005, 0.022, 0.000, 0.039, 0.032, 0.986, 0.003]"
134.0,134.04,Leeseo,0.9853105545043945,Leeseo,[0.985],"[0.006, 0.024, 0.000, 0.037, 0.031, 0.985, 0.003]"
134.04,134.08,Leeseo,0.9846072793006897,Leeseo,[0.985],"[0.006, 0.027, 0.000, 0.036, 0.031, 0.985, 0.003]"
134.08,134.12,Leeseo,0.9837028980255127,Leeseo,[0.984],"[0.007, 0.030, 0.000, 0.035, 0.030, 0.984, 0.003]"
134.12,134.16,Leeseo,0.9825718402862549,Leeseo,[0.983],"[0.007, 0.034, 0.000, 0.034, 0.030, 0.983, 0.003]"
134.16,134.2,Leeseo,0.9811787009239197,Leeseo,[0.981],"[0.007, 0.038, 0.000, 0.034, 0.029, 0.981, 0.003]"
134.2,134.24,Leeseo,0.9794834852218628,Leeseo,[0.979],"[0.008, 0.043, 0.000, 0.034, 0.029, 0.979, 0.003]"
134.24,134.28,Leeseo,0.9774413704872131,Leeseo,[0.977],"[0.008, 0.050, 0.000, 0.035, 0.028, 0.977, 0.003]"
134.28,134.32,Leeseo,0.9750017523765564,Leeseo,[0.975],"[0.008, 0.058, 0.000, 0.035, 0.028, 0.975, 0.003]"
134.32,134.36,Leeseo,0.9720976948738098,Leeseo,[0.972],"[0.008, 0.068, 0.000, 0.036, 0.028, 0.972, 0.003]"
134.36,134.4,Leeseo,0.9686513543128967,Leeseo,[0.969],"[0.008, 0.080, 0.000, 0.037, 0.028, 0.969, 0.003]"
134.4,134.44,Leeseo,0.9645769000053406,Leeseo,[0.965],"[0.008, 0.093, 0.000, 0.039, 0.028, 0.965, 0.003]"
134.44,134.48,Leeseo,0.9597802758216858,Leeseo,[0.960],"[0.008, 0.110, 0.000, 0.041, 0.028, 0.960, 0.003]"
134.48,134.52,Leeseo,0.9541714787483215,Leeseo,[0.954],"[0.007, 0.128, 0.000, 0.043, 0.029, 0.954, 0.003]"
134.52,134.56,Leeseo,0.9476631283760071,Leeseo,[0.948],"[0.007, 0.148, 0.000, 0.046, 0.029, 0.948, 0.003]"
134.56,134.6,Leeseo,0.9401922821998596,Leeseo,[0.940],"[0.006, 0.170, 0.000, 0.049, 0.030, 0.940, 0.003]"
134.6,134.64,Leeseo,0.9317106008529663,Leeseo,[0.932],"[0.006, 0.192, 0.000, 0.053, 0.031, 0.932, 0.003]"
134.64,134.68,Leeseo,0.9222120642662048,Leeseo,[0.922],"[0.005, 0.214, 0.000, 0.057, 0.033, 0.922, 0.003]"
134.68,134.72,Leeseo,0.911749541759491,Leeseo,[0.912],"[0.005, 0.234, 0.000, 0.062, 0.034, 0.912, 0.003]"
134.72,134.76,Leeseo,0.9004396200180054,Leeseo,[0.900],"[0.004, 0.252, 0.000, 0.067, 0.036, 0.900, 0.003]"
134.76,134.8,Leeseo,0.8884619474411011,Leeseo,[0.888],"[0.004, 0.267, 0.000, 0.073, 0.037, 0.888, 0.003]"
134.8,134.84,Leeseo,0.8761022686958313,Leeseo,[0.876],"[0.004, 0.277, 0.000, 0.080, 0.039, 0.876, 0.003]"
134.84,134.88,Leeseo,0.8637242913246155,Leeseo,[0.864],"[0.003, 0.283, 0.000, 0.087, 0.041, 0.864, 0.004]"
134.88,134.92,Leeseo,0.8517159223556519,Leeseo,[0.852],"[0.003, 0.285, 0.000, 0.094, 0.044, 0.852, 0.004]"
134.92,134.96,Leeseo,0.8404711484909058,Leeseo,[0.840],"[0.003, 0.281, 0.000, 0.103, 0.046, 0.840, 0.004]"
134.96,135.0,Leeseo,0.830308198928833,Leeseo,[0.830],"[0.003, 0.273, 0.000, 0.111, 0.048, 0.830, 0.005]"
135.0,135.04,Leeseo,0.8215214610099792,Leeseo,[0.822],"[0.002, 0.261, 0.000, 0.120, 0.050, 0.822, 0.005]"
135.04,135.08,Leeseo,0.8143097758293152,Leeseo,[0.814],"[0.002, 0.246, 0.000, 0.130, 0.052, 0.814, 0.006]"
135.08,135.12,Leeseo,0.8088133335113525,Leeseo,[0.809],"[0.002, 0.227, 0.000, 0.140, 0.054, 0.809, 0.007]"
135.12,135.16,Leeseo,0.8051376342773438,Leeseo,[0.805],"[0.002, 0.207, 0.000, 0.150, 0.056, 0.805, 0.008]"
135.16,135.2,Leeseo,0.803263247013092,Leeseo,[0.803],"[0.002, 0.185, 0.000, 0.161, 0.057, 0.803, 0.009]"
135.2,135.24,Leeseo,0.8031120896339417,Leeseo,[0.803],"[0.002, 0.163, 0.000, 0.173, 0.058, 0.803, 0.011]"
135.24,135.28,Leeseo,0.8045675754547119,Leeseo,[0.805],"[0.002, 0.142, 0.000, 0.185, 0.058, 0.805, 0.013]"
135.28,135.32,Leeseo,0.8074471354484558,Leeseo,[0.807],"[0.002, 0.122, 0.000, 0.197, 0.058, 0.807, 0.015]"
135.32,135.36,Leeseo,0.8114891052246094,Leeseo,[0.811],"[0.002, 0.104, 0.000, 0.209, 0.058, 0.811, 0.018]"
135.36,135.4,Leeseo,0.816431999206543,Leeseo,[0.816],"[0.003, 0.088, 0.000, 0.222, 0.057, 0.816, 0.021]"
135.4,135.44,Leeseo,0.8220600485801697,Leeseo,[0.822],"[0.003, 0.074, 0.000, 0.235, 0.056, 0.822, 0.025]"
135.44,135.48,Leeseo,0.8282185792922974,Leeseo,[0.828],"[0.003, 0.062, 0.000, 0.248, 0.055, 0.828, 0.030]"
135.48,135.52,Leeseo,0.8347063064575195,Leeseo,[0.835],"[0.004, 0.053, 0.000, 0.260, 0.054, 0.835, 0.035]"
135.52,135.56,Leeseo,0.8413083553314209,Leeseo,[0.841],"[0.004, 0.044, 0.000, 0.273, 0.053, 0.841, 0.041]"
135.56,135.6,Leeseo,0.8477926254272461,Leeseo,[0.848],"[0.005, 0.038, 0.000, 0.284, 0.051, 0.848, 0.047]"
135.6,135.64,Leeseo,0.8539750576019287,Leeseo,[0.854],"[0.006, 0.033, 0.000, 0.296, 0.050, 0.854, 0.054]"
135.64,135.68,Leeseo,0.8597466945648193,Leeseo,[0.860],"[0.007, 0.028, 0.000, 0.306, 0.049, 0.860, 0.061]"
135.68,135.72,Leeseo,0.8650203943252563,Leeseo,[0.865],"[0.008, 0.025, 0.000, 0.316, 0.047, 0.865, 0.068]"
135.72,135.76,Leeseo,0.8697097301483154,Leeseo,[0.870],"[0.009, 0.022, 0.000, 0.324, 0.047, 0.870, 0.075]"
135.76,135.8,Leeseo,0.8737502694129944,Leeseo,[0.874],"[0.010, 0.020, 0.000, 0.332, 0.046, 0.874, 0.083]"
135.8,135.84,Leeseo,0.8770867586135864,Leeseo,[0.877],"[0.012, 0.018, 0.000, 0.339, 0.046, 0.877, 0.090]"
135.84,135.88,Leeseo,0.8796587586402893,Leeseo,[0.880],"[0.014, 0.017, 0.001, 0.345, 0.046, 0.880, 0.096]"
135.88,135.92,Leeseo,0.8813787698745728,Leeseo,[0.881],"[0.016, 0.016, 0.001, 0.350, 0.046, 0.881, 0.102]"
135.92,135.96,Leeseo,0.8821659684181213,Leeseo,[0.882],"[0.018, 0.015, 0.001, 0.354, 0.047, 0.882, 0.107]"
135.96,136.0,Leeseo,0.8819096088409424,Leeseo,[0.882],"[0.021, 0.014, 0.001, 0.358, 0.048, 0.882, 0.110]"
136.0,136.04,Leeseo,0.8804985880851746,Leeseo,[0.880],"[0.023, 0.014, 0.001, 0.360, 0.050, 0.880, 0.113]"
136.04,136.08,Leeseo,0.8778020143508911,Leeseo,[0.878],"[0.025, 0.013, 0.001, 0.362, 0.052, 0.878, 0.115]"
136.08,136.12,Leeseo,0.8736976385116577,Leeseo,[0.874],"[0.027, 0.013, 0.001, 0.362, 0.055, 0.874, 0.115]"
136.12,136.16,Leeseo,0.8680518269538879,Leeseo,[0.868],"[0.029, 0.013, 0.001, 0.361, 0.058, 0.868, 0.113]"
136.16,136.2,Leeseo,0.8607115745544434,Leeseo,[0.861],"[0.030, 0.014, 0.001, 0.359, 0.062, 0.861, 0.111]"
136.2,136.24,Leeseo,0.8514531254768372,Leeseo,[0.851],"[0.031, 0.014, 0.001, 0.355, 0.067, 0.851, 0.107]"
136.24,136.28,Leeseo,0.8399906158447266,Leeseo,[0.840],"[0.031, 0.015, 0.001, 0.350, 0.073, 0.840, 0.102]"
136.28,136.32,Leeseo,0.8259989023208618,Leeseo,[0.826],"[0.031, 0.016, 0.001, 0.343, 0.079, 0.826, 0.096]"
136.32,136.36,Leeseo,0.8091954588890076,Leeseo,[0.809],"[0.031, 0.017, 0.001, 0.335, 0.085, 0.809, 0.090]"
136.36,136.4,Leeseo,0.7892416715621948,Leeseo,[0.789],"[0.030, 0.019, 0.001, 0.324, 0.092, 0.789, 0.083]"
136.4,136.44,Leeseo,0.7657898664474487,Leeseo,[0.766],"[0.029, 0.021, 0.001, 0.312, 0.099, 0.766, 0.076]"
136.44,136.48,Leeseo,0.7385711669921875,Leeseo,[0.739],"[0.028, 0.023, 0.000, 0.297, 0.106, 0.739, 0.069]"
136.48,136.52,Leeseo,0.7074223160743713,Leeseo,[0.707],"[0.026, 0.027, 0.000, 0.281, 0.112, 0.707, 0.062]"
136.52,136.56,Leeseo,0.6723100543022156,Leeseo,[0.672],"[0.024, 0.031, 0.000, 0.263, 0.119, 0.672, 0.056]"
136.56,136.6,Leeseo,0.6333990693092346,Leeseo,[0.633],"[0.023, 0.037, 0.000, 0.245, 0.124, 0.633, 0.050]"
136.6,136.64,Leeseo,0.5911186933517456,Leeseo,[0.591],"[0.021, 0.044, 0.000, 0.225, 0.129, 0.591, 0.044]"
136.64,136.68,Leeseo,0.5461294651031494,,[],"[0.019, 0.054, 0.000, 0.206, 0.133, 0.546, 0.039]"
136.68,136.72,Leeseo,0.4993225038051605,,[],"[0.017, 0.067, 0.000, 0.186, 0.136, 0.499, 0.035]"
136.72,136.76,Leeseo,0.4517847001552582,,[],"[0.015, 0.084, 0.000, 0.167, 0.138, 0.452, 0.031]"
136.76,136.8,Leeseo,0.404732882976532,,[],"[0.014, 0.106, 0.000, 0.148, 0.139, 0.405, 0.027]"
136.8,136.84,Leeseo,0.35935500264167786,,[],"[0.012, 0.134, 0.000, 0.131, 0.138, 0.359, 0.024]"
136.84,136.88,Leeseo,0.31663164496421814,,[],"[0.011, 0.169, 0.000, 0.115, 0.137, 0.317, 0.022]"
136.88,136.92,Leeseo,0.27728384733200073,,[],"[0.009, 0.213, 0.000, 0.101, 0.135, 0.277, 0.020]"
136.92,136.96,Yujin,0.2655877470970154,,[],"[0.008, 0.266, 0.000, 0.088, 0.132, 0.242, 0.018]"
136.96,137.0,Yujin,0.32575350999832153,,[],"[0.007, 0.326, 0.000, 0.076, 0.128, 0.210, 0.016]"
137.0,137.04,Yujin,0.39196640253067017,,[],"[0.006, 0.392, 0.000, 0.066, 0.124, 0.183, 0.015]"
137.04,137.08,Yujin,0.46149176359176636,,[],"[0.005, 0.461, 0.000, 0.057, 0.120, 0.159, 0.014]"
137.08,137.12,Yujin,0.5310716032981873,,[],"[0.005, 0.531, 0.000, 0.050, 0.115, 0.139, 0.013]"
137.12,137.16,Yujin,0.597602128982544,,[],"[0.004, 0.598, 0.000, 0.043, 0.111, 0.121, 0.013]"
137.16,137.2,Yujin,0.6586427092552185,Yujin,[0.659],"[0.004, 0.659, 0.000, 0.038, 0.107, 0.106, 0.012]"
137.2,137.24,Yujin,0.7126621007919312,Yujin,[0.713],"[0.003, 0.713, 0.000, 0.033, 0.103, 0.094, 0.012]"
137.24,137.28,Yujin,0.7590545415878296,Yujin,[0.759],"[0.003, 0.759, 0.000, 0.029, 0.099, 0.083, 0.011]"
137.28,137.32,Yujin,0.7979226112365723,Yujin,[0.798],"[0.003, 0.798, 0.000, 0.026, 0.096, 0.075, 0.011]"
137.32,137.36,Yujin,0.8298904895782471,Yujin,[0.830],"[0.002, 0.830, 0.000, 0.023, 0.094, 0.067, 0.011]"
137.36,137.4,Yujin,0.855833888053894,Yujin,[0.856],"[0.002, 0.856, 0.000, 0.021, 0.092, 0.061, 0.011]"
137.4,137.44,Yujin,0.8767005801200867,Yujin,[0.877],"[0.002, 0.877, 0.000, 0.019, 0.091, 0.056, 0.011]"
137.44,137.48,Yujin,0.8934140801429749,Yujin,[0.893],"[0.002, 0.893, 0.000, 0.017, 0.091, 0.051, 0.011]"
137.48,137.52,Yujin,0.9067633152008057,Yujin,[0.907],"[0.002, 0.907, 0.000, 0.016, 0.092, 0.047, 0.011]"
137.52,137.56,Yujin,0.9174125790596008,Yujin,[0.917],"[0.002, 0.917, 0.000, 0.015, 0.093, 0.043, 0.011]"
137.56,137.6,Yujin,0.9258975982666016,Yujin,[0.926],"[0.002, 0.926, 0.000, 0.014, 0.095, 0.040, 0.011]"
137.6,137.64,Yujin,0.9326440095901489,Yujin,[0.933],"[0.002, 0.933, 0.000, 0.014, 0.098, 0.037, 0.011]"
137.64,137.68,Yujin,0.9379957914352417,Yujin,[0.938],"[0.002, 0.938, 0.000, 0.013, 0.102, 0.035, 0.010]"
137.68,137.72,Yujin,0.9422373175621033,Yujin,[0.942],"[0.002, 0.942, 0.000, 0.013, 0.107, 0.032, 0.010]"
137.72,137.76,Yujin,0.9456004500389099,Yujin,[0.946],"[0.001, 0.946, 0.000, 0.012, 0.112, 0.030, 0.010]"
137.76,137.8,Yujin,0.9482689499855042,Yujin,[0.948],"[0.001, 0.948, 0.000, 0.012, 0.118, 0.029, 0.010]"
137.8,137.84,Yujin,0.9504006505012512,Yujin,[0.950],"[0.002, 0.950, 0.000, 0.012, 0.124, 0.027, 0.009]"
137.84,137.88,Yujin,0.9521319270133972,Yujin,[0.952],"[0.002, 0.952, 0.000, 0.012, 0.131, 0.026, 0.009]"
137.88,137.92,Yujin,0.9535921216011047,Yujin,[0.954],"[0.002, 0.954, 0.000, 0.013, 0.138, 0.024, 0.008]"
137.92,137.96,Yujin,0.9548977613449097,Yujin,[0.955],"[0.002, 0.955, 0.000, 0.013, 0.144, 0.023, 0.007]"
137.96,138.0,Yujin,0.9561560153961182,Yujin,[0.956],"[0.002, 0.956, 0.000, 0.013, 0.150, 0.022, 0.006]"
138.0,138.04,Yujin,0.9574217796325684,Yujin,[0.957],"[0.002, 0.957, 0.000, 0.014, 0.156, 0.022, 0.006]"
138.04,138.08,Yujin,0.9587031006813049,Yujin,[0.959],"[0.002, 0.959, 0.000, 0.014, 0.161, 0.021, 0.005]"
138.08,138.12,Yujin,0.9599996209144592,Yujin,[0.960],"[0.002, 0.960, 0.000, 0.015, 0.164, 0.021, 0.004]"
138.12,138.16,Yujin,0.9613196849822998,Yujin,[0.961],"[0.002, 0.961, 0.001, 0.016, 0.167, 0.020, 0.004]"
138.16,138.2,Yujin,0.9626667499542236,Yujin,[0.963],"[0.003, 0.963, 0.001, 0.017, 0.168, 0.020, 0.003]"
138.2,138.24,Yujin,0.9640449285507202,Yujin,[0.964],"[0.003, 0.964, 0.001, 0.018, 0.168, 0.020, 0.003]"
138.24,138.28,Yujin,0.9654574990272522,Yujin,[0.965],"[0.003, 0.965, 0.001, 0.020, 0.167, 0.020, 0.002]"
138.28,138.32,Yujin,0.9669068455696106,Yujin,[0.967],"[0.003, 0.967, 0.001, 0.021, 0.165, 0.020, 0.002]"
138.32,138.36,Yujin,0.9683806300163269,Yujin,[0.968],"[0.004, 0.968, 0.001, 0.023, 0.162, 0.020, 0.001]"
138.36,138.4,Yujin,0.9698596596717834,Yujin,[0.970],"[0.004, 0.970, 0.001, 0.025, 0.158, 0.020, 0.001]"
138.4,138.44,Yujin,0.9713184237480164,Yujin,[0.971],"[0.004, 0.971, 0.001, 0.028, 0.153, 0.020, 0.001]"
138.44,138.48,Yujin,0.9727301597595215,Yujin,[0.973],"[0.005, 0.973, 0.001, 0.031, 0.148, 0.020, 0.001]"
138.48,138.52,Yujin,0.9740720391273499,Yujin,[0.974],"[0.005, 0.974, 0.001, 0.034, 0.143, 0.021, 0.001]"
138.52,138.56,Yujin,0.9753221273422241,Yujin,[0.975],"[0.005, 0.975, 0.001, 0.037, 0.137, 0.021, 0.000]"
138.56,138.6,Yujin,0.9764614105224609,Yujin,[0.976],"[0.006, 0.976, 0.002, 0.041, 0.132, 0.022, 0.000]"
138.6,138.64,Yujin,0.9774747490882874,Yujin,[0.977],"[0.006, 0.977, 0.002, 0.046, 0.126, 0.023, 0.000]"
138.64,138.68,Yujin,0.9783505797386169,Yujin,[0.978],"[0.006, 0.978, 0.002, 0.050, 0.120, 0.023, 0.000]"
138.68,138.72,Yujin,0.9790835976600647,Yujin,[0.979],"[0.006, 0.979, 0.002, 0.056, 0.114, 0.024, 0.000]"
138.72,138.76,Yujin,0.9796701669692993,Yujin,[0.980],"[0.006, 0.980, 0.003, 0.061, 0.108, 0.025, 0.000]"
138.76,138.8,Yujin,0.9801106452941895,Yujin,[0.980],"[0.006, 0.980, 0.003, 0.068, 0.102, 0.026, 0.000]"
138.8,138.84,Yujin,0.9804064035415649,Yujin,[0.980],"[0.006, 0.980, 0.003, 0.074, 0.097, 0.028, 0.000]"
138.84,138.88,Yujin,0.9805575609207153,Yujin,[0.981],"[0.006, 0.981, 0.004, 0.081, 0.092, 0.029, 0.000]"
138.88,138.92,Yujin,0.980564534664154,Yujin,[0.981],"[0.006, 0.981, 0.004, 0.088, 0.086, 0.030, 0.000]"
138.92,138.96,Yujin,0.9804321527481079,Yujin,[0.980],"[0.006, 0.980, 0.004, 0.095, 0.081, 0.031, 0.000]"
138.96,139.0,Yujin,0.980164647102356,Yujin,[0.980],"[0.006, 0.980, 0.004, 0.102, 0.077, 0.032, 0.000]"
139.0,139.04,Yujin,0.9797646999359131,Yujin,[0.980],"[0.005, 0.980, 0.004, 0.109, 0.072, 0.033, 0.000]"
139.04,139.08,Yujin,0.9792319536209106,Yujin,[0.979],"[0.005, 0.979, 0.005, 0.116, 0.068, 0.034, 0.000]"
139.08,139.12,Yujin,0.9785701632499695,Yujin,[0.979],"[0.005, 0.979, 0.005, 0.122, 0.064, 0.035, 0.000]"
139.12,139.16,Yujin,0.977786123752594,Yujin,[0.978],"[0.005, 0.978, 0.004, 0.129, 0.061, 0.035, 0.000]"
139.16,139.2,Yujin,0.9768882989883423,Yujin,[0.977],"[0.005, 0.977, 0.004, 0.135, 0.057, 0.036, 0.000]"
139.2,139.24,Yujin,0.9758880734443665,Yujin,[0.976],"[0.005, 0.976, 0.004, 0.140, 0.054, 0.036, 0.000]"
139.24,139.28,Yujin,0.9748002886772156,Yujin,[0.975],"[0.004, 0.975, 0.004, 0.145, 0.051, 0.036, 0.000]"
139.28,139.32,Yujin,0.9736477136611938,Yujin,[0.974],"[0.004, 0.974, 0.004, 0.150, 0.048, 0.035, 0.000]"
139.32,139.36,Yujin,0.9724598526954651,Yujin,[0.972],"[0.004, 0.972, 0.003, 0.154, 0.045, 0.035, 0.000]"
139.36,139.4,Yujin,0.9712692499160767,Yujin,[0.971],"[0.004, 0.971, 0.003, 0.159, 0.043, 0.034, 0.000]"
139.4,139.44,Yujin,0.9701076149940491,Yujin,[0.970],"[0.004, 0.970, 0.003, 0.162, 0.040, 0.033, 0.000]"
139.44,139.48,Yujin,0.9690034985542297,Yujin,[0.969],"[0.004, 0.969, 0.003, 0.166, 0.038, 0.031, 0.000]"
139.48,139.52,Yujin,0.967982828617096,Yujin,[0.968],"[0.004, 0.968, 0.002, 0.169, 0.035, 0.030, 0.000]"
139.52,139.56,Yujin,0.9670741558074951,Yujin,[0.967],"[0.004, 0.967, 0.002, 0.172, 0.033, 0.028, 0.000]"
139.56,139.6,Yujin,0.966301441192627,Yujin,[0.966],"[0.004, 0.966, 0.002, 0.175, 0.031, 0.027, 0.000]"
139.6,139.64,Yujin,0.965683102607727,Yujin,[0.966],"[0.004, 0.966, 0.002, 0.178, 0.029, 0.025, 0.000]"
139.64,139.68,Yujin,0.9652314186096191,Yujin,[0.965],"[0.004, 0.965, 0.002, 0.180, 0.027, 0.023, 0.000]"
139.68,139.72,Yujin,0.9649452567100525,Yujin,[0.965],"[0.004, 0.965, 0.001, 0.181, 0.025, 0.021, 0.000]"
139.72,139.76,Yujin,0.9648164510726929,Yujin,[0.965],"[0.004, 0.965, 0.001, 0.182, 0.024, 0.019, 0.000]"
139.76,139.8,Yujin,0.9648234248161316,Yujin,[0.965],"[0.004, 0.965, 0.001, 0.181, 0.023, 0.017, 0.000]"
139.8,139.84,Yujin,0.9649407267570496,Yujin,[0.965],"[0.005, 0.965, 0.001, 0.180, 0.021, 0.015, 0.000]"
139.84,139.88,Yujin,0.9651409983634949,Yujin,[0.965],"[0.005, 0.965, 0.001, 0.178, 0.020, 0.014, 0.000]"
139.88,139.92,Yujin,0.9653950333595276,Yujin,[0.965],"[0.005, 0.965, 0.001, 0.175, 0.019, 0.012, 0.001]"
139.92,139.96,Yujin,0.9656665325164795,Yujin,[0.966],"[0.005, 0.966, 0.001, 0.171, 0.019, 0.010, 0.001]"
139.96,140.0,Yujin,0.9659197330474854,Yujin,[0.966],"[0.005, 0.966, 0.001, 0.166, 0.018, 0.009, 0.001]"
140.0,140.04,Yujin,0.9661307334899902,Yujin,[0.966],"[0.005, 0.966, 0.001, 0.160, 0.018, 0.007, 0.001]"
140.04,140.08,Yujin,0.9662777781486511,Yujin,[0.966],"[0.006, 0.966, 0.001, 0.153, 0.018, 0.006, 0.001]"
140.08,140.12,Yujin,0.9663388729095459,Yujin,[0.966],"[0.006, 0.966, 0.001, 0.145, 0.018, 0.005, 0.001]"
140.12,140.16,Yujin,0.9662964344024658,Yujin,[0.966],"[0.006, 0.966, 0.001, 0.136, 0.018, 0.004, 0.001]"
140.16,140.2,Yujin,0.966135561466217,Yujin,[0.966],"[0.006, 0.966, 0.001, 0.127, 0.018, 0.003, 0.002]"
140.2,140.24,Yujin,0.9658347368240356,Yujin,[0.966],"[0.006, 0.966, 0.000, 0.117, 0.019, 0.003, 0.002]"
140.24,140.28,Yujin,0.9653785824775696,Yujin,[0.965],"[0.007, 0.965, 0.000, 0.107, 0.019, 0.002, 0.002]"
140.28,140.32,Yujin,0.9647517204284668,Yujin,[0.965],"[0.007, 0.965, 0.000, 0.097, 0.020, 0.002, 0.003]"
140.32,140.36,Yujin,0.9639489650726318,Yujin,[0.964],"[0.007, 0.964, 0.000, 0.087, 0.021, 0.001, 0.003]"
140.36,140.4,Yujin,0.9629820585250854,Yujin,[0.963],"[0.007, 0.963, 0.000, 0.077, 0.023, 0.001, 0.004]"
140.4,140.44,Yujin,0.9618760943412781,Yujin,[0.962],"[0.007, 0.962, 0.000, 0.068, 0.024, 0.001, 0.005]"
140.44,140.48,Yujin,0.9606602191925049,Yujin,[0.961],"[0.007, 0.961, 0.000, 0.060, 0.026, 0.001, 0.005]"
140.48,140.52,Yujin,0.9593711495399475,Yujin,[0.959],"[0.007, 0.959, 0.000, 0.052, 0.028, 0.001, 0.006]"
140.52,140.56,Yujin,0.9580535888671875,Yujin,[0.958],"[0.008, 0.958, 0.000, 0.046, 0.030, 0.000, 0.007]"
140.56,140.6,Yujin,0.9567580819129944,Yujin,[0.957],"[0.008, 0.957, 0.000, 0.040, 0.033, 0.000, 0.007]"
140.6,140.64,Yujin,0.9555419087409973,Yujin,[0.956],"[0.008, 0.956, 0.000, 0.035, 0.036, 0.000, 0.008]"
140.64,140.68,Yujin,0.9544587135314941,Yujin,[0.954],"[0.008, 0.954, 0.000, 0.031, 0.039, 0.000, 0.009]"
140.68,140.72,Yujin,0.9535587430000305,Yujin,[0.954],"[0.008, 0.954, 0.000, 0.028, 0.042, 0.000, 0.009]"
140.72,140.76,Yujin,0.9528927206993103,Yujin,[0.953],"[0.008, 0.953, 0.000, 0.025, 0.046, 0.000, 0.010]"
140.76,140.8,Yujin,0.9525139927864075,Yujin,[0.953],"[0.008, 0.953, 0.000, 0.022, 0.050, 0.000, 0.010]"
140.8,140.84,Yujin,0.9524714946746826,Yujin,[0.952],"[0.008, 0.952, 0.000, 0.020, 0.054, 0.000, 0.010]"
140.84,140.88,Yujin,0.952793538570404,Yujin,[0.953],"[0.008, 0.953, 0.000, 0.019, 0.059, 0.000, 0.010]"
140.88,140.92,Yujin,0.9534775614738464,Yujin,[0.953],"[0.008, 0.953, 0.000, 0.017, 0.063, 0.000, 0.010]"
140.92,140.96,Yujin,0.9544983506202698,Yujin,[0.954],"[0.008, 0.954, 0.000, 0.016, 0.068, 0.000, 0.010]"
140.96,141.0,Yujin,0.955813467502594,Yujin,[0.956],"[0.008, 0.956, 0.000, 0.016, 0.073, 0.000, 0.010]"
141.0,141.04,Yujin,0.957371175289154,Yujin,[0.957],"[0.008, 0.957, 0.000, 0.015, 0.077, 0.000, 0.009]"
141.04,141.08,Yujin,0.9591181874275208,Yujin,[0.959],"[0.008, 0.959, 0.000, 0.015, 0.082, 0.000, 0.009]"
141.08,141.12,Yujin,0.9609892964363098,Yujin,[0.961],"[0.008, 0.961, 0.000, 0.015, 0.085, 0.000, 0.008]"
141.12,141.16,Yujin,0.9629154205322266,Yujin,[0.963],"[0.008, 0.963, 0.000, 0.016, 0.089, 0.000, 0.008]"
141.16,141.2,Yujin,0.9648259878158569,Yujin,[0.965],"[0.008, 0.965, 0.001, 0.016, 0.092, 0.000, 0.007]"
141.2,141.24,Yujin,0.966669499874115,Yujin,[0.967],"[0.008, 0.967, 0.001, 0.017, 0.094, 0.000, 0.007]"
141.24,141.28,Yujin,0.9684140682220459,Yujin,[0.968],"[0.007, 0.968, 0.001, 0.019, 0.096, 0.000, 0.006]"
141.28,141.32,Yujin,0.970039427280426,Yujin,[0.970],"[0.007, 0.970, 0.001, 0.020, 0.097, 0.000, 0.005]"
141.32,141.36,Yujin,0.9715291261672974,Yujin,[0.972],"[0.007, 0.972, 0.001, 0.022, 0.098, 0.000, 0.005]"
141.36,141.4,Yujin,0.9728711843490601,Yujin,[0.973],"[0.006, 0.973, 0.002, 0.025, 0.098, 0.000, 0.005]"
141.4,141.44,Yujin,0.9740541577339172,Yujin,[0.974],"[0.006, 0.974, 0.002, 0.028, 0.098, 0.000, 0.004]"
141.44,141.48,Yujin,0.9750682711601257,Yujin,[0.975],"[0.006, 0.975, 0.002, 0.031, 0.098, 0.000, 0.004]"
141.48,141.52,Yujin,0.9759100079536438,Yujin,[0.976],"[0.006, 0.976, 0.003, 0.035, 0.098, 0.000, 0.004]"
141.52,141.56,Yujin,0.9765768051147461,Yujin,[0.977],"[0.005, 0.977, 0.004, 0.039, 0.097, 0.000, 0.003]"
141.56,141.6,Yujin,0.9770663380622864,Yujin,[0.977],"[0.005, 0.977, 0.005, 0.044, 0.096, 0.000, 0.003]"
141.6,141.64,Yujin,0.9773736000061035,Yujin,[0.977],"[0.005, 0.977, 0.006, 0.050, 0.096, 0.000, 0.003]"
141.64,141.68,Yujin,0.9774957895278931,Yujin,[0.977],"[0.005, 0.977, 0.008, 0.056, 0.096, 0.000, 0.003]"
141.68,141.72,Yujin,0.9774330258369446,Yujin,[0.977],"[0.004, 0.977, 0.010, 0.063, 0.096, 0.000, 0.003]"
141.72,141.76,Yujin,0.9771906137466431,Yujin,[0.977],"[0.004, 0.977, 0.013, 0.070, 0.096, 0.000, 0.002]"
141.76,141.8,Yujin,0.9767796397209167,Yujin,[0.977],"[0.004, 0.977, 0.015, 0.079, 0.097, 0.000, 0.002]"
141.8,141.84,Yujin,0.9762110710144043,Yujin,[0.976],"[0.004, 0.976, 0.018, 0.087, 0.098, 0.000, 0.002]"
141.84,141.88,Yujin,0.9754968881607056,Yujin,[0.975],"[0.004, 0.975, 0.022, 0.097, 0.099, 0.000, 0.002]"
141.88,141.92,Yujin,0.9746500253677368,Yujin,[0.975],"[0.004, 0.975, 0.025, 0.106, 0.102, 0.000, 0.002]"
141.92,141.96,Yujin,0.9736887216567993,Yujin,[0.974],"[0.004, 0.974, 0.029, 0.117, 0.104, 0.000, 0.002]"
141.96,142.0,Yujin,0.9726344347000122,Yujin,[0.973],"[0.004, 0.973, 0.032, 0.127, 0.107, 0.000, 0.002]"
142.0,142.04,Yujin,0.9715107679367065,Yujin,[0.972],"[0.004, 0.972, 0.035, 0.138, 0.110, 0.000, 0.002]"
142.04,142.08,Yujin,0.9703421592712402,Yujin,[0.970],"[0.004, 0.970, 0.038, 0.149, 0.114, 0.000, 0.002]"
142.08,142.12,Yujin,0.9691453576087952,Yujin,[0.969],"[0.004, 0.969, 0.039, 0.161, 0.118, 0.000, 0.002]"
142.12,142.16,Yujin,0.9679229855537415,Yujin,[0.968],"[0.004, 0.968, 0.040, 0.172, 0.123, 0.000, 0.002]"
142.16,142.2,Yujin,0.9666711688041687,Yujin,[0.967],"[0.004, 0.967, 0.040, 0.184, 0.128, 0.000, 0.002]"
142.2,142.24,Yujin,0.9653879404067993,Yujin,[0.965],"[0.004, 0.965, 0.040, 0.195, 0.133, 0.000, 0.002]"
142.24,142.28,Yujin,0.9640703201293945,Yujin,[0.964],"[0.004, 0.964, 0.038, 0.206, 0.138, 0.000, 0.002]"
142.28,142.32,Yujin,0.9627125263214111,Yujin,[0.963],"[0.005, 0.963, 0.036, 0.217, 0.143, 0.000, 0.002]"
142.32,142.36,Yujin,0.9612912535667419,Yujin,[0.961],"[0.005, 0.961, 0.034, 0.229, 0.148, 0.000, 0.002]"
142.36,142.4,Yujin,0.9597644209861755,Yujin,[0.960],"[0.005, 0.960, 0.031, 0.240, 0.153, 0.000, 0.002]"
142.4,142.44,Yujin,0.9580776691436768,Yujin,[0.958],"[0.006, 0.958, 0.028, 0.251, 0.158, 0.000, 0.002]"
142.44,142.48,Yujin,0.9561732411384583,Yujin,[0.956],"[0.006, 0.956, 0.024, 0.261, 0.162, 0.000, 0.002]"
142.48,142.52,Yujin,0.9539851546287537,Yujin,[0.954],"[0.007, 0.954, 0.021, 0.272, 0.167, 0.000, 0.002]"
142.52,142.56,Yujin,0.9514421820640564,Yujin,[0.951],"[0.008, 0.951, 0.019, 0.282, 0.171, 0.001, 0.002]"
142.56,142.6,Yujin,0.9484736323356628,Yujin,[0.948],"[0.008, 0.948, 0.016, 0.291, 0.176, 0.001, 0.002]"
142.6,142.64,Yujin,0.9449902176856995,Yujin,[0.945],"[0.009, 0.945, 0.013, 0.300, 0.180, 0.001, 0.002]"
142.64,142.68,Yujin,0.9408907294273376,Yujin,[0.941],"[0.011, 0.941, 0.011, 0.309, 0.184, 0.001, 0.002]"
142.68,142.72,Yujin,0.93605637550354,Yujin,[0.936],"[0.012, 0.936, 0.009, 0.316, 0.188, 0.001, 0.002]"
142.72,142.76,Yujin,0.9303383827209473,Yujin,[0.930],"[0.014, 0.930, 0.008, 0.323, 0.191, 0.001, 0.002]"
142.76,142.8,Yujin,0.92353755235672,Yujin,[0.924],"[0.016, 0.924, 0.006, 0.329, 0.195, 0.001, 0.002]"
142.8,142.84,Yujin,0.9153967499732971,Yujin,[0.915],"[0.018, 0.915, 0.005, 0.334, 0.199, 0.001, 0.002]"
142.84,142.88,Yujin,0.9056097865104675,Yujin,[0.906],"[0.021, 0.906, 0.004, 0.337, 0.203, 0.001, 0.002]"
142.88,142.92,Yujin,0.8938694596290588,Yujin,[0.894],"[0.024, 0.894, 0.003, 0.339, 0.208, 0.001, 0.001]"
142.92,142.96,Yujin,0.879840612411499,Yujin,[0.880],"[0.028, 0.880, 0.002, 0.340, 0.213, 0.001, 0.001]"
142.96,143.0,Yujin,0.8631768226623535,Yujin,[0.863],"[0.032, 0.863, 0.002, 0.339, 0.218, 0.001, 0.001]"
143.0,143.04,Yujin,0.8435368537902832,Yujin,[0.844],"[0.038, 0.844, 0.002, 0.337, 0.223, 0.002, 0.001]"
143.04,143.08,Yujin,0.8206032514572144,Yujin,[0.821],"[0.044, 0.821, 0.001, 0.333, 0.230, 0.002, 0.001]"
143.08,143.12,Yujin,0.7941246032714844,Yujin,[0.794],"[0.052, 0.794, 0.001, 0.327, 0.237, 0.002, 0.001]"
143.12,143.16,Yujin,0.7639920115470886,Yujin,[0.764],"[0.061, 0.764, 0.001, 0.319, 0.245, 0.002, 0.001]"
143.16,143.2,Yujin,0.730334997177124,Yujin,[0.730],"[0.071, 0.730, 0.001, 0.310, 0.254, 0.003, 0.001]"
143.2,143.24,Yujin,0.6934901475906372,Yujin,[0.693],"[0.083, 0.693, 0.000, 0.299, 0.265, 0.003, 0.001]"
143.24,143.28,Yujin,0.6539896726608276,Yujin,[0.654],"[0.096, 0.654, 0.000, 0.287, 0.277, 0.004, 0.001]"
143.28,143.32,Yujin,0.6124892234802246,Yujin,[0.612],"[0.110, 0.612, 0.000, 0.273, 0.290, 0.004, 0.001]"
143.32,143.36,Yujin,0.5697817802429199,,[],"[0.126, 0.570, 0.000, 0.259, 0.304, 0.005, 0.001]"
143.36,143.4,Yujin,0.5267968773841858,,[],"[0.142, 0.527, 0.000, 0.244, 0.320, 0.005, 0.001]"
143.4,143.44,Yujin,0.48451724648475647,,[],"[0.160, 0.485, 0.000, 0.229, 0.337, 0.006, 0.001]"
143.44,143.48,Yujin,0.4438454508781433,,[],"[0.177, 0.444, 0.000, 0.214, 0.354, 0.007, 0.001]"
143.48,143.52,Yujin,0.4055134356021881,,[],"[0.194, 0.406, 0.000, 0.199, 0.373, 0.007, 0.001]"
143.52,143.56,Liz,0.39110949635505676,,[],"[0.211, 0.370, 0.000, 0.184, 0.391, 0.008, 0.001]"
143.56,143.6,Liz,0.4094107151031494,,[],"[0.227, 0.338, 0.000, 0.171, 0.409, 0.009, 0.001]"
143.6,143.64,Liz,0.4271882176399231,,[],"[0.241, 0.309, 0.000, 0.158, 0.427, 0.009, 0.001]"
143.64,143.68,Liz,0.44411247968673706,,[],"[0.252, 0.284, 0.000, 0.145, 0.444, 0.010, 0.001]"
143.68,143.72,Liz,0.45990675687789917,,[],"[0.262, 0.263, 0.000, 0.134, 0.460, 0.010, 0.001]"
143.72,143.76,Liz,0.474336713552475,,[],"[0.269, 0.245, 0.000, 0.124, 0.474, 0.011, 0.001]"
143.76,143.8,Liz,0.4872783422470093,,[],"[0.274, 0.230, 0.000, 0.114, 0.487, 0.011, 0.001]"
143.8,143.84,Liz,0.4987888038158417,,[],"[0.275, 0.217, 0.000, 0.106, 0.499, 0.012, 0.001]"
143.84,143.88,Liz,0.5090774893760681,,[],"[0.275, 0.206, 0.000, 0.098, 0.509, 0.012, 0.001]"
143.88,143.92,Liz,0.5184400081634521,,[],"[0.272, 0.197, 0.000, 0.091, 0.518, 0.012, 0.001]"
143.92,143.96,Liz,0.527165949344635,,[],"[0.267, 0.189, 0.000, 0.084, 0.527, 0.013, 0.001]"
143.96,144.0,Liz,0.5355051159858704,,[],"[0.260, 0.182, 0.000, 0.077, 0.536, 0.013, 0.001]"
144.0,144.04,Liz,0.5437348484992981,,[],"[0.251, 0.176, 0.000, 0.071, 0.544, 0.013, 0.001]"
144.04,144.08,Liz,0.5521174669265747,,[],"[0.242, 0.169, 0.000, 0.066, 0.552, 0.014, 0.001]"
144.08,144.12,Liz,0.5609280467033386,,[],"[0.231, 0.163, 0.000, 0.061, 0.561, 0.014, 0.001]"
144.12,144.16,Liz,0.5704271197319031,,[],"[0.220, 0.157, 0.000, 0.056, 0.570, 0.015, 0.001]"
144.16,144.2,Liz,0.5808255672454834,,[],"[0.209, 0.150, 0.000, 0.052, 0.581, 0.016, 0.001]"
144.2,144.24,Liz,0.5922861695289612,,[],"[0.198, 0.144, 0.000, 0.047, 0.592, 0.017, 0.001]"
144.24,144.28,Liz,0.6049397587776184,,[],"[0.187, 0.137, 0.000, 0.043, 0.605, 0.018, 0.002]"
144.28,144.32,Liz,0.6188857555389404,,[],"[0.177, 0.130, 0.000, 0.040, 0.619, 0.019, 0.002]"
144.32,144.36,Liz,0.634155809879303,Liz,[0.634],"[0.167, 0.122, 0.000, 0.036, 0.634, 0.021, 0.002]"
144.36,144.4,Liz,0.6507421135902405,Liz,[0.651],"[0.158, 0.115, 0.000, 0.033, 0.651, 0.023, 0.002]"
144.4,144.44,Liz,0.6685783863067627,Liz,[0.669],"[0.150, 0.107, 0.000, 0.030, 0.669, 0.025, 0.002]"
144.44,144.48,Liz,0.6875463724136353,Liz,[0.688],"[0.142, 0.099, 0.000, 0.027, 0.688, 0.028, 0.002]"
144.48,144.52,Liz,0.707429051399231,Liz,[0.707],"[0.135, 0.092, 0.000, 0.024, 0.707, 0.031, 0.002]"
144.52,144.56,Liz,0.7279297709465027,Liz,[0.728],"[0.130, 0.084, 0.000, 0.022, 0.728, 0.035, 0.002]"
144.56,144.6,Liz,0.7487466931343079,Liz,[0.749],"[0.124, 0.077, 0.000, 0.020, 0.749, 0.039, 0.002]"
144.6,144.64,Liz,0.7695521712303162,Liz,[0.770],"[0.120, 0.071, 0.000, 0.018, 0.770, 0.043, 0.002]"
144.64,144.68,Liz,0.7900203466415405,Liz,[0.790],"[0.116, 0.064, 0.000, 0.016, 0.790, 0.048, 0.002]"
144.68,144.72,Liz,0.8098477125167847,Liz,[0.810],"[0.111, 0.058, 0.000, 0.014, 0.810, 0.054, 0.002]"
144.72,144.76,Liz,0.828775942325592,Liz,[0.829],"[0.108, 0.052, 0.000, 0.013, 0.829, 0.059, 0.002]"
144.76,144.8,Liz,0.846592903137207,Liz,[0.847],"[0.104, 0.047, 0.000, 0.012, 0.847, 0.066, 0.002]"
144.8,144.84,Liz,0.8631370663642883,Liz,[0.863],"[0.099, 0.042, 0.000, 0.011, 0.863, 0.072, 0.002]"
144.84,144.88,Liz,0.8783330917358398,Liz,[0.878],"[0.095, 0.038, 0.000, 0.010, 0.878, 0.079, 0.002]"
144.88,144.92,Liz,0.8921605944633484,Liz,[0.892],"[0.091, 0.034, 0.001, 0.009, 0.892, 0.085, 0.002]"
144.92,144.96,Liz,0.9046297073364258,Liz,[0.905],"[0.086, 0.031, 0.001, 0.008, 0.905, 0.092, 0.002]"
144.96,145.0,Liz,0.9157922863960266,Liz,[0.916],"[0.080, 0.028, 0.001, 0.008, 0.916, 0.098, 0.002]"
145.0,145.04,Liz,0.9257243871688843,Liz,[0.926],"[0.075, 0.025, 0.001, 0.007, 0.926, 0.104, 0.002]"
145.04,145.08,Liz,0.9345022439956665,Liz,[0.935],"[0.069, 0.023, 0.001, 0.007, 0.935, 0.110, 0.002]"
145.08,145.12,Liz,0.9422147870063782,Liz,[0.942],"[0.063, 0.021, 0.001, 0.006, 0.942, 0.115, 0.002]"
145.12,145.16,Liz,0.9489531517028809,Liz,[0.949],"[0.057, 0.019, 0.002, 0.006, 0.949, 0.119, 0.002]"
145.16,145.2,Liz,0.9548100829124451,Liz,[0.955],"[0.051, 0.017, 0.002, 0.006, 0.955, 0.122, 0.002]"
145.2,145.24,Liz,0.9598840475082397,Liz,[0.960],"[0.045, 0.016, 0.003, 0.006, 0.960, 0.125, 0.002]"
145.24,145.28,Liz,0.9642682075500488,Liz,[0.964],"[0.039, 0.015, 0.003, 0.006, 0.964, 0.126, 0.002]"
145.28,145.32,Liz,0.9680476188659668,Liz,[0.968],"[0.034, 0.015, 0.004, 0.006, 0.968, 0.127, 0.002]"
145.32,145.36,Liz,0.9713061451911926,Liz,[0.971],"[0.029, 0.014, 0.005, 0.006, 0.971, 0.128, 0.002]"
145.36,145.4,Liz,0.9741173982620239,Liz,[0.974],"[0.025, 0.013, 0.007, 0.006, 0.974, 0.127, 0.002]"
145.4,145.44,Liz,0.9765433669090271,Liz,[0.977],"[0.021, 0.013, 0.008, 0.006, 0.977, 0.126, 0.002]"
145.44,145.48,Liz,0.9786402583122253,Liz,[0.979],"[0.018, 0.013, 0.011, 0.006, 0.979, 0.125, 0.002]"
145.48,145.52,Liz,0.9804609417915344,Liz,[0.980],"[0.015, 0.013, 0.014, 0.006, 0.980, 0.122, 0.002]"
145.52,145.56,Liz,0.9820506572723389,Liz,[0.982],"[0.013, 0.013, 0.017, 0.006, 0.982, 0.120, 0.002]"
145.56,145.6,Liz,0.9834483861923218,Liz,[0.983],"[0.011, 0.013, 0.021, 0.006, 0.983, 0.116, 0.002]"
145.6,145.64,Liz,0.9846845865249634,Liz,[0.985],"[0.010, 0.014, 0.026, 0.006, 0.985, 0.112, 0.002]"
145.64,145.68,Liz,0.9857825040817261,Liz,[0.986],"[0.008, 0.014, 0.031, 0.006, 0.986, 0.108, 0.002]"
145.68,145.72,Liz,0.9867598414421082,Liz,[0.987],"[0.007, 0.015, 0.038, 0.006, 0.987, 0.104, 0.002]"
145.72,145.76,Liz,0.9876349568367004,Liz,[0.988],"[0.006, 0.016, 0.044, 0.006, 0.988, 0.099, 0.002]"
145.76,145.8,Liz,0.9884247779846191,Liz,[0.988],"[0.006, 0.017, 0.051, 0.006, 0.988, 0.094, 0.002]"
145.8,145.84,Liz,0.9891377091407776,Liz,[0.989],"[0.005, 0.018, 0.057, 0.006, 0.989, 0.089, 0.002]"
145.84,145.88,Liz,0.989774227142334,Liz,[0.990],"[0.005, 0.020, 0.063, 0.006, 0.990, 0.085, 0.002]"
145.88,145.92,Liz,0.9903325438499451,Liz,[0.990],"[0.004, 0.021, 0.068, 0.006, 0.990, 0.080, 0.001]"
145.92,145.96,Liz,0.9908102750778198,Liz,[0.991],"[0.004, 0.023, 0.071, 0.006, 0.991, 0.075, 0.001]"
145.96,146.0,Liz,0.9912080764770508,Liz,[0.991],"[0.004, 0.025, 0.073, 0.006, 0.991, 0.070, 0.001]"
146.0,146.04,Liz,0.9915288686752319,Liz,[0.992],"[0.004, 0.028, 0.074, 0.006, 0.992, 0.065, 0.001]"
146.04,146.08,Liz,0.9917747974395752,Liz,[0.992],"[0.004, 0.031, 0.072, 0.006, 0.992, 0.060, 0.001]"
146.08,146.12,Liz,0.9919465184211731,Liz,[0.992],"[0.004, 0.035, 0.069, 0.006, 0.992, 0.055, 0.001]"
146.12,146.16,Liz,0.9920451641082764,Liz,[0.992],"[0.004, 0.039, 0.064, 0.006, 0.992, 0.050, 0.001]"
146.16,146.2,Liz,0.992070734500885,Liz,[0.992],"[0.004, 0.043, 0.058, 0.005, 0.992, 0.046, 0.001]"
146.2,146.24,Liz,0.9920209050178528,Liz,[0.992],"[0.004, 0.049, 0.052, 0.005, 0.992, 0.042, 0.001]"
146.24,146.28,Liz,0.9918919801712036,Liz,[0.992],"[0.004, 0.055, 0.045, 0.005, 0.992, 0.038, 0.001]"
146.28,146.32,Liz,0.9916797280311584,Liz,[0.992],"[0.005, 0.062, 0.039, 0.005, 0.992, 0.034, 0.001]"
146.32,146.36,Liz,0.9913777112960815,Liz,[0.991],"[0.005, 0.069, 0.033, 0.005, 0.991, 0.030, 0.001]"
146.36,146.4,Liz,0.9909759163856506,Liz,[0.991],"[0.005, 0.078, 0.027, 0.005, 0.991, 0.027, 0.001]"
146.4,146.44,Liz,0.9904608130455017,Liz,[0.990],"[0.006, 0.087, 0.023, 0.005, 0.990, 0.025, 0.001]"
146.44,146.48,Liz,0.9898173213005066,Liz,[0.990],"[0.006, 0.097, 0.019, 0.005, 0.990, 0.022, 0.001]"
146.48,146.52,Liz,0.989028811454773,Liz,[0.989],"[0.007, 0.107, 0.015, 0.005, 0.989, 0.020, 0.002]"
146.52,146.56,Liz,0.9880760908126831,Liz,[0.988],"[0.007, 0.117, 0.013, 0.005, 0.988, 0.018, 0.002]"
146.56,146.6,Liz,0.9869393110275269,Liz,[0.987],"[0.008, 0.128, 0.010, 0.005, 0.987, 0.017, 0.002]"
146.6,146.64,Liz,0.9855949878692627,Liz,[0.986],"[0.009, 0.138, 0.009, 0.005, 0.986, 0.015, 0.002]"
146.64,146.68,Liz,0.9840181469917297,Liz,[0.984],"[0.009, 0.147, 0.007, 0.005, 0.984, 0.014, 0.002]"
146.68,146.72,Liz,0.982181966304779,Liz,[0.982],"[0.010, 0.155, 0.006, 0.005, 0.982, 0.013, 0.002]"
146.72,146.76,Liz,0.9800532460212708,Liz,[0.980],"[0.011, 0.162, 0.005, 0.005, 0.980, 0.013, 0.002]"
146.76,146.8,Liz,0.9775934219360352,Liz,[0.978],"[0.012, 0.168, 0.005, 0.005, 0.978, 0.012, 0.003]"
146.8,146.84,Liz,0.974763810634613,Liz,[0.975],"[0.013, 0.172, 0.004, 0.005, 0.975, 0.012, 0.003]"
146.84,146.88,Liz,0.9715170860290527,Liz,[0.972],"[0.014, 0.175, 0.004, 0.005, 0.972, 0.012, 0.003]"
146.88,146.92,Liz,0.967801034450531,Liz,[0.968],"[0.015, 0.176, 0.003, 0.006, 0.968, 0.012, 0.003]"
146.92,146.96,Liz,0.9635644555091858,Liz,[0.964],"[0.016, 0.175, 0.003, 0.006, 0.964, 0.012, 0.004]"
146.96,147.0,Liz,0.9587544798851013,Liz,[0.959],"[0.017, 0.173, 0.003, 0.006, 0.959, 0.012, 0.004]"
147.0,147.04,Liz,0.9533161520957947,Liz,[0.953],"[0.018, 0.169, 0.003, 0.006, 0.953, 0.013, 0.005]"
147.04,147.08,Liz,0.9471957683563232,Liz,[0.947],"[0.019, 0.164, 0.003, 0.006, 0.947, 0.014, 0.005]"
147.08,147.12,Liz,0.940346360206604,Liz,[0.940],"[0.020, 0.157, 0.003, 0.006, 0.940, 0.014, 0.006]"
147.12,147.16,Liz,0.9327208995819092,Liz,[0.933],"[0.021, 0.150, 0.003, 0.006, 0.933, 0.015, 0.006]"
147.16,147.2,Liz,0.9242895841598511,Liz,[0.924],"[0.023, 0.143, 0.003, 0.006, 0.924, 0.016, 0.007]"
147.2,147.24,Liz,0.9150204062461853,Liz,[0.915],"[0.024, 0.135, 0.003, 0.006, 0.915, 0.018, 0.008]"
147.24,147.28,Liz,0.9048915505409241,Liz,[0.905],"[0.026, 0.127, 0.003, 0.006, 0.905, 0.019, 0.008]"
147.28,147.32,Liz,0.8938930630683899,Liz,[0.894],"[0.027, 0.119, 0.003, 0.006, 0.894, 0.021, 0.009]"
147.32,147.36,Liz,0.8820165395736694,Liz,[0.882],"[0.029, 0.111, 0.003, 0.006, 0.882, 0.022, 0.010]"
147.36,147.4,Liz,0.8692936301231384,Liz,[0.869],"[0.031, 0.104, 0.003, 0.006, 0.869, 0.024, 0.010]"
147.4,147.44,Liz,0.855810821056366,Liz,[0.856],"[0.032, 0.097, 0.003, 0.006, 0.856, 0.025, 0.011]"
147.44,147.48,Liz,0.8416890501976013,Liz,[0.842],"[0.034, 0.091, 0.003, 0.006, 0.842, 0.027, 0.012]"
147.48,147.52,Liz,0.8270824551582336,Liz,[0.827],"[0.036, 0.086, 0.003, 0.006, 0.827, 0.028, 0.012]"
147.52,147.56,Liz,0.8121538758277893,Liz,[0.812],"[0.038, 0.081, 0.004, 0.006, 0.812, 0.030, 0.013]"
147.56,147.6,Liz,0.7970593571662903,Liz,[0.797],"[0.040, 0.077, 0.004, 0.006, 0.797, 0.031, 0.014]"
147.6,147.64,Liz,0.7819620966911316,Liz,[0.782],"[0.042, 0.073, 0.004, 0.006, 0.782, 0.031, 0.014]"
147.64,147.68,Liz,0.7670454978942871,Liz,[0.767],"[0.044, 0.070, 0.004, 0.006, 0.767, 0.032, 0.015]"
147.68,147.72,Liz,0.7524777054786682,Liz,[0.752],"[0.045, 0.068, 0.004, 0.006, 0.752, 0.032, 0.015]"
147.72,147.76,Liz,0.7383850812911987,Liz,[0.738],"[0.047, 0.066, 0.004, 0.006, 0.738, 0.032, 0.016]"
147.76,147.8,Liz,0.7248835563659668,Liz,[0.725],"[0.048, 0.065, 0.005, 0.006, 0.725, 0.031, 0.016]"
147.8,147.84,Liz,0.7120862603187561,Liz,[0.712],"[0.049, 0.064, 0.005, 0.007, 0.712, 0.030, 0.017]"
147.84,147.88,Liz,0.7001081705093384,Liz,[0.700],"[0.050, 0.063, 0.005, 0.007, 0.700, 0.029, 0.017]"
147.88,147.92,Liz,0.6890621185302734,Liz,[0.689],"[0.050, 0.063, 0.005, 0.007, 0.689, 0.027, 0.018]"
147.92,147.96,Liz,0.6790856719017029,Liz,[0.679],"[0.050, 0.064, 0.005, 0.007, 0.679, 0.025, 0.018]"
147.96,148.0,Liz,0.6702776551246643,Liz,[0.670],"[0.049, 0.064, 0.006, 0.008, 0.670, 0.023, 0.018]"
148.0,148.04,Liz,0.6626797914505005,Liz,[0.663],"[0.048, 0.065, 0.006, 0.008, 0.663, 0.021, 0.018]"
148.04,148.08,Liz,0.6562904119491577,Liz,[0.656],"[0.047, 0.066, 0.006, 0.009, 0.656, 0.020, 0.018]"
148.08,148.12,Liz,0.6511056423187256,Liz,[0.651],"[0.045, 0.068, 0.007, 0.009, 0.651, 0.018, 0.018]"
148.12,148.16,Liz,0.6470416784286499,Liz,[0.647],"[0.043, 0.069, 0.007, 0.010, 0.647, 0.016, 0.018]"
148.16,148.2,Liz,0.6440065503120422,Liz,[0.644],"[0.041, 0.071, 0.008, 0.010, 0.644, 0.014, 0.017]"
148.2,148.24,Liz,0.6418747901916504,Liz,[0.642],"[0.039, 0.073, 0.009, 0.011, 0.642, 0.013, 0.017]"
148.24,148.28,Liz,0.6403918266296387,Liz,[0.640],"[0.037, 0.075, 0.010, 0.012, 0.640, 0.011, 0.017]"
148.28,148.32,Liz,0.6392740607261658,Liz,[0.639],"[0.034, 0.076, 0.011, 0.013, 0.639, 0.010, 0.016]"
148.32,148.36,Liz,0.6381738781929016,Liz,[0.638],"[0.032, 0.078, 0.012, 0.014, 0.638, 0.009, 0.016]"
148.36,148.4,Liz,0.6367959976196289,Liz,[0.637],"[0.029, 0.079, 0.014, 0.015, 0.637, 0.008, 0.015]"
148.4,148.44,Liz,0.6348798871040344,Liz,[0.635],"[0.027, 0.081, 0.016, 0.016, 0.635, 0.007, 0.015]"
148.44,148.48,Liz,0.6321653723716736,Liz,[0.632],"[0.024, 0.082, 0.018, 0.017, 0.632, 0.006, 0.015]"
148.48,148.52,Liz,0.6284098029136658,Liz,[0.628],"[0.022, 0.082, 0.022, 0.018, 0.628, 0.005, 0.014]"
148.52,148.56,Liz,0.6233911514282227,Liz,[0.623],"[0.020, 0.082, 0.025, 0.020, 0.623, 0.005, 0.014]"
148.56,148.6,Liz,0.6167354583740234,Liz,[0.617],"[0.018, 0.082, 0.029, 0.021, 0.617, 0.004, 0.014]"
148.6,148.64,Liz,0.608079195022583,Liz,[0.608],"[0.016, 0.082, 0.034, 0.022, 0.608, 0.004, 0.013]"
148.64,148.68,Liz,0.5970913767814636,Liz,[0.597],"[0.014, 0.081, 0.040, 0.023, 0.597, 0.004, 0.013]"
148.68,148.72,Liz,0.5835211873054504,Liz,[0.584],"[0.013, 0.080, 0.046, 0.024, 0.584, 0.004, 0.012]"
148.72,148.76,Liz,0.5672071576118469,,[],"[0.011, 0.078, 0.053, 0.024, 0.567, 0.004, 0.012]"
148.76,148.8,Liz,0.5480563640594482,,[],"[0.010, 0.077, 0.060, 0.025, 0.548, 0.003, 0.012]"
148.8,148.84,Liz,0.5260389447212219,,[],"[0.009, 0.075, 0.068, 0.025, 0.526, 0.003, 0.011]"
148.84,148.88,Liz,0.5012196898460388,,[],"[0.008, 0.074, 0.076, 0.025, 0.501, 0.004, 0.011]"
148.88,148.92,Liz,0.4738003611564636,,[],"[0.007, 0.072, 0.084, 0.025, 0.474, 0.004, 0.011]"
148.92,148.96,Liz,0.44412705302238464,,[],"[0.007, 0.070, 0.092, 0.024, 0.444, 0.004, 0.010]"
148.96,149.0,Liz,0.41265714168548584,,[],"[0.006, 0.069, 0.098, 0.023, 0.413, 0.004, 0.010]"
149.0,149.04,Liz,0.3799997866153717,,[],"[0.005, 0.067, 0.104, 0.022, 0.380, 0.005, 0.009]"
149.04,149.08,Liz,0.34684911370277405,,[],"[0.005, 0.066, 0.108, 0.021, 0.347, 0.005, 0.009]"
149.08,149.12,Liz,0.3138580322265625,,[],"[0.005, 0.064, 0.111, 0.020, 0.314, 0.006, 0.009]"
149.12,149.16,Liz,0.2816437780857086,,[],"[0.005, 0.063, 0.113, 0.019, 0.282, 0.007, 0.008]"
149.16,149.2,Liz,0.25073838233947754,,[],"[0.004, 0.061, 0.113, 0.018, 0.251, 0.008, 0.008]"
149.2,149.24,Liz,0.22160914540290833,,[],"[0.004, 0.060, 0.112, 0.017, 0.222, 0.010, 0.008]"
149.24,149.28,Liz,0.19462493062019348,,[],"[0.004, 0.059, 0.109, 0.015, 0.195, 0.012, 0.008]"
149.28,149.32,Liz,0.17003512382507324,,[],"[0.004, 0.058, 0.106, 0.014, 0.170, 0.014, 0.007]"
149.32,149.36,Liz,0.14798133075237274,,[],"[0.004, 0.057, 0.101, 0.013, 0.148, 0.018, 0.007]"
149.36,149.4,Liz,0.1284748911857605,,[],"[0.005, 0.056, 0.097, 0.012, 0.128, 0.022, 0.007]"
149.4,149.44,Liz,0.11142408847808838,,[],"[0.005, 0.055, 0.092, 0.012, 0.111, 0.028, 0.007]"
149.44,149.48,Liz,0.0966801568865776,,[],"[0.005, 0.054, 0.087, 0.011, 0.097, 0.036, 0.007]"
149.48,149.52,Liz,0.084039106965065,,[],"[0.005, 0.053, 0.081, 0.010, 0.084, 0.046, 0.007]"
149.52,149.56,Rei,0.07594626396894455,,[],"[0.005, 0.053, 0.076, 0.010, 0.073, 0.059, 0.006]"
149.56,149.6,Leeseo,0.07488686591386795,,[],"[0.006, 0.052, 0.071, 0.009, 0.064, 0.075, 0.006]"
149.6,149.64,Leeseo,0.09470923990011215,,[],"[0.006, 0.051, 0.066, 0.009, 0.057, 0.095, 0.006]"
149.64,149.68,Leeseo,0.11883849650621414,,[],"[0.007, 0.050, 0.061, 0.008, 0.050, 0.119, 0.006]"
149.68,149.72,Leeseo,0.14758536219596863,,[],"[0.007, 0.050, 0.057, 0.008, 0.045, 0.148, 0.006]"
149.72,149.76,Leeseo,0.18095284700393677,,[],"[0.007, 0.049, 0.053, 0.008, 0.040, 0.181, 0.006]"
149.76,149.8,Leeseo,0.2185799926519394,,[],"[0.008, 0.049, 0.049, 0.008, 0.037, 0.219, 0.006]"
149.8,149.84,Leeseo,0.2597743570804596,,[],"[0.008, 0.048, 0.045, 0.008, 0.034, 0.260, 0.005]"
149.84,149.88,Leeseo,0.3034886121749878,,[],"[0.008, 0.048, 0.042, 0.007, 0.031, 0.303, 0.005]"
149.88,149.92,Leeseo,0.3484216034412384,,[],"[0.009, 0.048, 0.039, 0.008, 0.029, 0.348, 0.005]"
149.92,149.96,Leeseo,0.3932607173919678,,[],"[0.009, 0.048, 0.036, 0.008, 0.027, 0.393, 0.005]"
149.96,150.0,Leeseo,0.43685638904571533,,[],"[0.009, 0.048, 0.034, 0.008, 0.026, 0.437, 0.005]"
150.0,150.04,Leeseo,0.4783588647842407,,[],"[0.009, 0.048, 0.031, 0.008, 0.025, 0.478, 0.005]"
150.04,150.08,Leeseo,0.5171676278114319,,[],"[0.009, 0.049, 0.029, 0.008, 0.024, 0.517, 0.005]"
150.08,150.12,Leeseo,0.5529313683509827,,[],"[0.009, 0.049, 0.026, 0.008, 0.024, 0.553, 0.004]"
150.12,150.16,Leeseo,0.5854968428611755,,[],"[0.009, 0.050, 0.024, 0.009, 0.023, 0.585, 0.004]"
150.16,150.2,Leeseo,0.6149154901504517,,[],"[0.008, 0.050, 0.022, 0.009, 0.023, 0.615, 0.004]"
150.2,150.24,Leeseo,0.6414127349853516,Leeseo,[0.641],"[0.007, 0.051, 0.020, 0.009, 0.023, 0.641, 0.004]"
150.24,150.28,Leeseo,0.6652049422264099,Leeseo,[0.665],"[0.007, 0.052, 0.018, 0.010, 0.023, 0.665, 0.004]"
150.28,150.32,Leeseo,0.6865585446357727,Leeseo,[0.687],"[0.006, 0.052, 0.016, 0.010, 0.024, 0.687, 0.004]"
150.32,150.36,Leeseo,0.7056484818458557,Leeseo,[0.706],"[0.006, 0.053, 0.014, 0.011, 0.024, 0.706, 0.004]"
150.36,150.4,Leeseo,0.7226245999336243,Leeseo,[0.723],"[0.005, 0.054, 0.013, 0.011, 0.025, 0.723, 0.004]"
150.4,150.44,Leeseo,0.737672746181488,Leeseo,[0.738],"[0.004, 0.055, 0.011, 0.011, 0.026, 0.738, 0.004]"
150.44,150.48,Leeseo,0.7510548233985901,Leeseo,[0.751],"[0.004, 0.056, 0.010, 0.011, 0.027, 0.751, 0.004]"
150.48,150.52,Leeseo,0.7630093097686768,Leeseo,[0.763],"[0.003, 0.057, 0.009, 0.012, 0.029, 0.763, 0.004]"
150.52,150.56,Leeseo,0.7736976146697998,Leeseo,[0.774],"[0.003, 0.059, 0.007, 0.012, 0.031, 0.774, 0.004]"
150.56,150.6,Leeseo,0.7832592725753784,Leeseo,[0.783],"[0.002, 0.061, 0.007, 0.012, 0.033, 0.783, 0.004]"
150.6,150.64,Leeseo,0.7918350100517273,Leeseo,[0.792],"[0.002, 0.062, 0.006, 0.012, 0.035, 0.792, 0.004]"
150.64,150.68,Leeseo,0.799562931060791,Leeseo,[0.800],"[0.002, 0.065, 0.005, 0.012, 0.039, 0.800, 0.004]"
150.68,150.72,Leeseo,0.8065861463546753,Leeseo,[0.807],"[0.002, 0.067, 0.004, 0.012, 0.042, 0.807, 0.004]"
150.72,150.76,Leeseo,0.8130576610565186,Leeseo,[0.813],"[0.002, 0.070, 0.004, 0.012, 0.046, 0.813, 0.004]"
150.76,150.8,Leeseo,0.8190985918045044,Leeseo,[0.819],"[0.001, 0.073, 0.003, 0.012, 0.051, 0.819, 0.004]"
150.8,150.84,Leeseo,0.8248119950294495,Leeseo,[0.825],"[0.001, 0.076, 0.003, 0.012, 0.056, 0.825, 0.004]"
150.84,150.88,Leeseo,0.8303049206733704,Leeseo,[0.830],"[0.001, 0.080, 0.003, 0.012, 0.062, 0.830, 0.005]"
150.88,150.92,Leeseo,0.8356921672821045,Leeseo,[0.836],"[0.001, 0.085, 0.002, 0.013, 0.068, 0.836, 0.005]"
150.92,150.96,Leeseo,0.8411211371421814,Leeseo,[0.841],"[0.001, 0.090, 0.002, 0.013, 0.074, 0.841, 0.005]"
150.96,151.0,Leeseo,0.8467332124710083,Leeseo,[0.847],"[0.001, 0.095, 0.002, 0.013, 0.081, 0.847, 0.006]"
151.0,151.04,Leeseo,0.8526319265365601,Leeseo,[0.853],"[0.001, 0.101, 0.002, 0.013, 0.087, 0.853, 0.006]"
151.04,151.08,Leeseo,0.8588793873786926,Leeseo,[0.859],"[0.001, 0.108, 0.002, 0.013, 0.094, 0.859, 0.007]"
151.08,151.12,Leeseo,0.8655242919921875,Leeseo,[0.866],"[0.001, 0.116, 0.002, 0.013, 0.100, 0.866, 0.007]"
151.12,151.16,Leeseo,0.8725935220718384,Leeseo,[0.873],"[0.001, 0.124, 0.002, 0.013, 0.105, 0.873, 0.008]"
151.16,151.2,Leeseo,0.8800857663154602,Leeseo,[0.880],"[0.001, 0.133, 0.002, 0.013, 0.110, 0.880, 0.009]"
151.2,151.24,Leeseo,0.8879647254943848,Leeseo,[0.888],"[0.001, 0.143, 0.002, 0.014, 0.113, 0.888, 0.009]"
151.24,151.28,Leeseo,0.896146297454834,Leeseo,[0.896],"[0.001, 0.154, 0.002, 0.014, 0.116, 0.896, 0.010]"
151.28,151.32,Leeseo,0.9045185446739197,Leeseo,[0.905],"[0.001, 0.165, 0.002, 0.014, 0.117, 0.905, 0.011]"
151.32,151.36,Leeseo,0.9129395484924316,Leeseo,[0.913],"[0.001, 0.176, 0.002, 0.015, 0.117, 0.913, 0.011]"
151.36,151.4,Leeseo,0.9212590456008911,Leeseo,[0.921],"[0.001, 0.189, 0.002, 0.015, 0.115, 0.921, 0.012]"
151.4,151.44,Leeseo,0.9293435215950012,Leeseo,[0.929],"[0.001, 0.201, 0.002, 0.016, 0.112, 0.929, 0.012]"
151.44,151.48,Leeseo,0.9370812773704529,Leeseo,[0.937],"[0.001, 0.214, 0.002, 0.017, 0.108, 0.937, 0.013]"
151.48,151.52,Leeseo,0.9443531632423401,Leeseo,[0.944],"[0.001, 0.227, 0.002, 0.018, 0.102, 0.944, 0.013]"
151.52,151.56,Leeseo,0.9510639905929565,Leeseo,[0.951],"[0.001, 0.240, 0.002, 0.019, 0.096, 0.951, 0.013]"
151.56,151.6,Leeseo,0.9571555852890015,Leeseo,[0.957],"[0.001, 0.253, 0.002, 0.020, 0.088, 0.957, 0.013]"
151.6,151.64,Leeseo,0.9626010656356812,Leeseo,[0.963],"[0.001, 0.265, 0.002, 0.021, 0.080, 0.963, 0.013]"
151.64,151.68,Leeseo,0.9674038887023926,Leeseo,[0.967],"[0.001, 0.277, 0.002, 0.023, 0.072, 0.967, 0.013]"
151.68,151.72,Leeseo,0.9715909957885742,Leeseo,[0.972],"[0.001, 0.288, 0.002, 0.024, 0.063, 0.972, 0.013]"
151.72,151.76,Leeseo,0.9752097725868225,Leeseo,[0.975],"[0.001, 0.298, 0.002, 0.026, 0.055, 0.975, 0.012]"
151.76,151.8,Leeseo,0.9783157110214233,Leeseo,[0.978],"[0.001, 0.306, 0.002, 0.028, 0.047, 0.978, 0.012]"
151.8,151.84,Leeseo,0.9809634685516357,Leeseo,[0.981],"[0.001, 0.314, 0.002, 0.030, 0.040, 0.981, 0.011]"
151.84,151.88,Leeseo,0.9832085967063904,Leeseo,[0.983],"[0.001, 0.320, 0.002, 0.032, 0.034, 0.983, 0.011]"
151.88,151.92,Leeseo,0.985105037689209,Leeseo,[0.985],"[0.001, 0.325, 0.002, 0.034, 0.028, 0.985, 0.010]"
151.92,151.96,Leeseo,0.9867011904716492,Leeseo,[0.987],"[0.001, 0.328, 0.002, 0.037, 0.023, 0.987, 0.010]"
151.96,152.0,Leeseo,0.9880396723747253,Leeseo,[0.988],"[0.001, 0.330, 0.002, 0.039, 0.019, 0.988, 0.009]"
152.0,152.04,Leeseo,0.9891574382781982,Leeseo,[0.989],"[0.000, 0.331, 0.002, 0.041, 0.015, 0.989, 0.009]"
152.04,152.08,Leeseo,0.9900863766670227,Leeseo,[0.990],"[0.000, 0.330, 0.002, 0.044, 0.012, 0.990, 0.008]"
152.08,152.12,Leeseo,0.9908531308174133,Leeseo,[0.991],"[0.000, 0.329, 0.002, 0.046, 0.010, 0.991, 0.008]"
152.12,152.16,Leeseo,0.9914781451225281,Leeseo,[0.991],"[0.000, 0.326, 0.002, 0.049, 0.008, 0.991, 0.007]"
152.16,152.2,Leeseo,0.9919769167900085,Leeseo,[0.992],"[0.000, 0.322, 0.002, 0.052, 0.007, 0.992, 0.007]"
152.2,152.24,Leeseo,0.9923621416091919,Leeseo,[0.992],"[0.000, 0.318, 0.002, 0.055, 0.005, 0.992, 0.006]"
152.24,152.28,Leeseo,0.9926431775093079,Leeseo,[0.993],"[0.000, 0.313, 0.002, 0.058, 0.004, 0.993, 0.006]"
152.28,152.32,Leeseo,0.9928280711174011,Leeseo,[0.993],"[0.000, 0.308, 0.002, 0.061, 0.004, 0.993, 0.006]"
152.32,152.36,Leeseo,0.992924690246582,Leeseo,[0.993],"[0.000, 0.302, 0.002, 0.064, 0.003, 0.993, 0.006]"
152.36,152.4,Leeseo,0.9929378628730774,Leeseo,[0.993],"[0.000, 0.297, 0.002, 0.068, 0.003, 0.993, 0.006]"
152.4,152.44,Leeseo,0.9928701519966125,Leeseo,[0.993],"[0.000, 0.291, 0.001, 0.072, 0.002, 0.993, 0.006]"
152.44,152.48,Leeseo,0.9927207827568054,Leeseo,[0.993],"[0.000, 0.286, 0.001, 0.076, 0.002, 0.993, 0.005]"
152.48,152.52,Leeseo,0.9924877882003784,Leeseo,[0.992],"[0.000, 0.280, 0.001, 0.081, 0.002, 0.992, 0.005]"
152.52,152.56,Leeseo,0.9921666383743286,Leeseo,[0.992],"[0.000, 0.274, 0.001, 0.085, 0.001, 0.992, 0.005]"
152.56,152.6,Leeseo,0.9917508959770203,Leeseo,[0.992],"[0.000, 0.268, 0.001, 0.090, 0.001, 0.992, 0.006]"
152.6,152.64,Leeseo,0.991232693195343,Leeseo,[0.991],"[0.000, 0.261, 0.001, 0.094, 0.001, 0.991, 0.006]"
152.64,152.68,Leeseo,0.9906036257743835,Leeseo,[0.991],"[0.000, 0.255, 0.001, 0.098, 0.001, 0.991, 0.006]"
152.68,152.72,Leeseo,0.9898541569709778,Leeseo,[0.990],"[0.000, 0.248, 0.001, 0.102, 0.001, 0.990, 0.006]"
152.72,152.76,Leeseo,0.9889740943908691,Leeseo,[0.989],"[0.000, 0.242, 0.001, 0.106, 0.001, 0.989, 0.006]"
152.76,152.8,Leeseo,0.9879491329193115,Leeseo,[0.988],"[0.000, 0.235, 0.001, 0.108, 0.001, 0.988, 0.006]"
152.8,152.84,Leeseo,0.986759603023529,Leeseo,[0.987],"[0.000, 0.227, 0.001, 0.110, 0.001, 0.987, 0.006]"
152.84,152.88,Leeseo,0.9853842854499817,Leeseo,[0.985],"[0.000, 0.220, 0.001, 0.111, 0.001, 0.985, 0.006]"
152.88,152.92,Leeseo,0.9837965369224548,Leeseo,[0.984],"[0.000, 0.213, 0.001, 0.111, 0.001, 0.984, 0.007]"
152.92,152.96,Leeseo,0.9819612503051758,Leeseo,[0.982],"[0.000, 0.205, 0.001, 0.110, 0.001, 0.982, 0.007]"
152.96,153.0,Leeseo,0.9798275232315063,Leeseo,[0.980],"[0.000, 0.197, 0.001, 0.108, 0.001, 0.980, 0.007]"
153.0,153.04,Leeseo,0.977332353591919,Leeseo,[0.977],"[0.000, 0.188, 0.001, 0.105, 0.001, 0.977, 0.007]"
153.04,153.08,Leeseo,0.9744057059288025,Leeseo,[0.974],"[0.000, 0.180, 0.001, 0.101, 0.001, 0.974, 0.007]"
153.08,153.12,Leeseo,0.9709700345993042,Leeseo,[0.971],"[0.000, 0.171, 0.001, 0.096, 0.001, 0.971, 0.008]"
153.12,153.16,Leeseo,0.9669387936592102,Leeseo,[0.967],"[0.001, 0.163, 0.001, 0.090, 0.002, 0.967, 0.008]"
153.16,153.2,Leeseo,0.9622142910957336,Leeseo,[0.962],"[0.001, 0.154, 0.001, 0.084, 0.002, 0.962, 0.008]"
153.2,153.24,Leeseo,0.9566882252693176,Leeseo,[0.957],"[0.001, 0.145, 0.001, 0.077, 0.002, 0.957, 0.009]"
153.24,153.28,Leeseo,0.9502522945404053,Leeseo,[0.950],"[0.001, 0.136, 0.001, 0.070, 0.002, 0.950, 0.009]"
153.28,153.32,Leeseo,0.9427953362464905,Leeseo,[0.943],"[0.001, 0.127, 0.001, 0.063, 0.003, 0.943, 0.010]"
153.32,153.36,Leeseo,0.9342039823532104,Leeseo,[0.934],"[0.001, 0.118, 0.001, 0.056, 0.003, 0.934, 0.010]"
153.36,153.4,Leeseo,0.9243959784507751,Leeseo,[0.924],"[0.001, 0.109, 0.001, 0.049, 0.004, 0.924, 0.011]"
153.4,153.44,Leeseo,0.9133326411247253,Leeseo,[0.913],"[0.001, 0.100, 0.001, 0.043, 0.004, 0.913, 0.012]"
153.44,153.48,Leeseo,0.9010043144226074,Leeseo,[0.901],"[0.002, 0.091, 0.001, 0.037, 0.005, 0.901, 0.012]"
153.48,153.52,Leeseo,0.8874595761299133,Leeseo,[0.887],"[0.002, 0.083, 0.001, 0.032, 0.006, 0.887, 0.013]"
153.52,153.56,Leeseo,0.8728182315826416,Leeseo,[0.873],"[0.002, 0.075, 0.001, 0.027, 0.007, 0.873, 0.014]"
153.56,153.6,Leeseo,0.8572601079940796,Leeseo,[0.857],"[0.002, 0.067, 0.001, 0.023, 0.008, 0.857, 0.016]"
153.6,153.64,Leeseo,0.8410085439682007,Leeseo,[0.841],"[0.003, 0.061, 0.001, 0.020, 0.010, 0.841, 0.017]"
153.64,153.68,Leeseo,0.824331521987915,Leeseo,[0.824],"[0.003, 0.054, 0.001, 0.017, 0.012, 0.824, 0.019]"
153.68,153.72,Leeseo,0.8075317144393921,Leeseo,[0.808],"[0.004, 0.048, 0.002, 0.015, 0.014, 0.808, 0.021]"
153.72,153.76,Leeseo,0.7909389734268188,Leeseo,[0.791],"[0.004, 0.043, 0.002, 0.013, 0.017, 0.791, 0.023]"
153.76,153.8,Leeseo,0.7749126553535461,Leeseo,[0.775],"[0.005, 0.038, 0.002, 0.011, 0.020, 0.775, 0.025]"
153.8,153.84,Leeseo,0.759783148765564,Leeseo,[0.760],"[0.006, 0.034, 0.002, 0.010, 0.024, 0.760, 0.028]"
153.84,153.88,Leeseo,0.7457970380783081,Leeseo,[0.746],"[0.007, 0.030, 0.002, 0.009, 0.028, 0.746, 0.031]"
153.88,153.92,Leeseo,0.7330970764160156,Leeseo,[0.733],"[0.008, 0.027, 0.002, 0.008, 0.033, 0.733, 0.034]"
153.92,153.96,Leeseo,0.7218032479286194,Leeseo,[0.722],"[0.009, 0.025, 0.002, 0.007, 0.040, 0.722, 0.037]"
153.96,154.0,Leeseo,0.7119979858398438,Leeseo,[0.712],"[0.011, 0.022, 0.002, 0.007, 0.047, 0.712, 0.041]"
154.0,154.04,Leeseo,0.7037025690078735,Leeseo,[0.704],"[0.013, 0.020, 0.002, 0.006, 0.055, 0.704, 0.045]"
154.04,154.08,Leeseo,0.6968463063240051,Leeseo,[0.697],"[0.015, 0.018, 0.002, 0.006, 0.064, 0.697, 0.049]"
154.08,154.12,Leeseo,0.691231369972229,Leeseo,[0.691],"[0.018, 0.017, 0.002, 0.005, 0.074, 0.691, 0.054]"
154.12,154.16,Leeseo,0.6866206526756287,Leeseo,[0.687],"[0.021, 0.016, 0.002, 0.005, 0.086, 0.687, 0.059]"
154.16,154.2,Leeseo,0.6828460693359375,Leeseo,[0.683],"[0.024, 0.015, 0.002, 0.005, 0.100, 0.683, 0.063]"
154.2,154.24,Leeseo,0.6797465682029724,Leeseo,[0.680],"[0.027, 0.014, 0.002, 0.005, 0.115, 0.680, 0.068]"
154.24,154.28,Leeseo,0.6772003173828125,Leeseo,[0.677],"[0.031, 0.013, 0.001, 0.005, 0.133, 0.677, 0.073]"
154.28,154.32,Leeseo,0.6750743985176086,Leeseo,[0.675],"[0.034, 0.013, 0.001, 0.005, 0.152, 0.675, 0.078]"
154.32,154.36,Leeseo,0.6731491684913635,Leeseo,[0.673],"[0.038, 0.013, 0.001, 0.004, 0.174, 0.673, 0.083]"
154.36,154.4,Leeseo,0.671242356300354,Leeseo,[0.671],"[0.041, 0.012, 0.001, 0.004, 0.197, 0.671, 0.088]"
154.4,154.44,Leeseo,0.6691616773605347,Leeseo,[0.669],"[0.044, 0.012, 0.001, 0.004, 0.223, 0.669, 0.093]"
154.44,154.48,Leeseo,0.6667822003364563,Leeseo,[0.667],"[0.047, 0.013, 0.001, 0.004, 0.250, 0.667, 0.098]"
154.48,154.52,Leeseo,0.6639851331710815,Leeseo,[0.664],"[0.048, 0.013, 0.001, 0.004, 0.279, 0.664, 0.103]"
154.52,154.56,Leeseo,0.6607703566551208,Leeseo,[0.661],"[0.049, 0.013, 0.001, 0.004, 0.308, 0.661, 0.107]"
154.56,154.6,Leeseo,0.6571760177612305,Leeseo,[0.657],"[0.049, 0.014, 0.000, 0.004, 0.337, 0.657, 0.111]"
154.6,154.64,Leeseo,0.6532613635063171,Leeseo,[0.653],"[0.048, 0.014, 0.000, 0.004, 0.366, 0.653, 0.115]"
154.64,154.68,Leeseo,0.6491197347640991,Leeseo,[0.649],"[0.046, 0.015, 0.000, 0.004, 0.394, 0.649, 0.119]"
154.68,154.72,Leeseo,0.6448209285736084,Leeseo,[0.645],"[0.044, 0.016, 0.000, 0.003, 0.421, 0.645, 0.122]"
154.72,154.76,Leeseo,0.6403979659080505,Leeseo,[0.640],"[0.041, 0.016, 0.000, 0.003, 0.446, 0.640, 0.124]"
154.76,154.8,Leeseo,0.6359346508979797,Leeseo,[0.636],"[0.038, 0.017, 0.000, 0.003, 0.470, 0.636, 0.127]"
154.8,154.84,Leeseo,0.6315494775772095,Leeseo,[0.632],"[0.034, 0.018, 0.000, 0.003, 0.491, 0.632, 0.128]"
154.84,154.88,Leeseo,0.6273690462112427,Leeseo,[0.627],"[0.031, 0.019, 0.000, 0.003, 0.510, 0.627, 0.129]"
154.88,154.92,Leeseo,0.623609721660614,Leeseo,[0.624],"[0.027, 0.020, 0.000, 0.003, 0.526, 0.624, 0.130]"
154.92,154.96,Leeseo,0.6205283403396606,Leeseo,[0.621],"[0.024, 0.021, 0.000, 0.002, 0.541, 0.621, 0.130]"
154.96,155.0,Leeseo,0.6184768080711365,Leeseo,[0.618],"[0.021, 0.022, 0.000, 0.002, 0.553, 0.618, 0.129]"
155.0,155.04,Leeseo,0.6178277134895325,Leeseo,[0.618],"[0.018, 0.022, 0.000, 0.002, 0.563, 0.618, 0.128]"
155.04,155.08,Leeseo,0.6189109683036804,Leeseo,[0.619],"[0.015, 0.023, 0.000, 0.002, 0.571, 0.619, 0.126]"
155.08,155.12,Leeseo,0.6219503879547119,Leeseo,[0.622],"[0.013, 0.023, 0.000, 0.002, 0.576, 0.622, 0.123]"
155.12,155.16,Leeseo,0.627079963684082,Leeseo,[0.627],"[0.011, 0.023, 0.000, 0.002, 0.580, 0.627, 0.120]"
155.16,155.2,Leeseo,0.6344276070594788,Leeseo,[0.634],"[0.009, 0.022, 0.000, 0.002, 0.582, 0.634, 0.116]"
155.2,155.24,Leeseo,0.6440401077270508,Leeseo,[0.644],"[0.008, 0.022, 0.000, 0.002, 0.583, 0.644, 0.111]"
155.24,155.28,Leeseo,0.6558926105499268,Leeseo,[0.656],"[0.007, 0.021, 0.000, 0.001, 0.582, 0.656, 0.106]"
155.28,155.32,Leeseo,0.6698734760284424,Leeseo,[0.670],"[0.006, 0.020, 0.000, 0.001, 0.579, 0.670, 0.100]"
155.32,155.36,Leeseo,0.6858466267585754,Leeseo,[0.686],"[0.005, 0.019, 0.001, 0.001, 0.575, 0.686, 0.094]"
155.36,155.4,Leeseo,0.7035307288169861,Leeseo,[0.704],"[0.004, 0.019, 0.001, 0.001, 0.569, 0.704, 0.088]"
155.4,155.44,Leeseo,0.7225191593170166,Leeseo,[0.723],"[0.004, 0.018, 0.001, 0.001, 0.561, 0.723, 0.082]"
155.44,155.48,Leeseo,0.7424001097679138,Leeseo,[0.742],"[0.003, 0.017, 0.001, 0.001, 0.552, 0.742, 0.076]"
155.48,155.52,Leeseo,0.7627373337745667,Leeseo,[0.763],"[0.003, 0.016, 0.001, 0.001, 0.542, 0.763, 0.070]"
155.52,155.56,Leeseo,0.7830695509910583,Leeseo,[0.783],"[0.002, 0.015, 0.001, 0.001, 0.530, 0.783, 0.064]"
155.56,155.6,Leeseo,0.8029618859291077,Leeseo,[0.803],"[0.002, 0.015, 0.001, 0.001, 0.517, 0.803, 0.059]"
155.6,155.64,Leeseo,0.8220555782318115,Leeseo,[0.822],"[0.002, 0.014, 0.002, 0.001, 0.503, 0.822, 0.054]"
155.64,155.68,Leeseo,0.840043842792511,Leeseo,[0.840],"[0.002, 0.014, 0.002, 0.001, 0.488, 0.840, 0.050]"
155.68,155.72,Leeseo,0.8566837906837463,Leeseo,[0.857],"[0.002, 0.014, 0.002, 0.001, 0.472, 0.857, 0.046]"
155.72,155.76,Leeseo,0.8717795610427856,Leeseo,[0.872],"[0.002, 0.014, 0.002, 0.001, 0.455, 0.872, 0.043]"
155.76,155.8,Leeseo,0.8852062225341797,Leeseo,[0.885],"[0.001, 0.014, 0.003, 0.001, 0.437, 0.885, 0.040]"
155.8,155.84,Leeseo,0.8969349265098572,Leeseo,[0.897],"[0.001, 0.014, 0.003, 0.001, 0.419, 0.897, 0.038]"
155.84,155.88,Leeseo,0.9070271849632263,Leeseo,[0.907],"[0.001, 0.014, 0.003, 0.001, 0.399, 0.907, 0.036]"
155.88,155.92,Leeseo,0.9155890941619873,Leeseo,[0.916],"[0.001, 0.015, 0.003, 0.001, 0.380, 0.916, 0.035]"
155.92,155.96,Leeseo,0.9227405786514282,Leeseo,[0.923],"[0.001, 0.015, 0.004, 0.001, 0.360, 0.923, 0.034]"
155.96,156.0,Leeseo,0.9286227822303772,Leeseo,[0.929],"[0.001, 0.016, 0.004, 0.001, 0.340, 0.929, 0.033]"
156.0,156.04,Leeseo,0.9333711862564087,Leeseo,[0.933],"[0.001, 0.017, 0.004, 0.001, 0.320, 0.933, 0.033]"
156.04,156.08,Leeseo,0.9371113777160645,Leeseo,[0.937],"[0.001, 0.018, 0.004, 0.001, 0.300, 0.937, 0.033]"
156.08,156.12,Leeseo,0.9399575591087341,Leeseo,[0.940],"[0.001, 0.019, 0.004, 0.001, 0.281, 0.940, 0.034]"
156.12,156.16,Leeseo,0.9420029520988464,Leeseo,[0.942],"[0.001, 0.020, 0.004, 0.001, 0.262, 0.942, 0.035]"
156.16,156.2,Leeseo,0.9433025121688843,Leeseo,[0.943],"[0.001, 0.022, 0.004, 0.001, 0.243, 0.943, 0.036]"
156.2,156.24,Leeseo,0.9438995718955994,Leeseo,[0.944],"[0.001, 0.024, 0.005, 0.001, 0.225, 0.944, 0.038]"
156.24,156.28,Leeseo,0.9438261389732361,Leeseo,[0.944],"[0.001, 0.026, 0.005, 0.001, 0.207, 0.944, 0.041]"
156.28,156.32,Leeseo,0.9431058764457703,Leeseo,[0.943],"[0.002, 0.028, 0.005, 0.001, 0.190, 0.943, 0.044]"
156.32,156.36,Leeseo,0.9417676329612732,Leeseo,[0.942],"[0.002, 0.030, 0.005, 0.001, 0.174, 0.942, 0.047]"
156.36,156.4,Leeseo,0.939836859703064,Leeseo,[0.940],"[0.002, 0.033, 0.005, 0.001, 0.158, 0.940, 0.051]"
156.4,156.44,Leeseo,0.9373512864112854,Leeseo,[0.937],"[0.002, 0.036, 0.005, 0.001, 0.143, 0.937, 0.055]"
156.44,156.48,Leeseo,0.9343453645706177,Leeseo,[0.934],"[0.002, 0.039, 0.005, 0.001, 0.130, 0.934, 0.060]"
156.48,156.52,Leeseo,0.9308599233627319,Leeseo,[0.931],"[0.002, 0.042, 0.005, 0.001, 0.118, 0.931, 0.066]"
156.52,156.56,Leeseo,0.9269304275512695,Leeseo,[0.927],"[0.002, 0.045, 0.005, 0.001, 0.107, 0.927, 0.071]"
156.56,156.6,Leeseo,0.9225971698760986,Leeseo,[0.923],"[0.002, 0.048, 0.006, 0.001, 0.097, 0.923, 0.078]"
156.6,156.64,Leeseo,0.9179062247276306,Leeseo,[0.918],"[0.002, 0.051, 0.006, 0.002, 0.088, 0.918, 0.084]"
156.64,156.68,Leeseo,0.912921667098999,Leeseo,[0.913],"[0.002, 0.054, 0.006, 0.002, 0.080, 0.913, 0.091]"
156.68,156.72,Leeseo,0.9077290892601013,Leeseo,[0.908],"[0.003, 0.058, 0.007, 0.002, 0.074, 0.908, 0.097]"
156.72,156.76,Leeseo,0.902438223361969,Leeseo,[0.902],"[0.003, 0.061, 0.007, 0.002, 0.068, 0.902, 0.104]"
156.76,156.8,Leeseo,0.897184431552887,Leeseo,[0.897],"[0.003, 0.064, 0.008, 0.002, 0.063, 0.897, 0.111]"
156.8,156.84,Leeseo,0.8921368718147278,Leeseo,[0.892],"[0.003, 0.067, 0.008, 0.002, 0.058, 0.892, 0.117]"
156.84,156.88,Leeseo,0.8874421119689941,Leeseo,[0.887],"[0.003, 0.071, 0.009, 0.003, 0.054, 0.887, 0.123]"
156.88,156.92,Leeseo,0.8832058310508728,Leeseo,[0.883],"[0.004, 0.075, 0.010, 0.003, 0.051, 0.883, 0.128]"
156.92,156.96,Leeseo,0.8795309066772461,Leeseo,[0.880],"[0.004, 0.078, 0.011, 0.003, 0.048, 0.880, 0.133]"
156.96,157.0,Leeseo,0.876483678817749,Leeseo,[0.876],"[0.004, 0.083, 0.011, 0.004, 0.045, 0.876, 0.137]"
157.0,157.04,Leeseo,0.8740927577018738,Leeseo,[0.874],"[0.004, 0.088, 0.013, 0.004, 0.042, 0.874, 0.140]"
157.04,157.08,Leeseo,0.8723849058151245,Leeseo,[0.872],"[0.005, 0.093, 0.014, 0.004, 0.039, 0.872, 0.142]"
157.08,157.12,Leeseo,0.8714057803153992,Leeseo,[0.871],"[0.005, 0.099, 0.015, 0.005, 0.037, 0.871, 0.144]"
157.12,157.16,Leeseo,0.8711976408958435,Leeseo,[0.871],"[0.005, 0.106, 0.016, 0.005, 0.034, 0.871, 0.145]"
157.16,157.2,Leeseo,0.8717630505561829,Leeseo,[0.872],"[0.005, 0.114, 0.017, 0.005, 0.032, 0.872, 0.146]"
157.2,157.24,Leeseo,0.8731167316436768,Leeseo,[0.873],"[0.005, 0.123, 0.018, 0.006, 0.030, 0.873, 0.146]"
157.24,157.28,Leeseo,0.8752468228340149,Leeseo,[0.875],"[0.006, 0.133, 0.020, 0.007, 0.028, 0.875, 0.145]"
157.28,157.32,Leeseo,0.8781275749206543,Leeseo,[0.878],"[0.006, 0.144, 0.021, 0.007, 0.026, 0.878, 0.144]"
157.32,157.36,Leeseo,0.8817185759544373,Leeseo,[0.882],"[0.006, 0.157, 0.022, 0.008, 0.024, 0.882, 0.142]"
157.36,157.4,Leeseo,0.8859578967094421,Leeseo,[0.886],"[0.006, 0.170, 0.022, 0.009, 0.022, 0.886, 0.141]"
157.4,157.44,Leeseo,0.8907628059387207,Leeseo,[0.891],"[0.005, 0.185, 0.023, 0.009, 0.020, 0.891, 0.138]"
157.44,157.48,Leeseo,0.8960233926773071,Leeseo,[0.896],"[0.005, 0.200, 0.023, 0.010, 0.018, 0.896, 0.136]"
157.48,157.52,Leeseo,0.9016197323799133,Leeseo,[0.902],"[0.005, 0.217, 0.024, 0.011, 0.017, 0.902, 0.133]"
157.52,157.56,Leeseo,0.9074486494064331,Leeseo,[0.907],"[0.005, 0.234, 0.024, 0.012, 0.015, 0.907, 0.129]"
157.56,157.6,Leeseo,0.9134049415588379,Leeseo,[0.913],"[0.004, 0.252, 0.024, 0.013, 0.014, 0.913, 0.126]"
157.6,157.64,Leeseo,0.919367790222168,Leeseo,[0.919],"[0.004, 0.270, 0.024, 0.014, 0.013, 0.919, 0.123]"
157.64,157.68,Leeseo,0.9252310991287231,Leeseo,[0.925],"[0.003, 0.289, 0.023, 0.015, 0.012, 0.925, 0.119]"
157.68,157.72,Leeseo,0.9309118986129761,Leeseo,[0.931],"[0.003, 0.306, 0.023, 0.016, 0.011, 0.931, 0.115]"
157.72,157.76,Leeseo,0.9363530278205872,Leeseo,[0.936],"[0.003, 0.324, 0.023, 0.018, 0.010, 0.936, 0.112]"
157.76,157.8,Leeseo,0.9414919018745422,Leeseo,[0.941],"[0.002, 0.340, 0.022, 0.019, 0.009, 0.941, 0.108]"
157.8,157.84,Leeseo,0.9462892413139343,Leeseo,[0.946],"[0.002, 0.356, 0.022, 0.020, 0.008, 0.946, 0.104]"
157.84,157.88,Leeseo,0.9507231712341309,Leeseo,[0.951],"[0.001, 0.371, 0.022, 0.021, 0.008, 0.951, 0.100]"
157.88,157.92,Leeseo,0.9547882080078125,Leeseo,[0.955],"[0.001, 0.384, 0.022, 0.023, 0.007, 0.955, 0.097]"
157.92,157.96,Leeseo,0.9584919214248657,Leeseo,[0.958],"[0.001, 0.396, 0.021, 0.024, 0.007, 0.958, 0.093]"
157.96,158.0,Leeseo,0.961834728717804,Leeseo,[0.962],"[0.001, 0.406, 0.022, 0.025, 0.006, 0.962, 0.090]"
158.0,158.04,Leeseo,0.9648215174674988,Leeseo,[0.965],"[0.001, 0.416, 0.022, 0.027, 0.006, 0.965, 0.086]"
158.04,158.08,Leeseo,0.9674566984176636,Leeseo,[0.967],"[0.001, 0.423, 0.022, 0.028, 0.006, 0.967, 0.083]"
158.08,158.12,Leeseo,0.9697631001472473,Leeseo,[0.970],"[0.000, 0.430, 0.022, 0.029, 0.006, 0.970, 0.080]"
158.12,158.16,Leeseo,0.9717772006988525,Leeseo,[0.972],"[0.000, 0.435, 0.023, 0.030, 0.005, 0.972, 0.077]"
158.16,158.2,Leeseo,0.9735351800918579,Leeseo,[0.974],"[0.000, 0.438, 0.023, 0.030, 0.005, 0.974, 0.074]"
158.2,158.24,Leeseo,0.9750663638114929,Leeseo,[0.975],"[0.000, 0.441, 0.023, 0.031, 0.005, 0.975, 0.072]"
158.24,158.28,Leeseo,0.9763973951339722,Leeseo,[0.976],"[0.000, 0.442, 0.024, 0.031, 0.005, 0.976, 0.069]"
158.28,158.32,Leeseo,0.9775514006614685,Leeseo,[0.978],"[0.000, 0.443, 0.024, 0.031, 0.005, 0.978, 0.067]"
158.32,158.36,Leeseo,0.9785413146018982,Leeseo,[0.979],"[0.000, 0.442, 0.024, 0.031, 0.005, 0.979, 0.065]"
158.36,158.4,Leeseo,0.9793675541877747,Leeseo,[0.979],"[0.000, 0.441, 0.024, 0.030, 0.005, 0.979, 0.063]"
158.4,158.44,Leeseo,0.9800191521644592,Leeseo,[0.980],"[0.000, 0.439, 0.024, 0.029, 0.005, 0.980, 0.060]"
158.44,158.48,Leeseo,0.9804826974868774,Leeseo,[0.980],"[0.000, 0.437, 0.024, 0.028, 0.005, 0.980, 0.058]"
158.48,158.52,Leeseo,0.9807455539703369,Leeseo,[0.981],"[0.000, 0.435, 0.023, 0.027, 0.005, 0.981, 0.056]"
158.52,158.56,Leeseo,0.9807901382446289,Leeseo,[0.981],"[0.000, 0.433, 0.023, 0.026, 0.005, 0.981, 0.054]"
158.56,158.6,Leeseo,0.9805988073348999,Leeseo,[0.981],"[0.000, 0.432, 0.022, 0.025, 0.005, 0.981, 0.052]"
158.6,158.64,Leeseo,0.9801503419876099,Leeseo,[0.980],"[0.000, 0.431, 0.021, 0.024, 0.005, 0.980, 0.050]"
158.64,158.68,Leeseo,0.9794121384620667,Leeseo,[0.979],"[0.000, 0.431, 0.020, 0.022, 0.006, 0.979, 0.047]"
158.68,158.72,Leeseo,0.9783431887626648,Leeseo,[0.978],"[0.000, 0.433, 0.018, 0.021, 0.006, 0.978, 0.045]"
158.72,158.76,Leeseo,0.9768974781036377,Leeseo,[0.977],"[0.000, 0.435, 0.017, 0.020, 0.006, 0.977, 0.043]"
158.76,158.8,Leeseo,0.9750136733055115,Leeseo,[0.975],"[0.000, 0.440, 0.015, 0.018, 0.006, 0.975, 0.041]"
158.8,158.84,Leeseo,0.9726142287254333,Leeseo,[0.973],"[0.000, 0.445, 0.013, 0.017, 0.007, 0.973, 0.038]"
158.84,158.88,Leeseo,0.9696099758148193,Leeseo,[0.970],"[0.000, 0.452, 0.012, 0.016, 0.007, 0.970, 0.036]"
158.88,158.92,Leeseo,0.965898334980011,Leeseo,[0.966],"[0.000, 0.461, 0.010, 0.015, 0.008, 0.966, 0.034]"
158.92,158.96,Leeseo,0.9613590836524963,Leeseo,[0.961],"[0.000, 0.471, 0.009, 0.014, 0.008, 0.961, 0.032]"
158.96,159.0,Leeseo,0.9558697938919067,Leeseo,[0.956],"[0.000, 0.482, 0.007, 0.013, 0.009, 0.956, 0.030]"
159.0,159.04,Leeseo,0.949296236038208,Leeseo,[0.949],"[0.000, 0.494, 0.006, 0.012, 0.010, 0.949, 0.028]"
159.04,159.08,Leeseo,0.9414961338043213,Leeseo,[0.941],"[0.000, 0.508, 0.005, 0.011, 0.011, 0.941, 0.026]"
159.08,159.12,Leeseo,0.9323254227638245,Leeseo,[0.932],"[0.001, 0.522, 0.004, 0.010, 0.013, 0.932, 0.024]"
159.12,159.16,Leeseo,0.9216505289077759,Leeseo,[0.922],"[0.001, 0.538, 0.003, 0.010, 0.015, 0.922, 0.022]"
159.16,159.2,Leeseo,0.909352719783783,Leeseo,[0.909],"[0.001, 0.554, 0.002, 0.009, 0.018, 0.909, 0.020]"
159.2,159.24,Leeseo,0.8953253626823425,Leeseo,[0.895],"[0.001, 0.571, 0.002, 0.008, 0.021, 0.895, 0.018]"
159.24,159.28,Leeseo,0.8795111179351807,Leeseo,[0.880],"[0.001, 0.588, 0.001, 0.008, 0.026, 0.880, 0.017]"
159.28,159.32,Leeseo,0.861903727054596,Leeseo,[0.862],"[0.001, 0.606, 0.001, 0.007, 0.032, 0.862, 0.015]"
159.32,159.36,Leeseo,0.842517077922821,Yujin|Leeseo,"[0.623, 0.843]","[0.001, 0.623, 0.001, 0.007, 0.039, 0.843, 0.014]"
159.36,159.4,Leeseo,0.8214130997657776,Yujin|Leeseo,"[0.639, 0.821]","[0.001, 0.639, 0.001, 0.007, 0.048, 0.821, 0.013]"
159.4,159.44,Leeseo,0.7987040877342224,Yujin|Leeseo,"[0.653, 0.799]","[0.001, 0.653, 0.000, 0.006, 0.060, 0.799, 0.012]"
159.44,159.48,Leeseo,0.7745580673217773,Yujin|Leeseo,"[0.667, 0.775]","[0.001, 0.667, 0.000, 0.006, 0.074, 0.775, 0.011]"
159.48,159.52,Leeseo,0.7492089867591858,Yujin|Leeseo,"[0.679, 0.749]","[0.002, 0.679, 0.000, 0.006, 0.092, 0.749, 0.010]"
159.52,159.56,Leeseo,0.7229066491127014,Yujin|Leeseo,"[0.689, 0.723]","[0.002, 0.689, 0.000, 0.005, 0.113, 0.723, 0.010]"
159.56,159.6,Yujin,0.696140706539154,Yujin|Leeseo,"[0.696, 0.696]","[0.002, 0.696, 0.000, 0.005, 0.138, 0.696, 0.009]"
159.6,159.64,Yujin,0.7013955116271973,Yujin|Leeseo,"[0.701, 0.669]","[0.003, 0.701, 0.000, 0.005, 0.168, 0.669, 0.009]"
159.64,159.68,Yujin,0.704167902469635,Yujin|Leeseo,"[0.704, 0.642]","[0.003, 0.704, 0.000, 0.005, 0.201, 0.642, 0.008]"
159.68,159.72,Yujin,0.7043706774711609,Yujin|Leeseo,"[0.704, 0.615]","[0.003, 0.704, 0.000, 0.005, 0.237, 0.615, 0.008]"
159.72,159.76,Yujin,0.7019097805023193,Yujin|Leeseo,"[0.702, 0.589]","[0.004, 0.702, 0.000, 0.005, 0.276, 0.589, 0.008]"
159.76,159.8,Yujin,0.6966540217399597,Yujin,[0.697],"[0.004, 0.697, 0.000, 0.004, 0.317, 0.563, 0.008]"
159.8,159.84,Yujin,0.688459575176239,Yujin,[0.688],"[0.005, 0.688, 0.000, 0.004, 0.358, 0.539, 0.008]"
159.84,159.88,Yujin,0.6772247552871704,Yujin,[0.677],"[0.006, 0.677, 0.000, 0.004, 0.397, 0.515, 0.008]"
159.88,159.92,Yujin,0.6629617810249329,Yujin,[0.663],"[0.007, 0.663, 0.000, 0.004, 0.435, 0.493, 0.008]"
159.92,159.96,Yujin,0.645713210105896,Yujin,[0.646],"[0.008, 0.646, 0.000, 0.004, 0.471, 0.471, 0.008]"
159.96,160.0,Yujin,0.6254727244377136,Yujin,[0.625],"[0.010, 0.625, 0.000, 0.004, 0.502, 0.449, 0.008]"
160.0,160.04,Yujin,0.6022967100143433,Yujin,[0.602],"[0.011, 0.602, 0.000, 0.004, 0.530, 0.428, 0.008]"
160.04,160.08,Yujin,0.5763015747070312,,[],"[0.013, 0.576, 0.000, 0.004, 0.554, 0.406, 0.008]"
160.08,160.12,Liz,0.5734195709228516,,[],"[0.015, 0.548, 0.000, 0.004, 0.573, 0.384, 0.009]"
160.12,160.16,Liz,0.5888765454292297,,[],"[0.017, 0.517, 0.000, 0.004, 0.589, 0.362, 0.009]"
160.16,160.2,Liz,0.600428581237793,,[],"[0.020, 0.485, 0.000, 0.004, 0.600, 0.340, 0.009]"
160.2,160.24,Liz,0.6083555817604065,,[],"[0.022, 0.451, 0.000, 0.004, 0.608, 0.318, 0.010]"
160.24,160.28,Liz,0.6129668354988098,,[],"[0.025, 0.418, 0.000, 0.004, 0.613, 0.295, 0.010]"
160.28,160.32,Liz,0.6145802736282349,,[],"[0.028, 0.385, 0.000, 0.004, 0.615, 0.272, 0.010]"
160.32,160.36,Liz,0.6135044693946838,,[],"[0.031, 0.353, 0.000, 0.005, 0.614, 0.249, 0.010]"
160.36,160.4,Liz,0.6099437475204468,,[],"[0.034, 0.323, 0.000, 0.005, 0.610, 0.226, 0.011]"
160.4,160.44,Liz,0.6040254831314087,,[],"[0.037, 0.295, 0.000, 0.005, 0.604, 0.204, 0.011]"
160.44,160.48,Liz,0.5957882404327393,,[],"[0.039, 0.269, 0.000, 0.005, 0.596, 0.182, 0.012]"
160.48,160.52,Liz,0.5852881073951721,,[],"[0.041, 0.246, 0.000, 0.006, 0.585, 0.162, 0.012]"
160.52,160.56,Liz,0.572567880153656,,[],"[0.042, 0.225, 0.000, 0.006, 0.573, 0.143, 0.013]"
160.56,160.6,Liz,0.5577607154846191,,[],"[0.043, 0.207, 0.000, 0.007, 0.558, 0.126, 0.013]"
160.6,160.64,Liz,0.5409502387046814,,[],"[0.043, 0.191, 0.000, 0.007, 0.541, 0.110, 0.013]"
160.64,160.68,Liz,0.522233247756958,,[],"[0.043, 0.177, 0.000, 0.008, 0.522, 0.096, 0.014]"
160.68,160.72,Liz,0.5017818808555603,,[],"[0.042, 0.165, 0.000, 0.009, 0.502, 0.083, 0.015]"
160.72,160.76,Liz,0.4797675907611847,,[],"[0.041, 0.154, 0.000, 0.010, 0.480, 0.072, 0.015]"
160.76,160.8,Liz,0.45640406012535095,,[],"[0.039, 0.146, 0.000, 0.011, 0.456, 0.063, 0.016]"
160.8,160.84,Liz,0.43196702003479004,,[],"[0.038, 0.138, 0.000, 0.012, 0.432, 0.055, 0.016]"
160.84,160.88,Liz,0.40678319334983826,,[],"[0.036, 0.132, 0.000, 0.013, 0.407, 0.048, 0.017]"
160.88,160.92,Liz,0.3811728358268738,,[],"[0.034, 0.127, 0.000, 0.014, 0.381, 0.042, 0.017]"
160.92,160.96,Liz,0.35545629262924194,,[],"[0.033, 0.123, 0.000, 0.015, 0.355, 0.037, 0.018]"
160.96,161.0,Liz,0.32991132140159607,,[],"[0.031, 0.120, 0.000, 0.017, 0.330, 0.032, 0.018]"
161.0,161.04,Liz,0.30470606684684753,,[],"[0.030, 0.118, 0.001, 0.018, 0.305, 0.029, 0.018]"
161.04,161.08,Liz,0.2800156772136688,,[],"[0.028, 0.117, 0.001, 0.020, 0.280, 0.026, 0.019]"
161.08,161.12,Liz,0.2560774087905884,,[],"[0.027, 0.117, 0.001, 0.021, 0.256, 0.023, 0.019]"
161.12,161.16,Liz,0.23309914767742157,,[],"[0.025, 0.117, 0.001, 0.023, 0.233, 0.021, 0.019]"
161.16,161.2,Liz,0.2112564891576767,,[],"[0.024, 0.119, 0.001, 0.024, 0.211, 0.019, 0.020]"
161.2,161.24,Liz,0.1907137632369995,,[],"[0.022, 0.121, 0.002, 0.026, 0.191, 0.018, 0.020]"
161.24,161.28,Liz,0.17159000039100647,,[],"[0.021, 0.124, 0.002, 0.027, 0.172, 0.016, 0.021]"
161.28,161.32,Liz,0.15396441519260406,,[],"[0.020, 0.128, 0.002, 0.029, 0.154, 0.015, 0.021]"
161.32,161.36,Liz,0.1378541737794876,,[],"[0.018, 0.133, 0.003, 0.030, 0.138, 0.014, 0.021]"
161.36,161.4,Yujin,0.13867323100566864,,[],"[0.017, 0.139, 0.003, 0.031, 0.123, 0.013, 0.022]"
161.4,161.44,Yujin,0.14591072499752045,,[],"[0.015, 0.146, 0.004, 0.032, 0.110, 0.013, 0.022]"
161.44,161.48,Yujin,0.15454508364200592,,[],"[0.014, 0.155, 0.005, 0.033, 0.098, 0.012, 0.022]"
161.48,161.52,Yujin,0.1648222804069519,,[],"[0.013, 0.165, 0.006, 0.033, 0.088, 0.012, 0.023]"
161.52,161.56,Yujin,0.17705249786376953,,[],"[0.012, 0.177, 0.006, 0.033, 0.079, 0.011, 0.023]"
161.56,161.6,Yujin,0.19156871736049652,,[],"[0.010, 0.192, 0.007, 0.033, 0.071, 0.011, 0.023]"
161.6,161.64,Yujin,0.20868101716041565,,[],"[0.009, 0.209, 0.009, 0.033, 0.064, 0.011, 0.023]"
161.64,161.68,Yujin,0.22872616350650787,,[],"[0.008, 0.229, 0.010, 0.032, 0.057, 0.010, 0.024]"
161.68,161.72,Yujin,0.25199824571609497,,[],"[0.007, 0.252, 0.011, 0.031, 0.052, 0.010, 0.024]"
161.72,161.76,Yujin,0.27874842286109924,,[],"[0.006, 0.279, 0.012, 0.030, 0.047, 0.010, 0.024]"
161.76,161.8,Yujin,0.30916887521743774,,[],"[0.006, 0.309, 0.013, 0.029, 0.043, 0.010, 0.024]"
161.8,161.84,Yujin,0.3433310389518738,,[],"[0.005, 0.343, 0.015, 0.027, 0.039, 0.010, 0.023]"
161.84,161.88,Yujin,0.38114026188850403,,[],"[0.004, 0.381, 0.016, 0.026, 0.036, 0.010, 0.023]"
161.88,161.92,Yujin,0.422216534614563,,[],"[0.004, 0.422, 0.017, 0.024, 0.032, 0.010, 0.023]"
161.92,161.96,Yujin,0.465954452753067,,[],"[0.003, 0.466, 0.018, 0.022, 0.030, 0.010, 0.023]"
161.96,162.0,Yujin,0.5115609765052795,,[],"[0.003, 0.512, 0.019, 0.021, 0.027, 0.010, 0.022]"
162.0,162.04,Yujin,0.5580306649208069,,[],"[0.003, 0.558, 0.020, 0.019, 0.025, 0.010, 0.022]"
162.04,162.08,Yujin,0.6042600870132446,,[],"[0.003, 0.604, 0.020, 0.017, 0.022, 0.010, 0.021]"
162.08,162.12,Yujin,0.6491275429725647,Yujin,[0.649],"[0.002, 0.649, 0.021, 0.016, 0.020, 0.010, 0.021]"
162.12,162.16,Yujin,0.6916166543960571,Yujin,[0.692],"[0.002, 0.692, 0.021, 0.014, 0.018, 0.011, 0.020]"
162.16,162.2,Yujin,0.7308931946754456,Yujin,[0.731],"[0.002, 0.731, 0.022, 0.013, 0.016, 0.011, 0.019]"
162.2,162.24,Yujin,0.7663766145706177,Yujin,[0.766],"[0.002, 0.766, 0.022, 0.012, 0.015, 0.012, 0.019]"
162.24,162.28,Yujin,0.7977586984634399,Yujin,[0.798],"[0.002, 0.798, 0.022, 0.011, 0.013, 0.012, 0.018]"
162.28,162.32,Yujin,0.8250002861022949,Yujin,[0.825],"[0.002, 0.825, 0.022, 0.010, 0.012, 0.013, 0.017]"
162.32,162.36,Yujin,0.8482545614242554,Yujin,[0.848],"[0.002, 0.848, 0.023, 0.009, 0.011, 0.014, 0.017]"
162.36,162.4,Yujin,0.8678216338157654,Yujin,[0.868],"[0.002, 0.868, 0.023, 0.008, 0.010, 0.015, 0.016]"
162.4,162.44,Yujin,0.8840973377227783,Yujin,[0.884],"[0.002, 0.884, 0.023, 0.007, 0.009, 0.016, 0.015]"
162.44,162.48,Yujin,0.8975132703781128,Yujin,[0.898],"[0.003, 0.898, 0.024, 0.007, 0.008, 0.018, 0.014]"
162.48,162.52,Yujin,0.908483624458313,Yujin,[0.908],"[0.003, 0.908, 0.024, 0.006, 0.007, 0.019, 0.014]"
162.52,162.56,Yujin,0.9173774719238281,Yujin,[0.917],"[0.003, 0.917, 0.025, 0.005, 0.006, 0.021, 0.013]"
162.56,162.6,Yujin,0.9244970679283142,Yujin,[0.924],"[0.003, 0.924, 0.026, 0.005, 0.006, 0.023, 0.012]"
162.6,162.64,Yujin,0.9300817251205444,Yujin,[0.930],"[0.004, 0.930, 0.026, 0.005, 0.005, 0.025, 0.012]"
162.64,162.68,Yujin,0.9343485832214355,Yujin,[0.934],"[0.004, 0.934, 0.027, 0.004, 0.005, 0.027, 0.011]"
162.68,162.72,Yujin,0.9374737739562988,Yujin,[0.937],"[0.004, 0.937, 0.028, 0.004, 0.004, 0.029, 0.011]"
162.72,162.76,Yujin,0.9395895004272461,Yujin,[0.940],"[0.005, 0.940, 0.030, 0.004, 0.004, 0.032, 0.010]"
162.76,162.8,Yujin,0.9407904744148254,Yujin,[0.941],"[0.006, 0.941, 0.031, 0.003, 0.004, 0.035, 0.010]"
162.8,162.84,Yujin,0.9411470293998718,Yujin,[0.941],"[0.006, 0.941, 0.032, 0.003, 0.004, 0.037, 0.010]"
162.84,162.88,Yujin,0.9407018423080444,Yujin,[0.941],"[0.007, 0.941, 0.034, 0.003, 0.003, 0.040, 0.009]"
162.88,162.92,Yujin,0.9394611120223999,Yujin,[0.939],"[0.007, 0.939, 0.035, 0.003, 0.003, 0.043, 0.009]"
162.92,162.96,Yujin,0.9373898506164551,Yujin,[0.937],"[0.008, 0.937, 0.037, 0.003, 0.003, 0.046, 0.009]"
162.96,163.0,Yujin,0.9344298839569092,Yujin,[0.934],"[0.009, 0.934, 0.039, 0.003, 0.003, 0.048, 0.009]"
163.0,163.04,Yujin,0.930519700050354,Yujin,[0.931],"[0.009, 0.931, 0.041, 0.003, 0.003, 0.051, 0.009]"
163.04,163.08,Yujin,0.9256047010421753,Yujin,[0.926],"[0.010, 0.926, 0.043, 0.003, 0.003, 0.053, 0.009]"
163.08,163.12,Yujin,0.9196261167526245,Yujin,[0.920],"[0.011, 0.920, 0.046, 0.003, 0.003, 0.055, 0.009]"
163.12,163.16,Yujin,0.9125036001205444,Yujin,[0.913],"[0.011, 0.913, 0.048, 0.003, 0.003, 0.057, 0.009]"
163.16,163.2,Yujin,0.9041558504104614,Yujin,[0.904],"[0.012, 0.904, 0.051, 0.003, 0.003, 0.058, 0.009]"
163.2,163.24,Yujin,0.8945199847221375,Yujin,[0.895],"[0.013, 0.895, 0.054, 0.003, 0.003, 0.059, 0.010]"
163.24,163.28,Yujin,0.8835709691047668,Yujin,[0.884],"[0.013, 0.884, 0.057, 0.003, 0.003, 0.059, 0.010]"
163.28,163.32,Yujin,0.8713518381118774,Yujin,[0.871],"[0.014, 0.871, 0.061, 0.003, 0.003, 0.060, 0.010]"
163.32,163.36,Yujin,0.8579577207565308,Yujin,[0.858],"[0.015, 0.858, 0.065, 0.003, 0.003, 0.059, 0.011]"
163.36,163.4,Yujin,0.8435478806495667,Yujin,[0.844],"[0.016, 0.844, 0.069, 0.003, 0.003, 0.059, 0.011]"
163.4,163.44,Yujin,0.8283336162567139,Yujin,[0.828],"[0.017, 0.828, 0.073, 0.004, 0.003, 0.058, 0.012]"
163.44,163.48,Yujin,0.8125317096710205,Yujin,[0.813],"[0.019, 0.813, 0.077, 0.004, 0.003, 0.057, 0.013]"
163.48,163.52,Yujin,0.7963462471961975,Yujin,[0.796],"[0.020, 0.796, 0.081, 0.004, 0.003, 0.055, 0.013]"
163.52,163.56,Yujin,0.7799828052520752,Yujin,[0.780],"[0.022, 0.780, 0.085, 0.005, 0.003, 0.054, 0.014]"
163.56,163.6,Yujin,0.7636717557907104,Yujin,[0.764],"[0.024, 0.764, 0.089, 0.005, 0.003, 0.052, 0.015]"
163.6,163.64,Yujin,0.7476792931556702,Yujin,[0.748],"[0.026, 0.748, 0.092, 0.006, 0.003, 0.050, 0.016]"
163.64,163.68,Yujin,0.7322208881378174,Yujin,[0.732],"[0.029, 0.732, 0.096, 0.007, 0.003, 0.048, 0.017]"
163.68,163.72,Yujin,0.7174715995788574,Yujin,[0.717],"[0.031, 0.717, 0.099, 0.007, 0.004, 0.046, 0.018]"
163.72,163.76,Yujin,0.7035962343215942,Yujin,[0.704],"[0.035, 0.704, 0.101, 0.008, 0.004, 0.045, 0.019]"
163.76,163.8,Yujin,0.6907868981361389,Yujin,[0.691],"[0.038, 0.691, 0.103, 0.009, 0.004, 0.043, 0.020]"
163.8,163.84,Yujin,0.6791954040527344,Yujin,[0.679],"[0.042, 0.679, 0.105, 0.011, 0.004, 0.042, 0.021]"
163.84,163.88,Yujin,0.6689486503601074,Yujin,[0.669],"[0.045, 0.669, 0.107, 0.012, 0.004, 0.041, 0.022]"
163.88,163.92,Yujin,0.6601179838180542,Yujin,[0.660],"[0.049, 0.660, 0.108, 0.014, 0.004, 0.040, 0.022]"
163.92,163.96,Yujin,0.652743935585022,Yujin,[0.653],"[0.053, 0.653, 0.109, 0.016, 0.004, 0.039, 0.023]"
163.96,164.0,Yujin,0.6468532681465149,Yujin,[0.647],"[0.056, 0.647, 0.110, 0.018, 0.004, 0.038, 0.024]"
164.0,164.04,Yujin,0.6424629092216492,Yujin,[0.642],"[0.058, 0.642, 0.111, 0.020, 0.005, 0.038, 0.024]"
164.04,164.08,Yujin,0.6395726203918457,Yujin,[0.640],"[0.059, 0.640, 0.111, 0.023, 0.005, 0.038, 0.024]"
164.08,164.12,Yujin,0.6381267309188843,Yujin,[0.638],"[0.060, 0.638, 0.112, 0.026, 0.005, 0.038, 0.024]"
164.12,164.16,Yujin,0.6380407810211182,Yujin,[0.638],"[0.059, 0.638, 0.113, 0.029, 0.005, 0.038, 0.023]"
164.16,164.2,Yujin,0.6391922235488892,Yujin,[0.639],"[0.057, 0.639, 0.114, 0.033, 0.005, 0.038, 0.023]"
164.2,164.24,Yujin,0.6414812803268433,Yujin,[0.641],"[0.055, 0.641, 0.114, 0.037, 0.006, 0.038, 0.022]"
164.24,164.28,Yujin,0.644834578037262,Yujin,[0.645],"[0.052, 0.645, 0.115, 0.041, 0.006, 0.039, 0.021]"
164.28,164.32,Yujin,0.649179995059967,Yujin,[0.649],"[0.048, 0.649, 0.114, 0.046, 0.006, 0.040, 0.020]"
164.32,164.36,Yujin,0.6544776558876038,Yujin,[0.654],"[0.044, 0.654, 0.113, 0.051, 0.007, 0.040, 0.018]"
164.36,164.4,Yujin,0.6606662273406982,Yujin,[0.661],"[0.040, 0.661, 0.111, 0.057, 0.007, 0.041, 0.017]"
164.4,164.44,Yujin,0.6676596403121948,Yujin,[0.668],"[0.036, 0.668, 0.109, 0.063, 0.008, 0.042, 0.016]"
164.44,164.48,Yujin,0.675388514995575,Yujin,[0.675],"[0.032, 0.675, 0.105, 0.070, 0.008, 0.044, 0.015]"
164.48,164.52,Yujin,0.6837731599807739,Yujin,[0.684],"[0.028, 0.684, 0.101, 0.077, 0.009, 0.045, 0.013]"
164.52,164.56,Yujin,0.6927205920219421,Yujin,[0.693],"[0.025, 0.693, 0.095, 0.086, 0.009, 0.047, 0.012]"
164.56,164.6,Yujin,0.7021973133087158,Yujin,[0.702],"[0.022, 0.702, 0.090, 0.094, 0.009, 0.048, 0.011]"
164.6,164.64,Yujin,0.7121559977531433,Yujin,[0.712],"[0.019, 0.712, 0.083, 0.104, 0.010, 0.050, 0.010]"
164.64,164.68,Yujin,0.7224684357643127,Yujin,[0.722],"[0.017, 0.722, 0.077, 0.114, 0.010, 0.052, 0.009]"
164.68,164.72,Yujin,0.7329999804496765,Yujin,[0.733],"[0.015, 0.733, 0.071, 0.125, 0.011, 0.054, 0.009]"
164.72,164.76,Yujin,0.743646502494812,Yujin,[0.744],"[0.014, 0.744, 0.064, 0.137, 0.011, 0.057, 0.008]"
164.76,164.8,Yujin,0.7543104887008667,Yujin,[0.754],"[0.012, 0.754, 0.058, 0.149, 0.012, 0.059, 0.007]"
164.8,164.84,Yujin,0.764875054359436,Yujin,[0.765],"[0.011, 0.765, 0.052, 0.162, 0.012, 0.061, 0.007]"
164.84,164.88,Yujin,0.7752307653427124,Yujin,[0.775],"[0.010, 0.775, 0.047, 0.176, 0.013, 0.064, 0.006]"
164.88,164.92,Yujin,0.7853286266326904,Yujin,[0.785],"[0.010, 0.785, 0.042, 0.190, 0.014, 0.066, 0.006]"
164.92,164.96,Yujin,0.7951204180717468,Yujin,[0.795],"[0.009, 0.795, 0.037, 0.204, 0.014, 0.068, 0.006]"
164.96,165.0,Yujin,0.8045070767402649,Yujin,[0.805],"[0.009, 0.805, 0.033, 0.218, 0.015, 0.069, 0.005]"
165.0,165.04,Yujin,0.8133581280708313,Yujin,[0.813],"[0.009, 0.813, 0.029, 0.232, 0.016, 0.071, 0.005]"
165.04,165.08,Yujin,0.8215251564979553,Yujin,[0.822],"[0.009, 0.822, 0.026, 0.245, 0.016, 0.072, 0.005]"
165.08,165.12,Yujin,0.8288719654083252,Yujin,[0.829],"[0.009, 0.829, 0.022, 0.256, 0.017, 0.072, 0.005]"
165.12,165.16,Yujin,0.8352985978126526,Yujin,[0.835],"[0.009, 0.835, 0.020, 0.267, 0.018, 0.073, 0.005]"
165.16,165.2,Yujin,0.8407173752784729,Yujin,[0.841],"[0.009, 0.841, 0.017, 0.276, 0.020, 0.072, 0.005]"
165.2,165.24,Yujin,0.845061182975769,Yujin,[0.845],"[0.010, 0.845, 0.015, 0.282, 0.021, 0.072, 0.005]"
165.24,165.28,Yujin,0.8482859134674072,Yujin,[0.848],"[0.010, 0.848, 0.014, 0.286, 0.023, 0.071, 0.005]"
165.28,165.32,Yujin,0.8503522276878357,Yujin,[0.850],"[0.011, 0.850, 0.012, 0.288, 0.024, 0.070, 0.005]"
165.32,165.36,Yujin,0.8511928915977478,Yujin,[0.851],"[0.012, 0.851, 0.011, 0.288, 0.026, 0.068, 0.005]"
165.36,165.4,Yujin,0.8507137894630432,Yujin,[0.851],"[0.013, 0.851, 0.010, 0.285, 0.028, 0.067, 0.005]"
165.4,165.44,Yujin,0.8488222360610962,Yujin,[0.849],"[0.014, 0.849, 0.009, 0.279, 0.031, 0.065, 0.006]"
165.44,165.48,Yujin,0.8454263210296631,Yujin,[0.845],"[0.016, 0.845, 0.008, 0.272, 0.034, 0.063, 0.006]"
165.48,165.52,Yujin,0.840423583984375,Yujin,[0.840],"[0.018, 0.840, 0.007, 0.263, 0.037, 0.061, 0.006]"
165.52,165.56,Yujin,0.8336975574493408,Yujin,[0.834],"[0.019, 0.834, 0.007, 0.253, 0.040, 0.059, 0.006]"
165.56,165.6,Yujin,0.8251168131828308,Yujin,[0.825],"[0.021, 0.825, 0.007, 0.242, 0.043, 0.057, 0.006]"
165.6,165.64,Yujin,0.8145533800125122,Yujin,[0.815],"[0.024, 0.815, 0.006, 0.230, 0.047, 0.055, 0.007]"
165.64,165.68,Yujin,0.8019018769264221,Yujin,[0.802],"[0.026, 0.802, 0.006, 0.218, 0.051, 0.053, 0.007]"
165.68,165.72,Yujin,0.7870992422103882,Yujin,[0.787],"[0.028, 0.787, 0.006, 0.206, 0.055, 0.052, 0.007]"
165.72,165.76,Yujin,0.7701297402381897,Yujin,[0.770],"[0.031, 0.770, 0.006, 0.194, 0.059, 0.050, 0.008]"
165.76,165.8,Yujin,0.7510074377059937,Yujin,[0.751],"[0.033, 0.751, 0.006, 0.183, 0.063, 0.049, 0.008]"
165.8,165.84,Yujin,0.7297984957695007,Yujin,[0.730],"[0.036, 0.730, 0.006, 0.173, 0.067, 0.048, 0.008]"
165.84,165.88,Yujin,0.7065975069999695,Yujin,[0.707],"[0.038, 0.707, 0.006, 0.163, 0.071, 0.047, 0.008]"
165.88,165.92,Yujin,0.681567370891571,Yujin,[0.682],"[0.041, 0.682, 0.006, 0.154, 0.074, 0.046, 0.008]"
165.92,165.96,Yujin,0.6549538373947144,Yujin,[0.655],"[0.043, 0.655, 0.007, 0.146, 0.077, 0.046, 0.008]"
165.96,166.0,Yujin,0.6270778775215149,Yujin,[0.627],"[0.046, 0.627, 0.007, 0.139, 0.080, 0.045, 0.008]"
166.0,166.04,Yujin,0.5983172655105591,Yujin,[0.598],"[0.048, 0.598, 0.007, 0.133, 0.082, 0.045, 0.008]"
166.04,166.08,Yujin,0.5690439343452454,,[],"[0.051, 0.569, 0.007, 0.128, 0.083, 0.045, 0.008]"
166.08,166.12,Yujin,0.5396835207939148,,[],"[0.053, 0.540, 0.007, 0.123, 0.085, 0.045, 0.008]"
166.12,166.16,Yujin,0.5106648802757263,,[],"[0.056, 0.511, 0.007, 0.119, 0.085, 0.046, 0.008]"
166.16,166.2,Yujin,0.48238641023635864,,[],"[0.058, 0.482, 0.007, 0.116, 0.086, 0.047, 0.008]"
166.2,166.24,Yujin,0.45517411828041077,,[],"[0.059, 0.455, 0.006, 0.113, 0.085, 0.048, 0.008]"
166.24,166.28,Yujin,0.4293040633201599,,[],"[0.061, 0.429, 0.006, 0.112, 0.085, 0.049, 0.008]"
166.28,166.32,Yujin,0.4049991965293884,,[],"[0.062, 0.405, 0.006, 0.110, 0.084, 0.051, 0.008]"
166.32,166.36,Yujin,0.38244038820266724,,[],"[0.063, 0.382, 0.005, 0.110, 0.082, 0.054, 0.008]"
166.36,166.4,Yujin,0.36175021529197693,,[],"[0.063, 0.362, 0.005, 0.109, 0.081, 0.056, 0.008]"
166.4,166.44,Yujin,0.3429797887802124,,[],"[0.062, 0.343, 0.004, 0.110, 0.079, 0.059, 0.009]"
166.44,166.48,Yujin,0.3260871171951294,,[],"[0.062, 0.326, 0.004, 0.110, 0.076, 0.063, 0.009]"
166.48,166.52,Yujin,0.3109722435474396,,[],"[0.060, 0.311, 0.003, 0.111, 0.074, 0.067, 0.009]"
166.52,166.56,Yujin,0.2975181043148041,,[],"[0.059, 0.298, 0.003, 0.113, 0.072, 0.071, 0.009]"
166.56,166.6,Yujin,0.28559964895248413,,[],"[0.057, 0.286, 0.003, 0.114, 0.069, 0.075, 0.009]"
166.6,166.64,Yujin,0.2751358151435852,,[],"[0.055, 0.275, 0.002, 0.116, 0.067, 0.080, 0.010]"
166.64,166.68,Yujin,0.26607513427734375,,[],"[0.052, 0.266, 0.002, 0.118, 0.065, 0.085, 0.010]"
166.68,166.72,Yujin,0.25833579897880554,,[],"[0.050, 0.258, 0.002, 0.120, 0.062, 0.090, 0.011]"
166.72,166.76,Yujin,0.2518359124660492,,[],"[0.047, 0.252, 0.002, 0.122, 0.059, 0.096, 0.011]"
166.76,166.8,Yujin,0.2465105801820755,,[],"[0.044, 0.247, 0.001, 0.124, 0.056, 0.101, 0.012]"
166.8,166.84,Yujin,0.24226808547973633,,[],"[0.042, 0.242, 0.001, 0.126, 0.053, 0.107, 0.013]"
166.84,166.88,Yujin,0.23900845646858215,,[],"[0.039, 0.239, 0.001, 0.128, 0.050, 0.113, 0.014]"
166.88,166.92,Yujin,0.23660102486610413,,[],"[0.036, 0.237, 0.001, 0.130, 0.047, 0.119, 0.015]"
166.92,166.96,Yujin,0.2349255084991455,,[],"[0.034, 0.235, 0.001, 0.132, 0.043, 0.124, 0.016]"
166.96,167.0,Yujin,0.23395128548145294,,[],"[0.031, 0.234, 0.001, 0.133, 0.040, 0.130, 0.018]"
167.0,167.04,Yujin,0.23366132378578186,,[],"[0.029, 0.234, 0.001, 0.134, 0.036, 0.135, 0.019]"
167.04,167.08,Yujin,0.2340686172246933,,[],"[0.027, 0.234, 0.001, 0.135, 0.032, 0.140, 0.021]"
167.08,167.12,Yujin,0.23518460988998413,,[],"[0.026, 0.235, 0.001, 0.136, 0.028, 0.145, 0.023]"
167.12,167.16,Yujin,0.23700888454914093,,[],"[0.024, 0.237, 0.001, 0.136, 0.025, 0.149, 0.025]"
167.16,167.2,Yujin,0.23955924808979034,,[],"[0.023, 0.240, 0.001, 0.136, 0.022, 0.153, 0.028]"
167.2,167.24,Yujin,0.2428654581308365,,[],"[0.022, 0.243, 0.001, 0.136, 0.018, 0.157, 0.030]"
167.24,167.28,Yujin,0.24694392085075378,,[],"[0.021, 0.247, 0.001, 0.136, 0.016, 0.160, 0.032]"
167.28,167.32,Yujin,0.25178733468055725,,[],"[0.020, 0.252, 0.001, 0.136, 0.013, 0.164, 0.035]"
167.32,167.36,Yujin,0.257409006357193,,[],"[0.019, 0.257, 0.001, 0.135, 0.011, 0.167, 0.037]"
167.36,167.4,Yujin,0.26386362314224243,,[],"[0.018, 0.264, 0.001, 0.135, 0.009, 0.170, 0.040]"
167.4,167.44,Yujin,0.2712235152721405,,[],"[0.018, 0.271, 0.001, 0.134, 0.007, 0.173, 0.042]"
167.44,167.48,Yujin,0.27957090735435486,,[],"[0.017, 0.280, 0.001, 0.133, 0.006, 0.176, 0.044]"
167.48,167.52,Yujin,0.2890112102031708,,[],"[0.017, 0.289, 0.001, 0.132, 0.005, 0.179, 0.046]"
167.52,167.56,Yujin,0.2996361553668976,,[],"[0.017, 0.300, 0.001, 0.131, 0.004, 0.181, 0.047]"
167.56,167.6,Yujin,0.3114955425262451,,[],"[0.017, 0.311, 0.001, 0.130, 0.003, 0.183, 0.049]"
167.6,167.64,Yujin,0.32457131147384644,,[],"[0.017, 0.325, 0.001, 0.129, 0.002, 0.184, 0.050]"
167.64,167.68,Yujin,0.3388479948043823,,[],"[0.018, 0.339, 0.001, 0.128, 0.002, 0.185, 0.051]"
167.68,167.72,Yujin,0.35427695512771606,,[],"[0.018, 0.354, 0.002, 0.126, 0.001, 0.186, 0.051]"
167.72,167.76,Yujin,0.3707275092601776,,[],"[0.018, 0.371, 0.002, 0.124, 0.001, 0.186, 0.051]"
167.76,167.8,Yujin,0.3880097568035126,,[],"[0.019, 0.388, 0.002, 0.122, 0.001, 0.185, 0.051]"
167.8,167.84,Yujin,0.4059334397315979,,[],"[0.020, 0.406, 0.002, 0.120, 0.001, 0.183, 0.051]"
167.84,167.88,Yujin,0.42428335547447205,,[],"[0.021, 0.424, 0.002, 0.117, 0.001, 0.181, 0.050]"
167.88,167.92,Yujin,0.4428882300853729,,[],"[0.021, 0.443, 0.002, 0.114, 0.001, 0.178, 0.049]"
167.92,167.96,Yujin,0.46156349778175354,,[],"[0.022, 0.462, 0.003, 0.111, 0.000, 0.174, 0.048]"
167.96,168.0,Yujin,0.48010656237602234,,[],"[0.024, 0.480, 0.003, 0.108, 0.000, 0.170, 0.047]"
168.0,168.04,Yujin,0.4982965886592865,,[],"[0.025, 0.498, 0.003, 0.105, 0.000, 0.165, 0.045]"
168.04,168.08,Yujin,0.5159204602241516,,[],"[0.026, 0.516, 0.004, 0.102, 0.000, 0.159, 0.044]"
168.08,168.12,Yujin,0.5328043699264526,,[],"[0.028, 0.533, 0.004, 0.098, 0.000, 0.153, 0.042]"
168.12,168.16,Yujin,0.5488235950469971,,[],"[0.029, 0.549, 0.004, 0.095, 0.000, 0.146, 0.041]"
168.16,168.2,Yujin,0.5639057755470276,,[],"[0.031, 0.564, 0.005, 0.092, 0.000, 0.138, 0.039]"
168.2,168.24,Yujin,0.5779983401298523,,[],"[0.032, 0.578, 0.005, 0.089, 0.000, 0.131, 0.038]"
168.24,168.28,Yujin,0.5910441279411316,,[],"[0.034, 0.591, 0.005, 0.086, 0.000, 0.123, 0.036]"
168.28,168.32,Yujin,0.6029396653175354,,[],"[0.036, 0.603, 0.006, 0.082, 0.000, 0.115, 0.035]"
168.32,168.36,Yujin,0.6135476231575012,,[],"[0.038, 0.614, 0.006, 0.079, 0.000, 0.108, 0.033]"
168.36,168.4,Yujin,0.622765839099884,Yujin,[0.623],"[0.039, 0.623, 0.007, 0.076, 0.000, 0.100, 0.032]"
168.4,168.44,Yujin,0.630534827709198,Yujin,[0.631],"[0.041, 0.631, 0.007, 0.073, 0.000, 0.093, 0.030]"
168.44,168.48,Yujin,0.6368430852890015,Yujin,[0.637],"[0.043, 0.637, 0.008, 0.070, 0.000, 0.086, 0.029]"
168.48,168.52,Yujin,0.6417927145957947,Yujin,[0.642],"[0.045, 0.642, 0.008, 0.067, 0.000, 0.080, 0.027]"
168.52,168.56,Yujin,0.6455109715461731,Yujin,[0.646],"[0.046, 0.646, 0.009, 0.065, 0.000, 0.074, 0.026]"
168.56,168.6,Yujin,0.6480911374092102,Yujin,[0.648],"[0.048, 0.648, 0.010, 0.062, 0.000, 0.068, 0.024]"
168.6,168.64,Yujin,0.6495890021324158,Yujin,[0.650],"[0.049, 0.650, 0.010, 0.060, 0.001, 0.063, 0.023]"
168.64,168.68,Yujin,0.650040328502655,Yujin,[0.650],"[0.050, 0.650, 0.011, 0.057, 0.001, 0.059, 0.021]"
168.68,168.72,Yujin,0.6495411992073059,Yujin,[0.650],"[0.051, 0.650, 0.011, 0.056, 0.001, 0.055, 0.020]"
168.72,168.76,Yujin,0.6481890678405762,Yujin,[0.648],"[0.052, 0.648, 0.011, 0.054, 0.001, 0.051, 0.018]"
168.76,168.8,Yujin,0.6460829377174377,Yujin,[0.646],"[0.052, 0.646, 0.011, 0.052, 0.001, 0.048, 0.017]"
168.8,168.84,Yujin,0.6433672308921814,Yujin,[0.643],"[0.053, 0.643, 0.011, 0.051, 0.001, 0.045, 0.016]"
168.84,168.88,Yujin,0.6402125954627991,Yujin,[0.640],"[0.053, 0.640, 0.011, 0.050, 0.001, 0.042, 0.014]"
168.88,168.92,Yujin,0.6367992162704468,Yujin,[0.637],"[0.053, 0.637, 0.011, 0.049, 0.002, 0.040, 0.013]"
168.92,168.96,Yujin,0.6332807540893555,Yujin,[0.633],"[0.052, 0.633, 0.010, 0.048, 0.002, 0.038, 0.012]"
168.96,169.0,Yujin,0.6297472715377808,Yujin,[0.630],"[0.052, 0.630, 0.010, 0.048, 0.002, 0.036, 0.011]"
169.0,169.04,Yujin,0.6262814998626709,Yujin,[0.626],"[0.051, 0.626, 0.009, 0.048, 0.003, 0.034, 0.010]"
169.04,169.08,Yujin,0.6229645013809204,Yujin,[0.623],"[0.050, 0.623, 0.008, 0.048, 0.003, 0.032, 0.009]"
169.08,169.12,Yujin,0.6199196577072144,Yujin,[0.620],"[0.049, 0.620, 0.007, 0.049, 0.004, 0.031, 0.008]"
169.12,169.16,Yujin,0.6173050999641418,Yujin,[0.617],"[0.048, 0.617, 0.006, 0.050, 0.004, 0.029, 0.008]"
169.16,169.2,Yujin,0.6152864098548889,Yujin,[0.615],"[0.046, 0.615, 0.006, 0.051, 0.005, 0.028, 0.007]"
169.2,169.24,Yujin,0.6140078902244568,Yujin,[0.614],"[0.045, 0.614, 0.005, 0.053, 0.005, 0.026, 0.007]"
169.24,169.28,Yujin,0.6135535836219788,Yujin,[0.614],"[0.043, 0.614, 0.004, 0.055, 0.006, 0.025, 0.006]"
169.28,169.32,Yujin,0.6139553785324097,Yujin,[0.614],"[0.042, 0.614, 0.003, 0.058, 0.006, 0.023, 0.006]"
169.32,169.36,Yujin,0.6152099370956421,Yujin,[0.615],"[0.040, 0.615, 0.003, 0.061, 0.007, 0.022, 0.006]"
169.36,169.4,Yujin,0.6172826290130615,Yujin,[0.617],"[0.039, 0.617, 0.002, 0.065, 0.008, 0.021, 0.006]"
169.4,169.44,Yujin,0.6202074885368347,Yujin,[0.620],"[0.037, 0.620, 0.002, 0.069, 0.008, 0.020, 0.005]"
169.44,169.48,Yujin,0.6240041851997375,Yujin,[0.624],"[0.035, 0.624, 0.002, 0.074, 0.009, 0.019, 0.005]"
169.48,169.52,Yujin,0.628697395324707,Yujin,[0.629],"[0.034, 0.629, 0.001, 0.080, 0.009, 0.018, 0.005]"
169.52,169.56,Yujin,0.6342812776565552,Yujin,[0.634],"[0.032, 0.634, 0.001, 0.086, 0.010, 0.017, 0.005]"
169.56,169.6,Yujin,0.6407253742218018,Yujin,[0.641],"[0.030, 0.641, 0.001, 0.093, 0.011, 0.016, 0.005]"
169.6,169.64,Yujin,0.6479976177215576,Yujin,[0.648],"[0.028, 0.648, 0.001, 0.101, 0.011, 0.015, 0.005]"
169.64,169.68,Yujin,0.6559880971908569,Yujin,[0.656],"[0.026, 0.656, 0.001, 0.110, 0.012, 0.014, 0.005]"
169.68,169.72,Yujin,0.6645789742469788,Yujin,[0.665],"[0.024, 0.665, 0.000, 0.120, 0.013, 0.013, 0.005]"
169.72,169.76,Yujin,0.6736677885055542,Yujin,[0.674],"[0.022, 0.674, 0.000, 0.130, 0.014, 0.013, 0.005]"
169.76,169.8,Yujin,0.6831642985343933,Yujin,[0.683],"[0.020, 0.683, 0.000, 0.141, 0.015, 0.012, 0.005]"
169.8,169.84,Yujin,0.6931074857711792,Yujin,[0.693],"[0.019, 0.693, 0.000, 0.153, 0.016, 0.011, 0.005]"
169.84,169.88,Yujin,0.7035719752311707,Yujin,[0.704],"[0.017, 0.704, 0.000, 0.166, 0.017, 0.011, 0.005]"
169.88,169.92,Yujin,0.7145883440971375,Yujin,[0.715],"[0.016, 0.715, 0.000, 0.179, 0.019, 0.010, 0.005]"
169.92,169.96,Yujin,0.7261587977409363,Yujin,[0.726],"[0.014, 0.726, 0.000, 0.192, 0.021, 0.010, 0.005]"
169.96,170.0,Yujin,0.7382675409317017,Yujin,[0.738],"[0.013, 0.738, 0.000, 0.205, 0.023, 0.009, 0.005]"
170.0,170.04,Yujin,0.7508611083030701,Yujin,[0.751],"[0.012, 0.751, 0.000, 0.218, 0.025, 0.009, 0.005]"
170.04,170.08,Yujin,0.7638761401176453,Yujin,[0.764],"[0.011, 0.764, 0.000, 0.231, 0.027, 0.008, 0.005]"
170.08,170.12,Yujin,0.7772237658500671,Yujin,[0.777],"[0.010, 0.777, 0.000, 0.241, 0.030, 0.008, 0.005]"
170.12,170.16,Yujin,0.7907862067222595,Yujin,[0.791],"[0.009, 0.791, 0.000, 0.251, 0.034, 0.008, 0.005]"
170.16,170.2,Yujin,0.8044260740280151,Yujin,[0.804],"[0.008, 0.804, 0.000, 0.258, 0.037, 0.008, 0.005]"
170.2,170.24,Yujin,0.8179972767829895,Yujin,[0.818],"[0.007, 0.818, 0.000, 0.264, 0.041, 0.008, 0.005]"
170.24,170.28,Yujin,0.8313560485839844,Yujin,[0.831],"[0.007, 0.831, 0.000, 0.267, 0.046, 0.008, 0.005]"
170.28,170.32,Yujin,0.844412624835968,Yujin,[0.844],"[0.006, 0.844, 0.000, 0.268, 0.051, 0.008, 0.005]"
170.32,170.36,Yujin,0.857097327709198,Yujin,[0.857],"[0.006, 0.857, 0.000, 0.266, 0.056, 0.008, 0.004]"
170.36,170.4,Yujin,0.8693466782569885,Yujin,[0.869],"[0.005, 0.869, 0.000, 0.263, 0.062, 0.008, 0.004]"
170.4,170.44,Yujin,0.8811144828796387,Yujin,[0.881],"[0.005, 0.881, 0.000, 0.257, 0.068, 0.008, 0.004]"
170.44,170.48,Yujin,0.8923413157463074,Yujin,[0.892],"[0.005, 0.892, 0.000, 0.248, 0.074, 0.008, 0.004]"
170.48,170.52,Yujin,0.9029422402381897,Yujin,[0.903],"[0.005, 0.903, 0.000, 0.238, 0.080, 0.009, 0.004]"
170.52,170.56,Yujin,0.9128317832946777,Yujin,[0.913],"[0.005, 0.913, 0.000, 0.227, 0.087, 0.009, 0.003]"
170.56,170.6,Yujin,0.9219505786895752,Yujin,[0.922],"[0.004, 0.922, 0.000, 0.214, 0.094, 0.010, 0.003]"
170.6,170.64,Yujin,0.9302690625190735,Yujin,[0.930],"[0.004, 0.930, 0.000, 0.200, 0.100, 0.011, 0.003]"
170.64,170.68,Yujin,0.9377830028533936,Yujin,[0.938],"[0.004, 0.938, 0.000, 0.186, 0.106, 0.011, 0.003]"
170.68,170.72,Yujin,0.9444957375526428,Yujin,[0.944],"[0.004, 0.944, 0.000, 0.172, 0.112, 0.012, 0.003]"
170.72,170.76,Yujin,0.9504362344741821,Yujin,[0.950],"[0.004, 0.950, 0.000, 0.158, 0.117, 0.013, 0.003]"
170.76,170.8,Yujin,0.9556475281715393,Yujin,[0.956],"[0.005, 0.956, 0.001, 0.144, 0.122, 0.015, 0.003]"
170.8,170.84,Yujin,0.9601805806159973,Yujin,[0.960],"[0.005, 0.960, 0.001, 0.131, 0.126, 0.016, 0.003]"
170.84,170.88,Yujin,0.9640872478485107,Yujin,[0.964],"[0.005, 0.964, 0.001, 0.120, 0.129, 0.018, 0.002]"
170.88,170.92,Yujin,0.9674299359321594,Yujin,[0.967],"[0.005, 0.967, 0.001, 0.109, 0.132, 0.019, 0.002]"
170.92,170.96,Yujin,0.9702699780464172,Yujin,[0.970],"[0.005, 0.970, 0.001, 0.099, 0.135, 0.021, 0.002]"
170.96,171.0,Yujin,0.9726685881614685,Yujin,[0.973],"[0.005, 0.973, 0.001, 0.090, 0.137, 0.023, 0.002]"
171.0,171.04,Yujin,0.974685788154602,Yujin,[0.975],"[0.005, 0.975, 0.001, 0.083, 0.139, 0.026, 0.002]"
171.04,171.08,Yujin,0.9763706922531128,Yujin,[0.976],"[0.006, 0.976, 0.001, 0.076, 0.142, 0.029, 0.002]"
171.08,171.12,Yujin,0.9777653813362122,Yujin,[0.978],"[0.006, 0.978, 0.001, 0.070, 0.144, 0.031, 0.002]"
171.12,171.16,Yujin,0.9789057970046997,Yujin,[0.979],"[0.006, 0.979, 0.001, 0.065, 0.148, 0.035, 0.002]"
171.16,171.2,Yujin,0.9798188209533691,Yujin,[0.980],"[0.006, 0.980, 0.001, 0.060, 0.151, 0.038, 0.002]"
171.2,171.24,Yujin,0.9805294871330261,Yujin,[0.981],"[0.006, 0.981, 0.001, 0.057, 0.156, 0.041, 0.003]"
171.24,171.28,Yujin,0.9810647368431091,Yujin,[0.981],"[0.006, 0.981, 0.001, 0.053, 0.162, 0.045, 0.003]"
171.28,171.32,Yujin,0.9814498424530029,Yujin,[0.981],"[0.006, 0.981, 0.001, 0.050, 0.169, 0.048, 0.003]"
171.32,171.36,Yujin,0.9817127585411072,Yujin,[0.982],"[0.006, 0.982, 0.001, 0.048, 0.176, 0.052, 0.003]"
171.36,171.4,Yujin,0.9818790555000305,Yujin,[0.982],"[0.006, 0.982, 0.001, 0.046, 0.185, 0.055, 0.003]"
171.4,171.44,Yujin,0.9819674491882324,Yujin,[0.982],"[0.006, 0.982, 0.001, 0.044, 0.195, 0.058, 0.003]"
171.44,171.48,Yujin,0.9819951057434082,Yujin,[0.982],"[0.005, 0.982, 0.001, 0.043, 0.206, 0.061, 0.003]"
171.48,171.52,Yujin,0.9819760322570801,Yujin,[0.982],"[0.005, 0.982, 0.001, 0.042, 0.217, 0.063, 0.004]"
171.52,171.56,Yujin,0.9819243550300598,Yujin,[0.982],"[0.005, 0.982, 0.001, 0.041, 0.229, 0.064, 0.004]"
171.56,171.6,Yujin,0.9818562865257263,Yujin,[0.982],"[0.005, 0.982, 0.001, 0.040, 0.240, 0.065, 0.004]"
171.6,171.64,Yujin,0.9817900061607361,Yujin,[0.982],"[0.005, 0.982, 0.001, 0.040, 0.252, 0.066, 0.005]"
171.64,171.68,Yujin,0.9817419648170471,Yujin,[0.982],"[0.005, 0.982, 0.001, 0.039, 0.263, 0.066, 0.005]"
171.68,171.72,Yujin,0.9817289710044861,Yujin,[0.982],"[0.004, 0.982, 0.001, 0.039, 0.273, 0.065, 0.006]"
171.72,171.76,Yujin,0.9817615151405334,Yujin,[0.982],"[0.004, 0.982, 0.001, 0.039, 0.282, 0.065, 0.006]"
171.76,171.8,Yujin,0.9818500876426697,Yujin,[0.982],"[0.004, 0.982, 0.002, 0.038, 0.289, 0.064, 0.007]"
171.8,171.84,Yujin,0.981990396976471,Yujin,[0.982],"[0.004, 0.982, 0.002, 0.038, 0.295, 0.062, 0.007]"
171.84,171.88,Yujin,0.9821741580963135,Yujin,[0.982],"[0.004, 0.982, 0.002, 0.038, 0.298, 0.061, 0.008]"
171.88,171.92,Yujin,0.9823947548866272,Yujin,[0.982],"[0.004, 0.982, 0.002, 0.038, 0.300, 0.060, 0.009]"
171.92,171.96,Yujin,0.9826436638832092,Yujin,[0.983],"[0.004, 0.983, 0.002, 0.037, 0.300, 0.058, 0.009]"
171.96,172.0,Yujin,0.9829083681106567,Yujin,[0.983],"[0.004, 0.983, 0.002, 0.037, 0.298, 0.057, 0.010]"
172.0,172.04,Yujin,0.98317551612854,Yujin,[0.983],"[0.004, 0.983, 0.002, 0.037, 0.294, 0.055, 0.011]"
172.04,172.08,Yujin,0.9834349751472473,Yujin,[0.983],"[0.004, 0.983, 0.003, 0.037, 0.288, 0.054, 0.012]"
172.08,172.12,Yujin,0.9836766123771667,Yujin,[0.984],"[0.004, 0.984, 0.003, 0.036, 0.281, 0.052, 0.013]"
172.12,172.16,Yujin,0.9838969707489014,Yujin,[0.984],"[0.005, 0.984, 0.003, 0.036, 0.273, 0.050, 0.014]"
172.16,172.2,Yujin,0.9840953946113586,Yujin,[0.984],"[0.005, 0.984, 0.003, 0.036, 0.263, 0.049, 0.014]"
172.2,172.24,Yujin,0.9842740893363953,Yujin,[0.984],"[0.005, 0.984, 0.003, 0.036, 0.251, 0.047, 0.015]"
172.24,172.28,Yujin,0.9844347834587097,Yujin,[0.984],"[0.006, 0.984, 0.004, 0.036, 0.239, 0.045, 0.016]"
172.28,172.32,Yujin,0.9845750331878662,Yujin,[0.985],"[0.006, 0.985, 0.004, 0.036, 0.226, 0.043, 0.016]"
172.32,172.36,Yujin,0.984689474105835,Yujin,[0.985],"[0.007, 0.985, 0.004, 0.036, 0.213, 0.041, 0.017]"
172.36,172.4,Yujin,0.9847699403762817,Yujin,[0.985],"[0.008, 0.985, 0.004, 0.036, 0.199, 0.039, 0.017]"
172.4,172.44,Yujin,0.984805166721344,Yujin,[0.985],"[0.008, 0.985, 0.004, 0.036, 0.186, 0.037, 0.017]"
172.44,172.48,Yujin,0.9847827553749084,Yujin,[0.985],"[0.009, 0.985, 0.005, 0.036, 0.173, 0.035, 0.016]"
172.48,172.52,Yujin,0.9846877455711365,Yujin,[0.985],"[0.011, 0.985, 0.005, 0.037, 0.160, 0.033, 0.016]"
172.52,172.56,Yujin,0.9845067858695984,Yujin,[0.985],"[0.012, 0.985, 0.005, 0.037, 0.149, 0.031, 0.015]"
172.56,172.6,Yujin,0.9842268824577332,Yujin,[0.984],"[0.013, 0.984, 0.005, 0.038, 0.138, 0.029, 0.014]"
172.6,172.64,Yujin,0.9838327765464783,Yujin,[0.984],"[0.015, 0.984, 0.006, 0.038, 0.128, 0.027, 0.013]"
172.64,172.68,Yujin,0.983306884765625,Yujin,[0.983],"[0.017, 0.983, 0.006, 0.039, 0.119, 0.025, 0.012]"
172.68,172.72,Yujin,0.9826268553733826,Yujin,[0.983],"[0.019, 0.983, 0.006, 0.040, 0.111, 0.023, 0.011]"
172.72,172.76,Yujin,0.9817682504653931,Yujin,[0.982],"[0.022, 0.982, 0.007, 0.040, 0.104, 0.021, 0.010]"
172.76,172.8,Yujin,0.9807021021842957,Yujin,[0.981],"[0.024, 0.981, 0.007, 0.041, 0.098, 0.019, 0.009]"
172.8,172.84,Yujin,0.9793979525566101,Yujin,[0.979],"[0.027, 0.979, 0.007, 0.041, 0.093, 0.017, 0.008]"
172.84,172.88,Yujin,0.9778148531913757,Yujin,[0.978],"[0.030, 0.978, 0.008, 0.041, 0.089, 0.016, 0.007]"
172.88,172.92,Yujin,0.9758985042572021,Yujin,[0.976],"[0.033, 0.976, 0.008, 0.041, 0.085, 0.015, 0.006]"
172.92,172.96,Yujin,0.9735767841339111,Yujin,[0.974],"[0.036, 0.974, 0.009, 0.041, 0.083, 0.013, 0.005]"
172.96,173.0,Yujin,0.9707543849945068,Yujin,[0.971],"[0.039, 0.971, 0.009, 0.041, 0.080, 0.012, 0.004]"
173.0,173.04,Yujin,0.9673126935958862,Yujin,[0.967],"[0.042, 0.967, 0.010, 0.041, 0.079, 0.012, 0.004]"
173.04,173.08,Yujin,0.9631049036979675,Yujin,[0.963],"[0.045, 0.963, 0.011, 0.040, 0.078, 0.011, 0.003]"
173.08,173.12,Yujin,0.9579588174819946,Yujin,[0.958],"[0.048, 0.958, 0.012, 0.040, 0.077, 0.010, 0.003]"
173.12,173.16,Yujin,0.9516772031784058,Yujin,[0.952],"[0.050, 0.952, 0.013, 0.039, 0.076, 0.009, 0.002]"
173.16,173.2,Yujin,0.9440490007400513,Yujin,[0.944],"[0.053, 0.944, 0.015, 0.038, 0.075, 0.009, 0.002]"
173.2,173.24,Yujin,0.9348281025886536,Yujin,[0.935],"[0.055, 0.935, 0.017, 0.038, 0.075, 0.009, 0.002]"
173.24,173.28,Yujin,0.9237242937088013,Yujin,[0.924],"[0.058, 0.924, 0.019, 0.037, 0.075, 0.008, 0.001]"
173.28,173.32,Yujin,0.9104440212249756,Yujin,[0.910],"[0.060, 0.910, 0.021, 0.036, 0.074, 0.008, 0.001]"
173.32,173.36,Yujin,0.8946610689163208,Yujin,[0.895],"[0.062, 0.895, 0.024, 0.036, 0.074, 0.008, 0.001]"
173.36,173.4,Yujin,0.8760556578636169,Yujin,[0.876],"[0.065, 0.876, 0.028, 0.035, 0.074, 0.008, 0.001]"
173.4,173.44,Yujin,0.8543378114700317,Yujin,[0.854],"[0.067, 0.854, 0.033, 0.034, 0.074, 0.008, 0.001]"
173.44,173.48,Yujin,0.8292882442474365,Yujin,[0.829],"[0.070, 0.829, 0.038, 0.033, 0.074, 0.008, 0.001]"
173.48,173.52,Yujin,0.8008153438568115,Yujin,[0.801],"[0.073, 0.801, 0.044, 0.033, 0.074, 0.008, 0.000]"
173.52,173.56,Yujin,0.7690176963806152,Yujin,[0.769],"[0.077, 0.769, 0.052, 0.032, 0.075, 0.008, 0.000]"
173.56,173.6,Yujin,0.734182596206665,Yujin,[0.734],"[0.080, 0.734, 0.061, 0.031, 0.075, 0.008, 0.000]"
173.6,173.64,Yujin,0.6968032717704773,Yujin,[0.697],"[0.084, 0.697, 0.071, 0.031, 0.075, 0.009, 0.000]"
173.64,173.68,Yujin,0.6576125621795654,Yujin,[0.658],"[0.089, 0.658, 0.083, 0.030, 0.075, 0.009, 0.000]"
173.68,173.72,Yujin,0.6174899935722351,Yujin,[0.617],"[0.095, 0.617, 0.098, 0.030, 0.074, 0.010, 0.000]"
173.72,173.76,Yujin,0.5774334669113159,,[],"[0.101, 0.577, 0.114, 0.030, 0.074, 0.011, 0.000]"
173.76,173.8,Yujin,0.53838050365448,,[],"[0.108, 0.538, 0.133, 0.029, 0.074, 0.012, 0.000]"
173.8,173.84,Yujin,0.5011772513389587,,[],"[0.116, 0.501, 0.154, 0.029, 0.074, 0.013, 0.000]"
173.84,173.88,Yujin,0.4665197730064392,,[],"[0.126, 0.467, 0.177, 0.029, 0.073, 0.014, 0.000]"
173.88,173.92,Yujin,0.4347918629646301,,[],"[0.137, 0.435, 0.204, 0.029, 0.072, 0.016, 0.000]"
173.92,173.96,Yujin,0.4061591625213623,,[],"[0.149, 0.406, 0.232, 0.029, 0.072, 0.018, 0.000]"
173.96,174.0,Yujin,0.3807125389575958,,[],"[0.162, 0.381, 0.263, 0.029, 0.071, 0.020, 0.000]"
174.0,174.04,Yujin,0.3584173917770386,,[],"[0.177, 0.358, 0.295, 0.029, 0.070, 0.022, 0.000]"
174.04,174.08,Yujin,0.33909928798675537,,[],"[0.193, 0.339, 0.329, 0.030, 0.068, 0.025, 0.000]"
174.08,174.12,Rei,0.3626999258995056,,[],"[0.211, 0.322, 0.363, 0.030, 0.067, 0.028, 0.000]"
174.12,174.16,Rei,0.3964020311832428,,[],"[0.229, 0.308, 0.396, 0.030, 0.066, 0.031, 0.000]"
174.16,174.2,Rei,0.42931511998176575,,[],"[0.249, 0.296, 0.429, 0.031, 0.064, 0.034, 0.000]"
174.2,174.24,Rei,0.4609154760837555,,[],"[0.269, 0.285, 0.461, 0.031, 0.063, 0.038, 0.000]"
174.24,174.28,Rei,0.49076735973358154,,[],"[0.289, 0.275, 0.491, 0.032, 0.061, 0.042, 0.000]"
174.28,174.32,Rei,0.518561065196991,,[],"[0.310, 0.266, 0.519, 0.032, 0.059, 0.046, 0.000]"
174.32,174.36,Rei,0.5440901517868042,,[],"[0.330, 0.257, 0.544, 0.032, 0.058, 0.050, 0.000]"
174.36,174.4,Rei,0.5672298669815063,,[],"[0.349, 0.248, 0.567, 0.032, 0.056, 0.055, 0.000]"
174.4,174.44,Rei,0.5879674553871155,,[],"[0.366, 0.238, 0.588, 0.033, 0.055, 0.059, 0.000]"
174.44,174.48,Rei,0.6063867211341858,,[],"[0.383, 0.228, 0.606, 0.033, 0.053, 0.064, 0.000]"
174.48,174.52,Rei,0.6226174235343933,Rei,[0.623],"[0.398, 0.217, 0.623, 0.032, 0.051, 0.068, 0.000]"
174.52,174.56,Rei,0.6368435621261597,Rei,[0.637],"[0.412, 0.205, 0.637, 0.032, 0.050, 0.073, 0.000]"
174.56,174.6,Rei,0.6492438912391663,Rei,[0.649],"[0.424, 0.192, 0.649, 0.032, 0.048, 0.078, 0.000]"
174.6,174.64,Rei,0.6600415706634521,Rei,[0.660],"[0.435, 0.179, 0.660, 0.031, 0.047, 0.083, 0.000]"
174.64,174.68,Rei,0.6694446206092834,Rei,[0.669],"[0.443, 0.165, 0.669, 0.030, 0.045, 0.088, 0.000]"
174.68,174.72,Rei,0.6775726079940796,Rei,[0.678],"[0.451, 0.150, 0.678, 0.030, 0.044, 0.093, 0.000]"
174.72,174.76,Rei,0.6844900846481323,Rei,[0.684],"[0.457, 0.136, 0.684, 0.029, 0.043, 0.099, 0.000]"
174.76,174.8,Rei,0.6901600360870361,Rei,[0.690],"[0.462, 0.122, 0.690, 0.028, 0.042, 0.104, 0.000]"
174.8,174.84,Rei,0.6945405602455139,Rei,[0.695],"[0.465, 0.109, 0.695, 0.027, 0.040, 0.109, 0.000]"
174.84,174.88,Rei,0.6976409554481506,Rei,[0.698],"[0.468, 0.097, 0.698, 0.026, 0.039, 0.114, 0.000]"
174.88,174.92,Rei,0.69950270652771,Rei,[0.700],"[0.469, 0.085, 0.700, 0.025, 0.038, 0.119, 0.000]"
174.92,174.96,Rei,0.7001624703407288,Rei,[0.700],"[0.470, 0.075, 0.700, 0.024, 0.036, 0.124, 0.000]"
174.96,175.0,Rei,0.699690043926239,Rei,[0.700],"[0.470, 0.066, 0.700, 0.023, 0.035, 0.128, 0.000]"
175.0,175.04,Rei,0.6980569958686829,Rei,[0.698],"[0.470, 0.058, 0.698, 0.022, 0.034, 0.132, 0.000]"
175.04,175.08,Rei,0.6952760219573975,Rei,[0.695],"[0.470, 0.052, 0.695, 0.021, 0.033, 0.135, 0.000]"
175.08,175.12,Rei,0.6914507150650024,Rei,[0.691],"[0.469, 0.046, 0.691, 0.020, 0.031, 0.139, 0.000]"
175.12,175.16,Rei,0.6866908669471741,Rei,[0.687],"[0.468, 0.041, 0.687, 0.019, 0.030, 0.142, 0.000]"
175.16,175.2,Rei,0.6810871958732605,Rei,[0.681],"[0.466, 0.037, 0.681, 0.018, 0.029, 0.145, 0.000]"
175.2,175.24,Rei,0.6747646331787109,Rei,[0.675],"[0.464, 0.034, 0.675, 0.017, 0.028, 0.148, 0.000]"
175.24,175.28,Rei,0.667873203754425,Rei,[0.668],"[0.460, 0.031, 0.668, 0.016, 0.027, 0.150, 0.000]"
175.28,175.32,Rei,0.6605631113052368,Rei,[0.661],"[0.455, 0.029, 0.661, 0.016, 0.026, 0.152, 0.000]"
175.32,175.36,Rei,0.6529179811477661,Rei,[0.653],"[0.449, 0.027, 0.653, 0.015, 0.025, 0.153, 0.000]"
175.36,175.4,Rei,0.6449635624885559,Rei,[0.645],"[0.441, 0.025, 0.645, 0.014, 0.024, 0.153, 0.001]"
175.4,175.44,Rei,0.6367573142051697,Rei,[0.637],"[0.432, 0.024, 0.637, 0.014, 0.023, 0.153, 0.001]"
175.44,175.48,Rei,0.6283165812492371,Rei,[0.628],"[0.421, 0.023, 0.628, 0.014, 0.022, 0.152, 0.001]"
175.48,175.52,Rei,0.6196950674057007,Rei,[0.620],"[0.409, 0.022, 0.620, 0.014, 0.022, 0.150, 0.001]"
175.52,175.56,Rei,0.6110249161720276,Rei,[0.611],"[0.396, 0.021, 0.611, 0.013, 0.021, 0.148, 0.001]"
175.56,175.6,Rei,0.6024408340454102,Rei,[0.602],"[0.382, 0.021, 0.602, 0.013, 0.020, 0.144, 0.001]"
175.6,175.64,Rei,0.5941120386123657,Rei,[0.594],"[0.367, 0.021, 0.594, 0.013, 0.019, 0.140, 0.001]"
175.64,175.68,Rei,0.5862309336662292,Rei,[0.586],"[0.351, 0.020, 0.586, 0.013, 0.018, 0.135, 0.001]"
175.68,175.72,Rei,0.5789787173271179,,[],"[0.335, 0.020, 0.579, 0.014, 0.018, 0.129, 0.002]"
175.72,175.76,Rei,0.5725219249725342,,[],"[0.318, 0.020, 0.573, 0.014, 0.017, 0.123, 0.002]"
175.76,175.8,Rei,0.5669395327568054,,[],"[0.301, 0.020, 0.567, 0.014, 0.016, 0.117, 0.002]"
175.8,175.84,Rei,0.5622643828392029,,[],"[0.284, 0.021, 0.562, 0.015, 0.015, 0.110, 0.002]"
175.84,175.88,Rei,0.5585415959358215,,[],"[0.267, 0.021, 0.559, 0.015, 0.014, 0.104, 0.002]"
175.88,175.92,Rei,0.5558792948722839,,[],"[0.250, 0.021, 0.556, 0.016, 0.014, 0.097, 0.003]"
175.92,175.96,Rei,0.5543584823608398,,[],"[0.233, 0.021, 0.554, 0.016, 0.013, 0.091, 0.003]"
175.96,176.0,Rei,0.5540476441383362,,[],"[0.217, 0.021, 0.554, 0.017, 0.012, 0.085, 0.003]"
176.0,176.04,Rei,0.5549375414848328,,[],"[0.202, 0.021, 0.555, 0.018, 0.011, 0.079, 0.003]"
176.04,176.08,Rei,0.5569323897361755,,[],"[0.188, 0.022, 0.557, 0.019, 0.010, 0.073, 0.004]"
176.08,176.12,Rei,0.5598673820495605,,[],"[0.175, 0.022, 0.560, 0.020, 0.010, 0.068, 0.004]"
176.12,176.16,Rei,0.5635567307472229,,[],"[0.163, 0.022, 0.564, 0.021, 0.009, 0.063, 0.004]"
176.16,176.2,Rei,0.5678184032440186,,[],"[0.152, 0.022, 0.568, 0.023, 0.008, 0.059, 0.004]"
176.2,176.24,Rei,0.5724451541900635,,[],"[0.143, 0.022, 0.572, 0.024, 0.008, 0.055, 0.004]"
176.24,176.28,Rei,0.5772241950035095,,[],"[0.134, 0.022, 0.577, 0.026, 0.007, 0.052, 0.004]"
176.28,176.32,Rei,0.5819891095161438,,[],"[0.127, 0.023, 0.582, 0.027, 0.007, 0.049, 0.004]"
176.32,176.36,Rei,0.5865792036056519,,[],"[0.121, 0.023, 0.587, 0.029, 0.006, 0.047, 0.004]"
176.36,176.4,Rei,0.590842604637146,,[],"[0.116, 0.023, 0.591, 0.031, 0.006, 0.045, 0.004]"
176.4,176.44,Rei,0.5946062803268433,,[],"[0.113, 0.023, 0.595, 0.033, 0.005, 0.043, 0.004]"
176.44,176.48,Rei,0.5976774096488953,,[],"[0.111, 0.024, 0.598, 0.035, 0.005, 0.041, 0.004]"
176.48,176.52,Rei,0.5999444723129272,,[],"[0.109, 0.024, 0.600, 0.038, 0.005, 0.040, 0.004]"
176.52,176.56,Rei,0.6013705730438232,,[],"[0.109, 0.025, 0.601, 0.040, 0.005, 0.039, 0.004]"
176.56,176.6,Rei,0.6019780039787292,,[],"[0.111, 0.025, 0.602, 0.042, 0.005, 0.039, 0.004]"
176.6,176.64,Rei,0.6017811894416809,,[],"[0.113, 0.026, 0.602, 0.045, 0.005, 0.038, 0.004]"
176.64,176.68,Rei,0.6007922887802124,,[],"[0.116, 0.027, 0.601, 0.047, 0.005, 0.038, 0.003]"
176.68,176.72,Rei,0.5990170836448669,,[],"[0.121, 0.028, 0.599, 0.049, 0.005, 0.038, 0.003]"
176.72,176.76,Rei,0.596488893032074,,[],"[0.127, 0.029, 0.596, 0.051, 0.005, 0.038, 0.003]"
176.76,176.8,Rei,0.5932750701904297,,[],"[0.134, 0.030, 0.593, 0.053, 0.005, 0.039, 0.003]"
176.8,176.84,Rei,0.5894379615783691,,[],"[0.141, 0.031, 0.589, 0.055, 0.005, 0.039, 0.003]"
176.84,176.88,Rei,0.5850903391838074,,[],"[0.150, 0.033, 0.585, 0.056, 0.005, 0.040, 0.002]"
176.88,176.92,Rei,0.5802885890007019,,[],"[0.160, 0.034, 0.580, 0.057, 0.006, 0.041, 0.002]"
176.92,176.96,Rei,0.575067400932312,,[],"[0.171, 0.035, 0.575, 0.058, 0.006, 0.042, 0.002]"
176.96,177.0,Rei,0.569564938545227,,[],"[0.182, 0.037, 0.570, 0.059, 0.007, 0.043, 0.002]"
177.0,177.04,Rei,0.5639601349830627,,[],"[0.193, 0.038, 0.564, 0.059, 0.007, 0.045, 0.001]"
177.04,177.08,Rei,0.5583866238594055,,[],"[0.205, 0.039, 0.558, 0.058, 0.008, 0.046, 0.001]"
177.08,177.12,Rei,0.5529593229293823,,[],"[0.217, 0.040, 0.553, 0.057, 0.009, 0.048, 0.001]"
177.12,177.16,Rei,0.547826886177063,,[],"[0.228, 0.041, 0.548, 0.056, 0.010, 0.050, 0.001]"
177.16,177.2,Rei,0.543220043182373,,[],"[0.238, 0.042, 0.543, 0.055, 0.011, 0.052, 0.001]"
177.2,177.24,Rei,0.5393519401550293,,[],"[0.247, 0.042, 0.539, 0.053, 0.013, 0.053, 0.001]"
177.24,177.28,Rei,0.5364287495613098,,[],"[0.254, 0.042, 0.536, 0.051, 0.014, 0.055, 0.001]"
177.28,177.32,Rei,0.5346227288246155,,[],"[0.260, 0.042, 0.535, 0.049, 0.016, 0.058, 0.001]"
177.32,177.36,Rei,0.534135103225708,,[],"[0.264, 0.042, 0.534, 0.047, 0.019, 0.060, 0.001]"
177.36,177.4,Rei,0.5352187752723694,,[],"[0.266, 0.042, 0.535, 0.045, 0.021, 0.062, 0.000]"
177.4,177.44,Rei,0.5380440950393677,,[],"[0.265, 0.041, 0.538, 0.042, 0.024, 0.064, 0.000]"
177.44,177.48,Rei,0.5427693724632263,,[],"[0.262, 0.040, 0.543, 0.040, 0.027, 0.066, 0.000]"
177.48,177.52,Rei,0.5495094060897827,,[],"[0.256, 0.040, 0.550, 0.037, 0.030, 0.069, 0.000]"
177.52,177.56,Rei,0.5582887530326843,,[],"[0.247, 0.039, 0.558, 0.035, 0.034, 0.071, 0.000]"
177.56,177.6,Rei,0.5689826011657715,,[],"[0.236, 0.038, 0.569, 0.033, 0.037, 0.074, 0.000]"
177.6,177.64,Rei,0.5813679695129395,,[],"[0.223, 0.037, 0.581, 0.031, 0.041, 0.077, 0.000]"
177.64,177.68,Rei,0.5951664447784424,,[],"[0.209, 0.036, 0.595, 0.028, 0.045, 0.079, 0.000]"
177.68,177.72,Rei,0.6100407242774963,,[],"[0.193, 0.035, 0.610, 0.026, 0.049, 0.082, 0.000]"
177.72,177.76,Rei,0.6255884170532227,Rei,[0.626],"[0.176, 0.034, 0.626, 0.025, 0.053, 0.085, 0.000]"
177.76,177.8,Rei,0.641426682472229,Rei,[0.641],"[0.160, 0.033, 0.641, 0.023, 0.057, 0.088, 0.000]"
177.8,177.84,Rei,0.657197117805481,Rei,[0.657],"[0.144, 0.032, 0.657, 0.021, 0.061, 0.092, 0.000]"
177.84,177.88,Rei,0.6725422739982605,Rei,[0.673],"[0.129, 0.031, 0.673, 0.020, 0.065, 0.095, 0.000]"
177.88,177.92,Rei,0.6871299743652344,Rei,[0.687],"[0.115, 0.031, 0.687, 0.018, 0.069, 0.099, 0.000]"
177.92,177.96,Rei,0.70060133934021,Rei,[0.701],"[0.103, 0.030, 0.701, 0.017, 0.072, 0.103, 0.000]"
177.96,178.0,Rei,0.712556779384613,Rei,[0.713],"[0.092, 0.030, 0.713, 0.016, 0.076, 0.108, 0.000]"
178.0,178.04,Rei,0.7226735353469849,Rei,[0.723],"[0.083, 0.030, 0.723, 0.015, 0.080, 0.112, 0.000]"
178.04,178.08,Rei,0.7307314872741699,Rei,[0.731],"[0.075, 0.030, 0.731, 0.014, 0.084, 0.118, 0.000]"
178.08,178.12,Rei,0.736584484577179,Rei,[0.737],"[0.069, 0.030, 0.737, 0.013, 0.087, 0.123, 0.000]"
178.12,178.16,Rei,0.740158200263977,Rei,[0.740],"[0.064, 0.031, 0.740, 0.012, 0.091, 0.130, 0.000]"
178.16,178.2,Rei,0.7413802742958069,Rei,[0.741],"[0.060, 0.031, 0.741, 0.011, 0.095, 0.137, 0.000]"
178.2,178.24,Rei,0.7401331067085266,Rei,[0.740],"[0.057, 0.032, 0.740, 0.010, 0.099, 0.144, 0.000]"
178.24,178.28,Rei,0.736329972743988,Rei,[0.736],"[0.055, 0.034, 0.736, 0.010, 0.103, 0.152, 0.000]"
178.28,178.32,Rei,0.7298699021339417,Rei,[0.730],"[0.054, 0.035, 0.730, 0.009, 0.108, 0.161, 0.000]"
178.32,178.36,Rei,0.7206611037254333,Rei,[0.721],"[0.054, 0.037, 0.721, 0.009, 0.112, 0.171, 0.000]"
178.36,178.4,Rei,0.7085890769958496,Rei,[0.709],"[0.055, 0.039, 0.709, 0.008, 0.117, 0.182, 0.000]"
178.4,178.44,Rei,0.6935754418373108,Rei,[0.694],"[0.056, 0.041, 0.694, 0.008, 0.122, 0.194, 0.000]"
178.44,178.48,Rei,0.675593376159668,Rei,[0.676],"[0.058, 0.044, 0.676, 0.007, 0.127, 0.206, 0.000]"
178.48,178.52,Rei,0.6546407341957092,Rei,[0.655],"[0.061, 0.047, 0.655, 0.007, 0.133, 0.218, 0.000]"
178.52,178.56,Rei,0.6307598948478699,Rei,[0.631],"[0.064, 0.050, 0.631, 0.007, 0.138, 0.231, 0.000]"
178.56,178.6,Rei,0.604106068611145,Rei,[0.604],"[0.068, 0.054, 0.604, 0.006, 0.143, 0.244, 0.000]"
178.6,178.64,Rei,0.5749895572662354,,[],"[0.072, 0.058, 0.575, 0.006, 0.149, 0.257, 0.000]"
178.64,178.68,Rei,0.5438550114631653,,[],"[0.076, 0.062, 0.544, 0.006, 0.154, 0.270, 0.000]"
178.68,178.72,Rei,0.5112513899803162,,[],"[0.081, 0.066, 0.511, 0.006, 0.160, 0.282, 0.000]"
178.72,178.76,Rei,0.4777994155883789,,[],"[0.086, 0.070, 0.478, 0.006, 0.165, 0.293, 0.000]"
178.76,178.8,Rei,0.44418811798095703,,[],"[0.091, 0.074, 0.444, 0.006, 0.171, 0.304, 0.000]"
178.8,178.84,Rei,0.41114065051078796,,[],"[0.095, 0.077, 0.411, 0.006, 0.176, 0.313, 0.000]"
178.84,178.88,Rei,0.37922221422195435,,[],"[0.099, 0.081, 0.379, 0.007, 0.181, 0.320, 0.000]"
178.88,178.92,Rei,0.3489122986793518,,[],"[0.102, 0.084, 0.349, 0.007, 0.186, 0.326, 0.000]"
178.92,178.96,Leeseo,0.3299867510795593,,[],"[0.104, 0.086, 0.321, 0.007, 0.190, 0.330, 0.000]"
178.96,179.0,Leeseo,0.33217230439186096,,[],"[0.105, 0.088, 0.294, 0.008, 0.194, 0.332, 0.000]"
179.0,179.04,Leeseo,0.3325044512748718,,[],"[0.105, 0.090, 0.270, 0.008, 0.197, 0.333, 0.000]"
179.04,179.08,Leeseo,0.3310467600822449,,[],"[0.104, 0.090, 0.249, 0.009, 0.200, 0.331, 0.001]"
179.08,179.12,Leeseo,0.32790473103523254,,[],"[0.103, 0.091, 0.229, 0.010, 0.201, 0.328, 0.001]"
179.12,179.16,Leeseo,0.3232022225856781,,[],"[0.100, 0.090, 0.210, 0.011, 0.202, 0.323, 0.001]"
179.16,179.2,Leeseo,0.3170413672924042,,[],"[0.098, 0.089, 0.194, 0.013, 0.202, 0.317, 0.001]"
179.2,179.24,Leeseo,0.3095526099205017,,[],"[0.095, 0.088, 0.179, 0.014, 0.200, 0.310, 0.001]"
179.24,179.28,Leeseo,0.30089569091796875,,[],"[0.092, 0.086, 0.164, 0.016, 0.198, 0.301, 0.001]"
179.28,179.32,Leeseo,0.29123687744140625,,[],"[0.088, 0.083, 0.152, 0.018, 0.194, 0.291, 0.002]"
179.32,179.36,Leeseo,0.2807716727256775,,[],"[0.086, 0.081, 0.139, 0.021, 0.190, 0.281, 0.002]"
179.36,179.4,Leeseo,0.2697073519229889,,[],"[0.083, 0.078, 0.128, 0.023, 0.184, 0.270, 0.002]"
179.4,179.44,Leeseo,0.2582402229309082,,[],"[0.081, 0.076, 0.117, 0.026, 0.178, 0.258, 0.003]"
179.44,179.48,Leeseo,0.24657069146633148,,[],"[0.080, 0.073, 0.107, 0.029, 0.172, 0.247, 0.003]"
179.48,179.52,Leeseo,0.23488439619541168,,[],"[0.080, 0.071, 0.098, 0.033, 0.165, 0.235, 0.003]"
179.52,179.56,Leeseo,0.22336778044700623,,[],"[0.080, 0.068, 0.089, 0.037, 0.157, 0.223, 0.004]"
179.56,179.6,Leeseo,0.2121720314025879,,[],"[0.082, 0.066, 0.081, 0.040, 0.149, 0.212, 0.004]"
179.6,179.64,Leeseo,0.2014068067073822,,[],"[0.085, 0.064, 0.073, 0.044, 0.141, 0.201, 0.005]"
179.64,179.68,Leeseo,0.1911211907863617,,[],"[0.089, 0.062, 0.065, 0.048, 0.134, 0.191, 0.005]"
179.68,179.72,Leeseo,0.18136492371559143,,[],"[0.095, 0.061, 0.059, 0.052, 0.126, 0.181, 0.005]"
179.72,179.76,Leeseo,0.1721789836883545,,[],"[0.102, 0.059, 0.052, 0.056, 0.119, 0.172, 0.006]"
179.76,179.8,Leeseo,0.16357897222042084,,[],"[0.112, 0.058, 0.046, 0.059, 0.112, 0.164, 0.006]"
179.8,179.84,Leeseo,0.15555401146411896,,[],"[0.125, 0.057, 0.041, 0.062, 0.105, 0.156, 0.006]"
179.84,179.88,Leeseo,0.14807568490505219,,[],"[0.140, 0.056, 0.036, 0.065, 0.099, 0.148, 0.006]"
179.88,179.92,Gaeul,0.15855325758457184,,[],"[0.159, 0.056, 0.032, 0.067, 0.094, 0.141, 0.006]"
179.92,179.96,Gaeul,0.1806090772151947,,[],"[0.181, 0.055, 0.028, 0.069, 0.089, 0.135, 0.006]"
179.96,180.0,Gaeul,0.2064424306154251,,[],"[0.206, 0.055, 0.025, 0.070, 0.085, 0.128, 0.006]"
180.0,180.04,Gaeul,0.23613063991069794,,[],"[0.236, 0.055, 0.022, 0.071, 0.082, 0.122, 0.006]"
180.04,180.08,Gaeul,0.26958006620407104,,[],"[0.270, 0.054, 0.019, 0.072, 0.079, 0.117, 0.005]"
180.08,180.12,Gaeul,0.30650290846824646,,[],"[0.307, 0.054, 0.017, 0.072, 0.077, 0.111, 0.005]"
180.12,180.16,Gaeul,0.3463597297668457,,[],"[0.346, 0.053, 0.015, 0.072, 0.075, 0.106, 0.005]"
180.16,180.2,Gaeul,0.3883528411388397,,[],"[0.388, 0.053, 0.014, 0.072, 0.074, 0.100, 0.005]"
180.2,180.24,Gaeul,0.43146535754203796,,[],"[0.431, 0.053, 0.013, 0.071, 0.073, 0.094, 0.005]"
180.24,180.28,Gaeul,0.4747125804424286,,[],"[0.475, 0.052, 0.012, 0.071, 0.073, 0.088, 0.004]"
180.28,180.32,Gaeul,0.5171887278556824,,[],"[0.517, 0.051, 0.011, 0.071, 0.072, 0.082, 0.004]"
180.32,180.36,Gaeul,0.5581237077713013,,[],"[0.558, 0.051, 0.010, 0.070, 0.073, 0.076, 0.004]"
180.36,180.4,Gaeul,0.5968904495239258,,[],"[0.597, 0.050, 0.010, 0.070, 0.073, 0.070, 0.004]"
180.4,180.44,Gaeul,0.6330812573432922,Gaeul,[0.633],"[0.633, 0.049, 0.009, 0.070, 0.074, 0.064, 0.004]"
180.44,180.48,Gaeul,0.666461706161499,Gaeul,[0.666],"[0.666, 0.048, 0.009, 0.070, 0.074, 0.058, 0.004]"
180.48,180.52,Gaeul,0.696938693523407,Gaeul,[0.697],"[0.697, 0.047, 0.009, 0.071, 0.075, 0.053, 0.003]"
180.52,180.56,Gaeul,0.7245665788650513,Gaeul,[0.725],"[0.725, 0.046, 0.009, 0.071, 0.076, 0.047, 0.003]"
180.56,180.6,Gaeul,0.7495126724243164,Gaeul,[0.750],"[0.750, 0.045, 0.009, 0.072, 0.077, 0.042, 0.003]"
180.6,180.64,Gaeul,0.7720081806182861,Gaeul,[0.772],"[0.772, 0.044, 0.009, 0.072, 0.078, 0.038, 0.003]"
180.64,180.68,Gaeul,0.7922700643539429,Gaeul,[0.792],"[0.792, 0.043, 0.009, 0.073, 0.079, 0.034, 0.003]"
180.68,180.72,Gaeul,0.8105339407920837,Gaeul,[0.811],"[0.811, 0.042, 0.009, 0.074, 0.079, 0.030, 0.003]"
180.72,180.76,Gaeul,0.8270105719566345,Gaeul,[0.827],"[0.827, 0.040, 0.009, 0.075, 0.080, 0.027, 0.003]"
180.76,180.8,Gaeul,0.8418807983398438,Gaeul,[0.842],"[0.842, 0.039, 0.009, 0.076, 0.080, 0.025, 0.003]"
180.8,180.84,Gaeul,0.8553139567375183,Gaeul,[0.855],"[0.855, 0.038, 0.009, 0.077, 0.080, 0.022, 0.003]"
180.84,180.88,Gaeul,0.8674918413162231,Gaeul,[0.867],"[0.867, 0.036, 0.009, 0.078, 0.080, 0.020, 0.003]"
180.88,180.92,Gaeul,0.8786076307296753,Gaeul,[0.879],"[0.879, 0.035, 0.009, 0.079, 0.080, 0.018, 0.003]"
180.92,180.96,Gaeul,0.8888088464736938,Gaeul,[0.889],"[0.889, 0.034, 0.009, 0.080, 0.080, 0.017, 0.003]"
180.96,181.0,Gaeul,0.8982017636299133,Gaeul,[0.898],"[0.898, 0.032, 0.009, 0.081, 0.079, 0.015, 0.003]"
181.0,181.04,Gaeul,0.9068066477775574,Gaeul,[0.907],"[0.907, 0.031, 0.009, 0.083, 0.078, 0.014, 0.003]"
181.04,181.08,Gaeul,0.9146062731742859,Gaeul,[0.915],"[0.915, 0.030, 0.009, 0.085, 0.078, 0.013, 0.003]"
181.08,181.12,Gaeul,0.9215812087059021,Gaeul,[0.922],"[0.922, 0.029, 0.009, 0.087, 0.077, 0.012, 0.002]"
181.12,181.16,Gaeul,0.9277430176734924,Gaeul,[0.928],"[0.928, 0.028, 0.009, 0.089, 0.077, 0.011, 0.002]"
181.16,181.2,Gaeul,0.9331141114234924,Gaeul,[0.933],"[0.933, 0.027, 0.008, 0.091, 0.076, 0.010, 0.002]"
181.2,181.24,Gaeul,0.9377307295799255,Gaeul,[0.938],"[0.938, 0.026, 0.008, 0.094, 0.076, 0.010, 0.002]"
181.24,181.28,Gaeul,0.9416298866271973,Gaeul,[0.942],"[0.942, 0.025, 0.008, 0.097, 0.076, 0.009, 0.002]"
181.28,181.32,Gaeul,0.9448486566543579,Gaeul,[0.945],"[0.945, 0.024, 0.007, 0.100, 0.076, 0.009, 0.002]"
181.32,181.36,Gaeul,0.9474289417266846,Gaeul,[0.947],"[0.947, 0.023, 0.007, 0.104, 0.077, 0.008, 0.002]"
181.36,181.4,Gaeul,0.9494034647941589,Gaeul,[0.949],"[0.949, 0.022, 0.007, 0.109, 0.078, 0.008, 0.002]"
181.4,181.44,Gaeul,0.9507966637611389,Gaeul,[0.951],"[0.951, 0.021, 0.006, 0.114, 0.079, 0.007, 0.002]"
181.44,181.48,Gaeul,0.9516310691833496,Gaeul,[0.952],"[0.952, 0.020, 0.006, 0.119, 0.081, 0.007, 0.002]"
181.48,181.52,Gaeul,0.9519222378730774,Gaeul,[0.952],"[0.952, 0.020, 0.006, 0.126, 0.083, 0.007, 0.002]"
181.52,181.56,Gaeul,0.9516808390617371,Gaeul,[0.952],"[0.952, 0.019, 0.005, 0.133, 0.086, 0.006, 0.002]"
181.56,181.6,Gaeul,0.9509109258651733,Gaeul,[0.951],"[0.951, 0.018, 0.005, 0.141, 0.089, 0.006, 0.002]"
181.6,181.64,Gaeul,0.9496135711669922,Gaeul,[0.950],"[0.950, 0.017, 0.005, 0.150, 0.093, 0.006, 0.002]"
181.64,181.68,Gaeul,0.9477850794792175,Gaeul,[0.948],"[0.948, 0.017, 0.005, 0.160, 0.097, 0.005, 0.002]"
181.68,181.72,Gaeul,0.945425271987915,Gaeul,[0.945],"[0.945, 0.016, 0.004, 0.171, 0.102, 0.005, 0.002]"
181.72,181.76,Gaeul,0.9425376653671265,Gaeul,[0.943],"[0.943, 0.015, 0.004, 0.182, 0.107, 0.005, 0.002]"
181.76,181.8,Gaeul,0.9391356110572815,Gaeul,[0.939],"[0.939, 0.015, 0.004, 0.195, 0.113, 0.005, 0.002]"
181.8,181.84,Gaeul,0.9352560639381409,Gaeul,[0.935],"[0.935, 0.014, 0.004, 0.209, 0.120, 0.004, 0.002]"
181.84,181.88,Gaeul,0.9309529066085815,Gaeul,[0.931],"[0.931, 0.013, 0.004, 0.223, 0.127, 0.004, 0.001]"
181.88,181.92,Gaeul,0.9263067245483398,Gaeul,[0.926],"[0.926, 0.013, 0.004, 0.238, 0.134, 0.004, 0.001]"
181.92,181.96,Gaeul,0.9214208722114563,Gaeul,[0.921],"[0.921, 0.012, 0.004, 0.255, 0.141, 0.004, 0.001]"
181.96,182.0,Gaeul,0.9164218902587891,Gaeul,[0.916],"[0.916, 0.012, 0.004, 0.271, 0.149, 0.003, 0.001]"
182.0,182.04,Gaeul,0.9114519357681274,Gaeul,[0.911],"[0.911, 0.012, 0.004, 0.288, 0.156, 0.003, 0.001]"
182.04,182.08,Gaeul,0.9066569805145264,Gaeul,[0.907],"[0.907, 0.011, 0.004, 0.305, 0.163, 0.003, 0.001]"
182.08,182.12,Gaeul,0.9021704196929932,Gaeul,[0.902],"[0.902, 0.011, 0.004, 0.321, 0.170, 0.003, 0.001]"
182.12,182.16,Gaeul,0.8981015682220459,Gaeul,[0.898],"[0.898, 0.011, 0.004, 0.336, 0.176, 0.003, 0.001]"
182.16,182.2,Gaeul,0.8945328593254089,Gaeul,[0.895],"[0.895, 0.010, 0.004, 0.351, 0.181, 0.003, 0.001]"
182.2,182.24,Gaeul,0.8915349245071411,Gaeul,[0.892],"[0.892, 0.010, 0.004, 0.364, 0.185, 0.002, 0.001]"
182.24,182.28,Gaeul,0.8891271352767944,Gaeul,[0.889],"[0.889, 0.010, 0.004, 0.376, 0.188, 0.002, 0.001]"
182.28,182.32,Gaeul,0.887310802936554,Gaeul,[0.887],"[0.887, 0.010, 0.004, 0.387, 0.190, 0.002, 0.001]"
182.32,182.36,Gaeul,0.8860695958137512,Gaeul,[0.886],"[0.886, 0.010, 0.004, 0.396, 0.191, 0.002, 0.001]"
182.36,182.4,Gaeul,0.8853698968887329,Gaeul,[0.885],"[0.885, 0.010, 0.004, 0.403, 0.190, 0.002, 0.001]"
182.4,182.44,Gaeul,0.8851358890533447,Gaeul,[0.885],"[0.885, 0.010, 0.004, 0.408, 0.189, 0.002, 0.001]"
182.44,182.48,Gaeul,0.8852696418762207,Gaeul,[0.885],"[0.885, 0.010, 0.004, 0.411, 0.186, 0.002, 0.000]"
182.48,182.52,Gaeul,0.8856792449951172,Gaeul,[0.886],"[0.886, 0.010, 0.004, 0.412, 0.182, 0.002, 0.000]"
182.52,182.56,Gaeul,0.8862594366073608,Gaeul,[0.886],"[0.886, 0.009, 0.005, 0.411, 0.178, 0.002, 0.000]"
182.56,182.6,Gaeul,0.8868799209594727,Gaeul,[0.887],"[0.887, 0.009, 0.005, 0.408, 0.172, 0.002, 0.000]"
182.6,182.64,Gaeul,0.8874019384384155,Gaeul,[0.887],"[0.887, 0.010, 0.005, 0.403, 0.166, 0.002, 0.000]"
182.64,182.68,Gaeul,0.8877153396606445,Gaeul,[0.888],"[0.888, 0.010, 0.005, 0.397, 0.159, 0.002, 0.000]"
182.68,182.72,Gaeul,0.8877215385437012,Gaeul,[0.888],"[0.888, 0.010, 0.005, 0.390, 0.151, 0.002, 0.000]"
182.72,182.76,Gaeul,0.887311577796936,Gaeul,[0.887],"[0.887, 0.010, 0.006, 0.381, 0.143, 0.002, 0.000]"
182.76,182.8,Gaeul,0.8863832354545593,Gaeul,[0.886],"[0.886, 0.010, 0.006, 0.372, 0.135, 0.002, 0.000]"
182.8,182.84,Gaeul,0.8848147392272949,Gaeul,[0.885],"[0.885, 0.010, 0.006, 0.361, 0.127, 0.002, 0.000]"
182.84,182.88,Gaeul,0.8824689984321594,Gaeul,[0.882],"[0.882, 0.011, 0.006, 0.349, 0.119, 0.002, 0.000]"
182.88,182.92,Gaeul,0.8791775107383728,Gaeul,[0.879],"[0.879, 0.011, 0.007, 0.337, 0.111, 0.002, 0.000]"
182.92,182.96,Gaeul,0.8747221231460571,Gaeul,[0.875],"[0.875, 0.012, 0.007, 0.324, 0.104, 0.002, 0.000]"
182.96,183.0,Gaeul,0.8688434362411499,Gaeul,[0.869],"[0.869, 0.013, 0.007, 0.311, 0.096, 0.002, 0.000]"
183.0,183.04,Gaeul,0.861246645450592,Gaeul,[0.861],"[0.861, 0.014, 0.007, 0.298, 0.089, 0.002, 0.000]"
183.04,183.08,Gaeul,0.8516116142272949,Gaeul,[0.852],"[0.852, 0.015, 0.008, 0.285, 0.083, 0.002, 0.000]"
183.08,183.12,Gaeul,0.839603066444397,Gaeul,[0.840],"[0.840, 0.017, 0.008, 0.272, 0.077, 0.002, 0.000]"
183.12,183.16,Gaeul,0.8248685598373413,Gaeul,[0.825],"[0.825, 0.018, 0.008, 0.260, 0.071, 0.002, 0.000]"
183.16,183.2,Gaeul,0.8070383667945862,Gaeul,[0.807],"[0.807, 0.020, 0.008, 0.249, 0.066, 0.002, 0.000]"
183.2,183.24,Gaeul,0.785652220249176,Gaeul,[0.786],"[0.786, 0.023, 0.008, 0.238, 0.062, 0.002, 0.000]"
183.24,183.28,Gaeul,0.7602208852767944,Gaeul,[0.760],"[0.760, 0.026, 0.009, 0.228, 0.057, 0.002, 0.000]"
183.28,183.32,Gaeul,0.7302440404891968,Gaeul,[0.730],"[0.730, 0.029, 0.009, 0.219, 0.054, 0.002, 0.000]"
183.32,183.36,Gaeul,0.6953080892562866,Gaeul,[0.695],"[0.695, 0.034, 0.009, 0.211, 0.050, 0.002, 0.000]"
183.36,183.4,Gaeul,0.6552554368972778,Gaeul,[0.655],"[0.655, 0.038, 0.009, 0.203, 0.047, 0.002, 0.000]"
183.4,183.44,Gaeul,0.6102529764175415,Gaeul,[0.610],"[0.610, 0.044, 0.009, 0.196, 0.044, 0.002, 0.000]"
183.44,183.48,Gaeul,0.560835599899292,,[],"[0.561, 0.050, 0.009, 0.190, 0.042, 0.002, 0.000]"
183.48,183.52,Gaeul,0.5079111456871033,,[],"[0.508, 0.058, 0.010, 0.185, 0.040, 0.002, 0.001]"
183.52,183.56,Gaeul,0.4528028666973114,,[],"[0.453, 0.066, 0.010, 0.180, 0.038, 0.002, 0.001]"
183.56,183.6,Gaeul,0.39716485142707825,,[],"[0.397, 0.075, 0.010, 0.176, 0.036, 0.002, 0.001]"
183.6,183.64,Gaeul,0.34272024035453796,,[],"[0.343, 0.086, 0.010, 0.173, 0.034, 0.002, 0.001]"
183.64,183.68,Gaeul,0.29108551144599915,,[],"[0.291, 0.097, 0.010, 0.170, 0.033, 0.002, 0.001]"
183.68,183.72,Gaeul,0.24354718625545502,,[],"[0.244, 0.110, 0.010, 0.168, 0.031, 0.002, 0.001]"
183.72,183.76,Gaeul,0.20095916092395782,,[],"[0.201, 0.124, 0.010, 0.167, 0.030, 0.002, 0.001]"
183.76,183.8,Wonyoung,0.1658102422952652,,[],"[0.164, 0.139, 0.010, 0.166, 0.029, 0.001, 0.001]"
183.8,183.84,Wonyoung,0.16552262008190155,,[],"[0.132, 0.154, 0.010, 0.166, 0.028, 0.001, 0.001]"
183.84,183.88,Yujin,0.17072176933288574,,[],"[0.105, 0.171, 0.010, 0.166, 0.026, 0.001, 0.001]"
183.88,183.92,Yujin,0.1874694675207138,,[],"[0.083, 0.187, 0.010, 0.167, 0.025, 0.001, 0.001]"
183.92,183.96,Yujin,0.20428326725959778,,[],"[0.066, 0.204, 0.010, 0.168, 0.024, 0.001, 0.001]"
183.96,184.0,Yujin,0.22081223130226135,,[],"[0.051, 0.221, 0.010, 0.170, 0.023, 0.001, 0.002]"
184.0,184.04,Yujin,0.2367142140865326,,[],"[0.040, 0.237, 0.010, 0.173, 0.021, 0.001, 0.002]"
184.04,184.08,Yujin,0.2516361176967621,,[],"[0.031, 0.252, 0.009, 0.176, 0.020, 0.001, 0.002]"
184.08,184.12,Yujin,0.2652612328529358,,[],"[0.024, 0.265, 0.009, 0.181, 0.018, 0.001, 0.002]"
184.12,184.16,Yujin,0.2772870659828186,,[],"[0.019, 0.277, 0.009, 0.186, 0.017, 0.001, 0.002]"
184.16,184.2,Yujin,0.2874661684036255,,[],"[0.015, 0.287, 0.009, 0.191, 0.015, 0.002, 0.002]"
184.2,184.24,Yujin,0.2956027686595917,,[],"[0.012, 0.296, 0.009, 0.198, 0.014, 0.002, 0.002]"
184.24,184.28,Yujin,0.3015846908092499,,[],"[0.009, 0.302, 0.009, 0.205, 0.012, 0.002, 0.002]"
184.28,184.32,Yujin,0.30535560846328735,,[],"[0.008, 0.305, 0.009, 0.212, 0.011, 0.002, 0.002]"
184.32,184.36,Yujin,0.30695825815200806,,[],"[0.006, 0.307, 0.009, 0.221, 0.010, 0.002, 0.002]"
184.36,184.4,Yujin,0.3064553737640381,,[],"[0.005, 0.306, 0.009, 0.230, 0.008, 0.002, 0.002]"
184.4,184.44,Yujin,0.303952693939209,,[],"[0.004, 0.304, 0.009, 0.240, 0.007, 0.002, 0.002]"
184.44,184.48,Yujin,0.2995266020298004,,[],"[0.003, 0.300, 0.009, 0.250, 0.006, 0.002, 0.002]"
184.48,184.52,Yujin,0.29321616888046265,,[],"[0.003, 0.293, 0.008, 0.262, 0.005, 0.002, 0.002]"
184.52,184.56,Yujin,0.2850620150566101,,[],"[0.003, 0.285, 0.008, 0.274, 0.004, 0.002, 0.002]"
184.56,184.6,Wonyoung,0.2867301106452942,,[],"[0.002, 0.275, 0.008, 0.287, 0.004, 0.002, 0.002]"
184.6,184.64,Wonyoung,0.3001779615879059,,[],"[0.002, 0.264, 0.008, 0.300, 0.003, 0.002, 0.002]"
184.64,184.68,Wonyoung,0.31426653265953064,,[],"[0.002, 0.251, 0.008, 0.314, 0.003, 0.002, 0.002]"
184.68,184.72,Wonyoung,0.3289581537246704,,[],"[0.002, 0.236, 0.008, 0.329, 0.002, 0.002, 0.002]"
184.72,184.76,Wonyoung,0.3441799283027649,,[],"[0.002, 0.221, 0.008, 0.344, 0.002, 0.001, 0.002]"
184.76,184.8,Wonyoung,0.35986876487731934,,[],"[0.001, 0.205, 0.009, 0.360, 0.002, 0.001, 0.003]"
184.8,184.84,Wonyoung,0.37600070238113403,,[],"[0.001, 0.188, 0.009, 0.376, 0.001, 0.001, 0.003]"
184.84,184.88,Wonyoung,0.39252862334251404,,[],"[0.001, 0.171, 0.009, 0.393, 0.001, 0.001, 0.003]"
184.88,184.92,Wonyoung,0.4093706011772156,,[],"[0.001, 0.154, 0.009, 0.409, 0.001, 0.001, 0.003]"
184.92,184.96,Wonyoung,0.42632541060447693,,[],"[0.001, 0.138, 0.010, 0.426, 0.001, 0.001, 0.003]"
184.96,185.0,Wonyoung,0.443177729845047,,[],"[0.001, 0.122, 0.010, 0.443, 0.001, 0.001, 0.003]"
185.0,185.04,Wonyoung,0.4597448706626892,,[],"[0.001, 0.107, 0.011, 0.460, 0.001, 0.001, 0.003]"
185.04,185.08,Wonyoung,0.4758302867412567,,[],"[0.001, 0.093, 0.012, 0.476, 0.001, 0.001, 0.002]"
185.08,185.12,Wonyoung,0.49126842617988586,,[],"[0.001, 0.080, 0.013, 0.491, 0.001, 0.001, 0.002]"
185.12,185.16,Wonyoung,0.5059181451797485,,[],"[0.001, 0.069, 0.014, 0.506, 0.001, 0.001, 0.002]"
185.16,185.2,Wonyoung,0.5196728110313416,,[],"[0.001, 0.059, 0.015, 0.520, 0.001, 0.002, 0.002]"
185.2,185.24,Wonyoung,0.5324496030807495,,[],"[0.001, 0.050, 0.017, 0.532, 0.001, 0.002, 0.002]"
185.24,185.28,Wonyoung,0.5442174673080444,,[],"[0.001, 0.043, 0.019, 0.544, 0.001, 0.002, 0.002]"
185.28,185.32,Wonyoung,0.5549529790878296,,[],"[0.001, 0.037, 0.021, 0.555, 0.001, 0.002, 0.002]"
185.32,185.36,Wonyoung,0.5647216439247131,,[],"[0.001, 0.032, 0.023, 0.565, 0.001, 0.002, 0.002]"
185.36,185.4,Wonyoung,0.5735980868339539,,[],"[0.001, 0.028, 0.025, 0.574, 0.001, 0.002, 0.002]"
185.4,185.44,Wonyoung,0.5816930532455444,,[],"[0.001, 0.024, 0.028, 0.582, 0.001, 0.002, 0.002]"
185.44,185.48,Wonyoung,0.5890334248542786,,[],"[0.001, 0.021, 0.030, 0.589, 0.001, 0.002, 0.001]"
185.48,185.52,Wonyoung,0.5956239104270935,,[],"[0.001, 0.019, 0.033, 0.596, 0.001, 0.002, 0.001]"
185.52,185.56,Wonyoung,0.6014536023139954,,[],"[0.002, 0.017, 0.035, 0.601, 0.001, 0.002, 0.001]"
185.56,185.6,Wonyoung,0.6065157055854797,,[],"[0.002, 0.016, 0.038, 0.607, 0.001, 0.002, 0.001]"
185.6,185.64,Wonyoung,0.6108158826828003,,[],"[0.002, 0.015, 0.039, 0.611, 0.001, 0.002, 0.001]"
185.64,185.68,Wonyoung,0.6143187284469604,,[],"[0.002, 0.014, 0.041, 0.614, 0.002, 0.003, 0.001]"
185.68,185.72,Wonyoung,0.616921067237854,,[],"[0.002, 0.014, 0.042, 0.617, 0.002, 0.003, 0.001]"
185.72,185.76,Wonyoung,0.6184999346733093,,[],"[0.001, 0.013, 0.042, 0.618, 0.002, 0.003, 0.001]"
185.76,185.8,Wonyoung,0.6189399361610413,,[],"[0.001, 0.013, 0.041, 0.619, 0.002, 0.003, 0.001]"
185.8,185.84,Wonyoung,0.6181541681289673,,[],"[0.001, 0.014, 0.040, 0.618, 0.003, 0.003, 0.001]"
185.84,185.88,Wonyoung,0.6160433292388916,,[],"[0.001, 0.014, 0.038, 0.616, 0.003, 0.003, 0.001]"
185.88,185.92,Wonyoung,0.6125234365463257,,[],"[0.001, 0.015, 0.036, 0.613, 0.003, 0.003, 0.001]"
185.92,185.96,Wonyoung,0.6076851487159729,,[],"[0.001, 0.015, 0.033, 0.608, 0.003, 0.004, 0.001]"
185.96,186.0,Wonyoung,0.6016851663589478,,[],"[0.001, 0.016, 0.030, 0.602, 0.004, 0.004, 0.001]"
186.0,186.04,Wonyoung,0.5946451425552368,,[],"[0.001, 0.018, 0.026, 0.595, 0.004, 0.004, 0.001]"
186.04,186.08,Wonyoung,0.5866736173629761,,[],"[0.001, 0.019, 0.023, 0.587, 0.004, 0.004, 0.001]"
186.08,186.12,Wonyoung,0.5778627991676331,,[],"[0.001, 0.021, 0.020, 0.578, 0.004, 0.004, 0.001]"
186.12,186.16,Wonyoung,0.5682889819145203,,[],"[0.001, 0.023, 0.018, 0.568, 0.004, 0.005, 0.001]"
186.16,186.2,Wonyoung,0.5580506324768066,,[],"[0.001, 0.025, 0.015, 0.558, 0.005, 0.005, 0.001]"
186.2,186.24,Wonyoung,0.5472436547279358,,[],"[0.001, 0.027, 0.013, 0.547, 0.005, 0.005, 0.001]"
186.24,186.28,Wonyoung,0.5359413623809814,,[],"[0.001, 0.030, 0.011, 0.536, 0.005, 0.005, 0.001]"
186.28,186.32,Wonyoung,0.5241991877555847,,[],"[0.001, 0.033, 0.009, 0.524, 0.005, 0.005, 0.001]"
186.32,186.36,Wonyoung,0.5120375752449036,,[],"[0.001, 0.036, 0.008, 0.512, 0.005, 0.006, 0.001]"
186.36,186.4,Wonyoung,0.4994677007198334,,[],"[0.001, 0.039, 0.007, 0.499, 0.005, 0.006, 0.001]"
186.4,186.44,Wonyoung,0.4865002930164337,,[],"[0.001, 0.043, 0.006, 0.487, 0.005, 0.006, 0.001]"
186.44,186.48,Wonyoung,0.4731757938861847,,[],"[0.001, 0.047, 0.005, 0.473, 0.005, 0.007, 0.001]"
186.48,186.52,Wonyoung,0.4595748484134674,,[],"[0.001, 0.051, 0.004, 0.460, 0.005, 0.007, 0.001]"
186.52,186.56,Wonyoung,0.44578418135643005,,[],"[0.001, 0.055, 0.004, 0.446, 0.004, 0.007, 0.001]"
186.56,186.6,Wonyoung,0.43182215094566345,,[],"[0.001, 0.059, 0.003, 0.432, 0.004, 0.008, 0.001]"
186.6,186.64,Wonyoung,0.4176838994026184,,[],"[0.001, 0.063, 0.003, 0.418, 0.004, 0.008, 0.001]"
186.64,186.68,Wonyoung,0.4033766984939575,,[],"[0.001, 0.068, 0.002, 0.403, 0.004, 0.009, 0.001]"
186.68,186.72,Wonyoung,0.38891634345054626,,[],"[0.002, 0.072, 0.002, 0.389, 0.004, 0.009, 0.001]"
186.72,186.76,Wonyoung,0.37431126832962036,,[],"[0.002, 0.075, 0.002, 0.374, 0.004, 0.010, 0.001]"
186.76,186.8,Wonyoung,0.35954445600509644,,[],"[0.002, 0.079, 0.002, 0.360, 0.004, 0.010, 0.001]"
186.8,186.84,Wonyoung,0.34457728266716003,,[],"[0.002, 0.082, 0.001, 0.345, 0.004, 0.011, 0.001]"
186.84,186.88,Wonyoung,0.32941585779190063,,[],"[0.002, 0.085, 0.001, 0.329, 0.004, 0.012, 0.001]"
186.88,186.92,Wonyoung,0.31409600377082825,,[],"[0.002, 0.088, 0.001, 0.314, 0.004, 0.013, 0.001]"
186.92,186.96,Wonyoung,0.2987385392189026,,[],"[0.002, 0.090, 0.001, 0.299, 0.003, 0.014, 0.001]"
186.96,187.0,Wonyoung,0.28345221281051636,,[],"[0.002, 0.092, 0.001, 0.283, 0.003, 0.015, 0.001]"
187.0,187.04,Wonyoung,0.2683418095111847,,[],"[0.002, 0.094, 0.001, 0.268, 0.003, 0.016, 0.001]"
187.04,187.08,Wonyoung,0.25354820489883423,,[],"[0.002, 0.095, 0.001, 0.254, 0.003, 0.018, 0.001]"
187.08,187.12,Wonyoung,0.23921096324920654,,[],"[0.003, 0.095, 0.001, 0.239, 0.003, 0.019, 0.001]"
187.12,187.16,Wonyoung,0.22545328736305237,,[],"[0.003, 0.096, 0.001, 0.225, 0.003, 0.021, 0.001]"
187.16,187.2,Wonyoung,0.21233592927455902,,[],"[0.003, 0.096, 0.001, 0.212, 0.003, 0.023, 0.002]"
187.2,187.24,Wonyoung,0.19992592930793762,,[],"[0.003, 0.096, 0.001, 0.200, 0.003, 0.025, 0.002]"
187.24,187.28,Wonyoung,0.18828585743904114,,[],"[0.004, 0.096, 0.001, 0.188, 0.003, 0.028, 0.002]"
187.28,187.32,Wonyoung,0.17764849960803986,,[],"[0.004, 0.096, 0.001, 0.178, 0.003, 0.031, 0.002]"
187.32,187.36,Wonyoung,0.16805292665958405,,[],"[0.004, 0.096, 0.001, 0.168, 0.003, 0.034, 0.002]"
187.36,187.4,Wonyoung,0.1594177931547165,,[],"[0.005, 0.096, 0.000, 0.159, 0.003, 0.037, 0.002]"
187.4,187.44,Wonyoung,0.15142032504081726,,[],"[0.005, 0.096, 0.000, 0.151, 0.003, 0.041, 0.002]"
187.44,187.48,Wonyoung,0.14402104914188385,,[],"[0.006, 0.095, 0.000, 0.144, 0.003, 0.044, 0.002]"
187.48,187.52,Wonyoung,0.1371043622493744,,[],"[0.006, 0.095, 0.000, 0.137, 0.002, 0.048, 0.002]"
187.52,187.56,Wonyoung,0.13058780133724213,,[],"[0.007, 0.093, 0.000, 0.131, 0.002, 0.051, 0.003]"
187.56,187.6,Wonyoung,0.1242227628827095,,[],"[0.008, 0.091, 0.000, 0.124, 0.002, 0.055, 0.003]"
187.6,187.64,Wonyoung,0.11787714064121246,,[],"[0.010, 0.089, 0.000, 0.118, 0.002, 0.058, 0.003]"
187.64,187.68,Wonyoung,0.1113295629620552,,[],"[0.012, 0.085, 0.000, 0.111, 0.002, 0.062, 0.003]"
187.68,187.72,Wonyoung,0.10485681146383286,,[],"[0.015, 0.080, 0.000, 0.105, 0.002, 0.067, 0.003]"
187.72,187.76,Wonyoung,0.09852301329374313,,[],"[0.019, 0.074, 0.000, 0.099, 0.002, 0.073, 0.003]"
187.76,187.8,Wonyoung,0.09532756358385086,,[],"[0.023, 0.072, 0.000, 0.095, 0.002, 0.078, 0.003]"
187.8,187.84,Wonyoung,0.09446877241134644,,[],"[0.024, 0.073, 0.000, 0.094, 0.002, 0.080, 0.003]"
187.84,187.88,Gaeul,0.5,,[],"[0.500, 0.500, 0.500, 0.500, 0.500, 0.500, 0.500]"
