start_chunk,start_time,end_time,main_label,main_confidence,active_labels,active_confidences,harmonies,harmony_probs,adlibs,adlib_probs,probabilities_main
0,0.0,0.04,silence,1.0,silence,[1.000],Liz,"[0.000, 0.000, 0.000, 0.000, 0.996, 0.000, 0.000]",,[],"[0.000, 0.000, 0.000, 0.000, 0.000, 0.000, 0.000, 1.000]"
1,0.04,0.08,silence,1.0,silence,[1.000],Liz,"[0.000, 0.000, 0.000, 0.000, 0.991, 0.000, 0.000]",,[],"[0.000, 0.000, 0.000, 0.000, 0.000, 0.000, 0.000, 1.000]"
2,0.08,0.12,silence,1.0,silence,[1.000],Liz,"[0.000, 0.000, 0.000, 0.000, 0.960, 0.000, 0.000]",,[],"[0.000, 0.000, 0.000, 0.000, 0.000, 0.000, 0.000, 1.000]"
3,0.12,0.16,silence,1.0,silence,[1.000],Liz,"[0.000, 0.000, 0.000, 0.000, 0.927, 0.000, 0.000]",,[],"[0.000, 0.000, 0.000, 0.000, 0.000, 0.000, 0.000, 1.000]"
4,0.16,0.2,silence,1.0,silence,[1.000],Liz,"[0.000, 0.000, 0.000, 0.000, 0.902, 0.000, 0.000]",,[],"[0.000, 0.000, 0.000, 0.000, 0.000, 0.000, 0.000, 1.000]"
5,0.2,0.24,silence,1.0,silence,[1.000],Liz,"[0.000, 0.000, 0.000, 0.000, 0.879, 0.000, 0.000]",,[],"[0.000, 0.000, 0.000, 0.000, 0.000, 0.000, 0.000, 1.000]"
6,0.24,0.28,silence,1.0,silence,[1.000],Liz,"[0.000, 0.000, 0.000, 0.000, 0.873, 0.000, 0.000]",,[],"[0.000, 0.000, 0.000, 0.000, 0.000, 0.000, 0.000, 1.000]"
7,0.28,0.32,silence,1.0,silence,[1.000],Liz,"[0.000, 0.000, 0.000, 0.000, 0.876, 0.000, 0.000]",,[],"[0.000, 0.000, 0.000, 0.000, 0.000, 0.000, 0.000, 1.000]"
8,0.32,0.36,silence,1.0,silence,[1.000],Liz,"[0.000, 0.000, 0.000, 0.000, 0.874, 0.000, 0.000]",,[],"[0.000, 0.000, 0.000, 0.000, 0.000, 0.000, 0.000, 1.000]"
9,0.36,0.4,silence,1.0,silence,[1.000],Liz,"[0.000, 0.000, 0.000, 0.000, 0.858, 0.000, 0.000]",,[],"[0.000, 0.000, 0.000, 0.000, 0.000, 0.000, 0.000, 1.000]"
10,0.4,0.44,silence,1.0,silence,[1.000],Liz,"[0.000, 0.000, 0.000, 0.000, 0.829, 0.000, 0.000]",,[],"[0.000, 0.000, 0.000, 0.000, 0.000, 0.000, 0.000, 1.000]"
11,0.44,0.48,silence,1.0,silence,[1.000],Liz,"[0.000, 0.000, 0.000, 0.000, 0.782, 0.000, 0.000]",,[],"[0.000, 0.000, 0.000, 0.000, 0.000, 0.000, 0.000, 1.000]"
12,0.48,0.52,silence,1.0,silence,[1.000],Liz,"[0.000, 0.000, 0.000, 0.000, 0.713, 0.000, 0.000]",,[],"[0.000, 0.000, 0.000, 0.000, 0.000, 0.000, 0.000, 1.000]"
13,0.52,0.56,silence,1.0,silence,[1.000],Liz,"[0.000, 0.000, 0.000, 0.000, 0.617, 0.000, 0.000]",,[],"[0.000, 0.000, 0.000, 0.000, 0.000, 0.000, 0.000, 1.000]"
14,0.56,0.6,silence,1.0,silence,[1.000],Liz,"[0.000, 0.000, 0.000, 0.000, 0.492, 0.000, 0.000]",,[],"[0.000, 0.000, 0.000, 0.000, 0.000, 0.000, 0.000, 1.000]"
15,0.6,0.64,silence,1.0,silence,[1.000],,[],,[],"[0.000, 0.000, 0.000, 0.000, 0.000, 0.000, 0.000, 1.000]"
16,0.64,0.68,silence,1.0,silence,[1.000],,[],,[],"[0.000, 0.000, 0.000, 0.000, 0.000, 0.000, 0.000, 1.000]"
17,0.68,0.72,silence,1.0,silence,[1.000],,[],,[],"[0.000, 0.000, 0.000, 0.000, 0.000, 0.000, 0.000, 1.000]"
18,0.72,0.76,silence,1.0,silence,[1.000],,[],,[],"[0.000, 0.000, 0.000, 0.000, 0.000, 0.000, 0.000, 1.000]"
19,0.76,0.8,silence,1.0,silence,[1.000],,[],,[],"[0.000, 0.000, 0.000, 0.000, 0.000, 0.000, 0.000, 1.000]"
20,0.8,0.84,silence,1.0,silence,[1.000],,[],,[],"[0.000, 0.000, 0.000, 0.000, 0.000, 0.000, 0.000, 1.000]"
21,0.84,0.88,silence,1.0,silence,[1.000],,[],,[],"[0.000, 0.000, 0.000, 0.000, 0.000, 0.000, 0.000, 1.000]"
22,0.88,0.92,silence,1.0,silence,[1.000],,[],,[],"[0.000, 0.000, 0.000, 0.000, 0.000, 0.000, 0.000, 1.000]"
23,0.92,0.96,silence,1.0,silence,[1.000],,[],,[],"[0.000, 0.000, 0.000, 0.000, 0.000, 0.000, 0.000, 1.000]"
24,0.96,1.0,silence,1.0,silence,[1.000],,[],,[],"[0.000, 0.000, 0.000, 0.000, 0.000, 0.000, 0.000, 1.000]"
25,1.0,1.04,silence,1.0,silence,[1.000],,[],,[],"[0.000, 0.000, 0.000, 0.000, 0.000, 0.000, 0.000, 1.000]"
26,1.04,1.08,silence,1.0,silence,[1.000],,[],,[],"[0.000, 0.000, 0.000, 0.000, 0.000, 0.000, 0.000, 1.000]"
27,1.08,1.12,silence,1.0,silence,[1.000],,[],,[],"[0.000, 0.000, 0.000, 0.000, 0.000, 0.000, 0.000, 1.000]"
28,1.12,1.16,silence,1.0,silence,[1.000],,[],,[],"[0.000, 0.000, 0.000, 0.000, 0.000, 0.000, 0.000, 1.000]"
29,1.16,1.2,silence,1.0,silence,[1.000],,[],,[],"[0.000, 0.000, 0.000, 0.000, 0.000, 0.000, 0.000, 1.000]"
30,1.2,1.24,silence,1.0,silence,[1.000],,[],,[],"[0.000, 0.000, 0.000, 0.000, 0.000, 0.000, 0.000, 1.000]"
31,1.24,1.28,silence,1.0,silence,[1.000],,[],,[],"[0.000, 0.000, 0.000, 0.000, 0.000, 0.000, 0.000, 1.000]"
32,1.28,1.32,silence,1.0,silence,[1.000],,[],,[],"[0.000, 0.000, 0.000, 0.000, 0.000, 0.000, 0.000, 1.000]"
33,1.32,1.36,silence,1.0,silence,[1.000],,[],,[],"[0.000, 0.000, 0.000, 0.000, 0.000, 0.000, 0.000, 1.000]"
34,1.36,1.4,silence,1.0,silence,[1.000],,[],,[],"[0.000, 0.000, 0.000, 0.000, 0.000, 0.000, 0.000, 1.000]"
35,1.4,1.44,silence,1.0,silence,[1.000],,[],,[],"[0.000, 0.000, 0.000, 0.000, 0.000, 0.000, 0.000, 1.000]"
36,1.44,1.48,silence,1.0,silence,[1.000],,[],,[],"[0.000, 0.000, 0.000, 0.000, 0.000, 0.000, 0.000, 1.000]"
37,1.48,1.52,silence,1.0,silence,[1.000],,[],,[],"[0.000, 0.000, 0.000, 0.000, 0.000, 0.000, 0.000, 1.000]"
38,1.52,1.56,silence,1.0,silence,[1.000],,[],,[],"[0.000, 0.000, 0.000, 0.000, 0.000, 0.000, 0.000, 1.000]"
39,1.56,1.6,silence,1.0,silence,[1.000],,[],,[],"[0.000, 0.000, 0.000, 0.000, 0.000, 0.000, 0.000, 1.000]"
40,1.6,1.64,silence,1.0,silence,[1.000],,[],,[],"[0.000, 0.000, 0.000, 0.000, 0.000, 0.000, 0.000, 1.000]"
41,1.64,1.68,silence,1.0,silence,[1.000],,[],,[],"[0.000, 0.000, 0.000, 0.000, 0.000, 0.000, 0.000, 1.000]"
42,1.68,1.72,silence,1.0,silence,[1.000],,[],,[],"[0.000, 0.000, 0.000, 0.000, 0.000, 0.000, 0.000, 1.000]"
43,1.72,1.76,silence,1.0,silence,[1.000],,[],,[],"[0.000, 0.000, 0.000, 0.000, 0.000, 0.000, 0.000, 1.000]"
44,1.76,1.8,silence,1.0,silence,[1.000],,[],,[],"[0.000, 0.000, 0.000, 0.000, 0.000, 0.000, 0.000, 1.000]"
45,1.8,1.84,silence,1.0,silence,[1.000],,[],,[],"[0.000, 0.000, 0.000, 0.000, 0.000, 0.000, 0.000, 1.000]"
46,1.84,1.88,silence,1.0,silence,[1.000],,[],,[],"[0.000, 0.000, 0.000, 0.000, 0.000, 0.000, 0.000, 1.000]"
47,1.88,1.92,silence,1.0,silence,[1.000],,[],,[],"[0.000, 0.000, 0.000, 0.000, 0.000, 0.000, 0.000, 1.000]"
48,1.92,1.96,silence,1.0,silence,[1.000],,[],,[],"[0.000, 0.000, 0.000, 0.000, 0.000, 0.000, 0.000, 1.000]"
49,1.96,2.0,silence,1.0,silence,[1.000],,[],,[],"[0.000, 0.000, 0.000, 0.000, 0.000, 0.000, 0.000, 1.000]"
50,2.0,2.04,silence,1.0,silence,[1.000],,[],,[],"[0.000, 0.000, 0.000, 0.000, 0.000, 0.000, 0.000, 1.000]"
51,2.04,2.08,silence,1.0,silence,[1.000],,[],,[],"[0.000, 0.000, 0.000, 0.000, 0.000, 0.000, 0.000, 1.000]"
52,2.08,2.12,silence,1.0,silence,[1.000],,[],,[],"[0.000, 0.000, 0.000, 0.000, 0.000, 0.000, 0.000, 1.000]"
53,2.12,2.16,silence,1.0,silence,[1.000],,[],,[],"[0.000, 0.000, 0.000, 0.000, 0.000, 0.000, 0.000, 1.000]"
54,2.16,2.2,silence,1.0,silence,[1.000],,[],,[],"[0.000, 0.000, 0.000, 0.000, 0.000, 0.000, 0.000, 1.000]"
55,2.2,2.24,silence,1.0,silence,[1.000],,[],,[],"[0.000, 0.000, 0.000, 0.000, 0.000, 0.000, 0.000, 1.000]"
56,2.24,2.28,silence,1.0,silence,[1.000],,[],,[],"[0.000, 0.000, 0.000, 0.000, 0.000, 0.000, 0.000, 1.000]"
57,2.28,2.32,silence,1.0,silence,[1.000],,[],,[],"[0.000, 0.000, 0.000, 0.000, 0.000, 0.000, 0.000, 1.000]"
58,2.32,2.36,silence,1.0,silence,[1.000],,[],,[],"[0.000, 0.000, 0.000, 0.000, 0.000, 0.000, 0.000, 1.000]"
59,2.36,2.4,silence,1.0,silence,[1.000],,[],,[],"[0.000, 0.000, 0.000, 0.000, 0.000, 0.000, 0.000, 1.000]"
60,2.4,2.44,silence,1.0,silence,[1.000],,[],,[],"[0.000, 0.000, 0.000, 0.000, 0.000, 0.000, 0.000, 1.000]"
61,2.44,2.48,silence,1.0,silence,[1.000],,[],,[],"[0.000, 0.000, 0.000, 0.000, 0.000, 0.000, 0.000, 1.000]"
62,2.48,2.52,silence,1.0,silence,[1.000],,[],,[],"[0.000, 0.000, 0.000, 0.000, 0.000, 0.000, 0.000, 1.000]"
63,2.52,2.56,silence,1.0,silence,[1.000],,[],,[],"[0.000, 0.000, 0.000, 0.000, 0.000, 0.000, 0.000, 1.000]"
64,2.56,2.6,silence,1.0,silence,[1.000],,[],,[],"[0.000, 0.000, 0.000, 0.000, 0.000, 0.000, 0.000, 1.000]"
65,2.6,2.64,silence,1.0,silence,[1.000],,[],,[],"[0.000, 0.000, 0.000, 0.000, 0.000, 0.000, 0.000, 1.000]"
66,2.64,2.68,silence,1.0,silence,[1.000],,[],,[],"[0.000, 0.000, 0.000, 0.000, 0.000, 0.000, 0.000, 1.000]"
67,2.68,2.72,silence,1.0,silence,[1.000],,[],,[],"[0.000, 0.000, 0.000, 0.000, 0.000, 0.000, 0.000, 1.000]"
68,2.72,2.76,silence,1.0,silence,[1.000],,[],,[],"[0.000, 0.000, 0.000, 0.000, 0.000, 0.000, 0.000, 1.000]"
69,2.76,2.8,silence,1.0,silence,[1.000],,[],,[],"[0.000, 0.000, 0.000, 0.000, 0.000, 0.000, 0.000, 1.000]"
70,2.8,2.84,silence,1.0,silence,[1.000],,[],,[],"[0.000, 0.000, 0.000, 0.000, 0.000, 0.000, 0.000, 1.000]"
71,2.84,2.88,silence,1.0,silence,[1.000],,[],,[],"[0.000, 0.000, 0.000, 0.000, 0.000, 0.000, 0.000, 1.000]"
72,2.88,2.92,silence,1.0,silence,[1.000],,[],,[],"[0.000, 0.000, 0.000, 0.000, 0.000, 0.000, 0.000, 1.000]"
73,2.92,2.96,silence,1.0,silence,[1.000],,[],,[],"[0.000, 0.000, 0.000, 0.000, 0.000, 0.000, 0.000, 1.000]"
74,2.96,3.0,silence,1.0,silence,[1.000],,[],,[],"[0.000, 0.000, 0.000, 0.000, 0.000, 0.000, 0.000, 1.000]"
75,3.0,3.04,silence,1.0,silence,[1.000],,[],,[],"[0.000, 0.000, 0.000, 0.000, 0.000, 0.000, 0.000, 1.000]"
76,3.04,3.08,silence,1.0,silence,[1.000],,[],,[],"[0.000, 0.000, 0.000, 0.000, 0.000, 0.000, 0.000, 1.000]"
77,3.08,3.12,silence,1.0,silence,[1.000],,[],,[],"[0.000, 0.000, 0.000, 0.000, 0.000, 0.000, 0.000, 1.000]"
78,3.12,3.16,silence,1.0,silence,[1.000],,[],,[],"[0.000, 0.000, 0.000, 0.000, 0.000, 0.000, 0.000, 1.000]"
79,3.16,3.2,silence,1.0,silence,[1.000],,[],,[],"[0.000, 0.000, 0.000, 0.000, 0.000, 0.000, 0.000, 1.000]"
80,3.2,3.24,silence,1.0,silence,[1.000],,[],,[],"[0.000, 0.000, 0.000, 0.000, 0.000, 0.000, 0.000, 1.000]"
81,3.24,3.28,silence,1.0,silence,[1.000],,[],,[],"[0.000, 0.000, 0.000, 0.000, 0.000, 0.000, 0.000, 1.000]"
82,3.28,3.32,silence,1.0,silence,[1.000],,[],,[],"[0.000, 0.000, 0.000, 0.000, 0.000, 0.000, 0.000, 1.000]"
83,3.32,3.36,silence,1.0,silence,[1.000],,[],,[],"[0.000, 0.000, 0.000, 0.000, 0.000, 0.000, 0.000, 1.000]"
84,3.36,3.4,silence,1.0,silence,[1.000],,[],,[],"[0.000, 0.000, 0.000, 0.000, 0.000, 0.000, 0.000, 1.000]"
85,3.4,3.44,silence,0.9999998807907104,silence,[1.000],,[],,[],"[0.000, 0.000, 0.000, 0.000, 0.000, 0.000, 0.000, 1.000]"
86,3.44,3.48,silence,0.9999998807907104,silence,[1.000],,[],,[],"[0.000, 0.000, 0.000, 0.000, 0.000, 0.000, 0.000, 1.000]"
87,3.48,3.52,silence,0.9999997615814209,silence,[1.000],,[],,[],"[0.000, 0.000, 0.000, 0.000, 0.000, 0.000, 0.000, 1.000]"
88,3.52,3.56,silence,0.9999997615814209,silence,[1.000],,[],,[],"[0.000, 0.000, 0.000, 0.000, 0.000, 0.000, 0.000, 1.000]"
89,3.56,3.6,silence,0.9999996423721313,silence,[1.000],,[],,[],"[0.000, 0.000, 0.000, 0.000, 0.000, 0.000, 0.000, 1.000]"
90,3.6,3.64,silence,0.9999995231628418,silence,[1.000],,[],,[],"[0.000, 0.000, 0.000, 0.000, 0.000, 0.000, 0.000, 1.000]"
91,3.64,3.68,silence,0.9999992847442627,silence,[1.000],,[],,[],"[0.000, 0.000, 0.000, 0.000, 0.000, 0.000, 0.000, 1.000]"
92,3.68,3.72,silence,0.9999991655349731,silence,[1.000],,[],,[],"[0.000, 0.000, 0.000, 0.000, 0.000, 0.000, 0.000, 1.000]"
93,3.72,3.76,silence,0.999998927116394,silence,[1.000],,[],,[],"[0.000, 0.000, 0.000, 0.000, 0.000, 0.000, 0.000, 1.000]"
94,3.76,3.8,silence,0.9999988079071045,silence,[1.000],,[],,[],"[0.000, 0.000, 0.000, 0.000, 0.000, 0.000, 0.000, 1.000]"
95,3.8,3.84,silence,0.9999986886978149,silence,[1.000],,[],,[],"[0.000, 0.000, 0.000, 0.000, 0.000, 0.000, 0.000, 1.000]"
96,3.84,3.88,silence,0.9999985694885254,silence,[1.000],,[],,[],"[0.000, 0.000, 0.000, 0.000, 0.000, 0.000, 0.000, 1.000]"
97,3.88,3.92,silence,0.9999984502792358,silence,[1.000],,[],,[],"[0.000, 0.000, 0.000, 0.000, 0.000, 0.000, 0.000, 1.000]"
98,3.92,3.96,silence,0.9999984502792358,silence,[1.000],,[],,[],"[0.000, 0.000, 0.000, 0.000, 0.000, 0.000, 0.000, 1.000]"
99,3.96,4.0,silence,0.9999984502792358,silence,[1.000],,[],,[],"[0.000, 0.000, 0.000, 0.000, 0.000, 0.000, 0.000, 1.000]"
100,4.0,4.04,silence,0.9999985694885254,silence,[1.000],,[],,[],"[0.000, 0.000, 0.000, 0.000, 0.000, 0.000, 0.000, 1.000]"
101,4.04,4.08,silence,0.9999986886978149,silence,[1.000],,[],,[],"[0.000, 0.000, 0.000, 0.000, 0.000, 0.000, 0.000, 1.000]"
102,4.08,4.12,silence,0.9999988079071045,silence,[1.000],,[],,[],"[0.000, 0.000, 0.000, 0.000, 0.000, 0.000, 0.000, 1.000]"
103,4.12,4.16,silence,0.9999990463256836,silence,[1.000],,[],,[],"[0.000, 0.000, 0.000, 0.000, 0.000, 0.000, 0.000, 1.000]"
104,4.16,4.2,silence,0.9999991655349731,silence,[1.000],,[],,[],"[0.000, 0.000, 0.000, 0.000, 0.000, 0.000, 0.000, 1.000]"
105,4.2,4.24,silence,0.9999994039535522,silence,[1.000],,[],,[],"[0.000, 0.000, 0.000, 0.000, 0.000, 0.000, 0.000, 1.000]"
106,4.24,4.28,silence,0.9999995231628418,silence,[1.000],,[],,[],"[0.000, 0.000, 0.000, 0.000, 0.000, 0.000, 0.000, 1.000]"
107,4.28,4.32,silence,0.9999996423721313,silence,[1.000],,[],,[],"[0.000, 0.000, 0.000, 0.000, 0.000, 0.000, 0.000, 1.000]"
108,4.32,4.36,silence,0.9999997615814209,silence,[1.000],,[],,[],"[0.000, 0.000, 0.000, 0.000, 0.000, 0.000, 0.000, 1.000]"
109,4.36,4.4,silence,0.9999997615814209,silence,[1.000],,[],,[],"[0.000, 0.000, 0.000, 0.000, 0.000, 0.000, 0.000, 1.000]"
110,4.4,4.44,silence,0.9999998807907104,silence,[1.000],,[],,[],"[0.000, 0.000, 0.000, 0.000, 0.000, 0.000, 0.000, 1.000]"
111,4.44,4.48,silence,0.9999998807907104,silence,[1.000],,[],,[],"[0.000, 0.000, 0.000, 0.000, 0.000, 0.000, 0.000, 1.000]"
112,4.48,4.52,silence,0.9999998807907104,silence,[1.000],,[],,[],"[0.000, 0.000, 0.000, 0.000, 0.000, 0.000, 0.000, 1.000]"
113,4.52,4.56,silence,0.9999998807907104,silence,[1.000],,[],,[],"[0.000, 0.000, 0.000, 0.000, 0.000, 0.000, 0.000, 1.000]"
114,4.56,4.6,silence,0.9999998807907104,silence,[1.000],,[],,[],"[0.000, 0.000, 0.000, 0.000, 0.000, 0.000, 0.000, 1.000]"
115,4.6,4.64,silence,0.9999998807907104,silence,[1.000],,[],,[],"[0.000, 0.000, 0.000, 0.000, 0.000, 0.000, 0.000, 1.000]"
116,4.64,4.68,silence,0.9999998807907104,silence,[1.000],,[],,[],"[0.000, 0.000, 0.000, 0.000, 0.000, 0.000, 0.000, 1.000]"
117,4.68,4.72,silence,0.9999998807907104,silence,[1.000],,[],,[],"[0.000, 0.000, 0.000, 0.000, 0.000, 0.000, 0.000, 1.000]"
118,4.72,4.76,silence,0.9999998807907104,silence,[1.000],,[],,[],"[0.000, 0.000, 0.000, 0.000, 0.000, 0.000, 0.000, 1.000]"
119,4.76,4.8,silence,0.9999998807907104,silence,[1.000],,[],,[],"[0.000, 0.000, 0.000, 0.000, 0.000, 0.000, 0.000, 1.000]"
120,4.8,4.84,silence,0.9999998807907104,silence,[1.000],,[],,[],"[0.000, 0.000, 0.000, 0.000, 0.000, 0.000, 0.000, 1.000]"
121,4.84,4.88,silence,0.9999997615814209,silence,[1.000],,[],,[],"[0.000, 0.000, 0.000, 0.000, 0.000, 0.000, 0.000, 1.000]"
122,4.88,4.92,silence,0.9999995231628418,silence,[1.000],,[],,[],"[0.000, 0.000, 0.000, 0.000, 0.000, 0.000, 0.000, 1.000]"
123,4.92,4.96,silence,0.9999991655349731,silence,[1.000],,[],,[],"[0.000, 0.000, 0.000, 0.000, 0.000, 0.000, 0.000, 1.000]"
124,4.96,5.0,silence,0.9999983310699463,silence,[1.000],,[],,[],"[0.000, 0.000, 0.000, 0.000, 0.000, 0.000, 0.000, 1.000]"
125,5.0,5.04,silence,0.9999963045120239,silence,[1.000],,[],,[],"[0.000, 0.000, 0.000, 0.000, 0.000, 0.000, 0.000, 1.000]"
126,5.04,5.08,silence,0.9999916553497314,silence,[1.000],,[],,[],"[0.000, 0.000, 0.000, 0.000, 0.000, 0.000, 0.000, 1.000]"
127,5.08,5.12,silence,0.9999796152114868,silence,[1.000],,[],,[],"[0.000, 0.000, 0.000, 0.000, 0.000, 0.000, 0.000, 1.000]"
128,5.12,5.16,silence,0.9999475479125977,silence,[1.000],,[],,[],"[0.000, 0.000, 0.000, 0.000, 0.000, 0.000, 0.000, 1.000]"
129,5.16,5.2,silence,0.9998592138290405,silence,[1.000],,[],,[],"[0.000, 0.000, 0.000, 0.000, 0.000, 0.000, 0.000, 1.000]"
130,5.2,5.24,silence,0.9996088147163391,silence,[1.000],,[],,[],"[0.000, 0.000, 0.000, 0.000, 0.000, 0.000, 0.000, 1.000]"
131,5.24,5.28,silence,0.9988836646080017,silence,[0.999],,[],,[],"[0.000, 0.000, 0.000, 0.000, 0.000, 0.000, 0.000, 0.999]"
132,5.28,5.32,silence,0.9967648983001709,silence,[0.997],,[],,[],"[0.000, 0.000, 0.000, 0.000, 0.000, 0.000, 0.000, 0.997]"
133,5.32,5.36,silence,0.9906085729598999,silence,[0.991],,[],,[],"[0.000, 0.000, 0.000, 0.000, 0.000, 0.000, 0.000, 0.991]"
134,5.36,5.4,silence,0.9732056260108948,silence,[0.973],,[],,[],"[0.000, 0.000, 0.000, 0.001, 0.000, 0.000, 0.000, 0.973]"
135,5.4,5.44,silence,0.9270443916320801,silence,[0.927],,[],,[],"[0.000, 0.000, 0.000, 0.004, 0.000, 0.000, 0.000, 0.927]"
136,5.44,5.48,silence,0.8203030228614807,silence,[0.820],,[],,[],"[0.000, 0.000, 0.000, 0.014, 0.000, 0.000, 0.000, 0.820]"
137,5.48,5.52,silence,0.6293069124221802,silence,[0.629],,[],,[],"[0.000, 0.000, 0.000, 0.042, 0.000, 0.000, 0.000, 0.629]"
138,5.52,5.56,silence,0.3966576159000397,,[],,[],,[],"[0.000, 0.000, 0.000, 0.112, 0.000, 0.000, 0.000, 0.397]"
139,5.56,5.6,silence,0.21040478348731995,,[],,[],,[],"[0.000, 0.000, 0.000, 0.247, 0.000, 0.000, 0.000, 0.210]"
140,5.6,5.64,silence,0.10227110236883163,,[],,[],,[],"[0.000, 0.000, 0.000, 0.438, 0.000, 0.000, 0.000, 0.102]"
141,5.64,5.68,Wonyoung,0.6294695138931274,Wonyoung,[0.629],,[],,[],"[0.000, 0.000, 0.000, 0.629, 0.000, 0.000, 0.000, 0.049]"
142,5.68,5.72,Wonyoung,0.7731478810310364,Wonyoung,[0.773],,[],,[],"[0.000, 0.000, 0.000, 0.773, 0.000, 0.000, 0.000, 0.024]"
143,5.72,5.76,Wonyoung,0.8629761338233948,Wonyoung,[0.863],,[],,[],"[0.000, 0.000, 0.000, 0.863, 0.000, 0.000, 0.000, 0.013]"
144,5.76,5.8,Wonyoung,0.9147391319274902,Wonyoung,[0.915],,[],,[],"[0.000, 0.000, 0.000, 0.915, 0.000, 0.000, 0.000, 0.007]"
145,5.8,5.84,Wonyoung,0.9440174698829651,Wonyoung,[0.944],,[],,[],"[0.000, 0.000, 0.000, 0.944, 0.000, 0.000, 0.000, 0.004]"
146,5.84,5.88,Wonyoung,0.9607753157615662,Wonyoung,[0.961],,[],,[],"[0.000, 0.000, 0.000, 0.961, 0.000, 0.000, 0.000, 0.003]"
147,5.88,5.92,Wonyoung,0.9706018567085266,Wonyoung,[0.971],,[],,[],"[0.000, 0.000, 0.000, 0.971, 0.000, 0.000, 0.000, 0.002]"
148,5.92,5.96,Wonyoung,0.9764420986175537,Wonyoung,[0.976],,[],,[],"[0.000, 0.000, 0.000, 0.976, 0.000, 0.000, 0.000, 0.001]"
149,5.96,6.0,Wonyoung,0.9798772931098938,Wonyoung,[0.980],,[],,[],"[0.000, 0.000, 0.000, 0.980, 0.000, 0.000, 0.000, 0.001]"
150,6.0,6.04,Wonyoung,0.9817526340484619,Wonyoung,[0.982],,[],,[],"[0.000, 0.000, 0.000, 0.982, 0.000, 0.000, 0.000, 0.001]"
151,6.04,6.08,Wonyoung,0.9825631380081177,Wonyoung,[0.983],,[],,[],"[0.000, 0.000, 0.000, 0.983, 0.000, 0.000, 0.001, 0.001]"
152,6.08,6.12,Wonyoung,0.9826036095619202,Wonyoung,[0.983],,[],,[],"[0.000, 0.000, 0.000, 0.983, 0.000, 0.000, 0.001, 0.001]"
153,6.12,6.16,Wonyoung,0.9819945693016052,Wonyoung,[0.982],,[],,[],"[0.000, 0.000, 0.000, 0.982, 0.000, 0.000, 0.001, 0.001]"
154,6.16,6.2,Wonyoung,0.9807590842247009,Wonyoung,[0.981],,[],,[],"[0.000, 0.000, 0.000, 0.981, 0.000, 0.000, 0.001, 0.001]"
155,6.2,6.24,Wonyoung,0.9788707494735718,Wonyoung,[0.979],,[],,[],"[0.000, 0.000, 0.000, 0.979, 0.000, 0.000, 0.001, 0.001]"
156,6.24,6.28,Wonyoung,0.9762489795684814,Wonyoung,[0.976],,[],,[],"[0.000, 0.000, 0.000, 0.976, 0.000, 0.000, 0.001, 0.001]"
157,6.28,6.32,Wonyoung,0.9726892113685608,Wonyoung,[0.973],,[],,[],"[0.000, 0.000, 0.000, 0.973, 0.000, 0.000, 0.001, 0.001]"
158,6.32,6.36,Wonyoung,0.9677831530570984,Wonyoung,[0.968],,[],,[],"[0.000, 0.000, 0.000, 0.968, 0.000, 0.000, 0.001, 0.001]"
159,6.36,6.4,Wonyoung,0.960840106010437,Wonyoung,[0.961],,[],,[],"[0.000, 0.000, 0.000, 0.961, 0.000, 0.000, 0.000, 0.001]"
160,6.4,6.44,Wonyoung,0.9508311748504639,Wonyoung,[0.951],,[],,[],"[0.000, 0.000, 0.000, 0.951, 0.000, 0.000, 0.000, 0.001]"
161,6.44,6.48,Wonyoung,0.9362083077430725,Wonyoung,[0.936],,[],,[],"[0.000, 0.000, 0.000, 0.936, 0.000, 0.000, 0.000, 0.001]"
162,6.48,6.52,Wonyoung,0.9146013855934143,Wonyoung,[0.915],,[],,[],"[0.000, 0.000, 0.000, 0.915, 0.000, 0.000, 0.000, 0.001]"
163,6.52,6.56,Wonyoung,0.8823161125183105,Wonyoung,[0.882],,[],,[],"[0.000, 0.000, 0.000, 0.882, 0.000, 0.000, 0.000, 0.001]"
164,6.56,6.6,Wonyoung,0.8340994119644165,Wonyoung,[0.834],,[],,[],"[0.000, 0.000, 0.000, 0.834, 0.000, 0.000, 0.000, 0.002]"
165,6.6,6.64,Wonyoung,0.7632794380187988,Wonyoung,[0.763],,[],,[],"[0.000, 0.000, 0.000, 0.763, 0.000, 0.000, 0.000, 0.002]"
166,6.64,6.68,Wonyoung,0.6645195484161377,Wonyoung,[0.665],,[],,[],"[0.000, 0.000, 0.000, 0.665, 0.000, 0.000, 0.000, 0.003]"
167,6.68,6.72,Wonyoung,0.5383455157279968,Wonyoung,[0.538],,[],,[],"[0.000, 0.000, 0.000, 0.538, 0.000, 0.000, 0.000, 0.005]"
168,6.72,6.76,silence,0.006716194562613964,,[],,[],,[],"[0.000, 0.000, 0.000, 0.397, 0.000, 0.000, 0.000, 0.007]"
169,6.76,6.8,silence,0.01022851001471281,,[],,[],,[],"[0.000, 0.000, 0.000, 0.264, 0.000, 0.000, 0.000, 0.010]"
170,6.8,6.84,silence,0.016232900321483612,,[],,[],,[],"[0.000, 0.000, 0.000, 0.158, 0.000, 0.000, 0.000, 0.016]"
171,6.84,6.88,silence,0.02684973180294037,,[],,[],,[],"[0.000, 0.000, 0.000, 0.087, 0.000, 0.000, 0.000, 0.027]"
172,6.88,6.92,silence,0.04614465311169624,,[],,[],,[],"[0.000, 0.000, 0.000, 0.045, 0.000, 0.000, 0.000, 0.046]"
173,6.92,6.96,silence,0.08192084729671478,,[],,[],,[],"[0.000, 0.000, 0.000, 0.022, 0.000, 0.000, 0.000, 0.082]"
174,6.96,7.0,silence,0.14801377058029175,,[],,[],,[],"[0.000, 0.000, 0.000, 0.011, 0.000, 0.000, 0.000, 0.148]"
175,7.0,7.04,silence,0.26370733976364136,,[],,[],,[],"[0.000, 0.000, 0.000, 0.005, 0.000, 0.000, 0.000, 0.264]"
176,7.04,7.08,silence,0.4392167627811432,,[],,[],,[],"[0.000, 0.000, 0.000, 0.002, 0.000, 0.000, 0.000, 0.439]"
177,7.08,7.12,silence,0.6451689600944519,silence,[0.645],,[],,[],"[0.000, 0.000, 0.000, 0.001, 0.000, 0.000, 0.000, 0.645]"
178,7.12,7.16,silence,0.8177621960639954,silence,[0.818],,[],,[],"[0.000, 0.000, 0.000, 0.000, 0.000, 0.000, 0.000, 0.818]"
179,7.16,7.2,silence,0.9218551516532898,silence,[0.922],,[],,[],"[0.000, 0.000, 0.000, 0.000, 0.000, 0.000, 0.000, 0.922]"
180,7.2,7.24,silence,0.9706588983535767,silence,[0.971],,[],,[],"[0.000, 0.000, 0.000, 0.000, 0.000, 0.000, 0.000, 0.971]"
181,7.24,7.28,silence,0.9899694323539734,silence,[0.990],,[],,[],"[0.000, 0.000, 0.000, 0.000, 0.000, 0.000, 0.000, 0.990]"
182,7.28,7.32,silence,0.9967952370643616,silence,[0.997],,[],,[],"[0.000, 0.000, 0.000, 0.000, 0.000, 0.000, 0.000, 0.997]"
183,7.32,7.36,silence,0.9990236759185791,silence,[0.999],,[],,[],"[0.000, 0.000, 0.000, 0.000, 0.000, 0.000, 0.000, 0.999]"
184,7.36,7.4,silence,0.9997114539146423,silence,[1.000],,[],,[],"[0.000, 0.000, 0.000, 0.000, 0.000, 0.000, 0.000, 1.000]"
185,7.4,7.44,silence,0.9999160766601562,silence,[1.000],,[],,[],"[0.000, 0.000, 0.000, 0.000, 0.000, 0.000, 0.000, 1.000]"
186,7.44,7.48,silence,0.9999755620956421,silence,[1.000],,[],,[],"[0.000, 0.000, 0.000, 0.000, 0.000, 0.000, 0.000, 1.000]"
187,7.48,7.52,silence,0.9999927282333374,silence,[1.000],,[],,[],"[0.000, 0.000, 0.000, 0.000, 0.000, 0.000, 0.000, 1.000]"
188,7.52,7.56,silence,0.9999978542327881,silence,[1.000],,[],,[],"[0.000, 0.000, 0.000, 0.000, 0.000, 0.000, 0.000, 1.000]"
189,7.56,7.6,silence,0.9999992847442627,silence,[1.000],,[],,[],"[0.000, 0.000, 0.000, 0.000, 0.000, 0.000, 0.000, 1.000]"
190,7.6,7.64,silence,0.9999997615814209,silence,[1.000],,[],,[],"[0.000, 0.000, 0.000, 0.000, 0.000, 0.000, 0.000, 1.000]"
191,7.64,7.68,silence,0.9999998807907104,silence,[1.000],,[],,[],"[0.000, 0.000, 0.000, 0.000, 0.000, 0.000, 0.000, 1.000]"
192,7.68,7.72,silence,1.0,silence,[1.000],Liz,"[0.000, 0.000, 0.000, 0.000, 0.501, 0.000, 0.000]",,[],"[0.000, 0.000, 0.000, 0.000, 0.000, 0.000, 0.000, 1.000]"
193,7.72,7.76,silence,1.0,silence,[1.000],Liz,"[0.000, 0.000, 0.000, 0.000, 0.539, 0.000, 0.000]",,[],"[0.000, 0.000, 0.000, 0.000, 0.000, 0.000, 0.000, 1.000]"
194,7.76,7.8,silence,1.0,silence,[1.000],Liz,"[0.000, 0.000, 0.000, 0.000, 0.573, 0.000, 0.000]",,[],"[0.000, 0.000, 0.000, 0.000, 0.000, 0.000, 0.000, 1.000]"
195,7.8,7.84,silence,1.0,silence,[1.000],Liz,"[0.000, 0.000, 0.000, 0.000, 0.604, 0.000, 0.000]",,[],"[0.000, 0.000, 0.000, 0.000, 0.000, 0.000, 0.000, 1.000]"
196,7.84,7.88,silence,1.0,silence,[1.000],Liz,"[0.000, 0.000, 0.000, 0.000, 0.632, 0.000, 0.000]",,[],"[0.000, 0.000, 0.000, 0.000, 0.000, 0.000, 0.000, 1.000]"
197,7.88,7.92,silence,1.0,silence,[1.000],Liz,"[0.000, 0.000, 0.000, 0.000, 0.659, 0.000, 0.000]",,[],"[0.000, 0.000, 0.000, 0.000, 0.000, 0.000, 0.000, 1.000]"
198,7.92,7.96,silence,1.0,silence,[1.000],Liz,"[0.000, 0.000, 0.000, 0.000, 0.684, 0.000, 0.000]",,[],"[0.000, 0.000, 0.000, 0.000, 0.000, 0.000, 0.000, 1.000]"
199,7.96,8.0,silence,1.0,silence,[1.000],Liz,"[0.000, 0.001, 0.000, 0.000, 0.708, 0.000, 0.000]",,[],"[0.000, 0.000, 0.000, 0.000, 0.000, 0.000, 0.000, 1.000]"
200,8.0,8.04,silence,1.0,silence,[1.000],Liz,"[0.000, 0.001, 0.000, 0.000, 0.730, 0.000, 0.000]",,[],"[0.000, 0.000, 0.000, 0.000, 0.000, 0.000, 0.000, 1.000]"
201,8.04,8.08,silence,1.0,silence,[1.000],Liz,"[0.000, 0.002, 0.000, 0.000, 0.750, 0.000, 0.000]",,[],"[0.000, 0.000, 0.000, 0.000, 0.000, 0.000, 0.000, 1.000]"
202,8.08,8.12,silence,1.0,silence,[1.000],Liz,"[0.000, 0.003, 0.000, 0.000, 0.769, 0.000, 0.000]",,[],"[0.000, 0.000, 0.000, 0.000, 0.000, 0.000, 0.000, 1.000]"
203,8.12,8.16,silence,1.0,silence,[1.000],Liz,"[0.000, 0.005, 0.000, 0.000, 0.785, 0.000, 0.000]",,[],"[0.000, 0.000, 0.000, 0.000, 0.000, 0.000, 0.000, 1.000]"
204,8.16,8.2,silence,1.0,silence,[1.000],Liz,"[0.000, 0.007, 0.000, 0.000, 0.799, 0.000, 0.000]",,[],"[0.000, 0.000, 0.000, 0.000, 0.000, 0.000, 0.000, 1.000]"
205,8.2,8.24,silence,1.0,silence,[1.000],Liz,"[0.000, 0.009, 0.000, 0.000, 0.810, 0.000, 0.000]",,[],"[0.000, 0.000, 0.000, 0.000, 0.000, 0.000, 0.000, 1.000]"
206,8.24,8.28,silence,1.0,silence,[1.000],Liz,"[0.000, 0.011, 0.000, 0.000, 0.819, 0.000, 0.000]",,[],"[0.000, 0.000, 0.000, 0.000, 0.000, 0.000, 0.000, 1.000]"
207,8.28,8.32,silence,1.0,silence,[1.000],Liz,"[0.000, 0.012, 0.000, 0.000, 0.827, 0.000, 0.000]",,[],"[0.000, 0.000, 0.000, 0.000, 0.000, 0.000, 0.000, 1.000]"
208,8.32,8.36,silence,1.0,silence,[1.000],Liz,"[0.000, 0.012, 0.000, 0.000, 0.833, 0.000, 0.000]",,[],"[0.000, 0.000, 0.000, 0.000, 0.000, 0.000, 0.000, 1.000]"
209,8.36,8.4,silence,1.0,silence,[1.000],Liz,"[0.000, 0.011, 0.000, 0.000, 0.837, 0.000, 0.000]",,[],"[0.000, 0.000, 0.000, 0.000, 0.000, 0.000, 0.000, 1.000]"
210,8.4,8.44,silence,1.0,silence,[1.000],Liz,"[0.000, 0.009, 0.000, 0.000, 0.839, 0.000, 0.000]",,[],"[0.000, 0.000, 0.000, 0.000, 0.000, 0.000, 0.000, 1.000]"
211,8.44,8.48,silence,1.0,silence,[1.000],Liz,"[0.000, 0.007, 0.000, 0.000, 0.839, 0.000, 0.000]",,[],"[0.000, 0.000, 0.000, 0.000, 0.000, 0.000, 0.000, 1.000]"
212,8.48,8.52,silence,1.0,silence,[1.000],Liz,"[0.000, 0.005, 0.000, 0.000, 0.835, 0.000, 0.000]",,[],"[0.000, 0.000, 0.000, 0.000, 0.000, 0.000, 0.000, 1.000]"
213,8.52,8.56,silence,1.0,silence,[1.000],Liz,"[0.000, 0.004, 0.000, 0.000, 0.827, 0.000, 0.000]",,[],"[0.000, 0.000, 0.000, 0.000, 0.000, 0.000, 0.000, 1.000]"
214,8.56,8.6,silence,1.0,silence,[1.000],Liz,"[0.000, 0.002, 0.000, 0.000, 0.813, 0.000, 0.000]",,[],"[0.000, 0.000, 0.000, 0.000, 0.000, 0.000, 0.000, 1.000]"
215,8.6,8.64,silence,1.0,silence,[1.000],Liz,"[0.000, 0.001, 0.000, 0.000, 0.792, 0.000, 0.000]",,[],"[0.000, 0.000, 0.000, 0.000, 0.000, 0.000, 0.000, 1.000]"
216,8.64,8.68,silence,1.0,silence,[1.000],Liz,"[0.000, 0.001, 0.000, 0.000, 0.763, 0.000, 0.000]",,[],"[0.000, 0.000, 0.000, 0.000, 0.000, 0.000, 0.000, 1.000]"
217,8.68,8.72,silence,1.0,silence,[1.000],Liz,"[0.000, 0.000, 0.000, 0.000, 0.722, 0.000, 0.000]",,[],"[0.000, 0.000, 0.000, 0.000, 0.000, 0.000, 0.000, 1.000]"
218,8.72,8.76,silence,1.0,silence,[1.000],Liz,"[0.000, 0.000, 0.000, 0.000, 0.667, 0.000, 0.000]",,[],"[0.000, 0.000, 0.000, 0.000, 0.000, 0.000, 0.000, 1.000]"
219,8.76,8.8,silence,1.0,silence,[1.000],Liz,"[0.000, 0.000, 0.000, 0.000, 0.595, 0.000, 0.000]",,[],"[0.000, 0.000, 0.000, 0.000, 0.000, 0.000, 0.000, 1.000]"
220,8.8,8.84,silence,1.0,silence,[1.000],Liz,"[0.000, 0.000, 0.000, 0.000, 0.508, 0.000, 0.000]",,[],"[0.000, 0.000, 0.000, 0.000, 0.000, 0.000, 0.000, 1.000]"
221,8.84,8.88,silence,1.0,silence,[1.000],,[],,[],"[0.000, 0.000, 0.000, 0.000, 0.000, 0.000, 0.000, 1.000]"
222,8.88,8.92,silence,1.0,silence,[1.000],,[],,[],"[0.000, 0.000, 0.000, 0.000, 0.000, 0.000, 0.000, 1.000]"
223,8.92,8.96,silence,1.0,silence,[1.000],,[],,[],"[0.000, 0.000, 0.000, 0.000, 0.000, 0.000, 0.000, 1.000]"
224,8.96,9.0,silence,1.0,silence,[1.000],,[],,[],"[0.000, 0.000, 0.000, 0.000, 0.000, 0.000, 0.000, 1.000]"
225,9.0,9.04,silence,1.0,silence,[1.000],,[],,[],"[0.000, 0.000, 0.000, 0.000, 0.000, 0.000, 0.000, 1.000]"
226,9.04,9.08,silence,1.0,silence,[1.000],,[],,[],"[0.000, 0.000, 0.000, 0.000, 0.000, 0.000, 0.000, 1.000]"
227,9.08,9.12,silence,1.0,silence,[1.000],,[],,[],"[0.000, 0.000, 0.000, 0.000, 0.000, 0.000, 0.000, 1.000]"
228,9.12,9.16,silence,1.0,silence,[1.000],,[],,[],"[0.000, 0.000, 0.000, 0.000, 0.000, 0.000, 0.000, 1.000]"
229,9.16,9.2,silence,1.0,silence,[1.000],,[],,[],"[0.000, 0.000, 0.000, 0.000, 0.000, 0.000, 0.000, 1.000]"
230,9.2,9.24,silence,1.0,silence,[1.000],,[],,[],"[0.000, 0.000, 0.000, 0.000, 0.000, 0.000, 0.000, 1.000]"
231,9.24,9.28,silence,1.0,silence,[1.000],,[],,[],"[0.000, 0.000, 0.000, 0.000, 0.000, 0.000, 0.000, 1.000]"
232,9.28,9.32,silence,1.0,silence,[1.000],,[],,[],"[0.000, 0.000, 0.000, 0.000, 0.000, 0.000, 0.000, 1.000]"
233,9.32,9.36,silence,1.0,silence,[1.000],,[],,[],"[0.000, 0.000, 0.000, 0.000, 0.000, 0.000, 0.000, 1.000]"
234,9.36,9.4,silence,1.0,silence,[1.000],,[],,[],"[0.000, 0.000, 0.000, 0.000, 0.000, 0.000, 0.000, 1.000]"
235,9.4,9.44,silence,1.0,silence,[1.000],,[],,[],"[0.000, 0.000, 0.000, 0.000, 0.000, 0.000, 0.000, 1.000]"
236,9.44,9.48,silence,1.0,silence,[1.000],,[],,[],"[0.000, 0.000, 0.000, 0.000, 0.000, 0.000, 0.000, 1.000]"
237,9.48,9.52,silence,1.0,silence,[1.000],,[],,[],"[0.000, 0.000, 0.000, 0.000, 0.000, 0.000, 0.000, 1.000]"
238,9.52,9.56,silence,1.0,silence,[1.000],,[],,[],"[0.000, 0.000, 0.000, 0.000, 0.000, 0.000, 0.000, 1.000]"
239,9.56,9.6,silence,1.0,silence,[1.000],,[],,[],"[0.000, 0.000, 0.000, 0.000, 0.000, 0.000, 0.000, 1.000]"
240,9.6,9.64,silence,1.0,silence,[1.000],,[],,[],"[0.000, 0.000, 0.000, 0.000, 0.000, 0.000, 0.000, 1.000]"
241,9.64,9.68,silence,1.0,silence,[1.000],,[],,[],"[0.000, 0.000, 0.000, 0.000, 0.000, 0.000, 0.000, 1.000]"
242,9.68,9.72,silence,0.9999997615814209,silence,[1.000],,[],,[],"[0.000, 0.000, 0.000, 0.000, 0.000, 0.000, 0.000, 1.000]"
243,9.72,9.76,silence,0.9999988079071045,silence,[1.000],,[],,[],"[0.000, 0.000, 0.000, 0.000, 0.000, 0.000, 0.000, 1.000]"
244,9.76,9.8,silence,0.9999942779541016,silence,[1.000],,[],,[],"[0.000, 0.000, 0.000, 0.000, 0.000, 0.000, 0.000, 1.000]"
245,9.8,9.84,silence,0.9999721050262451,silence,[1.000],,[],,[],"[0.000, 0.000, 0.000, 0.000, 0.000, 0.000, 0.000, 1.000]"
246,9.84,9.88,silence,0.9998672008514404,silence,[1.000],,[],,[],"[0.000, 0.000, 0.000, 0.000, 0.000, 0.000, 0.000, 1.000]"
247,9.88,9.92,silence,0.9993829727172852,silence,[0.999],,[],,[],"[0.000, 0.000, 0.000, 0.000, 0.000, 0.000, 0.000, 0.999]"
248,9.92,9.96,silence,0.9972223043441772,silence,[0.997],,[],,[],"[0.000, 0.000, 0.000, 0.000, 0.001, 0.000, 0.000, 0.997]"
249,9.96,10.0,silence,0.9879727363586426,silence,[0.988],,[],,[],"[0.000, 0.000, 0.000, 0.000, 0.004, 0.000, 0.000, 0.988]"
250,10.0,10.04,silence,0.9512687921524048,silence,[0.951],,[],,[],"[0.000, 0.000, 0.000, 0.000, 0.020, 0.000, 0.000, 0.951]"
251,10.04,10.08,silence,0.8290307521820068,silence,[0.829],,[],,[],"[0.000, 0.000, 0.000, 0.000, 0.088, 0.000, 0.000, 0.829]"
252,10.08,10.12,silence,0.5576956868171692,silence,[0.558],,[],,[],"[0.000, 0.000, 0.000, 0.000, 0.304, 0.000, 0.000, 0.558]"
253,10.12,10.16,Liz,0.651918351650238,Liz,[0.652],,[],,[],"[0.000, 0.000, 0.000, 0.000, 0.652, 0.000, 0.000, 0.255]"
254,10.16,10.2,Liz,0.8842049241065979,Liz,[0.884],,[],,[],"[0.000, 0.000, 0.000, 0.000, 0.884, 0.000, 0.000, 0.088]"
255,10.2,10.24,Liz,0.9672836661338806,Liz,[0.967],,[],,[],"[0.000, 0.000, 0.000, 0.000, 0.967, 0.000, 0.000, 0.028]"
256,10.24,10.28,Liz,0.9909036755561829,Liz,[0.991],,[],,[],"[0.000, 0.000, 0.000, 0.000, 0.991, 0.000, 0.000, 0.009]"
257,10.28,10.32,Liz,0.9973906874656677,Liz,[0.997],,[],,[],"[0.000, 0.000, 0.000, 0.000, 0.997, 0.000, 0.000, 0.003]"
258,10.32,10.36,Liz,0.9992164373397827,Liz,[0.999],,[],,[],"[0.000, 0.000, 0.000, 0.000, 0.999, 0.000, 0.000, 0.001]"
259,10.36,10.4,Liz,0.9997525811195374,Liz,[1.000],,[],,[],"[0.000, 0.000, 0.000, 0.000, 1.000, 0.000, 0.000, 0.000]"
260,10.4,10.44,Liz,0.9999173879623413,Liz,[1.000],,[],,[],"[0.000, 0.000, 0.000, 0.000, 1.000, 0.000, 0.000, 0.000]"
261,10.44,10.48,Liz,0.9999707937240601,Liz,[1.000],,[],,[],"[0.000, 0.000, 0.000, 0.000, 1.000, 0.000, 0.000, 0.000]"
262,10.48,10.52,Liz,0.9999889135360718,Liz,[1.000],,[],,[],"[0.000, 0.000, 0.000, 0.000, 1.000, 0.000, 0.000, 0.000]"
263,10.52,10.56,Liz,0.9999955892562866,Liz,[1.000],,[],,[],"[0.000, 0.000, 0.000, 0.000, 1.000, 0.000, 0.000, 0.000]"
264,10.56,10.6,Liz,0.9999980926513672,Liz,[1.000],,[],,[],"[0.000, 0.000, 0.000, 0.000, 1.000, 0.000, 0.000, 0.000]"
265,10.6,10.64,Liz,0.9999991655349731,Liz,[1.000],,[],,[],"[0.000, 0.000, 0.000, 0.000, 1.000, 0.000, 0.000, 0.000]"
266,10.64,10.68,Liz,0.9999995231628418,Liz,[1.000],,[],,[],"[0.000, 0.000, 0.000, 0.000, 1.000, 0.000, 0.000, 0.000]"
267,10.68,10.72,Liz,0.9999997615814209,Liz,[1.000],,[],,[],"[0.000, 0.000, 0.000, 0.000, 1.000, 0.000, 0.000, 0.000]"
268,10.72,10.76,Liz,0.9999998807907104,Liz,[1.000],,[],,[],"[0.000, 0.000, 0.000, 0.000, 1.000, 0.000, 0.000, 0.000]"
269,10.76,10.8,Liz,0.9999998807907104,Liz,[1.000],,[],,[],"[0.000, 0.000, 0.000, 0.000, 1.000, 0.000, 0.000, 0.000]"
270,10.8,10.84,Liz,1.0,Liz,[1.000],,[],,[],"[0.000, 0.000, 0.000, 0.000, 1.000, 0.000, 0.000, 0.000]"
271,10.84,10.88,Liz,1.0,Liz,[1.000],,[],,[],"[0.000, 0.000, 0.000, 0.000, 1.000, 0.000, 0.000, 0.000]"
272,10.88,10.92,Liz,1.0,Liz,[1.000],,[],,[],"[0.000, 0.000, 0.000, 0.000, 1.000, 0.000, 0.000, 0.000]"
273,10.92,10.96,Liz,1.0,Liz,[1.000],,[],,[],"[0.000, 0.000, 0.000, 0.000, 1.000, 0.000, 0.000, 0.000]"
274,10.96,11.0,Liz,1.0,Liz,[1.000],,[],,[],"[0.000, 0.000, 0.000, 0.000, 1.000, 0.000, 0.000, 0.000]"
275,11.0,11.04,Liz,1.0,Liz,[1.000],,[],,[],"[0.000, 0.000, 0.000, 0.000, 1.000, 0.000, 0.000, 0.000]"
276,11.04,11.08,Liz,1.0,Liz,[1.000],,[],,[],"[0.000, 0.000, 0.000, 0.000, 1.000, 0.000, 0.000, 0.000]"
277,11.08,11.12,Liz,1.0,Liz,[1.000],,[],,[],"[0.000, 0.000, 0.000, 0.000, 1.000, 0.000, 0.000, 0.000]"
278,11.12,11.16,Liz,1.0,Liz,[1.000],,[],,[],"[0.000, 0.000, 0.000, 0.000, 1.000, 0.000, 0.000, 0.000]"
279,11.16,11.2,Liz,1.0,Liz,[1.000],,[],,[],"[0.000, 0.000, 0.000, 0.000, 1.000, 0.000, 0.000, 0.000]"
280,11.2,11.24,Liz,1.0,Liz,[1.000],,[],,[],"[0.000, 0.000, 0.000, 0.000, 1.000, 0.000, 0.000, 0.000]"
281,11.24,11.28,Liz,1.0,Liz,[1.000],,[],,[],"[0.000, 0.000, 0.000, 0.000, 1.000, 0.000, 0.000, 0.000]"
282,11.28,11.32,Liz,1.0,Liz,[1.000],,[],,[],"[0.000, 0.000, 0.000, 0.000, 1.000, 0.000, 0.000, 0.000]"
283,11.32,11.36,Liz,0.9999998807907104,Liz,[1.000],,[],,[],"[0.000, 0.000, 0.000, 0.000, 1.000, 0.000, 0.000, 0.000]"
284,11.36,11.4,Liz,0.9999998807907104,Liz,[1.000],,[],,[],"[0.000, 0.000, 0.000, 0.000, 1.000, 0.000, 0.000, 0.000]"
285,11.4,11.44,Liz,0.9999998807907104,Liz,[1.000],,[],,[],"[0.000, 0.000, 0.000, 0.000, 1.000, 0.000, 0.000, 0.000]"
286,11.44,11.48,Liz,0.9999998807907104,Liz,[1.000],,[],,[],"[0.000, 0.000, 0.000, 0.000, 1.000, 0.000, 0.000, 0.000]"
287,11.48,11.52,Liz,0.9999997615814209,Liz,[1.000],,[],,[],"[0.000, 0.000, 0.000, 0.000, 1.000, 0.000, 0.000, 0.000]"
288,11.52,11.56,Liz,0.9999996423721313,Liz,[1.000],,[],,[],"[0.000, 0.000, 0.000, 0.000, 1.000, 0.000, 0.000, 0.000]"
289,11.56,11.6,Liz,0.9999995231628418,Liz,[1.000],,[],,[],"[0.000, 0.000, 0.000, 0.000, 1.000, 0.000, 0.000, 0.000]"
290,11.6,11.64,Liz,0.9999994039535522,Liz,[1.000],,[],,[],"[0.000, 0.000, 0.000, 0.000, 1.000, 0.000, 0.000, 0.000]"
291,11.64,11.68,Liz,0.9999991655349731,Liz,[1.000],,[],,[],"[0.000, 0.000, 0.000, 0.000, 1.000, 0.000, 0.000, 0.000]"
292,11.68,11.72,Liz,0.9999988079071045,Liz,[1.000],,[],,[],"[0.000, 0.000, 0.000, 0.000, 1.000, 0.000, 0.000, 0.000]"
293,11.72,11.76,Liz,0.9999982118606567,Liz,[1.000],,[],,[],"[0.000, 0.000, 0.000, 0.000, 1.000, 0.000, 0.000, 0.000]"
294,11.76,11.8,Liz,0.9999974966049194,Liz,[1.000],,[],,[],"[0.000, 0.000, 0.000, 0.000, 1.000, 0.000, 0.000, 0.000]"
295,11.8,11.84,Liz,0.9999961853027344,Liz,[1.000],,[],,[],"[0.000, 0.000, 0.000, 0.000, 1.000, 0.000, 0.000, 0.000]"
296,11.84,11.88,Liz,0.9999942779541016,Liz,[1.000],,[],,[],"[0.000, 0.000, 0.000, 0.000, 1.000, 0.000, 0.000, 0.000]"
297,11.88,11.92,Liz,0.9999914169311523,Liz,[1.000],,[],,[],"[0.000, 0.000, 0.000, 0.000, 1.000, 0.000, 0.000, 0.000]"
298,11.92,11.96,Liz,0.9999868869781494,Liz,[1.000],,[],,[],"[0.000, 0.000, 0.000, 0.000, 1.000, 0.000, 0.000, 0.000]"
299,11.96,12.0,Liz,0.9999802112579346,Liz,[1.000],,[],,[],"[0.000, 0.000, 0.000, 0.000, 1.000, 0.000, 0.000, 0.000]"
300,12.0,12.04,Liz,0.9999704360961914,Liz,[1.000],,[],,[],"[0.000, 0.000, 0.000, 0.000, 1.000, 0.000, 0.000, 0.000]"
301,12.04,12.08,Liz,0.999956488609314,Liz,[1.000],,[],,[],"[0.000, 0.000, 0.000, 0.000, 1.000, 0.000, 0.000, 0.000]"
302,12.08,12.12,Liz,0.9999374151229858,Liz,[1.000],,[],,[],"[0.000, 0.000, 0.000, 0.000, 1.000, 0.000, 0.000, 0.000]"
303,12.12,12.16,Liz,0.9999123811721802,Liz,[1.000],,[],,[],"[0.000, 0.000, 0.000, 0.000, 1.000, 0.000, 0.000, 0.000]"
304,12.16,12.2,Liz,0.9998811483383179,Liz,[1.000],,[],,[],"[0.000, 0.000, 0.000, 0.000, 1.000, 0.000, 0.000, 0.000]"
305,12.2,12.24,Liz,0.9998443126678467,Liz,[1.000],,[],,[],"[0.000, 0.000, 0.000, 0.000, 1.000, 0.000, 0.000, 0.000]"
306,12.24,12.28,Liz,0.9998031258583069,Liz,[1.000],,[],,[],"[0.000, 0.000, 0.000, 0.000, 1.000, 0.000, 0.000, 0.000]"
307,12.28,12.32,Liz,0.9997594952583313,Liz,[1.000],,[],,[],"[0.000, 0.000, 0.000, 0.000, 1.000, 0.000, 0.000, 0.000]"
308,12.32,12.36,Liz,0.9997161030769348,Liz,[1.000],,[],,[],"[0.000, 0.000, 0.000, 0.000, 1.000, 0.000, 0.000, 0.000]"
309,12.36,12.4,Liz,0.9996756315231323,Liz,[1.000],,[],,[],"[0.000, 0.000, 0.000, 0.000, 1.000, 0.000, 0.000, 0.000]"
310,12.4,12.44,Liz,0.9996414184570312,Liz,[1.000],,[],,[],"[0.000, 0.000, 0.000, 0.000, 1.000, 0.000, 0.000, 0.000]"
311,12.44,12.48,Liz,0.9996168613433838,Liz,[1.000],,[],,[],"[0.000, 0.000, 0.000, 0.000, 1.000, 0.000, 0.000, 0.000]"
312,12.48,12.52,Liz,0.9996057152748108,Liz,[1.000],,[],,[],"[0.000, 0.000, 0.000, 0.000, 1.000, 0.000, 0.000, 0.000]"
313,12.52,12.56,Liz,0.9996098875999451,Liz,[1.000],,[],,[],"[0.000, 0.000, 0.000, 0.000, 1.000, 0.000, 0.000, 0.000]"
314,12.56,12.6,Liz,0.999629020690918,Liz,[1.000],,[],,[],"[0.000, 0.000, 0.000, 0.000, 1.000, 0.000, 0.000, 0.000]"
315,12.6,12.64,Liz,0.999660849571228,Liz,[1.000],,[],,[],"[0.000, 0.000, 0.000, 0.000, 1.000, 0.000, 0.000, 0.000]"
316,12.64,12.68,Liz,0.9997013211250305,Liz,[1.000],,[],,[],"[0.000, 0.000, 0.000, 0.000, 1.000, 0.000, 0.000, 0.000]"
317,12.68,12.72,Liz,0.9997463822364807,Liz,[1.000],,[],,[],"[0.000, 0.000, 0.000, 0.000, 1.000, 0.000, 0.000, 0.000]"
318,12.72,12.76,Liz,0.99979168176651,Liz,[1.000],,[],,[],"[0.000, 0.000, 0.000, 0.000, 1.000, 0.000, 0.000, 0.000]"
319,12.76,12.8,Liz,0.9998339414596558,Liz,[1.000],,[],,[],"[0.000, 0.000, 0.000, 0.000, 1.000, 0.000, 0.000, 0.000]"
320,12.8,12.84,Liz,0.9998712539672852,Liz,[1.000],,[],,[],"[0.000, 0.000, 0.000, 0.000, 1.000, 0.000, 0.000, 0.000]"
321,12.84,12.88,Liz,0.9999023675918579,Liz,[1.000],,[],,[],"[0.000, 0.000, 0.000, 0.000, 1.000, 0.000, 0.000, 0.000]"
322,12.88,12.92,Liz,0.9999274015426636,Liz,[1.000],,[],,[],"[0.000, 0.000, 0.000, 0.000, 1.000, 0.000, 0.000, 0.000]"
323,12.92,12.96,Liz,0.9999465942382812,Liz,[1.000],,[],,[],"[0.000, 0.000, 0.000, 0.000, 1.000, 0.000, 0.000, 0.000]"
324,12.96,13.0,Liz,0.9999608993530273,Liz,[1.000],,[],,[],"[0.000, 0.000, 0.000, 0.000, 1.000, 0.000, 0.000, 0.000]"
325,13.0,13.04,Liz,0.9999713897705078,Liz,[1.000],,[],,[],"[0.000, 0.000, 0.000, 0.000, 1.000, 0.000, 0.000, 0.000]"
326,13.04,13.08,Liz,0.9999788999557495,Liz,[1.000],,[],,[],"[0.000, 0.000, 0.000, 0.000, 1.000, 0.000, 0.000, 0.000]"
327,13.08,13.12,Liz,0.9999842643737793,Liz,[1.000],,[],,[],"[0.000, 0.000, 0.000, 0.000, 1.000, 0.000, 0.000, 0.000]"
328,13.12,13.16,Liz,0.9999878406524658,Liz,[1.000],,[],,[],"[0.000, 0.000, 0.000, 0.000, 1.000, 0.000, 0.000, 0.000]"
329,13.16,13.2,Liz,0.9999904632568359,Liz,[1.000],,[],,[],"[0.000, 0.000, 0.000, 0.000, 1.000, 0.000, 0.000, 0.000]"
330,13.2,13.24,Liz,0.9999921321868896,Liz,[1.000],,[],,[],"[0.000, 0.000, 0.000, 0.000, 1.000, 0.000, 0.000, 0.000]"
331,13.24,13.28,Liz,0.9999933242797852,Liz,[1.000],,[],,[],"[0.000, 0.000, 0.000, 0.000, 1.000, 0.000, 0.000, 0.000]"
332,13.28,13.32,Liz,0.9999939203262329,Liz,[1.000],,[],,[],"[0.000, 0.000, 0.000, 0.000, 1.000, 0.000, 0.000, 0.000]"
333,13.32,13.36,Liz,0.9999942779541016,Liz,[1.000],,[],,[],"[0.000, 0.000, 0.000, 0.000, 1.000, 0.000, 0.000, 0.000]"
334,13.36,13.4,Liz,0.9999942779541016,Liz,[1.000],,[],,[],"[0.000, 0.000, 0.000, 0.000, 1.000, 0.000, 0.000, 0.000]"
335,13.4,13.44,Liz,0.9999939203262329,Liz,[1.000],,[],,[],"[0.000, 0.000, 0.000, 0.000, 1.000, 0.000, 0.000, 0.000]"
336,13.44,13.48,Liz,0.9999932050704956,Liz,[1.000],,[],,[],"[0.000, 0.000, 0.000, 0.000, 1.000, 0.000, 0.000, 0.000]"
337,13.48,13.52,Liz,0.9999918937683105,Liz,[1.000],,[],,[],"[0.000, 0.000, 0.000, 0.000, 1.000, 0.000, 0.000, 0.000]"
338,13.52,13.56,Liz,0.9999899864196777,Liz,[1.000],,[],,[],"[0.000, 0.000, 0.000, 0.000, 1.000, 0.000, 0.000, 0.000]"
339,13.56,13.6,Liz,0.9999872446060181,Liz,[1.000],,[],,[],"[0.000, 0.000, 0.000, 0.000, 1.000, 0.000, 0.000, 0.000]"
340,13.6,13.64,Liz,0.9999830722808838,Liz,[1.000],,[],,[],"[0.000, 0.000, 0.000, 0.000, 1.000, 0.000, 0.000, 0.000]"
341,13.64,13.68,Liz,0.9999769926071167,Liz,[1.000],,[],,[],"[0.000, 0.000, 0.000, 0.000, 1.000, 0.000, 0.000, 0.000]"
342,13.68,13.72,Liz,0.9999679327011108,Liz,[1.000],,[],,[],"[0.000, 0.000, 0.000, 0.000, 1.000, 0.000, 0.000, 0.000]"
343,13.72,13.76,Liz,0.999954104423523,Liz,[1.000],,[],,[],"[0.000, 0.000, 0.000, 0.000, 1.000, 0.000, 0.000, 0.000]"
344,13.76,13.8,Liz,0.9999327659606934,Liz,[1.000],,[],,[],"[0.000, 0.000, 0.000, 0.000, 1.000, 0.000, 0.000, 0.000]"
345,13.8,13.84,Liz,0.9998996257781982,Liz,[1.000],,[],,[],"[0.000, 0.000, 0.000, 0.000, 1.000, 0.000, 0.000, 0.000]"
346,13.84,13.88,Liz,0.9998472929000854,Liz,[1.000],,[],,[],"[0.000, 0.000, 0.000, 0.000, 1.000, 0.000, 0.000, 0.000]"
347,13.88,13.92,Liz,0.999763548374176,Liz,[1.000],,[],,[],"[0.000, 0.000, 0.000, 0.000, 1.000, 0.000, 0.000, 0.000]"
348,13.92,13.96,Liz,0.9996278285980225,Liz,[1.000],,[],,[],"[0.000, 0.000, 0.000, 0.000, 1.000, 0.000, 0.000, 0.000]"
349,13.96,14.0,Liz,0.9994041919708252,Liz,[0.999],,[],,[],"[0.000, 0.000, 0.000, 0.000, 0.999, 0.000, 0.000, 0.000]"
350,14.0,14.04,Liz,0.9990293979644775,Liz,[0.999],,[],,[],"[0.000, 0.000, 0.000, 0.000, 0.999, 0.000, 0.000, 0.000]"
351,14.04,14.08,Liz,0.9983927607536316,Liz,[0.998],,[],,[],"[0.000, 0.000, 0.000, 0.000, 0.998, 0.000, 0.000, 0.000]"
352,14.08,14.12,Liz,0.997306227684021,Liz,[0.997],,[],,[],"[0.000, 0.000, 0.000, 0.000, 0.997, 0.000, 0.000, 0.000]"
353,14.12,14.16,Liz,0.9954656958580017,Liz,[0.995],,[],,[],"[0.000, 0.000, 0.000, 0.000, 0.995, 0.000, 0.000, 0.000]"
354,14.16,14.2,Liz,0.992414653301239,Liz,[0.992],,[],,[],"[0.000, 0.000, 0.000, 0.000, 0.992, 0.000, 0.000, 0.000]"
355,14.2,14.24,Liz,0.9875269532203674,Liz,[0.988],,[],,[],"[0.000, 0.000, 0.000, 0.000, 0.988, 0.000, 0.000, 0.000]"
356,14.24,14.28,Liz,0.9800485372543335,Liz,[0.980],,[],,[],"[0.000, 0.000, 0.000, 0.000, 0.980, 0.000, 0.000, 0.000]"
357,14.28,14.32,Liz,0.9692924618721008,Liz,[0.969],,[],,[],"[0.000, 0.000, 0.000, 0.000, 0.969, 0.000, 0.000, 0.000]"
358,14.32,14.36,Liz,0.9550026059150696,Liz,[0.955],,[],,[],"[0.000, 0.000, 0.000, 0.000, 0.955, 0.000, 0.000, 0.000]"
359,14.36,14.4,Liz,0.9376844167709351,Liz,[0.938],,[],,[],"[0.000, 0.000, 0.000, 0.000, 0.938, 0.000, 0.000, 0.000]"
360,14.4,14.44,Liz,0.918759822845459,Liz,[0.919],,[],,[],"[0.000, 0.000, 0.000, 0.000, 0.919, 0.000, 0.000, 0.000]"
361,14.44,14.48,Liz,0.9003386497497559,Liz,[0.900],,[],,[],"[0.000, 0.000, 0.000, 0.000, 0.900, 0.000, 0.000, 0.000]"
362,14.48,14.52,Liz,0.8847705721855164,Liz,[0.885],,[],,[],"[0.000, 0.000, 0.000, 0.000, 0.885, 0.000, 0.000, 0.000]"
363,14.52,14.56,Liz,0.8741101026535034,Liz,[0.874],,[],,[],"[0.000, 0.000, 0.000, 0.000, 0.874, 0.000, 0.000, 0.001]"
364,14.56,14.6,Liz,0.869661808013916,Liz,[0.870],,[],,[],"[0.000, 0.000, 0.000, 0.000, 0.870, 0.000, 0.000, 0.001]"
365,14.6,14.64,Liz,0.8719238638877869,Liz,[0.872],,[],,[],"[0.000, 0.000, 0.000, 0.000, 0.872, 0.000, 0.000, 0.001]"
366,14.64,14.68,Liz,0.880501925945282,Liz,[0.881],,[],,[],"[0.000, 0.000, 0.000, 0.000, 0.881, 0.000, 0.000, 0.001]"
367,14.68,14.72,Liz,0.8940760493278503,Liz,[0.894],,[],,[],"[0.000, 0.000, 0.000, 0.000, 0.894, 0.000, 0.000, 0.001]"
368,14.72,14.76,Liz,0.9107333421707153,Liz,[0.911],,[],,[],"[0.000, 0.000, 0.000, 0.000, 0.911, 0.000, 0.000, 0.001]"
369,14.76,14.8,Liz,0.9284588694572449,Liz,[0.928],,[],,[],"[0.000, 0.000, 0.000, 0.000, 0.928, 0.000, 0.000, 0.001]"
370,14.8,14.84,Liz,0.9455304145812988,Liz,[0.946],,[],,[],"[0.000, 0.000, 0.000, 0.000, 0.946, 0.000, 0.000, 0.001]"
371,14.84,14.88,Liz,0.9606006145477295,Liz,[0.961],,[],,[],"[0.000, 0.000, 0.000, 0.000, 0.961, 0.000, 0.000, 0.001]"
372,14.88,14.92,Liz,0.9728775024414062,Liz,[0.973],,[],,[],"[0.000, 0.000, 0.000, 0.000, 0.973, 0.000, 0.000, 0.001]"
373,14.92,14.96,Liz,0.9821925759315491,Liz,[0.982],,[],,[],"[0.000, 0.000, 0.000, 0.000, 0.982, 0.000, 0.000, 0.000]"
374,14.96,15.0,Liz,0.9888064861297607,Liz,[0.989],,[],,[],"[0.000, 0.000, 0.000, 0.000, 0.989, 0.000, 0.000, 0.000]"
375,15.0,15.04,Liz,0.9932297468185425,Liz,[0.993],,[],,[],"[0.000, 0.000, 0.000, 0.000, 0.993, 0.000, 0.000, 0.000]"
376,15.04,15.08,Liz,0.9960393905639648,Liz,[0.996],,[],,[],"[0.000, 0.000, 0.000, 0.000, 0.996, 0.000, 0.000, 0.000]"
377,15.08,15.12,Liz,0.9977503418922424,Liz,[0.998],,[],,[],"[0.000, 0.000, 0.000, 0.000, 0.998, 0.000, 0.000, 0.000]"
378,15.12,15.16,Liz,0.9987530708312988,Liz,[0.999],,[],,[],"[0.000, 0.000, 0.000, 0.000, 0.999, 0.000, 0.000, 0.000]"
379,15.16,15.2,Liz,0.9993225336074829,Liz,[0.999],,[],,[],"[0.000, 0.000, 0.000, 0.000, 0.999, 0.000, 0.000, 0.000]"
380,15.2,15.24,Liz,0.9996376037597656,Liz,[1.000],,[],,[],"[0.000, 0.000, 0.000, 0.000, 1.000, 0.000, 0.000, 0.000]"
381,15.24,15.28,Liz,0.9998076558113098,Liz,[1.000],,[],,[],"[0.000, 0.000, 0.000, 0.000, 1.000, 0.000, 0.000, 0.000]"
382,15.28,15.32,Liz,0.999897837638855,Liz,[1.000],,[],,[],"[0.000, 0.000, 0.000, 0.000, 1.000, 0.000, 0.000, 0.000]"
383,15.32,15.36,Liz,0.9999454021453857,Liz,[1.000],,[],,[],"[0.000, 0.000, 0.000, 0.000, 1.000, 0.000, 0.000, 0.000]"
384,15.36,15.4,Liz,0.999970555305481,Liz,[1.000],,[],,[],"[0.000, 0.000, 0.000, 0.000, 1.000, 0.000, 0.000, 0.000]"
385,15.4,15.44,Liz,0.9999839067459106,Liz,[1.000],,[],,[],"[0.000, 0.000, 0.000, 0.000, 1.000, 0.000, 0.000, 0.000]"
386,15.44,15.48,Liz,0.9999910593032837,Liz,[1.000],,[],,[],"[0.000, 0.000, 0.000, 0.000, 1.000, 0.000, 0.000, 0.000]"
387,15.48,15.52,Liz,0.9999948740005493,Liz,[1.000],,[],,[],"[0.000, 0.000, 0.000, 0.000, 1.000, 0.000, 0.000, 0.000]"
388,15.52,15.56,Liz,0.9999969005584717,Liz,[1.000],,[],,[],"[0.000, 0.000, 0.000, 0.000, 1.000, 0.000, 0.000, 0.000]"
389,15.56,15.6,Liz,0.9999980926513672,Liz,[1.000],,[],,[],"[0.000, 0.000, 0.000, 0.000, 1.000, 0.000, 0.000, 0.000]"
390,15.6,15.64,Liz,0.9999986886978149,Liz,[1.000],,[],,[],"[0.000, 0.000, 0.000, 0.000, 1.000, 0.000, 0.000, 0.000]"
391,15.64,15.68,Liz,0.9999991655349731,Liz,[1.000],,[],,[],"[0.000, 0.000, 0.000, 0.000, 1.000, 0.000, 0.000, 0.000]"
392,15.68,15.72,Liz,0.9999994039535522,Liz,[1.000],,[],,[],"[0.000, 0.000, 0.000, 0.000, 1.000, 0.000, 0.000, 0.000]"
393,15.72,15.76,Liz,0.9999995231628418,Liz,[1.000],,[],,[],"[0.000, 0.000, 0.000, 0.000, 1.000, 0.000, 0.000, 0.000]"
394,15.76,15.8,Liz,0.9999996423721313,Liz,[1.000],,[],,[],"[0.000, 0.000, 0.000, 0.000, 1.000, 0.000, 0.000, 0.000]"
395,15.8,15.84,Liz,0.9999996423721313,Liz,[1.000],,[],,[],"[0.000, 0.000, 0.000, 0.000, 1.000, 0.000, 0.000, 0.000]"
396,15.84,15.88,Liz,0.9999997615814209,Liz,[1.000],,[],,[],"[0.000, 0.000, 0.000, 0.000, 1.000, 0.000, 0.000, 0.000]"
397,15.88,15.92,Liz,0.9999997615814209,Liz,[1.000],,[],,[],"[0.000, 0.000, 0.000, 0.000, 1.000, 0.000, 0.000, 0.000]"
398,15.92,15.96,Liz,0.9999997615814209,Liz,[1.000],,[],,[],"[0.000, 0.000, 0.000, 0.000, 1.000, 0.000, 0.000, 0.000]"
399,15.96,16.0,Liz,0.9999997615814209,Liz,[1.000],,[],,[],"[0.000, 0.000, 0.000, 0.000, 1.000, 0.000, 0.000, 0.000]"
400,16.0,16.04,Liz,0.9999997615814209,Liz,[1.000],,[],,[],"[0.000, 0.000, 0.000, 0.000, 1.000, 0.000, 0.000, 0.000]"
401,16.04,16.08,Liz,0.9999997615814209,Liz,[1.000],,[],,[],"[0.000, 0.000, 0.000, 0.000, 1.000, 0.000, 0.000, 0.000]"
402,16.08,16.12,Liz,0.9999997615814209,Liz,[1.000],,[],,[],"[0.000, 0.000, 0.000, 0.000, 1.000, 0.000, 0.000, 0.000]"
403,16.12,16.16,Liz,0.9999997615814209,Liz,[1.000],,[],,[],"[0.000, 0.000, 0.000, 0.000, 1.000, 0.000, 0.000, 0.000]"
404,16.16,16.2,Liz,0.9999997615814209,Liz,[1.000],,[],,[],"[0.000, 0.000, 0.000, 0.000, 1.000, 0.000, 0.000, 0.000]"
405,16.2,16.24,Liz,0.9999997615814209,Liz,[1.000],,[],,[],"[0.000, 0.000, 0.000, 0.000, 1.000, 0.000, 0.000, 0.000]"
406,16.24,16.28,Liz,0.9999997615814209,Liz,[1.000],,[],,[],"[0.000, 0.000, 0.000, 0.000, 1.000, 0.000, 0.000, 0.000]"
407,16.28,16.32,Liz,0.9999997615814209,Liz,[1.000],,[],,[],"[0.000, 0.000, 0.000, 0.000, 1.000, 0.000, 0.000, 0.000]"
408,16.32,16.36,Liz,0.9999997615814209,Liz,[1.000],,[],,[],"[0.000, 0.000, 0.000, 0.000, 1.000, 0.000, 0.000, 0.000]"
409,16.36,16.4,Liz,0.9999997615814209,Liz,[1.000],,[],,[],"[0.000, 0.000, 0.000, 0.000, 1.000, 0.000, 0.000, 0.000]"
410,16.4,16.44,Liz,0.9999996423721313,Liz,[1.000],,[],,[],"[0.000, 0.000, 0.000, 0.000, 1.000, 0.000, 0.000, 0.000]"
411,16.44,16.48,Liz,0.9999996423721313,Liz,[1.000],,[],,[],"[0.000, 0.000, 0.000, 0.000, 1.000, 0.000, 0.000, 0.000]"
412,16.48,16.52,Liz,0.9999996423721313,Liz,[1.000],,[],,[],"[0.000, 0.000, 0.000, 0.000, 1.000, 0.000, 0.000, 0.000]"
413,16.52,16.56,Liz,0.9999996423721313,Liz,[1.000],,[],,[],"[0.000, 0.000, 0.000, 0.000, 1.000, 0.000, 0.000, 0.000]"
414,16.56,16.6,Liz,0.9999996423721313,Liz,[1.000],,[],,[],"[0.000, 0.000, 0.000, 0.000, 1.000, 0.000, 0.000, 0.000]"
415,16.6,16.64,Liz,0.9999996423721313,Liz,[1.000],,[],,[],"[0.000, 0.000, 0.000, 0.000, 1.000, 0.000, 0.000, 0.000]"
416,16.64,16.68,Liz,0.9999995231628418,Liz,[1.000],,[],,[],"[0.000, 0.000, 0.000, 0.000, 1.000, 0.000, 0.000, 0.000]"
417,16.68,16.72,Liz,0.9999995231628418,Liz,[1.000],,[],,[],"[0.000, 0.000, 0.000, 0.000, 1.000, 0.000, 0.000, 0.000]"
418,16.72,16.76,Liz,0.9999995231628418,Liz,[1.000],,[],,[],"[0.000, 0.000, 0.000, 0.000, 1.000, 0.000, 0.000, 0.000]"
419,16.76,16.8,Liz,0.9999994039535522,Liz,[1.000],,[],,[],"[0.000, 0.000, 0.000, 0.000, 1.000, 0.000, 0.000, 0.000]"
420,16.8,16.84,Liz,0.9999992847442627,Liz,[1.000],,[],,[],"[0.000, 0.000, 0.000, 0.000, 1.000, 0.000, 0.000, 0.000]"
421,16.84,16.88,Liz,0.9999991655349731,Liz,[1.000],,[],,[],"[0.000, 0.000, 0.000, 0.000, 1.000, 0.000, 0.000, 0.000]"
422,16.88,16.92,Liz,0.999998927116394,Liz,[1.000],,[],,[],"[0.000, 0.000, 0.000, 0.000, 1.000, 0.000, 0.000, 0.000]"
423,16.92,16.96,Liz,0.9999988079071045,Liz,[1.000],,[],,[],"[0.000, 0.000, 0.000, 0.000, 1.000, 0.000, 0.000, 0.000]"
424,16.96,17.0,Liz,0.9999984502792358,Liz,[1.000],,[],,[],"[0.000, 0.000, 0.000, 0.000, 1.000, 0.000, 0.000, 0.000]"
425,17.0,17.04,Liz,0.9999982118606567,Liz,[1.000],,[],,[],"[0.000, 0.000, 0.000, 0.000, 1.000, 0.000, 0.000, 0.000]"
426,17.04,17.08,Liz,0.9999977350234985,Liz,[1.000],,[],,[],"[0.000, 0.000, 0.000, 0.000, 1.000, 0.000, 0.000, 0.000]"
427,17.08,17.12,Liz,0.9999972581863403,Liz,[1.000],,[],,[],"[0.000, 0.000, 0.000, 0.000, 1.000, 0.000, 0.000, 0.000]"
428,17.12,17.16,Liz,0.9999966621398926,Liz,[1.000],,[],,[],"[0.000, 0.000, 0.000, 0.000, 1.000, 0.000, 0.000, 0.000]"
429,17.16,17.2,Liz,0.9999959468841553,Liz,[1.000],,[],,[],"[0.000, 0.000, 0.000, 0.000, 1.000, 0.000, 0.000, 0.000]"
430,17.2,17.24,Liz,0.9999951124191284,Liz,[1.000],,[],,[],"[0.000, 0.000, 0.000, 0.000, 1.000, 0.000, 0.000, 0.000]"
431,17.24,17.28,Liz,0.999994158744812,Liz,[1.000],,[],,[],"[0.000, 0.000, 0.000, 0.000, 1.000, 0.000, 0.000, 0.000]"
432,17.28,17.32,Liz,0.999993085861206,Liz,[1.000],,[],,[],"[0.000, 0.000, 0.000, 0.000, 1.000, 0.000, 0.000, 0.000]"
433,17.32,17.36,Liz,0.9999920129776001,Liz,[1.000],,[],,[],"[0.000, 0.000, 0.000, 0.000, 1.000, 0.000, 0.000, 0.000]"
434,17.36,17.4,Liz,0.999990701675415,Liz,[1.000],,[],,[],"[0.000, 0.000, 0.000, 0.000, 1.000, 0.000, 0.000, 0.000]"
435,17.4,17.44,Liz,0.9999892711639404,Liz,[1.000],,[],,[],"[0.000, 0.000, 0.000, 0.000, 1.000, 0.000, 0.000, 0.000]"
436,17.44,17.48,Liz,0.9999878406524658,Liz,[1.000],,[],,[],"[0.000, 0.000, 0.000, 0.000, 1.000, 0.000, 0.000, 0.000]"
437,17.48,17.52,Liz,0.9999864101409912,Liz,[1.000],,[],,[],"[0.000, 0.000, 0.000, 0.000, 1.000, 0.000, 0.000, 0.000]"
438,17.52,17.56,Liz,0.9999849796295166,Liz,[1.000],,[],,[],"[0.000, 0.000, 0.000, 0.000, 1.000, 0.000, 0.000, 0.000]"
439,17.56,17.6,Liz,0.9999837875366211,Liz,[1.000],,[],,[],"[0.000, 0.000, 0.000, 0.000, 1.000, 0.000, 0.000, 0.000]"
440,17.6,17.64,Liz,0.9999827146530151,Liz,[1.000],,[],,[],"[0.000, 0.000, 0.000, 0.000, 1.000, 0.000, 0.000, 0.000]"
441,17.64,17.68,Liz,0.9999819993972778,Liz,[1.000],,[],,[],"[0.000, 0.000, 0.000, 0.000, 1.000, 0.000, 0.000, 0.000]"
442,17.68,17.72,Liz,0.9999816417694092,Liz,[1.000],,[],,[],"[0.000, 0.000, 0.000, 0.000, 1.000, 0.000, 0.000, 0.000]"
443,17.72,17.76,Liz,0.9999818801879883,Liz,[1.000],,[],,[],"[0.000, 0.000, 0.000, 0.000, 1.000, 0.000, 0.000, 0.000]"
444,17.76,17.8,Liz,0.999982476234436,Liz,[1.000],,[],,[],"[0.000, 0.000, 0.000, 0.000, 1.000, 0.000, 0.000, 0.000]"
445,17.8,17.84,Liz,0.999983549118042,Liz,[1.000],,[],,[],"[0.000, 0.000, 0.000, 0.000, 1.000, 0.000, 0.000, 0.000]"
446,17.84,17.88,Liz,0.999984860420227,Liz,[1.000],,[],,[],"[0.000, 0.000, 0.000, 0.000, 1.000, 0.000, 0.000, 0.000]"
447,17.88,17.92,Liz,0.9999862909317017,Liz,[1.000],,[],,[],"[0.000, 0.000, 0.000, 0.000, 1.000, 0.000, 0.000, 0.000]"
448,17.92,17.96,Liz,0.9999878406524658,Liz,[1.000],,[],,[],"[0.000, 0.000, 0.000, 0.000, 1.000, 0.000, 0.000, 0.000]"
449,17.96,18.0,Liz,0.99998939037323,Liz,[1.000],,[],,[],"[0.000, 0.000, 0.000, 0.000, 1.000, 0.000, 0.000, 0.000]"
450,18.0,18.04,Liz,0.9999909400939941,Liz,[1.000],,[],,[],"[0.000, 0.000, 0.000, 0.000, 1.000, 0.000, 0.000, 0.000]"
451,18.04,18.08,Liz,0.9999923706054688,Liz,[1.000],,[],,[],"[0.000, 0.000, 0.000, 0.000, 1.000, 0.000, 0.000, 0.000]"
452,18.08,18.12,Liz,0.9999935626983643,Liz,[1.000],,[],,[],"[0.000, 0.000, 0.000, 0.000, 1.000, 0.000, 0.000, 0.000]"
453,18.12,18.16,Liz,0.9999947547912598,Liz,[1.000],,[],,[],"[0.000, 0.000, 0.000, 0.000, 1.000, 0.000, 0.000, 0.000]"
454,18.16,18.2,Liz,0.9999957084655762,Liz,[1.000],,[],,[],"[0.000, 0.000, 0.000, 0.000, 1.000, 0.000, 0.000, 0.000]"
455,18.2,18.24,Liz,0.9999964237213135,Liz,[1.000],,[],,[],"[0.000, 0.000, 0.000, 0.000, 1.000, 0.000, 0.000, 0.000]"
456,18.24,18.28,Liz,0.9999970197677612,Liz,[1.000],,[],,[],"[0.000, 0.000, 0.000, 0.000, 1.000, 0.000, 0.000, 0.000]"
457,18.28,18.32,Liz,0.9999974966049194,Liz,[1.000],,[],,[],"[0.000, 0.000, 0.000, 0.000, 1.000, 0.000, 0.000, 0.000]"
458,18.32,18.36,Liz,0.9999978542327881,Liz,[1.000],,[],,[],"[0.000, 0.000, 0.000, 0.000, 1.000, 0.000, 0.000, 0.000]"
459,18.36,18.4,Liz,0.9999982118606567,Liz,[1.000],,[],,[],"[0.000, 0.000, 0.000, 0.000, 1.000, 0.000, 0.000, 0.000]"
460,18.4,18.44,Liz,0.9999984502792358,Liz,[1.000],,[],Yujin,[0.788],"[0.000, 0.000, 0.000, 0.000, 1.000, 0.000, 0.000, 0.000]"
461,18.44,18.48,Liz,0.9999985694885254,Liz,[1.000],,[],Yujin,[0.929],"[0.000, 0.000, 0.000, 0.000, 1.000, 0.000, 0.000, 0.000]"
462,18.48,18.52,Liz,0.9999985694885254,Liz,[1.000],,[],Yujin,[0.977],"[0.000, 0.000, 0.000, 0.000, 1.000, 0.000, 0.000, 0.000]"
463,18.52,18.56,Liz,0.9999986886978149,Liz,[1.000],,[],Yujin,[0.992],"[0.000, 0.000, 0.000, 0.000, 1.000, 0.000, 0.000, 0.000]"
464,18.56,18.6,Liz,0.9999986886978149,Liz,[1.000],,[],Yujin,[0.997],"[0.000, 0.000, 0.000, 0.000, 1.000, 0.000, 0.000, 0.000]"
465,18.6,18.64,Liz,0.9999986886978149,Liz,[1.000],,[],Yujin,[0.999],"[0.000, 0.000, 0.000, 0.000, 1.000, 0.000, 0.000, 0.000]"
466,18.64,18.68,Liz,0.9999986886978149,Liz,[1.000],,[],Yujin,[1.000],"[0.000, 0.000, 0.000, 0.000, 1.000, 0.000, 0.000, 0.000]"
467,18.68,18.72,Liz,0.9999985694885254,Liz,[1.000],,[],Yujin,[1.000],"[0.000, 0.000, 0.000, 0.000, 1.000, 0.000, 0.000, 0.000]"
468,18.72,18.76,Liz,0.9999984502792358,Liz,[1.000],,[],Yujin,[1.000],"[0.000, 0.000, 0.000, 0.000, 1.000, 0.000, 0.000, 0.000]"
469,18.76,18.8,Liz,0.9999982118606567,Liz,[1.000],,[],Yujin,[1.000],"[0.000, 0.000, 0.000, 0.000, 1.000, 0.000, 0.000, 0.000]"
470,18.8,18.84,Liz,0.9999977350234985,Liz,[1.000],,[],Yujin,[1.000],"[0.000, 0.000, 0.000, 0.000, 1.000, 0.000, 0.000, 0.000]"
471,18.84,18.88,Liz,0.9999971389770508,Liz,[1.000],,[],Yujin,[1.000],"[0.000, 0.000, 0.000, 0.000, 1.000, 0.000, 0.000, 0.000]"
472,18.88,18.92,Liz,0.9999959468841553,Liz,[1.000],,[],Yujin,[1.000],"[0.000, 0.000, 0.000, 0.000, 1.000, 0.000, 0.000, 0.000]"
473,18.92,18.96,Liz,0.9999940395355225,Liz,[1.000],,[],Yujin,[1.000],"[0.000, 0.001, 0.000, 0.000, 1.000, 0.000, 0.000, 0.000]"
474,18.96,19.0,Liz,0.9999902248382568,Liz,[1.000],,[],Yujin,[1.000],"[0.000, 0.001, 0.000, 0.000, 1.000, 0.000, 0.000, 0.000]"
475,19.0,19.04,Liz,0.9999830722808838,Liz,[1.000],,[],Yujin,[1.000],"[0.000, 0.003, 0.000, 0.000, 1.000, 0.000, 0.000, 0.000]"
476,19.04,19.08,Liz,0.9999680519104004,Liz,[1.000],,[],Yujin,[1.000],"[0.000, 0.006, 0.000, 0.000, 1.000, 0.000, 0.000, 0.000]"
477,19.08,19.12,Liz,0.9999351501464844,Liz,[1.000],,[],Yujin,[1.000],"[0.000, 0.012, 0.000, 0.000, 1.000, 0.000, 0.000, 0.000]"
478,19.12,19.16,Liz,0.9998592138290405,Liz,[1.000],,[],Yujin,[1.000],"[0.000, 0.023, 0.000, 0.000, 1.000, 0.000, 0.000, 0.000]"
479,19.16,19.2,Liz,0.9996739625930786,Liz,[1.000],,[],Yujin,[1.000],"[0.000, 0.044, 0.000, 0.000, 1.000, 0.000, 0.000, 0.000]"
480,19.2,19.24,Liz,0.9991967082023621,Liz,[0.999],,[],Yujin,[1.000],"[0.000, 0.081, 0.000, 0.000, 0.999, 0.000, 0.000, 0.000]"
481,19.24,19.28,Liz,0.9979070425033569,Liz,[0.998],,[],Yujin,[1.000],"[0.000, 0.139, 0.000, 0.000, 0.998, 0.000, 0.000, 0.000]"
482,19.28,19.32,Liz,0.994274914264679,Liz,[0.994],,[],Yujin,[1.000],"[0.000, 0.224, 0.000, 0.000, 0.994, 0.000, 0.000, 0.000]"
483,19.32,19.36,Liz,0.9837526082992554,Liz,[0.984],,[],Yujin,[1.000],"[0.000, 0.329, 0.000, 0.000, 0.984, 0.000, 0.000, 0.000]"
484,19.36,19.4,Liz,0.9532222151756287,Liz,[0.953],,[],Yujin,[1.000],"[0.000, 0.441, 0.000, 0.000, 0.953, 0.000, 0.000, 0.000]"
485,19.4,19.44,Liz,0.86980140209198,Yujin|Liz,"[0.544, 0.870]",,[],Yujin,[1.000],"[0.000, 0.544, 0.000, 0.000, 0.870, 0.000, 0.000, 0.000]"
486,19.44,19.48,Liz,0.6828284859657288,Yujin|Liz,"[0.628, 0.683]",,[],Yujin,[1.000],"[0.000, 0.628, 0.000, 0.000, 0.683, 0.000, 0.000, 0.000]"
487,19.48,19.52,Yujin,0.6888605952262878,Yujin,[0.689],,[],Yujin,[1.000],"[0.000, 0.689, 0.000, 0.000, 0.408, 0.000, 0.000, 0.000]"
488,19.52,19.56,Yujin,0.7291029095649719,Yujin,[0.729],,[],Yujin,[1.000],"[0.000, 0.729, 0.000, 0.000, 0.181, 0.000, 0.000, 0.000]"
489,19.56,19.6,Yujin,0.7512839436531067,Yujin,[0.751],,[],Yujin,[1.000],"[0.000, 0.751, 0.000, 0.000, 0.067, 0.000, 0.000, 0.000]"
490,19.6,19.64,Yujin,0.7575993537902832,Yujin,[0.758],,[],Yujin,[1.000],"[0.000, 0.758, 0.000, 0.000, 0.023, 0.000, 0.000, 0.000]"
491,19.64,19.68,Yujin,0.7488840818405151,Yujin,[0.749],,[],Yujin,[1.000],"[0.000, 0.749, 0.000, 0.000, 0.008, 0.000, 0.000, 0.000]"
492,19.68,19.72,Yujin,0.7242522239685059,Yujin,[0.724],,[],Yujin,[1.000],"[0.000, 0.724, 0.000, 0.000, 0.003, 0.000, 0.000, 0.000]"
493,19.72,19.76,Yujin,0.6813309192657471,Yujin,[0.681],,[],Yujin,[1.000],"[0.000, 0.681, 0.000, 0.000, 0.001, 0.000, 0.000, 0.000]"
494,19.76,19.8,Yujin,0.6173126697540283,Yujin,[0.617],,[],Yujin,[1.000],"[0.000, 0.617, 0.000, 0.001, 0.000, 0.000, 0.000, 0.000]"
495,19.8,19.84,Yujin,0.5311874747276306,Yujin,[0.531],,[],Yujin,[1.000],"[0.000, 0.531, 0.000, 0.002, 0.000, 0.000, 0.000, 0.000]"
496,19.84,19.88,silence,5.230166152614402e-06,,[],,[],Yujin,[1.000],"[0.000, 0.427, 0.000, 0.010, 0.000, 0.000, 0.000, 0.000]"
497,19.88,19.92,silence,3.88187845601351e-06,,[],,[],Yujin,[1.000],"[0.000, 0.315, 0.000, 0.040, 0.000, 0.000, 0.000, 0.000]"
498,19.92,19.96,silence,2.7895723633264424e-06,,[],,[],Yujin,[1.000],"[0.000, 0.213, 0.000, 0.151, 0.000, 0.000, 0.000, 0.000]"
499,19.96,20.0,silence,1.95300731320458e-06,,[],,[],Yujin,[1.000],"[0.000, 0.131, 0.000, 0.425, 0.000, 0.000, 0.000, 0.000]"
500,20.0,20.04,Wonyoung,0.7499492168426514,Wonyoung,[0.750],,[],Yujin,[1.000],"[0.000, 0.075, 0.000, 0.750, 0.000, 0.000, 0.000, 0.000]"
501,20.04,20.08,Wonyoung,0.9216264486312866,Wonyoung,[0.922],,[],Yujin,[1.000],"[0.000, 0.041, 0.000, 0.922, 0.000, 0.000, 0.000, 0.000]"
502,20.08,20.12,Wonyoung,0.9779534339904785,Wonyoung,[0.978],,[],Yujin,[1.000],"[0.000, 0.021, 0.000, 0.978, 0.000, 0.000, 0.000, 0.000]"
503,20.12,20.16,Wonyoung,0.993802547454834,Wonyoung,[0.994],,[],Yujin,[1.000],"[0.000, 0.011, 0.000, 0.994, 0.000, 0.000, 0.000, 0.000]"
504,20.16,20.2,Wonyoung,0.9981920123100281,Wonyoung,[0.998],,[],Yujin,[1.000],"[0.000, 0.005, 0.000, 0.998, 0.000, 0.000, 0.000, 0.000]"
505,20.2,20.24,Wonyoung,0.9994437098503113,Wonyoung,[0.999],,[],Yujin,[1.000],"[0.000, 0.003, 0.000, 0.999, 0.000, 0.000, 0.000, 0.000]"
506,20.24,20.28,Wonyoung,0.9998177886009216,Wonyoung,[1.000],,[],Yujin,[1.000],"[0.000, 0.001, 0.000, 1.000, 0.000, 0.000, 0.000, 0.000]"
507,20.28,20.32,Wonyoung,0.9999361038208008,Wonyoung,[1.000],,[],Yujin,[1.000],"[0.000, 0.001, 0.000, 1.000, 0.000, 0.000, 0.000, 0.000]"
508,20.32,20.36,Wonyoung,0.9999758005142212,Wonyoung,[1.000],,[],Yujin,[1.000],"[0.000, 0.000, 0.000, 1.000, 0.000, 0.000, 0.000, 0.000]"
509,20.36,20.4,Wonyoung,0.9999901056289673,Wonyoung,[1.000],,[],Yujin,[1.000],"[0.000, 0.000, 0.000, 1.000, 0.000, 0.000, 0.000, 0.000]"
510,20.4,20.44,Wonyoung,0.9999955892562866,Wonyoung,[1.000],,[],Yujin,[1.000],"[0.000, 0.000, 0.000, 1.000, 0.000, 0.000, 0.000, 0.000]"
511,20.44,20.48,Wonyoung,0.9999978542327881,Wonyoung,[1.000],,[],Yujin,[1.000],"[0.000, 0.000, 0.000, 1.000, 0.000, 0.000, 0.000, 0.000]"
512,20.48,20.52,Wonyoung,0.9999988079071045,Wonyoung,[1.000],,[],Yujin,[1.000],"[0.000, 0.000, 0.000, 1.000, 0.000, 0.000, 0.000, 0.000]"
513,20.52,20.56,Wonyoung,0.9999992847442627,Wonyoung,[1.000],,[],Yujin,[0.999],"[0.000, 0.000, 0.000, 1.000, 0.000, 0.000, 0.000, 0.000]"
514,20.56,20.6,Wonyoung,0.9999995231628418,Wonyoung,[1.000],,[],Yujin,[0.999],"[0.000, 0.000, 0.000, 1.000, 0.000, 0.000, 0.000, 0.000]"
515,20.6,20.64,Wonyoung,0.9999996423721313,Wonyoung,[1.000],,[],Yujin,[0.996],"[0.000, 0.000, 0.000, 1.000, 0.000, 0.000, 0.000, 0.000]"
516,20.64,20.68,Wonyoung,0.9999997615814209,Wonyoung,[1.000],,[],Yujin,[0.988],"[0.000, 0.000, 0.000, 1.000, 0.000, 0.000, 0.000, 0.000]"
517,20.68,20.72,Wonyoung,0.9999997615814209,Wonyoung,[1.000],,[],Yujin,[0.963],"[0.000, 0.000, 0.000, 1.000, 0.000, 0.000, 0.000, 0.000]"
518,20.72,20.76,Wonyoung,0.9999997615814209,Wonyoung,[1.000],,[],Yujin,[0.878],"[0.000, 0.000, 0.000, 1.000, 0.000, 0.000, 0.000, 0.000]"
519,20.76,20.8,Wonyoung,0.9999997615814209,Wonyoung,[1.000],,[],Yujin,[0.654],"[0.000, 0.000, 0.000, 1.000, 0.000, 0.000, 0.000, 0.000]"
520,20.8,20.84,Wonyoung,0.9999997615814209,Wonyoung,[1.000],,[],,[],"[0.000, 0.000, 0.000, 1.000, 0.000, 0.000, 0.000, 0.000]"
521,20.84,20.88,Wonyoung,0.9999997615814209,Wonyoung,[1.000],,[],,[],"[0.000, 0.000, 0.000, 1.000, 0.000, 0.000, 0.000, 0.000]"
522,20.88,20.92,Wonyoung,0.9999996423721313,Wonyoung,[1.000],,[],,[],"[0.000, 0.000, 0.000, 1.000, 0.000, 0.000, 0.000, 0.000]"
523,20.92,20.96,Wonyoung,0.9999996423721313,Wonyoung,[1.000],,[],,[],"[0.000, 0.000, 0.000, 1.000, 0.000, 0.000, 0.000, 0.000]"
524,20.96,21.0,Wonyoung,0.9999995231628418,Wonyoung,[1.000],,[],,[],"[0.000, 0.000, 0.000, 1.000, 0.000, 0.000, 0.000, 0.000]"
525,21.0,21.04,Wonyoung,0.9999992847442627,Wonyoung,[1.000],,[],,[],"[0.000, 0.000, 0.000, 1.000, 0.000, 0.000, 0.000, 0.000]"
526,21.04,21.08,Wonyoung,0.9999990463256836,Wonyoung,[1.000],,[],,[],"[0.000, 0.000, 0.000, 1.000, 0.000, 0.000, 0.000, 0.000]"
527,21.08,21.12,Wonyoung,0.9999986886978149,Wonyoung,[1.000],,[],,[],"[0.000, 0.000, 0.000, 1.000, 0.000, 0.000, 0.000, 0.000]"
528,21.12,21.16,Wonyoung,0.9999982118606567,Wonyoung,[1.000],,[],,[],"[0.000, 0.000, 0.000, 1.000, 0.000, 0.000, 0.000, 0.000]"
529,21.16,21.2,Wonyoung,0.9999974966049194,Wonyoung,[1.000],,[],,[],"[0.000, 0.000, 0.000, 1.000, 0.000, 0.000, 0.000, 0.000]"
530,21.2,21.24,Wonyoung,0.9999966621398926,Wonyoung,[1.000],,[],,[],"[0.000, 0.000, 0.000, 1.000, 0.000, 0.000, 0.000, 0.000]"
531,21.24,21.28,Wonyoung,0.9999955892562866,Wonyoung,[1.000],,[],,[],"[0.000, 0.000, 0.000, 1.000, 0.000, 0.000, 0.000, 0.000]"
532,21.28,21.32,Wonyoung,0.999994158744812,Wonyoung,[1.000],,[],,[],"[0.000, 0.000, 0.000, 1.000, 0.000, 0.000, 0.000, 0.000]"
533,21.32,21.36,Wonyoung,0.9999923706054688,Wonyoung,[1.000],,[],,[],"[0.000, 0.000, 0.000, 1.000, 0.000, 0.000, 0.000, 0.000]"
534,21.36,21.4,Wonyoung,0.9999901056289673,Wonyoung,[1.000],,[],,[],"[0.000, 0.000, 0.000, 1.000, 0.000, 0.000, 0.000, 0.000]"
535,21.4,21.44,Wonyoung,0.999987006187439,Wonyoung,[1.000],,[],,[],"[0.000, 0.000, 0.000, 1.000, 0.000, 0.000, 0.000, 0.000]"
536,21.44,21.48,Wonyoung,0.9999828338623047,Wonyoung,[1.000],,[],,[],"[0.000, 0.000, 0.000, 1.000, 0.001, 0.000, 0.000, 0.000]"
537,21.48,21.52,Wonyoung,0.9999772310256958,Wonyoung,[1.000],,[],,[],"[0.000, 0.000, 0.000, 1.000, 0.001, 0.000, 0.000, 0.000]"
538,21.52,21.56,Wonyoung,0.999969482421875,Wonyoung,[1.000],,[],,[],"[0.000, 0.000, 0.000, 1.000, 0.001, 0.000, 0.000, 0.000]"
539,21.56,21.6,Wonyoung,0.999958872795105,Wonyoung,[1.000],,[],,[],"[0.000, 0.000, 0.000, 1.000, 0.001, 0.000, 0.000, 0.000]"
540,21.6,21.64,Wonyoung,0.9999444484710693,Wonyoung,[1.000],,[],,[],"[0.000, 0.000, 0.000, 1.000, 0.001, 0.000, 0.000, 0.000]"
541,21.64,21.68,Wonyoung,0.9999245405197144,Wonyoung,[1.000],Liz,"[0.000, 0.000, 0.000, 0.000, 0.483, 0.000, 0.000]",,[],"[0.000, 0.000, 0.000, 1.000, 0.000, 0.000, 0.000, 0.000]"
542,21.68,21.72,Wonyoung,0.9998974800109863,Wonyoung,[1.000],Liz,"[0.000, 0.000, 0.000, 0.000, 0.558, 0.000, 0.000]",,[],"[0.000, 0.000, 0.000, 1.000, 0.000, 0.000, 0.000, 0.000]"
543,21.72,21.76,Wonyoung,0.9998610019683838,Wonyoung,[1.000],Liz,"[0.000, 0.000, 0.000, 0.000, 0.625, 0.000, 0.000]",,[],"[0.000, 0.000, 0.000, 1.000, 0.000, 0.000, 0.000, 0.000]"
544,21.76,21.8,Wonyoung,0.9998121857643127,Wonyoung,[1.000],Liz,"[0.000, 0.000, 0.000, 0.000, 0.682, 0.000, 0.000]",,[],"[0.000, 0.000, 0.000, 1.000, 0.000, 0.000, 0.000, 0.000]"
545,21.8,21.84,Wonyoung,0.9997485280036926,Wonyoung,[1.000],Liz,"[0.000, 0.000, 0.000, 0.000, 0.726, 0.000, 0.000]",,[],"[0.000, 0.000, 0.000, 1.000, 0.000, 0.000, 0.000, 0.000]"
546,21.84,21.88,Wonyoung,0.9996683597564697,Wonyoung,[1.000],Liz,"[0.000, 0.000, 0.000, 0.000, 0.758, 0.000, 0.000]",,[],"[0.000, 0.000, 0.000, 1.000, 0.000, 0.000, 0.000, 0.000]"
547,21.88,21.92,Wonyoung,0.9995710253715515,Wonyoung,[1.000],Liz,"[0.000, 0.000, 0.000, 0.000, 0.781, 0.000, 0.000]",,[],"[0.000, 0.000, 0.000, 1.000, 0.000, 0.000, 0.000, 0.000]"
548,21.92,21.96,Wonyoung,0.999457061290741,Wonyoung,[0.999],Liz,"[0.000, 0.000, 0.000, 0.000, 0.797, 0.000, 0.000]",,[],"[0.000, 0.000, 0.000, 0.999, 0.000, 0.000, 0.000, 0.000]"
549,21.96,22.0,Wonyoung,0.9993294477462769,Wonyoung,[0.999],Liz,"[0.000, 0.000, 0.000, 0.000, 0.806, 0.000, 0.000]",,[],"[0.000, 0.000, 0.000, 0.999, 0.000, 0.000, 0.000, 0.000]"
550,22.0,22.04,Wonyoung,0.9991949200630188,Wonyoung,[0.999],Liz,"[0.000, 0.000, 0.000, 0.000, 0.809, 0.000, 0.000]",,[],"[0.000, 0.000, 0.000, 0.999, 0.000, 0.000, 0.000, 0.000]"
551,22.04,22.08,Wonyoung,0.9990645051002502,Wonyoung,[0.999],Liz,"[0.000, 0.000, 0.000, 0.000, 0.808, 0.000, 0.000]",,[],"[0.000, 0.000, 0.000, 0.999, 0.000, 0.000, 0.000, 0.000]"
552,22.08,22.12,Wonyoung,0.9989503026008606,Wonyoung,[0.999],Liz,"[0.000, 0.000, 0.000, 0.000, 0.801, 0.000, 0.000]",,[],"[0.000, 0.000, 0.000, 0.999, 0.000, 0.000, 0.000, 0.000]"
553,22.12,22.16,Wonyoung,0.9988644123077393,Wonyoung,[0.999],Liz,"[0.000, 0.000, 0.000, 0.000, 0.790, 0.000, 0.000]",,[],"[0.000, 0.000, 0.000, 0.999, 0.000, 0.000, 0.000, 0.000]"
554,22.16,22.2,Wonyoung,0.9988160133361816,Wonyoung,[0.999],Liz,"[0.000, 0.000, 0.000, 0.000, 0.775, 0.000, 0.000]",,[],"[0.000, 0.000, 0.000, 0.999, 0.000, 0.000, 0.000, 0.000]"
555,22.2,22.24,Wonyoung,0.9988092184066772,Wonyoung,[0.999],Liz,"[0.000, 0.000, 0.000, 0.000, 0.759, 0.000, 0.000]",,[],"[0.000, 0.000, 0.000, 0.999, 0.000, 0.000, 0.000, 0.000]"
556,22.24,22.28,Wonyoung,0.9988439083099365,Wonyoung,[0.999],Liz,"[0.000, 0.000, 0.000, 0.000, 0.742, 0.000, 0.000]",,[],"[0.000, 0.000, 0.000, 0.999, 0.000, 0.000, 0.000, 0.000]"
557,22.28,22.32,Wonyoung,0.9989160299301147,Wonyoung,[0.999],Liz,"[0.000, 0.000, 0.000, 0.000, 0.725, 0.000, 0.000]",,[],"[0.000, 0.000, 0.000, 0.999, 0.000, 0.000, 0.000, 0.000]"
558,22.32,22.36,Wonyoung,0.9990166425704956,Wonyoung,[0.999],Liz,"[0.000, 0.000, 0.000, 0.000, 0.710, 0.000, 0.000]",,[],"[0.000, 0.000, 0.000, 0.999, 0.000, 0.000, 0.000, 0.000]"
559,22.36,22.4,Wonyoung,0.9991362690925598,Wonyoung,[0.999],Liz,"[0.000, 0.000, 0.000, 0.000, 0.698, 0.000, 0.000]",,[],"[0.000, 0.000, 0.000, 0.999, 0.000, 0.000, 0.000, 0.000]"
560,22.4,22.44,Wonyoung,0.9992645382881165,Wonyoung,[0.999],Liz,"[0.000, 0.000, 0.000, 0.000, 0.691, 0.000, 0.000]",,[],"[0.000, 0.000, 0.000, 0.999, 0.000, 0.000, 0.000, 0.000]"
561,22.44,22.48,Wonyoung,0.9993916749954224,Wonyoung,[0.999],Liz,"[0.000, 0.000, 0.000, 0.000, 0.690, 0.000, 0.000]",,[],"[0.000, 0.000, 0.000, 0.999, 0.000, 0.000, 0.000, 0.000]"
562,22.48,22.52,Wonyoung,0.9995098114013672,Wonyoung,[1.000],Liz,"[0.000, 0.000, 0.000, 0.000, 0.693, 0.000, 0.000]",,[],"[0.000, 0.000, 0.000, 1.000, 0.000, 0.000, 0.000, 0.000]"
563,22.52,22.56,Wonyoung,0.9996140599250793,Wonyoung,[1.000],Liz,"[0.000, 0.000, 0.000, 0.000, 0.702, 0.000, 0.000]",,[],"[0.000, 0.000, 0.000, 1.000, 0.000, 0.000, 0.000, 0.000]"
564,22.56,22.6,Wonyoung,0.9997028708457947,Wonyoung,[1.000],Liz,"[0.000, 0.000, 0.000, 0.000, 0.718, 0.000, 0.000]",,[],"[0.000, 0.000, 0.000, 1.000, 0.000, 0.000, 0.000, 0.000]"
565,22.6,22.64,Wonyoung,0.9997760653495789,Wonyoung,[1.000],Liz,"[0.000, 0.000, 0.000, 0.000, 0.739, 0.000, 0.000]",,[],"[0.000, 0.000, 0.000, 1.000, 0.000, 0.000, 0.000, 0.000]"
566,22.64,22.68,Wonyoung,0.9998345375061035,Wonyoung,[1.000],Liz,"[0.000, 0.000, 0.000, 0.000, 0.764, 0.000, 0.000]",,[],"[0.000, 0.000, 0.000, 1.000, 0.000, 0.000, 0.000, 0.000]"
567,22.68,22.72,Wonyoung,0.9998798370361328,Wonyoung,[1.000],Liz,"[0.000, 0.000, 0.000, 0.000, 0.792, 0.000, 0.000]",,[],"[0.000, 0.000, 0.000, 1.000, 0.000, 0.000, 0.000, 0.000]"
568,22.72,22.76,Wonyoung,0.9999141693115234,Wonyoung,[1.000],Liz,"[0.000, 0.000, 0.000, 0.000, 0.821, 0.000, 0.000]",,[],"[0.000, 0.000, 0.000, 1.000, 0.000, 0.000, 0.000, 0.000]"
569,22.76,22.8,Wonyoung,0.9999393224716187,Wonyoung,[1.000],Liz,"[0.000, 0.000, 0.000, 0.000, 0.848, 0.000, 0.000]",,[],"[0.000, 0.000, 0.000, 1.000, 0.000, 0.000, 0.000, 0.000]"
570,22.8,22.84,Wonyoung,0.9999573230743408,Wonyoung,[1.000],Liz,"[0.000, 0.000, 0.000, 0.001, 0.872, 0.000, 0.000]",,[],"[0.000, 0.000, 0.000, 1.000, 0.000, 0.000, 0.000, 0.000]"
571,22.84,22.88,Wonyoung,0.9999698400497437,Wonyoung,[1.000],Liz,"[0.000, 0.000, 0.000, 0.001, 0.894, 0.000, 0.000]",,[],"[0.000, 0.000, 0.000, 1.000, 0.000, 0.000, 0.000, 0.000]"
572,22.88,22.92,Wonyoung,0.9999784231185913,Wonyoung,[1.000],Liz,"[0.000, 0.000, 0.000, 0.002, 0.912, 0.000, 0.000]",,[],"[0.000, 0.000, 0.000, 1.000, 0.000, 0.000, 0.000, 0.000]"
573,22.92,22.96,Wonyoung,0.9999843835830688,Wonyoung,[1.000],Liz,"[0.000, 0.000, 0.000, 0.004, 0.927, 0.000, 0.000]",,[],"[0.000, 0.000, 0.000, 1.000, 0.000, 0.000, 0.000, 0.000]"
574,22.96,23.0,Wonyoung,0.999988317489624,Wonyoung,[1.000],Liz,"[0.000, 0.000, 0.000, 0.005, 0.939, 0.000, 0.000]",,[],"[0.000, 0.000, 0.000, 1.000, 0.000, 0.000, 0.000, 0.000]"
575,23.0,23.04,Wonyoung,0.9999909400939941,Wonyoung,[1.000],Liz,"[0.000, 0.000, 0.000, 0.007, 0.948, 0.000, 0.000]",,[],"[0.000, 0.000, 0.000, 1.000, 0.000, 0.000, 0.000, 0.000]"
576,23.04,23.08,Wonyoung,0.999992847442627,Wonyoung,[1.000],Liz,"[0.000, 0.000, 0.000, 0.010, 0.955, 0.000, 0.000]",,[],"[0.000, 0.000, 0.000, 1.000, 0.000, 0.000, 0.000, 0.000]"
577,23.08,23.12,Wonyoung,0.9999940395355225,Wonyoung,[1.000],Liz,"[0.000, 0.000, 0.000, 0.012, 0.961, 0.000, 0.000]",,[],"[0.000, 0.000, 0.000, 1.000, 0.000, 0.000, 0.000, 0.000]"
578,23.12,23.16,Wonyoung,0.9999948740005493,Wonyoung,[1.000],Liz,"[0.000, 0.000, 0.000, 0.014, 0.965, 0.000, 0.000]",,[],"[0.000, 0.000, 0.000, 1.000, 0.000, 0.000, 0.000, 0.000]"
579,23.16,23.2,Wonyoung,0.9999953508377075,Wonyoung,[1.000],Liz,"[0.000, 0.000, 0.000, 0.016, 0.968, 0.000, 0.000]",,[],"[0.000, 0.000, 0.000, 1.000, 0.000, 0.000, 0.000, 0.000]"
580,23.2,23.24,Wonyoung,0.9999955892562866,Wonyoung,[1.000],Liz,"[0.000, 0.000, 0.000, 0.017, 0.970, 0.000, 0.000]",,[],"[0.000, 0.000, 0.000, 1.000, 0.000, 0.000, 0.000, 0.000]"
581,23.24,23.28,Wonyoung,0.9999954700469971,Wonyoung,[1.000],Liz,"[0.000, 0.000, 0.000, 0.018, 0.970, 0.000, 0.000]",,[],"[0.000, 0.000, 0.000, 1.000, 0.000, 0.000, 0.000, 0.000]"
582,23.28,23.32,Wonyoung,0.999995231628418,Wonyoung,[1.000],Liz,"[0.000, 0.000, 0.000, 0.019, 0.970, 0.000, 0.000]",,[],"[0.000, 0.000, 0.000, 1.000, 0.000, 0.000, 0.000, 0.000]"
583,23.32,23.36,Wonyoung,0.9999947547912598,Wonyoung,[1.000],Liz,"[0.000, 0.000, 0.000, 0.019, 0.969, 0.000, 0.000]",,[],"[0.000, 0.000, 0.000, 1.000, 0.000, 0.000, 0.000, 0.000]"
584,23.36,23.4,Wonyoung,0.9999939203262329,Wonyoung,[1.000],Liz,"[0.000, 0.000, 0.000, 0.019, 0.967, 0.000, 0.000]",,[],"[0.000, 0.000, 0.000, 1.000, 0.000, 0.000, 0.000, 0.000]"
585,23.4,23.44,Wonyoung,0.999992847442627,Wonyoung,[1.000],Liz,"[0.000, 0.000, 0.000, 0.018, 0.963, 0.000, 0.000]",,[],"[0.000, 0.000, 0.000, 1.000, 0.000, 0.000, 0.000, 0.000]"
586,23.44,23.48,Wonyoung,0.9999910593032837,Wonyoung,[1.000],Liz,"[0.000, 0.000, 0.000, 0.016, 0.959, 0.000, 0.000]",,[],"[0.000, 0.000, 0.000, 1.000, 0.000, 0.000, 0.000, 0.000]"
587,23.48,23.52,Wonyoung,0.9999886751174927,Wonyoung,[1.000],Liz,"[0.000, 0.000, 0.000, 0.014, 0.952, 0.000, 0.000]",,[],"[0.000, 0.000, 0.000, 1.000, 0.000, 0.000, 0.000, 0.000]"
588,23.52,23.56,Wonyoung,0.9999850988388062,Wonyoung,[1.000],Liz,"[0.000, 0.000, 0.000, 0.012, 0.942, 0.000, 0.000]",,[],"[0.000, 0.000, 0.000, 1.000, 0.000, 0.000, 0.000, 0.000]"
589,23.56,23.6,Wonyoung,0.9999799728393555,Wonyoung,[1.000],Liz,"[0.000, 0.000, 0.000, 0.010, 0.928, 0.000, 0.000]",,[],"[0.000, 0.000, 0.000, 1.000, 0.000, 0.000, 0.000, 0.000]"
590,23.6,23.64,Wonyoung,0.9999725818634033,Wonyoung,[1.000],Liz,"[0.000, 0.000, 0.000, 0.008, 0.909, 0.000, 0.000]",,[],"[0.000, 0.000, 0.000, 1.000, 0.000, 0.000, 0.000, 0.000]"
591,23.64,23.68,Wonyoung,0.9999619722366333,Wonyoung,[1.000],Liz,"[0.000, 0.000, 0.000, 0.006, 0.882, 0.000, 0.000]",,[],"[0.000, 0.000, 0.000, 1.000, 0.000, 0.000, 0.000, 0.000]"
592,23.68,23.72,Wonyoung,0.9999468326568604,Wonyoung,[1.000],Liz,"[0.000, 0.000, 0.000, 0.004, 0.845, 0.000, 0.000]",,[],"[0.000, 0.000, 0.000, 1.000, 0.000, 0.000, 0.000, 0.000]"
593,23.72,23.76,Wonyoung,0.9999253749847412,Wonyoung,[1.000],Liz,"[0.000, 0.000, 0.000, 0.003, 0.796, 0.000, 0.000]",,[],"[0.000, 0.000, 0.000, 1.000, 0.000, 0.000, 0.000, 0.000]"
594,23.76,23.8,Wonyoung,0.9998953342437744,Wonyoung,[1.000],Liz,"[0.000, 0.000, 0.000, 0.002, 0.731, 0.000, 0.000]",,[],"[0.000, 0.000, 0.000, 1.000, 0.000, 0.000, 0.000, 0.000]"
595,23.8,23.84,Wonyoung,0.9998536109924316,Wonyoung,[1.000],Liz,"[0.000, 0.000, 0.000, 0.001, 0.651, 0.000, 0.000]",,[],"[0.000, 0.000, 0.000, 1.000, 0.000, 0.000, 0.000, 0.001]"
596,23.84,23.88,Wonyoung,0.9997965693473816,Wonyoung,[1.000],Liz,"[0.000, 0.000, 0.000, 0.001, 0.558, 0.000, 0.000]",,[],"[0.000, 0.000, 0.000, 1.000, 0.000, 0.000, 0.000, 0.001]"
597,23.88,23.92,Wonyoung,0.9997195601463318,Wonyoung,[1.000],Liz,"[0.000, 0.000, 0.000, 0.001, 0.458, 0.000, 0.000]",,[],"[0.000, 0.000, 0.000, 1.000, 0.000, 0.000, 0.000, 0.001]"
598,23.92,23.96,Wonyoung,0.9996179342269897,Wonyoung,[1.000],,[],,[],"[0.000, 0.000, 0.000, 1.000, 0.000, 0.000, 0.000, 0.001]"
599,23.96,24.0,Wonyoung,0.9994866847991943,Wonyoung,[0.999],,[],,[],"[0.000, 0.000, 0.000, 0.999, 0.000, 0.000, 0.000, 0.002]"
600,24.0,24.04,Wonyoung,0.9993213415145874,Wonyoung,[0.999],,[],,[],"[0.000, 0.000, 0.000, 0.999, 0.000, 0.000, 0.000, 0.002]"
601,24.04,24.08,Wonyoung,0.9991193413734436,Wonyoung,[0.999],,[],,[],"[0.000, 0.000, 0.000, 0.999, 0.000, 0.000, 0.000, 0.002]"
602,24.08,24.12,Wonyoung,0.9988805651664734,Wonyoung,[0.999],,[],,[],"[0.000, 0.000, 0.000, 0.999, 0.000, 0.000, 0.000, 0.003]"
603,24.12,24.16,Wonyoung,0.9986103773117065,Wonyoung,[0.999],,[],,[],"[0.000, 0.000, 0.000, 0.999, 0.000, 0.000, 0.000, 0.003]"
604,24.16,24.2,Wonyoung,0.9983231425285339,Wonyoung,[0.998],,[],,[],"[0.000, 0.000, 0.000, 0.998, 0.001, 0.000, 0.000, 0.003]"
605,24.2,24.24,Wonyoung,0.9980403780937195,Wonyoung,[0.998],,[],,[],"[0.000, 0.000, 0.000, 0.998, 0.001, 0.000, 0.000, 0.004]"
606,24.24,24.28,Wonyoung,0.9977926015853882,Wonyoung,[0.998],,[],,[],"[0.000, 0.000, 0.000, 0.998, 0.001, 0.000, 0.000, 0.004]"
607,24.28,24.32,Wonyoung,0.9976121187210083,Wonyoung,[0.998],,[],,[],"[0.000, 0.000, 0.000, 0.998, 0.001, 0.000, 0.000, 0.004]"
608,24.32,24.36,Wonyoung,0.9975276589393616,Wonyoung,[0.998],,[],,[],"[0.000, 0.000, 0.000, 0.998, 0.001, 0.000, 0.000, 0.004]"
609,24.36,24.4,Wonyoung,0.9975540041923523,Wonyoung,[0.998],,[],,[],"[0.000, 0.000, 0.000, 0.998, 0.001, 0.000, 0.000, 0.004]"
610,24.4,24.44,Wonyoung,0.9976892471313477,Wonyoung,[0.998],,[],,[],"[0.000, 0.000, 0.000, 0.998, 0.001, 0.000, 0.000, 0.004]"
611,24.44,24.48,Wonyoung,0.9979181885719299,Wonyoung,[0.998],,[],,[],"[0.000, 0.000, 0.000, 0.998, 0.001, 0.000, 0.000, 0.004]"
612,24.48,24.52,Wonyoung,0.9982117414474487,Wonyoung,[0.998],,[],,[],"[0.000, 0.000, 0.000, 0.998, 0.001, 0.000, 0.000, 0.004]"
613,24.52,24.56,Wonyoung,0.998532772064209,Wonyoung,[0.999],,[],,[],"[0.000, 0.000, 0.000, 0.999, 0.001, 0.000, 0.000, 0.003]"
614,24.56,24.6,Wonyoung,0.9988471269607544,Wonyoung,[0.999],,[],,[],"[0.000, 0.000, 0.000, 0.999, 0.001, 0.000, 0.000, 0.003]"
615,24.6,24.64,Wonyoung,0.9991297125816345,Wonyoung,[0.999],,[],,[],"[0.000, 0.000, 0.000, 0.999, 0.002, 0.000, 0.000, 0.002]"
616,24.64,24.68,Wonyoung,0.9993651509284973,Wonyoung,[0.999],,[],,[],"[0.000, 0.000, 0.000, 0.999, 0.002, 0.000, 0.000, 0.002]"
617,24.68,24.72,Wonyoung,0.9995483756065369,Wonyoung,[1.000],,[],,[],"[0.000, 0.000, 0.000, 1.000, 0.002, 0.000, 0.000, 0.002]"
618,24.72,24.76,Wonyoung,0.9996839761734009,Wonyoung,[1.000],,[],,[],"[0.000, 0.000, 0.000, 1.000, 0.002, 0.000, 0.000, 0.001]"
619,24.76,24.8,Wonyoung,0.9997805953025818,Wonyoung,[1.000],,[],,[],"[0.000, 0.000, 0.000, 1.000, 0.002, 0.000, 0.000, 0.001]"
620,24.8,24.84,Wonyoung,0.9998476505279541,Wonyoung,[1.000],,[],,[],"[0.000, 0.000, 0.000, 1.000, 0.002, 0.000, 0.000, 0.001]"
621,24.84,24.88,Wonyoung,0.9998934268951416,Wonyoung,[1.000],,[],,[],"[0.000, 0.000, 0.000, 1.000, 0.002, 0.000, 0.000, 0.001]"
622,24.88,24.92,Wonyoung,0.9999243021011353,Wonyoung,[1.000],,[],,[],"[0.000, 0.000, 0.000, 1.000, 0.002, 0.000, 0.000, 0.001]"
623,24.92,24.96,Wonyoung,0.9999450445175171,Wonyoung,[1.000],,[],,[],"[0.000, 0.000, 0.000, 1.000, 0.002, 0.000, 0.000, 0.000]"
624,24.96,25.0,Wonyoung,0.9999589920043945,Wonyoung,[1.000],,[],,[],"[0.000, 0.000, 0.000, 1.000, 0.002, 0.000, 0.000, 0.000]"
625,25.0,25.04,Wonyoung,0.999968409538269,Wonyoung,[1.000],,[],,[],"[0.000, 0.000, 0.000, 1.000, 0.002, 0.000, 0.000, 0.000]"
626,25.04,25.08,Wonyoung,0.9999747276306152,Wonyoung,[1.000],,[],,[],"[0.000, 0.000, 0.000, 1.000, 0.001, 0.000, 0.000, 0.000]"
627,25.08,25.12,Wonyoung,0.9999791383743286,Wonyoung,[1.000],,[],,[],"[0.000, 0.000, 0.000, 1.000, 0.001, 0.000, 0.000, 0.000]"
628,25.12,25.16,Wonyoung,0.9999819993972778,Wonyoung,[1.000],,[],,[],"[0.000, 0.000, 0.000, 1.000, 0.001, 0.000, 0.000, 0.000]"
629,25.16,25.2,Wonyoung,0.9999837875366211,Wonyoung,[1.000],,[],,[],"[0.000, 0.000, 0.000, 1.000, 0.001, 0.000, 0.000, 0.000]"
630,25.2,25.24,Wonyoung,0.999984860420227,Wonyoung,[1.000],,[],,[],"[0.000, 0.000, 0.000, 1.000, 0.001, 0.000, 0.000, 0.000]"
631,25.24,25.28,Wonyoung,0.9999854564666748,Wonyoung,[1.000],,[],,[],"[0.000, 0.000, 0.000, 1.000, 0.001, 0.000, 0.000, 0.000]"
632,25.28,25.32,Wonyoung,0.9999854564666748,Wonyoung,[1.000],,[],,[],"[0.000, 0.000, 0.000, 1.000, 0.001, 0.000, 0.000, 0.000]"
633,25.32,25.36,Wonyoung,0.9999849796295166,Wonyoung,[1.000],,[],,[],"[0.000, 0.000, 0.000, 1.000, 0.001, 0.000, 0.000, 0.000]"
634,25.36,25.4,Wonyoung,0.9999840259552002,Wonyoung,[1.000],,[],,[],"[0.000, 0.000, 0.000, 1.000, 0.001, 0.000, 0.000, 0.000]"
635,25.4,25.44,Wonyoung,0.9999825954437256,Wonyoung,[1.000],,[],,[],"[0.000, 0.000, 0.000, 1.000, 0.000, 0.000, 0.000, 0.000]"
636,25.44,25.48,Wonyoung,0.9999805688858032,Wonyoung,[1.000],,[],,[],"[0.000, 0.000, 0.000, 1.000, 0.000, 0.000, 0.000, 0.000]"
637,25.48,25.52,Wonyoung,0.999977707862854,Wonyoung,[1.000],,[],,[],"[0.000, 0.000, 0.000, 1.000, 0.000, 0.000, 0.000, 0.000]"
638,25.52,25.56,Wonyoung,0.9999735355377197,Wonyoung,[1.000],,[],,[],"[0.000, 0.000, 0.000, 1.000, 0.000, 0.000, 0.000, 0.000]"
639,25.56,25.6,Wonyoung,0.9999674558639526,Wonyoung,[1.000],,[],,[],"[0.000, 0.000, 0.000, 1.000, 0.000, 0.000, 0.000, 0.000]"
640,25.6,25.64,Wonyoung,0.9999585151672363,Wonyoung,[1.000],,[],,[],"[0.000, 0.000, 0.000, 1.000, 0.000, 0.000, 0.000, 0.000]"
641,25.64,25.68,Wonyoung,0.9999449253082275,Wonyoung,[1.000],,[],,[],"[0.000, 0.000, 0.000, 1.000, 0.000, 0.000, 0.000, 0.000]"
642,25.68,25.72,Wonyoung,0.9999239444732666,Wonyoung,[1.000],,[],,[],"[0.000, 0.000, 0.000, 1.000, 0.000, 0.000, 0.000, 0.000]"
643,25.72,25.76,Wonyoung,0.9998902082443237,Wonyoung,[1.000],,[],,[],"[0.000, 0.000, 0.000, 1.000, 0.000, 0.000, 0.000, 0.000]"
644,25.76,25.8,Wonyoung,0.9998347759246826,Wonyoung,[1.000],,[],,[],"[0.000, 0.000, 0.000, 1.000, 0.000, 0.000, 0.000, 0.000]"
645,25.8,25.84,Wonyoung,0.9997413754463196,Wonyoung,[1.000],,[],,[],"[0.000, 0.000, 0.000, 1.000, 0.000, 0.000, 0.000, 0.000]"
646,25.84,25.88,Wonyoung,0.9995787739753723,Wonyoung,[1.000],,[],,[],"[0.000, 0.000, 0.000, 1.000, 0.000, 0.000, 0.000, 0.000]"
647,25.88,25.92,Wonyoung,0.999288022518158,Wonyoung,[0.999],,[],,[],"[0.000, 0.000, 0.000, 0.999, 0.000, 0.000, 0.000, 0.001]"
648,25.92,25.96,Wonyoung,0.99875807762146,Wonyoung,[0.999],,[],,[],"[0.000, 0.000, 0.000, 0.999, 0.000, 0.000, 0.000, 0.001]"
649,25.96,26.0,Wonyoung,0.9977805018424988,Wonyoung,[0.998],,[],,[],"[0.000, 0.000, 0.000, 0.998, 0.000, 0.000, 0.000, 0.001]"
650,26.0,26.04,Wonyoung,0.9959695339202881,Wonyoung,[0.996],,[],,[],"[0.000, 0.000, 0.000, 0.996, 0.000, 0.000, 0.000, 0.002]"
651,26.04,26.08,Wonyoung,0.9926302433013916,Wonyoung,[0.993],,[],,[],"[0.000, 0.000, 0.000, 0.993, 0.000, 0.000, 0.000, 0.003]"
652,26.08,26.12,Wonyoung,0.9865708947181702,Wonyoung,[0.987],,[],,[],"[0.000, 0.000, 0.000, 0.987, 0.000, 0.000, 0.000, 0.004]"
653,26.12,26.16,Wonyoung,0.9758620858192444,Wonyoung,[0.976],,[],,[],"[0.000, 0.000, 0.000, 0.976, 0.000, 0.000, 0.000, 0.006]"
654,26.16,26.2,Wonyoung,0.957650899887085,Wonyoung,[0.958],,[],,[],"[0.000, 0.000, 0.000, 0.958, 0.000, 0.000, 0.000, 0.009]"
655,26.2,26.24,Wonyoung,0.9283528923988342,Wonyoung,[0.928],,[],,[],"[0.000, 0.000, 0.000, 0.928, 0.000, 0.000, 0.000, 0.014]"
656,26.24,26.28,Wonyoung,0.884486198425293,Wonyoung,[0.884],,[],,[],"[0.000, 0.000, 0.000, 0.884, 0.000, 0.000, 0.000, 0.021]"
657,26.28,26.32,Wonyoung,0.8243607878684998,Wonyoung,[0.824],,[],,[],"[0.000, 0.000, 0.000, 0.824, 0.000, 0.000, 0.000, 0.030]"
658,26.32,26.36,Wonyoung,0.7500004768371582,Wonyoung,[0.750],,[],,[],"[0.000, 0.000, 0.000, 0.750, 0.000, 0.000, 0.000, 0.041]"
659,26.36,26.4,Wonyoung,0.6679041981697083,Wonyoung,[0.668],,[],,[],"[0.000, 0.000, 0.000, 0.668, 0.000, 0.000, 0.000, 0.055]"
660,26.4,26.44,Wonyoung,0.5870826244354248,Wonyoung,[0.587],,[],,[],"[0.000, 0.000, 0.000, 0.587, 0.000, 0.000, 0.000, 0.070]"
661,26.44,26.48,Wonyoung,0.5154600739479065,Wonyoung,[0.515],,[],,[],"[0.000, 0.000, 0.000, 0.515, 0.000, 0.000, 0.000, 0.085]"
662,26.48,26.52,silence,0.09972451627254486,,[],,[],,[],"[0.000, 0.000, 0.000, 0.458, 0.000, 0.000, 0.000, 0.100]"
663,26.52,26.56,silence,0.11102306842803955,,[],,[],,[],"[0.000, 0.000, 0.000, 0.417, 0.000, 0.000, 0.000, 0.111]"
664,26.56,26.6,silence,0.11755460500717163,,[],,[],,[],"[0.000, 0.000, 0.000, 0.393, 0.000, 0.000, 0.000, 0.118]"
665,26.6,26.64,silence,0.11838612705469131,,[],,[],,[],"[0.000, 0.000, 0.000, 0.385, 0.000, 0.000, 0.000, 0.118]"
666,26.64,26.68,silence,0.1133149266242981,,[],,[],,[],"[0.000, 0.000, 0.000, 0.394, 0.000, 0.000, 0.000, 0.113]"
667,26.68,26.72,silence,0.10284243524074554,,[],,[],,[],"[0.000, 0.000, 0.000, 0.420, 0.000, 0.000, 0.000, 0.103]"
668,26.72,26.76,silence,0.08821366727352142,,[],,[],,[],"[0.000, 0.000, 0.000, 0.465, 0.000, 0.000, 0.000, 0.088]"
669,26.76,26.8,Wonyoung,0.5289413332939148,Wonyoung,[0.529],,[],,[],"[0.000, 0.000, 0.000, 0.529, 0.000, 0.000, 0.000, 0.071]"
670,26.8,26.84,Wonyoung,0.610469400882721,Wonyoung,[0.610],,[],,[],"[0.000, 0.000, 0.000, 0.610, 0.000, 0.000, 0.000, 0.054]"
671,26.84,26.88,Wonyoung,0.7022786736488342,Wonyoung,[0.702],,[],,[],"[0.000, 0.000, 0.000, 0.702, 0.000, 0.000, 0.000, 0.039]"
672,26.88,26.92,Wonyoung,0.7925883531570435,Wonyoung,[0.793],,[],,[],"[0.000, 0.000, 0.000, 0.793, 0.000, 0.000, 0.000, 0.026]"
673,26.92,26.96,Wonyoung,0.8690898418426514,Wonyoung,[0.869],,[],,[],"[0.000, 0.000, 0.000, 0.869, 0.000, 0.000, 0.000, 0.017]"
674,26.96,27.0,Wonyoung,0.9248293042182922,Wonyoung,[0.925],,[],,[],"[0.000, 0.000, 0.000, 0.925, 0.000, 0.000, 0.000, 0.010]"
675,27.0,27.04,Wonyoung,0.9601497054100037,Wonyoung,[0.960],,[],,[],"[0.000, 0.000, 0.000, 0.960, 0.000, 0.000, 0.000, 0.006]"
676,27.04,27.08,Wonyoung,0.9801394939422607,Wonyoung,[0.980],,[],,[],"[0.000, 0.000, 0.000, 0.980, 0.000, 0.000, 0.000, 0.003]"
677,27.08,27.12,Wonyoung,0.9905312657356262,Wonyoung,[0.991],,[],,[],"[0.000, 0.000, 0.000, 0.991, 0.000, 0.000, 0.000, 0.002]"
678,27.12,27.16,Wonyoung,0.9956105351448059,Wonyoung,[0.996],,[],,[],"[0.000, 0.000, 0.000, 0.996, 0.000, 0.000, 0.000, 0.001]"
679,27.16,27.2,Wonyoung,0.9979875087738037,Wonyoung,[0.998],,[],,[],"[0.000, 0.000, 0.000, 0.998, 0.000, 0.000, 0.000, 0.001]"
680,27.2,27.24,Wonyoung,0.9990723133087158,Wonyoung,[0.999],,[],,[],"[0.000, 0.000, 0.000, 0.999, 0.000, 0.000, 0.000, 0.000]"
681,27.24,27.28,Wonyoung,0.9995638728141785,Wonyoung,[1.000],,[],,[],"[0.000, 0.000, 0.000, 1.000, 0.000, 0.000, 0.000, 0.000]"
682,27.28,27.32,Wonyoung,0.9997884631156921,Wonyoung,[1.000],,[],,[],"[0.000, 0.000, 0.000, 1.000, 0.000, 0.000, 0.000, 0.000]"
683,27.32,27.36,Wonyoung,0.9998931884765625,Wonyoung,[1.000],,[],,[],"[0.000, 0.000, 0.000, 1.000, 0.000, 0.000, 0.000, 0.000]"
684,27.36,27.4,Wonyoung,0.9999432563781738,Wonyoung,[1.000],,[],,[],"[0.000, 0.000, 0.000, 1.000, 0.000, 0.000, 0.000, 0.000]"
685,27.4,27.44,Wonyoung,0.9999680519104004,Wonyoung,[1.000],,[],,[],"[0.000, 0.000, 0.000, 1.000, 0.000, 0.000, 0.000, 0.000]"
686,27.44,27.48,Wonyoung,0.9999809265136719,Wonyoung,[1.000],,[],,[],"[0.000, 0.000, 0.000, 1.000, 0.000, 0.000, 0.000, 0.000]"
687,27.48,27.52,Wonyoung,0.9999878406524658,Wonyoung,[1.000],,[],,[],"[0.000, 0.000, 0.000, 1.000, 0.000, 0.000, 0.000, 0.000]"
688,27.52,27.56,Wonyoung,0.999991774559021,Wonyoung,[1.000],,[],,[],"[0.000, 0.000, 0.000, 1.000, 0.000, 0.000, 0.000, 0.000]"
689,27.56,27.6,Wonyoung,0.9999940395355225,Wonyoung,[1.000],,[],,[],"[0.000, 0.000, 0.000, 1.000, 0.000, 0.000, 0.000, 0.000]"
690,27.6,27.64,Wonyoung,0.9999953508377075,Wonyoung,[1.000],,[],,[],"[0.000, 0.000, 0.000, 1.000, 0.000, 0.000, 0.000, 0.000]"
691,27.64,27.68,Wonyoung,0.9999961853027344,Wonyoung,[1.000],,[],,[],"[0.000, 0.000, 0.000, 1.000, 0.000, 0.000, 0.000, 0.000]"
692,27.68,27.72,Wonyoung,0.9999966621398926,Wonyoung,[1.000],,[],,[],"[0.000, 0.000, 0.000, 1.000, 0.000, 0.000, 0.000, 0.000]"
693,27.72,27.76,Wonyoung,0.9999969005584717,Wonyoung,[1.000],,[],,[],"[0.000, 0.000, 0.000, 1.000, 0.000, 0.000, 0.000, 0.000]"
694,27.76,27.8,Wonyoung,0.9999970197677612,Wonyoung,[1.000],,[],,[],"[0.000, 0.000, 0.000, 1.000, 0.000, 0.000, 0.000, 0.000]"
695,27.8,27.84,Wonyoung,0.9999969005584717,Wonyoung,[1.000],,[],,[],"[0.000, 0.000, 0.000, 1.000, 0.000, 0.000, 0.000, 0.000]"
696,27.84,27.88,Wonyoung,0.9999966621398926,Wonyoung,[1.000],,[],,[],"[0.000, 0.000, 0.000, 1.000, 0.000, 0.000, 0.000, 0.000]"
697,27.88,27.92,Wonyoung,0.9999963045120239,Wonyoung,[1.000],,[],,[],"[0.000, 0.000, 0.000, 1.000, 0.000, 0.000, 0.000, 0.000]"
698,27.92,27.96,Wonyoung,0.9999957084655762,Wonyoung,[1.000],,[],,[],"[0.000, 0.000, 0.000, 1.000, 0.000, 0.000, 0.000, 0.000]"
699,27.96,28.0,Wonyoung,0.9999949932098389,Wonyoung,[1.000],,[],,[],"[0.000, 0.000, 0.000, 1.000, 0.000, 0.000, 0.000, 0.000]"
700,28.0,28.04,Wonyoung,0.9999939203262329,Wonyoung,[1.000],,[],,[],"[0.000, 0.000, 0.000, 1.000, 0.000, 0.000, 0.000, 0.000]"
701,28.04,28.08,Wonyoung,0.9999923706054688,Wonyoung,[1.000],,[],,[],"[0.000, 0.000, 0.000, 1.000, 0.000, 0.000, 0.000, 0.000]"
702,28.08,28.12,Wonyoung,0.9999903440475464,Wonyoung,[1.000],,[],,[],"[0.000, 0.000, 0.000, 1.000, 0.000, 0.000, 0.000, 0.000]"
703,28.12,28.16,Wonyoung,0.9999873638153076,Wonyoung,[1.000],,[],,[],"[0.000, 0.000, 0.000, 1.000, 0.000, 0.000, 0.000, 0.000]"
704,28.16,28.2,Wonyoung,0.9999831914901733,Wonyoung,[1.000],,[],,[],"[0.000, 0.000, 0.000, 1.000, 0.000, 0.000, 0.000, 0.000]"
705,28.2,28.24,Wonyoung,0.9999772310256958,Wonyoung,[1.000],,[],,[],"[0.000, 0.000, 0.000, 1.000, 0.000, 0.000, 0.000, 0.000]"
706,28.24,28.28,Wonyoung,0.9999681711196899,Wonyoung,[1.000],,[],,[],"[0.000, 0.000, 0.000, 1.000, 0.000, 0.000, 0.000, 0.000]"
707,28.28,28.32,Wonyoung,0.9999545812606812,Wonyoung,[1.000],,[],,[],"[0.000, 0.000, 0.000, 1.000, 0.000, 0.000, 0.000, 0.000]"
708,28.32,28.36,Wonyoung,0.9999328851699829,Wonyoung,[1.000],,[],,[],"[0.000, 0.000, 0.000, 1.000, 0.000, 0.000, 0.000, 0.000]"
709,28.36,28.4,Wonyoung,0.9998975992202759,Wonyoung,[1.000],,[],,[],"[0.000, 0.000, 0.000, 1.000, 0.000, 0.000, 0.000, 0.000]"
710,28.4,28.44,Wonyoung,0.9998385906219482,Wonyoung,[1.000],,[],,[],"[0.000, 0.000, 0.000, 1.000, 0.000, 0.000, 0.000, 0.000]"
711,28.44,28.48,Wonyoung,0.9997369647026062,Wonyoung,[1.000],,[],,[],"[0.000, 0.000, 0.000, 1.000, 0.000, 0.000, 0.000, 0.000]"
712,28.48,28.52,Wonyoung,0.9995575547218323,Wonyoung,[1.000],,[],,[],"[0.000, 0.000, 0.000, 1.000, 0.000, 0.000, 0.000, 0.000]"
713,28.52,28.56,Wonyoung,0.9992308616638184,Wonyoung,[0.999],,[],,[],"[0.000, 0.000, 0.000, 0.999, 0.000, 0.000, 0.000, 0.000]"
714,28.56,28.6,Wonyoung,0.9986190795898438,Wonyoung,[0.999],,[],,[],"[0.000, 0.000, 0.000, 0.999, 0.000, 0.000, 0.000, 0.000]"
715,28.6,28.64,Wonyoung,0.997442364692688,Wonyoung,[0.997],,[],,[],"[0.000, 0.000, 0.000, 0.997, 0.000, 0.000, 0.000, 0.000]"
716,28.64,28.68,Wonyoung,0.9951273202896118,Wonyoung,[0.995],,[],,[],"[0.000, 0.000, 0.000, 0.995, 0.000, 0.000, 0.000, 0.000]"
717,28.68,28.72,Wonyoung,0.990481972694397,Wonyoung,[0.990],,[],,[],"[0.000, 0.000, 0.000, 0.990, 0.000, 0.000, 0.000, 0.000]"
718,28.72,28.76,Wonyoung,0.9809938669204712,Wonyoung,[0.981],,[],,[],"[0.000, 0.000, 0.000, 0.981, 0.000, 0.000, 0.000, 0.000]"
719,28.76,28.8,Wonyoung,0.9614359140396118,Wonyoung,[0.961],,[],,[],"[0.000, 0.000, 0.000, 0.961, 0.000, 0.000, 0.000, 0.000]"
720,28.8,28.84,Wonyoung,0.9214481711387634,Wonyoung,[0.921],,[],,[],"[0.000, 0.000, 0.000, 0.921, 0.000, 0.000, 0.000, 0.001]"
721,28.84,28.88,Wonyoung,0.8433968424797058,Wonyoung,[0.843],,[],,[],"[0.000, 0.000, 0.000, 0.843, 0.000, 0.000, 0.000, 0.001]"
722,28.88,28.92,Wonyoung,0.7074431777000427,Wonyoung,[0.707],,[],,[],"[0.000, 0.000, 0.000, 0.707, 0.000, 0.000, 0.000, 0.001]"
723,28.92,28.96,Wonyoung,0.5157923698425293,Wonyoung,[0.516],,[],,[],"[0.000, 0.000, 0.000, 0.516, 0.000, 0.000, 0.000, 0.001]"
724,28.96,29.0,silence,0.0013241771375760436,,[],,[],,[],"[0.000, 0.000, 0.000, 0.316, 0.000, 0.000, 0.000, 0.001]"
725,29.0,29.04,silence,0.0016016404842957854,,[],,[],,[],"[0.000, 0.000, 0.000, 0.166, 0.000, 0.000, 0.000, 0.002]"
726,29.04,29.08,silence,0.0019047915702685714,,[],,[],,[],"[0.000, 0.000, 0.000, 0.078, 0.000, 0.001, 0.000, 0.002]"
727,29.08,29.12,silence,0.002219031797721982,,[],,[],,[],"[0.000, 0.000, 0.000, 0.035, 0.000, 0.003, 0.000, 0.002]"
728,29.12,29.16,silence,0.002517867134884,,[],,[],,[],"[0.000, 0.000, 0.000, 0.016, 0.000, 0.009, 0.000, 0.003]"
729,29.16,29.2,silence,0.002768848789855838,,[],,[],,[],"[0.000, 0.000, 0.000, 0.007, 0.000, 0.027, 0.000, 0.003]"
730,29.2,29.24,silence,0.0029372856952250004,,[],,[],,[],"[0.000, 0.000, 0.000, 0.003, 0.000, 0.075, 0.000, 0.003]"
731,29.24,29.28,silence,0.0029915443155914545,,[],,[],,[],"[0.000, 0.000, 0.000, 0.001, 0.000, 0.196, 0.000, 0.003]"
732,29.28,29.32,silence,0.0029112426564097404,,[],,[],,[],"[0.000, 0.000, 0.000, 0.001, 0.000, 0.424, 0.000, 0.003]"
733,29.32,29.36,Leeseo,0.688947319984436,Leeseo,[0.689],,[],,[],"[0.000, 0.000, 0.000, 0.000, 0.000, 0.689, 0.000, 0.003]"
734,29.36,29.4,Leeseo,0.868097186088562,Leeseo,[0.868],,[],,[],"[0.000, 0.000, 0.000, 0.000, 0.000, 0.868, 0.000, 0.002]"
735,29.4,29.44,Leeseo,0.9504749774932861,Leeseo,[0.950],,[],,[],"[0.000, 0.000, 0.000, 0.000, 0.000, 0.950, 0.000, 0.002]"
736,29.44,29.48,Leeseo,0.98203444480896,Leeseo,[0.982],,[],,[],"[0.000, 0.000, 0.000, 0.000, 0.000, 0.982, 0.000, 0.002]"
737,29.48,29.52,Leeseo,0.9934501647949219,Leeseo,[0.993],,[],,[],"[0.000, 0.000, 0.000, 0.000, 0.000, 0.993, 0.000, 0.001]"
738,29.52,29.56,Leeseo,0.9975691437721252,Leeseo,[0.998],,[],,[],"[0.000, 0.000, 0.000, 0.000, 0.000, 0.998, 0.000, 0.001]"
739,29.56,29.6,Leeseo,0.9990793466567993,Leeseo,[0.999],,[],,[],"[0.000, 0.000, 0.000, 0.000, 0.000, 0.999, 0.000, 0.001]"
740,29.6,29.64,Leeseo,0.9996438026428223,Leeseo,[1.000],,[],,[],"[0.000, 0.000, 0.000, 0.000, 0.000, 1.000, 0.000, 0.000]"
741,29.64,29.68,Leeseo,0.9998588562011719,Leeseo,[1.000],,[],,[],"[0.000, 0.000, 0.000, 0.000, 0.000, 1.000, 0.000, 0.000]"
742,29.68,29.72,Leeseo,0.999942421913147,Leeseo,[1.000],,[],,[],"[0.000, 0.000, 0.000, 0.000, 0.000, 1.000, 0.000, 0.000]"
743,29.72,29.76,Leeseo,0.9999756813049316,Leeseo,[1.000],,[],,[],"[0.000, 0.000, 0.000, 0.000, 0.000, 1.000, 0.000, 0.000]"
744,29.76,29.8,Leeseo,0.99998939037323,Leeseo,[1.000],,[],,[],"[0.000, 0.000, 0.000, 0.000, 0.000, 1.000, 0.000, 0.000]"
745,29.8,29.84,Leeseo,0.9999951124191284,Leeseo,[1.000],,[],,[],"[0.000, 0.000, 0.000, 0.000, 0.000, 1.000, 0.000, 0.000]"
746,29.84,29.88,Leeseo,0.999997615814209,Leeseo,[1.000],,[],,[],"[0.000, 0.000, 0.000, 0.000, 0.000, 1.000, 0.000, 0.000]"
747,29.88,29.92,Leeseo,0.9999988079071045,Leeseo,[1.000],,[],,[],"[0.000, 0.000, 0.000, 0.000, 0.000, 1.000, 0.000, 0.000]"
748,29.92,29.96,Leeseo,0.9999994039535522,Leeseo,[1.000],,[],,[],"[0.000, 0.000, 0.000, 0.000, 0.000, 1.000, 0.000, 0.000]"
749,29.96,30.0,Leeseo,0.9999996423721313,Leeseo,[1.000],,[],,[],"[0.000, 0.000, 0.000, 0.000, 0.000, 1.000, 0.000, 0.000]"
750,30.0,30.04,Leeseo,0.9999997615814209,Leeseo,[1.000],,[],,[],"[0.000, 0.000, 0.000, 0.000, 0.000, 1.000, 0.000, 0.000]"
751,30.04,30.08,Leeseo,0.9999998807907104,Leeseo,[1.000],,[],,[],"[0.000, 0.000, 0.000, 0.000, 0.000, 1.000, 0.000, 0.000]"
752,30.08,30.12,Leeseo,0.9999998807907104,Leeseo,[1.000],,[],,[],"[0.000, 0.000, 0.000, 0.000, 0.000, 1.000, 0.000, 0.000]"
753,30.12,30.16,Leeseo,0.9999998807907104,Leeseo,[1.000],,[],,[],"[0.000, 0.000, 0.000, 0.000, 0.000, 1.000, 0.000, 0.000]"
754,30.16,30.2,Leeseo,0.9999998807907104,Leeseo,[1.000],,[],,[],"[0.000, 0.000, 0.000, 0.000, 0.000, 1.000, 0.000, 0.000]"
755,30.2,30.24,Leeseo,0.9999998807907104,Leeseo,[1.000],,[],,[],"[0.000, 0.000, 0.000, 0.000, 0.000, 1.000, 0.000, 0.000]"
756,30.24,30.28,Leeseo,0.9999998807907104,Leeseo,[1.000],,[],,[],"[0.000, 0.000, 0.000, 0.000, 0.000, 1.000, 0.000, 0.000]"
757,30.28,30.32,Leeseo,0.9999998807907104,Leeseo,[1.000],,[],,[],"[0.000, 0.000, 0.000, 0.000, 0.000, 1.000, 0.000, 0.000]"
758,30.32,30.36,Leeseo,0.9999998807907104,Leeseo,[1.000],,[],,[],"[0.000, 0.000, 0.000, 0.000, 0.000, 1.000, 0.000, 0.000]"
759,30.36,30.4,Leeseo,0.9999998807907104,Leeseo,[1.000],,[],,[],"[0.000, 0.000, 0.000, 0.000, 0.000, 1.000, 0.000, 0.000]"
760,30.4,30.44,Leeseo,0.9999998807907104,Leeseo,[1.000],,[],,[],"[0.000, 0.000, 0.000, 0.000, 0.000, 1.000, 0.000, 0.000]"
761,30.44,30.48,Leeseo,0.9999998807907104,Leeseo,[1.000],,[],,[],"[0.000, 0.000, 0.000, 0.000, 0.000, 1.000, 0.000, 0.000]"
762,30.48,30.52,Leeseo,0.9999997615814209,Leeseo,[1.000],,[],,[],"[0.000, 0.000, 0.000, 0.000, 0.000, 1.000, 0.000, 0.000]"
763,30.52,30.56,Leeseo,0.9999996423721313,Leeseo,[1.000],,[],,[],"[0.000, 0.000, 0.000, 0.000, 0.000, 1.000, 0.000, 0.000]"
764,30.56,30.6,Leeseo,0.9999995231628418,Leeseo,[1.000],,[],,[],"[0.000, 0.000, 0.000, 0.000, 0.000, 1.000, 0.000, 0.000]"
765,30.6,30.64,Leeseo,0.9999990463256836,Leeseo,[1.000],,[],,[],"[0.000, 0.000, 0.000, 0.000, 0.000, 1.000, 0.000, 0.000]"
766,30.64,30.68,Leeseo,0.9999984502792358,Leeseo,[1.000],,[],,[],"[0.000, 0.000, 0.000, 0.000, 0.000, 1.000, 0.000, 0.000]"
767,30.68,30.72,Leeseo,0.9999971389770508,Leeseo,[1.000],,[],,[],"[0.000, 0.000, 0.000, 0.000, 0.000, 1.000, 0.000, 0.000]"
768,30.72,30.76,Leeseo,0.9999945163726807,Leeseo,[1.000],,[],,[],"[0.000, 0.000, 0.000, 0.000, 0.000, 1.000, 0.000, 0.000]"
769,30.76,30.8,Leeseo,0.99998939037323,Leeseo,[1.000],,[],,[],"[0.000, 0.000, 0.000, 0.001, 0.000, 1.000, 0.000, 0.000]"
770,30.8,30.84,Leeseo,0.9999790191650391,Leeseo,[1.000],,[],,[],"[0.000, 0.000, 0.000, 0.001, 0.000, 1.000, 0.000, 0.000]"
771,30.84,30.88,Leeseo,0.999957799911499,Leeseo,[1.000],,[],,[],"[0.000, 0.000, 0.000, 0.001, 0.000, 1.000, 0.000, 0.000]"
772,30.88,30.92,Leeseo,0.9999146461486816,Leeseo,[1.000],,[],,[],"[0.000, 0.000, 0.000, 0.002, 0.000, 1.000, 0.000, 0.000]"
773,30.92,30.96,Leeseo,0.9998277425765991,Leeseo,[1.000],,[],,[],"[0.000, 0.000, 0.000, 0.002, 0.000, 1.000, 0.000, 0.000]"
774,30.96,31.0,Leeseo,0.9996565580368042,Leeseo,[1.000],,[],,[],"[0.000, 0.000, 0.000, 0.003, 0.000, 1.000, 0.000, 0.000]"
775,31.0,31.04,Leeseo,0.9993289709091187,Leeseo,[0.999],,[],,[],"[0.000, 0.000, 0.000, 0.004, 0.000, 0.999, 0.000, 0.001]"
776,31.04,31.08,Leeseo,0.9987273812294006,Leeseo,[0.999],,[],,[],"[0.000, 0.000, 0.000, 0.005, 0.000, 0.999, 0.000, 0.001]"
777,31.08,31.12,Leeseo,0.9976730942726135,Leeseo,[0.998],,[],,[],"[0.000, 0.000, 0.000, 0.006, 0.000, 0.998, 0.000, 0.002]"
778,31.12,31.16,Leeseo,0.995925784111023,Leeseo,[0.996],,[],,[],"[0.000, 0.000, 0.000, 0.007, 0.000, 0.996, 0.000, 0.003]"
779,31.16,31.2,Leeseo,0.9932141304016113,Leeseo,[0.993],,[],,[],"[0.000, 0.000, 0.000, 0.008, 0.000, 0.993, 0.000, 0.005]"
780,31.2,31.24,Leeseo,0.9893041849136353,Leeseo,[0.989],,[],,[],"[0.000, 0.000, 0.000, 0.009, 0.000, 0.989, 0.000, 0.008]"
781,31.24,31.28,Leeseo,0.9840913414955139,Leeseo,[0.984],,[],,[],"[0.000, 0.001, 0.000, 0.009, 0.000, 0.984, 0.000, 0.012]"
782,31.28,31.32,Leeseo,0.9777151346206665,Leeseo,[0.978],,[],,[],"[0.000, 0.001, 0.000, 0.010, 0.000, 0.978, 0.000, 0.017]"
783,31.32,31.36,Leeseo,0.9706175923347473,Leeseo,[0.971],,[],,[],"[0.000, 0.001, 0.000, 0.010, 0.000, 0.971, 0.000, 0.022]"
784,31.36,31.4,Leeseo,0.9634842872619629,Leeseo,[0.963],,[],,[],"[0.000, 0.002, 0.000, 0.010, 0.000, 0.963, 0.000, 0.026]"
785,31.4,31.44,Leeseo,0.9571214914321899,Leeseo,[0.957],,[],,[],"[0.000, 0.002, 0.000, 0.010, 0.000, 0.957, 0.000, 0.030]"
786,31.44,31.48,Leeseo,0.9522284269332886,Leeseo,[0.952],,[],,[],"[0.000, 0.003, 0.000, 0.009, 0.000, 0.952, 0.001, 0.033]"
787,31.48,31.52,Leeseo,0.949191153049469,Leeseo,[0.949],,[],,[],"[0.000, 0.004, 0.000, 0.009, 0.001, 0.949, 0.001, 0.034]"
788,31.52,31.56,Leeseo,0.9480851292610168,Leeseo,[0.948],,[],,[],"[0.000, 0.004, 0.000, 0.008, 0.001, 0.948, 0.001, 0.035]"
789,31.56,31.6,Leeseo,0.9487819075584412,Leeseo,[0.949],Leeseo,"[0.000, 0.000, 0.000, 0.001, 0.085, 0.517, 0.000]",,[],"[0.000, 0.005, 0.000, 0.008, 0.001, 0.949, 0.001, 0.034]"
790,31.6,31.64,Leeseo,0.9510050415992737,Leeseo,[0.951],Leeseo,"[0.000, 0.000, 0.000, 0.001, 0.097, 0.567, 0.000]",,[],"[0.000, 0.005, 0.000, 0.007, 0.001, 0.951, 0.001, 0.033]"
791,31.64,31.68,Leeseo,0.9543667435646057,Leeseo,[0.954],Leeseo,"[0.000, 0.000, 0.000, 0.001, 0.108, 0.611, 0.000]",,[],"[0.000, 0.005, 0.000, 0.006, 0.001, 0.954, 0.000, 0.032]"
792,31.68,31.72,Leeseo,0.9585021734237671,Leeseo,[0.959],Leeseo,"[0.000, 0.000, 0.000, 0.000, 0.118, 0.649, 0.000]",,[],"[0.000, 0.005, 0.000, 0.006, 0.001, 0.959, 0.000, 0.030]"
793,31.72,31.76,Leeseo,0.9630559086799622,Leeseo,[0.963],Leeseo,"[0.000, 0.000, 0.000, 0.000, 0.128, 0.682, 0.000]",,[],"[0.000, 0.005, 0.000, 0.005, 0.001, 0.963, 0.000, 0.028]"
794,31.76,31.8,Leeseo,0.9677274227142334,Leeseo,[0.968],Leeseo,"[0.000, 0.000, 0.000, 0.000, 0.138, 0.709, 0.000]",,[],"[0.000, 0.004, 0.000, 0.005, 0.001, 0.968, 0.000, 0.026]"
795,31.8,31.84,Leeseo,0.9723256230354309,Leeseo,[0.972],Leeseo,"[0.000, 0.000, 0.000, 0.000, 0.145, 0.730, 0.000]",,[],"[0.000, 0.004, 0.000, 0.004, 0.001, 0.972, 0.000, 0.023]"
796,31.84,31.88,Leeseo,0.9766955971717834,Leeseo,[0.977],Leeseo,"[0.000, 0.000, 0.000, 0.000, 0.150, 0.743, 0.000]",,[],"[0.000, 0.003, 0.000, 0.004, 0.001, 0.977, 0.000, 0.021]"
797,31.88,31.92,Leeseo,0.9807366132736206,Leeseo,[0.981],Leeseo,"[0.000, 0.000, 0.000, 0.000, 0.151, 0.748, 0.000]",,[],"[0.000, 0.003, 0.000, 0.003, 0.001, 0.981, 0.000, 0.018]"
798,31.92,31.96,Leeseo,0.9843850135803223,Leeseo,[0.984],Leeseo,"[0.000, 0.000, 0.000, 0.000, 0.146, 0.744, 0.000]",,[],"[0.000, 0.002, 0.000, 0.003, 0.001, 0.984, 0.000, 0.016]"
799,31.96,32.0,Leeseo,0.9875876307487488,Leeseo,[0.988],Leeseo,"[0.000, 0.000, 0.000, 0.000, 0.136, 0.729, 0.000]",,[],"[0.000, 0.002, 0.000, 0.003, 0.001, 0.988, 0.000, 0.013]"
800,32.0,32.04,Leeseo,0.9903185367584229,Leeseo,[0.990],Leeseo,"[0.000, 0.000, 0.000, 0.000, 0.120, 0.704, 0.000]",,[],"[0.000, 0.001, 0.000, 0.002, 0.001, 0.990, 0.000, 0.011]"
801,32.04,32.08,Leeseo,0.9925812482833862,Leeseo,[0.993],Leeseo,"[0.000, 0.000, 0.000, 0.000, 0.102, 0.665, 0.000]",,[],"[0.000, 0.001, 0.000, 0.002, 0.001, 0.993, 0.000, 0.009]"
802,32.08,32.12,Leeseo,0.9944090247154236,Leeseo,[0.994],Leeseo,"[0.000, 0.000, 0.000, 0.000, 0.081, 0.612, 0.000]",,[],"[0.000, 0.001, 0.000, 0.002, 0.001, 0.994, 0.000, 0.007]"
803,32.12,32.16,Leeseo,0.9958491325378418,Leeseo,[0.996],Leeseo,"[0.000, 0.000, 0.000, 0.000, 0.061, 0.544, 0.000]",,[],"[0.000, 0.000, 0.000, 0.001, 0.000, 0.996, 0.000, 0.006]"
804,32.16,32.2,Leeseo,0.9969598054885864,Leeseo,[0.997],Leeseo,"[0.000, 0.000, 0.000, 0.000, 0.043, 0.461, 0.000]",,[],"[0.000, 0.000, 0.000, 0.001, 0.000, 0.997, 0.000, 0.005]"
805,32.2,32.24,Leeseo,0.9977960586547852,Leeseo,[0.998],,[],,[],"[0.000, 0.000, 0.000, 0.001, 0.000, 0.998, 0.000, 0.003]"
806,32.24,32.28,Leeseo,0.998415470123291,Leeseo,[0.998],,[],,[],"[0.000, 0.000, 0.000, 0.001, 0.000, 0.998, 0.000, 0.003]"
807,32.28,32.32,Leeseo,0.9988664388656616,Leeseo,[0.999],,[],,[],"[0.000, 0.000, 0.000, 0.001, 0.000, 0.999, 0.000, 0.002]"
808,32.32,32.36,Leeseo,0.9991907477378845,Leeseo,[0.999],,[],,[],"[0.000, 0.000, 0.000, 0.000, 0.000, 0.999, 0.000, 0.002]"
809,32.36,32.4,Leeseo,0.9994210004806519,Leeseo,[0.999],,[],,[],"[0.000, 0.000, 0.000, 0.000, 0.000, 0.999, 0.000, 0.001]"
810,32.4,32.44,Leeseo,0.9995825886726379,Leeseo,[1.000],,[],,[],"[0.000, 0.000, 0.000, 0.000, 0.000, 1.000, 0.000, 0.001]"
811,32.44,32.48,Leeseo,0.9996960163116455,Leeseo,[1.000],,[],,[],"[0.000, 0.000, 0.000, 0.000, 0.000, 1.000, 0.000, 0.001]"
812,32.48,32.52,Leeseo,0.9997760653495789,Leeseo,[1.000],,[],,[],"[0.000, 0.000, 0.000, 0.000, 0.000, 1.000, 0.000, 0.000]"
813,32.52,32.56,Leeseo,0.9998327493667603,Leeseo,[1.000],,[],,[],"[0.000, 0.000, 0.000, 0.000, 0.000, 1.000, 0.000, 0.000]"
814,32.56,32.6,Leeseo,0.9998735189437866,Leeseo,[1.000],,[],,[],"[0.000, 0.000, 0.000, 0.000, 0.000, 1.000, 0.000, 0.000]"
815,32.6,32.64,Leeseo,0.9999030828475952,Leeseo,[1.000],,[],,[],"[0.000, 0.000, 0.000, 0.000, 0.000, 1.000, 0.000, 0.000]"
816,32.64,32.68,Leeseo,0.9999247789382935,Leeseo,[1.000],,[],,[],"[0.000, 0.000, 0.000, 0.000, 0.000, 1.000, 0.000, 0.000]"
817,32.68,32.72,Leeseo,0.9999409914016724,Leeseo,[1.000],,[],,[],"[0.000, 0.000, 0.000, 0.000, 0.000, 1.000, 0.000, 0.000]"
818,32.72,32.76,Leeseo,0.9999531507492065,Leeseo,[1.000],,[],,[],"[0.000, 0.000, 0.000, 0.000, 0.000, 1.000, 0.000, 0.000]"
819,32.76,32.8,Leeseo,0.999962329864502,Leeseo,[1.000],,[],,[],"[0.000, 0.000, 0.000, 0.000, 0.000, 1.000, 0.000, 0.000]"
820,32.8,32.84,Leeseo,0.9999692440032959,Leeseo,[1.000],,[],,[],"[0.000, 0.000, 0.000, 0.000, 0.000, 1.000, 0.000, 0.000]"
821,32.84,32.88,Leeseo,0.9999744892120361,Leeseo,[1.000],,[],,[],"[0.000, 0.000, 0.000, 0.000, 0.000, 1.000, 0.000, 0.000]"
822,32.88,32.92,Leeseo,0.9999784231185913,Leeseo,[1.000],,[],,[],"[0.000, 0.000, 0.000, 0.000, 0.000, 1.000, 0.000, 0.000]"
823,32.92,32.96,Leeseo,0.9999812841415405,Leeseo,[1.000],,[],,[],"[0.000, 0.000, 0.000, 0.000, 0.000, 1.000, 0.000, 0.000]"
824,32.96,33.0,Leeseo,0.9999834299087524,Leeseo,[1.000],,[],,[],"[0.000, 0.000, 0.000, 0.000, 0.000, 1.000, 0.000, 0.000]"
825,33.0,33.04,Leeseo,0.9999847412109375,Leeseo,[1.000],,[],,[],"[0.000, 0.000, 0.000, 0.000, 0.000, 1.000, 0.000, 0.000]"
826,33.04,33.08,Leeseo,0.9999854564666748,Leeseo,[1.000],,[],,[],"[0.000, 0.000, 0.000, 0.000, 0.000, 1.000, 0.000, 0.000]"
827,33.08,33.12,Leeseo,0.9999856948852539,Leeseo,[1.000],,[],,[],"[0.000, 0.000, 0.000, 0.000, 0.000, 1.000, 0.000, 0.000]"
828,33.12,33.16,Leeseo,0.9999852180480957,Leeseo,[1.000],,[],,[],"[0.000, 0.000, 0.000, 0.000, 0.000, 1.000, 0.000, 0.000]"
829,33.16,33.2,Leeseo,0.9999841451644897,Leeseo,[1.000],,[],,[],"[0.000, 0.000, 0.000, 0.000, 0.000, 1.000, 0.000, 0.000]"
830,33.2,33.24,Leeseo,0.9999822378158569,Leeseo,[1.000],,[],,[],"[0.000, 0.000, 0.000, 0.000, 0.000, 1.000, 0.000, 0.000]"
831,33.24,33.28,Leeseo,0.9999792575836182,Leeseo,[1.000],,[],,[],"[0.000, 0.000, 0.000, 0.000, 0.000, 1.000, 0.000, 0.000]"
832,33.28,33.32,Leeseo,0.9999746084213257,Leeseo,[1.000],,[],,[],"[0.000, 0.000, 0.000, 0.000, 0.000, 1.000, 0.000, 0.000]"
833,33.32,33.36,Leeseo,0.9999676942825317,Leeseo,[1.000],,[],,[],"[0.000, 0.000, 0.000, 0.000, 0.000, 1.000, 0.000, 0.000]"
834,33.36,33.4,Leeseo,0.9999575614929199,Leeseo,[1.000],,[],,[],"[0.000, 0.000, 0.000, 0.000, 0.000, 1.000, 0.000, 0.000]"
835,33.4,33.44,Leeseo,0.9999423027038574,Leeseo,[1.000],,[],,[],"[0.000, 0.000, 0.000, 0.000, 0.000, 1.000, 0.000, 0.000]"
836,33.44,33.48,Leeseo,0.9999197721481323,Leeseo,[1.000],,[],,[],"[0.000, 0.000, 0.000, 0.000, 0.000, 1.000, 0.000, 0.000]"
837,33.48,33.52,Leeseo,0.999886155128479,Leeseo,[1.000],,[],,[],"[0.000, 0.000, 0.000, 0.000, 0.000, 1.000, 0.000, 0.000]"
838,33.52,33.56,Leeseo,0.9998366832733154,Leeseo,[1.000],,[],,[],"[0.000, 0.000, 0.000, 0.000, 0.000, 1.000, 0.000, 0.000]"
839,33.56,33.6,Leeseo,0.9997641444206238,Leeseo,[1.000],,[],,[],"[0.000, 0.000, 0.000, 0.000, 0.000, 1.000, 0.000, 0.001]"
840,33.6,33.64,Leeseo,0.9996582269668579,Leeseo,[1.000],,[],,[],"[0.000, 0.000, 0.000, 0.000, 0.000, 1.000, 0.000, 0.001]"
841,33.64,33.68,Leeseo,0.9995061159133911,Leeseo,[1.000],,[],,[],"[0.000, 0.000, 0.000, 0.000, 0.000, 1.000, 0.000, 0.001]"
842,33.68,33.72,Leeseo,0.999291181564331,Leeseo,[0.999],,[],,[],"[0.000, 0.000, 0.000, 0.000, 0.000, 0.999, 0.000, 0.001]"
843,33.72,33.76,Leeseo,0.9989954829216003,Leeseo,[0.999],,[],,[],"[0.000, 0.000, 0.000, 0.000, 0.000, 0.999, 0.000, 0.002]"
844,33.76,33.8,Leeseo,0.9986018538475037,Leeseo,[0.999],,[],,[],"[0.000, 0.000, 0.000, 0.000, 0.000, 0.999, 0.000, 0.002]"
845,33.8,33.84,Leeseo,0.9980949759483337,Leeseo,[0.998],,[],,[],"[0.000, 0.000, 0.000, 0.000, 0.000, 0.998, 0.000, 0.003]"
846,33.84,33.88,Leeseo,0.9974638223648071,Leeseo,[0.997],,[],,[],"[0.000, 0.000, 0.000, 0.000, 0.000, 0.997, 0.000, 0.003]"
847,33.88,33.92,Leeseo,0.9967038035392761,Leeseo,[0.997],,[],,[],"[0.000, 0.000, 0.000, 0.000, 0.000, 0.997, 0.000, 0.003]"
848,33.92,33.96,Leeseo,0.9958173632621765,Leeseo,[0.996],,[],,[],"[0.000, 0.000, 0.000, 0.000, 0.001, 0.996, 0.000, 0.004]"
849,33.96,34.0,Leeseo,0.9948200583457947,Leeseo,[0.995],,[],,[],"[0.000, 0.000, 0.000, 0.000, 0.001, 0.995, 0.000, 0.004]"
850,34.0,34.04,Leeseo,0.9937357306480408,Leeseo,[0.994],,[],,[],"[0.000, 0.000, 0.000, 0.000, 0.001, 0.994, 0.000, 0.004]"
851,34.04,34.08,Leeseo,0.9925975799560547,Leeseo,[0.993],,[],,[],"[0.000, 0.000, 0.000, 0.000, 0.001, 0.993, 0.000, 0.004]"
852,34.08,34.12,Leeseo,0.9914498925209045,Leeseo,[0.991],,[],,[],"[0.000, 0.000, 0.000, 0.000, 0.002, 0.991, 0.000, 0.005]"
853,34.12,34.16,Leeseo,0.9903281331062317,Leeseo,[0.990],Leeseo,"[0.000, 0.000, 0.000, 0.000, 0.000, 0.472, 0.000]",,[],"[0.000, 0.000, 0.000, 0.000, 0.002, 0.990, 0.000, 0.004]"
854,34.16,34.2,Leeseo,0.9892665147781372,Leeseo,[0.989],Leeseo,"[0.000, 0.000, 0.001, 0.000, 0.000, 0.515, 0.000]",,[],"[0.000, 0.000, 0.000, 0.000, 0.003, 0.989, 0.000, 0.004]"
855,34.2,34.24,Leeseo,0.9883081316947937,Leeseo,[0.988],Leeseo,"[0.000, 0.000, 0.001, 0.000, 0.000, 0.553, 0.000]",,[],"[0.000, 0.000, 0.000, 0.000, 0.004, 0.988, 0.000, 0.004]"
856,34.24,34.28,Leeseo,0.9874817132949829,Leeseo,[0.987],Leeseo,"[0.000, 0.000, 0.001, 0.000, 0.000, 0.583, 0.000]",,[],"[0.000, 0.000, 0.000, 0.000, 0.005, 0.987, 0.000, 0.004]"
857,34.28,34.32,Leeseo,0.9868256449699402,Leeseo,[0.987],Leeseo,"[0.000, 0.000, 0.001, 0.000, 0.000, 0.607, 0.000]",,[],"[0.000, 0.000, 0.000, 0.001, 0.006, 0.987, 0.001, 0.004]"
858,34.32,34.36,Leeseo,0.9863751530647278,Leeseo,[0.986],Leeseo,"[0.000, 0.000, 0.002, 0.000, 0.000, 0.624, 0.000]",,[],"[0.000, 0.000, 0.001, 0.001, 0.007, 0.986, 0.001, 0.004]"
859,34.36,34.4,Leeseo,0.9861584305763245,Leeseo,[0.986],Leeseo,"[0.000, 0.000, 0.002, 0.000, 0.000, 0.635, 0.000]",,[],"[0.000, 0.000, 0.001, 0.001, 0.008, 0.986, 0.001, 0.003]"
860,34.4,34.44,Leeseo,0.9861883521080017,Leeseo,[0.986],Leeseo,"[0.000, 0.000, 0.002, 0.000, 0.000, 0.638, 0.000]",,[],"[0.000, 0.000, 0.001, 0.001, 0.009, 0.986, 0.001, 0.003]"
861,34.44,34.48,Leeseo,0.9864253997802734,Leeseo,[0.986],Leeseo,"[0.000, 0.000, 0.002, 0.000, 0.000, 0.635, 0.000]",,[],"[0.000, 0.001, 0.001, 0.001, 0.010, 0.986, 0.001, 0.003]"
862,34.48,34.52,Leeseo,0.9868195056915283,Leeseo,[0.987],Leeseo,"[0.000, 0.000, 0.002, 0.000, 0.000, 0.626, 0.000]",,[],"[0.000, 0.001, 0.001, 0.001, 0.010, 0.987, 0.001, 0.003]"
863,34.52,34.56,Leeseo,0.9873249530792236,Leeseo,[0.987],Leeseo,"[0.000, 0.000, 0.002, 0.000, 0.000, 0.611, 0.000]",,[],"[0.000, 0.001, 0.001, 0.002, 0.011, 0.987, 0.001, 0.002]"
864,34.56,34.6,Leeseo,0.9878956079483032,Leeseo,[0.988],Leeseo,"[0.000, 0.000, 0.002, 0.000, 0.000, 0.590, 0.000]",,[],"[0.000, 0.001, 0.002, 0.002, 0.012, 0.988, 0.002, 0.002]"
865,34.6,34.64,Leeseo,0.9884882569313049,Leeseo,[0.988],Leeseo,"[0.000, 0.000, 0.001, 0.000, 0.000, 0.563, 0.000]",,[],"[0.000, 0.001, 0.002, 0.002, 0.012, 0.988, 0.002, 0.002]"
866,34.64,34.68,Leeseo,0.9890636801719666,Leeseo,[0.989],Leeseo,"[0.000, 0.000, 0.001, 0.000, 0.000, 0.533, 0.000]",,[],"[0.000, 0.001, 0.002, 0.003, 0.012, 0.989, 0.002, 0.002]"
867,34.68,34.72,Leeseo,0.9895960688591003,Leeseo,[0.990],Leeseo,"[0.000, 0.000, 0.001, 0.000, 0.000, 0.499, 0.000]",,[],"[0.000, 0.002, 0.002, 0.003, 0.013, 0.990, 0.003, 0.002]"
868,34.72,34.76,Leeseo,0.9900705218315125,Leeseo,[0.990],Leeseo,"[0.000, 0.000, 0.001, 0.000, 0.000, 0.464, 0.000]",,[],"[0.000, 0.002, 0.002, 0.004, 0.013, 0.990, 0.004, 0.002]"
869,34.76,34.8,Leeseo,0.9904835224151611,Leeseo,[0.990],,[],,[],"[0.000, 0.002, 0.002, 0.005, 0.013, 0.990, 0.004, 0.002]"
870,34.8,34.84,Leeseo,0.990842342376709,Leeseo,[0.991],,[],,[],"[0.000, 0.003, 0.002, 0.006, 0.013, 0.991, 0.005, 0.002]"
871,34.84,34.88,Leeseo,0.9911409020423889,Leeseo,[0.991],,[],,[],"[0.000, 0.003, 0.002, 0.008, 0.013, 0.991, 0.006, 0.002]"
872,34.88,34.92,Leeseo,0.991389811038971,Leeseo,[0.991],,[],,[],"[0.000, 0.003, 0.002, 0.009, 0.013, 0.991, 0.007, 0.002]"
873,34.92,34.96,Leeseo,0.9916070699691772,Leeseo,[0.992],,[],,[],"[0.000, 0.004, 0.002, 0.011, 0.013, 0.992, 0.008, 0.002]"
874,34.96,35.0,Leeseo,0.9918185472488403,Leeseo,[0.992],,[],,[],"[0.000, 0.004, 0.001, 0.013, 0.013, 0.992, 0.009, 0.002]"
875,35.0,35.04,Leeseo,0.9920397996902466,Leeseo,[0.992],,[],,[],"[0.000, 0.005, 0.001, 0.015, 0.012, 0.992, 0.010, 0.002]"
876,35.04,35.08,Leeseo,0.9922714233398438,Leeseo,[0.992],,[],,[],"[0.000, 0.005, 0.001, 0.016, 0.012, 0.992, 0.011, 0.002]"
877,35.08,35.12,Leeseo,0.9925185441970825,Leeseo,[0.993],,[],,[],"[0.000, 0.005, 0.001, 0.018, 0.011, 0.993, 0.012, 0.002]"
878,35.12,35.16,Leeseo,0.9927847385406494,Leeseo,[0.993],,[],,[],"[0.000, 0.005, 0.001, 0.019, 0.011, 0.993, 0.013, 0.002]"
879,35.16,35.2,Leeseo,0.9930725693702698,Leeseo,[0.993],,[],,[],"[0.000, 0.005, 0.001, 0.020, 0.010, 0.993, 0.014, 0.002]"
880,35.2,35.24,Leeseo,0.9933805465698242,Leeseo,[0.993],,[],,[],"[0.000, 0.005, 0.000, 0.021, 0.009, 0.993, 0.015, 0.002]"
881,35.24,35.28,Leeseo,0.9937092065811157,Leeseo,[0.994],,[],,[],"[0.000, 0.005, 0.000, 0.021, 0.009, 0.994, 0.015, 0.002]"
882,35.28,35.32,Leeseo,0.9940600991249084,Leeseo,[0.994],,[],,[],"[0.000, 0.005, 0.000, 0.021, 0.008, 0.994, 0.016, 0.002]"
883,35.32,35.36,Leeseo,0.9944292306900024,Leeseo,[0.994],,[],,[],"[0.000, 0.005, 0.000, 0.020, 0.007, 0.994, 0.016, 0.002]"
884,35.36,35.4,Leeseo,0.9947986602783203,Leeseo,[0.995],,[],,[],"[0.000, 0.005, 0.000, 0.020, 0.006, 0.995, 0.016, 0.002]"
885,35.4,35.44,Leeseo,0.9951530694961548,Leeseo,[0.995],,[],,[],"[0.000, 0.004, 0.000, 0.019, 0.005, 0.995, 0.015, 0.001]"
886,35.44,35.48,Leeseo,0.995477020740509,Leeseo,[0.995],,[],,[],"[0.000, 0.004, 0.000, 0.018, 0.005, 0.995, 0.015, 0.001]"
887,35.48,35.52,Leeseo,0.9957593083381653,Leeseo,[0.996],,[],,[],"[0.000, 0.004, 0.000, 0.017, 0.004, 0.996, 0.014, 0.001]"
888,35.52,35.56,Leeseo,0.9959900975227356,Leeseo,[0.996],,[],,[],"[0.000, 0.004, 0.000, 0.016, 0.003, 0.996, 0.013, 0.001]"
889,35.56,35.6,Leeseo,0.9961625337600708,Leeseo,[0.996],,[],,[],"[0.000, 0.004, 0.000, 0.015, 0.002, 0.996, 0.011, 0.001]"
890,35.6,35.64,Leeseo,0.9962653517723083,Leeseo,[0.996],,[],,[],"[0.000, 0.004, 0.000, 0.014, 0.002, 0.996, 0.010, 0.001]"
891,35.64,35.68,Leeseo,0.9962833523750305,Leeseo,[0.996],,[],,[],"[0.000, 0.004, 0.000, 0.013, 0.001, 0.996, 0.009, 0.001]"
892,35.68,35.72,Leeseo,0.9962071180343628,Leeseo,[0.996],,[],,[],"[0.000, 0.004, 0.000, 0.013, 0.001, 0.996, 0.008, 0.001]"
893,35.72,35.76,Leeseo,0.9960166811943054,Leeseo,[0.996],,[],,[],"[0.000, 0.004, 0.000, 0.012, 0.001, 0.996, 0.007, 0.001]"
894,35.76,35.8,Leeseo,0.9956715106964111,Leeseo,[0.996],,[],,[],"[0.000, 0.004, 0.000, 0.011, 0.000, 0.996, 0.006, 0.001]"
895,35.8,35.84,Leeseo,0.9951162338256836,Leeseo,[0.995],,[],,[],"[0.000, 0.004, 0.000, 0.011, 0.000, 0.995, 0.005, 0.001]"
896,35.84,35.88,Leeseo,0.9942679405212402,Leeseo,[0.994],,[],,[],"[0.000, 0.003, 0.000, 0.010, 0.000, 0.994, 0.004, 0.001]"
897,35.88,35.92,Leeseo,0.9929890632629395,Leeseo,[0.993],,[],,[],"[0.000, 0.003, 0.000, 0.010, 0.000, 0.993, 0.003, 0.001]"
898,35.92,35.96,Leeseo,0.9910339713096619,Leeseo,[0.991],,[],,[],"[0.000, 0.003, 0.000, 0.010, 0.000, 0.991, 0.003, 0.001]"
899,35.96,36.0,Leeseo,0.9879879951477051,Leeseo,[0.988],,[],,[],"[0.000, 0.002, 0.000, 0.010, 0.000, 0.988, 0.002, 0.001]"
900,36.0,36.04,Leeseo,0.9831548929214478,Leeseo,[0.983],,[],,[],"[0.000, 0.002, 0.000, 0.010, 0.000, 0.983, 0.002, 0.001]"
901,36.04,36.08,Leeseo,0.9753158688545227,Leeseo,[0.975],,[],,[],"[0.000, 0.002, 0.000, 0.010, 0.000, 0.975, 0.001, 0.001]"
902,36.08,36.12,Leeseo,0.9623196721076965,Leeseo,[0.962],,[],,[],"[0.000, 0.001, 0.000, 0.010, 0.000, 0.962, 0.001, 0.001]"
903,36.12,36.16,Leeseo,0.9404969215393066,Leeseo,[0.940],,[],,[],"[0.001, 0.001, 0.000, 0.011, 0.000, 0.940, 0.001, 0.001]"
904,36.16,36.2,Leeseo,0.9038864970207214,Leeseo,[0.904],,[],,[],"[0.002, 0.001, 0.000, 0.011, 0.000, 0.904, 0.001, 0.000]"
905,36.2,36.24,Leeseo,0.843704342842102,Leeseo,[0.844],,[],,[],"[0.003, 0.001, 0.000, 0.012, 0.000, 0.844, 0.000, 0.000]"
906,36.24,36.28,Leeseo,0.749822199344635,Leeseo,[0.750],,[],,[],"[0.007, 0.000, 0.000, 0.013, 0.000, 0.750, 0.000, 0.000]"
907,36.28,36.32,Leeseo,0.6173405051231384,Leeseo,[0.617],,[],,[],"[0.013, 0.000, 0.000, 0.015, 0.000, 0.617, 0.000, 0.000]"
908,36.32,36.36,silence,0.00020117481471970677,,[],,[],,[],"[0.027, 0.000, 0.000, 0.017, 0.000, 0.458, 0.000, 0.000]"
909,36.36,36.4,silence,0.00015605674707330763,,[],,[],,[],"[0.055, 0.000, 0.000, 0.019, 0.000, 0.300, 0.000, 0.000]"
910,36.4,36.44,silence,0.00011955593072343618,,[],,[],,[],"[0.108, 0.000, 0.000, 0.023, 0.000, 0.176, 0.000, 0.000]"
911,36.44,36.48,silence,9.06382774701342e-05,,[],,[],,[],"[0.199, 0.000, 0.000, 0.027, 0.000, 0.095, 0.000, 0.000]"
912,36.48,36.52,silence,6.811181810917333e-05,,[],,[],,[],"[0.336, 0.000, 0.000, 0.032, 0.000, 0.048, 0.000, 0.000]"
913,36.52,36.56,silence,5.08626653754618e-05,,[],,[],,[],"[0.505, 0.000, 0.000, 0.037, 0.000, 0.024, 0.000, 0.000]"
914,36.56,36.6,Gaeul,0.6707261800765991,Gaeul,[0.671],,[],,[],"[0.671, 0.000, 0.000, 0.043, 0.000, 0.012, 0.000, 0.000]"
915,36.6,36.64,Gaeul,0.8010545372962952,Gaeul,[0.801],,[],,[],"[0.801, 0.000, 0.000, 0.049, 0.000, 0.006, 0.000, 0.000]"
916,36.64,36.68,Gaeul,0.8870744705200195,Gaeul,[0.887],,[],,[],"[0.887, 0.000, 0.000, 0.055, 0.000, 0.003, 0.000, 0.000]"
917,36.68,36.72,Gaeul,0.9379170536994934,Gaeul,[0.938],,[],,[],"[0.938, 0.000, 0.000, 0.059, 0.000, 0.001, 0.000, 0.000]"
918,36.72,36.76,Gaeul,0.9662806391716003,Gaeul,[0.966],,[],,[],"[0.966, 0.000, 0.000, 0.062, 0.000, 0.001, 0.000, 0.000]"
919,36.76,36.8,Gaeul,0.9817258715629578,Gaeul,[0.982],,[],,[],"[0.982, 0.000, 0.000, 0.062, 0.000, 0.000, 0.000, 0.000]"
920,36.8,36.84,Gaeul,0.9900645613670349,Gaeul,[0.990],,[],,[],"[0.990, 0.000, 0.000, 0.059, 0.000, 0.000, 0.000, 0.000]"
921,36.84,36.88,Gaeul,0.994561493396759,Gaeul,[0.995],,[],,[],"[0.995, 0.000, 0.000, 0.054, 0.000, 0.000, 0.000, 0.000]"
922,36.88,36.92,Gaeul,0.9970025420188904,Gaeul,[0.997],,[],,[],"[0.997, 0.000, 0.000, 0.047, 0.000, 0.000, 0.000, 0.000]"
923,36.92,36.96,Gaeul,0.9983376264572144,Gaeul,[0.998],,[],,[],"[0.998, 0.000, 0.000, 0.038, 0.000, 0.000, 0.000, 0.000]"
924,36.96,37.0,Gaeul,0.9990742206573486,Gaeul,[0.999],,[],,[],"[0.999, 0.000, 0.000, 0.029, 0.000, 0.000, 0.000, 0.000]"
925,37.0,37.04,Gaeul,0.9994816184043884,Gaeul,[0.999],,[],,[],"[0.999, 0.000, 0.000, 0.021, 0.000, 0.000, 0.000, 0.000]"
926,37.04,37.08,Gaeul,0.9997074007987976,Gaeul,[1.000],,[],,[],"[1.000, 0.000, 0.000, 0.015, 0.000, 0.000, 0.000, 0.000]"
927,37.08,37.12,Gaeul,0.9998329877853394,Gaeul,[1.000],,[],,[],"[1.000, 0.000, 0.000, 0.010, 0.000, 0.000, 0.000, 0.000]"
928,37.12,37.16,Gaeul,0.9999032020568848,Gaeul,[1.000],,[],,[],"[1.000, 0.000, 0.000, 0.006, 0.000, 0.000, 0.000, 0.000]"
929,37.16,37.2,Gaeul,0.9999430179595947,Gaeul,[1.000],Leeseo,"[0.000, 0.000, 0.000, 0.000, 0.000, 0.573, 0.000]",,[],"[1.000, 0.000, 0.000, 0.004, 0.000, 0.000, 0.000, 0.000]"
930,37.2,37.24,Gaeul,0.9999656677246094,Gaeul,[1.000],Leeseo,"[0.000, 0.000, 0.000, 0.000, 0.000, 0.703, 0.000]",,[],"[1.000, 0.000, 0.000, 0.002, 0.000, 0.000, 0.000, 0.000]"
931,37.24,37.28,Gaeul,0.99997878074646,Gaeul,[1.000],Leeseo,"[0.000, 0.000, 0.000, 0.000, 0.000, 0.811, 0.000]",,[],"[1.000, 0.000, 0.000, 0.001, 0.000, 0.000, 0.000, 0.000]"
932,37.28,37.32,Gaeul,0.9999865293502808,Gaeul,[1.000],Leeseo,"[0.000, 0.000, 0.000, 0.000, 0.000, 0.889, 0.000]",,[],"[1.000, 0.000, 0.000, 0.001, 0.000, 0.000, 0.000, 0.000]"
933,37.32,37.36,Gaeul,0.9999911785125732,Gaeul,[1.000],Leeseo,"[0.000, 0.000, 0.000, 0.000, 0.000, 0.938, 0.000]",,[],"[1.000, 0.000, 0.000, 0.000, 0.000, 0.000, 0.000, 0.000]"
934,37.36,37.4,Gaeul,0.9999940395355225,Gaeul,[1.000],Leeseo,"[0.000, 0.000, 0.000, 0.000, 0.000, 0.967, 0.000]",,[],"[1.000, 0.000, 0.000, 0.000, 0.000, 0.000, 0.000, 0.000]"
935,37.4,37.44,Gaeul,0.9999958276748657,Gaeul,[1.000],Leeseo,"[0.000, 0.000, 0.000, 0.000, 0.000, 0.982, 0.000]",,[],"[1.000, 0.000, 0.000, 0.000, 0.000, 0.000, 0.000, 0.000]"
936,37.44,37.48,Gaeul,0.9999969005584717,Gaeul,[1.000],Leeseo,"[0.000, 0.000, 0.000, 0.000, 0.000, 0.991, 0.000]",,[],"[1.000, 0.000, 0.000, 0.000, 0.000, 0.000, 0.000, 0.000]"
937,37.48,37.52,Gaeul,0.9999977350234985,Gaeul,[1.000],Leeseo,"[0.000, 0.000, 0.000, 0.000, 0.000, 0.995, 0.000]",,[],"[1.000, 0.000, 0.000, 0.000, 0.000, 0.000, 0.000, 0.000]"
938,37.52,37.56,Gaeul,0.9999982118606567,Gaeul,[1.000],Leeseo,"[0.000, 0.000, 0.000, 0.000, 0.000, 0.997, 0.000]",,[],"[1.000, 0.000, 0.000, 0.000, 0.000, 0.000, 0.000, 0.000]"
939,37.56,37.6,Gaeul,0.9999984502792358,Gaeul,[1.000],Leeseo,"[0.000, 0.000, 0.000, 0.000, 0.000, 0.999, 0.000]",,[],"[1.000, 0.000, 0.000, 0.000, 0.000, 0.000, 0.000, 0.000]"
940,37.6,37.64,Gaeul,0.9999986886978149,Gaeul,[1.000],Leeseo,"[0.000, 0.000, 0.000, 0.000, 0.000, 0.999, 0.000]",,[],"[1.000, 0.000, 0.000, 0.000, 0.000, 0.000, 0.000, 0.000]"
941,37.64,37.68,Gaeul,0.9999988079071045,Gaeul,[1.000],Leeseo,"[0.000, 0.000, 0.000, 0.000, 0.000, 1.000, 0.000]",,[],"[1.000, 0.000, 0.000, 0.000, 0.000, 0.000, 0.000, 0.000]"
942,37.68,37.72,Gaeul,0.9999988079071045,Gaeul,[1.000],Leeseo,"[0.000, 0.000, 0.000, 0.000, 0.000, 1.000, 0.000]",,[],"[1.000, 0.000, 0.000, 0.000, 0.000, 0.000, 0.000, 0.000]"
943,37.72,37.76,Gaeul,0.9999988079071045,Gaeul,[1.000],Leeseo,"[0.000, 0.000, 0.000, 0.000, 0.000, 1.000, 0.000]",,[],"[1.000, 0.000, 0.000, 0.000, 0.000, 0.000, 0.000, 0.000]"
944,37.76,37.8,Gaeul,0.9999988079071045,Gaeul,[1.000],Leeseo,"[0.000, 0.000, 0.000, 0.000, 0.000, 1.000, 0.000]",,[],"[1.000, 0.000, 0.000, 0.000, 0.000, 0.000, 0.000, 0.000]"
945,37.8,37.84,Gaeul,0.9999986886978149,Gaeul,[1.000],Leeseo,"[0.000, 0.000, 0.000, 0.000, 0.000, 1.000, 0.000]",,[],"[1.000, 0.000, 0.000, 0.000, 0.000, 0.000, 0.000, 0.000]"
946,37.84,37.88,Gaeul,0.9999984502792358,Gaeul,[1.000],Leeseo,"[0.000, 0.000, 0.000, 0.000, 0.000, 1.000, 0.000]",,[],"[1.000, 0.000, 0.000, 0.000, 0.000, 0.000, 0.000, 0.000]"
947,37.88,37.92,Gaeul,0.9999980926513672,Gaeul,[1.000],Leeseo,"[0.000, 0.000, 0.000, 0.000, 0.000, 1.000, 0.000]",,[],"[1.000, 0.000, 0.000, 0.000, 0.000, 0.000, 0.000, 0.000]"
948,37.92,37.96,Gaeul,0.999997615814209,Gaeul,[1.000],Leeseo,"[0.000, 0.000, 0.000, 0.000, 0.000, 1.000, 0.000]",,[],"[1.000, 0.000, 0.000, 0.000, 0.000, 0.000, 0.000, 0.000]"
949,37.96,38.0,Gaeul,0.9999969005584717,Gaeul,[1.000],Leeseo,"[0.000, 0.000, 0.000, 0.000, 0.000, 1.000, 0.000]",,[],"[1.000, 0.000, 0.000, 0.000, 0.000, 0.000, 0.000, 0.000]"
950,38.0,38.04,Gaeul,0.9999958276748657,Gaeul,[1.000],Leeseo,"[0.000, 0.000, 0.000, 0.000, 0.000, 1.000, 0.000]",,[],"[1.000, 0.000, 0.000, 0.000, 0.000, 0.000, 0.000, 0.000]"
951,38.04,38.08,Gaeul,0.999994158744812,Gaeul,[1.000],Leeseo,"[0.000, 0.000, 0.000, 0.000, 0.000, 1.000, 0.000]",,[],"[1.000, 0.000, 0.000, 0.000, 0.000, 0.000, 0.000, 0.000]"
952,38.08,38.12,Gaeul,0.999991774559021,Gaeul,[1.000],Leeseo,"[0.000, 0.000, 0.000, 0.000, 0.000, 1.000, 0.000]",,[],"[1.000, 0.000, 0.000, 0.000, 0.000, 0.000, 0.000, 0.000]"
953,38.12,38.16,Gaeul,0.9999880790710449,Gaeul,[1.000],Leeseo,"[0.000, 0.000, 0.000, 0.000, 0.000, 1.000, 0.000]",,[],"[1.000, 0.000, 0.000, 0.000, 0.000, 0.000, 0.000, 0.000]"
954,38.16,38.2,Gaeul,0.9999828338623047,Gaeul,[1.000],Leeseo,"[0.000, 0.000, 0.000, 0.000, 0.000, 1.000, 0.000]",,[],"[1.000, 0.000, 0.000, 0.000, 0.000, 0.000, 0.000, 0.000]"
955,38.2,38.24,Gaeul,0.999975323677063,Gaeul,[1.000],Leeseo,"[0.000, 0.000, 0.000, 0.000, 0.000, 1.000, 0.000]",,[],"[1.000, 0.000, 0.000, 0.000, 0.000, 0.000, 0.000, 0.000]"
956,38.24,38.28,Gaeul,0.9999653100967407,Gaeul,[1.000],Leeseo,"[0.000, 0.000, 0.000, 0.000, 0.000, 1.000, 0.000]",,[],"[1.000, 0.000, 0.000, 0.000, 0.000, 0.000, 0.000, 0.000]"
957,38.28,38.32,Gaeul,0.9999524354934692,Gaeul,[1.000],Leeseo,"[0.000, 0.000, 0.000, 0.000, 0.000, 1.000, 0.000]",,[],"[1.000, 0.000, 0.000, 0.000, 0.000, 0.000, 0.000, 0.000]"
958,38.32,38.36,Gaeul,0.9999370574951172,Gaeul,[1.000],Leeseo,"[0.000, 0.000, 0.000, 0.000, 0.000, 0.999, 0.000]",,[],"[1.000, 0.000, 0.000, 0.000, 0.000, 0.000, 0.000, 0.000]"
959,38.36,38.4,Gaeul,0.9999200105667114,Gaeul,[1.000],Leeseo,"[0.000, 0.000, 0.000, 0.000, 0.000, 0.999, 0.000]",,[],"[1.000, 0.000, 0.000, 0.000, 0.000, 0.000, 0.000, 0.000]"
960,38.4,38.44,Gaeul,0.9999030828475952,Gaeul,[1.000],Leeseo,"[0.000, 0.000, 0.000, 0.000, 0.000, 0.997, 0.000]",,[],"[1.000, 0.000, 0.000, 0.000, 0.000, 0.000, 0.000, 0.000]"
961,38.44,38.48,Gaeul,0.9998879432678223,Gaeul,[1.000],Leeseo,"[0.000, 0.000, 0.000, 0.000, 0.000, 0.993, 0.000]",,[],"[1.000, 0.000, 0.000, 0.000, 0.000, 0.000, 0.000, 0.000]"
962,38.48,38.52,Gaeul,0.9998761415481567,Gaeul,[1.000],Leeseo,"[0.000, 0.000, 0.000, 0.000, 0.000, 0.983, 0.000]",,[],"[1.000, 0.000, 0.000, 0.000, 0.000, 0.000, 0.000, 0.000]"
963,38.52,38.56,Gaeul,0.9998680353164673,Gaeul,[1.000],Leeseo,"[0.000, 0.000, 0.000, 0.000, 0.000, 0.957, 0.000]",,[],"[1.000, 0.000, 0.000, 0.000, 0.000, 0.000, 0.000, 0.000]"
964,38.56,38.6,Gaeul,0.9998637437820435,Gaeul,[1.000],Leeseo,"[0.000, 0.000, 0.000, 0.000, 0.000, 0.888, 0.000]",,[],"[1.000, 0.000, 0.000, 0.000, 0.000, 0.000, 0.000, 0.000]"
965,38.6,38.64,Gaeul,0.9998618364334106,Gaeul,[1.000],Leeseo,"[0.000, 0.000, 0.000, 0.000, 0.000, 0.730, 0.000]",,[],"[1.000, 0.000, 0.000, 0.000, 0.000, 0.000, 0.000, 0.000]"
966,38.64,38.68,Gaeul,0.9998610019683838,Gaeul,[1.000],Leeseo,"[0.000, 0.000, 0.000, 0.000, 0.000, 0.465, 0.000]",,[],"[1.000, 0.000, 0.000, 0.000, 0.000, 0.000, 0.000, 0.000]"
967,38.68,38.72,Gaeul,0.9998595714569092,Gaeul,[1.000],,[],,[],"[1.000, 0.000, 0.000, 0.000, 0.000, 0.000, 0.000, 0.000]"
968,38.72,38.76,Gaeul,0.9998557567596436,Gaeul,[1.000],,[],,[],"[1.000, 0.000, 0.000, 0.000, 0.000, 0.000, 0.000, 0.000]"
969,38.76,38.8,Gaeul,0.9998472929000854,Gaeul,[1.000],,[],,[],"[1.000, 0.000, 0.000, 0.000, 0.000, 0.000, 0.000, 0.000]"
970,38.8,38.84,Gaeul,0.9998316764831543,Gaeul,[1.000],,[],,[],"[1.000, 0.000, 0.000, 0.000, 0.000, 0.000, 0.000, 0.000]"
971,38.84,38.88,Gaeul,0.999804675579071,Gaeul,[1.000],,[],,[],"[1.000, 0.000, 0.000, 0.000, 0.000, 0.000, 0.000, 0.000]"
972,38.88,38.92,Gaeul,0.9997584223747253,Gaeul,[1.000],,[],,[],"[1.000, 0.000, 0.000, 0.000, 0.000, 0.000, 0.000, 0.000]"
973,38.92,38.96,Gaeul,0.9996782541275024,Gaeul,[1.000],,[],,[],"[1.000, 0.000, 0.000, 0.000, 0.000, 0.000, 0.000, 0.000]"
974,38.96,39.0,Gaeul,0.9995338916778564,Gaeul,[1.000],,[],,[],"[1.000, 0.000, 0.000, 0.000, 0.000, 0.000, 0.000, 0.000]"
975,39.0,39.04,Gaeul,0.9992623925209045,Gaeul,[0.999],,[],,[],"[0.999, 0.000, 0.000, 0.000, 0.000, 0.000, 0.000, 0.000]"
976,39.04,39.08,Gaeul,0.9987248778343201,Gaeul,[0.999],,[],,[],"[0.999, 0.000, 0.000, 0.000, 0.000, 0.000, 0.000, 0.000]"
977,39.08,39.12,Gaeul,0.9975946545600891,Gaeul,[0.998],,[],,[],"[0.998, 0.000, 0.000, 0.000, 0.000, 0.000, 0.000, 0.000]"
978,39.12,39.16,Gaeul,0.9950608611106873,Gaeul,[0.995],,[],,[],"[0.995, 0.000, 0.000, 0.000, 0.000, 0.000, 0.000, 0.000]"
979,39.16,39.2,Gaeul,0.989022970199585,Gaeul,[0.989],,[],,[],"[0.989, 0.000, 0.000, 0.000, 0.000, 0.000, 0.000, 0.000]"
980,39.2,39.24,Gaeul,0.9738842844963074,Gaeul,[0.974],,[],,[],"[0.974, 0.000, 0.000, 0.000, 0.000, 0.000, 0.000, 0.000]"
981,39.24,39.28,Gaeul,0.9348273873329163,Gaeul,[0.935],,[],,[],"[0.935, 0.000, 0.000, 0.000, 0.000, 0.000, 0.000, 0.000]"
982,39.28,39.32,Gaeul,0.8372215032577515,Gaeul,[0.837],,[],,[],"[0.837, 0.000, 0.000, 0.000, 0.000, 0.000, 0.000, 0.000]"
983,39.32,39.36,Gaeul,0.6336315870285034,Gaeul,[0.634],,[],,[],"[0.634, 0.000, 0.000, 0.000, 0.000, 0.000, 0.000, 0.000]"
984,39.36,39.4,silence,1.1526342859724537e-05,,[],,[],,[],"[0.355, 0.000, 0.000, 0.000, 0.000, 0.000, 0.000, 0.000]"
985,39.4,39.44,silence,1.066097684088163e-05,,[],,[],,[],"[0.143, 0.001, 0.000, 0.000, 0.000, 0.000, 0.000, 0.000]"
986,39.44,39.48,silence,1.0012920029112138e-05,,[],,[],,[],"[0.047, 0.002, 0.000, 0.000, 0.000, 0.000, 0.000, 0.000]"
987,39.48,39.52,silence,9.551446964906063e-06,,[],,[],,[],"[0.014, 0.008, 0.000, 0.000, 0.000, 0.000, 0.000, 0.000]"
988,39.52,39.56,silence,9.245627552445512e-06,,[],,[],,[],"[0.004, 0.029, 0.000, 0.000, 0.000, 0.000, 0.000, 0.000]"
989,39.56,39.6,silence,9.067650353244971e-06,,[],,[],,[],"[0.001, 0.095, 0.000, 0.000, 0.000, 0.000, 0.000, 0.000]"
990,39.6,39.64,silence,8.990078640636057e-06,,[],,[],,[],"[0.000, 0.266, 0.000, 0.000, 0.000, 0.000, 0.000, 0.000]"
991,39.64,39.68,Yujin,0.5457209944725037,Yujin,[0.546],,[],,[],"[0.000, 0.546, 0.000, 0.000, 0.000, 0.000, 0.000, 0.000]"
992,39.68,39.72,Yujin,0.7904713153839111,Yujin,[0.790],,[],,[],"[0.000, 0.790, 0.000, 0.000, 0.000, 0.000, 0.000, 0.000]"
993,39.72,39.76,Yujin,0.9176405072212219,Yujin,[0.918],,[],,[],"[0.000, 0.918, 0.000, 0.000, 0.000, 0.000, 0.000, 0.000]"
994,39.76,39.8,Yujin,0.9685310125350952,Yujin,[0.969],,[],,[],"[0.000, 0.969, 0.000, 0.000, 0.000, 0.000, 0.000, 0.000]"
995,39.8,39.84,Yujin,0.9875373244285583,Yujin,[0.988],,[],,[],"[0.000, 0.988, 0.000, 0.000, 0.000, 0.000, 0.000, 0.000]"
996,39.84,39.88,Yujin,0.994751513004303,Yujin,[0.995],,[],,[],"[0.000, 0.995, 0.000, 0.000, 0.000, 0.000, 0.000, 0.000]"
997,39.88,39.92,Yujin,0.9976224303245544,Yujin,[0.998],,[],,[],"[0.000, 0.998, 0.000, 0.000, 0.000, 0.000, 0.000, 0.000]"
998,39.92,39.96,Yujin,0.9988328814506531,Yujin,[0.999],,[],,[],"[0.000, 0.999, 0.000, 0.000, 0.000, 0.000, 0.000, 0.000]"
999,39.96,40.0,Yujin,0.9993763566017151,Yujin,[0.999],,[],,[],"[0.000, 0.999, 0.000, 0.000, 0.000, 0.000, 0.000, 0.000]"
1000,40.0,40.04,Yujin,0.9996360540390015,Yujin,[1.000],,[],,[],"[0.000, 1.000, 0.000, 0.000, 0.000, 0.000, 0.000, 0.000]"
1001,40.04,40.08,Yujin,0.9997673630714417,Yujin,[1.000],,[],,[],"[0.000, 1.000, 0.000, 0.000, 0.000, 0.000, 0.000, 0.000]"
1002,40.08,40.12,Yujin,0.9998372793197632,Yujin,[1.000],,[],,[],"[0.000, 1.000, 0.000, 0.000, 0.000, 0.000, 0.000, 0.000]"
1003,40.12,40.16,Yujin,0.9998762607574463,Yujin,[1.000],,[],,[],"[0.000, 1.000, 0.000, 0.000, 0.000, 0.000, 0.000, 0.000]"
1004,40.16,40.2,Yujin,0.9998980760574341,Yujin,[1.000],,[],,[],"[0.000, 1.000, 0.000, 0.000, 0.000, 0.000, 0.000, 0.000]"
1005,40.2,40.24,Yujin,0.9999096393585205,Yujin,[1.000],,[],,[],"[0.000, 1.000, 0.000, 0.000, 0.000, 0.000, 0.000, 0.000]"
1006,40.24,40.28,Yujin,0.999914288520813,Yujin,[1.000],,[],,[],"[0.000, 1.000, 0.000, 0.000, 0.000, 0.000, 0.000, 0.000]"
1007,40.28,40.32,Yujin,0.9999136924743652,Yujin,[1.000],,[],,[],"[0.000, 1.000, 0.000, 0.000, 0.000, 0.000, 0.000, 0.000]"
1008,40.32,40.36,Yujin,0.9999086856842041,Yujin,[1.000],,[],,[],"[0.000, 1.000, 0.000, 0.000, 0.000, 0.000, 0.000, 0.000]"
1009,40.36,40.4,Yujin,0.9998992681503296,Yujin,[1.000],,[],,[],"[0.000, 1.000, 0.000, 0.000, 0.000, 0.000, 0.000, 0.000]"
1010,40.4,40.44,Yujin,0.9998852014541626,Yujin,[1.000],,[],,[],"[0.000, 1.000, 0.000, 0.000, 0.000, 0.000, 0.000, 0.000]"
1011,40.44,40.48,Yujin,0.999866247177124,Yujin,[1.000],,[],,[],"[0.000, 1.000, 0.000, 0.000, 0.000, 0.000, 0.000, 0.000]"
1012,40.48,40.52,Yujin,0.9998425245285034,Yujin,[1.000],,[],,[],"[0.000, 1.000, 0.000, 0.000, 0.000, 0.000, 0.000, 0.000]"
1013,40.52,40.56,Yujin,0.9998149275779724,Yujin,[1.000],,[],,[],"[0.000, 1.000, 0.000, 0.000, 0.000, 0.000, 0.000, 0.000]"
1014,40.56,40.6,Yujin,0.9997846484184265,Yujin,[1.000],,[],,[],"[0.000, 1.000, 0.000, 0.000, 0.000, 0.000, 0.000, 0.000]"
1015,40.6,40.64,Yujin,0.9997532963752747,Yujin,[1.000],,[],,[],"[0.000, 1.000, 0.000, 0.000, 0.000, 0.000, 0.000, 0.000]"
1016,40.64,40.68,Yujin,0.9997221827507019,Yujin,[1.000],,[],,[],"[0.000, 1.000, 0.000, 0.000, 0.000, 0.000, 0.000, 0.000]"
1017,40.68,40.72,Yujin,0.9996926784515381,Yujin,[1.000],,[],,[],"[0.000, 1.000, 0.000, 0.000, 0.000, 0.000, 0.000, 0.000]"
1018,40.72,40.76,Yujin,0.9996664524078369,Yujin,[1.000],,[],,[],"[0.000, 1.000, 0.000, 0.000, 0.000, 0.000, 0.000, 0.000]"
1019,40.76,40.8,Yujin,0.9996459484100342,Yujin,[1.000],,[],,[],"[0.000, 1.000, 0.000, 0.000, 0.000, 0.000, 0.000, 0.000]"
1020,40.8,40.84,Yujin,0.9996329545974731,Yujin,[1.000],,[],,[],"[0.000, 1.000, 0.000, 0.000, 0.000, 0.000, 0.000, 0.000]"
1021,40.84,40.88,Yujin,0.999629020690918,Yujin,[1.000],,[],,[],"[0.000, 1.000, 0.000, 0.000, 0.000, 0.000, 0.000, 0.000]"
1022,40.88,40.92,Yujin,0.9996347427368164,Yujin,[1.000],,[],,[],"[0.000, 1.000, 0.000, 0.000, 0.000, 0.000, 0.000, 0.000]"
1023,40.92,40.96,Yujin,0.9996492862701416,Yujin,[1.000],,[],,[],"[0.000, 1.000, 0.000, 0.000, 0.000, 0.000, 0.000, 0.000]"
1024,40.96,41.0,Yujin,0.9996718168258667,Yujin,[1.000],,[],,[],"[0.000, 1.000, 0.000, 0.000, 0.000, 0.000, 0.000, 0.000]"
1025,41.0,41.04,Yujin,0.9997005462646484,Yujin,[1.000],,[],,[],"[0.000, 1.000, 0.000, 0.000, 0.000, 0.000, 0.000, 0.000]"
1026,41.04,41.08,Yujin,0.9997331500053406,Yujin,[1.000],,[],,[],"[0.000, 1.000, 0.000, 0.000, 0.000, 0.000, 0.000, 0.000]"
1027,41.08,41.12,Yujin,0.9997674822807312,Yujin,[1.000],,[],,[],"[0.000, 1.000, 0.000, 0.000, 0.000, 0.000, 0.000, 0.000]"
1028,41.12,41.16,Yujin,0.9998013377189636,Yujin,[1.000],,[],,[],"[0.000, 1.000, 0.000, 0.000, 0.000, 0.000, 0.000, 0.000]"
1029,41.16,41.2,Yujin,0.9998329877853394,Yujin,[1.000],,[],,[],"[0.000, 1.000, 0.000, 0.000, 0.000, 0.000, 0.000, 0.000]"
1030,41.2,41.24,Yujin,0.9998615980148315,Yujin,[1.000],,[],,[],"[0.000, 1.000, 0.000, 0.000, 0.000, 0.000, 0.000, 0.000]"
1031,41.24,41.28,Yujin,0.9998863935470581,Yujin,[1.000],,[],,[],"[0.000, 1.000, 0.000, 0.000, 0.000, 0.000, 0.000, 0.000]"
1032,41.28,41.32,Yujin,0.9999070167541504,Yujin,[1.000],,[],,[],"[0.000, 1.000, 0.000, 0.000, 0.000, 0.000, 0.000, 0.000]"
1033,41.32,41.36,Yujin,0.999923825263977,Yujin,[1.000],,[],,[],"[0.000, 1.000, 0.000, 0.000, 0.000, 0.000, 0.000, 0.000]"
1034,41.36,41.4,Yujin,0.9999375343322754,Yujin,[1.000],,[],,[],"[0.000, 1.000, 0.000, 0.000, 0.000, 0.000, 0.000, 0.000]"
1035,41.4,41.44,Yujin,0.9999485015869141,Yujin,[1.000],,[],,[],"[0.000, 1.000, 0.000, 0.000, 0.000, 0.000, 0.000, 0.000]"
1036,41.44,41.48,Yujin,0.9999570846557617,Yujin,[1.000],,[],,[],"[0.000, 1.000, 0.000, 0.000, 0.000, 0.000, 0.000, 0.000]"
1037,41.48,41.52,Yujin,0.9999637603759766,Yujin,[1.000],,[],,[],"[0.000, 1.000, 0.000, 0.000, 0.000, 0.000, 0.000, 0.000]"
1038,41.52,41.56,Yujin,0.9999688863754272,Yujin,[1.000],,[],,[],"[0.000, 1.000, 0.000, 0.000, 0.000, 0.000, 0.000, 0.000]"
1039,41.56,41.6,Yujin,0.9999725818634033,Yujin,[1.000],,[],,[],"[0.000, 1.000, 0.000, 0.000, 0.000, 0.000, 0.000, 0.000]"
1040,41.6,41.64,Yujin,0.9999752044677734,Yujin,[1.000],,[],,[],"[0.000, 1.000, 0.000, 0.000, 0.000, 0.000, 0.000, 0.000]"
1041,41.64,41.68,Yujin,0.9999768733978271,Yujin,[1.000],,[],,[],"[0.000, 1.000, 0.000, 0.000, 0.000, 0.000, 0.000, 0.000]"
1042,41.68,41.72,Yujin,0.9999778270721436,Yujin,[1.000],,[],,[],"[0.000, 1.000, 0.000, 0.000, 0.000, 0.000, 0.000, 0.000]"
1043,41.72,41.76,Yujin,0.9999780654907227,Yujin,[1.000],,[],,[],"[0.000, 1.000, 0.000, 0.000, 0.000, 0.000, 0.000, 0.000]"
1044,41.76,41.8,Yujin,0.999977707862854,Yujin,[1.000],,[],,[],"[0.000, 1.000, 0.000, 0.000, 0.000, 0.000, 0.000, 0.000]"
1045,41.8,41.84,Yujin,0.9999768733978271,Yujin,[1.000],,[],,[],"[0.000, 1.000, 0.000, 0.000, 0.000, 0.000, 0.000, 0.000]"
1046,41.84,41.88,Yujin,0.9999755620956421,Yujin,[1.000],,[],,[],"[0.000, 1.000, 0.000, 0.000, 0.000, 0.000, 0.000, 0.000]"
1047,41.88,41.92,Yujin,0.9999737739562988,Yujin,[1.000],,[],,[],"[0.000, 1.000, 0.000, 0.000, 0.000, 0.000, 0.000, 0.000]"
1048,41.92,41.96,Yujin,0.9999716281890869,Yujin,[1.000],,[],,[],"[0.000, 1.000, 0.000, 0.000, 0.000, 0.000, 0.000, 0.000]"
1049,41.96,42.0,Yujin,0.9999691247940063,Yujin,[1.000],,[],,[],"[0.000, 1.000, 0.000, 0.000, 0.000, 0.000, 0.000, 0.000]"
1050,42.0,42.04,Yujin,0.9999665021896362,Yujin,[1.000],,[],,[],"[0.000, 1.000, 0.000, 0.000, 0.000, 0.000, 0.000, 0.000]"
1051,42.04,42.08,Yujin,0.9999637603759766,Yujin,[1.000],,[],,[],"[0.000, 1.000, 0.000, 0.000, 0.000, 0.000, 0.000, 0.001]"
1052,42.08,42.12,Yujin,0.9999611377716064,Yujin,[1.000],,[],,[],"[0.000, 1.000, 0.000, 0.000, 0.000, 0.000, 0.000, 0.001]"
1053,42.12,42.16,Yujin,0.999958872795105,Yujin,[1.000],,[],,[],"[0.000, 1.000, 0.000, 0.000, 0.000, 0.000, 0.000, 0.001]"
1054,42.16,42.2,Yujin,0.9999570846557617,Yujin,[1.000],,[],,[],"[0.000, 1.000, 0.000, 0.000, 0.000, 0.000, 0.000, 0.001]"
1055,42.2,42.24,Yujin,0.9999558925628662,Yujin,[1.000],,[],,[],"[0.000, 1.000, 0.000, 0.000, 0.000, 0.000, 0.000, 0.001]"
1056,42.24,42.28,Yujin,0.9999556541442871,Yujin,[1.000],,[],,[],"[0.000, 1.000, 0.000, 0.000, 0.000, 0.000, 0.000, 0.001]"
1057,42.28,42.32,Yujin,0.9999562501907349,Yujin,[1.000],,[],,[],"[0.000, 1.000, 0.000, 0.000, 0.000, 0.000, 0.000, 0.001]"
1058,42.32,42.36,Yujin,0.999957799911499,Yujin,[1.000],,[],,[],"[0.000, 1.000, 0.000, 0.000, 0.000, 0.000, 0.000, 0.001]"
1059,42.36,42.4,Yujin,0.99996018409729,Yujin,[1.000],,[],,[],"[0.000, 1.000, 0.000, 0.000, 0.000, 0.000, 0.000, 0.001]"
1060,42.4,42.44,Yujin,0.9999634027481079,Yujin,[1.000],,[],,[],"[0.000, 1.000, 0.000, 0.000, 0.000, 0.000, 0.000, 0.001]"
1061,42.44,42.48,Yujin,0.9999672174453735,Yujin,[1.000],,[],,[],"[0.000, 1.000, 0.000, 0.000, 0.000, 0.000, 0.000, 0.001]"
1062,42.48,42.52,Yujin,0.9999715089797974,Yujin,[1.000],,[],,[],"[0.000, 1.000, 0.000, 0.000, 0.000, 0.000, 0.000, 0.001]"
1063,42.52,42.56,Yujin,0.9999756813049316,Yujin,[1.000],,[],,[],"[0.000, 1.000, 0.000, 0.000, 0.000, 0.000, 0.000, 0.001]"
1064,42.56,42.6,Yujin,0.9999798536300659,Yujin,[1.000],,[],,[],"[0.000, 1.000, 0.000, 0.000, 0.000, 0.000, 0.000, 0.001]"
1065,42.6,42.64,Yujin,0.999983549118042,Yujin,[1.000],,[],,[],"[0.000, 1.000, 0.000, 0.000, 0.000, 0.000, 0.000, 0.001]"
1066,42.64,42.68,Yujin,0.9999867677688599,Yujin,[1.000],,[],,[],"[0.000, 1.000, 0.000, 0.000, 0.000, 0.000, 0.000, 0.001]"
1067,42.68,42.72,Yujin,0.9999895095825195,Yujin,[1.000],,[],,[],"[0.000, 1.000, 0.000, 0.000, 0.000, 0.000, 0.000, 0.001]"
1068,42.72,42.76,Yujin,0.9999916553497314,Yujin,[1.000],,[],,[],"[0.000, 1.000, 0.000, 0.000, 0.000, 0.000, 0.000, 0.000]"
1069,42.76,42.8,Yujin,0.9999932050704956,Yujin,[1.000],,[],,[],"[0.000, 1.000, 0.000, 0.000, 0.000, 0.000, 0.000, 0.000]"
1070,42.8,42.84,Yujin,0.9999943971633911,Yujin,[1.000],,[],,[],"[0.000, 1.000, 0.000, 0.000, 0.000, 0.000, 0.000, 0.000]"
1071,42.84,42.88,Yujin,0.999995231628418,Yujin,[1.000],,[],,[],"[0.000, 1.000, 0.000, 0.000, 0.000, 0.000, 0.000, 0.000]"
1072,42.88,42.92,Yujin,0.9999957084655762,Yujin,[1.000],,[],,[],"[0.000, 1.000, 0.000, 0.000, 0.000, 0.000, 0.000, 0.000]"
1073,42.92,42.96,Yujin,0.9999959468841553,Yujin,[1.000],,[],,[],"[0.000, 1.000, 0.000, 0.000, 0.000, 0.000, 0.000, 0.000]"
1074,42.96,43.0,Yujin,0.9999959468841553,Yujin,[1.000],,[],,[],"[0.000, 1.000, 0.000, 0.000, 0.000, 0.000, 0.000, 0.000]"
1075,43.0,43.04,Yujin,0.9999957084655762,Yujin,[1.000],,[],,[],"[0.000, 1.000, 0.000, 0.000, 0.000, 0.000, 0.000, 0.000]"
1076,43.04,43.08,Yujin,0.9999949932098389,Yujin,[1.000],,[],,[],"[0.000, 1.000, 0.000, 0.000, 0.000, 0.000, 0.000, 0.000]"
1077,43.08,43.12,Yujin,0.9999940395355225,Yujin,[1.000],,[],,[],"[0.000, 1.000, 0.000, 0.000, 0.000, 0.000, 0.000, 0.000]"
1078,43.12,43.16,Yujin,0.9999923706054688,Yujin,[1.000],,[],,[],"[0.000, 1.000, 0.000, 0.000, 0.000, 0.000, 0.000, 0.000]"
1079,43.16,43.2,Yujin,0.9999897480010986,Yujin,[1.000],,[],,[],"[0.000, 1.000, 0.000, 0.000, 0.000, 0.000, 0.000, 0.000]"
1080,43.2,43.24,Yujin,0.9999858140945435,Yujin,[1.000],,[],,[],"[0.000, 1.000, 0.000, 0.000, 0.000, 0.000, 0.000, 0.000]"
1081,43.24,43.28,Yujin,0.9999796152114868,Yujin,[1.000],,[],,[],"[0.000, 1.000, 0.000, 0.000, 0.000, 0.000, 0.000, 0.000]"
1082,43.28,43.32,Yujin,0.9999699592590332,Yujin,[1.000],,[],,[],"[0.000, 1.000, 0.000, 0.000, 0.000, 0.000, 0.000, 0.000]"
1083,43.32,43.36,Yujin,0.9999551773071289,Yujin,[1.000],,[],,[],"[0.000, 1.000, 0.000, 0.000, 0.000, 0.000, 0.000, 0.000]"
1084,43.36,43.4,Yujin,0.9999324083328247,Yujin,[1.000],,[],,[],"[0.000, 1.000, 0.000, 0.000, 0.000, 0.000, 0.000, 0.000]"
1085,43.4,43.44,Yujin,0.9998984336853027,Yujin,[1.000],,[],,[],"[0.000, 1.000, 0.000, 0.000, 0.000, 0.000, 0.000, 0.000]"
1086,43.44,43.48,Yujin,0.9998493194580078,Yujin,[1.000],,[],,[],"[0.000, 1.000, 0.000, 0.000, 0.000, 0.000, 0.000, 0.000]"
1087,43.48,43.52,Yujin,0.9997811913490295,Yujin,[1.000],,[],,[],"[0.000, 1.000, 0.000, 0.000, 0.000, 0.000, 0.000, 0.000]"
1088,43.52,43.56,Yujin,0.999691367149353,Yujin,[1.000],,[],,[],"[0.000, 1.000, 0.000, 0.000, 0.000, 0.000, 0.000, 0.000]"
1089,43.56,43.6,Yujin,0.9995808005332947,Yujin,[1.000],,[],,[],"[0.000, 1.000, 0.000, 0.000, 0.000, 0.000, 0.000, 0.000]"
1090,43.6,43.64,Yujin,0.9994563460350037,Yujin,[0.999],,[],,[],"[0.000, 0.999, 0.000, 0.000, 0.000, 0.000, 0.000, 0.000]"
1091,43.64,43.68,Yujin,0.9993307590484619,Yujin,[0.999],,[],,[],"[0.000, 0.999, 0.000, 0.000, 0.000, 0.000, 0.000, 0.000]"
1092,43.68,43.72,Yujin,0.9992201328277588,Yujin,[0.999],,[],,[],"[0.000, 0.999, 0.000, 0.000, 0.000, 0.000, 0.000, 0.000]"
1093,43.72,43.76,Yujin,0.9991410970687866,Yujin,[0.999],,[],,[],"[0.000, 0.999, 0.000, 0.000, 0.000, 0.000, 0.000, 0.000]"
1094,43.76,43.8,Yujin,0.9991080164909363,Yujin,[0.999],,[],,[],"[0.000, 0.999, 0.000, 0.000, 0.000, 0.000, 0.000, 0.000]"
1095,43.8,43.84,Yujin,0.9991278052330017,Yujin,[0.999],,[],,[],"[0.000, 0.999, 0.000, 0.000, 0.000, 0.000, 0.000, 0.000]"
1096,43.84,43.88,Yujin,0.999195396900177,Yujin,[0.999],,[],,[],"[0.000, 0.999, 0.000, 0.000, 0.000, 0.000, 0.000, 0.000]"
1097,43.88,43.92,Yujin,0.9992971420288086,Yujin,[0.999],,[],,[],"[0.000, 0.999, 0.000, 0.000, 0.000, 0.000, 0.000, 0.000]"
1098,43.92,43.96,Yujin,0.9994164705276489,Yujin,[0.999],,[],,[],"[0.000, 0.999, 0.000, 0.000, 0.000, 0.000, 0.000, 0.000]"
1099,43.96,44.0,Yujin,0.9995375871658325,Yujin,[1.000],,[],,[],"[0.000, 1.000, 0.000, 0.000, 0.000, 0.000, 0.000, 0.000]"
1100,44.0,44.04,Yujin,0.9996485710144043,Yujin,[1.000],,[],,[],"[0.000, 1.000, 0.000, 0.000, 0.000, 0.000, 0.000, 0.000]"
1101,44.04,44.08,Yujin,0.9997428059577942,Yujin,[1.000],,[],,[],"[0.000, 1.000, 0.000, 0.000, 0.000, 0.000, 0.000, 0.000]"
1102,44.08,44.12,Yujin,0.9998177886009216,Yujin,[1.000],,[],,[],"[0.000, 1.000, 0.000, 0.000, 0.000, 0.000, 0.000, 0.000]"
1103,44.12,44.16,Yujin,0.9998741149902344,Yujin,[1.000],,[],,[],"[0.000, 1.000, 0.000, 0.000, 0.000, 0.000, 0.000, 0.000]"
1104,44.16,44.2,Yujin,0.9999147653579712,Yujin,[1.000],,[],,[],"[0.000, 1.000, 0.000, 0.000, 0.000, 0.000, 0.000, 0.000]"
1105,44.2,44.24,Yujin,0.9999431371688843,Yujin,[1.000],,[],,[],"[0.000, 1.000, 0.000, 0.000, 0.000, 0.000, 0.000, 0.000]"
1106,44.24,44.28,Yujin,0.9999624490737915,Yujin,[1.000],,[],,[],"[0.000, 1.000, 0.000, 0.000, 0.000, 0.000, 0.000, 0.000]"
1107,44.28,44.32,Yujin,0.9999752044677734,Yujin,[1.000],,[],,[],"[0.000, 1.000, 0.000, 0.000, 0.000, 0.000, 0.000, 0.000]"
1108,44.32,44.36,Yujin,0.999983549118042,Yujin,[1.000],,[],,[],"[0.000, 1.000, 0.000, 0.000, 0.000, 0.000, 0.000, 0.000]"
1109,44.36,44.4,Yujin,0.9999890327453613,Yujin,[1.000],,[],,[],"[0.000, 1.000, 0.000, 0.000, 0.000, 0.000, 0.000, 0.000]"
1110,44.4,44.44,Yujin,0.9999926090240479,Yujin,[1.000],,[],,[],"[0.000, 1.000, 0.000, 0.000, 0.000, 0.000, 0.000, 0.000]"
1111,44.44,44.48,Yujin,0.9999948740005493,Yujin,[1.000],,[],,[],"[0.000, 1.000, 0.000, 0.000, 0.000, 0.000, 0.000, 0.000]"
1112,44.48,44.52,Yujin,0.9999963045120239,Yujin,[1.000],,[],,[],"[0.000, 1.000, 0.000, 0.000, 0.000, 0.000, 0.000, 0.000]"
1113,44.52,44.56,Yujin,0.9999972581863403,Yujin,[1.000],,[],,[],"[0.000, 1.000, 0.000, 0.000, 0.000, 0.000, 0.000, 0.000]"
1114,44.56,44.6,Yujin,0.9999978542327881,Yujin,[1.000],,[],,[],"[0.000, 1.000, 0.000, 0.000, 0.000, 0.000, 0.000, 0.000]"
1115,44.6,44.64,Yujin,0.9999983310699463,Yujin,[1.000],,[],,[],"[0.000, 1.000, 0.000, 0.000, 0.000, 0.000, 0.000, 0.000]"
1116,44.64,44.68,Yujin,0.9999985694885254,Yujin,[1.000],,[],,[],"[0.000, 1.000, 0.000, 0.000, 0.000, 0.000, 0.000, 0.000]"
1117,44.68,44.72,Yujin,0.9999986886978149,Yujin,[1.000],,[],,[],"[0.000, 1.000, 0.000, 0.000, 0.000, 0.000, 0.000, 0.000]"
1118,44.72,44.76,Yujin,0.9999986886978149,Yujin,[1.000],,[],,[],"[0.000, 1.000, 0.000, 0.000, 0.000, 0.000, 0.000, 0.000]"
1119,44.76,44.8,Yujin,0.9999986886978149,Yujin,[1.000],,[],,[],"[0.000, 1.000, 0.000, 0.000, 0.000, 0.000, 0.000, 0.000]"
1120,44.8,44.84,Yujin,0.9999986886978149,Yujin,[1.000],,[],,[],"[0.000, 1.000, 0.000, 0.000, 0.000, 0.000, 0.000, 0.000]"
1121,44.84,44.88,Yujin,0.9999986886978149,Yujin,[1.000],,[],,[],"[0.000, 1.000, 0.000, 0.000, 0.000, 0.000, 0.000, 0.000]"
1122,44.88,44.92,Yujin,0.9999985694885254,Yujin,[1.000],,[],,[],"[0.000, 1.000, 0.000, 0.000, 0.000, 0.000, 0.000, 0.000]"
1123,44.92,44.96,Yujin,0.9999985694885254,Yujin,[1.000],,[],,[],"[0.000, 1.000, 0.000, 0.000, 0.000, 0.000, 0.000, 0.000]"
1124,44.96,45.0,Yujin,0.9999984502792358,Yujin,[1.000],,[],,[],"[0.000, 1.000, 0.000, 0.000, 0.000, 0.000, 0.000, 0.000]"
1125,45.0,45.04,Yujin,0.9999984502792358,Yujin,[1.000],,[],,[],"[0.000, 1.000, 0.000, 0.000, 0.000, 0.000, 0.000, 0.000]"
1126,45.04,45.08,Yujin,0.9999983310699463,Yujin,[1.000],,[],,[],"[0.000, 1.000, 0.000, 0.000, 0.000, 0.000, 0.000, 0.000]"
1127,45.08,45.12,Yujin,0.9999983310699463,Yujin,[1.000],,[],,[],"[0.000, 1.000, 0.000, 0.000, 0.000, 0.000, 0.000, 0.000]"
1128,45.12,45.16,Yujin,0.9999983310699463,Yujin,[1.000],,[],,[],"[0.000, 1.000, 0.000, 0.000, 0.000, 0.000, 0.000, 0.000]"
1129,45.16,45.2,Yujin,0.9999984502792358,Yujin,[1.000],,[],,[],"[0.000, 1.000, 0.000, 0.000, 0.000, 0.000, 0.000, 0.000]"
1130,45.2,45.24,Yujin,0.9999984502792358,Yujin,[1.000],,[],,[],"[0.000, 1.000, 0.000, 0.000, 0.000, 0.000, 0.000, 0.000]"
1131,45.24,45.28,Yujin,0.9999985694885254,Yujin,[1.000],,[],,[],"[0.000, 1.000, 0.000, 0.000, 0.000, 0.000, 0.000, 0.000]"
1132,45.28,45.32,Yujin,0.9999986886978149,Yujin,[1.000],,[],,[],"[0.000, 1.000, 0.000, 0.000, 0.000, 0.000, 0.000, 0.000]"
1133,45.32,45.36,Yujin,0.9999988079071045,Yujin,[1.000],,[],,[],"[0.000, 1.000, 0.000, 0.000, 0.000, 0.000, 0.000, 0.000]"
1134,45.36,45.4,Yujin,0.999998927116394,Yujin,[1.000],,[],,[],"[0.000, 1.000, 0.000, 0.000, 0.000, 0.000, 0.000, 0.000]"
1135,45.4,45.44,Yujin,0.9999990463256836,Yujin,[1.000],,[],,[],"[0.000, 1.000, 0.000, 0.000, 0.000, 0.000, 0.000, 0.000]"
1136,45.44,45.48,Yujin,0.9999991655349731,Yujin,[1.000],,[],,[],"[0.000, 1.000, 0.000, 0.000, 0.000, 0.000, 0.000, 0.000]"
1137,45.48,45.52,Yujin,0.9999992847442627,Yujin,[1.000],,[],,[],"[0.000, 1.000, 0.000, 0.000, 0.000, 0.000, 0.000, 0.000]"
1138,45.52,45.56,Yujin,0.9999992847442627,Yujin,[1.000],,[],,[],"[0.000, 1.000, 0.000, 0.000, 0.000, 0.000, 0.000, 0.000]"
1139,45.56,45.6,Yujin,0.9999994039535522,Yujin,[1.000],,[],,[],"[0.000, 1.000, 0.000, 0.000, 0.000, 0.000, 0.000, 0.000]"
1140,45.6,45.64,Yujin,0.9999995231628418,Yujin,[1.000],,[],,[],"[0.000, 1.000, 0.000, 0.000, 0.000, 0.000, 0.000, 0.000]"
1141,45.64,45.68,Yujin,0.9999996423721313,Yujin,[1.000],,[],,[],"[0.000, 1.000, 0.000, 0.000, 0.000, 0.000, 0.000, 0.000]"
1142,45.68,45.72,Yujin,0.9999996423721313,Yujin,[1.000],,[],,[],"[0.000, 1.000, 0.000, 0.000, 0.000, 0.000, 0.000, 0.000]"
1143,45.72,45.76,Yujin,0.9999997615814209,Yujin,[1.000],,[],,[],"[0.000, 1.000, 0.000, 0.000, 0.000, 0.000, 0.000, 0.000]"
1144,45.76,45.8,Yujin,0.9999997615814209,Yujin,[1.000],,[],,[],"[0.000, 1.000, 0.000, 0.000, 0.000, 0.000, 0.000, 0.000]"
1145,45.8,45.84,Yujin,0.9999997615814209,Yujin,[1.000],,[],,[],"[0.000, 1.000, 0.000, 0.000, 0.000, 0.000, 0.000, 0.000]"
1146,45.84,45.88,Yujin,0.9999998807907104,Yujin,[1.000],,[],,[],"[0.000, 1.000, 0.000, 0.000, 0.000, 0.000, 0.000, 0.000]"
1147,45.88,45.92,Yujin,0.9999998807907104,Yujin,[1.000],,[],,[],"[0.000, 1.000, 0.000, 0.000, 0.000, 0.000, 0.000, 0.000]"
1148,45.92,45.96,Yujin,0.9999998807907104,Yujin,[1.000],,[],,[],"[0.000, 1.000, 0.000, 0.000, 0.000, 0.000, 0.000, 0.000]"
1149,45.96,46.0,Yujin,0.9999998807907104,Yujin,[1.000],,[],,[],"[0.000, 1.000, 0.000, 0.000, 0.000, 0.000, 0.000, 0.000]"
1150,46.0,46.04,Yujin,0.9999998807907104,Yujin,[1.000],,[],,[],"[0.000, 1.000, 0.000, 0.000, 0.000, 0.000, 0.000, 0.000]"
1151,46.04,46.08,Yujin,0.9999998807907104,Yujin,[1.000],,[],,[],"[0.000, 1.000, 0.000, 0.000, 0.000, 0.000, 0.000, 0.000]"
1152,46.08,46.12,Yujin,0.9999998807907104,Yujin,[1.000],,[],,[],"[0.000, 1.000, 0.000, 0.000, 0.000, 0.000, 0.000, 0.000]"
1153,46.12,46.16,Yujin,0.9999998807907104,Yujin,[1.000],,[],,[],"[0.000, 1.000, 0.000, 0.000, 0.000, 0.000, 0.000, 0.000]"
1154,46.16,46.2,Yujin,0.9999998807907104,Yujin,[1.000],,[],,[],"[0.000, 1.000, 0.000, 0.000, 0.000, 0.000, 0.000, 0.000]"
1155,46.2,46.24,Yujin,1.0,Yujin,[1.000],,[],,[],"[0.000, 1.000, 0.000, 0.000, 0.000, 0.000, 0.000, 0.000]"
1156,46.24,46.28,Yujin,1.0,Yujin,[1.000],,[],,[],"[0.000, 1.000, 0.000, 0.000, 0.000, 0.000, 0.000, 0.000]"
1157,46.28,46.32,Yujin,1.0,Yujin,[1.000],,[],,[],"[0.000, 1.000, 0.000, 0.000, 0.000, 0.000, 0.000, 0.000]"
1158,46.32,46.36,Yujin,1.0,Yujin,[1.000],,[],,[],"[0.000, 1.000, 0.000, 0.000, 0.000, 0.000, 0.000, 0.000]"
1159,46.36,46.4,Yujin,1.0,Yujin,[1.000],,[],,[],"[0.000, 1.000, 0.000, 0.000, 0.000, 0.000, 0.000, 0.000]"
1160,46.4,46.44,Yujin,1.0,Yujin,[1.000],,[],,[],"[0.000, 1.000, 0.000, 0.000, 0.000, 0.000, 0.000, 0.000]"
1161,46.44,46.48,Yujin,1.0,Yujin,[1.000],,[],,[],"[0.000, 1.000, 0.000, 0.000, 0.000, 0.000, 0.000, 0.000]"
1162,46.48,46.52,Yujin,1.0,Yujin,[1.000],,[],,[],"[0.000, 1.000, 0.000, 0.000, 0.000, 0.000, 0.000, 0.000]"
1163,46.52,46.56,Yujin,0.9999998807907104,Yujin,[1.000],,[],,[],"[0.000, 1.000, 0.000, 0.000, 0.000, 0.000, 0.000, 0.000]"
1164,46.56,46.6,Yujin,0.9999998807907104,Yujin,[1.000],,[],,[],"[0.000, 1.000, 0.000, 0.000, 0.000, 0.000, 0.000, 0.000]"
1165,46.6,46.64,Yujin,0.9999998807907104,Yujin,[1.000],,[],,[],"[0.000, 1.000, 0.000, 0.000, 0.000, 0.000, 0.000, 0.000]"
1166,46.64,46.68,Yujin,0.9999998807907104,Yujin,[1.000],,[],,[],"[0.000, 1.000, 0.000, 0.000, 0.000, 0.000, 0.000, 0.000]"
1167,46.68,46.72,Yujin,0.9999998807907104,Yujin,[1.000],,[],,[],"[0.000, 1.000, 0.000, 0.000, 0.000, 0.000, 0.000, 0.000]"
1168,46.72,46.76,Yujin,0.9999998807907104,Yujin,[1.000],,[],,[],"[0.000, 1.000, 0.000, 0.000, 0.000, 0.000, 0.000, 0.000]"
1169,46.76,46.8,Yujin,0.9999997615814209,Yujin,[1.000],,[],,[],"[0.000, 1.000, 0.000, 0.000, 0.000, 0.000, 0.000, 0.000]"
1170,46.8,46.84,Yujin,0.9999997615814209,Yujin,[1.000],,[],,[],"[0.000, 1.000, 0.000, 0.000, 0.000, 0.000, 0.000, 0.000]"
1171,46.84,46.88,Yujin,0.9999996423721313,Yujin,[1.000],,[],,[],"[0.000, 1.000, 0.000, 0.000, 0.000, 0.000, 0.000, 0.000]"
1172,46.88,46.92,Yujin,0.9999995231628418,Yujin,[1.000],,[],,[],"[0.000, 1.000, 0.000, 0.000, 0.000, 0.000, 0.000, 0.000]"
1173,46.92,46.96,Yujin,0.9999994039535522,Yujin,[1.000],,[],,[],"[0.000, 1.000, 0.000, 0.000, 0.000, 0.000, 0.000, 0.000]"
1174,46.96,47.0,Yujin,0.9999991655349731,Yujin,[1.000],,[],,[],"[0.000, 1.000, 0.000, 0.000, 0.000, 0.000, 0.000, 0.000]"
1175,47.0,47.04,Yujin,0.999998927116394,Yujin,[1.000],,[],,[],"[0.000, 1.000, 0.000, 0.000, 0.000, 0.000, 0.000, 0.000]"
1176,47.04,47.08,Yujin,0.9999985694885254,Yujin,[1.000],,[],,[],"[0.000, 1.000, 0.000, 0.000, 0.000, 0.000, 0.000, 0.000]"
1177,47.08,47.12,Yujin,0.9999980926513672,Yujin,[1.000],,[],,[],"[0.000, 1.000, 0.000, 0.000, 0.000, 0.000, 0.000, 0.000]"
1178,47.12,47.16,Yujin,0.9999974966049194,Yujin,[1.000],,[],,[],"[0.000, 1.000, 0.000, 0.000, 0.000, 0.000, 0.000, 0.000]"
1179,47.16,47.2,Yujin,0.9999966621398926,Yujin,[1.000],,[],,[],"[0.000, 1.000, 0.000, 0.000, 0.000, 0.000, 0.000, 0.000]"
1180,47.2,47.24,Yujin,0.9999957084655762,Yujin,[1.000],,[],,[],"[0.000, 1.000, 0.000, 0.000, 0.000, 0.000, 0.000, 0.000]"
1181,47.24,47.28,Yujin,0.9999945163726807,Yujin,[1.000],,[],,[],"[0.000, 1.000, 0.000, 0.000, 0.000, 0.000, 0.000, 0.000]"
1182,47.28,47.32,Yujin,0.999993085861206,Yujin,[1.000],,[],,[],"[0.000, 1.000, 0.000, 0.000, 0.000, 0.000, 0.000, 0.000]"
1183,47.32,47.36,Yujin,0.9999915361404419,Yujin,[1.000],,[],,[],"[0.000, 1.000, 0.000, 0.000, 0.000, 0.000, 0.000, 0.000]"
1184,47.36,47.4,Yujin,0.9999898672103882,Yujin,[1.000],,[],,[],"[0.000, 1.000, 0.000, 0.000, 0.000, 0.000, 0.000, 0.000]"
1185,47.4,47.44,Yujin,0.9999881982803345,Yujin,[1.000],,[],,[],"[0.000, 1.000, 0.000, 0.000, 0.000, 0.000, 0.000, 0.000]"
1186,47.44,47.48,Yujin,0.9999862909317017,Yujin,[1.000],,[],,[],"[0.000, 1.000, 0.000, 0.000, 0.000, 0.000, 0.000, 0.000]"
1187,47.48,47.52,Yujin,0.9999845027923584,Yujin,[1.000],,[],,[],"[0.000, 1.000, 0.000, 0.000, 0.000, 0.000, 0.000, 0.000]"
1188,47.52,47.56,Yujin,0.9999827146530151,Yujin,[1.000],,[],,[],"[0.000, 1.000, 0.000, 0.000, 0.000, 0.000, 0.000, 0.000]"
1189,47.56,47.6,Yujin,0.9999808073043823,Yujin,[1.000],,[],,[],"[0.000, 1.000, 0.000, 0.000, 0.000, 0.000, 0.000, 0.000]"
1190,47.6,47.64,Yujin,0.9999790191650391,Yujin,[1.000],,[],,[],"[0.000, 1.000, 0.000, 0.000, 0.000, 0.000, 0.000, 0.000]"
1191,47.64,47.68,Yujin,0.9999772310256958,Yujin,[1.000],,[],,[],"[0.000, 1.000, 0.000, 0.000, 0.000, 0.000, 0.000, 0.000]"
1192,47.68,47.72,Yujin,0.9999754428863525,Yujin,[1.000],,[],,[],"[0.000, 1.000, 0.000, 0.000, 0.000, 0.000, 0.000, 0.000]"
1193,47.72,47.76,Yujin,0.9999737739562988,Yujin,[1.000],,[],,[],"[0.000, 1.000, 0.000, 0.000, 0.000, 0.000, 0.000, 0.000]"
1194,47.76,47.8,Yujin,0.9999717473983765,Yujin,[1.000],,[],,[],"[0.000, 1.000, 0.000, 0.000, 0.000, 0.000, 0.000, 0.000]"
1195,47.8,47.84,Yujin,0.9999693632125854,Yujin,[1.000],,[],,[],"[0.000, 1.000, 0.000, 0.000, 0.000, 0.000, 0.000, 0.000]"
1196,47.84,47.88,Yujin,0.9999662637710571,Yujin,[1.000],,[],,[],"[0.000, 1.000, 0.000, 0.000, 0.000, 0.000, 0.000, 0.000]"
1197,47.88,47.92,Yujin,0.9999622106552124,Yujin,[1.000],,[],,[],"[0.000, 1.000, 0.000, 0.000, 0.000, 0.000, 0.000, 0.000]"
1198,47.92,47.96,Yujin,0.9999569654464722,Yujin,[1.000],,[],,[],"[0.000, 1.000, 0.000, 0.000, 0.000, 0.000, 0.000, 0.000]"
1199,47.96,48.0,Yujin,0.9999499320983887,Yujin,[1.000],,[],,[],"[0.000, 1.000, 0.000, 0.000, 0.000, 0.000, 0.000, 0.000]"
1200,48.0,48.04,Yujin,0.9999406337738037,Yujin,[1.000],,[],,[],"[0.000, 1.000, 0.000, 0.000, 0.000, 0.000, 0.000, 0.000]"
1201,48.04,48.08,Yujin,0.9999279975891113,Yujin,[1.000],,[],,[],"[0.000, 1.000, 0.000, 0.000, 0.000, 0.000, 0.000, 0.000]"
1202,48.08,48.12,Yujin,0.9999107122421265,Yujin,[1.000],,[],,[],"[0.000, 1.000, 0.000, 0.000, 0.000, 0.000, 0.000, 0.000]"
1203,48.12,48.16,Yujin,0.9998866319656372,Yujin,[1.000],,[],,[],"[0.000, 1.000, 0.000, 0.000, 0.000, 0.000, 0.000, 0.000]"
1204,48.16,48.2,Yujin,0.9998522996902466,Yujin,[1.000],,[],,[],"[0.000, 1.000, 0.000, 0.000, 0.000, 0.000, 0.000, 0.000]"
1205,48.2,48.24,Yujin,0.9998019337654114,Yujin,[1.000],,[],,[],"[0.000, 1.000, 0.000, 0.000, 0.000, 0.000, 0.000, 0.000]"
1206,48.24,48.28,Yujin,0.9997257590293884,Yujin,[1.000],,[],,[],"[0.000, 1.000, 0.000, 0.000, 0.000, 0.000, 0.000, 0.000]"
1207,48.28,48.32,Yujin,0.9996057152748108,Yujin,[1.000],,[],,[],"[0.000, 1.000, 0.000, 0.000, 0.000, 0.000, 0.000, 0.000]"
1208,48.32,48.36,Yujin,0.9994120597839355,Yujin,[0.999],,[],,[],"[0.000, 0.999, 0.000, 0.000, 0.000, 0.000, 0.000, 0.000]"
1209,48.36,48.4,Yujin,0.9990947246551514,Yujin,[0.999],,[],,[],"[0.000, 0.999, 0.000, 0.000, 0.000, 0.000, 0.001, 0.000]"
1210,48.4,48.44,Yujin,0.9985650181770325,Yujin,[0.999],,[],,[],"[0.000, 0.999, 0.000, 0.000, 0.000, 0.000, 0.001, 0.000]"
1211,48.44,48.48,Yujin,0.9976625442504883,Yujin,[0.998],,[],,[],"[0.000, 0.998, 0.000, 0.000, 0.000, 0.000, 0.002, 0.000]"
1212,48.48,48.52,Yujin,0.9961024522781372,Yujin,[0.996],,[],,[],"[0.000, 0.996, 0.000, 0.000, 0.000, 0.000, 0.003, 0.000]"
1213,48.52,48.56,Yujin,0.9933539628982544,Yujin,[0.993],,[],,[],"[0.000, 0.993, 0.000, 0.000, 0.000, 0.000, 0.004, 0.000]"
1214,48.56,48.6,Yujin,0.9884287714958191,Yujin,[0.988],,[],,[],"[0.000, 0.988, 0.000, 0.000, 0.000, 0.000, 0.005, 0.000]"
1215,48.6,48.64,Yujin,0.9795069098472595,Yujin,[0.980],,[],,[],"[0.000, 0.980, 0.000, 0.000, 0.000, 0.000, 0.007, 0.001]"
1216,48.64,48.68,Yujin,0.9632273316383362,Yujin,[0.963],,[],,[],"[0.000, 0.963, 0.000, 0.000, 0.000, 0.000, 0.009, 0.001]"
1217,48.68,48.72,Yujin,0.9337055087089539,Yujin,[0.934],,[],,[],"[0.000, 0.934, 0.000, 0.000, 0.000, 0.000, 0.010, 0.001]"
1218,48.72,48.76,Yujin,0.8815653920173645,Yujin,[0.882],,[],,[],"[0.000, 0.882, 0.000, 0.000, 0.000, 0.000, 0.011, 0.001]"
1219,48.76,48.8,Yujin,0.794365406036377,Yujin,[0.794],,[],,[],"[0.000, 0.794, 0.000, 0.000, 0.000, 0.000, 0.011, 0.001]"
1220,48.8,48.84,Yujin,0.6626326441764832,Yujin,[0.663],,[],,[],"[0.000, 0.663, 0.000, 0.000, 0.000, 0.000, 0.011, 0.001]"
1221,48.84,48.88,Yujin,0.4939000606536865,Yujin,[0.494],,[],,[],"[0.000, 0.494, 0.000, 0.000, 0.000, 0.000, 0.009, 0.002]"
1222,48.88,48.92,silence,0.002110204892233014,,[],,[],,[],"[0.000, 0.320, 0.000, 0.000, 0.000, 0.000, 0.008, 0.002]"
1223,48.92,48.96,silence,0.0025050663389265537,,[],,[],,[],"[0.000, 0.180, 0.000, 0.000, 0.000, 0.000, 0.006, 0.003]"
1224,48.96,49.0,silence,0.002928943606093526,,[],,[],,[],"[0.000, 0.090, 0.000, 0.000, 0.000, 0.000, 0.004, 0.003]"
1225,49.0,49.04,silence,0.0033638710156083107,,[],,[],,[],"[0.000, 0.041, 0.000, 0.000, 0.000, 0.000, 0.003, 0.003]"
1226,49.04,49.08,silence,0.0037890179082751274,,[],,[],,[],"[0.000, 0.018, 0.001, 0.000, 0.000, 0.000, 0.002, 0.004]"
1227,49.08,49.12,silence,0.0041900440119206905,,[],,[],,[],"[0.000, 0.007, 0.001, 0.000, 0.000, 0.000, 0.001, 0.004]"
1228,49.12,49.16,silence,0.004550790414214134,,[],,[],,[],"[0.000, 0.003, 0.004, 0.000, 0.000, 0.000, 0.001, 0.005]"
1229,49.16,49.2,silence,0.004855027422308922,,[],,[],,[],"[0.000, 0.001, 0.009, 0.000, 0.000, 0.000, 0.000, 0.005]"
1230,49.2,49.24,silence,0.005090333521366119,,[],,[],,[],"[0.000, 0.000, 0.026, 0.000, 0.000, 0.000, 0.000, 0.005]"
1231,49.24,49.28,silence,0.005250516347587109,,[],,[],,[],"[0.000, 0.000, 0.077, 0.000, 0.000, 0.000, 0.000, 0.005]"
1232,49.28,49.32,silence,0.005331145599484444,,[],,[],,[],"[0.000, 0.000, 0.211, 0.000, 0.000, 0.000, 0.000, 0.005]"
1233,49.32,49.36,silence,0.005331340711563826,,[],,[],,[],"[0.000, 0.000, 0.474, 0.000, 0.000, 0.000, 0.000, 0.005]"
1234,49.36,49.4,Rei,0.7583457827568054,Rei,[0.758],,[],,[],"[0.000, 0.000, 0.758, 0.000, 0.000, 0.000, 0.000, 0.005]"
1235,49.4,49.44,Rei,0.9179796576499939,Rei,[0.918],,[],,[],"[0.000, 0.000, 0.918, 0.000, 0.000, 0.000, 0.000, 0.005]"
1236,49.44,49.48,Rei,0.9758663773536682,Rei,[0.976],,[],,[],"[0.000, 0.000, 0.976, 0.000, 0.000, 0.000, 0.000, 0.005]"
1237,49.48,49.52,Rei,0.9932082295417786,Rei,[0.993],,[],,[],"[0.000, 0.000, 0.993, 0.000, 0.000, 0.000, 0.000, 0.005]"
1238,49.52,49.56,Rei,0.9980905652046204,Rei,[0.998],,[],,[],"[0.000, 0.000, 0.998, 0.000, 0.000, 0.000, 0.000, 0.004]"
1239,49.56,49.6,Rei,0.9994521737098694,Rei,[0.999],,[],,[],"[0.000, 0.000, 0.999, 0.000, 0.000, 0.000, 0.000, 0.004]"
1240,49.6,49.64,Rei,0.9998373985290527,Rei,[1.000],,[],,[],"[0.000, 0.000, 1.000, 0.000, 0.000, 0.000, 0.000, 0.004]"
1241,49.64,49.68,Rei,0.99994957447052,Rei,[1.000],,[],,[],"[0.000, 0.000, 1.000, 0.000, 0.000, 0.000, 0.000, 0.003]"
1242,49.68,49.72,Rei,0.9999834299087524,Rei,[1.000],,[],,[],"[0.000, 0.000, 1.000, 0.000, 0.000, 0.000, 0.000, 0.003]"
1243,49.72,49.76,Rei,0.9999942779541016,Rei,[1.000],,[],,[],"[0.000, 0.000, 1.000, 0.000, 0.000, 0.000, 0.000, 0.003]"
1244,49.76,49.8,Rei,0.9999978542327881,Rei,[1.000],,[],,[],"[0.000, 0.000, 1.000, 0.000, 0.000, 0.000, 0.000, 0.002]"
1245,49.8,49.84,Rei,0.9999991655349731,Rei,[1.000],Leeseo,"[0.000, 0.000, 0.000, 0.000, 0.000, 0.620, 0.000]",,[],"[0.000, 0.000, 1.000, 0.000, 0.000, 0.000, 0.000, 0.002]"
1246,49.84,49.88,Rei,0.9999996423721313,Rei,[1.000],Leeseo,"[0.000, 0.000, 0.000, 0.000, 0.000, 0.758, 0.000]",,[],"[0.000, 0.000, 1.000, 0.000, 0.000, 0.000, 0.000, 0.002]"
1247,49.88,49.92,Rei,0.9999997615814209,Rei,[1.000],Leeseo,"[0.000, 0.000, 0.000, 0.000, 0.000, 0.852, 0.000]",,[],"[0.000, 0.000, 1.000, 0.000, 0.000, 0.000, 0.000, 0.002]"
1248,49.92,49.96,Rei,0.9999998807907104,Rei,[1.000],Leeseo,"[0.000, 0.000, 0.000, 0.000, 0.000, 0.909, 0.000]",,[],"[0.000, 0.000, 1.000, 0.000, 0.000, 0.000, 0.000, 0.001]"
1249,49.96,50.0,Rei,0.9999998807907104,Rei,[1.000],Leeseo,"[0.000, 0.000, 0.000, 0.000, 0.000, 0.944, 0.000]",,[],"[0.000, 0.000, 1.000, 0.000, 0.000, 0.000, 0.000, 0.001]"
1250,50.0,50.04,Rei,1.0,Rei,[1.000],Leeseo,"[0.000, 0.000, 0.000, 0.000, 0.000, 0.964, 0.000]",,[],"[0.000, 0.000, 1.000, 0.000, 0.000, 0.000, 0.000, 0.001]"
1251,50.04,50.08,Rei,1.0,Rei,[1.000],Leeseo,"[0.000, 0.000, 0.000, 0.000, 0.000, 0.976, 0.000]",,[],"[0.000, 0.000, 1.000, 0.000, 0.000, 0.000, 0.000, 0.001]"
1252,50.08,50.12,Rei,1.0,Rei,[1.000],Leeseo,"[0.000, 0.000, 0.000, 0.000, 0.000, 0.983, 0.000]",,[],"[0.000, 0.000, 1.000, 0.000, 0.000, 0.000, 0.000, 0.001]"
1253,50.12,50.16,Rei,1.0,Rei,[1.000],Leeseo,"[0.000, 0.000, 0.000, 0.000, 0.000, 0.988, 0.000]",,[],"[0.000, 0.000, 1.000, 0.000, 0.000, 0.000, 0.000, 0.001]"
1254,50.16,50.2,Rei,1.0,Rei,[1.000],Leeseo,"[0.000, 0.000, 0.000, 0.000, 0.000, 0.991, 0.000]",,[],"[0.000, 0.000, 1.000, 0.000, 0.000, 0.000, 0.000, 0.001]"
1255,50.2,50.24,Rei,1.0,Rei,[1.000],Leeseo,"[0.000, 0.000, 0.000, 0.000, 0.000, 0.993, 0.000]",,[],"[0.000, 0.000, 1.000, 0.000, 0.000, 0.000, 0.000, 0.001]"
1256,50.24,50.28,Rei,1.0,Rei,[1.000],Leeseo,"[0.000, 0.000, 0.000, 0.000, 0.000, 0.995, 0.000]",,[],"[0.000, 0.000, 1.000, 0.000, 0.000, 0.000, 0.000, 0.001]"
1257,50.28,50.32,Rei,1.0,Rei,[1.000],Leeseo,"[0.000, 0.000, 0.000, 0.000, 0.000, 0.996, 0.000]",,[],"[0.000, 0.000, 1.000, 0.000, 0.000, 0.000, 0.000, 0.000]"
1258,50.32,50.36,Rei,1.0,Rei,[1.000],Leeseo,"[0.000, 0.000, 0.000, 0.000, 0.000, 0.997, 0.000]",,[],"[0.000, 0.000, 1.000, 0.000, 0.000, 0.000, 0.000, 0.000]"
1259,50.36,50.4,Rei,1.0,Rei,[1.000],Leeseo,"[0.000, 0.000, 0.000, 0.000, 0.000, 0.997, 0.000]",,[],"[0.000, 0.000, 1.000, 0.000, 0.000, 0.000, 0.000, 0.000]"
1260,50.4,50.44,Rei,1.0,Rei,[1.000],Leeseo,"[0.000, 0.000, 0.000, 0.000, 0.000, 0.998, 0.000]",,[],"[0.000, 0.000, 1.000, 0.000, 0.000, 0.000, 0.000, 0.000]"
1261,50.44,50.48,Rei,1.0,Rei,[1.000],Leeseo,"[0.000, 0.000, 0.000, 0.000, 0.000, 0.998, 0.000]",,[],"[0.000, 0.000, 1.000, 0.000, 0.000, 0.000, 0.000, 0.000]"
1262,50.48,50.52,Rei,1.0,Rei,[1.000],Leeseo,"[0.000, 0.000, 0.000, 0.000, 0.000, 0.999, 0.000]",,[],"[0.000, 0.000, 1.000, 0.000, 0.000, 0.000, 0.000, 0.000]"
1263,50.52,50.56,Rei,1.0,Rei,[1.000],Leeseo,"[0.000, 0.000, 0.000, 0.000, 0.000, 0.999, 0.000]",,[],"[0.000, 0.000, 1.000, 0.000, 0.000, 0.000, 0.000, 0.000]"
1264,50.56,50.6,Rei,1.0,Rei,[1.000],Leeseo,"[0.000, 0.000, 0.000, 0.000, 0.000, 0.999, 0.000]",,[],"[0.000, 0.000, 1.000, 0.000, 0.000, 0.000, 0.000, 0.000]"
1265,50.6,50.64,Rei,1.0,Rei,[1.000],Leeseo,"[0.000, 0.000, 0.000, 0.000, 0.000, 0.999, 0.000]",,[],"[0.000, 0.000, 1.000, 0.000, 0.000, 0.000, 0.000, 0.000]"
1266,50.64,50.68,Rei,0.9999998807907104,Rei,[1.000],Leeseo,"[0.000, 0.000, 0.000, 0.000, 0.000, 0.999, 0.000]",,[],"[0.000, 0.000, 1.000, 0.000, 0.000, 0.000, 0.000, 0.000]"
1267,50.68,50.72,Rei,0.9999998807907104,Rei,[1.000],Leeseo,"[0.000, 0.000, 0.000, 0.000, 0.000, 0.999, 0.000]",,[],"[0.000, 0.000, 1.000, 0.000, 0.000, 0.000, 0.000, 0.000]"
1268,50.72,50.76,Rei,0.9999998807907104,Rei,[1.000],Leeseo,"[0.000, 0.000, 0.000, 0.000, 0.000, 0.999, 0.000]",,[],"[0.000, 0.000, 1.000, 0.000, 0.000, 0.000, 0.000, 0.000]"
1269,50.76,50.8,Rei,0.9999998807907104,Rei,[1.000],Leeseo,"[0.000, 0.000, 0.000, 0.000, 0.000, 1.000, 0.000]",,[],"[0.000, 0.000, 1.000, 0.000, 0.000, 0.000, 0.000, 0.000]"
1270,50.8,50.84,Rei,0.9999998807907104,Rei,[1.000],Leeseo,"[0.000, 0.000, 0.000, 0.000, 0.000, 1.000, 0.000]",,[],"[0.000, 0.000, 1.000, 0.000, 0.000, 0.000, 0.000, 0.000]"
1271,50.84,50.88,Rei,0.9999997615814209,Rei,[1.000],Leeseo,"[0.000, 0.000, 0.000, 0.000, 0.000, 1.000, 0.000]",,[],"[0.000, 0.000, 1.000, 0.000, 0.000, 0.000, 0.000, 0.000]"
1272,50.88,50.92,Rei,0.9999997615814209,Rei,[1.000],Leeseo,"[0.000, 0.000, 0.000, 0.000, 0.000, 1.000, 0.000]",,[],"[0.000, 0.000, 1.000, 0.000, 0.000, 0.000, 0.000, 0.000]"
1273,50.92,50.96,Rei,0.9999996423721313,Rei,[1.000],Leeseo,"[0.000, 0.000, 0.000, 0.000, 0.000, 1.000, 0.000]",,[],"[0.000, 0.000, 1.000, 0.000, 0.000, 0.000, 0.000, 0.000]"
1274,50.96,51.0,Rei,0.9999996423721313,Rei,[1.000],Leeseo,"[0.000, 0.000, 0.000, 0.000, 0.000, 1.000, 0.000]",,[],"[0.000, 0.000, 1.000, 0.000, 0.000, 0.000, 0.000, 0.000]"
1275,51.0,51.04,Rei,0.9999995231628418,Rei,[1.000],Leeseo,"[0.000, 0.000, 0.000, 0.000, 0.000, 1.000, 0.000]",,[],"[0.000, 0.000, 1.000, 0.000, 0.000, 0.000, 0.000, 0.000]"
1276,51.04,51.08,Rei,0.9999994039535522,Rei,[1.000],Leeseo,"[0.000, 0.000, 0.000, 0.000, 0.000, 1.000, 0.000]",,[],"[0.000, 0.000, 1.000, 0.000, 0.000, 0.000, 0.000, 0.000]"
1277,51.08,51.12,Rei,0.9999992847442627,Rei,[1.000],Leeseo,"[0.000, 0.000, 0.000, 0.000, 0.000, 1.000, 0.000]",,[],"[0.000, 0.000, 1.000, 0.000, 0.000, 0.000, 0.000, 0.000]"
1278,51.12,51.16,Rei,0.9999990463256836,Rei,[1.000],Leeseo,"[0.000, 0.000, 0.000, 0.000, 0.000, 1.000, 0.000]",,[],"[0.000, 0.000, 1.000, 0.000, 0.000, 0.000, 0.000, 0.000]"
1279,51.16,51.2,Rei,0.999998927116394,Rei,[1.000],Leeseo,"[0.000, 0.000, 0.000, 0.000, 0.000, 1.000, 0.000]",,[],"[0.000, 0.000, 1.000, 0.000, 0.000, 0.000, 0.000, 0.000]"
1280,51.2,51.24,Rei,0.9999988079071045,Rei,[1.000],Leeseo,"[0.000, 0.000, 0.000, 0.000, 0.000, 1.000, 0.000]",,[],"[0.000, 0.000, 1.000, 0.000, 0.000, 0.000, 0.000, 0.000]"
1281,51.24,51.28,Rei,0.9999985694885254,Rei,[1.000],Leeseo,"[0.000, 0.000, 0.000, 0.000, 0.000, 1.000, 0.000]",,[],"[0.000, 0.000, 1.000, 0.000, 0.000, 0.000, 0.000, 0.000]"
1282,51.28,51.32,Rei,0.9999984502792358,Rei,[1.000],Leeseo,"[0.000, 0.000, 0.000, 0.000, 0.000, 1.000, 0.000]",,[],"[0.000, 0.000, 1.000, 0.000, 0.000, 0.000, 0.000, 0.000]"
1283,51.32,51.36,Rei,0.9999982118606567,Rei,[1.000],Leeseo,"[0.000, 0.000, 0.000, 0.000, 0.000, 1.000, 0.000]",,[],"[0.000, 0.000, 1.000, 0.000, 0.000, 0.000, 0.000, 0.000]"
1284,51.36,51.4,Rei,0.9999980926513672,Rei,[1.000],Leeseo,"[0.000, 0.000, 0.000, 0.000, 0.000, 1.000, 0.000]",,[],"[0.000, 0.000, 1.000, 0.000, 0.000, 0.000, 0.000, 0.000]"
1285,51.4,51.44,Rei,0.9999980926513672,Rei,[1.000],Leeseo,"[0.000, 0.000, 0.000, 0.000, 0.000, 1.000, 0.000]",,[],"[0.000, 0.000, 1.000, 0.000, 0.000, 0.000, 0.000, 0.000]"
1286,51.44,51.48,Rei,0.9999979734420776,Rei,[1.000],Leeseo,"[0.000, 0.000, 0.000, 0.000, 0.000, 1.000, 0.000]",,[],"[0.000, 0.000, 1.000, 0.000, 0.000, 0.000, 0.000, 0.000]"
1287,51.48,51.52,Rei,0.9999979734420776,Rei,[1.000],Leeseo,"[0.000, 0.000, 0.000, 0.000, 0.000, 1.000, 0.000]",,[],"[0.000, 0.000, 1.000, 0.000, 0.000, 0.000, 0.000, 0.000]"
1288,51.52,51.56,Rei,0.9999979734420776,Rei,[1.000],Leeseo,"[0.000, 0.000, 0.000, 0.000, 0.000, 1.000, 0.000]",,[],"[0.000, 0.000, 1.000, 0.000, 0.000, 0.000, 0.000, 0.000]"
1289,51.56,51.6,Rei,0.9999979734420776,Rei,[1.000],Leeseo,"[0.000, 0.000, 0.000, 0.000, 0.000, 1.000, 0.000]",,[],"[0.000, 0.000, 1.000, 0.000, 0.000, 0.000, 0.000, 0.000]"
1290,51.6,51.64,Rei,0.9999980926513672,Rei,[1.000],Leeseo,"[0.000, 0.000, 0.000, 0.000, 0.000, 1.000, 0.000]",,[],"[0.000, 0.000, 1.000, 0.000, 0.000, 0.000, 0.000, 0.000]"
1291,51.64,51.68,Rei,0.9999982118606567,Rei,[1.000],Leeseo,"[0.000, 0.000, 0.000, 0.000, 0.000, 1.000, 0.000]",,[],"[0.000, 0.000, 1.000, 0.000, 0.000, 0.000, 0.000, 0.000]"
1292,51.68,51.72,Rei,0.9999982118606567,Rei,[1.000],Leeseo,"[0.000, 0.000, 0.000, 0.000, 0.000, 1.000, 0.000]",,[],"[0.000, 0.000, 1.000, 0.000, 0.000, 0.000, 0.000, 0.000]"
1293,51.72,51.76,Rei,0.9999983310699463,Rei,[1.000],Leeseo,"[0.000, 0.000, 0.000, 0.000, 0.000, 1.000, 0.000]",,[],"[0.000, 0.000, 1.000, 0.000, 0.000, 0.000, 0.000, 0.000]"
1294,51.76,51.8,Rei,0.9999984502792358,Rei,[1.000],Leeseo,"[0.000, 0.000, 0.000, 0.000, 0.000, 1.000, 0.000]",,[],"[0.000, 0.000, 1.000, 0.000, 0.000, 0.000, 0.000, 0.000]"
1295,51.8,51.84,Rei,0.9999984502792358,Rei,[1.000],Leeseo,"[0.000, 0.000, 0.000, 0.000, 0.000, 1.000, 0.000]",,[],"[0.000, 0.000, 1.000, 0.000, 0.000, 0.001, 0.000, 0.000]"
1296,51.84,51.88,Rei,0.9999985694885254,Rei,[1.000],Leeseo,"[0.000, 0.000, 0.000, 0.000, 0.000, 1.000, 0.000]",,[],"[0.000, 0.000, 1.000, 0.000, 0.000, 0.001, 0.000, 0.000]"
1297,51.88,51.92,Rei,0.9999985694885254,Rei,[1.000],Leeseo,"[0.000, 0.000, 0.000, 0.000, 0.000, 1.000, 0.000]",,[],"[0.000, 0.000, 1.000, 0.000, 0.000, 0.001, 0.000, 0.000]"
1298,51.92,51.96,Rei,0.9999986886978149,Rei,[1.000],Leeseo,"[0.000, 0.000, 0.000, 0.000, 0.000, 1.000, 0.000]",,[],"[0.000, 0.000, 1.000, 0.000, 0.000, 0.001, 0.000, 0.000]"
1299,51.96,52.0,Rei,0.9999986886978149,Rei,[1.000],Leeseo,"[0.000, 0.000, 0.000, 0.000, 0.000, 1.000, 0.000]",,[],"[0.000, 0.000, 1.000, 0.000, 0.000, 0.001, 0.000, 0.000]"
1300,52.0,52.04,Rei,0.9999986886978149,Rei,[1.000],Leeseo,"[0.000, 0.000, 0.000, 0.000, 0.000, 1.000, 0.000]",,[],"[0.000, 0.000, 1.000, 0.000, 0.000, 0.001, 0.000, 0.000]"
1301,52.04,52.08,Rei,0.9999986886978149,Rei,[1.000],Leeseo,"[0.000, 0.000, 0.000, 0.000, 0.000, 1.000, 0.000]",,[],"[0.000, 0.000, 1.000, 0.000, 0.000, 0.001, 0.000, 0.000]"
1302,52.08,52.12,Rei,0.9999985694885254,Rei,[1.000],Leeseo,"[0.000, 0.000, 0.000, 0.000, 0.000, 1.000, 0.000]",,[],"[0.000, 0.000, 1.000, 0.000, 0.000, 0.001, 0.000, 0.000]"
1303,52.12,52.16,Rei,0.9999984502792358,Rei,[1.000],Leeseo,"[0.000, 0.000, 0.000, 0.000, 0.000, 1.000, 0.000]",,[],"[0.000, 0.000, 1.000, 0.000, 0.000, 0.001, 0.000, 0.000]"
1304,52.16,52.2,Rei,0.9999983310699463,Rei,[1.000],Leeseo,"[0.000, 0.000, 0.000, 0.000, 0.000, 1.000, 0.000]",,[],"[0.000, 0.000, 1.000, 0.000, 0.000, 0.001, 0.000, 0.000]"
1305,52.2,52.24,Rei,0.9999980926513672,Rei,[1.000],Leeseo,"[0.000, 0.000, 0.000, 0.000, 0.000, 1.000, 0.000]",,[],"[0.000, 0.000, 1.000, 0.000, 0.000, 0.001, 0.000, 0.000]"
1306,52.24,52.28,Rei,0.999997615814209,Rei,[1.000],Leeseo,"[0.000, 0.000, 0.000, 0.000, 0.000, 1.000, 0.000]",,[],"[0.000, 0.000, 1.000, 0.000, 0.000, 0.001, 0.000, 0.000]"
1307,52.28,52.32,Rei,0.9999971389770508,Rei,[1.000],Leeseo,"[0.000, 0.000, 0.000, 0.000, 0.000, 1.000, 0.000]",,[],"[0.000, 0.000, 1.000, 0.000, 0.000, 0.001, 0.000, 0.000]"
1308,52.32,52.36,Rei,0.9999963045120239,Rei,[1.000],Leeseo,"[0.000, 0.000, 0.000, 0.000, 0.000, 1.000, 0.000]",,[],"[0.000, 0.000, 1.000, 0.000, 0.000, 0.001, 0.000, 0.000]"
1309,52.36,52.4,Rei,0.9999951124191284,Rei,[1.000],Leeseo,"[0.000, 0.000, 0.000, 0.000, 0.000, 1.000, 0.000]",,[],"[0.000, 0.000, 1.000, 0.000, 0.000, 0.001, 0.000, 0.000]"
1310,52.4,52.44,Rei,0.9999932050704956,Rei,[1.000],Leeseo,"[0.000, 0.000, 0.000, 0.000, 0.000, 1.000, 0.000]",,[],"[0.000, 0.000, 1.000, 0.000, 0.000, 0.001, 0.000, 0.000]"
1311,52.44,52.48,Rei,0.9999903440475464,Rei,[1.000],Leeseo,"[0.000, 0.000, 0.000, 0.000, 0.000, 1.000, 0.000]",,[],"[0.000, 0.000, 1.000, 0.000, 0.000, 0.001, 0.000, 0.000]"
1312,52.48,52.52,Rei,0.9999858140945435,Rei,[1.000],Leeseo,"[0.000, 0.000, 0.000, 0.000, 0.000, 1.000, 0.000]",,[],"[0.000, 0.000, 1.000, 0.000, 0.000, 0.001, 0.000, 0.000]"
1313,52.52,52.56,Rei,0.9999785423278809,Rei,[1.000],Leeseo,"[0.000, 0.000, 0.000, 0.000, 0.000, 1.000, 0.000]",,[],"[0.000, 0.000, 1.000, 0.000, 0.000, 0.001, 0.000, 0.000]"
1314,52.56,52.6,Rei,0.9999662637710571,Rei,[1.000],Leeseo,"[0.000, 0.000, 0.000, 0.000, 0.000, 1.000, 0.000]",,[],"[0.000, 0.000, 1.000, 0.000, 0.000, 0.001, 0.000, 0.000]"
1315,52.6,52.64,Rei,0.9999451637268066,Rei,[1.000],Leeseo,"[0.000, 0.000, 0.000, 0.000, 0.000, 1.000, 0.000]",,[],"[0.000, 0.000, 1.000, 0.000, 0.000, 0.001, 0.000, 0.001]"
1316,52.64,52.68,Rei,0.999907374382019,Rei,[1.000],Leeseo,"[0.000, 0.000, 0.000, 0.000, 0.000, 1.000, 0.000]",,[],"[0.000, 0.000, 1.000, 0.000, 0.000, 0.001, 0.000, 0.001]"
1317,52.68,52.72,Rei,0.9998373985290527,Rei,[1.000],Leeseo,"[0.000, 0.000, 0.000, 0.000, 0.000, 1.000, 0.000]",,[],"[0.000, 0.000, 1.000, 0.000, 0.000, 0.001, 0.000, 0.001]"
1318,52.72,52.76,Rei,0.9997033476829529,Rei,[1.000],Leeseo,"[0.000, 0.000, 0.000, 0.000, 0.000, 1.000, 0.000]",,[],"[0.000, 0.000, 1.000, 0.000, 0.000, 0.001, 0.000, 0.001]"
1319,52.76,52.8,Rei,0.9994390606880188,Rei,[0.999],Leeseo,"[0.000, 0.000, 0.000, 0.000, 0.000, 1.000, 0.000]",,[],"[0.000, 0.000, 0.999, 0.000, 0.000, 0.001, 0.000, 0.001]"
1320,52.8,52.84,Rei,0.9989035129547119,Rei,[0.999],Leeseo,"[0.000, 0.000, 0.000, 0.000, 0.000, 1.000, 0.000]",,[],"[0.000, 0.000, 0.999, 0.000, 0.000, 0.001, 0.000, 0.001]"
1321,52.84,52.88,Rei,0.9977936744689941,Rei,[0.998],Leeseo,"[0.000, 0.000, 0.000, 0.000, 0.000, 1.000, 0.000]",,[],"[0.000, 0.000, 0.998, 0.000, 0.000, 0.001, 0.000, 0.001]"
1322,52.88,52.92,Rei,0.9954515099525452,Rei,[0.995],Leeseo,"[0.000, 0.000, 0.000, 0.000, 0.000, 1.000, 0.000]",,[],"[0.000, 0.000, 0.995, 0.000, 0.000, 0.001, 0.000, 0.001]"
1323,52.92,52.96,Rei,0.9904448390007019,Rei,[0.990],Leeseo,"[0.000, 0.000, 0.000, 0.000, 0.000, 1.000, 0.000]",,[],"[0.000, 0.000, 0.990, 0.000, 0.000, 0.000, 0.000, 0.002]"
1324,52.96,53.0,Rei,0.979690670967102,Rei,[0.980],Leeseo,"[0.000, 0.000, 0.000, 0.000, 0.000, 1.000, 0.000]",,[],"[0.000, 0.000, 0.980, 0.000, 0.000, 0.000, 0.000, 0.002]"
1325,53.0,53.04,Rei,0.956786572933197,Rei,[0.957],Leeseo,"[0.000, 0.000, 0.000, 0.000, 0.000, 1.000, 0.000]",,[],"[0.000, 0.000, 0.957, 0.000, 0.000, 0.000, 0.000, 0.002]"
1326,53.04,53.08,Rei,0.9097536206245422,Rei,[0.910],Leeseo,"[0.000, 0.000, 0.000, 0.000, 0.000, 1.000, 0.000]",,[],"[0.000, 0.000, 0.910, 0.000, 0.000, 0.000, 0.000, 0.002]"
1327,53.08,53.12,Rei,0.8207151889801025,Rei,[0.821],Leeseo,"[0.000, 0.000, 0.000, 0.000, 0.000, 1.000, 0.000]",,[],"[0.000, 0.000, 0.821, 0.000, 0.000, 0.000, 0.000, 0.002]"
1328,53.12,53.16,Rei,0.6754750609397888,Rei,[0.675],Leeseo,"[0.000, 0.000, 0.000, 0.000, 0.000, 1.000, 0.000]",,[],"[0.000, 0.000, 0.675, 0.000, 0.000, 0.000, 0.000, 0.002]"
1329,53.16,53.2,Rei,0.48791763186454773,Rei,[0.488],Leeseo,"[0.000, 0.000, 0.000, 0.000, 0.000, 0.999, 0.000]",,[],"[0.001, 0.000, 0.488, 0.000, 0.000, 0.000, 0.000, 0.003]"
1330,53.2,53.24,silence,0.0027198661118745804,,[],Leeseo,"[0.000, 0.000, 0.000, 0.000, 0.000, 0.998, 0.000]",,[],"[0.001, 0.000, 0.306, 0.000, 0.000, 0.000, 0.000, 0.003]"
1331,53.24,53.28,silence,0.002807414159178734,,[],Leeseo,"[0.000, 0.000, 0.000, 0.000, 0.000, 0.996, 0.000]",,[],"[0.002, 0.000, 0.172, 0.000, 0.000, 0.000, 0.000, 0.003]"
1332,53.28,53.32,silence,0.0028495045844465494,,[],Leeseo,"[0.000, 0.000, 0.000, 0.000, 0.000, 0.992, 0.000]",,[],"[0.005, 0.000, 0.091, 0.000, 0.000, 0.000, 0.000, 0.003]"
1333,53.32,53.36,silence,0.002840092871338129,,[],Leeseo,"[0.000, 0.000, 0.000, 0.000, 0.000, 0.982, 0.000]",,[],"[0.011, 0.000, 0.047, 0.000, 0.000, 0.000, 0.000, 0.003]"
1334,53.36,53.4,silence,0.0027709484566003084,,[],Leeseo,"[0.000, 0.000, 0.000, 0.000, 0.000, 0.959, 0.000]",,[],"[0.021, 0.000, 0.024, 0.000, 0.000, 0.000, 0.000, 0.003]"
1335,53.4,53.44,silence,0.0026339779142290354,,[],Leeseo,"[0.000, 0.000, 0.000, 0.000, 0.000, 0.910, 0.000]",,[],"[0.042, 0.000, 0.013, 0.000, 0.000, 0.000, 0.000, 0.003]"
1336,53.44,53.48,silence,0.0024320418015122414,,[],Leeseo,"[0.000, 0.000, 0.000, 0.000, 0.000, 0.815, 0.000]",,[],"[0.080, 0.000, 0.007, 0.000, 0.000, 0.000, 0.000, 0.002]"
1337,53.48,53.52,silence,0.002178959082812071,,[],Leeseo,"[0.000, 0.000, 0.000, 0.000, 0.000, 0.663, 0.000]",,[],"[0.144, 0.000, 0.004, 0.000, 0.000, 0.000, 0.000, 0.002]"
1338,53.52,53.56,silence,0.0018976767314597964,,[],Leeseo,"[0.000, 0.000, 0.000, 0.000, 0.000, 0.475, 0.000]",,[],"[0.242, 0.000, 0.002, 0.000, 0.000, 0.000, 0.000, 0.002]"
1339,53.56,53.6,silence,0.001609400031156838,,[],,[],,[],"[0.372, 0.000, 0.001, 0.000, 0.000, 0.000, 0.000, 0.002]"
1340,53.6,53.64,silence,0.001331057632341981,,[],,[],,[],"[0.516, 0.000, 0.001, 0.000, 0.000, 0.000, 0.000, 0.001]"
1341,53.64,53.68,Gaeul,0.649766743183136,Gaeul,[0.650],,[],,[],"[0.650, 0.000, 0.001, 0.000, 0.000, 0.000, 0.000, 0.001]"
1342,53.68,53.72,Gaeul,0.7580204010009766,Gaeul,[0.758],,[],,[],"[0.758, 0.000, 0.000, 0.000, 0.000, 0.000, 0.000, 0.001]"
1343,53.72,53.76,Gaeul,0.8369986414909363,Gaeul,[0.837],,[],,[],"[0.837, 0.000, 0.000, 0.000, 0.000, 0.000, 0.000, 0.001]"
1344,53.76,53.8,Gaeul,0.891249418258667,Gaeul,[0.891],,[],,[],"[0.891, 0.000, 0.000, 0.000, 0.000, 0.000, 0.000, 0.000]"
1345,53.8,53.84,Gaeul,0.9274224042892456,Gaeul,[0.927],,[],,[],"[0.927, 0.000, 0.000, 0.000, 0.000, 0.000, 0.000, 0.000]"
1346,53.84,53.88,Gaeul,0.9512290358543396,Gaeul,[0.951],,[],,[],"[0.951, 0.000, 0.000, 0.000, 0.000, 0.000, 0.000, 0.000]"
1347,53.88,53.92,Gaeul,0.9668867588043213,Gaeul,[0.967],,[],,[],"[0.967, 0.000, 0.000, 0.000, 0.000, 0.000, 0.000, 0.000]"
1348,53.92,53.96,Gaeul,0.9772292375564575,Gaeul,[0.977],,[],,[],"[0.977, 0.000, 0.000, 0.000, 0.000, 0.000, 0.000, 0.000]"
1349,53.96,54.0,Gaeul,0.9841736555099487,Gaeul,[0.984],,[],,[],"[0.984, 0.000, 0.000, 0.000, 0.000, 0.000, 0.000, 0.000]"
1350,54.0,54.04,Gaeul,0.9889145493507385,Gaeul,[0.989],,[],,[],"[0.989, 0.000, 0.000, 0.000, 0.000, 0.000, 0.000, 0.000]"
1351,54.04,54.08,Gaeul,0.9922044277191162,Gaeul,[0.992],,[],,[],"[0.992, 0.000, 0.000, 0.000, 0.000, 0.000, 0.000, 0.000]"
1352,54.08,54.12,Gaeul,0.9945181012153625,Gaeul,[0.995],,[],,[],"[0.995, 0.000, 0.000, 0.000, 0.000, 0.000, 0.000, 0.000]"
1353,54.12,54.16,Gaeul,0.9961665272712708,Gaeul,[0.996],,[],,[],"[0.996, 0.000, 0.000, 0.000, 0.000, 0.000, 0.000, 0.000]"
1354,54.16,54.2,Gaeul,0.9973467588424683,Gaeul,[0.997],,[],,[],"[0.997, 0.000, 0.000, 0.000, 0.000, 0.000, 0.000, 0.000]"
1355,54.2,54.24,Gaeul,0.998188316822052,Gaeul,[0.998],,[],,[],"[0.998, 0.000, 0.000, 0.000, 0.000, 0.000, 0.000, 0.000]"
1356,54.24,54.28,Gaeul,0.9987828135490417,Gaeul,[0.999],,[],,[],"[0.999, 0.000, 0.000, 0.000, 0.000, 0.000, 0.000, 0.000]"
1357,54.28,54.32,Gaeul,0.9991976618766785,Gaeul,[0.999],,[],,[],"[0.999, 0.000, 0.000, 0.000, 0.000, 0.000, 0.000, 0.000]"
1358,54.32,54.36,Gaeul,0.9994820952415466,Gaeul,[0.999],,[],,[],"[0.999, 0.000, 0.000, 0.000, 0.000, 0.000, 0.000, 0.000]"
1359,54.36,54.4,Gaeul,0.9996727705001831,Gaeul,[1.000],,[],,[],"[1.000, 0.000, 0.000, 0.000, 0.000, 0.000, 0.000, 0.000]"
1360,54.4,54.44,Gaeul,0.9997978806495667,Gaeul,[1.000],,[],,[],"[1.000, 0.000, 0.000, 0.000, 0.000, 0.000, 0.000, 0.000]"
1361,54.44,54.48,Gaeul,0.9998782873153687,Gaeul,[1.000],,[],,[],"[1.000, 0.000, 0.000, 0.000, 0.000, 0.000, 0.000, 0.000]"
1362,54.48,54.52,Gaeul,0.9999284744262695,Gaeul,[1.000],,[],,[],"[1.000, 0.000, 0.000, 0.000, 0.000, 0.000, 0.000, 0.000]"
1363,54.52,54.56,Gaeul,0.9999592304229736,Gaeul,[1.000],,[],,[],"[1.000, 0.000, 0.000, 0.000, 0.000, 0.000, 0.000, 0.000]"
1364,54.56,54.6,Gaeul,0.9999774694442749,Gaeul,[1.000],,[],,[],"[1.000, 0.000, 0.000, 0.000, 0.000, 0.000, 0.000, 0.000]"
1365,54.6,54.64,Gaeul,0.9999878406524658,Gaeul,[1.000],,[],,[],"[1.000, 0.000, 0.000, 0.000, 0.000, 0.000, 0.000, 0.000]"
1366,54.64,54.68,Gaeul,0.9999934434890747,Gaeul,[1.000],,[],,[],"[1.000, 0.000, 0.000, 0.000, 0.000, 0.000, 0.000, 0.000]"
1367,54.68,54.72,Gaeul,0.999996542930603,Gaeul,[1.000],,[],,[],"[1.000, 0.000, 0.000, 0.000, 0.000, 0.000, 0.000, 0.000]"
1368,54.72,54.76,Gaeul,0.9999982118606567,Gaeul,[1.000],,[],,[],"[1.000, 0.000, 0.000, 0.000, 0.000, 0.000, 0.000, 0.000]"
1369,54.76,54.8,Gaeul,0.9999990463256836,Gaeul,[1.000],,[],,[],"[1.000, 0.000, 0.000, 0.000, 0.000, 0.000, 0.000, 0.000]"
1370,54.8,54.84,Gaeul,0.9999995231628418,Gaeul,[1.000],,[],,[],"[1.000, 0.000, 0.000, 0.000, 0.000, 0.000, 0.000, 0.000]"
1371,54.84,54.88,Gaeul,0.9999997615814209,Gaeul,[1.000],,[],,[],"[1.000, 0.000, 0.000, 0.000, 0.000, 0.000, 0.000, 0.000]"
1372,54.88,54.92,Gaeul,0.9999998807907104,Gaeul,[1.000],,[],,[],"[1.000, 0.000, 0.000, 0.000, 0.000, 0.000, 0.000, 0.000]"
1373,54.92,54.96,Gaeul,0.9999998807907104,Gaeul,[1.000],,[],,[],"[1.000, 0.000, 0.000, 0.000, 0.000, 0.000, 0.000, 0.000]"
1374,54.96,55.0,Gaeul,1.0,Gaeul,[1.000],,[],,[],"[1.000, 0.000, 0.000, 0.000, 0.000, 0.000, 0.000, 0.000]"
1375,55.0,55.04,Gaeul,1.0,Gaeul,[1.000],,[],,[],"[1.000, 0.000, 0.000, 0.000, 0.000, 0.000, 0.000, 0.000]"
1376,55.04,55.08,Gaeul,1.0,Gaeul,[1.000],,[],,[],"[1.000, 0.000, 0.000, 0.000, 0.000, 0.000, 0.000, 0.000]"
1377,55.08,55.12,Gaeul,1.0,Gaeul,[1.000],,[],,[],"[1.000, 0.000, 0.000, 0.000, 0.000, 0.000, 0.000, 0.000]"
1378,55.12,55.16,Gaeul,1.0,Gaeul,[1.000],,[],,[],"[1.000, 0.000, 0.000, 0.000, 0.000, 0.000, 0.000, 0.000]"
1379,55.16,55.2,Gaeul,1.0,Gaeul,[1.000],,[],,[],"[1.000, 0.000, 0.000, 0.000, 0.000, 0.000, 0.000, 0.000]"
1380,55.2,55.24,Gaeul,1.0,Gaeul,[1.000],,[],,[],"[1.000, 0.000, 0.000, 0.000, 0.000, 0.000, 0.000, 0.000]"
1381,55.24,55.28,Gaeul,1.0,Gaeul,[1.000],,[],,[],"[1.000, 0.000, 0.000, 0.000, 0.000, 0.000, 0.000, 0.000]"
1382,55.28,55.32,Gaeul,1.0,Gaeul,[1.000],,[],,[],"[1.000, 0.000, 0.000, 0.000, 0.000, 0.000, 0.000, 0.000]"
1383,55.32,55.36,Gaeul,1.0,Gaeul,[1.000],,[],,[],"[1.000, 0.000, 0.000, 0.000, 0.000, 0.000, 0.000, 0.000]"
1384,55.36,55.4,Gaeul,1.0,Gaeul,[1.000],,[],,[],"[1.000, 0.000, 0.000, 0.000, 0.000, 0.000, 0.000, 0.000]"
1385,55.4,55.44,Gaeul,1.0,Gaeul,[1.000],,[],,[],"[1.000, 0.000, 0.000, 0.000, 0.000, 0.000, 0.000, 0.000]"
1386,55.44,55.48,Gaeul,1.0,Gaeul,[1.000],,[],,[],"[1.000, 0.000, 0.000, 0.000, 0.000, 0.000, 0.000, 0.000]"
1387,55.48,55.52,Gaeul,1.0,Gaeul,[1.000],,[],,[],"[1.000, 0.000, 0.000, 0.000, 0.000, 0.000, 0.000, 0.000]"
1388,55.52,55.56,Gaeul,1.0,Gaeul,[1.000],,[],,[],"[1.000, 0.000, 0.000, 0.000, 0.000, 0.000, 0.000, 0.000]"
1389,55.56,55.6,Gaeul,1.0,Gaeul,[1.000],,[],,[],"[1.000, 0.000, 0.000, 0.000, 0.000, 0.000, 0.000, 0.000]"
1390,55.6,55.64,Gaeul,1.0,Gaeul,[1.000],,[],,[],"[1.000, 0.000, 0.000, 0.000, 0.000, 0.000, 0.000, 0.000]"
1391,55.64,55.68,Gaeul,1.0,Gaeul,[1.000],,[],,[],"[1.000, 0.000, 0.000, 0.000, 0.000, 0.000, 0.000, 0.000]"
1392,55.68,55.72,Gaeul,1.0,Gaeul,[1.000],,[],,[],"[1.000, 0.000, 0.000, 0.000, 0.000, 0.000, 0.000, 0.000]"
1393,55.72,55.76,Gaeul,1.0,Gaeul,[1.000],,[],,[],"[1.000, 0.000, 0.000, 0.000, 0.000, 0.000, 0.000, 0.000]"
1394,55.76,55.8,Gaeul,1.0,Gaeul,[1.000],,[],,[],"[1.000, 0.000, 0.000, 0.000, 0.000, 0.000, 0.000, 0.000]"
1395,55.8,55.84,Gaeul,1.0,Gaeul,[1.000],,[],,[],"[1.000, 0.000, 0.000, 0.000, 0.000, 0.000, 0.000, 0.000]"
1396,55.84,55.88,Gaeul,1.0,Gaeul,[1.000],,[],,[],"[1.000, 0.000, 0.000, 0.000, 0.000, 0.000, 0.000, 0.000]"
1397,55.88,55.92,Gaeul,0.9999998807907104,Gaeul,[1.000],,[],,[],"[1.000, 0.000, 0.000, 0.000, 0.000, 0.000, 0.000, 0.000]"
1398,55.92,55.96,Gaeul,0.9999997615814209,Gaeul,[1.000],,[],,[],"[1.000, 0.000, 0.000, 0.000, 0.000, 0.000, 0.000, 0.000]"
1399,55.96,56.0,Gaeul,0.9999994039535522,Gaeul,[1.000],,[],,[],"[1.000, 0.000, 0.000, 0.000, 0.000, 0.000, 0.000, 0.000]"
1400,56.0,56.04,Gaeul,0.9999977350234985,Gaeul,[1.000],,[],,[],"[1.000, 0.000, 0.000, 0.000, 0.000, 0.000, 0.000, 0.000]"
1401,56.04,56.08,Gaeul,0.9999915361404419,Gaeul,[1.000],,[],,[],"[1.000, 0.000, 0.000, 0.000, 0.000, 0.000, 0.000, 0.000]"
1402,56.08,56.12,Gaeul,0.9999654293060303,Gaeul,[1.000],,[],,[],"[1.000, 0.000, 0.000, 0.000, 0.000, 0.000, 0.000, 0.000]"
1403,56.12,56.16,Gaeul,0.9998502731323242,Gaeul,[1.000],,[],,[],"[1.000, 0.000, 0.000, 0.000, 0.000, 0.000, 0.000, 0.000]"
1404,56.16,56.2,Gaeul,0.9993182420730591,Gaeul,[0.999],,[],,[],"[0.999, 0.000, 0.000, 0.000, 0.000, 0.000, 0.000, 0.000]"
1405,56.2,56.24,Gaeul,0.9967838525772095,Gaeul,[0.997],,[],,[],"[0.997, 0.000, 0.000, 0.000, 0.000, 0.000, 0.000, 0.000]"
1406,56.24,56.28,Gaeul,0.9846060276031494,Gaeul,[0.985],,[],,[],"[0.985, 0.000, 0.000, 0.000, 0.000, 0.000, 0.000, 0.000]"
1407,56.28,56.32,Gaeul,0.928770124912262,Gaeul,[0.929],,[],,[],"[0.929, 0.000, 0.000, 0.000, 0.000, 0.000, 0.000, 0.000]"
1408,56.32,56.36,Gaeul,0.7269229292869568,Gaeul,[0.727],,[],,[],"[0.727, 0.000, 0.000, 0.000, 0.000, 0.000, 0.000, 0.000]"
1409,56.36,56.4,silence,0.00010301927250111476,,[],,[],,[],"[0.356, 0.000, 0.000, 0.000, 0.000, 0.000, 0.000, 0.000]"
1410,56.4,56.44,silence,0.00014208824723027647,,[],,[],,[],"[0.106, 0.000, 0.002, 0.000, 0.000, 0.000, 0.000, 0.000]"
1411,56.44,56.48,silence,0.0001870759151643142,,[],,[],,[],"[0.026, 0.000, 0.009, 0.000, 0.000, 0.000, 0.000, 0.000]"
1412,56.48,56.52,silence,0.00023546046577394009,,[],,[],,[],"[0.006, 0.000, 0.036, 0.000, 0.000, 0.000, 0.000, 0.000]"
1413,56.52,56.56,silence,0.00028390123043209314,,[],,[],,[],"[0.002, 0.000, 0.129, 0.000, 0.000, 0.000, 0.000, 0.000]"
1414,56.56,56.6,silence,0.00032843800727277994,,[],,[],,[],"[0.000, 0.000, 0.353, 0.000, 0.000, 0.000, 0.000, 0.000]"
1415,56.6,56.64,Rei,0.6513558626174927,Rei,[0.651],,[],,[],"[0.000, 0.000, 0.651, 0.000, 0.000, 0.000, 0.000, 0.000]"
1416,56.64,56.68,Rei,0.8548346757888794,Rei,[0.855],,[],,[],"[0.000, 0.000, 0.855, 0.000, 0.000, 0.000, 0.000, 0.000]"
1417,56.68,56.72,Rei,0.9446272253990173,Rei,[0.945],,[],,[],"[0.000, 0.000, 0.945, 0.000, 0.000, 0.000, 0.000, 0.000]"
1418,56.72,56.76,Rei,0.9784351587295532,Rei,[0.978],,[],,[],"[0.000, 0.000, 0.978, 0.000, 0.000, 0.000, 0.000, 0.000]"
1419,56.76,56.8,Rei,0.9910489320755005,Rei,[0.991],,[],,[],"[0.000, 0.000, 0.991, 0.000, 0.000, 0.000, 0.000, 0.000]"
1420,56.8,56.84,Rei,0.9959926009178162,Rei,[0.996],,[],,[],"[0.000, 0.000, 0.996, 0.000, 0.000, 0.000, 0.000, 0.000]"
1421,56.84,56.88,Rei,0.9980666041374207,Rei,[0.998],,[],,[],"[0.000, 0.000, 0.998, 0.000, 0.000, 0.000, 0.000, 0.000]"
1422,56.88,56.92,Rei,0.9989998936653137,Rei,[0.999],,[],,[],"[0.000, 0.000, 0.999, 0.000, 0.000, 0.000, 0.000, 0.000]"
1423,56.92,56.96,Rei,0.9994513392448425,Rei,[0.999],,[],,[],"[0.000, 0.000, 0.999, 0.000, 0.000, 0.000, 0.000, 0.000]"
1424,56.96,57.0,Rei,0.9996852874755859,Rei,[1.000],,[],,[],"[0.000, 0.000, 1.000, 0.000, 0.000, 0.000, 0.000, 0.000]"
1425,57.0,57.04,Rei,0.9998134970664978,Rei,[1.000],,[],,[],"[0.000, 0.000, 1.000, 0.000, 0.000, 0.000, 0.000, 0.000]"
1426,57.04,57.08,Rei,0.999886155128479,Rei,[1.000],,[],,[],"[0.000, 0.000, 1.000, 0.000, 0.000, 0.000, 0.000, 0.000]"
1427,57.08,57.12,Rei,0.9999287128448486,Rei,[1.000],,[],,[],"[0.000, 0.000, 1.000, 0.000, 0.000, 0.000, 0.000, 0.000]"
1428,57.12,57.16,Rei,0.9999542236328125,Rei,[1.000],,[],,[],"[0.000, 0.000, 1.000, 0.000, 0.000, 0.000, 0.000, 0.000]"
1429,57.16,57.2,Rei,0.9999699592590332,Rei,[1.000],,[],,[],"[0.000, 0.000, 1.000, 0.000, 0.000, 0.000, 0.000, 0.000]"
1430,57.2,57.24,Rei,0.9999799728393555,Rei,[1.000],,[],,[],"[0.000, 0.000, 1.000, 0.000, 0.000, 0.000, 0.000, 0.000]"
1431,57.24,57.28,Rei,0.9999864101409912,Rei,[1.000],,[],,[],"[0.000, 0.000, 1.000, 0.000, 0.000, 0.000, 0.000, 0.000]"
1432,57.28,57.32,Rei,0.9999905824661255,Rei,[1.000],,[],,[],"[0.000, 0.000, 1.000, 0.000, 0.000, 0.000, 0.000, 0.000]"
1433,57.32,57.36,Rei,0.9999933242797852,Rei,[1.000],Leeseo,"[0.000, 0.000, 0.000, 0.000, 0.000, 0.538, 0.000]",,[],"[0.000, 0.000, 1.000, 0.000, 0.000, 0.000, 0.000, 0.000]"
1434,57.36,57.4,Rei,0.9999951124191284,Rei,[1.000],Leeseo,"[0.000, 0.000, 0.000, 0.000, 0.000, 0.647, 0.000]",,[],"[0.000, 0.000, 1.000, 0.000, 0.000, 0.000, 0.000, 0.000]"
1435,57.4,57.44,Rei,0.9999963045120239,Rei,[1.000],Leeseo,"[0.000, 0.000, 0.000, 0.000, 0.000, 0.728, 0.000]",,[],"[0.000, 0.000, 1.000, 0.000, 0.000, 0.000, 0.000, 0.000]"
1436,57.44,57.48,Rei,0.9999971389770508,Rei,[1.000],Leeseo,"[0.000, 0.000, 0.000, 0.000, 0.000, 0.780, 0.000]",,[],"[0.000, 0.000, 1.000, 0.000, 0.000, 0.000, 0.000, 0.000]"
1437,57.48,57.52,Rei,0.999997615814209,Rei,[1.000],Leeseo,"[0.000, 0.000, 0.000, 0.000, 0.000, 0.810, 0.000]",,[],"[0.000, 0.000, 1.000, 0.000, 0.000, 0.000, 0.000, 0.000]"
1438,57.52,57.56,Rei,0.9999979734420776,Rei,[1.000],Leeseo,"[0.000, 0.000, 0.000, 0.000, 0.000, 0.821, 0.000]",,[],"[0.000, 0.000, 1.000, 0.000, 0.000, 0.000, 0.000, 0.000]"
1439,57.56,57.6,Rei,0.9999980926513672,Rei,[1.000],Leeseo,"[0.000, 0.000, 0.000, 0.000, 0.000, 0.814, 0.000]",,[],"[0.000, 0.000, 1.000, 0.000, 0.000, 0.000, 0.000, 0.000]"
1440,57.6,57.64,Rei,0.9999982118606567,Rei,[1.000],Leeseo,"[0.000, 0.000, 0.000, 0.000, 0.000, 0.787, 0.000]",,[],"[0.000, 0.000, 1.000, 0.000, 0.000, 0.000, 0.000, 0.000]"
1441,57.64,57.68,Rei,0.9999980926513672,Rei,[1.000],Leeseo,"[0.000, 0.000, 0.000, 0.000, 0.000, 0.734, 0.000]",,[],"[0.000, 0.000, 1.000, 0.000, 0.000, 0.000, 0.000, 0.000]"
1442,57.68,57.72,Rei,0.9999978542327881,Rei,[1.000],Leeseo,"[0.000, 0.000, 0.000, 0.000, 0.000, 0.643, 0.000]",,[],"[0.000, 0.000, 1.000, 0.000, 0.000, 0.000, 0.000, 0.000]"
1443,57.72,57.76,Rei,0.9999974966049194,Rei,[1.000],Leeseo,"[0.000, 0.000, 0.000, 0.000, 0.000, 0.508, 0.000]",,[],"[0.000, 0.000, 1.000, 0.000, 0.000, 0.000, 0.000, 0.000]"
1444,57.76,57.8,Rei,0.9999966621398926,Rei,[1.000],,[],,[],"[0.000, 0.000, 1.000, 0.000, 0.000, 0.000, 0.000, 0.000]"
1445,57.8,57.84,Rei,0.9999953508377075,Rei,[1.000],,[],,[],"[0.000, 0.000, 1.000, 0.000, 0.000, 0.000, 0.000, 0.000]"
1446,57.84,57.88,Rei,0.9999927282333374,Rei,[1.000],,[],,[],"[0.000, 0.000, 1.000, 0.000, 0.000, 0.000, 0.000, 0.000]"
1447,57.88,57.92,Rei,0.9999876022338867,Rei,[1.000],,[],,[],"[0.000, 0.000, 1.000, 0.000, 0.000, 0.000, 0.000, 0.000]"
1448,57.92,57.96,Rei,0.999976634979248,Rei,[1.000],,[],,[],"[0.000, 0.000, 1.000, 0.000, 0.000, 0.000, 0.000, 0.000]"
1449,57.96,58.0,Rei,0.9999516010284424,Rei,[1.000],,[],,[],"[0.000, 0.000, 1.000, 0.000, 0.000, 0.000, 0.000, 0.000]"
1450,58.0,58.04,Rei,0.9998894929885864,Rei,[1.000],,[],,[],"[0.000, 0.000, 1.000, 0.000, 0.000, 0.000, 0.000, 0.000]"
1451,58.04,58.08,Rei,0.9997236132621765,Rei,[1.000],,[],,[],"[0.000, 0.000, 1.000, 0.000, 0.000, 0.000, 0.000, 0.000]"
1452,58.08,58.12,Rei,0.9992454051971436,Rei,[0.999],,[],,[],"[0.000, 0.000, 0.999, 0.000, 0.000, 0.000, 0.000, 0.000]"
1453,58.12,58.16,Rei,0.9977720379829407,Rei,[0.998],,[],,[],"[0.000, 0.000, 0.998, 0.000, 0.000, 0.000, 0.000, 0.000]"
1454,58.16,58.2,Rei,0.9929832220077515,Rei,[0.993],,[],,[],"[0.000, 0.000, 0.993, 0.000, 0.000, 0.000, 0.000, 0.000]"
1455,58.2,58.24,Rei,0.9768581390380859,Rei,[0.977],,[],,[],"[0.000, 0.000, 0.977, 0.000, 0.000, 0.000, 0.000, 0.000]"
1456,58.24,58.28,Rei,0.923173189163208,Rei,[0.923],,[],,[],"[0.000, 0.000, 0.923, 0.000, 0.000, 0.000, 0.000, 0.000]"
1457,58.28,58.32,Rei,0.7677826881408691,Rei,[0.768],,[],,[],"[0.000, 0.000, 0.768, 0.000, 0.000, 0.000, 0.000, 0.000]"
1458,58.32,58.36,silence,8.43229099700693e-06,,[],,[],,[],"[0.000, 0.000, 0.472, 0.000, 0.000, 0.000, 0.001, 0.000]"
1459,58.36,58.4,silence,9.025005965668242e-06,,[],,[],,[],"[0.000, 0.000, 0.194, 0.000, 0.000, 0.000, 0.004, 0.000]"
1460,58.4,58.44,silence,9.761803994479124e-06,,[],,[],,[],"[0.000, 0.000, 0.062, 0.000, 0.000, 0.000, 0.015, 0.000]"
1461,58.44,58.48,silence,1.063975923898397e-05,,[],,[],,[],"[0.000, 0.000, 0.018, 0.000, 0.000, 0.000, 0.052, 0.000]"
1462,58.48,58.52,silence,1.1656005881377496e-05,,[],,[],,[],"[0.000, 0.000, 0.005, 0.000, 0.000, 0.000, 0.160, 0.000]"
1463,58.52,58.56,silence,1.280188462260412e-05,,[],,[],,[],"[0.000, 0.000, 0.002, 0.000, 0.000, 0.000, 0.379, 0.000]"
1464,58.56,58.6,Gang Vocal,0.6428480744361877,Gang Vocal,[0.643],,[],,[],"[0.000, 0.000, 0.001, 0.000, 0.000, 0.000, 0.643, 0.000]"
1465,58.6,58.64,Gang Vocal,0.8290546536445618,Gang Vocal,[0.829],,[],,[],"[0.000, 0.000, 0.000, 0.000, 0.000, 0.000, 0.829, 0.000]"
1466,58.64,58.68,Gang Vocal,0.9223496913909912,Gang Vocal,[0.922],,[],,[],"[0.000, 0.000, 0.000, 0.000, 0.000, 0.000, 0.922, 0.000]"
1467,58.68,58.72,Gang Vocal,0.9634381532669067,Gang Vocal,[0.963],,[],,[],"[0.000, 0.000, 0.000, 0.000, 0.000, 0.000, 0.963, 0.000]"
1468,58.72,58.76,Gang Vocal,0.9814198017120361,Gang Vocal,[0.981],,[],,[],"[0.000, 0.000, 0.000, 0.000, 0.000, 0.000, 0.981, 0.000]"
1469,58.76,58.8,Gang Vocal,0.9896629452705383,Gang Vocal,[0.990],,[],,[],"[0.000, 0.000, 0.000, 0.000, 0.000, 0.000, 0.990, 0.000]"
1470,58.8,58.84,Gang Vocal,0.9936736822128296,Gang Vocal,[0.994],,[],,[],"[0.000, 0.000, 0.000, 0.000, 0.000, 0.000, 0.994, 0.000]"
1471,58.84,58.88,Gang Vocal,0.9957418441772461,Gang Vocal,[0.996],,[],,[],"[0.000, 0.000, 0.000, 0.000, 0.000, 0.000, 0.996, 0.000]"
1472,58.88,58.92,Gang Vocal,0.9968504309654236,Gang Vocal,[0.997],,[],,[],"[0.000, 0.000, 0.000, 0.000, 0.000, 0.000, 0.997, 0.000]"
1473,58.92,58.96,Gang Vocal,0.9974476099014282,Gang Vocal,[0.997],,[],,[],"[0.000, 0.000, 0.000, 0.000, 0.000, 0.000, 0.997, 0.000]"
1474,58.96,59.0,Gang Vocal,0.9977419376373291,Gang Vocal,[0.998],,[],,[],"[0.000, 0.000, 0.000, 0.000, 0.000, 0.000, 0.998, 0.000]"
1475,59.0,59.04,Gang Vocal,0.9978277087211609,Gang Vocal,[0.998],,[],,[],"[0.000, 0.000, 0.000, 0.000, 0.000, 0.000, 0.998, 0.000]"
1476,59.04,59.08,Gang Vocal,0.9977333545684814,Gang Vocal,[0.998],,[],,[],"[0.000, 0.000, 0.000, 0.000, 0.000, 0.000, 0.998, 0.000]"
1477,59.08,59.12,Gang Vocal,0.9974476099014282,Gang Vocal,[0.997],,[],,[],"[0.000, 0.000, 0.000, 0.000, 0.000, 0.000, 0.997, 0.000]"
1478,59.12,59.16,Gang Vocal,0.9969225525856018,Gang Vocal,[0.997],,[],,[],"[0.000, 0.000, 0.000, 0.000, 0.000, 0.000, 0.997, 0.000]"
1479,59.16,59.2,Gang Vocal,0.9960571527481079,Gang Vocal,[0.996],,[],,[],"[0.000, 0.000, 0.000, 0.000, 0.000, 0.000, 0.996, 0.000]"
1480,59.2,59.24,Gang Vocal,0.9946659803390503,Gang Vocal,[0.995],,[],,[],"[0.000, 0.000, 0.000, 0.000, 0.000, 0.000, 0.995, 0.000]"
1481,59.24,59.28,Gang Vocal,0.9924333095550537,Gang Vocal,[0.992],,[],,[],"[0.000, 0.000, 0.000, 0.000, 0.000, 0.000, 0.992, 0.000]"
1482,59.28,59.32,Gang Vocal,0.9888331890106201,Gang Vocal,[0.989],,[],,[],"[0.000, 0.000, 0.000, 0.000, 0.000, 0.000, 0.989, 0.000]"
1483,59.32,59.36,Gang Vocal,0.98302161693573,Gang Vocal,[0.983],,[],,[],"[0.000, 0.000, 0.000, 0.000, 0.000, 0.000, 0.983, 0.000]"
1484,59.36,59.4,Gang Vocal,0.973645031452179,Gang Vocal,[0.974],,[],,[],"[0.000, 0.000, 0.000, 0.000, 0.000, 0.000, 0.974, 0.001]"
1485,59.4,59.44,Gang Vocal,0.9586748480796814,Gang Vocal,[0.959],,[],,[],"[0.000, 0.000, 0.000, 0.000, 0.000, 0.000, 0.959, 0.001]"
1486,59.44,59.48,Gang Vocal,0.9353224635124207,Gang Vocal,[0.935],,[],,[],"[0.000, 0.000, 0.000, 0.000, 0.000, 0.000, 0.935, 0.001]"
1487,59.48,59.52,Gang Vocal,0.9002581238746643,Gang Vocal,[0.900],,[],,[],"[0.000, 0.000, 0.000, 0.000, 0.000, 0.000, 0.900, 0.001]"
1488,59.52,59.56,Gang Vocal,0.8506214022636414,Gang Vocal,[0.851],,[],,[],"[0.000, 0.000, 0.000, 0.000, 0.000, 0.000, 0.851, 0.002]"
1489,59.56,59.6,Gang Vocal,0.785655677318573,Gang Vocal,[0.786],,[],,[],"[0.000, 0.000, 0.000, 0.000, 0.000, 0.000, 0.786, 0.003]"
1490,59.6,59.64,Gang Vocal,0.708048939704895,Gang Vocal,[0.708],,[],,[],"[0.000, 0.000, 0.000, 0.000, 0.000, 0.000, 0.708, 0.003]"
1491,59.64,59.68,Gang Vocal,0.6241986155509949,Gang Vocal,[0.624],,[],,[],"[0.000, 0.000, 0.000, 0.000, 0.000, 0.000, 0.624, 0.004]"
1492,59.68,59.72,Gang Vocal,0.5420128107070923,Gang Vocal,[0.542],,[],,[],"[0.000, 0.000, 0.000, 0.000, 0.000, 0.000, 0.542, 0.006]"
1493,59.72,59.76,silence,0.006995482835918665,,[],,[],,[],"[0.000, 0.000, 0.000, 0.000, 0.000, 0.000, 0.469, 0.007]"
1494,59.76,59.8,silence,0.00857219472527504,,[],,[],,[],"[0.000, 0.000, 0.000, 0.000, 0.000, 0.000, 0.409, 0.009]"
1495,59.8,59.84,silence,0.010267822071909904,,[],,[],,[],"[0.000, 0.000, 0.000, 0.000, 0.000, 0.000, 0.363, 0.010]"
1496,59.84,59.88,silence,0.012013494968414307,,[],,[],,[],"[0.000, 0.000, 0.000, 0.000, 0.000, 0.000, 0.332, 0.012]"
1497,59.88,59.92,silence,0.013718679547309875,,[],,[],,[],"[0.000, 0.000, 0.000, 0.000, 0.000, 0.000, 0.313, 0.014]"
1498,59.92,59.96,silence,0.015294528566300869,,[],,[],,[],"[0.000, 0.000, 0.000, 0.000, 0.000, 0.000, 0.306, 0.015]"
1499,59.96,60.0,silence,0.016627410426735878,,[],,[],,[],"[0.000, 0.000, 0.000, 0.000, 0.000, 0.000, 0.310, 0.017]"
1500,60.0,60.04,silence,0.017615748569369316,,[],,[],,[],"[0.000, 0.000, 0.000, 0.000, 0.000, 0.000, 0.325, 0.018]"
1501,60.04,60.08,silence,0.01818179152905941,,[],,[],,[],"[0.000, 0.000, 0.000, 0.000, 0.000, 0.000, 0.353, 0.018]"
1502,60.08,60.12,silence,0.018278129398822784,,[],,[],,[],"[0.000, 0.000, 0.000, 0.000, 0.000, 0.000, 0.392, 0.018]"
1503,60.12,60.16,silence,0.017905013635754585,,[],,[],,[],"[0.000, 0.000, 0.000, 0.000, 0.000, 0.000, 0.445, 0.018]"
1504,60.16,60.2,silence,0.01712348498404026,,[],,[],,[],"[0.000, 0.000, 0.000, 0.000, 0.000, 0.000, 0.509, 0.017]"
1505,60.2,60.24,Gang Vocal,0.5829586982727051,Gang Vocal,[0.583],,[],,[],"[0.000, 0.000, 0.000, 0.000, 0.000, 0.000, 0.583, 0.016]"
1506,60.24,60.28,Gang Vocal,0.6603425741195679,Gang Vocal,[0.660],,[],,[],"[0.000, 0.000, 0.000, 0.000, 0.000, 0.000, 0.660, 0.015]"
1507,60.28,60.32,Gang Vocal,0.7354468107223511,Gang Vocal,[0.735],,[],,[],"[0.000, 0.000, 0.000, 0.000, 0.000, 0.000, 0.735, 0.013]"
1508,60.32,60.36,Gang Vocal,0.802913248538971,Gang Vocal,[0.803],,[],,[],"[0.000, 0.000, 0.000, 0.000, 0.000, 0.000, 0.803, 0.012]"
1509,60.36,60.4,Gang Vocal,0.85870361328125,Gang Vocal,[0.859],,[],,[],"[0.000, 0.000, 0.000, 0.000, 0.000, 0.000, 0.859, 0.010]"
1510,60.4,60.44,Gang Vocal,0.9014392495155334,Gang Vocal,[0.901],,[],,[],"[0.000, 0.000, 0.000, 0.000, 0.000, 0.000, 0.901, 0.009]"
1511,60.44,60.48,Gang Vocal,0.9322030544281006,Gang Vocal,[0.932],,[],,[],"[0.000, 0.000, 0.000, 0.000, 0.000, 0.000, 0.932, 0.008]"
1512,60.48,60.52,Gang Vocal,0.9533891677856445,Gang Vocal,[0.953],,[],,[],"[0.000, 0.000, 0.000, 0.000, 0.000, 0.000, 0.953, 0.007]"
1513,60.52,60.56,Gang Vocal,0.9675823450088501,Gang Vocal,[0.968],,[],,[],"[0.000, 0.000, 0.000, 0.000, 0.000, 0.000, 0.968, 0.006]"
1514,60.56,60.6,Gang Vocal,0.9769719839096069,Gang Vocal,[0.977],,[],,[],"[0.000, 0.000, 0.000, 0.000, 0.000, 0.000, 0.977, 0.006]"
1515,60.6,60.64,Gang Vocal,0.9831532835960388,Gang Vocal,[0.983],,[],,[],"[0.000, 0.000, 0.000, 0.000, 0.000, 0.000, 0.983, 0.005]"
1516,60.64,60.68,Gang Vocal,0.9871986508369446,Gang Vocal,[0.987],,[],,[],"[0.000, 0.000, 0.000, 0.000, 0.000, 0.000, 0.987, 0.005]"
1517,60.68,60.72,Gang Vocal,0.9898275136947632,Gang Vocal,[0.990],,[],,[],"[0.000, 0.000, 0.000, 0.000, 0.000, 0.000, 0.990, 0.004]"
1518,60.72,60.76,Gang Vocal,0.9915084838867188,Gang Vocal,[0.992],,[],,[],"[0.000, 0.000, 0.000, 0.000, 0.000, 0.000, 0.992, 0.004]"
1519,60.76,60.8,Gang Vocal,0.9925146698951721,Gang Vocal,[0.993],,[],,[],"[0.000, 0.000, 0.000, 0.000, 0.000, 0.000, 0.993, 0.004]"
1520,60.8,60.84,Gang Vocal,0.9930196404457092,Gang Vocal,[0.993],,[],,[],"[0.000, 0.000, 0.000, 0.000, 0.000, 0.000, 0.993, 0.004]"
1521,60.84,60.88,Gang Vocal,0.9931212067604065,Gang Vocal,[0.993],,[],,[],"[0.000, 0.000, 0.000, 0.000, 0.000, 0.000, 0.993, 0.004]"
1522,60.88,60.92,Gang Vocal,0.9928694367408752,Gang Vocal,[0.993],,[],,[],"[0.000, 0.000, 0.000, 0.000, 0.000, 0.000, 0.993, 0.004]"
1523,60.92,60.96,Gang Vocal,0.9922541379928589,Gang Vocal,[0.992],,[],,[],"[0.000, 0.000, 0.000, 0.000, 0.000, 0.000, 0.992, 0.004]"
1524,60.96,61.0,Gang Vocal,0.9912258982658386,Gang Vocal,[0.991],,[],,[],"[0.000, 0.000, 0.000, 0.000, 0.000, 0.000, 0.991, 0.004]"
1525,61.0,61.04,Gang Vocal,0.9897046685218811,Gang Vocal,[0.990],,[],,[],"[0.000, 0.000, 0.000, 0.000, 0.000, 0.000, 0.990, 0.005]"
1526,61.04,61.08,Gang Vocal,0.9876102209091187,Gang Vocal,[0.988],,[],,[],"[0.000, 0.000, 0.000, 0.000, 0.001, 0.000, 0.988, 0.005]"
1527,61.08,61.12,Gang Vocal,0.9848374724388123,Gang Vocal,[0.985],,[],,[],"[0.000, 0.000, 0.000, 0.000, 0.001, 0.000, 0.985, 0.005]"
1528,61.12,61.16,Gang Vocal,0.9812371134757996,Gang Vocal,[0.981],,[],,[],"[0.000, 0.000, 0.000, 0.000, 0.001, 0.000, 0.981, 0.005]"
1529,61.16,61.2,Gang Vocal,0.9766278266906738,Gang Vocal,[0.977],,[],,[],"[0.000, 0.000, 0.000, 0.000, 0.001, 0.000, 0.977, 0.006]"
1530,61.2,61.24,Gang Vocal,0.9708284139633179,Gang Vocal,[0.971],,[],,[],"[0.000, 0.000, 0.000, 0.000, 0.001, 0.000, 0.971, 0.006]"
1531,61.24,61.28,Gang Vocal,0.963687002658844,Gang Vocal,[0.964],,[],,[],"[0.000, 0.000, 0.000, 0.000, 0.001, 0.000, 0.964, 0.006]"
1532,61.28,61.32,Gang Vocal,0.9551476240158081,Gang Vocal,[0.955],,[],,[],"[0.000, 0.000, 0.000, 0.000, 0.001, 0.000, 0.955, 0.007]"
1533,61.32,61.36,Gang Vocal,0.9452997446060181,Gang Vocal,[0.945],,[],,[],"[0.000, 0.000, 0.000, 0.000, 0.001, 0.000, 0.945, 0.007]"
1534,61.36,61.4,Gang Vocal,0.9344279170036316,Gang Vocal,[0.934],,[],,[],"[0.000, 0.000, 0.000, 0.000, 0.001, 0.000, 0.934, 0.007]"
1535,61.4,61.44,Gang Vocal,0.9229962229728699,Gang Vocal,[0.923],,[],,[],"[0.000, 0.000, 0.000, 0.000, 0.001, 0.000, 0.923, 0.007]"
1536,61.44,61.48,Gang Vocal,0.9116852879524231,Gang Vocal,[0.912],,[],,[],"[0.000, 0.000, 0.000, 0.000, 0.001, 0.000, 0.912, 0.008]"
1537,61.48,61.52,Gang Vocal,0.90129154920578,Gang Vocal,[0.901],,[],,[],"[0.000, 0.000, 0.000, 0.000, 0.001, 0.000, 0.901, 0.008]"
1538,61.52,61.56,Gang Vocal,0.892693042755127,Gang Vocal,[0.893],,[],,[],"[0.000, 0.000, 0.000, 0.000, 0.001, 0.000, 0.893, 0.008]"
1539,61.56,61.6,Gang Vocal,0.886597216129303,Gang Vocal,[0.887],,[],,[],"[0.000, 0.001, 0.000, 0.000, 0.001, 0.000, 0.887, 0.007]"
1540,61.6,61.64,Gang Vocal,0.8835533261299133,Gang Vocal,[0.884],,[],,[],"[0.000, 0.001, 0.000, 0.000, 0.001, 0.000, 0.884, 0.007]"
1541,61.64,61.68,Gang Vocal,0.8837758898735046,Gang Vocal,[0.884],,[],,[],"[0.000, 0.001, 0.000, 0.000, 0.001, 0.000, 0.884, 0.007]"
1542,61.68,61.72,Gang Vocal,0.8872309327125549,Gang Vocal,[0.887],,[],,[],"[0.000, 0.001, 0.000, 0.000, 0.001, 0.000, 0.887, 0.007]"
1543,61.72,61.76,Gang Vocal,0.8934504389762878,Gang Vocal,[0.893],,[],,[],"[0.000, 0.001, 0.000, 0.000, 0.001, 0.000, 0.893, 0.006]"
1544,61.76,61.8,Gang Vocal,0.9017670750617981,Gang Vocal,[0.902],,[],,[],"[0.000, 0.001, 0.000, 0.000, 0.000, 0.000, 0.902, 0.006]"
1545,61.8,61.84,Gang Vocal,0.9115480184555054,Gang Vocal,[0.912],,[],,[],"[0.000, 0.001, 0.000, 0.000, 0.000, 0.000, 0.912, 0.006]"
1546,61.84,61.88,Gang Vocal,0.9221323132514954,Gang Vocal,[0.922],,[],,[],"[0.000, 0.001, 0.000, 0.000, 0.000, 0.000, 0.922, 0.005]"
1547,61.88,61.92,Gang Vocal,0.9328871369361877,Gang Vocal,[0.933],,[],,[],"[0.000, 0.000, 0.000, 0.000, 0.000, 0.000, 0.933, 0.005]"
1548,61.92,61.96,Gang Vocal,0.9432626366615295,Gang Vocal,[0.943],,[],,[],"[0.000, 0.000, 0.000, 0.000, 0.000, 0.000, 0.943, 0.004]"
1549,61.96,62.0,Gang Vocal,0.9527910947799683,Gang Vocal,[0.953],,[],,[],"[0.000, 0.000, 0.000, 0.000, 0.000, 0.000, 0.953, 0.004]"
1550,62.0,62.04,Gang Vocal,0.9611669778823853,Gang Vocal,[0.961],,[],,[],"[0.000, 0.000, 0.000, 0.000, 0.000, 0.000, 0.961, 0.004]"
1551,62.04,62.08,Gang Vocal,0.9682796001434326,Gang Vocal,[0.968],,[],,[],"[0.000, 0.000, 0.000, 0.000, 0.000, 0.000, 0.968, 0.004]"
1552,62.08,62.12,Gang Vocal,0.9741820693016052,Gang Vocal,[0.974],,[],,[],"[0.000, 0.000, 0.000, 0.000, 0.000, 0.000, 0.974, 0.003]"
1553,62.12,62.16,Gang Vocal,0.978997528553009,Gang Vocal,[0.979],,[],,[],"[0.000, 0.000, 0.000, 0.000, 0.000, 0.000, 0.979, 0.003]"
1554,62.16,62.2,Gang Vocal,0.9828789234161377,Gang Vocal,[0.983],,[],,[],"[0.000, 0.000, 0.000, 0.000, 0.000, 0.000, 0.983, 0.003]"
1555,62.2,62.24,Gang Vocal,0.9859764575958252,Gang Vocal,[0.986],,[],,[],"[0.000, 0.000, 0.000, 0.000, 0.000, 0.000, 0.986, 0.003]"
1556,62.24,62.28,Gang Vocal,0.9884207248687744,Gang Vocal,[0.988],,[],,[],"[0.000, 0.000, 0.000, 0.000, 0.000, 0.000, 0.988, 0.003]"
1557,62.28,62.32,Gang Vocal,0.9903324246406555,Gang Vocal,[0.990],,[],,[],"[0.000, 0.000, 0.000, 0.000, 0.000, 0.000, 0.990, 0.003]"
1558,62.32,62.36,Gang Vocal,0.9918084740638733,Gang Vocal,[0.992],,[],,[],"[0.000, 0.000, 0.000, 0.000, 0.000, 0.000, 0.992, 0.003]"
1559,62.36,62.4,Gang Vocal,0.9929409027099609,Gang Vocal,[0.993],,[],,[],"[0.000, 0.000, 0.000, 0.000, 0.000, 0.000, 0.993, 0.002]"
1560,62.4,62.44,Gang Vocal,0.9938004612922668,Gang Vocal,[0.994],,[],,[],"[0.000, 0.000, 0.000, 0.000, 0.000, 0.000, 0.994, 0.002]"
1561,62.44,62.48,Gang Vocal,0.9944413304328918,Gang Vocal,[0.994],,[],,[],"[0.000, 0.000, 0.000, 0.000, 0.000, 0.000, 0.994, 0.003]"
1562,62.48,62.52,Gang Vocal,0.9949045181274414,Gang Vocal,[0.995],,[],,[],"[0.000, 0.000, 0.000, 0.000, 0.000, 0.000, 0.995, 0.003]"
1563,62.52,62.56,Gang Vocal,0.995218813419342,Gang Vocal,[0.995],,[],,[],"[0.000, 0.000, 0.000, 0.000, 0.000, 0.000, 0.995, 0.003]"
1564,62.56,62.6,Gang Vocal,0.9954029321670532,Gang Vocal,[0.995],,[],,[],"[0.000, 0.000, 0.000, 0.000, 0.000, 0.000, 0.995, 0.003]"
1565,62.6,62.64,Gang Vocal,0.9954718351364136,Gang Vocal,[0.995],,[],,[],"[0.000, 0.000, 0.000, 0.000, 0.000, 0.000, 0.995, 0.003]"
1566,62.64,62.68,Gang Vocal,0.995441198348999,Gang Vocal,[0.995],,[],,[],"[0.000, 0.000, 0.000, 0.001, 0.000, 0.000, 0.995, 0.003]"
1567,62.68,62.72,Gang Vocal,0.9953238368034363,Gang Vocal,[0.995],,[],,[],"[0.000, 0.000, 0.000, 0.001, 0.000, 0.000, 0.995, 0.004]"
1568,62.72,62.76,Gang Vocal,0.9951293468475342,Gang Vocal,[0.995],,[],,[],"[0.000, 0.000, 0.000, 0.001, 0.000, 0.000, 0.995, 0.004]"
1569,62.76,62.8,Gang Vocal,0.9948781728744507,Gang Vocal,[0.995],,[],,[],"[0.000, 0.000, 0.000, 0.001, 0.000, 0.000, 0.995, 0.004]"
1570,62.8,62.84,Gang Vocal,0.9945912957191467,Gang Vocal,[0.995],,[],,[],"[0.000, 0.000, 0.000, 0.001, 0.001, 0.000, 0.995, 0.005]"
1571,62.84,62.88,Gang Vocal,0.994282603263855,Gang Vocal,[0.994],,[],,[],"[0.000, 0.000, 0.000, 0.001, 0.001, 0.000, 0.994, 0.005]"
1572,62.88,62.92,Gang Vocal,0.993953287601471,Gang Vocal,[0.994],,[],,[],"[0.000, 0.000, 0.000, 0.001, 0.001, 0.000, 0.994, 0.006]"
1573,62.92,62.96,Gang Vocal,0.993613064289093,Gang Vocal,[0.994],,[],,[],"[0.000, 0.000, 0.000, 0.001, 0.001, 0.000, 0.994, 0.006]"
1574,62.96,63.0,Gang Vocal,0.9932742118835449,Gang Vocal,[0.993],,[],,[],"[0.000, 0.000, 0.000, 0.001, 0.002, 0.000, 0.993, 0.007]"
1575,63.0,63.04,Gang Vocal,0.9929468035697937,Gang Vocal,[0.993],,[],,[],"[0.000, 0.000, 0.000, 0.001, 0.002, 0.000, 0.993, 0.007]"
1576,63.04,63.08,Gang Vocal,0.9926498532295227,Gang Vocal,[0.993],,[],,[],"[0.000, 0.000, 0.000, 0.001, 0.003, 0.000, 0.993, 0.007]"
1577,63.08,63.12,Gang Vocal,0.9924156665802002,Gang Vocal,[0.992],,[],,[],"[0.000, 0.000, 0.000, 0.001, 0.004, 0.000, 0.992, 0.007]"
1578,63.12,63.16,Gang Vocal,0.9922717809677124,Gang Vocal,[0.992],,[],,[],"[0.000, 0.001, 0.000, 0.000, 0.005, 0.000, 0.992, 0.007]"
1579,63.16,63.2,Gang Vocal,0.992254376411438,Gang Vocal,[0.992],,[],,[],"[0.000, 0.001, 0.000, 0.000, 0.006, 0.000, 0.992, 0.007]"
1580,63.2,63.24,Gang Vocal,0.992381751537323,Gang Vocal,[0.992],,[],,[],"[0.000, 0.001, 0.000, 0.000, 0.008, 0.000, 0.992, 0.006]"
1581,63.24,63.28,Gang Vocal,0.9926486611366272,Gang Vocal,[0.993],,[],,[],"[0.000, 0.001, 0.000, 0.000, 0.009, 0.000, 0.993, 0.006]"
1582,63.28,63.32,Gang Vocal,0.9930344820022583,Gang Vocal,[0.993],,[],,[],"[0.000, 0.001, 0.000, 0.000, 0.011, 0.000, 0.993, 0.005]"
1583,63.32,63.36,Gang Vocal,0.9935221076011658,Gang Vocal,[0.994],,[],,[],"[0.000, 0.001, 0.000, 0.000, 0.012, 0.000, 0.994, 0.004]"
1584,63.36,63.4,Gang Vocal,0.9940921664237976,Gang Vocal,[0.994],,[],,[],"[0.000, 0.001, 0.000, 0.000, 0.014, 0.000, 0.994, 0.003]"
1585,63.4,63.44,Gang Vocal,0.9947205781936646,Gang Vocal,[0.995],,[],,[],"[0.000, 0.001, 0.000, 0.000, 0.014, 0.000, 0.995, 0.003]"
1586,63.44,63.48,Gang Vocal,0.9953733086585999,Gang Vocal,[0.995],,[],,[],"[0.000, 0.001, 0.000, 0.000, 0.015, 0.000, 0.995, 0.002]"
1587,63.48,63.52,Gang Vocal,0.9960176348686218,Gang Vocal,[0.996],,[],,[],"[0.000, 0.001, 0.000, 0.000, 0.014, 0.000, 0.996, 0.001]"
1588,63.52,63.56,Gang Vocal,0.9966282248497009,Gang Vocal,[0.997],,[],,[],"[0.000, 0.000, 0.000, 0.000, 0.013, 0.000, 0.997, 0.001]"
1589,63.56,63.6,Gang Vocal,0.9971887469291687,Gang Vocal,[0.997],,[],,[],"[0.000, 0.000, 0.000, 0.000, 0.011, 0.000, 0.997, 0.001]"
1590,63.6,63.64,Gang Vocal,0.9976842403411865,Gang Vocal,[0.998],,[],,[],"[0.000, 0.000, 0.000, 0.000, 0.009, 0.000, 0.998, 0.000]"
1591,63.64,63.68,Gang Vocal,0.9981077909469604,Gang Vocal,[0.998],,[],,[],"[0.000, 0.000, 0.000, 0.000, 0.007, 0.000, 0.998, 0.000]"
1592,63.68,63.72,Gang Vocal,0.9984599351882935,Gang Vocal,[0.998],,[],,[],"[0.000, 0.000, 0.000, 0.000, 0.006, 0.000, 0.998, 0.000]"
1593,63.72,63.76,Gang Vocal,0.9987462759017944,Gang Vocal,[0.999],,[],,[],"[0.000, 0.000, 0.000, 0.000, 0.004, 0.000, 0.999, 0.000]"
1594,63.76,63.8,Gang Vocal,0.9989751577377319,Gang Vocal,[0.999],,[],,[],"[0.000, 0.000, 0.000, 0.000, 0.003, 0.000, 0.999, 0.000]"
1595,63.8,63.84,Gang Vocal,0.9991546869277954,Gang Vocal,[0.999],,[],,[],"[0.000, 0.000, 0.000, 0.000, 0.002, 0.000, 0.999, 0.000]"
1596,63.84,63.88,Gang Vocal,0.9992935657501221,Gang Vocal,[0.999],,[],,[],"[0.000, 0.000, 0.000, 0.000, 0.002, 0.000, 0.999, 0.000]"
1597,63.88,63.92,Gang Vocal,0.99940025806427,Gang Vocal,[0.999],,[],,[],"[0.000, 0.000, 0.000, 0.000, 0.001, 0.000, 0.999, 0.000]"
1598,63.92,63.96,Gang Vocal,0.9994813799858093,Gang Vocal,[0.999],,[],,[],"[0.000, 0.000, 0.000, 0.000, 0.001, 0.000, 0.999, 0.000]"
1599,63.96,64.0,Gang Vocal,0.9995425939559937,Gang Vocal,[1.000],,[],,[],"[0.000, 0.000, 0.000, 0.000, 0.001, 0.000, 1.000, 0.000]"
1600,64.0,64.04,Gang Vocal,0.9995878338813782,Gang Vocal,[1.000],,[],,[],"[0.000, 0.000, 0.000, 0.000, 0.001, 0.000, 1.000, 0.000]"
1601,64.04,64.08,Gang Vocal,0.9996201992034912,Gang Vocal,[1.000],,[],,[],"[0.000, 0.000, 0.000, 0.000, 0.000, 0.000, 1.000, 0.000]"
1602,64.08,64.12,Gang Vocal,0.9996415376663208,Gang Vocal,[1.000],,[],,[],"[0.000, 0.000, 0.000, 0.000, 0.000, 0.000, 1.000, 0.000]"
1603,64.12,64.16,Gang Vocal,0.9996525049209595,Gang Vocal,[1.000],,[],,[],"[0.000, 0.000, 0.000, 0.000, 0.000, 0.000, 1.000, 0.000]"
1604,64.16,64.2,Gang Vocal,0.9996539354324341,Gang Vocal,[1.000],,[],,[],"[0.000, 0.000, 0.000, 0.000, 0.000, 0.000, 1.000, 0.000]"
1605,64.2,64.24,Gang Vocal,0.9996457099914551,Gang Vocal,[1.000],,[],,[],"[0.000, 0.000, 0.000, 0.000, 0.000, 0.000, 1.000, 0.000]"
1606,64.24,64.28,Gang Vocal,0.9996274709701538,Gang Vocal,[1.000],,[],,[],"[0.000, 0.000, 0.000, 0.000, 0.000, 0.000, 1.000, 0.000]"
1607,64.28,64.32,Gang Vocal,0.9995980858802795,Gang Vocal,[1.000],,[],,[],"[0.000, 0.000, 0.000, 0.000, 0.000, 0.000, 1.000, 0.000]"
1608,64.32,64.36,Gang Vocal,0.9995552897453308,Gang Vocal,[1.000],,[],,[],"[0.000, 0.000, 0.000, 0.000, 0.000, 0.000, 1.000, 0.000]"
1609,64.36,64.4,Gang Vocal,0.9994962215423584,Gang Vocal,[0.999],,[],,[],"[0.000, 0.000, 0.000, 0.000, 0.000, 0.000, 0.999, 0.000]"
1610,64.4,64.44,Gang Vocal,0.999416708946228,Gang Vocal,[0.999],,[],,[],"[0.000, 0.000, 0.000, 0.000, 0.000, 0.000, 0.999, 0.000]"
1611,64.44,64.48,Gang Vocal,0.9993112087249756,Gang Vocal,[0.999],,[],,[],"[0.000, 0.000, 0.000, 0.000, 0.000, 0.000, 0.999, 0.000]"
1612,64.48,64.52,Gang Vocal,0.9991728663444519,Gang Vocal,[0.999],,[],,[],"[0.000, 0.000, 0.000, 0.000, 0.000, 0.000, 0.999, 0.000]"
1613,64.52,64.56,Gang Vocal,0.9989932179450989,Gang Vocal,[0.999],,[],,[],"[0.000, 0.001, 0.000, 0.000, 0.000, 0.000, 0.999, 0.000]"
1614,64.56,64.6,Gang Vocal,0.998761773109436,Gang Vocal,[0.999],,[],,[],"[0.000, 0.001, 0.000, 0.000, 0.000, 0.000, 0.999, 0.000]"
1615,64.6,64.64,Gang Vocal,0.9984667897224426,Gang Vocal,[0.998],,[],,[],"[0.000, 0.001, 0.000, 0.000, 0.000, 0.000, 0.998, 0.000]"
1616,64.64,64.68,Gang Vocal,0.9980948567390442,Gang Vocal,[0.998],,[],,[],"[0.000, 0.001, 0.000, 0.000, 0.000, 0.000, 0.998, 0.000]"
1617,64.68,64.72,Gang Vocal,0.997631311416626,Gang Vocal,[0.998],,[],,[],"[0.000, 0.001, 0.000, 0.000, 0.001, 0.000, 0.998, 0.000]"
1618,64.72,64.76,Gang Vocal,0.9970594048500061,Gang Vocal,[0.997],,[],,[],"[0.000, 0.002, 0.000, 0.000, 0.001, 0.000, 0.997, 0.000]"
1619,64.76,64.8,Gang Vocal,0.9963611960411072,Gang Vocal,[0.996],,[],,[],"[0.000, 0.002, 0.000, 0.000, 0.001, 0.000, 0.996, 0.000]"
1620,64.8,64.84,Gang Vocal,0.9955182671546936,Gang Vocal,[0.996],,[],,[],"[0.000, 0.003, 0.000, 0.000, 0.001, 0.000, 0.996, 0.001]"
1621,64.84,64.88,Gang Vocal,0.9945171475410461,Gang Vocal,[0.995],,[],,[],"[0.000, 0.004, 0.000, 0.000, 0.002, 0.000, 0.995, 0.001]"
1622,64.88,64.92,Gang Vocal,0.9933590292930603,Gang Vocal,[0.993],,[],,[],"[0.000, 0.005, 0.000, 0.000, 0.003, 0.000, 0.993, 0.002]"
1623,64.92,64.96,Gang Vocal,0.9920559525489807,Gang Vocal,[0.992],,[],,[],"[0.000, 0.006, 0.000, 0.000, 0.004, 0.000, 0.992, 0.003]"
1624,64.96,65.0,Gang Vocal,0.9906429648399353,Gang Vocal,[0.991],,[],,[],"[0.000, 0.008, 0.000, 0.000, 0.005, 0.000, 0.991, 0.004]"
1625,65.0,65.04,Gang Vocal,0.9891800880432129,Gang Vocal,[0.989],,[],,[],"[0.000, 0.010, 0.000, 0.000, 0.006, 0.000, 0.989, 0.007]"
1626,65.04,65.08,Gang Vocal,0.9877365231513977,Gang Vocal,[0.988],,[],,[],"[0.000, 0.012, 0.000, 0.000, 0.007, 0.000, 0.988, 0.009]"
1627,65.08,65.12,Gang Vocal,0.9863722920417786,Gang Vocal,[0.986],,[],,[],"[0.000, 0.013, 0.000, 0.000, 0.008, 0.000, 0.986, 0.013]"
1628,65.12,65.16,Gang Vocal,0.9851500391960144,Gang Vocal,[0.985],,[],,[],"[0.000, 0.015, 0.000, 0.001, 0.010, 0.000, 0.985, 0.016]"
1629,65.16,65.2,Gang Vocal,0.9841113090515137,Gang Vocal,[0.984],,[],,[],"[0.000, 0.017, 0.000, 0.001, 0.011, 0.000, 0.984, 0.020]"
1630,65.2,65.24,Gang Vocal,0.983293890953064,Gang Vocal,[0.983],,[],,[],"[0.000, 0.019, 0.000, 0.001, 0.011, 0.000, 0.983, 0.024]"
1631,65.24,65.28,Gang Vocal,0.9827389121055603,Gang Vocal,[0.983],,[],,[],"[0.000, 0.020, 0.000, 0.002, 0.011, 0.000, 0.983, 0.027]"
1632,65.28,65.32,Gang Vocal,0.982463002204895,Gang Vocal,[0.982],,[],,[],"[0.000, 0.021, 0.000, 0.002, 0.011, 0.000, 0.982, 0.029]"
1633,65.32,65.36,Gang Vocal,0.9824397563934326,Gang Vocal,[0.982],,[],,[],"[0.000, 0.020, 0.000, 0.002, 0.010, 0.000, 0.982, 0.030]"
1634,65.36,65.4,Gang Vocal,0.982622504234314,Gang Vocal,[0.983],,[],,[],"[0.000, 0.020, 0.000, 0.002, 0.009, 0.000, 0.983, 0.030]"
1635,65.4,65.44,Gang Vocal,0.9829452633857727,Gang Vocal,[0.983],,[],,[],"[0.000, 0.018, 0.000, 0.002, 0.008, 0.000, 0.983, 0.028]"
1636,65.44,65.48,Gang Vocal,0.9833455085754395,Gang Vocal,[0.983],,[],,[],"[0.000, 0.016, 0.000, 0.002, 0.007, 0.000, 0.983, 0.026]"
1637,65.48,65.52,Gang Vocal,0.9837694764137268,Gang Vocal,[0.984],,[],,[],"[0.000, 0.014, 0.000, 0.002, 0.005, 0.000, 0.984, 0.023]"
1638,65.52,65.56,Gang Vocal,0.984157383441925,Gang Vocal,[0.984],,[],,[],"[0.000, 0.012, 0.000, 0.001, 0.004, 0.000, 0.984, 0.020]"
1639,65.56,65.6,Gang Vocal,0.9844696521759033,Gang Vocal,[0.984],,[],,[],"[0.000, 0.009, 0.000, 0.001, 0.004, 0.000, 0.984, 0.017]"
1640,65.6,65.64,Gang Vocal,0.9846818447113037,Gang Vocal,[0.985],,[],,[],"[0.000, 0.007, 0.000, 0.001, 0.003, 0.000, 0.985, 0.014]"
1641,65.64,65.68,Gang Vocal,0.9847717881202698,Gang Vocal,[0.985],,[],,[],"[0.000, 0.006, 0.000, 0.001, 0.002, 0.000, 0.985, 0.011]"
1642,65.68,65.72,Gang Vocal,0.9847277402877808,Gang Vocal,[0.985],,[],,[],"[0.000, 0.004, 0.000, 0.001, 0.002, 0.000, 0.985, 0.009]"
1643,65.72,65.76,Gang Vocal,0.9845223426818848,Gang Vocal,[0.985],,[],,[],"[0.000, 0.003, 0.000, 0.001, 0.001, 0.000, 0.985, 0.007]"
1644,65.76,65.8,Gang Vocal,0.9841330051422119,Gang Vocal,[0.984],,[],,[],"[0.000, 0.002, 0.000, 0.001, 0.001, 0.000, 0.984, 0.006]"
1645,65.8,65.84,Gang Vocal,0.983539342880249,Gang Vocal,[0.984],,[],,[],"[0.000, 0.002, 0.000, 0.000, 0.001, 0.000, 0.984, 0.004]"
1646,65.84,65.88,Gang Vocal,0.9827290773391724,Gang Vocal,[0.983],,[],,[],"[0.000, 0.001, 0.000, 0.000, 0.001, 0.000, 0.983, 0.004]"
1647,65.88,65.92,Gang Vocal,0.9816862344741821,Gang Vocal,[0.982],,[],,[],"[0.000, 0.001, 0.000, 0.000, 0.001, 0.000, 0.982, 0.003]"
1648,65.92,65.96,Gang Vocal,0.9804004430770874,Gang Vocal,[0.980],,[],,[],"[0.000, 0.001, 0.000, 0.000, 0.000, 0.000, 0.980, 0.002]"
1649,65.96,66.0,Gang Vocal,0.9788615703582764,Gang Vocal,[0.979],,[],,[],"[0.000, 0.000, 0.000, 0.000, 0.000, 0.000, 0.979, 0.002]"
1650,66.0,66.04,Gang Vocal,0.9770733118057251,Gang Vocal,[0.977],,[],,[],"[0.000, 0.000, 0.000, 0.000, 0.000, 0.000, 0.977, 0.002]"
1651,66.04,66.08,Gang Vocal,0.9750438928604126,Gang Vocal,[0.975],,[],,[],"[0.000, 0.000, 0.000, 0.000, 0.000, 0.000, 0.975, 0.001]"
1652,66.08,66.12,Gang Vocal,0.9727694392204285,Gang Vocal,[0.973],,[],,[],"[0.000, 0.000, 0.000, 0.000, 0.000, 0.000, 0.973, 0.001]"
1653,66.12,66.16,Gang Vocal,0.9702549576759338,Gang Vocal,[0.970],,[],,[],"[0.000, 0.000, 0.000, 0.000, 0.000, 0.000, 0.970, 0.001]"
1654,66.16,66.2,Gang Vocal,0.9675084948539734,Gang Vocal,[0.968],,[],,[],"[0.000, 0.000, 0.000, 0.000, 0.000, 0.000, 0.968, 0.001]"
1655,66.2,66.24,Gang Vocal,0.9645441770553589,Gang Vocal,[0.965],,[],,[],"[0.000, 0.000, 0.000, 0.000, 0.000, 0.000, 0.965, 0.001]"
1656,66.24,66.28,Gang Vocal,0.9613972306251526,Gang Vocal,[0.961],,[],,[],"[0.000, 0.000, 0.000, 0.000, 0.000, 0.000, 0.961, 0.001]"
1657,66.28,66.32,Gang Vocal,0.9581295251846313,Gang Vocal,[0.958],,[],,[],"[0.000, 0.000, 0.000, 0.000, 0.000, 0.000, 0.958, 0.001]"
1658,66.32,66.36,Gang Vocal,0.9548743963241577,Gang Vocal,[0.955],,[],,[],"[0.000, 0.000, 0.000, 0.000, 0.000, 0.000, 0.955, 0.001]"
1659,66.36,66.4,Gang Vocal,0.9518033266067505,Gang Vocal,[0.952],,[],,[],"[0.000, 0.000, 0.000, 0.000, 0.000, 0.000, 0.952, 0.001]"
1660,66.4,66.44,Gang Vocal,0.9490704536437988,Gang Vocal,[0.949],,[],,[],"[0.000, 0.000, 0.000, 0.000, 0.000, 0.000, 0.949, 0.001]"
1661,66.44,66.48,Gang Vocal,0.9468317031860352,Gang Vocal,[0.947],,[],,[],"[0.000, 0.000, 0.000, 0.000, 0.000, 0.000, 0.947, 0.001]"
1662,66.48,66.52,Gang Vocal,0.9452380537986755,Gang Vocal,[0.945],,[],,[],"[0.000, 0.000, 0.000, 0.000, 0.000, 0.000, 0.945, 0.001]"
1663,66.52,66.56,Gang Vocal,0.944441020488739,Gang Vocal,[0.944],,[],,[],"[0.000, 0.000, 0.000, 0.000, 0.000, 0.000, 0.944, 0.001]"
1664,66.56,66.6,Gang Vocal,0.9445084929466248,Gang Vocal,[0.945],,[],,[],"[0.000, 0.000, 0.000, 0.000, 0.000, 0.000, 0.945, 0.001]"
1665,66.6,66.64,Gang Vocal,0.9454620480537415,Gang Vocal,[0.945],,[],,[],"[0.000, 0.000, 0.000, 0.000, 0.000, 0.000, 0.945, 0.002]"
1666,66.64,66.68,Gang Vocal,0.9472363591194153,Gang Vocal,[0.947],,[],,[],"[0.000, 0.000, 0.000, 0.000, 0.000, 0.000, 0.947, 0.002]"
1667,66.68,66.72,Gang Vocal,0.9497421383857727,Gang Vocal,[0.950],,[],,[],"[0.000, 0.000, 0.000, 0.000, 0.000, 0.000, 0.950, 0.002]"
1668,66.72,66.76,Gang Vocal,0.9528822898864746,Gang Vocal,[0.953],,[],,[],"[0.000, 0.000, 0.000, 0.000, 0.000, 0.000, 0.953, 0.003]"
1669,66.76,66.8,Gang Vocal,0.9565288424491882,Gang Vocal,[0.957],,[],,[],"[0.000, 0.000, 0.000, 0.000, 0.000, 0.000, 0.957, 0.003]"
1670,66.8,66.84,Gang Vocal,0.960508406162262,Gang Vocal,[0.961],,[],Rei,[0.621],"[0.000, 0.000, 0.000, 0.000, 0.000, 0.000, 0.961, 0.004]"
1671,66.84,66.88,Gang Vocal,0.9646442532539368,Gang Vocal,[0.965],,[],Rei,[0.745],"[0.000, 0.000, 0.000, 0.000, 0.000, 0.000, 0.965, 0.005]"
1672,66.88,66.92,Gang Vocal,0.9687762260437012,Gang Vocal,[0.969],,[],Rei,[0.835],"[0.000, 0.000, 0.000, 0.000, 0.000, 0.000, 0.969, 0.005]"
1673,66.92,66.96,Gang Vocal,0.9727519154548645,Gang Vocal,[0.973],,[],Rei,[0.895],"[0.000, 0.000, 0.000, 0.000, 0.000, 0.000, 0.973, 0.006]"
1674,66.96,67.0,Gang Vocal,0.9764347076416016,Gang Vocal,[0.976],,[],Rei,[0.933],"[0.000, 0.000, 0.000, 0.001, 0.000, 0.000, 0.976, 0.007]"
1675,67.0,67.04,Gang Vocal,0.979718804359436,Gang Vocal,[0.980],,[],Rei,[0.956],"[0.000, 0.000, 0.000, 0.001, 0.000, 0.000, 0.980, 0.007]"
1676,67.04,67.08,Gang Vocal,0.9825534224510193,Gang Vocal,[0.983],,[],Rei,[0.970],"[0.000, 0.000, 0.000, 0.001, 0.000, 0.000, 0.983, 0.008]"
1677,67.08,67.12,Gang Vocal,0.9849457740783691,Gang Vocal,[0.985],,[],Rei,[0.979],"[0.000, 0.000, 0.000, 0.001, 0.000, 0.000, 0.985, 0.008]"
1678,67.12,67.16,Gang Vocal,0.986920952796936,Gang Vocal,[0.987],,[],Rei,[0.984],"[0.000, 0.000, 0.000, 0.001, 0.000, 0.001, 0.987, 0.008]"
1679,67.16,67.2,Gang Vocal,0.988516092300415,Gang Vocal,[0.989],,[],Rei,[0.987],"[0.000, 0.000, 0.000, 0.001, 0.000, 0.001, 0.989, 0.008]"
1680,67.2,67.24,Gang Vocal,0.9897792935371399,Gang Vocal,[0.990],,[],Rei,[0.989],"[0.000, 0.000, 0.001, 0.001, 0.000, 0.001, 0.990, 0.008]"
1681,67.24,67.28,Gang Vocal,0.9907606840133667,Gang Vocal,[0.991],,[],Rei,[0.991],"[0.000, 0.000, 0.002, 0.001, 0.000, 0.001, 0.991, 0.008]"
1682,67.28,67.32,Gang Vocal,0.9915063977241516,Gang Vocal,[0.992],,[],Rei,[0.992],"[0.000, 0.000, 0.004, 0.000, 0.000, 0.001, 0.992, 0.007]"
1683,67.32,67.36,Gang Vocal,0.9920388460159302,Gang Vocal,[0.992],,[],Rei,[0.992],"[0.000, 0.000, 0.008, 0.000, 0.000, 0.002, 0.992, 0.007]"
1684,67.36,67.4,Gang Vocal,0.9923750758171082,Gang Vocal,[0.992],,[],Rei,[0.992],"[0.000, 0.000, 0.016, 0.000, 0.000, 0.002, 0.992, 0.006]"
1685,67.4,67.44,Gang Vocal,0.9925340414047241,Gang Vocal,[0.993],,[],Rei,[0.992],"[0.000, 0.000, 0.032, 0.000, 0.000, 0.002, 0.993, 0.006]"
1686,67.44,67.48,Gang Vocal,0.9925311207771301,Gang Vocal,[0.993],,[],Rei,[0.992],"[0.000, 0.000, 0.060, 0.000, 0.000, 0.003, 0.993, 0.005]"
1687,67.48,67.52,Gang Vocal,0.9923600554466248,Gang Vocal,[0.992],,[],Rei,[0.991],"[0.000, 0.000, 0.108, 0.000, 0.000, 0.003, 0.992, 0.005]"
1688,67.52,67.56,Gang Vocal,0.9920028448104858,Gang Vocal,[0.992],,[],Rei,[0.991],"[0.000, 0.000, 0.183, 0.000, 0.000, 0.004, 0.992, 0.004]"
1689,67.56,67.6,Gang Vocal,0.9914150834083557,Gang Vocal,[0.991],,[],Rei,[0.990],"[0.000, 0.000, 0.286, 0.000, 0.000, 0.005, 0.991, 0.004]"
1690,67.6,67.64,Gang Vocal,0.9905377626419067,Gang Vocal,[0.991],,[],Rei,[0.989],"[0.000, 0.000, 0.410, 0.000, 0.000, 0.006, 0.991, 0.004]"
1691,67.64,67.68,Rei,0.537117063999176,Rei|Gang Vocal,"[0.537, 0.989]",,[],Rei,[0.988],"[0.000, 0.000, 0.537, 0.000, 0.000, 0.007, 0.989, 0.004]"
1692,67.68,67.72,Rei,0.6512748599052429,Rei|Gang Vocal,"[0.651, 0.988]",,[],Rei,[0.987],"[0.000, 0.000, 0.651, 0.000, 0.000, 0.008, 0.988, 0.004]"
1693,67.72,67.76,Rei,0.7427828907966614,Rei|Gang Vocal,"[0.743, 0.985]",,[],Rei,[0.986],"[0.000, 0.000, 0.743, 0.000, 0.000, 0.010, 0.985, 0.004]"
1694,67.76,67.8,Rei,0.8105254173278809,Rei|Gang Vocal,"[0.811, 0.982]",,[],Rei,[0.984],"[0.000, 0.000, 0.811, 0.000, 0.000, 0.011, 0.982, 0.004]"
1695,67.8,67.84,Rei,0.8583054542541504,Rei|Gang Vocal,"[0.858, 0.977]",,[],Rei,[0.983],"[0.000, 0.000, 0.858, 0.000, 0.000, 0.013, 0.977, 0.004]"
1696,67.84,67.88,Rei,0.8911992311477661,Rei|Gang Vocal,"[0.891, 0.970]",,[],Rei,[0.982],"[0.000, 0.000, 0.891, 0.000, 0.000, 0.014, 0.970, 0.004]"
1697,67.88,67.92,Rei,0.9136338829994202,Rei|Gang Vocal,"[0.914, 0.960]",,[],Rei,[0.981],"[0.000, 0.001, 0.914, 0.000, 0.000, 0.015, 0.960, 0.004]"
1698,67.92,67.96,Rei,0.9289470911026001,Rei|Gang Vocal,"[0.929, 0.945]",,[],Rei,[0.981],"[0.000, 0.001, 0.929, 0.000, 0.000, 0.016, 0.945, 0.004]"
1699,67.96,68.0,Rei,0.939423680305481,Rei|Gang Vocal,"[0.939, 0.921]",,[],Rei,[0.980],"[0.000, 0.001, 0.939, 0.000, 0.000, 0.017, 0.921, 0.004]"
1700,68.0,68.04,Rei,0.9465554356575012,Rei|Gang Vocal,"[0.947, 0.885]",,[],Rei,[0.981],"[0.000, 0.002, 0.947, 0.000, 0.000, 0.017, 0.885, 0.005]"
1701,68.04,68.08,Rei,0.9513759613037109,Rei|Gang Vocal,"[0.951, 0.827]",,[],Rei,[0.981],"[0.000, 0.003, 0.951, 0.000, 0.000, 0.016, 0.827, 0.005]"
1702,68.08,68.12,Rei,0.9545809030532837,Rei|Gang Vocal,"[0.955, 0.741]",,[],Rei,[0.982],"[0.000, 0.004, 0.955, 0.000, 0.000, 0.015, 0.741, 0.005]"
1703,68.12,68.16,Rei,0.9565561413764954,Rei|Gang Vocal,"[0.957, 0.621]",,[],Rei,[0.984],"[0.000, 0.006, 0.957, 0.000, 0.000, 0.014, 0.621, 0.006]"
1704,68.16,68.2,Rei,0.9575649499893188,Rei,[0.958],,[],Rei,[0.985],"[0.000, 0.010, 0.958, 0.000, 0.000, 0.012, 0.473, 0.006]"
1705,68.2,68.24,Rei,0.9577861428260803,Rei,[0.958],,[],Rei,[0.987],"[0.000, 0.015, 0.958, 0.000, 0.000, 0.010, 0.321, 0.006]"
1706,68.24,68.28,Rei,0.9573177695274353,Rei,[0.957],,[],Rei,[0.989],"[0.000, 0.025, 0.957, 0.000, 0.000, 0.008, 0.194, 0.007]"
1707,68.28,68.32,Rei,0.9562106132507324,Rei,[0.956],,[],Rei,[0.991],"[0.000, 0.040, 0.956, 0.000, 0.000, 0.006, 0.105, 0.007]"
1708,68.32,68.36,Rei,0.9543852210044861,Rei,[0.954],,[],Rei,[0.993],"[0.000, 0.065, 0.954, 0.000, 0.000, 0.005, 0.052, 0.007]"
1709,68.36,68.4,Rei,0.9516170620918274,Rei,[0.952],,[],Rei,[0.994],"[0.000, 0.106, 0.952, 0.000, 0.000, 0.004, 0.024, 0.006]"
1710,68.4,68.44,Rei,0.9475517868995667,Rei,[0.948],,[],Rei,[0.996],"[0.000, 0.170, 0.948, 0.000, 0.000, 0.002, 0.011, 0.006]"
1711,68.44,68.48,Rei,0.9416515827178955,Rei,[0.942],,[],Rei,[0.997],"[0.000, 0.265, 0.942, 0.000, 0.000, 0.002, 0.004, 0.005]"
1712,68.48,68.52,Rei,0.9331580996513367,Rei,[0.933],,[],Rei,[0.998],"[0.000, 0.393, 0.933, 0.000, 0.000, 0.001, 0.002, 0.005]"
1713,68.52,68.56,Rei,0.9208356142044067,Yujin|Rei,"[0.543, 0.921]",,[],Rei,[0.998],"[0.000, 0.543, 0.921, 0.000, 0.000, 0.001, 0.001, 0.004]"
1714,68.56,68.6,Rei,0.9027966856956482,Yujin|Rei,"[0.689, 0.903]",,[],Rei,[0.999],"[0.000, 0.689, 0.903, 0.000, 0.000, 0.000, 0.000, 0.003]"
1715,68.6,68.64,Rei,0.876227080821991,Yujin|Rei,"[0.808, 0.876]",,[],Rei,[0.999],"[0.000, 0.808, 0.876, 0.000, 0.000, 0.000, 0.000, 0.003]"
1716,68.64,68.68,Yujin,0.8898702263832092,Yujin|Rei,"[0.890, 0.837]",,[],Rei,[0.999],"[0.000, 0.890, 0.837, 0.000, 0.000, 0.000, 0.000, 0.002]"
1717,68.68,68.72,Yujin,0.940193772315979,Yujin|Rei,"[0.940, 0.779]",,[],Rei,[1.000],"[0.000, 0.940, 0.779, 0.000, 0.000, 0.000, 0.000, 0.002]"
1718,68.72,68.76,Yujin,0.9687156677246094,Yujin|Rei,"[0.969, 0.696]",,[],Rei,[1.000],"[0.000, 0.969, 0.696, 0.000, 0.000, 0.000, 0.000, 0.001]"
1719,68.76,68.8,Yujin,0.9840240478515625,Yujin|Rei,"[0.984, 0.586]",,[],Rei,[1.000],"[0.000, 0.984, 0.586, 0.000, 0.000, 0.000, 0.000, 0.001]"
1720,68.8,68.84,Yujin,0.9919369220733643,Yujin,[0.992],,[],Rei,[1.000],"[0.000, 0.992, 0.455, 0.000, 0.000, 0.000, 0.000, 0.001]"
1721,68.84,68.88,Yujin,0.9959443211555481,Yujin,[0.996],,[],Rei,[1.000],"[0.000, 0.996, 0.320, 0.000, 0.000, 0.000, 0.000, 0.001]"
1722,68.88,68.92,Yujin,0.9979559183120728,Yujin,[0.998],,[],Rei,[1.000],"[0.000, 0.998, 0.203, 0.000, 0.000, 0.000, 0.000, 0.000]"
1723,68.92,68.96,Yujin,0.9989620447158813,Yujin,[0.999],,[],Rei,[1.000],"[0.000, 0.999, 0.117, 0.000, 0.000, 0.000, 0.000, 0.000]"
1724,68.96,69.0,Yujin,0.9994656443595886,Yujin,[0.999],,[],Rei,[1.000],"[0.000, 0.999, 0.062, 0.000, 0.000, 0.000, 0.000, 0.000]"
1725,69.0,69.04,Yujin,0.9997194409370422,Yujin,[1.000],,[],Rei,[1.000],"[0.000, 1.000, 0.031, 0.000, 0.000, 0.000, 0.000, 0.000]"
1726,69.04,69.08,Yujin,0.9998494386672974,Yujin,[1.000],,[],Rei,[1.000],"[0.000, 1.000, 0.015, 0.000, 0.000, 0.000, 0.000, 0.000]"
1727,69.08,69.12,Yujin,0.9999171495437622,Yujin,[1.000],,[],Rei,[1.000],"[0.000, 1.000, 0.007, 0.000, 0.000, 0.000, 0.000, 0.000]"
1728,69.12,69.16,Yujin,0.999953031539917,Yujin,[1.000],,[],Rei,[1.000],"[0.000, 1.000, 0.003, 0.000, 0.000, 0.000, 0.000, 0.000]"
1729,69.16,69.2,Yujin,0.9999725818634033,Yujin,[1.000],,[],Rei,[1.000],"[0.000, 1.000, 0.002, 0.000, 0.000, 0.000, 0.000, 0.000]"
1730,69.2,69.24,Yujin,0.9999833106994629,Yujin,[1.000],,[],Rei,[1.000],"[0.000, 1.000, 0.001, 0.000, 0.000, 0.000, 0.000, 0.000]"
1731,69.24,69.28,Yujin,0.99998939037323,Yujin,[1.000],,[],Rei,[1.000],"[0.000, 1.000, 0.000, 0.000, 0.000, 0.000, 0.000, 0.000]"
1732,69.28,69.32,Yujin,0.9999929666519165,Yujin,[1.000],,[],Rei,[1.000],"[0.000, 1.000, 0.000, 0.000, 0.000, 0.000, 0.000, 0.000]"
1733,69.32,69.36,Yujin,0.9999951124191284,Yujin,[1.000],,[],Rei,[1.000],"[0.000, 1.000, 0.000, 0.000, 0.000, 0.000, 0.000, 0.000]"
1734,69.36,69.4,Yujin,0.999996542930603,Yujin,[1.000],,[],Rei,[1.000],"[0.000, 1.000, 0.000, 0.000, 0.000, 0.000, 0.000, 0.000]"
1735,69.4,69.44,Yujin,0.9999973773956299,Yujin,[1.000],,[],Rei,[1.000],"[0.000, 1.000, 0.000, 0.000, 0.000, 0.000, 0.000, 0.000]"
1736,69.44,69.48,Yujin,0.9999979734420776,Yujin,[1.000],,[],Rei,[1.000],"[0.000, 1.000, 0.000, 0.000, 0.000, 0.000, 0.000, 0.000]"
1737,69.48,69.52,Yujin,0.9999983310699463,Yujin,[1.000],,[],Rei,[1.000],"[0.000, 1.000, 0.000, 0.000, 0.000, 0.000, 0.000, 0.000]"
1738,69.52,69.56,Yujin,0.9999985694885254,Yujin,[1.000],,[],Rei,[1.000],"[0.000, 1.000, 0.000, 0.000, 0.000, 0.000, 0.000, 0.000]"
1739,69.56,69.6,Yujin,0.9999986886978149,Yujin,[1.000],,[],Rei,[1.000],"[0.000, 1.000, 0.000, 0.000, 0.000, 0.000, 0.000, 0.000]"
1740,69.6,69.64,Yujin,0.9999988079071045,Yujin,[1.000],,[],Rei,[1.000],"[0.000, 1.000, 0.000, 0.000, 0.000, 0.000, 0.000, 0.000]"
1741,69.64,69.68,Yujin,0.9999988079071045,Yujin,[1.000],,[],Rei,[1.000],"[0.000, 1.000, 0.000, 0.000, 0.000, 0.000, 0.000, 0.000]"
1742,69.68,69.72,Yujin,0.9999988079071045,Yujin,[1.000],,[],Rei,[1.000],"[0.000, 1.000, 0.000, 0.000, 0.000, 0.000, 0.000, 0.000]"
1743,69.72,69.76,Yujin,0.9999988079071045,Yujin,[1.000],,[],Rei,[1.000],"[0.000, 1.000, 0.000, 0.000, 0.000, 0.000, 0.000, 0.000]"
1744,69.76,69.8,Yujin,0.9999988079071045,Yujin,[1.000],,[],Rei,[0.999],"[0.000, 1.000, 0.000, 0.000, 0.000, 0.000, 0.000, 0.000]"
1745,69.8,69.84,Yujin,0.9999986886978149,Yujin,[1.000],,[],Rei,[0.999],"[0.000, 1.000, 0.000, 0.000, 0.000, 0.000, 0.000, 0.000]"
1746,69.84,69.88,Yujin,0.9999985694885254,Yujin,[1.000],,[],Rei,[0.995],"[0.000, 1.000, 0.000, 0.000, 0.000, 0.000, 0.000, 0.000]"
1747,69.88,69.92,Yujin,0.9999984502792358,Yujin,[1.000],,[],Rei,[0.985],"[0.000, 1.000, 0.000, 0.000, 0.000, 0.000, 0.000, 0.000]"
1748,69.92,69.96,Yujin,0.9999982118606567,Yujin,[1.000],,[],Rei,[0.947],"[0.000, 1.000, 0.000, 0.000, 0.000, 0.000, 0.000, 0.000]"
1749,69.96,70.0,Yujin,0.9999980926513672,Yujin,[1.000],,[],Rei,[0.814],"[0.000, 1.000, 0.000, 0.000, 0.000, 0.000, 0.000, 0.000]"
1750,70.0,70.04,Yujin,0.9999978542327881,Yujin,[1.000],,[],,[],"[0.000, 1.000, 0.000, 0.000, 0.000, 0.000, 0.000, 0.000]"
1751,70.04,70.08,Yujin,0.999997615814209,Yujin,[1.000],,[],,[],"[0.000, 1.000, 0.000, 0.000, 0.000, 0.000, 0.000, 0.000]"
1752,70.08,70.12,Yujin,0.9999974966049194,Yujin,[1.000],,[],,[],"[0.000, 1.000, 0.000, 0.000, 0.000, 0.000, 0.000, 0.000]"
1753,70.12,70.16,Yujin,0.9999973773956299,Yujin,[1.000],,[],,[],"[0.000, 1.000, 0.000, 0.000, 0.000, 0.000, 0.000, 0.000]"
1754,70.16,70.2,Yujin,0.9999972581863403,Yujin,[1.000],,[],,[],"[0.000, 1.000, 0.000, 0.000, 0.000, 0.000, 0.000, 0.000]"
1755,70.2,70.24,Yujin,0.9999971389770508,Yujin,[1.000],,[],,[],"[0.000, 1.000, 0.000, 0.000, 0.000, 0.000, 0.000, 0.000]"
1756,70.24,70.28,Yujin,0.9999970197677612,Yujin,[1.000],,[],,[],"[0.000, 1.000, 0.000, 0.000, 0.000, 0.000, 0.000, 0.000]"
1757,70.28,70.32,Yujin,0.9999970197677612,Yujin,[1.000],,[],,[],"[0.000, 1.000, 0.000, 0.000, 0.000, 0.000, 0.000, 0.000]"
1758,70.32,70.36,Yujin,0.9999970197677612,Yujin,[1.000],,[],,[],"[0.000, 1.000, 0.000, 0.000, 0.000, 0.000, 0.000, 0.000]"
1759,70.36,70.4,Yujin,0.9999970197677612,Yujin,[1.000],,[],,[],"[0.000, 1.000, 0.000, 0.000, 0.000, 0.000, 0.000, 0.000]"
1760,70.4,70.44,Yujin,0.9999969005584717,Yujin,[1.000],,[],,[],"[0.000, 1.000, 0.000, 0.000, 0.000, 0.000, 0.000, 0.000]"
1761,70.44,70.48,Yujin,0.9999969005584717,Yujin,[1.000],,[],,[],"[0.000, 1.000, 0.000, 0.000, 0.000, 0.000, 0.000, 0.000]"
1762,70.48,70.52,Yujin,0.9999969005584717,Yujin,[1.000],,[],,[],"[0.000, 1.000, 0.000, 0.000, 0.000, 0.000, 0.000, 0.000]"
1763,70.52,70.56,Yujin,0.9999967813491821,Yujin,[1.000],,[],,[],"[0.000, 1.000, 0.000, 0.000, 0.000, 0.000, 0.000, 0.000]"
1764,70.56,70.6,Yujin,0.9999967813491821,Yujin,[1.000],,[],,[],"[0.000, 1.000, 0.000, 0.000, 0.000, 0.000, 0.000, 0.000]"
1765,70.6,70.64,Yujin,0.9999966621398926,Yujin,[1.000],,[],,[],"[0.000, 1.000, 0.000, 0.000, 0.000, 0.000, 0.000, 0.000]"
1766,70.64,70.68,Yujin,0.9999966621398926,Yujin,[1.000],,[],,[],"[0.000, 1.000, 0.000, 0.000, 0.000, 0.000, 0.000, 0.000]"
1767,70.68,70.72,Yujin,0.9999966621398926,Yujin,[1.000],,[],,[],"[0.000, 1.000, 0.000, 0.000, 0.000, 0.000, 0.000, 0.000]"
1768,70.72,70.76,Yujin,0.9999966621398926,Yujin,[1.000],,[],,[],"[0.000, 1.000, 0.000, 0.000, 0.000, 0.000, 0.000, 0.000]"
1769,70.76,70.8,Yujin,0.9999967813491821,Yujin,[1.000],,[],,[],"[0.000, 1.000, 0.000, 0.000, 0.000, 0.000, 0.000, 0.000]"
1770,70.8,70.84,Yujin,0.9999969005584717,Yujin,[1.000],,[],,[],"[0.000, 1.000, 0.000, 0.000, 0.000, 0.000, 0.000, 0.000]"
1771,70.84,70.88,Yujin,0.9999971389770508,Yujin,[1.000],,[],,[],"[0.000, 1.000, 0.000, 0.000, 0.000, 0.000, 0.000, 0.000]"
1772,70.88,70.92,Yujin,0.9999974966049194,Yujin,[1.000],,[],,[],"[0.000, 1.000, 0.000, 0.000, 0.000, 0.000, 0.000, 0.000]"
1773,70.92,70.96,Yujin,0.9999977350234985,Yujin,[1.000],,[],,[],"[0.000, 1.000, 0.000, 0.000, 0.000, 0.000, 0.000, 0.000]"
1774,70.96,71.0,Yujin,0.9999980926513672,Yujin,[1.000],,[],,[],"[0.000, 1.000, 0.000, 0.000, 0.000, 0.000, 0.000, 0.000]"
1775,71.0,71.04,Yujin,0.9999984502792358,Yujin,[1.000],,[],,[],"[0.000, 1.000, 0.000, 0.000, 0.000, 0.000, 0.000, 0.000]"
1776,71.04,71.08,Yujin,0.9999988079071045,Yujin,[1.000],,[],,[],"[0.000, 1.000, 0.000, 0.000, 0.000, 0.000, 0.000, 0.000]"
1777,71.08,71.12,Yujin,0.9999990463256836,Yujin,[1.000],,[],,[],"[0.000, 1.000, 0.000, 0.000, 0.000, 0.000, 0.000, 0.000]"
1778,71.12,71.16,Yujin,0.9999994039535522,Yujin,[1.000],,[],,[],"[0.000, 1.000, 0.000, 0.000, 0.000, 0.000, 0.000, 0.000]"
1779,71.16,71.2,Yujin,0.9999995231628418,Yujin,[1.000],,[],,[],"[0.000, 1.000, 0.000, 0.000, 0.000, 0.000, 0.000, 0.000]"
1780,71.2,71.24,Yujin,0.9999997615814209,Yujin,[1.000],,[],,[],"[0.000, 1.000, 0.000, 0.000, 0.000, 0.000, 0.000, 0.000]"
1781,71.24,71.28,Yujin,0.9999997615814209,Yujin,[1.000],,[],,[],"[0.000, 1.000, 0.000, 0.000, 0.000, 0.000, 0.000, 0.000]"
1782,71.28,71.32,Yujin,0.9999998807907104,Yujin,[1.000],,[],,[],"[0.000, 1.000, 0.000, 0.000, 0.000, 0.000, 0.000, 0.000]"
1783,71.32,71.36,Yujin,0.9999998807907104,Yujin,[1.000],,[],,[],"[0.000, 1.000, 0.000, 0.000, 0.000, 0.000, 0.000, 0.000]"
1784,71.36,71.4,Yujin,1.0,Yujin,[1.000],,[],,[],"[0.000, 1.000, 0.000, 0.000, 0.000, 0.000, 0.000, 0.000]"
1785,71.4,71.44,Yujin,1.0,Yujin,[1.000],,[],,[],"[0.000, 1.000, 0.000, 0.000, 0.000, 0.000, 0.000, 0.000]"
1786,71.44,71.48,Yujin,1.0,Yujin,[1.000],,[],,[],"[0.000, 1.000, 0.000, 0.000, 0.000, 0.000, 0.000, 0.000]"
1787,71.48,71.52,Yujin,1.0,Yujin,[1.000],,[],,[],"[0.000, 1.000, 0.000, 0.000, 0.000, 0.000, 0.000, 0.000]"
1788,71.52,71.56,Yujin,1.0,Yujin,[1.000],,[],,[],"[0.000, 1.000, 0.000, 0.000, 0.000, 0.000, 0.000, 0.000]"
1789,71.56,71.6,Yujin,1.0,Yujin,[1.000],,[],,[],"[0.000, 1.000, 0.000, 0.000, 0.000, 0.000, 0.000, 0.000]"
1790,71.6,71.64,Yujin,1.0,Yujin,[1.000],,[],,[],"[0.000, 1.000, 0.000, 0.000, 0.000, 0.000, 0.000, 0.000]"
1791,71.64,71.68,Yujin,1.0,Yujin,[1.000],,[],,[],"[0.000, 1.000, 0.000, 0.000, 0.000, 0.000, 0.000, 0.000]"
1792,71.68,71.72,Yujin,1.0,Yujin,[1.000],,[],,[],"[0.000, 1.000, 0.000, 0.000, 0.000, 0.000, 0.000, 0.000]"
1793,71.72,71.76,Yujin,1.0,Yujin,[1.000],,[],,[],"[0.000, 1.000, 0.000, 0.000, 0.000, 0.000, 0.000, 0.000]"
1794,71.76,71.8,Yujin,1.0,Yujin,[1.000],,[],,[],"[0.000, 1.000, 0.000, 0.000, 0.000, 0.000, 0.000, 0.000]"
1795,71.8,71.84,Yujin,1.0,Yujin,[1.000],,[],,[],"[0.000, 1.000, 0.000, 0.000, 0.000, 0.000, 0.000, 0.000]"
1796,71.84,71.88,Yujin,1.0,Yujin,[1.000],,[],,[],"[0.000, 1.000, 0.000, 0.000, 0.000, 0.000, 0.000, 0.000]"
1797,71.88,71.92,Yujin,1.0,Yujin,[1.000],,[],,[],"[0.000, 1.000, 0.000, 0.000, 0.000, 0.000, 0.000, 0.000]"
1798,71.92,71.96,Yujin,1.0,Yujin,[1.000],,[],,[],"[0.000, 1.000, 0.000, 0.000, 0.000, 0.000, 0.000, 0.000]"
1799,71.96,72.0,Yujin,1.0,Yujin,[1.000],,[],,[],"[0.000, 1.000, 0.000, 0.000, 0.000, 0.000, 0.000, 0.000]"
1800,72.0,72.04,Yujin,1.0,Yujin,[1.000],,[],,[],"[0.000, 1.000, 0.000, 0.000, 0.000, 0.000, 0.000, 0.000]"
1801,72.04,72.08,Yujin,1.0,Yujin,[1.000],,[],,[],"[0.000, 1.000, 0.000, 0.000, 0.000, 0.000, 0.000, 0.000]"
1802,72.08,72.12,Yujin,1.0,Yujin,[1.000],,[],,[],"[0.000, 1.000, 0.000, 0.000, 0.000, 0.000, 0.000, 0.000]"
1803,72.12,72.16,Yujin,1.0,Yujin,[1.000],,[],,[],"[0.000, 1.000, 0.000, 0.000, 0.000, 0.000, 0.000, 0.000]"
1804,72.16,72.2,Yujin,1.0,Yujin,[1.000],,[],,[],"[0.000, 1.000, 0.000, 0.000, 0.000, 0.000, 0.000, 0.000]"
1805,72.2,72.24,Yujin,1.0,Yujin,[1.000],,[],,[],"[0.000, 1.000, 0.000, 0.000, 0.000, 0.000, 0.000, 0.000]"
1806,72.24,72.28,Yujin,1.0,Yujin,[1.000],,[],,[],"[0.000, 1.000, 0.000, 0.000, 0.000, 0.000, 0.000, 0.000]"
1807,72.28,72.32,Yujin,1.0,Yujin,[1.000],,[],,[],"[0.000, 1.000, 0.000, 0.000, 0.000, 0.000, 0.000, 0.000]"
1808,72.32,72.36,Yujin,1.0,Yujin,[1.000],,[],,[],"[0.000, 1.000, 0.000, 0.000, 0.000, 0.000, 0.000, 0.000]"
1809,72.36,72.4,Yujin,1.0,Yujin,[1.000],,[],,[],"[0.000, 1.000, 0.000, 0.000, 0.000, 0.000, 0.000, 0.000]"
1810,72.4,72.44,Yujin,1.0,Yujin,[1.000],,[],,[],"[0.000, 1.000, 0.000, 0.000, 0.000, 0.000, 0.000, 0.000]"
1811,72.44,72.48,Yujin,1.0,Yujin,[1.000],,[],,[],"[0.000, 1.000, 0.000, 0.000, 0.000, 0.000, 0.000, 0.000]"
1812,72.48,72.52,Yujin,1.0,Yujin,[1.000],,[],,[],"[0.000, 1.000, 0.000, 0.000, 0.000, 0.000, 0.000, 0.000]"
1813,72.52,72.56,Yujin,1.0,Yujin,[1.000],,[],,[],"[0.000, 1.000, 0.000, 0.000, 0.000, 0.000, 0.000, 0.000]"
1814,72.56,72.6,Yujin,1.0,Yujin,[1.000],,[],,[],"[0.000, 1.000, 0.000, 0.000, 0.000, 0.000, 0.000, 0.000]"
1815,72.6,72.64,Yujin,1.0,Yujin,[1.000],,[],,[],"[0.000, 1.000, 0.000, 0.000, 0.000, 0.000, 0.000, 0.000]"
1816,72.64,72.68,Yujin,1.0,Yujin,[1.000],,[],,[],"[0.000, 1.000, 0.000, 0.000, 0.000, 0.000, 0.000, 0.000]"
1817,72.68,72.72,Yujin,1.0,Yujin,[1.000],,[],,[],"[0.000, 1.000, 0.000, 0.000, 0.000, 0.000, 0.000, 0.000]"
1818,72.72,72.76,Yujin,1.0,Yujin,[1.000],,[],,[],"[0.000, 1.000, 0.000, 0.000, 0.000, 0.000, 0.000, 0.000]"
1819,72.76,72.8,Yujin,1.0,Yujin,[1.000],,[],,[],"[0.000, 1.000, 0.000, 0.000, 0.000, 0.000, 0.000, 0.000]"
1820,72.8,72.84,Yujin,1.0,Yujin,[1.000],,[],,[],"[0.000, 1.000, 0.000, 0.000, 0.000, 0.000, 0.000, 0.000]"
1821,72.84,72.88,Yujin,1.0,Yujin,[1.000],,[],,[],"[0.000, 1.000, 0.000, 0.000, 0.000, 0.000, 0.000, 0.000]"
1822,72.88,72.92,Yujin,1.0,Yujin,[1.000],,[],,[],"[0.000, 1.000, 0.000, 0.000, 0.000, 0.000, 0.000, 0.000]"
1823,72.92,72.96,Yujin,1.0,Yujin,[1.000],,[],,[],"[0.000, 1.000, 0.000, 0.000, 0.000, 0.000, 0.000, 0.000]"
1824,72.96,73.0,Yujin,1.0,Yujin,[1.000],,[],,[],"[0.000, 1.000, 0.000, 0.000, 0.000, 0.000, 0.000, 0.000]"
1825,73.0,73.04,Yujin,1.0,Yujin,[1.000],,[],,[],"[0.000, 1.000, 0.000, 0.000, 0.000, 0.000, 0.000, 0.000]"
1826,73.04,73.08,Yujin,1.0,Yujin,[1.000],,[],,[],"[0.000, 1.000, 0.000, 0.000, 0.000, 0.000, 0.000, 0.000]"
1827,73.08,73.12,Yujin,1.0,Yujin,[1.000],,[],,[],"[0.000, 1.000, 0.000, 0.000, 0.000, 0.000, 0.000, 0.000]"
1828,73.12,73.16,Yujin,1.0,Yujin,[1.000],,[],,[],"[0.000, 1.000, 0.000, 0.000, 0.000, 0.000, 0.000, 0.000]"
1829,73.16,73.2,Yujin,1.0,Yujin,[1.000],,[],,[],"[0.000, 1.000, 0.000, 0.000, 0.000, 0.000, 0.000, 0.000]"
1830,73.2,73.24,Yujin,0.9999998807907104,Yujin,[1.000],,[],,[],"[0.000, 1.000, 0.000, 0.000, 0.000, 0.000, 0.000, 0.000]"
1831,73.24,73.28,Yujin,0.9999998807907104,Yujin,[1.000],,[],,[],"[0.000, 1.000, 0.000, 0.000, 0.000, 0.000, 0.000, 0.000]"
1832,73.28,73.32,Yujin,0.9999997615814209,Yujin,[1.000],,[],,[],"[0.000, 1.000, 0.000, 0.000, 0.000, 0.000, 0.000, 0.000]"
1833,73.32,73.36,Yujin,0.9999996423721313,Yujin,[1.000],,[],,[],"[0.000, 1.000, 0.000, 0.000, 0.000, 0.000, 0.000, 0.000]"
1834,73.36,73.4,Yujin,0.9999995231628418,Yujin,[1.000],,[],,[],"[0.000, 1.000, 0.000, 0.000, 0.000, 0.000, 0.000, 0.000]"
1835,73.4,73.44,Yujin,0.9999994039535522,Yujin,[1.000],,[],,[],"[0.000, 1.000, 0.000, 0.000, 0.000, 0.000, 0.000, 0.000]"
1836,73.44,73.48,Yujin,0.9999992847442627,Yujin,[1.000],,[],,[],"[0.000, 1.000, 0.000, 0.000, 0.000, 0.000, 0.000, 0.000]"
1837,73.48,73.52,Yujin,0.9999991655349731,Yujin,[1.000],,[],,[],"[0.000, 1.000, 0.000, 0.000, 0.000, 0.000, 0.000, 0.000]"
1838,73.52,73.56,Yujin,0.9999990463256836,Yujin,[1.000],,[],,[],"[0.000, 1.000, 0.000, 0.000, 0.000, 0.000, 0.000, 0.000]"
1839,73.56,73.6,Yujin,0.999998927116394,Yujin,[1.000],,[],,[],"[0.000, 1.000, 0.000, 0.000, 0.000, 0.000, 0.000, 0.000]"
1840,73.6,73.64,Yujin,0.999998927116394,Yujin,[1.000],,[],,[],"[0.000, 1.000, 0.000, 0.000, 0.000, 0.000, 0.000, 0.000]"
1841,73.64,73.68,Yujin,0.999998927116394,Yujin,[1.000],,[],,[],"[0.000, 1.000, 0.000, 0.000, 0.000, 0.000, 0.000, 0.000]"
1842,73.68,73.72,Yujin,0.9999990463256836,Yujin,[1.000],,[],,[],"[0.000, 1.000, 0.000, 0.000, 0.000, 0.000, 0.000, 0.000]"
1843,73.72,73.76,Yujin,0.9999990463256836,Yujin,[1.000],,[],,[],"[0.000, 1.000, 0.000, 0.000, 0.000, 0.000, 0.000, 0.000]"
1844,73.76,73.8,Yujin,0.9999991655349731,Yujin,[1.000],,[],,[],"[0.000, 1.000, 0.000, 0.000, 0.000, 0.000, 0.000, 0.000]"
1845,73.8,73.84,Yujin,0.9999991655349731,Yujin,[1.000],,[],,[],"[0.000, 1.000, 0.000, 0.000, 0.000, 0.000, 0.000, 0.000]"
1846,73.84,73.88,Yujin,0.9999992847442627,Yujin,[1.000],,[],,[],"[0.000, 1.000, 0.000, 0.000, 0.000, 0.000, 0.000, 0.000]"
1847,73.88,73.92,Yujin,0.9999994039535522,Yujin,[1.000],,[],,[],"[0.000, 1.000, 0.000, 0.000, 0.000, 0.000, 0.000, 0.000]"
1848,73.92,73.96,Yujin,0.9999994039535522,Yujin,[1.000],,[],,[],"[0.000, 1.000, 0.000, 0.000, 0.000, 0.000, 0.000, 0.000]"
1849,73.96,74.0,Yujin,0.9999995231628418,Yujin,[1.000],,[],,[],"[0.000, 1.000, 0.000, 0.000, 0.000, 0.000, 0.000, 0.000]"
1850,74.0,74.04,Yujin,0.9999995231628418,Yujin,[1.000],,[],,[],"[0.000, 1.000, 0.000, 0.000, 0.000, 0.000, 0.000, 0.000]"
1851,74.04,74.08,Yujin,0.9999996423721313,Yujin,[1.000],,[],,[],"[0.000, 1.000, 0.000, 0.000, 0.000, 0.000, 0.000, 0.000]"
1852,74.08,74.12,Yujin,0.9999996423721313,Yujin,[1.000],,[],,[],"[0.000, 1.000, 0.000, 0.000, 0.000, 0.000, 0.000, 0.000]"
1853,74.12,74.16,Yujin,0.9999996423721313,Yujin,[1.000],,[],,[],"[0.000, 1.000, 0.000, 0.000, 0.000, 0.000, 0.000, 0.000]"
1854,74.16,74.2,Yujin,0.9999996423721313,Yujin,[1.000],,[],,[],"[0.000, 1.000, 0.000, 0.000, 0.000, 0.000, 0.000, 0.000]"
1855,74.2,74.24,Yujin,0.9999997615814209,Yujin,[1.000],,[],,[],"[0.000, 1.000, 0.000, 0.000, 0.000, 0.000, 0.000, 0.000]"
1856,74.24,74.28,Yujin,0.9999997615814209,Yujin,[1.000],,[],,[],"[0.000, 1.000, 0.000, 0.000, 0.000, 0.000, 0.000, 0.000]"
1857,74.28,74.32,Yujin,0.9999996423721313,Yujin,[1.000],,[],,[],"[0.000, 1.000, 0.000, 0.000, 0.000, 0.000, 0.000, 0.000]"
1858,74.32,74.36,Yujin,0.9999996423721313,Yujin,[1.000],,[],,[],"[0.000, 1.000, 0.000, 0.000, 0.000, 0.000, 0.000, 0.000]"
1859,74.36,74.4,Yujin,0.9999996423721313,Yujin,[1.000],,[],,[],"[0.000, 1.000, 0.000, 0.000, 0.000, 0.000, 0.000, 0.000]"
1860,74.4,74.44,Yujin,0.9999996423721313,Yujin,[1.000],,[],,[],"[0.000, 1.000, 0.000, 0.000, 0.000, 0.000, 0.000, 0.000]"
1861,74.44,74.48,Yujin,0.9999995231628418,Yujin,[1.000],,[],,[],"[0.000, 1.000, 0.000, 0.000, 0.000, 0.000, 0.000, 0.000]"
1862,74.48,74.52,Yujin,0.9999995231628418,Yujin,[1.000],,[],,[],"[0.000, 1.000, 0.000, 0.000, 0.000, 0.000, 0.000, 0.000]"
1863,74.52,74.56,Yujin,0.9999994039535522,Yujin,[1.000],,[],,[],"[0.000, 1.000, 0.000, 0.000, 0.000, 0.000, 0.000, 0.000]"
1864,74.56,74.6,Yujin,0.9999991655349731,Yujin,[1.000],,[],,[],"[0.000, 1.000, 0.000, 0.000, 0.000, 0.000, 0.000, 0.000]"
1865,74.6,74.64,Yujin,0.999998927116394,Yujin,[1.000],,[],,[],"[0.000, 1.000, 0.000, 0.000, 0.000, 0.000, 0.000, 0.000]"
1866,74.64,74.68,Yujin,0.9999986886978149,Yujin,[1.000],,[],,[],"[0.000, 1.000, 0.000, 0.000, 0.000, 0.000, 0.000, 0.000]"
1867,74.68,74.72,Yujin,0.9999982118606567,Yujin,[1.000],,[],,[],"[0.000, 1.000, 0.000, 0.000, 0.000, 0.000, 0.000, 0.000]"
1868,74.72,74.76,Yujin,0.999997615814209,Yujin,[1.000],,[],,[],"[0.000, 1.000, 0.000, 0.000, 0.000, 0.000, 0.000, 0.000]"
1869,74.76,74.8,Yujin,0.9999967813491821,Yujin,[1.000],,[],,[],"[0.000, 1.000, 0.000, 0.000, 0.000, 0.000, 0.000, 0.000]"
1870,74.8,74.84,Yujin,0.9999955892562866,Yujin,[1.000],,[],,[],"[0.000, 1.000, 0.000, 0.000, 0.000, 0.000, 0.000, 0.000]"
1871,74.84,74.88,Yujin,0.9999940395355225,Yujin,[1.000],,[],,[],"[0.000, 1.000, 0.000, 0.000, 0.000, 0.000, 0.000, 0.000]"
1872,74.88,74.92,Yujin,0.9999920129776001,Yujin,[1.000],,[],,[],"[0.000, 1.000, 0.000, 0.000, 0.000, 0.000, 0.000, 0.000]"
1873,74.92,74.96,Yujin,0.9999895095825195,Yujin,[1.000],,[],,[],"[0.000, 1.000, 0.000, 0.000, 0.000, 0.000, 0.000, 0.000]"
1874,74.96,75.0,Yujin,0.9999865293502808,Yujin,[1.000],,[],,[],"[0.000, 1.000, 0.000, 0.000, 0.000, 0.000, 0.000, 0.000]"
1875,75.0,75.04,Yujin,0.9999829530715942,Yujin,[1.000],,[],,[],"[0.000, 1.000, 0.000, 0.000, 0.000, 0.000, 0.000, 0.000]"
1876,75.04,75.08,Yujin,0.99997878074646,Yujin,[1.000],,[],,[],"[0.000, 1.000, 0.000, 0.000, 0.000, 0.000, 0.000, 0.000]"
1877,75.08,75.12,Yujin,0.9999743700027466,Yujin,[1.000],,[],,[],"[0.000, 1.000, 0.000, 0.000, 0.000, 0.000, 0.000, 0.000]"
1878,75.12,75.16,Yujin,0.9999698400497437,Yujin,[1.000],,[],,[],"[0.000, 1.000, 0.000, 0.000, 0.000, 0.000, 0.000, 0.000]"
1879,75.16,75.2,Yujin,0.9999653100967407,Yujin,[1.000],,[],,[],"[0.000, 1.000, 0.000, 0.000, 0.000, 0.000, 0.000, 0.000]"
1880,75.2,75.24,Yujin,0.9999610185623169,Yujin,[1.000],,[],,[],"[0.000, 1.000, 0.000, 0.000, 0.000, 0.000, 0.000, 0.000]"
1881,75.24,75.28,Yujin,0.9999570846557617,Yujin,[1.000],,[],,[],"[0.000, 1.000, 0.000, 0.000, 0.000, 0.000, 0.000, 0.000]"
1882,75.28,75.32,Yujin,0.9999535083770752,Yujin,[1.000],,[],,[],"[0.000, 1.000, 0.000, 0.000, 0.000, 0.000, 0.000, 0.000]"
1883,75.32,75.36,Yujin,0.9999500513076782,Yujin,[1.000],,[],,[],"[0.000, 1.000, 0.000, 0.000, 0.000, 0.000, 0.000, 0.000]"
1884,75.36,75.4,Yujin,0.9999468326568604,Yujin,[1.000],,[],,[],"[0.000, 1.000, 0.000, 0.000, 0.000, 0.000, 0.000, 0.000]"
1885,75.4,75.44,Yujin,0.9999436140060425,Yujin,[1.000],,[],,[],"[0.000, 1.000, 0.000, 0.000, 0.000, 0.000, 0.000, 0.000]"
1886,75.44,75.48,Yujin,0.9999401569366455,Yujin,[1.000],,[],,[],"[0.000, 1.000, 0.000, 0.000, 0.000, 0.000, 0.000, 0.000]"
1887,75.48,75.52,Yujin,0.999936580657959,Yujin,[1.000],,[],,[],"[0.000, 1.000, 0.000, 0.000, 0.000, 0.000, 0.000, 0.000]"
1888,75.52,75.56,Yujin,0.9999328851699829,Yujin,[1.000],,[],,[],"[0.000, 1.000, 0.000, 0.000, 0.000, 0.000, 0.000, 0.000]"
1889,75.56,75.6,Yujin,0.9999290704727173,Yujin,[1.000],,[],,[],"[0.000, 1.000, 0.000, 0.000, 0.000, 0.000, 0.000, 0.000]"
1890,75.6,75.64,Yujin,0.9999253749847412,Yujin,[1.000],,[],,[],"[0.000, 1.000, 0.000, 0.000, 0.000, 0.000, 0.000, 0.000]"
1891,75.64,75.68,Yujin,0.9999219179153442,Yujin,[1.000],,[],,[],"[0.000, 1.000, 0.000, 0.000, 0.000, 0.000, 0.000, 0.000]"
1892,75.68,75.72,Yujin,0.9999192953109741,Yujin,[1.000],,[],,[],"[0.000, 1.000, 0.000, 0.000, 0.000, 0.000, 0.000, 0.000]"
1893,75.72,75.76,Yujin,0.9999178647994995,Yujin,[1.000],,[],,[],"[0.000, 1.000, 0.000, 0.000, 0.000, 0.000, 0.000, 0.000]"
1894,75.76,75.8,Yujin,0.9999183416366577,Yujin,[1.000],,[],,[],"[0.000, 1.000, 0.000, 0.000, 0.000, 0.000, 0.000, 0.000]"
1895,75.8,75.84,Yujin,0.9999212026596069,Yujin,[1.000],,[],,[],"[0.000, 1.000, 0.000, 0.000, 0.000, 0.000, 0.000, 0.000]"
1896,75.84,75.88,Yujin,0.9999265670776367,Yujin,[1.000],,[],,[],"[0.000, 1.000, 0.000, 0.000, 0.000, 0.000, 0.000, 0.000]"
1897,75.88,75.92,Yujin,0.999934196472168,Yujin,[1.000],,[],,[],"[0.000, 1.000, 0.000, 0.000, 0.000, 0.000, 0.000, 0.000]"
1898,75.92,75.96,Yujin,0.9999438524246216,Yujin,[1.000],,[],,[],"[0.000, 1.000, 0.000, 0.000, 0.000, 0.000, 0.000, 0.000]"
1899,75.96,76.0,Yujin,0.9999544620513916,Yujin,[1.000],,[],,[],"[0.000, 1.000, 0.000, 0.000, 0.000, 0.000, 0.000, 0.000]"
1900,76.0,76.04,Yujin,0.9999650716781616,Yujin,[1.000],,[],,[],"[0.000, 1.000, 0.000, 0.000, 0.000, 0.000, 0.000, 0.000]"
1901,76.04,76.08,Yujin,0.9999747276306152,Yujin,[1.000],,[],,[],"[0.000, 1.000, 0.000, 0.000, 0.000, 0.000, 0.000, 0.000]"
1902,76.08,76.12,Yujin,0.9999828338623047,Yujin,[1.000],,[],,[],"[0.000, 1.000, 0.000, 0.000, 0.000, 0.000, 0.000, 0.000]"
1903,76.12,76.16,Yujin,0.9999890327453613,Yujin,[1.000],,[],,[],"[0.000, 1.000, 0.000, 0.000, 0.000, 0.000, 0.000, 0.000]"
1904,76.16,76.2,Yujin,0.9999934434890747,Yujin,[1.000],,[],,[],"[0.000, 1.000, 0.000, 0.000, 0.000, 0.000, 0.000, 0.000]"
1905,76.2,76.24,Yujin,0.9999963045120239,Yujin,[1.000],,[],,[],"[0.000, 1.000, 0.000, 0.000, 0.000, 0.000, 0.000, 0.000]"
1906,76.24,76.28,Yujin,0.9999980926513672,Yujin,[1.000],,[],,[],"[0.000, 1.000, 0.000, 0.000, 0.000, 0.000, 0.000, 0.000]"
1907,76.28,76.32,Yujin,0.9999990463256836,Yujin,[1.000],,[],,[],"[0.000, 1.000, 0.000, 0.000, 0.000, 0.000, 0.000, 0.000]"
1908,76.32,76.36,Yujin,0.9999995231628418,Yujin,[1.000],,[],,[],"[0.000, 1.000, 0.000, 0.000, 0.000, 0.000, 0.000, 0.000]"
1909,76.36,76.4,Yujin,0.9999997615814209,Yujin,[1.000],,[],,[],"[0.000, 1.000, 0.000, 0.000, 0.000, 0.000, 0.000, 0.000]"
1910,76.4,76.44,Yujin,0.9999998807907104,Yujin,[1.000],,[],,[],"[0.000, 1.000, 0.000, 0.000, 0.000, 0.000, 0.000, 0.000]"
1911,76.44,76.48,Yujin,1.0,Yujin,[1.000],,[],,[],"[0.000, 1.000, 0.000, 0.000, 0.000, 0.000, 0.000, 0.000]"
1912,76.48,76.52,Yujin,1.0,Yujin,[1.000],,[],,[],"[0.000, 1.000, 0.000, 0.000, 0.000, 0.000, 0.000, 0.000]"
1913,76.52,76.56,Yujin,1.0,Yujin,[1.000],,[],,[],"[0.000, 1.000, 0.000, 0.000, 0.000, 0.000, 0.000, 0.000]"
1914,76.56,76.6,Yujin,1.0,Yujin,[1.000],,[],,[],"[0.000, 1.000, 0.000, 0.000, 0.000, 0.000, 0.000, 0.000]"
1915,76.6,76.64,Yujin,1.0,Yujin,[1.000],,[],,[],"[0.000, 1.000, 0.000, 0.000, 0.000, 0.000, 0.000, 0.000]"
1916,76.64,76.68,Yujin,1.0,Yujin,[1.000],,[],,[],"[0.000, 1.000, 0.000, 0.000, 0.000, 0.000, 0.000, 0.000]"
1917,76.68,76.72,Yujin,1.0,Yujin,[1.000],,[],,[],"[0.000, 1.000, 0.000, 0.000, 0.000, 0.000, 0.000, 0.000]"
1918,76.72,76.76,Yujin,1.0,Yujin,[1.000],,[],,[],"[0.000, 1.000, 0.000, 0.000, 0.000, 0.000, 0.000, 0.000]"
1919,76.76,76.8,Yujin,1.0,Yujin,[1.000],,[],,[],"[0.000, 1.000, 0.000, 0.000, 0.000, 0.000, 0.000, 0.000]"
1920,76.8,76.84,Yujin,1.0,Yujin,[1.000],,[],,[],"[0.000, 1.000, 0.000, 0.000, 0.000, 0.000, 0.000, 0.000]"
1921,76.84,76.88,Yujin,1.0,Yujin,[1.000],,[],,[],"[0.000, 1.000, 0.000, 0.000, 0.000, 0.000, 0.000, 0.000]"
1922,76.88,76.92,Yujin,1.0,Yujin,[1.000],,[],,[],"[0.000, 1.000, 0.000, 0.000, 0.000, 0.000, 0.000, 0.000]"
1923,76.92,76.96,Yujin,1.0,Yujin,[1.000],,[],,[],"[0.000, 1.000, 0.000, 0.000, 0.000, 0.000, 0.000, 0.000]"
1924,76.96,77.0,Yujin,1.0,Yujin,[1.000],,[],,[],"[0.000, 1.000, 0.000, 0.000, 0.000, 0.000, 0.000, 0.000]"
1925,77.0,77.04,Yujin,1.0,Yujin,[1.000],,[],,[],"[0.000, 1.000, 0.000, 0.000, 0.000, 0.000, 0.000, 0.000]"
1926,77.04,77.08,Yujin,1.0,Yujin,[1.000],,[],,[],"[0.000, 1.000, 0.000, 0.000, 0.000, 0.000, 0.000, 0.000]"
1927,77.08,77.12,Yujin,1.0,Yujin,[1.000],,[],,[],"[0.000, 1.000, 0.000, 0.000, 0.000, 0.000, 0.000, 0.000]"
1928,77.12,77.16,Yujin,1.0,Yujin,[1.000],,[],,[],"[0.000, 1.000, 0.000, 0.000, 0.000, 0.000, 0.000, 0.000]"
1929,77.16,77.2,Yujin,1.0,Yujin,[1.000],,[],,[],"[0.000, 1.000, 0.000, 0.000, 0.000, 0.000, 0.000, 0.000]"
1930,77.2,77.24,Yujin,1.0,Yujin,[1.000],,[],,[],"[0.000, 1.000, 0.000, 0.000, 0.000, 0.000, 0.000, 0.000]"
1931,77.24,77.28,Yujin,1.0,Yujin,[1.000],,[],,[],"[0.000, 1.000, 0.000, 0.000, 0.000, 0.000, 0.000, 0.000]"
1932,77.28,77.32,Yujin,1.0,Yujin,[1.000],,[],,[],"[0.000, 1.000, 0.000, 0.000, 0.000, 0.000, 0.000, 0.000]"
1933,77.32,77.36,Yujin,1.0,Yujin,[1.000],,[],,[],"[0.000, 1.000, 0.000, 0.000, 0.000, 0.000, 0.000, 0.000]"
1934,77.36,77.4,Yujin,1.0,Yujin,[1.000],,[],,[],"[0.000, 1.000, 0.000, 0.000, 0.000, 0.000, 0.000, 0.000]"
1935,77.4,77.44,Yujin,1.0,Yujin,[1.000],,[],,[],"[0.000, 1.000, 0.000, 0.000, 0.000, 0.000, 0.000, 0.000]"
1936,77.44,77.48,Yujin,1.0,Yujin,[1.000],,[],,[],"[0.000, 1.000, 0.000, 0.000, 0.000, 0.000, 0.000, 0.000]"
1937,77.48,77.52,Yujin,1.0,Yujin,[1.000],,[],,[],"[0.000, 1.000, 0.000, 0.000, 0.000, 0.000, 0.000, 0.000]"
1938,77.52,77.56,Yujin,1.0,Yujin,[1.000],,[],,[],"[0.000, 1.000, 0.000, 0.000, 0.000, 0.000, 0.000, 0.000]"
1939,77.56,77.6,Yujin,1.0,Yujin,[1.000],,[],,[],"[0.000, 1.000, 0.000, 0.000, 0.000, 0.000, 0.000, 0.000]"
1940,77.6,77.64,Yujin,1.0,Yujin,[1.000],,[],,[],"[0.000, 1.000, 0.000, 0.000, 0.000, 0.000, 0.000, 0.000]"
1941,77.64,77.68,Yujin,1.0,Yujin,[1.000],,[],,[],"[0.000, 1.000, 0.000, 0.000, 0.000, 0.000, 0.000, 0.000]"
1942,77.68,77.72,Yujin,1.0,Yujin,[1.000],,[],,[],"[0.000, 1.000, 0.000, 0.000, 0.000, 0.000, 0.000, 0.000]"
1943,77.72,77.76,Yujin,1.0,Yujin,[1.000],,[],,[],"[0.000, 1.000, 0.000, 0.000, 0.000, 0.000, 0.000, 0.000]"
1944,77.76,77.8,Yujin,1.0,Yujin,[1.000],,[],,[],"[0.000, 1.000, 0.000, 0.000, 0.000, 0.000, 0.000, 0.000]"
1945,77.8,77.84,Yujin,1.0,Yujin,[1.000],,[],,[],"[0.000, 1.000, 0.000, 0.000, 0.000, 0.000, 0.000, 0.000]"
1946,77.84,77.88,Yujin,0.9999997615814209,Yujin,[1.000],,[],,[],"[0.000, 1.000, 0.000, 0.000, 0.000, 0.000, 0.000, 0.000]"
1947,77.88,77.92,Yujin,0.999998927116394,Yujin,[1.000],,[],,[],"[0.000, 1.000, 0.000, 0.000, 0.000, 0.000, 0.000, 0.000]"
1948,77.92,77.96,Yujin,0.9999951124191284,Yujin,[1.000],,[],,[],"[0.000, 1.000, 0.000, 0.000, 0.000, 0.000, 0.000, 0.000]"
1949,77.96,78.0,Yujin,0.9999768733978271,Yujin,[1.000],,[],,[],"[0.000, 1.000, 0.000, 0.000, 0.000, 0.000, 0.000, 0.000]"
1950,78.0,78.04,Yujin,0.9998868703842163,Yujin,[1.000],,[],,[],"[0.000, 1.000, 0.000, 0.000, 0.000, 0.000, 0.000, 0.000]"
1951,78.04,78.08,Yujin,0.9994315505027771,Yujin,[0.999],,[],,[],"[0.000, 0.999, 0.000, 0.000, 0.000, 0.000, 0.000, 0.000]"
1952,78.08,78.12,Yujin,0.9970846772193909,Yujin,[0.997],,[],,[],"[0.000, 0.997, 0.000, 0.000, 0.000, 0.000, 0.000, 0.000]"
1953,78.12,78.16,Yujin,0.9849344491958618,Yujin,[0.985],,[],,[],"[0.000, 0.985, 0.000, 0.000, 0.000, 0.000, 0.000, 0.000]"
1954,78.16,78.2,Yujin,0.9251588582992554,Yujin,[0.925],,[],,[],"[0.000, 0.925, 0.000, 0.000, 0.000, 0.000, 0.000, 0.000]"
1955,78.2,78.24,Yujin,0.699771523475647,Yujin,[0.700],,[],,[],"[0.000, 0.700, 0.000, 0.000, 0.001, 0.000, 0.000, 0.000]"
1956,78.24,78.28,silence,0.0006358159589581192,,[],,[],,[],"[0.000, 0.306, 0.000, 0.000, 0.002, 0.000, 0.000, 0.001]"
1957,78.28,78.32,silence,0.0008924671565182507,,[],,[],,[],"[0.000, 0.078, 0.000, 0.000, 0.003, 0.000, 0.000, 0.001]"
1958,78.32,78.36,silence,0.0011784868547692895,,[],,[],,[],"[0.000, 0.016, 0.000, 0.000, 0.008, 0.000, 0.000, 0.001]"
1959,78.36,78.4,silence,0.0014596289256587625,,[],,[],,[],"[0.000, 0.003, 0.000, 0.000, 0.017, 0.000, 0.000, 0.001]"
1960,78.4,78.44,silence,0.001690723467618227,,[],,[],,[],"[0.000, 0.001, 0.000, 0.000, 0.035, 0.000, 0.000, 0.002]"
1961,78.44,78.48,silence,0.0018282491946592927,,[],,[],,[],"[0.000, 0.000, 0.000, 0.000, 0.073, 0.000, 0.000, 0.002]"
1962,78.48,78.52,silence,0.0018452906515449286,,[],,[],,[],"[0.000, 0.000, 0.000, 0.000, 0.143, 0.000, 0.000, 0.002]"
1963,78.52,78.56,silence,0.0017404748359695077,,[],,[],,[],"[0.000, 0.000, 0.000, 0.000, 0.259, 0.000, 0.000, 0.002]"
1964,78.56,78.6,silence,0.0015373541973531246,,[],,[],,[],"[0.000, 0.000, 0.000, 0.000, 0.422, 0.000, 0.000, 0.002]"
1965,78.6,78.64,Liz,0.6026164293289185,Liz,[0.603],,[],,[],"[0.000, 0.000, 0.000, 0.000, 0.603, 0.000, 0.000, 0.001]"
1966,78.64,78.68,Liz,0.759242057800293,Liz,[0.759],,[],,[],"[0.000, 0.000, 0.000, 0.000, 0.759, 0.000, 0.000, 0.001]"
1967,78.68,78.72,Liz,0.867675244808197,Liz,[0.868],,[],,[],"[0.000, 0.000, 0.000, 0.000, 0.868, 0.000, 0.000, 0.001]"
1968,78.72,78.76,Liz,0.9315958619117737,Liz,[0.932],,[],,[],"[0.000, 0.000, 0.000, 0.000, 0.932, 0.000, 0.000, 0.001]"
1969,78.76,78.8,Liz,0.9657055735588074,Liz,[0.966],,[],,[],"[0.000, 0.000, 0.000, 0.000, 0.966, 0.000, 0.000, 0.000]"
1970,78.8,78.84,Liz,0.9829550385475159,Liz,[0.983],,[],,[],"[0.000, 0.000, 0.000, 0.000, 0.983, 0.000, 0.000, 0.000]"
1971,78.84,78.88,Liz,0.9914787411689758,Liz,[0.991],,[],,[],"[0.000, 0.000, 0.000, 0.000, 0.991, 0.000, 0.000, 0.000]"
1972,78.88,78.92,Liz,0.9956647753715515,Liz,[0.996],,[],,[],"[0.000, 0.000, 0.000, 0.000, 0.996, 0.000, 0.000, 0.000]"
1973,78.92,78.96,Liz,0.9977375268936157,Liz,[0.998],,[],,[],"[0.000, 0.000, 0.000, 0.000, 0.998, 0.000, 0.000, 0.000]"
1974,78.96,79.0,Liz,0.9987824559211731,Liz,[0.999],,[],,[],"[0.000, 0.000, 0.000, 0.000, 0.999, 0.000, 0.000, 0.000]"
1975,79.0,79.04,Liz,0.999321699142456,Liz,[0.999],,[],,[],"[0.000, 0.000, 0.000, 0.000, 0.999, 0.000, 0.000, 0.000]"
1976,79.04,79.08,Liz,0.9996071457862854,Liz,[1.000],,[],,[],"[0.000, 0.000, 0.000, 0.000, 1.000, 0.000, 0.000, 0.000]"
1977,79.08,79.12,Liz,0.9997628331184387,Liz,[1.000],,[],,[],"[0.000, 0.000, 0.000, 0.000, 1.000, 0.000, 0.000, 0.000]"
1978,79.12,79.16,Liz,0.9998502731323242,Liz,[1.000],,[],,[],"[0.000, 0.000, 0.000, 0.000, 1.000, 0.000, 0.000, 0.000]"
1979,79.16,79.2,Liz,0.9999010562896729,Liz,[1.000],,[],,[],"[0.000, 0.000, 0.000, 0.000, 1.000, 0.000, 0.000, 0.000]"
1980,79.2,79.24,Liz,0.9999313354492188,Liz,[1.000],,[],,[],"[0.000, 0.000, 0.000, 0.000, 1.000, 0.000, 0.000, 0.000]"
1981,79.24,79.28,Liz,0.9999498128890991,Liz,[1.000],,[],,[],"[0.000, 0.000, 0.000, 0.000, 1.000, 0.000, 0.000, 0.000]"
1982,79.28,79.32,Liz,0.9999614953994751,Liz,[1.000],,[],,[],"[0.000, 0.000, 0.000, 0.000, 1.000, 0.000, 0.000, 0.000]"
1983,79.32,79.36,Liz,0.9999687671661377,Liz,[1.000],,[],,[],"[0.000, 0.000, 0.000, 0.000, 1.000, 0.000, 0.000, 0.000]"
1984,79.36,79.4,Liz,0.9999732971191406,Liz,[1.000],,[],,[],"[0.000, 0.000, 0.000, 0.000, 1.000, 0.000, 0.000, 0.000]"
1985,79.4,79.44,Liz,0.9999760389328003,Liz,[1.000],,[],,[],"[0.000, 0.000, 0.000, 0.000, 1.000, 0.000, 0.000, 0.000]"
1986,79.44,79.48,Liz,0.9999773502349854,Liz,[1.000],,[],,[],"[0.000, 0.000, 0.000, 0.000, 1.000, 0.000, 0.000, 0.000]"
1987,79.48,79.52,Liz,0.999977707862854,Liz,[1.000],,[],,[],"[0.000, 0.000, 0.000, 0.000, 1.000, 0.000, 0.000, 0.000]"
1988,79.52,79.56,Liz,0.9999772310256958,Liz,[1.000],,[],,[],"[0.000, 0.000, 0.000, 0.000, 1.000, 0.000, 0.000, 0.000]"
1989,79.56,79.6,Liz,0.9999759197235107,Liz,[1.000],,[],Rei,[0.632],"[0.000, 0.000, 0.000, 0.000, 1.000, 0.000, 0.000, 0.000]"
1990,79.6,79.64,Liz,0.9999738931655884,Liz,[1.000],,[],Rei,[0.826],"[0.000, 0.000, 0.000, 0.000, 1.000, 0.000, 0.000, 0.000]"
1991,79.64,79.68,Liz,0.9999712705612183,Liz,[1.000],,[],Rei,[0.926],"[0.000, 0.000, 0.000, 0.000, 1.000, 0.000, 0.000, 0.000]"
1992,79.68,79.72,Liz,0.9999680519104004,Liz,[1.000],,[],Rei,[0.969],"[0.000, 0.000, 0.000, 0.000, 1.000, 0.000, 0.000, 0.000]"
1993,79.72,79.76,Liz,0.9999642372131348,Liz,[1.000],,[],Rei,[0.986],"[0.000, 0.000, 0.000, 0.000, 1.000, 0.000, 0.000, 0.000]"
1994,79.76,79.8,Liz,0.9999598264694214,Liz,[1.000],,[],Rei,[0.994],"[0.000, 0.000, 0.000, 0.000, 1.000, 0.000, 0.000, 0.000]"
1995,79.8,79.84,Liz,0.9999549388885498,Liz,[1.000],,[],Rei,[0.997],"[0.000, 0.000, 0.000, 0.000, 1.000, 0.000, 0.000, 0.000]"
1996,79.84,79.88,Liz,0.9999493360519409,Liz,[1.000],,[],Rei,[0.998],"[0.000, 0.000, 0.000, 0.000, 1.000, 0.000, 0.000, 0.000]"
1997,79.88,79.92,Liz,0.9999428987503052,Liz,[1.000],,[],Rei,[0.999],"[0.000, 0.000, 0.000, 0.000, 1.000, 0.000, 0.000, 0.000]"
1998,79.92,79.96,Liz,0.9999352693557739,Liz,[1.000],,[],Rei,[0.999],"[0.000, 0.000, 0.000, 0.000, 1.000, 0.000, 0.000, 0.000]"
1999,79.96,80.0,Liz,0.999925971031189,Liz,[1.000],,[],Rei,[1.000],"[0.000, 0.000, 0.000, 0.000, 1.000, 0.000, 0.000, 0.000]"
2000,80.0,80.04,Liz,0.9999141693115234,Liz,[1.000],,[],Rei,[1.000],"[0.000, 0.000, 0.000, 0.000, 1.000, 0.000, 0.000, 0.000]"
2001,80.04,80.08,Liz,0.9998986721038818,Liz,[1.000],,[],Rei,[1.000],"[0.000, 0.000, 0.000, 0.000, 1.000, 0.000, 0.000, 0.000]"
2002,80.08,80.12,Liz,0.9998780488967896,Liz,[1.000],,[],Rei,[1.000],"[0.000, 0.000, 0.001, 0.000, 1.000, 0.000, 0.000, 0.000]"
2003,80.12,80.16,Liz,0.9998501539230347,Liz,[1.000],,[],Rei,[1.000],"[0.000, 0.000, 0.001, 0.000, 1.000, 0.000, 0.000, 0.000]"
2004,80.16,80.2,Liz,0.9998121857643127,Liz,[1.000],,[],Rei,[1.000],"[0.000, 0.000, 0.001, 0.000, 1.000, 0.000, 0.000, 0.000]"
2005,80.2,80.24,Liz,0.9997594952583313,Liz,[1.000],,[],Rei,[1.000],"[0.000, 0.000, 0.002, 0.000, 1.000, 0.000, 0.000, 0.000]"
2006,80.24,80.28,Liz,0.9996861219406128,Liz,[1.000],,[],Rei,[1.000],"[0.000, 0.000, 0.003, 0.000, 1.000, 0.000, 0.000, 0.000]"
2007,80.28,80.32,Liz,0.9995824694633484,Liz,[1.000],,[],Rei,[1.000],"[0.000, 0.000, 0.004, 0.000, 1.000, 0.000, 0.000, 0.000]"
2008,80.32,80.36,Liz,0.9994344115257263,Liz,[0.999],,[],Rei,[1.000],"[0.000, 0.000, 0.005, 0.000, 0.999, 0.000, 0.000, 0.000]"
2009,80.36,80.4,Liz,0.9992212057113647,Liz,[0.999],,[],Rei,[0.999],"[0.000, 0.000, 0.006, 0.000, 0.999, 0.000, 0.000, 0.000]"
2010,80.4,80.44,Liz,0.9989109039306641,Liz,[0.999],,[],Rei,[0.999],"[0.000, 0.000, 0.008, 0.000, 0.999, 0.000, 0.000, 0.000]"
2011,80.44,80.48,Liz,0.9984577894210815,Liz,[0.998],,[],Rei,[0.999],"[0.000, 0.000, 0.010, 0.000, 0.998, 0.000, 0.000, 0.000]"
2012,80.48,80.52,Liz,0.9977996945381165,Liz,[0.998],,[],Rei,[0.999],"[0.000, 0.000, 0.012, 0.000, 0.998, 0.000, 0.000, 0.000]"
2013,80.52,80.56,Liz,0.9968580007553101,Liz,[0.997],,[],Rei,[0.999],"[0.000, 0.000, 0.016, 0.000, 0.997, 0.000, 0.000, 0.000]"
2014,80.56,80.6,Liz,0.9955393671989441,Liz,[0.996],,[],Rei,[0.999],"[0.000, 0.000, 0.020, 0.000, 0.996, 0.000, 0.000, 0.000]"
2015,80.6,80.64,Liz,0.9937397241592407,Liz,[0.994],,[],Rei,[0.998],"[0.000, 0.000, 0.026, 0.000, 0.994, 0.000, 0.000, 0.000]"
2016,80.64,80.68,Liz,0.9913620352745056,Liz,[0.991],,[],Rei,[0.998],"[0.000, 0.000, 0.033, 0.000, 0.991, 0.000, 0.000, 0.000]"
2017,80.68,80.72,Liz,0.9883337020874023,Liz,[0.988],,[],Rei,[0.998],"[0.000, 0.000, 0.043, 0.000, 0.988, 0.000, 0.000, 0.000]"
2018,80.72,80.76,Liz,0.9846211671829224,Liz,[0.985],,[],Rei,[0.998],"[0.000, 0.000, 0.055, 0.000, 0.985, 0.000, 0.000, 0.000]"
2019,80.76,80.8,Liz,0.9803219437599182,Liz,[0.980],,[],Rei,[0.998],"[0.000, 0.000, 0.071, 0.000, 0.980, 0.000, 0.000, 0.000]"
2020,80.8,80.84,Liz,0.9757590293884277,Liz,[0.976],,[],Rei,[0.997],"[0.000, 0.000, 0.090, 0.000, 0.976, 0.000, 0.000, 0.000]"
2021,80.84,80.88,Liz,0.9714447259902954,Liz,[0.971],,[],Rei,[0.997],"[0.000, 0.000, 0.111, 0.000, 0.971, 0.000, 0.000, 0.000]"
2022,80.88,80.92,Liz,0.9680399298667908,Liz,[0.968],,[],Rei,[0.997],"[0.000, 0.000, 0.133, 0.000, 0.968, 0.000, 0.000, 0.000]"
2023,80.92,80.96,Liz,0.9661852717399597,Liz,[0.966],,[],Rei,[0.997],"[0.000, 0.000, 0.155, 0.000, 0.966, 0.000, 0.000, 0.000]"
2024,80.96,81.0,Liz,0.9663068056106567,Liz,[0.966],,[],Rei,[0.997],"[0.000, 0.000, 0.174, 0.000, 0.966, 0.000, 0.000, 0.000]"
2025,81.0,81.04,Liz,0.9684705138206482,Liz,[0.968],,[],Rei,[0.997],"[0.000, 0.000, 0.187, 0.000, 0.968, 0.000, 0.000, 0.000]"
2026,81.04,81.08,Liz,0.9723489284515381,Liz,[0.972],,[],Rei,[0.997],"[0.000, 0.000, 0.193, 0.000, 0.972, 0.000, 0.000, 0.000]"
2027,81.08,81.12,Liz,0.9772747755050659,Liz,[0.977],,[],Rei,[0.997],"[0.000, 0.000, 0.190, 0.000, 0.977, 0.000, 0.000, 0.000]"
2028,81.12,81.16,Liz,0.9824867844581604,Liz,[0.982],,[],Rei,[0.997],"[0.000, 0.000, 0.178, 0.000, 0.982, 0.000, 0.000, 0.000]"
2029,81.16,81.2,Liz,0.9873268008232117,Liz,[0.987],,[],Rei,[0.997],"[0.000, 0.000, 0.159, 0.000, 0.987, 0.000, 0.000, 0.000]"
2030,81.2,81.24,Liz,0.991356611251831,Liz,[0.991],,[],Rei,[0.997],"[0.000, 0.000, 0.134, 0.000, 0.991, 0.000, 0.000, 0.000]"
2031,81.24,81.28,Liz,0.9944137334823608,Liz,[0.994],,[],Rei,[0.998],"[0.000, 0.000, 0.106, 0.000, 0.994, 0.000, 0.000, 0.000]"
2032,81.28,81.32,Liz,0.9965620636940002,Liz,[0.997],,[],Rei,[0.998],"[0.000, 0.000, 0.079, 0.000, 0.997, 0.000, 0.000, 0.000]"
2033,81.32,81.36,Liz,0.9979758858680725,Liz,[0.998],,[],Rei,[0.998],"[0.000, 0.000, 0.055, 0.000, 0.998, 0.000, 0.000, 0.000]"
2034,81.36,81.4,Liz,0.9988510608673096,Liz,[0.999],,[],Rei,[0.998],"[0.000, 0.000, 0.036, 0.000, 0.999, 0.000, 0.000, 0.000]"
2035,81.4,81.44,Liz,0.999365508556366,Liz,[0.999],,[],Rei,[0.998],"[0.000, 0.000, 0.022, 0.000, 0.999, 0.000, 0.000, 0.000]"
2036,81.44,81.48,Liz,0.9996565580368042,Liz,[1.000],,[],Rei,[0.998],"[0.000, 0.000, 0.012, 0.000, 1.000, 0.000, 0.000, 0.000]"
2037,81.48,81.52,Liz,0.9998162388801575,Liz,[1.000],,[],Rei,[0.998],"[0.000, 0.000, 0.006, 0.000, 1.000, 0.000, 0.000, 0.000]"
2038,81.52,81.56,Liz,0.9999018907546997,Liz,[1.000],,[],Rei,[0.998],"[0.000, 0.000, 0.003, 0.000, 1.000, 0.000, 0.000, 0.000]"
2039,81.56,81.6,Liz,0.9999473094940186,Liz,[1.000],,[],Rei,[0.998],"[0.000, 0.000, 0.001, 0.000, 1.000, 0.000, 0.000, 0.000]"
2040,81.6,81.64,Liz,0.9999712705612183,Liz,[1.000],,[],Rei,[0.998],"[0.000, 0.000, 0.001, 0.000, 1.000, 0.000, 0.000, 0.000]"
2041,81.64,81.68,Liz,0.9999839067459106,Liz,[1.000],,[],Rei,[0.998],"[0.000, 0.000, 0.000, 0.000, 1.000, 0.000, 0.000, 0.000]"
2042,81.68,81.72,Liz,0.999990701675415,Liz,[1.000],,[],Rei,[0.998],"[0.000, 0.000, 0.000, 0.000, 1.000, 0.000, 0.000, 0.000]"
2043,81.72,81.76,Liz,0.9999943971633911,Liz,[1.000],,[],Rei,[0.997],"[0.000, 0.000, 0.000, 0.000, 1.000, 0.000, 0.000, 0.000]"
2044,81.76,81.8,Liz,0.999996542930603,Liz,[1.000],,[],Rei,[0.996],"[0.000, 0.000, 0.000, 0.000, 1.000, 0.000, 0.000, 0.000]"
2045,81.8,81.84,Liz,0.9999977350234985,Liz,[1.000],,[],Rei,[0.994],"[0.000, 0.000, 0.000, 0.000, 1.000, 0.000, 0.000, 0.000]"
2046,81.84,81.88,Liz,0.9999983310699463,Liz,[1.000],,[],Rei,[0.990],"[0.000, 0.000, 0.000, 0.000, 1.000, 0.000, 0.000, 0.000]"
2047,81.88,81.92,Liz,0.9999988079071045,Liz,[1.000],,[],Rei,[0.984],"[0.000, 0.000, 0.000, 0.000, 1.000, 0.000, 0.000, 0.000]"
2048,81.92,81.96,Liz,0.9999990463256836,Liz,[1.000],,[],Rei,[0.971],"[0.000, 0.000, 0.000, 0.000, 1.000, 0.000, 0.000, 0.000]"
2049,81.96,82.0,Liz,0.9999991655349731,Liz,[1.000],,[],Rei,[0.946],"[0.000, 0.000, 0.000, 0.000, 1.000, 0.000, 0.000, 0.000]"
2050,82.0,82.04,Liz,0.9999992847442627,Liz,[1.000],,[],Rei,[0.896],"[0.000, 0.000, 0.000, 0.000, 1.000, 0.000, 0.000, 0.000]"
2051,82.04,82.08,Liz,0.9999992847442627,Liz,[1.000],,[],Rei,[0.798],"[0.000, 0.000, 0.000, 0.000, 1.000, 0.000, 0.000, 0.000]"
2052,82.08,82.12,Liz,0.9999991655349731,Liz,[1.000],,[],Rei,[0.632],"[0.000, 0.000, 0.000, 0.000, 1.000, 0.000, 0.000, 0.000]"
2053,82.12,82.16,Liz,0.9999991655349731,Liz,[1.000],,[],Gaeul,[0.871],"[0.000, 0.000, 0.000, 0.000, 1.000, 0.000, 0.000, 0.000]"
2054,82.16,82.2,Liz,0.999998927116394,Liz,[1.000],,[],Gaeul,[0.963],"[0.000, 0.000, 0.000, 0.000, 1.000, 0.000, 0.000, 0.000]"
2055,82.2,82.24,Liz,0.9999986886978149,Liz,[1.000],,[],Gaeul,[0.989],"[0.000, 0.000, 0.000, 0.000, 1.000, 0.000, 0.000, 0.000]"
2056,82.24,82.28,Liz,0.9999982118606567,Liz,[1.000],,[],Gaeul,[0.996],"[0.000, 0.000, 0.000, 0.000, 1.000, 0.000, 0.000, 0.000]"
2057,82.28,82.32,Liz,0.9999974966049194,Liz,[1.000],,[],Gaeul,[0.999],"[0.000, 0.000, 0.000, 0.000, 1.000, 0.000, 0.000, 0.000]"
2058,82.32,82.36,Liz,0.9999964237213135,Liz,[1.000],,[],Gaeul,[0.999],"[0.000, 0.000, 0.000, 0.000, 1.000, 0.000, 0.000, 0.000]"
2059,82.36,82.4,Liz,0.9999943971633911,Liz,[1.000],,[],Gaeul,[1.000],"[0.000, 0.000, 0.000, 0.000, 1.000, 0.000, 0.000, 0.000]"
2060,82.4,82.44,Liz,0.9999910593032837,Liz,[1.000],,[],Gaeul,[1.000],"[0.000, 0.000, 0.000, 0.000, 1.000, 0.000, 0.000, 0.000]"
2061,82.44,82.48,Liz,0.9999850988388062,Liz,[1.000],,[],Gaeul,[1.000],"[0.000, 0.000, 0.000, 0.000, 1.000, 0.000, 0.000, 0.000]"
2062,82.48,82.52,Liz,0.9999740123748779,Liz,[1.000],,[],Gaeul,[1.000],"[0.000, 0.000, 0.000, 0.000, 1.000, 0.000, 0.000, 0.000]"
2063,82.52,82.56,Liz,0.9999523162841797,Liz,[1.000],,[],Gaeul,[1.000],"[0.001, 0.000, 0.000, 0.000, 1.000, 0.000, 0.000, 0.000]"
2064,82.56,82.6,Liz,0.9999088048934937,Liz,[1.000],,[],Gaeul,[1.000],"[0.001, 0.000, 0.000, 0.000, 1.000, 0.000, 0.000, 0.000]"
2065,82.6,82.64,Liz,0.9998175501823425,Liz,[1.000],,[],Gaeul,[1.000],"[0.003, 0.000, 0.000, 0.000, 1.000, 0.000, 0.000, 0.000]"
2066,82.64,82.68,Liz,0.9996216297149658,Liz,[1.000],,[],Gaeul,[1.000],"[0.006, 0.000, 0.000, 0.000, 1.000, 0.000, 0.000, 0.000]"
2067,82.68,82.72,Liz,0.9991958737373352,Liz,[0.999],,[],Gaeul,[1.000],"[0.013, 0.000, 0.000, 0.000, 0.999, 0.000, 0.000, 0.000]"
2068,82.72,82.76,Liz,0.9982688426971436,Liz,[0.998],,[],Gaeul,[1.000],"[0.026, 0.000, 0.000, 0.000, 0.998, 0.000, 0.000, 0.000]"
2069,82.76,82.8,Liz,0.9962663054466248,Liz,[0.996],,[],Gaeul,[1.000],"[0.047, 0.000, 0.000, 0.000, 0.996, 0.000, 0.000, 0.000]"
2070,82.8,82.84,Liz,0.9920199513435364,Liz,[0.992],,[],Gaeul,[1.000],"[0.079, 0.000, 0.000, 0.000, 0.992, 0.000, 0.000, 0.000]"
2071,82.84,82.88,Liz,0.9833110570907593,Liz,[0.983],,[],Gaeul,[1.000],"[0.122, 0.000, 0.000, 0.000, 0.983, 0.000, 0.000, 0.000]"
2072,82.88,82.92,Liz,0.9662975668907166,Liz,[0.966],,[],Gaeul,[1.000],"[0.172, 0.000, 0.000, 0.000, 0.966, 0.000, 0.000, 0.000]"
2073,82.92,82.96,Liz,0.9353135228157043,Liz,[0.935],,[],Gaeul,[1.000],"[0.222, 0.000, 0.000, 0.000, 0.935, 0.000, 0.000, 0.000]"
2074,82.96,83.0,Liz,0.8842307925224304,Liz,[0.884],,[],Gaeul,[1.000],"[0.265, 0.000, 0.000, 0.000, 0.884, 0.000, 0.000, 0.000]"
2075,83.0,83.04,Liz,0.8100770115852356,Liz,[0.810],,[],Gaeul,[1.000],"[0.293, 0.000, 0.000, 0.000, 0.810, 0.000, 0.000, 0.000]"
2076,83.04,83.08,Liz,0.7172728776931763,Liz,[0.717],,[],Gaeul,[1.000],"[0.300, 0.000, 0.000, 0.000, 0.717, 0.000, 0.000, 0.000]"
2077,83.08,83.12,Liz,0.6183304786682129,Liz,[0.618],,[],Gaeul,[1.000],"[0.286, 0.000, 0.000, 0.000, 0.618, 0.000, 0.000, 0.000]"
2078,83.12,83.16,Liz,0.5282673835754395,Liz,[0.528],,[],Gaeul,[1.000],"[0.250, 0.000, 0.000, 0.000, 0.528, 0.000, 0.000, 0.000]"
2079,83.16,83.2,silence,3.303851917735301e-05,,[],,[],Gaeul,[1.000],"[0.198, 0.000, 0.000, 0.000, 0.458, 0.000, 0.000, 0.000]"
2080,83.2,83.24,silence,3.143541107419878e-05,,[],,[],Gaeul,[1.000],"[0.140, 0.000, 0.000, 0.000, 0.411, 0.000, 0.000, 0.000]"
2081,83.24,83.28,silence,2.8723270588670857e-05,,[],,[],Gaeul,[1.000],"[0.087, 0.000, 0.000, 0.000, 0.390, 0.000, 0.000, 0.000]"
2082,83.28,83.32,silence,2.513810250093229e-05,,[],,[],Gaeul,[1.000],"[0.048, 0.000, 0.000, 0.000, 0.394, 0.000, 0.000, 0.000]"
2083,83.32,83.36,silence,2.1037898477516137e-05,,[],,[],Gaeul,[1.000],"[0.023, 0.000, 0.000, 0.000, 0.422, 0.000, 0.000, 0.000]"
2084,83.36,83.4,silence,1.6790148947620764e-05,,[],,[],Gaeul,[1.000],"[0.010, 0.000, 0.000, 0.000, 0.477, 0.000, 0.000, 0.000]"
2085,83.4,83.44,Liz,0.5576833486557007,Liz,[0.558],,[],Gaeul,[1.000],"[0.004, 0.000, 0.000, 0.000, 0.558, 0.000, 0.000, 0.000]"
2086,83.44,83.48,Liz,0.656755268573761,Liz,[0.657],,[],Gaeul,[1.000],"[0.001, 0.000, 0.000, 0.000, 0.657, 0.000, 0.000, 0.000]"
2087,83.48,83.52,Liz,0.7603973150253296,Liz,[0.760],,[],Gaeul,[1.000],"[0.000, 0.000, 0.000, 0.000, 0.760, 0.000, 0.000, 0.000]"
2088,83.52,83.56,Liz,0.8513184785842896,Liz,[0.851],,[],Gaeul,[1.000],"[0.000, 0.000, 0.000, 0.000, 0.851, 0.000, 0.000, 0.000]"
2089,83.56,83.6,Liz,0.9178914427757263,Liz,[0.918],,[],Gaeul,[1.000],"[0.000, 0.000, 0.000, 0.000, 0.918, 0.000, 0.000, 0.000]"
2090,83.6,83.64,Liz,0.9591248035430908,Liz,[0.959],,[],Gaeul,[1.000],"[0.000, 0.000, 0.000, 0.000, 0.959, 0.000, 0.000, 0.000]"
2091,83.64,83.68,Liz,0.9813022017478943,Liz,[0.981],,[],Gaeul,[1.000],"[0.000, 0.000, 0.000, 0.000, 0.981, 0.000, 0.000, 0.000]"
2092,83.68,83.72,Liz,0.9920006990432739,Liz,[0.992],,[],Gaeul,[1.000],"[0.000, 0.000, 0.000, 0.000, 0.992, 0.000, 0.000, 0.000]"
2093,83.72,83.76,Liz,0.9967527985572815,Liz,[0.997],,[],Gaeul,[1.000],"[0.000, 0.000, 0.000, 0.000, 0.997, 0.000, 0.000, 0.000]"
2094,83.76,83.8,Liz,0.9987363219261169,Liz,[0.999],,[],Gaeul,[1.000],"[0.000, 0.000, 0.000, 0.000, 0.999, 0.000, 0.000, 0.000]"
2095,83.8,83.84,Liz,0.9995250701904297,Liz,[1.000],,[],Gaeul,[1.000],"[0.000, 0.000, 0.000, 0.000, 1.000, 0.000, 0.000, 0.000]"
2096,83.84,83.88,Liz,0.9998266100883484,Liz,[1.000],,[],Gaeul,[1.000],"[0.000, 0.000, 0.000, 0.000, 1.000, 0.000, 0.000, 0.000]"
2097,83.88,83.92,Liz,0.9999380111694336,Liz,[1.000],,[],Gaeul,[1.000],"[0.000, 0.000, 0.000, 0.000, 1.000, 0.000, 0.000, 0.000]"
2098,83.92,83.96,Liz,0.9999781847000122,Liz,[1.000],,[],Gaeul,[0.999],"[0.000, 0.000, 0.000, 0.000, 1.000, 0.000, 0.000, 0.000]"
2099,83.96,84.0,Liz,0.9999923706054688,Liz,[1.000],,[],Gaeul,[0.998],"[0.000, 0.000, 0.000, 0.000, 1.000, 0.000, 0.000, 0.000]"
2100,84.0,84.04,Liz,0.9999972581863403,Liz,[1.000],,[],Gaeul,[0.992],"[0.000, 0.000, 0.000, 0.000, 1.000, 0.000, 0.000, 0.000]"
2101,84.04,84.08,Liz,0.9999990463256836,Liz,[1.000],,[],Gaeul,[0.970],"[0.000, 0.000, 0.000, 0.000, 1.000, 0.000, 0.000, 0.000]"
2102,84.08,84.12,Liz,0.9999996423721313,Liz,[1.000],,[],Gaeul,[0.886],"[0.000, 0.000, 0.000, 0.000, 1.000, 0.000, 0.000, 0.000]"
2103,84.12,84.16,Liz,0.9999998807907104,Liz,[1.000],,[],Gaeul,[0.627],"[0.000, 0.000, 0.000, 0.000, 1.000, 0.000, 0.000, 0.000]"
2104,84.16,84.2,Liz,1.0,Liz,[1.000],,[],,[],"[0.000, 0.000, 0.000, 0.000, 1.000, 0.000, 0.000, 0.000]"
2105,84.2,84.24,Liz,1.0,Liz,[1.000],,[],,[],"[0.000, 0.000, 0.000, 0.000, 1.000, 0.000, 0.000, 0.000]"
2106,84.24,84.28,Liz,1.0,Liz,[1.000],,[],,[],"[0.000, 0.000, 0.000, 0.000, 1.000, 0.000, 0.000, 0.000]"
2107,84.28,84.32,Liz,1.0,Liz,[1.000],,[],,[],"[0.000, 0.000, 0.000, 0.000, 1.000, 0.000, 0.000, 0.000]"
2108,84.32,84.36,Liz,1.0,Liz,[1.000],,[],,[],"[0.000, 0.000, 0.000, 0.000, 1.000, 0.000, 0.000, 0.000]"
2109,84.36,84.4,Liz,1.0,Liz,[1.000],,[],,[],"[0.000, 0.000, 0.000, 0.000, 1.000, 0.000, 0.000, 0.000]"
2110,84.4,84.44,Liz,1.0,Liz,[1.000],,[],,[],"[0.000, 0.000, 0.000, 0.000, 1.000, 0.000, 0.000, 0.000]"
2111,84.44,84.48,Liz,1.0,Liz,[1.000],,[],,[],"[0.000, 0.000, 0.000, 0.000, 1.000, 0.000, 0.000, 0.000]"
2112,84.48,84.52,Liz,1.0,Liz,[1.000],,[],,[],"[0.000, 0.000, 0.000, 0.000, 1.000, 0.000, 0.000, 0.000]"
2113,84.52,84.56,Liz,1.0,Liz,[1.000],,[],,[],"[0.000, 0.000, 0.000, 0.000, 1.000, 0.000, 0.000, 0.000]"
2114,84.56,84.6,Liz,1.0,Liz,[1.000],,[],,[],"[0.000, 0.000, 0.000, 0.000, 1.000, 0.000, 0.000, 0.000]"
2115,84.6,84.64,Liz,1.0,Liz,[1.000],,[],,[],"[0.000, 0.000, 0.000, 0.000, 1.000, 0.000, 0.000, 0.000]"
2116,84.64,84.68,Liz,1.0,Liz,[1.000],,[],,[],"[0.000, 0.000, 0.000, 0.000, 1.000, 0.000, 0.000, 0.000]"
2117,84.68,84.72,Liz,1.0,Liz,[1.000],,[],,[],"[0.000, 0.000, 0.000, 0.000, 1.000, 0.000, 0.000, 0.000]"
2118,84.72,84.76,Liz,1.0,Liz,[1.000],,[],,[],"[0.000, 0.000, 0.000, 0.000, 1.000, 0.000, 0.000, 0.000]"
2119,84.76,84.8,Liz,1.0,Liz,[1.000],,[],,[],"[0.000, 0.000, 0.000, 0.000, 1.000, 0.000, 0.000, 0.000]"
2120,84.8,84.84,Liz,1.0,Liz,[1.000],,[],,[],"[0.000, 0.000, 0.000, 0.000, 1.000, 0.000, 0.000, 0.000]"
2121,84.84,84.88,Liz,1.0,Liz,[1.000],,[],,[],"[0.000, 0.000, 0.000, 0.000, 1.000, 0.000, 0.000, 0.000]"
2122,84.88,84.92,Liz,1.0,Liz,[1.000],,[],,[],"[0.000, 0.000, 0.000, 0.000, 1.000, 0.000, 0.000, 0.000]"
2123,84.92,84.96,Liz,1.0,Liz,[1.000],,[],,[],"[0.000, 0.000, 0.000, 0.000, 1.000, 0.000, 0.000, 0.000]"
2124,84.96,85.0,Liz,1.0,Liz,[1.000],,[],,[],"[0.000, 0.000, 0.000, 0.000, 1.000, 0.000, 0.000, 0.000]"
2125,85.0,85.04,Liz,1.0,Liz,[1.000],,[],,[],"[0.000, 0.000, 0.000, 0.000, 1.000, 0.000, 0.000, 0.000]"
2126,85.04,85.08,Liz,1.0,Liz,[1.000],,[],,[],"[0.000, 0.000, 0.000, 0.000, 1.000, 0.000, 0.000, 0.000]"
2127,85.08,85.12,Liz,1.0,Liz,[1.000],,[],,[],"[0.000, 0.000, 0.000, 0.000, 1.000, 0.000, 0.000, 0.000]"
2128,85.12,85.16,Liz,1.0,Liz,[1.000],,[],,[],"[0.000, 0.000, 0.000, 0.000, 1.000, 0.000, 0.000, 0.000]"
2129,85.16,85.2,Liz,1.0,Liz,[1.000],,[],,[],"[0.000, 0.000, 0.000, 0.000, 1.000, 0.000, 0.000, 0.000]"
2130,85.2,85.24,Liz,1.0,Liz,[1.000],,[],,[],"[0.000, 0.000, 0.000, 0.000, 1.000, 0.000, 0.000, 0.000]"
2131,85.24,85.28,Liz,1.0,Liz,[1.000],,[],,[],"[0.000, 0.000, 0.000, 0.000, 1.000, 0.000, 0.000, 0.000]"
2132,85.28,85.32,Liz,1.0,Liz,[1.000],,[],,[],"[0.000, 0.000, 0.000, 0.000, 1.000, 0.000, 0.000, 0.000]"
2133,85.32,85.36,Liz,1.0,Liz,[1.000],,[],,[],"[0.000, 0.000, 0.000, 0.000, 1.000, 0.000, 0.000, 0.000]"
2134,85.36,85.4,Liz,0.9999998807907104,Liz,[1.000],,[],,[],"[0.000, 0.000, 0.000, 0.000, 1.000, 0.000, 0.000, 0.000]"
2135,85.4,85.44,Liz,0.9999998807907104,Liz,[1.000],,[],,[],"[0.000, 0.000, 0.000, 0.000, 1.000, 0.000, 0.000, 0.000]"
2136,85.44,85.48,Liz,0.9999997615814209,Liz,[1.000],,[],,[],"[0.000, 0.000, 0.000, 0.000, 1.000, 0.000, 0.000, 0.000]"
2137,85.48,85.52,Liz,0.9999996423721313,Liz,[1.000],,[],,[],"[0.000, 0.000, 0.000, 0.000, 1.000, 0.000, 0.000, 0.000]"
2138,85.52,85.56,Liz,0.9999995231628418,Liz,[1.000],,[],,[],"[0.000, 0.000, 0.000, 0.000, 1.000, 0.000, 0.000, 0.000]"
2139,85.56,85.6,Liz,0.9999992847442627,Liz,[1.000],,[],,[],"[0.000, 0.000, 0.000, 0.000, 1.000, 0.000, 0.000, 0.000]"
2140,85.6,85.64,Liz,0.9999990463256836,Liz,[1.000],,[],,[],"[0.000, 0.000, 0.000, 0.000, 1.000, 0.000, 0.000, 0.000]"
2141,85.64,85.68,Liz,0.9999988079071045,Liz,[1.000],,[],,[],"[0.000, 0.000, 0.000, 0.000, 1.000, 0.000, 0.000, 0.000]"
2142,85.68,85.72,Liz,0.9999985694885254,Liz,[1.000],,[],,[],"[0.000, 0.000, 0.000, 0.000, 1.000, 0.000, 0.000, 0.000]"
2143,85.72,85.76,Liz,0.9999984502792358,Liz,[1.000],,[],,[],"[0.000, 0.000, 0.000, 0.000, 1.000, 0.000, 0.000, 0.000]"
2144,85.76,85.8,Liz,0.9999983310699463,Liz,[1.000],,[],,[],"[0.000, 0.000, 0.000, 0.000, 1.000, 0.000, 0.000, 0.000]"
2145,85.8,85.84,Liz,0.9999982118606567,Liz,[1.000],,[],,[],"[0.000, 0.000, 0.000, 0.000, 1.000, 0.000, 0.000, 0.000]"
2146,85.84,85.88,Liz,0.9999982118606567,Liz,[1.000],,[],,[],"[0.000, 0.000, 0.000, 0.000, 1.000, 0.000, 0.000, 0.000]"
2147,85.88,85.92,Liz,0.9999980926513672,Liz,[1.000],,[],,[],"[0.000, 0.000, 0.000, 0.000, 1.000, 0.000, 0.000, 0.000]"
2148,85.92,85.96,Liz,0.9999980926513672,Liz,[1.000],,[],,[],"[0.000, 0.000, 0.000, 0.000, 1.000, 0.000, 0.000, 0.000]"
2149,85.96,86.0,Liz,0.9999980926513672,Liz,[1.000],,[],,[],"[0.000, 0.000, 0.000, 0.000, 1.000, 0.000, 0.000, 0.000]"
2150,86.0,86.04,Liz,0.9999979734420776,Liz,[1.000],,[],,[],"[0.000, 0.000, 0.000, 0.000, 1.000, 0.000, 0.000, 0.000]"
2151,86.04,86.08,Liz,0.9999978542327881,Liz,[1.000],,[],,[],"[0.000, 0.000, 0.000, 0.000, 1.000, 0.000, 0.000, 0.000]"
2152,86.08,86.12,Liz,0.9999977350234985,Liz,[1.000],,[],,[],"[0.000, 0.000, 0.000, 0.000, 1.000, 0.000, 0.000, 0.000]"
2153,86.12,86.16,Liz,0.9999973773956299,Liz,[1.000],,[],,[],"[0.000, 0.000, 0.000, 0.000, 1.000, 0.000, 0.000, 0.000]"
2154,86.16,86.2,Liz,0.9999970197677612,Liz,[1.000],,[],,[],"[0.000, 0.000, 0.000, 0.000, 1.000, 0.000, 0.000, 0.000]"
2155,86.2,86.24,Liz,0.9999964237213135,Liz,[1.000],,[],,[],"[0.000, 0.000, 0.000, 0.000, 1.000, 0.000, 0.000, 0.000]"
2156,86.24,86.28,Liz,0.9999955892562866,Liz,[1.000],,[],,[],"[0.000, 0.000, 0.000, 0.000, 1.000, 0.000, 0.000, 0.000]"
2157,86.28,86.32,Liz,0.9999943971633911,Liz,[1.000],,[],,[],"[0.000, 0.000, 0.000, 0.000, 1.000, 0.000, 0.000, 0.000]"
2158,86.32,86.36,Liz,0.9999927282333374,Liz,[1.000],,[],,[],"[0.000, 0.000, 0.000, 0.000, 1.000, 0.000, 0.000, 0.000]"
2159,86.36,86.4,Liz,0.9999902248382568,Liz,[1.000],,[],,[],"[0.000, 0.000, 0.000, 0.000, 1.000, 0.000, 0.000, 0.000]"
2160,86.4,86.44,Liz,0.9999866485595703,Liz,[1.000],,[],,[],"[0.000, 0.000, 0.000, 0.000, 1.000, 0.000, 0.000, 0.000]"
2161,86.44,86.48,Liz,0.9999814033508301,Liz,[1.000],,[],,[],"[0.000, 0.000, 0.000, 0.000, 1.000, 0.000, 0.000, 0.000]"
2162,86.48,86.52,Liz,0.9999737739562988,Liz,[1.000],,[],,[],"[0.000, 0.000, 0.000, 0.000, 1.000, 0.000, 0.000, 0.000]"
2163,86.52,86.56,Liz,0.999962568283081,Liz,[1.000],,[],,[],"[0.000, 0.000, 0.000, 0.000, 1.000, 0.000, 0.000, 0.000]"
2164,86.56,86.6,Liz,0.9999463558197021,Liz,[1.000],,[],,[],"[0.000, 0.000, 0.000, 0.000, 1.000, 0.000, 0.000, 0.000]"
2165,86.6,86.64,Liz,0.9999234676361084,Liz,[1.000],,[],,[],"[0.000, 0.000, 0.000, 0.000, 1.000, 0.000, 0.000, 0.000]"
2166,86.64,86.68,Liz,0.999891996383667,Liz,[1.000],,[],,[],"[0.000, 0.000, 0.000, 0.000, 1.000, 0.000, 0.000, 0.000]"
2167,86.68,86.72,Liz,0.9998506307601929,Liz,[1.000],,[],,[],"[0.000, 0.000, 0.000, 0.000, 1.000, 0.000, 0.000, 0.000]"
2168,86.72,86.76,Liz,0.9997991919517517,Liz,[1.000],,[],,[],"[0.000, 0.000, 0.000, 0.000, 1.000, 0.000, 0.000, 0.001]"
2169,86.76,86.8,Liz,0.9997385144233704,Liz,[1.000],,[],,[],"[0.000, 0.000, 0.000, 0.000, 1.000, 0.000, 0.000, 0.001]"
2170,86.8,86.84,Liz,0.9996721744537354,Liz,[1.000],,[],,[],"[0.000, 0.000, 0.000, 0.000, 1.000, 0.000, 0.000, 0.001]"
2171,86.84,86.88,Liz,0.9996053576469421,Liz,[1.000],,[],,[],"[0.000, 0.000, 0.000, 0.000, 1.000, 0.000, 0.000, 0.001]"
2172,86.88,86.92,Liz,0.9995442032814026,Liz,[1.000],,[],,[],"[0.000, 0.000, 0.000, 0.000, 1.000, 0.000, 0.000, 0.001]"
2173,86.92,86.96,Liz,0.9994956254959106,Liz,[0.999],,[],,[],"[0.000, 0.000, 0.000, 0.000, 0.999, 0.000, 0.000, 0.001]"
2174,86.96,87.0,Liz,0.9994649291038513,Liz,[0.999],,[],,[],"[0.000, 0.000, 0.000, 0.000, 0.999, 0.000, 0.000, 0.002]"
2175,87.0,87.04,Liz,0.9994547963142395,Liz,[0.999],,[],,[],"[0.000, 0.000, 0.000, 0.000, 0.999, 0.000, 0.000, 0.002]"
2176,87.04,87.08,Liz,0.9994656443595886,Liz,[0.999],,[],,[],"[0.000, 0.000, 0.000, 0.000, 0.999, 0.000, 0.000, 0.002]"
2177,87.08,87.12,Liz,0.999494194984436,Liz,[0.999],,[],,[],"[0.000, 0.000, 0.000, 0.000, 0.999, 0.000, 0.000, 0.002]"
2178,87.12,87.16,Liz,0.9995357990264893,Liz,[1.000],,[],,[],"[0.000, 0.000, 0.000, 0.000, 1.000, 0.000, 0.000, 0.001]"
2179,87.16,87.2,Liz,0.9995835423469543,Liz,[1.000],,[],,[],"[0.000, 0.000, 0.000, 0.000, 1.000, 0.000, 0.000, 0.001]"
2180,87.2,87.24,Liz,0.9996305704116821,Liz,[1.000],,[],,[],"[0.000, 0.000, 0.000, 0.000, 1.000, 0.000, 0.000, 0.001]"
2181,87.24,87.28,Liz,0.9996726512908936,Liz,[1.000],,[],,[],"[0.000, 0.000, 0.000, 0.000, 1.000, 0.000, 0.000, 0.001]"
2182,87.28,87.32,Liz,0.9997078776359558,Liz,[1.000],,[],,[],"[0.000, 0.000, 0.000, 0.000, 1.000, 0.000, 0.000, 0.001]"
2183,87.32,87.36,Liz,0.9997352957725525,Liz,[1.000],,[],,[],"[0.000, 0.000, 0.000, 0.000, 1.000, 0.000, 0.000, 0.001]"
2184,87.36,87.4,Liz,0.9997547268867493,Liz,[1.000],,[],,[],"[0.000, 0.000, 0.000, 0.000, 1.000, 0.000, 0.000, 0.001]"
2185,87.4,87.44,Liz,0.9997660517692566,Liz,[1.000],,[],,[],"[0.000, 0.000, 0.000, 0.000, 1.000, 0.000, 0.000, 0.001]"
2186,87.44,87.48,Liz,0.9997681975364685,Liz,[1.000],,[],,[],"[0.000, 0.000, 0.000, 0.000, 1.000, 0.000, 0.000, 0.001]"
2187,87.48,87.52,Liz,0.9997594952583313,Liz,[1.000],,[],,[],"[0.000, 0.000, 0.000, 0.000, 1.000, 0.000, 0.000, 0.000]"
2188,87.52,87.56,Liz,0.9997367262840271,Liz,[1.000],,[],,[],"[0.000, 0.000, 0.000, 0.000, 1.000, 0.000, 0.000, 0.000]"
2189,87.56,87.6,Liz,0.9996938705444336,Liz,[1.000],,[],,[],"[0.000, 0.000, 0.000, 0.000, 1.000, 0.000, 0.000, 0.000]"
2190,87.6,87.64,Liz,0.9996196031570435,Liz,[1.000],,[],,[],"[0.000, 0.000, 0.000, 0.000, 1.000, 0.000, 0.000, 0.000]"
2191,87.64,87.68,Liz,0.9994930028915405,Liz,[0.999],,[],,[],"[0.000, 0.000, 0.000, 0.000, 0.999, 0.000, 0.000, 0.000]"
2192,87.68,87.72,Liz,0.9992725253105164,Liz,[0.999],,[],,[],"[0.000, 0.000, 0.000, 0.000, 0.999, 0.000, 0.000, 0.000]"
2193,87.72,87.76,Liz,0.9988771080970764,Liz,[0.999],,[],,[],"[0.000, 0.000, 0.000, 0.000, 0.999, 0.000, 0.000, 0.000]"
2194,87.76,87.8,Liz,0.9981451034545898,Liz,[0.998],,[],,[],"[0.000, 0.000, 0.000, 0.000, 0.998, 0.000, 0.000, 0.000]"
2195,87.8,87.84,Liz,0.9967294931411743,Liz,[0.997],,[],,[],"[0.000, 0.000, 0.000, 0.000, 0.997, 0.000, 0.000, 0.000]"
2196,87.84,87.88,Liz,0.9938712120056152,Liz,[0.994],,[],,[],"[0.000, 0.000, 0.000, 0.000, 0.994, 0.000, 0.000, 0.000]"
2197,87.88,87.92,Liz,0.9878722429275513,Liz,[0.988],,[],,[],"[0.000, 0.000, 0.000, 0.000, 0.988, 0.002, 0.000, 0.000]"
2198,87.92,87.96,Liz,0.9748879075050354,Liz,[0.975],,[],,[],"[0.000, 0.000, 0.000, 0.000, 0.975, 0.014, 0.000, 0.000]"
2199,87.96,88.0,Liz,0.9463497400283813,Liz,[0.946],,[],,[],"[0.000, 0.000, 0.000, 0.000, 0.946, 0.081, 0.000, 0.000]"
2200,88.0,88.04,Liz,0.8848075270652771,Liz,[0.885],,[],,[],"[0.000, 0.000, 0.000, 0.000, 0.885, 0.342, 0.000, 0.000]"
2201,88.04,88.08,Liz,0.7631921172142029,Liz|Leeseo,"[0.763, 0.738]",,[],,[],"[0.000, 0.000, 0.000, 0.000, 0.763, 0.738, 0.000, 0.000]"
2202,88.08,88.12,Leeseo,0.9334074258804321,Liz|Leeseo,"[0.567, 0.933]",,[],,[],"[0.000, 0.000, 0.000, 0.000, 0.567, 0.933, 0.000, 0.000]"
2203,88.12,88.16,Leeseo,0.984463095664978,Leeseo,[0.984],,[],,[],"[0.000, 0.000, 0.000, 0.000, 0.341, 0.984, 0.000, 0.000]"
2204,88.16,88.2,Leeseo,0.9961477518081665,Leeseo,[0.996],,[],,[],"[0.000, 0.000, 0.000, 0.000, 0.167, 0.996, 0.000, 0.000]"
2205,88.2,88.24,Leeseo,0.998948872089386,Leeseo,[0.999],,[],,[],"[0.000, 0.000, 0.000, 0.000, 0.071, 0.999, 0.000, 0.000]"
2206,88.24,88.28,Leeseo,0.9996814727783203,Leeseo,[1.000],,[],,[],"[0.000, 0.000, 0.000, 0.000, 0.028, 1.000, 0.000, 0.000]"
2207,88.28,88.32,Leeseo,0.9998927116394043,Leeseo,[1.000],,[],,[],"[0.000, 0.000, 0.000, 0.000, 0.011, 1.000, 0.000, 0.000]"
2208,88.32,88.36,Leeseo,0.9999600648880005,Leeseo,[1.000],,[],,[],"[0.000, 0.000, 0.000, 0.000, 0.004, 1.000, 0.000, 0.000]"
2209,88.36,88.4,Leeseo,0.999983549118042,Leeseo,[1.000],,[],,[],"[0.000, 0.000, 0.000, 0.000, 0.002, 1.000, 0.000, 0.000]"
2210,88.4,88.44,Leeseo,0.9999924898147583,Leeseo,[1.000],,[],,[],"[0.000, 0.000, 0.000, 0.000, 0.001, 1.000, 0.000, 0.000]"
2211,88.44,88.48,Leeseo,0.9999963045120239,Leeseo,[1.000],,[],,[],"[0.000, 0.000, 0.000, 0.000, 0.000, 1.000, 0.000, 0.000]"
2212,88.48,88.52,Leeseo,0.9999979734420776,Leeseo,[1.000],,[],,[],"[0.000, 0.000, 0.000, 0.000, 0.000, 1.000, 0.000, 0.000]"
2213,88.52,88.56,Leeseo,0.9999988079071045,Leeseo,[1.000],,[],,[],"[0.000, 0.000, 0.000, 0.000, 0.000, 1.000, 0.000, 0.000]"
2214,88.56,88.6,Leeseo,0.9999992847442627,Leeseo,[1.000],,[],,[],"[0.000, 0.000, 0.000, 0.000, 0.000, 1.000, 0.000, 0.000]"
2215,88.6,88.64,Leeseo,0.9999994039535522,Leeseo,[1.000],,[],,[],"[0.000, 0.000, 0.000, 0.000, 0.000, 1.000, 0.000, 0.000]"
2216,88.64,88.68,Leeseo,0.9999996423721313,Leeseo,[1.000],,[],,[],"[0.000, 0.000, 0.000, 0.000, 0.000, 1.000, 0.000, 0.000]"
2217,88.68,88.72,Leeseo,0.9999996423721313,Leeseo,[1.000],,[],,[],"[0.000, 0.000, 0.000, 0.000, 0.000, 1.000, 0.000, 0.000]"
2218,88.72,88.76,Leeseo,0.9999996423721313,Leeseo,[1.000],,[],,[],"[0.000, 0.000, 0.000, 0.000, 0.000, 1.000, 0.000, 0.000]"
2219,88.76,88.8,Leeseo,0.9999997615814209,Leeseo,[1.000],,[],,[],"[0.000, 0.000, 0.000, 0.000, 0.000, 1.000, 0.000, 0.000]"
2220,88.8,88.84,Leeseo,0.9999997615814209,Leeseo,[1.000],,[],,[],"[0.000, 0.000, 0.000, 0.000, 0.000, 1.000, 0.000, 0.000]"
2221,88.84,88.88,Leeseo,0.9999996423721313,Leeseo,[1.000],,[],,[],"[0.000, 0.000, 0.000, 0.000, 0.000, 1.000, 0.000, 0.000]"
2222,88.88,88.92,Leeseo,0.9999996423721313,Leeseo,[1.000],,[],,[],"[0.000, 0.000, 0.000, 0.000, 0.000, 1.000, 0.000, 0.000]"
2223,88.92,88.96,Leeseo,0.9999995231628418,Leeseo,[1.000],,[],,[],"[0.000, 0.000, 0.000, 0.000, 0.000, 1.000, 0.000, 0.000]"
2224,88.96,89.0,Leeseo,0.9999995231628418,Leeseo,[1.000],,[],,[],"[0.000, 0.000, 0.000, 0.000, 0.000, 1.000, 0.000, 0.000]"
2225,89.0,89.04,Leeseo,0.9999992847442627,Leeseo,[1.000],,[],,[],"[0.000, 0.000, 0.000, 0.000, 0.000, 1.000, 0.000, 0.000]"
2226,89.04,89.08,Leeseo,0.9999991655349731,Leeseo,[1.000],,[],,[],"[0.000, 0.000, 0.000, 0.000, 0.000, 1.000, 0.000, 0.000]"
2227,89.08,89.12,Leeseo,0.999998927116394,Leeseo,[1.000],,[],,[],"[0.000, 0.000, 0.000, 0.000, 0.000, 1.000, 0.000, 0.000]"
2228,89.12,89.16,Leeseo,0.9999985694885254,Leeseo,[1.000],,[],,[],"[0.000, 0.000, 0.000, 0.000, 0.000, 1.000, 0.000, 0.000]"
2229,89.16,89.2,Leeseo,0.9999980926513672,Leeseo,[1.000],,[],,[],"[0.000, 0.000, 0.000, 0.000, 0.000, 1.000, 0.000, 0.000]"
2230,89.2,89.24,Leeseo,0.999997615814209,Leeseo,[1.000],,[],,[],"[0.000, 0.000, 0.000, 0.000, 0.000, 1.000, 0.000, 0.000]"
2231,89.24,89.28,Leeseo,0.9999969005584717,Leeseo,[1.000],,[],,[],"[0.000, 0.000, 0.000, 0.000, 0.000, 1.000, 0.000, 0.000]"
2232,89.28,89.32,Leeseo,0.9999961853027344,Leeseo,[1.000],,[],,[],"[0.000, 0.000, 0.000, 0.000, 0.000, 1.000, 0.000, 0.000]"
2233,89.32,89.36,Leeseo,0.999995231628418,Leeseo,[1.000],,[],,[],"[0.000, 0.000, 0.000, 0.000, 0.000, 1.000, 0.000, 0.000]"
2234,89.36,89.4,Leeseo,0.9999939203262329,Leeseo,[1.000],,[],,[],"[0.000, 0.000, 0.000, 0.000, 0.000, 1.000, 0.000, 0.000]"
2235,89.4,89.44,Leeseo,0.9999922513961792,Leeseo,[1.000],,[],,[],"[0.000, 0.000, 0.000, 0.000, 0.000, 1.000, 0.000, 0.000]"
2236,89.44,89.48,Leeseo,0.9999899864196777,Leeseo,[1.000],,[],,[],"[0.000, 0.000, 0.000, 0.000, 0.000, 1.000, 0.000, 0.000]"
2237,89.48,89.52,Leeseo,0.9999867677688599,Leeseo,[1.000],,[],,[],"[0.000, 0.000, 0.000, 0.000, 0.000, 1.000, 0.000, 0.000]"
2238,89.52,89.56,Leeseo,0.9999821186065674,Leeseo,[1.000],,[],,[],"[0.000, 0.000, 0.000, 0.000, 0.000, 1.000, 0.000, 0.000]"
2239,89.56,89.6,Leeseo,0.999975323677063,Leeseo,[1.000],,[],,[],"[0.000, 0.000, 0.000, 0.000, 0.000, 1.000, 0.000, 0.000]"
2240,89.6,89.64,Leeseo,0.9999653100967407,Leeseo,[1.000],,[],,[],"[0.000, 0.000, 0.000, 0.000, 0.000, 1.000, 0.000, 0.000]"
2241,89.64,89.68,Leeseo,0.9999502897262573,Leeseo,[1.000],,[],,[],"[0.000, 0.000, 0.000, 0.000, 0.000, 1.000, 0.000, 0.001]"
2242,89.68,89.72,Leeseo,0.9999275207519531,Leeseo,[1.000],,[],,[],"[0.000, 0.000, 0.000, 0.000, 0.000, 1.000, 0.000, 0.001]"
2243,89.72,89.76,Leeseo,0.9998928308486938,Leeseo,[1.000],,[],,[],"[0.000, 0.000, 0.000, 0.000, 0.000, 1.000, 0.000, 0.001]"
2244,89.76,89.8,Leeseo,0.999840497970581,Leeseo,[1.000],,[],,[],"[0.000, 0.000, 0.000, 0.000, 0.000, 1.000, 0.000, 0.002]"
2245,89.8,89.84,Leeseo,0.9997623562812805,Leeseo,[1.000],,[],,[],"[0.000, 0.000, 0.000, 0.000, 0.000, 1.000, 0.000, 0.003]"
2246,89.84,89.88,Leeseo,0.9996474981307983,Leeseo,[1.000],,[],,[],"[0.000, 0.000, 0.000, 0.000, 0.000, 1.000, 0.000, 0.003]"
2247,89.88,89.92,Leeseo,0.9994826316833496,Leeseo,[0.999],,[],,[],"[0.000, 0.000, 0.000, 0.000, 0.000, 0.999, 0.000, 0.004]"
2248,89.92,89.96,Leeseo,0.999254047870636,Leeseo,[0.999],,[],,[],"[0.000, 0.000, 0.000, 0.000, 0.000, 0.999, 0.000, 0.006]"
2249,89.96,90.0,Leeseo,0.9989493489265442,Leeseo,[0.999],,[],,[],"[0.000, 0.000, 0.000, 0.000, 0.000, 0.999, 0.000, 0.007]"
2250,90.0,90.04,Leeseo,0.9985625147819519,Leeseo,[0.999],,[],,[],"[0.000, 0.000, 0.000, 0.000, 0.000, 0.999, 0.000, 0.008]"
2251,90.04,90.08,Leeseo,0.9981010556221008,Leeseo,[0.998],,[],,[],"[0.000, 0.000, 0.000, 0.000, 0.000, 0.998, 0.000, 0.010]"
2252,90.08,90.12,Leeseo,0.9975917339324951,Leeseo,[0.998],,[],,[],"[0.000, 0.000, 0.000, 0.000, 0.000, 0.998, 0.000, 0.011]"
2253,90.12,90.16,Leeseo,0.997080385684967,Leeseo,[0.997],,[],,[],"[0.000, 0.000, 0.000, 0.000, 0.000, 0.997, 0.000, 0.011]"
2254,90.16,90.2,Leeseo,0.9966269731521606,Leeseo,[0.997],,[],,[],"[0.000, 0.000, 0.000, 0.000, 0.000, 0.997, 0.000, 0.011]"
2255,90.2,90.24,Leeseo,0.9962893724441528,Leeseo,[0.996],,[],,[],"[0.000, 0.000, 0.000, 0.000, 0.000, 0.996, 0.000, 0.010]"
2256,90.24,90.28,Leeseo,0.9961138963699341,Leeseo,[0.996],,[],,[],"[0.000, 0.000, 0.000, 0.000, 0.000, 0.996, 0.000, 0.009]"
2257,90.28,90.32,Leeseo,0.9961181879043579,Leeseo,[0.996],,[],,[],"[0.000, 0.000, 0.000, 0.000, 0.000, 0.996, 0.000, 0.008]"
2258,90.32,90.36,Leeseo,0.9962975382804871,Leeseo,[0.996],,[],,[],"[0.000, 0.000, 0.000, 0.000, 0.000, 0.996, 0.000, 0.007]"
2259,90.36,90.4,Leeseo,0.9966273903846741,Leeseo,[0.997],,[],,[],"[0.000, 0.000, 0.000, 0.000, 0.000, 0.997, 0.000, 0.006]"
2260,90.4,90.44,Leeseo,0.9970587491989136,Leeseo,[0.997],,[],,[],"[0.000, 0.000, 0.000, 0.000, 0.000, 0.997, 0.000, 0.004]"
2261,90.44,90.48,Leeseo,0.9975376129150391,Leeseo,[0.998],,[],,[],"[0.000, 0.000, 0.000, 0.000, 0.000, 0.998, 0.000, 0.003]"
2262,90.48,90.52,Leeseo,0.9980159997940063,Leeseo,[0.998],,[],,[],"[0.000, 0.000, 0.000, 0.000, 0.000, 0.998, 0.000, 0.003]"
2263,90.52,90.56,Leeseo,0.9984574317932129,Leeseo,[0.998],,[],,[],"[0.000, 0.000, 0.000, 0.000, 0.000, 0.998, 0.000, 0.002]"
2264,90.56,90.6,Leeseo,0.9988415837287903,Leeseo,[0.999],,[],,[],"[0.000, 0.000, 0.000, 0.000, 0.000, 0.999, 0.000, 0.001]"
2265,90.6,90.64,Leeseo,0.9991579055786133,Leeseo,[0.999],,[],,[],"[0.000, 0.000, 0.000, 0.000, 0.000, 0.999, 0.000, 0.001]"
2266,90.64,90.68,Leeseo,0.9994051456451416,Leeseo,[0.999],,[],,[],"[0.000, 0.000, 0.000, 0.000, 0.000, 0.999, 0.000, 0.001]"
2267,90.68,90.72,Leeseo,0.9995896220207214,Leeseo,[1.000],,[],,[],"[0.000, 0.000, 0.000, 0.000, 0.000, 1.000, 0.000, 0.000]"
2268,90.72,90.76,Leeseo,0.9997217059135437,Leeseo,[1.000],,[],,[],"[0.000, 0.000, 0.000, 0.000, 0.000, 1.000, 0.000, 0.000]"
2269,90.76,90.8,Leeseo,0.9998133778572083,Leeseo,[1.000],,[],,[],"[0.000, 0.000, 0.000, 0.000, 0.000, 1.000, 0.000, 0.000]"
2270,90.8,90.84,Leeseo,0.9998754262924194,Leeseo,[1.000],,[],,[],"[0.000, 0.000, 0.000, 0.000, 0.000, 1.000, 0.000, 0.000]"
2271,90.84,90.88,Leeseo,0.999916672706604,Leeseo,[1.000],,[],,[],"[0.000, 0.000, 0.000, 0.000, 0.000, 1.000, 0.000, 0.000]"
2272,90.88,90.92,Leeseo,0.999943733215332,Leeseo,[1.000],,[],,[],"[0.000, 0.000, 0.000, 0.000, 0.000, 1.000, 0.000, 0.000]"
2273,90.92,90.96,Leeseo,0.9999613761901855,Leeseo,[1.000],,[],,[],"[0.000, 0.000, 0.000, 0.000, 0.000, 1.000, 0.000, 0.000]"
2274,90.96,91.0,Leeseo,0.999972939491272,Leeseo,[1.000],,[],,[],"[0.000, 0.000, 0.000, 0.000, 0.000, 1.000, 0.000, 0.000]"
2275,91.0,91.04,Leeseo,0.9999805688858032,Leeseo,[1.000],,[],,[],"[0.000, 0.000, 0.000, 0.000, 0.000, 1.000, 0.000, 0.000]"
2276,91.04,91.08,Leeseo,0.9999855756759644,Leeseo,[1.000],,[],,[],"[0.000, 0.000, 0.000, 0.000, 0.000, 1.000, 0.000, 0.000]"
2277,91.08,91.12,Leeseo,0.9999889135360718,Leeseo,[1.000],,[],,[],"[0.000, 0.000, 0.000, 0.000, 0.000, 1.000, 0.000, 0.000]"
2278,91.12,91.16,Leeseo,0.9999912977218628,Leeseo,[1.000],,[],,[],"[0.000, 0.000, 0.000, 0.000, 0.000, 1.000, 0.000, 0.000]"
2279,91.16,91.2,Leeseo,0.9999927282333374,Leeseo,[1.000],,[],,[],"[0.000, 0.000, 0.000, 0.000, 0.000, 1.000, 0.000, 0.000]"
2280,91.2,91.24,Leeseo,0.9999938011169434,Leeseo,[1.000],,[],,[],"[0.000, 0.000, 0.000, 0.000, 0.000, 1.000, 0.000, 0.000]"
2281,91.24,91.28,Leeseo,0.9999943971633911,Leeseo,[1.000],,[],,[],"[0.000, 0.000, 0.000, 0.000, 0.000, 1.000, 0.000, 0.000]"
2282,91.28,91.32,Leeseo,0.9999946355819702,Leeseo,[1.000],,[],,[],"[0.000, 0.000, 0.000, 0.000, 0.000, 1.000, 0.000, 0.000]"
2283,91.32,91.36,Leeseo,0.9999946355819702,Leeseo,[1.000],,[],,[],"[0.000, 0.000, 0.000, 0.000, 0.000, 1.000, 0.000, 0.000]"
2284,91.36,91.4,Leeseo,0.9999945163726807,Leeseo,[1.000],,[],,[],"[0.000, 0.000, 0.000, 0.000, 0.000, 1.000, 0.000, 0.000]"
2285,91.4,91.44,Leeseo,0.999994158744812,Leeseo,[1.000],,[],,[],"[0.000, 0.000, 0.000, 0.000, 0.000, 1.000, 0.000, 0.000]"
2286,91.44,91.48,Leeseo,0.9999935626983643,Leeseo,[1.000],,[],,[],"[0.000, 0.000, 0.000, 0.000, 0.000, 1.000, 0.000, 0.000]"
2287,91.48,91.52,Leeseo,0.9999927282333374,Leeseo,[1.000],,[],,[],"[0.000, 0.000, 0.000, 0.000, 0.000, 1.000, 0.000, 0.000]"
2288,91.52,91.56,Leeseo,0.9999916553497314,Leeseo,[1.000],,[],,[],"[0.000, 0.000, 0.000, 0.000, 0.000, 1.000, 0.000, 0.000]"
2289,91.56,91.6,Leeseo,0.9999902248382568,Leeseo,[1.000],,[],,[],"[0.000, 0.000, 0.000, 0.000, 0.000, 1.000, 0.000, 0.000]"
2290,91.6,91.64,Leeseo,0.9999880790710449,Leeseo,[1.000],,[],,[],"[0.000, 0.000, 0.000, 0.000, 0.000, 1.000, 0.000, 0.000]"
2291,91.64,91.68,Leeseo,0.9999853372573853,Leeseo,[1.000],,[],,[],"[0.000, 0.000, 0.000, 0.000, 0.000, 1.000, 0.000, 0.000]"
2292,91.68,91.72,Leeseo,0.9999814033508301,Leeseo,[1.000],,[],,[],"[0.000, 0.000, 0.000, 0.000, 0.000, 1.000, 0.000, 0.000]"
2293,91.72,91.76,Leeseo,0.9999758005142212,Leeseo,[1.000],,[],,[],"[0.000, 0.000, 0.000, 0.000, 0.000, 1.000, 0.000, 0.000]"
2294,91.76,91.8,Leeseo,0.9999676942825317,Leeseo,[1.000],,[],,[],"[0.000, 0.000, 0.000, 0.000, 0.000, 1.000, 0.000, 0.000]"
2295,91.8,91.84,Leeseo,0.9999560117721558,Leeseo,[1.000],,[],,[],"[0.000, 0.000, 0.000, 0.000, 0.000, 1.000, 0.000, 0.000]"
2296,91.84,91.88,Leeseo,0.9999388456344604,Leeseo,[1.000],,[],,[],"[0.000, 0.000, 0.000, 0.000, 0.000, 1.000, 0.000, 0.000]"
2297,91.88,91.92,Leeseo,0.9999133348464966,Leeseo,[1.000],,[],,[],"[0.000, 0.000, 0.000, 0.000, 0.000, 1.000, 0.000, 0.000]"
2298,91.92,91.96,Leeseo,0.9998747110366821,Leeseo,[1.000],,[],,[],"[0.000, 0.000, 0.000, 0.000, 0.001, 1.000, 0.000, 0.000]"
2299,91.96,92.0,Leeseo,0.9998155236244202,Leeseo,[1.000],,[],,[],"[0.000, 0.000, 0.000, 0.000, 0.001, 1.000, 0.000, 0.000]"
2300,92.0,92.04,Leeseo,0.9997243285179138,Leeseo,[1.000],,[],,[],"[0.000, 0.000, 0.000, 0.000, 0.001, 1.000, 0.000, 0.000]"
2301,92.04,92.08,Leeseo,0.9995827078819275,Leeseo,[1.000],,[],,[],"[0.000, 0.000, 0.000, 0.000, 0.002, 1.000, 0.000, 0.000]"
2302,92.08,92.12,Leeseo,0.9993625283241272,Leeseo,[0.999],,[],,[],"[0.000, 0.000, 0.000, 0.000, 0.002, 0.999, 0.000, 0.000]"
2303,92.12,92.16,Leeseo,0.9990216493606567,Leeseo,[0.999],,[],,[],"[0.000, 0.000, 0.000, 0.000, 0.003, 0.999, 0.000, 0.000]"
2304,92.16,92.2,Leeseo,0.9984985589981079,Leeseo,[0.998],,[],,[],"[0.000, 0.000, 0.000, 0.000, 0.003, 0.998, 0.000, 0.000]"
2305,92.2,92.24,Leeseo,0.9977071285247803,Leeseo,[0.998],,[],,[],"[0.000, 0.000, 0.000, 0.000, 0.004, 0.998, 0.000, 0.000]"
2306,92.24,92.28,Leeseo,0.9965318441390991,Leeseo,[0.997],,[],,[],"[0.000, 0.000, 0.000, 0.000, 0.004, 0.997, 0.000, 0.000]"
2307,92.28,92.32,Leeseo,0.9948292374610901,Leeseo,[0.995],,[],,[],"[0.000, 0.000, 0.000, 0.000, 0.005, 0.995, 0.000, 0.000]"
2308,92.32,92.36,Leeseo,0.9924303889274597,Leeseo,[0.992],,[],,[],"[0.000, 0.000, 0.000, 0.000, 0.005, 0.992, 0.000, 0.000]"
2309,92.36,92.4,Leeseo,0.9891592860221863,Leeseo,[0.989],,[],,[],"[0.000, 0.000, 0.000, 0.000, 0.006, 0.989, 0.000, 0.000]"
2310,92.4,92.44,Leeseo,0.9848642945289612,Leeseo,[0.985],,[],,[],"[0.000, 0.000, 0.000, 0.000, 0.006, 0.985, 0.000, 0.001]"
2311,92.44,92.48,Leeseo,0.9794604778289795,Leeseo,[0.979],,[],,[],"[0.000, 0.000, 0.000, 0.000, 0.006, 0.979, 0.000, 0.001]"
2312,92.48,92.52,Leeseo,0.9729616641998291,Leeseo,[0.973],,[],,[],"[0.000, 0.000, 0.000, 0.000, 0.006, 0.973, 0.000, 0.001]"
2313,92.52,92.56,Leeseo,0.9655085802078247,Leeseo,[0.966],,[],,[],"[0.000, 0.000, 0.000, 0.000, 0.005, 0.966, 0.000, 0.001]"
2314,92.56,92.6,Leeseo,0.9573734998703003,Leeseo,[0.957],,[],,[],"[0.000, 0.000, 0.000, 0.000, 0.005, 0.957, 0.000, 0.002]"
2315,92.6,92.64,Leeseo,0.9489908814430237,Leeseo,[0.949],,[],,[],"[0.000, 0.000, 0.000, 0.000, 0.004, 0.949, 0.000, 0.002]"
2316,92.64,92.68,Leeseo,0.9410057663917542,Leeseo,[0.941],,[],,[],"[0.000, 0.000, 0.000, 0.000, 0.003, 0.941, 0.000, 0.002]"
2317,92.68,92.72,Leeseo,0.9341543316841125,Leeseo,[0.934],,[],,[],"[0.000, 0.000, 0.000, 0.000, 0.003, 0.934, 0.000, 0.003]"
2318,92.72,92.76,Leeseo,0.9292459487915039,Leeseo,[0.929],,[],,[],"[0.000, 0.000, 0.000, 0.000, 0.002, 0.929, 0.000, 0.003]"
2319,92.76,92.8,Leeseo,0.9269468188285828,Leeseo,[0.927],,[],,[],"[0.000, 0.000, 0.000, 0.000, 0.002, 0.927, 0.000, 0.003]"
2320,92.8,92.84,Leeseo,0.9276129603385925,Leeseo,[0.928],,[],,[],"[0.000, 0.000, 0.000, 0.000, 0.001, 0.928, 0.000, 0.003]"
2321,92.84,92.88,Leeseo,0.9311785101890564,Leeseo,[0.931],,[],,[],"[0.000, 0.000, 0.000, 0.000, 0.001, 0.931, 0.000, 0.003]"
2322,92.88,92.92,Leeseo,0.9372843503952026,Leeseo,[0.937],,[],,[],"[0.000, 0.000, 0.000, 0.000, 0.001, 0.937, 0.000, 0.003]"
2323,92.92,92.96,Leeseo,0.94511878490448,Leeseo,[0.945],,[],,[],"[0.000, 0.000, 0.000, 0.000, 0.000, 0.945, 0.000, 0.003]"
2324,92.96,93.0,Leeseo,0.9537323117256165,Leeseo,[0.954],,[],,[],"[0.000, 0.000, 0.000, 0.000, 0.000, 0.954, 0.000, 0.003]"
2325,93.0,93.04,Leeseo,0.9622924327850342,Leeseo,[0.962],,[],,[],"[0.000, 0.000, 0.000, 0.000, 0.000, 0.962, 0.000, 0.002]"
2326,93.04,93.08,Leeseo,0.9701687693595886,Leeseo,[0.970],,[],,[],"[0.000, 0.000, 0.000, 0.000, 0.000, 0.970, 0.000, 0.002]"
2327,93.08,93.12,Leeseo,0.977035403251648,Leeseo,[0.977],,[],,[],"[0.000, 0.000, 0.000, 0.000, 0.000, 0.977, 0.000, 0.002]"
2328,93.12,93.16,Leeseo,0.9827523827552795,Leeseo,[0.983],,[],,[],"[0.000, 0.001, 0.000, 0.000, 0.000, 0.983, 0.000, 0.002]"
2329,93.16,93.2,Leeseo,0.9873149394989014,Leeseo,[0.987],,[],,[],"[0.000, 0.001, 0.000, 0.000, 0.000, 0.987, 0.000, 0.001]"
2330,93.2,93.24,Leeseo,0.9908393025398254,Leeseo,[0.991],,[],,[],"[0.000, 0.001, 0.000, 0.000, 0.000, 0.991, 0.000, 0.001]"
2331,93.24,93.28,Leeseo,0.9934812784194946,Leeseo,[0.993],,[],,[],"[0.000, 0.001, 0.000, 0.000, 0.000, 0.993, 0.000, 0.001]"
2332,93.28,93.32,Leeseo,0.9954084753990173,Leeseo,[0.995],,[],,[],"[0.000, 0.001, 0.000, 0.000, 0.000, 0.995, 0.000, 0.001]"
2333,93.32,93.36,Leeseo,0.9967803955078125,Leeseo,[0.997],,[],,[],"[0.000, 0.001, 0.000, 0.000, 0.000, 0.997, 0.000, 0.001]"
2334,93.36,93.4,Leeseo,0.9977344274520874,Leeseo,[0.998],,[],,[],"[0.000, 0.002, 0.000, 0.000, 0.000, 0.998, 0.000, 0.000]"
2335,93.4,93.44,Leeseo,0.998388409614563,Leeseo,[0.998],,[],,[],"[0.000, 0.002, 0.000, 0.001, 0.000, 0.998, 0.000, 0.000]"
2336,93.44,93.48,Leeseo,0.9988335967063904,Leeseo,[0.999],,[],,[],"[0.000, 0.002, 0.000, 0.001, 0.000, 0.999, 0.000, 0.000]"
2337,93.48,93.52,Leeseo,0.9991371035575867,Leeseo,[0.999],,[],,[],"[0.000, 0.002, 0.000, 0.001, 0.000, 0.999, 0.000, 0.000]"
2338,93.52,93.56,Leeseo,0.9993447661399841,Leeseo,[0.999],,[],,[],"[0.000, 0.002, 0.000, 0.001, 0.000, 0.999, 0.000, 0.000]"
2339,93.56,93.6,Leeseo,0.9994876384735107,Leeseo,[0.999],,[],,[],"[0.000, 0.003, 0.000, 0.001, 0.000, 0.999, 0.000, 0.000]"
2340,93.6,93.64,Leeseo,0.9995871186256409,Leeseo,[1.000],,[],,[],"[0.000, 0.003, 0.000, 0.001, 0.000, 1.000, 0.000, 0.000]"
2341,93.64,93.68,Leeseo,0.9996569156646729,Leeseo,[1.000],,[],,[],"[0.000, 0.003, 0.000, 0.001, 0.000, 1.000, 0.000, 0.000]"
2342,93.68,93.72,Leeseo,0.9997057318687439,Leeseo,[1.000],,[],,[],"[0.000, 0.003, 0.000, 0.001, 0.000, 1.000, 0.000, 0.000]"
2343,93.72,93.76,Leeseo,0.9997400641441345,Leeseo,[1.000],,[],,[],"[0.000, 0.003, 0.000, 0.001, 0.000, 1.000, 0.000, 0.000]"
2344,93.76,93.8,Leeseo,0.9997640252113342,Leeseo,[1.000],,[],,[],"[0.000, 0.002, 0.000, 0.001, 0.000, 1.000, 0.000, 0.000]"
2345,93.8,93.84,Leeseo,0.9997794032096863,Leeseo,[1.000],,[],,[],"[0.000, 0.002, 0.000, 0.001, 0.000, 1.000, 0.000, 0.000]"
2346,93.84,93.88,Leeseo,0.9997875094413757,Leeseo,[1.000],,[],,[],"[0.000, 0.002, 0.000, 0.001, 0.000, 1.000, 0.000, 0.000]"
2347,93.88,93.92,Leeseo,0.9997896552085876,Leeseo,[1.000],,[],,[],"[0.000, 0.002, 0.000, 0.001, 0.000, 1.000, 0.000, 0.000]"
2348,93.92,93.96,Leeseo,0.9997866749763489,Leeseo,[1.000],,[],,[],"[0.000, 0.002, 0.000, 0.001, 0.000, 1.000, 0.000, 0.000]"
2349,93.96,94.0,Leeseo,0.9997790455818176,Leeseo,[1.000],,[],,[],"[0.000, 0.002, 0.000, 0.001, 0.000, 1.000, 0.000, 0.000]"
2350,94.0,94.04,Leeseo,0.999767005443573,Leeseo,[1.000],,[],,[],"[0.000, 0.002, 0.000, 0.001, 0.000, 1.000, 0.000, 0.000]"
2351,94.04,94.08,Leeseo,0.9997507929801941,Leeseo,[1.000],,[],,[],"[0.000, 0.002, 0.000, 0.001, 0.000, 1.000, 0.000, 0.000]"
2352,94.08,94.12,Leeseo,0.9997299313545227,Leeseo,[1.000],,[],,[],"[0.000, 0.002, 0.000, 0.001, 0.000, 1.000, 0.000, 0.000]"
2353,94.12,94.16,Leeseo,0.9997040629386902,Leeseo,[1.000],,[],,[],"[0.000, 0.002, 0.000, 0.001, 0.000, 1.000, 0.000, 0.000]"
2354,94.16,94.2,Leeseo,0.9996727705001831,Leeseo,[1.000],,[],,[],"[0.000, 0.002, 0.000, 0.001, 0.000, 1.000, 0.000, 0.000]"
2355,94.2,94.24,Leeseo,0.999634861946106,Leeseo,[1.000],,[],,[],"[0.000, 0.002, 0.000, 0.001, 0.000, 1.000, 0.000, 0.000]"
2356,94.24,94.28,Leeseo,0.9995891451835632,Leeseo,[1.000],,[],,[],"[0.000, 0.002, 0.000, 0.001, 0.000, 1.000, 0.000, 0.000]"
2357,94.28,94.32,Leeseo,0.9995336532592773,Leeseo,[1.000],,[],,[],"[0.000, 0.002, 0.000, 0.001, 0.000, 1.000, 0.000, 0.000]"
2358,94.32,94.36,Leeseo,0.99946528673172,Leeseo,[0.999],,[],,[],"[0.000, 0.002, 0.000, 0.000, 0.000, 0.999, 0.000, 0.000]"
2359,94.36,94.4,Leeseo,0.9993804693222046,Leeseo,[0.999],,[],,[],"[0.000, 0.002, 0.000, 0.000, 0.000, 0.999, 0.000, 0.000]"
2360,94.4,94.44,Leeseo,0.9992733597755432,Leeseo,[0.999],,[],,[],"[0.000, 0.002, 0.000, 0.000, 0.000, 0.999, 0.000, 0.000]"
2361,94.44,94.48,Leeseo,0.9991337656974792,Leeseo,[0.999],,[],,[],"[0.000, 0.003, 0.000, 0.000, 0.000, 0.999, 0.000, 0.000]"
2362,94.48,94.52,Leeseo,0.9989474415779114,Leeseo,[0.999],,[],,[],"[0.000, 0.003, 0.000, 0.000, 0.000, 0.999, 0.000, 0.000]"
2363,94.52,94.56,Leeseo,0.9986951947212219,Leeseo,[0.999],,[],,[],"[0.000, 0.003, 0.000, 0.000, 0.000, 0.999, 0.000, 0.000]"
2364,94.56,94.6,Leeseo,0.998348593711853,Leeseo,[0.998],,[],,[],"[0.000, 0.003, 0.000, 0.000, 0.000, 0.998, 0.000, 0.000]"
2365,94.6,94.64,Leeseo,0.9978634715080261,Leeseo,[0.998],,[],,[],"[0.000, 0.003, 0.000, 0.000, 0.000, 0.998, 0.000, 0.000]"
2366,94.64,94.68,Leeseo,0.9971670508384705,Leeseo,[0.997],,[],,[],"[0.000, 0.003, 0.000, 0.000, 0.000, 0.997, 0.000, 0.000]"
2367,94.68,94.72,Leeseo,0.9961351156234741,Leeseo,[0.996],,[],,[],"[0.000, 0.003, 0.000, 0.000, 0.000, 0.996, 0.000, 0.000]"
2368,94.72,94.76,Leeseo,0.9945424795150757,Leeseo,[0.995],,[],,[],"[0.000, 0.003, 0.000, 0.000, 0.000, 0.995, 0.000, 0.000]"
2369,94.76,94.8,Leeseo,0.9919825196266174,Leeseo,[0.992],,[],,[],"[0.000, 0.003, 0.000, 0.000, 0.000, 0.992, 0.000, 0.000]"
2370,94.8,94.84,Leeseo,0.9877007007598877,Leeseo,[0.988],,[],,[],"[0.000, 0.003, 0.000, 0.000, 0.000, 0.988, 0.000, 0.000]"
2371,94.84,94.88,Leeseo,0.9802541136741638,Leeseo,[0.980],,[],,[],"[0.000, 0.003, 0.000, 0.000, 0.000, 0.980, 0.000, 0.001]"
2372,94.88,94.92,Leeseo,0.9668320417404175,Leeseo,[0.967],,[],,[],"[0.000, 0.003, 0.000, 0.000, 0.000, 0.967, 0.000, 0.001]"
2373,94.92,94.96,Leeseo,0.9420304894447327,Leeseo,[0.942],,[],,[],"[0.000, 0.002, 0.000, 0.000, 0.000, 0.942, 0.000, 0.001]"
2374,94.96,95.0,Leeseo,0.8959060907363892,Leeseo,[0.896],,[],,[],"[0.000, 0.002, 0.000, 0.000, 0.000, 0.896, 0.000, 0.000]"
2375,95.0,95.04,Leeseo,0.8128507733345032,Leeseo,[0.813],,[],,[],"[0.000, 0.002, 0.000, 0.000, 0.000, 0.813, 0.000, 0.000]"
2376,95.04,95.08,Leeseo,0.6770442128181458,Leeseo,[0.677],,[],,[],"[0.000, 0.002, 0.000, 0.000, 0.000, 0.677, 0.000, 0.000]"
2377,95.08,95.12,Leeseo,0.4927229881286621,Leeseo,[0.493],,[],,[],"[0.001, 0.002, 0.000, 0.000, 0.000, 0.493, 0.000, 0.000]"
2378,95.12,95.16,silence,0.0002529329794924706,,[],,[],,[],"[0.001, 0.002, 0.000, 0.001, 0.000, 0.303, 0.000, 0.000]"
2379,95.16,95.2,silence,0.0002018043742282316,,[],,[],,[],"[0.002, 0.001, 0.000, 0.001, 0.000, 0.158, 0.000, 0.000]"
2380,95.2,95.24,silence,0.00015775558131281286,,[],,[],,[],"[0.005, 0.001, 0.000, 0.001, 0.000, 0.074, 0.000, 0.000]"
2381,95.24,95.28,silence,0.0001212858987855725,,[],,[],,[],"[0.010, 0.001, 0.000, 0.001, 0.000, 0.032, 0.000, 0.000]"
2382,95.28,95.32,silence,9.204795060213655e-05,,[],,[],,[],"[0.020, 0.001, 0.000, 0.001, 0.000, 0.014, 0.000, 0.000]"
2383,95.32,95.36,silence,6.920342275407165e-05,,[],,[],,[],"[0.042, 0.001, 0.000, 0.002, 0.000, 0.006, 0.000, 0.000]"
2384,95.36,95.4,silence,5.176528065931052e-05,,[],,[],,[],"[0.087, 0.001, 0.000, 0.002, 0.000, 0.002, 0.000, 0.000]"
2385,95.4,95.44,silence,3.868891144520603e-05,,[],,[],,[],"[0.170, 0.001, 0.000, 0.002, 0.000, 0.001, 0.000, 0.000]"
2386,95.44,95.48,silence,2.9010478101554327e-05,,[],,[],,[],"[0.305, 0.001, 0.000, 0.003, 0.000, 0.000, 0.000, 0.000]"
2387,95.48,95.52,silence,2.1925954570178874e-05,,[],,[],,[],"[0.480, 0.001, 0.000, 0.004, 0.000, 0.000, 0.000, 0.000]"
2388,95.52,95.56,Gaeul,0.6544287204742432,Gaeul,[0.654],,[],,[],"[0.654, 0.001, 0.000, 0.005, 0.000, 0.000, 0.000, 0.000]"
2389,95.56,95.6,Gaeul,0.7905994653701782,Gaeul,[0.791],,[],,[],"[0.791, 0.001, 0.000, 0.006, 0.000, 0.000, 0.000, 0.000]"
2390,95.6,95.64,Gaeul,0.8790010809898376,Gaeul,[0.879],,[],,[],"[0.879, 0.001, 0.000, 0.007, 0.000, 0.000, 0.000, 0.000]"
2391,95.64,95.68,Gaeul,0.9308038353919983,Gaeul,[0.931],,[],,[],"[0.931, 0.001, 0.000, 0.009, 0.000, 0.000, 0.000, 0.000]"
2392,95.68,95.72,Gaeul,0.9599324464797974,Gaeul,[0.960],,[],,[],"[0.960, 0.001, 0.000, 0.010, 0.000, 0.000, 0.001, 0.000]"
2393,95.72,95.76,Gaeul,0.9762470722198486,Gaeul,[0.976],,[],,[],"[0.976, 0.001, 0.000, 0.012, 0.000, 0.000, 0.001, 0.000]"
2394,95.76,95.8,Gaeul,0.985529899597168,Gaeul,[0.986],,[],,[],"[0.986, 0.000, 0.000, 0.013, 0.000, 0.000, 0.001, 0.000]"
2395,95.8,95.84,Gaeul,0.9909361004829407,Gaeul,[0.991],,[],,[],"[0.991, 0.000, 0.000, 0.013, 0.000, 0.000, 0.001, 0.000]"
2396,95.84,95.88,Gaeul,0.9941624999046326,Gaeul,[0.994],,[],,[],"[0.994, 0.000, 0.000, 0.013, 0.000, 0.000, 0.001, 0.000]"
2397,95.88,95.92,Gaeul,0.9961368441581726,Gaeul,[0.996],,[],,[],"[0.996, 0.000, 0.000, 0.013, 0.000, 0.000, 0.001, 0.000]"
2398,95.92,95.96,Gaeul,0.9973795413970947,Gaeul,[0.997],,[],,[],"[0.997, 0.000, 0.000, 0.012, 0.000, 0.000, 0.001, 0.000]"
2399,95.96,96.0,Gaeul,0.9981809854507446,Gaeul,[0.998],,[],,[],"[0.998, 0.000, 0.000, 0.010, 0.000, 0.000, 0.001, 0.000]"
2400,96.0,96.04,Gaeul,0.9987109899520874,Gaeul,[0.999],,[],,[],"[0.999, 0.000, 0.000, 0.009, 0.000, 0.000, 0.001, 0.000]"
2401,96.04,96.08,Gaeul,0.9990724325180054,Gaeul,[0.999],,[],,[],"[0.999, 0.000, 0.000, 0.007, 0.000, 0.000, 0.001, 0.000]"
2402,96.08,96.12,Gaeul,0.9993267059326172,Gaeul,[0.999],,[],,[],"[0.999, 0.000, 0.000, 0.005, 0.000, 0.000, 0.001, 0.000]"
2403,96.12,96.16,Gaeul,0.9995098114013672,Gaeul,[1.000],Leeseo,"[0.000, 0.000, 0.000, 0.000, 0.000, 0.625, 0.000]",,[],"[1.000, 0.000, 0.000, 0.004, 0.000, 0.000, 0.001, 0.000]"
2404,96.16,96.2,Gaeul,0.9996434450149536,Gaeul,[1.000],Leeseo,"[0.000, 0.000, 0.000, 0.000, 0.000, 0.779, 0.000]",,[],"[1.000, 0.000, 0.000, 0.003, 0.000, 0.000, 0.001, 0.000]"
2405,96.2,96.24,Gaeul,0.9997413754463196,Gaeul,[1.000],Leeseo,"[0.000, 0.000, 0.000, 0.000, 0.000, 0.883, 0.000]",,[],"[1.000, 0.000, 0.000, 0.002, 0.000, 0.000, 0.000, 0.000]"
2406,96.24,96.28,Gaeul,0.9998133778572083,Gaeul,[1.000],Leeseo,"[0.000, 0.000, 0.000, 0.000, 0.000, 0.941, 0.000]",,[],"[1.000, 0.000, 0.000, 0.001, 0.000, 0.000, 0.000, 0.000]"
2407,96.28,96.32,Gaeul,0.9998661279678345,Gaeul,[1.000],Leeseo,"[0.000, 0.000, 0.000, 0.000, 0.000, 0.972, 0.000]",,[],"[1.000, 0.000, 0.000, 0.001, 0.000, 0.000, 0.000, 0.000]"
2408,96.32,96.36,Gaeul,0.9999043941497803,Gaeul,[1.000],Leeseo,"[0.000, 0.000, 0.000, 0.000, 0.000, 0.986, 0.000]",,[],"[1.000, 0.000, 0.000, 0.001, 0.000, 0.000, 0.000, 0.000]"
2409,96.36,96.4,Gaeul,0.9999319314956665,Gaeul,[1.000],Leeseo,"[0.000, 0.000, 0.000, 0.000, 0.000, 0.993, 0.000]",,[],"[1.000, 0.000, 0.000, 0.000, 0.000, 0.000, 0.000, 0.000]"
2410,96.4,96.44,Gaeul,0.9999514818191528,Gaeul,[1.000],Leeseo,"[0.000, 0.000, 0.000, 0.000, 0.000, 0.997, 0.000]",,[],"[1.000, 0.000, 0.000, 0.000, 0.000, 0.001, 0.000, 0.000]"
2411,96.44,96.48,Gaeul,0.9999653100967407,Gaeul,[1.000],Leeseo,"[0.000, 0.000, 0.000, 0.000, 0.000, 0.998, 0.000]",,[],"[1.000, 0.000, 0.000, 0.000, 0.000, 0.001, 0.000, 0.000]"
2412,96.48,96.52,Gaeul,0.9999749660491943,Gaeul,[1.000],Leeseo,"[0.000, 0.000, 0.000, 0.000, 0.000, 0.999, 0.000]",,[],"[1.000, 0.000, 0.000, 0.000, 0.000, 0.001, 0.000, 0.000]"
2413,96.52,96.56,Gaeul,0.9999816417694092,Gaeul,[1.000],Leeseo,"[0.000, 0.000, 0.000, 0.000, 0.000, 1.000, 0.000]",,[],"[1.000, 0.000, 0.000, 0.000, 0.000, 0.002, 0.000, 0.000]"
2414,96.56,96.6,Gaeul,0.9999862909317017,Gaeul,[1.000],Leeseo,"[0.000, 0.000, 0.000, 0.000, 0.000, 1.000, 0.000]",,[],"[1.000, 0.000, 0.000, 0.000, 0.000, 0.003, 0.000, 0.000]"
2415,96.6,96.64,Gaeul,0.99998939037323,Gaeul,[1.000],Leeseo,"[0.000, 0.000, 0.000, 0.000, 0.000, 1.000, 0.000]",,[],"[1.000, 0.000, 0.000, 0.000, 0.000, 0.003, 0.000, 0.000]"
2416,96.64,96.68,Gaeul,0.9999915361404419,Gaeul,[1.000],Leeseo,"[0.000, 0.000, 0.000, 0.000, 0.000, 1.000, 0.000]",,[],"[1.000, 0.000, 0.000, 0.000, 0.000, 0.004, 0.000, 0.000]"
2417,96.68,96.72,Gaeul,0.9999927282333374,Gaeul,[1.000],Leeseo,"[0.000, 0.000, 0.000, 0.000, 0.000, 1.000, 0.000]",,[],"[1.000, 0.000, 0.000, 0.000, 0.000, 0.005, 0.000, 0.000]"
2418,96.72,96.76,Gaeul,0.9999934434890747,Gaeul,[1.000],Leeseo,"[0.000, 0.000, 0.000, 0.000, 0.000, 1.000, 0.000]",,[],"[1.000, 0.000, 0.000, 0.000, 0.000, 0.005, 0.000, 0.000]"
2419,96.76,96.8,Gaeul,0.9999935626983643,Gaeul,[1.000],Leeseo,"[0.000, 0.000, 0.000, 0.000, 0.000, 1.000, 0.000]",,[],"[1.000, 0.000, 0.000, 0.000, 0.000, 0.006, 0.000, 0.000]"
2420,96.8,96.84,Gaeul,0.9999932050704956,Gaeul,[1.000],Leeseo,"[0.000, 0.000, 0.000, 0.000, 0.000, 1.000, 0.000]",,[],"[1.000, 0.000, 0.000, 0.000, 0.000, 0.006, 0.000, 0.000]"
2421,96.84,96.88,Gaeul,0.9999921321868896,Gaeul,[1.000],Leeseo,"[0.000, 0.000, 0.000, 0.000, 0.000, 1.000, 0.000]",,[],"[1.000, 0.000, 0.000, 0.000, 0.000, 0.005, 0.000, 0.000]"
2422,96.88,96.92,Gaeul,0.9999901056289673,Gaeul,[1.000],Leeseo,"[0.000, 0.000, 0.000, 0.000, 0.000, 1.000, 0.000]",,[],"[1.000, 0.000, 0.000, 0.000, 0.000, 0.005, 0.000, 0.000]"
2423,96.92,96.96,Gaeul,0.9999868869781494,Gaeul,[1.000],Leeseo,"[0.000, 0.000, 0.000, 0.000, 0.000, 1.000, 0.000]",,[],"[1.000, 0.000, 0.000, 0.000, 0.000, 0.004, 0.000, 0.000]"
2424,96.96,97.0,Gaeul,0.9999814033508301,Gaeul,[1.000],Leeseo,"[0.000, 0.000, 0.000, 0.000, 0.000, 1.000, 0.000]",,[],"[1.000, 0.000, 0.000, 0.000, 0.000, 0.003, 0.000, 0.000]"
2425,97.0,97.04,Gaeul,0.9999721050262451,Gaeul,[1.000],Leeseo,"[0.000, 0.000, 0.000, 0.000, 0.000, 1.000, 0.000]",,[],"[1.000, 0.000, 0.000, 0.000, 0.000, 0.002, 0.000, 0.000]"
2426,97.04,97.08,Gaeul,0.9999563694000244,Gaeul,[1.000],Leeseo,"[0.000, 0.000, 0.000, 0.000, 0.000, 0.999, 0.000]",,[],"[1.000, 0.000, 0.000, 0.000, 0.000, 0.002, 0.000, 0.000]"
2427,97.08,97.12,Gaeul,0.9999290704727173,Gaeul,[1.000],Leeseo,"[0.000, 0.000, 0.000, 0.000, 0.000, 0.999, 0.000]",,[],"[1.000, 0.000, 0.000, 0.000, 0.000, 0.001, 0.000, 0.000]"
2428,97.12,97.16,Gaeul,0.9998816251754761,Gaeul,[1.000],Leeseo,"[0.000, 0.000, 0.000, 0.000, 0.000, 0.998, 0.000]",,[],"[1.000, 0.000, 0.000, 0.000, 0.000, 0.001, 0.000, 0.000]"
2429,97.16,97.2,Gaeul,0.9997987151145935,Gaeul,[1.000],Leeseo,"[0.000, 0.000, 0.000, 0.000, 0.000, 0.995, 0.000]",,[],"[1.000, 0.000, 0.000, 0.000, 0.000, 0.001, 0.000, 0.000]"
2430,97.2,97.24,Gaeul,0.9996539354324341,Gaeul,[1.000],Leeseo,"[0.000, 0.000, 0.000, 0.000, 0.000, 0.987, 0.000]",,[],"[1.000, 0.000, 0.000, 0.000, 0.000, 0.000, 0.000, 0.000]"
2431,97.24,97.28,Gaeul,0.9994031190872192,Gaeul,[0.999],Leeseo,"[0.000, 0.000, 0.000, 0.000, 0.000, 0.968, 0.000]",,[],"[0.999, 0.000, 0.000, 0.000, 0.000, 0.000, 0.000, 0.000]"
2432,97.28,97.32,Gaeul,0.9989721775054932,Gaeul,[0.999],Leeseo,"[0.000, 0.000, 0.000, 0.000, 0.000, 0.916, 0.000]",,[],"[0.999, 0.000, 0.000, 0.000, 0.000, 0.000, 0.000, 0.000]"
2433,97.32,97.36,Gaeul,0.9982384443283081,Gaeul,[0.998],Leeseo,"[0.000, 0.000, 0.000, 0.000, 0.000, 0.791, 0.000]",,[],"[0.998, 0.000, 0.000, 0.000, 0.000, 0.000, 0.000, 0.000]"
2434,97.36,97.4,Gaeul,0.9970043301582336,Gaeul,[0.997],Leeseo,"[0.000, 0.000, 0.000, 0.000, 0.000, 0.558, 0.000]",,[],"[0.997, 0.000, 0.000, 0.000, 0.000, 0.000, 0.000, 0.000]"
2435,97.4,97.44,Gaeul,0.9949644804000854,Gaeul,[0.995],,[],,[],"[0.995, 0.000, 0.000, 0.000, 0.000, 0.000, 0.000, 0.001]"
2436,97.44,97.48,Gaeul,0.9916558265686035,Gaeul,[0.992],,[],,[],"[0.992, 0.000, 0.000, 0.000, 0.000, 0.000, 0.000, 0.001]"
2437,97.48,97.52,Gaeul,0.9864060282707214,Gaeul,[0.986],,[],,[],"[0.986, 0.000, 0.000, 0.000, 0.000, 0.000, 0.000, 0.002]"
2438,97.52,97.56,Gaeul,0.9783148765563965,Gaeul,[0.978],,[],,[],"[0.978, 0.000, 0.000, 0.000, 0.000, 0.000, 0.000, 0.002]"
2439,97.56,97.6,Gaeul,0.9662528038024902,Gaeul,[0.966],,[],,[],"[0.966, 0.000, 0.000, 0.000, 0.000, 0.000, 0.000, 0.003]"
2440,97.6,97.64,Gaeul,0.9489514231681824,Gaeul,[0.949],,[],,[],"[0.949, 0.000, 0.000, 0.000, 0.000, 0.000, 0.000, 0.004]"
2441,97.64,97.68,Gaeul,0.9250754117965698,Gaeul,[0.925],,[],,[],"[0.925, 0.000, 0.000, 0.000, 0.000, 0.000, 0.000, 0.005]"
2442,97.68,97.72,Gaeul,0.8933240175247192,Gaeul,[0.893],,[],,[],"[0.893, 0.000, 0.000, 0.000, 0.000, 0.000, 0.000, 0.006]"
2443,97.72,97.76,Gaeul,0.8525838255882263,Gaeul,[0.853],,[],,[],"[0.853, 0.000, 0.000, 0.000, 0.000, 0.000, 0.000, 0.007]"
2444,97.76,97.8,Gaeul,0.8019617199897766,Gaeul,[0.802],,[],,[],"[0.802, 0.000, 0.000, 0.000, 0.000, 0.000, 0.000, 0.008]"
2445,97.8,97.84,Gaeul,0.7409517168998718,Gaeul,[0.741],,[],,[],"[0.741, 0.000, 0.000, 0.000, 0.000, 0.000, 0.000, 0.009]"
2446,97.84,97.88,Gaeul,0.6697525382041931,Gaeul,[0.670],,[],,[],"[0.670, 0.000, 0.000, 0.000, 0.000, 0.000, 0.000, 0.010]"
2447,97.88,97.92,Gaeul,0.5896645784378052,Gaeul,[0.590],,[],,[],"[0.590, 0.000, 0.000, 0.000, 0.000, 0.000, 0.000, 0.010]"
2448,97.92,97.96,Gaeul,0.502981424331665,Gaeul,[0.503],,[],,[],"[0.503, 0.000, 0.000, 0.000, 0.000, 0.000, 0.000, 0.011]"
2449,97.96,98.0,silence,0.011062302626669407,,[],,[],,[],"[0.414, 0.000, 0.000, 0.000, 0.000, 0.000, 0.000, 0.011]"
2450,98.0,98.04,silence,0.011111382395029068,,[],,[],,[],"[0.326, 0.000, 0.000, 0.000, 0.000, 0.000, 0.000, 0.011]"
2451,98.04,98.08,silence,0.011029548943042755,,[],,[],,[],"[0.247, 0.000, 0.000, 0.000, 0.000, 0.000, 0.000, 0.011]"
2452,98.08,98.12,silence,0.01084640622138977,,[],,[],,[],"[0.178, 0.000, 0.000, 0.000, 0.000, 0.000, 0.000, 0.011]"
2453,98.12,98.16,silence,0.010592465288937092,,[],,[],,[],"[0.124, 0.000, 0.000, 0.000, 0.000, 0.000, 0.000, 0.011]"
2454,98.16,98.2,silence,0.010289520025253296,,[],,[],,[],"[0.082, 0.000, 0.000, 0.000, 0.000, 0.000, 0.000, 0.010]"
2455,98.2,98.24,silence,0.009954185225069523,,[],,[],,[],"[0.053, 0.000, 0.000, 0.000, 0.000, 0.000, 0.000, 0.010]"
2456,98.24,98.28,silence,0.00959831289947033,,[],,[],,[],"[0.033, 0.000, 0.000, 0.000, 0.000, 0.000, 0.000, 0.010]"
2457,98.28,98.32,silence,0.009243849664926529,,[],,[],,[],"[0.019, 0.000, 0.000, 0.000, 0.000, 0.000, 0.000, 0.009]"
2458,98.32,98.36,silence,0.00890276301652193,,[],,[],,[],"[0.011, 0.000, 0.000, 0.001, 0.000, 0.000, 0.000, 0.009]"
2459,98.36,98.4,silence,0.008576958440244198,,[],,[],,[],"[0.006, 0.000, 0.000, 0.003, 0.000, 0.000, 0.000, 0.009]"
2460,98.4,98.44,silence,0.008266802877187729,,[],,[],,[],"[0.004, 0.000, 0.000, 0.008, 0.000, 0.000, 0.000, 0.008]"
2461,98.44,98.48,silence,0.007975931279361248,,[],,[],,[],"[0.002, 0.000, 0.000, 0.022, 0.000, 0.000, 0.000, 0.008]"
2462,98.48,98.52,silence,0.007708511780947447,,[],,[],,[],"[0.001, 0.000, 0.000, 0.057, 0.000, 0.000, 0.000, 0.008]"
2463,98.52,98.56,silence,0.0074601066298782825,,[],,[],,[],"[0.001, 0.000, 0.000, 0.135, 0.000, 0.000, 0.000, 0.007]"
2464,98.56,98.6,silence,0.007205949630588293,,[],,[],,[],"[0.000, 0.000, 0.000, 0.274, 0.000, 0.000, 0.000, 0.007]"
2465,98.6,98.64,silence,0.006910795345902443,,[],,[],,[],"[0.000, 0.000, 0.000, 0.466, 0.000, 0.000, 0.000, 0.007]"
2466,98.64,98.68,Wonyoung,0.6584686636924744,Wonyoung,[0.658],,[],,[],"[0.000, 0.000, 0.000, 0.658, 0.000, 0.000, 0.000, 0.007]"
2467,98.68,98.72,Wonyoung,0.8020060062408447,Wonyoung,[0.802],,[],,[],"[0.000, 0.000, 0.000, 0.802, 0.000, 0.000, 0.000, 0.006]"
2468,98.72,98.76,Wonyoung,0.8902865052223206,Wonyoung,[0.890],,[],,[],"[0.000, 0.000, 0.000, 0.890, 0.000, 0.000, 0.000, 0.006]"
2469,98.76,98.8,Wonyoung,0.9393239617347717,Wonyoung,[0.939],,[],,[],"[0.000, 0.000, 0.001, 0.939, 0.000, 0.000, 0.000, 0.005]"
2470,98.8,98.84,Wonyoung,0.9656636118888855,Wonyoung,[0.966],,[],,[],"[0.000, 0.000, 0.001, 0.966, 0.000, 0.000, 0.000, 0.004]"
2471,98.84,98.88,Wonyoung,0.9799196720123291,Wonyoung,[0.980],,[],,[],"[0.000, 0.000, 0.001, 0.980, 0.001, 0.000, 0.000, 0.004]"
2472,98.88,98.92,Wonyoung,0.9878134727478027,Wonyoung,[0.988],,[],,[],"[0.000, 0.000, 0.001, 0.988, 0.001, 0.000, 0.000, 0.003]"
2473,98.92,98.96,Wonyoung,0.9923065304756165,Wonyoung,[0.992],,[],,[],"[0.000, 0.000, 0.001, 0.992, 0.001, 0.000, 0.000, 0.003]"
2474,98.96,99.0,Wonyoung,0.994948148727417,Wonyoung,[0.995],,[],,[],"[0.000, 0.000, 0.001, 0.995, 0.001, 0.000, 0.000, 0.002]"
2475,99.0,99.04,Wonyoung,0.996560275554657,Wonyoung,[0.997],,[],,[],"[0.000, 0.000, 0.001, 0.997, 0.000, 0.000, 0.000, 0.002]"
2476,99.04,99.08,Wonyoung,0.9975774884223938,Wonyoung,[0.998],,[],,[],"[0.000, 0.000, 0.001, 0.998, 0.000, 0.000, 0.000, 0.002]"
2477,99.08,99.12,Wonyoung,0.9982395172119141,Wonyoung,[0.998],,[],,[],"[0.000, 0.000, 0.001, 0.998, 0.000, 0.000, 0.000, 0.001]"
2478,99.12,99.16,Wonyoung,0.9986831545829773,Wonyoung,[0.999],,[],,[],"[0.000, 0.000, 0.001, 0.999, 0.000, 0.000, 0.000, 0.001]"
2479,99.16,99.2,Wonyoung,0.9989877343177795,Wonyoung,[0.999],,[],,[],"[0.000, 0.000, 0.001, 0.999, 0.000, 0.000, 0.000, 0.001]"
2480,99.2,99.24,Wonyoung,0.9992035031318665,Wonyoung,[0.999],,[],,[],"[0.000, 0.000, 0.001, 0.999, 0.000, 0.000, 0.000, 0.001]"
2481,99.24,99.28,Wonyoung,0.9993614554405212,Wonyoung,[0.999],,[],,[],"[0.000, 0.000, 0.000, 0.999, 0.000, 0.000, 0.000, 0.001]"
2482,99.28,99.32,Wonyoung,0.9994800686836243,Wonyoung,[0.999],,[],,[],"[0.000, 0.000, 0.000, 0.999, 0.000, 0.000, 0.000, 0.000]"
2483,99.32,99.36,Wonyoung,0.9995704293251038,Wonyoung,[1.000],,[],,[],"[0.000, 0.000, 0.000, 1.000, 0.000, 0.000, 0.000, 0.000]"
2484,99.36,99.4,Wonyoung,0.9996395111083984,Wonyoung,[1.000],,[],,[],"[0.000, 0.000, 0.000, 1.000, 0.000, 0.000, 0.000, 0.000]"
2485,99.4,99.44,Wonyoung,0.9996926784515381,Wonyoung,[1.000],,[],,[],"[0.000, 0.000, 0.000, 1.000, 0.000, 0.000, 0.000, 0.000]"
2486,99.44,99.48,Wonyoung,0.999733030796051,Wonyoung,[1.000],,[],,[],"[0.000, 0.000, 0.000, 1.000, 0.000, 0.000, 0.000, 0.000]"
2487,99.48,99.52,Wonyoung,0.9997630715370178,Wonyoung,[1.000],Liz,"[0.000, 0.000, 0.000, 0.000, 0.543, 0.000, 0.000]",,[],"[0.000, 0.000, 0.000, 1.000, 0.000, 0.000, 0.000, 0.000]"
2488,99.52,99.56,Wonyoung,0.9997844099998474,Wonyoung,[1.000],Liz,"[0.000, 0.000, 0.000, 0.000, 0.627, 0.000, 0.000]",,[],"[0.000, 0.000, 0.000, 1.000, 0.000, 0.000, 0.000, 0.000]"
2489,99.56,99.6,Wonyoung,0.9997987151145935,Wonyoung,[1.000],Liz,"[0.000, 0.000, 0.000, 0.000, 0.708, 0.000, 0.000]",,[],"[0.000, 0.000, 0.000, 1.000, 0.000, 0.000, 0.000, 0.000]"
2490,99.6,99.64,Wonyoung,0.9998067021369934,Wonyoung,[1.000],Liz,"[0.000, 0.000, 0.000, 0.000, 0.779, 0.000, 0.000]",,[],"[0.000, 0.000, 0.000, 1.000, 0.000, 0.000, 0.000, 0.000]"
2491,99.64,99.68,Wonyoung,0.9998087286949158,Wonyoung,[1.000],Liz,"[0.000, 0.000, 0.000, 0.000, 0.837, 0.000, 0.000]",,[],"[0.000, 0.000, 0.000, 1.000, 0.000, 0.000, 0.000, 0.000]"
2492,99.68,99.72,Wonyoung,0.9998051524162292,Wonyoung,[1.000],Liz,"[0.000, 0.000, 0.000, 0.000, 0.883, 0.000, 0.000]",,[],"[0.000, 0.000, 0.000, 1.000, 0.000, 0.000, 0.000, 0.000]"
2493,99.72,99.76,Wonyoung,0.9997956156730652,Wonyoung,[1.000],Liz,"[0.000, 0.000, 0.000, 0.000, 0.917, 0.000, 0.000]",,[],"[0.000, 0.000, 0.000, 1.000, 0.000, 0.000, 0.000, 0.000]"
2494,99.76,99.8,Wonyoung,0.9997795224189758,Wonyoung,[1.000],Liz,"[0.000, 0.000, 0.000, 0.000, 0.941, 0.000, 0.000]",,[],"[0.000, 0.000, 0.000, 1.000, 0.000, 0.000, 0.000, 0.000]"
2495,99.8,99.84,Wonyoung,0.9997559189796448,Wonyoung,[1.000],Liz,"[0.000, 0.000, 0.000, 0.000, 0.958, 0.000, 0.000]",,[],"[0.000, 0.000, 0.000, 1.000, 0.000, 0.000, 0.000, 0.000]"
2496,99.84,99.88,Wonyoung,0.9997233748435974,Wonyoung,[1.000],Liz,"[0.000, 0.000, 0.000, 0.000, 0.969, 0.000, 0.000]",,[],"[0.000, 0.000, 0.000, 1.000, 0.000, 0.000, 0.000, 0.000]"
2497,99.88,99.92,Wonyoung,0.9996798038482666,Wonyoung,[1.000],Liz,"[0.000, 0.000, 0.000, 0.000, 0.977, 0.000, 0.000]",,[],"[0.000, 0.000, 0.000, 1.000, 0.000, 0.000, 0.000, 0.000]"
2498,99.92,99.96,Wonyoung,0.9996230602264404,Wonyoung,[1.000],Liz,"[0.000, 0.000, 0.000, 0.000, 0.982, 0.000, 0.000]",,[],"[0.000, 0.000, 0.000, 1.000, 0.000, 0.000, 0.000, 0.000]"
2499,99.96,100.0,Wonyoung,0.9995504021644592,Wonyoung,[1.000],Liz,"[0.000, 0.000, 0.000, 0.000, 0.986, 0.000, 0.000]",,[],"[0.000, 0.000, 0.000, 1.000, 0.000, 0.000, 0.000, 0.000]"
2500,100.0,100.04,Wonyoung,0.9994588494300842,Wonyoung,[0.999],Liz,"[0.000, 0.000, 0.000, 0.000, 0.989, 0.000, 0.000]",,[],"[0.000, 0.000, 0.000, 0.999, 0.000, 0.000, 0.000, 0.000]"
2501,100.04,100.08,Wonyoung,0.9993448853492737,Wonyoung,[0.999],Liz,"[0.000, 0.000, 0.000, 0.000, 0.991, 0.000, 0.000]",,[],"[0.000, 0.000, 0.000, 0.999, 0.000, 0.000, 0.000, 0.000]"
2502,100.08,100.12,Wonyoung,0.9992049336433411,Wonyoung,[0.999],Liz,"[0.000, 0.000, 0.000, 0.000, 0.992, 0.000, 0.000]",,[],"[0.000, 0.000, 0.000, 0.999, 0.000, 0.000, 0.000, 0.000]"
2503,100.12,100.16,Wonyoung,0.9990353584289551,Wonyoung,[0.999],Liz,"[0.000, 0.000, 0.000, 0.000, 0.992, 0.000, 0.000]",,[],"[0.000, 0.000, 0.000, 0.999, 0.000, 0.000, 0.000, 0.000]"
2504,100.16,100.2,Wonyoung,0.9988331198692322,Wonyoung,[0.999],Liz,"[0.000, 0.000, 0.000, 0.000, 0.993, 0.000, 0.000]",,[],"[0.000, 0.000, 0.000, 0.999, 0.000, 0.000, 0.000, 0.000]"
2505,100.2,100.24,Wonyoung,0.9985957741737366,Wonyoung,[0.999],Liz,"[0.000, 0.000, 0.000, 0.000, 0.993, 0.000, 0.000]",,[],"[0.000, 0.000, 0.000, 0.999, 0.000, 0.000, 0.000, 0.000]"
2506,100.24,100.28,Wonyoung,0.9983215928077698,Wonyoung,[0.998],Liz,"[0.000, 0.000, 0.000, 0.000, 0.993, 0.000, 0.000]",,[],"[0.000, 0.000, 0.000, 0.998, 0.000, 0.000, 0.000, 0.000]"
2507,100.28,100.32,Wonyoung,0.9980111122131348,Wonyoung,[0.998],Liz,"[0.000, 0.000, 0.000, 0.000, 0.992, 0.000, 0.000]",,[],"[0.000, 0.000, 0.000, 0.998, 0.000, 0.000, 0.000, 0.000]"
2508,100.32,100.36,Wonyoung,0.9976704716682434,Wonyoung,[0.998],Liz,"[0.000, 0.000, 0.000, 0.000, 0.992, 0.000, 0.000]",,[],"[0.000, 0.000, 0.000, 0.998, 0.000, 0.000, 0.000, 0.000]"
2509,100.36,100.4,Wonyoung,0.9973123073577881,Wonyoung,[0.997],Liz,"[0.000, 0.000, 0.000, 0.000, 0.990, 0.000, 0.000]",,[],"[0.000, 0.000, 0.000, 0.997, 0.000, 0.000, 0.000, 0.000]"
2510,100.4,100.44,Wonyoung,0.9969545602798462,Wonyoung,[0.997],Liz,"[0.000, 0.000, 0.000, 0.000, 0.988, 0.000, 0.000]",,[],"[0.000, 0.001, 0.000, 0.997, 0.000, 0.000, 0.000, 0.000]"
2511,100.44,100.48,Wonyoung,0.9966233968734741,Wonyoung,[0.997],Liz,"[0.000, 0.000, 0.000, 0.000, 0.985, 0.000, 0.000]",,[],"[0.000, 0.001, 0.000, 0.997, 0.000, 0.000, 0.000, 0.000]"
2512,100.48,100.52,Wonyoung,0.9963550567626953,Wonyoung,[0.996],Liz,"[0.000, 0.000, 0.000, 0.000, 0.980, 0.000, 0.000]",,[],"[0.000, 0.001, 0.000, 0.996, 0.000, 0.000, 0.000, 0.000]"
2513,100.52,100.56,Wonyoung,0.9961888194084167,Wonyoung,[0.996],Liz,"[0.000, 0.000, 0.000, 0.000, 0.972, 0.000, 0.000]",,[],"[0.000, 0.002, 0.000, 0.996, 0.000, 0.000, 0.000, 0.000]"
2514,100.56,100.6,Wonyoung,0.9961487054824829,Wonyoung,[0.996],Liz,"[0.000, 0.000, 0.000, 0.000, 0.961, 0.000, 0.000]",,[],"[0.000, 0.002, 0.000, 0.996, 0.000, 0.000, 0.000, 0.000]"
2515,100.6,100.64,Wonyoung,0.9962393045425415,Wonyoung,[0.996],Liz,"[0.000, 0.000, 0.000, 0.000, 0.942, 0.000, 0.000]",,[],"[0.000, 0.002, 0.000, 0.996, 0.000, 0.000, 0.000, 0.000]"
2516,100.64,100.68,Wonyoung,0.9964480400085449,Wonyoung,[0.996],Liz,"[0.000, 0.000, 0.000, 0.000, 0.912, 0.000, 0.000]",,[],"[0.000, 0.002, 0.000, 0.996, 0.000, 0.000, 0.000, 0.000]"
2517,100.68,100.72,Wonyoung,0.9967477321624756,Wonyoung,[0.997],Liz,"[0.000, 0.000, 0.000, 0.000, 0.865, 0.000, 0.000]",,[],"[0.000, 0.002, 0.000, 0.997, 0.000, 0.000, 0.000, 0.000]"
2518,100.72,100.76,Wonyoung,0.9971049427986145,Wonyoung,[0.997],Liz,"[0.000, 0.000, 0.000, 0.000, 0.795, 0.000, 0.000]",,[],"[0.000, 0.002, 0.000, 0.997, 0.000, 0.000, 0.000, 0.000]"
2519,100.76,100.8,Wonyoung,0.9974900484085083,Wonyoung,[0.997],Liz,"[0.000, 0.000, 0.000, 0.000, 0.694, 0.000, 0.000]",,[],"[0.000, 0.002, 0.000, 0.997, 0.000, 0.000, 0.000, 0.000]"
2520,100.8,100.84,Wonyoung,0.9978768825531006,Wonyoung,[0.998],Liz,"[0.000, 0.000, 0.000, 0.000, 0.562, 0.000, 0.000]",,[],"[0.000, 0.002, 0.000, 0.998, 0.000, 0.000, 0.000, 0.000]"
2521,100.84,100.88,Wonyoung,0.9982446432113647,Wonyoung,[0.998],,[],,[],"[0.000, 0.002, 0.000, 0.998, 0.000, 0.000, 0.000, 0.000]"
2522,100.88,100.92,Wonyoung,0.9985802173614502,Wonyoung,[0.999],,[],,[],"[0.000, 0.002, 0.000, 0.999, 0.000, 0.000, 0.000, 0.000]"
2523,100.92,100.96,Wonyoung,0.9988740086555481,Wonyoung,[0.999],,[],,[],"[0.000, 0.001, 0.000, 0.999, 0.000, 0.000, 0.000, 0.000]"
2524,100.96,101.0,Wonyoung,0.9991222023963928,Wonyoung,[0.999],,[],,[],"[0.000, 0.001, 0.000, 0.999, 0.000, 0.000, 0.000, 0.000]"
2525,101.0,101.04,Wonyoung,0.9993243217468262,Wonyoung,[0.999],,[],,[],"[0.000, 0.001, 0.000, 0.999, 0.000, 0.000, 0.000, 0.000]"
2526,101.04,101.08,Wonyoung,0.9994848966598511,Wonyoung,[0.999],,[],,[],"[0.000, 0.001, 0.000, 0.999, 0.000, 0.000, 0.000, 0.000]"
2527,101.08,101.12,Wonyoung,0.9996102452278137,Wonyoung,[1.000],,[],,[],"[0.000, 0.000, 0.000, 1.000, 0.000, 0.000, 0.000, 0.000]"
2528,101.12,101.16,Wonyoung,0.9997062087059021,Wonyoung,[1.000],,[],,[],"[0.000, 0.000, 0.000, 1.000, 0.000, 0.000, 0.000, 0.000]"
2529,101.16,101.2,Wonyoung,0.9997788071632385,Wonyoung,[1.000],,[],,[],"[0.000, 0.000, 0.000, 1.000, 0.000, 0.000, 0.000, 0.000]"
2530,101.2,101.24,Wonyoung,0.9998328685760498,Wonyoung,[1.000],,[],,[],"[0.000, 0.000, 0.000, 1.000, 0.000, 0.000, 0.000, 0.000]"
2531,101.24,101.28,Wonyoung,0.9998729228973389,Wonyoung,[1.000],,[],,[],"[0.000, 0.000, 0.000, 1.000, 0.000, 0.000, 0.000, 0.000]"
2532,101.28,101.32,Wonyoung,0.9999021291732788,Wonyoung,[1.000],,[],,[],"[0.000, 0.000, 0.000, 1.000, 0.000, 0.000, 0.000, 0.000]"
2533,101.32,101.36,Wonyoung,0.9999233484268188,Wonyoung,[1.000],,[],,[],"[0.000, 0.000, 0.000, 1.000, 0.000, 0.000, 0.000, 0.000]"
2534,101.36,101.4,Wonyoung,0.9999386072158813,Wonyoung,[1.000],,[],,[],"[0.000, 0.000, 0.000, 1.000, 0.000, 0.000, 0.000, 0.000]"
2535,101.4,101.44,Wonyoung,0.9999490976333618,Wonyoung,[1.000],,[],,[],"[0.000, 0.000, 0.000, 1.000, 0.000, 0.000, 0.000, 0.000]"
2536,101.44,101.48,Wonyoung,0.9999562501907349,Wonyoung,[1.000],,[],,[],"[0.000, 0.000, 0.000, 1.000, 0.000, 0.000, 0.000, 0.000]"
2537,101.48,101.52,Wonyoung,0.9999606609344482,Wonyoung,[1.000],,[],,[],"[0.000, 0.000, 0.000, 1.000, 0.000, 0.000, 0.000, 0.000]"
2538,101.52,101.56,Wonyoung,0.9999628067016602,Wonyoung,[1.000],,[],,[],"[0.000, 0.000, 0.000, 1.000, 0.000, 0.000, 0.000, 0.000]"
2539,101.56,101.6,Wonyoung,0.9999630451202393,Wonyoung,[1.000],,[],,[],"[0.000, 0.000, 0.000, 1.000, 0.000, 0.000, 0.000, 0.000]"
2540,101.6,101.64,Wonyoung,0.9999611377716064,Wonyoung,[1.000],,[],,[],"[0.000, 0.000, 0.000, 1.000, 0.000, 0.000, 0.000, 0.000]"
2541,101.64,101.68,Wonyoung,0.9999567270278931,Wonyoung,[1.000],,[],,[],"[0.000, 0.000, 0.000, 1.000, 0.000, 0.000, 0.000, 0.000]"
2542,101.68,101.72,Wonyoung,0.9999489784240723,Wonyoung,[1.000],,[],,[],"[0.000, 0.000, 0.000, 1.000, 0.000, 0.000, 0.000, 0.000]"
2543,101.72,101.76,Wonyoung,0.9999363422393799,Wonyoung,[1.000],,[],,[],"[0.000, 0.000, 0.000, 1.000, 0.000, 0.000, 0.000, 0.000]"
2544,101.76,101.8,Wonyoung,0.999916672706604,Wonyoung,[1.000],,[],,[],"[0.000, 0.000, 0.000, 1.000, 0.000, 0.000, 0.000, 0.000]"
2545,101.8,101.84,Wonyoung,0.9998862743377686,Wonyoung,[1.000],,[],,[],"[0.000, 0.000, 0.000, 1.000, 0.000, 0.000, 0.000, 0.000]"
2546,101.84,101.88,Wonyoung,0.9998393058776855,Wonyoung,[1.000],,[],,[],"[0.000, 0.000, 0.000, 1.000, 0.000, 0.000, 0.000, 0.000]"
2547,101.88,101.92,Wonyoung,0.999767005443573,Wonyoung,[1.000],,[],,[],"[0.000, 0.000, 0.000, 1.000, 0.000, 0.000, 0.000, 0.000]"
2548,101.92,101.96,Wonyoung,0.9996559619903564,Wonyoung,[1.000],,[],,[],"[0.000, 0.000, 0.000, 1.000, 0.000, 0.000, 0.000, 0.000]"
2549,101.96,102.0,Wonyoung,0.9994868040084839,Wonyoung,[0.999],,[],,[],"[0.000, 0.000, 0.000, 0.999, 0.000, 0.000, 0.000, 0.000]"
2550,102.0,102.04,Wonyoung,0.999231219291687,Wonyoung,[0.999],,[],,[],"[0.000, 0.000, 0.000, 0.999, 0.000, 0.000, 0.000, 0.000]"
2551,102.04,102.08,Wonyoung,0.9988515377044678,Wonyoung,[0.999],,[],,[],"[0.000, 0.000, 0.000, 0.999, 0.000, 0.000, 0.000, 0.000]"
2552,102.08,102.12,Wonyoung,0.99830162525177,Wonyoung,[0.998],,[],,[],"[0.000, 0.000, 0.000, 0.998, 0.000, 0.000, 0.000, 0.000]"
2553,102.12,102.16,Wonyoung,0.9975271821022034,Wonyoung,[0.998],,[],,[],"[0.000, 0.000, 0.000, 0.998, 0.000, 0.000, 0.000, 0.000]"
2554,102.16,102.2,Wonyoung,0.9964720010757446,Wonyoung,[0.996],,[],,[],"[0.000, 0.000, 0.000, 0.996, 0.000, 0.000, 0.000, 0.000]"
2555,102.2,102.24,Wonyoung,0.9950897693634033,Wonyoung,[0.995],,[],,[],"[0.000, 0.000, 0.000, 0.995, 0.000, 0.000, 0.000, 0.000]"
2556,102.24,102.28,Wonyoung,0.9933713674545288,Wonyoung,[0.993],,[],,[],"[0.000, 0.000, 0.000, 0.993, 0.000, 0.000, 0.000, 0.001]"
2557,102.28,102.32,Wonyoung,0.9913730621337891,Wonyoung,[0.991],,[],,[],"[0.000, 0.000, 0.000, 0.991, 0.000, 0.000, 0.000, 0.001]"
2558,102.32,102.36,Wonyoung,0.9892274141311646,Wonyoung,[0.989],,[],,[],"[0.000, 0.000, 0.000, 0.989, 0.000, 0.000, 0.000, 0.001]"
2559,102.36,102.4,Wonyoung,0.9871201515197754,Wonyoung,[0.987],,[],,[],"[0.000, 0.000, 0.000, 0.987, 0.000, 0.000, 0.000, 0.001]"
2560,102.4,102.44,Wonyoung,0.9852429628372192,Wonyoung,[0.985],,[],,[],"[0.000, 0.000, 0.000, 0.985, 0.000, 0.000, 0.000, 0.001]"
2561,102.44,102.48,Wonyoung,0.9837745428085327,Wonyoung,[0.984],,[],,[],"[0.000, 0.000, 0.000, 0.984, 0.000, 0.000, 0.000, 0.002]"
2562,102.48,102.52,Wonyoung,0.9828211069107056,Wonyoung,[0.983],,[],,[],"[0.000, 0.000, 0.000, 0.983, 0.000, 0.000, 0.000, 0.002]"
2563,102.52,102.56,Wonyoung,0.9824145436286926,Wonyoung,[0.982],,[],,[],"[0.000, 0.000, 0.000, 0.982, 0.000, 0.000, 0.000, 0.002]"
2564,102.56,102.6,Wonyoung,0.9825184345245361,Wonyoung,[0.983],,[],,[],"[0.000, 0.000, 0.000, 0.983, 0.000, 0.000, 0.000, 0.002]"
2565,102.6,102.64,Wonyoung,0.9830748438835144,Wonyoung,[0.983],,[],,[],"[0.000, 0.000, 0.000, 0.983, 0.000, 0.000, 0.000, 0.002]"
2566,102.64,102.68,Wonyoung,0.9839941263198853,Wonyoung,[0.984],,[],,[],"[0.000, 0.000, 0.000, 0.984, 0.000, 0.000, 0.000, 0.002]"
2567,102.68,102.72,Wonyoung,0.9851921796798706,Wonyoung,[0.985],,[],,[],"[0.000, 0.000, 0.000, 0.985, 0.000, 0.000, 0.000, 0.002]"
2568,102.72,102.76,Wonyoung,0.9865657687187195,Wonyoung,[0.987],,[],,[],"[0.000, 0.000, 0.000, 0.987, 0.000, 0.000, 0.000, 0.002]"
2569,102.76,102.8,Wonyoung,0.9880027770996094,Wonyoung,[0.988],,[],,[],"[0.000, 0.000, 0.000, 0.988, 0.000, 0.000, 0.000, 0.002]"
2570,102.8,102.84,Wonyoung,0.9894172549247742,Wonyoung,[0.989],,[],,[],"[0.000, 0.000, 0.000, 0.989, 0.000, 0.000, 0.000, 0.002]"
2571,102.84,102.88,Wonyoung,0.9907388687133789,Wonyoung,[0.991],,[],,[],"[0.000, 0.000, 0.000, 0.991, 0.000, 0.000, 0.000, 0.001]"
2572,102.88,102.92,Wonyoung,0.9919416904449463,Wonyoung,[0.992],,[],,[],"[0.000, 0.000, 0.000, 0.992, 0.000, 0.000, 0.000, 0.001]"
2573,102.92,102.96,Wonyoung,0.9930230379104614,Wonyoung,[0.993],,[],,[],"[0.000, 0.000, 0.000, 0.993, 0.000, 0.000, 0.000, 0.001]"
2574,102.96,103.0,Wonyoung,0.9939793348312378,Wonyoung,[0.994],,[],,[],"[0.000, 0.000, 0.000, 0.994, 0.000, 0.000, 0.000, 0.001]"
2575,103.0,103.04,Wonyoung,0.9948075413703918,Wonyoung,[0.995],,[],,[],"[0.000, 0.000, 0.000, 0.995, 0.000, 0.000, 0.000, 0.001]"
2576,103.04,103.08,Wonyoung,0.9955087900161743,Wonyoung,[0.996],,[],,[],"[0.000, 0.000, 0.000, 0.996, 0.000, 0.000, 0.000, 0.001]"
2577,103.08,103.12,Wonyoung,0.9960959553718567,Wonyoung,[0.996],,[],,[],"[0.000, 0.000, 0.000, 0.996, 0.000, 0.000, 0.000, 0.001]"
2578,103.12,103.16,Wonyoung,0.9965896606445312,Wonyoung,[0.997],,[],,[],"[0.000, 0.000, 0.000, 0.997, 0.000, 0.000, 0.000, 0.001]"
2579,103.16,103.2,Wonyoung,0.997006356716156,Wonyoung,[0.997],,[],,[],"[0.000, 0.000, 0.000, 0.997, 0.000, 0.000, 0.000, 0.001]"
2580,103.2,103.24,Wonyoung,0.9973565340042114,Wonyoung,[0.997],,[],,[],"[0.000, 0.000, 0.000, 0.997, 0.000, 0.000, 0.000, 0.001]"
2581,103.24,103.28,Wonyoung,0.9976494908332825,Wonyoung,[0.998],,[],,[],"[0.000, 0.000, 0.000, 0.998, 0.000, 0.000, 0.000, 0.001]"
2582,103.28,103.32,Wonyoung,0.9978896975517273,Wonyoung,[0.998],,[],,[],"[0.000, 0.000, 0.000, 0.998, 0.000, 0.000, 0.000, 0.000]"
2583,103.32,103.36,Wonyoung,0.9980807304382324,Wonyoung,[0.998],,[],,[],"[0.000, 0.000, 0.000, 0.998, 0.000, 0.000, 0.000, 0.000]"
2584,103.36,103.4,Wonyoung,0.9982300400733948,Wonyoung,[0.998],,[],,[],"[0.000, 0.000, 0.000, 0.998, 0.000, 0.000, 0.000, 0.000]"
2585,103.4,103.44,Wonyoung,0.9983484745025635,Wonyoung,[0.998],,[],,[],"[0.000, 0.000, 0.000, 0.998, 0.000, 0.000, 0.000, 0.000]"
2586,103.44,103.48,Wonyoung,0.9984447360038757,Wonyoung,[0.998],,[],,[],"[0.000, 0.000, 0.000, 0.998, 0.000, 0.000, 0.000, 0.000]"
2587,103.48,103.52,Wonyoung,0.9985252022743225,Wonyoung,[0.999],,[],,[],"[0.000, 0.000, 0.000, 0.999, 0.000, 0.000, 0.000, 0.000]"
2588,103.52,103.56,Wonyoung,0.9985944628715515,Wonyoung,[0.999],,[],,[],"[0.000, 0.000, 0.000, 0.999, 0.000, 0.000, 0.000, 0.000]"
2589,103.56,103.6,Wonyoung,0.9986584186553955,Wonyoung,[0.999],,[],,[],"[0.000, 0.000, 0.000, 0.999, 0.000, 0.000, 0.000, 0.000]"
2590,103.6,103.64,Wonyoung,0.9987201690673828,Wonyoung,[0.999],,[],,[],"[0.000, 0.000, 0.000, 0.999, 0.000, 0.000, 0.000, 0.000]"
2591,103.64,103.68,Wonyoung,0.9987823367118835,Wonyoung,[0.999],,[],,[],"[0.000, 0.000, 0.000, 0.999, 0.000, 0.000, 0.000, 0.000]"
2592,103.68,103.72,Wonyoung,0.9988453388214111,Wonyoung,[0.999],,[],,[],"[0.000, 0.000, 0.000, 0.999, 0.000, 0.000, 0.000, 0.000]"
2593,103.72,103.76,Wonyoung,0.9989062547683716,Wonyoung,[0.999],,[],,[],"[0.000, 0.000, 0.000, 0.999, 0.000, 0.000, 0.000, 0.000]"
2594,103.76,103.8,Wonyoung,0.9989621639251709,Wonyoung,[0.999],,[],,[],"[0.000, 0.000, 0.000, 0.999, 0.000, 0.000, 0.000, 0.000]"
2595,103.8,103.84,Wonyoung,0.9990099668502808,Wonyoung,[0.999],,[],,[],"[0.000, 0.000, 0.000, 0.999, 0.000, 0.000, 0.000, 0.000]"
2596,103.84,103.88,Wonyoung,0.9990482926368713,Wonyoung,[0.999],,[],,[],"[0.000, 0.000, 0.000, 0.999, 0.000, 0.000, 0.000, 0.000]"
2597,103.88,103.92,Wonyoung,0.9990780353546143,Wonyoung,[0.999],,[],,[],"[0.000, 0.000, 0.000, 0.999, 0.000, 0.000, 0.000, 0.000]"
2598,103.92,103.96,Wonyoung,0.9990993738174438,Wonyoung,[0.999],,[],,[],"[0.000, 0.000, 0.000, 0.999, 0.000, 0.000, 0.000, 0.000]"
2599,103.96,104.0,Wonyoung,0.9991138577461243,Wonyoung,[0.999],,[],,[],"[0.000, 0.000, 0.000, 0.999, 0.000, 0.000, 0.000, 0.000]"
2600,104.0,104.04,Wonyoung,0.9991231560707092,Wonyoung,[0.999],,[],,[],"[0.000, 0.000, 0.000, 0.999, 0.000, 0.000, 0.000, 0.000]"
2601,104.04,104.08,Wonyoung,0.9991270899772644,Wonyoung,[0.999],,[],,[],"[0.000, 0.000, 0.000, 0.999, 0.000, 0.000, 0.000, 0.000]"
2602,104.08,104.12,Wonyoung,0.9991243481636047,Wonyoung,[0.999],,[],,[],"[0.000, 0.000, 0.000, 0.999, 0.000, 0.000, 0.000, 0.000]"
2603,104.12,104.16,Wonyoung,0.9991136193275452,Wonyoung,[0.999],,[],,[],"[0.000, 0.000, 0.000, 0.999, 0.000, 0.000, 0.000, 0.000]"
2604,104.16,104.2,Wonyoung,0.9990952014923096,Wonyoung,[0.999],,[],,[],"[0.000, 0.000, 0.000, 0.999, 0.000, 0.000, 0.000, 0.000]"
2605,104.2,104.24,Wonyoung,0.9990708827972412,Wonyoung,[0.999],,[],,[],"[0.000, 0.000, 0.000, 0.999, 0.000, 0.000, 0.000, 0.000]"
2606,104.24,104.28,Wonyoung,0.9990395903587341,Wonyoung,[0.999],,[],,[],"[0.000, 0.000, 0.000, 0.999, 0.000, 0.000, 0.000, 0.000]"
2607,104.28,104.32,Wonyoung,0.9990000128746033,Wonyoung,[0.999],,[],,[],"[0.000, 0.000, 0.000, 0.999, 0.000, 0.000, 0.000, 0.000]"
2608,104.32,104.36,Wonyoung,0.9989513158798218,Wonyoung,[0.999],,[],,[],"[0.000, 0.000, 0.000, 0.999, 0.000, 0.000, 0.000, 0.000]"
2609,104.36,104.4,Wonyoung,0.998892605304718,Wonyoung,[0.999],,[],,[],"[0.000, 0.000, 0.000, 0.999, 0.000, 0.000, 0.000, 0.000]"
2610,104.4,104.44,Wonyoung,0.9988251328468323,Wonyoung,[0.999],,[],,[],"[0.000, 0.000, 0.000, 0.999, 0.000, 0.000, 0.000, 0.000]"
2611,104.44,104.48,Wonyoung,0.9987506866455078,Wonyoung,[0.999],,[],,[],"[0.000, 0.000, 0.000, 0.999, 0.000, 0.000, 0.000, 0.000]"
2612,104.48,104.52,Wonyoung,0.9986710548400879,Wonyoung,[0.999],,[],,[],"[0.000, 0.000, 0.000, 0.999, 0.000, 0.000, 0.000, 0.000]"
2613,104.52,104.56,Wonyoung,0.9985892176628113,Wonyoung,[0.999],,[],,[],"[0.000, 0.000, 0.001, 0.999, 0.000, 0.000, 0.000, 0.000]"
2614,104.56,104.6,Wonyoung,0.9985098242759705,Wonyoung,[0.999],,[],,[],"[0.000, 0.000, 0.001, 0.999, 0.000, 0.000, 0.000, 0.000]"
2615,104.6,104.64,Wonyoung,0.9984384179115295,Wonyoung,[0.998],,[],,[],"[0.000, 0.000, 0.001, 0.998, 0.000, 0.000, 0.000, 0.000]"
2616,104.64,104.68,Wonyoung,0.9983823299407959,Wonyoung,[0.998],,[],,[],"[0.000, 0.000, 0.001, 0.998, 0.000, 0.000, 0.000, 0.000]"
2617,104.68,104.72,Wonyoung,0.998347282409668,Wonyoung,[0.998],,[],,[],"[0.000, 0.000, 0.001, 0.998, 0.000, 0.000, 0.000, 0.000]"
2618,104.72,104.76,Wonyoung,0.9983389377593994,Wonyoung,[0.998],,[],,[],"[0.000, 0.000, 0.001, 0.998, 0.000, 0.000, 0.000, 0.000]"
2619,104.76,104.8,Wonyoung,0.9983617663383484,Wonyoung,[0.998],,[],,[],"[0.000, 0.000, 0.001, 0.998, 0.000, 0.000, 0.000, 0.000]"
2620,104.8,104.84,Wonyoung,0.9984166622161865,Wonyoung,[0.998],,[],,[],"[0.000, 0.000, 0.001, 0.998, 0.000, 0.000, 0.000, 0.000]"
2621,104.84,104.88,Wonyoung,0.9985039234161377,Wonyoung,[0.999],,[],,[],"[0.000, 0.000, 0.001, 0.999, 0.000, 0.000, 0.000, 0.000]"
2622,104.88,104.92,Wonyoung,0.998618483543396,Wonyoung,[0.999],,[],,[],"[0.000, 0.000, 0.001, 0.999, 0.000, 0.000, 0.000, 0.000]"
2623,104.92,104.96,Wonyoung,0.9987534284591675,Wonyoung,[0.999],,[],,[],"[0.000, 0.000, 0.001, 0.999, 0.000, 0.000, 0.000, 0.000]"
2624,104.96,105.0,Wonyoung,0.9989008903503418,Wonyoung,[0.999],,[],,[],"[0.000, 0.000, 0.001, 0.999, 0.000, 0.000, 0.000, 0.000]"
2625,105.0,105.04,Wonyoung,0.999053418636322,Wonyoung,[0.999],,[],,[],"[0.000, 0.000, 0.000, 0.999, 0.000, 0.000, 0.000, 0.000]"
2626,105.04,105.08,Wonyoung,0.9992040991783142,Wonyoung,[0.999],,[],,[],"[0.000, 0.000, 0.000, 0.999, 0.000, 0.000, 0.000, 0.000]"
2627,105.08,105.12,Wonyoung,0.9993461966514587,Wonyoung,[0.999],,[],,[],"[0.000, 0.000, 0.000, 0.999, 0.000, 0.000, 0.000, 0.000]"
2628,105.12,105.16,Wonyoung,0.9994741082191467,Wonyoung,[0.999],,[],,[],"[0.000, 0.000, 0.000, 0.999, 0.000, 0.000, 0.000, 0.000]"
2629,105.16,105.2,Wonyoung,0.9995843768119812,Wonyoung,[1.000],,[],,[],"[0.000, 0.000, 0.000, 1.000, 0.000, 0.000, 0.000, 0.000]"
2630,105.2,105.24,Wonyoung,0.9996761083602905,Wonyoung,[1.000],,[],,[],"[0.000, 0.000, 0.000, 1.000, 0.000, 0.000, 0.000, 0.000]"
2631,105.24,105.28,Wonyoung,0.9997498393058777,Wonyoung,[1.000],,[],,[],"[0.000, 0.000, 0.000, 1.000, 0.000, 0.000, 0.000, 0.000]"
2632,105.28,105.32,Wonyoung,0.9998084902763367,Wonyoung,[1.000],,[],,[],"[0.000, 0.000, 0.000, 1.000, 0.000, 0.000, 0.000, 0.000]"
2633,105.32,105.36,Wonyoung,0.9998548030853271,Wonyoung,[1.000],,[],,[],"[0.000, 0.000, 0.000, 1.000, 0.000, 0.000, 0.000, 0.000]"
2634,105.36,105.4,Wonyoung,0.9998910427093506,Wonyoung,[1.000],,[],,[],"[0.000, 0.000, 0.000, 1.000, 0.000, 0.000, 0.000, 0.000]"
2635,105.4,105.44,Wonyoung,0.9999189376831055,Wonyoung,[1.000],,[],,[],"[0.000, 0.000, 0.000, 1.000, 0.000, 0.000, 0.000, 0.000]"
2636,105.44,105.48,Wonyoung,0.999940037727356,Wonyoung,[1.000],,[],,[],"[0.000, 0.000, 0.000, 1.000, 0.000, 0.000, 0.000, 0.000]"
2637,105.48,105.52,Wonyoung,0.9999557733535767,Wonyoung,[1.000],,[],,[],"[0.000, 0.000, 0.000, 1.000, 0.000, 0.000, 0.000, 0.000]"
2638,105.52,105.56,Wonyoung,0.9999673366546631,Wonyoung,[1.000],,[],,[],"[0.000, 0.000, 0.000, 1.000, 0.000, 0.000, 0.000, 0.000]"
2639,105.56,105.6,Wonyoung,0.9999758005142212,Wonyoung,[1.000],,[],,[],"[0.000, 0.000, 0.000, 1.000, 0.000, 0.000, 0.000, 0.000]"
2640,105.6,105.64,Wonyoung,0.9999819993972778,Wonyoung,[1.000],,[],,[],"[0.000, 0.000, 0.000, 1.000, 0.000, 0.000, 0.000, 0.000]"
2641,105.64,105.68,Wonyoung,0.9999865293502808,Wonyoung,[1.000],,[],,[],"[0.000, 0.000, 0.000, 1.000, 0.000, 0.000, 0.000, 0.000]"
2642,105.68,105.72,Wonyoung,0.9999898672103882,Wonyoung,[1.000],,[],,[],"[0.000, 0.000, 0.000, 1.000, 0.000, 0.000, 0.000, 0.000]"
2643,105.72,105.76,Wonyoung,0.9999923706054688,Wonyoung,[1.000],,[],,[],"[0.000, 0.000, 0.000, 1.000, 0.000, 0.000, 0.000, 0.000]"
2644,105.76,105.8,Wonyoung,0.999994158744812,Wonyoung,[1.000],,[],,[],"[0.000, 0.000, 0.000, 1.000, 0.000, 0.000, 0.000, 0.000]"
2645,105.8,105.84,Wonyoung,0.9999954700469971,Wonyoung,[1.000],,[],,[],"[0.000, 0.000, 0.000, 1.000, 0.000, 0.000, 0.000, 0.000]"
2646,105.84,105.88,Wonyoung,0.9999964237213135,Wonyoung,[1.000],,[],,[],"[0.000, 0.000, 0.000, 1.000, 0.000, 0.000, 0.000, 0.000]"
2647,105.88,105.92,Wonyoung,0.9999971389770508,Wonyoung,[1.000],,[],,[],"[0.000, 0.000, 0.000, 1.000, 0.000, 0.000, 0.000, 0.000]"
2648,105.92,105.96,Wonyoung,0.9999977350234985,Wonyoung,[1.000],,[],,[],"[0.000, 0.000, 0.000, 1.000, 0.000, 0.000, 0.000, 0.000]"
2649,105.96,106.0,Wonyoung,0.9999980926513672,Wonyoung,[1.000],,[],,[],"[0.000, 0.000, 0.000, 1.000, 0.000, 0.000, 0.000, 0.000]"
2650,106.0,106.04,Wonyoung,0.9999983310699463,Wonyoung,[1.000],,[],,[],"[0.000, 0.000, 0.000, 1.000, 0.000, 0.000, 0.000, 0.000]"
2651,106.04,106.08,Wonyoung,0.9999984502792358,Wonyoung,[1.000],,[],,[],"[0.000, 0.000, 0.000, 1.000, 0.000, 0.000, 0.000, 0.000]"
2652,106.08,106.12,Wonyoung,0.9999985694885254,Wonyoung,[1.000],,[],,[],"[0.000, 0.000, 0.000, 1.000, 0.000, 0.000, 0.000, 0.000]"
2653,106.12,106.16,Wonyoung,0.9999986886978149,Wonyoung,[1.000],,[],,[],"[0.000, 0.000, 0.000, 1.000, 0.000, 0.000, 0.000, 0.000]"
2654,106.16,106.2,Wonyoung,0.9999986886978149,Wonyoung,[1.000],,[],,[],"[0.000, 0.000, 0.000, 1.000, 0.000, 0.000, 0.000, 0.000]"
2655,106.2,106.24,Wonyoung,0.9999986886978149,Wonyoung,[1.000],,[],,[],"[0.000, 0.000, 0.000, 1.000, 0.000, 0.000, 0.000, 0.000]"
2656,106.24,106.28,Wonyoung,0.9999985694885254,Wonyoung,[1.000],,[],,[],"[0.000, 0.000, 0.000, 1.000, 0.000, 0.000, 0.000, 0.000]"
2657,106.28,106.32,Wonyoung,0.9999984502792358,Wonyoung,[1.000],,[],,[],"[0.000, 0.000, 0.000, 1.000, 0.000, 0.000, 0.000, 0.000]"
2658,106.32,106.36,Wonyoung,0.9999982118606567,Wonyoung,[1.000],,[],,[],"[0.000, 0.000, 0.000, 1.000, 0.000, 0.000, 0.000, 0.000]"
2659,106.36,106.4,Wonyoung,0.9999979734420776,Wonyoung,[1.000],,[],,[],"[0.000, 0.000, 0.000, 1.000, 0.000, 0.000, 0.000, 0.000]"
2660,106.4,106.44,Wonyoung,0.9999974966049194,Wonyoung,[1.000],,[],,[],"[0.000, 0.000, 0.000, 1.000, 0.000, 0.000, 0.000, 0.000]"
2661,106.44,106.48,Wonyoung,0.9999969005584717,Wonyoung,[1.000],,[],,[],"[0.000, 0.000, 0.000, 1.000, 0.000, 0.000, 0.000, 0.000]"
2662,106.48,106.52,Wonyoung,0.9999958276748657,Wonyoung,[1.000],,[],,[],"[0.000, 0.000, 0.000, 1.000, 0.000, 0.000, 0.000, 0.000]"
2663,106.52,106.56,Wonyoung,0.999994158744812,Wonyoung,[1.000],,[],,[],"[0.000, 0.000, 0.000, 1.000, 0.000, 0.000, 0.000, 0.000]"
2664,106.56,106.6,Wonyoung,0.9999915361404419,Wonyoung,[1.000],,[],,[],"[0.000, 0.000, 0.000, 1.000, 0.000, 0.000, 0.000, 0.000]"
2665,106.6,106.64,Wonyoung,0.999987006187439,Wonyoung,[1.000],,[],,[],"[0.000, 0.000, 0.000, 1.000, 0.000, 0.000, 0.000, 0.000]"
2666,106.64,106.68,Wonyoung,0.9999792575836182,Wonyoung,[1.000],,[],,[],"[0.000, 0.000, 0.000, 1.000, 0.000, 0.000, 0.000, 0.000]"
2667,106.68,106.72,Wonyoung,0.9999653100967407,Wonyoung,[1.000],,[],,[],"[0.000, 0.000, 0.000, 1.000, 0.000, 0.000, 0.000, 0.000]"
2668,106.72,106.76,Wonyoung,0.999940037727356,Wonyoung,[1.000],,[],,[],"[0.000, 0.000, 0.000, 1.000, 0.000, 0.000, 0.000, 0.000]"
2669,106.76,106.8,Wonyoung,0.9998929500579834,Wonyoung,[1.000],,[],,[],"[0.000, 0.000, 0.000, 1.000, 0.000, 0.000, 0.000, 0.000]"
2670,106.8,106.84,Wonyoung,0.9998038411140442,Wonyoung,[1.000],,[],,[],"[0.000, 0.000, 0.000, 1.000, 0.000, 0.000, 0.000, 0.000]"
2671,106.84,106.88,Wonyoung,0.9996334314346313,Wonyoung,[1.000],,[],,[],"[0.000, 0.000, 0.000, 1.000, 0.000, 0.000, 0.000, 0.000]"
2672,106.88,106.92,Wonyoung,0.9993062019348145,Wonyoung,[0.999],,[],,[],"[0.000, 0.000, 0.000, 0.999, 0.000, 0.000, 0.000, 0.000]"
2673,106.92,106.96,Wonyoung,0.9986775517463684,Wonyoung,[0.999],,[],,[],"[0.000, 0.000, 0.000, 0.999, 0.000, 0.000, 0.000, 0.000]"
2674,106.96,107.0,Wonyoung,0.9974708557128906,Wonyoung,[0.997],,[],,[],"[0.000, 0.000, 0.000, 0.997, 0.000, 0.000, 0.000, 0.000]"
2675,107.0,107.04,Wonyoung,0.9951594471931458,Wonyoung,[0.995],,[],,[],"[0.000, 0.000, 0.000, 0.995, 0.000, 0.000, 0.000, 0.001]"
2676,107.04,107.08,Wonyoung,0.9907586574554443,Wonyoung,[0.991],,[],,[],"[0.000, 0.000, 0.000, 0.991, 0.000, 0.000, 0.000, 0.001]"
2677,107.08,107.12,Wonyoung,0.982441246509552,Wonyoung,[0.982],,[],,[],"[0.000, 0.000, 0.000, 0.982, 0.000, 0.000, 0.000, 0.001]"
2678,107.12,107.16,Wonyoung,0.9669071435928345,Wonyoung,[0.967],,[],,[],"[0.000, 0.000, 0.000, 0.967, 0.000, 0.000, 0.000, 0.002]"
2679,107.16,107.2,Wonyoung,0.9385430812835693,Wonyoung,[0.939],,[],,[],"[0.000, 0.000, 0.000, 0.939, 0.000, 0.000, 0.000, 0.003]"
2680,107.2,107.24,Wonyoung,0.8890899419784546,Wonyoung,[0.889],,[],,[],"[0.000, 0.000, 0.000, 0.889, 0.000, 0.000, 0.000, 0.005]"
2681,107.24,107.28,Wonyoung,0.8091493844985962,Wonyoung,[0.809],,[],,[],"[0.000, 0.000, 0.000, 0.809, 0.000, 0.000, 0.000, 0.007]"
2682,107.28,107.32,Wonyoung,0.6927505135536194,Wonyoung,[0.693],,[],,[],"[0.000, 0.000, 0.000, 0.693, 0.000, 0.000, 0.000, 0.010]"
2683,107.32,107.36,Wonyoung,0.5456418991088867,Wonyoung,[0.546],,[],,[],"[0.000, 0.000, 0.000, 0.546, 0.000, 0.000, 0.000, 0.015]"
2684,107.36,107.4,silence,0.02051694318652153,,[],,[],,[],"[0.000, 0.000, 0.000, 0.390, 0.000, 0.000, 0.000, 0.021]"
2685,107.4,107.44,silence,0.0280151404440403,,[],,[],,[],"[0.000, 0.000, 0.000, 0.253, 0.000, 0.000, 0.000, 0.028]"
2686,107.44,107.48,silence,0.03709793835878372,,[],,[],,[],"[0.000, 0.000, 0.000, 0.152, 0.000, 0.000, 0.000, 0.037]"
2687,107.48,107.52,silence,0.04743184894323349,,[],,[],,[],"[0.000, 0.000, 0.000, 0.086, 0.000, 0.000, 0.000, 0.047]"
2688,107.52,107.56,silence,0.05837761238217354,,[],,[],,[],"[0.000, 0.000, 0.000, 0.047, 0.000, 0.000, 0.000, 0.058]"
2689,107.56,107.6,silence,0.06915317475795746,,[],,[],,[],"[0.000, 0.000, 0.000, 0.025, 0.000, 0.000, 0.000, 0.069]"
2690,107.6,107.64,silence,0.07897937297821045,,[],,[],,[],"[0.000, 0.000, 0.000, 0.013, 0.000, 0.000, 0.000, 0.079]"
2691,107.64,107.68,silence,0.08707703649997711,,[],,[],,[],"[0.000, 0.000, 0.000, 0.007, 0.000, 0.000, 0.000, 0.087]"
2692,107.68,107.72,silence,0.09279002249240875,,[],,[],,[],"[0.000, 0.000, 0.000, 0.003, 0.000, 0.000, 0.000, 0.093]"
2693,107.72,107.76,silence,0.09557110071182251,,[],,[],,[],"[0.000, 0.000, 0.000, 0.002, 0.000, 0.000, 0.000, 0.096]"
2694,107.76,107.8,silence,0.09516340494155884,,[],,[],,[],"[0.000, 0.000, 0.001, 0.001, 0.000, 0.000, 0.000, 0.095]"
2695,107.8,107.84,silence,0.09166518598794937,,[],,[],,[],"[0.000, 0.000, 0.002, 0.000, 0.000, 0.000, 0.000, 0.092]"
2696,107.84,107.88,silence,0.08544552326202393,,[],,[],,[],"[0.000, 0.000, 0.005, 0.000, 0.000, 0.000, 0.000, 0.085]"
2697,107.88,107.92,silence,0.07708850502967834,,[],,[],,[],"[0.000, 0.000, 0.015, 0.000, 0.000, 0.000, 0.000, 0.077]"
2698,107.92,107.96,silence,0.06734346598386765,,[],,[],,[],"[0.000, 0.000, 0.046, 0.000, 0.000, 0.000, 0.000, 0.067]"
2699,107.96,108.0,silence,0.05703365057706833,,[],,[],,[],"[0.000, 0.000, 0.135, 0.000, 0.000, 0.000, 0.000, 0.057]"
2700,108.0,108.04,silence,0.046929631382226944,,[],,[],,[],"[0.000, 0.000, 0.348, 0.000, 0.000, 0.000, 0.000, 0.047]"
2701,108.04,108.08,Rei,0.6577981114387512,Rei,[0.658],,[],,[],"[0.000, 0.000, 0.658, 0.000, 0.000, 0.000, 0.000, 0.038]"
2702,108.08,108.12,Rei,0.8778033256530762,Rei,[0.878],,[],,[],"[0.000, 0.000, 0.878, 0.000, 0.000, 0.000, 0.000, 0.029]"
2703,108.12,108.16,Rei,0.9651093482971191,Rei,[0.965],,[],,[],"[0.000, 0.000, 0.965, 0.000, 0.000, 0.000, 0.000, 0.022]"
2704,108.16,108.2,Rei,0.9908851981163025,Rei,[0.991],,[],,[],"[0.000, 0.000, 0.991, 0.000, 0.000, 0.000, 0.000, 0.017]"
2705,108.2,108.24,Rei,0.997689962387085,Rei,[0.998],,[],,[],"[0.000, 0.000, 0.998, 0.000, 0.000, 0.000, 0.000, 0.012]"
2706,108.24,108.28,Rei,0.9994183778762817,Rei,[0.999],,[],,[],"[0.000, 0.000, 0.999, 0.000, 0.000, 0.000, 0.000, 0.009]"
2707,108.28,108.32,Rei,0.9998527765274048,Rei,[1.000],,[],,[],"[0.000, 0.000, 1.000, 0.000, 0.000, 0.000, 0.000, 0.007]"
2708,108.32,108.36,Rei,0.9999622106552124,Rei,[1.000],,[],,[],"[0.000, 0.000, 1.000, 0.000, 0.000, 0.000, 0.000, 0.005]"
2709,108.36,108.4,Rei,0.9999899864196777,Rei,[1.000],,[],,[],"[0.000, 0.000, 1.000, 0.000, 0.000, 0.000, 0.000, 0.003]"
2710,108.4,108.44,Rei,0.9999972581863403,Rei,[1.000],,[],,[],"[0.000, 0.000, 1.000, 0.000, 0.000, 0.000, 0.000, 0.002]"
2711,108.44,108.48,Rei,0.9999992847442627,Rei,[1.000],,[],,[],"[0.000, 0.000, 1.000, 0.000, 0.000, 0.000, 0.000, 0.002]"
2712,108.48,108.52,Rei,0.9999997615814209,Rei,[1.000],,[],,[],"[0.000, 0.000, 1.000, 0.000, 0.000, 0.000, 0.000, 0.001]"
2713,108.52,108.56,Rei,0.9999998807907104,Rei,[1.000],,[],,[],"[0.000, 0.000, 1.000, 0.000, 0.000, 0.000, 0.000, 0.001]"
2714,108.56,108.6,Rei,1.0,Rei,[1.000],,[],,[],"[0.000, 0.000, 1.000, 0.000, 0.000, 0.000, 0.000, 0.001]"
2715,108.6,108.64,Rei,1.0,Rei,[1.000],,[],,[],"[0.000, 0.000, 1.000, 0.000, 0.000, 0.000, 0.000, 0.000]"
2716,108.64,108.68,Rei,1.0,Rei,[1.000],,[],,[],"[0.000, 0.000, 1.000, 0.000, 0.000, 0.000, 0.000, 0.000]"
2717,108.68,108.72,Rei,1.0,Rei,[1.000],,[],,[],"[0.000, 0.000, 1.000, 0.000, 0.000, 0.000, 0.000, 0.000]"
2718,108.72,108.76,Rei,1.0,Rei,[1.000],,[],,[],"[0.000, 0.000, 1.000, 0.000, 0.000, 0.000, 0.000, 0.000]"
2719,108.76,108.8,Rei,1.0,Rei,[1.000],Leeseo,"[0.000, 0.000, 0.000, 0.000, 0.000, 0.480, 0.000]",,[],"[0.000, 0.000, 1.000, 0.000, 0.000, 0.000, 0.000, 0.000]"
2720,108.8,108.84,Rei,1.0,Rei,[1.000],Leeseo,"[0.000, 0.000, 0.000, 0.000, 0.000, 0.564, 0.000]",,[],"[0.000, 0.000, 1.000, 0.000, 0.000, 0.000, 0.000, 0.000]"
2721,108.84,108.88,Rei,1.0,Rei,[1.000],Leeseo,"[0.000, 0.000, 0.000, 0.000, 0.000, 0.644, 0.000]",,[],"[0.000, 0.000, 1.000, 0.000, 0.000, 0.000, 0.000, 0.000]"
2722,108.88,108.92,Rei,1.0,Rei,[1.000],Leeseo,"[0.000, 0.000, 0.000, 0.000, 0.000, 0.716, 0.000]",,[],"[0.000, 0.000, 1.000, 0.000, 0.000, 0.000, 0.000, 0.000]"
2723,108.92,108.96,Rei,1.0,Rei,[1.000],Leeseo,"[0.000, 0.000, 0.000, 0.000, 0.000, 0.778, 0.000]",,[],"[0.000, 0.000, 1.000, 0.000, 0.000, 0.000, 0.000, 0.000]"
2724,108.96,109.0,Rei,1.0,Rei,[1.000],Leeseo,"[0.000, 0.000, 0.000, 0.000, 0.000, 0.828, 0.000]",,[],"[0.000, 0.000, 1.000, 0.000, 0.000, 0.000, 0.000, 0.000]"
2725,109.0,109.04,Rei,1.0,Rei,[1.000],Leeseo,"[0.000, 0.000, 0.000, 0.000, 0.000, 0.868, 0.000]",,[],"[0.000, 0.000, 1.000, 0.000, 0.000, 0.000, 0.000, 0.000]"
2726,109.04,109.08,Rei,1.0,Rei,[1.000],Leeseo,"[0.000, 0.000, 0.000, 0.000, 0.000, 0.900, 0.000]",,[],"[0.000, 0.000, 1.000, 0.000, 0.000, 0.000, 0.000, 0.000]"
2727,109.08,109.12,Rei,1.0,Rei,[1.000],Leeseo,"[0.000, 0.000, 0.000, 0.000, 0.000, 0.924, 0.000]",,[],"[0.000, 0.000, 1.000, 0.000, 0.000, 0.000, 0.000, 0.000]"
2728,109.12,109.16,Rei,1.0,Rei,[1.000],Leeseo,"[0.000, 0.000, 0.000, 0.000, 0.000, 0.943, 0.000]",,[],"[0.000, 0.000, 1.000, 0.000, 0.000, 0.000, 0.000, 0.000]"
2729,109.16,109.2,Rei,1.0,Rei,[1.000],Leeseo,"[0.000, 0.000, 0.000, 0.000, 0.000, 0.956, 0.000]",,[],"[0.000, 0.000, 1.000, 0.000, 0.000, 0.000, 0.000, 0.000]"
2730,109.2,109.24,Rei,1.0,Rei,[1.000],Leeseo,"[0.000, 0.000, 0.000, 0.000, 0.000, 0.967, 0.000]",,[],"[0.000, 0.000, 1.000, 0.000, 0.000, 0.000, 0.000, 0.000]"
2731,109.24,109.28,Rei,1.0,Rei,[1.000],Leeseo,"[0.000, 0.000, 0.000, 0.000, 0.000, 0.974, 0.000]",,[],"[0.000, 0.000, 1.000, 0.000, 0.000, 0.000, 0.000, 0.000]"
2732,109.28,109.32,Rei,1.0,Rei,[1.000],Leeseo,"[0.000, 0.000, 0.000, 0.000, 0.000, 0.980, 0.000]",,[],"[0.000, 0.000, 1.000, 0.000, 0.000, 0.000, 0.000, 0.000]"
2733,109.32,109.36,Rei,1.0,Rei,[1.000],Leeseo,"[0.000, 0.000, 0.000, 0.000, 0.000, 0.984, 0.000]",,[],"[0.000, 0.000, 1.000, 0.000, 0.000, 0.000, 0.000, 0.000]"
2734,109.36,109.4,Rei,1.0,Rei,[1.000],Leeseo,"[0.000, 0.000, 0.000, 0.000, 0.000, 0.987, 0.000]",,[],"[0.000, 0.000, 1.000, 0.000, 0.000, 0.000, 0.000, 0.000]"
2735,109.4,109.44,Rei,1.0,Rei,[1.000],Leeseo,"[0.000, 0.000, 0.000, 0.000, 0.000, 0.990, 0.000]",,[],"[0.000, 0.000, 1.000, 0.000, 0.000, 0.000, 0.000, 0.000]"
2736,109.44,109.48,Rei,1.0,Rei,[1.000],Leeseo,"[0.000, 0.000, 0.000, 0.000, 0.000, 0.991, 0.000]",,[],"[0.000, 0.000, 1.000, 0.000, 0.000, 0.000, 0.000, 0.000]"
2737,109.48,109.52,Rei,1.0,Rei,[1.000],Leeseo,"[0.000, 0.000, 0.000, 0.000, 0.000, 0.993, 0.000]",,[],"[0.000, 0.000, 1.000, 0.000, 0.000, 0.000, 0.000, 0.000]"
2738,109.52,109.56,Rei,1.0,Rei,[1.000],Leeseo,"[0.000, 0.000, 0.000, 0.000, 0.000, 0.994, 0.000]",,[],"[0.000, 0.000, 1.000, 0.000, 0.000, 0.000, 0.000, 0.000]"
2739,109.56,109.6,Rei,1.0,Rei,[1.000],Leeseo,"[0.000, 0.000, 0.000, 0.000, 0.000, 0.995, 0.000]",,[],"[0.000, 0.000, 1.000, 0.000, 0.000, 0.000, 0.000, 0.000]"
2740,109.6,109.64,Rei,1.0,Rei,[1.000],Leeseo,"[0.000, 0.000, 0.000, 0.000, 0.000, 0.996, 0.000]",,[],"[0.000, 0.000, 1.000, 0.000, 0.000, 0.000, 0.000, 0.000]"
2741,109.64,109.68,Rei,1.0,Rei,[1.000],Leeseo,"[0.000, 0.000, 0.000, 0.000, 0.000, 0.996, 0.000]",,[],"[0.000, 0.000, 1.000, 0.000, 0.000, 0.000, 0.000, 0.000]"
2742,109.68,109.72,Rei,1.0,Rei,[1.000],Leeseo,"[0.000, 0.000, 0.000, 0.000, 0.000, 0.997, 0.000]",,[],"[0.000, 0.000, 1.000, 0.000, 0.000, 0.000, 0.000, 0.000]"
2743,109.72,109.76,Rei,1.0,Rei,[1.000],Leeseo,"[0.000, 0.000, 0.000, 0.000, 0.000, 0.997, 0.000]",,[],"[0.000, 0.000, 1.000, 0.000, 0.000, 0.000, 0.000, 0.000]"
2744,109.76,109.8,Rei,1.0,Rei,[1.000],Leeseo,"[0.000, 0.000, 0.000, 0.000, 0.000, 0.998, 0.000]",,[],"[0.000, 0.000, 1.000, 0.000, 0.000, 0.000, 0.000, 0.000]"
2745,109.8,109.84,Rei,1.0,Rei,[1.000],Leeseo,"[0.000, 0.000, 0.000, 0.000, 0.000, 0.998, 0.000]",,[],"[0.000, 0.000, 1.000, 0.000, 0.000, 0.000, 0.000, 0.000]"
2746,109.84,109.88,Rei,1.0,Rei,[1.000],Leeseo,"[0.000, 0.000, 0.000, 0.000, 0.000, 0.999, 0.000]",,[],"[0.000, 0.000, 1.000, 0.000, 0.000, 0.000, 0.000, 0.000]"
2747,109.88,109.92,Rei,1.0,Rei,[1.000],Leeseo,"[0.000, 0.000, 0.000, 0.000, 0.000, 0.999, 0.000]",,[],"[0.000, 0.000, 1.000, 0.000, 0.000, 0.000, 0.000, 0.000]"
2748,109.92,109.96,Rei,1.0,Rei,[1.000],Leeseo,"[0.000, 0.000, 0.000, 0.000, 0.000, 0.999, 0.000]",,[],"[0.000, 0.000, 1.000, 0.000, 0.000, 0.000, 0.000, 0.000]"
2749,109.96,110.0,Rei,1.0,Rei,[1.000],Leeseo,"[0.000, 0.000, 0.000, 0.000, 0.000, 1.000, 0.000]",,[],"[0.000, 0.000, 1.000, 0.000, 0.000, 0.000, 0.000, 0.000]"
2750,110.0,110.04,Rei,1.0,Rei,[1.000],Leeseo,"[0.000, 0.000, 0.000, 0.000, 0.000, 1.000, 0.000]",,[],"[0.000, 0.000, 1.000, 0.000, 0.000, 0.000, 0.000, 0.000]"
2751,110.04,110.08,Rei,1.0,Rei,[1.000],Leeseo,"[0.000, 0.000, 0.000, 0.000, 0.000, 1.000, 0.000]",,[],"[0.000, 0.000, 1.000, 0.000, 0.000, 0.000, 0.000, 0.000]"
2752,110.08,110.12,Rei,1.0,Rei,[1.000],Leeseo,"[0.000, 0.000, 0.000, 0.000, 0.000, 1.000, 0.000]",,[],"[0.000, 0.000, 1.000, 0.000, 0.000, 0.000, 0.000, 0.000]"
2753,110.12,110.16,Rei,1.0,Rei,[1.000],Leeseo,"[0.000, 0.000, 0.000, 0.000, 0.000, 1.000, 0.000]",,[],"[0.000, 0.000, 1.000, 0.000, 0.000, 0.000, 0.000, 0.000]"
2754,110.16,110.2,Rei,1.0,Rei,[1.000],Leeseo,"[0.000, 0.000, 0.000, 0.000, 0.000, 1.000, 0.000]",,[],"[0.000, 0.000, 1.000, 0.000, 0.000, 0.000, 0.000, 0.000]"
2755,110.2,110.24,Rei,1.0,Rei,[1.000],Leeseo,"[0.000, 0.000, 0.000, 0.000, 0.000, 1.000, 0.000]",,[],"[0.000, 0.000, 1.000, 0.000, 0.000, 0.000, 0.000, 0.000]"
2756,110.24,110.28,Rei,1.0,Rei,[1.000],Leeseo,"[0.000, 0.000, 0.000, 0.000, 0.000, 1.000, 0.000]",,[],"[0.000, 0.000, 1.000, 0.000, 0.000, 0.000, 0.000, 0.000]"
2757,110.28,110.32,Rei,1.0,Rei,[1.000],Leeseo,"[0.000, 0.000, 0.000, 0.000, 0.000, 1.000, 0.000]",,[],"[0.000, 0.000, 1.000, 0.000, 0.000, 0.000, 0.000, 0.000]"
2758,110.32,110.36,Rei,1.0,Rei,[1.000],Leeseo,"[0.000, 0.000, 0.000, 0.000, 0.000, 1.000, 0.000]",,[],"[0.000, 0.000, 1.000, 0.000, 0.000, 0.000, 0.000, 0.000]"
2759,110.36,110.4,Rei,1.0,Rei,[1.000],Leeseo,"[0.000, 0.000, 0.000, 0.000, 0.000, 1.000, 0.000]",,[],"[0.000, 0.000, 1.000, 0.000, 0.000, 0.000, 0.000, 0.000]"
2760,110.4,110.44,Rei,1.0,Rei,[1.000],Leeseo,"[0.000, 0.000, 0.000, 0.000, 0.000, 1.000, 0.000]",,[],"[0.000, 0.000, 1.000, 0.000, 0.000, 0.000, 0.000, 0.000]"
2761,110.44,110.48,Rei,1.0,Rei,[1.000],Leeseo,"[0.000, 0.000, 0.000, 0.000, 0.000, 1.000, 0.000]",,[],"[0.000, 0.000, 1.000, 0.000, 0.000, 0.000, 0.000, 0.000]"
2762,110.48,110.52,Rei,1.0,Rei,[1.000],Leeseo,"[0.000, 0.000, 0.000, 0.000, 0.000, 1.000, 0.000]",,[],"[0.000, 0.000, 1.000, 0.000, 0.000, 0.000, 0.000, 0.000]"
2763,110.52,110.56,Rei,1.0,Rei,[1.000],Leeseo,"[0.000, 0.000, 0.000, 0.000, 0.000, 1.000, 0.000]",,[],"[0.000, 0.000, 1.000, 0.000, 0.000, 0.000, 0.000, 0.000]"
2764,110.56,110.6,Rei,0.9999998807907104,Rei,[1.000],Leeseo,"[0.000, 0.000, 0.000, 0.000, 0.000, 1.000, 0.000]",,[],"[0.000, 0.000, 1.000, 0.000, 0.000, 0.000, 0.000, 0.000]"
2765,110.6,110.64,Rei,0.9999998807907104,Rei,[1.000],Leeseo,"[0.000, 0.000, 0.000, 0.000, 0.000, 1.000, 0.000]",,[],"[0.000, 0.000, 1.000, 0.000, 0.000, 0.000, 0.000, 0.000]"
2766,110.64,110.68,Rei,0.9999998807907104,Rei,[1.000],Leeseo,"[0.000, 0.000, 0.000, 0.000, 0.000, 1.000, 0.000]",,[],"[0.000, 0.000, 1.000, 0.000, 0.000, 0.000, 0.000, 0.000]"
2767,110.68,110.72,Rei,0.9999998807907104,Rei,[1.000],Leeseo,"[0.000, 0.000, 0.000, 0.000, 0.000, 1.000, 0.000]",,[],"[0.000, 0.000, 1.000, 0.000, 0.000, 0.000, 0.000, 0.000]"
2768,110.72,110.76,Rei,0.9999997615814209,Rei,[1.000],Leeseo,"[0.000, 0.000, 0.000, 0.000, 0.000, 1.000, 0.000]",,[],"[0.000, 0.000, 1.000, 0.000, 0.000, 0.000, 0.000, 0.000]"
2769,110.76,110.8,Rei,0.9999997615814209,Rei,[1.000],Leeseo,"[0.000, 0.000, 0.000, 0.000, 0.000, 1.000, 0.000]",,[],"[0.000, 0.000, 1.000, 0.000, 0.000, 0.000, 0.000, 0.000]"
2770,110.8,110.84,Rei,0.9999997615814209,Rei,[1.000],Leeseo,"[0.000, 0.000, 0.000, 0.000, 0.000, 1.000, 0.000]",,[],"[0.000, 0.000, 1.000, 0.000, 0.000, 0.000, 0.000, 0.000]"
2771,110.84,110.88,Rei,0.9999996423721313,Rei,[1.000],Leeseo,"[0.000, 0.000, 0.000, 0.000, 0.000, 1.000, 0.000]",,[],"[0.000, 0.000, 1.000, 0.000, 0.000, 0.000, 0.000, 0.000]"
2772,110.88,110.92,Rei,0.9999995231628418,Rei,[1.000],Leeseo,"[0.000, 0.000, 0.000, 0.000, 0.000, 1.000, 0.000]",,[],"[0.000, 0.000, 1.000, 0.000, 0.000, 0.000, 0.000, 0.000]"
2773,110.92,110.96,Rei,0.9999994039535522,Rei,[1.000],Leeseo,"[0.000, 0.000, 0.000, 0.000, 0.000, 1.000, 0.000]",,[],"[0.000, 0.000, 1.000, 0.000, 0.000, 0.000, 0.000, 0.000]"
2774,110.96,111.0,Rei,0.9999992847442627,Rei,[1.000],Leeseo,"[0.000, 0.000, 0.000, 0.000, 0.000, 1.000, 0.000]",,[],"[0.000, 0.000, 1.000, 0.000, 0.000, 0.000, 0.000, 0.000]"
2775,111.0,111.04,Rei,0.9999991655349731,Rei,[1.000],Leeseo,"[0.000, 0.000, 0.000, 0.000, 0.000, 1.000, 0.000]",,[],"[0.000, 0.000, 1.000, 0.000, 0.000, 0.000, 0.000, 0.000]"
2776,111.04,111.08,Rei,0.9999990463256836,Rei,[1.000],Leeseo,"[0.000, 0.000, 0.000, 0.000, 0.000, 1.000, 0.000]",,[],"[0.000, 0.000, 1.000, 0.000, 0.000, 0.000, 0.000, 0.000]"
2777,111.08,111.12,Rei,0.9999988079071045,Rei,[1.000],Leeseo,"[0.000, 0.000, 0.000, 0.000, 0.000, 1.000, 0.000]",,[],"[0.000, 0.000, 1.000, 0.000, 0.000, 0.000, 0.000, 0.000]"
2778,111.12,111.16,Rei,0.9999984502792358,Rei,[1.000],Leeseo,"[0.000, 0.000, 0.000, 0.000, 0.000, 1.000, 0.000]",,[],"[0.000, 0.000, 1.000, 0.000, 0.000, 0.000, 0.000, 0.000]"
2779,111.16,111.2,Rei,0.9999979734420776,Rei,[1.000],Leeseo,"[0.000, 0.000, 0.000, 0.000, 0.000, 1.000, 0.000]",,[],"[0.000, 0.000, 1.000, 0.000, 0.000, 0.000, 0.000, 0.000]"
2780,111.2,111.24,Rei,0.9999974966049194,Rei,[1.000],Leeseo,"[0.000, 0.000, 0.000, 0.000, 0.000, 1.000, 0.000]",,[],"[0.000, 0.000, 1.000, 0.000, 0.000, 0.000, 0.000, 0.000]"
2781,111.24,111.28,Rei,0.9999966621398926,Rei,[1.000],Leeseo,"[0.000, 0.000, 0.000, 0.000, 0.000, 1.000, 0.000]",,[],"[0.000, 0.000, 1.000, 0.000, 0.000, 0.000, 0.000, 0.000]"
2782,111.28,111.32,Rei,0.9999955892562866,Rei,[1.000],Leeseo,"[0.000, 0.000, 0.000, 0.000, 0.000, 1.000, 0.000]",,[],"[0.000, 0.000, 1.000, 0.000, 0.000, 0.000, 0.000, 0.000]"
2783,111.32,111.36,Rei,0.9999939203262329,Rei,[1.000],Leeseo,"[0.000, 0.000, 0.000, 0.000, 0.000, 1.000, 0.000]",,[],"[0.000, 0.000, 1.000, 0.000, 0.000, 0.000, 0.000, 0.000]"
2784,111.36,111.4,Rei,0.9999912977218628,Rei,[1.000],Leeseo,"[0.000, 0.000, 0.000, 0.000, 0.000, 1.000, 0.000]",,[],"[0.000, 0.000, 1.000, 0.000, 0.000, 0.000, 0.000, 0.000]"
2785,111.4,111.44,Rei,0.9999872446060181,Rei,[1.000],Leeseo,"[0.000, 0.000, 0.000, 0.000, 0.000, 1.000, 0.000]",,[],"[0.000, 0.000, 1.000, 0.000, 0.000, 0.000, 0.000, 0.000]"
2786,111.44,111.48,Rei,0.9999805688858032,Rei,[1.000],Leeseo,"[0.000, 0.000, 0.000, 0.000, 0.000, 1.000, 0.000]",,[],"[0.000, 0.000, 1.000, 0.000, 0.000, 0.000, 0.000, 0.001]"
2787,111.48,111.52,Rei,0.9999692440032959,Rei,[1.000],Leeseo,"[0.000, 0.000, 0.000, 0.000, 0.000, 1.000, 0.000]",,[],"[0.000, 0.000, 1.000, 0.000, 0.000, 0.000, 0.000, 0.001]"
2788,111.52,111.56,Rei,0.99994957447052,Rei,[1.000],Leeseo,"[0.000, 0.000, 0.000, 0.000, 0.000, 1.000, 0.000]",,[],"[0.000, 0.000, 1.000, 0.000, 0.000, 0.000, 0.000, 0.001]"
2789,111.56,111.6,Rei,0.9999135732650757,Rei,[1.000],Leeseo,"[0.000, 0.000, 0.000, 0.000, 0.000, 1.000, 0.000]",,[],"[0.000, 0.000, 1.000, 0.000, 0.000, 0.000, 0.000, 0.001]"
2790,111.6,111.64,Rei,0.9998458623886108,Rei,[1.000],Leeseo,"[0.000, 0.000, 0.000, 0.000, 0.000, 1.000, 0.000]",,[],"[0.000, 0.000, 1.000, 0.000, 0.000, 0.000, 0.000, 0.001]"
2791,111.64,111.68,Rei,0.9997134804725647,Rei,[1.000],Leeseo,"[0.000, 0.000, 0.000, 0.000, 0.000, 1.000, 0.000]",,[],"[0.000, 0.000, 1.000, 0.000, 0.000, 0.001, 0.000, 0.001]"
2792,111.68,111.72,Rei,0.9994462132453918,Rei,[0.999],Leeseo,"[0.000, 0.000, 0.000, 0.000, 0.000, 1.000, 0.000]",,[],"[0.000, 0.000, 0.999, 0.000, 0.000, 0.001, 0.000, 0.001]"
2793,111.72,111.76,Rei,0.9988880753517151,Rei,[0.999],Leeseo,"[0.000, 0.000, 0.000, 0.000, 0.000, 1.000, 0.000]",,[],"[0.000, 0.000, 0.999, 0.000, 0.000, 0.001, 0.000, 0.002]"
2794,111.76,111.8,Rei,0.9976826906204224,Rei,[0.998],Leeseo,"[0.000, 0.000, 0.000, 0.000, 0.000, 1.000, 0.000]",,[],"[0.000, 0.000, 0.998, 0.000, 0.000, 0.001, 0.000, 0.002]"
2795,111.8,111.84,Rei,0.995008111000061,Rei,[0.995],Leeseo,"[0.000, 0.000, 0.000, 0.000, 0.000, 1.000, 0.000]",,[],"[0.000, 0.000, 0.995, 0.000, 0.000, 0.001, 0.000, 0.002]"
2796,111.84,111.88,Rei,0.9889551997184753,Rei,[0.989],Leeseo,"[0.000, 0.000, 0.000, 0.000, 0.000, 1.000, 0.000]",,[],"[0.000, 0.000, 0.989, 0.000, 0.000, 0.001, 0.000, 0.002]"
2797,111.88,111.92,Rei,0.9751269817352295,Rei,[0.975],Leeseo,"[0.000, 0.000, 0.000, 0.000, 0.000, 1.000, 0.000]",,[],"[0.001, 0.000, 0.975, 0.000, 0.000, 0.001, 0.000, 0.003]"
2798,111.92,111.96,Rei,0.9438889026641846,Rei,[0.944],Leeseo,"[0.000, 0.000, 0.000, 0.000, 0.000, 1.000, 0.000]",,[],"[0.001, 0.000, 0.944, 0.000, 0.000, 0.001, 0.000, 0.003]"
2799,111.96,112.0,Rei,0.8765889406204224,Rei,[0.877],Leeseo,"[0.000, 0.000, 0.000, 0.000, 0.000, 1.000, 0.000]",,[],"[0.003, 0.000, 0.877, 0.000, 0.000, 0.001, 0.000, 0.003]"
2800,112.0,112.04,Rei,0.7475160360336304,Rei,[0.748],Leeseo,"[0.000, 0.000, 0.000, 0.000, 0.000, 1.000, 0.000]",,[],"[0.007, 0.000, 0.748, 0.000, 0.000, 0.001, 0.000, 0.003]"
2801,112.04,112.08,Rei,0.5501399040222168,Rei,[0.550],Leeseo,"[0.000, 0.000, 0.000, 0.000, 0.000, 0.999, 0.000]",,[],"[0.015, 0.000, 0.550, 0.000, 0.000, 0.001, 0.000, 0.003]"
2802,112.08,112.12,silence,0.0030762413516640663,,[],Leeseo,"[0.000, 0.000, 0.000, 0.000, 0.000, 0.999, 0.000]",,[],"[0.033, 0.000, 0.334, 0.000, 0.000, 0.001, 0.000, 0.003]"
2803,112.12,112.16,silence,0.002958794357255101,,[],Leeseo,"[0.000, 0.000, 0.000, 0.000, 0.000, 0.997, 0.000]",,[],"[0.071, 0.000, 0.171, 0.000, 0.000, 0.001, 0.000, 0.003]"
2804,112.16,112.2,silence,0.0027525548357516527,,[],Leeseo,"[0.000, 0.000, 0.000, 0.000, 0.000, 0.994, 0.000]",,[],"[0.142, 0.000, 0.078, 0.000, 0.000, 0.001, 0.000, 0.003]"
2805,112.2,112.24,silence,0.0024683657102286816,,[],Leeseo,"[0.000, 0.000, 0.000, 0.000, 0.000, 0.986, 0.000]",,[],"[0.259, 0.000, 0.034, 0.000, 0.000, 0.001, 0.000, 0.002]"
2806,112.24,112.28,silence,0.002129219938069582,,[],Leeseo,"[0.000, 0.000, 0.000, 0.000, 0.000, 0.965, 0.000]",,[],"[0.420, 0.000, 0.015, 0.000, 0.000, 0.001, 0.000, 0.002]"
2807,112.28,112.32,Gaeul,0.5960084199905396,Gaeul,[0.596],Leeseo,"[0.000, 0.000, 0.000, 0.000, 0.000, 0.916, 0.000]",,[],"[0.596, 0.000, 0.006, 0.000, 0.000, 0.001, 0.000, 0.002]"
2808,112.32,112.36,Gaeul,0.7461931705474854,Gaeul,[0.746],Leeseo,"[0.000, 0.000, 0.000, 0.000, 0.000, 0.810, 0.000]",,[],"[0.746, 0.000, 0.003, 0.000, 0.000, 0.001, 0.000, 0.001]"
2809,112.36,112.4,Gaeul,0.851394772529602,Gaeul,[0.851],Leeseo,"[0.000, 0.000, 0.000, 0.000, 0.000, 0.620, 0.000]",,[],"[0.851, 0.000, 0.001, 0.000, 0.000, 0.000, 0.000, 0.001]"
2810,112.4,112.44,Gaeul,0.915912389755249,Gaeul,[0.916],,[],,[],"[0.916, 0.000, 0.001, 0.000, 0.000, 0.000, 0.000, 0.001]"
2811,112.44,112.48,Gaeul,0.9527657628059387,Gaeul,[0.953],,[],,[],"[0.953, 0.000, 0.000, 0.000, 0.000, 0.000, 0.000, 0.001]"
2812,112.48,112.52,Gaeul,0.9732354283332825,Gaeul,[0.973],,[],,[],"[0.973, 0.000, 0.000, 0.000, 0.000, 0.000, 0.000, 0.000]"
2813,112.52,112.56,Gaeul,0.9845798015594482,Gaeul,[0.985],,[],,[],"[0.985, 0.000, 0.000, 0.000, 0.000, 0.000, 0.000, 0.000]"
2814,112.56,112.6,Gaeul,0.990943968296051,Gaeul,[0.991],,[],,[],"[0.991, 0.000, 0.000, 0.000, 0.000, 0.000, 0.000, 0.000]"
2815,112.6,112.64,Gaeul,0.9945800304412842,Gaeul,[0.995],,[],,[],"[0.995, 0.000, 0.000, 0.000, 0.000, 0.000, 0.000, 0.000]"
2816,112.64,112.68,Gaeul,0.9966946840286255,Gaeul,[0.997],,[],,[],"[0.997, 0.000, 0.000, 0.000, 0.000, 0.000, 0.000, 0.000]"
2817,112.68,112.72,Gaeul,0.9979464411735535,Gaeul,[0.998],,[],,[],"[0.998, 0.000, 0.000, 0.000, 0.000, 0.000, 0.000, 0.000]"
2818,112.72,112.76,Gaeul,0.9987024068832397,Gaeul,[0.999],,[],,[],"[0.999, 0.000, 0.000, 0.000, 0.000, 0.000, 0.000, 0.000]"
2819,112.76,112.8,Gaeul,0.9991669654846191,Gaeul,[0.999],,[],,[],"[0.999, 0.000, 0.000, 0.000, 0.000, 0.000, 0.000, 0.000]"
2820,112.8,112.84,Gaeul,0.9994578957557678,Gaeul,[0.999],,[],,[],"[0.999, 0.000, 0.000, 0.000, 0.000, 0.000, 0.000, 0.000]"
2821,112.84,112.88,Gaeul,0.999643087387085,Gaeul,[1.000],,[],,[],"[1.000, 0.000, 0.000, 0.000, 0.000, 0.000, 0.000, 0.000]"
2822,112.88,112.92,Gaeul,0.9997633099555969,Gaeul,[1.000],,[],,[],"[1.000, 0.000, 0.000, 0.000, 0.000, 0.000, 0.000, 0.000]"
2823,112.92,112.96,Gaeul,0.9998425245285034,Gaeul,[1.000],,[],,[],"[1.000, 0.000, 0.000, 0.000, 0.000, 0.000, 0.000, 0.000]"
2824,112.96,113.0,Gaeul,0.9998953342437744,Gaeul,[1.000],,[],,[],"[1.000, 0.000, 0.000, 0.000, 0.000, 0.000, 0.000, 0.000]"
2825,113.0,113.04,Gaeul,0.999930739402771,Gaeul,[1.000],,[],,[],"[1.000, 0.000, 0.000, 0.000, 0.000, 0.000, 0.000, 0.000]"
2826,113.04,113.08,Gaeul,0.9999544620513916,Gaeul,[1.000],,[],,[],"[1.000, 0.000, 0.000, 0.000, 0.000, 0.000, 0.000, 0.000]"
2827,113.08,113.12,Gaeul,0.9999703168869019,Gaeul,[1.000],,[],,[],"[1.000, 0.000, 0.000, 0.000, 0.000, 0.000, 0.000, 0.000]"
2828,113.12,113.16,Gaeul,0.9999808073043823,Gaeul,[1.000],,[],,[],"[1.000, 0.000, 0.000, 0.000, 0.000, 0.000, 0.000, 0.000]"
2829,113.16,113.2,Gaeul,0.9999876022338867,Gaeul,[1.000],,[],,[],"[1.000, 0.000, 0.000, 0.000, 0.000, 0.000, 0.000, 0.000]"
2830,113.2,113.24,Gaeul,0.9999921321868896,Gaeul,[1.000],,[],,[],"[1.000, 0.000, 0.000, 0.000, 0.000, 0.000, 0.000, 0.000]"
2831,113.24,113.28,Gaeul,0.9999949932098389,Gaeul,[1.000],,[],,[],"[1.000, 0.000, 0.000, 0.000, 0.000, 0.000, 0.000, 0.000]"
2832,113.28,113.32,Gaeul,0.9999967813491821,Gaeul,[1.000],,[],,[],"[1.000, 0.000, 0.000, 0.000, 0.000, 0.000, 0.000, 0.000]"
2833,113.32,113.36,Gaeul,0.9999979734420776,Gaeul,[1.000],,[],,[],"[1.000, 0.000, 0.000, 0.000, 0.000, 0.000, 0.000, 0.000]"
2834,113.36,113.4,Gaeul,0.9999986886978149,Gaeul,[1.000],,[],,[],"[1.000, 0.000, 0.000, 0.000, 0.000, 0.000, 0.000, 0.000]"
2835,113.4,113.44,Gaeul,0.9999991655349731,Gaeul,[1.000],,[],,[],"[1.000, 0.000, 0.000, 0.000, 0.000, 0.000, 0.000, 0.000]"
2836,113.44,113.48,Gaeul,0.9999994039535522,Gaeul,[1.000],,[],,[],"[1.000, 0.000, 0.000, 0.000, 0.000, 0.000, 0.000, 0.000]"
2837,113.48,113.52,Gaeul,0.9999996423721313,Gaeul,[1.000],,[],,[],"[1.000, 0.000, 0.000, 0.000, 0.000, 0.000, 0.000, 0.000]"
2838,113.52,113.56,Gaeul,0.9999997615814209,Gaeul,[1.000],,[],,[],"[1.000, 0.000, 0.000, 0.000, 0.000, 0.000, 0.000, 0.000]"
2839,113.56,113.6,Gaeul,0.9999997615814209,Gaeul,[1.000],,[],,[],"[1.000, 0.000, 0.000, 0.000, 0.000, 0.000, 0.000, 0.000]"
2840,113.6,113.64,Gaeul,0.9999998807907104,Gaeul,[1.000],,[],,[],"[1.000, 0.000, 0.000, 0.000, 0.000, 0.000, 0.000, 0.000]"
2841,113.64,113.68,Gaeul,0.9999998807907104,Gaeul,[1.000],,[],,[],"[1.000, 0.000, 0.000, 0.000, 0.000, 0.000, 0.000, 0.000]"
2842,113.68,113.72,Gaeul,0.9999998807907104,Gaeul,[1.000],,[],,[],"[1.000, 0.000, 0.000, 0.000, 0.000, 0.000, 0.000, 0.000]"
2843,113.72,113.76,Gaeul,0.9999998807907104,Gaeul,[1.000],,[],,[],"[1.000, 0.000, 0.000, 0.000, 0.000, 0.000, 0.000, 0.000]"
2844,113.76,113.8,Gaeul,0.9999998807907104,Gaeul,[1.000],,[],,[],"[1.000, 0.000, 0.000, 0.000, 0.000, 0.000, 0.000, 0.000]"
2845,113.8,113.84,Gaeul,0.9999998807907104,Gaeul,[1.000],,[],,[],"[1.000, 0.000, 0.000, 0.000, 0.000, 0.000, 0.000, 0.000]"
2846,113.84,113.88,Gaeul,0.9999998807907104,Gaeul,[1.000],,[],,[],"[1.000, 0.000, 0.000, 0.000, 0.000, 0.000, 0.000, 0.000]"
2847,113.88,113.92,Gaeul,0.9999998807907104,Gaeul,[1.000],,[],,[],"[1.000, 0.000, 0.000, 0.000, 0.000, 0.000, 0.000, 0.000]"
2848,113.92,113.96,Gaeul,0.9999998807907104,Gaeul,[1.000],,[],,[],"[1.000, 0.000, 0.000, 0.000, 0.000, 0.000, 0.000, 0.000]"
2849,113.96,114.0,Gaeul,0.9999998807907104,Gaeul,[1.000],,[],,[],"[1.000, 0.000, 0.000, 0.000, 0.000, 0.000, 0.000, 0.000]"
2850,114.0,114.04,Gaeul,0.9999998807907104,Gaeul,[1.000],,[],,[],"[1.000, 0.000, 0.000, 0.000, 0.000, 0.000, 0.000, 0.000]"
2851,114.04,114.08,Gaeul,0.9999998807907104,Gaeul,[1.000],,[],,[],"[1.000, 0.000, 0.000, 0.000, 0.000, 0.000, 0.000, 0.000]"
2852,114.08,114.12,Gaeul,0.9999998807907104,Gaeul,[1.000],,[],,[],"[1.000, 0.000, 0.000, 0.000, 0.000, 0.000, 0.000, 0.000]"
2853,114.12,114.16,Gaeul,0.9999998807907104,Gaeul,[1.000],,[],,[],"[1.000, 0.000, 0.000, 0.000, 0.000, 0.000, 0.000, 0.000]"
2854,114.16,114.2,Gaeul,0.9999998807907104,Gaeul,[1.000],,[],,[],"[1.000, 0.000, 0.000, 0.000, 0.000, 0.000, 0.000, 0.000]"
2855,114.2,114.24,Gaeul,0.9999998807907104,Gaeul,[1.000],,[],,[],"[1.000, 0.000, 0.000, 0.000, 0.000, 0.000, 0.000, 0.000]"
2856,114.24,114.28,Gaeul,0.9999997615814209,Gaeul,[1.000],,[],,[],"[1.000, 0.000, 0.000, 0.000, 0.000, 0.000, 0.000, 0.000]"
2857,114.28,114.32,Gaeul,0.9999997615814209,Gaeul,[1.000],,[],,[],"[1.000, 0.000, 0.000, 0.000, 0.000, 0.000, 0.000, 0.000]"
2858,114.32,114.36,Gaeul,0.9999996423721313,Gaeul,[1.000],,[],,[],"[1.000, 0.000, 0.000, 0.000, 0.000, 0.000, 0.000, 0.000]"
2859,114.36,114.4,Gaeul,0.9999995231628418,Gaeul,[1.000],,[],,[],"[1.000, 0.000, 0.000, 0.000, 0.000, 0.000, 0.000, 0.000]"
2860,114.4,114.44,Gaeul,0.9999992847442627,Gaeul,[1.000],,[],,[],"[1.000, 0.000, 0.000, 0.000, 0.000, 0.000, 0.000, 0.000]"
2861,114.44,114.48,Gaeul,0.999998927116394,Gaeul,[1.000],,[],,[],"[1.000, 0.000, 0.000, 0.000, 0.000, 0.000, 0.000, 0.000]"
2862,114.48,114.52,Gaeul,0.9999984502792358,Gaeul,[1.000],,[],,[],"[1.000, 0.000, 0.000, 0.000, 0.000, 0.000, 0.000, 0.000]"
2863,114.52,114.56,Gaeul,0.9999973773956299,Gaeul,[1.000],,[],,[],"[1.000, 0.000, 0.000, 0.000, 0.000, 0.000, 0.000, 0.000]"
2864,114.56,114.6,Gaeul,0.9999955892562866,Gaeul,[1.000],,[],,[],"[1.000, 0.000, 0.000, 0.000, 0.000, 0.000, 0.000, 0.000]"
2865,114.6,114.64,Gaeul,0.9999922513961792,Gaeul,[1.000],,[],,[],"[1.000, 0.000, 0.000, 0.000, 0.000, 0.000, 0.000, 0.000]"
2866,114.64,114.68,Gaeul,0.9999860525131226,Gaeul,[1.000],,[],,[],"[1.000, 0.000, 0.000, 0.000, 0.000, 0.000, 0.000, 0.000]"
2867,114.68,114.72,Gaeul,0.9999736547470093,Gaeul,[1.000],,[],,[],"[1.000, 0.000, 0.000, 0.000, 0.000, 0.000, 0.000, 0.000]"
2868,114.72,114.76,Gaeul,0.9999486207962036,Gaeul,[1.000],,[],,[],"[1.000, 0.000, 0.000, 0.000, 0.000, 0.000, 0.000, 0.000]"
2869,114.76,114.8,Gaeul,0.9998962879180908,Gaeul,[1.000],,[],,[],"[1.000, 0.000, 0.000, 0.000, 0.000, 0.000, 0.000, 0.000]"
2870,114.8,114.84,Gaeul,0.9997840523719788,Gaeul,[1.000],,[],,[],"[1.000, 0.000, 0.000, 0.000, 0.000, 0.000, 0.000, 0.000]"
2871,114.84,114.88,Gaeul,0.9995375871658325,Gaeul,[1.000],,[],,[],"[1.000, 0.000, 0.000, 0.000, 0.000, 0.000, 0.000, 0.000]"
2872,114.88,114.92,Gaeul,0.9989812970161438,Gaeul,[0.999],,[],,[],"[0.999, 0.000, 0.000, 0.000, 0.000, 0.000, 0.000, 0.000]"
2873,114.92,114.96,Gaeul,0.9976929426193237,Gaeul,[0.998],,[],,[],"[0.998, 0.000, 0.000, 0.000, 0.000, 0.000, 0.000, 0.000]"
2874,114.96,115.0,Gaeul,0.9946439266204834,Gaeul,[0.995],,[],,[],"[0.995, 0.000, 0.000, 0.000, 0.000, 0.000, 0.000, 0.000]"
2875,115.0,115.04,Gaeul,0.9873329997062683,Gaeul,[0.987],,[],,[],"[0.987, 0.000, 0.000, 0.000, 0.000, 0.000, 0.000, 0.000]"
2876,115.04,115.08,Gaeul,0.9698342084884644,Gaeul,[0.970],,[],,[],"[0.970, 0.000, 0.000, 0.000, 0.000, 0.000, 0.000, 0.000]"
2877,115.08,115.12,Gaeul,0.9290533065795898,Gaeul,[0.929],,[],,[],"[0.929, 0.000, 0.000, 0.000, 0.000, 0.000, 0.000, 0.000]"
2878,115.12,115.16,Gaeul,0.8415700793266296,Gaeul,[0.842],,[],,[],"[0.842, 0.000, 0.000, 0.000, 0.000, 0.000, 0.000, 0.000]"
2879,115.16,115.2,Gaeul,0.6840736269950867,Gaeul,[0.684],,[],,[],"[0.684, 0.000, 0.001, 0.000, 0.000, 0.000, 0.000, 0.000]"
2880,115.2,115.24,silence,0.0005247661028988659,,[],,[],,[],"[0.472, 0.000, 0.003, 0.000, 0.000, 0.000, 0.000, 0.001]"
2881,115.24,115.28,silence,0.000658827368170023,,[],,[],,[],"[0.274, 0.000, 0.010, 0.000, 0.000, 0.000, 0.000, 0.001]"
2882,115.28,115.32,silence,0.0008133127703331411,,[],,[],,[],"[0.140, 0.000, 0.027, 0.000, 0.000, 0.000, 0.000, 0.001]"
2883,115.32,115.36,silence,0.000986519386060536,,[],,[],,[],"[0.068, 0.000, 0.071, 0.000, 0.000, 0.000, 0.000, 0.001]"
2884,115.36,115.4,silence,0.0011736315209418535,,[],,[],,[],"[0.033, 0.000, 0.165, 0.000, 0.000, 0.000, 0.000, 0.001]"
2885,115.4,115.44,silence,0.0013667229795828462,,[],,[],,[],"[0.016, 0.000, 0.326, 0.000, 0.000, 0.000, 0.000, 0.001]"
2886,115.44,115.48,Rei,0.5263023376464844,Rei,[0.526],,[],,[],"[0.009, 0.000, 0.526, 0.000, 0.000, 0.000, 0.000, 0.002]"
2887,115.48,115.52,Rei,0.7062349915504456,Rei,[0.706],,[],,[],"[0.005, 0.000, 0.706, 0.000, 0.000, 0.000, 0.000, 0.002]"
2888,115.52,115.56,Rei,0.8297727704048157,Rei,[0.830],,[],,[],"[0.003, 0.000, 0.830, 0.000, 0.000, 0.000, 0.000, 0.002]"
2889,115.56,115.6,Rei,0.9023247957229614,Rei,[0.902],,[],,[],"[0.002, 0.000, 0.902, 0.000, 0.000, 0.000, 0.000, 0.002]"
2890,115.6,115.64,Rei,0.9423763155937195,Rei,[0.942],,[],,[],"[0.001, 0.000, 0.942, 0.000, 0.000, 0.000, 0.000, 0.002]"
2891,115.64,115.68,Rei,0.9644235372543335,Rei,[0.964],,[],,[],"[0.001, 0.000, 0.964, 0.000, 0.000, 0.000, 0.000, 0.002]"
2892,115.68,115.72,Rei,0.9768826961517334,Rei,[0.977],,[],,[],"[0.001, 0.000, 0.977, 0.000, 0.000, 0.000, 0.000, 0.002]"
2893,115.72,115.76,Rei,0.9842103719711304,Rei,[0.984],,[],,[],"[0.000, 0.000, 0.984, 0.000, 0.001, 0.000, 0.000, 0.002]"
2894,115.76,115.8,Rei,0.9887102246284485,Rei,[0.989],Leeseo,"[0.000, 0.000, 0.000, 0.000, 0.000, 0.513, 0.000]",,[],"[0.000, 0.000, 0.989, 0.000, 0.001, 0.000, 0.000, 0.002]"
2895,115.8,115.84,Rei,0.9915550351142883,Rei,[0.992],Leeseo,"[0.000, 0.000, 0.000, 0.000, 0.000, 0.605, 0.000]",,[],"[0.000, 0.000, 0.992, 0.000, 0.001, 0.000, 0.000, 0.002]"
2896,115.84,115.88,Rei,0.993377149105072,Rei,[0.993],Leeseo,"[0.000, 0.000, 0.000, 0.000, 0.000, 0.683, 0.000]",,[],"[0.000, 0.000, 0.993, 0.000, 0.002, 0.000, 0.000, 0.002]"
2897,115.88,115.92,Rei,0.9945527911186218,Rei,[0.995],Leeseo,"[0.000, 0.000, 0.000, 0.000, 0.000, 0.743, 0.000]",,[],"[0.000, 0.000, 0.995, 0.000, 0.002, 0.000, 0.000, 0.001]"
2898,115.92,115.96,Rei,0.9953124523162842,Rei,[0.995],Leeseo,"[0.000, 0.000, 0.000, 0.000, 0.000, 0.790, 0.000]",,[],"[0.000, 0.000, 0.995, 0.000, 0.003, 0.000, 0.000, 0.001]"
2899,115.96,116.0,Rei,0.9957922697067261,Rei,[0.996],Leeseo,"[0.000, 0.000, 0.000, 0.000, 0.000, 0.823, 0.000]",,[],"[0.000, 0.000, 0.996, 0.000, 0.004, 0.000, 0.000, 0.001]"
2900,116.0,116.04,Rei,0.9960647225379944,Rei,[0.996],Leeseo,"[0.000, 0.000, 0.000, 0.000, 0.000, 0.847, 0.000]",,[],"[0.000, 0.000, 0.996, 0.000, 0.006, 0.000, 0.000, 0.001]"
2901,116.04,116.08,Rei,0.9961667656898499,Rei,[0.996],Leeseo,"[0.000, 0.000, 0.000, 0.000, 0.000, 0.862, 0.000]",,[],"[0.000, 0.000, 0.996, 0.000, 0.007, 0.000, 0.000, 0.001]"
2902,116.08,116.12,Rei,0.9961113333702087,Rei,[0.996],Leeseo,"[0.000, 0.000, 0.000, 0.000, 0.000, 0.870, 0.000]",,[],"[0.000, 0.000, 0.996, 0.000, 0.009, 0.000, 0.000, 0.001]"
2903,116.12,116.16,Rei,0.9958938360214233,Rei,[0.996],Leeseo,"[0.000, 0.000, 0.000, 0.000, 0.000, 0.871, 0.000]",,[],"[0.000, 0.000, 0.996, 0.000, 0.010, 0.000, 0.000, 0.001]"
2904,116.16,116.2,Rei,0.9954845905303955,Rei,[0.995],Leeseo,"[0.000, 0.000, 0.000, 0.000, 0.000, 0.865, 0.000]",,[],"[0.000, 0.000, 0.995, 0.000, 0.012, 0.000, 0.000, 0.001]"
2905,116.2,116.24,Rei,0.9948322772979736,Rei,[0.995],Leeseo,"[0.000, 0.000, 0.000, 0.000, 0.000, 0.851, 0.000]",,[],"[0.000, 0.000, 0.995, 0.000, 0.013, 0.000, 0.000, 0.001]"
2906,116.24,116.28,Rei,0.9938390851020813,Rei,[0.994],Leeseo,"[0.000, 0.000, 0.000, 0.000, 0.000, 0.828, 0.000]",,[],"[0.000, 0.000, 0.994, 0.000, 0.014, 0.000, 0.000, 0.001]"
2907,116.28,116.32,Rei,0.9923412799835205,Rei,[0.992],Leeseo,"[0.000, 0.000, 0.000, 0.000, 0.000, 0.794, 0.000]",,[],"[0.000, 0.000, 0.992, 0.000, 0.015, 0.000, 0.000, 0.002]"
2908,116.32,116.36,Rei,0.99009108543396,Rei,[0.990],Leeseo,"[0.000, 0.000, 0.000, 0.000, 0.000, 0.746, 0.000]",,[],"[0.000, 0.000, 0.990, 0.000, 0.015, 0.000, 0.000, 0.002]"
2909,116.36,116.4,Rei,0.9866551160812378,Rei,[0.987],Leeseo,"[0.000, 0.000, 0.000, 0.000, 0.000, 0.680, 0.000]",,[],"[0.000, 0.000, 0.987, 0.000, 0.015, 0.000, 0.000, 0.002]"
2910,116.4,116.44,Rei,0.9812921285629272,Rei,[0.981],Leeseo,"[0.000, 0.000, 0.000, 0.000, 0.000, 0.596, 0.000]",,[],"[0.000, 0.000, 0.981, 0.000, 0.014, 0.000, 0.000, 0.002]"
2911,116.44,116.48,Rei,0.9728047251701355,Rei,[0.973],Leeseo,"[0.000, 0.000, 0.000, 0.000, 0.000, 0.497, 0.000]",,[],"[0.000, 0.000, 0.973, 0.000, 0.014, 0.000, 0.000, 0.003]"
2912,116.48,116.52,Rei,0.9591167569160461,Rei,[0.959],,[],,[],"[0.000, 0.000, 0.959, 0.000, 0.013, 0.000, 0.000, 0.003]"
2913,116.52,116.56,Rei,0.9366368055343628,Rei,[0.937],,[],,[],"[0.000, 0.000, 0.937, 0.000, 0.011, 0.000, 0.000, 0.004]"
2914,116.56,116.6,Rei,0.8994236588478088,Rei,[0.899],,[],,[],"[0.000, 0.000, 0.899, 0.000, 0.010, 0.000, 0.000, 0.006]"
2915,116.6,116.64,Rei,0.8385576009750366,Rei,[0.839],,[],,[],"[0.000, 0.000, 0.839, 0.000, 0.009, 0.000, 0.000, 0.008]"
2916,116.64,116.68,Rei,0.7435100078582764,Rei,[0.744],,[],,[],"[0.000, 0.000, 0.744, 0.000, 0.008, 0.000, 0.000, 0.010]"
2917,116.68,116.72,Rei,0.6090635657310486,Rei,[0.609],,[],,[],"[0.000, 0.000, 0.609, 0.000, 0.006, 0.000, 0.000, 0.014]"
2918,116.72,116.76,silence,0.02071230113506317,,[],,[],,[],"[0.000, 0.000, 0.447, 0.000, 0.005, 0.000, 0.000, 0.021]"
2919,116.76,116.8,silence,0.030084269121289253,,[],,[],,[],"[0.000, 0.000, 0.289, 0.000, 0.004, 0.000, 0.000, 0.030]"
2920,116.8,116.84,silence,0.04414548724889755,,[],,[],,[],"[0.000, 0.000, 0.167, 0.000, 0.004, 0.000, 0.000, 0.044]"
2921,116.84,116.88,silence,0.0651036724448204,,[],,[],,[],"[0.000, 0.000, 0.088, 0.000, 0.003, 0.000, 0.000, 0.065]"
2922,116.88,116.92,silence,0.09584959596395493,,[],,[],,[],"[0.000, 0.000, 0.044, 0.000, 0.002, 0.000, 0.000, 0.096]"
2923,116.92,116.96,silence,0.13977499306201935,,[],,[],,[],"[0.000, 0.000, 0.021, 0.000, 0.002, 0.000, 0.000, 0.140]"
2924,116.96,117.0,silence,0.19985727965831757,,[],,[],,[],"[0.000, 0.000, 0.010, 0.000, 0.001, 0.000, 0.000, 0.200]"
2925,117.0,117.04,silence,0.2768819332122803,,[],,[],,[],"[0.000, 0.000, 0.005, 0.000, 0.001, 0.000, 0.000, 0.277]"
2926,117.04,117.08,silence,0.3677692711353302,,[],,[],,[],"[0.000, 0.000, 0.002, 0.000, 0.001, 0.000, 0.000, 0.368]"
2927,117.08,117.12,silence,0.4654512405395508,,[],,[],,[],"[0.000, 0.000, 0.001, 0.000, 0.001, 0.000, 0.000, 0.465]"
2928,117.12,117.16,silence,0.5608330965042114,silence,[0.561],,[],,[],"[0.000, 0.000, 0.001, 0.000, 0.001, 0.000, 0.000, 0.561]"
2929,117.16,117.2,silence,0.6461133360862732,silence,[0.646],,[],,[],"[0.000, 0.000, 0.000, 0.000, 0.000, 0.000, 0.000, 0.646]"
2930,117.2,117.24,silence,0.7169284820556641,silence,[0.717],,[],,[],"[0.000, 0.000, 0.000, 0.000, 0.000, 0.000, 0.000, 0.717]"
2931,117.24,117.28,silence,0.7724196314811707,silence,[0.772],,[],,[],"[0.000, 0.000, 0.000, 0.000, 0.000, 0.000, 0.000, 0.772]"
2932,117.28,117.32,silence,0.8140409588813782,silence,[0.814],,[],,[],"[0.000, 0.000, 0.000, 0.000, 0.000, 0.000, 0.000, 0.814]"
2933,117.32,117.36,silence,0.8441514372825623,silence,[0.844],,[],,[],"[0.000, 0.000, 0.000, 0.000, 0.000, 0.000, 0.000, 0.844]"
2934,117.36,117.4,silence,0.8652113080024719,silence,[0.865],,[],,[],"[0.000, 0.000, 0.000, 0.000, 0.000, 0.000, 0.000, 0.865]"
2935,117.4,117.44,silence,0.8791444301605225,silence,[0.879],,[],,[],"[0.000, 0.000, 0.000, 0.000, 0.000, 0.000, 0.000, 0.879]"
2936,117.44,117.48,silence,0.8873494863510132,silence,[0.887],,[],,[],"[0.000, 0.000, 0.000, 0.000, 0.000, 0.000, 0.000, 0.887]"
2937,117.48,117.52,silence,0.8907405734062195,silence,[0.891],,[],,[],"[0.000, 0.000, 0.000, 0.000, 0.000, 0.000, 0.000, 0.891]"
2938,117.52,117.56,silence,0.8897196650505066,silence,[0.890],,[],,[],"[0.000, 0.000, 0.000, 0.000, 0.000, 0.000, 0.000, 0.890]"
2939,117.56,117.6,silence,0.8842687010765076,silence,[0.884],,[],,[],"[0.000, 0.000, 0.000, 0.000, 0.000, 0.000, 0.000, 0.884]"
2940,117.6,117.64,silence,0.8740506768226624,silence,[0.874],,[],,[],"[0.000, 0.000, 0.000, 0.000, 0.000, 0.000, 0.000, 0.874]"
2941,117.64,117.68,silence,0.8583249449729919,silence,[0.858],,[],,[],"[0.000, 0.000, 0.000, 0.000, 0.001, 0.000, 0.000, 0.858]"
2942,117.68,117.72,silence,0.8359676599502563,silence,[0.836],,[],,[],"[0.000, 0.000, 0.000, 0.000, 0.001, 0.000, 0.000, 0.836]"
2943,117.72,117.76,silence,0.8056235313415527,silence,[0.806],,[],,[],"[0.000, 0.000, 0.000, 0.000, 0.001, 0.000, 0.000, 0.806]"
2944,117.76,117.8,silence,0.7659469842910767,silence,[0.766],,[],,[],"[0.000, 0.000, 0.000, 0.000, 0.002, 0.000, 0.000, 0.766]"
2945,117.8,117.84,silence,0.7159716486930847,silence,[0.716],,[],,[],"[0.000, 0.000, 0.000, 0.000, 0.003, 0.000, 0.000, 0.716]"
2946,117.84,117.88,silence,0.6554726362228394,silence,[0.655],,[],,[],"[0.000, 0.000, 0.000, 0.000, 0.004, 0.000, 0.000, 0.655]"
2947,117.88,117.92,silence,0.5854535698890686,silence,[0.585],,[],,[],"[0.000, 0.000, 0.000, 0.000, 0.007, 0.000, 0.001, 0.585]"
2948,117.92,117.96,silence,0.5088304877281189,silence,[0.509],,[],,[],"[0.000, 0.000, 0.000, 0.000, 0.011, 0.000, 0.001, 0.509]"
2949,117.96,118.0,silence,0.43012353777885437,,[],,[],,[],"[0.000, 0.000, 0.000, 0.000, 0.019, 0.000, 0.001, 0.430]"
2950,118.0,118.04,silence,0.3542167842388153,,[],,[],,[],"[0.000, 0.001, 0.000, 0.000, 0.031, 0.000, 0.002, 0.354]"
2951,118.04,118.08,silence,0.2852858006954193,,[],,[],,[],"[0.000, 0.001, 0.000, 0.000, 0.052, 0.000, 0.003, 0.285]"
2952,118.08,118.12,silence,0.22608257830142975,,[],,[],,[],"[0.000, 0.002, 0.000, 0.001, 0.086, 0.000, 0.004, 0.226]"
2953,118.12,118.16,silence,0.177422434091568,,[],,[],,[],"[0.000, 0.003, 0.000, 0.001, 0.136, 0.000, 0.006, 0.177]"
2954,118.16,118.2,silence,0.13876239955425262,,[],,[],,[],"[0.000, 0.005, 0.000, 0.001, 0.208, 0.000, 0.009, 0.139]"
2955,118.2,118.24,silence,0.10881422460079193,,[],,[],,[],"[0.000, 0.007, 0.000, 0.002, 0.301, 0.000, 0.013, 0.109]"
2956,118.24,118.28,silence,0.0860217809677124,,[],,[],,[],"[0.001, 0.011, 0.000, 0.003, 0.407, 0.000, 0.017, 0.086]"
2957,118.28,118.32,silence,0.0689152255654335,,[],,[],,[],"[0.001, 0.016, 0.000, 0.004, 0.515, 0.000, 0.021, 0.069]"
2958,118.32,118.36,Liz,0.612328290939331,Liz,[0.612],,[],,[],"[0.001, 0.023, 0.000, 0.005, 0.612, 0.000, 0.026, 0.056]"
2959,118.36,118.4,Liz,0.6924769878387451,Liz,[0.692],,[],,[],"[0.002, 0.031, 0.000, 0.006, 0.692, 0.001, 0.031, 0.047]"
2960,118.4,118.44,Liz,0.7540086507797241,Liz,[0.754],,[],,[],"[0.003, 0.040, 0.001, 0.008, 0.754, 0.001, 0.034, 0.040]"
2961,118.44,118.48,Liz,0.7984076142311096,Liz,[0.798],Liz,"[0.000, 0.000, 0.000, 0.000, 0.487, 0.013, 0.000]",,[],"[0.004, 0.050, 0.001, 0.010, 0.798, 0.001, 0.037, 0.035]"
2962,118.48,118.52,Liz,0.8288663029670715,Liz,[0.829],Liz,"[0.000, 0.000, 0.000, 0.000, 0.522, 0.019, 0.000]",,[],"[0.006, 0.059, 0.001, 0.012, 0.829, 0.001, 0.039, 0.032]"
2963,118.52,118.56,Liz,0.8483102917671204,Liz,[0.848],Liz,"[0.000, 0.000, 0.000, 0.000, 0.546, 0.025, 0.000]",,[],"[0.007, 0.067, 0.001, 0.014, 0.848, 0.001, 0.039, 0.030]"
2964,118.56,118.6,Liz,0.8591219186782837,Liz,[0.859],Liz,"[0.000, 0.000, 0.000, 0.000, 0.560, 0.032, 0.000]",,[],"[0.009, 0.072, 0.001, 0.016, 0.859, 0.001, 0.038, 0.030]"
2965,118.6,118.64,Liz,0.8630815148353577,Liz,[0.863],Liz,"[0.000, 0.000, 0.000, 0.000, 0.564, 0.040, 0.000]",,[],"[0.010, 0.074, 0.002, 0.017, 0.863, 0.001, 0.037, 0.030]"
2966,118.64,118.68,Liz,0.8609830737113953,Liz,[0.861],Liz,"[0.000, 0.000, 0.000, 0.000, 0.560, 0.047, 0.000]",,[],"[0.011, 0.072, 0.002, 0.018, 0.861, 0.001, 0.034, 0.031]"
2967,118.68,118.72,Liz,0.8529462814331055,Liz,[0.853],Liz,"[0.000, 0.000, 0.000, 0.000, 0.546, 0.054, 0.000]",,[],"[0.012, 0.067, 0.002, 0.018, 0.853, 0.001, 0.032, 0.034]"
2968,118.72,118.76,Liz,0.8385328650474548,Liz,[0.839],Liz,"[0.000, 0.000, 0.000, 0.000, 0.525, 0.059, 0.000]",,[],"[0.012, 0.060, 0.002, 0.017, 0.839, 0.001, 0.029, 0.038]"
2969,118.76,118.8,Liz,0.8169894814491272,Liz,[0.817],Liz,"[0.000, 0.000, 0.000, 0.000, 0.495, 0.062, 0.000]",,[],"[0.012, 0.051, 0.002, 0.016, 0.817, 0.001, 0.026, 0.044]"
2970,118.8,118.84,Liz,0.7870206832885742,Liz,[0.787],Liz,"[0.000, 0.000, 0.000, 0.000, 0.456, 0.063, 0.000]",,[],"[0.011, 0.042, 0.002, 0.014, 0.787, 0.001, 0.023, 0.052]"
2971,118.84,118.88,Liz,0.7472215890884399,Liz,[0.747],,[],,[],"[0.010, 0.033, 0.002, 0.012, 0.747, 0.001, 0.020, 0.064]"
2972,118.88,118.92,Liz,0.696338415145874,Liz,[0.696],,[],,[],"[0.009, 0.025, 0.002, 0.010, 0.696, 0.001, 0.018, 0.079]"
2973,118.92,118.96,Liz,0.6339423656463623,Liz,[0.634],,[],,[],"[0.008, 0.019, 0.001, 0.008, 0.634, 0.001, 0.015, 0.099]"
2974,118.96,119.0,Liz,0.5614548921585083,Liz,[0.561],,[],,[],"[0.007, 0.013, 0.001, 0.006, 0.561, 0.001, 0.013, 0.125]"
2975,119.0,119.04,Liz,0.4818525016307831,Liz,[0.482],,[],,[],"[0.006, 0.009, 0.001, 0.004, 0.482, 0.001, 0.011, 0.158]"
2976,119.04,119.08,silence,0.19881467521190643,,[],,[],,[],"[0.005, 0.006, 0.001, 0.003, 0.400, 0.000, 0.009, 0.199]"
2977,119.08,119.12,silence,0.2473364621400833,,[],,[],,[],"[0.004, 0.004, 0.001, 0.002, 0.323, 0.000, 0.008, 0.247]"
2978,119.12,119.16,silence,0.30264610052108765,,[],,[],,[],"[0.003, 0.003, 0.001, 0.001, 0.254, 0.000, 0.007, 0.303]"
2979,119.16,119.2,silence,0.3625295162200928,,[],,[],,[],"[0.003, 0.002, 0.000, 0.001, 0.196, 0.000, 0.005, 0.363]"
2980,119.2,119.24,silence,0.4237072467803955,,[],,[],,[],"[0.002, 0.001, 0.000, 0.001, 0.150, 0.000, 0.005, 0.424]"
2981,119.24,119.28,silence,0.48253151774406433,,[],,[],,[],"[0.002, 0.001, 0.000, 0.000, 0.116, 0.000, 0.004, 0.483]"
2982,119.28,119.32,silence,0.5355037450790405,silence,[0.536],,[],,[],"[0.001, 0.000, 0.000, 0.000, 0.090, 0.000, 0.003, 0.536]"
2983,119.32,119.36,silence,0.5798911452293396,silence,[0.580],,[],,[],"[0.001, 0.000, 0.000, 0.000, 0.072, 0.000, 0.003, 0.580]"
2984,119.36,119.4,silence,0.6140562295913696,silence,[0.614],,[],,[],"[0.001, 0.000, 0.000, 0.000, 0.059, 0.000, 0.002, 0.614]"
2985,119.4,119.44,silence,0.6369192004203796,silence,[0.637],,[],,[],"[0.001, 0.000, 0.000, 0.000, 0.051, 0.000, 0.002, 0.637]"
2986,119.44,119.48,silence,0.6477943062782288,silence,[0.648],,[],,[],"[0.001, 0.000, 0.000, 0.000, 0.046, 0.000, 0.001, 0.648]"
2987,119.48,119.52,silence,0.646050214767456,silence,[0.646],,[],,[],"[0.001, 0.000, 0.000, 0.000, 0.044, 0.000, 0.001, 0.646]"
2988,119.52,119.56,silence,0.6306170225143433,silence,[0.631],,[],,[],"[0.001, 0.000, 0.000, 0.000, 0.044, 0.000, 0.001, 0.631]"
2989,119.56,119.6,silence,0.600266695022583,silence,[0.600],,[],,[],"[0.001, 0.000, 0.000, 0.000, 0.048, 0.000, 0.001, 0.600]"
2990,119.6,119.64,silence,0.5540605187416077,silence,[0.554],,[],,[],"[0.001, 0.000, 0.000, 0.000, 0.054, 0.000, 0.000, 0.554]"
2991,119.64,119.68,silence,0.49195078015327454,silence,[0.492],,[],,[],"[0.001, 0.000, 0.000, 0.000, 0.064, 0.000, 0.000, 0.492]"
2992,119.68,119.72,silence,0.4162232279777527,,[],,[],,[],"[0.001, 0.000, 0.000, 0.000, 0.081, 0.000, 0.000, 0.416]"
2993,119.72,119.76,silence,0.33241376280784607,,[],,[],,[],"[0.001, 0.000, 0.000, 0.000, 0.107, 0.000, 0.000, 0.332]"
2994,119.76,119.8,silence,0.2489621341228485,,[],,[],,[],"[0.002, 0.000, 0.000, 0.000, 0.147, 0.000, 0.000, 0.249]"
2995,119.8,119.84,silence,0.1746484637260437,,[],,[],,[],"[0.002, 0.000, 0.000, 0.000, 0.205, 0.000, 0.000, 0.175]"
2996,119.84,119.88,silence,0.11537957191467285,,[],,[],,[],"[0.002, 0.000, 0.000, 0.000, 0.287, 0.000, 0.000, 0.115]"
2997,119.88,119.92,silence,0.07252861559391022,,[],,[],,[],"[0.002, 0.000, 0.000, 0.000, 0.395, 0.000, 0.000, 0.073]"
2998,119.92,119.96,Liz,0.522436797618866,Liz,[0.522],,[],,[],"[0.002, 0.000, 0.000, 0.000, 0.522, 0.000, 0.000, 0.044]"
2999,119.96,120.0,Liz,0.6527759432792664,Liz,[0.653],,[],,[],"[0.002, 0.000, 0.000, 0.000, 0.653, 0.000, 0.000, 0.026]"
3000,120.0,120.04,Liz,0.7671769857406616,Liz,[0.767],,[],,[],"[0.002, 0.000, 0.000, 0.000, 0.767, 0.000, 0.000, 0.015]"
3001,120.04,120.08,Liz,0.8539515137672424,Liz,[0.854],,[],,[],"[0.002, 0.000, 0.000, 0.000, 0.854, 0.000, 0.000, 0.009]"
3002,120.08,120.12,Liz,0.9125240445137024,Liz,[0.913],,[],,[],"[0.002, 0.000, 0.000, 0.000, 0.913, 0.000, 0.000, 0.005]"
3003,120.12,120.16,Liz,0.9489086866378784,Liz,[0.949],,[],,[],"[0.002, 0.000, 0.000, 0.000, 0.949, 0.000, 0.000, 0.003]"
3004,120.16,120.2,Liz,0.9703792929649353,Liz,[0.970],,[],,[],"[0.002, 0.000, 0.000, 0.000, 0.970, 0.000, 0.000, 0.002]"
3005,120.2,120.24,Liz,0.9827216267585754,Liz,[0.983],,[],,[],"[0.002, 0.000, 0.000, 0.000, 0.983, 0.000, 0.000, 0.001]"
3006,120.24,120.28,Liz,0.989754855632782,Liz,[0.990],,[],,[],"[0.001, 0.000, 0.000, 0.000, 0.990, 0.000, 0.000, 0.001]"
3007,120.28,120.32,Liz,0.9937779903411865,Liz,[0.994],,[],,[],"[0.001, 0.000, 0.000, 0.000, 0.994, 0.000, 0.000, 0.001]"
3008,120.32,120.36,Liz,0.9961114525794983,Liz,[0.996],,[],,[],"[0.001, 0.000, 0.000, 0.000, 0.996, 0.000, 0.000, 0.000]"
3009,120.36,120.4,Liz,0.9974867105484009,Liz,[0.997],Leeseo,"[0.000, 0.000, 0.000, 0.000, 0.000, 0.481, 0.000]",,[],"[0.001, 0.000, 0.000, 0.000, 0.997, 0.000, 0.000, 0.000]"
3010,120.4,120.44,Liz,0.9983168840408325,Liz,[0.998],Leeseo,"[0.000, 0.000, 0.000, 0.000, 0.000, 0.483, 0.000]",,[],"[0.000, 0.000, 0.000, 0.000, 0.998, 0.000, 0.000, 0.000]"
3011,120.44,120.48,Liz,0.998832643032074,Liz,[0.999],Leeseo,"[0.000, 0.000, 0.000, 0.000, 0.000, 0.474, 0.000]",,[],"[0.000, 0.000, 0.000, 0.000, 0.999, 0.000, 0.000, 0.000]"
3012,120.48,120.52,Liz,0.9991624355316162,Liz,[0.999],Leeseo,"[0.000, 0.000, 0.000, 0.000, 0.000, 0.451, 0.000]",,[],"[0.000, 0.000, 0.000, 0.000, 0.999, 0.000, 0.000, 0.000]"
3013,120.52,120.56,Liz,0.9993796348571777,Liz,[0.999],,[],,[],"[0.000, 0.000, 0.000, 0.000, 0.999, 0.000, 0.000, 0.000]"
3014,120.56,120.6,Liz,0.9995265007019043,Liz,[1.000],,[],,[],"[0.000, 0.000, 0.000, 0.000, 1.000, 0.000, 0.000, 0.000]"
3015,120.6,120.64,Liz,0.9996280670166016,Liz,[1.000],,[],,[],"[0.000, 0.000, 0.000, 0.000, 1.000, 0.000, 0.000, 0.000]"
3016,120.64,120.68,Liz,0.9996999502182007,Liz,[1.000],,[],,[],"[0.000, 0.000, 0.000, 0.000, 1.000, 0.000, 0.000, 0.000]"
3017,120.68,120.72,Liz,0.9997517466545105,Liz,[1.000],,[],,[],"[0.000, 0.000, 0.000, 0.000, 1.000, 0.000, 0.000, 0.000]"
3018,120.72,120.76,Liz,0.9997897744178772,Liz,[1.000],,[],,[],"[0.000, 0.000, 0.000, 0.000, 1.000, 0.000, 0.000, 0.000]"
3019,120.76,120.8,Liz,0.9998182654380798,Liz,[1.000],,[],,[],"[0.000, 0.000, 0.000, 0.000, 1.000, 0.000, 0.000, 0.000]"
3020,120.8,120.84,Liz,0.9998401403427124,Liz,[1.000],,[],,[],"[0.000, 0.000, 0.000, 0.000, 1.000, 0.000, 0.000, 0.000]"
3021,120.84,120.88,Liz,0.9998573064804077,Liz,[1.000],,[],,[],"[0.000, 0.000, 0.000, 0.000, 1.000, 0.000, 0.000, 0.000]"
3022,120.88,120.92,Liz,0.9998713731765747,Liz,[1.000],,[],,[],"[0.000, 0.000, 0.000, 0.000, 1.000, 0.000, 0.000, 0.000]"
3023,120.92,120.96,Liz,0.9998835325241089,Liz,[1.000],,[],,[],"[0.000, 0.000, 0.000, 0.000, 1.000, 0.000, 0.000, 0.000]"
3024,120.96,121.0,Liz,0.9998941421508789,Liz,[1.000],,[],,[],"[0.000, 0.000, 0.000, 0.000, 1.000, 0.000, 0.000, 0.000]"
3025,121.0,121.04,Liz,0.9999040365219116,Liz,[1.000],,[],,[],"[0.000, 0.000, 0.000, 0.000, 1.000, 0.000, 0.000, 0.000]"
3026,121.04,121.08,Liz,0.9999130964279175,Liz,[1.000],,[],,[],"[0.000, 0.000, 0.000, 0.000, 1.000, 0.000, 0.000, 0.000]"
3027,121.08,121.12,Liz,0.999921441078186,Liz,[1.000],,[],,[],"[0.000, 0.000, 0.000, 0.000, 1.000, 0.000, 0.000, 0.000]"
3028,121.12,121.16,Liz,0.9999293088912964,Liz,[1.000],,[],,[],"[0.000, 0.000, 0.000, 0.000, 1.000, 0.000, 0.000, 0.000]"
3029,121.16,121.2,Liz,0.9999368190765381,Liz,[1.000],,[],,[],"[0.000, 0.000, 0.000, 0.000, 1.000, 0.000, 0.000, 0.000]"
3030,121.2,121.24,Liz,0.9999439716339111,Liz,[1.000],,[],,[],"[0.000, 0.000, 0.000, 0.000, 1.000, 0.000, 0.000, 0.000]"
3031,121.24,121.28,Liz,0.999950647354126,Liz,[1.000],,[],,[],"[0.000, 0.000, 0.000, 0.000, 1.000, 0.000, 0.000, 0.000]"
3032,121.28,121.32,Liz,0.9999567270278931,Liz,[1.000],,[],,[],"[0.000, 0.000, 0.000, 0.000, 1.000, 0.000, 0.000, 0.000]"
3033,121.32,121.36,Liz,0.999962329864502,Liz,[1.000],,[],,[],"[0.000, 0.000, 0.000, 0.000, 1.000, 0.000, 0.000, 0.000]"
3034,121.36,121.4,Liz,0.9999672174453735,Liz,[1.000],,[],,[],"[0.000, 0.000, 0.000, 0.000, 1.000, 0.000, 0.000, 0.000]"
3035,121.4,121.44,Liz,0.9999715089797974,Liz,[1.000],,[],,[],"[0.000, 0.000, 0.000, 0.000, 1.000, 0.000, 0.000, 0.000]"
3036,121.44,121.48,Liz,0.9999752044677734,Liz,[1.000],,[],,[],"[0.000, 0.000, 0.000, 0.000, 1.000, 0.000, 0.000, 0.000]"
3037,121.48,121.52,Liz,0.9999781847000122,Liz,[1.000],,[],,[],"[0.000, 0.000, 0.000, 0.000, 1.000, 0.000, 0.000, 0.000]"
3038,121.52,121.56,Liz,0.9999808073043823,Liz,[1.000],,[],,[],"[0.000, 0.000, 0.000, 0.000, 1.000, 0.000, 0.000, 0.000]"
3039,121.56,121.6,Liz,0.9999828338623047,Liz,[1.000],,[],,[],"[0.000, 0.000, 0.000, 0.000, 1.000, 0.000, 0.000, 0.000]"
3040,121.6,121.64,Liz,0.9999843835830688,Liz,[1.000],,[],,[],"[0.000, 0.000, 0.000, 0.000, 1.000, 0.000, 0.000, 0.000]"
3041,121.64,121.68,Liz,0.9999856948852539,Liz,[1.000],,[],,[],"[0.000, 0.000, 0.000, 0.000, 1.000, 0.000, 0.000, 0.000]"
3042,121.68,121.72,Liz,0.9999866485595703,Liz,[1.000],,[],,[],"[0.000, 0.000, 0.000, 0.000, 1.000, 0.000, 0.000, 0.000]"
3043,121.72,121.76,Liz,0.9999872446060181,Liz,[1.000],,[],,[],"[0.000, 0.000, 0.000, 0.000, 1.000, 0.000, 0.000, 0.000]"
3044,121.76,121.8,Liz,0.9999877214431763,Liz,[1.000],,[],,[],"[0.000, 0.000, 0.000, 0.000, 1.000, 0.000, 0.000, 0.000]"
3045,121.8,121.84,Liz,0.9999879598617554,Liz,[1.000],,[],,[],"[0.000, 0.000, 0.000, 0.000, 1.000, 0.000, 0.000, 0.000]"
3046,121.84,121.88,Liz,0.9999881982803345,Liz,[1.000],,[],,[],"[0.000, 0.000, 0.000, 0.000, 1.000, 0.000, 0.000, 0.000]"
3047,121.88,121.92,Liz,0.9999880790710449,Liz,[1.000],,[],,[],"[0.000, 0.000, 0.000, 0.000, 1.000, 0.000, 0.000, 0.000]"
3048,121.92,121.96,Liz,0.9999879598617554,Liz,[1.000],,[],,[],"[0.000, 0.000, 0.000, 0.000, 1.000, 0.000, 0.000, 0.000]"
3049,121.96,122.0,Liz,0.9999874830245972,Liz,[1.000],,[],,[],"[0.000, 0.000, 0.000, 0.000, 1.000, 0.000, 0.000, 0.000]"
3050,122.0,122.04,Liz,0.999987006187439,Liz,[1.000],,[],,[],"[0.000, 0.000, 0.000, 0.000, 1.000, 0.000, 0.000, 0.000]"
3051,122.04,122.08,Liz,0.9999862909317017,Liz,[1.000],,[],,[],"[0.000, 0.000, 0.000, 0.000, 1.000, 0.000, 0.000, 0.000]"
3052,122.08,122.12,Liz,0.9999854564666748,Liz,[1.000],,[],,[],"[0.000, 0.000, 0.000, 0.000, 1.000, 0.000, 0.000, 0.000]"
3053,122.12,122.16,Liz,0.9999845027923584,Liz,[1.000],,[],,[],"[0.000, 0.000, 0.000, 0.000, 1.000, 0.000, 0.000, 0.000]"
3054,122.16,122.2,Liz,0.9999833106994629,Liz,[1.000],,[],,[],"[0.000, 0.000, 0.000, 0.000, 1.000, 0.000, 0.000, 0.000]"
3055,122.2,122.24,Liz,0.9999819993972778,Liz,[1.000],,[],,[],"[0.000, 0.000, 0.000, 0.000, 1.000, 0.000, 0.000, 0.000]"
3056,122.24,122.28,Liz,0.9999803304672241,Liz,[1.000],,[],,[],"[0.000, 0.000, 0.000, 0.000, 1.000, 0.000, 0.000, 0.000]"
3057,122.28,122.32,Liz,0.9999783039093018,Liz,[1.000],,[],,[],"[0.000, 0.000, 0.000, 0.000, 1.000, 0.000, 0.000, 0.000]"
3058,122.32,122.36,Liz,0.9999758005142212,Liz,[1.000],,[],,[],"[0.000, 0.000, 0.000, 0.000, 1.000, 0.000, 0.000, 0.000]"
3059,122.36,122.4,Liz,0.999972939491272,Liz,[1.000],,[],,[],"[0.000, 0.000, 0.000, 0.000, 1.000, 0.000, 0.000, 0.000]"
3060,122.4,122.44,Liz,0.999969482421875,Liz,[1.000],,[],,[],"[0.000, 0.000, 0.000, 0.000, 1.000, 0.000, 0.000, 0.000]"
3061,122.44,122.48,Liz,0.9999655485153198,Liz,[1.000],,[],,[],"[0.000, 0.000, 0.000, 0.000, 1.000, 0.000, 0.000, 0.000]"
3062,122.48,122.52,Liz,0.9999610185623169,Liz,[1.000],,[],,[],"[0.000, 0.000, 0.000, 0.000, 1.000, 0.000, 0.000, 0.000]"
3063,122.52,122.56,Liz,0.9999558925628662,Liz,[1.000],,[],,[],"[0.000, 0.000, 0.000, 0.000, 1.000, 0.000, 0.000, 0.000]"
3064,122.56,122.6,Liz,0.9999502897262573,Liz,[1.000],,[],,[],"[0.000, 0.000, 0.000, 0.000, 1.000, 0.000, 0.000, 0.000]"
3065,122.6,122.64,Liz,0.9999440908432007,Liz,[1.000],,[],,[],"[0.000, 0.000, 0.000, 0.000, 1.000, 0.000, 0.000, 0.000]"
3066,122.64,122.68,Liz,0.9999371767044067,Liz,[1.000],,[],,[],"[0.000, 0.000, 0.000, 0.000, 1.000, 0.000, 0.000, 0.000]"
3067,122.68,122.72,Liz,0.9999294281005859,Liz,[1.000],,[],,[],"[0.000, 0.000, 0.000, 0.000, 1.000, 0.000, 0.000, 0.000]"
3068,122.72,122.76,Liz,0.9999209642410278,Liz,[1.000],,[],,[],"[0.000, 0.000, 0.000, 0.000, 1.000, 0.000, 0.000, 0.000]"
3069,122.76,122.8,Liz,0.9999114274978638,Liz,[1.000],,[],,[],"[0.000, 0.000, 0.000, 0.000, 1.000, 0.000, 0.000, 0.000]"
3070,122.8,122.84,Liz,0.9999005794525146,Liz,[1.000],,[],,[],"[0.000, 0.000, 0.000, 0.000, 1.000, 0.000, 0.000, 0.000]"
3071,122.84,122.88,Liz,0.9998878240585327,Liz,[1.000],,[],,[],"[0.000, 0.000, 0.000, 0.000, 1.000, 0.000, 0.000, 0.000]"
3072,122.88,122.92,Liz,0.9998728036880493,Liz,[1.000],,[],,[],"[0.000, 0.000, 0.000, 0.000, 1.000, 0.000, 0.000, 0.000]"
3073,122.92,122.96,Liz,0.9998544454574585,Liz,[1.000],,[],,[],"[0.000, 0.000, 0.000, 0.000, 1.000, 0.000, 0.000, 0.000]"
3074,122.96,123.0,Liz,0.9998310804367065,Liz,[1.000],,[],,[],"[0.000, 0.000, 0.000, 0.000, 1.000, 0.000, 0.000, 0.000]"
3075,123.0,123.04,Liz,0.9998002648353577,Liz,[1.000],,[],,[],"[0.000, 0.000, 0.000, 0.000, 1.000, 0.000, 0.000, 0.000]"
3076,123.04,123.08,Liz,0.9997586607933044,Liz,[1.000],,[],,[],"[0.000, 0.000, 0.000, 0.000, 1.000, 0.000, 0.000, 0.000]"
3077,123.08,123.12,Liz,0.999701201915741,Liz,[1.000],,[],,[],"[0.000, 0.000, 0.000, 0.000, 1.000, 0.000, 0.000, 0.001]"
3078,123.12,123.16,Liz,0.9996206760406494,Liz,[1.000],,[],,[],"[0.000, 0.000, 0.000, 0.000, 1.000, 0.000, 0.000, 0.001]"
3079,123.16,123.2,Liz,0.9995046854019165,Liz,[1.000],,[],,[],"[0.000, 0.000, 0.000, 0.000, 1.000, 0.000, 0.000, 0.001]"
3080,123.2,123.24,Liz,0.9993334412574768,Liz,[0.999],,[],,[],"[0.000, 0.000, 0.000, 0.000, 0.999, 0.000, 0.000, 0.001]"
3081,123.24,123.28,Liz,0.9990743398666382,Liz,[0.999],,[],,[],"[0.000, 0.000, 0.000, 0.000, 0.999, 0.000, 0.000, 0.001]"
3082,123.28,123.32,Liz,0.9986720085144043,Liz,[0.999],,[],,[],"[0.000, 0.000, 0.000, 0.000, 0.999, 0.000, 0.000, 0.002]"
3083,123.32,123.36,Liz,0.99802565574646,Liz,[0.998],,[],,[],"[0.000, 0.000, 0.000, 0.000, 0.998, 0.000, 0.000, 0.002]"
3084,123.36,123.4,Liz,0.996955394744873,Liz,[0.997],,[],,[],"[0.000, 0.000, 0.000, 0.000, 0.997, 0.000, 0.000, 0.003]"
3085,123.4,123.44,Liz,0.995128870010376,Liz,[0.995],,[],,[],"[0.000, 0.000, 0.000, 0.000, 0.995, 0.000, 0.000, 0.003]"
3086,123.44,123.48,Liz,0.9919398427009583,Liz,[0.992],,[],,[],"[0.000, 0.000, 0.000, 0.000, 0.992, 0.000, 0.000, 0.004]"
3087,123.48,123.52,Liz,0.9862483143806458,Liz,[0.986],,[],,[],"[0.000, 0.000, 0.000, 0.000, 0.986, 0.000, 0.000, 0.006]"
3088,123.52,123.56,Liz,0.9759107828140259,Liz,[0.976],,[],,[],"[0.000, 0.000, 0.000, 0.000, 0.976, 0.000, 0.000, 0.008]"
3089,123.56,123.6,Liz,0.9570422172546387,Liz,[0.957],,[],,[],"[0.000, 0.000, 0.000, 0.000, 0.957, 0.000, 0.000, 0.012]"
3090,123.6,123.64,Liz,0.9230109453201294,Liz,[0.923],,[],,[],"[0.000, 0.000, 0.000, 0.000, 0.923, 0.000, 0.000, 0.017]"
3091,123.64,123.68,Liz,0.8638529181480408,Liz,[0.864],,[],,[],"[0.000, 0.000, 0.000, 0.000, 0.864, 0.000, 0.000, 0.026]"
3092,123.68,123.72,Liz,0.768194317817688,Liz,[0.768],,[],,[],"[0.000, 0.000, 0.000, 0.000, 0.768, 0.000, 0.000, 0.039]"
3093,123.72,123.76,Liz,0.631267786026001,Liz,[0.631],,[],,[],"[0.000, 0.000, 0.000, 0.000, 0.631, 0.000, 0.000, 0.061]"
3094,123.76,123.8,silence,0.09435418993234634,,[],,[],,[],"[0.000, 0.000, 0.000, 0.000, 0.467, 0.000, 0.000, 0.094]"
3095,123.8,123.84,silence,0.1465045064687729,,[],,[],,[],"[0.000, 0.000, 0.000, 0.000, 0.308, 0.000, 0.000, 0.147]"
3096,123.84,123.88,silence,0.22327102720737457,,[],,[],,[],"[0.000, 0.000, 0.000, 0.000, 0.183, 0.000, 0.000, 0.223]"
3097,123.88,123.92,silence,0.327375203371048,,[],,[],,[],"[0.000, 0.000, 0.000, 0.000, 0.101, 0.000, 0.000, 0.327]"
3098,123.92,123.96,silence,0.4534966051578522,,[],,[],,[],"[0.000, 0.000, 0.000, 0.000, 0.053, 0.000, 0.000, 0.453]"
3099,123.96,124.0,silence,0.5862613916397095,silence,[0.586],,[],,[],"[0.000, 0.000, 0.000, 0.000, 0.027, 0.000, 0.000, 0.586]"
3100,124.0,124.04,silence,0.7066130638122559,silence,[0.707],,[],,[],"[0.000, 0.000, 0.000, 0.000, 0.014, 0.000, 0.000, 0.707]"
3101,124.04,124.08,silence,0.8015345931053162,silence,[0.802],,[],,[],"[0.000, 0.000, 0.000, 0.000, 0.007, 0.000, 0.000, 0.802]"
3102,124.08,124.12,silence,0.8686941266059875,silence,[0.869],,[],,[],"[0.000, 0.000, 0.000, 0.000, 0.004, 0.000, 0.000, 0.869]"
3103,124.12,124.16,silence,0.912912130355835,silence,[0.913],,[],,[],"[0.000, 0.000, 0.000, 0.000, 0.002, 0.000, 0.000, 0.913]"
3104,124.16,124.2,silence,0.9408388733863831,silence,[0.941],,[],,[],"[0.000, 0.000, 0.000, 0.000, 0.001, 0.000, 0.000, 0.941]"
3105,124.2,124.24,silence,0.9581556916236877,silence,[0.958],,[],,[],"[0.000, 0.000, 0.000, 0.000, 0.001, 0.000, 0.000, 0.958]"
3106,124.24,124.28,silence,0.9688198566436768,silence,[0.969],,[],,[],"[0.000, 0.000, 0.000, 0.000, 0.000, 0.000, 0.000, 0.969]"
3107,124.28,124.32,silence,0.9753240346908569,silence,[0.975],,[],,[],"[0.000, 0.000, 0.000, 0.000, 0.000, 0.000, 0.000, 0.975]"
3108,124.32,124.36,silence,0.9791193604469299,silence,[0.979],,[],,[],"[0.000, 0.000, 0.000, 0.000, 0.000, 0.000, 0.000, 0.979]"
3109,124.36,124.4,silence,0.9810270071029663,silence,[0.981],,[],,[],"[0.000, 0.000, 0.000, 0.000, 0.000, 0.000, 0.000, 0.981]"
3110,124.4,124.44,silence,0.981444239616394,silence,[0.981],,[],,[],"[0.000, 0.000, 0.000, 0.000, 0.000, 0.000, 0.000, 0.981]"
3111,124.44,124.48,silence,0.9804714918136597,silence,[0.980],,[],,[],"[0.000, 0.000, 0.000, 0.000, 0.000, 0.000, 0.000, 0.980]"
3112,124.48,124.52,silence,0.9779336452484131,silence,[0.978],,[],,[],"[0.000, 0.000, 0.000, 0.000, 0.000, 0.000, 0.000, 0.978]"
3113,124.52,124.56,silence,0.9733505845069885,silence,[0.973],,[],,[],"[0.000, 0.000, 0.000, 0.000, 0.000, 0.000, 0.000, 0.973]"
3114,124.56,124.6,silence,0.9657988548278809,silence,[0.966],,[],,[],"[0.000, 0.000, 0.000, 0.000, 0.000, 0.000, 0.000, 0.966]"
3115,124.6,124.64,silence,0.9536401629447937,silence,[0.954],,[],,[],"[0.000, 0.000, 0.000, 0.000, 0.001, 0.000, 0.000, 0.954]"
3116,124.64,124.68,silence,0.9339842200279236,silence,[0.934],,[],,[],"[0.000, 0.000, 0.000, 0.000, 0.001, 0.000, 0.000, 0.934]"
3117,124.68,124.72,silence,0.9021332859992981,silence,[0.902],,[],,[],"[0.000, 0.000, 0.000, 0.000, 0.002, 0.000, 0.000, 0.902]"
3118,124.72,124.76,silence,0.8508402109146118,silence,[0.851],,[],,[],"[0.000, 0.000, 0.000, 0.000, 0.003, 0.000, 0.000, 0.851]"
3119,124.76,124.8,silence,0.7706376910209656,silence,[0.771],,[],,[],"[0.000, 0.000, 0.000, 0.000, 0.006, 0.000, 0.000, 0.771]"
3120,124.8,124.84,silence,0.6543594598770142,silence,[0.654],,[],,[],"[0.000, 0.000, 0.000, 0.000, 0.013, 0.000, 0.000, 0.654]"
3121,124.84,124.88,silence,0.5068272352218628,silence,[0.507],,[],,[],"[0.000, 0.000, 0.000, 0.000, 0.029, 0.000, 0.000, 0.507]"
3122,124.88,124.92,silence,0.3509441316127777,,[],,[],,[],"[0.000, 0.000, 0.000, 0.000, 0.067, 0.000, 0.000, 0.351]"
3123,124.92,124.96,silence,0.21708369255065918,,[],,[],,[],"[0.000, 0.000, 0.000, 0.000, 0.154, 0.000, 0.000, 0.217]"
3124,124.96,125.0,silence,0.12221316248178482,,[],,[],,[],"[0.000, 0.000, 0.000, 0.000, 0.323, 0.000, 0.000, 0.122]"
3125,125.0,125.04,Liz,0.5648853778839111,Liz,[0.565],,[],,[],"[0.000, 0.000, 0.000, 0.000, 0.565, 0.000, 0.000, 0.064]"
3126,125.04,125.08,Liz,0.7840620875358582,Liz,[0.784],,[],,[],"[0.000, 0.000, 0.000, 0.000, 0.784, 0.000, 0.000, 0.032]"
3127,125.08,125.12,Liz,0.9119319915771484,Liz,[0.912],,[],,[],"[0.000, 0.000, 0.000, 0.000, 0.912, 0.000, 0.000, 0.016]"
3128,125.12,125.16,Liz,0.9675825834274292,Liz,[0.968],,[],,[],"[0.000, 0.000, 0.000, 0.000, 0.968, 0.000, 0.000, 0.008]"
3129,125.16,125.2,Liz,0.988528311252594,Liz,[0.989],,[],,[],"[0.000, 0.000, 0.000, 0.000, 0.989, 0.000, 0.000, 0.004]"
3130,125.2,125.24,Liz,0.9959640502929688,Liz,[0.996],,[],,[],"[0.000, 0.000, 0.000, 0.000, 0.996, 0.000, 0.000, 0.002]"
3131,125.24,125.28,Liz,0.9985620379447937,Liz,[0.999],,[],,[],"[0.000, 0.000, 0.000, 0.000, 0.999, 0.000, 0.000, 0.001]"
3132,125.28,125.32,Liz,0.9994751811027527,Liz,[0.999],,[],,[],"[0.000, 0.000, 0.000, 0.000, 0.999, 0.000, 0.000, 0.000]"
3133,125.32,125.36,Liz,0.99980229139328,Liz,[1.000],,[],,[],"[0.000, 0.000, 0.000, 0.000, 1.000, 0.000, 0.000, 0.000]"
3134,125.36,125.4,Liz,0.9999223947525024,Liz,[1.000],,[],,[],"[0.000, 0.000, 0.000, 0.000, 1.000, 0.000, 0.000, 0.000]"
3135,125.4,125.44,Liz,0.9999680519104004,Liz,[1.000],,[],,[],"[0.000, 0.000, 0.000, 0.000, 1.000, 0.000, 0.000, 0.000]"
3136,125.44,125.48,Liz,0.9999860525131226,Liz,[1.000],,[],,[],"[0.000, 0.000, 0.000, 0.000, 1.000, 0.000, 0.000, 0.000]"
3137,125.48,125.52,Liz,0.9999935626983643,Liz,[1.000],,[],,[],"[0.000, 0.000, 0.000, 0.000, 1.000, 0.000, 0.000, 0.000]"
3138,125.52,125.56,Liz,0.9999967813491821,Liz,[1.000],,[],,[],"[0.000, 0.000, 0.000, 0.000, 1.000, 0.000, 0.000, 0.000]"
3139,125.56,125.6,Liz,0.9999983310699463,Liz,[1.000],,[],,[],"[0.000, 0.000, 0.000, 0.000, 1.000, 0.000, 0.000, 0.000]"
3140,125.6,125.64,Liz,0.9999990463256836,Liz,[1.000],,[],,[],"[0.000, 0.000, 0.000, 0.000, 1.000, 0.000, 0.000, 0.000]"
3141,125.64,125.68,Liz,0.9999994039535522,Liz,[1.000],,[],,[],"[0.000, 0.000, 0.000, 0.000, 1.000, 0.000, 0.000, 0.000]"
3142,125.68,125.72,Liz,0.9999996423721313,Liz,[1.000],,[],,[],"[0.000, 0.000, 0.000, 0.000, 1.000, 0.000, 0.000, 0.000]"
3143,125.72,125.76,Liz,0.9999997615814209,Liz,[1.000],,[],,[],"[0.000, 0.000, 0.000, 0.000, 1.000, 0.000, 0.000, 0.000]"
3144,125.76,125.8,Liz,0.9999997615814209,Liz,[1.000],,[],,[],"[0.000, 0.000, 0.000, 0.000, 1.000, 0.000, 0.000, 0.000]"
3145,125.8,125.84,Liz,0.9999997615814209,Liz,[1.000],,[],,[],"[0.000, 0.000, 0.000, 0.000, 1.000, 0.000, 0.000, 0.000]"
3146,125.84,125.88,Liz,0.9999998807907104,Liz,[1.000],,[],,[],"[0.000, 0.000, 0.000, 0.000, 1.000, 0.000, 0.000, 0.000]"
3147,125.88,125.92,Liz,0.9999998807907104,Liz,[1.000],,[],,[],"[0.000, 0.000, 0.000, 0.000, 1.000, 0.000, 0.000, 0.000]"
3148,125.92,125.96,Liz,0.9999998807907104,Liz,[1.000],,[],,[],"[0.000, 0.000, 0.000, 0.000, 1.000, 0.000, 0.000, 0.000]"
3149,125.96,126.0,Liz,0.9999998807907104,Liz,[1.000],,[],,[],"[0.000, 0.000, 0.000, 0.000, 1.000, 0.000, 0.000, 0.000]"
3150,126.0,126.04,Liz,0.9999998807907104,Liz,[1.000],,[],,[],"[0.000, 0.000, 0.000, 0.000, 1.000, 0.000, 0.000, 0.000]"
3151,126.04,126.08,Liz,0.9999998807907104,Liz,[1.000],,[],,[],"[0.000, 0.000, 0.000, 0.000, 1.000, 0.000, 0.000, 0.000]"
3152,126.08,126.12,Liz,0.9999998807907104,Liz,[1.000],,[],,[],"[0.000, 0.000, 0.000, 0.000, 1.000, 0.000, 0.000, 0.000]"
3153,126.12,126.16,Liz,0.9999998807907104,Liz,[1.000],,[],,[],"[0.000, 0.000, 0.000, 0.000, 1.000, 0.000, 0.000, 0.000]"
3154,126.16,126.2,Liz,0.9999998807907104,Liz,[1.000],,[],,[],"[0.000, 0.000, 0.000, 0.000, 1.000, 0.000, 0.000, 0.000]"
3155,126.2,126.24,Liz,0.9999998807907104,Liz,[1.000],,[],,[],"[0.000, 0.000, 0.000, 0.000, 1.000, 0.000, 0.000, 0.000]"
3156,126.24,126.28,Liz,0.9999997615814209,Liz,[1.000],,[],,[],"[0.000, 0.000, 0.000, 0.000, 1.000, 0.000, 0.000, 0.000]"
3157,126.28,126.32,Liz,0.9999997615814209,Liz,[1.000],,[],,[],"[0.000, 0.000, 0.000, 0.000, 1.000, 0.000, 0.000, 0.000]"
3158,126.32,126.36,Liz,0.9999997615814209,Liz,[1.000],,[],,[],"[0.000, 0.000, 0.000, 0.000, 1.000, 0.000, 0.000, 0.000]"
3159,126.36,126.4,Liz,0.9999996423721313,Liz,[1.000],,[],,[],"[0.000, 0.000, 0.000, 0.000, 1.000, 0.000, 0.000, 0.000]"
3160,126.4,126.44,Liz,0.9999996423721313,Liz,[1.000],,[],,[],"[0.000, 0.000, 0.000, 0.000, 1.000, 0.000, 0.000, 0.000]"
3161,126.44,126.48,Liz,0.9999995231628418,Liz,[1.000],,[],,[],"[0.000, 0.000, 0.000, 0.000, 1.000, 0.000, 0.000, 0.000]"
3162,126.48,126.52,Liz,0.9999994039535522,Liz,[1.000],,[],,[],"[0.000, 0.000, 0.000, 0.000, 1.000, 0.000, 0.000, 0.000]"
3163,126.52,126.56,Liz,0.9999992847442627,Liz,[1.000],,[],,[],"[0.000, 0.000, 0.000, 0.000, 1.000, 0.000, 0.000, 0.000]"
3164,126.56,126.6,Liz,0.9999991655349731,Liz,[1.000],,[],,[],"[0.000, 0.000, 0.000, 0.000, 1.000, 0.000, 0.000, 0.000]"
3165,126.6,126.64,Liz,0.999998927116394,Liz,[1.000],,[],,[],"[0.000, 0.000, 0.000, 0.000, 1.000, 0.000, 0.000, 0.000]"
3166,126.64,126.68,Liz,0.9999985694885254,Liz,[1.000],,[],,[],"[0.000, 0.000, 0.000, 0.000, 1.000, 0.000, 0.000, 0.000]"
3167,126.68,126.72,Liz,0.9999982118606567,Liz,[1.000],,[],,[],"[0.000, 0.000, 0.000, 0.000, 1.000, 0.000, 0.000, 0.000]"
3168,126.72,126.76,Liz,0.9999977350234985,Liz,[1.000],,[],,[],"[0.000, 0.000, 0.000, 0.000, 1.000, 0.000, 0.000, 0.000]"
3169,126.76,126.8,Liz,0.9999971389770508,Liz,[1.000],,[],,[],"[0.000, 0.000, 0.000, 0.000, 1.000, 0.000, 0.000, 0.000]"
3170,126.8,126.84,Liz,0.9999963045120239,Liz,[1.000],,[],,[],"[0.000, 0.000, 0.000, 0.000, 1.000, 0.000, 0.000, 0.000]"
3171,126.84,126.88,Liz,0.9999953508377075,Liz,[1.000],,[],,[],"[0.000, 0.000, 0.000, 0.000, 1.000, 0.000, 0.000, 0.000]"
3172,126.88,126.92,Liz,0.9999942779541016,Liz,[1.000],,[],,[],"[0.000, 0.000, 0.000, 0.000, 1.000, 0.000, 0.000, 0.000]"
3173,126.92,126.96,Liz,0.999992847442627,Liz,[1.000],,[],,[],"[0.000, 0.000, 0.000, 0.000, 1.000, 0.000, 0.000, 0.000]"
3174,126.96,127.0,Liz,0.9999910593032837,Liz,[1.000],,[],,[],"[0.000, 0.000, 0.000, 0.000, 1.000, 0.000, 0.000, 0.000]"
3175,127.0,127.04,Liz,0.9999889135360718,Liz,[1.000],,[],,[],"[0.000, 0.000, 0.000, 0.000, 1.000, 0.000, 0.000, 0.000]"
3176,127.04,127.08,Liz,0.9999864101409912,Liz,[1.000],,[],,[],"[0.000, 0.000, 0.000, 0.000, 1.000, 0.000, 0.000, 0.000]"
3177,127.08,127.12,Liz,0.9999833106994629,Liz,[1.000],,[],,[],"[0.000, 0.000, 0.000, 0.000, 1.000, 0.000, 0.000, 0.000]"
3178,127.12,127.16,Liz,0.9999794960021973,Liz,[1.000],,[],,[],"[0.000, 0.000, 0.000, 0.000, 1.000, 0.000, 0.000, 0.000]"
3179,127.16,127.2,Liz,0.9999750852584839,Liz,[1.000],,[],,[],"[0.000, 0.000, 0.000, 0.000, 1.000, 0.000, 0.000, 0.000]"
3180,127.2,127.24,Liz,0.9999697208404541,Liz,[1.000],,[],,[],"[0.000, 0.000, 0.000, 0.000, 1.000, 0.000, 0.000, 0.000]"
3181,127.24,127.28,Liz,0.9999635219573975,Liz,[1.000],,[],,[],"[0.000, 0.000, 0.000, 0.000, 1.000, 0.000, 0.000, 0.000]"
3182,127.28,127.32,Liz,0.9999563694000244,Liz,[1.000],,[],,[],"[0.000, 0.000, 0.000, 0.000, 1.000, 0.000, 0.000, 0.000]"
3183,127.32,127.36,Liz,0.9999483823776245,Liz,[1.000],,[],,[],"[0.000, 0.000, 0.000, 0.000, 1.000, 0.000, 0.000, 0.000]"
3184,127.36,127.4,Liz,0.9999394416809082,Liz,[1.000],,[],,[],"[0.000, 0.000, 0.000, 0.000, 1.000, 0.000, 0.000, 0.000]"
3185,127.4,127.44,Liz,0.9999299049377441,Liz,[1.000],,[],,[],"[0.000, 0.000, 0.000, 0.000, 1.000, 0.000, 0.000, 0.000]"
3186,127.44,127.48,Liz,0.999920129776001,Liz,[1.000],,[],,[],"[0.000, 0.000, 0.000, 0.000, 1.000, 0.000, 0.000, 0.000]"
3187,127.48,127.52,Liz,0.9999103546142578,Liz,[1.000],,[],,[],"[0.000, 0.000, 0.000, 0.000, 1.000, 0.000, 0.000, 0.000]"
3188,127.52,127.56,Liz,0.9999008178710938,Liz,[1.000],,[],,[],"[0.000, 0.000, 0.000, 0.000, 1.000, 0.000, 0.000, 0.000]"
3189,127.56,127.6,Liz,0.9998918771743774,Liz,[1.000],,[],,[],"[0.000, 0.000, 0.000, 0.000, 1.000, 0.000, 0.000, 0.000]"
3190,127.6,127.64,Liz,0.999883770942688,Liz,[1.000],,[],,[],"[0.000, 0.000, 0.000, 0.000, 1.000, 0.000, 0.000, 0.000]"
3191,127.64,127.68,Liz,0.9998767375946045,Liz,[1.000],,[],,[],"[0.000, 0.000, 0.000, 0.000, 1.000, 0.000, 0.000, 0.000]"
3192,127.68,127.72,Liz,0.999870777130127,Liz,[1.000],,[],,[],"[0.000, 0.000, 0.000, 0.000, 1.000, 0.000, 0.000, 0.000]"
3193,127.72,127.76,Liz,0.9998654127120972,Liz,[1.000],,[],,[],"[0.000, 0.000, 0.000, 0.000, 1.000, 0.000, 0.000, 0.000]"
3194,127.76,127.8,Liz,0.9998598098754883,Liz,[1.000],,[],,[],"[0.000, 0.000, 0.000, 0.000, 1.000, 0.000, 0.000, 0.000]"
3195,127.8,127.84,Liz,0.9998525381088257,Liz,[1.000],,[],,[],"[0.000, 0.000, 0.000, 0.000, 1.000, 0.000, 0.000, 0.000]"
3196,127.84,127.88,Liz,0.9998414516448975,Liz,[1.000],,[],,[],"[0.000, 0.000, 0.000, 0.000, 1.000, 0.000, 0.000, 0.000]"
3197,127.88,127.92,Liz,0.9998236298561096,Liz,[1.000],,[],,[],"[0.000, 0.000, 0.000, 0.000, 1.000, 0.000, 0.000, 0.000]"
3198,127.92,127.96,Liz,0.9997945427894592,Liz,[1.000],,[],,[],"[0.000, 0.000, 0.000, 0.000, 1.000, 0.000, 0.000, 0.000]"
3199,127.96,128.0,Liz,0.9997469782829285,Liz,[1.000],,[],,[],"[0.000, 0.000, 0.000, 0.000, 1.000, 0.000, 0.000, 0.000]"
3200,128.0,128.04,Liz,0.9996674060821533,Liz,[1.000],,[],,[],"[0.000, 0.000, 0.000, 0.000, 1.000, 0.000, 0.000, 0.000]"
3201,128.04,128.08,Liz,0.9995284080505371,Liz,[1.000],,[],,[],"[0.000, 0.000, 0.000, 0.000, 1.000, 0.000, 0.000, 0.000]"
3202,128.08,128.12,Liz,0.9992734789848328,Liz,[0.999],,[],,[],"[0.000, 0.000, 0.000, 0.000, 0.999, 0.000, 0.000, 0.000]"
3203,128.12,128.16,Liz,0.9987779259681702,Liz,[0.999],,[],,[],"[0.000, 0.000, 0.000, 0.000, 0.999, 0.000, 0.000, 0.000]"
3204,128.16,128.2,Liz,0.9977458119392395,Liz,[0.998],,[],,[],"[0.000, 0.000, 0.000, 0.000, 0.998, 0.000, 0.000, 0.000]"
3205,128.2,128.24,Liz,0.9954315423965454,Liz,[0.995],,[],,[],"[0.000, 0.000, 0.000, 0.000, 0.995, 0.000, 0.000, 0.000]"
3206,128.24,128.28,Liz,0.9898381233215332,Liz,[0.990],,[],,[],"[0.000, 0.000, 0.000, 0.000, 0.990, 0.000, 0.000, 0.000]"
3207,128.28,128.32,Liz,0.975364089012146,Liz,[0.975],,[],,[],"[0.000, 0.000, 0.000, 0.000, 0.975, 0.000, 0.000, 0.000]"
3208,128.32,128.36,Liz,0.9361167550086975,Liz,[0.936],,[],,[],"[0.000, 0.000, 0.000, 0.000, 0.936, 0.000, 0.000, 0.000]"
3209,128.36,128.4,Liz,0.8323235511779785,Liz,[0.832],,[],,[],"[0.000, 0.000, 0.000, 0.000, 0.832, 0.000, 0.000, 0.000]"
3210,128.4,128.44,Liz,0.6077901124954224,Liz,[0.608],,[],,[],"[0.000, 0.000, 0.000, 0.000, 0.608, 0.000, 0.000, 0.000]"
3211,128.44,128.48,silence,1.5648087128283805e-06,,[],,[],,[],"[0.001, 0.000, 0.000, 0.000, 0.310, 0.000, 0.000, 0.000]"
3212,128.48,128.52,silence,1.0906995839832234e-06,,[],,[],,[],"[0.001, 0.000, 0.000, 0.000, 0.108, 0.000, 0.000, 0.000]"
3213,128.52,128.56,silence,7.562785526715743e-07,,[],,[],,[],"[0.004, 0.000, 0.000, 0.000, 0.030, 0.000, 0.000, 0.000]"
3214,128.56,128.6,silence,5.227216206549201e-07,,[],,[],,[],"[0.013, 0.000, 0.000, 0.000, 0.007, 0.000, 0.000, 0.000]"
3215,128.6,128.64,silence,3.6061624086869415e-07,,[],,[],,[],"[0.044, 0.000, 0.000, 0.000, 0.002, 0.000, 0.000, 0.000]"
3216,128.64,128.68,silence,2.492637918294349e-07,,[],,[],,[],"[0.144, 0.000, 0.000, 0.000, 0.000, 0.000, 0.000, 0.000]"
3217,128.68,128.72,silence,1.7390817674822756e-07,,[],,[],,[],"[0.395, 0.000, 0.000, 0.000, 0.000, 0.000, 0.000, 0.000]"
3218,128.72,128.76,Gaeul,0.7306764721870422,Gaeul,[0.731],,[],,[],"[0.731, 0.000, 0.000, 0.000, 0.000, 0.000, 0.000, 0.000]"
3219,128.76,128.8,Gaeul,0.9224528074264526,Gaeul,[0.922],,[],,[],"[0.922, 0.000, 0.000, 0.000, 0.000, 0.000, 0.000, 0.000]"
3220,128.8,128.84,Gaeul,0.9820185899734497,Gaeul,[0.982],,[],,[],"[0.982, 0.000, 0.000, 0.000, 0.000, 0.000, 0.000, 0.000]"
3221,128.84,128.88,Gaeul,0.9961687922477722,Gaeul,[0.996],,[],,[],"[0.996, 0.000, 0.000, 0.000, 0.000, 0.000, 0.000, 0.000]"
3222,128.88,128.92,Gaeul,0.9992120265960693,Gaeul,[0.999],,[],,[],"[0.999, 0.000, 0.000, 0.000, 0.000, 0.000, 0.000, 0.000]"
3223,128.92,128.96,Gaeul,0.9998401403427124,Gaeul,[1.000],,[],,[],"[1.000, 0.000, 0.000, 0.000, 0.000, 0.000, 0.000, 0.000]"
3224,128.96,129.0,Gaeul,0.9999675750732422,Gaeul,[1.000],,[],,[],"[1.000, 0.000, 0.000, 0.000, 0.000, 0.000, 0.000, 0.000]"
3225,129.0,129.04,Gaeul,0.9999933242797852,Gaeul,[1.000],,[],,[],"[1.000, 0.000, 0.000, 0.000, 0.000, 0.000, 0.000, 0.000]"
3226,129.04,129.08,Gaeul,0.9999985694885254,Gaeul,[1.000],,[],,[],"[1.000, 0.000, 0.000, 0.000, 0.000, 0.000, 0.000, 0.000]"
3227,129.08,129.12,Gaeul,0.9999996423721313,Gaeul,[1.000],,[],,[],"[1.000, 0.000, 0.000, 0.000, 0.000, 0.000, 0.000, 0.000]"
3228,129.12,129.16,Gaeul,0.9999998807907104,Gaeul,[1.000],,[],,[],"[1.000, 0.000, 0.000, 0.000, 0.000, 0.000, 0.000, 0.000]"
3229,129.16,129.2,Gaeul,1.0,Gaeul,[1.000],,[],,[],"[1.000, 0.000, 0.000, 0.000, 0.000, 0.000, 0.000, 0.000]"
3230,129.2,129.24,Gaeul,1.0,Gaeul,[1.000],,[],,[],"[1.000, 0.000, 0.000, 0.000, 0.000, 0.000, 0.000, 0.000]"
3231,129.24,129.28,Gaeul,1.0,Gaeul,[1.000],,[],,[],"[1.000, 0.000, 0.000, 0.000, 0.000, 0.000, 0.000, 0.000]"
3232,129.28,129.32,Gaeul,1.0,Gaeul,[1.000],,[],,[],"[1.000, 0.000, 0.000, 0.000, 0.000, 0.000, 0.000, 0.000]"
3233,129.32,129.36,Gaeul,1.0,Gaeul,[1.000],,[],,[],"[1.000, 0.000, 0.000, 0.000, 0.000, 0.000, 0.000, 0.000]"
3234,129.36,129.4,Gaeul,1.0,Gaeul,[1.000],,[],,[],"[1.000, 0.000, 0.000, 0.000, 0.000, 0.000, 0.000, 0.000]"
3235,129.4,129.44,Gaeul,1.0,Gaeul,[1.000],,[],,[],"[1.000, 0.000, 0.000, 0.000, 0.000, 0.000, 0.000, 0.000]"
3236,129.44,129.48,Gaeul,1.0,Gaeul,[1.000],,[],,[],"[1.000, 0.000, 0.000, 0.000, 0.000, 0.000, 0.000, 0.000]"
3237,129.48,129.52,Gaeul,1.0,Gaeul,[1.000],,[],,[],"[1.000, 0.000, 0.000, 0.000, 0.000, 0.000, 0.000, 0.000]"
3238,129.52,129.56,Gaeul,1.0,Gaeul,[1.000],,[],,[],"[1.000, 0.000, 0.000, 0.000, 0.000, 0.000, 0.000, 0.000]"
3239,129.56,129.6,Gaeul,1.0,Gaeul,[1.000],,[],,[],"[1.000, 0.000, 0.000, 0.000, 0.000, 0.000, 0.000, 0.000]"
3240,129.6,129.64,Gaeul,1.0,Gaeul,[1.000],,[],,[],"[1.000, 0.000, 0.000, 0.000, 0.000, 0.000, 0.000, 0.000]"
3241,129.64,129.68,Gaeul,1.0,Gaeul,[1.000],,[],,[],"[1.000, 0.000, 0.000, 0.000, 0.000, 0.000, 0.000, 0.000]"
3242,129.68,129.72,Gaeul,1.0,Gaeul,[1.000],,[],,[],"[1.000, 0.000, 0.000, 0.000, 0.000, 0.000, 0.000, 0.000]"
3243,129.72,129.76,Gaeul,1.0,Gaeul,[1.000],,[],,[],"[1.000, 0.000, 0.000, 0.000, 0.000, 0.000, 0.000, 0.000]"
3244,129.76,129.8,Gaeul,1.0,Gaeul,[1.000],,[],,[],"[1.000, 0.000, 0.000, 0.000, 0.000, 0.000, 0.000, 0.000]"
3245,129.8,129.84,Gaeul,1.0,Gaeul,[1.000],,[],,[],"[1.000, 0.000, 0.000, 0.000, 0.000, 0.000, 0.000, 0.000]"
3246,129.84,129.88,Gaeul,1.0,Gaeul,[1.000],,[],,[],"[1.000, 0.000, 0.000, 0.000, 0.000, 0.000, 0.000, 0.000]"
3247,129.88,129.92,Gaeul,1.0,Gaeul,[1.000],,[],,[],"[1.000, 0.000, 0.000, 0.000, 0.000, 0.000, 0.000, 0.000]"
3248,129.92,129.96,Gaeul,1.0,Gaeul,[1.000],,[],,[],"[1.000, 0.000, 0.000, 0.000, 0.000, 0.000, 0.000, 0.000]"
3249,129.96,130.0,Gaeul,1.0,Gaeul,[1.000],,[],,[],"[1.000, 0.000, 0.000, 0.000, 0.000, 0.000, 0.000, 0.000]"
3250,130.0,130.04,Gaeul,1.0,Gaeul,[1.000],,[],,[],"[1.000, 0.000, 0.000, 0.000, 0.000, 0.000, 0.000, 0.000]"
3251,130.04,130.08,Gaeul,1.0,Gaeul,[1.000],,[],,[],"[1.000, 0.000, 0.000, 0.000, 0.000, 0.000, 0.000, 0.000]"
3252,130.08,130.12,Gaeul,0.9999998807907104,Gaeul,[1.000],,[],,[],"[1.000, 0.000, 0.000, 0.000, 0.000, 0.000, 0.000, 0.000]"
3253,130.12,130.16,Gaeul,0.9999998807907104,Gaeul,[1.000],,[],,[],"[1.000, 0.000, 0.000, 0.000, 0.000, 0.000, 0.000, 0.000]"
3254,130.16,130.2,Gaeul,0.9999995231628418,Gaeul,[1.000],,[],,[],"[1.000, 0.000, 0.000, 0.000, 0.000, 0.000, 0.000, 0.000]"
3255,130.2,130.24,Gaeul,0.999998927116394,Gaeul,[1.000],,[],,[],"[1.000, 0.000, 0.000, 0.000, 0.000, 0.000, 0.000, 0.001]"
3256,130.24,130.28,Gaeul,0.9999974966049194,Gaeul,[1.000],,[],,[],"[1.000, 0.000, 0.000, 0.000, 0.000, 0.000, 0.000, 0.001]"
3257,130.28,130.32,Gaeul,0.999994158744812,Gaeul,[1.000],,[],,[],"[1.000, 0.000, 0.000, 0.000, 0.000, 0.000, 0.000, 0.001]"
3258,130.32,130.36,Gaeul,0.999987006187439,Gaeul,[1.000],,[],,[],"[1.000, 0.000, 0.000, 0.000, 0.000, 0.000, 0.000, 0.002]"
3259,130.36,130.4,Gaeul,0.999971866607666,Gaeul,[1.000],,[],,[],"[1.000, 0.000, 0.000, 0.000, 0.000, 0.000, 0.000, 0.002]"
3260,130.4,130.44,Gaeul,0.9999421834945679,Gaeul,[1.000],,[],,[],"[1.000, 0.000, 0.000, 0.000, 0.000, 0.000, 0.000, 0.003]"
3261,130.44,130.48,Gaeul,0.9998868703842163,Gaeul,[1.000],,[],,[],"[1.000, 0.000, 0.000, 0.000, 0.000, 0.000, 0.000, 0.004]"
3262,130.48,130.52,Gaeul,0.9997900128364563,Gaeul,[1.000],,[],,[],"[1.000, 0.000, 0.000, 0.000, 0.000, 0.000, 0.000, 0.004]"
3263,130.52,130.56,Gaeul,0.9996298551559448,Gaeul,[1.000],,[],,[],"[1.000, 0.000, 0.000, 0.000, 0.000, 0.000, 0.000, 0.005]"
3264,130.56,130.6,Gaeul,0.9993792772293091,Gaeul,[0.999],,[],,[],"[0.999, 0.000, 0.000, 0.000, 0.000, 0.000, 0.000, 0.006]"
3265,130.6,130.64,Gaeul,0.9990054965019226,Gaeul,[0.999],,[],,[],"[0.999, 0.000, 0.000, 0.000, 0.000, 0.000, 0.000, 0.006]"
3266,130.64,130.68,Gaeul,0.9984728693962097,Gaeul,[0.998],,[],,[],"[0.998, 0.000, 0.000, 0.000, 0.000, 0.000, 0.000, 0.006]"
3267,130.68,130.72,Gaeul,0.9977545142173767,Gaeul,[0.998],,[],,[],"[0.998, 0.000, 0.000, 0.000, 0.000, 0.000, 0.000, 0.006]"
3268,130.72,130.76,Gaeul,0.996850311756134,Gaeul,[0.997],,[],,[],"[0.997, 0.000, 0.000, 0.000, 0.000, 0.000, 0.000, 0.006]"
3269,130.76,130.8,Gaeul,0.9957889914512634,Gaeul,[0.996],,[],,[],"[0.996, 0.000, 0.000, 0.000, 0.000, 0.000, 0.000, 0.005]"
3270,130.8,130.84,Gaeul,0.9946382641792297,Gaeul,[0.995],,[],,[],"[0.995, 0.000, 0.000, 0.000, 0.000, 0.000, 0.000, 0.005]"
3271,130.84,130.88,Gaeul,0.9934900999069214,Gaeul,[0.993],,[],,[],"[0.993, 0.000, 0.000, 0.000, 0.000, 0.000, 0.000, 0.004]"
3272,130.88,130.92,Gaeul,0.992442786693573,Gaeul,[0.992],,[],,[],"[0.992, 0.000, 0.000, 0.000, 0.000, 0.000, 0.000, 0.003]"
3273,130.92,130.96,Gaeul,0.9915834069252014,Gaeul,[0.992],,[],,[],"[0.992, 0.000, 0.000, 0.000, 0.000, 0.000, 0.000, 0.003]"
3274,130.96,131.0,Gaeul,0.9909847974777222,Gaeul,[0.991],,[],,[],"[0.991, 0.000, 0.000, 0.000, 0.000, 0.000, 0.000, 0.002]"
3275,131.0,131.04,Gaeul,0.9906864762306213,Gaeul,[0.991],,[],,[],"[0.991, 0.000, 0.000, 0.000, 0.000, 0.000, 0.000, 0.002]"
3276,131.04,131.08,Gaeul,0.9906744360923767,Gaeul,[0.991],,[],,[],"[0.991, 0.000, 0.000, 0.000, 0.000, 0.000, 0.000, 0.001]"
3277,131.08,131.12,Gaeul,0.9909023642539978,Gaeul,[0.991],,[],,[],"[0.991, 0.000, 0.000, 0.000, 0.000, 0.000, 0.000, 0.001]"
3278,131.12,131.16,Gaeul,0.9912993311882019,Gaeul,[0.991],,[],,[],"[0.991, 0.000, 0.000, 0.000, 0.000, 0.000, 0.000, 0.001]"
3279,131.16,131.2,Gaeul,0.9917884469032288,Gaeul,[0.992],,[],,[],"[0.992, 0.000, 0.000, 0.000, 0.000, 0.000, 0.000, 0.001]"
3280,131.2,131.24,Gaeul,0.9922934770584106,Gaeul,[0.992],,[],,[],"[0.992, 0.000, 0.000, 0.000, 0.000, 0.000, 0.000, 0.001]"
3281,131.24,131.28,Gaeul,0.9927627444267273,Gaeul,[0.993],,[],,[],"[0.993, 0.000, 0.000, 0.000, 0.000, 0.000, 0.000, 0.001]"
3282,131.28,131.32,Gaeul,0.9931809306144714,Gaeul,[0.993],,[],,[],"[0.993, 0.000, 0.000, 0.000, 0.000, 0.000, 0.000, 0.000]"
3283,131.32,131.36,Gaeul,0.99355149269104,Gaeul,[0.994],,[],,[],"[0.994, 0.000, 0.000, 0.000, 0.001, 0.000, 0.000, 0.000]"
3284,131.36,131.4,Gaeul,0.9938873648643494,Gaeul,[0.994],,[],,[],"[0.994, 0.000, 0.000, 0.000, 0.001, 0.000, 0.000, 0.000]"
3285,131.4,131.44,Gaeul,0.994204580783844,Gaeul,[0.994],,[],,[],"[0.994, 0.000, 0.000, 0.000, 0.002, 0.000, 0.000, 0.000]"
3286,131.44,131.48,Gaeul,0.9945123195648193,Gaeul,[0.995],,[],,[],"[0.995, 0.000, 0.000, 0.000, 0.002, 0.000, 0.000, 0.000]"
3287,131.48,131.52,Gaeul,0.9948188662528992,Gaeul,[0.995],,[],,[],"[0.995, 0.000, 0.000, 0.000, 0.004, 0.000, 0.000, 0.000]"
3288,131.52,131.56,Gaeul,0.9951173067092896,Gaeul,[0.995],,[],,[],"[0.995, 0.000, 0.000, 0.000, 0.005, 0.000, 0.000, 0.000]"
3289,131.56,131.6,Gaeul,0.9953936338424683,Gaeul,[0.995],,[],,[],"[0.995, 0.000, 0.000, 0.000, 0.008, 0.000, 0.000, 0.000]"
3290,131.6,131.64,Gaeul,0.9956269264221191,Gaeul,[0.996],,[],,[],"[0.996, 0.000, 0.000, 0.000, 0.011, 0.000, 0.000, 0.000]"
3291,131.64,131.68,Gaeul,0.995793342590332,Gaeul,[0.996],,[],Liz,[0.711],"[0.996, 0.000, 0.000, 0.000, 0.015, 0.000, 0.000, 0.000]"
3292,131.68,131.72,Gaeul,0.9958721995353699,Gaeul,[0.996],,[],Liz,[0.846],"[0.996, 0.000, 0.000, 0.000, 0.021, 0.000, 0.000, 0.000]"
3293,131.72,131.76,Gaeul,0.9958465695381165,Gaeul,[0.996],,[],Liz,[0.921],"[0.996, 0.000, 0.000, 0.000, 0.029, 0.000, 0.000, 0.000]"
3294,131.76,131.8,Gaeul,0.9956945180892944,Gaeul,[0.996],,[],Liz,[0.958],"[0.996, 0.000, 0.000, 0.000, 0.038, 0.000, 0.000, 0.000]"
3295,131.8,131.84,Gaeul,0.995380163192749,Gaeul,[0.995],,[],Liz,[0.977],"[0.995, 0.000, 0.000, 0.000, 0.050, 0.000, 0.000, 0.000]"
3296,131.84,131.88,Gaeul,0.9948446750640869,Gaeul,[0.995],,[],Liz,[0.987],"[0.995, 0.000, 0.000, 0.000, 0.065, 0.000, 0.000, 0.000]"
3297,131.88,131.92,Gaeul,0.993999719619751,Gaeul,[0.994],,[],Liz,[0.992],"[0.994, 0.000, 0.000, 0.000, 0.083, 0.000, 0.000, 0.000]"
3298,131.92,131.96,Gaeul,0.9927129149436951,Gaeul,[0.993],,[],Liz,[0.995],"[0.993, 0.000, 0.000, 0.000, 0.105, 0.000, 0.000, 0.000]"
3299,131.96,132.0,Gaeul,0.9907928109169006,Gaeul,[0.991],,[],Liz,[0.996],"[0.991, 0.000, 0.000, 0.000, 0.131, 0.000, 0.000, 0.000]"
3300,132.0,132.04,Gaeul,0.9879907965660095,Gaeul,[0.988],,[],Liz,[0.997],"[0.988, 0.000, 0.000, 0.000, 0.161, 0.000, 0.000, 0.000]"
3301,132.04,132.08,Gaeul,0.9839879870414734,Gaeul,[0.984],,[],Liz,[0.998],"[0.984, 0.000, 0.000, 0.000, 0.197, 0.000, 0.000, 0.000]"
3302,132.08,132.12,Gaeul,0.9783498048782349,Gaeul,[0.978],,[],Liz,[0.998],"[0.978, 0.000, 0.000, 0.000, 0.238, 0.000, 0.000, 0.000]"
3303,132.12,132.16,Gaeul,0.9704741835594177,Gaeul,[0.970],,[],Liz,[0.999],"[0.970, 0.000, 0.000, 0.000, 0.284, 0.000, 0.000, 0.001]"
3304,132.16,132.2,Gaeul,0.9596282839775085,Gaeul,[0.960],,[],Liz,[0.999],"[0.960, 0.000, 0.000, 0.000, 0.334, 0.000, 0.000, 0.001]"
3305,132.2,132.24,Gaeul,0.9451049566268921,Gaeul,[0.945],,[],Liz,[0.999],"[0.945, 0.000, 0.000, 0.000, 0.388, 0.000, 0.000, 0.001]"
3306,132.24,132.28,Gaeul,0.9264052510261536,Gaeul,[0.926],,[],Liz,[0.999],"[0.926, 0.000, 0.000, 0.000, 0.444, 0.000, 0.000, 0.001]"
3307,132.28,132.32,Gaeul,0.9034627079963684,Gaeul,[0.903],,[],Liz,[0.999],"[0.903, 0.000, 0.000, 0.000, 0.502, 0.000, 0.000, 0.001]"
3308,132.32,132.36,Gaeul,0.8767029047012329,Gaeul|Liz,"[0.877, 0.561]",,[],Liz,[0.999],"[0.877, 0.000, 0.000, 0.000, 0.561, 0.000, 0.000, 0.001]"
3309,132.36,132.4,Gaeul,0.847385048866272,Gaeul|Liz,"[0.847, 0.618]",,[],Liz,[0.999],"[0.847, 0.000, 0.000, 0.000, 0.618, 0.000, 0.000, 0.001]"
3310,132.4,132.44,Gaeul,0.8172919750213623,Gaeul|Liz,"[0.817, 0.673]",,[],Liz,[0.998],"[0.817, 0.000, 0.000, 0.000, 0.673, 0.000, 0.000, 0.001]"
3311,132.44,132.48,Gaeul,0.7880663275718689,Gaeul|Liz,"[0.788, 0.724]",,[],Liz,[0.998],"[0.788, 0.000, 0.000, 0.000, 0.724, 0.000, 0.000, 0.001]"
3312,132.48,132.52,Liz,0.7701084613800049,Gaeul|Liz,"[0.761, 0.770]",,[],Liz,[0.998],"[0.761, 0.000, 0.000, 0.000, 0.770, 0.000, 0.000, 0.002]"
3313,132.52,132.56,Liz,0.8107219338417053,Gaeul|Liz,"[0.737, 0.811]",,[],Liz,[0.998],"[0.737, 0.000, 0.000, 0.000, 0.811, 0.000, 0.000, 0.002]"
3314,132.56,132.6,Liz,0.846060037612915,Gaeul|Liz,"[0.719, 0.846]",,[],Liz,[0.998],"[0.719, 0.000, 0.000, 0.000, 0.846, 0.000, 0.000, 0.002]"
3315,132.6,132.64,Liz,0.8760641813278198,Gaeul|Liz,"[0.706, 0.876]",,[],Liz,[0.998],"[0.706, 0.000, 0.000, 0.000, 0.876, 0.000, 0.000, 0.002]"
3316,132.64,132.68,Liz,0.9010210037231445,Gaeul|Liz,"[0.699, 0.901]",,[],Liz,[0.998],"[0.699, 0.000, 0.000, 0.000, 0.901, 0.000, 0.000, 0.002]"
3317,132.68,132.72,Liz,0.9213576912879944,Gaeul|Liz,"[0.699, 0.921]",,[],Liz,[0.998],"[0.699, 0.000, 0.000, 0.000, 0.921, 0.000, 0.000, 0.001]"
3318,132.72,132.76,Liz,0.9373852610588074,Gaeul|Liz,"[0.706, 0.937]",,[],Liz,[0.998],"[0.706, 0.000, 0.000, 0.000, 0.937, 0.000, 0.000, 0.001]"
3319,132.76,132.8,Liz,0.9496346116065979,Gaeul|Liz,"[0.720, 0.950]",,[],Liz,[0.998],"[0.720, 0.000, 0.000, 0.000, 0.950, 0.000, 0.000, 0.001]"
3320,132.8,132.84,Liz,0.958793044090271,Gaeul|Liz,"[0.742, 0.959]",,[],Liz,[0.999],"[0.742, 0.000, 0.000, 0.000, 0.959, 0.000, 0.000, 0.001]"
3321,132.84,132.88,Liz,0.965494692325592,Gaeul|Liz,"[0.770, 0.965]",,[],Liz,[0.999],"[0.770, 0.000, 0.000, 0.000, 0.965, 0.000, 0.000, 0.001]"
3322,132.88,132.92,Liz,0.9702839255332947,Gaeul|Liz,"[0.804, 0.970]",,[],Liz,[0.999],"[0.804, 0.000, 0.000, 0.000, 0.970, 0.000, 0.000, 0.001]"
3323,132.92,132.96,Liz,0.9735510945320129,Gaeul|Liz,"[0.841, 0.974]",,[],Liz,[0.999],"[0.841, 0.000, 0.000, 0.000, 0.974, 0.000, 0.000, 0.000]"
3324,132.96,133.0,Liz,0.9755468368530273,Gaeul|Liz,"[0.879, 0.976]",,[],Liz,[1.000],"[0.879, 0.000, 0.000, 0.000, 0.976, 0.000, 0.000, 0.000]"
3325,133.0,133.04,Liz,0.9764102697372437,Gaeul|Liz,"[0.915, 0.976]",,[],Liz,[1.000],"[0.915, 0.000, 0.000, 0.000, 0.976, 0.000, 0.000, 0.000]"
3326,133.04,133.08,Liz,0.976148784160614,Gaeul|Liz,"[0.944, 0.976]",,[],Liz,[1.000],"[0.944, 0.000, 0.000, 0.000, 0.976, 0.000, 0.000, 0.000]"
3327,133.08,133.12,Liz,0.9746531844139099,Gaeul|Liz,"[0.966, 0.975]",,[],Liz,[1.000],"[0.966, 0.000, 0.000, 0.000, 0.975, 0.000, 0.000, 0.000]"
3328,133.12,133.16,Gaeul,0.9811005592346191,Gaeul|Liz,"[0.981, 0.972]",,[],Liz,[1.000],"[0.981, 0.000, 0.000, 0.000, 0.972, 0.000, 0.000, 0.000]"
3329,133.16,133.2,Gaeul,0.9902493357658386,Gaeul|Liz,"[0.990, 0.966]",,[],Liz,[1.000],"[0.990, 0.000, 0.000, 0.000, 0.966, 0.000, 0.000, 0.000]"
3330,133.2,133.24,Gaeul,0.9953407049179077,Gaeul|Liz,"[0.995, 0.958]",,[],Liz,[1.000],"[0.995, 0.000, 0.000, 0.000, 0.958, 0.000, 0.000, 0.000]"
3331,133.24,133.28,Gaeul,0.9979348182678223,Gaeul|Liz,"[0.998, 0.944]",,[],Liz,[1.000],"[0.998, 0.000, 0.000, 0.000, 0.944, 0.000, 0.000, 0.000]"
3332,133.28,133.32,Gaeul,0.9991487264633179,Gaeul|Liz,"[0.999, 0.922]",,[],Liz,[1.000],"[0.999, 0.000, 0.000, 0.000, 0.922, 0.000, 0.000, 0.000]"
3333,133.32,133.36,Gaeul,0.9996722936630249,Gaeul|Liz,"[1.000, 0.886]",,[],Liz,[1.000],"[1.000, 0.000, 0.000, 0.000, 0.886, 0.000, 0.000, 0.000]"
3334,133.36,133.4,Gaeul,0.9998815059661865,Gaeul|Liz,"[1.000, 0.829]",,[],Liz,[1.000],"[1.000, 0.000, 0.000, 0.000, 0.829, 0.000, 0.000, 0.000]"
3335,133.4,133.44,Gaeul,0.9999595880508423,Gaeul|Liz,"[1.000, 0.742]",,[],Liz,[1.000],"[1.000, 0.000, 0.000, 0.000, 0.742, 0.000, 0.000, 0.000]"
3336,133.44,133.48,Gaeul,0.9999868869781494,Gaeul|Liz,"[1.000, 0.619]",,[],Liz,[1.000],"[1.000, 0.000, 0.000, 0.000, 0.619, 0.000, 0.000, 0.000]"
3337,133.48,133.52,Gaeul,0.9999959468841553,Gaeul,[1.000],,[],Liz,[1.000],"[1.000, 0.000, 0.000, 0.000, 0.467, 0.000, 0.000, 0.000]"
3338,133.52,133.56,Gaeul,0.9999988079071045,Gaeul,[1.000],,[],Liz,[1.000],"[1.000, 0.000, 0.000, 0.000, 0.312, 0.000, 0.000, 0.000]"
3339,133.56,133.6,Gaeul,0.9999996423721313,Gaeul,[1.000],,[],Liz,[1.000],"[1.000, 0.000, 0.000, 0.000, 0.185, 0.000, 0.000, 0.000]"
3340,133.6,133.64,Gaeul,0.9999998807907104,Gaeul,[1.000],,[],Liz,[1.000],"[1.000, 0.000, 0.000, 0.000, 0.099, 0.000, 0.000, 0.000]"
3341,133.64,133.68,Gaeul,1.0,Gaeul,[1.000],,[],Liz,[1.000],"[1.000, 0.000, 0.000, 0.000, 0.049, 0.000, 0.000, 0.000]"
3342,133.68,133.72,Gaeul,1.0,Gaeul,[1.000],,[],Liz,[1.000],"[1.000, 0.000, 0.000, 0.000, 0.023, 0.000, 0.000, 0.000]"
3343,133.72,133.76,Gaeul,1.0,Gaeul,[1.000],,[],Liz,[1.000],"[1.000, 0.000, 0.000, 0.000, 0.010, 0.000, 0.000, 0.000]"
3344,133.76,133.8,Gaeul,1.0,Gaeul,[1.000],,[],Liz,[1.000],"[1.000, 0.000, 0.000, 0.000, 0.004, 0.000, 0.000, 0.000]"
3345,133.8,133.84,Gaeul,1.0,Gaeul,[1.000],,[],Liz,[1.000],"[1.000, 0.000, 0.000, 0.000, 0.002, 0.000, 0.000, 0.000]"
3346,133.84,133.88,Gaeul,1.0,Gaeul,[1.000],,[],Liz,[1.000],"[1.000, 0.000, 0.000, 0.000, 0.001, 0.000, 0.000, 0.000]"
3347,133.88,133.92,Gaeul,1.0,Gaeul,[1.000],,[],Liz,[1.000],"[1.000, 0.000, 0.000, 0.000, 0.000, 0.000, 0.000, 0.000]"
3348,133.92,133.96,Gaeul,1.0,Gaeul,[1.000],,[],Liz,[1.000],"[1.000, 0.000, 0.000, 0.000, 0.000, 0.000, 0.000, 0.000]"
3349,133.96,134.0,Gaeul,1.0,Gaeul,[1.000],,[],Liz,[1.000],"[1.000, 0.000, 0.000, 0.000, 0.000, 0.000, 0.000, 0.000]"
3350,134.0,134.04,Gaeul,1.0,Gaeul,[1.000],,[],Liz,[1.000],"[1.000, 0.000, 0.000, 0.000, 0.000, 0.000, 0.000, 0.000]"
3351,134.04,134.08,Gaeul,1.0,Gaeul,[1.000],,[],Liz,[1.000],"[1.000, 0.000, 0.000, 0.000, 0.000, 0.000, 0.000, 0.000]"
3352,134.08,134.12,Gaeul,1.0,Gaeul,[1.000],,[],Liz,[1.000],"[1.000, 0.000, 0.000, 0.000, 0.000, 0.000, 0.000, 0.000]"
3353,134.12,134.16,Gaeul,1.0,Gaeul,[1.000],,[],Liz,[1.000],"[1.000, 0.000, 0.000, 0.000, 0.000, 0.000, 0.000, 0.000]"
3354,134.16,134.2,Gaeul,1.0,Gaeul,[1.000],,[],Liz,[1.000],"[1.000, 0.000, 0.000, 0.000, 0.000, 0.000, 0.000, 0.000]"
3355,134.2,134.24,Gaeul,1.0,Gaeul,[1.000],,[],Liz,[1.000],"[1.000, 0.000, 0.000, 0.000, 0.000, 0.000, 0.000, 0.000]"
3356,134.24,134.28,Gaeul,1.0,Gaeul,[1.000],,[],Liz,[1.000],"[1.000, 0.000, 0.000, 0.000, 0.000, 0.000, 0.000, 0.000]"
3357,134.28,134.32,Gaeul,1.0,Gaeul,[1.000],,[],Liz,[0.998],"[1.000, 0.000, 0.000, 0.000, 0.000, 0.000, 0.000, 0.000]"
3358,134.32,134.36,Gaeul,1.0,Gaeul,[1.000],,[],Liz,[0.991],"[1.000, 0.000, 0.000, 0.000, 0.000, 0.000, 0.000, 0.000]"
3359,134.36,134.4,Gaeul,1.0,Gaeul,[1.000],,[],Liz,[0.951],"[1.000, 0.000, 0.000, 0.000, 0.000, 0.000, 0.000, 0.000]"
3360,134.4,134.44,Gaeul,1.0,Gaeul,[1.000],,[],Liz,[0.765],"[1.000, 0.000, 0.000, 0.000, 0.000, 0.000, 0.000, 0.000]"
3361,134.44,134.48,Gaeul,1.0,Gaeul,[1.000],,[],,[],"[1.000, 0.000, 0.000, 0.000, 0.000, 0.000, 0.000, 0.000]"
3362,134.48,134.52,Gaeul,1.0,Gaeul,[1.000],,[],,[],"[1.000, 0.000, 0.000, 0.000, 0.000, 0.000, 0.000, 0.000]"
3363,134.52,134.56,Gaeul,1.0,Gaeul,[1.000],,[],,[],"[1.000, 0.000, 0.000, 0.000, 0.000, 0.000, 0.000, 0.000]"
3364,134.56,134.6,Gaeul,1.0,Gaeul,[1.000],,[],,[],"[1.000, 0.000, 0.000, 0.000, 0.000, 0.000, 0.000, 0.000]"
3365,134.6,134.64,Gaeul,1.0,Gaeul,[1.000],,[],,[],"[1.000, 0.000, 0.000, 0.000, 0.000, 0.000, 0.000, 0.000]"
3366,134.64,134.68,Gaeul,1.0,Gaeul,[1.000],,[],,[],"[1.000, 0.000, 0.000, 0.000, 0.000, 0.000, 0.000, 0.000]"
3367,134.68,134.72,Gaeul,1.0,Gaeul,[1.000],,[],,[],"[1.000, 0.000, 0.000, 0.000, 0.000, 0.000, 0.000, 0.000]"
3368,134.72,134.76,Gaeul,1.0,Gaeul,[1.000],,[],,[],"[1.000, 0.000, 0.000, 0.000, 0.000, 0.000, 0.000, 0.000]"
3369,134.76,134.8,Gaeul,1.0,Gaeul,[1.000],,[],,[],"[1.000, 0.000, 0.000, 0.000, 0.000, 0.000, 0.000, 0.000]"
3370,134.8,134.84,Gaeul,0.9999998807907104,Gaeul,[1.000],,[],,[],"[1.000, 0.000, 0.000, 0.000, 0.000, 0.000, 0.000, 0.000]"
3371,134.84,134.88,Gaeul,0.9999996423721313,Gaeul,[1.000],,[],,[],"[1.000, 0.000, 0.000, 0.000, 0.000, 0.000, 0.000, 0.000]"
3372,134.88,134.92,Gaeul,0.9999982118606567,Gaeul,[1.000],,[],,[],"[1.000, 0.000, 0.000, 0.000, 0.000, 0.000, 0.000, 0.000]"
3373,134.92,134.96,Gaeul,0.9999901056289673,Gaeul,[1.000],,[],,[],"[1.000, 0.000, 0.000, 0.000, 0.000, 0.000, 0.000, 0.000]"
3374,134.96,135.0,Gaeul,0.9999423027038574,Gaeul,[1.000],,[],,[],"[1.000, 0.000, 0.000, 0.000, 0.000, 0.000, 0.000, 0.000]"
3375,135.0,135.04,Gaeul,0.9996510744094849,Gaeul,[1.000],,[],,[],"[1.000, 0.000, 0.000, 0.000, 0.000, 0.000, 0.000, 0.000]"
3376,135.04,135.08,Gaeul,0.9978359341621399,Gaeul,[0.998],,[],,[],"[0.998, 0.000, 0.000, 0.000, 0.000, 0.000, 0.000, 0.000]"
3377,135.08,135.12,Gaeul,0.9864925742149353,Gaeul,[0.986],,[],,[],"[0.986, 0.000, 0.000, 0.000, 0.000, 0.000, 0.000, 0.000]"
3378,135.12,135.16,Gaeul,0.9202640652656555,Gaeul,[0.920],,[],,[],"[0.920, 0.000, 0.000, 0.000, 0.000, 0.000, 0.000, 0.000]"
3379,135.16,135.2,Gaeul,0.6481214165687561,Gaeul,[0.648],,[],,[],"[0.648, 0.000, 0.000, 0.000, 0.000, 0.000, 0.000, 0.000]"
3380,135.2,135.24,silence,1.2304616348046693e-06,,[],,[],,[],"[0.231, 0.002, 0.000, 0.000, 0.000, 0.000, 0.000, 0.000]"
3381,135.24,135.28,silence,1.9282449557067594e-06,,[],,[],,[],"[0.048, 0.008, 0.000, 0.000, 0.000, 0.000, 0.000, 0.000]"
3382,135.28,135.32,silence,2.9088375868013827e-06,,[],,[],,[],"[0.009, 0.038, 0.000, 0.000, 0.000, 0.000, 0.000, 0.000]"
3383,135.32,135.36,silence,4.234136667946586e-06,,[],,[],,[],"[0.002, 0.157, 0.000, 0.000, 0.000, 0.000, 0.000, 0.000]"
3384,135.36,135.4,silence,5.951391813141527e-06,,[],,[],,[],"[0.000, 0.459, 0.000, 0.000, 0.000, 0.000, 0.000, 0.000]"
3385,135.4,135.44,Yujin,0.7838972210884094,Yujin,[0.784],,[],,[],"[0.000, 0.784, 0.000, 0.000, 0.000, 0.000, 0.000, 0.000]"
3386,135.44,135.48,Yujin,0.9354600310325623,Yujin,[0.935],,[],,[],"[0.000, 0.935, 0.000, 0.000, 0.000, 0.000, 0.000, 0.000]"
3387,135.48,135.52,Yujin,0.9818155169487,Yujin,[0.982],,[],,[],"[0.000, 0.982, 0.000, 0.000, 0.000, 0.000, 0.000, 0.000]"
3388,135.52,135.56,Yujin,0.9946929812431335,Yujin,[0.995],,[],,[],"[0.000, 0.995, 0.000, 0.000, 0.000, 0.000, 0.000, 0.000]"
3389,135.56,135.6,Yujin,0.9983528852462769,Yujin,[0.998],,[],,[],"[0.000, 0.998, 0.000, 0.000, 0.000, 0.000, 0.000, 0.000]"
3390,135.6,135.64,Yujin,0.9994524121284485,Yujin,[0.999],,[],,[],"[0.000, 0.999, 0.000, 0.000, 0.000, 0.000, 0.000, 0.000]"
3391,135.64,135.68,Yujin,0.999804675579071,Yujin,[1.000],,[],,[],"[0.000, 1.000, 0.000, 0.000, 0.000, 0.000, 0.000, 0.000]"
3392,135.68,135.72,Yujin,0.9999251365661621,Yujin,[1.000],,[],,[],"[0.000, 1.000, 0.000, 0.000, 0.000, 0.000, 0.000, 0.000]"
3393,135.72,135.76,Yujin,0.9999691247940063,Yujin,[1.000],,[],,[],"[0.000, 1.000, 0.000, 0.000, 0.000, 0.000, 0.000, 0.000]"
3394,135.76,135.8,Yujin,0.9999862909317017,Yujin,[1.000],,[],,[],"[0.000, 1.000, 0.000, 0.000, 0.000, 0.000, 0.000, 0.000]"
3395,135.8,135.84,Yujin,0.9999934434890747,Yujin,[1.000],,[],,[],"[0.000, 1.000, 0.000, 0.000, 0.000, 0.000, 0.000, 0.000]"
3396,135.84,135.88,Yujin,0.9999966621398926,Yujin,[1.000],,[],,[],"[0.000, 1.000, 0.000, 0.000, 0.000, 0.000, 0.000, 0.000]"
3397,135.88,135.92,Yujin,0.9999982118606567,Yujin,[1.000],,[],,[],"[0.000, 1.000, 0.000, 0.000, 0.000, 0.000, 0.000, 0.000]"
3398,135.92,135.96,Yujin,0.9999990463256836,Yujin,[1.000],,[],,[],"[0.000, 1.000, 0.000, 0.000, 0.000, 0.000, 0.000, 0.000]"
3399,135.96,136.0,Yujin,0.9999994039535522,Yujin,[1.000],,[],,[],"[0.000, 1.000, 0.000, 0.000, 0.000, 0.000, 0.000, 0.000]"
3400,136.0,136.04,Yujin,0.9999996423721313,Yujin,[1.000],,[],,[],"[0.000, 1.000, 0.000, 0.000, 0.000, 0.000, 0.000, 0.000]"
3401,136.04,136.08,Yujin,0.9999997615814209,Yujin,[1.000],,[],,[],"[0.000, 1.000, 0.000, 0.000, 0.000, 0.000, 0.000, 0.000]"
3402,136.08,136.12,Yujin,0.9999998807907104,Yujin,[1.000],,[],,[],"[0.000, 1.000, 0.000, 0.000, 0.000, 0.000, 0.000, 0.000]"
3403,136.12,136.16,Yujin,0.9999998807907104,Yujin,[1.000],,[],,[],"[0.000, 1.000, 0.000, 0.000, 0.000, 0.000, 0.000, 0.000]"
3404,136.16,136.2,Yujin,1.0,Yujin,[1.000],,[],,[],"[0.000, 1.000, 0.000, 0.000, 0.000, 0.000, 0.000, 0.000]"
3405,136.2,136.24,Yujin,1.0,Yujin,[1.000],,[],,[],"[0.000, 1.000, 0.000, 0.000, 0.000, 0.000, 0.000, 0.000]"
3406,136.24,136.28,Yujin,1.0,Yujin,[1.000],,[],,[],"[0.000, 1.000, 0.000, 0.000, 0.000, 0.000, 0.000, 0.000]"
3407,136.28,136.32,Yujin,1.0,Yujin,[1.000],,[],,[],"[0.000, 1.000, 0.000, 0.000, 0.000, 0.000, 0.000, 0.000]"
3408,136.32,136.36,Yujin,1.0,Yujin,[1.000],,[],,[],"[0.000, 1.000, 0.000, 0.000, 0.000, 0.000, 0.000, 0.000]"
3409,136.36,136.4,Yujin,1.0,Yujin,[1.000],,[],,[],"[0.000, 1.000, 0.000, 0.000, 0.000, 0.000, 0.000, 0.000]"
3410,136.4,136.44,Yujin,1.0,Yujin,[1.000],,[],,[],"[0.000, 1.000, 0.000, 0.000, 0.000, 0.000, 0.000, 0.000]"
3411,136.44,136.48,Yujin,1.0,Yujin,[1.000],,[],,[],"[0.000, 1.000, 0.000, 0.000, 0.000, 0.000, 0.000, 0.000]"
3412,136.48,136.52,Yujin,1.0,Yujin,[1.000],,[],,[],"[0.000, 1.000, 0.000, 0.000, 0.000, 0.000, 0.000, 0.000]"
3413,136.52,136.56,Yujin,1.0,Yujin,[1.000],,[],,[],"[0.000, 1.000, 0.000, 0.000, 0.000, 0.000, 0.000, 0.000]"
3414,136.56,136.6,Yujin,1.0,Yujin,[1.000],,[],,[],"[0.000, 1.000, 0.000, 0.000, 0.000, 0.000, 0.000, 0.000]"
3415,136.6,136.64,Yujin,1.0,Yujin,[1.000],,[],,[],"[0.000, 1.000, 0.000, 0.000, 0.000, 0.000, 0.000, 0.000]"
3416,136.64,136.68,Yujin,1.0,Yujin,[1.000],,[],,[],"[0.000, 1.000, 0.000, 0.000, 0.000, 0.000, 0.000, 0.000]"
3417,136.68,136.72,Yujin,1.0,Yujin,[1.000],,[],,[],"[0.000, 1.000, 0.000, 0.000, 0.000, 0.000, 0.000, 0.000]"
3418,136.72,136.76,Yujin,1.0,Yujin,[1.000],,[],,[],"[0.000, 1.000, 0.000, 0.000, 0.000, 0.000, 0.000, 0.000]"
3419,136.76,136.8,Yujin,1.0,Yujin,[1.000],,[],,[],"[0.000, 1.000, 0.000, 0.000, 0.000, 0.000, 0.000, 0.000]"
3420,136.8,136.84,Yujin,0.9999998807907104,Yujin,[1.000],,[],,[],"[0.000, 1.000, 0.000, 0.000, 0.000, 0.000, 0.000, 0.000]"
3421,136.84,136.88,Yujin,0.9999997615814209,Yujin,[1.000],,[],,[],"[0.000, 1.000, 0.000, 0.000, 0.000, 0.000, 0.000, 0.000]"
3422,136.88,136.92,Yujin,0.9999995231628418,Yujin,[1.000],,[],,[],"[0.000, 1.000, 0.000, 0.000, 0.000, 0.000, 0.000, 0.000]"
3423,136.92,136.96,Yujin,0.9999986886978149,Yujin,[1.000],,[],,[],"[0.000, 1.000, 0.000, 0.000, 0.000, 0.000, 0.000, 0.000]"
3424,136.96,137.0,Yujin,0.9999959468841553,Yujin,[1.000],,[],,[],"[0.000, 1.000, 0.000, 0.000, 0.000, 0.000, 0.000, 0.000]"
3425,137.0,137.04,Yujin,0.9999864101409912,Yujin,[1.000],,[],,[],"[0.000, 1.000, 0.000, 0.000, 0.000, 0.000, 0.000, 0.000]"
3426,137.04,137.08,Yujin,0.9999486207962036,Yujin,[1.000],,[],,[],"[0.000, 1.000, 0.000, 0.000, 0.000, 0.000, 0.000, 0.000]"
3427,137.08,137.12,Yujin,0.9997871518135071,Yujin,[1.000],,[],,[],"[0.000, 1.000, 0.000, 0.000, 0.000, 0.000, 0.000, 0.000]"
3428,137.12,137.16,Yujin,0.9990413784980774,Yujin,[0.999],,[],,[],"[0.000, 0.999, 0.001, 0.000, 0.000, 0.000, 0.000, 0.000]"
3429,137.16,137.2,Yujin,0.9953579306602478,Yujin,[0.995],,[],,[],"[0.000, 0.995, 0.001, 0.000, 0.000, 0.000, 0.000, 0.000]"
3430,137.2,137.24,Yujin,0.9763513803482056,Yujin,[0.976],,[],,[],"[0.000, 0.976, 0.004, 0.000, 0.000, 0.000, 0.000, 0.000]"
3431,137.24,137.28,Yujin,0.8826847672462463,Yujin,[0.883],,[],,[],"[0.000, 0.883, 0.012, 0.000, 0.000, 0.000, 0.000, 0.000]"
3432,137.28,137.32,Yujin,0.5665456056594849,Yujin,[0.567],,[],,[],"[0.000, 0.567, 0.038, 0.000, 0.000, 0.000, 0.000, 0.000]"
3433,137.32,137.36,silence,1.3461429944072734e-06,,[],,[],,[],"[0.000, 0.179, 0.126, 0.000, 0.000, 0.000, 0.000, 0.000]"
3434,137.36,137.4,silence,1.578834826432285e-06,,[],,[],,[],"[0.000, 0.034, 0.363, 0.000, 0.000, 0.000, 0.000, 0.000]"
3435,137.4,137.44,Rei,0.7036261558532715,Rei,[0.704],,[],,[],"[0.000, 0.006, 0.704, 0.000, 0.000, 0.000, 0.000, 0.000]"
3436,137.44,137.48,Rei,0.9121187925338745,Rei,[0.912],,[],,[],"[0.000, 0.001, 0.912, 0.000, 0.000, 0.000, 0.000, 0.000]"
3437,137.48,137.52,Rei,0.979107677936554,Rei,[0.979],,[],,[],"[0.000, 0.000, 0.979, 0.000, 0.000, 0.000, 0.000, 0.000]"
3438,137.52,137.56,Rei,0.9953863024711609,Rei,[0.995],,[],,[],"[0.000, 0.000, 0.995, 0.000, 0.000, 0.000, 0.000, 0.000]"
3439,137.56,137.6,Rei,0.9990046620368958,Rei,[0.999],,[],,[],"[0.000, 0.000, 0.999, 0.000, 0.000, 0.000, 0.000, 0.000]"
3440,137.6,137.64,Rei,0.9997864365577698,Rei,[1.000],,[],,[],"[0.000, 0.000, 1.000, 0.000, 0.000, 0.000, 0.000, 0.000]"
3441,137.64,137.68,Rei,0.9999538660049438,Rei,[1.000],,[],,[],"[0.000, 0.000, 1.000, 0.000, 0.000, 0.000, 0.000, 0.000]"
3442,137.68,137.72,Rei,0.9999898672103882,Rei,[1.000],,[],,[],"[0.000, 0.000, 1.000, 0.000, 0.000, 0.000, 0.000, 0.000]"
3443,137.72,137.76,Rei,0.9999977350234985,Rei,[1.000],,[],,[],"[0.000, 0.000, 1.000, 0.000, 0.000, 0.000, 0.000, 0.000]"
3444,137.76,137.8,Rei,0.9999994039535522,Rei,[1.000],,[],,[],"[0.000, 0.000, 1.000, 0.000, 0.000, 0.000, 0.000, 0.000]"
3445,137.8,137.84,Rei,0.9999998807907104,Rei,[1.000],,[],,[],"[0.000, 0.000, 1.000, 0.000, 0.000, 0.000, 0.000, 0.000]"
3446,137.84,137.88,Rei,1.0,Rei,[1.000],,[],,[],"[0.000, 0.000, 1.000, 0.000, 0.000, 0.000, 0.000, 0.000]"
3447,137.88,137.92,Rei,1.0,Rei,[1.000],,[],,[],"[0.000, 0.000, 1.000, 0.000, 0.000, 0.000, 0.000, 0.000]"
3448,137.92,137.96,Rei,1.0,Rei,[1.000],,[],,[],"[0.000, 0.000, 1.000, 0.000, 0.000, 0.000, 0.000, 0.000]"
3449,137.96,138.0,Rei,1.0,Rei,[1.000],,[],,[],"[0.000, 0.000, 1.000, 0.000, 0.000, 0.000, 0.000, 0.000]"
3450,138.0,138.04,Rei,1.0,Rei,[1.000],,[],,[],"[0.000, 0.000, 1.000, 0.000, 0.000, 0.000, 0.000, 0.000]"
3451,138.04,138.08,Rei,1.0,Rei,[1.000],,[],,[],"[0.000, 0.000, 1.000, 0.000, 0.000, 0.000, 0.000, 0.000]"
3452,138.08,138.12,Rei,1.0,Rei,[1.000],,[],,[],"[0.000, 0.000, 1.000, 0.000, 0.000, 0.000, 0.000, 0.000]"
3453,138.12,138.16,Rei,1.0,Rei,[1.000],,[],,[],"[0.000, 0.000, 1.000, 0.000, 0.000, 0.000, 0.000, 0.000]"
3454,138.16,138.2,Rei,1.0,Rei,[1.000],,[],,[],"[0.000, 0.000, 1.000, 0.000, 0.000, 0.000, 0.000, 0.000]"
3455,138.2,138.24,Rei,1.0,Rei,[1.000],,[],,[],"[0.000, 0.000, 1.000, 0.000, 0.000, 0.000, 0.000, 0.000]"
3456,138.24,138.28,Rei,1.0,Rei,[1.000],,[],,[],"[0.000, 0.000, 1.000, 0.000, 0.000, 0.000, 0.000, 0.000]"
3457,138.28,138.32,Rei,1.0,Rei,[1.000],Leeseo,"[0.000, 0.000, 0.000, 0.000, 0.000, 0.559, 0.000]",,[],"[0.000, 0.000, 1.000, 0.000, 0.000, 0.000, 0.000, 0.000]"
3458,138.32,138.36,Rei,1.0,Rei,[1.000],Leeseo,"[0.000, 0.000, 0.000, 0.000, 0.000, 0.849, 0.000]",,[],"[0.000, 0.000, 1.000, 0.000, 0.000, 0.000, 0.000, 0.000]"
3459,138.36,138.4,Rei,1.0,Rei,[1.000],Leeseo,"[0.000, 0.000, 0.000, 0.000, 0.000, 0.958, 0.000]",,[],"[0.000, 0.000, 1.000, 0.000, 0.000, 0.000, 0.000, 0.000]"
3460,138.4,138.44,Rei,1.0,Rei,[1.000],Leeseo,"[0.000, 0.000, 0.000, 0.000, 0.000, 0.988, 0.000]",,[],"[0.000, 0.000, 1.000, 0.000, 0.000, 0.000, 0.000, 0.000]"
3461,138.44,138.48,Rei,1.0,Rei,[1.000],Leeseo,"[0.000, 0.000, 0.000, 0.000, 0.000, 0.997, 0.000]",,[],"[0.000, 0.000, 1.000, 0.000, 0.000, 0.000, 0.000, 0.000]"
3462,138.48,138.52,Rei,1.0,Rei,[1.000],Leeseo,"[0.000, 0.000, 0.000, 0.000, 0.000, 0.999, 0.000]",,[],"[0.000, 0.000, 1.000, 0.000, 0.000, 0.000, 0.000, 0.000]"
3463,138.52,138.56,Rei,1.0,Rei,[1.000],Leeseo,"[0.000, 0.000, 0.000, 0.000, 0.000, 1.000, 0.000]",,[],"[0.000, 0.000, 1.000, 0.000, 0.000, 0.000, 0.000, 0.000]"
3464,138.56,138.6,Rei,1.0,Rei,[1.000],Leeseo,"[0.000, 0.000, 0.000, 0.000, 0.000, 1.000, 0.000]",,[],"[0.000, 0.000, 1.000, 0.000, 0.000, 0.000, 0.000, 0.000]"
3465,138.6,138.64,Rei,1.0,Rei,[1.000],Leeseo,"[0.000, 0.000, 0.000, 0.000, 0.000, 1.000, 0.000]",,[],"[0.000, 0.000, 1.000, 0.000, 0.000, 0.000, 0.000, 0.000]"
3466,138.64,138.68,Rei,1.0,Rei,[1.000],Leeseo,"[0.000, 0.000, 0.000, 0.000, 0.000, 1.000, 0.000]",,[],"[0.000, 0.000, 1.000, 0.000, 0.000, 0.000, 0.000, 0.000]"
3467,138.68,138.72,Rei,1.0,Rei,[1.000],Leeseo,"[0.000, 0.000, 0.000, 0.000, 0.000, 1.000, 0.000]",,[],"[0.000, 0.000, 1.000, 0.000, 0.000, 0.000, 0.000, 0.000]"
3468,138.72,138.76,Rei,1.0,Rei,[1.000],Leeseo,"[0.000, 0.000, 0.000, 0.000, 0.000, 1.000, 0.000]",,[],"[0.000, 0.000, 1.000, 0.000, 0.000, 0.000, 0.000, 0.000]"
3469,138.76,138.8,Rei,1.0,Rei,[1.000],Leeseo,"[0.000, 0.000, 0.000, 0.000, 0.000, 1.000, 0.000]",,[],"[0.000, 0.000, 1.000, 0.000, 0.000, 0.000, 0.000, 0.000]"
3470,138.8,138.84,Rei,1.0,Rei,[1.000],Leeseo,"[0.000, 0.000, 0.000, 0.000, 0.000, 1.000, 0.000]",,[],"[0.000, 0.000, 1.000, 0.000, 0.000, 0.000, 0.000, 0.000]"
3471,138.84,138.88,Rei,1.0,Rei,[1.000],Leeseo,"[0.000, 0.000, 0.000, 0.000, 0.000, 1.000, 0.000]",,[],"[0.000, 0.000, 1.000, 0.000, 0.000, 0.000, 0.000, 0.000]"
3472,138.88,138.92,Rei,1.0,Rei,[1.000],Leeseo,"[0.000, 0.000, 0.000, 0.000, 0.000, 1.000, 0.000]",,[],"[0.000, 0.000, 1.000, 0.000, 0.000, 0.000, 0.000, 0.000]"
3473,138.92,138.96,Rei,1.0,Rei,[1.000],Leeseo,"[0.000, 0.000, 0.000, 0.000, 0.000, 1.000, 0.000]",,[],"[0.000, 0.000, 1.000, 0.000, 0.000, 0.000, 0.000, 0.000]"
3474,138.96,139.0,Rei,1.0,Rei,[1.000],Leeseo,"[0.000, 0.000, 0.000, 0.000, 0.000, 1.000, 0.000]",,[],"[0.000, 0.000, 1.000, 0.000, 0.000, 0.000, 0.000, 0.000]"
3475,139.0,139.04,Rei,1.0,Rei,[1.000],Leeseo,"[0.000, 0.000, 0.000, 0.000, 0.000, 1.000, 0.000]",,[],"[0.000, 0.000, 1.000, 0.000, 0.000, 0.000, 0.000, 0.000]"
3476,139.04,139.08,Rei,1.0,Rei,[1.000],Leeseo,"[0.000, 0.000, 0.000, 0.000, 0.000, 1.000, 0.000]",,[],"[0.000, 0.000, 1.000, 0.000, 0.000, 0.000, 0.000, 0.000]"
3477,139.08,139.12,Rei,1.0,Rei,[1.000],Leeseo,"[0.000, 0.000, 0.000, 0.000, 0.000, 1.000, 0.000]",,[],"[0.000, 0.000, 1.000, 0.000, 0.000, 0.000, 0.000, 0.000]"
3478,139.12,139.16,Rei,1.0,Rei,[1.000],Leeseo,"[0.000, 0.000, 0.000, 0.000, 0.000, 1.000, 0.000]",,[],"[0.000, 0.000, 1.000, 0.000, 0.000, 0.000, 0.000, 0.000]"
3479,139.16,139.2,Rei,1.0,Rei,[1.000],Leeseo,"[0.000, 0.000, 0.000, 0.000, 0.000, 1.000, 0.000]",,[],"[0.000, 0.000, 1.000, 0.000, 0.000, 0.000, 0.000, 0.000]"
3480,139.2,139.24,Rei,1.0,Rei,[1.000],Leeseo,"[0.000, 0.000, 0.000, 0.000, 0.000, 1.000, 0.000]",,[],"[0.000, 0.000, 1.000, 0.000, 0.000, 0.000, 0.000, 0.000]"
3481,139.24,139.28,Rei,1.0,Rei,[1.000],Leeseo,"[0.000, 0.000, 0.000, 0.000, 0.000, 1.000, 0.000]",,[],"[0.000, 0.000, 1.000, 0.000, 0.000, 0.000, 0.000, 0.000]"
3482,139.28,139.32,Rei,1.0,Rei,[1.000],Leeseo,"[0.000, 0.000, 0.000, 0.000, 0.000, 1.000, 0.000]",,[],"[0.000, 0.000, 1.000, 0.000, 0.000, 0.000, 0.000, 0.000]"
3483,139.32,139.36,Rei,1.0,Rei,[1.000],Leeseo,"[0.000, 0.000, 0.000, 0.000, 0.000, 1.000, 0.000]",,[],"[0.000, 0.000, 1.000, 0.000, 0.000, 0.000, 0.000, 0.000]"
3484,139.36,139.4,Rei,1.0,Rei,[1.000],Leeseo,"[0.000, 0.000, 0.000, 0.000, 0.000, 1.000, 0.000]",,[],"[0.000, 0.000, 1.000, 0.000, 0.000, 0.000, 0.000, 0.000]"
3485,139.4,139.44,Rei,1.0,Rei,[1.000],Leeseo,"[0.000, 0.000, 0.000, 0.000, 0.000, 1.000, 0.000]",,[],"[0.000, 0.000, 1.000, 0.000, 0.000, 0.000, 0.000, 0.000]"
3486,139.44,139.48,Rei,1.0,Rei,[1.000],Leeseo,"[0.000, 0.000, 0.000, 0.000, 0.000, 1.000, 0.000]",,[],"[0.000, 0.000, 1.000, 0.000, 0.000, 0.000, 0.000, 0.000]"
3487,139.48,139.52,Rei,1.0,Rei,[1.000],Leeseo,"[0.000, 0.000, 0.000, 0.000, 0.000, 1.000, 0.000]",,[],"[0.000, 0.000, 1.000, 0.000, 0.000, 0.000, 0.000, 0.000]"
3488,139.52,139.56,Rei,1.0,Rei,[1.000],Leeseo,"[0.000, 0.000, 0.000, 0.000, 0.000, 1.000, 0.000]",,[],"[0.000, 0.000, 1.000, 0.000, 0.000, 0.000, 0.000, 0.000]"
3489,139.56,139.6,Rei,1.0,Rei,[1.000],Leeseo,"[0.000, 0.000, 0.000, 0.000, 0.000, 1.000, 0.000]",,[],"[0.000, 0.000, 1.000, 0.000, 0.000, 0.000, 0.000, 0.000]"
3490,139.6,139.64,Rei,1.0,Rei,[1.000],Leeseo,"[0.000, 0.000, 0.000, 0.000, 0.000, 1.000, 0.000]",,[],"[0.000, 0.000, 1.000, 0.000, 0.000, 0.000, 0.000, 0.000]"
3491,139.64,139.68,Rei,1.0,Rei,[1.000],Leeseo,"[0.000, 0.000, 0.000, 0.000, 0.000, 1.000, 0.000]",,[],"[0.000, 0.000, 1.000, 0.000, 0.000, 0.000, 0.000, 0.000]"
3492,139.68,139.72,Rei,1.0,Rei,[1.000],Leeseo,"[0.000, 0.000, 0.000, 0.000, 0.000, 1.000, 0.000]",,[],"[0.000, 0.000, 1.000, 0.000, 0.000, 0.000, 0.000, 0.000]"
3493,139.72,139.76,Rei,1.0,Rei,[1.000],Leeseo,"[0.000, 0.000, 0.000, 0.000, 0.000, 1.000, 0.000]",,[],"[0.000, 0.000, 1.000, 0.000, 0.000, 0.000, 0.000, 0.000]"
3494,139.76,139.8,Rei,1.0,Rei,[1.000],Leeseo,"[0.000, 0.000, 0.000, 0.000, 0.000, 1.000, 0.000]",,[],"[0.000, 0.000, 1.000, 0.000, 0.000, 0.000, 0.000, 0.000]"
3495,139.8,139.84,Rei,1.0,Rei,[1.000],Leeseo,"[0.000, 0.000, 0.000, 0.000, 0.000, 1.000, 0.000]",,[],"[0.000, 0.000, 1.000, 0.000, 0.000, 0.000, 0.000, 0.000]"
3496,139.84,139.88,Rei,1.0,Rei,[1.000],Leeseo,"[0.000, 0.000, 0.000, 0.000, 0.000, 1.000, 0.000]",,[],"[0.000, 0.000, 1.000, 0.000, 0.000, 0.000, 0.000, 0.000]"
3497,139.88,139.92,Rei,1.0,Rei,[1.000],Leeseo,"[0.000, 0.000, 0.000, 0.000, 0.000, 1.000, 0.000]",,[],"[0.000, 0.000, 1.000, 0.000, 0.000, 0.000, 0.000, 0.000]"
3498,139.92,139.96,Rei,1.0,Rei,[1.000],Leeseo,"[0.000, 0.000, 0.000, 0.000, 0.000, 1.000, 0.000]",,[],"[0.000, 0.000, 1.000, 0.000, 0.000, 0.000, 0.000, 0.000]"
3499,139.96,140.0,Rei,1.0,Rei,[1.000],Leeseo,"[0.000, 0.000, 0.000, 0.000, 0.000, 1.000, 0.000]",,[],"[0.000, 0.000, 1.000, 0.000, 0.000, 0.000, 0.000, 0.000]"
3500,140.0,140.04,Rei,1.0,Rei,[1.000],Leeseo,"[0.000, 0.000, 0.000, 0.000, 0.000, 1.000, 0.000]",,[],"[0.000, 0.000, 1.000, 0.000, 0.000, 0.000, 0.000, 0.000]"
3501,140.04,140.08,Rei,1.0,Rei,[1.000],Leeseo,"[0.000, 0.000, 0.000, 0.000, 0.000, 1.000, 0.000]",,[],"[0.000, 0.000, 1.000, 0.000, 0.000, 0.000, 0.000, 0.000]"
3502,140.08,140.12,Rei,1.0,Rei,[1.000],Leeseo,"[0.000, 0.000, 0.000, 0.000, 0.000, 1.000, 0.000]",,[],"[0.000, 0.000, 1.000, 0.000, 0.000, 0.000, 0.000, 0.000]"
3503,140.12,140.16,Rei,1.0,Rei,[1.000],Leeseo,"[0.000, 0.000, 0.000, 0.000, 0.000, 1.000, 0.000]",,[],"[0.000, 0.000, 1.000, 0.000, 0.000, 0.000, 0.000, 0.000]"
3504,140.16,140.2,Rei,1.0,Rei,[1.000],Leeseo,"[0.000, 0.000, 0.000, 0.000, 0.000, 1.000, 0.000]",,[],"[0.000, 0.000, 1.000, 0.000, 0.000, 0.001, 0.000, 0.000]"
3505,140.2,140.24,Rei,1.0,Rei,[1.000],Leeseo,"[0.000, 0.000, 0.000, 0.000, 0.000, 1.000, 0.000]",,[],"[0.000, 0.000, 1.000, 0.000, 0.000, 0.004, 0.000, 0.000]"
3506,140.24,140.28,Rei,1.0,Rei,[1.000],Leeseo,"[0.000, 0.000, 0.000, 0.000, 0.000, 1.000, 0.000]",,[],"[0.000, 0.000, 1.000, 0.000, 0.000, 0.015, 0.000, 0.000]"
3507,140.28,140.32,Rei,1.0,Rei,[1.000],Leeseo,"[0.000, 0.000, 0.000, 0.000, 0.000, 1.000, 0.000]",,[],"[0.000, 0.000, 1.000, 0.000, 0.000, 0.045, 0.000, 0.000]"
3508,140.32,140.36,Rei,1.0,Rei,[1.000],Leeseo,"[0.000, 0.000, 0.000, 0.000, 0.000, 1.000, 0.000]",,[],"[0.000, 0.000, 1.000, 0.000, 0.000, 0.120, 0.000, 0.000]"
3509,140.36,140.4,Rei,1.0,Rei,[1.000],Leeseo,"[0.000, 0.000, 0.000, 0.000, 0.000, 1.000, 0.000]",,[],"[0.000, 0.000, 1.000, 0.000, 0.000, 0.266, 0.000, 0.000]"
3510,140.4,140.44,Rei,1.0,Rei,[1.000],Leeseo,"[0.000, 0.000, 0.000, 0.000, 0.000, 1.000, 0.000]",,[],"[0.000, 0.000, 1.000, 0.000, 0.000, 0.466, 0.000, 0.000]"
3511,140.44,140.48,Rei,1.0,Rei|Leeseo,"[1.000, 0.655]",Leeseo,"[0.000, 0.000, 0.000, 0.000, 0.000, 1.000, 0.000]",,[],"[0.000, 0.000, 1.000, 0.000, 0.000, 0.655, 0.000, 0.000]"
3512,140.48,140.52,Rei,1.0,Rei|Leeseo,"[1.000, 0.787]",Leeseo,"[0.000, 0.000, 0.000, 0.000, 0.000, 1.000, 0.000]",,[],"[0.000, 0.000, 1.000, 0.000, 0.000, 0.787, 0.000, 0.000]"
3513,140.52,140.56,Rei,1.0,Rei|Leeseo,"[1.000, 0.866]",Leeseo,"[0.000, 0.000, 0.000, 0.000, 0.000, 1.000, 0.000]",,[],"[0.000, 0.000, 1.000, 0.000, 0.000, 0.866, 0.000, 0.000]"
3514,140.56,140.6,Rei,1.0,Rei|Leeseo,"[1.000, 0.911]",Leeseo,"[0.000, 0.000, 0.000, 0.000, 0.000, 1.000, 0.000]",,[],"[0.000, 0.000, 1.000, 0.000, 0.000, 0.911, 0.000, 0.000]"
3515,140.6,140.64,Rei,1.0,Rei|Leeseo,"[1.000, 0.937]",Leeseo,"[0.000, 0.000, 0.000, 0.000, 0.000, 1.000, 0.000]",,[],"[0.000, 0.000, 1.000, 0.000, 0.000, 0.937, 0.000, 0.000]"
3516,140.64,140.68,Rei,1.0,Rei|Leeseo,"[1.000, 0.951]",Leeseo,"[0.000, 0.000, 0.000, 0.000, 0.000, 1.000, 0.000]",,[],"[0.000, 0.000, 1.000, 0.000, 0.000, 0.951, 0.000, 0.000]"
3517,140.68,140.72,Rei,1.0,Rei|Leeseo,"[1.000, 0.960]",Leeseo,"[0.000, 0.000, 0.000, 0.000, 0.000, 1.000, 0.000]",,[],"[0.000, 0.000, 1.000, 0.000, 0.000, 0.960, 0.000, 0.000]"
3518,140.72,140.76,Rei,1.0,Rei|Leeseo,"[1.000, 0.964]",Leeseo,"[0.000, 0.000, 0.000, 0.000, 0.000, 1.000, 0.000]",,[],"[0.000, 0.000, 1.000, 0.000, 0.000, 0.964, 0.000, 0.000]"
3519,140.76,140.8,Rei,1.0,Rei|Leeseo,"[1.000, 0.966]",Leeseo,"[0.000, 0.000, 0.000, 0.000, 0.000, 1.000, 0.000]",,[],"[0.000, 0.000, 1.000, 0.000, 0.000, 0.966, 0.000, 0.000]"
3520,140.8,140.84,Rei,1.0,Rei|Leeseo,"[1.000, 0.966]",Leeseo,"[0.000, 0.000, 0.000, 0.000, 0.000, 1.000, 0.000]",,[],"[0.000, 0.000, 1.000, 0.000, 0.000, 0.966, 0.000, 0.000]"
3521,140.84,140.88,Rei,1.0,Rei|Leeseo,"[1.000, 0.964]",Leeseo,"[0.000, 0.000, 0.000, 0.000, 0.000, 1.000, 0.000]",,[],"[0.000, 0.000, 1.000, 0.000, 0.000, 0.964, 0.000, 0.000]"
3522,140.88,140.92,Rei,1.0,Rei|Leeseo,"[1.000, 0.961]",Leeseo,"[0.000, 0.000, 0.000, 0.000, 0.000, 1.000, 0.000]",,[],"[0.000, 0.000, 1.000, 0.000, 0.000, 0.961, 0.000, 0.000]"
3523,140.92,140.96,Rei,1.0,Rei|Leeseo,"[1.000, 0.956]",Leeseo,"[0.000, 0.000, 0.000, 0.000, 0.000, 1.000, 0.000]",,[],"[0.000, 0.000, 1.000, 0.000, 0.000, 0.956, 0.000, 0.000]"
3524,140.96,141.0,Rei,0.9999998807907104,Rei|Leeseo,"[1.000, 0.949]",Leeseo,"[0.000, 0.000, 0.000, 0.000, 0.000, 1.000, 0.000]",,[],"[0.000, 0.000, 1.000, 0.000, 0.000, 0.949, 0.000, 0.000]"
3525,141.0,141.04,Rei,0.9999998807907104,Rei|Leeseo,"[1.000, 0.940]",Leeseo,"[0.000, 0.000, 0.000, 0.000, 0.000, 1.000, 0.000]",,[],"[0.000, 0.000, 1.000, 0.000, 0.000, 0.940, 0.000, 0.000]"
3526,141.04,141.08,Rei,0.9999997615814209,Rei|Leeseo,"[1.000, 0.927]",Leeseo,"[0.000, 0.000, 0.000, 0.000, 0.000, 1.000, 0.000]",,[],"[0.000, 0.000, 1.000, 0.000, 0.000, 0.927, 0.000, 0.000]"
3527,141.08,141.12,Rei,0.9999996423721313,Rei|Leeseo,"[1.000, 0.910]",Leeseo,"[0.000, 0.000, 0.000, 0.000, 0.000, 1.000, 0.000]",,[],"[0.000, 0.000, 1.000, 0.000, 0.000, 0.910, 0.000, 0.000]"
3528,141.12,141.16,Rei,0.9999995231628418,Rei|Leeseo,"[1.000, 0.885]",Leeseo,"[0.000, 0.000, 0.000, 0.000, 0.000, 1.000, 0.000]",,[],"[0.000, 0.000, 1.000, 0.000, 0.000, 0.885, 0.000, 0.000]"
3529,141.16,141.2,Rei,0.9999992847442627,Rei|Leeseo,"[1.000, 0.850]",Leeseo,"[0.000, 0.000, 0.000, 0.000, 0.000, 1.000, 0.000]",,[],"[0.000, 0.000, 1.000, 0.000, 0.000, 0.850, 0.000, 0.000]"
3530,141.2,141.24,Rei,0.999998927116394,Rei|Leeseo,"[1.000, 0.800]",Leeseo,"[0.000, 0.000, 0.000, 0.000, 0.000, 1.000, 0.000]",,[],"[0.000, 0.000, 1.000, 0.000, 0.000, 0.800, 0.000, 0.000]"
3531,141.24,141.28,Rei,0.9999984502792358,Rei|Leeseo,"[1.000, 0.731]",Leeseo,"[0.000, 0.000, 0.000, 0.000, 0.000, 1.000, 0.000]",,[],"[0.000, 0.000, 1.000, 0.000, 0.000, 0.731, 0.000, 0.000]"
3532,141.28,141.32,Rei,0.9999978542327881,Rei|Leeseo,"[1.000, 0.638]",Leeseo,"[0.000, 0.000, 0.000, 0.000, 0.000, 1.000, 0.000]",,[],"[0.000, 0.000, 1.000, 0.000, 0.000, 0.638, 0.000, 0.000]"
3533,141.32,141.36,Rei,0.9999972581863403,Rei|Leeseo,"[1.000, 0.523]",Leeseo,"[0.000, 0.000, 0.000, 0.000, 0.000, 1.000, 0.000]",,[],"[0.000, 0.000, 1.000, 0.000, 0.000, 0.523, 0.000, 0.000]"
3534,141.36,141.4,Rei,0.9999966621398926,Rei,[1.000],Leeseo,"[0.000, 0.000, 0.000, 0.000, 0.000, 1.000, 0.000]",,[],"[0.000, 0.000, 1.000, 0.000, 0.000, 0.396, 0.000, 0.000]"
3535,141.4,141.44,Rei,0.9999960660934448,Rei,[1.000],Leeseo,"[0.000, 0.000, 0.000, 0.000, 0.000, 1.000, 0.000]",,[],"[0.000, 0.000, 1.000, 0.000, 0.000, 0.272, 0.000, 0.000]"
3536,141.44,141.48,Rei,0.9999958276748657,Rei,[1.000],Leeseo,"[0.000, 0.000, 0.000, 0.000, 0.000, 1.000, 0.000]",,[],"[0.000, 0.000, 1.000, 0.000, 0.000, 0.169, 0.000, 0.000]"
3537,141.48,141.52,Rei,0.9999957084655762,Rei,[1.000],Leeseo,"[0.000, 0.000, 0.000, 0.000, 0.000, 1.000, 0.000]",,[],"[0.000, 0.000, 1.000, 0.000, 0.000, 0.096, 0.000, 0.000]"
3538,141.52,141.56,Rei,0.9999960660934448,Rei,[1.000],Leeseo,"[0.000, 0.000, 0.000, 0.000, 0.000, 1.000, 0.000]",,[],"[0.000, 0.000, 1.000, 0.000, 0.000, 0.051, 0.000, 0.000]"
3539,141.56,141.6,Rei,0.9999966621398926,Rei,[1.000],Leeseo,"[0.000, 0.000, 0.000, 0.000, 0.000, 1.000, 0.000]",,[],"[0.000, 0.000, 1.000, 0.000, 0.000, 0.025, 0.000, 0.000]"
3540,141.6,141.64,Rei,0.9999973773956299,Rei,[1.000],Leeseo,"[0.000, 0.000, 0.000, 0.000, 0.000, 1.000, 0.000]",,[],"[0.000, 0.000, 1.000, 0.000, 0.000, 0.012, 0.000, 0.000]"
3541,141.64,141.68,Rei,0.9999979734420776,Rei,[1.000],Leeseo,"[0.000, 0.000, 0.000, 0.000, 0.000, 1.000, 0.000]",,[],"[0.000, 0.000, 1.000, 0.000, 0.000, 0.005, 0.000, 0.000]"
3542,141.68,141.72,Rei,0.9999986886978149,Rei,[1.000],Leeseo,"[0.000, 0.000, 0.000, 0.000, 0.000, 1.000, 0.000]",,[],"[0.000, 0.000, 1.000, 0.000, 0.000, 0.002, 0.000, 0.000]"
3543,141.72,141.76,Rei,0.9999991655349731,Rei,[1.000],Leeseo,"[0.000, 0.000, 0.000, 0.000, 0.000, 1.000, 0.000]",,[],"[0.000, 0.000, 1.000, 0.000, 0.000, 0.001, 0.000, 0.000]"
3544,141.76,141.8,Rei,0.9999994039535522,Rei,[1.000],Leeseo,"[0.000, 0.000, 0.000, 0.000, 0.000, 1.000, 0.000]",,[],"[0.000, 0.000, 1.000, 0.000, 0.000, 0.000, 0.000, 0.000]"
3545,141.8,141.84,Rei,0.9999996423721313,Rei,[1.000],Leeseo,"[0.000, 0.000, 0.000, 0.000, 0.000, 1.000, 0.000]",,[],"[0.000, 0.000, 1.000, 0.000, 0.000, 0.000, 0.000, 0.000]"
3546,141.84,141.88,Rei,0.9999997615814209,Rei,[1.000],Leeseo,"[0.000, 0.000, 0.000, 0.000, 0.000, 1.000, 0.000]",,[],"[0.000, 0.000, 1.000, 0.000, 0.000, 0.000, 0.000, 0.000]"
3547,141.88,141.92,Rei,0.9999998807907104,Rei,[1.000],Leeseo,"[0.000, 0.000, 0.000, 0.000, 0.000, 1.000, 0.000]",,[],"[0.000, 0.000, 1.000, 0.000, 0.000, 0.000, 0.000, 0.000]"
3548,141.92,141.96,Rei,1.0,Rei,[1.000],Leeseo,"[0.000, 0.000, 0.000, 0.000, 0.000, 1.000, 0.000]",,[],"[0.000, 0.000, 1.000, 0.000, 0.000, 0.000, 0.000, 0.000]"
3549,141.96,142.0,Rei,1.0,Rei,[1.000],Leeseo,"[0.000, 0.000, 0.000, 0.000, 0.000, 1.000, 0.000]",,[],"[0.000, 0.000, 1.000, 0.000, 0.000, 0.000, 0.000, 0.000]"
3550,142.0,142.04,Rei,1.0,Rei,[1.000],Leeseo,"[0.000, 0.000, 0.000, 0.000, 0.000, 1.000, 0.000]",,[],"[0.000, 0.000, 1.000, 0.000, 0.000, 0.000, 0.000, 0.000]"
3551,142.04,142.08,Rei,1.0,Rei,[1.000],Leeseo,"[0.000, 0.000, 0.000, 0.000, 0.000, 1.000, 0.000]",,[],"[0.000, 0.000, 1.000, 0.000, 0.000, 0.000, 0.000, 0.000]"
3552,142.08,142.12,Rei,1.0,Rei,[1.000],Leeseo,"[0.000, 0.000, 0.000, 0.000, 0.000, 0.999, 0.000]",,[],"[0.000, 0.000, 1.000, 0.000, 0.000, 0.000, 0.000, 0.000]"
3553,142.12,142.16,Rei,1.0,Rei,[1.000],Leeseo,"[0.000, 0.000, 0.000, 0.000, 0.000, 0.998, 0.000]",,[],"[0.000, 0.000, 1.000, 0.000, 0.000, 0.000, 0.000, 0.000]"
3554,142.16,142.2,Rei,1.0,Rei,[1.000],Leeseo,"[0.000, 0.000, 0.000, 0.000, 0.000, 0.996, 0.000]",,[],"[0.000, 0.000, 1.000, 0.000, 0.000, 0.000, 0.000, 0.000]"
3555,142.2,142.24,Rei,1.0,Rei,[1.000],Leeseo,"[0.000, 0.000, 0.000, 0.000, 0.000, 0.990, 0.000]",,[],"[0.000, 0.000, 1.000, 0.000, 0.000, 0.000, 0.000, 0.000]"
3556,142.24,142.28,Rei,1.0,Rei,[1.000],Leeseo,"[0.000, 0.000, 0.000, 0.000, 0.000, 0.977, 0.000]",,[],"[0.000, 0.000, 1.000, 0.000, 0.000, 0.000, 0.000, 0.000]"
3557,142.28,142.32,Rei,1.0,Rei,[1.000],Leeseo,"[0.000, 0.000, 0.000, 0.000, 0.000, 0.949, 0.000]",,[],"[0.000, 0.000, 1.000, 0.000, 0.000, 0.000, 0.000, 0.000]"
3558,142.32,142.36,Rei,1.0,Rei,[1.000],Leeseo,"[0.000, 0.000, 0.000, 0.000, 0.000, 0.897, 0.000]",,[],"[0.000, 0.000, 1.000, 0.000, 0.000, 0.000, 0.000, 0.000]"
3559,142.36,142.4,Rei,1.0,Rei,[1.000],Leeseo,"[0.000, 0.000, 0.000, 0.000, 0.000, 0.811, 0.000]",,[],"[0.000, 0.000, 1.000, 0.000, 0.000, 0.000, 0.000, 0.000]"
3560,142.4,142.44,Rei,1.0,Rei,[1.000],Leeseo,"[0.000, 0.000, 0.000, 0.000, 0.000, 0.689, 0.000]",,[],"[0.000, 0.000, 1.000, 0.000, 0.000, 0.000, 0.000, 0.000]"
3561,142.44,142.48,Rei,1.0,Rei,[1.000],Leeseo,"[0.000, 0.000, 0.000, 0.000, 0.000, 0.549, 0.000]",,[],"[0.000, 0.000, 1.000, 0.000, 0.000, 0.000, 0.000, 0.000]"
3562,142.48,142.52,Rei,1.0,Rei,[1.000],,[],,[],"[0.000, 0.000, 1.000, 0.000, 0.000, 0.000, 0.000, 0.000]"
3563,142.52,142.56,Rei,1.0,Rei,[1.000],,[],,[],"[0.000, 0.000, 1.000, 0.000, 0.000, 0.000, 0.000, 0.000]"
3564,142.56,142.6,Rei,1.0,Rei,[1.000],,[],,[],"[0.000, 0.000, 1.000, 0.000, 0.000, 0.000, 0.000, 0.000]"
3565,142.6,142.64,Rei,1.0,Rei,[1.000],,[],,[],"[0.000, 0.000, 1.000, 0.000, 0.000, 0.000, 0.000, 0.000]"
3566,142.64,142.68,Rei,1.0,Rei,[1.000],,[],,[],"[0.000, 0.000, 1.000, 0.000, 0.000, 0.000, 0.000, 0.000]"
3567,142.68,142.72,Rei,1.0,Rei,[1.000],,[],,[],"[0.000, 0.000, 1.000, 0.000, 0.000, 0.000, 0.000, 0.000]"
3568,142.72,142.76,Rei,1.0,Rei,[1.000],,[],,[],"[0.000, 0.000, 1.000, 0.000, 0.000, 0.000, 0.000, 0.000]"
3569,142.76,142.8,Rei,1.0,Rei,[1.000],,[],,[],"[0.000, 0.000, 1.000, 0.000, 0.000, 0.000, 0.000, 0.000]"
3570,142.8,142.84,Rei,1.0,Rei,[1.000],,[],,[],"[0.000, 0.000, 1.000, 0.000, 0.000, 0.000, 0.000, 0.000]"
3571,142.84,142.88,Rei,1.0,Rei,[1.000],,[],,[],"[0.000, 0.000, 1.000, 0.000, 0.000, 0.000, 0.000, 0.000]"
3572,142.88,142.92,Rei,1.0,Rei,[1.000],,[],,[],"[0.000, 0.000, 1.000, 0.000, 0.000, 0.000, 0.000, 0.000]"
3573,142.92,142.96,Rei,1.0,Rei,[1.000],,[],,[],"[0.000, 0.000, 1.000, 0.000, 0.000, 0.000, 0.000, 0.000]"
3574,142.96,143.0,Rei,1.0,Rei,[1.000],,[],,[],"[0.000, 0.000, 1.000, 0.000, 0.000, 0.000, 0.000, 0.000]"
3575,143.0,143.04,Rei,1.0,Rei,[1.000],Leeseo,"[0.000, 0.000, 0.000, 0.000, 0.000, 0.600, 0.000]",,[],"[0.000, 0.000, 1.000, 0.000, 0.000, 0.000, 0.000, 0.000]"
3576,143.04,143.08,Rei,1.0,Rei,[1.000],Leeseo,"[0.000, 0.000, 0.000, 0.000, 0.000, 0.728, 0.000]",,[],"[0.000, 0.000, 1.000, 0.000, 0.000, 0.000, 0.000, 0.000]"
3577,143.08,143.12,Rei,1.0,Rei,[1.000],Leeseo,"[0.000, 0.000, 0.000, 0.000, 0.000, 0.833, 0.000]",,[],"[0.000, 0.000, 1.000, 0.000, 0.000, 0.000, 0.000, 0.000]"
3578,143.12,143.16,Rei,1.0,Rei,[1.000],Leeseo,"[0.000, 0.000, 0.000, 0.000, 0.000, 0.907, 0.000]",,[],"[0.000, 0.000, 1.000, 0.000, 0.000, 0.000, 0.000, 0.000]"
3579,143.16,143.2,Rei,1.0,Rei,[1.000],Leeseo,"[0.000, 0.000, 0.000, 0.000, 0.000, 0.952, 0.000]",,[],"[0.000, 0.000, 1.000, 0.000, 0.000, 0.000, 0.000, 0.000]"
3580,143.2,143.24,Rei,1.0,Rei,[1.000],Leeseo,"[0.000, 0.000, 0.000, 0.000, 0.000, 0.976, 0.000]",,[],"[0.000, 0.000, 1.000, 0.000, 0.000, 0.000, 0.000, 0.000]"
3581,143.24,143.28,Rei,1.0,Rei,[1.000],Leeseo,"[0.000, 0.000, 0.000, 0.000, 0.000, 0.988, 0.000]",,[],"[0.000, 0.000, 1.000, 0.000, 0.000, 0.000, 0.000, 0.000]"
3582,143.28,143.32,Rei,1.0,Rei,[1.000],Leeseo,"[0.000, 0.000, 0.000, 0.000, 0.000, 0.995, 0.000]",,[],"[0.000, 0.000, 1.000, 0.000, 0.000, 0.000, 0.000, 0.000]"
3583,143.32,143.36,Rei,1.0,Rei,[1.000],Leeseo,"[0.000, 0.000, 0.000, 0.000, 0.000, 0.998, 0.000]",,[],"[0.000, 0.000, 1.000, 0.000, 0.000, 0.000, 0.000, 0.000]"
3584,143.36,143.4,Rei,1.0,Rei,[1.000],Leeseo,"[0.000, 0.000, 0.000, 0.000, 0.000, 0.999, 0.000]",,[],"[0.000, 0.000, 1.000, 0.000, 0.000, 0.000, 0.000, 0.000]"
3585,143.4,143.44,Rei,1.0,Rei,[1.000],Leeseo,"[0.000, 0.000, 0.000, 0.000, 0.000, 0.999, 0.000]",,[],"[0.000, 0.000, 1.000, 0.000, 0.000, 0.000, 0.000, 0.000]"
3586,143.44,143.48,Rei,1.0,Rei,[1.000],Leeseo,"[0.000, 0.000, 0.000, 0.000, 0.000, 1.000, 0.000]",,[],"[0.000, 0.000, 1.000, 0.000, 0.000, 0.000, 0.000, 0.000]"
3587,143.48,143.52,Rei,1.0,Rei,[1.000],Leeseo,"[0.000, 0.000, 0.000, 0.000, 0.000, 1.000, 0.000]",,[],"[0.000, 0.000, 1.000, 0.000, 0.000, 0.000, 0.000, 0.000]"
3588,143.52,143.56,Rei,1.0,Rei,[1.000],Leeseo,"[0.000, 0.000, 0.000, 0.000, 0.000, 1.000, 0.000]",,[],"[0.000, 0.000, 1.000, 0.000, 0.000, 0.000, 0.000, 0.000]"
3589,143.56,143.6,Rei,1.0,Rei,[1.000],Leeseo,"[0.000, 0.000, 0.000, 0.000, 0.000, 1.000, 0.000]",,[],"[0.000, 0.000, 1.000, 0.000, 0.000, 0.000, 0.000, 0.000]"
3590,143.6,143.64,Rei,1.0,Rei,[1.000],Leeseo,"[0.000, 0.000, 0.000, 0.000, 0.000, 1.000, 0.000]",,[],"[0.000, 0.000, 1.000, 0.000, 0.000, 0.000, 0.000, 0.000]"
3591,143.64,143.68,Rei,1.0,Rei,[1.000],Leeseo,"[0.000, 0.000, 0.000, 0.000, 0.000, 1.000, 0.000]",,[],"[0.000, 0.000, 1.000, 0.000, 0.000, 0.000, 0.000, 0.000]"
3592,143.68,143.72,Rei,1.0,Rei,[1.000],Leeseo,"[0.000, 0.000, 0.000, 0.000, 0.000, 1.000, 0.000]",,[],"[0.000, 0.000, 1.000, 0.000, 0.000, 0.000, 0.000, 0.000]"
3593,143.72,143.76,Rei,1.0,Rei,[1.000],Leeseo,"[0.000, 0.000, 0.000, 0.000, 0.000, 1.000, 0.000]",,[],"[0.000, 0.000, 1.000, 0.000, 0.000, 0.000, 0.000, 0.000]"
3594,143.76,143.8,Rei,1.0,Rei,[1.000],Leeseo,"[0.000, 0.000, 0.000, 0.000, 0.000, 1.000, 0.000]",,[],"[0.000, 0.000, 1.000, 0.000, 0.000, 0.000, 0.000, 0.000]"
3595,143.8,143.84,Rei,1.0,Rei,[1.000],Leeseo,"[0.000, 0.000, 0.000, 0.000, 0.000, 1.000, 0.000]",,[],"[0.000, 0.000, 1.000, 0.000, 0.000, 0.000, 0.000, 0.000]"
3596,143.84,143.88,Rei,1.0,Rei,[1.000],Leeseo,"[0.000, 0.000, 0.000, 0.000, 0.000, 1.000, 0.000]",,[],"[0.000, 0.000, 1.000, 0.000, 0.000, 0.000, 0.000, 0.000]"
3597,143.88,143.92,Rei,1.0,Rei,[1.000],Leeseo,"[0.000, 0.000, 0.000, 0.000, 0.000, 1.000, 0.000]",,[],"[0.000, 0.000, 1.000, 0.000, 0.000, 0.000, 0.000, 0.000]"
3598,143.92,143.96,Rei,1.0,Rei,[1.000],Leeseo,"[0.000, 0.000, 0.000, 0.000, 0.000, 1.000, 0.000]",,[],"[0.000, 0.000, 1.000, 0.000, 0.000, 0.000, 0.000, 0.000]"
3599,143.96,144.0,Rei,1.0,Rei,[1.000],Leeseo,"[0.000, 0.000, 0.000, 0.000, 0.000, 1.000, 0.000]",,[],"[0.000, 0.000, 1.000, 0.000, 0.000, 0.000, 0.000, 0.000]"
3600,144.0,144.04,Rei,1.0,Rei,[1.000],Leeseo,"[0.000, 0.000, 0.000, 0.000, 0.000, 1.000, 0.000]",,[],"[0.000, 0.000, 1.000, 0.000, 0.000, 0.000, 0.000, 0.000]"
3601,144.04,144.08,Rei,1.0,Rei,[1.000],Leeseo,"[0.000, 0.000, 0.000, 0.000, 0.000, 1.000, 0.000]",,[],"[0.000, 0.000, 1.000, 0.000, 0.000, 0.000, 0.000, 0.000]"
3602,144.08,144.12,Rei,1.0,Rei,[1.000],Leeseo,"[0.000, 0.000, 0.000, 0.000, 0.000, 1.000, 0.000]",,[],"[0.000, 0.000, 1.000, 0.000, 0.000, 0.000, 0.000, 0.000]"
3603,144.12,144.16,Rei,1.0,Rei,[1.000],Leeseo,"[0.000, 0.000, 0.000, 0.000, 0.000, 1.000, 0.000]",,[],"[0.000, 0.000, 1.000, 0.000, 0.000, 0.000, 0.000, 0.000]"
3604,144.16,144.2,Rei,1.0,Rei,[1.000],Leeseo,"[0.000, 0.000, 0.000, 0.000, 0.000, 1.000, 0.000]",,[],"[0.000, 0.000, 1.000, 0.000, 0.000, 0.000, 0.000, 0.000]"
3605,144.2,144.24,Rei,1.0,Rei,[1.000],Leeseo,"[0.000, 0.000, 0.000, 0.000, 0.000, 1.000, 0.000]",,[],"[0.000, 0.000, 1.000, 0.000, 0.000, 0.000, 0.000, 0.000]"
3606,144.24,144.28,Rei,1.0,Rei,[1.000],Leeseo,"[0.000, 0.000, 0.000, 0.000, 0.000, 1.000, 0.000]",,[],"[0.000, 0.000, 1.000, 0.000, 0.000, 0.000, 0.000, 0.000]"
3607,144.28,144.32,Rei,1.0,Rei,[1.000],Leeseo,"[0.000, 0.000, 0.000, 0.000, 0.000, 1.000, 0.000]",,[],"[0.000, 0.000, 1.000, 0.000, 0.000, 0.000, 0.000, 0.000]"
3608,144.32,144.36,Rei,1.0,Rei,[1.000],Leeseo,"[0.000, 0.000, 0.000, 0.000, 0.000, 1.000, 0.000]",,[],"[0.000, 0.000, 1.000, 0.000, 0.000, 0.000, 0.000, 0.000]"
3609,144.36,144.4,Rei,1.0,Rei,[1.000],Leeseo,"[0.000, 0.000, 0.000, 0.000, 0.000, 1.000, 0.000]",,[],"[0.000, 0.000, 1.000, 0.000, 0.000, 0.000, 0.000, 0.000]"
3610,144.4,144.44,Rei,1.0,Rei,[1.000],Leeseo,"[0.000, 0.000, 0.000, 0.000, 0.000, 1.000, 0.000]",,[],"[0.000, 0.000, 1.000, 0.000, 0.000, 0.000, 0.000, 0.000]"
3611,144.44,144.48,Rei,1.0,Rei,[1.000],Leeseo,"[0.000, 0.000, 0.000, 0.000, 0.000, 1.000, 0.000]",,[],"[0.000, 0.000, 1.000, 0.000, 0.000, 0.000, 0.000, 0.000]"
3612,144.48,144.52,Rei,1.0,Rei,[1.000],Leeseo,"[0.000, 0.000, 0.000, 0.000, 0.000, 1.000, 0.000]",,[],"[0.000, 0.000, 1.000, 0.000, 0.000, 0.000, 0.000, 0.000]"
3613,144.52,144.56,Rei,1.0,Rei,[1.000],Leeseo,"[0.000, 0.000, 0.000, 0.000, 0.000, 1.000, 0.000]",,[],"[0.000, 0.000, 1.000, 0.000, 0.000, 0.000, 0.000, 0.000]"
3614,144.56,144.6,Rei,1.0,Rei,[1.000],Leeseo,"[0.000, 0.000, 0.000, 0.000, 0.000, 1.000, 0.000]",,[],"[0.000, 0.000, 1.000, 0.000, 0.000, 0.000, 0.000, 0.000]"
3615,144.6,144.64,Rei,0.9999998807907104,Rei,[1.000],Leeseo,"[0.000, 0.000, 0.000, 0.000, 0.000, 1.000, 0.000]",,[],"[0.000, 0.000, 1.000, 0.000, 0.000, 0.000, 0.000, 0.000]"
3616,144.64,144.68,Rei,0.9999998807907104,Rei,[1.000],Leeseo,"[0.000, 0.000, 0.000, 0.000, 0.000, 1.000, 0.000]",,[],"[0.000, 0.000, 1.000, 0.000, 0.000, 0.000, 0.000, 0.000]"
3617,144.68,144.72,Rei,0.9999998807907104,Rei,[1.000],Leeseo,"[0.000, 0.000, 0.000, 0.000, 0.000, 1.000, 0.000]",,[],"[0.000, 0.000, 1.000, 0.000, 0.000, 0.000, 0.000, 0.000]"
3618,144.72,144.76,Rei,0.9999997615814209,Rei,[1.000],Leeseo,"[0.000, 0.000, 0.000, 0.000, 0.000, 1.000, 0.000]",,[],"[0.000, 0.000, 1.000, 0.000, 0.000, 0.001, 0.000, 0.000]"
3619,144.76,144.8,Rei,0.9999995231628418,Rei,[1.000],Leeseo,"[0.000, 0.000, 0.000, 0.000, 0.000, 1.000, 0.000]",,[],"[0.000, 0.000, 1.000, 0.000, 0.000, 0.001, 0.000, 0.000]"
3620,144.8,144.84,Rei,0.9999991655349731,Rei,[1.000],Leeseo,"[0.000, 0.000, 0.000, 0.000, 0.000, 1.000, 0.000]",,[],"[0.000, 0.000, 1.000, 0.000, 0.000, 0.002, 0.000, 0.000]"
3621,144.84,144.88,Rei,0.9999985694885254,Rei,[1.000],Leeseo,"[0.000, 0.000, 0.000, 0.000, 0.000, 1.000, 0.000]",,[],"[0.000, 0.000, 1.000, 0.000, 0.000, 0.004, 0.000, 0.000]"
3622,144.88,144.92,Rei,0.9999973773956299,Rei,[1.000],Leeseo,"[0.000, 0.000, 0.000, 0.000, 0.000, 1.000, 0.000]",,[],"[0.000, 0.000, 1.000, 0.000, 0.000, 0.007, 0.000, 0.000]"
3623,144.92,144.96,Rei,0.9999951124191284,Rei,[1.000],Leeseo,"[0.000, 0.000, 0.000, 0.000, 0.000, 1.000, 0.000]",,[],"[0.000, 0.000, 1.000, 0.000, 0.000, 0.013, 0.000, 0.000]"
3624,144.96,145.0,Rei,0.999990701675415,Rei,[1.000],Leeseo,"[0.000, 0.000, 0.000, 0.000, 0.000, 1.000, 0.000]",,[],"[0.000, 0.000, 1.000, 0.000, 0.000, 0.023, 0.000, 0.000]"
3625,145.0,145.04,Rei,0.9999822378158569,Rei,[1.000],Leeseo,"[0.000, 0.000, 0.000, 0.000, 0.000, 1.000, 0.000]",,[],"[0.000, 0.000, 1.000, 0.000, 0.000, 0.040, 0.000, 0.000]"
3626,145.04,145.08,Rei,0.9999655485153198,Rei,[1.000],Leeseo,"[0.000, 0.000, 0.000, 0.000, 0.000, 1.000, 0.000]",,[],"[0.000, 0.000, 1.000, 0.000, 0.000, 0.066, 0.000, 0.000]"
3627,145.08,145.12,Rei,0.9999330043792725,Rei,[1.000],Leeseo,"[0.000, 0.000, 0.000, 0.000, 0.000, 1.000, 0.000]",,[],"[0.000, 0.000, 1.000, 0.000, 0.000, 0.107, 0.000, 0.000]"
3628,145.12,145.16,Rei,0.9998703002929688,Rei,[1.000],Leeseo,"[0.000, 0.000, 0.000, 0.000, 0.000, 1.000, 0.000]",,[],"[0.000, 0.000, 1.000, 0.000, 0.000, 0.164, 0.000, 0.000]"
3629,145.16,145.2,Rei,0.9997510313987732,Rei,[1.000],Leeseo,"[0.000, 0.000, 0.000, 0.000, 0.000, 1.000, 0.000]",,[],"[0.000, 0.000, 1.000, 0.000, 0.000, 0.236, 0.000, 0.001]"
3630,145.2,145.24,Rei,0.9995296001434326,Rei,[1.000],Leeseo,"[0.000, 0.000, 0.000, 0.000, 0.000, 1.000, 0.000]",,[],"[0.000, 0.000, 1.000, 0.000, 0.000, 0.321, 0.000, 0.001]"
3631,145.24,145.28,Rei,0.999129593372345,Rei,[0.999],Leeseo,"[0.000, 0.000, 0.000, 0.000, 0.000, 1.000, 0.000]",,[],"[0.000, 0.000, 0.999, 0.000, 0.000, 0.410, 0.000, 0.001]"
3632,145.28,145.32,Rei,0.9984310269355774,Rei,[0.998],Leeseo,"[0.000, 0.000, 0.000, 0.000, 0.000, 1.000, 0.000]",,[],"[0.000, 0.000, 0.998, 0.000, 0.000, 0.495, 0.000, 0.002]"
3633,145.32,145.36,Rei,0.997259259223938,Rei|Leeseo,"[0.997, 0.572]",Leeseo,"[0.000, 0.000, 0.000, 0.000, 0.000, 1.000, 0.000]",,[],"[0.000, 0.000, 0.997, 0.000, 0.000, 0.572, 0.000, 0.002]"
3634,145.36,145.4,Rei,0.9953757524490356,Rei|Leeseo,"[0.995, 0.636]",Leeseo,"[0.000, 0.000, 0.000, 0.000, 0.000, 1.000, 0.000]",,[],"[0.000, 0.000, 0.995, 0.000, 0.000, 0.636, 0.000, 0.003]"
3635,145.4,145.44,Rei,0.9924911856651306,Rei|Leeseo,"[0.992, 0.688]",Leeseo,"[0.000, 0.000, 0.000, 0.000, 0.000, 1.000, 0.000]",,[],"[0.000, 0.000, 0.992, 0.000, 0.000, 0.688, 0.000, 0.004]"
3636,145.44,145.48,Rei,0.9882886409759521,Rei|Leeseo,"[0.988, 0.729]",Leeseo,"[0.000, 0.000, 0.000, 0.000, 0.000, 1.000, 0.000]",,[],"[0.000, 0.000, 0.988, 0.000, 0.000, 0.729, 0.000, 0.005]"
3637,145.48,145.52,Rei,0.9824521541595459,Rei|Leeseo,"[0.982, 0.759]",Leeseo,"[0.000, 0.000, 0.000, 0.000, 0.000, 1.000, 0.000]",,[],"[0.000, 0.000, 0.982, 0.000, 0.000, 0.759, 0.000, 0.006]"
3638,145.52,145.56,Rei,0.9746702909469604,Rei|Leeseo,"[0.975, 0.781]",Leeseo,"[0.000, 0.000, 0.000, 0.000, 0.000, 1.000, 0.000]",,[],"[0.000, 0.000, 0.975, 0.000, 0.000, 0.781, 0.000, 0.008]"
3639,145.56,145.6,Rei,0.9646419286727905,Rei|Leeseo,"[0.965, 0.797]",Leeseo,"[0.000, 0.000, 0.000, 0.000, 0.000, 1.000, 0.000]",,[],"[0.001, 0.000, 0.965, 0.000, 0.000, 0.797, 0.000, 0.009]"
3640,145.6,145.64,Rei,0.9520767331123352,Rei|Leeseo,"[0.952, 0.806]",Leeseo,"[0.000, 0.000, 0.000, 0.000, 0.000, 1.000, 0.000]",,[],"[0.001, 0.000, 0.952, 0.000, 0.000, 0.806, 0.000, 0.011]"
3641,145.64,145.68,Rei,0.9367372989654541,Rei|Leeseo,"[0.937, 0.811]",Leeseo,"[0.000, 0.000, 0.000, 0.000, 0.000, 1.000, 0.000]",,[],"[0.001, 0.000, 0.937, 0.000, 0.000, 0.811, 0.000, 0.013]"
3642,145.68,145.72,Rei,0.9184379577636719,Rei|Leeseo,"[0.918, 0.811]",Leeseo,"[0.000, 0.000, 0.000, 0.000, 0.000, 1.000, 0.000]",,[],"[0.001, 0.000, 0.918, 0.000, 0.000, 0.811, 0.000, 0.015]"
3643,145.72,145.76,Rei,0.89696204662323,Rei|Leeseo,"[0.897, 0.808]",Leeseo,"[0.000, 0.000, 0.000, 0.000, 0.000, 1.000, 0.000]",,[],"[0.002, 0.000, 0.897, 0.000, 0.000, 0.808, 0.000, 0.017]"
3644,145.76,145.8,Rei,0.8720559477806091,Rei|Leeseo,"[0.872, 0.801]",Leeseo,"[0.000, 0.000, 0.000, 0.000, 0.000, 1.000, 0.000]",,[],"[0.002, 0.000, 0.872, 0.000, 0.000, 0.801, 0.000, 0.019]"
3645,145.8,145.84,Rei,0.8435729742050171,Rei|Leeseo,"[0.844, 0.789]",Leeseo,"[0.000, 0.000, 0.000, 0.000, 0.000, 1.000, 0.000]",,[],"[0.003, 0.000, 0.844, 0.000, 0.000, 0.789, 0.000, 0.021]"
3646,145.84,145.88,Rei,0.8114274740219116,Rei|Leeseo,"[0.811, 0.774]",Leeseo,"[0.000, 0.000, 0.000, 0.000, 0.000, 1.000, 0.000]",,[],"[0.003, 0.000, 0.811, 0.000, 0.000, 0.774, 0.000, 0.024]"
3647,145.88,145.92,Rei,0.7756029367446899,Rei|Leeseo,"[0.776, 0.755]",Leeseo,"[0.000, 0.000, 0.000, 0.000, 0.000, 1.000, 0.000]",,[],"[0.004, 0.000, 0.776, 0.000, 0.000, 0.755, 0.000, 0.027]"
3648,145.92,145.96,Rei,0.7361379861831665,Rei|Leeseo,"[0.736, 0.732]",Leeseo,"[0.000, 0.000, 0.000, 0.000, 0.000, 1.000, 0.000]",,[],"[0.005, 0.000, 0.736, 0.000, 0.000, 0.732, 0.000, 0.030]"
3649,145.96,146.0,Leeseo,0.7056991457939148,Rei|Leeseo,"[0.693, 0.706]",Leeseo,"[0.000, 0.000, 0.000, 0.000, 0.000, 1.000, 0.000]",,[],"[0.006, 0.000, 0.693, 0.000, 0.000, 0.706, 0.000, 0.033]"
3650,146.0,146.04,Leeseo,0.6759728789329529,Rei|Leeseo,"[0.647, 0.676]",Leeseo,"[0.000, 0.000, 0.000, 0.000, 0.000, 1.000, 0.000]",,[],"[0.007, 0.000, 0.647, 0.000, 0.000, 0.676, 0.000, 0.037]"
3651,146.04,146.08,Leeseo,0.6437101364135742,Rei|Leeseo,"[0.599, 0.644]",Leeseo,"[0.000, 0.000, 0.000, 0.000, 0.000, 1.000, 0.000]",,[],"[0.008, 0.000, 0.599, 0.000, 0.000, 0.644, 0.000, 0.042]"
3652,146.08,146.12,Leeseo,0.6095445156097412,Rei|Leeseo,"[0.549, 0.610]",Leeseo,"[0.000, 0.000, 0.000, 0.000, 0.000, 1.000, 0.000]",,[],"[0.010, 0.000, 0.549, 0.000, 0.000, 0.610, 0.000, 0.047]"
3653,146.12,146.16,Leeseo,0.5740430951118469,Rei|Leeseo,"[0.498, 0.574]",Leeseo,"[0.000, 0.000, 0.000, 0.000, 0.000, 1.000, 0.000]",Leeseo,[0.702],"[0.011, 0.000, 0.498, 0.000, 0.000, 0.574, 0.000, 0.053]"
3654,146.16,146.2,Leeseo,0.5378018617630005,Leeseo,[0.538],Leeseo,"[0.000, 0.000, 0.000, 0.000, 0.000, 1.000, 0.000]",Leeseo,[0.791],"[0.012, 0.000, 0.448, 0.000, 0.000, 0.538, 0.000, 0.060]"
3655,146.2,146.24,Leeseo,0.5014565587043762,Leeseo,[0.501],Leeseo,"[0.000, 0.000, 0.000, 0.000, 0.000, 1.000, 0.000]",Leeseo,[0.853],"[0.013, 0.000, 0.400, 0.000, 0.000, 0.501, 0.000, 0.067]"
3656,146.24,146.28,silence,0.0756848156452179,,[],Leeseo,"[0.000, 0.000, 0.000, 0.000, 0.000, 1.000, 0.000]",Rei|Leeseo,"[0.631, 0.895]","[0.014, 0.000, 0.354, 0.000, 0.000, 0.466, 0.000, 0.076]"
3657,146.28,146.32,silence,0.08492368459701538,,[],Leeseo,"[0.000, 0.000, 0.000, 0.000, 0.000, 1.000, 0.000]",Rei|Leeseo,"[0.676, 0.924]","[0.015, 0.000, 0.311, 0.000, 0.000, 0.430, 0.000, 0.085]"
3658,146.32,146.36,silence,0.09499382972717285,,[],Leeseo,"[0.000, 0.000, 0.000, 0.000, 0.000, 1.000, 0.000]",Rei|Leeseo,"[0.711, 0.943]","[0.016, 0.000, 0.272, 0.000, 0.000, 0.396, 0.000, 0.095]"
3659,146.36,146.4,silence,0.1057453453540802,,[],Leeseo,"[0.000, 0.000, 0.000, 0.000, 0.000, 1.000, 0.000]",Rei|Leeseo,"[0.736, 0.956]","[0.016, 0.000, 0.236, 0.000, 0.000, 0.363, 0.000, 0.106]"
3660,146.4,146.44,silence,0.11681197583675385,,[],Leeseo,"[0.000, 0.000, 0.000, 0.000, 0.000, 1.000, 0.000]",Rei|Leeseo,"[0.755, 0.964]","[0.016, 0.000, 0.205, 0.000, 0.000, 0.332, 0.000, 0.117]"
3661,146.44,146.48,silence,0.127597838640213,,[],Leeseo,"[0.000, 0.000, 0.000, 0.000, 0.000, 1.000, 0.000]",Rei|Leeseo,"[0.767, 0.971]","[0.015, 0.000, 0.178, 0.000, 0.000, 0.304, 0.000, 0.128]"
3662,146.48,146.52,silence,0.13727794587612152,,[],Leeseo,"[0.000, 0.000, 0.000, 0.000, 0.000, 1.000, 0.000]",Rei|Leeseo,"[0.776, 0.975]","[0.014, 0.000, 0.154, 0.000, 0.000, 0.280, 0.000, 0.137]"
3663,146.52,146.56,silence,0.14492608606815338,,[],Leeseo,"[0.000, 0.000, 0.000, 0.000, 0.000, 1.000, 0.000]",Rei|Leeseo,"[0.781, 0.978]","[0.013, 0.000, 0.134, 0.000, 0.000, 0.260, 0.000, 0.145]"
3664,146.56,146.6,silence,0.1495400071144104,,[],Leeseo,"[0.000, 0.000, 0.000, 0.000, 0.000, 1.000, 0.000]",Rei|Leeseo,"[0.785, 0.981]","[0.012, 0.000, 0.116, 0.000, 0.000, 0.244, 0.000, 0.150]"
3665,146.6,146.64,silence,0.15013863146305084,,[],Leeseo,"[0.000, 0.000, 0.000, 0.000, 0.000, 1.000, 0.000]",Rei|Leeseo,"[0.788, 0.983]","[0.010, 0.000, 0.101, 0.000, 0.000, 0.234, 0.000, 0.150]"
3666,146.64,146.68,silence,0.14598259329795837,,[],Leeseo,"[0.000, 0.000, 0.000, 0.000, 0.000, 0.999, 0.000]",Rei|Leeseo,"[0.791, 0.985]","[0.008, 0.000, 0.087, 0.000, 0.000, 0.229, 0.000, 0.146]"
3667,146.68,146.72,silence,0.13668373227119446,,[],Leeseo,"[0.000, 0.000, 0.000, 0.000, 0.000, 0.999, 0.000]",Rei|Leeseo,"[0.796, 0.987]","[0.007, 0.000, 0.074, 0.000, 0.000, 0.230, 0.000, 0.137]"
3668,146.72,146.76,silence,0.12254052609205246,,[],Leeseo,"[0.000, 0.000, 0.000, 0.000, 0.000, 0.998, 0.000]",Rei|Leeseo,"[0.802, 0.988]","[0.005, 0.000, 0.062, 0.000, 0.000, 0.239, 0.000, 0.123]"
3669,146.76,146.8,silence,0.10462285578250885,,[],Leeseo,"[0.000, 0.000, 0.000, 0.000, 0.000, 0.996, 0.000]",Rei|Leeseo,"[0.810, 0.989]","[0.004, 0.000, 0.052, 0.000, 0.000, 0.256, 0.000, 0.105]"
3670,146.8,146.84,silence,0.084743432700634,,[],Leeseo,"[0.000, 0.000, 0.000, 0.000, 0.000, 0.991, 0.000]",Rei|Leeseo,"[0.822, 0.990]","[0.002, 0.000, 0.042, 0.000, 0.000, 0.283, 0.000, 0.085]"
3671,146.84,146.88,silence,0.06488469988107681,,[],Leeseo,"[0.000, 0.000, 0.000, 0.000, 0.000, 0.981, 0.000]",Rei|Leeseo,"[0.836, 0.991]","[0.002, 0.000, 0.034, 0.000, 0.000, 0.321, 0.000, 0.065]"
3672,146.88,146.92,silence,0.046829745173454285,,[],Leeseo,"[0.000, 0.000, 0.000, 0.000, 0.000, 0.957, 0.000]",Rei|Leeseo,"[0.853, 0.992]","[0.001, 0.000, 0.026, 0.000, 0.000, 0.372, 0.000, 0.047]"
3673,146.92,146.96,silence,0.031818993389606476,,[],Leeseo,"[0.000, 0.000, 0.000, 0.000, 0.000, 0.906, 0.000]",Rei|Leeseo,"[0.871, 0.993]","[0.001, 0.000, 0.020, 0.000, 0.000, 0.437, 0.000, 0.032]"
3674,146.96,147.0,silence,0.02034716121852398,,[],Leeseo,"[0.000, 0.000, 0.000, 0.000, 0.000, 0.799, 0.000]",Rei|Leeseo,"[0.889, 0.994]","[0.000, 0.000, 0.015, 0.000, 0.000, 0.514, 0.000, 0.020]"
3675,147.0,147.04,Leeseo,0.6003748178482056,Leeseo,[0.600],Leeseo,"[0.000, 0.000, 0.000, 0.000, 0.000, 0.615, 0.000]",Rei|Leeseo,"[0.906, 0.994]","[0.000, 0.000, 0.011, 0.000, 0.000, 0.600, 0.000, 0.012]"
3676,147.04,147.08,Leeseo,0.6893954277038574,Leeseo,[0.689],,[],Rei|Leeseo,"[0.922, 0.995]","[0.000, 0.000, 0.008, 0.000, 0.000, 0.689, 0.000, 0.007]"
3677,147.08,147.12,Leeseo,0.7733578085899353,Leeseo,[0.773],,[],Rei|Leeseo,"[0.935, 0.996]","[0.000, 0.000, 0.005, 0.000, 0.000, 0.773, 0.000, 0.004]"
3678,147.12,147.16,Leeseo,0.8449615240097046,Leeseo,[0.845],,[],Rei|Leeseo,"[0.945, 0.996]","[0.000, 0.000, 0.003, 0.000, 0.000, 0.845, 0.000, 0.002]"
3679,147.16,147.2,Leeseo,0.9000970125198364,Leeseo,[0.900],,[],Rei|Leeseo,"[0.952, 0.996]","[0.000, 0.000, 0.002, 0.000, 0.000, 0.900, 0.000, 0.001]"
3680,147.2,147.24,Leeseo,0.938869059085846,Leeseo,[0.939],,[],Rei|Leeseo,"[0.956, 0.996]","[0.000, 0.000, 0.001, 0.000, 0.000, 0.939, 0.000, 0.001]"
3681,147.24,147.28,Leeseo,0.9641159772872925,Leeseo,[0.964],,[],Rei|Leeseo,"[0.956, 0.996]","[0.000, 0.000, 0.001, 0.000, 0.000, 0.964, 0.000, 0.000]"
3682,147.28,147.32,Leeseo,0.9795811772346497,Leeseo,[0.980],,[],Rei|Leeseo,"[0.954, 0.995]","[0.000, 0.000, 0.000, 0.000, 0.000, 0.980, 0.000, 0.000]"
3683,147.32,147.36,Leeseo,0.9886244535446167,Leeseo,[0.989],,[],Rei|Leeseo,"[0.946, 0.993]","[0.000, 0.000, 0.000, 0.000, 0.000, 0.989, 0.000, 0.000]"
3684,147.36,147.4,Leeseo,0.9937379360198975,Leeseo,[0.994],,[],Rei|Leeseo,"[0.929, 0.990]","[0.000, 0.000, 0.000, 0.000, 0.000, 0.994, 0.000, 0.000]"
3685,147.4,147.44,Leeseo,0.9965640902519226,Leeseo,[0.997],,[],Rei|Leeseo,"[0.896, 0.985]","[0.000, 0.000, 0.000, 0.000, 0.000, 0.997, 0.000, 0.000]"
3686,147.44,147.48,Leeseo,0.9981080293655396,Leeseo,[0.998],,[],Rei|Leeseo,"[0.833, 0.972]","[0.000, 0.000, 0.000, 0.000, 0.000, 0.998, 0.000, 0.000]"
3687,147.48,147.52,Leeseo,0.9989480376243591,Leeseo,[0.999],,[],Rei|Leeseo,"[0.714, 0.943]","[0.000, 0.000, 0.000, 0.000, 0.000, 0.999, 0.000, 0.000]"
3688,147.52,147.56,Leeseo,0.9994053840637207,Leeseo,[0.999],,[],Leeseo,[0.873],"[0.000, 0.000, 0.000, 0.000, 0.000, 0.999, 0.000, 0.000]"
3689,147.56,147.6,Leeseo,0.9996570348739624,Leeseo,[1.000],,[],Leeseo,[0.713],"[0.000, 0.000, 0.000, 0.000, 0.000, 1.000, 0.000, 0.000]"
3690,147.6,147.64,Leeseo,0.999797523021698,Leeseo,[1.000],,[],,[],"[0.000, 0.000, 0.000, 0.000, 0.000, 1.000, 0.000, 0.000]"
3691,147.64,147.68,Leeseo,0.9998772144317627,Leeseo,[1.000],,[],,[],"[0.000, 0.000, 0.000, 0.000, 0.000, 1.000, 0.000, 0.000]"
3692,147.68,147.72,Leeseo,0.9999232292175293,Leeseo,[1.000],,[],,[],"[0.000, 0.000, 0.000, 0.000, 0.000, 1.000, 0.000, 0.000]"
3693,147.72,147.76,Leeseo,0.9999504089355469,Leeseo,[1.000],,[],,[],"[0.000, 0.000, 0.000, 0.000, 0.000, 1.000, 0.000, 0.000]"
3694,147.76,147.8,Leeseo,0.9999668598175049,Leeseo,[1.000],,[],,[],"[0.000, 0.000, 0.000, 0.000, 0.000, 1.000, 0.000, 0.000]"
3695,147.8,147.84,Leeseo,0.9999771118164062,Leeseo,[1.000],,[],,[],"[0.000, 0.000, 0.000, 0.000, 0.000, 1.000, 0.000, 0.000]"
3696,147.84,147.88,Leeseo,0.9999836683273315,Leeseo,[1.000],,[],,[],"[0.000, 0.000, 0.000, 0.000, 0.000, 1.000, 0.000, 0.000]"
3697,147.88,147.92,Leeseo,0.9999878406524658,Leeseo,[1.000],,[],,[],"[0.000, 0.000, 0.000, 0.000, 0.000, 1.000, 0.000, 0.000]"
3698,147.92,147.96,Leeseo,0.9999905824661255,Leeseo,[1.000],,[],,[],"[0.000, 0.000, 0.000, 0.000, 0.000, 1.000, 0.000, 0.000]"
3699,147.96,148.0,Leeseo,0.9999924898147583,Leeseo,[1.000],,[],,[],"[0.000, 0.000, 0.000, 0.000, 0.000, 1.000, 0.000, 0.000]"
3700,148.0,148.04,Leeseo,0.9999938011169434,Leeseo,[1.000],,[],,[],"[0.000, 0.000, 0.000, 0.000, 0.000, 1.000, 0.000, 0.000]"
3701,148.04,148.08,Leeseo,0.9999946355819702,Leeseo,[1.000],,[],,[],"[0.000, 0.000, 0.000, 0.000, 0.000, 1.000, 0.000, 0.000]"
3702,148.08,148.12,Leeseo,0.999995231628418,Leeseo,[1.000],,[],,[],"[0.000, 0.000, 0.000, 0.000, 0.000, 1.000, 0.000, 0.000]"
3703,148.12,148.16,Leeseo,0.9999957084655762,Leeseo,[1.000],,[],,[],"[0.000, 0.000, 0.000, 0.000, 0.000, 1.000, 0.000, 0.000]"
3704,148.16,148.2,Leeseo,0.9999960660934448,Leeseo,[1.000],,[],,[],"[0.000, 0.000, 0.000, 0.000, 0.000, 1.000, 0.000, 0.000]"
3705,148.2,148.24,Leeseo,0.9999963045120239,Leeseo,[1.000],,[],,[],"[0.000, 0.000, 0.000, 0.000, 0.000, 1.000, 0.000, 0.000]"
3706,148.24,148.28,Leeseo,0.999996542930603,Leeseo,[1.000],,[],,[],"[0.000, 0.000, 0.000, 0.000, 0.000, 1.000, 0.000, 0.000]"
3707,148.28,148.32,Leeseo,0.9999967813491821,Leeseo,[1.000],,[],,[],"[0.000, 0.000, 0.000, 0.000, 0.000, 1.000, 0.000, 0.000]"
3708,148.32,148.36,Leeseo,0.9999969005584717,Leeseo,[1.000],,[],,[],"[0.000, 0.000, 0.000, 0.000, 0.000, 1.000, 0.000, 0.000]"
3709,148.36,148.4,Leeseo,0.9999970197677612,Leeseo,[1.000],,[],,[],"[0.000, 0.000, 0.000, 0.000, 0.000, 1.000, 0.000, 0.000]"
3710,148.4,148.44,Leeseo,0.9999972581863403,Leeseo,[1.000],,[],,[],"[0.000, 0.000, 0.000, 0.000, 0.000, 1.000, 0.000, 0.000]"
3711,148.44,148.48,Leeseo,0.9999973773956299,Leeseo,[1.000],,[],,[],"[0.000, 0.000, 0.000, 0.000, 0.000, 1.000, 0.000, 0.000]"
3712,148.48,148.52,Leeseo,0.9999974966049194,Leeseo,[1.000],,[],,[],"[0.000, 0.000, 0.000, 0.000, 0.000, 1.000, 0.000, 0.000]"
3713,148.52,148.56,Leeseo,0.999997615814209,Leeseo,[1.000],,[],,[],"[0.000, 0.000, 0.000, 0.000, 0.000, 1.000, 0.000, 0.000]"
3714,148.56,148.6,Leeseo,0.9999977350234985,Leeseo,[1.000],,[],,[],"[0.000, 0.000, 0.000, 0.000, 0.000, 1.000, 0.000, 0.000]"
3715,148.6,148.64,Leeseo,0.9999978542327881,Leeseo,[1.000],,[],,[],"[0.000, 0.000, 0.000, 0.000, 0.000, 1.000, 0.000, 0.000]"
3716,148.64,148.68,Leeseo,0.9999979734420776,Leeseo,[1.000],,[],,[],"[0.000, 0.000, 0.000, 0.000, 0.000, 1.000, 0.000, 0.000]"
3717,148.68,148.72,Leeseo,0.9999980926513672,Leeseo,[1.000],,[],,[],"[0.000, 0.000, 0.000, 0.000, 0.000, 1.000, 0.000, 0.000]"
3718,148.72,148.76,Leeseo,0.9999982118606567,Leeseo,[1.000],,[],,[],"[0.000, 0.000, 0.000, 0.000, 0.000, 1.000, 0.000, 0.000]"
3719,148.76,148.8,Leeseo,0.9999982118606567,Leeseo,[1.000],,[],,[],"[0.000, 0.000, 0.000, 0.000, 0.000, 1.000, 0.000, 0.000]"
3720,148.8,148.84,Leeseo,0.9999983310699463,Leeseo,[1.000],,[],,[],"[0.000, 0.000, 0.000, 0.000, 0.000, 1.000, 0.000, 0.000]"
3721,148.84,148.88,Leeseo,0.9999983310699463,Leeseo,[1.000],,[],,[],"[0.000, 0.000, 0.000, 0.000, 0.000, 1.000, 0.000, 0.000]"
3722,148.88,148.92,Leeseo,0.9999984502792358,Leeseo,[1.000],,[],,[],"[0.000, 0.000, 0.000, 0.000, 0.000, 1.000, 0.000, 0.000]"
3723,148.92,148.96,Leeseo,0.9999984502792358,Leeseo,[1.000],,[],,[],"[0.000, 0.000, 0.000, 0.000, 0.000, 1.000, 0.000, 0.000]"
3724,148.96,149.0,Leeseo,0.9999985694885254,Leeseo,[1.000],,[],,[],"[0.000, 0.000, 0.000, 0.000, 0.000, 1.000, 0.000, 0.000]"
3725,149.0,149.04,Leeseo,0.9999985694885254,Leeseo,[1.000],,[],,[],"[0.000, 0.000, 0.000, 0.000, 0.000, 1.000, 0.000, 0.000]"
3726,149.04,149.08,Leeseo,0.9999986886978149,Leeseo,[1.000],,[],,[],"[0.000, 0.000, 0.000, 0.000, 0.000, 1.000, 0.000, 0.000]"
3727,149.08,149.12,Leeseo,0.9999988079071045,Leeseo,[1.000],Wonyoung,"[0.000, 0.000, 0.000, 0.721, 0.000, 0.000, 0.000]",,[],"[0.000, 0.000, 0.000, 0.000, 0.000, 1.000, 0.000, 0.000]"
3728,149.12,149.16,Leeseo,0.9999988079071045,Leeseo,[1.000],Wonyoung,"[0.000, 0.000, 0.000, 0.944, 0.000, 0.000, 0.000]",,[],"[0.000, 0.000, 0.000, 0.000, 0.000, 1.000, 0.000, 0.000]"
3729,149.16,149.2,Leeseo,0.999998927116394,Leeseo,[1.000],Wonyoung,"[0.000, 0.000, 0.000, 0.991, 0.000, 0.000, 0.000]",,[],"[0.000, 0.000, 0.000, 0.000, 0.000, 1.000, 0.000, 0.000]"
3730,149.2,149.24,Leeseo,0.999998927116394,Leeseo,[1.000],Wonyoung,"[0.000, 0.000, 0.000, 0.999, 0.000, 0.000, 0.000]",,[],"[0.000, 0.000, 0.000, 0.000, 0.000, 1.000, 0.000, 0.000]"
3731,149.24,149.28,Leeseo,0.9999990463256836,Leeseo,[1.000],Wonyoung,"[0.000, 0.000, 0.000, 1.000, 0.000, 0.000, 0.000]",,[],"[0.000, 0.000, 0.000, 0.000, 0.000, 1.000, 0.000, 0.000]"
3732,149.28,149.32,Leeseo,0.9999990463256836,Leeseo,[1.000],Wonyoung,"[0.000, 0.000, 0.000, 1.000, 0.000, 0.000, 0.000]",,[],"[0.000, 0.000, 0.000, 0.000, 0.000, 1.000, 0.000, 0.000]"
3733,149.32,149.36,Leeseo,0.9999990463256836,Leeseo,[1.000],Wonyoung,"[0.000, 0.000, 0.000, 1.000, 0.000, 0.000, 0.000]",,[],"[0.000, 0.000, 0.000, 0.000, 0.000, 1.000, 0.000, 0.000]"
3734,149.36,149.4,Leeseo,0.9999990463256836,Leeseo,[1.000],Wonyoung,"[0.000, 0.000, 0.000, 1.000, 0.000, 0.000, 0.000]",,[],"[0.000, 0.000, 0.000, 0.000, 0.000, 1.000, 0.000, 0.000]"
3735,149.4,149.44,Leeseo,0.9999990463256836,Leeseo,[1.000],Wonyoung,"[0.000, 0.000, 0.000, 1.000, 0.000, 0.000, 0.000]",,[],"[0.000, 0.000, 0.000, 0.000, 0.000, 1.000, 0.000, 0.000]"
3736,149.44,149.48,Leeseo,0.9999990463256836,Leeseo,[1.000],Wonyoung,"[0.000, 0.000, 0.000, 1.000, 0.000, 0.000, 0.000]",,[],"[0.000, 0.000, 0.000, 0.000, 0.000, 1.000, 0.000, 0.000]"
3737,149.48,149.52,Leeseo,0.9999990463256836,Leeseo,[1.000],Wonyoung,"[0.000, 0.000, 0.000, 1.000, 0.000, 0.000, 0.000]",,[],"[0.000, 0.000, 0.000, 0.000, 0.000, 1.000, 0.000, 0.000]"
3738,149.52,149.56,Leeseo,0.9999990463256836,Leeseo,[1.000],Wonyoung,"[0.000, 0.000, 0.000, 1.000, 0.000, 0.000, 0.000]",,[],"[0.000, 0.000, 0.000, 0.000, 0.000, 1.000, 0.000, 0.000]"
3739,149.56,149.6,Leeseo,0.9999990463256836,Leeseo,[1.000],Wonyoung,"[0.000, 0.000, 0.000, 1.000, 0.000, 0.000, 0.000]",,[],"[0.000, 0.000, 0.000, 0.000, 0.000, 1.000, 0.000, 0.000]"
3740,149.6,149.64,Leeseo,0.9999990463256836,Leeseo,[1.000],Wonyoung,"[0.000, 0.000, 0.000, 1.000, 0.000, 0.000, 0.000]",,[],"[0.000, 0.000, 0.000, 0.000, 0.000, 1.000, 0.000, 0.000]"
3741,149.64,149.68,Leeseo,0.999998927116394,Leeseo,[1.000],Wonyoung,"[0.000, 0.000, 0.000, 1.000, 0.000, 0.000, 0.000]",,[],"[0.000, 0.000, 0.000, 0.000, 0.000, 1.000, 0.000, 0.000]"
3742,149.68,149.72,Leeseo,0.999998927116394,Leeseo,[1.000],Wonyoung,"[0.000, 0.000, 0.000, 1.000, 0.000, 0.000, 0.000]",,[],"[0.000, 0.000, 0.000, 0.000, 0.000, 1.000, 0.000, 0.000]"
3743,149.72,149.76,Leeseo,0.999998927116394,Leeseo,[1.000],Wonyoung,"[0.000, 0.000, 0.000, 1.000, 0.000, 0.000, 0.000]",,[],"[0.000, 0.000, 0.000, 0.002, 0.000, 1.000, 0.000, 0.000]"
3744,149.76,149.8,Leeseo,0.999998927116394,Leeseo,[1.000],Wonyoung,"[0.000, 0.000, 0.000, 1.000, 0.000, 0.000, 0.000]",,[],"[0.000, 0.000, 0.000, 0.006, 0.000, 1.000, 0.000, 0.000]"
3745,149.8,149.84,Leeseo,0.999998927116394,Leeseo,[1.000],Wonyoung,"[0.000, 0.000, 0.000, 1.000, 0.000, 0.000, 0.000]",,[],"[0.000, 0.000, 0.000, 0.022, 0.000, 1.000, 0.000, 0.000]"
3746,149.84,149.88,Leeseo,0.999998927116394,Leeseo,[1.000],Wonyoung,"[0.000, 0.000, 0.000, 1.000, 0.000, 0.000, 0.000]",,[],"[0.000, 0.000, 0.000, 0.071, 0.000, 1.000, 0.000, 0.000]"
3747,149.88,149.92,Leeseo,0.999998927116394,Leeseo,[1.000],Wonyoung,"[0.000, 0.000, 0.000, 1.000, 0.000, 0.000, 0.000]",,[],"[0.000, 0.000, 0.000, 0.203, 0.000, 1.000, 0.000, 0.000]"
3748,149.92,149.96,Leeseo,0.999998927116394,Leeseo,[1.000],Wonyoung,"[0.000, 0.000, 0.000, 1.000, 0.000, 0.000, 0.000]",,[],"[0.000, 0.000, 0.000, 0.443, 0.000, 1.000, 0.000, 0.000]"
3749,149.96,150.0,Leeseo,0.999998927116394,Wonyoung|Leeseo,"[0.697, 1.000]",Wonyoung,"[0.000, 0.000, 0.000, 1.000, 0.000, 0.000, 0.000]",,[],"[0.000, 0.000, 0.000, 0.697, 0.000, 1.000, 0.000, 0.000]"
3750,150.0,150.04,Leeseo,0.9999988079071045,Wonyoung|Leeseo,"[0.860, 1.000]",Wonyoung,"[0.000, 0.000, 0.000, 1.000, 0.000, 0.000, 0.000]",,[],"[0.000, 0.000, 0.000, 0.860, 0.000, 1.000, 0.000, 0.000]"
3751,150.04,150.08,Leeseo,0.9999988079071045,Wonyoung|Leeseo,"[0.938, 1.000]",Wonyoung,"[0.000, 0.000, 0.000, 1.000, 0.000, 0.000, 0.000]",,[],"[0.000, 0.000, 0.000, 0.938, 0.000, 1.000, 0.000, 0.000]"
3752,150.08,150.12,Leeseo,0.9999988079071045,Wonyoung|Leeseo,"[0.971, 1.000]",Wonyoung,"[0.000, 0.000, 0.000, 1.000, 0.000, 0.000, 0.000]",,[],"[0.000, 0.000, 0.000, 0.971, 0.000, 1.000, 0.000, 0.000]"
3753,150.12,150.16,Leeseo,0.9999986886978149,Wonyoung|Leeseo,"[0.985, 1.000]",Wonyoung,"[0.000, 0.000, 0.000, 1.000, 0.000, 0.000, 0.000]",,[],"[0.000, 0.000, 0.000, 0.985, 0.000, 1.000, 0.000, 0.000]"
3754,150.16,150.2,Leeseo,0.9999986886978149,Wonyoung|Leeseo,"[0.992, 1.000]",Wonyoung,"[0.000, 0.000, 0.000, 1.000, 0.000, 0.000, 0.000]",,[],"[0.000, 0.000, 0.000, 0.992, 0.000, 1.000, 0.000, 0.000]"
3755,150.2,150.24,Leeseo,0.9999985694885254,Wonyoung|Leeseo,"[0.995, 1.000]",Wonyoung,"[0.000, 0.000, 0.000, 1.000, 0.000, 0.000, 0.000]",,[],"[0.000, 0.000, 0.000, 0.995, 0.000, 1.000, 0.000, 0.000]"
3756,150.24,150.28,Leeseo,0.9999983310699463,Wonyoung|Leeseo,"[0.997, 1.000]",Wonyoung,"[0.000, 0.000, 0.000, 1.000, 0.000, 0.000, 0.000]",,[],"[0.000, 0.000, 0.000, 0.997, 0.000, 1.000, 0.000, 0.000]"
3757,150.28,150.32,Leeseo,0.9999980926513672,Wonyoung|Leeseo,"[0.998, 1.000]",Wonyoung,"[0.000, 0.000, 0.000, 1.000, 0.000, 0.000, 0.000]",,[],"[0.000, 0.000, 0.000, 0.998, 0.000, 1.000, 0.000, 0.000]"
3758,150.32,150.36,Leeseo,0.9999978542327881,Wonyoung|Leeseo,"[0.998, 1.000]",Wonyoung,"[0.000, 0.000, 0.000, 1.000, 0.000, 0.000, 0.000]",,[],"[0.000, 0.000, 0.000, 0.998, 0.000, 1.000, 0.000, 0.000]"
3759,150.36,150.4,Leeseo,0.9999973773956299,Wonyoung|Leeseo,"[0.999, 1.000]",Wonyoung,"[0.000, 0.000, 0.000, 1.000, 0.000, 0.000, 0.000]",,[],"[0.000, 0.000, 0.000, 0.999, 0.000, 1.000, 0.000, 0.000]"
3760,150.4,150.44,Leeseo,0.9999969005584717,Wonyoung|Leeseo,"[0.999, 1.000]",Wonyoung,"[0.000, 0.000, 0.000, 1.000, 0.000, 0.000, 0.000]",,[],"[0.000, 0.000, 0.000, 0.999, 0.000, 1.000, 0.000, 0.000]"
3761,150.44,150.48,Leeseo,0.9999960660934448,Wonyoung|Leeseo,"[0.999, 1.000]",Wonyoung,"[0.000, 0.000, 0.000, 1.000, 0.000, 0.000, 0.000]",,[],"[0.000, 0.000, 0.000, 0.999, 0.000, 1.000, 0.000, 0.000]"
3762,150.48,150.52,Leeseo,0.9999949932098389,Wonyoung|Leeseo,"[0.999, 1.000]",Wonyoung,"[0.000, 0.000, 0.000, 1.000, 0.000, 0.000, 0.000]",,[],"[0.000, 0.000, 0.000, 0.999, 0.000, 1.000, 0.000, 0.000]"
3763,150.52,150.56,Leeseo,0.9999935626983643,Wonyoung|Leeseo,"[0.998, 1.000]",Wonyoung,"[0.000, 0.000, 0.000, 1.000, 0.000, 0.000, 0.000]",,[],"[0.000, 0.000, 0.000, 0.998, 0.000, 1.000, 0.000, 0.000]"
3764,150.56,150.6,Leeseo,0.9999911785125732,Wonyoung|Leeseo,"[0.998, 1.000]",Wonyoung,"[0.000, 0.000, 0.000, 1.000, 0.000, 0.000, 0.000]",,[],"[0.000, 0.000, 0.000, 0.998, 0.000, 1.000, 0.000, 0.000]"
3765,150.6,150.64,Leeseo,0.9999877214431763,Wonyoung|Leeseo,"[0.997, 1.000]",Wonyoung,"[0.000, 0.000, 0.000, 1.000, 0.000, 0.000, 0.000]",,[],"[0.000, 0.000, 0.000, 0.997, 0.000, 1.000, 0.000, 0.000]"
3766,150.64,150.68,Leeseo,0.9999819993972778,Wonyoung|Leeseo,"[0.996, 1.000]",Wonyoung,"[0.000, 0.000, 0.000, 1.000, 0.000, 0.000, 0.000]",,[],"[0.000, 0.000, 0.000, 0.996, 0.000, 1.000, 0.000, 0.000]"
3767,150.68,150.72,Leeseo,0.9999725818634033,Wonyoung|Leeseo,"[0.995, 1.000]",Wonyoung,"[0.000, 0.000, 0.000, 1.000, 0.000, 0.000, 0.000]",,[],"[0.000, 0.000, 0.000, 0.995, 0.000, 1.000, 0.000, 0.000]"
3768,150.72,150.76,Leeseo,0.9999562501907349,Wonyoung|Leeseo,"[0.992, 1.000]",Wonyoung,"[0.000, 0.000, 0.000, 1.000, 0.000, 0.000, 0.000]",,[],"[0.000, 0.000, 0.000, 0.992, 0.000, 1.000, 0.000, 0.000]"
3769,150.76,150.8,Leeseo,0.9999269247055054,Wonyoung|Leeseo,"[0.987, 1.000]",Wonyoung,"[0.000, 0.000, 0.000, 1.000, 0.000, 0.000, 0.000]",,[],"[0.000, 0.000, 0.000, 0.987, 0.000, 1.000, 0.000, 0.000]"
3770,150.8,150.84,Leeseo,0.9998719692230225,Wonyoung|Leeseo,"[0.978, 1.000]",Wonyoung,"[0.000, 0.000, 0.000, 1.000, 0.000, 0.000, 0.000]",,[],"[0.000, 0.000, 0.000, 0.978, 0.000, 1.000, 0.000, 0.000]"
3771,150.84,150.88,Leeseo,0.9997640252113342,Wonyoung|Leeseo,"[0.963, 1.000]",Wonyoung,"[0.000, 0.000, 0.000, 1.000, 0.000, 0.000, 0.000]",,[],"[0.000, 0.000, 0.000, 0.963, 0.000, 1.000, 0.000, 0.000]"
3772,150.88,150.92,Leeseo,0.9995412826538086,Wonyoung|Leeseo,"[0.936, 1.000]",Wonyoung,"[0.000, 0.000, 0.000, 1.000, 0.000, 0.000, 0.000]",,[],"[0.000, 0.000, 0.000, 0.936, 0.000, 1.000, 0.000, 0.000]"
3773,150.92,150.96,Leeseo,0.9990611672401428,Wonyoung|Leeseo,"[0.888, 0.999]",Wonyoung,"[0.000, 0.000, 0.000, 1.000, 0.000, 0.000, 0.000]",,[],"[0.000, 0.000, 0.000, 0.888, 0.000, 0.999, 0.000, 0.000]"
3774,150.96,151.0,Leeseo,0.9979848861694336,Wonyoung|Leeseo,"[0.809, 0.998]",Wonyoung,"[0.000, 0.000, 0.000, 1.000, 0.000, 0.000, 0.000]",,[],"[0.000, 0.000, 0.000, 0.809, 0.000, 0.998, 0.000, 0.000]"
3775,151.0,151.04,Leeseo,0.9954907298088074,Wonyoung|Leeseo,"[0.689, 0.995]",Wonyoung,"[0.000, 0.000, 0.000, 1.000, 0.000, 0.000, 0.000]",,[],"[0.000, 0.000, 0.000, 0.689, 0.000, 0.995, 0.000, 0.000]"
3776,151.04,151.08,Leeseo,0.989566445350647,Wonyoung|Leeseo,"[0.535, 0.990]",Wonyoung,"[0.000, 0.000, 0.000, 1.000, 0.000, 0.000, 0.000]",,[],"[0.000, 0.000, 0.000, 0.535, 0.000, 0.990, 0.000, 0.000]"
3777,151.08,151.12,Leeseo,0.9753143787384033,Leeseo,[0.975],Wonyoung,"[0.000, 0.000, 0.000, 1.000, 0.000, 0.000, 0.000]",,[],"[0.000, 0.000, 0.000, 0.371, 0.000, 0.975, 0.000, 0.000]"
3778,151.12,151.16,Leeseo,0.9414757490158081,Leeseo,[0.941],Wonyoung,"[0.000, 0.000, 0.000, 1.000, 0.000, 0.000, 0.000]",,[],"[0.000, 0.000, 0.000, 0.231, 0.000, 0.941, 0.000, 0.000]"
3779,151.16,151.2,Leeseo,0.8657655119895935,Leeseo,[0.866],Wonyoung,"[0.000, 0.000, 0.000, 1.000, 0.000, 0.000, 0.000]",,[],"[0.000, 0.000, 0.000, 0.133, 0.000, 0.866, 0.000, 0.000]"
3780,151.2,151.24,Leeseo,0.7194371223449707,Leeseo,[0.719],Wonyoung,"[0.000, 0.000, 0.000, 1.000, 0.000, 0.000, 0.000]",,[],"[0.001, 0.000, 0.000, 0.073, 0.000, 0.719, 0.000, 0.000]"
3781,151.24,151.28,Leeseo,0.5041645765304565,Leeseo,[0.504],Wonyoung,"[0.000, 0.000, 0.000, 1.000, 0.000, 0.000, 0.000]",,[],"[0.003, 0.000, 0.000, 0.039, 0.000, 0.504, 0.000, 0.000]"
3782,151.28,151.32,silence,1.4660643365971282e-08,,[],Wonyoung,"[0.000, 0.000, 0.000, 1.000, 0.000, 0.000, 0.000]",,[],"[0.010, 0.000, 0.000, 0.020, 0.000, 0.288, 0.000, 0.000]"
3783,151.32,151.36,silence,2.1827384344419443e-08,,[],Wonyoung,"[0.000, 0.000, 0.000, 1.000, 0.000, 0.000, 0.000]",,[],"[0.032, 0.000, 0.000, 0.011, 0.000, 0.139, 0.000, 0.000]"
3784,151.36,151.4,silence,3.23785549483091e-08,,[],Wonyoung,"[0.000, 0.000, 0.000, 1.000, 0.000, 0.000, 0.000]",,[],"[0.096, 0.000, 0.000, 0.006, 0.000, 0.062, 0.000, 0.000]"
3785,151.4,151.44,silence,4.778608797550987e-08,,[],Wonyoung,"[0.000, 0.000, 0.000, 1.000, 0.000, 0.000, 0.000]",,[],"[0.248, 0.000, 0.000, 0.003, 0.000, 0.026, 0.000, 0.000]"
3786,151.44,151.48,silence,7.005642999047268e-08,,[],Wonyoung,"[0.000, 0.000, 0.000, 1.000, 0.000, 0.000, 0.000]",,[],"[0.494, 0.000, 0.000, 0.002, 0.000, 0.011, 0.000, 0.000]"
3787,151.48,151.52,Gaeul,0.7340530157089233,Gaeul,[0.734],Wonyoung,"[0.000, 0.000, 0.000, 1.000, 0.000, 0.000, 0.000]",,[],"[0.734, 0.000, 0.000, 0.001, 0.000, 0.005, 0.000, 0.000]"
3788,151.52,151.56,Gaeul,0.8807870745658875,Gaeul,[0.881],Wonyoung,"[0.000, 0.000, 0.000, 0.999, 0.000, 0.000, 0.000]",,[],"[0.881, 0.000, 0.000, 0.001, 0.000, 0.002, 0.000, 0.000]"
3789,151.56,151.6,Gaeul,0.9491585493087769,Gaeul,[0.949],Wonyoung,"[0.000, 0.000, 0.000, 0.999, 0.000, 0.000, 0.000]",,[],"[0.949, 0.000, 0.000, 0.000, 0.000, 0.001, 0.000, 0.000]"
3790,151.6,151.64,Gaeul,0.9780138731002808,Gaeul,[0.978],Wonyoung,"[0.000, 0.000, 0.000, 0.998, 0.000, 0.000, 0.000]",,[],"[0.978, 0.000, 0.000, 0.000, 0.000, 0.001, 0.000, 0.000]"
3791,151.64,151.68,Gaeul,0.9900586009025574,Gaeul,[0.990],Wonyoung,"[0.000, 0.000, 0.000, 0.996, 0.000, 0.000, 0.000]",,[],"[0.990, 0.000, 0.000, 0.000, 0.000, 0.000, 0.000, 0.000]"
3792,151.68,151.72,Gaeul,0.9952360987663269,Gaeul,[0.995],Wonyoung,"[0.000, 0.000, 0.000, 0.992, 0.000, 0.000, 0.000]",,[],"[0.995, 0.000, 0.000, 0.000, 0.000, 0.000, 0.000, 0.000]"
3793,151.72,151.76,Gaeul,0.9975643157958984,Gaeul,[0.998],Wonyoung,"[0.000, 0.000, 0.000, 0.985, 0.000, 0.000, 0.000]",,[],"[0.998, 0.000, 0.000, 0.000, 0.000, 0.000, 0.000, 0.000]"
3794,151.76,151.8,Gaeul,0.9986659288406372,Gaeul,[0.999],Wonyoung,"[0.000, 0.000, 0.000, 0.970, 0.000, 0.000, 0.000]",,[],"[0.999, 0.000, 0.000, 0.000, 0.000, 0.000, 0.000, 0.000]"
3795,151.8,151.84,Gaeul,0.99921715259552,Gaeul,[0.999],Wonyoung,"[0.000, 0.000, 0.000, 0.943, 0.000, 0.000, 0.000]",,[],"[0.999, 0.000, 0.000, 0.000, 0.000, 0.000, 0.000, 0.000]"
3796,151.84,151.88,Gaeul,0.9995095729827881,Gaeul,[1.000],Wonyoung,"[0.000, 0.000, 0.000, 0.891, 0.000, 0.000, 0.000]",,[],"[1.000, 0.000, 0.000, 0.000, 0.000, 0.000, 0.000, 0.000]"
3797,151.88,151.92,Gaeul,0.9996722936630249,Gaeul,[1.000],Wonyoung,"[0.000, 0.000, 0.000, 0.799, 0.000, 0.000, 0.000]",,[],"[1.000, 0.000, 0.000, 0.000, 0.000, 0.000, 0.000, 0.000]"
3798,151.92,151.96,Gaeul,0.9997668862342834,Gaeul,[1.000],Wonyoung,"[0.000, 0.000, 0.000, 0.655, 0.000, 0.000, 0.000]",,[],"[1.000, 0.000, 0.000, 0.000, 0.000, 0.000, 0.000, 0.000]"
3799,151.96,152.0,Gaeul,0.9998243451118469,Gaeul,[1.000],Wonyoung,"[0.000, 0.000, 0.000, 0.470, 0.000, 0.000, 0.000]",,[],"[1.000, 0.000, 0.000, 0.000, 0.000, 0.000, 0.000, 0.000]"
3800,152.0,152.04,Gaeul,0.9998602867126465,Gaeul,[1.000],,[],,[],"[1.000, 0.000, 0.000, 0.000, 0.000, 0.000, 0.000, 0.000]"
3801,152.04,152.08,Gaeul,0.9998832941055298,Gaeul,[1.000],,[],,[],"[1.000, 0.000, 0.000, 0.000, 0.000, 0.000, 0.000, 0.000]"
3802,152.08,152.12,Gaeul,0.9998979568481445,Gaeul,[1.000],,[],,[],"[1.000, 0.000, 0.000, 0.000, 0.000, 0.000, 0.000, 0.000]"
3803,152.12,152.16,Gaeul,0.9999072551727295,Gaeul,[1.000],,[],,[],"[1.000, 0.000, 0.000, 0.000, 0.000, 0.000, 0.000, 0.000]"
3804,152.16,152.2,Gaeul,0.9999128580093384,Gaeul,[1.000],,[],,[],"[1.000, 0.000, 0.000, 0.000, 0.000, 0.000, 0.000, 0.000]"
3805,152.2,152.24,Gaeul,0.9999158382415771,Gaeul,[1.000],,[],,[],"[1.000, 0.000, 0.000, 0.000, 0.000, 0.000, 0.000, 0.000]"
3806,152.24,152.28,Gaeul,0.9999170303344727,Gaeul,[1.000],,[],,[],"[1.000, 0.000, 0.000, 0.000, 0.000, 0.000, 0.000, 0.000]"
3807,152.28,152.32,Gaeul,0.9999170303344727,Gaeul,[1.000],,[],,[],"[1.000, 0.000, 0.000, 0.000, 0.000, 0.000, 0.000, 0.000]"
3808,152.32,152.36,Gaeul,0.9999160766601562,Gaeul,[1.000],,[],,[],"[1.000, 0.000, 0.000, 0.000, 0.000, 0.000, 0.000, 0.000]"
3809,152.36,152.4,Gaeul,0.9999145269393921,Gaeul,[1.000],,[],,[],"[1.000, 0.000, 0.000, 0.000, 0.000, 0.000, 0.000, 0.000]"
3810,152.4,152.44,Gaeul,0.9999126195907593,Gaeul,[1.000],,[],,[],"[1.000, 0.000, 0.000, 0.000, 0.000, 0.000, 0.000, 0.000]"
3811,152.44,152.48,Gaeul,0.9999110698699951,Gaeul,[1.000],,[],,[],"[1.000, 0.000, 0.000, 0.000, 0.000, 0.000, 0.000, 0.000]"
3812,152.48,152.52,Gaeul,0.9999099969863892,Gaeul,[1.000],,[],,[],"[1.000, 0.000, 0.000, 0.000, 0.000, 0.000, 0.000, 0.000]"
3813,152.52,152.56,Gaeul,0.9999099969863892,Gaeul,[1.000],,[],,[],"[1.000, 0.000, 0.000, 0.000, 0.000, 0.000, 0.000, 0.000]"
3814,152.56,152.6,Gaeul,0.9999113082885742,Gaeul,[1.000],,[],,[],"[1.000, 0.000, 0.000, 0.000, 0.000, 0.000, 0.000, 0.000]"
3815,152.6,152.64,Gaeul,0.9999140501022339,Gaeul,[1.000],,[],,[],"[1.000, 0.000, 0.000, 0.000, 0.000, 0.000, 0.000, 0.000]"
3816,152.64,152.68,Gaeul,0.9999175071716309,Gaeul,[1.000],,[],,[],"[1.000, 0.000, 0.000, 0.000, 0.000, 0.000, 0.000, 0.000]"
3817,152.68,152.72,Gaeul,0.9999215602874756,Gaeul,[1.000],,[],,[],"[1.000, 0.000, 0.000, 0.000, 0.000, 0.000, 0.000, 0.000]"
3818,152.72,152.76,Gaeul,0.9999258518218994,Gaeul,[1.000],,[],,[],"[1.000, 0.000, 0.000, 0.000, 0.000, 0.000, 0.000, 0.000]"
3819,152.76,152.8,Gaeul,0.9999301433563232,Gaeul,[1.000],,[],,[],"[1.000, 0.000, 0.000, 0.000, 0.000, 0.000, 0.000, 0.000]"
3820,152.8,152.84,Gaeul,0.9999343156814575,Gaeul,[1.000],,[],,[],"[1.000, 0.000, 0.000, 0.000, 0.000, 0.000, 0.000, 0.000]"
3821,152.84,152.88,Gaeul,0.9999383687973022,Gaeul,[1.000],,[],,[],"[1.000, 0.000, 0.000, 0.000, 0.000, 0.000, 0.000, 0.000]"
3822,152.88,152.92,Gaeul,0.9999421834945679,Gaeul,[1.000],,[],,[],"[1.000, 0.000, 0.000, 0.001, 0.000, 0.000, 0.000, 0.000]"
3823,152.92,152.96,Gaeul,0.9999456405639648,Gaeul,[1.000],,[],,[],"[1.000, 0.000, 0.000, 0.001, 0.000, 0.000, 0.000, 0.000]"
3824,152.96,153.0,Gaeul,0.9999489784240723,Gaeul,[1.000],,[],,[],"[1.000, 0.000, 0.000, 0.001, 0.000, 0.000, 0.000, 0.000]"
3825,153.0,153.04,Gaeul,0.9999518394470215,Gaeul,[1.000],,[],,[],"[1.000, 0.000, 0.000, 0.001, 0.000, 0.000, 0.000, 0.000]"
3826,153.04,153.08,Gaeul,0.9999545812606812,Gaeul,[1.000],,[],Wonyoung,[0.707],"[1.000, 0.000, 0.000, 0.002, 0.000, 0.000, 0.000, 0.000]"
3827,153.08,153.12,Gaeul,0.9999568462371826,Gaeul,[1.000],,[],Wonyoung,[0.850],"[1.000, 0.000, 0.000, 0.003, 0.000, 0.000, 0.000, 0.000]"
3828,153.12,153.16,Gaeul,0.9999586343765259,Gaeul,[1.000],,[],Wonyoung,[0.928],"[1.000, 0.000, 0.000, 0.004, 0.000, 0.000, 0.000, 0.000]"
3829,153.16,153.2,Gaeul,0.9999600648880005,Gaeul,[1.000],,[],Wonyoung,[0.966],"[1.000, 0.000, 0.000, 0.005, 0.000, 0.000, 0.000, 0.000]"
3830,153.2,153.24,Gaeul,0.9999610185623169,Gaeul,[1.000],,[],Wonyoung,[0.983],"[1.000, 0.000, 0.000, 0.006, 0.000, 0.000, 0.000, 0.000]"
3831,153.24,153.28,Gaeul,0.9999613761901855,Gaeul,[1.000],,[],Wonyoung,[0.991],"[1.000, 0.000, 0.000, 0.009, 0.000, 0.000, 0.000, 0.000]"
3832,153.28,153.32,Gaeul,0.9999610185623169,Gaeul,[1.000],,[],Wonyoung,[0.995],"[1.000, 0.000, 0.000, 0.012, 0.000, 0.000, 0.000, 0.000]"
3833,153.32,153.36,Gaeul,0.9999597072601318,Gaeul,[1.000],,[],Wonyoung,[0.997],"[1.000, 0.000, 0.000, 0.016, 0.000, 0.000, 0.000, 0.000]"
3834,153.36,153.4,Gaeul,0.9999570846557617,Gaeul,[1.000],,[],Wonyoung,[0.998],"[1.000, 0.000, 0.000, 0.022, 0.000, 0.000, 0.000, 0.000]"
3835,153.4,153.44,Gaeul,0.9999524354934692,Gaeul,[1.000],,[],Wonyoung,[0.999],"[1.000, 0.000, 0.000, 0.029, 0.000, 0.000, 0.000, 0.000]"
3836,153.44,153.48,Gaeul,0.9999446868896484,Gaeul,[1.000],,[],Wonyoung,[0.999],"[1.000, 0.000, 0.000, 0.040, 0.000, 0.000, 0.000, 0.000]"
3837,153.48,153.52,Gaeul,0.999932050704956,Gaeul,[1.000],,[],Wonyoung,[0.999],"[1.000, 0.000, 0.000, 0.055, 0.000, 0.000, 0.000, 0.000]"
3838,153.52,153.56,Gaeul,0.9999110698699951,Gaeul,[1.000],,[],Wonyoung,[0.999],"[1.000, 0.000, 0.000, 0.077, 0.000, 0.000, 0.000, 0.000]"
3839,153.56,153.6,Gaeul,0.9998754262924194,Gaeul,[1.000],,[],Wonyoung,[0.999],"[1.000, 0.000, 0.000, 0.106, 0.001, 0.000, 0.000, 0.000]"
3840,153.6,153.64,Gaeul,0.9998123049736023,Gaeul,[1.000],,[],Wonyoung,[1.000],"[1.000, 0.000, 0.000, 0.146, 0.001, 0.000, 0.000, 0.000]"
3841,153.64,153.68,Gaeul,0.9996932744979858,Gaeul,[1.000],,[],Wonyoung,[1.000],"[1.000, 0.000, 0.000, 0.200, 0.001, 0.000, 0.000, 0.000]"
3842,153.68,153.72,Gaeul,0.9994543194770813,Gaeul,[0.999],,[],Wonyoung,[1.000],"[0.999, 0.000, 0.000, 0.269, 0.001, 0.000, 0.000, 0.000]"
3843,153.72,153.76,Gaeul,0.9989398121833801,Gaeul,[0.999],,[],Wonyoung,[1.000],"[0.999, 0.000, 0.000, 0.353, 0.000, 0.000, 0.000, 0.000]"
3844,153.76,153.8,Gaeul,0.9977521300315857,Gaeul,[0.998],,[],Wonyoung,[1.000],"[0.998, 0.000, 0.000, 0.447, 0.000, 0.000, 0.000, 0.000]"
3845,153.8,153.84,Gaeul,0.9948101043701172,Gaeul|Wonyoung,"[0.995, 0.543]",,[],Wonyoung,[1.000],"[0.995, 0.000, 0.000, 0.543, 0.000, 0.000, 0.000, 0.000]"
3846,153.84,153.88,Gaeul,0.9869723916053772,Gaeul|Wonyoung,"[0.987, 0.633]",,[],Wonyoung,[1.000],"[0.987, 0.000, 0.000, 0.633, 0.000, 0.000, 0.000, 0.000]"
3847,153.88,153.92,Gaeul,0.9647375345230103,Gaeul|Wonyoung,"[0.965, 0.709]",,[],Wonyoung,[1.000],"[0.965, 0.000, 0.000, 0.709, 0.000, 0.000, 0.000, 0.000]"
3848,153.92,153.96,Gaeul,0.9005932211875916,Gaeul|Wonyoung,"[0.901, 0.771]",,[],Wonyoung,[1.000],"[0.901, 0.000, 0.000, 0.771, 0.000, 0.000, 0.000, 0.000]"
3849,153.96,154.0,Wonyoung,0.8190787434577942,Gaeul|Wonyoung,"[0.735, 0.819]",,[],Wonyoung,[1.000],"[0.735, 0.000, 0.000, 0.819, 0.000, 0.000, 0.000, 0.000]"
3850,154.0,154.04,Wonyoung,0.8544889092445374,Wonyoung,[0.854],,[],Wonyoung,[1.000],"[0.441, 0.000, 0.000, 0.854, 0.000, 0.000, 0.000, 0.000]"
3851,154.04,154.08,Wonyoung,0.8798438310623169,Wonyoung,[0.880],,[],Wonyoung,[1.000],"[0.175, 0.000, 0.000, 0.880, 0.000, 0.001, 0.000, 0.000]"
3852,154.08,154.12,Wonyoung,0.8972669839859009,Wonyoung,[0.897],,[],Wonyoung,[1.000],"[0.052, 0.000, 0.000, 0.897, 0.000, 0.001, 0.000, 0.000]"
3853,154.12,154.16,Wonyoung,0.9084686636924744,Wonyoung,[0.908],,[],Wonyoung,[1.000],"[0.013, 0.000, 0.000, 0.908, 0.000, 0.001, 0.000, 0.000]"
3854,154.16,154.2,Wonyoung,0.9145317077636719,Wonyoung,[0.915],,[],Wonyoung,[1.000],"[0.003, 0.000, 0.000, 0.915, 0.000, 0.003, 0.000, 0.000]"
3855,154.2,154.24,Wonyoung,0.9159547090530396,Wonyoung,[0.916],,[],Wonyoung,[1.000],"[0.001, 0.000, 0.000, 0.916, 0.000, 0.005, 0.000, 0.000]"
3856,154.24,154.28,Wonyoung,0.9125792384147644,Wonyoung,[0.913],,[],Wonyoung,[1.000],"[0.000, 0.000, 0.000, 0.913, 0.000, 0.009, 0.000, 0.000]"
3857,154.28,154.32,Wonyoung,0.9036444425582886,Wonyoung,[0.904],,[],Wonyoung,[1.000],"[0.000, 0.000, 0.000, 0.904, 0.000, 0.016, 0.000, 0.000]"
3858,154.32,154.36,Wonyoung,0.8877272605895996,Wonyoung,[0.888],,[],Wonyoung,[1.000],"[0.000, 0.000, 0.000, 0.888, 0.000, 0.031, 0.000, 0.000]"
3859,154.36,154.4,Wonyoung,0.8623359203338623,Wonyoung,[0.862],,[],Wonyoung,[1.000],"[0.000, 0.000, 0.000, 0.862, 0.000, 0.060, 0.000, 0.000]"
3860,154.4,154.44,Wonyoung,0.8239551186561584,Wonyoung,[0.824],,[],Wonyoung,[1.000],"[0.000, 0.000, 0.000, 0.824, 0.000, 0.112, 0.000, 0.000]"
3861,154.44,154.48,Wonyoung,0.7682654857635498,Wonyoung,[0.768],,[],Wonyoung,[1.000],"[0.000, 0.000, 0.000, 0.768, 0.000, 0.200, 0.000, 0.000]"
3862,154.48,154.52,Wonyoung,0.6912930011749268,Wonyoung,[0.691],,[],Wonyoung,[1.000],"[0.000, 0.000, 0.000, 0.691, 0.000, 0.329, 0.000, 0.000]"
3863,154.52,154.56,Wonyoung,0.5913305282592773,Wonyoung,[0.591],,[],Wonyoung,[1.000],"[0.000, 0.000, 0.000, 0.591, 0.000, 0.487, 0.000, 0.000]"
3864,154.56,154.6,Leeseo,0.6429402232170105,Leeseo,[0.643],,[],Wonyoung,[1.000],"[0.000, 0.000, 0.000, 0.473, 0.000, 0.643, 0.000, 0.000]"
3865,154.6,154.64,Leeseo,0.7696546912193298,Leeseo,[0.770],,[],Wonyoung,[1.000],"[0.000, 0.000, 0.000, 0.348, 0.000, 0.770, 0.000, 0.000]"
3866,154.64,154.68,Leeseo,0.8581282496452332,Leeseo,[0.858],,[],Wonyoung,[1.000],"[0.000, 0.000, 0.000, 0.235, 0.000, 0.858, 0.000, 0.000]"
3867,154.68,154.72,Leeseo,0.9141795039176941,Leeseo,[0.914],,[],Wonyoung,[1.000],"[0.000, 0.000, 0.000, 0.146, 0.000, 0.914, 0.000, 0.000]"
3868,154.72,154.76,Leeseo,0.9478244185447693,Leeseo,[0.948],,[],Wonyoung,[1.000],"[0.000, 0.000, 0.000, 0.084, 0.000, 0.948, 0.000, 0.000]"
3869,154.76,154.8,Leeseo,0.967651903629303,Leeseo,[0.968],,[],Wonyoung,[1.000],"[0.000, 0.000, 0.000, 0.046, 0.000, 0.968, 0.000, 0.000]"
3870,154.8,154.84,Leeseo,0.9793848991394043,Leeseo,[0.979],,[],Wonyoung,[1.000],"[0.000, 0.000, 0.000, 0.024, 0.000, 0.979, 0.000, 0.000]"
3871,154.84,154.88,Leeseo,0.986443042755127,Leeseo,[0.986],,[],Wonyoung,[1.000],"[0.000, 0.000, 0.000, 0.012, 0.000, 0.986, 0.000, 0.000]"
3872,154.88,154.92,Leeseo,0.9907960891723633,Leeseo,[0.991],,[],Wonyoung,[1.000],"[0.000, 0.000, 0.000, 0.006, 0.000, 0.991, 0.000, 0.000]"
3873,154.92,154.96,Leeseo,0.9935594797134399,Leeseo,[0.994],,[],Wonyoung,[1.000],"[0.000, 0.000, 0.000, 0.003, 0.000, 0.994, 0.000, 0.000]"
3874,154.96,155.0,Leeseo,0.9953692555427551,Leeseo,[0.995],,[],Wonyoung,[1.000],"[0.000, 0.000, 0.000, 0.001, 0.000, 0.995, 0.000, 0.000]"
3875,155.0,155.04,Leeseo,0.9965872764587402,Leeseo,[0.997],,[],Wonyoung,[1.000],"[0.000, 0.000, 0.000, 0.000, 0.000, 0.997, 0.000, 0.000]"
3876,155.04,155.08,Leeseo,0.9974287152290344,Leeseo,[0.997],,[],Wonyoung,[1.000],"[0.000, 0.000, 0.000, 0.000, 0.000, 0.997, 0.000, 0.000]"
3877,155.08,155.12,Leeseo,0.9980254173278809,Leeseo,[0.998],,[],Wonyoung,[1.000],"[0.000, 0.000, 0.000, 0.000, 0.000, 0.998, 0.000, 0.000]"
3878,155.12,155.16,Leeseo,0.9984586238861084,Leeseo,[0.998],,[],Wonyoung,[1.000],"[0.000, 0.000, 0.000, 0.000, 0.000, 0.998, 0.000, 0.000]"
3879,155.16,155.2,Leeseo,0.9987793564796448,Leeseo,[0.999],,[],Wonyoung,[1.000],"[0.000, 0.000, 0.000, 0.000, 0.000, 0.999, 0.000, 0.000]"
3880,155.2,155.24,Leeseo,0.9990216493606567,Leeseo,[0.999],,[],Wonyoung,[0.999],"[0.000, 0.000, 0.000, 0.000, 0.000, 0.999, 0.000, 0.000]"
3881,155.24,155.28,Leeseo,0.9992075562477112,Leeseo,[0.999],,[],Wonyoung,[0.998],"[0.000, 0.000, 0.000, 0.000, 0.000, 0.999, 0.000, 0.000]"
3882,155.28,155.32,Leeseo,0.9993522763252258,Leeseo,[0.999],,[],Wonyoung,[0.994],"[0.000, 0.000, 0.000, 0.000, 0.000, 0.999, 0.000, 0.000]"
3883,155.32,155.36,Leeseo,0.9994656443595886,Leeseo,[0.999],,[],Wonyoung,[0.981],"[0.000, 0.000, 0.000, 0.000, 0.000, 0.999, 0.000, 0.000]"
3884,155.36,155.4,Leeseo,0.9995545744895935,Leeseo,[1.000],,[],Wonyoung,[0.941],"[0.000, 0.000, 0.000, 0.000, 0.000, 1.000, 0.000, 0.000]"
3885,155.4,155.44,Leeseo,0.9996237754821777,Leeseo,[1.000],,[],Wonyoung,[0.817],"[0.000, 0.000, 0.000, 0.000, 0.000, 1.000, 0.000, 0.000]"
3886,155.44,155.48,Leeseo,0.9996743202209473,Leeseo,[1.000],,[],,[],"[0.000, 0.000, 0.000, 0.000, 0.000, 1.000, 0.000, 0.000]"
3887,155.48,155.52,Leeseo,0.999707043170929,Leeseo,[1.000],,[],,[],"[0.000, 0.000, 0.000, 0.000, 0.000, 1.000, 0.000, 0.000]"
3888,155.52,155.56,Leeseo,0.9997233748435974,Leeseo,[1.000],,[],,[],"[0.000, 0.000, 0.000, 0.000, 0.000, 1.000, 0.000, 0.000]"
3889,155.56,155.6,Leeseo,0.9997226595878601,Leeseo,[1.000],,[],,[],"[0.000, 0.000, 0.000, 0.000, 0.000, 1.000, 0.000, 0.000]"
3890,155.6,155.64,Leeseo,0.9997010231018066,Leeseo,[1.000],,[],,[],"[0.000, 0.000, 0.000, 0.000, 0.000, 1.000, 0.000, 0.000]"
3891,155.64,155.68,Leeseo,0.9996490478515625,Leeseo,[1.000],,[],,[],"[0.000, 0.000, 0.000, 0.000, 0.000, 1.000, 0.000, 0.000]"
3892,155.68,155.72,Leeseo,0.999546229839325,Leeseo,[1.000],,[],,[],"[0.000, 0.000, 0.000, 0.000, 0.000, 1.000, 0.000, 0.000]"
3893,155.72,155.76,Leeseo,0.9993478655815125,Leeseo,[0.999],,[],,[],"[0.000, 0.000, 0.000, 0.000, 0.000, 0.999, 0.000, 0.000]"
3894,155.76,155.8,Leeseo,0.9989527463912964,Leeseo,[0.999],,[],,[],"[0.000, 0.000, 0.000, 0.000, 0.000, 0.999, 0.000, 0.000]"
3895,155.8,155.84,Leeseo,0.9981127977371216,Leeseo,[0.998],,[],,[],"[0.000, 0.000, 0.000, 0.000, 0.000, 0.998, 0.000, 0.000]"
3896,155.84,155.88,Leeseo,0.9961897730827332,Leeseo,[0.996],,[],,[],"[0.000, 0.000, 0.000, 0.000, 0.000, 0.996, 0.000, 0.000]"
3897,155.88,155.92,Leeseo,0.991438090801239,Leeseo,[0.991],,[],,[],"[0.000, 0.000, 0.000, 0.000, 0.000, 0.991, 0.000, 0.000]"
3898,155.92,155.96,Leeseo,0.9788264036178589,Leeseo,[0.979],,[],,[],"[0.000, 0.000, 0.000, 0.000, 0.000, 0.979, 0.000, 0.000]"
3899,155.96,156.0,Leeseo,0.9437009692192078,Leeseo,[0.944],,[],,[],"[0.000, 0.000, 0.000, 0.000, 0.000, 0.944, 0.000, 0.000]"
3900,156.0,156.04,Leeseo,0.8478648662567139,Leeseo,[0.848],,[],,[],"[0.000, 0.000, 0.000, 0.000, 0.000, 0.848, 0.000, 0.000]"
3901,156.04,156.08,Leeseo,0.6321144104003906,Leeseo,[0.632],,[],,[],"[0.000, 0.000, 0.000, 0.000, 0.000, 0.632, 0.000, 0.000]"
3902,156.08,156.12,silence,8.286782815503102e-08,,[],,[],,[],"[0.000, 0.000, 0.000, 0.000, 0.000, 0.332, 0.000, 0.000]"
3903,156.12,156.16,silence,8.83907063098377e-08,,[],,[],,[],"[0.000, 0.000, 0.000, 0.000, 0.000, 0.121, 0.000, 0.000]"
3904,156.16,156.2,silence,9.761591002188652e-08,,[],,[],,[],"[0.000, 0.000, 0.000, 0.000, 0.000, 0.036, 0.000, 0.000]"
3905,156.2,156.24,silence,1.1160661017584061e-07,,[],,[],,[],"[0.000, 0.000, 0.000, 0.000, 0.000, 0.010, 0.001, 0.000]"
3906,156.24,156.28,silence,1.3199158388488286e-07,,[],,[],,[],"[0.000, 0.000, 0.000, 0.000, 0.000, 0.003, 0.003, 0.000]"
3907,156.28,156.32,silence,1.6123468071782554e-07,,[],,[],,[],"[0.000, 0.000, 0.000, 0.000, 0.000, 0.001, 0.018, 0.000]"
3908,156.32,156.36,silence,2.031920871559123e-07,,[],,[],,[],"[0.000, 0.000, 0.000, 0.000, 0.000, 0.000, 0.091, 0.000]"
3909,156.36,156.4,silence,2.6389037088847545e-07,,[],,[],,[],"[0.000, 0.000, 0.000, 0.000, 0.000, 0.000, 0.331, 0.000]"
3910,156.4,156.44,Gang Vocal,0.6870749592781067,Gang Vocal,[0.687],,[],,[],"[0.000, 0.000, 0.000, 0.000, 0.000, 0.000, 0.687, 0.000]"
3911,156.44,156.48,Gang Vocal,0.896622359752655,Gang Vocal,[0.897],,[],,[],"[0.000, 0.000, 0.000, 0.000, 0.000, 0.000, 0.897, 0.000]"
3912,156.48,156.52,Gang Vocal,0.9678643345832825,Gang Vocal,[0.968],,[],,[],"[0.000, 0.000, 0.000, 0.000, 0.000, 0.000, 0.968, 0.000]"
3913,156.52,156.56,Gang Vocal,0.989138662815094,Gang Vocal,[0.989],,[],,[],"[0.000, 0.000, 0.000, 0.000, 0.000, 0.000, 0.989, 0.000]"
3914,156.56,156.6,Gang Vocal,0.9958159327507019,Gang Vocal,[0.996],,[],,[],"[0.000, 0.000, 0.000, 0.000, 0.000, 0.000, 0.996, 0.000]"
3915,156.6,156.64,Gang Vocal,0.9981347322463989,Gang Vocal,[0.998],,[],,[],"[0.000, 0.000, 0.000, 0.000, 0.000, 0.000, 0.998, 0.000]"
3916,156.64,156.68,Gang Vocal,0.99903404712677,Gang Vocal,[0.999],,[],,[],"[0.000, 0.000, 0.000, 0.000, 0.000, 0.000, 0.999, 0.000]"
3917,156.68,156.72,Gang Vocal,0.9994193315505981,Gang Vocal,[0.999],,[],,[],"[0.000, 0.000, 0.000, 0.000, 0.000, 0.000, 0.999, 0.000]"
3918,156.72,156.76,Gang Vocal,0.999596893787384,Gang Vocal,[1.000],,[],,[],"[0.000, 0.000, 0.000, 0.000, 0.000, 0.000, 1.000, 0.000]"
3919,156.76,156.8,Gang Vocal,0.9996786117553711,Gang Vocal,[1.000],,[],,[],"[0.000, 0.000, 0.000, 0.000, 0.000, 0.000, 1.000, 0.000]"
3920,156.8,156.84,Gang Vocal,0.9997069239616394,Gang Vocal,[1.000],,[],,[],"[0.000, 0.000, 0.000, 0.000, 0.000, 0.000, 1.000, 0.000]"
3921,156.84,156.88,Gang Vocal,0.9996966123580933,Gang Vocal,[1.000],,[],,[],"[0.000, 0.000, 0.000, 0.000, 0.000, 0.000, 1.000, 0.000]"
3922,156.88,156.92,Gang Vocal,0.9996473789215088,Gang Vocal,[1.000],,[],,[],"[0.000, 0.000, 0.000, 0.000, 0.000, 0.000, 1.000, 0.000]"
3923,156.92,156.96,Gang Vocal,0.9995446801185608,Gang Vocal,[1.000],,[],,[],"[0.000, 0.000, 0.000, 0.000, 0.000, 0.000, 1.000, 0.000]"
3924,156.96,157.0,Gang Vocal,0.9993547797203064,Gang Vocal,[0.999],,[],,[],"[0.000, 0.000, 0.000, 0.000, 0.000, 0.000, 0.999, 0.000]"
3925,157.0,157.04,Gang Vocal,0.9990115165710449,Gang Vocal,[0.999],,[],,[],"[0.000, 0.000, 0.000, 0.000, 0.000, 0.000, 0.999, 0.000]"
3926,157.04,157.08,Gang Vocal,0.9983896017074585,Gang Vocal,[0.998],,[],,[],"[0.000, 0.000, 0.000, 0.000, 0.000, 0.000, 0.998, 0.000]"
3927,157.08,157.12,Gang Vocal,0.997249186038971,Gang Vocal,[0.997],,[],,[],"[0.000, 0.000, 0.000, 0.000, 0.000, 0.000, 0.997, 0.000]"
3928,157.12,157.16,Gang Vocal,0.9951426982879639,Gang Vocal,[0.995],,[],,[],"[0.000, 0.000, 0.000, 0.000, 0.000, 0.000, 0.995, 0.001]"
3929,157.16,157.2,Gang Vocal,0.9912648797035217,Gang Vocal,[0.991],,[],,[],"[0.000, 0.000, 0.000, 0.000, 0.000, 0.000, 0.991, 0.001]"
3930,157.2,157.24,Gang Vocal,0.9842506647109985,Gang Vocal,[0.984],,[],,[],"[0.000, 0.000, 0.000, 0.000, 0.000, 0.000, 0.984, 0.002]"
3931,157.24,157.28,Gang Vocal,0.9720016121864319,Gang Vocal,[0.972],,[],,[],"[0.000, 0.000, 0.000, 0.000, 0.000, 0.000, 0.972, 0.004]"
3932,157.28,157.32,Gang Vocal,0.9517266154289246,Gang Vocal,[0.952],,[],,[],"[0.000, 0.000, 0.000, 0.000, 0.000, 0.000, 0.952, 0.007]"
3933,157.32,157.36,Gang Vocal,0.9205023646354675,Gang Vocal,[0.921],,[],,[],"[0.000, 0.000, 0.000, 0.000, 0.000, 0.000, 0.921, 0.012]"
3934,157.36,157.4,Gang Vocal,0.876423180103302,Gang Vocal,[0.876],,[],,[],"[0.000, 0.000, 0.000, 0.000, 0.000, 0.000, 0.876, 0.018]"
3935,157.4,157.44,Gang Vocal,0.8197860717773438,Gang Vocal,[0.820],,[],,[],"[0.000, 0.000, 0.000, 0.000, 0.000, 0.000, 0.820, 0.027]"
3936,157.44,157.48,Gang Vocal,0.7536787390708923,Gang Vocal,[0.754],,[],,[],"[0.000, 0.000, 0.000, 0.000, 0.001, 0.000, 0.754, 0.039]"
3937,157.48,157.52,Gang Vocal,0.6833232641220093,Gang Vocal,[0.683],,[],,[],"[0.000, 0.000, 0.000, 0.000, 0.001, 0.000, 0.683, 0.054]"
3938,157.52,157.56,Gang Vocal,0.6146535277366638,Gang Vocal,[0.615],,[],,[],"[0.000, 0.000, 0.000, 0.000, 0.001, 0.000, 0.615, 0.072]"
3939,157.56,157.6,Gang Vocal,0.5524480938911438,Gang Vocal,[0.552],,[],,[],"[0.000, 0.000, 0.000, 0.000, 0.001, 0.000, 0.552, 0.092]"
3940,157.6,157.64,Gang Vocal,0.4993792772293091,Gang Vocal,[0.499],,[],,[],"[0.000, 0.000, 0.000, 0.000, 0.001, 0.000, 0.499, 0.115]"
3941,157.64,157.68,silence,0.13950346410274506,,[],,[],,[],"[0.000, 0.000, 0.000, 0.000, 0.001, 0.000, 0.456, 0.140]"
3942,157.68,157.72,silence,0.16458727419376373,,[],,[],,[],"[0.000, 0.000, 0.000, 0.000, 0.001, 0.000, 0.423, 0.165]"
3943,157.72,157.76,silence,0.18940961360931396,,[],,[],,[],"[0.000, 0.000, 0.000, 0.000, 0.001, 0.000, 0.398, 0.189]"
3944,157.76,157.8,silence,0.21282173693180084,,[],,[],,[],"[0.000, 0.000, 0.000, 0.000, 0.001, 0.000, 0.381, 0.213]"
3945,157.8,157.84,silence,0.23348911106586456,,[],,[],,[],"[0.000, 0.000, 0.000, 0.000, 0.001, 0.000, 0.374, 0.233]"
3946,157.84,157.88,silence,0.2503027319908142,,[],,[],,[],"[0.000, 0.000, 0.000, 0.000, 0.000, 0.000, 0.375, 0.250]"
3947,157.88,157.92,silence,0.26233604550361633,,[],,[],,[],"[0.000, 0.000, 0.000, 0.000, 0.000, 0.000, 0.387, 0.262]"
3948,157.92,157.96,silence,0.2690980136394501,,[],,[],,[],"[0.000, 0.000, 0.000, 0.000, 0.000, 0.000, 0.407, 0.269]"
3949,157.96,158.0,silence,0.27047842741012573,,[],,[],,[],"[0.000, 0.000, 0.000, 0.000, 0.000, 0.000, 0.437, 0.270]"
3950,158.0,158.04,silence,0.26682978868484497,,[],,[],,[],"[0.000, 0.000, 0.000, 0.000, 0.000, 0.000, 0.477, 0.267]"
3951,158.04,158.08,Gang Vocal,0.5248753428459167,Gang Vocal,[0.525],,[],,[],"[0.000, 0.000, 0.000, 0.000, 0.000, 0.000, 0.525, 0.259]"
3952,158.08,158.12,Gang Vocal,0.5806097984313965,Gang Vocal,[0.581],,[],,[],"[0.000, 0.000, 0.000, 0.000, 0.000, 0.000, 0.581, 0.247]"
3953,158.12,158.16,Gang Vocal,0.6415715217590332,Gang Vocal,[0.642],,[],,[],"[0.000, 0.000, 0.000, 0.000, 0.000, 0.000, 0.642, 0.231]"
3954,158.16,158.2,Gang Vocal,0.7042540311813354,Gang Vocal,[0.704],,[],,[],"[0.000, 0.000, 0.000, 0.000, 0.000, 0.000, 0.704, 0.212]"
3955,158.2,158.24,Gang Vocal,0.764545202255249,Gang Vocal,[0.765],,[],,[],"[0.000, 0.000, 0.000, 0.000, 0.000, 0.000, 0.765, 0.192]"
3956,158.24,158.28,Gang Vocal,0.8188282251358032,Gang Vocal,[0.819],,[],,[],"[0.000, 0.000, 0.000, 0.000, 0.000, 0.000, 0.819, 0.170]"
3957,158.28,158.32,Gang Vocal,0.8647149205207825,Gang Vocal,[0.865],,[],,[],"[0.000, 0.000, 0.000, 0.000, 0.000, 0.000, 0.865, 0.149]"
3958,158.32,158.36,Gang Vocal,0.9013794660568237,Gang Vocal,[0.901],,[],,[],"[0.000, 0.000, 0.000, 0.000, 0.000, 0.000, 0.901, 0.128]"
3959,158.36,158.4,Gang Vocal,0.9293447732925415,Gang Vocal,[0.929],,[],,[],"[0.000, 0.000, 0.000, 0.000, 0.000, 0.000, 0.929, 0.108]"
3960,158.4,158.44,Gang Vocal,0.9498654007911682,Gang Vocal,[0.950],,[],,[],"[0.000, 0.000, 0.000, 0.000, 0.000, 0.000, 0.950, 0.091]"
3961,158.44,158.48,Gang Vocal,0.9644536972045898,Gang Vocal,[0.964],,[],,[],"[0.000, 0.000, 0.000, 0.000, 0.000, 0.000, 0.964, 0.075]"
3962,158.48,158.52,Gang Vocal,0.9746285080909729,Gang Vocal,[0.975],,[],,[],"[0.000, 0.000, 0.000, 0.000, 0.000, 0.000, 0.975, 0.061]"
3963,158.52,158.56,Gang Vocal,0.9816476106643677,Gang Vocal,[0.982],,[],,[],"[0.000, 0.000, 0.000, 0.000, 0.000, 0.000, 0.982, 0.050]"
3964,158.56,158.6,Gang Vocal,0.9864650964736938,Gang Vocal,[0.986],,[],,[],"[0.000, 0.000, 0.000, 0.000, 0.000, 0.000, 0.986, 0.041]"
3965,158.6,158.64,Gang Vocal,0.9897655248641968,Gang Vocal,[0.990],,[],,[],"[0.000, 0.000, 0.000, 0.000, 0.000, 0.000, 0.990, 0.034]"
3966,158.64,158.68,Gang Vocal,0.9920228719711304,Gang Vocal,[0.992],,[],,[],"[0.000, 0.000, 0.000, 0.000, 0.000, 0.000, 0.992, 0.028]"
3967,158.68,158.72,Gang Vocal,0.9935590624809265,Gang Vocal,[0.994],,[],,[],"[0.000, 0.000, 0.000, 0.000, 0.000, 0.000, 0.994, 0.024]"
3968,158.72,158.76,Gang Vocal,0.9945933222770691,Gang Vocal,[0.995],,[],,[],"[0.000, 0.000, 0.000, 0.000, 0.000, 0.000, 0.995, 0.020]"
3969,158.76,158.8,Gang Vocal,0.9952753782272339,Gang Vocal,[0.995],,[],,[],"[0.000, 0.000, 0.000, 0.000, 0.000, 0.000, 0.995, 0.018]"
3970,158.8,158.84,Gang Vocal,0.9957095384597778,Gang Vocal,[0.996],,[],,[],"[0.000, 0.000, 0.000, 0.000, 0.000, 0.000, 0.996, 0.016]"
3971,158.84,158.88,Gang Vocal,0.995963454246521,Gang Vocal,[0.996],,[],,[],"[0.000, 0.000, 0.000, 0.000, 0.000, 0.000, 0.996, 0.014]"
3972,158.88,158.92,Gang Vocal,0.9960829019546509,Gang Vocal,[0.996],,[],,[],"[0.000, 0.000, 0.000, 0.000, 0.000, 0.000, 0.996, 0.013]"
3973,158.92,158.96,Gang Vocal,0.9960938096046448,Gang Vocal,[0.996],,[],,[],"[0.000, 0.000, 0.000, 0.000, 0.000, 0.000, 0.996, 0.012]"
3974,158.96,159.0,Gang Vocal,0.9960158467292786,Gang Vocal,[0.996],,[],,[],"[0.000, 0.000, 0.000, 0.000, 0.000, 0.000, 0.996, 0.012]"
3975,159.0,159.04,Gang Vocal,0.995862603187561,Gang Vocal,[0.996],,[],,[],"[0.000, 0.000, 0.000, 0.000, 0.000, 0.000, 0.996, 0.011]"
3976,159.04,159.08,Gang Vocal,0.9956470131874084,Gang Vocal,[0.996],,[],,[],"[0.000, 0.000, 0.000, 0.000, 0.000, 0.000, 0.996, 0.010]"
3977,159.08,159.12,Gang Vocal,0.9953775405883789,Gang Vocal,[0.995],,[],,[],"[0.000, 0.000, 0.000, 0.000, 0.000, 0.000, 0.995, 0.010]"
3978,159.12,159.16,Gang Vocal,0.9950584173202515,Gang Vocal,[0.995],,[],,[],"[0.000, 0.000, 0.000, 0.000, 0.000, 0.000, 0.995, 0.009]"
3979,159.16,159.2,Gang Vocal,0.9946950078010559,Gang Vocal,[0.995],,[],,[],"[0.000, 0.000, 0.000, 0.000, 0.000, 0.000, 0.995, 0.009]"
3980,159.2,159.24,Gang Vocal,0.9942939877510071,Gang Vocal,[0.994],,[],,[],"[0.000, 0.000, 0.000, 0.000, 0.000, 0.000, 0.994, 0.008]"
3981,159.24,159.28,Gang Vocal,0.9938639402389526,Gang Vocal,[0.994],,[],,[],"[0.000, 0.000, 0.000, 0.000, 0.000, 0.000, 0.994, 0.008]"
3982,159.28,159.32,Gang Vocal,0.9934176206588745,Gang Vocal,[0.993],,[],,[],"[0.000, 0.000, 0.000, 0.000, 0.000, 0.000, 0.993, 0.007]"
3983,159.32,159.36,Gang Vocal,0.9929749965667725,Gang Vocal,[0.993],,[],,[],"[0.000, 0.000, 0.000, 0.000, 0.000, 0.000, 0.993, 0.007]"
3984,159.36,159.4,Gang Vocal,0.9925671815872192,Gang Vocal,[0.993],,[],,[],"[0.000, 0.000, 0.000, 0.000, 0.000, 0.000, 0.993, 0.007]"
3985,159.4,159.44,Gang Vocal,0.9922297596931458,Gang Vocal,[0.992],,[],,[],"[0.000, 0.000, 0.000, 0.000, 0.000, 0.000, 0.992, 0.006]"
3986,159.44,159.48,Gang Vocal,0.9919945001602173,Gang Vocal,[0.992],,[],,[],"[0.000, 0.000, 0.000, 0.000, 0.000, 0.000, 0.992, 0.006]"
3987,159.48,159.52,Gang Vocal,0.9918935298919678,Gang Vocal,[0.992],,[],,[],"[0.000, 0.000, 0.000, 0.000, 0.000, 0.000, 0.992, 0.006]"
3988,159.52,159.56,Gang Vocal,0.9919467568397522,Gang Vocal,[0.992],,[],,[],"[0.000, 0.000, 0.000, 0.000, 0.000, 0.000, 0.992, 0.005]"
3989,159.56,159.6,Gang Vocal,0.9921615719795227,Gang Vocal,[0.992],,[],,[],"[0.000, 0.000, 0.000, 0.000, 0.000, 0.000, 0.992, 0.005]"
3990,159.6,159.64,Gang Vocal,0.9925244450569153,Gang Vocal,[0.993],,[],,[],"[0.000, 0.000, 0.000, 0.000, 0.000, 0.000, 0.993, 0.005]"
3991,159.64,159.68,Gang Vocal,0.9930161237716675,Gang Vocal,[0.993],,[],,[],"[0.000, 0.000, 0.000, 0.000, 0.000, 0.000, 0.993, 0.004]"
3992,159.68,159.72,Gang Vocal,0.9936093091964722,Gang Vocal,[0.994],,[],,[],"[0.000, 0.000, 0.000, 0.000, 0.000, 0.000, 0.994, 0.004]"
3993,159.72,159.76,Gang Vocal,0.9942814111709595,Gang Vocal,[0.994],,[],,[],"[0.000, 0.000, 0.000, 0.000, 0.000, 0.000, 0.994, 0.004]"
3994,159.76,159.8,Gang Vocal,0.994997501373291,Gang Vocal,[0.995],,[],,[],"[0.000, 0.000, 0.000, 0.000, 0.000, 0.000, 0.995, 0.003]"
3995,159.8,159.84,Gang Vocal,0.9957166314125061,Gang Vocal,[0.996],,[],,[],"[0.000, 0.000, 0.000, 0.000, 0.000, 0.000, 0.996, 0.003]"
3996,159.84,159.88,Gang Vocal,0.996403694152832,Gang Vocal,[0.996],,[],,[],"[0.000, 0.000, 0.000, 0.000, 0.000, 0.000, 0.996, 0.003]"
3997,159.88,159.92,Gang Vocal,0.9970320463180542,Gang Vocal,[0.997],,[],,[],"[0.000, 0.000, 0.000, 0.000, 0.000, 0.000, 0.997, 0.003]"
3998,159.92,159.96,Gang Vocal,0.997588038444519,Gang Vocal,[0.998],,[],,[],"[0.000, 0.000, 0.000, 0.000, 0.000, 0.000, 0.998, 0.003]"
3999,159.96,160.0,Gang Vocal,0.9980666041374207,Gang Vocal,[0.998],,[],,[],"[0.000, 0.000, 0.000, 0.000, 0.000, 0.000, 0.998, 0.002]"
4000,160.0,160.04,Gang Vocal,0.9984685778617859,Gang Vocal,[0.998],,[],,[],"[0.000, 0.000, 0.000, 0.000, 0.000, 0.000, 0.998, 0.002]"
4001,160.04,160.08,Gang Vocal,0.9987987279891968,Gang Vocal,[0.999],,[],,[],"[0.000, 0.000, 0.000, 0.000, 0.000, 0.000, 0.999, 0.002]"
4002,160.08,160.12,Gang Vocal,0.9990634322166443,Gang Vocal,[0.999],,[],,[],"[0.000, 0.000, 0.000, 0.000, 0.000, 0.000, 0.999, 0.002]"
4003,160.12,160.16,Gang Vocal,0.9992713332176208,Gang Vocal,[0.999],,[],,[],"[0.000, 0.000, 0.000, 0.000, 0.000, 0.000, 0.999, 0.002]"
4004,160.16,160.2,Gang Vocal,0.9994321465492249,Gang Vocal,[0.999],,[],,[],"[0.000, 0.000, 0.000, 0.000, 0.000, 0.000, 0.999, 0.002]"
4005,160.2,160.24,Gang Vocal,0.9995545744895935,Gang Vocal,[1.000],,[],,[],"[0.000, 0.000, 0.000, 0.000, 0.000, 0.000, 1.000, 0.002]"
4006,160.24,160.28,Gang Vocal,0.9996470212936401,Gang Vocal,[1.000],,[],,[],"[0.000, 0.000, 0.000, 0.000, 0.000, 0.000, 1.000, 0.002]"
4007,160.28,160.32,Gang Vocal,0.9997162222862244,Gang Vocal,[1.000],,[],,[],"[0.000, 0.000, 0.000, 0.000, 0.000, 0.000, 1.000, 0.001]"
4008,160.32,160.36,Gang Vocal,0.9997679591178894,Gang Vocal,[1.000],,[],,[],"[0.000, 0.000, 0.000, 0.000, 0.000, 0.000, 1.000, 0.001]"
4009,160.36,160.4,Gang Vocal,0.9998059868812561,Gang Vocal,[1.000],,[],,[],"[0.000, 0.000, 0.000, 0.000, 0.000, 0.000, 1.000, 0.001]"
4010,160.4,160.44,Gang Vocal,0.9998338222503662,Gang Vocal,[1.000],,[],,[],"[0.000, 0.000, 0.000, 0.000, 0.000, 0.000, 1.000, 0.001]"
4011,160.44,160.48,Gang Vocal,0.9998537302017212,Gang Vocal,[1.000],,[],,[],"[0.000, 0.000, 0.000, 0.000, 0.000, 0.000, 1.000, 0.001]"
4012,160.48,160.52,Gang Vocal,0.99986732006073,Gang Vocal,[1.000],,[],,[],"[0.000, 0.000, 0.000, 0.000, 0.000, 0.000, 1.000, 0.001]"
4013,160.52,160.56,Gang Vocal,0.9998759031295776,Gang Vocal,[1.000],,[],,[],"[0.000, 0.000, 0.000, 0.000, 0.000, 0.000, 1.000, 0.001]"
4014,160.56,160.6,Gang Vocal,0.9998801946640015,Gang Vocal,[1.000],,[],,[],"[0.000, 0.000, 0.000, 0.000, 0.000, 0.000, 1.000, 0.001]"
4015,160.6,160.64,Gang Vocal,0.9998805522918701,Gang Vocal,[1.000],,[],,[],"[0.000, 0.000, 0.000, 0.000, 0.000, 0.000, 1.000, 0.001]"
4016,160.64,160.68,Gang Vocal,0.9998770952224731,Gang Vocal,[1.000],Yujin,"[0.000, 0.472, 0.000, 0.000, 0.000, 0.000, 0.000]",,[],"[0.000, 0.000, 0.000, 0.000, 0.000, 0.000, 1.000, 0.002]"
4017,160.68,160.72,Gang Vocal,0.9998695850372314,Gang Vocal,[1.000],Yujin,"[0.000, 0.530, 0.000, 0.000, 0.000, 0.000, 0.000]",,[],"[0.000, 0.000, 0.000, 0.000, 0.000, 0.000, 1.000, 0.002]"
4018,160.72,160.76,Gang Vocal,0.9998576641082764,Gang Vocal,[1.000],Yujin,"[0.000, 0.587, 0.000, 0.000, 0.000, 0.000, 0.000]",,[],"[0.000, 0.000, 0.000, 0.000, 0.000, 0.000, 1.000, 0.002]"
4019,160.76,160.8,Gang Vocal,0.9998406171798706,Gang Vocal,[1.000],Yujin,"[0.000, 0.641, 0.000, 0.000, 0.000, 0.000, 0.000]",,[],"[0.000, 0.000, 0.000, 0.000, 0.000, 0.000, 1.000, 0.002]"
4020,160.8,160.84,Gang Vocal,0.9998171925544739,Gang Vocal,[1.000],Yujin,"[0.000, 0.690, 0.000, 0.000, 0.000, 0.000, 0.000]",,[],"[0.000, 0.000, 0.000, 0.000, 0.000, 0.000, 1.000, 0.002]"
4021,160.84,160.88,Gang Vocal,0.9997853636741638,Gang Vocal,[1.000],Yujin,"[0.000, 0.734, 0.000, 0.000, 0.000, 0.000, 0.000]",,[],"[0.000, 0.000, 0.000, 0.000, 0.000, 0.000, 1.000, 0.002]"
4022,160.88,160.92,Gang Vocal,0.9997424483299255,Gang Vocal,[1.000],Yujin,"[0.000, 0.771, 0.000, 0.000, 0.000, 0.000, 0.000]",,[],"[0.000, 0.000, 0.000, 0.000, 0.000, 0.000, 1.000, 0.003]"
4023,160.92,160.96,Gang Vocal,0.9996844530105591,Gang Vocal,[1.000],Yujin,"[0.000, 0.802, 0.000, 0.000, 0.000, 0.000, 0.000]",,[],"[0.000, 0.000, 0.000, 0.000, 0.000, 0.000, 1.000, 0.003]"
4024,160.96,161.0,Gang Vocal,0.9996063113212585,Gang Vocal,[1.000],Yujin,"[0.000, 0.826, 0.000, 0.000, 0.000, 0.000, 0.000]",,[],"[0.000, 0.000, 0.000, 0.000, 0.000, 0.000, 1.000, 0.003]"
4025,161.0,161.04,Gang Vocal,0.9995003938674927,Gang Vocal,[1.000],Yujin,"[0.000, 0.846, 0.000, 0.000, 0.000, 0.000, 0.000]",,[],"[0.000, 0.000, 0.000, 0.000, 0.000, 0.000, 1.000, 0.003]"
4026,161.04,161.08,Gang Vocal,0.9993565678596497,Gang Vocal,[0.999],Yujin,"[0.000, 0.861, 0.000, 0.000, 0.000, 0.000, 0.000]",,[],"[0.000, 0.000, 0.000, 0.000, 0.000, 0.000, 0.999, 0.004]"
4027,161.08,161.12,Gang Vocal,0.999160647392273,Gang Vocal,[0.999],Yujin,"[0.000, 0.872, 0.000, 0.000, 0.000, 0.000, 0.000]",,[],"[0.000, 0.001, 0.000, 0.000, 0.001, 0.000, 0.999, 0.004]"
4028,161.12,161.16,Gang Vocal,0.9988940358161926,Gang Vocal,[0.999],Yujin,"[0.000, 0.879, 0.000, 0.000, 0.000, 0.000, 0.000]",,[],"[0.000, 0.001, 0.000, 0.000, 0.001, 0.000, 0.999, 0.004]"
4029,161.16,161.2,Gang Vocal,0.9985312223434448,Gang Vocal,[0.999],Yujin,"[0.000, 0.882, 0.000, 0.000, 0.000, 0.000, 0.000]",,[],"[0.000, 0.001, 0.000, 0.000, 0.001, 0.000, 0.999, 0.005]"
4030,161.2,161.24,Gang Vocal,0.9980375170707703,Gang Vocal,[0.998],Yujin,"[0.000, 0.883, 0.000, 0.000, 0.000, 0.000, 0.000]",,[],"[0.000, 0.001, 0.000, 0.000, 0.002, 0.000, 0.998, 0.005]"
4031,161.24,161.28,Gang Vocal,0.9973673224449158,Gang Vocal,[0.997],Yujin,"[0.000, 0.879, 0.000, 0.000, 0.000, 0.000, 0.000]",,[],"[0.000, 0.002, 0.000, 0.000, 0.003, 0.000, 0.997, 0.006]"
4032,161.28,161.32,Gang Vocal,0.996461808681488,Gang Vocal,[0.996],Yujin,"[0.000, 0.872, 0.000, 0.000, 0.000, 0.000, 0.000]",,[],"[0.000, 0.003, 0.000, 0.000, 0.004, 0.000, 0.996, 0.006]"
4033,161.32,161.36,Gang Vocal,0.9952470660209656,Gang Vocal,[0.995],Yujin,"[0.000, 0.862, 0.000, 0.000, 0.000, 0.000, 0.000]",,[],"[0.000, 0.003, 0.000, 0.000, 0.007, 0.000, 0.995, 0.006]"
4034,161.36,161.4,Gang Vocal,0.9936326146125793,Gang Vocal,[0.994],Yujin,"[0.000, 0.848, 0.000, 0.000, 0.000, 0.000, 0.000]",,[],"[0.000, 0.005, 0.000, 0.000, 0.009, 0.000, 0.994, 0.007]"
4035,161.4,161.44,Gang Vocal,0.9915106892585754,Gang Vocal,[0.992],Yujin,"[0.000, 0.832, 0.000, 0.000, 0.000, 0.000, 0.000]",,[],"[0.000, 0.006, 0.000, 0.000, 0.013, 0.000, 0.992, 0.007]"
4036,161.44,161.48,Gang Vocal,0.988754153251648,Gang Vocal,[0.989],Yujin,"[0.000, 0.812, 0.000, 0.000, 0.000, 0.000, 0.000]",,[],"[0.000, 0.008, 0.000, 0.000, 0.019, 0.000, 0.989, 0.008]"
4037,161.48,161.52,Gang Vocal,0.9852281808853149,Gang Vocal,[0.985],Yujin,"[0.000, 0.788, 0.000, 0.000, 0.001, 0.000, 0.000]",,[],"[0.000, 0.010, 0.000, 0.001, 0.025, 0.000, 0.985, 0.009]"
4038,161.52,161.56,Gang Vocal,0.980798065662384,Gang Vocal,[0.981],Yujin,"[0.000, 0.761, 0.000, 0.000, 0.001, 0.000, 0.000]",,[],"[0.000, 0.012, 0.000, 0.001, 0.034, 0.000, 0.981, 0.009]"
4039,161.56,161.6,Gang Vocal,0.9753454923629761,Gang Vocal,[0.975],Yujin,"[0.000, 0.730, 0.000, 0.000, 0.001, 0.000, 0.000]",,[],"[0.001, 0.015, 0.000, 0.001, 0.043, 0.000, 0.975, 0.010]"
4040,161.6,161.64,Gang Vocal,0.9688239693641663,Gang Vocal,[0.969],Yujin,"[0.000, 0.696, 0.000, 0.000, 0.001, 0.000, 0.000]",,[],"[0.001, 0.018, 0.000, 0.001, 0.054, 0.000, 0.969, 0.010]"
4041,161.64,161.68,Gang Vocal,0.9612708687782288,Gang Vocal,[0.961],Yujin,"[0.001, 0.658, 0.000, 0.000, 0.001, 0.000, 0.000]",,[],"[0.001, 0.021, 0.000, 0.001, 0.066, 0.001, 0.961, 0.011]"
4042,161.68,161.72,Gang Vocal,0.9528262615203857,Gang Vocal,[0.953],Yujin,"[0.001, 0.617, 0.000, 0.000, 0.002, 0.000, 0.000]",,[],"[0.002, 0.025, 0.001, 0.001, 0.077, 0.001, 0.953, 0.012]"
4043,161.72,161.76,Gang Vocal,0.9437159299850464,Gang Vocal,[0.944],Yujin,"[0.001, 0.573, 0.000, 0.000, 0.002, 0.000, 0.000]",,[],"[0.004, 0.028, 0.001, 0.001, 0.088, 0.001, 0.944, 0.012]"
4044,161.76,161.8,Gang Vocal,0.9342736601829529,Gang Vocal,[0.934],Yujin,"[0.002, 0.529, 0.000, 0.001, 0.002, 0.000, 0.000]",,[],"[0.005, 0.031, 0.001, 0.001, 0.098, 0.002, 0.934, 0.013]"
4045,161.8,161.84,Gang Vocal,0.9249398708343506,Gang Vocal,[0.925],Yujin,"[0.004, 0.485, 0.000, 0.001, 0.002, 0.000, 0.000]",,[],"[0.008, 0.034, 0.001, 0.002, 0.106, 0.002, 0.925, 0.013]"
4046,161.84,161.88,Gang Vocal,0.9162304997444153,Gang Vocal,[0.916],Yujin,"[0.005, 0.443, 0.000, 0.001, 0.002, 0.000, 0.000]",,[],"[0.011, 0.036, 0.001, 0.002, 0.112, 0.003, 0.916, 0.014]"
4047,161.88,161.92,Gang Vocal,0.9087188243865967,Gang Vocal,[0.909],,[],,[],"[0.015, 0.038, 0.002, 0.002, 0.115, 0.003, 0.909, 0.014]"
4048,161.92,161.96,Gang Vocal,0.902898907661438,Gang Vocal,[0.903],,[],,[],"[0.021, 0.039, 0.002, 0.002, 0.116, 0.004, 0.903, 0.014]"
4049,161.96,162.0,Gang Vocal,0.8992074131965637,Gang Vocal,[0.899],,[],,[],"[0.028, 0.039, 0.002, 0.002, 0.114, 0.004, 0.899, 0.015]"
4050,162.0,162.04,Gang Vocal,0.8978551626205444,Gang Vocal,[0.898],,[],,[],"[0.035, 0.038, 0.003, 0.002, 0.111, 0.005, 0.898, 0.015]"
4051,162.04,162.08,Gang Vocal,0.8988526463508606,Gang Vocal,[0.899],,[],,[],"[0.043, 0.037, 0.003, 0.001, 0.105, 0.005, 0.899, 0.015]"
4052,162.08,162.12,Gang Vocal,0.9020093679428101,Gang Vocal,[0.902],,[],,[],"[0.051, 0.035, 0.003, 0.001, 0.098, 0.005, 0.902, 0.015]"
4053,162.12,162.16,Gang Vocal,0.9070048928260803,Gang Vocal,[0.907],,[],,[],"[0.059, 0.033, 0.003, 0.001, 0.091, 0.004, 0.907, 0.015]"
4054,162.16,162.2,Gang Vocal,0.9134578704833984,Gang Vocal,[0.913],,[],,[],"[0.065, 0.031, 0.003, 0.001, 0.082, 0.004, 0.913, 0.015]"
4055,162.2,162.24,Gang Vocal,0.9209612011909485,Gang Vocal,[0.921],,[],,[],"[0.069, 0.028, 0.003, 0.001, 0.073, 0.003, 0.921, 0.015]"
4056,162.24,162.28,Gang Vocal,0.9290913939476013,Gang Vocal,[0.929],,[],,[],"[0.071, 0.025, 0.003, 0.001, 0.064, 0.003, 0.929, 0.015]"
4057,162.28,162.32,Gang Vocal,0.9374266266822815,Gang Vocal,[0.937],,[],,[],"[0.071, 0.023, 0.003, 0.001, 0.055, 0.002, 0.937, 0.015]"
4058,162.32,162.36,Gang Vocal,0.9456174373626709,Gang Vocal,[0.946],,[],,[],"[0.069, 0.021, 0.003, 0.001, 0.047, 0.002, 0.946, 0.015]"
4059,162.36,162.4,Gang Vocal,0.9533845782279968,Gang Vocal,[0.953],,[],,[],"[0.065, 0.018, 0.002, 0.000, 0.039, 0.002, 0.953, 0.015]"
4060,162.4,162.44,Gang Vocal,0.9604994058609009,Gang Vocal,[0.960],,[],,[],"[0.060, 0.016, 0.002, 0.000, 0.033, 0.001, 0.960, 0.015]"
4061,162.44,162.48,Gang Vocal,0.9668158888816833,Gang Vocal,[0.967],,[],,[],"[0.054, 0.015, 0.002, 0.000, 0.027, 0.001, 0.967, 0.015]"
4062,162.48,162.52,Gang Vocal,0.9722672700881958,Gang Vocal,[0.972],,[],,[],"[0.047, 0.013, 0.002, 0.000, 0.023, 0.001, 0.972, 0.015]"
4063,162.52,162.56,Gang Vocal,0.9768650531768799,Gang Vocal,[0.977],Yujin,"[0.031, 0.472, 0.000, 0.001, 0.000, 0.000, 0.000]",,[],"[0.040, 0.012, 0.001, 0.000, 0.019, 0.001, 0.977, 0.015]"
4064,162.56,162.6,Gang Vocal,0.9806764125823975,Gang Vocal,[0.981],Yujin,"[0.028, 0.509, 0.000, 0.001, 0.000, 0.000, 0.000]",,[],"[0.034, 0.011, 0.001, 0.000, 0.015, 0.000, 0.981, 0.015]"
4065,162.6,162.64,Gang Vocal,0.9837995767593384,Gang Vocal,[0.984],Yujin,"[0.025, 0.547, 0.000, 0.001, 0.000, 0.000, 0.000]",,[],"[0.028, 0.010, 0.001, 0.000, 0.013, 0.000, 0.984, 0.015]"
4066,162.64,162.68,Gang Vocal,0.9863376021385193,Gang Vocal,[0.986],Yujin,"[0.022, 0.583, 0.000, 0.001, 0.000, 0.000, 0.000]",,[],"[0.022, 0.009, 0.001, 0.000, 0.011, 0.000, 0.986, 0.015]"
4067,162.68,162.72,Gang Vocal,0.9883814454078674,Gang Vocal,[0.988],Yujin,"[0.019, 0.617, 0.000, 0.001, 0.000, 0.000, 0.000]",,[],"[0.018, 0.008, 0.001, 0.000, 0.009, 0.000, 0.988, 0.015]"
4068,162.72,162.76,Gang Vocal,0.9900137186050415,Gang Vocal,[0.990],Yujin,"[0.017, 0.648, 0.000, 0.001, 0.000, 0.000, 0.000]",,[],"[0.014, 0.008, 0.001, 0.000, 0.008, 0.000, 0.990, 0.015]"
4069,162.76,162.8,Gang Vocal,0.9913089275360107,Gang Vocal,[0.991],Yujin,"[0.014, 0.675, 0.000, 0.001, 0.000, 0.000, 0.000]",,[],"[0.011, 0.007, 0.001, 0.000, 0.007, 0.000, 0.991, 0.016]"
4070,162.8,162.84,Gang Vocal,0.9923323392868042,Gang Vocal,[0.992],Yujin,"[0.012, 0.697, 0.000, 0.001, 0.000, 0.000, 0.000]",,[],"[0.009, 0.006, 0.000, 0.000, 0.006, 0.000, 0.992, 0.016]"
4071,162.84,162.88,Gang Vocal,0.993134617805481,Gang Vocal,[0.993],Yujin,"[0.011, 0.715, 0.000, 0.001, 0.000, 0.000, 0.000]",,[],"[0.007, 0.006, 0.000, 0.000, 0.005, 0.000, 0.993, 0.016]"
4072,162.88,162.92,Gang Vocal,0.9937594532966614,Gang Vocal,[0.994],Yujin,"[0.009, 0.728, 0.000, 0.001, 0.000, 0.000, 0.000]",,[],"[0.005, 0.006, 0.000, 0.000, 0.005, 0.000, 0.994, 0.016]"
4073,162.92,162.96,Gang Vocal,0.9942436814308167,Gang Vocal,[0.994],Yujin,"[0.008, 0.737, 0.000, 0.001, 0.000, 0.000, 0.000]",,[],"[0.004, 0.005, 0.000, 0.000, 0.004, 0.000, 0.994, 0.017]"
4074,162.96,163.0,Gang Vocal,0.9946138262748718,Gang Vocal,[0.995],Yujin,"[0.007, 0.742, 0.000, 0.001, 0.000, 0.000, 0.000]",,[],"[0.003, 0.005, 0.000, 0.000, 0.004, 0.000, 0.995, 0.017]"
4075,163.0,163.04,Gang Vocal,0.9948898553848267,Gang Vocal,[0.995],Yujin,"[0.006, 0.744, 0.000, 0.001, 0.000, 0.000, 0.000]",,[],"[0.002, 0.005, 0.000, 0.000, 0.004, 0.000, 0.995, 0.018]"
4076,163.04,163.08,Gang Vocal,0.9950862526893616,Gang Vocal,[0.995],Yujin,"[0.005, 0.744, 0.000, 0.001, 0.000, 0.000, 0.000]",,[],"[0.002, 0.005, 0.000, 0.000, 0.003, 0.000, 0.995, 0.018]"
4077,163.08,163.12,Gang Vocal,0.9952127933502197,Gang Vocal,[0.995],Yujin,"[0.005, 0.740, 0.000, 0.002, 0.000, 0.000, 0.000]",,[],"[0.001, 0.005, 0.000, 0.000, 0.003, 0.000, 0.995, 0.019]"
4078,163.12,163.16,Gang Vocal,0.9952787160873413,Gang Vocal,[0.995],Yujin,"[0.004, 0.734, 0.000, 0.002, 0.000, 0.000, 0.000]",,[],"[0.001, 0.005, 0.000, 0.000, 0.003, 0.000, 0.995, 0.019]"
4079,163.16,163.2,Gang Vocal,0.9952900409698486,Gang Vocal,[0.995],Yujin,"[0.004, 0.725, 0.000, 0.002, 0.000, 0.000, 0.000]",,[],"[0.001, 0.004, 0.000, 0.000, 0.003, 0.000, 0.995, 0.020]"
4080,163.2,163.24,Gang Vocal,0.9952520132064819,Gang Vocal,[0.995],Yujin,"[0.004, 0.715, 0.000, 0.003, 0.000, 0.000, 0.000]",,[],"[0.001, 0.004, 0.000, 0.000, 0.003, 0.000, 0.995, 0.020]"
4081,163.24,163.28,Gang Vocal,0.9951684474945068,Gang Vocal,[0.995],Yujin,"[0.003, 0.702, 0.000, 0.003, 0.000, 0.000, 0.000]",,[],"[0.001, 0.004, 0.000, 0.000, 0.003, 0.000, 0.995, 0.021]"
4082,163.28,163.32,Gang Vocal,0.995039165019989,Gang Vocal,[0.995],Yujin,"[0.003, 0.688, 0.000, 0.004, 0.000, 0.000, 0.000]",,[],"[0.001, 0.004, 0.000, 0.000, 0.003, 0.000, 0.995, 0.021]"
4083,163.32,163.36,Gang Vocal,0.9948647618293762,Gang Vocal,[0.995],Yujin,"[0.003, 0.672, 0.000, 0.005, 0.000, 0.000, 0.000]",,[],"[0.000, 0.004, 0.000, 0.000, 0.003, 0.000, 0.995, 0.022]"
4084,163.36,163.4,Gang Vocal,0.9946427345275879,Gang Vocal,[0.995],Yujin,"[0.003, 0.655, 0.000, 0.006, 0.000, 0.000, 0.000]",,[],"[0.000, 0.004, 0.000, 0.000, 0.003, 0.000, 0.995, 0.022]"
4085,163.4,163.44,Gang Vocal,0.9943694472312927,Gang Vocal,[0.994],Yujin,"[0.003, 0.635, 0.000, 0.007, 0.000, 0.000, 0.000]",,[],"[0.000, 0.004, 0.000, 0.000, 0.003, 0.000, 0.994, 0.022]"
4086,163.44,163.48,Gang Vocal,0.9940379858016968,Gang Vocal,[0.994],Yujin,"[0.003, 0.615, 0.000, 0.009, 0.000, 0.000, 0.000]",,[],"[0.000, 0.004, 0.000, 0.000, 0.003, 0.000, 0.994, 0.022]"
4087,163.48,163.52,Gang Vocal,0.9936326146125793,Gang Vocal,[0.994],Yujin,"[0.003, 0.595, 0.000, 0.011, 0.000, 0.000, 0.000]",,[],"[0.000, 0.004, 0.000, 0.000, 0.004, 0.000, 0.994, 0.021]"
4088,163.52,163.56,Gang Vocal,0.9931430816650391,Gang Vocal,[0.993],Yujin,"[0.003, 0.575, 0.000, 0.013, 0.000, 0.000, 0.000]",,[],"[0.000, 0.004, 0.000, 0.000, 0.004, 0.000, 0.993, 0.021]"
4089,163.56,163.6,Gang Vocal,0.9925546050071716,Gang Vocal,[0.993],Yujin,"[0.003, 0.556, 0.000, 0.015, 0.000, 0.000, 0.000]",,[],"[0.000, 0.004, 0.000, 0.000, 0.004, 0.000, 0.993, 0.021]"
4090,163.6,163.64,Gang Vocal,0.9918437600135803,Gang Vocal,[0.992],Yujin,"[0.003, 0.539, 0.000, 0.017, 0.000, 0.000, 0.000]",,[],"[0.000, 0.004, 0.000, 0.000, 0.005, 0.000, 0.992, 0.021]"
4091,163.64,163.68,Gang Vocal,0.9909769296646118,Gang Vocal,[0.991],Yujin,"[0.003, 0.522, 0.000, 0.019, 0.001, 0.000, 0.000]",,[],"[0.000, 0.004, 0.000, 0.000, 0.005, 0.000, 0.991, 0.021]"
4092,163.68,163.72,Gang Vocal,0.9899146556854248,Gang Vocal,[0.990],Yujin,"[0.002, 0.508, 0.000, 0.022, 0.001, 0.000, 0.000]",,[],"[0.000, 0.004, 0.000, 0.000, 0.006, 0.000, 0.990, 0.020]"
4093,163.72,163.76,Gang Vocal,0.9886128902435303,Gang Vocal,[0.989],Yujin,"[0.002, 0.494, 0.000, 0.024, 0.001, 0.000, 0.000]",,[],"[0.000, 0.004, 0.000, 0.000, 0.006, 0.000, 0.989, 0.020]"
4094,163.76,163.8,Gang Vocal,0.9870211482048035,Gang Vocal,[0.987],Yujin,"[0.002, 0.483, 0.000, 0.026, 0.001, 0.000, 0.000]",,[],"[0.000, 0.004, 0.000, 0.000, 0.007, 0.000, 0.987, 0.020]"
4095,163.8,163.84,Gang Vocal,0.9850844740867615,Gang Vocal,[0.985],Yujin,"[0.002, 0.473, 0.000, 0.027, 0.001, 0.000, 0.000]",,[],"[0.000, 0.004, 0.000, 0.000, 0.008, 0.000, 0.985, 0.020]"
4096,163.84,163.88,Gang Vocal,0.9827398061752319,Gang Vocal,[0.983],Yujin,"[0.002, 0.464, 0.000, 0.028, 0.001, 0.000, 0.000]",,[],"[0.000, 0.004, 0.000, 0.000, 0.009, 0.000, 0.983, 0.020]"
4097,163.88,163.92,Gang Vocal,0.9799094796180725,Gang Vocal,[0.980],Yujin,"[0.002, 0.457, 0.000, 0.029, 0.001, 0.000, 0.000]",,[],"[0.000, 0.004, 0.000, 0.000, 0.009, 0.000, 0.980, 0.021]"
4098,163.92,163.96,Gang Vocal,0.9765188097953796,Gang Vocal,[0.977],Yujin,"[0.002, 0.451, 0.000, 0.028, 0.001, 0.000, 0.000]",,[],"[0.000, 0.004, 0.000, 0.000, 0.010, 0.000, 0.977, 0.021]"
4099,163.96,164.0,Gang Vocal,0.9724650382995605,Gang Vocal,[0.972],Yujin,"[0.002, 0.446, 0.000, 0.027, 0.001, 0.000, 0.000]",,[],"[0.000, 0.004, 0.000, 0.000, 0.011, 0.000, 0.972, 0.022]"
4100,164.0,164.04,Gang Vocal,0.9676351547241211,Gang Vocal,[0.968],Yujin,"[0.002, 0.440, 0.000, 0.025, 0.001, 0.000, 0.000]",,[],"[0.000, 0.004, 0.000, 0.000, 0.012, 0.000, 0.968, 0.022]"
4101,164.04,164.08,Gang Vocal,0.9619359970092773,Gang Vocal,[0.962],Yujin,"[0.002, 0.433, 0.000, 0.022, 0.001, 0.000, 0.000]",,[],"[0.000, 0.004, 0.000, 0.000, 0.012, 0.000, 0.962, 0.023]"
4102,164.08,164.12,Gang Vocal,0.955309271812439,Gang Vocal,[0.955],,[],,[],"[0.000, 0.004, 0.000, 0.000, 0.013, 0.000, 0.955, 0.024]"
4103,164.12,164.16,Gang Vocal,0.947786271572113,Gang Vocal,[0.948],,[],,[],"[0.000, 0.004, 0.000, 0.000, 0.013, 0.000, 0.948, 0.024]"
4104,164.16,164.2,Gang Vocal,0.9394418597221375,Gang Vocal,[0.939],,[],,[],"[0.000, 0.004, 0.000, 0.000, 0.013, 0.000, 0.939, 0.025]"
4105,164.2,164.24,Gang Vocal,0.9304113388061523,Gang Vocal,[0.930],,[],,[],"[0.000, 0.004, 0.000, 0.001, 0.013, 0.000, 0.930, 0.026]"
4106,164.24,164.28,Gang Vocal,0.9208461046218872,Gang Vocal,[0.921],,[],,[],"[0.000, 0.004, 0.000, 0.001, 0.013, 0.000, 0.921, 0.027]"
4107,164.28,164.32,Gang Vocal,0.9110537767410278,Gang Vocal,[0.911],,[],,[],"[0.000, 0.004, 0.000, 0.001, 0.013, 0.000, 0.911, 0.027]"
4108,164.32,164.36,Gang Vocal,0.9014406800270081,Gang Vocal,[0.901],,[],,[],"[0.000, 0.004, 0.000, 0.001, 0.013, 0.000, 0.901, 0.027]"
4109,164.36,164.4,Gang Vocal,0.8924916982650757,Gang Vocal,[0.892],,[],,[],"[0.000, 0.004, 0.000, 0.001, 0.013, 0.000, 0.892, 0.027]"
4110,164.4,164.44,Gang Vocal,0.8847818374633789,Gang Vocal,[0.885],,[],,[],"[0.000, 0.004, 0.000, 0.001, 0.013, 0.000, 0.885, 0.027]"
4111,164.44,164.48,Gang Vocal,0.8786216974258423,Gang Vocal,[0.879],,[],,[],"[0.000, 0.004, 0.000, 0.001, 0.012, 0.000, 0.879, 0.026]"
4112,164.48,164.52,Gang Vocal,0.8742754459381104,Gang Vocal,[0.874],,[],,[],"[0.000, 0.004, 0.000, 0.001, 0.012, 0.000, 0.874, 0.025]"
4113,164.52,164.56,Gang Vocal,0.8720162510871887,Gang Vocal,[0.872],,[],,[],"[0.000, 0.003, 0.000, 0.001, 0.011, 0.000, 0.872, 0.023]"
4114,164.56,164.6,Gang Vocal,0.8721363544464111,Gang Vocal,[0.872],,[],,[],"[0.000, 0.003, 0.000, 0.001, 0.011, 0.000, 0.872, 0.021]"
4115,164.6,164.64,Gang Vocal,0.8747186660766602,Gang Vocal,[0.875],,[],,[],"[0.000, 0.003, 0.000, 0.002, 0.010, 0.000, 0.875, 0.019]"
4116,164.64,164.68,Gang Vocal,0.8798003792762756,Gang Vocal,[0.880],,[],,[],"[0.000, 0.003, 0.000, 0.002, 0.010, 0.000, 0.880, 0.017]"
4117,164.68,164.72,Gang Vocal,0.8873273134231567,Gang Vocal,[0.887],,[],,[],"[0.000, 0.002, 0.000, 0.002, 0.009, 0.000, 0.887, 0.014]"
4118,164.72,164.76,Gang Vocal,0.8969681262969971,Gang Vocal,[0.897],,[],,[],"[0.000, 0.002, 0.000, 0.002, 0.009, 0.000, 0.897, 0.011]"
4119,164.76,164.8,Gang Vocal,0.9081538319587708,Gang Vocal,[0.908],,[],,[],"[0.000, 0.002, 0.000, 0.002, 0.008, 0.000, 0.908, 0.009]"
4120,164.8,164.84,Gang Vocal,0.9201858043670654,Gang Vocal,[0.920],,[],,[],"[0.000, 0.002, 0.000, 0.002, 0.008, 0.000, 0.920, 0.007]"
4121,164.84,164.88,Gang Vocal,0.932366132736206,Gang Vocal,[0.932],,[],,[],"[0.000, 0.001, 0.000, 0.002, 0.007, 0.000, 0.932, 0.005]"
4122,164.88,164.92,Gang Vocal,0.9440237283706665,Gang Vocal,[0.944],,[],,[],"[0.000, 0.001, 0.000, 0.002, 0.007, 0.000, 0.944, 0.004]"
4123,164.92,164.96,Gang Vocal,0.9545943737030029,Gang Vocal,[0.955],,[],,[],"[0.000, 0.001, 0.000, 0.002, 0.007, 0.000, 0.955, 0.002]"
4124,164.96,165.0,Gang Vocal,0.9637365937232971,Gang Vocal,[0.964],,[],,[],"[0.000, 0.001, 0.000, 0.002, 0.006, 0.000, 0.964, 0.002]"
4125,165.0,165.04,Gang Vocal,0.9713648557662964,Gang Vocal,[0.971],,[],,[],"[0.000, 0.000, 0.000, 0.002, 0.006, 0.000, 0.971, 0.001]"
4126,165.04,165.08,Gang Vocal,0.977564811706543,Gang Vocal,[0.978],,[],,[],"[0.000, 0.000, 0.000, 0.002, 0.006, 0.000, 0.978, 0.001]"
4127,165.08,165.12,Gang Vocal,0.9824773669242859,Gang Vocal,[0.982],,[],,[],"[0.000, 0.000, 0.000, 0.001, 0.006, 0.000, 0.982, 0.000]"
4128,165.12,165.16,Gang Vocal,0.9862896800041199,Gang Vocal,[0.986],,[],,[],"[0.000, 0.000, 0.000, 0.001, 0.006, 0.000, 0.986, 0.000]"
4129,165.16,165.2,Gang Vocal,0.9891989827156067,Gang Vocal,[0.989],,[],,[],"[0.000, 0.000, 0.000, 0.001, 0.006, 0.000, 0.989, 0.000]"
4130,165.2,165.24,Gang Vocal,0.991377592086792,Gang Vocal,[0.991],,[],,[],"[0.000, 0.000, 0.000, 0.001, 0.006, 0.000, 0.991, 0.000]"
4131,165.24,165.28,Gang Vocal,0.9930029511451721,Gang Vocal,[0.993],,[],,[],"[0.000, 0.000, 0.000, 0.001, 0.006, 0.000, 0.993, 0.000]"
4132,165.28,165.32,Gang Vocal,0.9942113757133484,Gang Vocal,[0.994],,[],,[],"[0.000, 0.000, 0.000, 0.001, 0.006, 0.000, 0.994, 0.000]"
4133,165.32,165.36,Gang Vocal,0.9951068162918091,Gang Vocal,[0.995],,[],,[],"[0.000, 0.000, 0.000, 0.001, 0.006, 0.000, 0.995, 0.000]"
4134,165.36,165.4,Gang Vocal,0.995765209197998,Gang Vocal,[0.996],,[],,[],"[0.000, 0.000, 0.000, 0.001, 0.006, 0.000, 0.996, 0.000]"
4135,165.4,165.44,Gang Vocal,0.9962433576583862,Gang Vocal,[0.996],,[],,[],"[0.000, 0.000, 0.000, 0.000, 0.007, 0.000, 0.996, 0.000]"
4136,165.44,165.48,Gang Vocal,0.996577799320221,Gang Vocal,[0.997],,[],,[],"[0.000, 0.000, 0.000, 0.000, 0.007, 0.000, 0.997, 0.000]"
4137,165.48,165.52,Gang Vocal,0.9967952370643616,Gang Vocal,[0.997],,[],,[],"[0.000, 0.000, 0.000, 0.000, 0.008, 0.000, 0.997, 0.000]"
4138,165.52,165.56,Gang Vocal,0.9969050288200378,Gang Vocal,[0.997],,[],,[],"[0.000, 0.000, 0.000, 0.000, 0.008, 0.000, 0.997, 0.000]"
4139,165.56,165.6,Gang Vocal,0.9969069361686707,Gang Vocal,[0.997],,[],,[],"[0.000, 0.000, 0.000, 0.000, 0.009, 0.000, 0.997, 0.000]"
4140,165.6,165.64,Gang Vocal,0.9967856407165527,Gang Vocal,[0.997],,[],,[],"[0.000, 0.000, 0.000, 0.000, 0.009, 0.000, 0.997, 0.000]"
4141,165.64,165.68,Gang Vocal,0.9965111613273621,Gang Vocal,[0.997],,[],,[],"[0.000, 0.000, 0.000, 0.000, 0.010, 0.000, 0.997, 0.000]"
4142,165.68,165.72,Gang Vocal,0.9960337281227112,Gang Vocal,[0.996],,[],,[],"[0.000, 0.000, 0.000, 0.000, 0.010, 0.000, 0.996, 0.000]"
4143,165.72,165.76,Gang Vocal,0.9952722191810608,Gang Vocal,[0.995],,[],,[],"[0.000, 0.000, 0.000, 0.000, 0.010, 0.000, 0.995, 0.000]"
4144,165.76,165.8,Gang Vocal,0.9940906167030334,Gang Vocal,[0.994],,[],,[],"[0.000, 0.000, 0.000, 0.000, 0.009, 0.000, 0.994, 0.000]"
4145,165.8,165.84,Gang Vocal,0.9922630786895752,Gang Vocal,[0.992],,[],,[],"[0.000, 0.000, 0.000, 0.000, 0.009, 0.000, 0.992, 0.000]"
4146,165.84,165.88,Gang Vocal,0.9893832802772522,Gang Vocal,[0.989],,[],,[],"[0.000, 0.000, 0.000, 0.000, 0.008, 0.000, 0.989, 0.000]"
4147,165.88,165.92,Gang Vocal,0.9847003221511841,Gang Vocal,[0.985],,[],,[],"[0.000, 0.000, 0.000, 0.000, 0.007, 0.000, 0.985, 0.000]"
4148,165.92,165.96,Gang Vocal,0.9768111705780029,Gang Vocal,[0.977],,[],,[],"[0.000, 0.000, 0.000, 0.000, 0.006, 0.000, 0.977, 0.000]"
4149,165.96,166.0,Gang Vocal,0.9630540609359741,Gang Vocal,[0.963],,[],,[],"[0.000, 0.000, 0.000, 0.000, 0.004, 0.000, 0.963, 0.000]"
4150,166.0,166.04,Gang Vocal,0.938489556312561,Gang Vocal,[0.938],,[],,[],"[0.000, 0.000, 0.000, 0.000, 0.003, 0.000, 0.938, 0.000]"
4151,166.04,166.08,Gang Vocal,0.8943662643432617,Gang Vocal,[0.894],,[],,[],"[0.000, 0.000, 0.000, 0.000, 0.002, 0.000, 0.894, 0.000]"
4152,166.08,166.12,Gang Vocal,0.817452609539032,Gang Vocal,[0.817],,[],,[],"[0.000, 0.000, 0.000, 0.000, 0.002, 0.000, 0.817, 0.000]"
4153,166.12,166.16,Gang Vocal,0.6936483979225159,Gang Vocal,[0.694],,[],,[],"[0.000, 0.000, 0.000, 0.000, 0.001, 0.000, 0.694, 0.000]"
4154,166.16,166.2,Gang Vocal,0.5230101346969604,Gang Vocal,[0.523],,[],,[],"[0.000, 0.000, 0.000, 0.000, 0.001, 0.000, 0.523, 0.001]"
4155,166.2,166.24,silence,0.001696538645774126,,[],,[],,[],"[0.000, 0.000, 0.000, 0.000, 0.000, 0.000, 0.337, 0.002]"
4156,166.24,166.28,silence,0.0040861694142222404,,[],,[],,[],"[0.000, 0.000, 0.000, 0.000, 0.000, 0.000, 0.185, 0.004]"
4157,166.28,166.32,silence,0.0101403146982193,,[],,[],,[],"[0.000, 0.000, 0.000, 0.000, 0.000, 0.000, 0.089, 0.010]"
4158,166.32,166.36,silence,0.02558235451579094,,[],,[],,[],"[0.000, 0.000, 0.000, 0.000, 0.000, 0.000, 0.039, 0.026]"
4159,166.36,166.4,silence,0.06410989165306091,,[],,[],,[],"[0.000, 0.000, 0.000, 0.000, 0.000, 0.000, 0.016, 0.064]"
4160,166.4,166.44,silence,0.1530769169330597,,[],,[],,[],"[0.000, 0.000, 0.000, 0.000, 0.000, 0.000, 0.006, 0.153]"
4161,166.44,166.48,silence,0.3235013782978058,,[],,[],,[],"[0.000, 0.000, 0.000, 0.000, 0.000, 0.000, 0.002, 0.324]"
4162,166.48,166.52,silence,0.5571067929267883,silence,[0.557],,[],,[],"[0.000, 0.000, 0.000, 0.000, 0.000, 0.000, 0.001, 0.557]"
4163,166.52,166.56,silence,0.7653682827949524,silence,[0.765],,[],,[],"[0.000, 0.000, 0.000, 0.000, 0.000, 0.000, 0.000, 0.765]"
4164,166.56,166.6,silence,0.8923304080963135,silence,[0.892],,[],,[],"[0.000, 0.000, 0.000, 0.000, 0.000, 0.000, 0.000, 0.892]"
4165,166.6,166.64,silence,0.9535329341888428,silence,[0.954],,[],,[],"[0.000, 0.000, 0.000, 0.000, 0.000, 0.000, 0.000, 0.954]"
4166,166.64,166.68,silence,0.9801198840141296,silence,[0.980],,[],,[],"[0.000, 0.000, 0.000, 0.000, 0.000, 0.000, 0.000, 0.980]"
4167,166.68,166.72,silence,0.9913479685783386,silence,[0.991],,[],,[],"[0.000, 0.000, 0.000, 0.000, 0.000, 0.000, 0.000, 0.991]"
4168,166.72,166.76,silence,0.9961219429969788,silence,[0.996],,[],,[],"[0.000, 0.000, 0.000, 0.000, 0.000, 0.000, 0.000, 0.996]"
4169,166.76,166.8,silence,0.9981974959373474,silence,[0.998],,[],,[],"[0.000, 0.000, 0.000, 0.000, 0.000, 0.000, 0.000, 0.998]"
4170,166.8,166.84,silence,0.9991293549537659,silence,[0.999],,[],,[],"[0.000, 0.000, 0.000, 0.000, 0.000, 0.000, 0.000, 0.999]"
4171,166.84,166.88,silence,0.9995636343955994,silence,[1.000],,[],,[],"[0.000, 0.000, 0.000, 0.000, 0.000, 0.000, 0.000, 1.000]"
4172,166.88,166.92,silence,0.9997735619544983,silence,[1.000],,[],,[],"[0.000, 0.000, 0.000, 0.000, 0.000, 0.000, 0.000, 1.000]"
4173,166.92,166.96,silence,0.9998786449432373,silence,[1.000],,[],,[],"[0.000, 0.000, 0.000, 0.000, 0.000, 0.000, 0.000, 1.000]"
4174,166.96,167.0,silence,0.9999330043792725,silence,[1.000],,[],,[],"[0.000, 0.000, 0.000, 0.000, 0.000, 0.000, 0.000, 1.000]"
4175,167.0,167.04,silence,0.9999620914459229,silence,[1.000],,[],,[],"[0.000, 0.000, 0.000, 0.000, 0.000, 0.000, 0.000, 1.000]"
4176,167.04,167.08,silence,0.9999779462814331,silence,[1.000],,[],,[],"[0.000, 0.000, 0.000, 0.000, 0.000, 0.000, 0.000, 1.000]"
4177,167.08,167.12,silence,0.999987006187439,silence,[1.000],,[],,[],"[0.000, 0.000, 0.000, 0.000, 0.000, 0.000, 0.000, 1.000]"
4178,167.12,167.16,silence,0.9999921321868896,silence,[1.000],,[],,[],"[0.000, 0.000, 0.000, 0.000, 0.000, 0.000, 0.000, 1.000]"
4179,167.16,167.2,silence,0.9999951124191284,silence,[1.000],,[],,[],"[0.000, 0.000, 0.000, 0.000, 0.000, 0.000, 0.000, 1.000]"
4180,167.2,167.24,silence,0.9999970197677612,silence,[1.000],,[],,[],"[0.000, 0.000, 0.000, 0.000, 0.000, 0.000, 0.000, 1.000]"
4181,167.24,167.28,silence,0.9999980926513672,silence,[1.000],,[],,[],"[0.000, 0.000, 0.000, 0.000, 0.000, 0.000, 0.000, 1.000]"
4182,167.28,167.32,silence,0.9999988079071045,silence,[1.000],,[],,[],"[0.000, 0.000, 0.000, 0.000, 0.000, 0.000, 0.000, 1.000]"
4183,167.32,167.36,silence,0.9999991655349731,silence,[1.000],,[],,[],"[0.000, 0.000, 0.000, 0.000, 0.000, 0.000, 0.000, 1.000]"
4184,167.36,167.4,silence,0.9999995231628418,silence,[1.000],,[],,[],"[0.000, 0.000, 0.000, 0.000, 0.000, 0.000, 0.000, 1.000]"
4185,167.4,167.44,silence,0.9999996423721313,silence,[1.000],,[],,[],"[0.000, 0.000, 0.000, 0.000, 0.000, 0.000, 0.000, 1.000]"
4186,167.44,167.48,silence,0.9999997615814209,silence,[1.000],,[],,[],"[0.000, 0.000, 0.000, 0.000, 0.000, 0.000, 0.000, 1.000]"
4187,167.48,167.52,silence,0.9999998807907104,silence,[1.000],,[],,[],"[0.000, 0.000, 0.000, 0.000, 0.000, 0.000, 0.000, 1.000]"
4188,167.52,167.56,silence,0.9999998807907104,silence,[1.000],,[],,[],"[0.000, 0.000, 0.000, 0.000, 0.000, 0.000, 0.000, 1.000]"
4189,167.56,167.6,silence,0.9999998807907104,silence,[1.000],,[],,[],"[0.000, 0.000, 0.000, 0.000, 0.000, 0.000, 0.000, 1.000]"
4190,167.6,167.64,silence,1.0,silence,[1.000],,[],,[],"[0.000, 0.000, 0.000, 0.000, 0.000, 0.000, 0.000, 1.000]"
4191,167.64,167.68,silence,1.0,silence,[1.000],,[],,[],"[0.000, 0.000, 0.000, 0.000, 0.000, 0.000, 0.000, 1.000]"
4192,167.68,167.72,silence,1.0,silence,[1.000],,[],,[],"[0.000, 0.000, 0.000, 0.000, 0.000, 0.000, 0.000, 1.000]"
4193,167.72,167.76,silence,1.0,silence,[1.000],,[],,[],"[0.000, 0.000, 0.000, 0.000, 0.000, 0.000, 0.000, 1.000]"
4194,167.76,167.8,silence,1.0,silence,[1.000],,[],,[],"[0.000, 0.000, 0.000, 0.000, 0.000, 0.000, 0.000, 1.000]"
4195,167.8,167.84,silence,1.0,silence,[1.000],Liz,"[0.000, 0.000, 0.000, 0.000, 0.530, 0.000, 0.000]",,[],"[0.000, 0.000, 0.000, 0.000, 0.000, 0.000, 0.000, 1.000]"
4196,167.84,167.88,silence,1.0,silence,[1.000],Liz,"[0.000, 0.000, 0.000, 0.000, 0.674, 0.000, 0.000]",,[],"[0.000, 0.000, 0.000, 0.000, 0.000, 0.000, 0.000, 1.000]"
4197,167.88,167.92,silence,1.0,silence,[1.000],Liz,"[0.000, 0.000, 0.000, 0.000, 0.774, 0.000, 0.000]",,[],"[0.000, 0.000, 0.000, 0.000, 0.000, 0.000, 0.000, 1.000]"
4198,167.92,167.96,silence,1.0,silence,[1.000],Liz,"[0.000, 0.000, 0.000, 0.000, 0.834, 0.000, 0.000]",,[],"[0.000, 0.000, 0.000, 0.000, 0.000, 0.000, 0.000, 1.000]"
4199,167.96,168.0,silence,1.0,silence,[1.000],Liz,"[0.000, 0.000, 0.000, 0.000, 0.869, 0.000, 0.000]",,[],"[0.000, 0.000, 0.000, 0.000, 0.000, 0.000, 0.000, 1.000]"
4200,168.0,168.04,silence,1.0,silence,[1.000],Liz,"[0.000, 0.000, 0.000, 0.000, 0.887, 0.000, 0.000]",,[],"[0.000, 0.000, 0.000, 0.000, 0.000, 0.000, 0.000, 1.000]"
4201,168.04,168.08,silence,1.0,silence,[1.000],Liz,"[0.000, 0.000, 0.000, 0.000, 0.892, 0.000, 0.000]",,[],"[0.000, 0.000, 0.000, 0.000, 0.000, 0.000, 0.000, 1.000]"
4202,168.08,168.12,silence,1.0,silence,[1.000],Liz,"[0.000, 0.000, 0.000, 0.000, 0.890, 0.000, 0.000]",,[],"[0.000, 0.000, 0.000, 0.000, 0.000, 0.000, 0.000, 1.000]"
4203,168.12,168.16,silence,1.0,silence,[1.000],Liz,"[0.000, 0.000, 0.000, 0.000, 0.878, 0.000, 0.000]",,[],"[0.000, 0.000, 0.000, 0.000, 0.000, 0.000, 0.000, 1.000]"
4204,168.16,168.2,silence,1.0,silence,[1.000],Liz,"[0.000, 0.000, 0.000, 0.000, 0.857, 0.000, 0.000]",,[],"[0.000, 0.000, 0.000, 0.000, 0.000, 0.000, 0.000, 1.000]"
4205,168.2,168.24,silence,1.0,silence,[1.000],Liz,"[0.000, 0.000, 0.000, 0.000, 0.826, 0.000, 0.000]",,[],"[0.000, 0.000, 0.000, 0.000, 0.000, 0.000, 0.000, 1.000]"
4206,168.24,168.28,silence,1.0,silence,[1.000],Liz,"[0.000, 0.000, 0.000, 0.000, 0.783, 0.000, 0.000]",,[],"[0.000, 0.000, 0.000, 0.000, 0.000, 0.000, 0.000, 1.000]"
4207,168.28,168.32,silence,1.0,silence,[1.000],Liz,"[0.000, 0.000, 0.000, 0.000, 0.728, 0.000, 0.000]",,[],"[0.000, 0.000, 0.000, 0.000, 0.000, 0.000, 0.000, 1.000]"
4208,168.32,168.36,silence,1.0,silence,[1.000],Liz,"[0.000, 0.000, 0.000, 0.000, 0.663, 0.000, 0.000]",,[],"[0.000, 0.000, 0.000, 0.000, 0.000, 0.000, 0.000, 1.000]"
4209,168.36,168.4,silence,1.0,silence,[1.000],Liz,"[0.000, 0.000, 0.000, 0.000, 0.590, 0.000, 0.000]",,[],"[0.000, 0.000, 0.000, 0.000, 0.000, 0.000, 0.000, 1.000]"
4210,168.4,168.44,silence,1.0,silence,[1.000],Liz,"[0.000, 0.000, 0.000, 0.000, 0.515, 0.000, 0.000]",,[],"[0.000, 0.000, 0.000, 0.000, 0.000, 0.000, 0.000, 1.000]"
4211,168.44,168.48,silence,1.0,silence,[1.000],Liz,"[0.000, 0.000, 0.000, 0.000, 0.441, 0.000, 0.000]",,[],"[0.000, 0.000, 0.000, 0.000, 0.000, 0.000, 0.000, 1.000]"
4212,168.48,168.52,silence,1.0,silence,[1.000],,[],,[],"[0.000, 0.000, 0.000, 0.000, 0.000, 0.000, 0.000, 1.000]"
4213,168.52,168.56,silence,1.0,silence,[1.000],,[],,[],"[0.000, 0.000, 0.000, 0.000, 0.000, 0.000, 0.000, 1.000]"
4214,168.56,168.6,silence,1.0,silence,[1.000],,[],,[],"[0.000, 0.000, 0.000, 0.000, 0.000, 0.000, 0.000, 1.000]"
4215,168.6,168.64,silence,1.0,silence,[1.000],,[],,[],"[0.000, 0.000, 0.000, 0.000, 0.000, 0.000, 0.000, 1.000]"
4216,168.64,168.68,silence,1.0,silence,[1.000],,[],,[],"[0.000, 0.000, 0.000, 0.000, 0.000, 0.000, 0.000, 1.000]"
4217,168.68,168.72,silence,1.0,silence,[1.000],,[],,[],"[0.000, 0.000, 0.000, 0.000, 0.000, 0.000, 0.000, 1.000]"
4218,168.72,168.76,silence,1.0,silence,[1.000],,[],,[],"[0.000, 0.000, 0.000, 0.000, 0.000, 0.000, 0.000, 1.000]"
4219,168.76,168.8,silence,1.0,silence,[1.000],,[],,[],"[0.000, 0.000, 0.000, 0.000, 0.000, 0.000, 0.000, 1.000]"
4220,168.8,168.84,silence,1.0,silence,[1.000],,[],,[],"[0.000, 0.000, 0.000, 0.000, 0.000, 0.000, 0.000, 1.000]"
4221,168.84,168.88,silence,1.0,silence,[1.000],,[],,[],"[0.000, 0.000, 0.000, 0.000, 0.000, 0.000, 0.000, 1.000]"
4222,168.88,168.92,silence,0.9999998807907104,silence,[1.000],,[],,[],"[0.000, 0.000, 0.000, 0.000, 0.000, 0.000, 0.000, 1.000]"
4223,168.92,168.96,silence,0.9999998807907104,silence,[1.000],,[],,[],"[0.000, 0.000, 0.000, 0.000, 0.000, 0.000, 0.000, 1.000]"
4224,168.96,169.0,silence,0.9999998807907104,silence,[1.000],,[],,[],"[0.000, 0.000, 0.000, 0.000, 0.000, 0.000, 0.000, 1.000]"
4225,169.0,169.04,silence,0.9999998807907104,silence,[1.000],,[],,[],"[0.000, 0.000, 0.000, 0.000, 0.000, 0.000, 0.000, 1.000]"
4226,169.04,169.08,silence,0.9999997615814209,silence,[1.000],,[],,[],"[0.000, 0.000, 0.000, 0.000, 0.000, 0.000, 0.000, 1.000]"
4227,169.08,169.12,silence,0.9999997615814209,silence,[1.000],,[],,[],"[0.000, 0.000, 0.000, 0.000, 0.000, 0.000, 0.000, 1.000]"
4228,169.12,169.16,silence,0.9999996423721313,silence,[1.000],,[],,[],"[0.000, 0.000, 0.000, 0.000, 0.000, 0.000, 0.000, 1.000]"
4229,169.16,169.2,silence,0.9999994039535522,silence,[1.000],,[],,[],"[0.000, 0.000, 0.000, 0.000, 0.000, 0.000, 0.000, 1.000]"
4230,169.2,169.24,silence,0.9999991655349731,silence,[1.000],,[],,[],"[0.000, 0.000, 0.000, 0.000, 0.000, 0.000, 0.000, 1.000]"
4231,169.24,169.28,silence,0.9999986886978149,silence,[1.000],Liz,"[0.000, 0.000, 0.000, 0.000, 0.492, 0.000, 0.000]",,[],"[0.000, 0.000, 0.000, 0.000, 0.000, 0.000, 0.000, 1.000]"
4232,169.28,169.32,silence,0.9999978542327881,silence,[1.000],Liz,"[0.000, 0.000, 0.000, 0.000, 0.511, 0.000, 0.000]",,[],"[0.000, 0.000, 0.000, 0.000, 0.000, 0.000, 0.000, 1.000]"
4233,169.32,169.36,silence,0.9999963045120239,silence,[1.000],Liz,"[0.000, 0.000, 0.000, 0.000, 0.522, 0.000, 0.000]",,[],"[0.000, 0.000, 0.000, 0.000, 0.000, 0.000, 0.000, 1.000]"
4234,169.36,169.4,silence,0.9999935626983643,silence,[1.000],Liz,"[0.000, 0.000, 0.000, 0.000, 0.525, 0.000, 0.000]",,[],"[0.000, 0.000, 0.000, 0.000, 0.000, 0.000, 0.000, 1.000]"
4235,169.4,169.44,silence,0.999988317489624,silence,[1.000],Liz,"[0.000, 0.000, 0.000, 0.000, 0.517, 0.000, 0.000]",,[],"[0.000, 0.000, 0.000, 0.000, 0.000, 0.000, 0.000, 1.000]"
4236,169.44,169.48,silence,0.9999785423278809,silence,[1.000],Liz,"[0.000, 0.000, 0.000, 0.000, 0.500, 0.000, 0.000]",,[],"[0.000, 0.000, 0.000, 0.000, 0.000, 0.000, 0.000, 1.000]"
4237,169.48,169.52,silence,0.9999597072601318,silence,[1.000],Liz,"[0.000, 0.000, 0.000, 0.000, 0.473, 0.000, 0.000]",,[],"[0.000, 0.000, 0.000, 0.000, 0.000, 0.000, 0.000, 1.000]"
4238,169.52,169.56,silence,0.9999232292175293,silence,[1.000],Liz,"[0.000, 0.000, 0.000, 0.000, 0.434, 0.000, 0.000]",,[],"[0.000, 0.000, 0.000, 0.000, 0.000, 0.000, 0.000, 1.000]"
4239,169.56,169.6,silence,0.9998519420623779,silence,[1.000],,[],,[],"[0.000, 0.000, 0.000, 0.000, 0.000, 0.000, 0.000, 1.000]"
4240,169.6,169.64,silence,0.999711811542511,silence,[1.000],,[],,[],"[0.000, 0.000, 0.000, 0.000, 0.000, 0.000, 0.000, 1.000]"
4241,169.64,169.68,silence,0.9994348883628845,silence,[0.999],,[],,[],"[0.000, 0.000, 0.000, 0.000, 0.000, 0.000, 0.000, 0.999]"
4242,169.68,169.72,silence,0.9988872408866882,silence,[0.999],,[],,[],"[0.000, 0.000, 0.000, 0.000, 0.000, 0.000, 0.000, 0.999]"
4243,169.72,169.76,silence,0.99781334400177,silence,[0.998],,[],,[],"[0.000, 0.000, 0.000, 0.000, 0.001, 0.000, 0.000, 0.998]"
4244,169.76,169.8,silence,0.9957440495491028,silence,[0.996],,[],,[],"[0.000, 0.000, 0.000, 0.000, 0.002, 0.000, 0.000, 0.996]"
4245,169.8,169.84,silence,0.9918445944786072,silence,[0.992],,[],,[],"[0.000, 0.000, 0.000, 0.000, 0.004, 0.000, 0.000, 0.992]"
4246,169.84,169.88,silence,0.98470139503479,silence,[0.985],,[],,[],"[0.000, 0.000, 0.000, 0.000, 0.009, 0.000, 0.000, 0.985]"
4247,169.88,169.92,silence,0.9721012711524963,silence,[0.972],,[],,[],"[0.000, 0.000, 0.000, 0.000, 0.019, 0.000, 0.000, 0.972]"
4248,169.92,169.96,silence,0.9510175585746765,silence,[0.951],,[],,[],"[0.000, 0.000, 0.000, 0.000, 0.040, 0.000, 0.000, 0.951]"
4249,169.96,170.0,silence,0.9180607795715332,silence,[0.918],,[],,[],"[0.000, 0.000, 0.000, 0.000, 0.077, 0.000, 0.000, 0.918]"
4250,170.0,170.04,silence,0.8701531887054443,silence,[0.870],,[],,[],"[0.000, 0.000, 0.000, 0.000, 0.139, 0.000, 0.000, 0.870]"
4251,170.04,170.08,silence,0.8063510060310364,silence,[0.806],,[],,[],"[0.000, 0.000, 0.000, 0.000, 0.230, 0.000, 0.000, 0.806]"
4252,170.08,170.12,silence,0.7295418977737427,silence,[0.730],,[],,[],"[0.000, 0.000, 0.000, 0.000, 0.346, 0.000, 0.000, 0.730]"
4253,170.12,170.16,silence,0.6460622549057007,silence,[0.646],,[],,[],"[0.000, 0.000, 0.000, 0.000, 0.470, 0.000, 0.000, 0.646]"
4254,170.16,170.2,Liz,0.585021436214447,Liz|silence,"[0.585, 0.563]",,[],,[],"[0.000, 0.000, 0.000, 0.000, 0.585, 0.000, 0.000, 0.563]"
4255,170.2,170.24,Liz,0.6796278357505798,Liz|silence,"[0.680, 0.487]",,[],,[],"[0.000, 0.000, 0.000, 0.000, 0.680, 0.000, 0.000, 0.487]"
4256,170.24,170.28,Liz,0.7513877153396606,Liz,[0.751],,[],,[],"[0.000, 0.000, 0.000, 0.000, 0.751, 0.000, 0.000, 0.422]"
4257,170.28,170.32,Liz,0.8032998442649841,Liz,[0.803],,[],,[],"[0.000, 0.000, 0.000, 0.000, 0.803, 0.000, 0.000, 0.368]"
4258,170.32,170.36,Liz,0.8399644494056702,Liz,[0.840],,[],,[],"[0.000, 0.000, 0.000, 0.000, 0.840, 0.000, 0.000, 0.324]"
4259,170.36,170.4,Liz,0.8655226230621338,Liz,[0.866],,[],,[],"[0.000, 0.000, 0.000, 0.000, 0.866, 0.000, 0.000, 0.288]"
4260,170.4,170.44,Liz,0.8832783699035645,Liz,[0.883],,[],,[],"[0.000, 0.000, 0.000, 0.000, 0.883, 0.000, 0.000, 0.259]"
4261,170.44,170.48,Liz,0.8956049084663391,Liz,[0.896],,[],,[],"[0.000, 0.000, 0.000, 0.000, 0.896, 0.000, 0.000, 0.235]"
4262,170.48,170.52,Liz,0.9042942523956299,Liz,[0.904],,[],,[],"[0.000, 0.000, 0.000, 0.000, 0.904, 0.000, 0.000, 0.214]"
4263,170.52,170.56,Liz,0.9108518958091736,Liz,[0.911],,[],,[],"[0.000, 0.000, 0.000, 0.000, 0.911, 0.000, 0.000, 0.195]"
4264,170.56,170.6,Liz,0.9162960648536682,Liz,[0.916],,[],,[],"[0.000, 0.000, 0.000, 0.000, 0.916, 0.000, 0.000, 0.176]"
4265,170.6,170.64,Liz,0.9211356043815613,Liz,[0.921],,[],,[],"[0.000, 0.000, 0.000, 0.000, 0.921, 0.000, 0.000, 0.157]"
4266,170.64,170.68,Liz,0.9255039691925049,Liz,[0.926],,[],,[],"[0.000, 0.000, 0.000, 0.000, 0.926, 0.000, 0.000, 0.139]"
4267,170.68,170.72,Liz,0.9296489953994751,Liz,[0.930],,[],,[],"[0.000, 0.000, 0.000, 0.000, 0.930, 0.000, 0.000, 0.120]"
4268,170.72,170.76,Liz,0.933767557144165,Liz,[0.934],,[],,[],"[0.000, 0.000, 0.000, 0.000, 0.934, 0.000, 0.000, 0.102]"
4269,170.76,170.8,Liz,0.9380091428756714,Liz,[0.938],,[],,[],"[0.000, 0.000, 0.000, 0.000, 0.938, 0.000, 0.000, 0.086]"
4270,170.8,170.84,Liz,0.9423715472221375,Liz,[0.942],,[],,[],"[0.000, 0.000, 0.000, 0.000, 0.942, 0.000, 0.000, 0.070]"
4271,170.84,170.88,Liz,0.9466336369514465,Liz,[0.947],,[],,[],"[0.000, 0.000, 0.000, 0.000, 0.947, 0.000, 0.000, 0.057]"
4272,170.88,170.92,Liz,0.9506462216377258,Liz,[0.951],,[],,[],"[0.000, 0.000, 0.000, 0.000, 0.951, 0.000, 0.000, 0.045]"
4273,170.92,170.96,Liz,0.9543607831001282,Liz,[0.954],,[],,[],"[0.000, 0.000, 0.000, 0.000, 0.954, 0.000, 0.000, 0.036]"
4274,170.96,171.0,Liz,0.9577769637107849,Liz,[0.958],,[],,[],"[0.000, 0.000, 0.000, 0.000, 0.958, 0.000, 0.000, 0.028]"
4275,171.0,171.04,Liz,0.9608123898506165,Liz,[0.961],,[],,[],"[0.000, 0.000, 0.000, 0.000, 0.961, 0.000, 0.000, 0.022]"
4276,171.04,171.08,Liz,0.9634737968444824,Liz,[0.963],,[],,[],"[0.000, 0.000, 0.000, 0.000, 0.963, 0.000, 0.000, 0.017]"
4277,171.08,171.12,Liz,0.9657947421073914,Liz,[0.966],,[],,[],"[0.000, 0.000, 0.000, 0.000, 0.966, 0.000, 0.000, 0.013]"
4278,171.12,171.16,Liz,0.9678423404693604,Liz,[0.968],,[],,[],"[0.000, 0.000, 0.000, 0.000, 0.968, 0.000, 0.000, 0.010]"
4279,171.16,171.2,Liz,0.9697086215019226,Liz,[0.970],,[],,[],"[0.000, 0.000, 0.000, 0.000, 0.970, 0.000, 0.000, 0.007]"
4280,171.2,171.24,Liz,0.9714154005050659,Liz,[0.971],,[],,[],"[0.000, 0.000, 0.000, 0.000, 0.971, 0.000, 0.000, 0.006]"
4281,171.24,171.28,Liz,0.9729678630828857,Liz,[0.973],,[],,[],"[0.000, 0.000, 0.000, 0.000, 0.973, 0.000, 0.000, 0.004]"
4282,171.28,171.32,Liz,0.9744260907173157,Liz,[0.974],Liz,"[0.000, 0.000, 0.000, 0.000, 0.491, 0.000, 0.000]",,[],"[0.000, 0.000, 0.000, 0.000, 0.974, 0.000, 0.000, 0.003]"
4283,171.32,171.36,Liz,0.9758287072181702,Liz,[0.976],Liz,"[0.000, 0.000, 0.000, 0.000, 0.725, 0.000, 0.000]",,[],"[0.000, 0.000, 0.000, 0.000, 0.976, 0.000, 0.000, 0.002]"
4284,171.36,171.4,Liz,0.9771788120269775,Liz,[0.977],Liz,"[0.000, 0.000, 0.000, 0.000, 0.874, 0.000, 0.000]",,[],"[0.000, 0.000, 0.000, 0.000, 0.977, 0.000, 0.000, 0.002]"
4285,171.4,171.44,Liz,0.9784950613975525,Liz,[0.978],Liz,"[0.000, 0.000, 0.000, 0.000, 0.945, 0.000, 0.000]",,[],"[0.000, 0.000, 0.000, 0.000, 0.978, 0.000, 0.000, 0.001]"
4286,171.44,171.48,Liz,0.9798077940940857,Liz,[0.980],Liz,"[0.000, 0.000, 0.000, 0.000, 0.976, 0.000, 0.000]",,[],"[0.000, 0.000, 0.000, 0.000, 0.980, 0.000, 0.000, 0.001]"
4287,171.48,171.52,Liz,0.9811214208602905,Liz,[0.981],Liz,"[0.000, 0.000, 0.000, 0.000, 0.989, 0.000, 0.000]",,[],"[0.000, 0.000, 0.000, 0.000, 0.981, 0.000, 0.000, 0.001]"
4288,171.52,171.56,Liz,0.9823871850967407,Liz,[0.982],Liz,"[0.000, 0.000, 0.000, 0.000, 0.994, 0.000, 0.000]",,[],"[0.000, 0.000, 0.000, 0.000, 0.982, 0.000, 0.000, 0.001]"
4289,171.56,171.6,Liz,0.9836018681526184,Liz,[0.984],Liz,"[0.000, 0.000, 0.000, 0.000, 0.997, 0.000, 0.000]",,[],"[0.000, 0.000, 0.000, 0.000, 0.984, 0.000, 0.000, 0.000]"
4290,171.6,171.64,Liz,0.9847842454910278,Liz,[0.985],Liz,"[0.000, 0.000, 0.000, 0.000, 0.998, 0.000, 0.000]",,[],"[0.000, 0.000, 0.000, 0.000, 0.985, 0.000, 0.000, 0.000]"
4291,171.64,171.68,Liz,0.9859071969985962,Liz,[0.986],Liz,"[0.000, 0.000, 0.000, 0.000, 0.999, 0.000, 0.000]",,[],"[0.000, 0.000, 0.000, 0.000, 0.986, 0.000, 0.000, 0.000]"
4292,171.68,171.72,Liz,0.9869641661643982,Liz,[0.987],Liz,"[0.000, 0.000, 0.000, 0.000, 0.999, 0.000, 0.000]",,[],"[0.000, 0.000, 0.000, 0.001, 0.987, 0.000, 0.000, 0.000]"
4293,171.72,171.76,Liz,0.9879215955734253,Liz,[0.988],Liz,"[0.000, 0.000, 0.000, 0.000, 1.000, 0.000, 0.000]",,[],"[0.000, 0.000, 0.000, 0.002, 0.988, 0.000, 0.000, 0.000]"
4294,171.76,171.8,Liz,0.9887256026268005,Liz,[0.989],Liz,"[0.000, 0.000, 0.000, 0.000, 1.000, 0.000, 0.000]",,[],"[0.000, 0.000, 0.000, 0.004, 0.989, 0.000, 0.000, 0.000]"
4295,171.8,171.84,Liz,0.9893436431884766,Liz,[0.989],Liz,"[0.000, 0.000, 0.000, 0.000, 1.000, 0.000, 0.000]",,[],"[0.000, 0.000, 0.000, 0.009, 0.989, 0.000, 0.000, 0.000]"
4296,171.84,171.88,Liz,0.9897444844245911,Liz,[0.990],Liz,"[0.000, 0.000, 0.000, 0.000, 1.000, 0.000, 0.000]",,[],"[0.000, 0.000, 0.000, 0.018, 0.990, 0.000, 0.000, 0.000]"
4297,171.88,171.92,Liz,0.9898959398269653,Liz,[0.990],Liz,"[0.000, 0.000, 0.000, 0.000, 1.000, 0.000, 0.000]",,[],"[0.000, 0.000, 0.000, 0.036, 0.990, 0.000, 0.000, 0.000]"
4298,171.92,171.96,Liz,0.9897553324699402,Liz,[0.990],Liz,"[0.000, 0.000, 0.000, 0.000, 1.000, 0.000, 0.000]",,[],"[0.000, 0.000, 0.000, 0.068, 0.990, 0.000, 0.000, 0.000]"
4299,171.96,172.0,Liz,0.9892519116401672,Liz,[0.989],Liz,"[0.000, 0.000, 0.000, 0.000, 1.000, 0.000, 0.000]",,[],"[0.000, 0.000, 0.000, 0.121, 0.989, 0.000, 0.000, 0.000]"
4300,172.0,172.04,Liz,0.9882497787475586,Liz,[0.988],Liz,"[0.000, 0.000, 0.000, 0.000, 1.000, 0.000, 0.000]",,[],"[0.000, 0.000, 0.000, 0.198, 0.988, 0.000, 0.000, 0.000]"
4301,172.04,172.08,Liz,0.9865250587463379,Liz,[0.987],Liz,"[0.000, 0.000, 0.000, 0.000, 1.000, 0.000, 0.000]",,[],"[0.000, 0.000, 0.000, 0.295, 0.987, 0.000, 0.000, 0.000]"
4302,172.08,172.12,Liz,0.983730137348175,Liz,[0.984],Liz,"[0.000, 0.000, 0.000, 0.000, 1.000, 0.000, 0.000]",,[],"[0.000, 0.000, 0.000, 0.399, 0.984, 0.000, 0.000, 0.000]"
4303,172.12,172.16,Liz,0.9792262315750122,Liz,[0.979],Liz,"[0.000, 0.000, 0.000, 0.000, 1.000, 0.000, 0.000]",,[],"[0.000, 0.000, 0.000, 0.495, 0.979, 0.000, 0.000, 0.000]"
4304,172.16,172.2,Liz,0.9718323349952698,Wonyoung|Liz,"[0.570, 0.972]",Liz,"[0.000, 0.000, 0.000, 0.000, 1.000, 0.000, 0.000]",,[],"[0.000, 0.000, 0.000, 0.570, 0.972, 0.000, 0.000, 0.000]"
4305,172.2,172.24,Liz,0.9594273567199707,Wonyoung|Liz,"[0.622, 0.959]",Liz,"[0.000, 0.000, 0.000, 0.000, 1.000, 0.000, 0.000]",,[],"[0.000, 0.000, 0.000, 0.622, 0.959, 0.000, 0.000, 0.000]"
4306,172.24,172.28,Liz,0.938093364238739,Wonyoung|Liz,"[0.650, 0.938]",Liz,"[0.000, 0.000, 0.000, 0.000, 1.000, 0.000, 0.000]",,[],"[0.000, 0.000, 0.000, 0.650, 0.938, 0.000, 0.000, 0.000]"
4307,172.28,172.32,Liz,0.9008781313896179,Wonyoung|Liz,"[0.656, 0.901]",Liz,"[0.000, 0.000, 0.000, 0.000, 1.000, 0.000, 0.000]",,[],"[0.000, 0.000, 0.000, 0.656, 0.901, 0.000, 0.000, 0.000]"
4308,172.32,172.36,Liz,0.8364035487174988,Wonyoung|Liz,"[0.640, 0.836]",Liz,"[0.000, 0.000, 0.000, 0.000, 1.000, 0.000, 0.000]",,[],"[0.000, 0.000, 0.000, 0.640, 0.836, 0.000, 0.000, 0.000]"
4309,172.36,172.4,Liz,0.7301160097122192,Wonyoung|Liz,"[0.601, 0.730]",Liz,"[0.000, 0.000, 0.000, 0.000, 1.000, 0.000, 0.000]",,[],"[0.000, 0.000, 0.000, 0.601, 0.730, 0.000, 0.000, 0.000]"
4310,172.4,172.44,Liz,0.5749044418334961,Wonyoung|Liz,"[0.539, 0.575]",Liz,"[0.000, 0.000, 0.000, 0.000, 1.000, 0.000, 0.000]",,[],"[0.000, 0.000, 0.000, 0.539, 0.575, 0.000, 0.000, 0.000]"
4311,172.44,172.48,silence,8.987067121779546e-05,,[],Liz,"[0.000, 0.000, 0.000, 0.000, 1.000, 0.000, 0.000]",,[],"[0.000, 0.000, 0.000, 0.456, 0.392, 0.000, 0.000, 0.000]"
4312,172.48,172.52,silence,0.00010950650175800547,,[],Liz,"[0.000, 0.000, 0.000, 0.000, 1.000, 0.000, 0.000]",,[],"[0.000, 0.000, 0.000, 0.357, 0.227, 0.000, 0.000, 0.000]"
4313,172.52,172.56,silence,0.00013502933143172413,,[],Liz,"[0.000, 0.000, 0.000, 0.000, 0.999, 0.000, 0.000]",,[],"[0.000, 0.000, 0.000, 0.256, 0.116, 0.000, 0.000, 0.000]"
4314,172.56,172.6,silence,0.00016814950504340231,,[],Liz,"[0.000, 0.000, 0.000, 0.000, 0.999, 0.000, 0.000]",,[],"[0.000, 0.000, 0.000, 0.168, 0.054, 0.000, 0.000, 0.000]"
4315,172.6,172.64,silence,0.00021069111244287342,,[],Liz,"[0.000, 0.000, 0.000, 0.000, 0.998, 0.000, 0.000]",,[],"[0.000, 0.000, 0.000, 0.102, 0.024, 0.000, 0.000, 0.000]"
4316,172.64,172.68,silence,0.0002643608022481203,,[],Liz,"[0.000, 0.000, 0.000, 0.000, 0.997, 0.000, 0.000]",,[],"[0.000, 0.000, 0.000, 0.058, 0.011, 0.000, 0.000, 0.000]"
4317,172.68,172.72,silence,0.0003312129410915077,,[],Liz,"[0.000, 0.000, 0.000, 0.000, 0.995, 0.000, 0.000]",,[],"[0.000, 0.000, 0.000, 0.032, 0.005, 0.000, 0.000, 0.000]"
4318,172.72,172.76,silence,0.0004134027985855937,,[],Liz,"[0.000, 0.000, 0.000, 0.000, 0.992, 0.000, 0.000]",,[],"[0.000, 0.000, 0.000, 0.017, 0.002, 0.000, 0.000, 0.000]"
4319,172.76,172.8,silence,0.0005132606020197272,,[],Liz,"[0.000, 0.000, 0.000, 0.000, 0.988, 0.000, 0.000]",,[],"[0.000, 0.000, 0.000, 0.009, 0.001, 0.000, 0.000, 0.001]"
4320,172.8,172.84,silence,0.0006329335155896842,,[],Liz,"[0.000, 0.000, 0.000, 0.000, 0.979, 0.000, 0.000]",,[],"[0.000, 0.000, 0.000, 0.005, 0.001, 0.000, 0.000, 0.001]"
4321,172.84,172.88,silence,0.0007731996010988951,,[],Liz,"[0.000, 0.000, 0.000, 0.000, 0.966, 0.000, 0.000]",,[],"[0.000, 0.000, 0.000, 0.003, 0.000, 0.000, 0.000, 0.001]"
4322,172.88,172.92,silence,0.0009362926939502358,,[],Liz,"[0.000, 0.000, 0.000, 0.000, 0.945, 0.000, 0.000]",,[],"[0.000, 0.000, 0.000, 0.001, 0.000, 0.000, 0.000, 0.001]"
4323,172.92,172.96,silence,0.001127543393522501,,[],Liz,"[0.000, 0.000, 0.000, 0.000, 0.913, 0.000, 0.000]",,[],"[0.000, 0.000, 0.000, 0.001, 0.000, 0.000, 0.000, 0.001]"
4324,172.96,173.0,silence,0.0013569890288636088,,[],Liz,"[0.000, 0.000, 0.000, 0.000, 0.866, 0.000, 0.000]",,[],"[0.000, 0.000, 0.000, 0.000, 0.000, 0.000, 0.000, 0.001]"
4325,173.0,173.04,silence,0.0016398028237745166,,[],Liz,"[0.000, 0.000, 0.000, 0.000, 0.801, 0.000, 0.000]",,[],"[0.000, 0.000, 0.000, 0.000, 0.000, 0.000, 0.000, 0.002]"
4326,173.04,173.08,silence,0.0020026108250021935,,[],Liz,"[0.000, 0.000, 0.000, 0.000, 0.718, 0.000, 0.000]",,[],"[0.000, 0.000, 0.000, 0.000, 0.000, 0.000, 0.000, 0.002]"
4327,173.08,173.12,silence,0.002480692695826292,,[],Liz,"[0.000, 0.000, 0.000, 0.000, 0.619, 0.000, 0.000]",,[],"[0.000, 0.000, 0.000, 0.000, 0.000, 0.000, 0.000, 0.002]"
4328,173.12,173.16,silence,0.00313105178065598,,[],Liz,"[0.000, 0.000, 0.000, 0.000, 0.512, 0.000, 0.000]",,[],"[0.000, 0.000, 0.000, 0.000, 0.000, 0.000, 0.000, 0.003]"
4329,173.16,173.2,silence,0.00405085226520896,,[],,[],,[],"[0.000, 0.000, 0.000, 0.000, 0.000, 0.000, 0.000, 0.004]"
4330,173.2,173.24,silence,0.005412574391812086,,[],,[],,[],"[0.000, 0.000, 0.000, 0.000, 0.000, 0.000, 0.000, 0.005]"
4331,173.24,173.28,silence,0.007532439660280943,,[],,[],,[],"[0.000, 0.000, 0.000, 0.000, 0.000, 0.000, 0.000, 0.008]"
4332,173.28,173.32,silence,0.011011436581611633,,[],,[],,[],"[0.000, 0.000, 0.000, 0.000, 0.000, 0.000, 0.000, 0.011]"
4333,173.32,173.36,silence,0.017031868919730186,,[],,[],,[],"[0.000, 0.000, 0.000, 0.000, 0.000, 0.000, 0.000, 0.017]"
4334,173.36,173.4,silence,0.02800730988383293,,[],,[],,[],"[0.000, 0.000, 0.000, 0.000, 0.000, 0.000, 0.000, 0.028]"
4335,173.4,173.44,silence,0.04895041882991791,,[],,[],,[],"[0.000, 0.000, 0.000, 0.000, 0.000, 0.000, 0.000, 0.049]"
4336,173.44,173.48,silence,0.09034216403961182,,[],,[],,[],"[0.000, 0.000, 0.000, 0.000, 0.000, 0.000, 0.000, 0.090]"
4337,173.48,173.52,silence,0.17212145030498505,,[],,[],,[],"[0.000, 0.000, 0.000, 0.000, 0.000, 0.000, 0.000, 0.172]"
4338,173.52,173.56,silence,0.3216722011566162,,[],,[],,[],"[0.000, 0.000, 0.000, 0.000, 0.000, 0.000, 0.000, 0.322]"
4339,173.56,173.6,silence,0.5418652892112732,silence,[0.542],,[],,[],"[0.000, 0.000, 0.000, 0.000, 0.000, 0.000, 0.000, 0.542]"
4340,173.6,173.64,silence,0.7638295888900757,silence,[0.764],,[],,[],"[0.000, 0.000, 0.000, 0.000, 0.000, 0.000, 0.000, 0.764]"
4341,173.64,173.68,silence,0.9067329168319702,silence,[0.907],,[],,[],"[0.000, 0.000, 0.000, 0.000, 0.000, 0.000, 0.000, 0.907]"
4342,173.68,173.72,silence,0.9699418544769287,silence,[0.970],,[],,[],"[0.000, 0.000, 0.000, 0.000, 0.000, 0.000, 0.000, 0.970]"
4343,173.72,173.76,silence,0.991642951965332,silence,[0.992],,[],,[],"[0.000, 0.000, 0.000, 0.000, 0.000, 0.000, 0.000, 0.992]"
4344,173.76,173.8,silence,0.9979366064071655,silence,[0.998],,[],,[],"[0.000, 0.000, 0.000, 0.000, 0.000, 0.000, 0.000, 0.998]"
4345,173.8,173.84,silence,0.9995419979095459,silence,[1.000],,[],,[],"[0.000, 0.000, 0.000, 0.000, 0.000, 0.000, 0.000, 1.000]"
4346,173.84,173.88,silence,0.9999079704284668,silence,[1.000],,[],,[],"[0.000, 0.000, 0.000, 0.000, 0.000, 0.000, 0.000, 1.000]"
4347,173.88,173.92,silence,0.9999831914901733,silence,[1.000],,[],,[],"[0.000, 0.000, 0.000, 0.000, 0.000, 0.000, 0.000, 1.000]"
4348,173.92,173.96,silence,0.9999971389770508,silence,[1.000],,[],,[],"[0.000, 0.000, 0.000, 0.000, 0.000, 0.000, 0.000, 1.000]"
4349,173.96,174.0,silence,0.9999995231628418,silence,[1.000],,[],,[],"[0.000, 0.000, 0.000, 0.000, 0.000, 0.000, 0.000, 1.000]"
4350,174.0,174.04,silence,0.9999998807907104,silence,[1.000],,[],,[],"[0.000, 0.000, 0.000, 0.000, 0.000, 0.000, 0.000, 1.000]"
4351,174.04,174.08,silence,1.0,silence,[1.000],,[],,[],"[0.000, 0.000, 0.000, 0.000, 0.000, 0.000, 0.000, 1.000]"
4352,174.08,174.12,silence,1.0,silence,[1.000],,[],,[],"[0.000, 0.000, 0.000, 0.000, 0.000, 0.000, 0.000, 1.000]"
4353,174.12,174.16,silence,1.0,silence,[1.000],,[],,[],"[0.000, 0.000, 0.000, 0.000, 0.000, 0.000, 0.000, 1.000]"
4354,174.16,174.2,silence,1.0,silence,[1.000],,[],,[],"[0.000, 0.000, 0.000, 0.000, 0.000, 0.000, 0.000, 1.000]"
4355,174.2,174.24,silence,1.0,silence,[1.000],,[],,[],"[0.000, 0.000, 0.000, 0.000, 0.000, 0.000, 0.000, 1.000]"
4356,174.24,174.28,silence,1.0,silence,[1.000],,[],,[],"[0.000, 0.000, 0.000, 0.000, 0.000, 0.000, 0.000, 1.000]"
4357,174.28,174.32,silence,1.0,silence,[1.000],,[],,[],"[0.000, 0.000, 0.000, 0.000, 0.000, 0.000, 0.000, 1.000]"
4358,174.32,174.36,silence,1.0,silence,[1.000],,[],,[],"[0.000, 0.000, 0.000, 0.000, 0.000, 0.000, 0.000, 1.000]"
4359,174.36,174.4,silence,1.0,silence,[1.000],,[],,[],"[0.000, 0.000, 0.000, 0.000, 0.000, 0.000, 0.000, 1.000]"
4360,174.4,174.44,silence,1.0,silence,[1.000],,[],,[],"[0.000, 0.000, 0.000, 0.000, 0.000, 0.000, 0.000, 1.000]"
4361,174.44,174.48,silence,1.0,silence,[1.000],,[],,[],"[0.000, 0.000, 0.000, 0.000, 0.000, 0.000, 0.000, 1.000]"
4362,174.48,174.52,silence,1.0,silence,[1.000],,[],,[],"[0.000, 0.000, 0.000, 0.000, 0.000, 0.000, 0.000, 1.000]"
4363,174.52,174.56,silence,1.0,silence,[1.000],,[],,[],"[0.000, 0.000, 0.000, 0.000, 0.000, 0.000, 0.000, 1.000]"
4364,174.56,174.6,silence,1.0,silence,[1.000],,[],,[],"[0.000, 0.000, 0.000, 0.000, 0.000, 0.000, 0.000, 1.000]"
4365,174.6,174.64,silence,1.0,silence,[1.000],,[],,[],"[0.000, 0.000, 0.000, 0.000, 0.000, 0.000, 0.000, 1.000]"
4366,174.64,174.68,silence,1.0,silence,[1.000],,[],,[],"[0.000, 0.000, 0.000, 0.000, 0.000, 0.000, 0.000, 1.000]"
4367,174.68,174.72,silence,1.0,silence,[1.000],,[],,[],"[0.000, 0.000, 0.000, 0.000, 0.000, 0.000, 0.000, 1.000]"
4368,174.72,174.76,silence,1.0,silence,[1.000],,[],,[],"[0.000, 0.000, 0.000, 0.000, 0.000, 0.000, 0.000, 1.000]"
4369,174.76,174.8,silence,1.0,silence,[1.000],,[],,[],"[0.000, 0.000, 0.000, 0.000, 0.000, 0.000, 0.000, 1.000]"
4370,174.8,174.84,silence,1.0,silence,[1.000],,[],,[],"[0.000, 0.000, 0.000, 0.000, 0.000, 0.000, 0.000, 1.000]"
4371,174.84,174.88,silence,1.0,silence,[1.000],,[],,[],"[0.000, 0.000, 0.000, 0.000, 0.000, 0.000, 0.000, 1.000]"
4372,174.88,174.92,silence,1.0,silence,[1.000],,[],,[],"[0.000, 0.000, 0.000, 0.000, 0.000, 0.000, 0.000, 1.000]"
4373,174.92,174.96,silence,1.0,silence,[1.000],,[],,[],"[0.000, 0.000, 0.000, 0.000, 0.000, 0.000, 0.000, 1.000]"
4374,174.96,175.0,silence,1.0,silence,[1.000],,[],,[],"[0.000, 0.000, 0.000, 0.000, 0.000, 0.000, 0.000, 1.000]"
4375,175.0,175.04,silence,1.0,silence,[1.000],,[],,[],"[0.000, 0.000, 0.000, 0.000, 0.000, 0.000, 0.000, 1.000]"
4376,175.04,175.08,silence,1.0,silence,[1.000],,[],,[],"[0.000, 0.000, 0.000, 0.000, 0.000, 0.000, 0.000, 1.000]"
4377,175.08,175.12,silence,1.0,silence,[1.000],,[],,[],"[0.000, 0.000, 0.000, 0.000, 0.000, 0.000, 0.000, 1.000]"
4378,175.12,175.16,silence,1.0,silence,[1.000],,[],,[],"[0.000, 0.000, 0.000, 0.000, 0.000, 0.000, 0.000, 1.000]"
4379,175.16,175.2,silence,1.0,silence,[1.000],,[],,[],"[0.000, 0.000, 0.000, 0.000, 0.000, 0.000, 0.000, 1.000]"
4380,175.2,175.24,silence,1.0,silence,[1.000],,[],,[],"[0.000, 0.000, 0.000, 0.000, 0.000, 0.000, 0.000, 1.000]"
4381,175.24,175.28,silence,1.0,silence,[1.000],,[],,[],"[0.000, 0.000, 0.000, 0.000, 0.000, 0.000, 0.000, 1.000]"
4382,175.28,175.32,silence,1.0,silence,[1.000],,[],,[],"[0.000, 0.000, 0.000, 0.000, 0.000, 0.000, 0.000, 1.000]"
4383,175.32,175.36,silence,1.0,silence,[1.000],,[],,[],"[0.000, 0.000, 0.000, 0.000, 0.000, 0.000, 0.000, 1.000]"
4384,175.36,175.4,silence,1.0,silence,[1.000],,[],,[],"[0.000, 0.000, 0.000, 0.000, 0.000, 0.000, 0.000, 1.000]"
4385,175.4,175.44,silence,1.0,silence,[1.000],,[],,[],"[0.000, 0.000, 0.000, 0.000, 0.000, 0.000, 0.000, 1.000]"
4386,175.44,175.48,silence,1.0,silence,[1.000],,[],,[],"[0.000, 0.000, 0.000, 0.000, 0.000, 0.000, 0.000, 1.000]"
4387,175.48,175.52,silence,1.0,silence,[1.000],,[],,[],"[0.000, 0.000, 0.000, 0.000, 0.000, 0.000, 0.000, 1.000]"
4388,175.52,175.56,silence,1.0,silence,[1.000],,[],,[],"[0.000, 0.000, 0.000, 0.000, 0.000, 0.000, 0.000, 1.000]"
4389,175.56,175.6,silence,1.0,silence,[1.000],,[],,[],"[0.000, 0.000, 0.000, 0.000, 0.000, 0.000, 0.000, 1.000]"
4390,175.6,175.64,silence,1.0,silence,[1.000],,[],,[],"[0.000, 0.000, 0.000, 0.000, 0.000, 0.000, 0.000, 1.000]"
4391,175.64,175.68,silence,1.0,silence,[1.000],,[],,[],"[0.000, 0.000, 0.000, 0.000, 0.000, 0.000, 0.000, 1.000]"
4392,175.68,175.72,silence,1.0,silence,[1.000],,[],,[],"[0.000, 0.000, 0.000, 0.000, 0.000, 0.000, 0.000, 1.000]"
4393,175.72,175.76,silence,1.0,silence,[1.000],,[],,[],"[0.000, 0.000, 0.000, 0.000, 0.000, 0.000, 0.000, 1.000]"
4394,175.76,175.8,silence,1.0,silence,[1.000],,[],,[],"[0.000, 0.000, 0.000, 0.000, 0.000, 0.000, 0.000, 1.000]"
4395,175.8,175.84,silence,1.0,silence,[1.000],,[],,[],"[0.000, 0.000, 0.000, 0.000, 0.000, 0.000, 0.000, 1.000]"
4396,175.84,175.88,silence,1.0,silence,[1.000],,[],,[],"[0.000, 0.000, 0.000, 0.000, 0.000, 0.000, 0.000, 1.000]"
4397,175.88,175.92,silence,1.0,silence,[1.000],,[],,[],"[0.000, 0.000, 0.000, 0.000, 0.000, 0.000, 0.000, 1.000]"
4398,175.92,175.96,silence,1.0,silence,[1.000],,[],,[],"[0.000, 0.000, 0.000, 0.000, 0.000, 0.000, 0.000, 1.000]"
4399,175.96,176.0,silence,1.0,silence,[1.000],,[],,[],"[0.000, 0.000, 0.000, 0.000, 0.000, 0.000, 0.000, 1.000]"
4400,176.0,176.04,silence,1.0,silence,[1.000],,[],,[],"[0.000, 0.000, 0.000, 0.000, 0.000, 0.000, 0.000, 1.000]"
4401,176.04,176.08,silence,1.0,silence,[1.000],,[],,[],"[0.000, 0.000, 0.000, 0.000, 0.000, 0.000, 0.000, 1.000]"
4402,176.08,176.12,silence,1.0,silence,[1.000],,[],,[],"[0.000, 0.000, 0.000, 0.000, 0.000, 0.000, 0.000, 1.000]"
4403,176.12,176.16,silence,1.0,silence,[1.000],,[],,[],"[0.000, 0.000, 0.000, 0.000, 0.000, 0.000, 0.000, 1.000]"
4404,176.16,176.2,silence,1.0,silence,[1.000],,[],,[],"[0.000, 0.000, 0.000, 0.000, 0.000, 0.000, 0.000, 1.000]"
4405,176.2,176.24,silence,1.0,silence,[1.000],,[],,[],"[0.000, 0.000, 0.000, 0.000, 0.000, 0.000, 0.000, 1.000]"
4406,176.24,176.28,silence,1.0,silence,[1.000],,[],,[],"[0.000, 0.000, 0.000, 0.000, 0.000, 0.000, 0.000, 1.000]"
4407,176.28,176.32,silence,1.0,silence,[1.000],,[],,[],"[0.000, 0.000, 0.000, 0.000, 0.000, 0.000, 0.000, 1.000]"
4408,176.32,176.36,silence,1.0,silence,[1.000],,[],,[],"[0.000, 0.000, 0.000, 0.000, 0.000, 0.000, 0.000, 1.000]"
4409,176.36,176.4,silence,1.0,silence,[1.000],,[],,[],"[0.000, 0.000, 0.000, 0.000, 0.000, 0.000, 0.000, 1.000]"
4410,176.4,176.44,silence,1.0,silence,[1.000],,[],,[],"[0.000, 0.000, 0.000, 0.000, 0.000, 0.000, 0.000, 1.000]"
4411,176.44,176.48,silence,1.0,silence,[1.000],,[],,[],"[0.000, 0.000, 0.000, 0.000, 0.000, 0.000, 0.000, 1.000]"
4412,176.48,176.52,silence,1.0,silence,[1.000],,[],,[],"[0.000, 0.000, 0.000, 0.000, 0.000, 0.000, 0.000, 1.000]"
4413,176.52,176.56,silence,1.0,silence,[1.000],,[],,[],"[0.000, 0.000, 0.000, 0.000, 0.000, 0.000, 0.000, 1.000]"
4414,176.56,176.6,silence,1.0,silence,[1.000],,[],,[],"[0.000, 0.000, 0.000, 0.000, 0.000, 0.000, 0.000, 1.000]"
4415,176.6,176.64,silence,1.0,silence,[1.000],,[],,[],"[0.000, 0.000, 0.000, 0.000, 0.000, 0.000, 0.000, 1.000]"
4416,176.64,176.68,silence,1.0,silence,[1.000],,[],,[],"[0.000, 0.000, 0.000, 0.000, 0.000, 0.000, 0.000, 1.000]"
4417,176.68,176.72,silence,1.0,silence,[1.000],,[],,[],"[0.000, 0.000, 0.000, 0.000, 0.000, 0.000, 0.000, 1.000]"
4418,176.72,176.76,silence,1.0,silence,[1.000],,[],,[],"[0.000, 0.000, 0.000, 0.000, 0.000, 0.000, 0.000, 1.000]"
4419,176.76,176.8,silence,1.0,silence,[1.000],,[],,[],"[0.000, 0.000, 0.000, 0.000, 0.000, 0.000, 0.000, 1.000]"
4420,176.8,176.84,silence,1.0,silence,[1.000],,[],,[],"[0.000, 0.000, 0.000, 0.000, 0.000, 0.000, 0.000, 1.000]"
4421,176.84,176.88,silence,1.0,silence,[1.000],,[],,[],"[0.000, 0.000, 0.000, 0.000, 0.000, 0.000, 0.000, 1.000]"
4422,176.88,176.92,silence,1.0,silence,[1.000],,[],,[],"[0.000, 0.000, 0.000, 0.000, 0.000, 0.000, 0.000, 1.000]"
4423,176.92,176.96,silence,1.0,silence,[1.000],,[],,[],"[0.000, 0.000, 0.000, 0.000, 0.000, 0.000, 0.000, 1.000]"
4424,176.96,177.0,silence,1.0,silence,[1.000],,[],,[],"[0.000, 0.000, 0.000, 0.000, 0.000, 0.000, 0.000, 1.000]"
4425,177.0,177.04,silence,1.0,silence,[1.000],,[],,[],"[0.000, 0.000, 0.000, 0.000, 0.000, 0.000, 0.000, 1.000]"
4426,177.04,177.08,silence,1.0,silence,[1.000],,[],,[],"[0.000, 0.000, 0.000, 0.000, 0.000, 0.000, 0.000, 1.000]"
4427,177.08,177.12,silence,1.0,silence,[1.000],,[],,[],"[0.000, 0.000, 0.000, 0.000, 0.000, 0.000, 0.000, 1.000]"
4428,177.12,177.16,silence,1.0,silence,[1.000],,[],,[],"[0.000, 0.000, 0.000, 0.000, 0.000, 0.000, 0.000, 1.000]"
4429,177.16,177.2,silence,1.0,silence,[1.000],,[],,[],"[0.000, 0.000, 0.000, 0.000, 0.000, 0.000, 0.000, 1.000]"
4430,177.2,177.24,silence,1.0,silence,[1.000],,[],,[],"[0.000, 0.000, 0.000, 0.000, 0.000, 0.000, 0.000, 1.000]"
4431,177.24,177.28,silence,1.0,silence,[1.000],,[],,[],"[0.000, 0.000, 0.000, 0.000, 0.000, 0.000, 0.000, 1.000]"
4432,177.28,177.32,silence,1.0,silence,[1.000],,[],,[],"[0.000, 0.000, 0.000, 0.000, 0.000, 0.000, 0.000, 1.000]"
4433,177.32,177.36,silence,1.0,silence,[1.000],,[],,[],"[0.000, 0.000, 0.000, 0.000, 0.000, 0.000, 0.000, 1.000]"
4434,177.36,177.4,silence,1.0,silence,[1.000],,[],,[],"[0.000, 0.000, 0.000, 0.000, 0.000, 0.000, 0.000, 1.000]"
4435,177.4,177.44,silence,1.0,silence,[1.000],,[],,[],"[0.000, 0.000, 0.000, 0.000, 0.000, 0.000, 0.000, 1.000]"
4436,177.44,177.48,silence,1.0,silence,[1.000],,[],,[],"[0.000, 0.000, 0.000, 0.000, 0.000, 0.000, 0.000, 1.000]"
4437,177.48,177.52,silence,1.0,silence,[1.000],,[],,[],"[0.000, 0.000, 0.000, 0.000, 0.000, 0.000, 0.000, 1.000]"
4438,177.52,177.56,silence,1.0,silence,[1.000],,[],,[],"[0.000, 0.000, 0.000, 0.000, 0.000, 0.000, 0.000, 1.000]"
4439,177.56,177.6,silence,1.0,silence,[1.000],,[],,[],"[0.000, 0.000, 0.000, 0.000, 0.000, 0.000, 0.000, 1.000]"
4440,177.6,177.64,silence,1.0,silence,[1.000],,[],,[],"[0.000, 0.000, 0.000, 0.000, 0.000, 0.000, 0.000, 1.000]"
4441,177.64,177.68,silence,1.0,silence,[1.000],,[],,[],"[0.000, 0.000, 0.000, 0.000, 0.000, 0.000, 0.000, 1.000]"
4442,177.68,177.72,silence,1.0,silence,[1.000],,[],,[],"[0.000, 0.000, 0.000, 0.000, 0.000, 0.000, 0.000, 1.000]"
4443,177.72,177.76,silence,1.0,silence,[1.000],,[],,[],"[0.000, 0.000, 0.000, 0.000, 0.000, 0.000, 0.000, 1.000]"
4444,177.76,177.8,silence,1.0,silence,[1.000],,[],,[],"[0.000, 0.000, 0.000, 0.000, 0.000, 0.000, 0.000, 1.000]"
4445,177.8,177.84,silence,1.0,silence,[1.000],,[],,[],"[0.000, 0.000, 0.000, 0.000, 0.000, 0.000, 0.000, 1.000]"
4446,177.84,177.88,silence,1.0,silence,[1.000],,[],,[],"[0.000, 0.000, 0.000, 0.000, 0.000, 0.000, 0.000, 1.000]"
4447,177.88,177.92,silence,1.0,silence,[1.000],,[],,[],"[0.000, 0.000, 0.000, 0.000, 0.000, 0.000, 0.000, 1.000]"
4448,177.92,177.96,silence,1.0,silence,[1.000],,[],,[],"[0.000, 0.000, 0.000, 0.000, 0.000, 0.000, 0.000, 1.000]"
4449,177.96,178.0,silence,1.0,silence,[1.000],,[],,[],"[0.000, 0.000, 0.000, 0.000, 0.000, 0.000, 0.000, 1.000]"
4450,178.0,178.04,silence,1.0,silence,[1.000],,[],,[],"[0.000, 0.000, 0.000, 0.000, 0.000, 0.000, 0.000, 1.000]"
4451,178.04,178.08,silence,1.0,silence,[1.000],,[],,[],"[0.000, 0.000, 0.000, 0.000, 0.000, 0.000, 0.000, 1.000]"
4452,178.08,178.12,silence,1.0,silence,[1.000],,[],,[],"[0.000, 0.000, 0.000, 0.000, 0.000, 0.000, 0.000, 1.000]"
4453,178.12,178.16,silence,1.0,silence,[1.000],,[],,[],"[0.000, 0.000, 0.000, 0.000, 0.000, 0.000, 0.000, 1.000]"
4454,178.16,178.2,silence,1.0,silence,[1.000],,[],,[],"[0.000, 0.000, 0.000, 0.000, 0.000, 0.000, 0.000, 1.000]"
4455,178.2,178.24,silence,1.0,silence,[1.000],,[],,[],"[0.000, 0.000, 0.000, 0.000, 0.000, 0.000, 0.000, 1.000]"
4456,178.24,178.28,silence,1.0,silence,[1.000],,[],,[],"[0.000, 0.000, 0.000, 0.000, 0.000, 0.000, 0.000, 1.000]"
4457,178.28,178.32,silence,1.0,silence,[1.000],,[],,[],"[0.000, 0.000, 0.000, 0.000, 0.000, 0.000, 0.000, 1.000]"
4458,178.32,178.36,silence,1.0,silence,[1.000],,[],,[],"[0.000, 0.000, 0.000, 0.000, 0.000, 0.000, 0.000, 1.000]"
4459,178.36,178.4,silence,1.0,silence,[1.000],,[],,[],"[0.000, 0.000, 0.000, 0.000, 0.000, 0.000, 0.000, 1.000]"
4460,178.4,178.44,silence,1.0,silence,[1.000],,[],,[],"[0.000, 0.000, 0.000, 0.000, 0.000, 0.000, 0.000, 1.000]"
4461,178.44,178.48,silence,1.0,silence,[1.000],,[],,[],"[0.000, 0.000, 0.000, 0.000, 0.000, 0.000, 0.000, 1.000]"
4462,178.48,178.52,silence,1.0,silence,[1.000],,[],,[],"[0.000, 0.000, 0.000, 0.000, 0.000, 0.000, 0.000, 1.000]"
4463,178.52,178.56,silence,1.0,silence,[1.000],,[],,[],"[0.000, 0.000, 0.000, 0.000, 0.000, 0.000, 0.000, 1.000]"
4464,178.56,178.6,silence,1.0,silence,[1.000],,[],,[],"[0.000, 0.000, 0.000, 0.000, 0.000, 0.000, 0.000, 1.000]"
4465,178.6,178.64,silence,1.0,silence,[1.000],,[],,[],"[0.000, 0.000, 0.000, 0.000, 0.000, 0.000, 0.000, 1.000]"
4466,178.64,178.68,silence,1.0,silence,[1.000],,[],,[],"[0.000, 0.000, 0.000, 0.000, 0.000, 0.000, 0.000, 1.000]"
4467,178.68,178.72,silence,1.0,silence,[1.000],,[],,[],"[0.000, 0.000, 0.000, 0.000, 0.000, 0.000, 0.000, 1.000]"
4468,178.72,178.76,silence,1.0,silence,[1.000],,[],,[],"[0.000, 0.000, 0.000, 0.000, 0.000, 0.000, 0.000, 1.000]"
4469,178.76,178.8,silence,1.0,silence,[1.000],,[],,[],"[0.000, 0.000, 0.000, 0.000, 0.000, 0.000, 0.000, 1.000]"
4470,178.8,178.84,silence,1.0,silence,[1.000],,[],,[],"[0.000, 0.000, 0.000, 0.000, 0.000, 0.000, 0.000, 1.000]"
4471,178.84,178.88,silence,1.0,silence,[1.000],,[],,[],"[0.000, 0.000, 0.000, 0.000, 0.000, 0.000, 0.000, 1.000]"
4472,178.88,178.92,silence,1.0,silence,[1.000],,[],,[],"[0.000, 0.000, 0.000, 0.000, 0.000, 0.000, 0.000, 1.000]"
4473,178.92,178.96,silence,1.0,silence,[1.000],,[],,[],"[0.000, 0.000, 0.000, 0.000, 0.000, 0.000, 0.000, 1.000]"
4474,178.96,179.0,silence,1.0,silence,[1.000],,[],,[],"[0.000, 0.000, 0.000, 0.000, 0.000, 0.000, 0.000, 1.000]"
4475,179.0,179.04,silence,1.0,silence,[1.000],,[],,[],"[0.000, 0.000, 0.000, 0.000, 0.000, 0.000, 0.000, 1.000]"
4476,179.04,179.08,silence,1.0,silence,[1.000],,[],,[],"[0.000, 0.000, 0.000, 0.000, 0.000, 0.000, 0.000, 1.000]"
4477,179.08,179.12,silence,1.0,silence,[1.000],,[],,[],"[0.000, 0.000, 0.000, 0.000, 0.000, 0.000, 0.000, 1.000]"
4478,179.12,179.16,silence,1.0,silence,[1.000],,[],,[],"[0.000, 0.000, 0.000, 0.000, 0.000, 0.000, 0.000, 1.000]"
4479,179.16,179.2,silence,1.0,silence,[1.000],,[],,[],"[0.000, 0.000, 0.000, 0.000, 0.000, 0.000, 0.000, 1.000]"
4480,179.2,179.24,silence,1.0,silence,[1.000],,[],,[],"[0.000, 0.000, 0.000, 0.000, 0.000, 0.000, 0.000, 1.000]"
4481,179.24,179.28,silence,1.0,silence,[1.000],,[],,[],"[0.000, 0.000, 0.000, 0.000, 0.000, 0.000, 0.000, 1.000]"
4482,179.28,179.32,silence,1.0,silence,[1.000],,[],,[],"[0.000, 0.000, 0.000, 0.000, 0.000, 0.000, 0.000, 1.000]"
4483,179.32,179.36,silence,1.0,silence,[1.000],,[],,[],"[0.000, 0.000, 0.000, 0.000, 0.000, 0.000, 0.000, 1.000]"
4484,179.36,179.4,silence,0.9999998807907104,silence,[1.000],,[],,[],"[0.000, 0.000, 0.000, 0.000, 0.000, 0.000, 0.000, 1.000]"
4485,179.4,179.44,silence,0.9999998807907104,silence,[1.000],,[],,[],"[0.000, 0.000, 0.000, 0.000, 0.000, 0.000, 0.000, 1.000]"
4486,179.44,179.48,silence,0.9999998807907104,silence,[1.000],,[],,[],"[0.000, 0.000, 0.000, 0.000, 0.000, 0.000, 0.000, 1.000]"
4487,179.48,179.52,silence,0.9999998807907104,silence,[1.000],,[],,[],"[0.000, 0.000, 0.000, 0.000, 0.000, 0.000, 0.000, 1.000]"
4488,179.52,179.56,silence,0.9999997615814209,silence,[1.000],,[],,[],"[0.000, 0.000, 0.000, 0.000, 0.000, 0.000, 0.000, 1.000]"
4489,179.56,179.6,silence,0.9999997615814209,silence,[1.000],,[],,[],"[0.000, 0.000, 0.000, 0.000, 0.000, 0.000, 0.000, 1.000]"
4490,179.6,179.64,silence,0.9999996423721313,silence,[1.000],,[],,[],"[0.000, 0.000, 0.000, 0.000, 0.000, 0.000, 0.000, 1.000]"
4491,179.64,179.68,silence,0.9999996423721313,silence,[1.000],,[],,[],"[0.000, 0.000, 0.000, 0.000, 0.000, 0.000, 0.000, 1.000]"
4492,179.68,179.72,silence,0.9999996423721313,silence,[1.000],,[],,[],"[0.000, 0.000, 0.000, 0.000, 0.000, 0.000, 0.000, 1.000]"
4493,179.72,179.76,silence,0.9999996423721313,silence,[1.000],,[],,[],"[0.000, 0.000, 0.000, 0.000, 0.000, 0.000, 0.000, 1.000]"
4494,179.76,179.8,silence,0.9999996423721313,silence,[1.000],,[],,[],"[0.000, 0.000, 0.000, 0.000, 0.000, 0.000, 0.000, 1.000]"
4495,179.8,179.84,silence,0.9999997615814209,silence,[1.000],,[],,[],"[0.000, 0.000, 0.000, 0.000, 0.000, 0.000, 0.000, 1.000]"
4496,179.84,179.88,silence,0.9999997615814209,silence,[1.000],,[],,[],"[0.000, 0.000, 0.000, 0.000, 0.000, 0.000, 0.000, 1.000]"
4497,179.88,179.92,silence,0.9999998807907104,silence,[1.000],,[],,[],"[0.000, 0.000, 0.000, 0.000, 0.000, 0.000, 0.000, 1.000]"
4498,179.92,179.96,silence,0.9999998807907104,silence,[1.000],,[],,[],"[0.000, 0.000, 0.000, 0.000, 0.000, 0.000, 0.000, 1.000]"
4499,179.96,180.0,silence,0.9999998807907104,silence,[1.000],,[],,[],"[0.000, 0.000, 0.000, 0.000, 0.000, 0.000, 0.000, 1.000]"
4500,180.0,180.04,silence,1.0,silence,[1.000],,[],,[],"[0.000, 0.000, 0.000, 0.000, 0.000, 0.000, 0.000, 1.000]"
4501,180.04,180.08,silence,1.0,silence,[1.000],,[],,[],"[0.000, 0.000, 0.000, 0.000, 0.000, 0.000, 0.000, 1.000]"
4502,180.08,180.12,silence,1.0,silence,[1.000],,[],,[],"[0.000, 0.000, 0.000, 0.000, 0.000, 0.000, 0.000, 1.000]"
4503,180.12,180.16,silence,1.0,silence,[1.000],,[],,[],"[0.000, 0.000, 0.000, 0.000, 0.000, 0.000, 0.000, 1.000]"
4504,180.16,180.2,silence,1.0,silence,[1.000],,[],,[],"[0.000, 0.000, 0.000, 0.000, 0.000, 0.000, 0.000, 1.000]"
4505,180.2,180.24,silence,1.0,silence,[1.000],,[],,[],"[0.000, 0.000, 0.000, 0.000, 0.000, 0.000, 0.000, 1.000]"
4506,180.24,180.28,silence,1.0,silence,[1.000],,[],,[],"[0.000, 0.000, 0.000, 0.000, 0.000, 0.000, 0.000, 1.000]"
4507,180.28,180.32,silence,1.0,silence,[1.000],,[],,[],"[0.000, 0.000, 0.000, 0.000, 0.000, 0.000, 0.000, 1.000]"
4508,180.32,180.36,silence,1.0,silence,[1.000],,[],,[],"[0.000, 0.000, 0.000, 0.000, 0.000, 0.000, 0.000, 1.000]"
4509,180.36,180.4,silence,1.0,silence,[1.000],,[],,[],"[0.000, 0.000, 0.000, 0.000, 0.000, 0.000, 0.000, 1.000]"
4510,180.4,180.44,silence,1.0,silence,[1.000],,[],,[],"[0.000, 0.000, 0.000, 0.000, 0.000, 0.000, 0.000, 1.000]"
4511,180.44,180.48,silence,1.0,silence,[1.000],,[],,[],"[0.000, 0.000, 0.000, 0.000, 0.000, 0.000, 0.000, 1.000]"
4512,180.48,180.52,silence,1.0,silence,[1.000],,[],,[],"[0.000, 0.000, 0.000, 0.000, 0.000, 0.000, 0.000, 1.000]"
4513,180.52,180.56,silence,1.0,silence,[1.000],,[],,[],"[0.000, 0.000, 0.000, 0.000, 0.000, 0.000, 0.000, 1.000]"
4514,180.56,180.6,silence,1.0,silence,[1.000],,[],,[],"[0.000, 0.000, 0.000, 0.000, 0.000, 0.000, 0.000, 1.000]"
4515,180.6,180.64,silence,1.0,silence,[1.000],,[],,[],"[0.000, 0.000, 0.000, 0.000, 0.000, 0.000, 0.000, 1.000]"
4516,180.64,180.68,silence,1.0,silence,[1.000],,[],,[],"[0.000, 0.000, 0.000, 0.000, 0.000, 0.000, 0.000, 1.000]"
4517,180.68,180.72,silence,1.0,silence,[1.000],,[],,[],"[0.000, 0.000, 0.000, 0.000, 0.000, 0.000, 0.000, 1.000]"
4518,180.72,180.76,silence,1.0,silence,[1.000],,[],,[],"[0.000, 0.000, 0.000, 0.000, 0.000, 0.000, 0.000, 1.000]"
4519,180.76,180.8,silence,1.0,silence,[1.000],,[],,[],"[0.000, 0.000, 0.000, 0.000, 0.000, 0.000, 0.000, 1.000]"
4520,180.8,180.84,silence,1.0,silence,[1.000],,[],,[],"[0.000, 0.000, 0.000, 0.000, 0.000, 0.000, 0.000, 1.000]"
4521,180.84,180.88,silence,1.0,silence,[1.000],,[],,[],"[0.000, 0.000, 0.000, 0.000, 0.000, 0.000, 0.000, 1.000]"
4522,180.88,180.92,silence,1.0,silence,[1.000],,[],,[],"[0.000, 0.000, 0.000, 0.000, 0.000, 0.000, 0.000, 1.000]"
4523,180.92,180.96,silence,1.0,silence,[1.000],,[],,[],"[0.000, 0.000, 0.000, 0.000, 0.000, 0.000, 0.000, 1.000]"
4524,180.96,181.0,silence,1.0,silence,[1.000],,[],,[],"[0.000, 0.000, 0.000, 0.000, 0.000, 0.000, 0.000, 1.000]"
4525,181.0,181.04,silence,1.0,silence,[1.000],,[],,[],"[0.000, 0.000, 0.000, 0.000, 0.000, 0.000, 0.000, 1.000]"
4526,181.04,181.08,silence,1.0,silence,[1.000],,[],,[],"[0.000, 0.000, 0.000, 0.000, 0.000, 0.000, 0.000, 1.000]"
4527,181.08,181.12,silence,1.0,silence,[1.000],,[],,[],"[0.000, 0.000, 0.000, 0.000, 0.000, 0.000, 0.000, 1.000]"
4528,181.12,181.16,silence,1.0,silence,[1.000],,[],,[],"[0.000, 0.000, 0.000, 0.000, 0.000, 0.000, 0.000, 1.000]"
4529,181.16,181.2,silence,1.0,silence,[1.000],,[],,[],"[0.000, 0.000, 0.000, 0.000, 0.000, 0.000, 0.000, 1.000]"
4530,181.2,181.24,silence,1.0,silence,[1.000],,[],,[],"[0.000, 0.000, 0.000, 0.000, 0.000, 0.000, 0.000, 1.000]"
4531,181.24,181.28,silence,1.0,silence,[1.000],,[],,[],"[0.000, 0.000, 0.000, 0.000, 0.000, 0.000, 0.000, 1.000]"
4532,181.28,181.32,silence,1.0,silence,[1.000],,[],,[],"[0.000, 0.000, 0.000, 0.000, 0.000, 0.000, 0.000, 1.000]"
4533,181.32,181.36,silence,1.0,silence,[1.000],,[],,[],"[0.000, 0.000, 0.000, 0.000, 0.000, 0.000, 0.000, 1.000]"
4534,181.36,181.4,silence,1.0,silence,[1.000],,[],,[],"[0.000, 0.000, 0.000, 0.000, 0.000, 0.000, 0.000, 1.000]"
4535,181.4,181.44,silence,1.0,silence,[1.000],,[],,[],"[0.000, 0.000, 0.000, 0.000, 0.000, 0.000, 0.000, 1.000]"
4536,181.44,181.48,silence,1.0,silence,[1.000],,[],,[],"[0.000, 0.000, 0.000, 0.000, 0.000, 0.000, 0.000, 1.000]"
4537,181.48,181.52,silence,1.0,silence,[1.000],,[],,[],"[0.000, 0.000, 0.000, 0.000, 0.000, 0.000, 0.000, 1.000]"
4538,181.52,181.56,silence,1.0,silence,[1.000],,[],,[],"[0.000, 0.000, 0.000, 0.000, 0.000, 0.000, 0.000, 1.000]"
4539,181.56,181.6,silence,1.0,silence,[1.000],,[],,[],"[0.000, 0.000, 0.000, 0.000, 0.000, 0.000, 0.000, 1.000]"
4540,181.6,181.64,silence,1.0,silence,[1.000],,[],,[],"[0.000, 0.000, 0.000, 0.000, 0.000, 0.000, 0.000, 1.000]"
4541,181.64,181.68,silence,1.0,silence,[1.000],,[],,[],"[0.000, 0.000, 0.000, 0.000, 0.000, 0.000, 0.000, 1.000]"
4542,181.68,181.72,silence,1.0,silence,[1.000],,[],,[],"[0.000, 0.000, 0.000, 0.000, 0.000, 0.000, 0.000, 1.000]"
4543,181.72,181.76,silence,1.0,silence,[1.000],,[],,[],"[0.000, 0.000, 0.000, 0.000, 0.000, 0.000, 0.000, 1.000]"
4544,181.76,181.8,silence,1.0,silence,[1.000],,[],,[],"[0.000, 0.000, 0.000, 0.000, 0.000, 0.000, 0.000, 1.000]"
4545,181.8,181.84,silence,1.0,silence,[1.000],,[],,[],"[0.000, 0.000, 0.000, 0.000, 0.000, 0.000, 0.000, 1.000]"
4546,181.84,181.88,silence,1.0,silence,[1.000],,[],,[],"[0.000, 0.000, 0.000, 0.000, 0.000, 0.000, 0.000, 1.000]"
4547,181.88,181.92,silence,1.0,silence,[1.000],,[],,[],"[0.000, 0.000, 0.000, 0.000, 0.000, 0.000, 0.000, 1.000]"
4548,181.92,181.96,silence,1.0,silence,[1.000],,[],,[],"[0.000, 0.000, 0.000, 0.000, 0.000, 0.000, 0.000, 1.000]"
4549,181.96,182.0,silence,1.0,silence,[1.000],,[],,[],"[0.000, 0.000, 0.000, 0.000, 0.000, 0.000, 0.000, 1.000]"
4550,182.0,182.04,silence,1.0,silence,[1.000],,[],,[],"[0.000, 0.000, 0.000, 0.000, 0.000, 0.000, 0.000, 1.000]"
4551,182.04,182.08,silence,1.0,silence,[1.000],,[],,[],"[0.000, 0.000, 0.000, 0.000, 0.000, 0.000, 0.000, 1.000]"
4552,182.08,182.12,silence,1.0,silence,[1.000],,[],,[],"[0.000, 0.000, 0.000, 0.000, 0.000, 0.000, 0.000, 1.000]"
4553,182.12,182.16,silence,1.0,silence,[1.000],,[],,[],"[0.000, 0.000, 0.000, 0.000, 0.000, 0.000, 0.000, 1.000]"
4554,182.16,182.2,silence,1.0,silence,[1.000],,[],,[],"[0.000, 0.000, 0.000, 0.000, 0.000, 0.000, 0.000, 1.000]"
4555,182.2,182.24,silence,1.0,silence,[1.000],,[],,[],"[0.000, 0.000, 0.000, 0.000, 0.000, 0.000, 0.000, 1.000]"
4556,182.24,182.28,silence,1.0,silence,[1.000],,[],,[],"[0.000, 0.000, 0.000, 0.000, 0.000, 0.000, 0.000, 1.000]"
4557,182.28,182.32,silence,1.0,silence,[1.000],,[],,[],"[0.000, 0.000, 0.000, 0.000, 0.000, 0.000, 0.000, 1.000]"
4558,182.32,182.36,silence,1.0,silence,[1.000],,[],,[],"[0.000, 0.000, 0.000, 0.000, 0.000, 0.000, 0.000, 1.000]"
4559,182.36,182.4,silence,1.0,silence,[1.000],,[],,[],"[0.000, 0.000, 0.000, 0.000, 0.000, 0.000, 0.000, 1.000]"
4560,182.4,182.44,silence,1.0,silence,[1.000],,[],,[],"[0.000, 0.000, 0.000, 0.000, 0.000, 0.000, 0.000, 1.000]"
4561,182.44,182.48,silence,1.0,silence,[1.000],,[],,[],"[0.000, 0.000, 0.000, 0.000, 0.000, 0.000, 0.000, 1.000]"
4562,182.48,182.52,silence,1.0,silence,[1.000],,[],,[],"[0.000, 0.000, 0.000, 0.000, 0.000, 0.000, 0.000, 1.000]"
4563,182.52,182.56,silence,1.0,silence,[1.000],,[],,[],"[0.000, 0.000, 0.000, 0.000, 0.000, 0.000, 0.000, 1.000]"
4564,182.56,182.6,silence,1.0,silence,[1.000],,[],,[],"[0.000, 0.000, 0.000, 0.000, 0.000, 0.000, 0.000, 1.000]"
4565,182.6,182.64,silence,1.0,silence,[1.000],,[],,[],"[0.000, 0.000, 0.000, 0.000, 0.000, 0.000, 0.000, 1.000]"
4566,182.64,182.68,silence,1.0,silence,[1.000],,[],,[],"[0.000, 0.000, 0.000, 0.000, 0.000, 0.000, 0.000, 1.000]"
4567,182.68,182.72,silence,1.0,silence,[1.000],,[],,[],"[0.000, 0.000, 0.000, 0.000, 0.000, 0.000, 0.000, 1.000]"
4568,182.72,182.76,silence,1.0,silence,[1.000],,[],,[],"[0.000, 0.000, 0.000, 0.000, 0.000, 0.000, 0.000, 1.000]"
4569,182.76,182.8,silence,1.0,silence,[1.000],,[],,[],"[0.000, 0.000, 0.000, 0.000, 0.000, 0.000, 0.000, 1.000]"
4570,182.8,182.84,silence,1.0,silence,[1.000],,[],,[],"[0.000, 0.000, 0.000, 0.000, 0.000, 0.000, 0.000, 1.000]"
4571,182.84,182.88,silence,1.0,silence,[1.000],,[],,[],"[0.000, 0.000, 0.000, 0.000, 0.000, 0.000, 0.000, 1.000]"
4572,182.88,182.92,silence,1.0,silence,[1.000],,[],,[],"[0.000, 0.000, 0.000, 0.000, 0.000, 0.000, 0.000, 1.000]"
4573,182.92,182.96,silence,1.0,silence,[1.000],,[],,[],"[0.000, 0.000, 0.000, 0.000, 0.000, 0.000, 0.000, 1.000]"
4574,182.96,183.0,silence,1.0,silence,[1.000],,[],,[],"[0.000, 0.000, 0.000, 0.000, 0.000, 0.000, 0.000, 1.000]"
4575,183.0,183.04,silence,1.0,silence,[1.000],,[],,[],"[0.000, 0.000, 0.000, 0.000, 0.000, 0.000, 0.000, 1.000]"
4576,183.04,183.08,silence,1.0,silence,[1.000],,[],,[],"[0.000, 0.000, 0.000, 0.000, 0.000, 0.000, 0.000, 1.000]"
4577,183.08,183.12,silence,0.9999998807907104,silence,[1.000],,[],,[],"[0.000, 0.000, 0.000, 0.000, 0.000, 0.000, 0.000, 1.000]"
4578,183.12,183.16,silence,0.9999998807907104,silence,[1.000],,[],,[],"[0.000, 0.000, 0.000, 0.000, 0.000, 0.000, 0.000, 1.000]"
4579,183.16,183.2,silence,0.9999998807907104,silence,[1.000],,[],,[],"[0.000, 0.000, 0.000, 0.000, 0.000, 0.000, 0.000, 1.000]"
4580,183.2,183.24,silence,0.9999998807907104,silence,[1.000],,[],,[],"[0.000, 0.000, 0.000, 0.000, 0.000, 0.000, 0.000, 1.000]"
4581,183.24,183.28,silence,0.9999998807907104,silence,[1.000],,[],,[],"[0.000, 0.000, 0.000, 0.000, 0.000, 0.000, 0.000, 1.000]"
4582,183.28,183.32,silence,1.0,silence,[1.000],,[],,[],"[0.000, 0.000, 0.000, 0.000, 0.000, 0.000, 0.000, 1.000]"
4583,183.32,183.36,silence,1.0,silence,[1.000],,[],,[],"[0.000, 0.000, 0.000, 0.000, 0.000, 0.000, 0.000, 1.000]"
4584,183.36,183.4,silence,1.0,silence,[1.000],,[],,[],"[0.000, 0.000, 0.000, 0.000, 0.000, 0.000, 0.000, 1.000]"
4585,183.4,183.44,silence,1.0,silence,[1.000],,[],,[],"[0.000, 0.000, 0.000, 0.000, 0.000, 0.000, 0.000, 1.000]"
4586,183.44,183.48,silence,0.5,,[],,[],,[],"[0.500, 0.500, 0.500, 0.500, 0.500, 0.500, 0.500, 0.500]"
