start_time,end_time,main_label,main_confidence,active_labels,active_confidences,probabilities
0.0,0.04,Wonyoung,0.998648464679718,Wonyoung,[0.999],"[0.000, 0.000, 0.000, 0.000, 0.999, 0.000, 0.000]"
0.04,0.08,Wonyoung,0.9986409544944763,Wonyoung,[0.999],"[0.000, 0.000, 0.000, 0.000, 0.999, 0.000, 0.000]"
0.08,0.12,Wonyoung,0.9986567497253418,Wonyoung,[0.999],"[0.000, 0.000, 0.000, 0.000, 0.999, 0.000, 0.000]"
0.12,0.16,Wonyoung,0.9987592697143555,Wonyoung,[0.999],"[0.000, 0.000, 0.000, 0.000, 0.999, 0.000, 0.000]"
0.16,0.2,Wonyoung,0.9989116191864014,Wonyoung,[0.999],"[0.000, 0.000, 0.000, 0.000, 0.999, 0.000, 0.000]"
0.2,0.24,Wonyoung,0.9990414977073669,Wonyoung,[0.999],"[0.000, 0.000, 0.000, 0.000, 0.999, 0.000, 0.000]"
0.24,0.28,Wonyoung,0.999150276184082,Wonyoung,[0.999],"[0.000, 0.000, 0.000, 0.000, 0.999, 0.000, 0.000]"
0.28,0.32,Wonyoung,0.9992417097091675,Wonyoung,[0.999],"[0.000, 0.000, 0.000, 0.000, 0.999, 0.000, 0.000]"
0.32,0.36,Wonyoung,0.9993175268173218,Wonyoung,[0.999],"[0.000, 0.000, 0.000, 0.000, 0.999, 0.000, 0.000]"
0.36,0.4,Wonyoung,0.9993754029273987,Wonyoung,[0.999],"[0.000, 0.000, 0.000, 0.000, 0.999, 0.000, 0.000]"
0.4,0.44,Wonyoung,0.9994196891784668,Wonyoung,[0.999],"[0.000, 0.000, 0.000, 0.000, 0.999, 0.000, 0.000]"
0.44,0.48,Wonyoung,0.9994526505470276,Wonyoung,[0.999],"[0.000, 0.000, 0.000, 0.000, 0.999, 0.000, 0.000]"
0.48,0.52,Wonyoung,0.9994767308235168,Wonyoung,[0.999],"[0.000, 0.000, 0.000, 0.000, 0.999, 0.000, 0.000]"
0.52,0.56,Wonyoung,0.999494194984436,Wonyoung,[0.999],"[0.000, 0.000, 0.000, 0.000, 0.999, 0.000, 0.000]"
0.56,0.6,Wonyoung,0.9995075464248657,Wonyoung,[1.000],"[0.000, 0.000, 0.000, 0.000, 1.000, 0.000, 0.000]"
0.6,0.64,Wonyoung,0.9995185136795044,Wonyoung,[1.000],"[0.000, 0.000, 0.000, 0.000, 1.000, 0.000, 0.000]"
0.64,0.68,Wonyoung,0.9995282888412476,Wonyoung,[1.000],"[0.000, 0.000, 0.000, 0.000, 1.000, 0.000, 0.000]"
0.68,0.72,Wonyoung,0.9995377063751221,Wonyoung,[1.000],"[0.000, 0.000, 0.000, 0.000, 1.000, 0.000, 0.000]"
0.72,0.76,Wonyoung,0.9995465874671936,Wonyoung,[1.000],"[0.000, 0.000, 0.000, 0.000, 1.000, 0.000, 0.000]"
0.76,0.8,Wonyoung,0.9995550513267517,Wonyoung,[1.000],"[0.000, 0.000, 0.000, 0.000, 1.000, 0.000, 0.000]"
0.8,0.84,Wonyoung,0.9995622038841248,Wonyoung,[1.000],"[0.000, 0.000, 0.000, 0.000, 1.000, 0.000, 0.000]"
0.84,0.88,Wonyoung,0.9995676875114441,Wonyoung,[1.000],"[0.000, 0.000, 0.000, 0.000, 1.000, 0.000, 0.000]"
0.88,0.92,Wonyoung,0.9995710253715515,Wonyoung,[1.000],"[0.000, 0.000, 0.000, 0.000, 1.000, 0.000, 0.000]"
0.92,0.96,Wonyoung,0.9995713829994202,Wonyoung,[1.000],"[0.000, 0.000, 0.000, 0.000, 1.000, 0.000, 0.000]"
0.96,1.0,Wonyoung,0.9995680451393127,Wonyoung,[1.000],"[0.000, 0.000, 0.000, 0.000, 1.000, 0.000, 0.000]"
1.0,1.04,Wonyoung,0.9995606541633606,Wonyoung,[1.000],"[0.000, 0.000, 0.000, 0.000, 1.000, 0.000, 0.000]"
1.04,1.08,Wonyoung,0.9995487332344055,Wonyoung,[1.000],"[0.000, 0.000, 0.000, 0.000, 1.000, 0.000, 0.000]"
1.08,1.12,Wonyoung,0.9995318651199341,Wonyoung,[1.000],"[0.000, 0.000, 0.000, 0.000, 1.000, 0.000, 0.000]"
1.12,1.16,Wonyoung,0.9995089769363403,Wonyoung,[1.000],"[0.000, 0.000, 0.000, 0.000, 1.000, 0.000, 0.000]"
1.16,1.2,Wonyoung,0.9994792342185974,Wonyoung,[0.999],"[0.000, 0.000, 0.000, 0.000, 0.999, 0.000, 0.000]"
1.2,1.24,Wonyoung,0.9994413256645203,Wonyoung,[0.999],"[0.000, 0.000, 0.000, 0.000, 0.999, 0.000, 0.000]"
1.24,1.28,Wonyoung,0.9993934631347656,Wonyoung,[0.999],"[0.000, 0.000, 0.000, 0.000, 0.999, 0.000, 0.000]"
1.28,1.32,Wonyoung,0.999333918094635,Wonyoung,[0.999],"[0.000, 0.000, 0.000, 0.000, 0.999, 0.000, 0.000]"
1.32,1.36,Wonyoung,0.9992606043815613,Wonyoung,[0.999],"[0.000, 0.000, 0.000, 0.000, 0.999, 0.000, 0.000]"
1.36,1.4,Wonyoung,0.9991706609725952,Wonyoung,[0.999],"[0.000, 0.000, 0.000, 0.000, 0.999, 0.000, 0.000]"
1.4,1.44,Wonyoung,0.9990606904029846,Wonyoung,[0.999],"[0.000, 0.000, 0.000, 0.000, 0.999, 0.000, 0.000]"
1.44,1.48,Wonyoung,0.9989268183708191,Wonyoung,[0.999],"[0.000, 0.000, 0.000, 0.000, 0.999, 0.000, 0.000]"
1.48,1.52,Wonyoung,0.9987636804580688,Wonyoung,[0.999],"[0.000, 0.000, 0.000, 0.000, 0.999, 0.000, 0.000]"
1.52,1.56,Wonyoung,0.9985650181770325,Wonyoung,[0.999],"[0.000, 0.000, 0.000, 0.000, 0.999, 0.000, 0.000]"
1.56,1.6,Wonyoung,0.998323380947113,Wonyoung,[0.998],"[0.000, 0.000, 0.000, 0.000, 0.998, 0.000, 0.000]"
1.6,1.64,Wonyoung,0.9980306029319763,Wonyoung,[0.998],"[0.000, 0.000, 0.000, 0.000, 0.998, 0.000, 0.000]"
1.64,1.68,Wonyoung,0.9976763129234314,Wonyoung,[0.998],"[0.000, 0.000, 0.000, 0.000, 0.998, 0.000, 0.000]"
1.68,1.72,Wonyoung,0.997248113155365,Wonyoung,[0.997],"[0.000, 0.000, 0.000, 0.000, 0.997, 0.000, 0.000]"
1.72,1.76,Wonyoung,0.9967314004898071,Wonyoung,[0.997],"[0.000, 0.000, 0.000, 0.000, 0.997, 0.000, 0.000]"
1.76,1.8,Wonyoung,0.9961076378822327,Wonyoung,[0.996],"[0.000, 0.000, 0.000, 0.000, 0.996, 0.000, 0.000]"
1.8,1.84,Wonyoung,0.9953563809394836,Wonyoung,[0.995],"[0.000, 0.000, 0.000, 0.000, 0.995, 0.000, 0.000]"
1.84,1.88,Wonyoung,0.9944567680358887,Wonyoung,[0.994],"[0.000, 0.000, 0.000, 0.000, 0.994, 0.000, 0.000]"
1.88,1.92,Wonyoung,0.9933891296386719,Wonyoung,[0.993],"[0.000, 0.000, 0.000, 0.000, 0.993, 0.000, 0.000]"
1.92,1.96,Wonyoung,0.9921389222145081,Wonyoung,[0.992],"[0.000, 0.000, 0.000, 0.000, 0.992, 0.000, 0.000]"
1.96,2.0,Wonyoung,0.9906999468803406,Wonyoung,[0.991],"[0.000, 0.000, 0.000, 0.000, 0.991, 0.000, 0.000]"
2.0,2.04,Wonyoung,0.9890756607055664,Wonyoung,[0.989],"[0.000, 0.000, 0.000, 0.000, 0.989, 0.000, 0.000]"
2.04,2.08,Wonyoung,0.9872775673866272,Wonyoung,[0.987],"[0.000, 0.000, 0.000, 0.000, 0.987, 0.000, 0.000]"
2.08,2.12,Wonyoung,0.9853335022926331,Wonyoung,[0.985],"[0.000, 0.001, 0.000, 0.000, 0.985, 0.000, 0.000]"
2.12,2.16,Wonyoung,0.9832690954208374,Wonyoung,[0.983],"[0.000, 0.001, 0.000, 0.000, 0.983, 0.000, 0.000]"
2.16,2.2,Wonyoung,0.9811087250709534,Wonyoung,[0.981],"[0.000, 0.001, 0.000, 0.000, 0.981, 0.000, 0.000]"
2.2,2.24,Wonyoung,0.9788789749145508,Wonyoung,[0.979],"[0.000, 0.001, 0.000, 0.000, 0.979, 0.000, 0.000]"
2.24,2.28,Wonyoung,0.9766098856925964,Wonyoung,[0.977],"[0.000, 0.001, 0.000, 0.000, 0.977, 0.000, 0.000]"
2.28,2.32,Wonyoung,0.9743167161941528,Wonyoung,[0.974],"[0.000, 0.001, 0.000, 0.000, 0.974, 0.000, 0.000]"
2.32,2.36,Wonyoung,0.9720072150230408,Wonyoung,[0.972],"[0.000, 0.001, 0.000, 0.000, 0.972, 0.000, 0.000]"
2.36,2.4,Wonyoung,0.9696775674819946,Wonyoung,[0.970],"[0.000, 0.001, 0.000, 0.000, 0.970, 0.000, 0.000]"
2.4,2.44,Wonyoung,0.9673031568527222,Wonyoung,[0.967],"[0.000, 0.001, 0.000, 0.000, 0.967, 0.000, 0.000]"
2.44,2.48,Wonyoung,0.9648497104644775,Wonyoung,[0.965],"[0.000, 0.001, 0.000, 0.000, 0.965, 0.000, 0.000]"
2.48,2.52,Wonyoung,0.9622724056243896,Wonyoung,[0.962],"[0.000, 0.001, 0.000, 0.000, 0.962, 0.000, 0.000]"
2.52,2.56,Wonyoung,0.95951247215271,Wonyoung,[0.960],"[0.000, 0.001, 0.000, 0.000, 0.960, 0.000, 0.000]"
2.56,2.6,Wonyoung,0.9565063118934631,Wonyoung,[0.957],"[0.000, 0.001, 0.000, 0.000, 0.957, 0.000, 0.000]"
2.6,2.64,Wonyoung,0.9531664252281189,Wonyoung,[0.953],"[0.000, 0.001, 0.000, 0.000, 0.953, 0.000, 0.000]"
2.64,2.68,Wonyoung,0.9493727087974548,Wonyoung,[0.949],"[0.000, 0.001, 0.000, 0.000, 0.949, 0.000, 0.000]"
2.68,2.72,Wonyoung,0.9449797868728638,Wonyoung,[0.945],"[0.000, 0.001, 0.000, 0.000, 0.945, 0.000, 0.000]"
2.72,2.76,Wonyoung,0.9398372769355774,Wonyoung,[0.940],"[0.000, 0.001, 0.000, 0.000, 0.940, 0.000, 0.000]"
2.76,2.8,Wonyoung,0.9338012337684631,Wonyoung,[0.934],"[0.000, 0.000, 0.000, 0.001, 0.934, 0.000, 0.000]"
2.8,2.84,Wonyoung,0.9267266392707825,Wonyoung,[0.927],"[0.000, 0.000, 0.000, 0.001, 0.927, 0.000, 0.000]"
2.84,2.88,Wonyoung,0.9184408783912659,Wonyoung,[0.918],"[0.000, 0.000, 0.000, 0.001, 0.918, 0.000, 0.000]"
2.88,2.92,Wonyoung,0.9087828397750854,Wonyoung,[0.909],"[0.000, 0.000, 0.000, 0.001, 0.909, 0.000, 0.000]"
2.92,2.96,Wonyoung,0.8976595401763916,Wonyoung,[0.898],"[0.000, 0.000, 0.000, 0.002, 0.898, 0.000, 0.000]"
2.96,3.0,Wonyoung,0.8850647211074829,Wonyoung,[0.885],"[0.000, 0.000, 0.000, 0.002, 0.885, 0.000, 0.000]"
3.0,3.04,Wonyoung,0.8710906505584717,Wonyoung,[0.871],"[0.000, 0.000, 0.000, 0.003, 0.871, 0.000, 0.000]"
3.04,3.08,Wonyoung,0.8559491634368896,Wonyoung,[0.856],"[0.000, 0.000, 0.000, 0.004, 0.856, 0.000, 0.000]"
3.08,3.12,Wonyoung,0.8400664925575256,Wonyoung,[0.840],"[0.000, 0.000, 0.000, 0.005, 0.840, 0.000, 0.000]"
3.12,3.16,Wonyoung,0.8240979909896851,Wonyoung,[0.824],"[0.000, 0.000, 0.000, 0.007, 0.824, 0.000, 0.000]"
3.16,3.2,Wonyoung,0.8088876008987427,Wonyoung,[0.809],"[0.000, 0.000, 0.000, 0.009, 0.809, 0.000, 0.000]"
3.2,3.24,Wonyoung,0.7954067587852478,Wonyoung,[0.795],"[0.000, 0.000, 0.000, 0.011, 0.795, 0.000, 0.000]"
3.24,3.28,Wonyoung,0.7846826910972595,Wonyoung,[0.785],"[0.000, 0.000, 0.000, 0.013, 0.785, 0.000, 0.000]"
3.28,3.32,Wonyoung,0.7776172757148743,Wonyoung,[0.778],"[0.000, 0.000, 0.000, 0.015, 0.778, 0.000, 0.000]"
3.32,3.36,Wonyoung,0.7748388648033142,Wonyoung,[0.775],"[0.000, 0.000, 0.000, 0.017, 0.775, 0.000, 0.000]"
3.36,3.4,Wonyoung,0.7766276597976685,Wonyoung,[0.777],"[0.000, 0.000, 0.000, 0.020, 0.777, 0.000, 0.000]"
3.4,3.44,Wonyoung,0.7829340100288391,Wonyoung,[0.783],"[0.000, 0.000, 0.000, 0.022, 0.783, 0.000, 0.000]"
3.44,3.48,Wonyoung,0.7934577465057373,Wonyoung,[0.793],"[0.000, 0.000, 0.000, 0.023, 0.793, 0.000, 0.000]"
3.48,3.52,Wonyoung,0.8076514601707458,Wonyoung,[0.808],"[0.000, 0.000, 0.000, 0.025, 0.808, 0.000, 0.000]"
3.52,3.56,Wonyoung,0.8246946334838867,Wonyoung,[0.825],"[0.000, 0.000, 0.000, 0.025, 0.825, 0.000, 0.000]"
3.56,3.6,Wonyoung,0.8435643315315247,Wonyoung,[0.844],"[0.000, 0.000, 0.000, 0.026, 0.844, 0.000, 0.000]"
3.6,3.64,Wonyoung,0.8632100820541382,Wonyoung,[0.863],"[0.000, 0.000, 0.000, 0.025, 0.863, 0.000, 0.000]"
3.64,3.68,Wonyoung,0.8827045559883118,Wonyoung,[0.883],"[0.000, 0.000, 0.000, 0.025, 0.883, 0.000, 0.000]"
3.68,3.72,Wonyoung,0.9012784957885742,Wonyoung,[0.901],"[0.000, 0.000, 0.000, 0.024, 0.901, 0.000, 0.000]"
3.72,3.76,Wonyoung,0.9183942675590515,Wonyoung,[0.918],"[0.000, 0.000, 0.000, 0.022, 0.918, 0.000, 0.000]"
3.76,3.8,Wonyoung,0.9337258338928223,Wonyoung,[0.934],"[0.000, 0.000, 0.000, 0.021, 0.934, 0.000, 0.000]"
3.8,3.84,Wonyoung,0.9470996856689453,Wonyoung,[0.947],"[0.000, 0.000, 0.000, 0.019, 0.947, 0.000, 0.000]"
3.84,3.88,Wonyoung,0.9584752321243286,Wonyoung,[0.958],"[0.000, 0.000, 0.000, 0.018, 0.958, 0.000, 0.000]"
3.88,3.92,Wonyoung,0.9678968191146851,Wonyoung,[0.968],"[0.000, 0.000, 0.000, 0.016, 0.968, 0.000, 0.000]"
3.92,3.96,Wonyoung,0.9755100607872009,Wonyoung,[0.976],"[0.000, 0.000, 0.000, 0.015, 0.976, 0.000, 0.000]"
3.96,4.0,Wonyoung,0.9815323352813721,Wonyoung,[0.982],"[0.000, 0.000, 0.000, 0.014, 0.982, 0.000, 0.000]"
4.0,4.04,Wonyoung,0.9862104058265686,Wonyoung,[0.986],"[0.000, 0.000, 0.000, 0.014, 0.986, 0.000, 0.000]"
4.04,4.08,Wonyoung,0.989787220954895,Wonyoung,[0.990],"[0.000, 0.000, 0.000, 0.013, 0.990, 0.000, 0.000]"
4.08,4.12,Wonyoung,0.9924811124801636,Wonyoung,[0.992],"[0.000, 0.000, 0.000, 0.014, 0.992, 0.000, 0.000]"
4.12,4.16,Wonyoung,0.9944880604743958,Wonyoung,[0.994],"[0.000, 0.000, 0.000, 0.014, 0.994, 0.000, 0.000]"
4.16,4.2,Wonyoung,0.9959688186645508,Wonyoung,[0.996],"[0.000, 0.000, 0.000, 0.015, 0.996, 0.000, 0.000]"
4.2,4.24,Wonyoung,0.9970506429672241,Wonyoung,[0.997],"[0.000, 0.000, 0.000, 0.017, 0.997, 0.000, 0.000]"
4.24,4.28,Wonyoung,0.997835099697113,Wonyoung,[0.998],"[0.000, 0.000, 0.000, 0.020, 0.998, 0.000, 0.000]"
4.28,4.32,Wonyoung,0.9984025359153748,Wonyoung,[0.998],"[0.000, 0.000, 0.000, 0.024, 0.998, 0.000, 0.000]"
4.32,4.36,Wonyoung,0.9988125562667847,Wonyoung,[0.999],"[0.000, 0.000, 0.000, 0.030, 0.999, 0.000, 0.000]"
4.36,4.4,Wonyoung,0.9991098046302795,Wonyoung,[0.999],"[0.000, 0.000, 0.000, 0.038, 0.999, 0.000, 0.000]"
4.4,4.44,Wonyoung,0.9993265867233276,Wonyoung,[0.999],"[0.000, 0.000, 0.001, 0.050, 0.999, 0.000, 0.000]"
4.44,4.48,Wonyoung,0.999485969543457,Wonyoung,[0.999],"[0.000, 0.000, 0.001, 0.067, 0.999, 0.000, 0.000]"
4.48,4.52,Wonyoung,0.9996040463447571,Wonyoung,[1.000],"[0.000, 0.000, 0.000, 0.091, 1.000, 0.000, 0.000]"
4.52,4.56,Wonyoung,0.9996922016143799,Wonyoung,[1.000],"[0.000, 0.000, 0.000, 0.124, 1.000, 0.000, 0.000]"
4.56,4.6,Wonyoung,0.9997584223747253,Wonyoung,[1.000],"[0.000, 0.000, 0.000, 0.168, 1.000, 0.000, 0.000]"
4.6,4.64,Wonyoung,0.9998086094856262,Wonyoung,[1.000],"[0.000, 0.000, 0.000, 0.226, 1.000, 0.000, 0.000]"
4.64,4.68,Wonyoung,0.9998466968536377,Wonyoung,[1.000],"[0.000, 0.000, 0.000, 0.296, 1.000, 0.000, 0.000]"
4.68,4.72,Wonyoung,0.9998760223388672,Wonyoung,[1.000],"[0.000, 0.000, 0.000, 0.375, 1.000, 0.000, 0.000]"
4.72,4.76,Wonyoung,0.9998987913131714,Wonyoung,[1.000],"[0.000, 0.000, 0.000, 0.457, 1.000, 0.000, 0.000]"
4.76,4.8,Wonyoung,0.9999164342880249,Wonyoung,[1.000],"[0.000, 0.000, 0.000, 0.536, 1.000, 0.000, 0.000]"
4.8,4.84,Wonyoung,0.9999303817749023,Rei|Wonyoung,"[0.605, 1.000]","[0.000, 0.000, 0.000, 0.605, 1.000, 0.000, 0.000]"
4.84,4.88,Wonyoung,0.9999415874481201,Rei|Wonyoung,"[0.662, 1.000]","[0.000, 0.000, 0.000, 0.662, 1.000, 0.000, 0.000]"
4.88,4.92,Wonyoung,0.9999505281448364,Rei|Wonyoung,"[0.705, 1.000]","[0.000, 0.000, 0.000, 0.705, 1.000, 0.000, 0.000]"
4.92,4.96,Wonyoung,0.999957799911499,Rei|Wonyoung,"[0.736, 1.000]","[0.000, 0.000, 0.000, 0.736, 1.000, 0.000, 0.000]"
4.96,5.0,Wonyoung,0.9999637603759766,Rei|Wonyoung,"[0.755, 1.000]","[0.000, 0.000, 0.000, 0.755, 1.000, 0.000, 0.000]"
5.0,5.04,Wonyoung,0.9999687671661377,Rei|Wonyoung,"[0.764, 1.000]","[0.000, 0.000, 0.000, 0.764, 1.000, 0.000, 0.000]"
5.04,5.08,Wonyoung,0.999972939491272,Rei|Wonyoung,"[0.763, 1.000]","[0.000, 0.000, 0.000, 0.763, 1.000, 0.000, 0.000]"
5.08,5.12,Wonyoung,0.9999762773513794,Rei|Wonyoung,"[0.753, 1.000]","[0.000, 0.000, 0.000, 0.753, 1.000, 0.000, 0.000]"
5.12,5.16,Wonyoung,0.9999791383743286,Rei|Wonyoung,"[0.733, 1.000]","[0.000, 0.000, 0.000, 0.733, 1.000, 0.000, 0.000]"
5.16,5.2,Wonyoung,0.9999815225601196,Rei|Wonyoung,"[0.702, 1.000]","[0.000, 0.000, 0.000, 0.702, 1.000, 0.000, 0.000]"
5.2,5.24,Wonyoung,0.9999834299087524,Rei|Wonyoung,"[0.659, 1.000]","[0.000, 0.000, 0.000, 0.659, 1.000, 0.000, 0.000]"
5.24,5.28,Wonyoung,0.9999850988388062,Rei|Wonyoung,"[0.602, 1.000]","[0.000, 0.000, 0.000, 0.602, 1.000, 0.000, 0.000]"
5.28,5.32,Wonyoung,0.9999862909317017,Rei|Wonyoung,"[0.532, 1.000]","[0.000, 0.000, 0.000, 0.532, 1.000, 0.000, 0.000]"
5.32,5.36,Wonyoung,0.9999872446060181,Rei|Wonyoung,"[0.451, 1.000]","[0.000, 0.000, 0.000, 0.451, 1.000, 0.000, 0.000]"
5.36,5.4,Wonyoung,0.9999880790710449,Wonyoung,[1.000],"[0.000, 0.000, 0.000, 0.365, 1.000, 0.000, 0.000]"
5.4,5.44,Wonyoung,0.9999886751174927,Wonyoung,[1.000],"[0.000, 0.000, 0.000, 0.279, 1.000, 0.000, 0.000]"
5.44,5.48,Wonyoung,0.9999891519546509,Wonyoung,[1.000],"[0.000, 0.000, 0.000, 0.202, 1.000, 0.000, 0.000]"
5.48,5.52,Wonyoung,0.9999895095825195,Wonyoung,[1.000],"[0.000, 0.000, 0.000, 0.139, 1.000, 0.000, 0.000]"
5.52,5.56,Wonyoung,0.9999898672103882,Wonyoung,[1.000],"[0.000, 0.000, 0.000, 0.091, 1.000, 0.000, 0.000]"
5.56,5.6,Wonyoung,0.9999901056289673,Wonyoung,[1.000],"[0.000, 0.000, 0.000, 0.058, 1.000, 0.000, 0.000]"
5.6,5.64,Wonyoung,0.9999903440475464,Wonyoung,[1.000],"[0.000, 0.000, 0.000, 0.036, 1.000, 0.000, 0.000]"
5.64,5.68,Wonyoung,0.9999905824661255,Wonyoung,[1.000],"[0.000, 0.000, 0.000, 0.022, 1.000, 0.000, 0.000]"
5.68,5.72,Wonyoung,0.9999909400939941,Wonyoung,[1.000],"[0.000, 0.000, 0.000, 0.013, 1.000, 0.000, 0.000]"
5.72,5.76,Wonyoung,0.9999911785125732,Wonyoung,[1.000],"[0.000, 0.000, 0.000, 0.008, 1.000, 0.000, 0.000]"
5.76,5.8,Wonyoung,0.9999915361404419,Wonyoung,[1.000],"[0.000, 0.000, 0.000, 0.005, 1.000, 0.000, 0.000]"
5.8,5.84,Wonyoung,0.9999918937683105,Wonyoung,[1.000],"[0.000, 0.000, 0.000, 0.003, 1.000, 0.000, 0.000]"
5.84,5.88,Wonyoung,0.9999922513961792,Wonyoung,[1.000],"[0.000, 0.000, 0.000, 0.002, 1.000, 0.000, 0.000]"
5.88,5.92,Wonyoung,0.9999926090240479,Wonyoung,[1.000],"[0.000, 0.000, 0.000, 0.001, 1.000, 0.000, 0.000]"
5.92,5.96,Wonyoung,0.9999929666519165,Wonyoung,[1.000],"[0.000, 0.000, 0.000, 0.001, 1.000, 0.000, 0.000]"
5.96,6.0,Wonyoung,0.9999933242797852,Wonyoung,[1.000],"[0.000, 0.000, 0.000, 0.000, 1.000, 0.000, 0.000]"
6.0,6.04,Wonyoung,0.9999935626983643,Wonyoung,[1.000],"[0.000, 0.000, 0.000, 0.000, 1.000, 0.000, 0.000]"
6.04,6.08,Wonyoung,0.9999938011169434,Wonyoung,[1.000],"[0.000, 0.000, 0.000, 0.000, 1.000, 0.000, 0.000]"
6.08,6.12,Wonyoung,0.9999940395355225,Wonyoung,[1.000],"[0.000, 0.000, 0.000, 0.000, 1.000, 0.000, 0.000]"
6.12,6.16,Wonyoung,0.999994158744812,Wonyoung,[1.000],"[0.000, 0.000, 0.000, 0.000, 1.000, 0.000, 0.000]"
6.16,6.2,Wonyoung,0.9999942779541016,Wonyoung,[1.000],"[0.000, 0.000, 0.000, 0.000, 1.000, 0.000, 0.000]"
6.2,6.24,Wonyoung,0.9999943971633911,Wonyoung,[1.000],"[0.000, 0.000, 0.000, 0.000, 1.000, 0.000, 0.000]"
6.24,6.28,Wonyoung,0.9999943971633911,Wonyoung,[1.000],"[0.000, 0.000, 0.000, 0.000, 1.000, 0.000, 0.000]"
6.28,6.32,Wonyoung,0.9999942779541016,Wonyoung,[1.000],"[0.000, 0.000, 0.000, 0.000, 1.000, 0.000, 0.000]"
6.32,6.36,Wonyoung,0.999994158744812,Wonyoung,[1.000],"[0.000, 0.000, 0.000, 0.000, 1.000, 0.000, 0.000]"
6.36,6.4,Wonyoung,0.9999940395355225,Wonyoung,[1.000],"[0.000, 0.000, 0.000, 0.000, 1.000, 0.000, 0.000]"
6.4,6.44,Wonyoung,0.9999936819076538,Wonyoung,[1.000],"[0.000, 0.000, 0.000, 0.000, 1.000, 0.000, 0.000]"
6.44,6.48,Wonyoung,0.9999933242797852,Wonyoung,[1.000],"[0.000, 0.000, 0.000, 0.000, 1.000, 0.000, 0.000]"
6.48,6.52,Wonyoung,0.9999927282333374,Wonyoung,[1.000],"[0.000, 0.000, 0.000, 0.000, 1.000, 0.000, 0.000]"
6.52,6.56,Wonyoung,0.9999920129776001,Wonyoung,[1.000],"[0.000, 0.000, 0.000, 0.000, 1.000, 0.000, 0.000]"
6.56,6.6,Wonyoung,0.9999910593032837,Wonyoung,[1.000],"[0.000, 0.000, 0.000, 0.000, 1.000, 0.000, 0.000]"
6.6,6.64,Wonyoung,0.9999897480010986,Wonyoung,[1.000],"[0.000, 0.000, 0.000, 0.000, 1.000, 0.000, 0.000]"
6.64,6.68,Wonyoung,0.9999880790710449,Wonyoung,[1.000],"[0.000, 0.000, 0.000, 0.000, 1.000, 0.000, 0.000]"
6.68,6.72,Wonyoung,0.9999858140945435,Wonyoung,[1.000],"[0.000, 0.000, 0.000, 0.000, 1.000, 0.000, 0.000]"
6.72,6.76,Wonyoung,0.9999827146530151,Wonyoung,[1.000],"[0.000, 0.000, 0.000, 0.000, 1.000, 0.000, 0.000]"
6.76,6.8,Wonyoung,0.9999785423278809,Wonyoung,[1.000],"[0.000, 0.000, 0.000, 0.000, 1.000, 0.000, 0.000]"
6.8,6.84,Wonyoung,0.9999728202819824,Wonyoung,[1.000],"[0.000, 0.000, 0.000, 0.000, 1.000, 0.000, 0.000]"
6.84,6.88,Wonyoung,0.9999648332595825,Wonyoung,[1.000],"[0.000, 0.000, 0.000, 0.000, 1.000, 0.000, 0.000]"
6.88,6.92,Wonyoung,0.9999533891677856,Wonyoung,[1.000],"[0.000, 0.000, 0.000, 0.000, 1.000, 0.000, 0.000]"
6.92,6.96,Wonyoung,0.9999370574951172,Wonyoung,[1.000],"[0.000, 0.000, 0.000, 0.000, 1.000, 0.000, 0.000]"
6.96,7.0,Wonyoung,0.999913215637207,Wonyoung,[1.000],"[0.000, 0.000, 0.000, 0.000, 1.000, 0.000, 0.000]"
7.0,7.04,Wonyoung,0.9998780488967896,Wonyoung,[1.000],"[0.000, 0.000, 0.000, 0.000, 1.000, 0.000, 0.000]"
7.04,7.08,Wonyoung,0.9998260140419006,Wonyoung,[1.000],"[0.000, 0.000, 0.000, 0.000, 1.000, 0.000, 0.000]"
7.08,7.12,Wonyoung,0.9997486472129822,Wonyoung,[1.000],"[0.000, 0.000, 0.000, 0.000, 1.000, 0.000, 0.000]"
7.12,7.16,Wonyoung,0.9996337890625,Wonyoung,[1.000],"[0.000, 0.000, 0.000, 0.000, 1.000, 0.000, 0.000]"
7.16,7.2,Wonyoung,0.9994634985923767,Wonyoung,[0.999],"[0.000, 0.000, 0.000, 0.000, 0.999, 0.000, 0.000]"
7.2,7.24,Wonyoung,0.9992130994796753,Wonyoung,[0.999],"[0.000, 0.000, 0.000, 0.000, 0.999, 0.000, 0.000]"
7.24,7.28,Wonyoung,0.998849630355835,Wonyoung,[0.999],"[0.000, 0.000, 0.000, 0.000, 0.999, 0.000, 0.000]"
7.28,7.32,Wonyoung,0.998330295085907,Wonyoung,[0.998],"[0.000, 0.000, 0.000, 0.000, 0.998, 0.000, 0.000]"
7.32,7.36,Wonyoung,0.9976024031639099,Wonyoung,[0.998],"[0.000, 0.000, 0.000, 0.000, 0.998, 0.000, 0.000]"
7.36,7.4,Wonyoung,0.9966040849685669,Wonyoung,[0.997],"[0.000, 0.000, 0.000, 0.000, 0.997, 0.000, 0.000]"
7.4,7.44,Wonyoung,0.9952684044837952,Wonyoung,[0.995],"[0.000, 0.000, 0.000, 0.000, 0.995, 0.000, 0.000]"
7.44,7.48,Wonyoung,0.993525505065918,Wonyoung,[0.994],"[0.000, 0.000, 0.000, 0.000, 0.994, 0.000, 0.000]"
7.48,7.52,Wonyoung,0.9913114309310913,Wonyoung,[0.991],"[0.000, 0.000, 0.000, 0.000, 0.991, 0.000, 0.000]"
7.52,7.56,Wonyoung,0.9885790348052979,Wonyoung,[0.989],"[0.000, 0.000, 0.000, 0.001, 0.989, 0.000, 0.000]"
7.56,7.6,Wonyoung,0.9853143692016602,Wonyoung,[0.985],"[0.000, 0.000, 0.001, 0.001, 0.985, 0.000, 0.000]"
7.6,7.64,Wonyoung,0.9815427660942078,Wonyoung,[0.982],"[0.000, 0.000, 0.001, 0.002, 0.982, 0.000, 0.000]"
7.64,7.68,Wonyoung,0.9773398041725159,Wonyoung,[0.977],"[0.000, 0.000, 0.001, 0.004, 0.977, 0.000, 0.000]"
7.68,7.72,Wonyoung,0.9728260636329651,Wonyoung,[0.973],"[0.000, 0.000, 0.001, 0.007, 0.973, 0.000, 0.000]"
7.72,7.76,Wonyoung,0.9681618213653564,Wonyoung,[0.968],"[0.000, 0.000, 0.001, 0.012, 0.968, 0.000, 0.000]"
7.76,7.8,Wonyoung,0.9635489583015442,Wonyoung,[0.964],"[0.000, 0.000, 0.001, 0.020, 0.964, 0.000, 0.000]"
7.8,7.84,Wonyoung,0.9592049717903137,Wonyoung,[0.959],"[0.000, 0.000, 0.002, 0.033, 0.959, 0.000, 0.000]"
7.84,7.88,Wonyoung,0.9553755521774292,Wonyoung,[0.955],"[0.000, 0.000, 0.002, 0.051, 0.955, 0.000, 0.000]"
7.88,7.92,Wonyoung,0.9522761106491089,Wonyoung,[0.952],"[0.000, 0.000, 0.003, 0.076, 0.952, 0.000, 0.000]"
7.92,7.96,Wonyoung,0.9500641822814941,Wonyoung,[0.950],"[0.000, 0.000, 0.003, 0.107, 0.950, 0.000, 0.000]"
7.96,8.0,Wonyoung,0.9487863183021545,Wonyoung,[0.949],"[0.000, 0.000, 0.003, 0.145, 0.949, 0.000, 0.000]"
8.0,8.04,Wonyoung,0.9484162330627441,Wonyoung,[0.948],"[0.000, 0.000, 0.004, 0.188, 0.948, 0.000, 0.000]"
8.04,8.08,Wonyoung,0.9488580226898193,Wonyoung,[0.949],"[0.000, 0.000, 0.004, 0.236, 0.949, 0.000, 0.000]"
8.08,8.12,Wonyoung,0.9499847888946533,Wonyoung,[0.950],"[0.000, 0.000, 0.005, 0.286, 0.950, 0.000, 0.000]"
8.12,8.16,Wonyoung,0.9516229033470154,Wonyoung,[0.952],"[0.000, 0.000, 0.005, 0.337, 0.952, 0.000, 0.000]"
8.16,8.2,Wonyoung,0.9535685181617737,Wonyoung,[0.954],"[0.000, 0.000, 0.006, 0.388, 0.954, 0.000, 0.000]"
8.2,8.24,Wonyoung,0.9556305408477783,Wonyoung,[0.956],"[0.000, 0.000, 0.006, 0.438, 0.956, 0.000, 0.000]"
8.24,8.28,Wonyoung,0.9576780796051025,Wonyoung,[0.958],"[0.000, 0.000, 0.006, 0.486, 0.958, 0.000, 0.000]"
8.28,8.32,Wonyoung,0.9596359729766846,Wonyoung,[0.960],"[0.000, 0.000, 0.007, 0.530, 0.960, 0.000, 0.000]"
8.32,8.36,Wonyoung,0.9614483714103699,Rei|Wonyoung,"[0.570, 0.961]","[0.000, 0.000, 0.007, 0.570, 0.961, 0.000, 0.000]"
8.36,8.4,Wonyoung,0.9630669951438904,Rei|Wonyoung,"[0.605, 0.963]","[0.000, 0.000, 0.007, 0.605, 0.963, 0.000, 0.000]"
8.4,8.44,Wonyoung,0.9644446969032288,Rei|Wonyoung,"[0.634, 0.964]","[0.000, 0.000, 0.006, 0.634, 0.964, 0.000, 0.000]"
8.44,8.48,Wonyoung,0.9655404686927795,Rei|Wonyoung,"[0.657, 0.966]","[0.000, 0.000, 0.006, 0.657, 0.966, 0.000, 0.000]"
8.48,8.52,Wonyoung,0.9663278460502625,Rei|Wonyoung,"[0.674, 0.966]","[0.000, 0.000, 0.006, 0.674, 0.966, 0.000, 0.000]"
8.52,8.56,Wonyoung,0.9667963981628418,Rei|Wonyoung,"[0.685, 0.967]","[0.000, 0.000, 0.005, 0.685, 0.967, 0.000, 0.000]"
8.56,8.6,Wonyoung,0.9669519662857056,Rei|Wonyoung,"[0.689, 0.967]","[0.000, 0.000, 0.005, 0.689, 0.967, 0.000, 0.000]"
8.6,8.64,Wonyoung,0.9668186902999878,Rei|Wonyoung,"[0.686, 0.967]","[0.000, 0.000, 0.004, 0.686, 0.967, 0.000, 0.000]"
8.64,8.68,Wonyoung,0.9664316177368164,Rei|Wonyoung,"[0.675, 0.966]","[0.000, 0.000, 0.004, 0.675, 0.966, 0.000, 0.000]"
8.68,8.72,Wonyoung,0.9658246040344238,Rei|Wonyoung,"[0.656, 0.966]","[0.000, 0.000, 0.003, 0.656, 0.966, 0.000, 0.000]"
8.72,8.76,Wonyoung,0.9650336503982544,Rei|Wonyoung,"[0.630, 0.965]","[0.000, 0.000, 0.003, 0.630, 0.965, 0.000, 0.000]"
8.76,8.8,Wonyoung,0.9641161561012268,Rei|Wonyoung,"[0.594, 0.964]","[0.000, 0.000, 0.003, 0.594, 0.964, 0.000, 0.000]"
8.8,8.84,Wonyoung,0.9631357192993164,Rei|Wonyoung,"[0.550, 0.963]","[0.000, 0.000, 0.002, 0.550, 0.963, 0.000, 0.000]"
8.84,8.88,Wonyoung,0.9621762037277222,Rei|Wonyoung,"[0.497, 0.962]","[0.000, 0.000, 0.002, 0.497, 0.962, 0.000, 0.000]"
8.88,8.92,Wonyoung,0.9613368511199951,Wonyoung,[0.961],"[0.000, 0.000, 0.002, 0.437, 0.961, 0.000, 0.000]"
8.92,8.96,Wonyoung,0.9607199430465698,Wonyoung,[0.961],"[0.000, 0.000, 0.001, 0.372, 0.961, 0.000, 0.000]"
8.96,9.0,Wonyoung,0.9604239463806152,Wonyoung,[0.960],"[0.000, 0.000, 0.001, 0.306, 0.960, 0.000, 0.000]"
9.0,9.04,Wonyoung,0.9605065584182739,Wonyoung,[0.961],"[0.000, 0.000, 0.001, 0.243, 0.961, 0.000, 0.000]"
9.04,9.08,Wonyoung,0.9610041379928589,Wonyoung,[0.961],"[0.000, 0.000, 0.001, 0.187, 0.961, 0.000, 0.000]"
9.08,9.12,Wonyoung,0.9619395136833191,Wonyoung,[0.962],"[0.000, 0.000, 0.001, 0.139, 0.962, 0.000, 0.000]"
9.12,9.16,Wonyoung,0.9633171558380127,Wonyoung,[0.963],"[0.000, 0.000, 0.000, 0.101, 0.963, 0.000, 0.000]"
9.16,9.2,Wonyoung,0.9651148319244385,Wonyoung,[0.965],"[0.000, 0.000, 0.000, 0.072, 0.965, 0.000, 0.000]"
9.2,9.24,Wonyoung,0.9672865867614746,Wonyoung,[0.967],"[0.000, 0.000, 0.000, 0.051, 0.967, 0.000, 0.000]"
9.24,9.28,Wonyoung,0.9697492122650146,Wonyoung,[0.970],"[0.000, 0.000, 0.000, 0.036, 0.970, 0.000, 0.000]"
9.28,9.32,Wonyoung,0.9724099040031433,Wonyoung,[0.972],"[0.000, 0.000, 0.000, 0.025, 0.972, 0.000, 0.000]"
9.32,9.36,Wonyoung,0.9751748442649841,Wonyoung,[0.975],"[0.000, 0.000, 0.000, 0.017, 0.975, 0.000, 0.000]"
9.36,9.4,Wonyoung,0.9779600501060486,Wonyoung,[0.978],"[0.000, 0.000, 0.000, 0.012, 0.978, 0.000, 0.000]"
9.4,9.44,Wonyoung,0.9806925654411316,Wonyoung,[0.981],"[0.000, 0.000, 0.000, 0.009, 0.981, 0.000, 0.000]"
9.44,9.48,Wonyoung,0.9833110570907593,Wonyoung,[0.983],"[0.000, 0.000, 0.000, 0.006, 0.983, 0.000, 0.000]"
9.48,9.52,Wonyoung,0.9857627153396606,Wonyoung,[0.986],"[0.000, 0.000, 0.000, 0.005, 0.986, 0.000, 0.000]"
9.52,9.56,Wonyoung,0.9880058169364929,Wonyoung,[0.988],"[0.000, 0.000, 0.000, 0.003, 0.988, 0.000, 0.000]"
9.56,9.6,Wonyoung,0.9900089502334595,Wonyoung,[0.990],"[0.000, 0.001, 0.000, 0.003, 0.990, 0.000, 0.000]"
9.6,9.64,Wonyoung,0.991757333278656,Wonyoung,[0.992],"[0.000, 0.001, 0.000, 0.002, 0.992, 0.000, 0.000]"
9.64,9.68,Wonyoung,0.9932529330253601,Wonyoung,[0.993],"[0.000, 0.001, 0.000, 0.002, 0.993, 0.000, 0.000]"
9.68,9.72,Wonyoung,0.9945090413093567,Wonyoung,[0.995],"[0.000, 0.001, 0.000, 0.001, 0.995, 0.000, 0.000]"
9.72,9.76,Wonyoung,0.9955463409423828,Wonyoung,[0.996],"[0.000, 0.002, 0.000, 0.001, 0.996, 0.000, 0.000]"
9.76,9.8,Wonyoung,0.9963887929916382,Wonyoung,[0.996],"[0.000, 0.002, 0.000, 0.001, 0.996, 0.000, 0.000]"
9.8,9.84,Wonyoung,0.997063934803009,Wonyoung,[0.997],"[0.000, 0.003, 0.000, 0.001, 0.997, 0.000, 0.000]"
9.84,9.88,Wonyoung,0.9975988268852234,Wonyoung,[0.998],"[0.000, 0.004, 0.000, 0.001, 0.998, 0.000, 0.000]"
9.88,9.92,Wonyoung,0.9980188608169556,Wonyoung,[0.998],"[0.000, 0.006, 0.000, 0.000, 0.998, 0.000, 0.000]"
9.92,9.96,Wonyoung,0.998347282409668,Wonyoung,[0.998],"[0.000, 0.008, 0.000, 0.000, 0.998, 0.000, 0.000]"
9.96,10.0,Wonyoung,0.9986042380332947,Wonyoung,[0.999],"[0.000, 0.011, 0.000, 0.000, 0.999, 0.000, 0.000]"
10.0,10.04,Wonyoung,0.9988056421279907,Wonyoung,[0.999],"[0.000, 0.014, 0.000, 0.000, 0.999, 0.000, 0.000]"
10.04,10.08,Wonyoung,0.9989635944366455,Wonyoung,[0.999],"[0.000, 0.019, 0.000, 0.000, 0.999, 0.000, 0.000]"
10.08,10.12,Wonyoung,0.9990874528884888,Wonyoung,[0.999],"[0.000, 0.026, 0.000, 0.000, 0.999, 0.000, 0.000]"
10.12,10.16,Wonyoung,0.9991849064826965,Wonyoung,[0.999],"[0.000, 0.034, 0.000, 0.000, 0.999, 0.000, 0.000]"
10.16,10.2,Wonyoung,0.9992619156837463,Wonyoung,[0.999],"[0.000, 0.044, 0.000, 0.000, 0.999, 0.000, 0.000]"
10.2,10.24,Wonyoung,0.999323844909668,Wonyoung,[0.999],"[0.000, 0.057, 0.000, 0.000, 0.999, 0.000, 0.000]"
10.24,10.28,Wonyoung,0.9993739724159241,Wonyoung,[0.999],"[0.000, 0.072, 0.000, 0.000, 0.999, 0.000, 0.000]"
10.28,10.32,Wonyoung,0.9994152784347534,Wonyoung,[0.999],"[0.000, 0.088, 0.000, 0.000, 0.999, 0.000, 0.000]"
10.32,10.36,Wonyoung,0.9994496703147888,Wonyoung,[0.999],"[0.000, 0.105, 0.000, 0.000, 0.999, 0.000, 0.000]"
10.36,10.4,Wonyoung,0.9994789958000183,Wonyoung,[0.999],"[0.000, 0.121, 0.000, 0.000, 0.999, 0.000, 0.000]"
10.4,10.44,Wonyoung,0.999504804611206,Wonyoung,[1.000],"[0.000, 0.136, 0.000, 0.000, 1.000, 0.000, 0.000]"
10.44,10.48,Wonyoung,0.9995282888412476,Wonyoung,[1.000],"[0.000, 0.149, 0.000, 0.000, 1.000, 0.000, 0.000]"
10.48,10.52,Wonyoung,0.999549925327301,Wonyoung,[1.000],"[0.000, 0.157, 0.000, 0.000, 1.000, 0.000, 0.000]"
10.52,10.56,Wonyoung,0.9995704293251038,Wonyoung,[1.000],"[0.000, 0.161, 0.000, 0.000, 1.000, 0.000, 0.000]"
10.56,10.6,Wonyoung,0.999589741230011,Wonyoung,[1.000],"[0.000, 0.161, 0.000, 0.000, 1.000, 0.000, 0.000]"
10.6,10.64,Wonyoung,0.9996082186698914,Wonyoung,[1.000],"[0.000, 0.156, 0.000, 0.000, 1.000, 0.000, 0.000]"
10.64,10.68,Wonyoung,0.999625563621521,Wonyoung,[1.000],"[0.000, 0.147, 0.000, 0.000, 1.000, 0.000, 0.000]"
10.68,10.72,Wonyoung,0.9996422529220581,Wonyoung,[1.000],"[0.000, 0.134, 0.000, 0.000, 1.000, 0.000, 0.000]"
10.72,10.76,Wonyoung,0.9996578693389893,Wonyoung,[1.000],"[0.000, 0.119, 0.000, 0.000, 1.000, 0.000, 0.000]"
10.76,10.8,Wonyoung,0.9996726512908936,Wonyoung,[1.000],"[0.000, 0.102, 0.000, 0.000, 1.000, 0.000, 0.000]"
10.8,10.84,Wonyoung,0.9996860027313232,Wonyoung,[1.000],"[0.000, 0.085, 0.000, 0.000, 1.000, 0.000, 0.000]"
10.84,10.88,Wonyoung,0.9996980428695679,Wonyoung,[1.000],"[0.000, 0.068, 0.000, 0.000, 1.000, 0.000, 0.000]"
10.88,10.92,Wonyoung,0.9997085928916931,Wonyoung,[1.000],"[0.000, 0.054, 0.000, 0.000, 1.000, 0.000, 0.000]"
10.92,10.96,Wonyoung,0.999717652797699,Wonyoung,[1.000],"[0.000, 0.041, 0.000, 0.000, 1.000, 0.000, 0.000]"
10.96,11.0,Wonyoung,0.9997252821922302,Wonyoung,[1.000],"[0.000, 0.030, 0.000, 0.000, 1.000, 0.000, 0.000]"
11.0,11.04,Wonyoung,0.9997313618659973,Wonyoung,[1.000],"[0.000, 0.022, 0.000, 0.000, 1.000, 0.000, 0.000]"
11.04,11.08,Wonyoung,0.9997361302375793,Wonyoung,[1.000],"[0.000, 0.016, 0.000, 0.000, 1.000, 0.000, 0.000]"
11.08,11.12,Wonyoung,0.9997393488883972,Wonyoung,[1.000],"[0.000, 0.011, 0.000, 0.000, 1.000, 0.000, 0.000]"
11.12,11.16,Wonyoung,0.9997405409812927,Wonyoung,[1.000],"[0.000, 0.008, 0.000, 0.000, 1.000, 0.000, 0.000]"
11.16,11.2,Wonyoung,0.9997393488883972,Wonyoung,[1.000],"[0.000, 0.005, 0.000, 0.000, 1.000, 0.000, 0.000]"
11.2,11.24,Wonyoung,0.9997352957725525,Wonyoung,[1.000],"[0.000, 0.004, 0.000, 0.000, 1.000, 0.000, 0.000]"
11.24,11.28,Wonyoung,0.9997279047966003,Wonyoung,[1.000],"[0.000, 0.002, 0.000, 0.000, 1.000, 0.000, 0.000]"
11.28,11.32,Wonyoung,0.9997168183326721,Wonyoung,[1.000],"[0.000, 0.002, 0.000, 0.000, 1.000, 0.000, 0.000]"
11.32,11.36,Wonyoung,0.9997017979621887,Wonyoung,[1.000],"[0.000, 0.001, 0.000, 0.000, 1.000, 0.000, 0.000]"
11.36,11.4,Wonyoung,0.9996824264526367,Wonyoung,[1.000],"[0.000, 0.001, 0.000, 0.000, 1.000, 0.000, 0.000]"
11.4,11.44,Wonyoung,0.9996578693389893,Wonyoung,[1.000],"[0.000, 0.001, 0.000, 0.000, 1.000, 0.000, 0.000]"
11.44,11.48,Wonyoung,0.9996269941329956,Wonyoung,[1.000],"[0.000, 0.000, 0.000, 0.000, 1.000, 0.000, 0.000]"
11.48,11.52,Wonyoung,0.9995875954627991,Wonyoung,[1.000],"[0.000, 0.000, 0.000, 0.000, 1.000, 0.000, 0.000]"
11.52,11.56,Wonyoung,0.9995367527008057,Wonyoung,[1.000],"[0.000, 0.000, 0.000, 0.000, 1.000, 0.000, 0.000]"
11.56,11.6,Wonyoung,0.9994695782661438,Wonyoung,[0.999],"[0.000, 0.000, 0.000, 0.000, 0.999, 0.000, 0.000]"
11.6,11.64,Wonyoung,0.9993796348571777,Wonyoung,[0.999],"[0.000, 0.000, 0.000, 0.000, 0.999, 0.000, 0.000]"
11.64,11.68,Wonyoung,0.9992576241493225,Wonyoung,[0.999],"[0.000, 0.000, 0.000, 0.000, 0.999, 0.000, 0.000]"
11.68,11.72,Wonyoung,0.9990888833999634,Wonyoung,[0.999],"[0.000, 0.000, 0.000, 0.000, 0.999, 0.000, 0.000]"
11.72,11.76,Wonyoung,0.9988505840301514,Wonyoung,[0.999],"[0.000, 0.000, 0.000, 0.000, 0.999, 0.000, 0.000]"
11.76,11.8,Wonyoung,0.9985094666481018,Wonyoung,[0.999],"[0.000, 0.000, 0.000, 0.000, 0.999, 0.000, 0.000]"
11.8,11.84,Wonyoung,0.9980134963989258,Wonyoung,[0.998],"[0.000, 0.000, 0.000, 0.000, 0.998, 0.000, 0.000]"
11.84,11.88,Wonyoung,0.9972783923149109,Wonyoung,[0.997],"[0.000, 0.000, 0.000, 0.000, 0.997, 0.000, 0.000]"
11.88,11.92,Wonyoung,0.9961651563644409,Wonyoung,[0.996],"[0.000, 0.000, 0.000, 0.000, 0.996, 0.000, 0.000]"
11.92,11.96,Wonyoung,0.9944396018981934,Wonyoung,[0.994],"[0.000, 0.000, 0.000, 0.000, 0.994, 0.000, 0.000]"
11.96,12.0,Wonyoung,0.9916961789131165,Wonyoung,[0.992],"[0.000, 0.000, 0.000, 0.000, 0.992, 0.000, 0.000]"
12.0,12.04,Wonyoung,0.9872270226478577,Wonyoung,[0.987],"[0.000, 0.000, 0.000, 0.000, 0.987, 0.000, 0.000]"
12.04,12.08,Wonyoung,0.9797874689102173,Wonyoung,[0.980],"[0.000, 0.000, 0.000, 0.000, 0.980, 0.000, 0.000]"
12.08,12.12,Wonyoung,0.9671810865402222,Wonyoung,[0.967],"[0.000, 0.000, 0.000, 0.000, 0.967, 0.000, 0.000]"
12.12,12.16,Wonyoung,0.9456048607826233,Wonyoung,[0.946],"[0.000, 0.000, 0.000, 0.000, 0.946, 0.000, 0.000]"
12.16,12.2,Wonyoung,0.9088062644004822,Wonyoung,[0.909],"[0.000, 0.000, 0.000, 0.000, 0.909, 0.000, 0.000]"
12.2,12.24,Wonyoung,0.847676694393158,Wonyoung,[0.848],"[0.000, 0.000, 0.000, 0.000, 0.848, 0.000, 0.000]"
12.24,12.28,Wonyoung,0.7522451877593994,Wonyoung,[0.752],"[0.000, 0.000, 0.000, 0.000, 0.752, 0.000, 0.000]"
12.28,12.32,Wonyoung,0.6189494132995605,Wonyoung,[0.619],"[0.000, 0.000, 0.000, 0.000, 0.619, 0.000, 0.000]"
12.32,12.36,Wonyoung,0.4610920548439026,Wonyoung,[0.461],"[0.000, 0.000, 0.000, 0.000, 0.461, 0.000, 0.000]"
12.36,12.4,Wonyoung,0.30835241079330444,,[],"[0.000, 0.000, 0.000, 0.000, 0.308, 0.000, 0.000]"
12.4,12.44,Wonyoung,0.18764787912368774,,[],"[0.000, 0.000, 0.000, 0.000, 0.188, 0.000, 0.000]"
12.44,12.48,Wonyoung,0.10695052891969681,,[],"[0.000, 0.000, 0.000, 0.000, 0.107, 0.000, 0.000]"
12.48,12.52,Wonyoung,0.05887269973754883,,[],"[0.000, 0.000, 0.000, 0.000, 0.059, 0.000, 0.000]"
12.52,12.56,Wonyoung,0.03211069852113724,,[],"[0.000, 0.000, 0.000, 0.000, 0.032, 0.000, 0.000]"
12.56,12.6,Wonyoung,0.017688827589154243,,[],"[0.000, 0.000, 0.000, 0.000, 0.018, 0.000, 0.000]"
12.6,12.64,Wonyoung,0.009981195442378521,,[],"[0.000, 0.000, 0.000, 0.000, 0.010, 0.000, 0.002]"
12.64,12.68,silence,0.010592030361294746,,[],"[0.000, 0.000, 0.000, 0.000, 0.006, 0.000, 0.011]"
12.68,12.72,silence,0.04510592669248581,,[],"[0.000, 0.000, 0.000, 0.000, 0.004, 0.000, 0.045]"
12.72,12.76,silence,0.16348901391029358,,[],"[0.000, 0.000, 0.000, 0.000, 0.002, 0.000, 0.163]"
12.76,12.8,silence,0.42889127135276794,,[],"[0.000, 0.000, 0.000, 0.000, 0.002, 0.000, 0.429]"
12.8,12.84,silence,0.7263051867485046,silence,[0.726],"[0.000, 0.000, 0.000, 0.000, 0.001, 0.000, 0.726]"
12.84,12.88,silence,0.8952652215957642,silence,[0.895],"[0.000, 0.000, 0.000, 0.000, 0.001, 0.000, 0.895]"
12.88,12.92,silence,0.9614230990409851,silence,[0.961],"[0.000, 0.000, 0.000, 0.000, 0.001, 0.000, 0.961]"
12.92,12.96,silence,0.9849528670310974,silence,[0.985],"[0.000, 0.000, 0.000, 0.000, 0.001, 0.000, 0.985]"
12.96,13.0,silence,0.9935557246208191,silence,[0.994],"[0.000, 0.000, 0.000, 0.000, 0.001, 0.000, 0.994]"
13.0,13.04,silence,0.996927797794342,silence,[0.997],"[0.000, 0.000, 0.000, 0.000, 0.001, 0.000, 0.997]"
13.04,13.08,silence,0.9983592629432678,silence,[0.998],"[0.000, 0.000, 0.000, 0.000, 0.001, 0.000, 0.998]"
13.08,13.12,silence,0.9990155696868896,silence,[0.999],"[0.000, 0.000, 0.000, 0.000, 0.001, 0.000, 0.999]"
13.12,13.16,silence,0.9993361830711365,silence,[0.999],"[0.000, 0.000, 0.000, 0.000, 0.001, 0.000, 0.999]"
13.16,13.2,silence,0.9994975328445435,silence,[0.999],"[0.000, 0.000, 0.000, 0.000, 0.002, 0.000, 0.999]"
13.2,13.24,silence,0.9995743632316589,silence,[1.000],"[0.000, 0.000, 0.000, 0.000, 0.002, 0.000, 1.000]"
13.24,13.28,silence,0.9995985627174377,silence,[1.000],"[0.000, 0.000, 0.000, 0.000, 0.003, 0.000, 1.000]"
13.28,13.32,silence,0.9995812773704529,silence,[1.000],"[0.000, 0.000, 0.000, 0.000, 0.006, 0.000, 1.000]"
13.32,13.36,silence,0.9995217323303223,silence,[1.000],"[0.000, 0.000, 0.000, 0.000, 0.009, 0.000, 1.000]"
13.36,13.4,silence,0.9994072914123535,silence,[0.999],"[0.000, 0.000, 0.000, 0.000, 0.015, 0.000, 0.999]"
13.4,13.44,silence,0.9992121458053589,silence,[0.999],"[0.000, 0.000, 0.000, 0.000, 0.026, 0.000, 0.999]"
13.44,13.48,silence,0.9988916516304016,silence,[0.999],"[0.000, 0.000, 0.000, 0.000, 0.045, 0.000, 0.999]"
13.48,13.52,silence,0.9983682036399841,silence,[0.998],"[0.000, 0.000, 0.000, 0.000, 0.075, 0.001, 0.998]"
13.52,13.56,silence,0.9975079298019409,silence,[0.998],"[0.000, 0.000, 0.000, 0.000, 0.121, 0.001, 0.998]"
13.56,13.6,silence,0.9960809350013733,silence,[0.996],"[0.000, 0.000, 0.000, 0.000, 0.186, 0.001, 0.996]"
13.6,13.64,silence,0.9936983585357666,silence,[0.994],"[0.000, 0.000, 0.000, 0.000, 0.270, 0.002, 0.994]"
13.64,13.68,silence,0.9897465705871582,silence,[0.990],"[0.000, 0.000, 0.000, 0.000, 0.367, 0.002, 0.990]"
13.68,13.72,silence,0.9833530187606812,silence,[0.983],"[0.000, 0.001, 0.000, 0.000, 0.466, 0.003, 0.983]"
13.72,13.76,silence,0.9734441041946411,Wonyoung|silence,"[0.557, 0.973]","[0.000, 0.001, 0.000, 0.000, 0.557, 0.004, 0.973]"
13.76,13.8,silence,0.9589843153953552,Wonyoung|silence,"[0.632, 0.959]","[0.000, 0.001, 0.001, 0.000, 0.632, 0.004, 0.959]"
13.8,13.84,silence,0.9394127130508423,Wonyoung|silence,"[0.690, 0.939]","[0.000, 0.001, 0.001, 0.000, 0.690, 0.005, 0.939]"
13.84,13.88,silence,0.9149250984191895,Wonyoung|silence,"[0.732, 0.915]","[0.000, 0.001, 0.001, 0.000, 0.732, 0.005, 0.915]"
13.88,13.92,silence,0.8863469958305359,Wonyoung|silence,"[0.760, 0.886]","[0.000, 0.002, 0.001, 0.000, 0.760, 0.006, 0.886]"
13.92,13.96,silence,0.855205237865448,Wonyoung|silence,"[0.775, 0.855]","[0.000, 0.002, 0.001, 0.000, 0.775, 0.006, 0.855]"
13.96,14.0,silence,0.8235283493995667,Wonyoung|silence,"[0.781, 0.824]","[0.000, 0.003, 0.001, 0.000, 0.781, 0.006, 0.824]"
14.0,14.04,silence,0.7935020923614502,Wonyoung|silence,"[0.777, 0.794]","[0.000, 0.004, 0.000, 0.000, 0.777, 0.005, 0.794]"
14.04,14.08,silence,0.7672043442726135,Wonyoung|silence,"[0.764, 0.767]","[0.000, 0.006, 0.000, 0.000, 0.764, 0.005, 0.767]"
14.08,14.12,silence,0.746157705783844,Wonyoung|silence,"[0.741, 0.746]","[0.000, 0.009, 0.000, 0.000, 0.741, 0.004, 0.746]"
14.12,14.16,silence,0.7309579849243164,Wonyoung|silence,"[0.709, 0.731]","[0.000, 0.015, 0.000, 0.000, 0.709, 0.004, 0.731]"
14.16,14.2,silence,0.721487283706665,Wonyoung|silence,"[0.665, 0.721]","[0.000, 0.024, 0.000, 0.000, 0.665, 0.003, 0.721]"
14.2,14.24,silence,0.7171450853347778,Wonyoung|silence,"[0.610, 0.717]","[0.000, 0.042, 0.000, 0.000, 0.610, 0.003, 0.717]"
14.24,14.28,silence,0.7168591022491455,Wonyoung|silence,"[0.544, 0.717]","[0.000, 0.075, 0.000, 0.000, 0.544, 0.002, 0.717]"
14.28,14.32,silence,0.7193116545677185,Wonyoung|silence,"[0.471, 0.719]","[0.000, 0.134, 0.000, 0.000, 0.471, 0.002, 0.719]"
14.32,14.36,silence,0.7231176495552063,silence,[0.723],"[0.000, 0.234, 0.000, 0.000, 0.395, 0.002, 0.723]"
14.36,14.4,silence,0.7268414497375488,silence,[0.727],"[0.000, 0.384, 0.000, 0.000, 0.320, 0.001, 0.727]"
14.4,14.44,silence,0.7291836142539978,Leeseo|silence,"[0.568, 0.729]","[0.000, 0.568, 0.000, 0.000, 0.251, 0.001, 0.729]"
14.44,14.48,Leeseo,0.7401626110076904,Leeseo|silence,"[0.740, 0.729]","[0.000, 0.740, 0.000, 0.000, 0.192, 0.001, 0.729]"
14.48,14.52,Leeseo,0.863542377948761,Leeseo|silence,"[0.864, 0.726]","[0.000, 0.864, 0.000, 0.000, 0.145, 0.001, 0.726]"
14.52,14.56,Leeseo,0.9347710013389587,Leeseo|silence,"[0.935, 0.719]","[0.000, 0.935, 0.000, 0.000, 0.108, 0.001, 0.719]"
14.56,14.6,Leeseo,0.9704984426498413,Leeseo|silence,"[0.970, 0.706]","[0.000, 0.970, 0.000, 0.000, 0.080, 0.001, 0.706]"
14.6,14.64,Leeseo,0.9870387315750122,Leeseo|silence,"[0.987, 0.688]","[0.000, 0.987, 0.000, 0.000, 0.059, 0.001, 0.688]"
14.64,14.68,Leeseo,0.9943800568580627,Leeseo|silence,"[0.994, 0.661]","[0.000, 0.994, 0.000, 0.000, 0.044, 0.001, 0.661]"
14.68,14.72,Leeseo,0.9975714087486267,Leeseo|silence,"[0.998, 0.625]","[0.000, 0.998, 0.000, 0.000, 0.034, 0.001, 0.625]"
14.72,14.76,Leeseo,0.9989469647407532,Leeseo|silence,"[0.999, 0.578]","[0.000, 0.999, 0.000, 0.000, 0.026, 0.001, 0.578]"
14.76,14.8,Leeseo,0.9995393753051758,Leeseo|silence,"[1.000, 0.518]","[0.000, 1.000, 0.000, 0.000, 0.020, 0.000, 0.518]"
14.8,14.84,Leeseo,0.9997957348823547,Leeseo,[1.000],"[0.000, 1.000, 0.000, 0.000, 0.017, 0.000, 0.445]"
14.84,14.88,Leeseo,0.9999077320098877,Leeseo,[1.000],"[0.000, 1.000, 0.000, 0.000, 0.014, 0.000, 0.363]"
14.88,14.92,Leeseo,0.9999573230743408,Leeseo,[1.000],"[0.000, 1.000, 0.000, 0.000, 0.012, 0.000, 0.277]"
14.92,14.96,Leeseo,0.9999797344207764,Leeseo,[1.000],"[0.000, 1.000, 0.000, 0.000, 0.010, 0.000, 0.197]"
14.96,15.0,Leeseo,0.9999901056289673,Leeseo,[1.000],"[0.000, 1.000, 0.000, 0.000, 0.009, 0.000, 0.130]"
15.0,15.04,Leeseo,0.9999949932098389,Leeseo,[1.000],"[0.000, 1.000, 0.000, 0.000, 0.008, 0.001, 0.079]"
15.04,15.08,Leeseo,0.9999973773956299,Leeseo,[1.000],"[0.000, 1.000, 0.000, 0.000, 0.007, 0.001, 0.045]"
15.08,15.12,Leeseo,0.9999985694885254,Leeseo,[1.000],"[0.000, 1.000, 0.000, 0.000, 0.007, 0.001, 0.024]"
15.12,15.16,Leeseo,0.9999992847442627,Leeseo,[1.000],"[0.000, 1.000, 0.000, 0.000, 0.007, 0.001, 0.013]"
15.16,15.2,Leeseo,0.9999995231628418,Leeseo,[1.000],"[0.000, 1.000, 0.000, 0.000, 0.006, 0.001, 0.006]"
15.2,15.24,Leeseo,0.9999997615814209,Leeseo,[1.000],"[0.000, 1.000, 0.000, 0.000, 0.006, 0.001, 0.003]"
15.24,15.28,Leeseo,0.9999998807907104,Leeseo,[1.000],"[0.000, 1.000, 0.000, 0.000, 0.006, 0.001, 0.001]"
15.28,15.32,Leeseo,0.9999998807907104,Leeseo,[1.000],"[0.000, 1.000, 0.000, 0.000, 0.006, 0.001, 0.001]"
15.32,15.36,Leeseo,0.9999998807907104,Leeseo,[1.000],"[0.000, 1.000, 0.000, 0.000, 0.005, 0.001, 0.000]"
15.36,15.4,Leeseo,1.0,Leeseo,[1.000],"[0.000, 1.000, 0.000, 0.000, 0.005, 0.001, 0.000]"
15.4,15.44,Leeseo,1.0,Leeseo,[1.000],"[0.000, 1.000, 0.000, 0.000, 0.005, 0.001, 0.000]"
15.44,15.48,Leeseo,1.0,Leeseo,[1.000],"[0.000, 1.000, 0.000, 0.000, 0.005, 0.001, 0.000]"
15.48,15.52,Leeseo,1.0,Leeseo,[1.000],"[0.000, 1.000, 0.000, 0.000, 0.005, 0.001, 0.000]"
15.52,15.56,Leeseo,1.0,Leeseo,[1.000],"[0.000, 1.000, 0.000, 0.000, 0.004, 0.001, 0.000]"
15.56,15.6,Leeseo,1.0,Leeseo,[1.000],"[0.000, 1.000, 0.000, 0.000, 0.004, 0.000, 0.000]"
15.6,15.64,Leeseo,1.0,Leeseo,[1.000],"[0.000, 1.000, 0.000, 0.000, 0.004, 0.000, 0.000]"
15.64,15.68,Leeseo,1.0,Leeseo,[1.000],"[0.000, 1.000, 0.000, 0.000, 0.004, 0.000, 0.000]"
15.68,15.72,Leeseo,1.0,Leeseo,[1.000],"[0.000, 1.000, 0.000, 0.000, 0.004, 0.000, 0.000]"
15.72,15.76,Leeseo,1.0,Leeseo,[1.000],"[0.000, 1.000, 0.000, 0.000, 0.003, 0.000, 0.000]"
15.76,15.8,Leeseo,1.0,Leeseo,[1.000],"[0.000, 1.000, 0.000, 0.000, 0.003, 0.000, 0.000]"
15.8,15.84,Leeseo,1.0,Leeseo,[1.000],"[0.000, 1.000, 0.000, 0.000, 0.003, 0.000, 0.000]"
15.84,15.88,Leeseo,1.0,Leeseo,[1.000],"[0.000, 1.000, 0.000, 0.000, 0.003, 0.000, 0.000]"
15.88,15.92,Leeseo,1.0,Leeseo,[1.000],"[0.000, 1.000, 0.000, 0.000, 0.002, 0.000, 0.000]"
15.92,15.96,Leeseo,1.0,Leeseo,[1.000],"[0.000, 1.000, 0.000, 0.000, 0.002, 0.000, 0.000]"
15.96,16.0,Leeseo,1.0,Leeseo,[1.000],"[0.000, 1.000, 0.000, 0.000, 0.002, 0.000, 0.000]"
16.0,16.04,Leeseo,1.0,Leeseo,[1.000],"[0.000, 1.000, 0.000, 0.000, 0.002, 0.000, 0.000]"
16.04,16.08,Leeseo,1.0,Leeseo,[1.000],"[0.000, 1.000, 0.000, 0.000, 0.002, 0.000, 0.000]"
16.08,16.12,Leeseo,1.0,Leeseo,[1.000],"[0.000, 1.000, 0.000, 0.000, 0.002, 0.000, 0.000]"
16.12,16.16,Leeseo,1.0,Leeseo,[1.000],"[0.000, 1.000, 0.000, 0.000, 0.002, 0.000, 0.000]"
16.16,16.2,Leeseo,1.0,Leeseo,[1.000],"[0.000, 1.000, 0.000, 0.000, 0.002, 0.000, 0.000]"
16.2,16.24,Leeseo,1.0,Leeseo,[1.000],"[0.000, 1.000, 0.000, 0.000, 0.001, 0.000, 0.000]"
16.24,16.28,Leeseo,1.0,Leeseo,[1.000],"[0.000, 1.000, 0.000, 0.000, 0.001, 0.000, 0.000]"
16.28,16.32,Leeseo,1.0,Leeseo,[1.000],"[0.000, 1.000, 0.000, 0.000, 0.001, 0.000, 0.000]"
16.32,16.36,Leeseo,1.0,Leeseo,[1.000],"[0.000, 1.000, 0.000, 0.000, 0.001, 0.000, 0.000]"
16.36,16.4,Leeseo,1.0,Leeseo,[1.000],"[0.000, 1.000, 0.000, 0.000, 0.001, 0.000, 0.000]"
16.4,16.44,Leeseo,1.0,Leeseo,[1.000],"[0.000, 1.000, 0.000, 0.000, 0.001, 0.000, 0.000]"
16.44,16.48,Leeseo,1.0,Leeseo,[1.000],"[0.000, 1.000, 0.000, 0.000, 0.001, 0.000, 0.000]"
16.48,16.52,Leeseo,0.9999998807907104,Leeseo,[1.000],"[0.000, 1.000, 0.000, 0.000, 0.001, 0.000, 0.000]"
16.52,16.56,Leeseo,0.9999998807907104,Leeseo,[1.000],"[0.000, 1.000, 0.000, 0.000, 0.001, 0.000, 0.000]"
16.56,16.6,Leeseo,0.9999998807907104,Leeseo,[1.000],"[0.000, 1.000, 0.000, 0.000, 0.001, 0.000, 0.000]"
16.6,16.64,Leeseo,0.9999998807907104,Leeseo,[1.000],"[0.000, 1.000, 0.000, 0.000, 0.001, 0.000, 0.000]"
16.64,16.68,Leeseo,0.9999998807907104,Leeseo,[1.000],"[0.000, 1.000, 0.000, 0.000, 0.001, 0.000, 0.000]"
16.68,16.72,Leeseo,0.9999998807907104,Leeseo,[1.000],"[0.000, 1.000, 0.000, 0.000, 0.001, 0.000, 0.000]"
16.72,16.76,Leeseo,0.9999998807907104,Leeseo,[1.000],"[0.000, 1.000, 0.000, 0.000, 0.001, 0.000, 0.000]"
16.76,16.8,Leeseo,0.9999998807907104,Leeseo,[1.000],"[0.000, 1.000, 0.000, 0.000, 0.001, 0.000, 0.000]"
16.8,16.84,Leeseo,0.9999997615814209,Leeseo,[1.000],"[0.000, 1.000, 0.000, 0.000, 0.001, 0.000, 0.000]"
16.84,16.88,Leeseo,0.9999997615814209,Leeseo,[1.000],"[0.000, 1.000, 0.000, 0.000, 0.001, 0.000, 0.000]"
16.88,16.92,Leeseo,0.9999997615814209,Leeseo,[1.000],"[0.000, 1.000, 0.000, 0.000, 0.001, 0.000, 0.000]"
16.92,16.96,Leeseo,0.9999997615814209,Leeseo,[1.000],"[0.000, 1.000, 0.000, 0.000, 0.001, 0.000, 0.000]"
16.96,17.0,Leeseo,0.9999996423721313,Leeseo,[1.000],"[0.000, 1.000, 0.000, 0.000, 0.001, 0.000, 0.000]"
17.0,17.04,Leeseo,0.9999996423721313,Leeseo,[1.000],"[0.000, 1.000, 0.000, 0.000, 0.001, 0.000, 0.000]"
17.04,17.08,Leeseo,0.9999996423721313,Leeseo,[1.000],"[0.000, 1.000, 0.000, 0.000, 0.001, 0.000, 0.000]"
17.08,17.12,Leeseo,0.9999995231628418,Leeseo,[1.000],"[0.000, 1.000, 0.000, 0.000, 0.001, 0.000, 0.000]"
17.12,17.16,Leeseo,0.9999995231628418,Leeseo,[1.000],"[0.000, 1.000, 0.000, 0.000, 0.001, 0.000, 0.000]"
17.16,17.2,Leeseo,0.9999994039535522,Leeseo,[1.000],"[0.000, 1.000, 0.000, 0.000, 0.001, 0.000, 0.001]"
17.2,17.24,Leeseo,0.9999992847442627,Leeseo,[1.000],"[0.000, 1.000, 0.000, 0.000, 0.001, 0.000, 0.001]"
17.24,17.28,Leeseo,0.9999991655349731,Leeseo,[1.000],"[0.000, 1.000, 0.000, 0.000, 0.001, 0.000, 0.001]"
17.28,17.32,Leeseo,0.999998927116394,Leeseo,[1.000],"[0.000, 1.000, 0.000, 0.000, 0.001, 0.000, 0.001]"
17.32,17.36,Leeseo,0.9999986886978149,Leeseo,[1.000],"[0.000, 1.000, 0.000, 0.000, 0.001, 0.000, 0.001]"
17.36,17.4,Leeseo,0.9999984502792358,Leeseo,[1.000],"[0.000, 1.000, 0.000, 0.000, 0.001, 0.000, 0.001]"
17.4,17.44,Leeseo,0.9999980926513672,Leeseo,[1.000],"[0.000, 1.000, 0.000, 0.000, 0.001, 0.000, 0.000]"
17.44,17.48,Leeseo,0.9999977350234985,Leeseo,[1.000],"[0.000, 1.000, 0.000, 0.000, 0.001, 0.000, 0.000]"
17.48,17.52,Leeseo,0.9999971389770508,Leeseo,[1.000],"[0.000, 1.000, 0.000, 0.000, 0.001, 0.000, 0.000]"
17.52,17.56,Leeseo,0.9999964237213135,Leeseo,[1.000],"[0.000, 1.000, 0.000, 0.000, 0.001, 0.000, 0.000]"
17.56,17.6,Leeseo,0.9999955892562866,Leeseo,[1.000],"[0.000, 1.000, 0.000, 0.000, 0.001, 0.000, 0.000]"
17.6,17.64,Leeseo,0.9999946355819702,Leeseo,[1.000],"[0.000, 1.000, 0.000, 0.000, 0.001, 0.000, 0.000]"
17.64,17.68,Leeseo,0.9999933242797852,Leeseo,[1.000],"[0.000, 1.000, 0.000, 0.000, 0.001, 0.000, 0.000]"
17.68,17.72,Leeseo,0.9999916553497314,Leeseo,[1.000],"[0.000, 1.000, 0.000, 0.000, 0.002, 0.000, 0.000]"
17.72,17.76,Leeseo,0.9999897480010986,Leeseo,[1.000],"[0.000, 1.000, 0.000, 0.000, 0.002, 0.000, 0.000]"
17.76,17.8,Leeseo,0.9999872446060181,Leeseo,[1.000],"[0.000, 1.000, 0.000, 0.000, 0.002, 0.000, 0.000]"
17.8,17.84,Leeseo,0.9999843835830688,Leeseo,[1.000],"[0.000, 1.000, 0.000, 0.000, 0.002, 0.000, 0.000]"
17.84,17.88,Leeseo,0.9999808073043823,Leeseo,[1.000],"[0.000, 1.000, 0.000, 0.000, 0.002, 0.000, 0.000]"
17.88,17.92,Leeseo,0.9999765157699585,Leeseo,[1.000],"[0.000, 1.000, 0.000, 0.000, 0.002, 0.000, 0.000]"
17.92,17.96,Leeseo,0.9999715089797974,Leeseo,[1.000],"[0.000, 1.000, 0.000, 0.000, 0.003, 0.000, 0.000]"
17.96,18.0,Leeseo,0.9999659061431885,Leeseo,[1.000],"[0.000, 1.000, 0.000, 0.000, 0.003, 0.000, 0.000]"
18.0,18.04,Leeseo,0.9999594688415527,Leeseo,[1.000],"[0.000, 1.000, 0.000, 0.000, 0.003, 0.000, 0.000]"
18.04,18.08,Leeseo,0.9999525547027588,Leeseo,[1.000],"[0.000, 1.000, 0.000, 0.000, 0.003, 0.000, 0.000]"
18.08,18.12,Leeseo,0.9999451637268066,Leeseo,[1.000],"[0.000, 1.000, 0.000, 0.000, 0.003, 0.000, 0.000]"
18.12,18.16,Leeseo,0.9999375343322754,Leeseo,[1.000],"[0.000, 1.000, 0.000, 0.000, 0.003, 0.000, 0.000]"
18.16,18.2,Leeseo,0.9999299049377441,Leeseo,[1.000],"[0.000, 1.000, 0.000, 0.000, 0.002, 0.000, 0.000]"
18.2,18.24,Leeseo,0.9999223947525024,Leeseo,[1.000],"[0.000, 1.000, 0.000, 0.000, 0.002, 0.000, 0.000]"
18.24,18.28,Leeseo,0.999915599822998,Leeseo,[1.000],"[0.000, 1.000, 0.000, 0.000, 0.002, 0.000, 0.000]"
18.28,18.32,Leeseo,0.9999097585678101,Leeseo,[1.000],"[0.000, 1.000, 0.000, 0.000, 0.002, 0.000, 0.000]"
18.32,18.36,Leeseo,0.9999052286148071,Leeseo,[1.000],"[0.000, 1.000, 0.000, 0.000, 0.002, 0.000, 0.000]"
18.36,18.4,Leeseo,0.9999021291732788,Leeseo,[1.000],"[0.000, 1.000, 0.000, 0.000, 0.001, 0.000, 0.000]"
18.4,18.44,Leeseo,0.9999009370803833,Leeseo,[1.000],"[0.000, 1.000, 0.000, 0.000, 0.001, 0.000, 0.000]"
18.44,18.48,Leeseo,0.9999014139175415,Leeseo,[1.000],"[0.000, 1.000, 0.000, 0.000, 0.001, 0.000, 0.000]"
18.48,18.52,Leeseo,0.999903678894043,Leeseo,[1.000],"[0.000, 1.000, 0.000, 0.000, 0.001, 0.000, 0.000]"
18.52,18.56,Leeseo,0.999907374382019,Leeseo,[1.000],"[0.000, 1.000, 0.000, 0.000, 0.001, 0.000, 0.000]"
18.56,18.6,Leeseo,0.9999122619628906,Leeseo,[1.000],"[0.000, 1.000, 0.000, 0.000, 0.001, 0.000, 0.000]"
18.6,18.64,Leeseo,0.9999179840087891,Leeseo,[1.000],"[0.000, 1.000, 0.000, 0.000, 0.001, 0.000, 0.000]"
18.64,18.68,Leeseo,0.9999246597290039,Leeseo,[1.000],"[0.000, 1.000, 0.000, 0.000, 0.000, 0.000, 0.000]"
18.68,18.72,Leeseo,0.9999316930770874,Leeseo,[1.000],"[0.000, 1.000, 0.000, 0.000, 0.000, 0.000, 0.000]"
18.72,18.76,Leeseo,0.9999390840530396,Leeseo,[1.000],"[0.000, 1.000, 0.000, 0.000, 0.000, 0.000, 0.000]"
18.76,18.8,Leeseo,0.9999462366104126,Leeseo,[1.000],"[0.000, 1.000, 0.000, 0.000, 0.000, 0.000, 0.000]"
18.8,18.84,Leeseo,0.9999532699584961,Leeseo,[1.000],"[0.000, 1.000, 0.000, 0.000, 0.000, 0.000, 0.000]"
18.84,18.88,Leeseo,0.9999597072601318,Leeseo,[1.000],"[0.000, 1.000, 0.000, 0.000, 0.000, 0.000, 0.000]"
18.88,18.92,Leeseo,0.9999655485153198,Leeseo,[1.000],"[0.000, 1.000, 0.000, 0.000, 0.000, 0.000, 0.000]"
18.92,18.96,Leeseo,0.9999707937240601,Leeseo,[1.000],"[0.000, 1.000, 0.000, 0.000, 0.000, 0.000, 0.000]"
18.96,19.0,Leeseo,0.999975323677063,Leeseo,[1.000],"[0.000, 1.000, 0.000, 0.000, 0.000, 0.000, 0.000]"
19.0,19.04,Leeseo,0.9999793767929077,Leeseo,[1.000],"[0.000, 1.000, 0.000, 0.000, 0.000, 0.000, 0.000]"
19.04,19.08,Leeseo,0.9999827146530151,Leeseo,[1.000],"[0.000, 1.000, 0.000, 0.000, 0.000, 0.000, 0.000]"
19.08,19.12,Leeseo,0.9999854564666748,Leeseo,[1.000],"[0.000, 1.000, 0.000, 0.000, 0.000, 0.000, 0.000]"
19.12,19.16,Leeseo,0.9999878406524658,Leeseo,[1.000],"[0.000, 1.000, 0.000, 0.000, 0.000, 0.000, 0.000]"
19.16,19.2,Leeseo,0.9999897480010986,Leeseo,[1.000],"[0.000, 1.000, 0.000, 0.000, 0.000, 0.000, 0.000]"
19.2,19.24,Leeseo,0.9999914169311523,Leeseo,[1.000],"[0.000, 1.000, 0.000, 0.000, 0.000, 0.000, 0.000]"
19.24,19.28,Leeseo,0.9999927282333374,Leeseo,[1.000],"[0.000, 1.000, 0.000, 0.000, 0.000, 0.000, 0.000]"
19.28,19.32,Leeseo,0.9999939203262329,Leeseo,[1.000],"[0.000, 1.000, 0.000, 0.000, 0.000, 0.000, 0.000]"
19.32,19.36,Leeseo,0.9999947547912598,Leeseo,[1.000],"[0.000, 1.000, 0.000, 0.000, 0.001, 0.000, 0.000]"
19.36,19.4,Leeseo,0.9999954700469971,Leeseo,[1.000],"[0.000, 1.000, 0.000, 0.000, 0.001, 0.000, 0.000]"
19.4,19.44,Leeseo,0.9999960660934448,Leeseo,[1.000],"[0.000, 1.000, 0.000, 0.000, 0.001, 0.000, 0.000]"
19.44,19.48,Leeseo,0.999996542930603,Leeseo,[1.000],"[0.000, 1.000, 0.000, 0.000, 0.001, 0.000, 0.000]"
19.48,19.52,Leeseo,0.9999969005584717,Leeseo,[1.000],"[0.000, 1.000, 0.000, 0.000, 0.001, 0.000, 0.000]"
19.52,19.56,Leeseo,0.9999972581863403,Leeseo,[1.000],"[0.000, 1.000, 0.000, 0.000, 0.001, 0.000, 0.000]"
19.56,19.6,Leeseo,0.9999973773956299,Leeseo,[1.000],"[0.000, 1.000, 0.000, 0.000, 0.001, 0.000, 0.000]"
19.6,19.64,Leeseo,0.999997615814209,Leeseo,[1.000],"[0.000, 1.000, 0.000, 0.000, 0.001, 0.000, 0.000]"
19.64,19.68,Leeseo,0.999997615814209,Leeseo,[1.000],"[0.000, 1.000, 0.000, 0.000, 0.002, 0.000, 0.000]"
19.68,19.72,Leeseo,0.9999977350234985,Leeseo,[1.000],"[0.000, 1.000, 0.000, 0.000, 0.002, 0.000, 0.000]"
19.72,19.76,Leeseo,0.9999977350234985,Leeseo,[1.000],"[0.000, 1.000, 0.000, 0.000, 0.002, 0.000, 0.000]"
19.76,19.8,Leeseo,0.999997615814209,Leeseo,[1.000],"[0.000, 1.000, 0.000, 0.000, 0.003, 0.000, 0.000]"
19.8,19.84,Leeseo,0.999997615814209,Leeseo,[1.000],"[0.000, 1.000, 0.000, 0.000, 0.004, 0.000, 0.000]"
19.84,19.88,Leeseo,0.9999973773956299,Leeseo,[1.000],"[0.000, 1.000, 0.000, 0.000, 0.004, 0.000, 0.000]"
19.88,19.92,Leeseo,0.9999971389770508,Leeseo,[1.000],"[0.000, 1.000, 0.000, 0.000, 0.005, 0.000, 0.000]"
19.92,19.96,Leeseo,0.9999969005584717,Leeseo,[1.000],"[0.000, 1.000, 0.000, 0.000, 0.007, 0.000, 0.000]"
19.96,20.0,Leeseo,0.999996542930603,Leeseo,[1.000],"[0.000, 1.000, 0.000, 0.000, 0.008, 0.000, 0.000]"
20.0,20.04,Leeseo,0.9999960660934448,Leeseo,[1.000],"[0.000, 1.000, 0.000, 0.000, 0.010, 0.000, 0.000]"
20.04,20.08,Leeseo,0.9999953508377075,Leeseo,[1.000],"[0.000, 1.000, 0.000, 0.000, 0.013, 0.000, 0.000]"
20.08,20.12,Leeseo,0.9999943971633911,Leeseo,[1.000],"[0.000, 1.000, 0.000, 0.000, 0.016, 0.000, 0.000]"
20.12,20.16,Leeseo,0.9999932050704956,Leeseo,[1.000],"[0.000, 1.000, 0.000, 0.000, 0.020, 0.000, 0.000]"
20.16,20.2,Leeseo,0.9999916553497314,Leeseo,[1.000],"[0.000, 1.000, 0.000, 0.000, 0.026, 0.000, 0.000]"
20.2,20.24,Leeseo,0.99998939037323,Leeseo,[1.000],"[0.000, 1.000, 0.000, 0.000, 0.032, 0.000, 0.000]"
20.24,20.28,Leeseo,0.9999864101409912,Leeseo,[1.000],"[0.000, 1.000, 0.000, 0.000, 0.040, 0.000, 0.000]"
20.28,20.32,Leeseo,0.9999823570251465,Leeseo,[1.000],"[0.000, 1.000, 0.000, 0.000, 0.049, 0.000, 0.000]"
20.32,20.36,Leeseo,0.999976634979248,Leeseo,[1.000],"[0.000, 1.000, 0.000, 0.000, 0.059, 0.000, 0.000]"
20.36,20.4,Leeseo,0.9999688863754272,Leeseo,[1.000],"[0.000, 1.000, 0.000, 0.000, 0.072, 0.000, 0.000]"
20.4,20.44,Leeseo,0.9999582767486572,Leeseo,[1.000],"[0.000, 1.000, 0.000, 0.000, 0.085, 0.000, 0.000]"
20.44,20.48,Leeseo,0.999943733215332,Leeseo,[1.000],"[0.000, 1.000, 0.000, 0.000, 0.100, 0.000, 0.000]"
20.48,20.52,Leeseo,0.9999240636825562,Leeseo,[1.000],"[0.000, 1.000, 0.000, 0.000, 0.116, 0.000, 0.000]"
20.52,20.56,Leeseo,0.9998977184295654,Leeseo,[1.000],"[0.000, 1.000, 0.000, 0.000, 0.132, 0.000, 0.000]"
20.56,20.6,Leeseo,0.999862790107727,Leeseo,[1.000],"[0.000, 1.000, 0.000, 0.000, 0.147, 0.000, 0.000]"
20.6,20.64,Leeseo,0.9998171925544739,Leeseo,[1.000],"[0.000, 1.000, 0.000, 0.000, 0.162, 0.000, 0.000]"
20.64,20.68,Leeseo,0.9997585415840149,Leeseo,[1.000],"[0.000, 1.000, 0.000, 0.000, 0.175, 0.000, 0.000]"
20.68,20.72,Leeseo,0.9996844530105591,Leeseo,[1.000],"[0.000, 1.000, 0.000, 0.000, 0.186, 0.000, 0.000]"
20.72,20.76,Leeseo,0.9995926022529602,Leeseo,[1.000],"[0.000, 1.000, 0.000, 0.000, 0.194, 0.000, 0.000]"
20.76,20.8,Leeseo,0.9994813799858093,Leeseo,[0.999],"[0.000, 0.999, 0.000, 0.000, 0.200, 0.000, 0.000]"
20.8,20.84,Leeseo,0.9993497729301453,Leeseo,[0.999],"[0.000, 0.999, 0.000, 0.001, 0.202, 0.000, 0.000]"
20.84,20.88,Leeseo,0.9991986155509949,Leeseo,[0.999],"[0.000, 0.999, 0.000, 0.001, 0.201, 0.000, 0.000]"
20.88,20.92,Leeseo,0.9990310668945312,Leeseo,[0.999],"[0.000, 0.999, 0.000, 0.001, 0.197, 0.000, 0.000]"
20.92,20.96,Leeseo,0.9988527297973633,Leeseo,[0.999],"[0.000, 0.999, 0.000, 0.001, 0.190, 0.000, 0.000]"
20.96,21.0,Leeseo,0.9986720085144043,Leeseo,[0.999],"[0.000, 0.999, 0.000, 0.002, 0.180, 0.000, 0.000]"
21.0,21.04,Leeseo,0.9985007047653198,Leeseo,[0.999],"[0.000, 0.999, 0.000, 0.002, 0.167, 0.000, 0.000]"
21.04,21.08,Leeseo,0.9983524084091187,Leeseo,[0.998],"[0.000, 0.998, 0.000, 0.003, 0.153, 0.000, 0.000]"
21.08,21.12,Leeseo,0.9982396364212036,Leeseo,[0.998],"[0.000, 0.998, 0.000, 0.003, 0.137, 0.000, 0.000]"
21.12,21.16,Leeseo,0.9981722831726074,Leeseo,[0.998],"[0.000, 0.998, 0.000, 0.004, 0.120, 0.001, 0.000]"
21.16,21.2,Leeseo,0.9981545805931091,Leeseo,[0.998],"[0.000, 0.998, 0.000, 0.004, 0.103, 0.001, 0.000]"
21.2,21.24,Leeseo,0.9981868863105774,Leeseo,[0.998],"[0.000, 0.998, 0.000, 0.005, 0.087, 0.001, 0.000]"
21.24,21.28,Leeseo,0.9982646107673645,Leeseo,[0.998],"[0.000, 0.998, 0.000, 0.005, 0.072, 0.001, 0.000]"
21.28,21.32,Leeseo,0.998379111289978,Leeseo,[0.998],"[0.000, 0.998, 0.000, 0.005, 0.058, 0.001, 0.000]"
21.32,21.36,Leeseo,0.9985197186470032,Leeseo,[0.999],"[0.000, 0.999, 0.000, 0.005, 0.046, 0.002, 0.000]"
21.36,21.4,Leeseo,0.9986746311187744,Leeseo,[0.999],"[0.000, 0.999, 0.000, 0.005, 0.036, 0.002, 0.000]"
21.4,21.44,Leeseo,0.9988331198692322,Leeseo,[0.999],"[0.000, 0.999, 0.000, 0.005, 0.027, 0.003, 0.000]"
21.44,21.48,Leeseo,0.9989870190620422,Leeseo,[0.999],"[0.000, 0.999, 0.000, 0.004, 0.020, 0.004, 0.000]"
21.48,21.52,Leeseo,0.99913090467453,Leeseo,[0.999],"[0.000, 0.999, 0.000, 0.004, 0.015, 0.005, 0.000]"
21.52,21.56,Leeseo,0.9992609620094299,Leeseo,[0.999],"[0.000, 0.999, 0.000, 0.003, 0.011, 0.006, 0.000]"
21.56,21.6,Leeseo,0.9993748068809509,Leeseo,[0.999],"[0.000, 0.999, 0.000, 0.002, 0.008, 0.007, 0.000]"
21.6,21.64,Leeseo,0.9994712471961975,Leeseo,[0.999],"[0.000, 0.999, 0.000, 0.002, 0.006, 0.009, 0.000]"
21.64,21.68,Leeseo,0.9995508790016174,Leeseo,[1.000],"[0.000, 1.000, 0.000, 0.002, 0.004, 0.010, 0.000]"
21.68,21.72,Leeseo,0.9996150732040405,Leeseo,[1.000],"[0.000, 1.000, 0.000, 0.001, 0.003, 0.012, 0.000]"
21.72,21.76,Leeseo,0.9996654987335205,Leeseo,[1.000],"[0.000, 1.000, 0.000, 0.001, 0.002, 0.014, 0.000]"
21.76,21.8,Leeseo,0.999703586101532,Leeseo,[1.000],"[0.000, 1.000, 0.000, 0.001, 0.002, 0.015, 0.000]"
21.8,21.84,Leeseo,0.9997313618659973,Leeseo,[1.000],"[0.000, 1.000, 0.000, 0.001, 0.001, 0.017, 0.000]"
21.84,21.88,Leeseo,0.9997504353523254,Leeseo,[1.000],"[0.000, 1.000, 0.000, 0.000, 0.001, 0.018, 0.000]"
21.88,21.92,Leeseo,0.9997615218162537,Leeseo,[1.000],"[0.000, 1.000, 0.000, 0.000, 0.001, 0.019, 0.000]"
21.92,21.96,Leeseo,0.9997654557228088,Leeseo,[1.000],"[0.000, 1.000, 0.000, 0.000, 0.001, 0.020, 0.000]"
21.96,22.0,Leeseo,0.9997624754905701,Leeseo,[1.000],"[0.000, 1.000, 0.000, 0.000, 0.000, 0.020, 0.000]"
22.0,22.04,Leeseo,0.9997522234916687,Leeseo,[1.000],"[0.000, 1.000, 0.000, 0.000, 0.000, 0.020, 0.000]"
22.04,22.08,Leeseo,0.999734103679657,Leeseo,[1.000],"[0.000, 1.000, 0.000, 0.000, 0.000, 0.019, 0.000]"
22.08,22.12,Leeseo,0.9997066855430603,Leeseo,[1.000],"[0.000, 1.000, 0.000, 0.000, 0.000, 0.018, 0.000]"
22.12,22.16,Leeseo,0.9996680021286011,Leeseo,[1.000],"[0.000, 1.000, 0.000, 0.000, 0.000, 0.017, 0.000]"
22.16,22.2,Leeseo,0.9996151924133301,Leeseo,[1.000],"[0.000, 1.000, 0.000, 0.000, 0.000, 0.015, 0.000]"
22.2,22.24,Leeseo,0.9995443224906921,Leeseo,[1.000],"[0.000, 1.000, 0.000, 0.000, 0.000, 0.013, 0.000]"
22.24,22.28,Leeseo,0.9994505047798157,Leeseo,[0.999],"[0.000, 0.999, 0.000, 0.000, 0.000, 0.011, 0.000]"
22.28,22.32,Leeseo,0.9993276596069336,Leeseo,[0.999],"[0.000, 0.999, 0.000, 0.000, 0.000, 0.009, 0.000]"
22.32,22.36,Leeseo,0.9991681575775146,Leeseo,[0.999],"[0.000, 0.999, 0.000, 0.000, 0.000, 0.008, 0.000]"
22.36,22.4,Leeseo,0.9989635944366455,Leeseo,[0.999],"[0.000, 0.999, 0.000, 0.000, 0.000, 0.006, 0.000]"
22.4,22.44,Leeseo,0.9987062215805054,Leeseo,[0.999],"[0.000, 0.999, 0.000, 0.000, 0.000, 0.005, 0.000]"
22.44,22.48,Leeseo,0.9983890056610107,Leeseo,[0.998],"[0.000, 0.998, 0.000, 0.000, 0.000, 0.004, 0.000]"
22.48,22.52,Leeseo,0.9980078339576721,Leeseo,[0.998],"[0.000, 0.998, 0.000, 0.000, 0.001, 0.003, 0.000]"
22.52,22.56,Leeseo,0.9975652694702148,Leeseo,[0.998],"[0.000, 0.998, 0.000, 0.000, 0.001, 0.002, 0.000]"
22.56,22.6,Leeseo,0.9970719814300537,Leeseo,[0.997],"[0.000, 0.997, 0.000, 0.000, 0.001, 0.001, 0.000]"
22.6,22.64,Leeseo,0.9965474009513855,Leeseo,[0.997],"[0.000, 0.997, 0.000, 0.000, 0.001, 0.001, 0.000]"
22.64,22.68,Leeseo,0.996021568775177,Leeseo,[0.996],"[0.000, 0.996, 0.000, 0.000, 0.001, 0.001, 0.000]"
22.68,22.72,Leeseo,0.9955335855484009,Leeseo,[0.996],"[0.000, 0.996, 0.000, 0.000, 0.001, 0.001, 0.000]"
22.72,22.76,Leeseo,0.9951269626617432,Leeseo,[0.995],"[0.000, 0.995, 0.000, 0.000, 0.001, 0.000, 0.000]"
22.76,22.8,Leeseo,0.9948422312736511,Leeseo,[0.995],"[0.000, 0.995, 0.000, 0.000, 0.001, 0.000, 0.000]"
22.8,22.84,Leeseo,0.9947103261947632,Leeseo,[0.995],"[0.000, 0.995, 0.000, 0.000, 0.001, 0.000, 0.000]"
22.84,22.88,Leeseo,0.9947460889816284,Leeseo,[0.995],"[0.000, 0.995, 0.000, 0.000, 0.001, 0.000, 0.000]"
22.88,22.92,Leeseo,0.9949473142623901,Leeseo,[0.995],"[0.000, 0.995, 0.000, 0.000, 0.001, 0.000, 0.000]"
22.92,22.96,Leeseo,0.9952943921089172,Leeseo,[0.995],"[0.000, 0.995, 0.000, 0.000, 0.001, 0.000, 0.000]"
22.96,23.0,Leeseo,0.9957528114318848,Leeseo,[0.996],"[0.000, 0.996, 0.000, 0.000, 0.001, 0.000, 0.000]"
23.0,23.04,Leeseo,0.9962803721427917,Leeseo,[0.996],"[0.000, 0.996, 0.001, 0.000, 0.001, 0.000, 0.000]"
23.04,23.08,Leeseo,0.9968331456184387,Leeseo,[0.997],"[0.000, 0.997, 0.001, 0.000, 0.001, 0.000, 0.000]"
23.08,23.12,Leeseo,0.9973727464675903,Leeseo,[0.997],"[0.000, 0.997, 0.001, 0.000, 0.001, 0.000, 0.000]"
23.12,23.16,Leeseo,0.9978704452514648,Leeseo,[0.998],"[0.000, 0.998, 0.001, 0.000, 0.001, 0.000, 0.000]"
23.16,23.2,Leeseo,0.9983077049255371,Leeseo,[0.998],"[0.000, 0.998, 0.001, 0.000, 0.001, 0.000, 0.000]"
23.2,23.24,Leeseo,0.9986769556999207,Leeseo,[0.999],"[0.000, 0.999, 0.002, 0.000, 0.000, 0.000, 0.000]"
23.24,23.28,Leeseo,0.9989781379699707,Leeseo,[0.999],"[0.000, 0.999, 0.002, 0.000, 0.000, 0.000, 0.000]"
23.28,23.32,Leeseo,0.9992170333862305,Leeseo,[0.999],"[0.000, 0.999, 0.002, 0.000, 0.000, 0.000, 0.000]"
23.32,23.36,Leeseo,0.9994025230407715,Leeseo,[0.999],"[0.000, 0.999, 0.003, 0.000, 0.000, 0.000, 0.000]"
23.36,23.4,Leeseo,0.999544084072113,Leeseo,[1.000],"[0.000, 1.000, 0.003, 0.000, 0.000, 0.000, 0.000]"
23.4,23.44,Leeseo,0.9996510744094849,Leeseo,[1.000],"[0.000, 1.000, 0.003, 0.000, 0.000, 0.000, 0.000]"
23.44,23.48,Leeseo,0.9997313618659973,Leeseo,[1.000],"[0.000, 1.000, 0.004, 0.000, 0.000, 0.000, 0.000]"
23.48,23.52,Leeseo,0.9997914433479309,Leeseo,[1.000],"[0.000, 1.000, 0.004, 0.000, 0.000, 0.000, 0.000]"
23.52,23.56,Leeseo,0.9998360872268677,Leeseo,[1.000],"[0.000, 1.000, 0.005, 0.000, 0.000, 0.000, 0.000]"
23.56,23.6,Leeseo,0.9998694658279419,Leeseo,[1.000],"[0.000, 1.000, 0.005, 0.000, 0.000, 0.000, 0.000]"
23.6,23.64,Leeseo,0.9998944997787476,Leeseo,[1.000],"[0.000, 1.000, 0.006, 0.000, 0.000, 0.000, 0.000]"
23.64,23.68,Leeseo,0.9999133348464966,Leeseo,[1.000],"[0.000, 1.000, 0.006, 0.000, 0.000, 0.000, 0.000]"
23.68,23.72,Leeseo,0.9999274015426636,Leeseo,[1.000],"[0.000, 1.000, 0.007, 0.000, 0.000, 0.000, 0.000]"
23.72,23.76,Leeseo,0.9999381303787231,Leeseo,[1.000],"[0.000, 1.000, 0.008, 0.000, 0.000, 0.000, 0.000]"
23.76,23.8,Leeseo,0.9999462366104126,Leeseo,[1.000],"[0.000, 1.000, 0.009, 0.000, 0.000, 0.000, 0.000]"
23.8,23.84,Leeseo,0.9999524354934692,Leeseo,[1.000],"[0.000, 1.000, 0.011, 0.000, 0.000, 0.000, 0.000]"
23.84,23.88,Leeseo,0.9999569654464722,Leeseo,[1.000],"[0.000, 1.000, 0.012, 0.000, 0.000, 0.000, 0.000]"
23.88,23.92,Leeseo,0.9999604225158691,Leeseo,[1.000],"[0.000, 1.000, 0.014, 0.000, 0.000, 0.000, 0.000]"
23.92,23.96,Leeseo,0.9999628067016602,Leeseo,[1.000],"[0.000, 1.000, 0.015, 0.000, 0.000, 0.000, 0.000]"
23.96,24.0,Leeseo,0.9999644756317139,Leeseo,[1.000],"[0.000, 1.000, 0.017, 0.000, 0.000, 0.000, 0.000]"
24.0,24.04,Leeseo,0.9999654293060303,Leeseo,[1.000],"[0.000, 1.000, 0.019, 0.000, 0.000, 0.000, 0.000]"
24.04,24.08,Leeseo,0.9999659061431885,Leeseo,[1.000],"[0.000, 1.000, 0.021, 0.000, 0.000, 0.000, 0.000]"
24.08,24.12,Leeseo,0.9999659061431885,Leeseo,[1.000],"[0.000, 1.000, 0.024, 0.000, 0.001, 0.000, 0.000]"
24.12,24.16,Leeseo,0.9999655485153198,Leeseo,[1.000],"[0.000, 1.000, 0.026, 0.000, 0.001, 0.000, 0.000]"
24.16,24.2,Leeseo,0.9999649524688721,Leeseo,[1.000],"[0.000, 1.000, 0.028, 0.000, 0.001, 0.000, 0.000]"
24.2,24.24,Leeseo,0.9999641180038452,Leeseo,[1.000],"[0.000, 1.000, 0.030, 0.000, 0.001, 0.000, 0.000]"
24.24,24.28,Leeseo,0.9999631643295288,Leeseo,[1.000],"[0.000, 1.000, 0.031, 0.000, 0.001, 0.000, 0.000]"
24.28,24.32,Leeseo,0.9999620914459229,Leeseo,[1.000],"[0.000, 1.000, 0.033, 0.000, 0.001, 0.000, 0.000]"
24.32,24.36,Leeseo,0.9999608993530273,Leeseo,[1.000],"[0.000, 1.000, 0.034, 0.000, 0.001, 0.000, 0.000]"
24.36,24.4,Leeseo,0.9999595880508423,Leeseo,[1.000],"[0.000, 1.000, 0.034, 0.000, 0.002, 0.000, 0.000]"
24.4,24.44,Leeseo,0.9999581575393677,Leeseo,[1.000],"[0.000, 1.000, 0.034, 0.000, 0.002, 0.000, 0.000]"
24.44,24.48,Leeseo,0.999956488609314,Leeseo,[1.000],"[0.000, 1.000, 0.034, 0.000, 0.002, 0.000, 0.000]"
24.48,24.52,Leeseo,0.9999545812606812,Leeseo,[1.000],"[0.000, 1.000, 0.033, 0.000, 0.002, 0.000, 0.000]"
24.52,24.56,Leeseo,0.9999524354934692,Leeseo,[1.000],"[0.000, 1.000, 0.032, 0.000, 0.002, 0.000, 0.000]"
24.56,24.6,Leeseo,0.9999499320983887,Leeseo,[1.000],"[0.000, 1.000, 0.030, 0.000, 0.002, 0.000, 0.000]"
24.6,24.64,Leeseo,0.9999470710754395,Leeseo,[1.000],"[0.000, 1.000, 0.027, 0.000, 0.002, 0.000, 0.000]"
24.64,24.68,Leeseo,0.9999438524246216,Leeseo,[1.000],"[0.000, 1.000, 0.024, 0.000, 0.002, 0.000, 0.000]"
24.68,24.72,Leeseo,0.9999401569366455,Leeseo,[1.000],"[0.000, 1.000, 0.022, 0.000, 0.002, 0.000, 0.000]"
24.72,24.76,Leeseo,0.9999359846115112,Leeseo,[1.000],"[0.000, 1.000, 0.019, 0.000, 0.002, 0.000, 0.000]"
24.76,24.8,Leeseo,0.9999313354492188,Leeseo,[1.000],"[0.000, 1.000, 0.016, 0.000, 0.002, 0.000, 0.000]"
24.8,24.84,Leeseo,0.999925971031189,Leeseo,[1.000],"[0.000, 1.000, 0.013, 0.000, 0.002, 0.000, 0.000]"
24.84,24.88,Leeseo,0.9999198913574219,Leeseo,[1.000],"[0.000, 1.000, 0.011, 0.000, 0.002, 0.000, 0.000]"
24.88,24.92,Leeseo,0.9999128580093384,Leeseo,[1.000],"[0.000, 1.000, 0.008, 0.000, 0.002, 0.000, 0.000]"
24.92,24.96,Leeseo,0.9999043941497803,Leeseo,[1.000],"[0.000, 1.000, 0.006, 0.000, 0.002, 0.000, 0.000]"
24.96,25.0,Leeseo,0.9998941421508789,Leeseo,[1.000],"[0.000, 1.000, 0.005, 0.000, 0.002, 0.000, 0.000]"
25.0,25.04,Leeseo,0.9998815059661865,Leeseo,[1.000],"[0.000, 1.000, 0.004, 0.000, 0.002, 0.000, 0.000]"
25.04,25.08,Leeseo,0.9998657703399658,Leeseo,[1.000],"[0.000, 1.000, 0.003, 0.000, 0.002, 0.000, 0.000]"
25.08,25.12,Leeseo,0.9998457431793213,Leeseo,[1.000],"[0.000, 1.000, 0.002, 0.000, 0.002, 0.000, 0.000]"
25.12,25.16,Leeseo,0.9998202919960022,Leeseo,[1.000],"[0.000, 1.000, 0.001, 0.000, 0.002, 0.000, 0.000]"
25.16,25.2,Leeseo,0.9997871518135071,Leeseo,[1.000],"[0.000, 1.000, 0.001, 0.000, 0.002, 0.000, 0.000]"
25.2,25.24,Leeseo,0.9997439980506897,Leeseo,[1.000],"[0.000, 1.000, 0.001, 0.000, 0.002, 0.000, 0.000]"
25.24,25.28,Leeseo,0.9996874332427979,Leeseo,[1.000],"[0.000, 1.000, 0.001, 0.000, 0.002, 0.000, 0.000]"
25.28,25.32,Leeseo,0.9996129870414734,Leeseo,[1.000],"[0.000, 1.000, 0.000, 0.000, 0.002, 0.000, 0.000]"
25.32,25.36,Leeseo,0.9995144605636597,Leeseo,[1.000],"[0.000, 1.000, 0.000, 0.000, 0.001, 0.000, 0.000]"
25.36,25.4,Leeseo,0.9993839263916016,Leeseo,[0.999],"[0.000, 0.999, 0.000, 0.000, 0.001, 0.000, 0.000]"
25.4,25.44,Leeseo,0.9992098808288574,Leeseo,[0.999],"[0.000, 0.999, 0.000, 0.000, 0.001, 0.000, 0.000]"
25.44,25.48,Leeseo,0.9989770650863647,Leeseo,[0.999],"[0.000, 0.999, 0.000, 0.000, 0.001, 0.000, 0.000]"
25.48,25.52,Leeseo,0.9986652135848999,Leeseo,[0.999],"[0.000, 0.999, 0.000, 0.001, 0.002, 0.000, 0.000]"
25.52,25.56,Leeseo,0.9982478618621826,Leeseo,[0.998],"[0.000, 0.998, 0.000, 0.001, 0.002, 0.000, 0.000]"
25.56,25.6,Leeseo,0.9976911544799805,Leeseo,[0.998],"[0.000, 0.998, 0.000, 0.001, 0.002, 0.000, 0.000]"
25.6,25.64,Leeseo,0.9969534873962402,Leeseo,[0.997],"[0.000, 0.997, 0.000, 0.001, 0.002, 0.000, 0.000]"
25.64,25.68,Leeseo,0.9959866404533386,Leeseo,[0.996],"[0.000, 0.996, 0.000, 0.001, 0.002, 0.000, 0.000]"
25.68,25.72,Leeseo,0.9947342872619629,Leeseo,[0.995],"[0.000, 0.995, 0.000, 0.001, 0.002, 0.000, 0.000]"
25.72,25.76,Leeseo,0.9931325316429138,Leeseo,[0.993],"[0.000, 0.993, 0.000, 0.001, 0.002, 0.000, 0.000]"
25.76,25.8,Leeseo,0.9910997748374939,Leeseo,[0.991],"[0.000, 0.991, 0.000, 0.001, 0.002, 0.000, 0.000]"
25.8,25.84,Leeseo,0.9885311126708984,Leeseo,[0.989],"[0.000, 0.989, 0.000, 0.001, 0.003, 0.000, 0.000]"
25.84,25.88,Leeseo,0.9853029251098633,Leeseo,[0.985],"[0.000, 0.985, 0.000, 0.001, 0.003, 0.000, 0.000]"
25.88,25.92,Leeseo,0.9812566637992859,Leeseo,[0.981],"[0.000, 0.981, 0.000, 0.001, 0.003, 0.000, 0.000]"
25.92,25.96,Leeseo,0.9761908650398254,Leeseo,[0.976],"[0.000, 0.976, 0.000, 0.001, 0.004, 0.000, 0.000]"
25.96,26.0,Leeseo,0.9698404669761658,Leeseo,[0.970],"[0.000, 0.970, 0.000, 0.001, 0.004, 0.000, 0.000]"
26.0,26.04,Leeseo,0.9618479609489441,Leeseo,[0.962],"[0.000, 0.962, 0.000, 0.001, 0.005, 0.000, 0.000]"
26.04,26.08,Leeseo,0.9517110586166382,Leeseo,[0.952],"[0.000, 0.952, 0.000, 0.001, 0.006, 0.000, 0.000]"
26.08,26.12,Leeseo,0.9387394785881042,Leeseo,[0.939],"[0.000, 0.939, 0.000, 0.001, 0.007, 0.000, 0.000]"
26.12,26.16,Leeseo,0.9220090508460999,Leeseo,[0.922],"[0.000, 0.922, 0.000, 0.001, 0.009, 0.000, 0.000]"
26.16,26.2,Leeseo,0.9003632664680481,Leeseo,[0.900],"[0.000, 0.900, 0.000, 0.001, 0.011, 0.000, 0.000]"
26.2,26.24,Leeseo,0.8724573850631714,Leeseo,[0.872],"[0.000, 0.872, 0.000, 0.001, 0.014, 0.000, 0.000]"
26.24,26.28,Leeseo,0.836973249912262,Leeseo,[0.837],"[0.000, 0.837, 0.000, 0.001, 0.018, 0.000, 0.000]"
26.28,26.32,Leeseo,0.7927089929580688,Leeseo,[0.793],"[0.000, 0.793, 0.000, 0.001, 0.023, 0.000, 0.000]"
26.32,26.36,Leeseo,0.7389730215072632,Leeseo,[0.739],"[0.000, 0.739, 0.000, 0.001, 0.030, 0.000, 0.000]"
26.36,26.4,Leeseo,0.6761051416397095,Leeseo,[0.676],"[0.000, 0.676, 0.000, 0.001, 0.038, 0.000, 0.000]"
26.4,26.44,Leeseo,0.6054670810699463,Leeseo,[0.605],"[0.000, 0.605, 0.000, 0.001, 0.049, 0.000, 0.000]"
26.44,26.48,Leeseo,0.5295199155807495,Leeseo,[0.530],"[0.000, 0.530, 0.000, 0.001, 0.064, 0.000, 0.000]"
26.48,26.52,Leeseo,0.4517981708049774,Leeseo,[0.452],"[0.000, 0.452, 0.000, 0.001, 0.082, 0.000, 0.000]"
26.52,26.56,Leeseo,0.37630048394203186,,[],"[0.000, 0.376, 0.000, 0.001, 0.106, 0.000, 0.000]"
26.56,26.6,Leeseo,0.3065246641635895,,[],"[0.000, 0.307, 0.000, 0.001, 0.135, 0.000, 0.000]"
26.6,26.64,Leeseo,0.2448590099811554,,[],"[0.000, 0.245, 0.000, 0.001, 0.170, 0.000, 0.000]"
26.64,26.68,Wonyoung,0.21103671193122864,,[],"[0.000, 0.192, 0.000, 0.001, 0.211, 0.000, 0.000]"
26.68,26.72,Wonyoung,0.25824061036109924,,[],"[0.000, 0.149, 0.000, 0.001, 0.258, 0.000, 0.000]"
26.72,26.76,Wonyoung,0.31009647250175476,,[],"[0.000, 0.114, 0.000, 0.001, 0.310, 0.000, 0.000]"
26.76,26.8,Wonyoung,0.36474865674972534,,[],"[0.000, 0.087, 0.000, 0.001, 0.365, 0.000, 0.000]"
26.8,26.84,Wonyoung,0.4199473559856415,,[],"[0.000, 0.065, 0.000, 0.001, 0.420, 0.000, 0.000]"
26.84,26.88,Wonyoung,0.4734773635864258,,[],"[0.000, 0.049, 0.000, 0.001, 0.473, 0.000, 0.000]"
26.88,26.92,Wonyoung,0.5235800743103027,,[],"[0.000, 0.037, 0.000, 0.001, 0.524, 0.000, 0.000]"
26.92,26.96,Wonyoung,0.5690852403640747,Wonyoung,[0.569],"[0.000, 0.027, 0.000, 0.001, 0.569, 0.000, 0.000]"
26.96,27.0,Wonyoung,0.6093831062316895,Wonyoung,[0.609],"[0.000, 0.021, 0.000, 0.001, 0.609, 0.000, 0.000]"
27.0,27.04,Wonyoung,0.644349992275238,Wonyoung,[0.644],"[0.000, 0.016, 0.000, 0.001, 0.644, 0.000, 0.000]"
27.04,27.08,Wonyoung,0.6741567254066467,Wonyoung,[0.674],"[0.000, 0.012, 0.000, 0.001, 0.674, 0.000, 0.000]"
27.08,27.12,Wonyoung,0.6991143822669983,Wonyoung,[0.699],"[0.001, 0.009, 0.000, 0.000, 0.699, 0.000, 0.000]"
27.12,27.16,Wonyoung,0.7196496725082397,Wonyoung,[0.720],"[0.001, 0.007, 0.000, 0.000, 0.720, 0.000, 0.000]"
27.16,27.2,Wonyoung,0.7361961603164673,Wonyoung,[0.736],"[0.001, 0.005, 0.000, 0.000, 0.736, 0.000, 0.000]"
27.2,27.24,Wonyoung,0.7491514086723328,Wonyoung,[0.749],"[0.002, 0.004, 0.000, 0.000, 0.749, 0.001, 0.000]"
27.24,27.28,Wonyoung,0.7588934898376465,Wonyoung,[0.759],"[0.002, 0.003, 0.000, 0.000, 0.759, 0.001, 0.000]"
27.28,27.32,Wonyoung,0.7657517790794373,Wonyoung,[0.766],"[0.003, 0.003, 0.000, 0.000, 0.766, 0.001, 0.000]"
27.32,27.36,Wonyoung,0.7699893116950989,Wonyoung,[0.770],"[0.003, 0.002, 0.000, 0.000, 0.770, 0.001, 0.000]"
27.36,27.4,Wonyoung,0.7718662023544312,Wonyoung,[0.772],"[0.004, 0.002, 0.000, 0.000, 0.772, 0.001, 0.000]"
27.4,27.44,Wonyoung,0.7717598080635071,Wonyoung,[0.772],"[0.005, 0.001, 0.000, 0.000, 0.772, 0.001, 0.000]"
27.44,27.48,Wonyoung,0.770047128200531,Wonyoung,[0.770],"[0.005, 0.001, 0.000, 0.000, 0.770, 0.001, 0.000]"
27.48,27.52,Wonyoung,0.7670465111732483,Wonyoung,[0.767],"[0.006, 0.001, 0.000, 0.000, 0.767, 0.001, 0.001]"
27.52,27.56,Wonyoung,0.7630854845046997,Wonyoung,[0.763],"[0.007, 0.001, 0.000, 0.000, 0.763, 0.001, 0.002]"
27.56,27.6,Wonyoung,0.7584943175315857,Wonyoung,[0.758],"[0.007, 0.000, 0.000, 0.000, 0.758, 0.001, 0.005]"
27.6,27.64,Wonyoung,0.7536437511444092,Wonyoung,[0.754],"[0.008, 0.000, 0.000, 0.000, 0.754, 0.001, 0.011]"
27.64,27.68,Wonyoung,0.7488136887550354,Wonyoung,[0.749],"[0.009, 0.000, 0.000, 0.000, 0.749, 0.001, 0.023]"
27.68,27.72,Wonyoung,0.7441301941871643,Wonyoung,[0.744],"[0.010, 0.000, 0.000, 0.000, 0.744, 0.001, 0.045]"
27.72,27.76,Wonyoung,0.7395274639129639,Wonyoung,[0.740],"[0.010, 0.000, 0.000, 0.000, 0.740, 0.001, 0.086]"
27.76,27.8,Wonyoung,0.7346871495246887,Wonyoung,[0.735],"[0.011, 0.000, 0.000, 0.000, 0.735, 0.001, 0.154]"
27.8,27.84,Wonyoung,0.7291923761367798,Wonyoung,[0.729],"[0.012, 0.000, 0.000, 0.000, 0.729, 0.001, 0.256]"
27.84,27.88,Wonyoung,0.72251296043396,Wonyoung,[0.723],"[0.013, 0.000, 0.000, 0.000, 0.723, 0.001, 0.388]"
27.88,27.92,Wonyoung,0.7140516638755798,Wonyoung,[0.714],"[0.014, 0.000, 0.000, 0.000, 0.714, 0.001, 0.534]"
27.92,27.96,Wonyoung,0.7031620740890503,Wonyoung|silence,"[0.703, 0.669]","[0.015, 0.000, 0.000, 0.000, 0.703, 0.001, 0.669]"
27.96,28.0,silence,0.7791863679885864,Wonyoung|silence,"[0.689, 0.779]","[0.016, 0.000, 0.000, 0.000, 0.689, 0.000, 0.779]"
28.0,28.04,silence,0.8585615158081055,Wonyoung|silence,"[0.672, 0.859]","[0.017, 0.000, 0.000, 0.000, 0.672, 0.000, 0.859]"
28.04,28.08,silence,0.9117696285247803,Wonyoung|silence,"[0.650, 0.912]","[0.018, 0.000, 0.000, 0.001, 0.650, 0.000, 0.912]"
28.08,28.12,silence,0.9458284974098206,Wonyoung|silence,"[0.623, 0.946]","[0.019, 0.000, 0.000, 0.001, 0.623, 0.000, 0.946]"
28.12,28.16,silence,0.9670190811157227,Wonyoung|silence,"[0.592, 0.967]","[0.020, 0.000, 0.000, 0.001, 0.592, 0.000, 0.967]"
28.16,28.2,silence,0.980000913143158,Wonyoung|silence,"[0.555, 0.980]","[0.020, 0.000, 0.000, 0.001, 0.555, 0.000, 0.980]"
28.2,28.24,silence,0.9878788590431213,Wonyoung|silence,"[0.513, 0.988]","[0.021, 0.000, 0.000, 0.001, 0.513, 0.000, 0.988]"
28.24,28.28,silence,0.9926456212997437,Wonyoung|silence,"[0.468, 0.993]","[0.021, 0.000, 0.000, 0.001, 0.468, 0.000, 0.993]"
28.28,28.32,silence,0.9955323934555054,silence,[0.996],"[0.022, 0.000, 0.000, 0.001, 0.419, 0.000, 0.996]"
28.32,28.36,silence,0.9972810745239258,silence,[0.997],"[0.022, 0.000, 0.000, 0.001, 0.369, 0.000, 0.997]"
28.36,28.4,silence,0.9983402490615845,silence,[0.998],"[0.021, 0.000, 0.000, 0.001, 0.319, 0.000, 0.998]"
28.4,28.44,silence,0.9989815354347229,silence,[0.999],"[0.021, 0.000, 0.000, 0.001, 0.269, 0.000, 0.999]"
28.44,28.48,silence,0.9993690848350525,silence,[0.999],"[0.020, 0.000, 0.000, 0.001, 0.223, 0.000, 0.999]"
28.48,28.52,silence,0.9996029734611511,silence,[1.000],"[0.019, 0.000, 0.000, 0.001, 0.180, 0.000, 1.000]"
28.52,28.56,silence,0.9997448325157166,silence,[1.000],"[0.018, 0.000, 0.000, 0.001, 0.141, 0.000, 1.000]"
28.56,28.6,silence,0.9998316764831543,silence,[1.000],"[0.017, 0.000, 0.000, 0.000, 0.109, 0.000, 1.000]"
28.6,28.64,silence,0.9998853206634521,silence,[1.000],"[0.016, 0.000, 0.000, 0.000, 0.081, 0.000, 1.000]"
28.64,28.68,silence,0.9999189376831055,silence,[1.000],"[0.015, 0.000, 0.000, 0.000, 0.059, 0.000, 1.000]"
28.68,28.72,silence,0.999940037727356,silence,[1.000],"[0.013, 0.000, 0.000, 0.000, 0.043, 0.000, 1.000]"
28.72,28.76,silence,0.9999532699584961,silence,[1.000],"[0.012, 0.000, 0.000, 0.000, 0.030, 0.000, 1.000]"
28.76,28.8,silence,0.9999613761901855,silence,[1.000],"[0.011, 0.000, 0.000, 0.000, 0.021, 0.000, 1.000]"
28.8,28.84,silence,0.9999656677246094,silence,[1.000],"[0.010, 0.000, 0.000, 0.000, 0.014, 0.000, 1.000]"
28.84,28.88,silence,0.999967098236084,silence,[1.000],"[0.009, 0.000, 0.000, 0.000, 0.010, 0.000, 1.000]"
28.88,28.92,silence,0.9999657869338989,silence,[1.000],"[0.008, 0.000, 0.000, 0.000, 0.007, 0.000, 1.000]"
28.92,28.96,silence,0.9999610185623169,silence,[1.000],"[0.007, 0.000, 0.000, 0.000, 0.005, 0.000, 1.000]"
28.96,29.0,silence,0.9999512434005737,silence,[1.000],"[0.007, 0.000, 0.000, 0.000, 0.003, 0.000, 1.000]"
29.0,29.04,silence,0.9999325275421143,silence,[1.000],"[0.006, 0.000, 0.000, 0.000, 0.002, 0.000, 1.000]"
29.04,29.08,silence,0.9998968839645386,silence,[1.000],"[0.006, 0.000, 0.000, 0.000, 0.001, 0.000, 1.000]"
29.08,29.12,silence,0.9998252987861633,silence,[1.000],"[0.006, 0.000, 0.000, 0.000, 0.001, 0.000, 1.000]"
29.12,29.16,silence,0.999672532081604,silence,[1.000],"[0.005, 0.000, 0.000, 0.000, 0.001, 0.000, 1.000]"
29.16,29.2,silence,0.9993232488632202,silence,[0.999],"[0.005, 0.000, 0.000, 0.000, 0.001, 0.000, 0.999]"
29.2,29.24,silence,0.9984610080718994,silence,[0.998],"[0.005, 0.000, 0.000, 0.000, 0.000, 0.000, 0.998]"
29.24,29.28,silence,0.99616539478302,silence,[0.996],"[0.005, 0.000, 0.000, 0.000, 0.000, 0.000, 0.996]"
29.28,29.32,silence,0.9896001815795898,silence,[0.990],"[0.005, 0.000, 0.000, 0.000, 0.000, 0.000, 0.990]"
29.32,29.36,silence,0.9697257876396179,silence,[0.970],"[0.005, 0.000, 0.000, 0.000, 0.000, 0.000, 0.970]"
29.36,29.4,silence,0.9087902307510376,silence,[0.909],"[0.005, 0.000, 0.000, 0.000, 0.000, 0.000, 0.909]"
29.4,29.44,silence,0.7422604560852051,silence,[0.742],"[0.005, 0.000, 0.001, 0.000, 0.000, 0.000, 0.742]"
29.44,29.48,silence,0.43815839290618896,,[],"[0.005, 0.000, 0.001, 0.000, 0.000, 0.000, 0.438]"
29.48,29.52,silence,0.1666007786989212,,[],"[0.005, 0.000, 0.001, 0.000, 0.000, 0.000, 0.167]"
29.52,29.56,silence,0.0468321219086647,,[],"[0.005, 0.000, 0.002, 0.000, 0.000, 0.000, 0.047]"
29.56,29.6,silence,0.011598974466323853,,[],"[0.004, 0.000, 0.002, 0.000, 0.000, 0.001, 0.012]"
29.6,29.64,Gaeul,0.004334277007728815,,[],"[0.004, 0.000, 0.003, 0.000, 0.000, 0.002, 0.003]"
29.64,29.68,Gaeul,0.004204542841762304,,[],"[0.004, 0.000, 0.004, 0.000, 0.000, 0.003, 0.001]"
29.68,29.72,Yujin,0.007207586895674467,,[],"[0.004, 0.000, 0.005, 0.000, 0.000, 0.007, 0.000]"
29.72,29.76,Yujin,0.014282504096627235,,[],"[0.004, 0.000, 0.007, 0.000, 0.000, 0.014, 0.000]"
29.76,29.8,Yujin,0.026903172954916954,,[],"[0.004, 0.000, 0.009, 0.001, 0.000, 0.027, 0.000]"
29.8,29.84,Yujin,0.047654397785663605,,[],"[0.003, 0.000, 0.011, 0.003, 0.000, 0.048, 0.000]"
29.84,29.88,Yujin,0.07855280488729477,,[],"[0.003, 0.000, 0.013, 0.008, 0.000, 0.079, 0.000]"
29.88,29.92,Yujin,0.11955704540014267,,[],"[0.003, 0.000, 0.016, 0.021, 0.000, 0.120, 0.000]"
29.92,29.96,Yujin,0.16745413839817047,,[],"[0.003, 0.000, 0.018, 0.055, 0.000, 0.167, 0.000]"
29.96,30.0,Yujin,0.21627593040466309,,[],"[0.003, 0.000, 0.021, 0.136, 0.000, 0.216, 0.000]"
30.0,30.04,Rei,0.2947467565536499,,[],"[0.003, 0.000, 0.023, 0.295, 0.000, 0.259, 0.000]"
30.04,30.08,Rei,0.5240139365196228,,[],"[0.002, 0.000, 0.026, 0.524, 0.000, 0.290, 0.000]"
30.08,30.12,Rei,0.740688681602478,Rei,[0.741],"[0.002, 0.000, 0.028, 0.741, 0.000, 0.306, 0.000]"
30.12,30.16,Rei,0.8790028095245361,Rei,[0.879],"[0.002, 0.000, 0.029, 0.879, 0.000, 0.305, 0.000]"
30.16,30.2,Rei,0.9474630951881409,Rei,[0.947],"[0.002, 0.000, 0.030, 0.947, 0.000, 0.287, 0.000]"
30.2,30.24,Rei,0.977542519569397,Rei,[0.978],"[0.002, 0.000, 0.031, 0.978, 0.000, 0.256, 0.000]"
30.24,30.28,Rei,0.9902768135070801,Rei,[0.990],"[0.002, 0.000, 0.032, 0.990, 0.001, 0.214, 0.000]"
30.28,30.32,Rei,0.9956796765327454,Rei,[0.996],"[0.002, 0.000, 0.033, 0.996, 0.001, 0.168, 0.000]"
30.32,30.36,Rei,0.9980179071426392,Rei,[0.998],"[0.002, 0.000, 0.033, 0.998, 0.001, 0.123, 0.000]"
30.36,30.4,Rei,0.999058187007904,Rei,[0.999],"[0.002, 0.000, 0.034, 0.999, 0.001, 0.085, 0.000]"
30.4,30.44,Rei,0.9995355606079102,Rei,[1.000],"[0.002, 0.000, 0.034, 1.000, 0.001, 0.055, 0.000]"
30.44,30.48,Rei,0.9997621178627014,Rei,[1.000],"[0.002, 0.000, 0.035, 1.000, 0.001, 0.034, 0.000]"
30.48,30.52,Rei,0.9998736381530762,Rei,[1.000],"[0.002, 0.000, 0.036, 1.000, 0.001, 0.020, 0.000]"
30.52,30.56,Rei,0.9999303817749023,Rei,[1.000],"[0.001, 0.000, 0.036, 1.000, 0.001, 0.012, 0.000]"
30.56,30.6,Rei,0.9999603033065796,Rei,[1.000],"[0.001, 0.000, 0.037, 1.000, 0.000, 0.007, 0.000]"
30.6,30.64,Rei,0.9999765157699585,Rei,[1.000],"[0.001, 0.000, 0.038, 1.000, 0.000, 0.004, 0.000]"
30.64,30.68,Rei,0.9999856948852539,Rei,[1.000],"[0.001, 0.000, 0.039, 1.000, 0.000, 0.002, 0.000]"
30.68,30.72,Rei,0.9999909400939941,Rei,[1.000],"[0.001, 0.000, 0.040, 1.000, 0.000, 0.001, 0.000]"
30.72,30.76,Rei,0.999994158744812,Rei,[1.000],"[0.001, 0.000, 0.042, 1.000, 0.000, 0.001, 0.000]"
30.76,30.8,Rei,0.9999960660934448,Rei,[1.000],"[0.001, 0.000, 0.043, 1.000, 0.000, 0.000, 0.000]"
30.8,30.84,Rei,0.9999973773956299,Rei,[1.000],"[0.001, 0.000, 0.045, 1.000, 0.000, 0.000, 0.000]"
30.84,30.88,Rei,0.9999982118606567,Rei,[1.000],"[0.001, 0.000, 0.048, 1.000, 0.000, 0.000, 0.000]"
30.88,30.92,Rei,0.9999986886978149,Rei,[1.000],"[0.001, 0.000, 0.051, 1.000, 0.000, 0.000, 0.000]"
30.92,30.96,Rei,0.9999990463256836,Rei,[1.000],"[0.000, 0.000, 0.055, 1.000, 0.000, 0.000, 0.000]"
30.96,31.0,Rei,0.9999992847442627,Rei,[1.000],"[0.000, 0.000, 0.059, 1.000, 0.000, 0.000, 0.000]"
31.0,31.04,Rei,0.9999995231628418,Rei,[1.000],"[0.000, 0.000, 0.064, 1.000, 0.000, 0.000, 0.000]"
31.04,31.08,Rei,0.9999996423721313,Rei,[1.000],"[0.000, 0.000, 0.070, 1.000, 0.000, 0.000, 0.000]"
31.08,31.12,Rei,0.9999996423721313,Rei,[1.000],"[0.000, 0.000, 0.076, 1.000, 0.000, 0.000, 0.000]"
31.12,31.16,Rei,0.9999997615814209,Rei,[1.000],"[0.000, 0.000, 0.084, 1.000, 0.000, 0.000, 0.000]"
31.16,31.2,Rei,0.9999997615814209,Rei,[1.000],"[0.000, 0.000, 0.091, 1.000, 0.000, 0.000, 0.000]"
31.2,31.24,Rei,0.9999997615814209,Rei,[1.000],"[0.000, 0.000, 0.100, 1.000, 0.000, 0.000, 0.000]"
31.24,31.28,Rei,0.9999998807907104,Rei,[1.000],"[0.000, 0.000, 0.109, 1.000, 0.000, 0.000, 0.000]"
31.28,31.32,Rei,0.9999998807907104,Rei,[1.000],"[0.000, 0.000, 0.119, 1.000, 0.000, 0.000, 0.000]"
31.32,31.36,Rei,0.9999998807907104,Rei,[1.000],"[0.000, 0.001, 0.130, 1.000, 0.000, 0.000, 0.000]"
31.36,31.4,Rei,0.9999998807907104,Rei,[1.000],"[0.000, 0.001, 0.141, 1.000, 0.000, 0.000, 0.000]"
31.4,31.44,Rei,0.9999998807907104,Rei,[1.000],"[0.000, 0.002, 0.152, 1.000, 0.000, 0.000, 0.000]"
31.44,31.48,Rei,0.9999998807907104,Rei,[1.000],"[0.000, 0.004, 0.163, 1.000, 0.000, 0.000, 0.000]"
31.48,31.52,Rei,0.9999997615814209,Rei,[1.000],"[0.000, 0.005, 0.175, 1.000, 0.000, 0.000, 0.000]"
31.52,31.56,Rei,0.9999997615814209,Rei,[1.000],"[0.000, 0.008, 0.186, 1.000, 0.000, 0.000, 0.000]"
31.56,31.6,Rei,0.9999996423721313,Rei,[1.000],"[0.000, 0.010, 0.197, 1.000, 0.000, 0.000, 0.000]"
31.6,31.64,Rei,0.9999996423721313,Rei,[1.000],"[0.000, 0.013, 0.207, 1.000, 0.000, 0.000, 0.000]"
31.64,31.68,Rei,0.9999994039535522,Rei,[1.000],"[0.000, 0.016, 0.217, 1.000, 0.000, 0.000, 0.000]"
31.68,31.72,Rei,0.9999991655349731,Rei,[1.000],"[0.000, 0.018, 0.227, 1.000, 0.000, 0.000, 0.000]"
31.72,31.76,Rei,0.9999988079071045,Rei,[1.000],"[0.000, 0.021, 0.235, 1.000, 0.000, 0.000, 0.000]"
31.76,31.8,Rei,0.9999983310699463,Rei,[1.000],"[0.000, 0.022, 0.242, 1.000, 0.000, 0.000, 0.000]"
31.8,31.84,Rei,0.9999973773956299,Rei,[1.000],"[0.000, 0.023, 0.247, 1.000, 0.000, 0.000, 0.000]"
31.84,31.88,Rei,0.9999958276748657,Rei,[1.000],"[0.000, 0.023, 0.251, 1.000, 0.000, 0.000, 0.000]"
31.88,31.92,Rei,0.9999933242797852,Rei,[1.000],"[0.000, 0.023, 0.253, 1.000, 0.000, 0.000, 0.000]"
31.92,31.96,Rei,0.9999891519546509,Rei,[1.000],"[0.000, 0.022, 0.254, 1.000, 0.000, 0.000, 0.000]"
31.96,32.0,Rei,0.9999823570251465,Rei,[1.000],"[0.000, 0.021, 0.253, 1.000, 0.000, 0.000, 0.000]"
32.0,32.04,Rei,0.9999711513519287,Rei,[1.000],"[0.000, 0.019, 0.251, 1.000, 0.000, 0.000, 0.000]"
32.04,32.08,Rei,0.9999523162841797,Rei,[1.000],"[0.000, 0.018, 0.247, 1.000, 0.000, 0.000, 0.000]"
32.08,32.12,Rei,0.9999207258224487,Rei,[1.000],"[0.000, 0.016, 0.241, 1.000, 0.000, 0.000, 0.000]"
32.12,32.16,Rei,0.9998675584793091,Rei,[1.000],"[0.000, 0.014, 0.234, 1.000, 0.001, 0.000, 0.000]"
32.16,32.2,Rei,0.9997782111167908,Rei,[1.000],"[0.000, 0.013, 0.225, 1.000, 0.001, 0.000, 0.000]"
32.2,32.24,Rei,0.9996289014816284,Rei,[1.000],"[0.000, 0.012, 0.215, 1.000, 0.001, 0.000, 0.000]"
32.24,32.28,Rei,0.9993821382522583,Rei,[0.999],"[0.000, 0.011, 0.203, 0.999, 0.002, 0.000, 0.000]"
32.28,32.32,Rei,0.9989795088768005,Rei,[0.999],"[0.000, 0.010, 0.189, 0.999, 0.003, 0.000, 0.000]"
32.32,32.36,Rei,0.9983339905738831,Rei,[0.998],"[0.000, 0.009, 0.174, 0.998, 0.005, 0.000, 0.000]"
32.36,32.4,Rei,0.9973214268684387,Rei,[0.997],"[0.000, 0.008, 0.159, 0.997, 0.008, 0.000, 0.000]"
32.4,32.44,Rei,0.9957737326622009,Rei,[0.996],"[0.000, 0.007, 0.142, 0.996, 0.013, 0.000, 0.000]"
32.44,32.48,Rei,0.9934763312339783,Rei,[0.993],"[0.000, 0.007, 0.125, 0.993, 0.021, 0.000, 0.000]"
32.48,32.52,Rei,0.9901757836341858,Rei,[0.990],"[0.000, 0.006, 0.109, 0.990, 0.032, 0.000, 0.000]"
32.52,32.56,Rei,0.9856081008911133,Rei,[0.986],"[0.000, 0.006, 0.094, 0.986, 0.051, 0.000, 0.000]"
32.56,32.6,Rei,0.9795395135879517,Rei,[0.980],"[0.000, 0.006, 0.080, 0.980, 0.078, 0.000, 0.000]"
32.6,32.64,Rei,0.9718208312988281,Rei,[0.972],"[0.000, 0.005, 0.067, 0.972, 0.118, 0.000, 0.000]"
32.64,32.68,Rei,0.962454617023468,Rei,[0.962],"[0.000, 0.005, 0.055, 0.962, 0.173, 0.000, 0.000]"
32.68,32.72,Rei,0.9516406059265137,Rei,[0.952],"[0.000, 0.005, 0.045, 0.952, 0.245, 0.000, 0.000]"
32.72,32.76,Rei,0.9397857785224915,Rei,[0.940],"[0.000, 0.005, 0.036, 0.940, 0.331, 0.000, 0.000]"
32.76,32.8,Rei,0.9275093674659729,Rei,[0.928],"[0.000, 0.005, 0.029, 0.928, 0.427, 0.000, 0.000]"
32.8,32.84,Rei,0.9156376719474792,Rei,[0.916],"[0.000, 0.005, 0.023, 0.916, 0.524, 0.000, 0.000]"
32.84,32.88,Rei,0.9050558805465698,Rei|Wonyoung,"[0.905, 0.615]","[0.000, 0.005, 0.018, 0.905, 0.615, 0.000, 0.000]"
32.88,32.92,Rei,0.8966027498245239,Rei|Wonyoung,"[0.897, 0.693]","[0.000, 0.005, 0.014, 0.897, 0.693, 0.000, 0.000]"
32.92,32.96,Rei,0.8909299373626709,Rei|Wonyoung,"[0.891, 0.756]","[0.000, 0.005, 0.011, 0.891, 0.756, 0.000, 0.000]"
32.96,33.0,Rei,0.8883945941925049,Rei|Wonyoung,"[0.888, 0.806]","[0.000, 0.005, 0.009, 0.888, 0.806, 0.000, 0.000]"
33.0,33.04,Rei,0.8890985250473022,Rei|Wonyoung,"[0.889, 0.844]","[0.000, 0.005, 0.007, 0.889, 0.844, 0.000, 0.000]"
33.04,33.08,Rei,0.8929764032363892,Rei|Wonyoung,"[0.893, 0.872]","[0.000, 0.006, 0.005, 0.893, 0.872, 0.000, 0.000]"
33.08,33.12,Rei,0.8997106552124023,Rei|Wonyoung,"[0.900, 0.893]","[0.000, 0.006, 0.004, 0.900, 0.893, 0.000, 0.000]"
33.12,33.16,Rei,0.9088666439056396,Rei|Wonyoung,"[0.909, 0.908]","[0.000, 0.006, 0.004, 0.909, 0.908, 0.000, 0.000]"
33.16,33.2,Rei,0.9197930097579956,Rei|Wonyoung,"[0.920, 0.920]","[0.000, 0.007, 0.003, 0.920, 0.920, 0.000, 0.000]"
33.2,33.24,Rei,0.9316283464431763,Rei|Wonyoung,"[0.932, 0.928]","[0.000, 0.007, 0.003, 0.932, 0.928, 0.000, 0.000]"
33.24,33.28,Rei,0.9435076713562012,Rei|Wonyoung,"[0.944, 0.933]","[0.000, 0.008, 0.002, 0.944, 0.933, 0.000, 0.000]"
33.28,33.32,Rei,0.9547412991523743,Rei|Wonyoung,"[0.955, 0.936]","[0.000, 0.008, 0.002, 0.955, 0.936, 0.000, 0.000]"
33.32,33.36,Rei,0.9648216366767883,Rei|Wonyoung,"[0.965, 0.938]","[0.000, 0.009, 0.002, 0.965, 0.938, 0.000, 0.000]"
33.36,33.4,Rei,0.9734368920326233,Rei|Wonyoung,"[0.973, 0.938]","[0.000, 0.009, 0.002, 0.973, 0.938, 0.000, 0.000]"
33.4,33.44,Rei,0.9804640412330627,Rei|Wonyoung,"[0.980, 0.936]","[0.000, 0.009, 0.001, 0.980, 0.936, 0.000, 0.000]"
33.44,33.48,Rei,0.9859620928764343,Rei|Wonyoung,"[0.986, 0.932]","[0.000, 0.010, 0.001, 0.986, 0.932, 0.000, 0.000]"
33.48,33.52,Rei,0.9901114106178284,Rei|Wonyoung,"[0.990, 0.926]","[0.000, 0.010, 0.001, 0.990, 0.926, 0.000, 0.000]"
33.52,33.56,Rei,0.9931532144546509,Rei|Wonyoung,"[0.993, 0.917]","[0.000, 0.010, 0.001, 0.993, 0.917, 0.000, 0.000]"
33.56,33.6,Rei,0.9953307509422302,Rei|Wonyoung,"[0.995, 0.906]","[0.000, 0.010, 0.001, 0.995, 0.906, 0.000, 0.000]"
33.6,33.64,Rei,0.9968560934066772,Rei|Wonyoung,"[0.997, 0.891]","[0.000, 0.010, 0.001, 0.997, 0.891, 0.000, 0.000]"
33.64,33.68,Rei,0.9979023933410645,Rei|Wonyoung,"[0.998, 0.871]","[0.000, 0.010, 0.001, 0.998, 0.871, 0.000, 0.000]"
33.68,33.72,Rei,0.9986072182655334,Rei|Wonyoung,"[0.999, 0.847]","[0.000, 0.009, 0.001, 0.999, 0.847, 0.000, 0.000]"
33.72,33.76,Rei,0.9990752935409546,Rei|Wonyoung,"[0.999, 0.816]","[0.000, 0.008, 0.001, 0.999, 0.816, 0.000, 0.000]"
33.76,33.8,Rei,0.9993832111358643,Rei|Wonyoung,"[0.999, 0.780]","[0.000, 0.008, 0.001, 0.999, 0.780, 0.000, 0.000]"
33.8,33.84,Rei,0.9995847344398499,Rei|Wonyoung,"[1.000, 0.737]","[0.000, 0.007, 0.002, 1.000, 0.737, 0.000, 0.000]"
33.84,33.88,Rei,0.9997163414955139,Rei|Wonyoung,"[1.000, 0.690]","[0.000, 0.006, 0.002, 1.000, 0.690, 0.000, 0.000]"
33.88,33.92,Rei,0.9998026490211487,Rei|Wonyoung,"[1.000, 0.638]","[0.000, 0.005, 0.002, 1.000, 0.638, 0.000, 0.000]"
33.92,33.96,Rei,0.9998595714569092,Rei|Wonyoung,"[1.000, 0.585]","[0.000, 0.004, 0.002, 1.000, 0.585, 0.000, 0.000]"
33.96,34.0,Rei,0.9998977184295654,Rei|Wonyoung,"[1.000, 0.533]","[0.000, 0.003, 0.002, 1.000, 0.533, 0.000, 0.000]"
34.0,34.04,Rei,0.9999234676361084,Rei|Wonyoung,"[1.000, 0.483]","[0.000, 0.003, 0.002, 1.000, 0.483, 0.000, 0.000]"
34.04,34.08,Rei,0.9999412298202515,Rei,[1.000],"[0.000, 0.002, 0.002, 1.000, 0.438, 0.000, 0.000]"
34.08,34.12,Rei,0.9999538660049438,Rei,[1.000],"[0.000, 0.002, 0.003, 1.000, 0.398, 0.000, 0.000]"
34.12,34.16,Rei,0.9999628067016602,Rei,[1.000],"[0.000, 0.001, 0.003, 1.000, 0.364, 0.000, 0.000]"
34.16,34.2,Rei,0.9999693632125854,Rei,[1.000],"[0.000, 0.001, 0.003, 1.000, 0.336, 0.000, 0.000]"
34.2,34.24,Rei,0.9999741315841675,Rei,[1.000],"[0.000, 0.001, 0.003, 1.000, 0.313, 0.000, 0.000]"
34.24,34.28,Rei,0.9999775886535645,Rei,[1.000],"[0.000, 0.000, 0.004, 1.000, 0.294, 0.000, 0.000]"
34.28,34.32,Rei,0.999980092048645,Rei,[1.000],"[0.000, 0.000, 0.004, 1.000, 0.280, 0.000, 0.000]"
34.32,34.36,Rei,0.9999818801879883,Rei,[1.000],"[0.000, 0.000, 0.004, 1.000, 0.269, 0.000, 0.000]"
34.36,34.4,Rei,0.9999831914901733,Rei,[1.000],"[0.000, 0.000, 0.004, 1.000, 0.261, 0.000, 0.000]"
34.4,34.44,Rei,0.9999841451644897,Rei,[1.000],"[0.000, 0.000, 0.004, 1.000, 0.255, 0.000, 0.000]"
34.44,34.48,Rei,0.999984860420227,Rei,[1.000],"[0.000, 0.000, 0.004, 1.000, 0.251, 0.000, 0.000]"
34.48,34.52,Rei,0.9999852180480957,Rei,[1.000],"[0.000, 0.000, 0.004, 1.000, 0.249, 0.000, 0.000]"
34.52,34.56,Rei,0.9999855756759644,Rei,[1.000],"[0.000, 0.000, 0.004, 1.000, 0.249, 0.000, 0.000]"
34.56,34.6,Rei,0.9999858140945435,Rei,[1.000],"[0.001, 0.000, 0.004, 1.000, 0.249, 0.000, 0.000]"
34.6,34.64,Rei,0.999985933303833,Rei,[1.000],"[0.001, 0.000, 0.004, 1.000, 0.250, 0.000, 0.000]"
34.64,34.68,Rei,0.9999860525131226,Rei,[1.000],"[0.001, 0.000, 0.004, 1.000, 0.251, 0.000, 0.000]"
34.68,34.72,Rei,0.9999861717224121,Rei,[1.000],"[0.002, 0.000, 0.003, 1.000, 0.252, 0.000, 0.000]"
34.72,34.76,Rei,0.9999864101409912,Rei,[1.000],"[0.003, 0.000, 0.003, 1.000, 0.252, 0.000, 0.000]"
34.76,34.8,Rei,0.9999866485595703,Rei,[1.000],"[0.004, 0.000, 0.003, 1.000, 0.252, 0.000, 0.000]"
34.8,34.84,Rei,0.999987006187439,Rei,[1.000],"[0.005, 0.000, 0.003, 1.000, 0.250, 0.000, 0.000]"
34.84,34.88,Rei,0.9999874830245972,Rei,[1.000],"[0.007, 0.000, 0.003, 1.000, 0.247, 0.000, 0.000]"
34.88,34.92,Rei,0.9999879598617554,Rei,[1.000],"[0.009, 0.000, 0.003, 1.000, 0.242, 0.000, 0.000]"
34.92,34.96,Rei,0.9999884366989136,Rei,[1.000],"[0.013, 0.000, 0.002, 1.000, 0.236, 0.000, 0.000]"
34.96,35.0,Rei,0.9999889135360718,Rei,[1.000],"[0.017, 0.000, 0.002, 1.000, 0.229, 0.000, 0.000]"
35.0,35.04,Rei,0.99998939037323,Rei,[1.000],"[0.022, 0.000, 0.002, 1.000, 0.220, 0.000, 0.000]"
35.04,35.08,Rei,0.9999897480010986,Rei,[1.000],"[0.029, 0.000, 0.002, 1.000, 0.210, 0.000, 0.000]"
35.08,35.12,Rei,0.9999901056289673,Rei,[1.000],"[0.036, 0.000, 0.002, 1.000, 0.199, 0.000, 0.000]"
35.12,35.16,Rei,0.9999902248382568,Rei,[1.000],"[0.045, 0.000, 0.002, 1.000, 0.187, 0.000, 0.000]"
35.16,35.2,Rei,0.9999903440475464,Rei,[1.000],"[0.054, 0.000, 0.002, 1.000, 0.174, 0.000, 0.000]"
35.2,35.24,Rei,0.9999902248382568,Rei,[1.000],"[0.064, 0.000, 0.002, 1.000, 0.160, 0.000, 0.000]"
35.24,35.28,Rei,0.9999899864196777,Rei,[1.000],"[0.073, 0.000, 0.002, 1.000, 0.146, 0.000, 0.000]"
35.28,35.32,Rei,0.9999895095825195,Rei,[1.000],"[0.082, 0.000, 0.002, 1.000, 0.132, 0.000, 0.000]"
35.32,35.36,Rei,0.9999887943267822,Rei,[1.000],"[0.090, 0.000, 0.002, 1.000, 0.118, 0.000, 0.000]"
35.36,35.4,Rei,0.9999877214431763,Rei,[1.000],"[0.096, 0.000, 0.002, 1.000, 0.104, 0.000, 0.000]"
35.4,35.44,Rei,0.9999861717224121,Rei,[1.000],"[0.101, 0.000, 0.002, 1.000, 0.091, 0.000, 0.000]"
35.44,35.48,Rei,0.9999842643737793,Rei,[1.000],"[0.105, 0.000, 0.002, 1.000, 0.079, 0.000, 0.000]"
35.48,35.52,Rei,0.9999817609786987,Rei,[1.000],"[0.107, 0.000, 0.002, 1.000, 0.068, 0.000, 0.000]"
35.52,35.56,Rei,0.9999785423278809,Rei,[1.000],"[0.106, 0.000, 0.003, 1.000, 0.058, 0.001, 0.000]"
35.56,35.6,Rei,0.9999743700027466,Rei,[1.000],"[0.105, 0.000, 0.003, 1.000, 0.049, 0.001, 0.000]"
35.6,35.64,Rei,0.9999690055847168,Rei,[1.000],"[0.101, 0.000, 0.003, 1.000, 0.041, 0.001, 0.000]"
35.64,35.68,Rei,0.9999620914459229,Rei,[1.000],"[0.096, 0.000, 0.004, 1.000, 0.034, 0.001, 0.000]"
35.68,35.72,Rei,0.9999533891677856,Rei,[1.000],"[0.089, 0.000, 0.004, 1.000, 0.028, 0.001, 0.000]"
35.72,35.76,Rei,0.9999425411224365,Rei,[1.000],"[0.081, 0.000, 0.005, 1.000, 0.022, 0.001, 0.000]"
35.76,35.8,Rei,0.9999291896820068,Rei,[1.000],"[0.071, 0.000, 0.005, 1.000, 0.018, 0.001, 0.000]"
35.8,35.84,Rei,0.999913215637207,Rei,[1.000],"[0.061, 0.000, 0.006, 1.000, 0.014, 0.002, 0.000]"
35.84,35.88,Rei,0.999894380569458,Rei,[1.000],"[0.050, 0.000, 0.007, 1.000, 0.011, 0.002, 0.000]"
35.88,35.92,Rei,0.999873161315918,Rei,[1.000],"[0.040, 0.000, 0.009, 1.000, 0.008, 0.003, 0.000]"
35.92,35.96,Rei,0.9998501539230347,Rei,[1.000],"[0.031, 0.000, 0.010, 1.000, 0.006, 0.004, 0.000]"
35.96,36.0,Rei,0.9998263716697693,Rei,[1.000],"[0.023, 0.000, 0.012, 1.000, 0.004, 0.005, 0.000]"
36.0,36.04,Rei,0.9998032450675964,Rei,[1.000],"[0.017, 0.000, 0.015, 1.000, 0.003, 0.006, 0.000]"
36.04,36.08,Rei,0.9997822642326355,Rei,[1.000],"[0.012, 0.000, 0.017, 1.000, 0.002, 0.007, 0.000]"
36.08,36.12,Rei,0.999764621257782,Rei,[1.000],"[0.008, 0.000, 0.020, 1.000, 0.002, 0.009, 0.000]"
36.12,36.16,Rei,0.9997511506080627,Rei,[1.000],"[0.005, 0.000, 0.023, 1.000, 0.001, 0.011, 0.000]"
36.16,36.2,Rei,0.9997426867485046,Rei,[1.000],"[0.003, 0.000, 0.027, 1.000, 0.001, 0.013, 0.000]"
36.2,36.24,Rei,0.9997391104698181,Rei,[1.000],"[0.002, 0.000, 0.030, 1.000, 0.001, 0.016, 0.000]"
36.24,36.28,Rei,0.9997401833534241,Rei,[1.000],"[0.001, 0.000, 0.034, 1.000, 0.000, 0.018, 0.000]"
36.28,36.32,Rei,0.9997451901435852,Rei,[1.000],"[0.001, 0.000, 0.037, 1.000, 0.000, 0.020, 0.000]"
36.32,36.36,Rei,0.9997531771659851,Rei,[1.000],"[0.000, 0.000, 0.040, 1.000, 0.000, 0.022, 0.000]"
36.36,36.4,Rei,0.9997630715370178,Rei,[1.000],"[0.000, 0.000, 0.043, 1.000, 0.000, 0.024, 0.000]"
36.4,36.44,Rei,0.9997736811637878,Rei,[1.000],"[0.000, 0.000, 0.045, 1.000, 0.000, 0.025, 0.000]"
36.44,36.48,Rei,0.9997840523719788,Rei,[1.000],"[0.000, 0.000, 0.047, 1.000, 0.000, 0.025, 0.000]"
36.48,36.52,Rei,0.9997932314872742,Rei,[1.000],"[0.000, 0.000, 0.048, 1.000, 0.000, 0.025, 0.000]"
36.52,36.56,Rei,0.9998007416725159,Rei,[1.000],"[0.000, 0.000, 0.047, 1.000, 0.000, 0.024, 0.000]"
36.56,36.6,Rei,0.9998059868812561,Rei,[1.000],"[0.000, 0.000, 0.047, 1.000, 0.000, 0.023, 0.000]"
36.6,36.64,Rei,0.9998089671134949,Rei,[1.000],"[0.000, 0.000, 0.045, 1.000, 0.000, 0.021, 0.000]"
36.64,36.68,Rei,0.9998095631599426,Rei,[1.000],"[0.000, 0.000, 0.043, 1.000, 0.000, 0.019, 0.000]"
36.68,36.72,Rei,0.9998076558113098,Rei,[1.000],"[0.000, 0.000, 0.040, 1.000, 0.000, 0.017, 0.000]"
36.72,36.76,Rei,0.9998027682304382,Rei,[1.000],"[0.000, 0.000, 0.036, 1.000, 0.000, 0.015, 0.000]"
36.76,36.8,Rei,0.9997945427894592,Rei,[1.000],"[0.000, 0.000, 0.033, 1.000, 0.000, 0.013, 0.000]"
36.8,36.84,Rei,0.999782383441925,Rei,[1.000],"[0.000, 0.000, 0.029, 1.000, 0.000, 0.011, 0.000]"
36.84,36.88,Rei,0.9997654557228088,Rei,[1.000],"[0.000, 0.000, 0.025, 1.000, 0.000, 0.009, 0.000]"
36.88,36.92,Rei,0.9997426867485046,Rei,[1.000],"[0.000, 0.000, 0.022, 1.000, 0.000, 0.007, 0.000]"
36.92,36.96,Rei,0.999713122844696,Rei,[1.000],"[0.000, 0.000, 0.018, 1.000, 0.000, 0.006, 0.000]"
36.96,37.0,Rei,0.9996753931045532,Rei,[1.000],"[0.000, 0.000, 0.015, 1.000, 0.000, 0.005, 0.000]"
37.0,37.04,Rei,0.9996277093887329,Rei,[1.000],"[0.000, 0.000, 0.012, 1.000, 0.000, 0.004, 0.000]"
37.04,37.08,Rei,0.9995684027671814,Rei,[1.000],"[0.000, 0.000, 0.010, 1.000, 0.000, 0.003, 0.000]"
37.08,37.12,Rei,0.9994955062866211,Rei,[0.999],"[0.000, 0.000, 0.008, 0.999, 0.000, 0.003, 0.000]"
37.12,37.16,Rei,0.9994065761566162,Rei,[0.999],"[0.000, 0.000, 0.006, 0.999, 0.000, 0.002, 0.000]"
37.16,37.2,Rei,0.9992994070053101,Rei,[0.999],"[0.000, 0.000, 0.005, 0.999, 0.000, 0.002, 0.000]"
37.2,37.24,Rei,0.9991724491119385,Rei,[0.999],"[0.000, 0.000, 0.004, 0.999, 0.000, 0.001, 0.000]"
37.24,37.28,Rei,0.9990242719650269,Rei,[0.999],"[0.000, 0.000, 0.003, 0.999, 0.000, 0.001, 0.000]"
37.28,37.32,Rei,0.998854398727417,Rei,[0.999],"[0.000, 0.000, 0.002, 0.999, 0.000, 0.001, 0.000]"
37.32,37.36,Rei,0.9986637830734253,Rei,[0.999],"[0.000, 0.000, 0.002, 0.999, 0.000, 0.001, 0.000]"
37.36,37.4,Rei,0.9984536170959473,Rei,[0.998],"[0.000, 0.000, 0.002, 0.998, 0.000, 0.001, 0.000]"
37.4,37.44,Rei,0.9982232451438904,Rei,[0.998],"[0.000, 0.000, 0.001, 0.998, 0.000, 0.001, 0.000]"
37.44,37.48,Rei,0.9979698061943054,Rei,[0.998],"[0.000, 0.000, 0.001, 0.998, 0.000, 0.001, 0.000]"
37.48,37.52,Rei,0.9976879358291626,Rei,[0.998],"[0.000, 0.000, 0.001, 0.998, 0.000, 0.000, 0.000]"
37.52,37.56,Rei,0.997368335723877,Rei,[0.997],"[0.000, 0.000, 0.001, 0.997, 0.000, 0.000, 0.000]"
37.56,37.6,Rei,0.9969979524612427,Rei,[0.997],"[0.000, 0.000, 0.001, 0.997, 0.000, 0.000, 0.000]"
37.6,37.64,Rei,0.9965582489967346,Rei,[0.997],"[0.000, 0.000, 0.001, 0.997, 0.001, 0.000, 0.000]"
37.64,37.68,Rei,0.996023416519165,Rei,[0.996],"[0.000, 0.000, 0.001, 0.996, 0.001, 0.000, 0.000]"
37.68,37.72,Rei,0.9953568577766418,Rei,[0.995],"[0.000, 0.000, 0.001, 0.995, 0.001, 0.000, 0.000]"
37.72,37.76,Rei,0.9945059418678284,Rei,[0.995],"[0.000, 0.000, 0.001, 0.995, 0.002, 0.000, 0.000]"
37.76,37.8,Rei,0.9933956265449524,Rei,[0.993],"[0.000, 0.000, 0.001, 0.993, 0.003, 0.000, 0.000]"
37.8,37.84,Rei,0.9919155240058899,Rei,[0.992],"[0.000, 0.000, 0.001, 0.992, 0.004, 0.000, 0.000]"
37.84,37.88,Rei,0.9899071455001831,Rei,[0.990],"[0.000, 0.000, 0.001, 0.990, 0.005, 0.000, 0.000]"
37.88,37.92,Rei,0.987129271030426,Rei,[0.987],"[0.000, 0.000, 0.001, 0.987, 0.007, 0.000, 0.000]"
37.92,37.96,Rei,0.9832382202148438,Rei,[0.983],"[0.000, 0.000, 0.001, 0.983, 0.010, 0.000, 0.000]"
37.96,38.0,Rei,0.9777323007583618,Rei,[0.978],"[0.000, 0.000, 0.001, 0.978, 0.014, 0.000, 0.000]"
38.0,38.04,Rei,0.9698750972747803,Rei,[0.970],"[0.000, 0.000, 0.001, 0.970, 0.018, 0.000, 0.000]"
38.04,38.08,Rei,0.9585633277893066,Rei,[0.959],"[0.000, 0.000, 0.001, 0.959, 0.024, 0.000, 0.000]"
38.08,38.12,Rei,0.9422018527984619,Rei,[0.942],"[0.000, 0.000, 0.002, 0.942, 0.030, 0.000, 0.000]"
38.12,38.16,Rei,0.9185636639595032,Rei,[0.919],"[0.000, 0.000, 0.002, 0.919, 0.037, 0.000, 0.000]"
38.16,38.2,Rei,0.884861946105957,Rei,[0.885],"[0.000, 0.000, 0.002, 0.885, 0.044, 0.000, 0.000]"
38.2,38.24,Rei,0.838050127029419,Rei,[0.838],"[0.000, 0.000, 0.003, 0.838, 0.053, 0.000, 0.000]"
38.24,38.28,Rei,0.7758489847183228,Rei,[0.776],"[0.000, 0.000, 0.003, 0.776, 0.061, 0.000, 0.000]"
38.28,38.32,Rei,0.6981391310691833,Rei,[0.698],"[0.000, 0.000, 0.004, 0.698, 0.070, 0.000, 0.000]"
38.32,38.36,Rei,0.6080490350723267,Rei,[0.608],"[0.000, 0.000, 0.005, 0.608, 0.080, 0.000, 0.000]"
38.36,38.4,Rei,0.5120405554771423,Rei,[0.512],"[0.000, 0.000, 0.006, 0.512, 0.089, 0.000, 0.000]"
38.4,38.44,Rei,0.4182976484298706,,[],"[0.000, 0.000, 0.007, 0.418, 0.098, 0.001, 0.000]"
38.44,38.48,Rei,0.3338949382305145,,[],"[0.000, 0.000, 0.009, 0.334, 0.107, 0.001, 0.000]"
38.48,38.52,Rei,0.26287126541137695,,[],"[0.000, 0.000, 0.012, 0.263, 0.115, 0.001, 0.000]"
38.52,38.56,Rei,0.20613005757331848,,[],"[0.000, 0.000, 0.015, 0.206, 0.123, 0.001, 0.000]"
38.56,38.6,Rei,0.16241592168807983,,[],"[0.000, 0.000, 0.020, 0.162, 0.131, 0.002, 0.000]"
38.6,38.64,Wonyoung,0.1380252242088318,,[],"[0.000, 0.000, 0.028, 0.129, 0.138, 0.002, 0.000]"
38.64,38.68,Wonyoung,0.14436934888362885,,[],"[0.000, 0.000, 0.039, 0.105, 0.144, 0.003, 0.000]"
38.68,38.72,Wonyoung,0.15012629330158234,,[],"[0.000, 0.000, 0.055, 0.086, 0.150, 0.003, 0.000]"
38.72,38.76,Wonyoung,0.15533402562141418,,[],"[0.000, 0.000, 0.080, 0.072, 0.155, 0.004, 0.000]"
38.76,38.8,Wonyoung,0.16000396013259888,,[],"[0.000, 0.000, 0.118, 0.061, 0.160, 0.006, 0.000]"
38.8,38.84,Liz,0.17610730230808258,,[],"[0.000, 0.000, 0.176, 0.053, 0.164, 0.007, 0.000]"
38.84,38.88,Liz,0.2603006064891815,,[],"[0.000, 0.000, 0.260, 0.047, 0.168, 0.009, 0.000]"
38.88,38.92,Liz,0.37409335374832153,,[],"[0.000, 0.000, 0.374, 0.043, 0.171, 0.012, 0.000]"
38.92,38.96,Liz,0.511184573173523,,[],"[0.000, 0.000, 0.511, 0.040, 0.174, 0.015, 0.000]"
38.96,39.0,Liz,0.6527935266494751,Liz,[0.653],"[0.000, 0.000, 0.653, 0.037, 0.176, 0.018, 0.000]"
39.0,39.04,Liz,0.7758764028549194,Liz,[0.776],"[0.000, 0.000, 0.776, 0.036, 0.179, 0.022, 0.000]"
39.04,39.08,Liz,0.8666561245918274,Liz,[0.867],"[0.000, 0.000, 0.867, 0.035, 0.181, 0.026, 0.000]"
39.08,39.12,Liz,0.9252849221229553,Liz,[0.925],"[0.000, 0.000, 0.925, 0.034, 0.183, 0.031, 0.000]"
39.12,39.16,Liz,0.9597075581550598,Liz,[0.960],"[0.000, 0.000, 0.960, 0.034, 0.186, 0.036, 0.000]"
39.16,39.2,Liz,0.9787102937698364,Liz,[0.979],"[0.001, 0.000, 0.979, 0.033, 0.189, 0.041, 0.000]"
39.2,39.24,Liz,0.988828718662262,Liz,[0.989],"[0.001, 0.000, 0.989, 0.033, 0.192, 0.045, 0.000]"
39.24,39.28,Liz,0.994118332862854,Liz,[0.994],"[0.001, 0.000, 0.994, 0.032, 0.197, 0.050, 0.000]"
39.28,39.32,Liz,0.9968665242195129,Liz,[0.997],"[0.001, 0.000, 0.997, 0.031, 0.203, 0.053, 0.000]"
39.32,39.36,Liz,0.9982994198799133,Liz,[0.998],"[0.001, 0.000, 0.998, 0.029, 0.210, 0.056, 0.000]"
39.36,39.4,Liz,0.9990536570549011,Liz,[0.999],"[0.001, 0.000, 0.999, 0.026, 0.218, 0.058, 0.000]"
39.4,39.44,Liz,0.999457061290741,Liz,[0.999],"[0.001, 0.000, 0.999, 0.024, 0.227, 0.059, 0.000]"
39.44,39.48,Liz,0.9996771812438965,Liz,[1.000],"[0.001, 0.000, 1.000, 0.021, 0.237, 0.059, 0.000]"
39.48,39.52,Liz,0.9998000264167786,Liz,[1.000],"[0.001, 0.000, 1.000, 0.017, 0.247, 0.059, 0.000]"
39.52,39.56,Liz,0.9998705387115479,Liz,[1.000],"[0.001, 0.000, 1.000, 0.014, 0.258, 0.058, 0.000]"
39.56,39.6,Liz,0.9999120235443115,Liz,[1.000],"[0.001, 0.000, 1.000, 0.012, 0.270, 0.056, 0.000]"
39.6,39.64,Liz,0.9999371767044067,Liz,[1.000],"[0.001, 0.000, 1.000, 0.009, 0.281, 0.054, 0.000]"
39.64,39.68,Liz,0.9999526739120483,Liz,[1.000],"[0.001, 0.000, 1.000, 0.007, 0.293, 0.053, 0.000]"
39.68,39.72,Liz,0.999962329864502,Liz,[1.000],"[0.001, 0.000, 1.000, 0.005, 0.305, 0.051, 0.000]"
39.72,39.76,Liz,0.9999682903289795,Liz,[1.000],"[0.001, 0.000, 1.000, 0.004, 0.316, 0.049, 0.000]"
39.76,39.8,Liz,0.9999717473983765,Liz,[1.000],"[0.001, 0.000, 1.000, 0.003, 0.328, 0.048, 0.000]"
39.8,39.84,Liz,0.9999732971191406,Liz,[1.000],"[0.001, 0.000, 1.000, 0.002, 0.340, 0.047, 0.000]"
39.84,39.88,Liz,0.9999734163284302,Liz,[1.000],"[0.001, 0.000, 1.000, 0.002, 0.351, 0.046, 0.000]"
39.88,39.92,Liz,0.9999721050262451,Liz,[1.000],"[0.001, 0.000, 1.000, 0.001, 0.362, 0.045, 0.000]"
39.92,39.96,Liz,0.9999693632125854,Liz,[1.000],"[0.001, 0.000, 1.000, 0.001, 0.371, 0.045, 0.000]"
39.96,40.0,Liz,0.9999645948410034,Liz,[1.000],"[0.001, 0.000, 1.000, 0.001, 0.380, 0.046, 0.000]"
40.0,40.04,Liz,0.9999575614929199,Liz,[1.000],"[0.001, 0.000, 1.000, 0.001, 0.387, 0.046, 0.000]"
40.04,40.08,Liz,0.999947190284729,Liz,[1.000],"[0.001, 0.000, 1.000, 0.000, 0.392, 0.048, 0.000]"
40.08,40.12,Liz,0.9999324083328247,Liz,[1.000],"[0.001, 0.000, 1.000, 0.000, 0.394, 0.049, 0.000]"
40.12,40.16,Liz,0.9999114274978638,Liz,[1.000],"[0.000, 0.000, 1.000, 0.000, 0.393, 0.052, 0.000]"
40.16,40.2,Liz,0.9998817443847656,Liz,[1.000],"[0.000, 0.000, 1.000, 0.000, 0.388, 0.055, 0.000]"
40.2,40.24,Liz,0.9998399019241333,Liz,[1.000],"[0.000, 0.000, 1.000, 0.000, 0.381, 0.059, 0.000]"
40.24,40.28,Liz,0.99978107213974,Liz,[1.000],"[0.000, 0.000, 1.000, 0.000, 0.370, 0.064, 0.000]"
40.28,40.32,Liz,0.999698281288147,Liz,[1.000],"[0.000, 0.000, 1.000, 0.000, 0.356, 0.070, 0.000]"
40.32,40.36,Liz,0.9995813965797424,Liz,[1.000],"[0.000, 0.000, 1.000, 0.000, 0.340, 0.077, 0.000]"
40.36,40.4,Liz,0.999416708946228,Liz,[0.999],"[0.000, 0.000, 0.999, 0.000, 0.322, 0.085, 0.000]"
40.4,40.44,Liz,0.999184787273407,Liz,[0.999],"[0.000, 0.000, 0.999, 0.000, 0.302, 0.095, 0.000]"
40.44,40.48,Liz,0.998859167098999,Liz,[0.999],"[0.000, 0.000, 0.999, 0.000, 0.280, 0.107, 0.000]"
40.48,40.52,Liz,0.9984027743339539,Liz,[0.998],"[0.000, 0.000, 0.998, 0.000, 0.258, 0.121, 0.000]"
40.52,40.56,Liz,0.9977644681930542,Liz,[0.998],"[0.000, 0.000, 0.998, 0.000, 0.236, 0.137, 0.000]"
40.56,40.6,Liz,0.9968738555908203,Liz,[0.997],"[0.000, 0.000, 0.997, 0.000, 0.215, 0.155, 0.000]"
40.6,40.64,Liz,0.9956334233283997,Liz,[0.996],"[0.000, 0.000, 0.996, 0.000, 0.194, 0.176, 0.000]"
40.64,40.68,Liz,0.9939086437225342,Liz,[0.994],"[0.000, 0.000, 0.994, 0.000, 0.174, 0.200, 0.000]"
40.68,40.72,Liz,0.9915173053741455,Liz,[0.992],"[0.000, 0.000, 0.992, 0.000, 0.156, 0.226, 0.000]"
40.72,40.76,Liz,0.9882148504257202,Liz,[0.988],"[0.000, 0.000, 0.988, 0.000, 0.139, 0.255, 0.000]"
40.76,40.8,Liz,0.9836803674697876,Liz,[0.984],"[0.000, 0.000, 0.984, 0.000, 0.125, 0.287, 0.000]"
40.8,40.84,Liz,0.9775083065032959,Liz,[0.978],"[0.000, 0.000, 0.978, 0.000, 0.112, 0.319, 0.000]"
40.84,40.88,Liz,0.9691999554634094,Liz,[0.969],"[0.000, 0.000, 0.969, 0.000, 0.101, 0.352, 0.000]"
40.88,40.92,Liz,0.9581800103187561,Liz,[0.958],"[0.000, 0.000, 0.958, 0.000, 0.091, 0.384, 0.000]"
40.92,40.96,Liz,0.9438226819038391,Liz,[0.944],"[0.000, 0.000, 0.944, 0.000, 0.083, 0.415, 0.000]"
40.96,41.0,Liz,0.9255514740943909,Liz,[0.926],"[0.000, 0.000, 0.926, 0.000, 0.077, 0.443, 0.000]"
41.0,41.04,Liz,0.9029538035392761,Liz,[0.903],"[0.000, 0.000, 0.903, 0.000, 0.071, 0.468, 0.000]"
41.04,41.08,Liz,0.8759541511535645,Liz,[0.876],"[0.000, 0.000, 0.876, 0.000, 0.067, 0.489, 0.000]"
41.08,41.12,Liz,0.8449136018753052,Liz,[0.845],"[0.000, 0.000, 0.845, 0.000, 0.064, 0.505, 0.000]"
41.12,41.16,Liz,0.81070876121521,Liz,[0.811],"[0.000, 0.000, 0.811, 0.000, 0.061, 0.516, 0.000]"
41.16,41.2,Liz,0.7746707797050476,Liz,[0.775],"[0.000, 0.000, 0.775, 0.000, 0.060, 0.522, 0.000]"
41.2,41.24,Liz,0.7383707761764526,Liz,[0.738],"[0.000, 0.000, 0.738, 0.000, 0.059, 0.522, 0.000]"
41.24,41.28,Liz,0.703315794467926,Liz,[0.703],"[0.000, 0.000, 0.703, 0.000, 0.059, 0.516, 0.000]"
41.28,41.32,Liz,0.6707621216773987,Liz,[0.671],"[0.000, 0.000, 0.671, 0.000, 0.059, 0.505, 0.000]"
41.32,41.36,Liz,0.6417557001113892,Liz,[0.642],"[0.001, 0.000, 0.642, 0.000, 0.060, 0.489, 0.000]"
41.36,41.4,Liz,0.617152214050293,Liz,[0.617],"[0.001, 0.000, 0.617, 0.000, 0.061, 0.468, 0.000]"
41.4,41.44,Liz,0.5975785851478577,Liz,[0.598],"[0.002, 0.000, 0.598, 0.000, 0.064, 0.442, 0.000]"
41.44,41.48,Liz,0.5833443403244019,Liz,[0.583],"[0.002, 0.000, 0.583, 0.000, 0.067, 0.412, 0.000]"
41.48,41.52,Liz,0.5744987726211548,Liz,[0.574],"[0.004, 0.000, 0.574, 0.000, 0.070, 0.379, 0.000]"
41.52,41.56,Liz,0.5708770751953125,Liz,[0.571],"[0.006, 0.000, 0.571, 0.000, 0.075, 0.343, 0.000]"
41.56,41.6,Liz,0.5721707344055176,Liz,[0.572],"[0.009, 0.000, 0.572, 0.000, 0.081, 0.306, 0.000]"
41.6,41.64,Liz,0.5779640674591064,Liz,[0.578],"[0.014, 0.000, 0.578, 0.000, 0.087, 0.268, 0.000]"
41.64,41.68,Liz,0.5876531600952148,Liz,[0.588],"[0.022, 0.000, 0.588, 0.000, 0.095, 0.231, 0.000]"
41.68,41.72,Liz,0.6004552841186523,Liz,[0.600],"[0.033, 0.000, 0.600, 0.000, 0.104, 0.196, 0.000]"
41.72,41.76,Liz,0.6156003475189209,Liz,[0.616],"[0.049, 0.000, 0.616, 0.000, 0.113, 0.163, 0.000]"
41.76,41.8,Liz,0.6322484612464905,Liz,[0.632],"[0.070, 0.000, 0.632, 0.000, 0.124, 0.133, 0.000]"
41.8,41.84,Liz,0.6495275497436523,Liz,[0.650],"[0.098, 0.000, 0.650, 0.001, 0.136, 0.107, 0.000]"
41.84,41.88,Liz,0.6665925979614258,Liz,[0.667],"[0.132, 0.000, 0.667, 0.001, 0.148, 0.084, 0.000]"
41.88,41.92,Liz,0.6827417612075806,Liz,[0.683],"[0.170, 0.000, 0.683, 0.001, 0.161, 0.065, 0.000]"
41.92,41.96,Liz,0.6974231600761414,Liz,[0.697],"[0.210, 0.000, 0.697, 0.002, 0.175, 0.049, 0.000]"
41.96,42.0,Liz,0.7101861238479614,Liz,[0.710],"[0.249, 0.000, 0.710, 0.003, 0.189, 0.037, 0.000]"
42.0,42.04,Liz,0.72081458568573,Liz,[0.721],"[0.283, 0.000, 0.721, 0.004, 0.204, 0.027, 0.000]"
42.04,42.08,Liz,0.7292311191558838,Liz,[0.729],"[0.312, 0.000, 0.729, 0.005, 0.220, 0.020, 0.000]"
42.08,42.12,Liz,0.7354024052619934,Liz,[0.735],"[0.331, 0.000, 0.735, 0.007, 0.236, 0.015, 0.000]"
42.12,42.16,Liz,0.739263117313385,Liz,[0.739],"[0.342, 0.000, 0.739, 0.009, 0.252, 0.010, 0.000]"
42.16,42.2,Liz,0.7407394647598267,Liz,[0.741],"[0.344, 0.000, 0.741, 0.011, 0.268, 0.007, 0.000]"
42.2,42.24,Liz,0.7398717999458313,Liz,[0.740],"[0.336, 0.000, 0.740, 0.014, 0.283, 0.005, 0.000]"
42.24,42.28,Liz,0.7368278503417969,Liz,[0.737],"[0.320, 0.000, 0.737, 0.016, 0.297, 0.004, 0.000]"
42.28,42.32,Liz,0.7318658232688904,Liz,[0.732],"[0.296, 0.000, 0.732, 0.017, 0.310, 0.003, 0.000]"
42.32,42.36,Liz,0.7252717018127441,Liz,[0.725],"[0.266, 0.000, 0.725, 0.018, 0.321, 0.002, 0.000]"
42.36,42.4,Liz,0.7173922657966614,Liz,[0.717],"[0.232, 0.000, 0.717, 0.019, 0.330, 0.001, 0.000]"
42.4,42.44,Liz,0.7085928916931152,Liz,[0.709],"[0.195, 0.000, 0.709, 0.018, 0.337, 0.001, 0.000]"
42.44,42.48,Liz,0.6992300152778625,Liz,[0.699],"[0.160, 0.000, 0.699, 0.017, 0.342, 0.001, 0.000]"
42.48,42.52,Liz,0.689638078212738,Liz,[0.690],"[0.127, 0.000, 0.690, 0.016, 0.345, 0.000, 0.000]"
42.52,42.56,Liz,0.6801948547363281,Liz,[0.680],"[0.098, 0.000, 0.680, 0.014, 0.345, 0.000, 0.000]"
42.56,42.6,Liz,0.6713303327560425,Liz,[0.671],"[0.074, 0.000, 0.671, 0.012, 0.343, 0.000, 0.000]"
42.6,42.64,Liz,0.6634612679481506,Liz,[0.663],"[0.054, 0.000, 0.663, 0.010, 0.338, 0.000, 0.000]"
42.64,42.68,Liz,0.6570457220077515,Liz,[0.657],"[0.040, 0.000, 0.657, 0.008, 0.331, 0.000, 0.000]"
42.68,42.72,Liz,0.6524950861930847,Liz,[0.652],"[0.029, 0.000, 0.652, 0.007, 0.322, 0.000, 0.000]"
42.72,42.76,Liz,0.6501655578613281,Liz,[0.650],"[0.021, 0.000, 0.650, 0.006, 0.310, 0.000, 0.000]"
42.76,42.8,Liz,0.6503062844276428,Liz,[0.650],"[0.015, 0.000, 0.650, 0.005, 0.297, 0.000, 0.000]"
42.8,42.84,Liz,0.6530429720878601,Liz,[0.653],"[0.011, 0.000, 0.653, 0.004, 0.282, 0.000, 0.000]"
42.84,42.88,Liz,0.6584838628768921,Liz,[0.658],"[0.008, 0.000, 0.658, 0.003, 0.265, 0.000, 0.000]"
42.88,42.92,Liz,0.6665427088737488,Liz,[0.667],"[0.006, 0.000, 0.667, 0.003, 0.247, 0.000, 0.000]"
42.92,42.96,Liz,0.6769015192985535,Liz,[0.677],"[0.004, 0.000, 0.677, 0.003, 0.229, 0.000, 0.000]"
42.96,43.0,Liz,0.6891714930534363,Liz,[0.689],"[0.003, 0.000, 0.689, 0.002, 0.210, 0.000, 0.000]"
43.0,43.04,Liz,0.7028954029083252,Liz,[0.703],"[0.002, 0.000, 0.703, 0.002, 0.191, 0.000, 0.000]"
43.04,43.08,Liz,0.717537522315979,Liz,[0.718],"[0.002, 0.000, 0.718, 0.002, 0.172, 0.000, 0.000]"
43.08,43.12,Liz,0.7325072884559631,Liz,[0.733],"[0.001, 0.000, 0.733, 0.002, 0.154, 0.000, 0.000]"
43.12,43.16,Liz,0.7472396492958069,Liz,[0.747],"[0.001, 0.000, 0.747, 0.002, 0.136, 0.000, 0.000]"
43.16,43.2,Liz,0.7612384557723999,Liz,[0.761],"[0.001, 0.000, 0.761, 0.001, 0.119, 0.000, 0.000]"
43.2,43.24,Liz,0.7740797400474548,Liz,[0.774],"[0.001, 0.000, 0.774, 0.001, 0.103, 0.000, 0.000]"
43.24,43.28,Liz,0.7854682207107544,Liz,[0.785],"[0.001, 0.000, 0.785, 0.001, 0.088, 0.000, 0.000]"
43.28,43.32,Liz,0.7952179908752441,Liz,[0.795],"[0.001, 0.000, 0.795, 0.001, 0.075, 0.000, 0.000]"
43.32,43.36,Liz,0.8031706809997559,Liz,[0.803],"[0.000, 0.000, 0.803, 0.001, 0.064, 0.000, 0.000]"
43.36,43.4,Liz,0.8092092871665955,Liz,[0.809],"[0.000, 0.000, 0.809, 0.001, 0.054, 0.000, 0.000]"
43.4,43.44,Liz,0.8132062554359436,Liz,[0.813],"[0.000, 0.000, 0.813, 0.001, 0.045, 0.000, 0.000]"
43.44,43.48,Liz,0.8150160312652588,Liz,[0.815],"[0.000, 0.000, 0.815, 0.001, 0.038, 0.000, 0.000]"
43.48,43.52,Liz,0.8145375847816467,Liz,[0.815],"[0.000, 0.000, 0.815, 0.001, 0.031, 0.000, 0.000]"
43.52,43.56,Liz,0.811549186706543,Liz,[0.812],"[0.000, 0.000, 0.812, 0.001, 0.026, 0.000, 0.000]"
43.56,43.6,Liz,0.8057739734649658,Liz,[0.806],"[0.000, 0.000, 0.806, 0.001, 0.022, 0.000, 0.000]"
43.6,43.64,Liz,0.7968994379043579,Liz,[0.797],"[0.000, 0.000, 0.797, 0.001, 0.018, 0.000, 0.000]"
43.64,43.68,Liz,0.7846787571907043,Liz,[0.785],"[0.001, 0.000, 0.785, 0.001, 0.015, 0.000, 0.000]"
43.68,43.72,Liz,0.7689452171325684,Liz,[0.769],"[0.001, 0.000, 0.769, 0.001, 0.013, 0.000, 0.000]"
43.72,43.76,Liz,0.7495405673980713,Liz,[0.750],"[0.001, 0.000, 0.750, 0.001, 0.011, 0.000, 0.000]"
43.76,43.8,Liz,0.7263219356536865,Liz,[0.726],"[0.001, 0.000, 0.726, 0.001, 0.009, 0.000, 0.000]"
43.8,43.84,Liz,0.6992469429969788,Liz,[0.699],"[0.001, 0.000, 0.699, 0.002, 0.008, 0.000, 0.000]"
43.84,43.88,Liz,0.6683569550514221,Liz,[0.668],"[0.001, 0.000, 0.668, 0.002, 0.007, 0.000, 0.000]"
43.88,43.92,Liz,0.6338354349136353,Liz,[0.634],"[0.002, 0.000, 0.634, 0.002, 0.006, 0.000, 0.000]"
43.92,43.96,Liz,0.5962366461753845,Liz,[0.596],"[0.002, 0.000, 0.596, 0.002, 0.005, 0.000, 0.000]"
43.96,44.0,Liz,0.5561589002609253,Liz,[0.556],"[0.003, 0.000, 0.556, 0.002, 0.005, 0.000, 0.000]"
44.0,44.04,Liz,0.5143721103668213,Liz,[0.514],"[0.004, 0.000, 0.514, 0.003, 0.004, 0.000, 0.000]"
44.04,44.08,Liz,0.4715905785560608,Liz,[0.472],"[0.006, 0.000, 0.472, 0.003, 0.004, 0.000, 0.000]"
44.08,44.12,Liz,0.4285396635532379,,[],"[0.008, 0.000, 0.429, 0.003, 0.004, 0.000, 0.000]"
44.12,44.16,Liz,0.3861089050769806,,[],"[0.012, 0.000, 0.386, 0.004, 0.003, 0.000, 0.000]"
44.16,44.2,Liz,0.34507888555526733,,[],"[0.017, 0.000, 0.345, 0.004, 0.003, 0.000, 0.000]"
44.2,44.24,Liz,0.3059845566749573,,[],"[0.025, 0.000, 0.306, 0.004, 0.003, 0.000, 0.000]"
44.24,44.28,Liz,0.2692625820636749,,[],"[0.037, 0.000, 0.269, 0.005, 0.003, 0.000, 0.000]"
44.28,44.32,Liz,0.23528549075126648,,[],"[0.055, 0.000, 0.235, 0.005, 0.003, 0.000, 0.000]"
44.32,44.36,Liz,0.2042558491230011,,[],"[0.081, 0.000, 0.204, 0.006, 0.003, 0.000, 0.000]"
44.36,44.4,Liz,0.17628586292266846,,[],"[0.118, 0.000, 0.176, 0.006, 0.003, 0.000, 0.000]"
44.4,44.44,Gaeul,0.16891126334667206,,[],"[0.169, 0.000, 0.151, 0.007, 0.003, 0.000, 0.000]"
44.44,44.48,Gaeul,0.2353418618440628,,[],"[0.235, 0.000, 0.129, 0.007, 0.003, 0.000, 0.000]"
44.48,44.52,Gaeul,0.3168216943740845,,[],"[0.317, 0.000, 0.110, 0.007, 0.004, 0.000, 0.000]"
44.52,44.56,Gaeul,0.40961161255836487,,[],"[0.410, 0.000, 0.094, 0.007, 0.004, 0.000, 0.000]"
44.56,44.6,Gaeul,0.5068503022193909,,[],"[0.507, 0.000, 0.079, 0.007, 0.004, 0.000, 0.000]"
44.6,44.64,Gaeul,0.6005619764328003,Gaeul,[0.601],"[0.601, 0.000, 0.067, 0.007, 0.004, 0.000, 0.000]"
44.64,44.68,Gaeul,0.6841521859169006,Gaeul,[0.684],"[0.684, 0.000, 0.057, 0.006, 0.004, 0.000, 0.000]"
44.68,44.72,Gaeul,0.7540234327316284,Gaeul,[0.754],"[0.754, 0.000, 0.048, 0.006, 0.005, 0.000, 0.000]"
44.72,44.76,Gaeul,0.8095260858535767,Gaeul,[0.810],"[0.810, 0.000, 0.040, 0.005, 0.005, 0.000, 0.000]"
44.76,44.8,Gaeul,0.8521540760993958,Gaeul,[0.852],"[0.852, 0.000, 0.034, 0.004, 0.005, 0.000, 0.000]"
44.8,44.84,Gaeul,0.8842442035675049,Gaeul,[0.884],"[0.884, 0.000, 0.029, 0.004, 0.005, 0.000, 0.000]"
44.84,44.88,Gaeul,0.908226490020752,Gaeul,[0.908],"[0.908, 0.000, 0.024, 0.003, 0.006, 0.000, 0.000]"
44.88,44.92,Gaeul,0.9261372089385986,Gaeul,[0.926],"[0.926, 0.000, 0.020, 0.003, 0.006, 0.000, 0.000]"
44.92,44.96,Gaeul,0.93952476978302,Gaeul,[0.940],"[0.940, 0.000, 0.017, 0.002, 0.006, 0.000, 0.000]"
44.96,45.0,Gaeul,0.9495435953140259,Gaeul,[0.950],"[0.950, 0.000, 0.014, 0.002, 0.006, 0.000, 0.000]"
45.0,45.04,Gaeul,0.9570297598838806,Gaeul,[0.957],"[0.957, 0.000, 0.012, 0.001, 0.007, 0.000, 0.000]"
45.04,45.08,Gaeul,0.962593674659729,Gaeul,[0.963],"[0.963, 0.000, 0.010, 0.001, 0.007, 0.000, 0.000]"
45.08,45.12,Gaeul,0.9666957855224609,Gaeul,[0.967],"[0.967, 0.000, 0.008, 0.001, 0.007, 0.000, 0.000]"
45.12,45.16,Gaeul,0.9696893692016602,Gaeul,[0.970],"[0.970, 0.000, 0.007, 0.001, 0.007, 0.000, 0.000]"
45.16,45.2,Gaeul,0.971824586391449,Gaeul,[0.972],"[0.972, 0.000, 0.006, 0.001, 0.007, 0.000, 0.000]"
45.2,45.24,Gaeul,0.9732766151428223,Gaeul,[0.973],"[0.973, 0.000, 0.005, 0.000, 0.007, 0.000, 0.000]"
45.24,45.28,Gaeul,0.974174976348877,Gaeul,[0.974],"[0.974, 0.000, 0.004, 0.000, 0.007, 0.000, 0.000]"
45.28,45.32,Gaeul,0.974607527256012,Gaeul,[0.975],"[0.975, 0.000, 0.003, 0.000, 0.007, 0.000, 0.000]"
45.32,45.36,Gaeul,0.9746406078338623,Gaeul,[0.975],"[0.975, 0.000, 0.003, 0.000, 0.007, 0.000, 0.000]"
45.36,45.4,Gaeul,0.9743233919143677,Gaeul,[0.974],"[0.974, 0.000, 0.002, 0.000, 0.008, 0.000, 0.000]"
45.4,45.44,Gaeul,0.9736990332603455,Gaeul,[0.974],"[0.974, 0.000, 0.002, 0.000, 0.008, 0.000, 0.000]"
45.44,45.48,Gaeul,0.9728110432624817,Gaeul,[0.973],"[0.973, 0.000, 0.002, 0.000, 0.008, 0.000, 0.000]"
45.48,45.52,Gaeul,0.9717197418212891,Gaeul,[0.972],"[0.972, 0.000, 0.001, 0.000, 0.008, 0.000, 0.000]"
45.52,45.56,Gaeul,0.970496654510498,Gaeul,[0.970],"[0.970, 0.000, 0.001, 0.000, 0.008, 0.000, 0.000]"
45.56,45.6,Gaeul,0.9692016839981079,Gaeul,[0.969],"[0.969, 0.000, 0.001, 0.000, 0.008, 0.000, 0.000]"
45.6,45.64,Gaeul,0.9679063558578491,Gaeul,[0.968],"[0.968, 0.000, 0.001, 0.000, 0.008, 0.000, 0.000]"
45.64,45.68,Gaeul,0.9667004346847534,Gaeul,[0.967],"[0.967, 0.000, 0.001, 0.000, 0.009, 0.000, 0.000]"
45.68,45.72,Gaeul,0.9656858444213867,Gaeul,[0.966],"[0.966, 0.000, 0.001, 0.000, 0.009, 0.000, 0.000]"
45.72,45.76,Gaeul,0.9649456143379211,Gaeul,[0.965],"[0.965, 0.000, 0.001, 0.000, 0.010, 0.000, 0.000]"
45.76,45.8,Gaeul,0.9645093679428101,Gaeul,[0.965],"[0.965, 0.000, 0.001, 0.000, 0.010, 0.000, 0.000]"
45.8,45.84,Gaeul,0.9643818736076355,Gaeul,[0.964],"[0.964, 0.000, 0.001, 0.000, 0.011, 0.000, 0.000]"
45.84,45.88,Gaeul,0.96454918384552,Gaeul,[0.965],"[0.965, 0.000, 0.001, 0.000, 0.011, 0.000, 0.000]"
45.88,45.92,Gaeul,0.964992344379425,Gaeul,[0.965],"[0.965, 0.000, 0.000, 0.000, 0.012, 0.000, 0.000]"
45.92,45.96,Gaeul,0.9656648635864258,Gaeul,[0.966],"[0.966, 0.000, 0.000, 0.000, 0.013, 0.000, 0.000]"
45.96,46.0,Gaeul,0.9665154814720154,Gaeul,[0.967],"[0.967, 0.000, 0.001, 0.000, 0.014, 0.000, 0.000]"
46.0,46.04,Gaeul,0.9674724340438843,Gaeul,[0.967],"[0.967, 0.000, 0.001, 0.000, 0.015, 0.000, 0.000]"
46.04,46.08,Gaeul,0.9684693217277527,Gaeul,[0.968],"[0.968, 0.000, 0.001, 0.000, 0.016, 0.000, 0.000]"
46.08,46.12,Gaeul,0.9694575667381287,Gaeul,[0.969],"[0.969, 0.000, 0.001, 0.000, 0.017, 0.000, 0.000]"
46.12,46.16,Gaeul,0.9703924655914307,Gaeul,[0.970],"[0.970, 0.000, 0.001, 0.000, 0.018, 0.000, 0.000]"
46.16,46.2,Gaeul,0.9712481498718262,Gaeul,[0.971],"[0.971, 0.000, 0.001, 0.000, 0.019, 0.000, 0.000]"
46.2,46.24,Gaeul,0.9719927906990051,Gaeul,[0.972],"[0.972, 0.000, 0.001, 0.000, 0.021, 0.000, 0.000]"
46.24,46.28,Gaeul,0.9725899696350098,Gaeul,[0.973],"[0.973, 0.000, 0.001, 0.000, 0.022, 0.000, 0.000]"
46.28,46.32,Gaeul,0.9730085134506226,Gaeul,[0.973],"[0.973, 0.000, 0.001, 0.000, 0.023, 0.000, 0.000]"
46.32,46.36,Gaeul,0.9732017517089844,Gaeul,[0.973],"[0.973, 0.000, 0.001, 0.000, 0.023, 0.000, 0.000]"
46.36,46.4,Gaeul,0.9731248617172241,Gaeul,[0.973],"[0.973, 0.000, 0.001, 0.000, 0.024, 0.000, 0.000]"
46.4,46.44,Gaeul,0.9727310538291931,Gaeul,[0.973],"[0.973, 0.000, 0.002, 0.000, 0.024, 0.000, 0.000]"
46.44,46.48,Gaeul,0.9719576835632324,Gaeul,[0.972],"[0.972, 0.000, 0.002, 0.000, 0.024, 0.000, 0.000]"
46.48,46.52,Gaeul,0.970734715461731,Gaeul,[0.971],"[0.971, 0.000, 0.002, 0.000, 0.024, 0.000, 0.000]"
46.52,46.56,Gaeul,0.9689847826957703,Gaeul,[0.969],"[0.969, 0.000, 0.003, 0.000, 0.024, 0.000, 0.000]"
46.56,46.6,Gaeul,0.9666359424591064,Gaeul,[0.967],"[0.967, 0.000, 0.003, 0.000, 0.024, 0.000, 0.000]"
46.6,46.64,Gaeul,0.9636034965515137,Gaeul,[0.964],"[0.964, 0.000, 0.003, 0.000, 0.023, 0.000, 0.000]"
46.64,46.68,Gaeul,0.9597728848457336,Gaeul,[0.960],"[0.960, 0.000, 0.004, 0.000, 0.022, 0.000, 0.000]"
46.68,46.72,Gaeul,0.9550084471702576,Gaeul,[0.955],"[0.955, 0.000, 0.004, 0.000, 0.021, 0.000, 0.000]"
46.72,46.76,Gaeul,0.9491907358169556,Gaeul,[0.949],"[0.949, 0.000, 0.004, 0.000, 0.020, 0.000, 0.000]"
46.76,46.8,Gaeul,0.9422033429145813,Gaeul,[0.942],"[0.942, 0.000, 0.005, 0.000, 0.019, 0.000, 0.000]"
46.8,46.84,Gaeul,0.9339478015899658,Gaeul,[0.934],"[0.934, 0.000, 0.005, 0.000, 0.018, 0.000, 0.000]"
46.84,46.88,Gaeul,0.9243288636207581,Gaeul,[0.924],"[0.924, 0.000, 0.005, 0.000, 0.017, 0.000, 0.000]"
46.88,46.92,Gaeul,0.9132818579673767,Gaeul,[0.913],"[0.913, 0.000, 0.005, 0.000, 0.016, 0.000, 0.000]"
46.92,46.96,Gaeul,0.9008150696754456,Gaeul,[0.901],"[0.901, 0.000, 0.004, 0.000, 0.015, 0.000, 0.000]"
46.96,47.0,Gaeul,0.8870862722396851,Gaeul,[0.887],"[0.887, 0.000, 0.004, 0.000, 0.014, 0.000, 0.000]"
47.0,47.04,Gaeul,0.8724005818367004,Gaeul,[0.872],"[0.872, 0.000, 0.004, 0.000, 0.013, 0.000, 0.000]"
47.04,47.08,Gaeul,0.8571794033050537,Gaeul,[0.857],"[0.857, 0.000, 0.004, 0.000, 0.011, 0.000, 0.000]"
47.08,47.12,Gaeul,0.8419327735900879,Gaeul,[0.842],"[0.842, 0.000, 0.003, 0.000, 0.010, 0.000, 0.000]"
47.12,47.16,Gaeul,0.8272070288658142,Gaeul,[0.827],"[0.827, 0.000, 0.003, 0.000, 0.010, 0.000, 0.000]"
47.16,47.2,Gaeul,0.8135697841644287,Gaeul,[0.814],"[0.814, 0.000, 0.002, 0.000, 0.009, 0.000, 0.000]"
47.2,47.24,Gaeul,0.8016355633735657,Gaeul,[0.802],"[0.802, 0.000, 0.002, 0.000, 0.008, 0.000, 0.000]"
47.24,47.28,Gaeul,0.7919037342071533,Gaeul,[0.792],"[0.792, 0.000, 0.002, 0.000, 0.007, 0.000, 0.000]"
47.28,47.32,Gaeul,0.7848552465438843,Gaeul,[0.785],"[0.785, 0.000, 0.001, 0.000, 0.006, 0.000, 0.000]"
47.32,47.36,Gaeul,0.7807849049568176,Gaeul,[0.781],"[0.781, 0.000, 0.001, 0.000, 0.006, 0.000, 0.000]"
47.36,47.4,Gaeul,0.7798569798469543,Gaeul,[0.780],"[0.780, 0.000, 0.001, 0.000, 0.005, 0.000, 0.000]"
47.4,47.44,Gaeul,0.7820825576782227,Gaeul,[0.782],"[0.782, 0.000, 0.001, 0.000, 0.005, 0.000, 0.000]"
47.44,47.48,Gaeul,0.7873823642730713,Gaeul,[0.787],"[0.787, 0.000, 0.001, 0.000, 0.005, 0.000, 0.000]"
47.48,47.52,Gaeul,0.7954595685005188,Gaeul,[0.795],"[0.795, 0.000, 0.000, 0.000, 0.004, 0.000, 0.000]"
47.52,47.56,Gaeul,0.8059536218643188,Gaeul,[0.806],"[0.806, 0.000, 0.000, 0.000, 0.004, 0.000, 0.000]"
47.56,47.6,Gaeul,0.8184689879417419,Gaeul,[0.818],"[0.818, 0.000, 0.000, 0.000, 0.004, 0.000, 0.000]"
47.6,47.64,Gaeul,0.8325085043907166,Gaeul,[0.833],"[0.833, 0.000, 0.000, 0.000, 0.003, 0.000, 0.000]"
47.64,47.68,Gaeul,0.8474515676498413,Gaeul,[0.847],"[0.847, 0.000, 0.000, 0.000, 0.003, 0.000, 0.000]"
47.68,47.72,Gaeul,0.8627123832702637,Gaeul,[0.863],"[0.863, 0.000, 0.000, 0.000, 0.003, 0.000, 0.000]"
47.72,47.76,Gaeul,0.8779394626617432,Gaeul,[0.878],"[0.878, 0.000, 0.000, 0.000, 0.003, 0.000, 0.000]"
47.76,47.8,Gaeul,0.8929166197776794,Gaeul,[0.893],"[0.893, 0.000, 0.000, 0.000, 0.003, 0.000, 0.000]"
47.8,47.84,Gaeul,0.9074323773384094,Gaeul,[0.907],"[0.907, 0.000, 0.000, 0.000, 0.002, 0.000, 0.000]"
47.84,47.88,Gaeul,0.9212348461151123,Gaeul,[0.921],"[0.921, 0.000, 0.000, 0.000, 0.002, 0.000, 0.000]"
47.88,47.92,Gaeul,0.9340553283691406,Gaeul,[0.934],"[0.934, 0.000, 0.000, 0.000, 0.002, 0.000, 0.000]"
47.92,47.96,Gaeul,0.9456818103790283,Gaeul,[0.946],"[0.946, 0.000, 0.000, 0.000, 0.002, 0.000, 0.000]"
47.96,48.0,Gaeul,0.9559863209724426,Gaeul,[0.956],"[0.956, 0.000, 0.000, 0.000, 0.002, 0.000, 0.000]"
48.0,48.04,Gaeul,0.9649357199668884,Gaeul,[0.965],"[0.965, 0.000, 0.000, 0.000, 0.002, 0.000, 0.000]"
48.04,48.08,Gaeul,0.9725484848022461,Gaeul,[0.973],"[0.973, 0.000, 0.000, 0.000, 0.002, 0.000, 0.000]"
48.08,48.12,Gaeul,0.9788782596588135,Gaeul,[0.979],"[0.979, 0.000, 0.000, 0.000, 0.001, 0.000, 0.000]"
48.12,48.16,Gaeul,0.9840181469917297,Gaeul,[0.984],"[0.984, 0.000, 0.000, 0.000, 0.001, 0.000, 0.000]"
48.16,48.2,Gaeul,0.9880985617637634,Gaeul,[0.988],"[0.988, 0.000, 0.000, 0.000, 0.001, 0.000, 0.000]"
48.2,48.24,Gaeul,0.9912731051445007,Gaeul,[0.991],"[0.991, 0.000, 0.000, 0.000, 0.001, 0.000, 0.000]"
48.24,48.28,Gaeul,0.993693470954895,Gaeul,[0.994],"[0.994, 0.000, 0.000, 0.000, 0.001, 0.000, 0.000]"
48.28,48.32,Gaeul,0.9955022931098938,Gaeul,[0.996],"[0.996, 0.000, 0.000, 0.000, 0.001, 0.000, 0.000]"
48.32,48.36,Gaeul,0.9968313574790955,Gaeul,[0.997],"[0.997, 0.000, 0.000, 0.000, 0.001, 0.000, 0.000]"
48.36,48.4,Gaeul,0.9977903366088867,Gaeul,[0.998],"[0.998, 0.000, 0.000, 0.000, 0.001, 0.000, 0.000]"
48.4,48.44,Gaeul,0.9984702467918396,Gaeul,[0.998],"[0.998, 0.000, 0.000, 0.000, 0.001, 0.000, 0.000]"
48.44,48.48,Gaeul,0.9989469647407532,Gaeul,[0.999],"[0.999, 0.000, 0.000, 0.000, 0.000, 0.000, 0.000]"
48.48,48.52,Gaeul,0.9992780089378357,Gaeul,[0.999],"[0.999, 0.000, 0.000, 0.000, 0.000, 0.000, 0.000]"
48.52,48.56,Gaeul,0.9995059967041016,Gaeul,[1.000],"[1.000, 0.000, 0.000, 0.000, 0.000, 0.000, 0.000]"
48.56,48.6,Gaeul,0.9996621608734131,Gaeul,[1.000],"[1.000, 0.000, 0.000, 0.000, 0.000, 0.000, 0.000]"
48.6,48.64,Gaeul,0.9997685551643372,Gaeul,[1.000],"[1.000, 0.000, 0.000, 0.000, 0.000, 0.000, 0.000]"
48.64,48.68,Gaeul,0.9998409748077393,Gaeul,[1.000],"[1.000, 0.000, 0.000, 0.000, 0.000, 0.000, 0.000]"
48.68,48.72,Gaeul,0.9998900890350342,Gaeul,[1.000],"[1.000, 0.000, 0.000, 0.000, 0.000, 0.000, 0.000]"
48.72,48.76,Gaeul,0.9999234676361084,Gaeul,[1.000],"[1.000, 0.000, 0.000, 0.000, 0.000, 0.000, 0.000]"
48.76,48.8,Gaeul,0.999946117401123,Gaeul,[1.000],"[1.000, 0.000, 0.000, 0.000, 0.000, 0.000, 0.000]"
48.8,48.84,Gaeul,0.9999614953994751,Gaeul,[1.000],"[1.000, 0.000, 0.000, 0.000, 0.000, 0.000, 0.000]"
48.84,48.88,Gaeul,0.9999721050262451,Gaeul,[1.000],"[1.000, 0.000, 0.000, 0.000, 0.000, 0.000, 0.000]"
48.88,48.92,Gaeul,0.9999794960021973,Gaeul,[1.000],"[1.000, 0.000, 0.000, 0.000, 0.000, 0.000, 0.000]"
48.92,48.96,Gaeul,0.999984622001648,Gaeul,[1.000],"[1.000, 0.000, 0.000, 0.000, 0.000, 0.000, 0.000]"
48.96,49.0,Gaeul,0.9999881982803345,Gaeul,[1.000],"[1.000, 0.000, 0.000, 0.000, 0.000, 0.000, 0.000]"
49.0,49.04,Gaeul,0.999990701675415,Gaeul,[1.000],"[1.000, 0.000, 0.000, 0.000, 0.000, 0.000, 0.000]"
49.04,49.08,Gaeul,0.9999926090240479,Gaeul,[1.000],"[1.000, 0.000, 0.000, 0.000, 0.000, 0.000, 0.000]"
49.08,49.12,Gaeul,0.9999939203262329,Gaeul,[1.000],"[1.000, 0.000, 0.000, 0.000, 0.000, 0.000, 0.000]"
49.12,49.16,Gaeul,0.9999948740005493,Gaeul,[1.000],"[1.000, 0.000, 0.000, 0.000, 0.000, 0.000, 0.000]"
49.16,49.2,Gaeul,0.9999955892562866,Gaeul,[1.000],"[1.000, 0.000, 0.000, 0.000, 0.000, 0.000, 0.000]"
49.2,49.24,Gaeul,0.9999960660934448,Gaeul,[1.000],"[1.000, 0.000, 0.000, 0.000, 0.000, 0.000, 0.000]"
49.24,49.28,Gaeul,0.9999964237213135,Gaeul,[1.000],"[1.000, 0.000, 0.000, 0.000, 0.000, 0.000, 0.000]"
49.28,49.32,Gaeul,0.9999966621398926,Gaeul,[1.000],"[1.000, 0.000, 0.000, 0.000, 0.000, 0.000, 0.000]"
49.32,49.36,Gaeul,0.9999967813491821,Gaeul,[1.000],"[1.000, 0.000, 0.000, 0.000, 0.000, 0.000, 0.000]"
49.36,49.4,Gaeul,0.9999969005584717,Gaeul,[1.000],"[1.000, 0.000, 0.000, 0.000, 0.000, 0.000, 0.000]"
49.4,49.44,Gaeul,0.9999967813491821,Gaeul,[1.000],"[1.000, 0.000, 0.000, 0.000, 0.000, 0.000, 0.000]"
49.44,49.48,Gaeul,0.9999966621398926,Gaeul,[1.000],"[1.000, 0.000, 0.000, 0.000, 0.000, 0.000, 0.000]"
49.48,49.52,Gaeul,0.999996542930603,Gaeul,[1.000],"[1.000, 0.000, 0.000, 0.000, 0.000, 0.000, 0.000]"
49.52,49.56,Gaeul,0.9999961853027344,Gaeul,[1.000],"[1.000, 0.000, 0.000, 0.000, 0.000, 0.000, 0.000]"
49.56,49.6,Gaeul,0.9999957084655762,Gaeul,[1.000],"[1.000, 0.000, 0.000, 0.000, 0.000, 0.000, 0.000]"
49.6,49.64,Gaeul,0.9999951124191284,Gaeul,[1.000],"[1.000, 0.000, 0.000, 0.000, 0.000, 0.000, 0.000]"
49.64,49.68,Gaeul,0.999994158744812,Gaeul,[1.000],"[1.000, 0.000, 0.000, 0.000, 0.000, 0.000, 0.000]"
49.68,49.72,Gaeul,0.9999929666519165,Gaeul,[1.000],"[1.000, 0.000, 0.000, 0.000, 0.000, 0.000, 0.000]"
49.72,49.76,Gaeul,0.9999914169311523,Gaeul,[1.000],"[1.000, 0.000, 0.000, 0.000, 0.000, 0.000, 0.000]"
49.76,49.8,Gaeul,0.9999891519546509,Gaeul,[1.000],"[1.000, 0.000, 0.000, 0.000, 0.000, 0.000, 0.000]"
49.8,49.84,Gaeul,0.9999860525131226,Gaeul,[1.000],"[1.000, 0.000, 0.000, 0.000, 0.000, 0.000, 0.000]"
49.84,49.88,Gaeul,0.9999816417694092,Gaeul,[1.000],"[1.000, 0.000, 0.000, 0.000, 0.000, 0.000, 0.000]"
49.88,49.92,Gaeul,0.999975323677063,Gaeul,[1.000],"[1.000, 0.000, 0.000, 0.000, 0.000, 0.000, 0.000]"
49.92,49.96,Gaeul,0.9999663829803467,Gaeul,[1.000],"[1.000, 0.000, 0.001, 0.000, 0.000, 0.000, 0.000]"
49.96,50.0,Gaeul,0.9999533891677856,Gaeul,[1.000],"[1.000, 0.000, 0.001, 0.000, 0.001, 0.000, 0.000]"
50.0,50.04,Gaeul,0.9999346733093262,Gaeul,[1.000],"[1.000, 0.000, 0.001, 0.000, 0.001, 0.000, 0.000]"
50.04,50.08,Gaeul,0.999907374382019,Gaeul,[1.000],"[1.000, 0.000, 0.001, 0.000, 0.001, 0.000, 0.000]"
50.08,50.12,Gaeul,0.9998679161071777,Gaeul,[1.000],"[1.000, 0.000, 0.001, 0.000, 0.001, 0.000, 0.000]"
50.12,50.16,Gaeul,0.9998107552528381,Gaeul,[1.000],"[1.000, 0.000, 0.001, 0.000, 0.001, 0.000, 0.000]"
50.16,50.2,Gaeul,0.999728262424469,Gaeul,[1.000],"[1.000, 0.000, 0.002, 0.000, 0.002, 0.000, 0.000]"
50.2,50.24,Gaeul,0.9996101260185242,Gaeul,[1.000],"[1.000, 0.000, 0.002, 0.000, 0.002, 0.000, 0.000]"
50.24,50.28,Gaeul,0.9994425177574158,Gaeul,[0.999],"[0.999, 0.000, 0.003, 0.000, 0.003, 0.000, 0.000]"
50.28,50.32,Gaeul,0.9992085099220276,Gaeul,[0.999],"[0.999, 0.000, 0.004, 0.000, 0.004, 0.000, 0.000]"
50.32,50.36,Gaeul,0.9988871216773987,Gaeul,[0.999],"[0.999, 0.000, 0.004, 0.000, 0.005, 0.000, 0.000]"
50.36,50.4,Gaeul,0.9984557628631592,Gaeul,[0.998],"[0.998, 0.000, 0.005, 0.000, 0.006, 0.000, 0.000]"
50.4,50.44,Gaeul,0.997892439365387,Gaeul,[0.998],"[0.998, 0.000, 0.006, 0.000, 0.008, 0.000, 0.000]"
50.44,50.48,Gaeul,0.997175931930542,Gaeul,[0.997],"[0.997, 0.000, 0.007, 0.000, 0.010, 0.000, 0.000]"
50.48,50.52,Gaeul,0.9962900876998901,Gaeul,[0.996],"[0.996, 0.000, 0.008, 0.000, 0.013, 0.000, 0.000]"
50.52,50.56,Gaeul,0.9952260255813599,Gaeul,[0.995],"[0.995, 0.000, 0.008, 0.000, 0.017, 0.000, 0.000]"
50.56,50.6,Gaeul,0.9939829707145691,Gaeul,[0.994],"[0.994, 0.000, 0.009, 0.000, 0.021, 0.000, 0.000]"
50.6,50.64,Gaeul,0.9925669431686401,Gaeul,[0.993],"[0.993, 0.000, 0.009, 0.000, 0.026, 0.000, 0.000]"
50.64,50.68,Gaeul,0.9910029172897339,Gaeul,[0.991],"[0.991, 0.000, 0.009, 0.000, 0.032, 0.000, 0.000]"
50.68,50.72,Gaeul,0.9893390536308289,Gaeul,[0.989],"[0.989, 0.000, 0.009, 0.001, 0.038, 0.000, 0.000]"
50.72,50.76,Gaeul,0.9876420497894287,Gaeul,[0.988],"[0.988, 0.000, 0.009, 0.001, 0.043, 0.000, 0.000]"
50.76,50.8,Gaeul,0.9859944581985474,Gaeul,[0.986],"[0.986, 0.000, 0.008, 0.001, 0.048, 0.000, 0.000]"
50.8,50.84,Gaeul,0.9844799637794495,Gaeul,[0.984],"[0.984, 0.000, 0.007, 0.002, 0.052, 0.000, 0.000]"
50.84,50.88,Gaeul,0.9831693172454834,Gaeul,[0.983],"[0.983, 0.000, 0.007, 0.002, 0.054, 0.000, 0.000]"
50.88,50.92,Gaeul,0.982110321521759,Gaeul,[0.982],"[0.982, 0.000, 0.006, 0.003, 0.055, 0.000, 0.000]"
50.92,50.96,Gaeul,0.9813165664672852,Gaeul,[0.981],"[0.981, 0.000, 0.005, 0.004, 0.053, 0.000, 0.000]"
50.96,51.0,Gaeul,0.9807800650596619,Gaeul,[0.981],"[0.981, 0.000, 0.004, 0.005, 0.050, 0.000, 0.000]"
51.0,51.04,Gaeul,0.9804586172103882,Gaeul,[0.980],"[0.980, 0.000, 0.004, 0.006, 0.045, 0.000, 0.000]"
51.04,51.08,Gaeul,0.9803029298782349,Gaeul,[0.980],"[0.980, 0.000, 0.003, 0.008, 0.039, 0.000, 0.000]"
51.08,51.12,Gaeul,0.9802558422088623,Gaeul,[0.980],"[0.980, 0.000, 0.003, 0.010, 0.033, 0.000, 0.000]"
51.12,51.16,Gaeul,0.9802591800689697,Gaeul,[0.980],"[0.980, 0.000, 0.002, 0.012, 0.026, 0.000, 0.000]"
51.16,51.2,Gaeul,0.9802347421646118,Gaeul,[0.980],"[0.980, 0.000, 0.002, 0.013, 0.021, 0.000, 0.000]"
51.2,51.24,Gaeul,0.9800976514816284,Gaeul,[0.980],"[0.980, 0.000, 0.002, 0.015, 0.016, 0.000, 0.000]"
51.24,51.28,Gaeul,0.9797663688659668,Gaeul,[0.980],"[0.980, 0.000, 0.002, 0.016, 0.011, 0.000, 0.000]"
51.28,51.32,Gaeul,0.979141891002655,Gaeul,[0.979],"[0.979, 0.000, 0.001, 0.016, 0.008, 0.000, 0.000]"
51.32,51.36,Gaeul,0.9780981540679932,Gaeul,[0.978],"[0.978, 0.000, 0.001, 0.016, 0.006, 0.000, 0.000]"
51.36,51.4,Gaeul,0.976475715637207,Gaeul,[0.976],"[0.976, 0.000, 0.001, 0.015, 0.004, 0.000, 0.000]"
51.4,51.44,Gaeul,0.9740806221961975,Gaeul,[0.974],"[0.974, 0.000, 0.001, 0.014, 0.003, 0.000, 0.000]"
51.44,51.48,Gaeul,0.9706384539604187,Gaeul,[0.971],"[0.971, 0.000, 0.001, 0.012, 0.002, 0.000, 0.000]"
51.48,51.52,Gaeul,0.9657395482063293,Gaeul,[0.966],"[0.966, 0.000, 0.001, 0.010, 0.001, 0.000, 0.000]"
51.52,51.56,Gaeul,0.9587705731391907,Gaeul,[0.959],"[0.959, 0.000, 0.001, 0.009, 0.001, 0.000, 0.000]"
51.56,51.6,Gaeul,0.9488112330436707,Gaeul,[0.949],"[0.949, 0.000, 0.001, 0.007, 0.001, 0.000, 0.000]"
51.6,51.64,Gaeul,0.9344888925552368,Gaeul,[0.934],"[0.934, 0.000, 0.001, 0.006, 0.000, 0.000, 0.000]"
51.64,51.68,Gaeul,0.9137536883354187,Gaeul,[0.914],"[0.914, 0.000, 0.001, 0.005, 0.000, 0.000, 0.000]"
51.68,51.72,Gaeul,0.8835709095001221,Gaeul,[0.884],"[0.884, 0.000, 0.001, 0.004, 0.000, 0.000, 0.000]"
51.72,51.76,Gaeul,0.839860737323761,Gaeul,[0.840],"[0.840, 0.000, 0.001, 0.003, 0.000, 0.000, 0.000]"
51.76,51.8,Gaeul,0.777863621711731,Gaeul,[0.778],"[0.778, 0.000, 0.001, 0.002, 0.000, 0.000, 0.000]"
51.8,51.84,Gaeul,0.6934508085250854,Gaeul,[0.693],"[0.693, 0.000, 0.001, 0.002, 0.000, 0.000, 0.000]"
51.84,51.88,Gaeul,0.5860190391540527,Gaeul,[0.586],"[0.586, 0.000, 0.001, 0.001, 0.000, 0.000, 0.000]"
51.88,51.92,Gaeul,0.4620116055011749,Gaeul,[0.462],"[0.462, 0.000, 0.001, 0.001, 0.000, 0.000, 0.000]"
51.92,51.96,Gaeul,0.33575549721717834,,[],"[0.336, 0.000, 0.001, 0.001, 0.000, 0.000, 0.000]"
51.96,52.0,Gaeul,0.22425927221775055,,[],"[0.224, 0.000, 0.000, 0.001, 0.000, 0.000, 0.000]"
52.0,52.04,Gaeul,0.13867413997650146,,[],"[0.139, 0.000, 0.000, 0.001, 0.000, 0.000, 0.000]"
52.04,52.08,Gaeul,0.08045791834592819,,[],"[0.080, 0.000, 0.000, 0.000, 0.000, 0.000, 0.000]"
52.08,52.12,Gaeul,0.04444346949458122,,[],"[0.044, 0.000, 0.000, 0.000, 0.000, 0.000, 0.000]"
52.12,52.16,Gaeul,0.023702289909124374,,[],"[0.024, 0.000, 0.000, 0.000, 0.000, 0.000, 0.000]"
52.16,52.2,Gaeul,0.012345132417976856,,[],"[0.012, 0.000, 0.000, 0.000, 0.000, 0.000, 0.000]"
52.2,52.24,Gaeul,0.006336741615086794,,[],"[0.006, 0.000, 0.000, 0.000, 0.000, 0.000, 0.000]"
52.24,52.28,Gaeul,0.0032270734664052725,,[],"[0.003, 0.000, 0.000, 0.000, 0.000, 0.000, 0.000]"
52.28,52.32,Gaeul,0.0016394351841881871,,[],"[0.002, 0.000, 0.000, 0.000, 0.000, 0.000, 0.000]"
52.32,52.36,Gaeul,0.000834858336020261,,[],"[0.001, 0.000, 0.000, 0.000, 0.000, 0.000, 0.000]"
52.36,52.4,Gaeul,0.0004280396969988942,,[],"[0.000, 0.000, 0.000, 0.000, 0.000, 0.000, 0.000]"
52.4,52.44,Yujin,0.0005023280973546207,,[],"[0.000, 0.000, 0.000, 0.000, 0.000, 0.001, 0.000]"
52.44,52.48,Yujin,0.0008315860759466887,,[],"[0.000, 0.000, 0.000, 0.000, 0.000, 0.001, 0.000]"
52.48,52.52,Yujin,0.0014092279598116875,,[],"[0.000, 0.000, 0.000, 0.000, 0.000, 0.001, 0.000]"
52.52,52.56,Yujin,0.002442880067974329,,[],"[0.000, 0.000, 0.000, 0.000, 0.000, 0.002, 0.000]"
52.56,52.6,Yujin,0.0043269614689052105,,[],"[0.000, 0.000, 0.000, 0.000, 0.000, 0.004, 0.000]"
52.6,52.64,Yujin,0.007815733551979065,,[],"[0.000, 0.000, 0.000, 0.000, 0.000, 0.008, 0.000]"
52.64,52.68,Yujin,0.014361404813826084,,[],"[0.000, 0.000, 0.000, 0.000, 0.000, 0.014, 0.000]"
52.68,52.72,Yujin,0.026739371940493584,,[],"[0.000, 0.000, 0.000, 0.000, 0.000, 0.027, 0.000]"
52.72,52.76,Yujin,0.05008864030241966,,[],"[0.000, 0.000, 0.000, 0.000, 0.000, 0.050, 0.000]"
52.76,52.8,Yujin,0.09328733384609222,,[],"[0.000, 0.000, 0.000, 0.000, 0.000, 0.093, 0.000]"
52.8,52.84,Yujin,0.16932687163352966,,[],"[0.000, 0.000, 0.000, 0.000, 0.000, 0.169, 0.000]"
52.84,52.88,Yujin,0.290567010641098,,[],"[0.000, 0.000, 0.000, 0.000, 0.000, 0.291, 0.000]"
52.88,52.92,Yujin,0.4543096125125885,,[],"[0.000, 0.000, 0.000, 0.000, 0.000, 0.454, 0.000]"
52.92,52.96,Yujin,0.6308152675628662,Yujin,[0.631],"[0.000, 0.000, 0.000, 0.000, 0.000, 0.631, 0.000]"
52.96,53.0,Yujin,0.7794091701507568,Yujin,[0.779],"[0.000, 0.000, 0.000, 0.000, 0.000, 0.779, 0.000]"
53.0,53.04,Yujin,0.8801257610321045,Yujin,[0.880],"[0.000, 0.000, 0.000, 0.000, 0.000, 0.880, 0.000]"
53.04,53.08,Yujin,0.9385822415351868,Yujin,[0.939],"[0.000, 0.000, 0.000, 0.000, 0.000, 0.939, 0.000]"
53.08,53.12,Yujin,0.9694673418998718,Yujin,[0.969],"[0.000, 0.000, 0.000, 0.000, 0.000, 0.969, 0.000]"
53.12,53.16,Yujin,0.9849919676780701,Yujin,[0.985],"[0.000, 0.000, 0.000, 0.000, 0.000, 0.985, 0.000]"
53.16,53.2,Yujin,0.9926122426986694,Yujin,[0.993],"[0.000, 0.000, 0.000, 0.000, 0.000, 0.993, 0.000]"
53.2,53.24,Yujin,0.9963268637657166,Yujin,[0.996],"[0.000, 0.000, 0.000, 0.000, 0.000, 0.996, 0.000]"
53.24,53.28,Yujin,0.9981445074081421,Yujin,[0.998],"[0.000, 0.000, 0.000, 0.000, 0.000, 0.998, 0.000]"
53.28,53.32,Yujin,0.9990441203117371,Yujin,[0.999],"[0.000, 0.000, 0.000, 0.000, 0.000, 0.999, 0.000]"
53.32,53.36,Yujin,0.9994964599609375,Yujin,[0.999],"[0.000, 0.000, 0.000, 0.000, 0.000, 0.999, 0.000]"
53.36,53.4,Yujin,0.9997283816337585,Yujin,[1.000],"[0.000, 0.000, 0.000, 0.000, 0.000, 1.000, 0.000]"
53.4,53.44,Yujin,0.9998499155044556,Yujin,[1.000],"[0.000, 0.000, 0.000, 0.000, 0.000, 1.000, 0.000]"
53.44,53.48,Yujin,0.9999151229858398,Yujin,[1.000],"[0.000, 0.000, 0.000, 0.000, 0.000, 1.000, 0.000]"
53.48,53.52,Yujin,0.9999508857727051,Yujin,[1.000],"[0.000, 0.000, 0.000, 0.000, 0.000, 1.000, 0.000]"
53.52,53.56,Yujin,0.9999709129333496,Yujin,[1.000],"[0.000, 0.000, 0.000, 0.000, 0.000, 1.000, 0.000]"
53.56,53.6,Yujin,0.9999823570251465,Yujin,[1.000],"[0.000, 0.000, 0.000, 0.000, 0.000, 1.000, 0.000]"
53.6,53.64,Yujin,0.9999890327453613,Yujin,[1.000],"[0.000, 0.000, 0.000, 0.000, 0.000, 1.000, 0.000]"
53.64,53.68,Yujin,0.9999929666519165,Yujin,[1.000],"[0.000, 0.000, 0.000, 0.000, 0.000, 1.000, 0.000]"
53.68,53.72,Yujin,0.9999954700469971,Yujin,[1.000],"[0.000, 0.000, 0.000, 0.000, 0.000, 1.000, 0.000]"
53.72,53.76,Yujin,0.9999969005584717,Yujin,[1.000],"[0.000, 0.000, 0.000, 0.000, 0.000, 1.000, 0.000]"
53.76,53.8,Yujin,0.9999978542327881,Yujin,[1.000],"[0.000, 0.000, 0.000, 0.000, 0.000, 1.000, 0.000]"
53.8,53.84,Yujin,0.9999985694885254,Yujin,[1.000],"[0.000, 0.000, 0.000, 0.000, 0.000, 1.000, 0.000]"
53.84,53.88,Yujin,0.999998927116394,Yujin,[1.000],"[0.000, 0.000, 0.000, 0.000, 0.000, 1.000, 0.000]"
53.88,53.92,Yujin,0.9999992847442627,Yujin,[1.000],"[0.000, 0.000, 0.000, 0.000, 0.000, 1.000, 0.000]"
53.92,53.96,Yujin,0.9999994039535522,Yujin,[1.000],"[0.000, 0.000, 0.000, 0.000, 0.000, 1.000, 0.000]"
53.96,54.0,Yujin,0.9999995231628418,Yujin,[1.000],"[0.000, 0.000, 0.000, 0.000, 0.000, 1.000, 0.000]"
54.0,54.04,Yujin,0.9999996423721313,Yujin,[1.000],"[0.000, 0.000, 0.000, 0.000, 0.000, 1.000, 0.000]"
54.04,54.08,Yujin,0.9999997615814209,Yujin,[1.000],"[0.000, 0.000, 0.000, 0.000, 0.000, 1.000, 0.000]"
54.08,54.12,Yujin,0.9999997615814209,Yujin,[1.000],"[0.000, 0.000, 0.000, 0.000, 0.000, 1.000, 0.000]"
54.12,54.16,Yujin,0.9999998807907104,Yujin,[1.000],"[0.000, 0.000, 0.000, 0.000, 0.000, 1.000, 0.000]"
54.16,54.2,Yujin,0.9999998807907104,Yujin,[1.000],"[0.000, 0.001, 0.000, 0.000, 0.000, 1.000, 0.000]"
54.2,54.24,Yujin,0.9999998807907104,Yujin,[1.000],"[0.000, 0.001, 0.000, 0.000, 0.000, 1.000, 0.000]"
54.24,54.28,Yujin,0.9999998807907104,Yujin,[1.000],"[0.000, 0.001, 0.000, 0.000, 0.000, 1.000, 0.000]"
54.28,54.32,Yujin,0.9999998807907104,Yujin,[1.000],"[0.000, 0.001, 0.000, 0.000, 0.000, 1.000, 0.000]"
54.32,54.36,Yujin,0.9999998807907104,Yujin,[1.000],"[0.000, 0.001, 0.000, 0.000, 0.000, 1.000, 0.000]"
54.36,54.4,Yujin,0.9999998807907104,Yujin,[1.000],"[0.000, 0.002, 0.000, 0.000, 0.000, 1.000, 0.000]"
54.4,54.44,Yujin,1.0,Yujin,[1.000],"[0.000, 0.002, 0.000, 0.000, 0.000, 1.000, 0.000]"
54.44,54.48,Yujin,1.0,Yujin,[1.000],"[0.000, 0.002, 0.000, 0.000, 0.000, 1.000, 0.000]"
54.48,54.52,Yujin,1.0,Yujin,[1.000],"[0.000, 0.002, 0.000, 0.000, 0.000, 1.000, 0.000]"
54.52,54.56,Yujin,1.0,Yujin,[1.000],"[0.000, 0.002, 0.000, 0.000, 0.000, 1.000, 0.000]"
54.56,54.6,Yujin,1.0,Yujin,[1.000],"[0.000, 0.002, 0.000, 0.000, 0.000, 1.000, 0.000]"
54.6,54.64,Yujin,1.0,Yujin,[1.000],"[0.000, 0.002, 0.000, 0.000, 0.000, 1.000, 0.000]"
54.64,54.68,Yujin,1.0,Yujin,[1.000],"[0.000, 0.002, 0.000, 0.000, 0.000, 1.000, 0.000]"
54.68,54.72,Yujin,1.0,Yujin,[1.000],"[0.000, 0.002, 0.000, 0.000, 0.000, 1.000, 0.000]"
54.72,54.76,Yujin,1.0,Yujin,[1.000],"[0.000, 0.002, 0.000, 0.000, 0.000, 1.000, 0.000]"
54.76,54.8,Yujin,1.0,Yujin,[1.000],"[0.000, 0.002, 0.000, 0.000, 0.000, 1.000, 0.000]"
54.8,54.84,Yujin,1.0,Yujin,[1.000],"[0.000, 0.001, 0.000, 0.000, 0.000, 1.000, 0.000]"
54.84,54.88,Yujin,1.0,Yujin,[1.000],"[0.000, 0.001, 0.000, 0.000, 0.000, 1.000, 0.000]"
54.88,54.92,Yujin,1.0,Yujin,[1.000],"[0.000, 0.001, 0.000, 0.000, 0.000, 1.000, 0.000]"
54.92,54.96,Yujin,1.0,Yujin,[1.000],"[0.000, 0.001, 0.000, 0.000, 0.001, 1.000, 0.000]"
54.96,55.0,Yujin,1.0,Yujin,[1.000],"[0.000, 0.001, 0.000, 0.000, 0.001, 1.000, 0.000]"
55.0,55.04,Yujin,1.0,Yujin,[1.000],"[0.000, 0.000, 0.000, 0.000, 0.001, 1.000, 0.000]"
55.04,55.08,Yujin,1.0,Yujin,[1.000],"[0.000, 0.000, 0.000, 0.000, 0.002, 1.000, 0.000]"
55.08,55.12,Yujin,1.0,Yujin,[1.000],"[0.000, 0.000, 0.000, 0.000, 0.002, 1.000, 0.000]"
55.12,55.16,Yujin,1.0,Yujin,[1.000],"[0.000, 0.000, 0.000, 0.000, 0.003, 1.000, 0.000]"
55.16,55.2,Yujin,1.0,Yujin,[1.000],"[0.000, 0.000, 0.000, 0.000, 0.003, 1.000, 0.000]"
55.2,55.24,Yujin,1.0,Yujin,[1.000],"[0.000, 0.000, 0.000, 0.000, 0.003, 1.000, 0.000]"
55.24,55.28,Yujin,1.0,Yujin,[1.000],"[0.000, 0.000, 0.000, 0.000, 0.004, 1.000, 0.000]"
55.28,55.32,Yujin,1.0,Yujin,[1.000],"[0.000, 0.000, 0.000, 0.000, 0.004, 1.000, 0.000]"
55.32,55.36,Yujin,1.0,Yujin,[1.000],"[0.000, 0.000, 0.000, 0.000, 0.003, 1.000, 0.000]"
55.36,55.4,Yujin,1.0,Yujin,[1.000],"[0.000, 0.000, 0.000, 0.000, 0.003, 1.000, 0.000]"
55.4,55.44,Yujin,1.0,Yujin,[1.000],"[0.000, 0.000, 0.000, 0.000, 0.003, 1.000, 0.000]"
55.44,55.48,Yujin,1.0,Yujin,[1.000],"[0.000, 0.000, 0.000, 0.000, 0.002, 1.000, 0.000]"
55.48,55.52,Yujin,1.0,Yujin,[1.000],"[0.000, 0.000, 0.000, 0.000, 0.002, 1.000, 0.000]"
55.52,55.56,Yujin,1.0,Yujin,[1.000],"[0.000, 0.000, 0.000, 0.000, 0.002, 1.000, 0.000]"
55.56,55.6,Yujin,1.0,Yujin,[1.000],"[0.000, 0.000, 0.000, 0.000, 0.001, 1.000, 0.000]"
55.6,55.64,Yujin,1.0,Yujin,[1.000],"[0.000, 0.000, 0.000, 0.000, 0.001, 1.000, 0.000]"
55.64,55.68,Yujin,1.0,Yujin,[1.000],"[0.000, 0.000, 0.000, 0.000, 0.001, 1.000, 0.000]"
55.68,55.72,Yujin,1.0,Yujin,[1.000],"[0.000, 0.000, 0.000, 0.000, 0.000, 1.000, 0.000]"
55.72,55.76,Yujin,0.9999998807907104,Yujin,[1.000],"[0.000, 0.000, 0.000, 0.000, 0.000, 1.000, 0.000]"
55.76,55.8,Yujin,0.9999998807907104,Yujin,[1.000],"[0.000, 0.000, 0.000, 0.000, 0.000, 1.000, 0.000]"
55.8,55.84,Yujin,0.9999998807907104,Yujin,[1.000],"[0.000, 0.000, 0.000, 0.000, 0.000, 1.000, 0.000]"
55.84,55.88,Yujin,0.9999998807907104,Yujin,[1.000],"[0.000, 0.000, 0.000, 0.000, 0.000, 1.000, 0.000]"
55.88,55.92,Yujin,0.9999998807907104,Yujin,[1.000],"[0.000, 0.000, 0.000, 0.000, 0.000, 1.000, 0.000]"
55.92,55.96,Yujin,0.9999998807907104,Yujin,[1.000],"[0.000, 0.000, 0.000, 0.000, 0.000, 1.000, 0.000]"
55.96,56.0,Yujin,0.9999997615814209,Yujin,[1.000],"[0.000, 0.000, 0.001, 0.000, 0.000, 1.000, 0.000]"
56.0,56.04,Yujin,0.9999997615814209,Yujin,[1.000],"[0.000, 0.000, 0.001, 0.000, 0.000, 1.000, 0.000]"
56.04,56.08,Yujin,0.9999997615814209,Yujin,[1.000],"[0.000, 0.000, 0.001, 0.000, 0.000, 1.000, 0.000]"
56.08,56.12,Yujin,0.9999996423721313,Yujin,[1.000],"[0.000, 0.000, 0.001, 0.000, 0.000, 1.000, 0.000]"
56.12,56.16,Yujin,0.9999996423721313,Yujin,[1.000],"[0.000, 0.000, 0.001, 0.000, 0.000, 1.000, 0.000]"
56.16,56.2,Yujin,0.9999995231628418,Yujin,[1.000],"[0.000, 0.000, 0.001, 0.000, 0.000, 1.000, 0.000]"
56.2,56.24,Yujin,0.9999995231628418,Yujin,[1.000],"[0.000, 0.000, 0.001, 0.000, 0.000, 1.000, 0.000]"
56.24,56.28,Yujin,0.9999994039535522,Yujin,[1.000],"[0.000, 0.000, 0.002, 0.000, 0.000, 1.000, 0.000]"
56.28,56.32,Yujin,0.9999992847442627,Yujin,[1.000],"[0.000, 0.000, 0.002, 0.000, 0.000, 1.000, 0.000]"
56.32,56.36,Yujin,0.9999992847442627,Yujin,[1.000],"[0.000, 0.000, 0.002, 0.000, 0.000, 1.000, 0.000]"
56.36,56.4,Yujin,0.9999992847442627,Yujin,[1.000],"[0.000, 0.000, 0.002, 0.000, 0.000, 1.000, 0.000]"
56.4,56.44,Yujin,0.9999991655349731,Yujin,[1.000],"[0.000, 0.000, 0.002, 0.000, 0.000, 1.000, 0.000]"
56.44,56.48,Yujin,0.9999991655349731,Yujin,[1.000],"[0.000, 0.000, 0.002, 0.000, 0.000, 1.000, 0.000]"
56.48,56.52,Yujin,0.9999991655349731,Yujin,[1.000],"[0.001, 0.000, 0.002, 0.000, 0.000, 1.000, 0.000]"
56.52,56.56,Yujin,0.9999992847442627,Yujin,[1.000],"[0.001, 0.000, 0.002, 0.000, 0.000, 1.000, 0.000]"
56.56,56.6,Yujin,0.9999992847442627,Yujin,[1.000],"[0.001, 0.000, 0.002, 0.000, 0.000, 1.000, 0.000]"
56.6,56.64,Yujin,0.9999994039535522,Yujin,[1.000],"[0.001, 0.000, 0.002, 0.000, 0.000, 1.000, 0.000]"
56.64,56.68,Yujin,0.9999994039535522,Yujin,[1.000],"[0.001, 0.000, 0.002, 0.000, 0.000, 1.000, 0.000]"
56.68,56.72,Yujin,0.9999995231628418,Yujin,[1.000],"[0.001, 0.000, 0.002, 0.000, 0.000, 1.000, 0.000]"
56.72,56.76,Yujin,0.9999995231628418,Yujin,[1.000],"[0.001, 0.000, 0.002, 0.000, 0.000, 1.000, 0.000]"
56.76,56.8,Yujin,0.9999996423721313,Yujin,[1.000],"[0.001, 0.000, 0.002, 0.000, 0.000, 1.000, 0.000]"
56.8,56.84,Yujin,0.9999996423721313,Yujin,[1.000],"[0.001, 0.000, 0.002, 0.000, 0.000, 1.000, 0.000]"
56.84,56.88,Yujin,0.9999996423721313,Yujin,[1.000],"[0.001, 0.000, 0.002, 0.000, 0.000, 1.000, 0.000]"
56.88,56.92,Yujin,0.9999997615814209,Yujin,[1.000],"[0.001, 0.000, 0.002, 0.000, 0.000, 1.000, 0.000]"
56.92,56.96,Yujin,0.9999997615814209,Yujin,[1.000],"[0.001, 0.000, 0.002, 0.000, 0.000, 1.000, 0.000]"
56.96,57.0,Yujin,0.9999997615814209,Yujin,[1.000],"[0.000, 0.000, 0.002, 0.000, 0.000, 1.000, 0.000]"
57.0,57.04,Yujin,0.9999997615814209,Yujin,[1.000],"[0.000, 0.000, 0.002, 0.000, 0.000, 1.000, 0.000]"
57.04,57.08,Yujin,0.9999997615814209,Yujin,[1.000],"[0.000, 0.000, 0.001, 0.000, 0.000, 1.000, 0.000]"
57.08,57.12,Yujin,0.9999997615814209,Yujin,[1.000],"[0.000, 0.000, 0.001, 0.000, 0.000, 1.000, 0.000]"
57.12,57.16,Yujin,0.9999997615814209,Yujin,[1.000],"[0.000, 0.000, 0.001, 0.000, 0.000, 1.000, 0.000]"
57.16,57.2,Yujin,0.9999997615814209,Yujin,[1.000],"[0.000, 0.000, 0.001, 0.000, 0.000, 1.000, 0.000]"
57.2,57.24,Yujin,0.9999997615814209,Yujin,[1.000],"[0.000, 0.000, 0.001, 0.000, 0.000, 1.000, 0.000]"
57.24,57.28,Yujin,0.9999997615814209,Yujin,[1.000],"[0.000, 0.000, 0.001, 0.000, 0.000, 1.000, 0.000]"
57.28,57.32,Yujin,0.9999997615814209,Yujin,[1.000],"[0.000, 0.000, 0.001, 0.000, 0.000, 1.000, 0.000]"
57.32,57.36,Yujin,0.9999996423721313,Yujin,[1.000],"[0.000, 0.000, 0.001, 0.000, 0.000, 1.000, 0.000]"
57.36,57.4,Yujin,0.9999995231628418,Yujin,[1.000],"[0.000, 0.000, 0.001, 0.000, 0.000, 1.000, 0.000]"
57.4,57.44,Yujin,0.9999995231628418,Yujin,[1.000],"[0.000, 0.000, 0.001, 0.000, 0.000, 1.000, 0.000]"
57.44,57.48,Yujin,0.9999992847442627,Yujin,[1.000],"[0.000, 0.000, 0.001, 0.000, 0.000, 1.000, 0.000]"
57.48,57.52,Yujin,0.9999990463256836,Yujin,[1.000],"[0.000, 0.000, 0.001, 0.000, 0.000, 1.000, 0.000]"
57.52,57.56,Yujin,0.9999988079071045,Yujin,[1.000],"[0.000, 0.000, 0.001, 0.000, 0.000, 1.000, 0.000]"
57.56,57.6,Yujin,0.9999982118606567,Yujin,[1.000],"[0.000, 0.000, 0.001, 0.000, 0.000, 1.000, 0.000]"
57.6,57.64,Yujin,0.9999974966049194,Yujin,[1.000],"[0.000, 0.000, 0.001, 0.000, 0.000, 1.000, 0.000]"
57.64,57.68,Yujin,0.999996542930603,Yujin,[1.000],"[0.000, 0.000, 0.001, 0.000, 0.000, 1.000, 0.000]"
57.68,57.72,Yujin,0.9999948740005493,Yujin,[1.000],"[0.000, 0.000, 0.001, 0.000, 0.000, 1.000, 0.000]"
57.72,57.76,Yujin,0.9999926090240479,Yujin,[1.000],"[0.000, 0.000, 0.001, 0.000, 0.000, 1.000, 0.000]"
57.76,57.8,Yujin,0.9999892711639404,Yujin,[1.000],"[0.000, 0.000, 0.001, 0.000, 0.000, 1.000, 0.000]"
57.8,57.84,Yujin,0.9999843835830688,Yujin,[1.000],"[0.000, 0.000, 0.001, 0.000, 0.000, 1.000, 0.000]"
57.84,57.88,Yujin,0.9999774694442749,Yujin,[1.000],"[0.000, 0.000, 0.001, 0.000, 0.000, 1.000, 0.000]"
57.88,57.92,Yujin,0.9999676942825317,Yujin,[1.000],"[0.000, 0.000, 0.001, 0.000, 0.000, 1.000, 0.000]"
57.92,57.96,Yujin,0.999954342842102,Yujin,[1.000],"[0.000, 0.000, 0.001, 0.000, 0.000, 1.000, 0.000]"
57.96,58.0,Yujin,0.9999361038208008,Yujin,[1.000],"[0.000, 0.000, 0.001, 0.000, 0.000, 1.000, 0.000]"
58.0,58.04,Yujin,0.9999115467071533,Yujin,[1.000],"[0.000, 0.000, 0.001, 0.000, 0.000, 1.000, 0.000]"
58.04,58.08,Yujin,0.9998792409896851,Yujin,[1.000],"[0.000, 0.000, 0.001, 0.000, 0.000, 1.000, 0.000]"
58.08,58.12,Yujin,0.9998370409011841,Yujin,[1.000],"[0.000, 0.000, 0.001, 0.000, 0.000, 1.000, 0.000]"
58.12,58.16,Yujin,0.9997825026512146,Yujin,[1.000],"[0.000, 0.000, 0.001, 0.000, 0.000, 1.000, 0.000]"
58.16,58.2,Yujin,0.9997126460075378,Yujin,[1.000],"[0.000, 0.000, 0.001, 0.000, 0.000, 1.000, 0.000]"
58.2,58.24,Yujin,0.9996242523193359,Yujin,[1.000],"[0.000, 0.000, 0.001, 0.000, 0.000, 1.000, 0.000]"
58.24,58.28,Yujin,0.9995131492614746,Yujin,[1.000],"[0.000, 0.000, 0.001, 0.000, 0.000, 1.000, 0.000]"
58.28,58.32,Yujin,0.9993738532066345,Yujin,[0.999],"[0.000, 0.000, 0.001, 0.000, 0.000, 0.999, 0.000]"
58.32,58.36,Yujin,0.9991989731788635,Yujin,[0.999],"[0.000, 0.000, 0.001, 0.000, 0.000, 0.999, 0.000]"
58.36,58.4,Yujin,0.9989784955978394,Yujin,[0.999],"[0.000, 0.000, 0.001, 0.000, 0.000, 0.999, 0.000]"
58.4,58.44,Yujin,0.9986982345581055,Yujin,[0.999],"[0.000, 0.000, 0.001, 0.000, 0.000, 0.999, 0.000]"
58.44,58.48,Yujin,0.9983391761779785,Yujin,[0.998],"[0.000, 0.000, 0.001, 0.000, 0.000, 0.998, 0.000]"
58.48,58.52,Yujin,0.9978771209716797,Yujin,[0.998],"[0.000, 0.000, 0.001, 0.000, 0.000, 0.998, 0.000]"
58.52,58.56,Yujin,0.9972814321517944,Yujin,[0.997],"[0.000, 0.000, 0.001, 0.000, 0.000, 0.997, 0.000]"
58.56,58.6,Yujin,0.9965155124664307,Yujin,[0.997],"[0.000, 0.000, 0.001, 0.000, 0.000, 0.997, 0.000]"
58.6,58.64,Yujin,0.9955328702926636,Yujin,[0.996],"[0.000, 0.000, 0.001, 0.000, 0.000, 0.996, 0.000]"
58.64,58.68,Yujin,0.9942743182182312,Yujin,[0.994],"[0.000, 0.000, 0.001, 0.000, 0.000, 0.994, 0.000]"
58.68,58.72,Yujin,0.9926651120185852,Yujin,[0.993],"[0.000, 0.000, 0.000, 0.000, 0.000, 0.993, 0.000]"
58.72,58.76,Yujin,0.9906056523323059,Yujin,[0.991],"[0.000, 0.000, 0.000, 0.000, 0.000, 0.991, 0.000]"
58.76,58.8,Yujin,0.9879658818244934,Yujin,[0.988],"[0.000, 0.000, 0.000, 0.000, 0.000, 0.988, 0.000]"
58.8,58.84,Yujin,0.9845739006996155,Yujin,[0.985],"[0.000, 0.000, 0.000, 0.000, 0.000, 0.985, 0.000]"
58.84,58.88,Yujin,0.9802001714706421,Yujin,[0.980],"[0.000, 0.000, 0.000, 0.000, 0.000, 0.980, 0.000]"
58.88,58.92,Yujin,0.9745441675186157,Yujin,[0.975],"[0.000, 0.000, 0.000, 0.000, 0.000, 0.975, 0.000]"
58.92,58.96,Yujin,0.9672250151634216,Yujin,[0.967],"[0.000, 0.000, 0.000, 0.000, 0.000, 0.967, 0.000]"
58.96,59.0,Yujin,0.9577171206474304,Yujin,[0.958],"[0.000, 0.000, 0.000, 0.000, 0.000, 0.958, 0.000]"
59.0,59.04,Yujin,0.9452313780784607,Yujin,[0.945],"[0.000, 0.000, 0.000, 0.000, 0.000, 0.945, 0.000]"
59.04,59.08,Yujin,0.9286444783210754,Yujin,[0.929],"[0.000, 0.000, 0.000, 0.000, 0.000, 0.929, 0.000]"
59.08,59.12,Yujin,0.9064471125602722,Yujin,[0.906],"[0.000, 0.000, 0.000, 0.000, 0.000, 0.906, 0.000]"
59.12,59.16,Yujin,0.8766814470291138,Yujin,[0.877],"[0.000, 0.000, 0.000, 0.000, 0.000, 0.877, 0.000]"
59.16,59.2,Yujin,0.8369829654693604,Yujin,[0.837],"[0.000, 0.000, 0.000, 0.000, 0.000, 0.837, 0.000]"
59.2,59.24,Yujin,0.7848020792007446,Yujin,[0.785],"[0.000, 0.000, 0.000, 0.000, 0.000, 0.785, 0.000]"
59.24,59.28,Yujin,0.7180317044258118,Yujin,[0.718],"[0.000, 0.000, 0.000, 0.000, 0.000, 0.718, 0.000]"
59.28,59.32,Yujin,0.636096715927124,Yujin,[0.636],"[0.000, 0.000, 0.000, 0.000, 0.000, 0.636, 0.000]"
59.32,59.36,Yujin,0.5412566661834717,Yujin,[0.541],"[0.000, 0.000, 0.000, 0.000, 0.000, 0.541, 0.000]"
59.36,59.4,Yujin,0.4393315017223358,,[],"[0.000, 0.000, 0.000, 0.000, 0.000, 0.439, 0.000]"
59.4,59.44,Yujin,0.33886584639549255,,[],"[0.000, 0.000, 0.000, 0.000, 0.000, 0.339, 0.000]"
59.44,59.48,Yujin,0.248334139585495,,[],"[0.000, 0.000, 0.000, 0.000, 0.000, 0.248, 0.000]"
59.48,59.52,Yujin,0.17357398569583893,,[],"[0.000, 0.000, 0.000, 0.000, 0.000, 0.174, 0.000]"
59.52,59.56,Yujin,0.11647510528564453,,[],"[0.000, 0.000, 0.000, 0.000, 0.000, 0.116, 0.000]"
59.56,59.6,Yujin,0.07562395185232162,,[],"[0.000, 0.000, 0.000, 0.000, 0.000, 0.076, 0.000]"
59.6,59.64,Yujin,0.04787115007638931,,[],"[0.000, 0.000, 0.000, 0.000, 0.000, 0.048, 0.000]"
59.64,59.68,Yujin,0.029730767011642456,,[],"[0.000, 0.000, 0.000, 0.000, 0.000, 0.030, 0.000]"
59.68,59.72,Yujin,0.018203411251306534,,[],"[0.000, 0.000, 0.000, 0.000, 0.000, 0.018, 0.000]"
59.72,59.76,Yujin,0.011030224151909351,,[],"[0.000, 0.000, 0.000, 0.000, 0.000, 0.011, 0.000]"
59.76,59.8,Yujin,0.006632961332798004,,[],"[0.000, 0.000, 0.000, 0.001, 0.000, 0.007, 0.000]"
59.8,59.84,Yujin,0.003968253266066313,,[],"[0.000, 0.000, 0.000, 0.004, 0.000, 0.004, 0.000]"
59.84,59.88,Rei,0.00978674553334713,,[],"[0.000, 0.000, 0.000, 0.010, 0.000, 0.002, 0.000]"
59.88,59.92,Rei,0.024183129891753197,,[],"[0.000, 0.000, 0.000, 0.024, 0.000, 0.001, 0.000]"
59.92,59.96,Rei,0.05516535043716431,,[],"[0.000, 0.000, 0.000, 0.055, 0.000, 0.001, 0.000]"
59.96,60.0,Rei,0.11382701247930527,,[],"[0.000, 0.000, 0.000, 0.114, 0.000, 0.001, 0.000]"
60.0,60.04,Rei,0.20802520215511322,,[],"[0.000, 0.000, 0.000, 0.208, 0.000, 0.000, 0.000]"
60.04,60.08,Rei,0.3322311043739319,,[],"[0.000, 0.000, 0.000, 0.332, 0.001, 0.000, 0.000]"
60.08,60.12,Rei,0.4655609130859375,,[],"[0.000, 0.000, 0.000, 0.466, 0.001, 0.000, 0.000]"
60.12,60.16,Rei,0.5849219560623169,Rei,[0.585],"[0.000, 0.000, 0.000, 0.585, 0.001, 0.000, 0.000]"
60.16,60.2,Rei,0.6780736446380615,Rei,[0.678],"[0.000, 0.000, 0.000, 0.678, 0.001, 0.000, 0.000]"
60.2,60.24,Rei,0.7445802688598633,Rei,[0.745],"[0.000, 0.000, 0.000, 0.745, 0.001, 0.000, 0.000]"
60.24,60.28,Rei,0.7894653081893921,Rei,[0.789],"[0.000, 0.000, 0.000, 0.789, 0.001, 0.000, 0.000]"
60.28,60.32,Rei,0.8181474208831787,Rei,[0.818],"[0.000, 0.000, 0.000, 0.818, 0.001, 0.000, 0.000]"
60.32,60.36,Rei,0.8348495364189148,Rei,[0.835],"[0.000, 0.000, 0.000, 0.835, 0.001, 0.000, 0.000]"
60.36,60.4,Rei,0.8424554467201233,Rei,[0.842],"[0.000, 0.000, 0.000, 0.842, 0.001, 0.000, 0.000]"
60.4,60.44,Rei,0.8427358865737915,Rei,[0.843],"[0.000, 0.000, 0.000, 0.843, 0.001, 0.000, 0.000]"
60.44,60.48,Rei,0.836660623550415,Rei,[0.837],"[0.000, 0.000, 0.000, 0.837, 0.001, 0.000, 0.000]"
60.48,60.52,Rei,0.8246970176696777,Rei,[0.825],"[0.000, 0.000, 0.000, 0.825, 0.000, 0.000, 0.000]"
60.52,60.56,Rei,0.8071839809417725,Rei,[0.807],"[0.000, 0.000, 0.000, 0.807, 0.000, 0.000, 0.000]"
60.56,60.6,Rei,0.7844836115837097,Rei,[0.784],"[0.000, 0.000, 0.000, 0.784, 0.000, 0.000, 0.000]"
60.6,60.64,Rei,0.7572281956672668,Rei,[0.757],"[0.000, 0.000, 0.000, 0.757, 0.000, 0.000, 0.000]"
60.64,60.68,Rei,0.7263609766960144,Rei,[0.726],"[0.000, 0.001, 0.000, 0.726, 0.000, 0.000, 0.000]"
60.68,60.72,Rei,0.6931093335151672,Rei,[0.693],"[0.000, 0.001, 0.000, 0.693, 0.000, 0.000, 0.000]"
60.72,60.76,Rei,0.6589952111244202,Rei,[0.659],"[0.000, 0.001, 0.000, 0.659, 0.000, 0.000, 0.000]"
60.76,60.8,Rei,0.6256179213523865,Rei,[0.626],"[0.000, 0.002, 0.000, 0.626, 0.000, 0.000, 0.000]"
60.8,60.84,Rei,0.5944835543632507,Rei,[0.594],"[0.000, 0.002, 0.000, 0.594, 0.000, 0.000, 0.000]"
60.84,60.88,Rei,0.5669712424278259,Rei,[0.567],"[0.000, 0.003, 0.000, 0.567, 0.000, 0.000, 0.000]"
60.88,60.92,Rei,0.5439897179603577,Rei,[0.544],"[0.000, 0.004, 0.000, 0.544, 0.000, 0.000, 0.000]"
60.92,60.96,Rei,0.5258640646934509,Rei,[0.526],"[0.000, 0.006, 0.000, 0.526, 0.000, 0.000, 0.000]"
60.96,61.0,Rei,0.5129435658454895,Rei,[0.513],"[0.000, 0.009, 0.000, 0.513, 0.000, 0.000, 0.000]"
61.0,61.04,Rei,0.5055973529815674,Rei,[0.506],"[0.000, 0.012, 0.000, 0.506, 0.000, 0.000, 0.000]"
61.04,61.08,Rei,0.503994345664978,Rei,[0.504],"[0.000, 0.016, 0.000, 0.504, 0.000, 0.000, 0.000]"
61.08,61.12,Rei,0.5082418322563171,Rei,[0.508],"[0.000, 0.021, 0.000, 0.508, 0.000, 0.000, 0.000]"
61.12,61.16,Rei,0.5183800458908081,Rei,[0.518],"[0.000, 0.028, 0.000, 0.518, 0.000, 0.000, 0.000]"
61.16,61.2,Rei,0.534256100654602,Rei,[0.534],"[0.000, 0.036, 0.000, 0.534, 0.001, 0.000, 0.000]"
61.2,61.24,Rei,0.5555101633071899,Rei,[0.556],"[0.000, 0.045, 0.000, 0.556, 0.001, 0.000, 0.000]"
61.24,61.28,Rei,0.5815636515617371,Rei,[0.582],"[0.000, 0.054, 0.000, 0.582, 0.001, 0.000, 0.000]"
61.28,61.32,Rei,0.611616313457489,Rei,[0.612],"[0.000, 0.064, 0.000, 0.612, 0.001, 0.000, 0.000]"
61.32,61.36,Rei,0.6446148753166199,Rei,[0.645],"[0.000, 0.074, 0.000, 0.645, 0.001, 0.000, 0.000]"
61.36,61.4,Rei,0.6792678833007812,Rei,[0.679],"[0.000, 0.082, 0.000, 0.679, 0.002, 0.000, 0.000]"
61.4,61.44,Rei,0.714225172996521,Rei,[0.714],"[0.000, 0.090, 0.000, 0.714, 0.002, 0.000, 0.000]"
61.44,61.48,Rei,0.7483612895011902,Rei,[0.748],"[0.000, 0.097, 0.000, 0.748, 0.003, 0.000, 0.000]"
61.48,61.52,Rei,0.7806344628334045,Rei,[0.781],"[0.000, 0.102, 0.000, 0.781, 0.004, 0.000, 0.000]"
61.52,61.56,Rei,0.8101959824562073,Rei,[0.810],"[0.000, 0.105, 0.000, 0.810, 0.005, 0.000, 0.000]"
61.56,61.6,Rei,0.8365089297294617,Rei,[0.837],"[0.000, 0.107, 0.000, 0.837, 0.007, 0.000, 0.000]"
61.6,61.64,Rei,0.8593686819076538,Rei,[0.859],"[0.000, 0.107, 0.000, 0.859, 0.009, 0.000, 0.000]"
61.64,61.68,Rei,0.8788710236549377,Rei,[0.879],"[0.000, 0.106, 0.000, 0.879, 0.012, 0.000, 0.000]"
61.68,61.72,Rei,0.8952704668045044,Rei,[0.895],"[0.000, 0.104, 0.000, 0.895, 0.016, 0.000, 0.000]"
61.72,61.76,Rei,0.9088801741600037,Rei,[0.909],"[0.000, 0.100, 0.000, 0.909, 0.022, 0.000, 0.000]"
61.76,61.8,Rei,0.9199997186660767,Rei,[0.920],"[0.000, 0.095, 0.000, 0.920, 0.028, 0.000, 0.000]"
61.8,61.84,Rei,0.9289403557777405,Rei,[0.929],"[0.000, 0.090, 0.000, 0.929, 0.037, 0.000, 0.000]"
61.84,61.88,Rei,0.9359991550445557,Rei,[0.936],"[0.000, 0.084, 0.000, 0.936, 0.047, 0.000, 0.000]"
61.88,61.92,Rei,0.941423237323761,Rei,[0.941],"[0.000, 0.078, 0.000, 0.941, 0.058, 0.000, 0.000]"
61.92,61.96,Rei,0.9454377293586731,Rei,[0.945],"[0.000, 0.072, 0.000, 0.945, 0.071, 0.000, 0.000]"
61.96,62.0,Rei,0.9482304453849792,Rei,[0.948],"[0.000, 0.065, 0.000, 0.948, 0.084, 0.000, 0.000]"
62.0,62.04,Rei,0.9499473571777344,Rei,[0.950],"[0.000, 0.059, 0.000, 0.950, 0.097, 0.000, 0.000]"
62.04,62.08,Rei,0.9506829977035522,Rei,[0.951],"[0.000, 0.053, 0.000, 0.951, 0.109, 0.000, 0.000]"
62.08,62.12,Rei,0.9505319595336914,Rei,[0.951],"[0.000, 0.048, 0.000, 0.951, 0.120, 0.000, 0.000]"
62.12,62.16,Rei,0.949582040309906,Rei,[0.950],"[0.000, 0.043, 0.000, 0.950, 0.129, 0.000, 0.000]"
62.16,62.2,Rei,0.947930634021759,Rei,[0.948],"[0.000, 0.038, 0.000, 0.948, 0.136, 0.000, 0.000]"
62.2,62.24,Rei,0.9456140995025635,Rei,[0.946],"[0.000, 0.033, 0.000, 0.946, 0.141, 0.000, 0.000]"
62.24,62.28,Rei,0.9426158666610718,Rei,[0.943],"[0.000, 0.029, 0.001, 0.943, 0.144, 0.000, 0.000]"
62.28,62.32,Rei,0.9389247298240662,Rei,[0.939],"[0.000, 0.025, 0.001, 0.939, 0.144, 0.000, 0.000]"
62.32,62.36,Rei,0.9345582723617554,Rei,[0.935],"[0.000, 0.022, 0.001, 0.935, 0.143, 0.000, 0.000]"
62.36,62.4,Rei,0.929579496383667,Rei,[0.930],"[0.000, 0.019, 0.001, 0.930, 0.141, 0.000, 0.000]"
62.4,62.44,Rei,0.9240971207618713,Rei,[0.924],"[0.000, 0.016, 0.001, 0.924, 0.138, 0.000, 0.000]"
62.44,62.48,Rei,0.918260395526886,Rei,[0.918],"[0.000, 0.013, 0.001, 0.918, 0.135, 0.000, 0.000]"
62.48,62.52,Rei,0.9122215509414673,Rei,[0.912],"[0.000, 0.011, 0.001, 0.912, 0.131, 0.000, 0.000]"
62.52,62.56,Rei,0.9060934782028198,Rei,[0.906],"[0.000, 0.009, 0.002, 0.906, 0.128, 0.000, 0.000]"
62.56,62.6,Rei,0.9000137448310852,Rei,[0.900],"[0.000, 0.007, 0.002, 0.900, 0.125, 0.000, 0.000]"
62.6,62.64,Rei,0.8941014409065247,Rei,[0.894],"[0.000, 0.006, 0.002, 0.894, 0.123, 0.000, 0.000]"
62.64,62.68,Rei,0.8885894417762756,Rei,[0.889],"[0.000, 0.005, 0.002, 0.889, 0.122, 0.000, 0.000]"
62.68,62.72,Rei,0.8837721347808838,Rei,[0.884],"[0.000, 0.004, 0.003, 0.884, 0.121, 0.000, 0.000]"
62.72,62.76,Rei,0.8799175024032593,Rei,[0.880],"[0.000, 0.003, 0.003, 0.880, 0.122, 0.000, 0.000]"
62.76,62.8,Rei,0.8772426843643188,Rei,[0.877],"[0.000, 0.002, 0.004, 0.877, 0.124, 0.000, 0.000]"
62.8,62.84,Rei,0.8759777545928955,Rei,[0.876],"[0.000, 0.002, 0.004, 0.876, 0.126, 0.000, 0.000]"
62.84,62.88,Rei,0.8763185739517212,Rei,[0.876],"[0.000, 0.001, 0.004, 0.876, 0.129, 0.000, 0.000]"
62.88,62.92,Rei,0.8783308863639832,Rei,[0.878],"[0.000, 0.001, 0.005, 0.878, 0.132, 0.000, 0.000]"
62.92,62.96,Rei,0.8819542527198792,Rei,[0.882],"[0.000, 0.001, 0.005, 0.882, 0.137, 0.000, 0.000]"
62.96,63.0,Rei,0.886957049369812,Rei,[0.887],"[0.000, 0.001, 0.005, 0.887, 0.142, 0.000, 0.000]"
63.0,63.04,Rei,0.8929608464241028,Rei,[0.893],"[0.000, 0.000, 0.006, 0.893, 0.148, 0.000, 0.000]"
63.04,63.08,Rei,0.8995503783226013,Rei,[0.900],"[0.000, 0.000, 0.006, 0.900, 0.155, 0.000, 0.000]"
63.08,63.12,Rei,0.9063392877578735,Rei,[0.906],"[0.000, 0.000, 0.006, 0.906, 0.163, 0.000, 0.000]"
63.12,63.16,Rei,0.9129793643951416,Rei,[0.913],"[0.000, 0.000, 0.006, 0.913, 0.172, 0.000, 0.000]"
63.16,63.2,Rei,0.9192255735397339,Rei,[0.919],"[0.000, 0.000, 0.006, 0.919, 0.183, 0.000, 0.000]"
63.2,63.24,Rei,0.92486971616745,Rei,[0.925],"[0.000, 0.000, 0.006, 0.925, 0.197, 0.000, 0.000]"
63.24,63.28,Rei,0.9297906160354614,Rei,[0.930],"[0.000, 0.000, 0.006, 0.930, 0.212, 0.000, 0.000]"
63.28,63.32,Rei,0.9339567422866821,Rei,[0.934],"[0.000, 0.000, 0.006, 0.934, 0.229, 0.000, 0.000]"
63.32,63.36,Rei,0.9373562335968018,Rei,[0.937],"[0.000, 0.000, 0.006, 0.937, 0.249, 0.000, 0.000]"
63.36,63.4,Rei,0.9399846196174622,Rei,[0.940],"[0.000, 0.000, 0.006, 0.940, 0.272, 0.000, 0.000]"
63.4,63.44,Rei,0.9418566823005676,Rei,[0.942],"[0.000, 0.000, 0.005, 0.942, 0.296, 0.000, 0.000]"
63.44,63.48,Rei,0.943015456199646,Rei,[0.943],"[0.000, 0.000, 0.005, 0.943, 0.322, 0.000, 0.000]"
63.48,63.52,Rei,0.9435158371925354,Rei,[0.944],"[0.000, 0.000, 0.005, 0.944, 0.348, 0.000, 0.000]"
63.52,63.56,Rei,0.9434124231338501,Rei,[0.943],"[0.000, 0.000, 0.005, 0.943, 0.374, 0.000, 0.000]"
63.56,63.6,Rei,0.9427900314331055,Rei,[0.943],"[0.000, 0.000, 0.005, 0.943, 0.398, 0.000, 0.000]"
63.6,63.64,Rei,0.9417359232902527,Rei,[0.942],"[0.000, 0.000, 0.004, 0.942, 0.421, 0.000, 0.000]"
63.64,63.68,Rei,0.9403125047683716,Rei,[0.940],"[0.000, 0.000, 0.004, 0.940, 0.442, 0.000, 0.000]"
63.68,63.72,Rei,0.9385762810707092,Rei,[0.939],"[0.000, 0.000, 0.004, 0.939, 0.459, 0.000, 0.000]"
63.72,63.76,Rei,0.9366006255149841,Rei,[0.937],"[0.000, 0.000, 0.004, 0.937, 0.474, 0.000, 0.000]"
63.76,63.8,Rei,0.9344817399978638,Rei,[0.934],"[0.000, 0.000, 0.004, 0.934, 0.486, 0.000, 0.000]"
63.8,63.84,Rei,0.932351291179657,Rei,[0.932],"[0.000, 0.000, 0.004, 0.932, 0.495, 0.000, 0.000]"
63.84,63.88,Rei,0.9303659200668335,Rei,[0.930],"[0.000, 0.000, 0.004, 0.930, 0.501, 0.000, 0.000]"
63.88,63.92,Rei,0.9287232160568237,Rei,[0.929],"[0.000, 0.000, 0.003, 0.929, 0.504, 0.000, 0.000]"
63.92,63.96,Rei,0.9276172518730164,Rei,[0.928],"[0.000, 0.000, 0.003, 0.928, 0.506, 0.000, 0.000]"
63.96,64.0,Rei,0.927249550819397,Rei,[0.927],"[0.000, 0.000, 0.003, 0.927, 0.505, 0.000, 0.000]"
64.0,64.04,Rei,0.9278496503829956,Rei,[0.928],"[0.000, 0.000, 0.003, 0.928, 0.503, 0.000, 0.000]"
64.04,64.08,Rei,0.9296076893806458,Rei,[0.930],"[0.000, 0.000, 0.003, 0.930, 0.499, 0.000, 0.000]"
64.08,64.12,Rei,0.9325337409973145,Rei,[0.933],"[0.000, 0.000, 0.003, 0.933, 0.495, 0.000, 0.000]"
64.12,64.16,Rei,0.9365270733833313,Rei,[0.937],"[0.000, 0.000, 0.003, 0.937, 0.490, 0.000, 0.000]"
64.16,64.2,Rei,0.9414462447166443,Rei,[0.941],"[0.000, 0.000, 0.003, 0.941, 0.484, 0.000, 0.000]"
64.2,64.24,Rei,0.9471526741981506,Rei,[0.947],"[0.000, 0.000, 0.003, 0.947, 0.477, 0.000, 0.000]"
64.24,64.28,Rei,0.9534319639205933,Rei,[0.953],"[0.000, 0.000, 0.003, 0.953, 0.470, 0.000, 0.000]"
64.28,64.32,Rei,0.9600327610969543,Rei,[0.960],"[0.000, 0.000, 0.003, 0.960, 0.463, 0.000, 0.000]"
64.32,64.36,Rei,0.9666369557380676,Rei,[0.967],"[0.000, 0.000, 0.002, 0.967, 0.455, 0.000, 0.000]"
64.36,64.4,Rei,0.9729244112968445,Rei,[0.973],"[0.000, 0.000, 0.002, 0.973, 0.447, 0.000, 0.000]"
64.4,64.44,Rei,0.978630006313324,Rei,[0.979],"[0.000, 0.000, 0.002, 0.979, 0.438, 0.000, 0.000]"
64.44,64.48,Rei,0.9835702180862427,Rei,[0.984],"[0.000, 0.000, 0.002, 0.984, 0.429, 0.000, 0.000]"
64.48,64.52,Rei,0.9876757860183716,Rei,[0.988],"[0.000, 0.000, 0.002, 0.988, 0.419, 0.000, 0.000]"
64.52,64.56,Rei,0.9909597635269165,Rei,[0.991],"[0.000, 0.000, 0.002, 0.991, 0.408, 0.000, 0.000]"
64.56,64.6,Rei,0.9934951663017273,Rei,[0.993],"[0.000, 0.000, 0.002, 0.993, 0.395, 0.000, 0.000]"
64.6,64.64,Rei,0.9953936338424683,Rei,[0.995],"[0.001, 0.000, 0.002, 0.995, 0.382, 0.000, 0.000]"
64.64,64.68,Rei,0.9967765212059021,Rei,[0.997],"[0.001, 0.000, 0.002, 0.997, 0.367, 0.000, 0.000]"
64.68,64.72,Rei,0.9977596998214722,Rei,[0.998],"[0.001, 0.000, 0.002, 0.998, 0.351, 0.000, 0.000]"
64.72,64.76,Rei,0.9984462857246399,Rei,[0.998],"[0.001, 0.000, 0.001, 0.998, 0.334, 0.000, 0.000]"
64.76,64.8,Rei,0.9989192485809326,Rei,[0.999],"[0.001, 0.000, 0.001, 0.999, 0.316, 0.000, 0.000]"
64.8,64.84,Rei,0.9992420673370361,Rei,[0.999],"[0.001, 0.000, 0.001, 0.999, 0.297, 0.000, 0.000]"
64.84,64.88,Rei,0.9994617104530334,Rei,[0.999],"[0.002, 0.000, 0.001, 0.999, 0.278, 0.000, 0.000]"
64.88,64.92,Rei,0.9996119141578674,Rei,[1.000],"[0.002, 0.000, 0.001, 1.000, 0.259, 0.000, 0.000]"
64.92,64.96,Rei,0.999715268611908,Rei,[1.000],"[0.002, 0.000, 0.001, 1.000, 0.240, 0.000, 0.000]"
64.96,65.0,Rei,0.9997873902320862,Rei,[1.000],"[0.002, 0.001, 0.001, 1.000, 0.221, 0.000, 0.000]"
65.0,65.04,Rei,0.99983811378479,Rei,[1.000],"[0.002, 0.001, 0.001, 1.000, 0.203, 0.000, 0.000]"
65.04,65.08,Rei,0.9998745918273926,Rei,[1.000],"[0.003, 0.001, 0.001, 1.000, 0.185, 0.000, 0.000]"
65.08,65.12,Rei,0.9999010562896729,Rei,[1.000],"[0.003, 0.001, 0.001, 1.000, 0.168, 0.000, 0.000]"
65.12,65.16,Rei,0.9999208450317383,Rei,[1.000],"[0.003, 0.002, 0.001, 1.000, 0.152, 0.000, 0.000]"
65.16,65.2,Rei,0.9999357461929321,Rei,[1.000],"[0.003, 0.002, 0.001, 1.000, 0.137, 0.000, 0.000]"
65.2,65.24,Rei,0.999947190284729,Rei,[1.000],"[0.003, 0.002, 0.001, 1.000, 0.122, 0.000, 0.000]"
65.24,65.28,Rei,0.9999563694000244,Rei,[1.000],"[0.003, 0.003, 0.001, 1.000, 0.108, 0.000, 0.000]"
65.28,65.32,Rei,0.9999637603759766,Rei,[1.000],"[0.003, 0.004, 0.000, 1.000, 0.095, 0.000, 0.000]"
65.32,65.36,Rei,0.9999698400497437,Rei,[1.000],"[0.003, 0.004, 0.000, 1.000, 0.083, 0.000, 0.000]"
65.36,65.4,Rei,0.9999748468399048,Rei,[1.000],"[0.003, 0.005, 0.000, 1.000, 0.072, 0.000, 0.000]"
65.4,65.44,Rei,0.9999790191650391,Rei,[1.000],"[0.003, 0.006, 0.000, 1.000, 0.062, 0.000, 0.000]"
65.44,65.48,Rei,0.999982476234436,Rei,[1.000],"[0.002, 0.007, 0.000, 1.000, 0.054, 0.000, 0.000]"
65.48,65.52,Rei,0.9999853372573853,Rei,[1.000],"[0.002, 0.008, 0.000, 1.000, 0.046, 0.000, 0.000]"
65.52,65.56,Rei,0.9999877214431763,Rei,[1.000],"[0.002, 0.009, 0.000, 1.000, 0.040, 0.000, 0.000]"
65.56,65.6,Rei,0.9999896287918091,Rei,[1.000],"[0.002, 0.011, 0.000, 1.000, 0.035, 0.000, 0.000]"
65.6,65.64,Rei,0.9999912977218628,Rei,[1.000],"[0.002, 0.012, 0.000, 1.000, 0.031, 0.000, 0.000]"
65.64,65.68,Rei,0.9999924898147583,Rei,[1.000],"[0.002, 0.013, 0.000, 1.000, 0.027, 0.000, 0.000]"
65.68,65.72,Rei,0.9999934434890747,Rei,[1.000],"[0.002, 0.014, 0.000, 1.000, 0.024, 0.000, 0.000]"
65.72,65.76,Rei,0.9999942779541016,Rei,[1.000],"[0.002, 0.015, 0.000, 1.000, 0.022, 0.000, 0.000]"
65.76,65.8,Rei,0.9999949932098389,Rei,[1.000],"[0.002, 0.016, 0.000, 1.000, 0.020, 0.000, 0.000]"
65.8,65.84,Rei,0.9999954700469971,Rei,[1.000],"[0.001, 0.017, 0.000, 1.000, 0.018, 0.000, 0.000]"
65.84,65.88,Rei,0.9999958276748657,Rei,[1.000],"[0.001, 0.017, 0.000, 1.000, 0.017, 0.000, 0.000]"
65.88,65.92,Rei,0.9999961853027344,Rei,[1.000],"[0.001, 0.018, 0.000, 1.000, 0.016, 0.000, 0.000]"
65.92,65.96,Rei,0.9999964237213135,Rei,[1.000],"[0.001, 0.017, 0.000, 1.000, 0.015, 0.000, 0.000]"
65.96,66.0,Rei,0.999996542930603,Rei,[1.000],"[0.001, 0.017, 0.000, 1.000, 0.014, 0.000, 0.000]"
66.0,66.04,Rei,0.9999966621398926,Rei,[1.000],"[0.001, 0.016, 0.000, 1.000, 0.013, 0.000, 0.000]"
66.04,66.08,Rei,0.9999967813491821,Rei,[1.000],"[0.001, 0.016, 0.000, 1.000, 0.013, 0.000, 0.000]"
66.08,66.12,Rei,0.9999966621398926,Rei,[1.000],"[0.000, 0.015, 0.000, 1.000, 0.012, 0.000, 0.000]"
66.12,66.16,Rei,0.999996542930603,Rei,[1.000],"[0.000, 0.014, 0.000, 1.000, 0.012, 0.000, 0.000]"
66.16,66.2,Rei,0.9999963045120239,Rei,[1.000],"[0.000, 0.012, 0.000, 1.000, 0.012, 0.000, 0.000]"
66.2,66.24,Rei,0.9999959468841553,Rei,[1.000],"[0.000, 0.011, 0.000, 1.000, 0.012, 0.000, 0.000]"
66.24,66.28,Rei,0.9999954700469971,Rei,[1.000],"[0.000, 0.010, 0.000, 1.000, 0.012, 0.000, 0.000]"
66.28,66.32,Rei,0.9999947547912598,Rei,[1.000],"[0.000, 0.009, 0.000, 1.000, 0.012, 0.000, 0.000]"
66.32,66.36,Rei,0.9999938011169434,Rei,[1.000],"[0.000, 0.008, 0.000, 1.000, 0.012, 0.000, 0.000]"
66.36,66.4,Rei,0.9999924898147583,Rei,[1.000],"[0.000, 0.007, 0.000, 1.000, 0.013, 0.000, 0.000]"
66.4,66.44,Rei,0.9999908208847046,Rei,[1.000],"[0.000, 0.005, 0.000, 1.000, 0.013, 0.000, 0.000]"
66.44,66.48,Rei,0.9999884366989136,Rei,[1.000],"[0.000, 0.005, 0.000, 1.000, 0.013, 0.000, 0.000]"
66.48,66.52,Rei,0.9999853372573853,Rei,[1.000],"[0.000, 0.004, 0.000, 1.000, 0.014, 0.000, 0.000]"
66.52,66.56,Rei,0.999981164932251,Rei,[1.000],"[0.000, 0.003, 0.000, 1.000, 0.015, 0.000, 0.000]"
66.56,66.6,Rei,0.9999755620956421,Rei,[1.000],"[0.000, 0.002, 0.000, 1.000, 0.015, 0.000, 0.000]"
66.6,66.64,Rei,0.999968409538269,Rei,[1.000],"[0.000, 0.002, 0.000, 1.000, 0.016, 0.000, 0.000]"
66.64,66.68,Rei,0.9999591112136841,Rei,[1.000],"[0.000, 0.001, 0.000, 1.000, 0.017, 0.000, 0.000]"
66.68,66.72,Rei,0.9999473094940186,Rei,[1.000],"[0.000, 0.001, 0.000, 1.000, 0.018, 0.000, 0.000]"
66.72,66.76,Rei,0.9999328851699829,Rei,[1.000],"[0.000, 0.001, 0.000, 1.000, 0.019, 0.000, 0.000]"
66.76,66.8,Rei,0.9999157190322876,Rei,[1.000],"[0.000, 0.001, 0.000, 1.000, 0.020, 0.000, 0.000]"
66.8,66.84,Rei,0.9998961687088013,Rei,[1.000],"[0.000, 0.000, 0.000, 1.000, 0.021, 0.000, 0.000]"
66.84,66.88,Rei,0.9998745918273926,Rei,[1.000],"[0.000, 0.000, 0.000, 1.000, 0.022, 0.000, 0.000]"
66.88,66.92,Rei,0.9998518228530884,Rei,[1.000],"[0.000, 0.000, 0.000, 1.000, 0.023, 0.000, 0.000]"
66.92,66.96,Rei,0.9998286962509155,Rei,[1.000],"[0.000, 0.000, 0.001, 1.000, 0.024, 0.000, 0.000]"
66.96,67.0,Rei,0.9998065829277039,Rei,[1.000],"[0.000, 0.000, 0.001, 1.000, 0.025, 0.000, 0.000]"
67.0,67.04,Rei,0.9997864365577698,Rei,[1.000],"[0.000, 0.000, 0.001, 1.000, 0.027, 0.000, 0.000]"
67.04,67.08,Rei,0.9997691512107849,Rei,[1.000],"[0.000, 0.000, 0.001, 1.000, 0.028, 0.000, 0.000]"
67.08,67.12,Rei,0.999755322933197,Rei,[1.000],"[0.000, 0.000, 0.001, 1.000, 0.029, 0.000, 0.000]"
67.12,67.16,Rei,0.9997453093528748,Rei,[1.000],"[0.000, 0.000, 0.001, 1.000, 0.029, 0.000, 0.000]"
67.16,67.2,Rei,0.9997392296791077,Rei,[1.000],"[0.000, 0.000, 0.002, 1.000, 0.030, 0.000, 0.000]"
67.2,67.24,Rei,0.999736487865448,Rei,[1.000],"[0.000, 0.000, 0.002, 1.000, 0.031, 0.000, 0.000]"
67.24,67.28,Rei,0.9997362494468689,Rei,[1.000],"[0.000, 0.000, 0.002, 1.000, 0.031, 0.000, 0.000]"
67.28,67.32,Rei,0.9997373223304749,Rei,[1.000],"[0.000, 0.000, 0.002, 1.000, 0.031, 0.000, 0.000]"
67.32,67.36,Rei,0.9997382760047913,Rei,[1.000],"[0.000, 0.000, 0.003, 1.000, 0.031, 0.000, 0.000]"
67.36,67.4,Rei,0.9997382760047913,Rei,[1.000],"[0.000, 0.000, 0.003, 1.000, 0.031, 0.000, 0.000]"
67.4,67.44,Rei,0.9997363686561584,Rei,[1.000],"[0.000, 0.000, 0.003, 1.000, 0.030, 0.000, 0.000]"
67.44,67.48,Rei,0.9997320771217346,Rei,[1.000],"[0.000, 0.000, 0.003, 1.000, 0.029, 0.000, 0.000]"
67.48,67.52,Rei,0.9997249245643616,Rei,[1.000],"[0.000, 0.000, 0.003, 1.000, 0.027, 0.000, 0.000]"
67.52,67.56,Rei,0.9997139573097229,Rei,[1.000],"[0.000, 0.000, 0.003, 1.000, 0.026, 0.000, 0.000]"
67.56,67.6,Rei,0.999698281288147,Rei,[1.000],"[0.000, 0.000, 0.003, 1.000, 0.024, 0.000, 0.000]"
67.6,67.64,Rei,0.9996767044067383,Rei,[1.000],"[0.000, 0.000, 0.003, 1.000, 0.022, 0.000, 0.000]"
67.64,67.68,Rei,0.9996479749679565,Rei,[1.000],"[0.000, 0.000, 0.003, 1.000, 0.019, 0.000, 0.000]"
67.68,67.72,Rei,0.9996102452278137,Rei,[1.000],"[0.000, 0.000, 0.003, 1.000, 0.017, 0.000, 0.000]"
67.72,67.76,Rei,0.9995608925819397,Rei,[1.000],"[0.000, 0.000, 0.003, 1.000, 0.015, 0.000, 0.000]"
67.76,67.8,Rei,0.9994958639144897,Rei,[0.999],"[0.000, 0.000, 0.002, 0.999, 0.013, 0.000, 0.000]"
67.8,67.84,Rei,0.9994097948074341,Rei,[0.999],"[0.000, 0.000, 0.002, 0.999, 0.011, 0.000, 0.000]"
67.84,67.88,Rei,0.9992945194244385,Rei,[0.999],"[0.000, 0.000, 0.002, 0.999, 0.009, 0.000, 0.000]"
67.88,67.92,Rei,0.999138593673706,Rei,[0.999],"[0.000, 0.000, 0.002, 0.999, 0.008, 0.000, 0.000]"
67.92,67.96,Rei,0.9989247918128967,Rei,[0.999],"[0.000, 0.000, 0.001, 0.999, 0.007, 0.000, 0.000]"
67.96,68.0,Rei,0.9986287355422974,Rei,[0.999],"[0.000, 0.000, 0.001, 0.999, 0.006, 0.000, 0.000]"
68.0,68.04,Rei,0.9982158541679382,Rei,[0.998],"[0.000, 0.000, 0.001, 0.998, 0.005, 0.000, 0.000]"
68.04,68.08,Rei,0.9976385831832886,Rei,[0.998],"[0.000, 0.000, 0.001, 0.998, 0.004, 0.000, 0.000]"
68.08,68.12,Rei,0.996833860874176,Rei,[0.997],"[0.000, 0.000, 0.001, 0.997, 0.004, 0.000, 0.000]"
68.12,68.16,Rei,0.995718777179718,Rei,[0.996],"[0.000, 0.000, 0.001, 0.996, 0.003, 0.000, 0.000]"
68.16,68.2,Rei,0.9941790103912354,Rei,[0.994],"[0.000, 0.000, 0.001, 0.994, 0.003, 0.000, 0.000]"
68.2,68.24,Rei,0.9920589923858643,Rei,[0.992],"[0.000, 0.000, 0.001, 0.992, 0.002, 0.000, 0.000]"
68.24,68.28,Rei,0.9891642928123474,Rei,[0.989],"[0.000, 0.000, 0.001, 0.989, 0.002, 0.000, 0.000]"
68.28,68.32,Rei,0.9852698445320129,Rei,[0.985],"[0.000, 0.000, 0.000, 0.985, 0.002, 0.000, 0.000]"
68.32,68.36,Rei,0.9801377654075623,Rei,[0.980],"[0.000, 0.000, 0.000, 0.980, 0.002, 0.000, 0.000]"
68.36,68.4,Rei,0.9735404849052429,Rei,[0.974],"[0.000, 0.000, 0.000, 0.974, 0.002, 0.000, 0.000]"
68.4,68.44,Rei,0.9653632640838623,Rei,[0.965],"[0.000, 0.000, 0.000, 0.965, 0.001, 0.000, 0.000]"
68.44,68.48,Rei,0.9557090401649475,Rei,[0.956],"[0.000, 0.000, 0.000, 0.956, 0.001, 0.000, 0.000]"
68.48,68.52,Rei,0.9449756145477295,Rei,[0.945],"[0.000, 0.000, 0.000, 0.945, 0.001, 0.000, 0.000]"
68.52,68.56,Rei,0.9338458180427551,Rei,[0.934],"[0.000, 0.001, 0.000, 0.934, 0.001, 0.000, 0.000]"
68.56,68.6,Rei,0.9232147336006165,Rei,[0.923],"[0.000, 0.001, 0.000, 0.923, 0.001, 0.000, 0.000]"
68.6,68.64,Rei,0.914040744304657,Rei,[0.914],"[0.000, 0.001, 0.000, 0.914, 0.001, 0.000, 0.000]"
68.64,68.68,Rei,0.9071266055107117,Rei,[0.907],"[0.000, 0.001, 0.000, 0.907, 0.001, 0.000, 0.000]"
68.68,68.72,Rei,0.9030206799507141,Rei,[0.903],"[0.000, 0.001, 0.000, 0.903, 0.001, 0.000, 0.000]"
68.72,68.76,Rei,0.9019091129302979,Rei,[0.902],"[0.000, 0.001, 0.000, 0.902, 0.001, 0.000, 0.000]"
68.76,68.8,Rei,0.9036045074462891,Rei,[0.904],"[0.000, 0.001, 0.000, 0.904, 0.001, 0.000, 0.000]"
68.8,68.84,Rei,0.9077374935150146,Rei,[0.908],"[0.000, 0.001, 0.000, 0.908, 0.001, 0.000, 0.000]"
68.84,68.88,Rei,0.9137728810310364,Rei,[0.914],"[0.000, 0.001, 0.000, 0.914, 0.002, 0.000, 0.000]"
68.88,68.92,Rei,0.9210728406906128,Rei,[0.921],"[0.000, 0.001, 0.000, 0.921, 0.002, 0.000, 0.000]"
68.92,68.96,Rei,0.9289985299110413,Rei,[0.929],"[0.000, 0.001, 0.000, 0.929, 0.002, 0.000, 0.000]"
68.96,69.0,Rei,0.9370095729827881,Rei,[0.937],"[0.000, 0.001, 0.000, 0.937, 0.002, 0.000, 0.000]"
69.0,69.04,Rei,0.944713830947876,Rei,[0.945],"[0.000, 0.001, 0.000, 0.945, 0.002, 0.000, 0.000]"
69.04,69.08,Rei,0.9518299698829651,Rei,[0.952],"[0.000, 0.001, 0.000, 0.952, 0.002, 0.000, 0.000]"
69.08,69.12,Rei,0.9582148790359497,Rei,[0.958],"[0.000, 0.001, 0.000, 0.958, 0.002, 0.000, 0.000]"
69.12,69.16,Rei,0.9638045430183411,Rei,[0.964],"[0.000, 0.001, 0.000, 0.964, 0.003, 0.000, 0.000]"
69.16,69.2,Rei,0.9686006903648376,Rei,[0.969],"[0.000, 0.000, 0.000, 0.969, 0.003, 0.000, 0.000]"
69.2,69.24,Rei,0.9726521372795105,Rei,[0.973],"[0.000, 0.000, 0.000, 0.973, 0.003, 0.000, 0.000]"
69.24,69.28,Rei,0.9760358929634094,Rei,[0.976],"[0.000, 0.000, 0.000, 0.976, 0.003, 0.000, 0.000]"
69.28,69.32,Rei,0.9788444638252258,Rei,[0.979],"[0.000, 0.000, 0.000, 0.979, 0.003, 0.000, 0.000]"
69.32,69.36,Rei,0.981168270111084,Rei,[0.981],"[0.000, 0.000, 0.000, 0.981, 0.004, 0.000, 0.000]"
69.36,69.4,Rei,0.9830884337425232,Rei,[0.983],"[0.000, 0.000, 0.000, 0.983, 0.004, 0.000, 0.000]"
69.4,69.44,Rei,0.984667956829071,Rei,[0.985],"[0.000, 0.000, 0.000, 0.985, 0.004, 0.000, 0.000]"
69.44,69.48,Rei,0.9859610795974731,Rei,[0.986],"[0.000, 0.000, 0.000, 0.986, 0.005, 0.000, 0.000]"
69.48,69.52,Rei,0.9870135188102722,Rei,[0.987],"[0.000, 0.000, 0.000, 0.987, 0.005, 0.000, 0.000]"
69.52,69.56,Rei,0.9878601431846619,Rei,[0.988],"[0.000, 0.000, 0.000, 0.988, 0.006, 0.000, 0.000]"
69.56,69.6,Rei,0.9885373115539551,Rei,[0.989],"[0.000, 0.000, 0.000, 0.989, 0.006, 0.000, 0.000]"
69.6,69.64,Rei,0.9890727400779724,Rei,[0.989],"[0.000, 0.000, 0.000, 0.989, 0.007, 0.000, 0.000]"
69.64,69.68,Rei,0.9894784092903137,Rei,[0.989],"[0.000, 0.000, 0.000, 0.989, 0.007, 0.000, 0.000]"
69.68,69.72,Rei,0.9897644519805908,Rei,[0.990],"[0.000, 0.000, 0.000, 0.990, 0.008, 0.000, 0.000]"
69.72,69.76,Rei,0.9899460673332214,Rei,[0.990],"[0.000, 0.000, 0.000, 0.990, 0.009, 0.000, 0.000]"
69.76,69.8,Rei,0.9900424480438232,Rei,[0.990],"[0.000, 0.000, 0.000, 0.990, 0.010, 0.000, 0.000]"
69.8,69.84,Rei,0.9900736808776855,Rei,[0.990],"[0.000, 0.000, 0.000, 0.990, 0.011, 0.000, 0.000]"
69.84,69.88,Rei,0.9900622367858887,Rei,[0.990],"[0.000, 0.000, 0.000, 0.990, 0.013, 0.000, 0.000]"
69.88,69.92,Rei,0.9900320768356323,Rei,[0.990],"[0.000, 0.000, 0.000, 0.990, 0.015, 0.000, 0.000]"
69.92,69.96,Rei,0.990007758140564,Rei,[0.990],"[0.000, 0.000, 0.000, 0.990, 0.016, 0.000, 0.000]"
69.96,70.0,Rei,0.9900252819061279,Rei,[0.990],"[0.000, 0.000, 0.000, 0.990, 0.018, 0.000, 0.000]"
70.0,70.04,Rei,0.9901216626167297,Rei,[0.990],"[0.000, 0.000, 0.000, 0.990, 0.021, 0.000, 0.000]"
70.04,70.08,Rei,0.9903200268745422,Rei,[0.990],"[0.000, 0.000, 0.000, 0.990, 0.024, 0.000, 0.000]"
70.08,70.12,Rei,0.9906354546546936,Rei,[0.991],"[0.000, 0.000, 0.000, 0.991, 0.026, 0.000, 0.000]"
70.12,70.16,Rei,0.9910776615142822,Rei,[0.991],"[0.000, 0.000, 0.000, 0.991, 0.030, 0.000, 0.000]"
70.16,70.2,Rei,0.9916446805000305,Rei,[0.992],"[0.000, 0.000, 0.000, 0.992, 0.033, 0.000, 0.000]"
70.2,70.24,Rei,0.992320716381073,Rei,[0.992],"[0.000, 0.000, 0.000, 0.992, 0.037, 0.000, 0.000]"
70.24,70.28,Rei,0.9930762052536011,Rei,[0.993],"[0.000, 0.000, 0.000, 0.993, 0.040, 0.000, 0.000]"
70.28,70.32,Rei,0.9938737154006958,Rei,[0.994],"[0.000, 0.000, 0.000, 0.994, 0.044, 0.000, 0.000]"
70.32,70.36,Rei,0.9946744441986084,Rei,[0.995],"[0.000, 0.000, 0.000, 0.995, 0.047, 0.000, 0.000]"
70.36,70.4,Rei,0.9954431056976318,Rei,[0.995],"[0.000, 0.000, 0.000, 0.995, 0.050, 0.000, 0.000]"
70.4,70.44,Rei,0.9961504936218262,Rei,[0.996],"[0.000, 0.000, 0.000, 0.996, 0.053, 0.000, 0.000]"
70.44,70.48,Rei,0.9967780709266663,Rei,[0.997],"[0.000, 0.000, 0.000, 0.997, 0.055, 0.000, 0.000]"
70.48,70.52,Rei,0.9973171353340149,Rei,[0.997],"[0.000, 0.000, 0.000, 0.997, 0.057, 0.000, 0.000]"
70.52,70.56,Rei,0.9977678060531616,Rei,[0.998],"[0.000, 0.000, 0.000, 0.998, 0.058, 0.000, 0.000]"
70.56,70.6,Rei,0.9981367588043213,Rei,[0.998],"[0.000, 0.000, 0.000, 0.998, 0.058, 0.000, 0.000]"
70.6,70.64,Rei,0.9984349608421326,Rei,[0.998],"[0.000, 0.000, 0.000, 0.998, 0.058, 0.000, 0.000]"
70.64,70.68,Rei,0.9986751675605774,Rei,[0.999],"[0.000, 0.000, 0.000, 0.999, 0.057, 0.000, 0.000]"
70.68,70.72,Rei,0.9988679885864258,Rei,[0.999],"[0.000, 0.000, 0.000, 0.999, 0.055, 0.000, 0.000]"
70.72,70.76,Rei,0.9990228414535522,Rei,[0.999],"[0.000, 0.000, 0.000, 0.999, 0.053, 0.000, 0.000]"
70.76,70.8,Rei,0.9991474151611328,Rei,[0.999],"[0.000, 0.000, 0.000, 0.999, 0.051, 0.000, 0.000]"
70.8,70.84,Rei,0.9992479681968689,Rei,[0.999],"[0.000, 0.000, 0.000, 0.999, 0.048, 0.000, 0.000]"
70.84,70.88,Rei,0.9993298053741455,Rei,[0.999],"[0.000, 0.000, 0.000, 0.999, 0.045, 0.000, 0.000]"
70.88,70.92,Rei,0.9993969202041626,Rei,[0.999],"[0.000, 0.000, 0.000, 0.999, 0.042, 0.000, 0.000]"
70.92,70.96,Rei,0.9994528889656067,Rei,[0.999],"[0.000, 0.000, 0.000, 0.999, 0.040, 0.000, 0.000]"
70.96,71.0,Rei,0.999500036239624,Rei,[1.000],"[0.000, 0.000, 0.000, 1.000, 0.037, 0.000, 0.000]"
71.0,71.04,Rei,0.9995399713516235,Rei,[1.000],"[0.000, 0.000, 0.000, 1.000, 0.035, 0.000, 0.000]"
71.04,71.08,Rei,0.9995741248130798,Rei,[1.000],"[0.000, 0.000, 0.000, 1.000, 0.033, 0.000, 0.000]"
71.08,71.12,Rei,0.9996035695075989,Rei,[1.000],"[0.000, 0.000, 0.000, 1.000, 0.031, 0.000, 0.000]"
71.12,71.16,Rei,0.9996289014816284,Rei,[1.000],"[0.000, 0.000, 0.000, 1.000, 0.029, 0.000, 0.000]"
71.16,71.2,Rei,0.9996510744094849,Rei,[1.000],"[0.000, 0.000, 0.000, 1.000, 0.028, 0.000, 0.000]"
71.2,71.24,Rei,0.9996707439422607,Rei,[1.000],"[0.000, 0.000, 0.000, 1.000, 0.027, 0.000, 0.000]"
71.24,71.28,Rei,0.999687910079956,Rei,[1.000],"[0.000, 0.000, 0.000, 1.000, 0.026, 0.000, 0.000]"
71.28,71.32,Rei,0.9997027516365051,Rei,[1.000],"[0.000, 0.000, 0.000, 1.000, 0.025, 0.000, 0.000]"
71.32,71.36,Rei,0.9997161030769348,Rei,[1.000],"[0.000, 0.000, 0.000, 1.000, 0.025, 0.000, 0.000]"
71.36,71.4,Rei,0.9997287392616272,Rei,[1.000],"[0.000, 0.000, 0.000, 1.000, 0.024, 0.000, 0.000]"
71.4,71.44,Rei,0.9997411370277405,Rei,[1.000],"[0.000, 0.000, 0.000, 1.000, 0.024, 0.000, 0.000]"
71.44,71.48,Rei,0.9997536540031433,Rei,[1.000],"[0.000, 0.000, 0.000, 1.000, 0.024, 0.000, 0.000]"
71.48,71.52,Rei,0.9997661709785461,Rei,[1.000],"[0.000, 0.000, 0.000, 1.000, 0.024, 0.000, 0.000]"
71.52,71.56,Rei,0.9997789263725281,Rei,[1.000],"[0.000, 0.000, 0.000, 1.000, 0.025, 0.000, 0.000]"
71.56,71.6,Rei,0.9997920393943787,Rei,[1.000],"[0.000, 0.000, 0.000, 1.000, 0.025, 0.000, 0.000]"
71.6,71.64,Rei,0.9998051524162292,Rei,[1.000],"[0.000, 0.000, 0.000, 1.000, 0.026, 0.000, 0.000]"
71.64,71.68,Rei,0.9998182654380798,Rei,[1.000],"[0.000, 0.000, 0.000, 1.000, 0.027, 0.000, 0.000]"
71.68,71.72,Rei,0.9998307228088379,Rei,[1.000],"[0.000, 0.000, 0.000, 1.000, 0.028, 0.000, 0.000]"
71.72,71.76,Rei,0.9998425245285034,Rei,[1.000],"[0.000, 0.000, 0.000, 1.000, 0.030, 0.000, 0.000]"
71.76,71.8,Rei,0.9998536109924316,Rei,[1.000],"[0.000, 0.000, 0.000, 1.000, 0.031, 0.000, 0.000]"
71.8,71.84,Rei,0.9998641014099121,Rei,[1.000],"[0.000, 0.000, 0.000, 1.000, 0.032, 0.000, 0.000]"
71.84,71.88,Rei,0.9998742341995239,Rei,[1.000],"[0.000, 0.000, 0.000, 1.000, 0.034, 0.000, 0.000]"
71.88,71.92,Rei,0.9998841285705566,Rei,[1.000],"[0.000, 0.000, 0.000, 1.000, 0.036, 0.000, 0.000]"
71.92,71.96,Rei,0.9998936653137207,Rei,[1.000],"[0.000, 0.000, 0.000, 1.000, 0.037, 0.000, 0.000]"
71.96,72.0,Rei,0.9999024868011475,Rei,[1.000],"[0.000, 0.000, 0.000, 1.000, 0.039, 0.000, 0.000]"
72.0,72.04,Rei,0.9999102354049683,Rei,[1.000],"[0.000, 0.000, 0.000, 1.000, 0.040, 0.000, 0.000]"
72.04,72.08,Rei,0.9999167919158936,Rei,[1.000],"[0.000, 0.000, 0.000, 1.000, 0.042, 0.000, 0.000]"
72.08,72.12,Rei,0.9999220371246338,Rei,[1.000],"[0.000, 0.000, 0.000, 1.000, 0.042, 0.000, 0.000]"
72.12,72.16,Rei,0.999925971031189,Rei,[1.000],"[0.000, 0.000, 0.000, 1.000, 0.043, 0.000, 0.000]"
72.16,72.2,Rei,0.9999285936355591,Rei,[1.000],"[0.000, 0.000, 0.000, 1.000, 0.043, 0.000, 0.000]"
72.2,72.24,Rei,0.9999300241470337,Rei,[1.000],"[0.000, 0.000, 0.000, 1.000, 0.043, 0.000, 0.000]"
72.24,72.28,Rei,0.9999300241470337,Rei,[1.000],"[0.000, 0.000, 0.000, 1.000, 0.042, 0.000, 0.000]"
72.28,72.32,Rei,0.9999287128448486,Rei,[1.000],"[0.000, 0.000, 0.000, 1.000, 0.041, 0.000, 0.000]"
72.32,72.36,Rei,0.9999257326126099,Rei,[1.000],"[0.000, 0.000, 0.000, 1.000, 0.040, 0.000, 0.000]"
72.36,72.4,Rei,0.9999209642410278,Rei,[1.000],"[0.000, 0.000, 0.000, 1.000, 0.038, 0.000, 0.000]"
72.4,72.44,Rei,0.9999140501022339,Rei,[1.000],"[0.000, 0.000, 0.000, 1.000, 0.036, 0.000, 0.000]"
72.44,72.48,Rei,0.9999042749404907,Rei,[1.000],"[0.000, 0.000, 0.000, 1.000, 0.034, 0.000, 0.000]"
72.48,72.52,Rei,0.9998910427093506,Rei,[1.000],"[0.000, 0.000, 0.000, 1.000, 0.032, 0.000, 0.000]"
72.52,72.56,Rei,0.9998730421066284,Rei,[1.000],"[0.000, 0.000, 0.000, 1.000, 0.029, 0.000, 0.000]"
72.56,72.6,Rei,0.9998489618301392,Rei,[1.000],"[0.000, 0.000, 0.000, 1.000, 0.027, 0.000, 0.000]"
72.6,72.64,Rei,0.9998165965080261,Rei,[1.000],"[0.001, 0.000, 0.000, 1.000, 0.024, 0.000, 0.000]"
72.64,72.68,Rei,0.9997726082801819,Rei,[1.000],"[0.001, 0.000, 0.000, 1.000, 0.022, 0.000, 0.001]"
72.68,72.72,Rei,0.9997125267982483,Rei,[1.000],"[0.001, 0.000, 0.001, 1.000, 0.020, 0.000, 0.003]"
72.72,72.76,Rei,0.9996300935745239,Rei,[1.000],"[0.001, 0.000, 0.001, 1.000, 0.018, 0.000, 0.009]"
72.76,72.8,Rei,0.9995162487030029,Rei,[1.000],"[0.001, 0.000, 0.002, 1.000, 0.016, 0.000, 0.028]"
72.8,72.84,Rei,0.9993579983711243,Rei,[0.999],"[0.001, 0.000, 0.003, 0.999, 0.014, 0.000, 0.084]"
72.84,72.88,Rei,0.9991368651390076,Rei,[0.999],"[0.001, 0.000, 0.005, 0.999, 0.013, 0.000, 0.228]"
72.88,72.92,Rei,0.9988260865211487,Rei,[0.999],"[0.001, 0.000, 0.008, 0.999, 0.011, 0.000, 0.480]"
72.92,72.96,Rei,0.998386025428772,Rei|silence,"[0.998, 0.738]","[0.001, 0.000, 0.013, 0.998, 0.010, 0.000, 0.738]"
72.96,73.0,Rei,0.9977582693099976,Rei|silence,"[0.998, 0.893]","[0.001, 0.000, 0.022, 0.998, 0.009, 0.001, 0.893]"
73.0,73.04,Rei,0.9968576431274414,Rei|silence,"[0.997, 0.959]","[0.001, 0.000, 0.034, 0.997, 0.008, 0.001, 0.959]"
73.04,73.08,Rei,0.9955601692199707,Rei|silence,"[0.996, 0.985]","[0.000, 0.000, 0.053, 0.996, 0.007, 0.001, 0.985]"
73.08,73.12,silence,0.9941605925559998,Rei|silence,"[0.994, 0.994]","[0.000, 0.000, 0.079, 0.994, 0.006, 0.002, 0.994]"
73.12,73.16,silence,0.9976682066917419,Rei|silence,"[0.991, 0.998]","[0.000, 0.000, 0.113, 0.991, 0.005, 0.002, 0.998]"
73.16,73.2,silence,0.9990261793136597,Rei|silence,"[0.987, 0.999]","[0.000, 0.000, 0.152, 0.987, 0.005, 0.003, 0.999]"
73.2,73.24,silence,0.9995729327201843,Rei|silence,"[0.981, 1.000]","[0.000, 0.000, 0.196, 0.981, 0.004, 0.004, 1.000]"
73.24,73.28,silence,0.9998031258583069,Rei|silence,"[0.973, 1.000]","[0.000, 0.000, 0.239, 0.973, 0.004, 0.005, 1.000]"
73.28,73.32,silence,0.9999043941497803,Rei|silence,"[0.960, 1.000]","[0.000, 0.000, 0.280, 0.960, 0.004, 0.006, 1.000]"
73.32,73.36,silence,0.9999512434005737,Rei|silence,"[0.943, 1.000]","[0.000, 0.000, 0.313, 0.943, 0.003, 0.007, 1.000]"
73.36,73.4,silence,0.9999737739562988,Rei|silence,"[0.918, 1.000]","[0.000, 0.000, 0.337, 0.918, 0.003, 0.008, 1.000]"
73.4,73.44,silence,0.9999850988388062,Rei|silence,"[0.882, 1.000]","[0.000, 0.000, 0.352, 0.882, 0.003, 0.010, 1.000]"
73.44,73.48,silence,0.9999909400939941,Rei|silence,"[0.835, 1.000]","[0.000, 0.000, 0.358, 0.835, 0.002, 0.012, 1.000]"
73.48,73.52,silence,0.999994158744812,Rei|silence,"[0.773, 1.000]","[0.000, 0.000, 0.354, 0.773, 0.002, 0.014, 1.000]"
73.52,73.56,silence,0.9999959468841553,Rei|silence,"[0.696, 1.000]","[0.000, 0.000, 0.343, 0.696, 0.002, 0.016, 1.000]"
73.56,73.6,silence,0.9999970197677612,Rei|silence,"[0.609, 1.000]","[0.000, 0.000, 0.326, 0.609, 0.002, 0.019, 1.000]"
73.6,73.64,silence,0.999997615814209,Rei|silence,"[0.515, 1.000]","[0.000, 0.000, 0.305, 0.515, 0.002, 0.022, 1.000]"
73.64,73.68,silence,0.9999979734420776,silence,[1.000],"[0.000, 0.000, 0.282, 0.423, 0.002, 0.026, 1.000]"
73.68,73.72,silence,0.9999980926513672,silence,[1.000],"[0.000, 0.000, 0.258, 0.340, 0.002, 0.030, 1.000]"
73.72,73.76,silence,0.9999980926513672,silence,[1.000],"[0.000, 0.000, 0.235, 0.270, 0.002, 0.034, 1.000]"
73.76,73.8,silence,0.9999979734420776,silence,[1.000],"[0.000, 0.000, 0.214, 0.214, 0.002, 0.038, 1.000]"
73.8,73.84,silence,0.999997615814209,silence,[1.000],"[0.000, 0.000, 0.195, 0.170, 0.002, 0.042, 1.000]"
73.84,73.88,silence,0.9999970197677612,silence,[1.000],"[0.000, 0.000, 0.179, 0.136, 0.002, 0.046, 1.000]"
73.88,73.92,silence,0.9999959468841553,silence,[1.000],"[0.000, 0.000, 0.166, 0.110, 0.002, 0.050, 1.000]"
73.92,73.96,silence,0.9999942779541016,silence,[1.000],"[0.000, 0.000, 0.156, 0.090, 0.002, 0.053, 1.000]"
73.96,74.0,silence,0.9999912977218628,silence,[1.000],"[0.000, 0.000, 0.148, 0.075, 0.002, 0.056, 1.000]"
74.0,74.04,silence,0.9999858140945435,silence,[1.000],"[0.000, 0.000, 0.144, 0.063, 0.003, 0.057, 1.000]"
74.04,74.08,silence,0.9999752044677734,silence,[1.000],"[0.000, 0.000, 0.143, 0.054, 0.003, 0.058, 1.000]"
74.08,74.12,silence,0.9999537467956543,silence,[1.000],"[0.000, 0.000, 0.145, 0.048, 0.003, 0.057, 1.000]"
74.12,74.16,silence,0.999907374382019,silence,[1.000],"[0.000, 0.000, 0.150, 0.042, 0.004, 0.056, 1.000]"
74.16,74.2,silence,0.9998018145561218,silence,[1.000],"[0.000, 0.000, 0.159, 0.038, 0.005, 0.054, 1.000]"
74.2,74.24,silence,0.99954754114151,silence,[1.000],"[0.000, 0.000, 0.173, 0.035, 0.006, 0.051, 1.000]"
74.24,74.28,silence,0.998903751373291,silence,[0.999],"[0.000, 0.000, 0.191, 0.032, 0.007, 0.048, 0.999]"
74.28,74.32,silence,0.9971938133239746,silence,[0.997],"[0.000, 0.000, 0.216, 0.030, 0.009, 0.044, 0.997]"
74.32,74.36,silence,0.9924669861793518,silence,[0.992],"[0.000, 0.000, 0.247, 0.028, 0.011, 0.041, 0.992]"
74.36,74.4,silence,0.9790166020393372,silence,[0.979],"[0.000, 0.000, 0.286, 0.027, 0.013, 0.037, 0.979]"
74.4,74.44,silence,0.9406554102897644,silence,[0.941],"[0.000, 0.000, 0.334, 0.026, 0.016, 0.033, 0.941]"
74.44,74.48,silence,0.8384218215942383,silence,[0.838],"[0.000, 0.000, 0.390, 0.025, 0.019, 0.029, 0.838]"
74.48,74.52,silence,0.6219651103019714,silence,[0.622],"[0.000, 0.000, 0.453, 0.025, 0.022, 0.026, 0.622]"
74.52,74.56,Liz,0.5205397009849548,,[],"[0.000, 0.000, 0.521, 0.025, 0.026, 0.023, 0.337]"
74.56,74.6,Liz,0.5902286171913147,Liz,[0.590],"[0.000, 0.000, 0.590, 0.025, 0.030, 0.020, 0.133]"
74.6,74.64,Liz,0.6583354473114014,Liz,[0.658],"[0.000, 0.000, 0.658, 0.024, 0.033, 0.017, 0.044]"
74.64,74.68,Liz,0.7215895056724548,Liz,[0.722],"[0.000, 0.000, 0.722, 0.024, 0.036, 0.015, 0.013]"
74.68,74.72,Liz,0.7775587439537048,Liz,[0.778],"[0.000, 0.000, 0.778, 0.024, 0.038, 0.013, 0.004]"
74.72,74.76,Liz,0.8249771595001221,Liz,[0.825],"[0.000, 0.000, 0.825, 0.024, 0.039, 0.012, 0.001]"
74.76,74.8,Liz,0.8637255430221558,Liz,[0.864],"[0.000, 0.000, 0.864, 0.024, 0.039, 0.011, 0.000]"
74.8,74.84,Liz,0.8944896459579468,Liz,[0.894],"[0.000, 0.000, 0.894, 0.024, 0.038, 0.010, 0.000]"
74.84,74.88,Liz,0.9184296131134033,Liz,[0.918],"[0.000, 0.000, 0.918, 0.024, 0.036, 0.009, 0.000]"
74.88,74.92,Liz,0.9368128180503845,Liz,[0.937],"[0.000, 0.000, 0.937, 0.024, 0.033, 0.008, 0.000]"
74.92,74.96,Liz,0.9507993459701538,Liz,[0.951],"[0.000, 0.000, 0.951, 0.024, 0.029, 0.008, 0.000]"
74.96,75.0,Liz,0.9613829851150513,Liz,[0.961],"[0.000, 0.000, 0.961, 0.024, 0.025, 0.007, 0.000]"
75.0,75.04,Liz,0.9693782925605774,Liz,[0.969],"[0.000, 0.000, 0.969, 0.023, 0.021, 0.007, 0.000]"
75.04,75.08,Liz,0.9754239320755005,Liz,[0.975],"[0.000, 0.000, 0.975, 0.023, 0.017, 0.007, 0.000]"
75.08,75.12,Liz,0.9800032377243042,Liz,[0.980],"[0.000, 0.000, 0.980, 0.023, 0.014, 0.006, 0.000]"
75.12,75.16,Liz,0.9834818840026855,Liz,[0.983],"[0.000, 0.000, 0.983, 0.023, 0.011, 0.006, 0.000]"
75.16,75.2,Liz,0.9861339926719666,Liz,[0.986],"[0.000, 0.000, 0.986, 0.023, 0.008, 0.006, 0.000]"
75.2,75.24,Liz,0.9881625771522522,Liz,[0.988],"[0.000, 0.000, 0.988, 0.023, 0.006, 0.007, 0.000]"
75.24,75.28,Liz,0.9897115230560303,Liz,[0.990],"[0.000, 0.000, 0.990, 0.023, 0.005, 0.007, 0.000]"
75.28,75.32,Liz,0.9908834099769592,Liz,[0.991],"[0.000, 0.000, 0.991, 0.024, 0.003, 0.007, 0.000]"
75.32,75.36,Liz,0.9917569756507874,Liz,[0.992],"[0.000, 0.000, 0.992, 0.025, 0.003, 0.007, 0.000]"
75.36,75.4,Liz,0.9923904538154602,Liz,[0.992],"[0.000, 0.000, 0.992, 0.026, 0.002, 0.007, 0.000]"
75.4,75.44,Liz,0.9928277134895325,Liz,[0.993],"[0.000, 0.000, 0.993, 0.028, 0.001, 0.007, 0.000]"
75.44,75.48,Liz,0.9930986762046814,Liz,[0.993],"[0.000, 0.000, 0.993, 0.030, 0.001, 0.007, 0.000]"
75.48,75.52,Liz,0.9932208061218262,Liz,[0.993],"[0.000, 0.000, 0.993, 0.032, 0.001, 0.007, 0.000]"
75.52,75.56,Liz,0.9932047128677368,Liz,[0.993],"[0.000, 0.000, 0.993, 0.035, 0.001, 0.007, 0.000]"
75.56,75.6,Liz,0.9930524230003357,Liz,[0.993],"[0.000, 0.000, 0.993, 0.039, 0.001, 0.007, 0.000]"
75.6,75.64,Liz,0.9927608966827393,Liz,[0.993],"[0.000, 0.000, 0.993, 0.043, 0.000, 0.006, 0.000]"
75.64,75.68,Liz,0.9923237562179565,Liz,[0.992],"[0.000, 0.000, 0.992, 0.048, 0.000, 0.006, 0.000]"
75.68,75.72,Liz,0.9917320013046265,Liz,[0.992],"[0.000, 0.000, 0.992, 0.053, 0.000, 0.006, 0.000]"
75.72,75.76,Liz,0.9909769296646118,Liz,[0.991],"[0.000, 0.000, 0.991, 0.059, 0.000, 0.005, 0.000]"
75.76,75.8,Liz,0.9900454878807068,Liz,[0.990],"[0.000, 0.000, 0.990, 0.066, 0.000, 0.005, 0.000]"
75.8,75.84,Liz,0.9889229536056519,Liz,[0.989],"[0.000, 0.000, 0.989, 0.073, 0.000, 0.004, 0.000]"
75.84,75.88,Liz,0.9875917434692383,Liz,[0.988],"[0.000, 0.000, 0.988, 0.082, 0.000, 0.004, 0.000]"
75.88,75.92,Liz,0.9860430955886841,Liz,[0.986],"[0.000, 0.000, 0.986, 0.092, 0.000, 0.004, 0.000]"
75.92,75.96,Liz,0.9842857718467712,Liz,[0.984],"[0.001, 0.000, 0.984, 0.102, 0.000, 0.003, 0.000]"
75.96,76.0,Liz,0.9823415875434875,Liz,[0.982],"[0.001, 0.000, 0.982, 0.114, 0.000, 0.003, 0.000]"
76.0,76.04,Liz,0.980251133441925,Liz,[0.980],"[0.001, 0.000, 0.980, 0.127, 0.000, 0.002, 0.000]"
76.04,76.08,Liz,0.9780839085578918,Liz,[0.978],"[0.001, 0.000, 0.978, 0.143, 0.000, 0.002, 0.000]"
76.08,76.12,Liz,0.9759027361869812,Liz,[0.976],"[0.002, 0.000, 0.976, 0.161, 0.000, 0.002, 0.000]"
76.12,76.16,Liz,0.9737679958343506,Liz,[0.974],"[0.003, 0.000, 0.974, 0.183, 0.000, 0.001, 0.000]"
76.16,76.2,Liz,0.9717474579811096,Liz,[0.972],"[0.005, 0.000, 0.972, 0.208, 0.001, 0.001, 0.000]"
76.2,76.24,Liz,0.9698925018310547,Liz,[0.970],"[0.008, 0.000, 0.970, 0.237, 0.001, 0.001, 0.000]"
76.24,76.28,Liz,0.9682329893112183,Liz,[0.968],"[0.013, 0.000, 0.968, 0.270, 0.001, 0.001, 0.000]"
76.28,76.32,Liz,0.9667598605155945,Liz,[0.967],"[0.021, 0.000, 0.967, 0.307, 0.001, 0.001, 0.000]"
76.32,76.36,Liz,0.9654461145401001,Liz,[0.965],"[0.035, 0.000, 0.965, 0.347, 0.001, 0.000, 0.000]"
76.36,76.4,Liz,0.9642795324325562,Liz,[0.964],"[0.056, 0.000, 0.964, 0.392, 0.001, 0.000, 0.000]"
76.4,76.44,Liz,0.9632608294487,Liz,[0.963],"[0.091, 0.000, 0.963, 0.439, 0.001, 0.000, 0.000]"
76.44,76.48,Liz,0.9623991847038269,Liz,[0.962],"[0.141, 0.000, 0.962, 0.488, 0.002, 0.000, 0.000]"
76.48,76.52,Liz,0.9616876244544983,Liz,[0.962],"[0.209, 0.000, 0.962, 0.538, 0.002, 0.000, 0.000]"
76.52,76.56,Liz,0.9611133337020874,Liz|Rei,"[0.961, 0.587]","[0.293, 0.000, 0.961, 0.587, 0.002, 0.000, 0.000]"
76.56,76.6,Liz,0.9606577157974243,Liz|Rei,"[0.961, 0.635]","[0.386, 0.000, 0.961, 0.635, 0.003, 0.000, 0.000]"
76.6,76.64,Liz,0.9603028893470764,Liz|Rei,"[0.960, 0.679]","[0.479, 0.000, 0.960, 0.679, 0.003, 0.000, 0.000]"
76.64,76.68,Liz,0.960025429725647,Liz|Rei,"[0.960, 0.720]","[0.563, 0.000, 0.960, 0.720, 0.003, 0.000, 0.000]"
76.68,76.72,Liz,0.9597961902618408,Liz|Rei,"[0.960, 0.756]","[0.632, 0.000, 0.960, 0.756, 0.004, 0.000, 0.000]"
76.72,76.76,Liz,0.9595699906349182,Liz|Rei,"[0.960, 0.787]","[0.686, 0.000, 0.960, 0.787, 0.005, 0.000, 0.000]"
76.76,76.8,Liz,0.9592934846878052,Liz|Rei,"[0.959, 0.814]","[0.725, 0.000, 0.959, 0.814, 0.005, 0.000, 0.000]"
76.8,76.84,Liz,0.9589315056800842,Liz|Rei,"[0.959, 0.835]","[0.750, 0.000, 0.959, 0.835, 0.006, 0.000, 0.000]"
76.84,76.88,Liz,0.9584482312202454,Liz|Rei,"[0.958, 0.852]","[0.764, 0.000, 0.958, 0.852, 0.006, 0.000, 0.000]"
76.88,76.92,Liz,0.9578025341033936,Liz|Rei,"[0.958, 0.866]","[0.767, 0.000, 0.958, 0.866, 0.007, 0.000, 0.000]"
76.92,76.96,Liz,0.9569593667984009,Liz|Rei,"[0.957, 0.876]","[0.760, 0.000, 0.957, 0.876, 0.008, 0.000, 0.000]"
76.96,77.0,Liz,0.9559093117713928,Liz|Rei,"[0.956, 0.882]","[0.743, 0.000, 0.956, 0.882, 0.008, 0.000, 0.000]"
77.0,77.04,Liz,0.954649806022644,Liz|Rei,"[0.955, 0.886]","[0.716, 0.000, 0.955, 0.886, 0.009, 0.000, 0.000]"
77.04,77.08,Liz,0.9532104134559631,Liz|Rei,"[0.953, 0.888]","[0.676, 0.000, 0.953, 0.888, 0.009, 0.000, 0.000]"
77.08,77.12,Liz,0.9516150951385498,Liz|Rei,"[0.952, 0.887]","[0.623, 0.000, 0.952, 0.887, 0.010, 0.000, 0.000]"
77.12,77.16,Liz,0.9498741030693054,Liz|Rei,"[0.950, 0.884]","[0.557, 0.000, 0.950, 0.884, 0.010, 0.000, 0.000]"
77.16,77.2,Liz,0.9479913711547852,Liz|Rei,"[0.948, 0.878]","[0.481, 0.000, 0.948, 0.878, 0.011, 0.000, 0.000]"
77.2,77.24,Liz,0.9459778666496277,Liz|Rei,"[0.946, 0.869]","[0.399, 0.000, 0.946, 0.869, 0.011, 0.000, 0.000]"
77.24,77.28,Liz,0.9438841342926025,Liz|Rei,"[0.944, 0.857]","[0.318, 0.000, 0.944, 0.857, 0.012, 0.000, 0.000]"
77.28,77.32,Liz,0.9418048858642578,Liz|Rei,"[0.942, 0.842]","[0.244, 0.000, 0.942, 0.842, 0.012, 0.000, 0.000]"
77.32,77.36,Liz,0.9398443698883057,Liz|Rei,"[0.940, 0.824]","[0.181, 0.000, 0.940, 0.824, 0.012, 0.000, 0.000]"
77.36,77.4,Liz,0.9381222128868103,Liz|Rei,"[0.938, 0.802]","[0.132, 0.000, 0.938, 0.802, 0.012, 0.000, 0.000]"
77.4,77.44,Liz,0.9367385506629944,Liz|Rei,"[0.937, 0.776]","[0.094, 0.000, 0.937, 0.776, 0.013, 0.000, 0.000]"
77.44,77.48,Liz,0.9357510805130005,Liz|Rei,"[0.936, 0.747]","[0.067, 0.000, 0.936, 0.747, 0.013, 0.000, 0.000]"
77.48,77.52,Liz,0.9352099895477295,Liz|Rei,"[0.935, 0.714]","[0.047, 0.000, 0.935, 0.714, 0.013, 0.000, 0.000]"
77.52,77.56,Liz,0.9351696372032166,Liz|Rei,"[0.935, 0.679]","[0.034, 0.000, 0.935, 0.679, 0.013, 0.000, 0.000]"
77.56,77.6,Liz,0.9356498718261719,Liz|Rei,"[0.936, 0.640]","[0.024, 0.000, 0.936, 0.640, 0.013, 0.000, 0.000]"
77.6,77.64,Liz,0.9366573095321655,Liz|Rei,"[0.937, 0.599]","[0.017, 0.000, 0.937, 0.599, 0.013, 0.000, 0.000]"
77.64,77.68,Liz,0.9381589293479919,Liz|Rei,"[0.938, 0.554]","[0.013, 0.000, 0.938, 0.554, 0.013, 0.000, 0.000]"
77.68,77.72,Liz,0.9400910139083862,Liz|Rei,"[0.940, 0.508]","[0.009, 0.000, 0.940, 0.508, 0.013, 0.000, 0.000]"
77.72,77.76,Liz,0.9424124956130981,Liz|Rei,"[0.942, 0.459]","[0.007, 0.000, 0.942, 0.459, 0.013, 0.000, 0.000]"
77.76,77.8,Liz,0.9450634121894836,Liz,[0.945],"[0.005, 0.000, 0.945, 0.409, 0.014, 0.000, 0.000]"
77.8,77.84,Liz,0.947954535484314,Liz,[0.948],"[0.004, 0.000, 0.948, 0.359, 0.014, 0.000, 0.000]"
77.84,77.88,Liz,0.9510239958763123,Liz,[0.951],"[0.003, 0.000, 0.951, 0.310, 0.014, 0.000, 0.000]"
77.88,77.92,Liz,0.9542074799537659,Liz,[0.954],"[0.002, 0.000, 0.954, 0.263, 0.015, 0.000, 0.000]"
77.92,77.96,Liz,0.9574283361434937,Liz,[0.957],"[0.002, 0.000, 0.957, 0.220, 0.016, 0.000, 0.000]"
77.96,78.0,Liz,0.960610032081604,Liz,[0.961],"[0.001, 0.000, 0.961, 0.180, 0.016, 0.000, 0.000]"
78.0,78.04,Liz,0.9636871814727783,Liz,[0.964],"[0.001, 0.000, 0.964, 0.145, 0.017, 0.000, 0.000]"
78.04,78.08,Liz,0.9666131138801575,Liz,[0.967],"[0.001, 0.000, 0.967, 0.115, 0.018, 0.000, 0.000]"
78.08,78.12,Liz,0.9693549871444702,Liz,[0.969],"[0.001, 0.000, 0.969, 0.090, 0.019, 0.000, 0.000]"
78.12,78.16,Liz,0.9718852639198303,Liz,[0.972],"[0.000, 0.000, 0.972, 0.069, 0.021, 0.000, 0.000]"
78.16,78.2,Liz,0.9741815328598022,Liz,[0.974],"[0.000, 0.000, 0.974, 0.052, 0.022, 0.000, 0.000]"
78.2,78.24,Liz,0.9762368202209473,Liz,[0.976],"[0.000, 0.000, 0.976, 0.039, 0.024, 0.000, 0.000]"
78.24,78.28,Liz,0.9780591726303101,Liz,[0.978],"[0.000, 0.000, 0.978, 0.029, 0.025, 0.000, 0.000]"
78.28,78.32,Liz,0.9796623587608337,Liz,[0.980],"[0.000, 0.000, 0.980, 0.021, 0.027, 0.000, 0.000]"
78.32,78.36,Liz,0.981067419052124,Liz,[0.981],"[0.000, 0.000, 0.981, 0.015, 0.029, 0.000, 0.000]"
78.36,78.4,Liz,0.9822867512702942,Liz,[0.982],"[0.000, 0.000, 0.982, 0.011, 0.031, 0.000, 0.000]"
78.4,78.44,Liz,0.9833287000656128,Liz,[0.983],"[0.000, 0.000, 0.983, 0.008, 0.034, 0.000, 0.000]"
78.44,78.48,Liz,0.9842022657394409,Liz,[0.984],"[0.000, 0.000, 0.984, 0.006, 0.036, 0.000, 0.000]"
78.48,78.52,Liz,0.9849258065223694,Liz,[0.985],"[0.000, 0.000, 0.985, 0.004, 0.039, 0.000, 0.000]"
78.52,78.56,Liz,0.9855153560638428,Liz,[0.986],"[0.000, 0.000, 0.986, 0.003, 0.042, 0.000, 0.000]"
78.56,78.6,Liz,0.9859872460365295,Liz,[0.986],"[0.000, 0.000, 0.986, 0.002, 0.045, 0.000, 0.000]"
78.6,78.64,Liz,0.9863547682762146,Liz,[0.986],"[0.000, 0.000, 0.986, 0.001, 0.048, 0.000, 0.000]"
78.64,78.68,Liz,0.9866310954093933,Liz,[0.987],"[0.000, 0.001, 0.987, 0.001, 0.052, 0.000, 0.000]"
78.68,78.72,Liz,0.9868306517601013,Liz,[0.987],"[0.000, 0.001, 0.987, 0.001, 0.055, 0.000, 0.000]"
78.72,78.76,Liz,0.9869756698608398,Liz,[0.987],"[0.000, 0.002, 0.987, 0.000, 0.059, 0.000, 0.000]"
78.76,78.8,Liz,0.9870914220809937,Liz,[0.987],"[0.000, 0.002, 0.987, 0.000, 0.063, 0.000, 0.000]"
78.8,78.84,Liz,0.9871988892555237,Liz,[0.987],"[0.000, 0.003, 0.987, 0.000, 0.066, 0.000, 0.000]"
78.84,78.88,Liz,0.987316370010376,Liz,[0.987],"[0.000, 0.005, 0.987, 0.000, 0.070, 0.000, 0.000]"
78.88,78.92,Liz,0.9874624609947205,Liz,[0.987],"[0.000, 0.006, 0.987, 0.000, 0.075, 0.000, 0.000]"
78.92,78.96,Liz,0.987650454044342,Liz,[0.988],"[0.000, 0.009, 0.988, 0.000, 0.080, 0.000, 0.000]"
78.96,79.0,Liz,0.9878863096237183,Liz,[0.988],"[0.000, 0.012, 0.988, 0.000, 0.085, 0.000, 0.000]"
79.0,79.04,Liz,0.9881724715232849,Liz,[0.988],"[0.000, 0.015, 0.988, 0.000, 0.090, 0.000, 0.000]"
79.04,79.08,Liz,0.9885031580924988,Liz,[0.989],"[0.000, 0.019, 0.989, 0.000, 0.096, 0.000, 0.000]"
79.08,79.12,Liz,0.9888746738433838,Liz,[0.989],"[0.000, 0.023, 0.989, 0.000, 0.103, 0.000, 0.000]"
79.12,79.16,Liz,0.9892838597297668,Liz,[0.989],"[0.000, 0.027, 0.989, 0.000, 0.110, 0.000, 0.000]"
79.16,79.2,Liz,0.9897270798683167,Liz,[0.990],"[0.000, 0.031, 0.990, 0.000, 0.118, 0.000, 0.000]"
79.2,79.24,Liz,0.990199625492096,Liz,[0.990],"[0.000, 0.035, 0.990, 0.000, 0.126, 0.000, 0.000]"
79.24,79.28,Liz,0.9906952381134033,Liz,[0.991],"[0.000, 0.038, 0.991, 0.000, 0.135, 0.000, 0.000]"
79.28,79.32,Liz,0.991205632686615,Liz,[0.991],"[0.000, 0.039, 0.991, 0.000, 0.145, 0.000, 0.000]"
79.32,79.36,Liz,0.9917241930961609,Liz,[0.992],"[0.000, 0.040, 0.992, 0.000, 0.156, 0.000, 0.000]"
79.36,79.4,Liz,0.9922401905059814,Liz,[0.992],"[0.000, 0.040, 0.992, 0.000, 0.168, 0.000, 0.000]"
79.4,79.44,Liz,0.9927434921264648,Liz,[0.993],"[0.000, 0.039, 0.993, 0.000, 0.180, 0.000, 0.000]"
79.44,79.48,Liz,0.9932276606559753,Liz,[0.993],"[0.000, 0.036, 0.993, 0.000, 0.193, 0.000, 0.000]"
79.48,79.52,Liz,0.9936873316764832,Liz,[0.994],"[0.000, 0.034, 0.994, 0.000, 0.207, 0.000, 0.000]"
79.52,79.56,Liz,0.9941233992576599,Liz,[0.994],"[0.000, 0.030, 0.994, 0.000, 0.221, 0.000, 0.000]"
79.56,79.6,Liz,0.994537889957428,Liz,[0.995],"[0.000, 0.026, 0.995, 0.000, 0.235, 0.000, 0.000]"
79.6,79.64,Liz,0.9949312806129456,Liz,[0.995],"[0.000, 0.023, 0.995, 0.000, 0.248, 0.000, 0.000]"
79.64,79.68,Liz,0.9953000545501709,Liz,[0.995],"[0.000, 0.019, 0.995, 0.000, 0.260, 0.000, 0.000]"
79.68,79.72,Liz,0.9956390857696533,Liz,[0.996],"[0.000, 0.015, 0.996, 0.000, 0.270, 0.000, 0.000]"
79.72,79.76,Liz,0.9959410429000854,Liz,[0.996],"[0.000, 0.012, 0.996, 0.000, 0.278, 0.000, 0.000]"
79.76,79.8,Liz,0.9962002635002136,Liz,[0.996],"[0.000, 0.009, 0.996, 0.000, 0.284, 0.000, 0.000]"
79.8,79.84,Liz,0.9964171648025513,Liz,[0.996],"[0.000, 0.007, 0.996, 0.000, 0.286, 0.000, 0.000]"
79.84,79.88,Liz,0.9965910911560059,Liz,[0.997],"[0.000, 0.005, 0.997, 0.000, 0.286, 0.000, 0.000]"
79.88,79.92,Liz,0.9967203736305237,Liz,[0.997],"[0.000, 0.004, 0.997, 0.000, 0.282, 0.000, 0.000]"
79.92,79.96,Liz,0.9968030452728271,Liz,[0.997],"[0.000, 0.003, 0.997, 0.000, 0.275, 0.000, 0.000]"
79.96,80.0,Liz,0.9968376159667969,Liz,[0.997],"[0.000, 0.002, 0.997, 0.000, 0.265, 0.000, 0.000]"
80.0,80.04,Liz,0.9968210458755493,Liz,[0.997],"[0.000, 0.001, 0.997, 0.000, 0.251, 0.000, 0.000]"
80.04,80.08,Liz,0.9967473745346069,Liz,[0.997],"[0.000, 0.001, 0.997, 0.000, 0.234, 0.000, 0.000]"
80.08,80.12,Liz,0.9966105818748474,Liz,[0.997],"[0.000, 0.001, 0.997, 0.000, 0.215, 0.000, 0.000]"
80.12,80.16,Liz,0.9964026212692261,Liz,[0.996],"[0.000, 0.000, 0.996, 0.000, 0.194, 0.000, 0.000]"
80.16,80.2,Liz,0.9961133003234863,Liz,[0.996],"[0.000, 0.000, 0.996, 0.000, 0.172, 0.000, 0.000]"
80.2,80.24,Liz,0.9957286715507507,Liz,[0.996],"[0.000, 0.000, 0.996, 0.000, 0.150, 0.000, 0.000]"
80.24,80.28,Liz,0.9952294826507568,Liz,[0.995],"[0.000, 0.000, 0.995, 0.000, 0.128, 0.000, 0.000]"
80.28,80.32,Liz,0.9945909976959229,Liz,[0.995],"[0.000, 0.000, 0.995, 0.001, 0.108, 0.000, 0.000]"
80.32,80.36,Liz,0.9937812685966492,Liz,[0.994],"[0.000, 0.000, 0.994, 0.001, 0.089, 0.000, 0.000]"
80.36,80.4,Liz,0.992760419845581,Liz,[0.993],"[0.000, 0.000, 0.993, 0.002, 0.073, 0.000, 0.000]"
80.4,80.44,Liz,0.9914785027503967,Liz,[0.991],"[0.000, 0.000, 0.991, 0.004, 0.059, 0.000, 0.000]"
80.44,80.48,Liz,0.9898656010627747,Liz,[0.990],"[0.000, 0.000, 0.990, 0.007, 0.047, 0.000, 0.000]"
80.48,80.52,Liz,0.9878283739089966,Liz,[0.988],"[0.000, 0.000, 0.988, 0.011, 0.038, 0.000, 0.000]"
80.52,80.56,Liz,0.9852448105812073,Liz,[0.985],"[0.001, 0.000, 0.985, 0.018, 0.030, 0.000, 0.000]"
80.56,80.6,Liz,0.9819592833518982,Liz,[0.982],"[0.001, 0.000, 0.982, 0.028, 0.024, 0.000, 0.000]"
80.6,80.64,Liz,0.9777780175209045,Liz,[0.978],"[0.001, 0.000, 0.978, 0.042, 0.019, 0.000, 0.000]"
80.64,80.68,Liz,0.9724583029747009,Liz,[0.972],"[0.001, 0.000, 0.972, 0.060, 0.015, 0.000, 0.000]"
80.68,80.72,Liz,0.9656973481178284,Liz,[0.966],"[0.001, 0.000, 0.966, 0.083, 0.012, 0.000, 0.000]"
80.72,80.76,Liz,0.9571157097816467,Liz,[0.957],"[0.001, 0.000, 0.957, 0.108, 0.010, 0.000, 0.000]"
80.76,80.8,Liz,0.9462522864341736,Liz,[0.946],"[0.002, 0.000, 0.946, 0.135, 0.008, 0.000, 0.000]"
80.8,80.84,Liz,0.9325651526451111,Liz,[0.933],"[0.002, 0.000, 0.933, 0.161, 0.007, 0.000, 0.000]"
80.84,80.88,Liz,0.9154320955276489,Liz,[0.915],"[0.003, 0.000, 0.915, 0.184, 0.006, 0.000, 0.000]"
80.88,80.92,Liz,0.8941664099693298,Liz,[0.894],"[0.003, 0.000, 0.894, 0.201, 0.005, 0.000, 0.000]"
80.92,80.96,Liz,0.8681101202964783,Liz,[0.868],"[0.005, 0.000, 0.868, 0.213, 0.004, 0.000, 0.000]"
80.96,81.0,Liz,0.8366775512695312,Liz,[0.837],"[0.006, 0.000, 0.837, 0.218, 0.004, 0.000, 0.000]"
81.0,81.04,Liz,0.7995082139968872,Liz,[0.800],"[0.009, 0.000, 0.800, 0.216, 0.004, 0.000, 0.000]"
81.04,81.08,Liz,0.7565885782241821,Liz,[0.757],"[0.012, 0.000, 0.757, 0.209, 0.003, 0.000, 0.000]"
81.08,81.12,Liz,0.7084034085273743,Liz,[0.708],"[0.017, 0.000, 0.708, 0.197, 0.003, 0.000, 0.000]"
81.12,81.16,Liz,0.6559931635856628,Liz,[0.656],"[0.024, 0.000, 0.656, 0.181, 0.003, 0.000, 0.000]"
81.16,81.2,Liz,0.6008327603340149,Liz,[0.601],"[0.035, 0.000, 0.601, 0.163, 0.003, 0.000, 0.000]"
81.2,81.24,Liz,0.5445599555969238,Liz,[0.545],"[0.050, 0.000, 0.545, 0.143, 0.003, 0.000, 0.000]"
81.24,81.28,Liz,0.48874807357788086,Liz,[0.489],"[0.071, 0.000, 0.489, 0.122, 0.003, 0.000, 0.000]"
81.28,81.32,Liz,0.4346963167190552,,[],"[0.100, 0.000, 0.435, 0.103, 0.003, 0.000, 0.000]"
81.32,81.36,Liz,0.3832922875881195,,[],"[0.139, 0.000, 0.383, 0.084, 0.003, 0.000, 0.000]"
81.36,81.4,Liz,0.33530890941619873,,[],"[0.187, 0.000, 0.335, 0.068, 0.003, 0.000, 0.000]"
81.4,81.44,Liz,0.2913854718208313,,[],"[0.246, 0.000, 0.291, 0.053, 0.003, 0.000, 0.000]"
81.44,81.48,Gaeul,0.31251290440559387,,[],"[0.313, 0.000, 0.252, 0.041, 0.003, 0.001, 0.000]"
81.48,81.52,Gaeul,0.38317814469337463,,[],"[0.383, 0.000, 0.217, 0.031, 0.003, 0.001, 0.000]"
81.52,81.56,Gaeul,0.4539427161216736,,[],"[0.454, 0.000, 0.186, 0.023, 0.003, 0.001, 0.000]"
81.56,81.6,Gaeul,0.5209347009658813,,[],"[0.521, 0.000, 0.158, 0.017, 0.003, 0.001, 0.000]"
81.6,81.64,Gaeul,0.5814736485481262,Gaeul,[0.581],"[0.581, 0.000, 0.134, 0.012, 0.003, 0.002, 0.000]"
81.64,81.68,Gaeul,0.6343560814857483,Gaeul,[0.634],"[0.634, 0.000, 0.113, 0.009, 0.002, 0.003, 0.000]"
81.68,81.72,Gaeul,0.6795175075531006,Gaeul,[0.680],"[0.680, 0.000, 0.094, 0.006, 0.002, 0.004, 0.000]"
81.72,81.76,Gaeul,0.7174872159957886,Gaeul,[0.717],"[0.717, 0.000, 0.078, 0.004, 0.002, 0.005, 0.000]"
81.76,81.8,Gaeul,0.7489385604858398,Gaeul,[0.749],"[0.749, 0.000, 0.064, 0.003, 0.002, 0.007, 0.000]"
81.8,81.84,Gaeul,0.7747947573661804,Gaeul,[0.775],"[0.775, 0.000, 0.053, 0.002, 0.002, 0.010, 0.000]"
81.84,81.88,Gaeul,0.7960000038146973,Gaeul,[0.796],"[0.796, 0.000, 0.043, 0.001, 0.002, 0.014, 0.000]"
81.88,81.92,Gaeul,0.8134671449661255,Gaeul,[0.813],"[0.813, 0.000, 0.035, 0.001, 0.002, 0.019, 0.000]"
81.92,81.96,Gaeul,0.827908456325531,Gaeul,[0.828],"[0.828, 0.000, 0.029, 0.001, 0.002, 0.028, 0.000]"
81.96,82.0,Gaeul,0.8398956060409546,Gaeul,[0.840],"[0.840, 0.000, 0.023, 0.000, 0.001, 0.041, 0.000]"
82.0,82.04,Gaeul,0.849875271320343,Gaeul,[0.850],"[0.850, 0.000, 0.019, 0.000, 0.001, 0.060, 0.000]"
82.04,82.08,Gaeul,0.8581683039665222,Gaeul,[0.858],"[0.858, 0.000, 0.015, 0.000, 0.001, 0.088, 0.000]"
82.08,82.12,Gaeul,0.8649795651435852,Gaeul,[0.865],"[0.865, 0.000, 0.012, 0.000, 0.001, 0.128, 0.000]"
82.12,82.16,Gaeul,0.8703154921531677,Gaeul,[0.870],"[0.870, 0.000, 0.010, 0.000, 0.001, 0.183, 0.000]"
82.16,82.2,Gaeul,0.8741777539253235,Gaeul,[0.874],"[0.874, 0.000, 0.008, 0.000, 0.001, 0.257, 0.000]"
82.2,82.24,Gaeul,0.8764652013778687,Gaeul,[0.876],"[0.876, 0.000, 0.006, 0.000, 0.001, 0.350, 0.000]"
82.24,82.28,Gaeul,0.8770601153373718,Gaeul,[0.877],"[0.877, 0.000, 0.005, 0.000, 0.001, 0.456, 0.000]"
82.28,82.32,Gaeul,0.8758795261383057,Gaeul|Yujin,"[0.876, 0.567]","[0.876, 0.000, 0.003, 0.000, 0.001, 0.567, 0.000]"
82.32,82.36,Gaeul,0.8728622794151306,Gaeul|Yujin,"[0.873, 0.672]","[0.873, 0.000, 0.003, 0.000, 0.001, 0.672, 0.000]"
82.36,82.4,Gaeul,0.8679561614990234,Gaeul|Yujin,"[0.868, 0.762]","[0.868, 0.000, 0.002, 0.000, 0.001, 0.762, 0.000]"
82.4,82.44,Gaeul,0.8610806465148926,Gaeul|Yujin,"[0.861, 0.832]","[0.861, 0.000, 0.001, 0.000, 0.000, 0.832, 0.000]"
82.44,82.48,Yujin,0.8838517665863037,Gaeul|Yujin,"[0.852, 0.884]","[0.852, 0.000, 0.001, 0.000, 0.000, 0.884, 0.000]"
82.48,82.52,Yujin,0.9198655486106873,Gaeul|Yujin,"[0.841, 0.920]","[0.841, 0.000, 0.001, 0.000, 0.000, 0.920, 0.000]"
82.52,82.56,Yujin,0.9443970918655396,Gaeul|Yujin,"[0.827, 0.944]","[0.827, 0.000, 0.000, 0.000, 0.000, 0.944, 0.000]"
82.56,82.6,Yujin,0.9608908891677856,Gaeul|Yujin,"[0.811, 0.961]","[0.811, 0.000, 0.000, 0.000, 0.000, 0.961, 0.000]"
82.6,82.64,Yujin,0.971938967704773,Gaeul|Yujin,"[0.792, 0.972]","[0.792, 0.001, 0.000, 0.000, 0.000, 0.972, 0.000]"
82.64,82.68,Yujin,0.9793567657470703,Gaeul|Yujin,"[0.772, 0.979]","[0.772, 0.001, 0.000, 0.000, 0.000, 0.979, 0.000]"
82.68,82.72,Yujin,0.9843741059303284,Gaeul|Yujin,"[0.749, 0.984]","[0.749, 0.001, 0.000, 0.000, 0.000, 0.984, 0.000]"
82.72,82.76,Yujin,0.9878050088882446,Gaeul|Yujin,"[0.725, 0.988]","[0.725, 0.001, 0.000, 0.000, 0.000, 0.988, 0.000]"
82.76,82.8,Yujin,0.990180492401123,Gaeul|Yujin,"[0.700, 0.990]","[0.700, 0.001, 0.000, 0.000, 0.000, 0.990, 0.000]"
82.8,82.84,Yujin,0.9918369650840759,Gaeul|Yujin,"[0.674, 0.992]","[0.674, 0.001, 0.000, 0.000, 0.000, 0.992, 0.000]"
82.84,82.88,Yujin,0.9929927587509155,Gaeul|Yujin,"[0.647, 0.993]","[0.647, 0.001, 0.000, 0.000, 0.000, 0.993, 0.000]"
82.88,82.92,Yujin,0.9937925934791565,Gaeul|Yujin,"[0.621, 0.994]","[0.621, 0.001, 0.000, 0.000, 0.000, 0.994, 0.000]"
82.92,82.96,Yujin,0.9943329095840454,Gaeul|Yujin,"[0.595, 0.994]","[0.595, 0.001, 0.000, 0.000, 0.000, 0.994, 0.000]"
82.96,83.0,Yujin,0.9946773052215576,Gaeul|Yujin,"[0.570, 0.995]","[0.570, 0.002, 0.000, 0.000, 0.000, 0.995, 0.000]"
83.0,83.04,Yujin,0.9948662519454956,Gaeul|Yujin,"[0.547, 0.995]","[0.547, 0.002, 0.000, 0.000, 0.000, 0.995, 0.000]"
83.04,83.08,Yujin,0.994924783706665,Gaeul|Yujin,"[0.526, 0.995]","[0.526, 0.002, 0.000, 0.000, 0.000, 0.995, 0.000]"
83.08,83.12,Yujin,0.9948667287826538,Gaeul|Yujin,"[0.508, 0.995]","[0.508, 0.002, 0.000, 0.000, 0.000, 0.995, 0.000]"
83.12,83.16,Yujin,0.99470055103302,Gaeul|Yujin,"[0.492, 0.995]","[0.492, 0.002, 0.000, 0.000, 0.000, 0.995, 0.000]"
83.16,83.2,Yujin,0.9944297671318054,Gaeul|Yujin,"[0.479, 0.994]","[0.479, 0.003, 0.000, 0.000, 0.000, 0.994, 0.000]"
83.2,83.24,Yujin,0.9940557479858398,Gaeul|Yujin,"[0.470, 0.994]","[0.470, 0.003, 0.000, 0.000, 0.000, 0.994, 0.000]"
83.24,83.28,Yujin,0.9935815334320068,Gaeul|Yujin,"[0.464, 0.994]","[0.464, 0.004, 0.000, 0.000, 0.000, 0.994, 0.000]"
83.28,83.32,Yujin,0.9930069446563721,Gaeul|Yujin,"[0.464, 0.993]","[0.464, 0.005, 0.000, 0.000, 0.000, 0.993, 0.000]"
83.32,83.36,Yujin,0.9923338890075684,Gaeul|Yujin,"[0.468, 0.992]","[0.468, 0.005, 0.000, 0.000, 0.000, 0.992, 0.000]"
83.36,83.4,Yujin,0.991571307182312,Gaeul|Yujin,"[0.477, 0.992]","[0.477, 0.006, 0.000, 0.000, 0.000, 0.992, 0.000]"
83.4,83.44,Yujin,0.9907373785972595,Gaeul|Yujin,"[0.491, 0.991]","[0.491, 0.008, 0.000, 0.000, 0.000, 0.991, 0.000]"
83.44,83.48,Yujin,0.9898571968078613,Gaeul|Yujin,"[0.510, 0.990]","[0.510, 0.009, 0.000, 0.000, 0.000, 0.990, 0.000]"
83.48,83.52,Yujin,0.9889619946479797,Gaeul|Yujin,"[0.535, 0.989]","[0.535, 0.011, 0.000, 0.000, 0.000, 0.989, 0.000]"
83.52,83.56,Yujin,0.9880812168121338,Gaeul|Yujin,"[0.563, 0.988]","[0.563, 0.014, 0.000, 0.000, 0.000, 0.988, 0.000]"
83.56,83.6,Yujin,0.9872397780418396,Gaeul|Yujin,"[0.596, 0.987]","[0.596, 0.016, 0.000, 0.000, 0.000, 0.987, 0.000]"
83.6,83.64,Yujin,0.9864632487297058,Gaeul|Yujin,"[0.630, 0.986]","[0.630, 0.019, 0.000, 0.000, 0.000, 0.986, 0.000]"
83.64,83.68,Yujin,0.9857702255249023,Gaeul|Yujin,"[0.665, 0.986]","[0.665, 0.022, 0.000, 0.000, 0.000, 0.986, 0.000]"
83.68,83.72,Yujin,0.9851850271224976,Gaeul|Yujin,"[0.699, 0.985]","[0.699, 0.026, 0.000, 0.000, 0.000, 0.985, 0.000]"
83.72,83.76,Yujin,0.984733521938324,Gaeul|Yujin,"[0.731, 0.985]","[0.731, 0.029, 0.000, 0.000, 0.000, 0.985, 0.000]"
83.76,83.8,Yujin,0.9844303727149963,Gaeul|Yujin,"[0.760, 0.984]","[0.760, 0.032, 0.000, 0.000, 0.000, 0.984, 0.000]"
83.8,83.84,Yujin,0.9842798709869385,Gaeul|Yujin,"[0.785, 0.984]","[0.785, 0.034, 0.000, 0.000, 0.000, 0.984, 0.000]"
83.84,83.88,Yujin,0.9842776656150818,Gaeul|Yujin,"[0.806, 0.984]","[0.806, 0.036, 0.000, 0.000, 0.000, 0.984, 0.000]"
83.88,83.92,Yujin,0.9844174385070801,Gaeul|Yujin,"[0.823, 0.984]","[0.823, 0.037, 0.000, 0.000, 0.000, 0.984, 0.000]"
83.92,83.96,Yujin,0.9846948981285095,Gaeul|Yujin,"[0.835, 0.985]","[0.835, 0.038, 0.000, 0.000, 0.000, 0.985, 0.000]"
83.96,84.0,Yujin,0.9851059913635254,Gaeul|Yujin,"[0.844, 0.985]","[0.844, 0.037, 0.000, 0.000, 0.000, 0.985, 0.000]"
84.0,84.04,Yujin,0.9856365919113159,Gaeul|Yujin,"[0.850, 0.986]","[0.850, 0.037, 0.000, 0.000, 0.000, 0.986, 0.000]"
84.04,84.08,Yujin,0.9862701296806335,Gaeul|Yujin,"[0.852, 0.986]","[0.852, 0.035, 0.000, 0.000, 0.000, 0.986, 0.000]"
84.08,84.12,Yujin,0.9869895577430725,Gaeul|Yujin,"[0.850, 0.987]","[0.850, 0.034, 0.000, 0.000, 0.000, 0.987, 0.000]"
84.12,84.16,Yujin,0.9877644181251526,Gaeul|Yujin,"[0.844, 0.988]","[0.844, 0.032, 0.000, 0.000, 0.001, 0.988, 0.000]"
84.16,84.2,Yujin,0.9885517358779907,Gaeul|Yujin,"[0.833, 0.989]","[0.833, 0.031, 0.000, 0.000, 0.001, 0.989, 0.000]"
84.2,84.24,Yujin,0.989315390586853,Gaeul|Yujin,"[0.818, 0.989]","[0.818, 0.029, 0.000, 0.000, 0.001, 0.989, 0.000]"
84.24,84.28,Yujin,0.9900301694869995,Gaeul|Yujin,"[0.797, 0.990]","[0.797, 0.027, 0.000, 0.000, 0.001, 0.990, 0.000]"
84.28,84.32,Yujin,0.990675687789917,Gaeul|Yujin,"[0.770, 0.991]","[0.770, 0.025, 0.000, 0.000, 0.001, 0.991, 0.000]"
84.32,84.36,Yujin,0.9912426471710205,Gaeul|Yujin,"[0.738, 0.991]","[0.738, 0.023, 0.000, 0.000, 0.001, 0.991, 0.000]"
84.36,84.4,Yujin,0.9917296767234802,Gaeul|Yujin,"[0.699, 0.992]","[0.699, 0.022, 0.000, 0.000, 0.001, 0.992, 0.000]"
84.4,84.44,Yujin,0.9921396374702454,Gaeul|Yujin,"[0.654, 0.992]","[0.654, 0.020, 0.000, 0.000, 0.001, 0.992, 0.000]"
84.44,84.48,Yujin,0.9924840331077576,Gaeul|Yujin,"[0.604, 0.992]","[0.604, 0.019, 0.000, 0.000, 0.001, 0.992, 0.000]"
84.48,84.52,Yujin,0.9927716851234436,Gaeul|Yujin,"[0.551, 0.993]","[0.551, 0.017, 0.001, 0.000, 0.001, 0.993, 0.000]"
84.52,84.56,Yujin,0.9930144548416138,Gaeul|Yujin,"[0.496, 0.993]","[0.496, 0.016, 0.001, 0.000, 0.001, 0.993, 0.000]"
84.56,84.6,Yujin,0.9932243227958679,Yujin,[0.993],"[0.441, 0.015, 0.001, 0.000, 0.001, 0.993, 0.000]"
84.6,84.64,Yujin,0.9934141635894775,Yujin,[0.993],"[0.388, 0.014, 0.002, 0.000, 0.001, 0.993, 0.000]"
84.64,84.68,Yujin,0.993595540523529,Yujin,[0.994],"[0.339, 0.013, 0.003, 0.000, 0.001, 0.994, 0.000]"
84.68,84.72,Yujin,0.9937732815742493,Yujin,[0.994],"[0.292, 0.012, 0.005, 0.000, 0.001, 0.994, 0.000]"
84.72,84.76,Yujin,0.9939494132995605,Yujin,[0.994],"[0.251, 0.011, 0.009, 0.000, 0.001, 0.994, 0.000]"
84.76,84.8,Yujin,0.9941214919090271,Yujin,[0.994],"[0.215, 0.010, 0.014, 0.000, 0.001, 0.994, 0.000]"
84.8,84.84,Yujin,0.9942888021469116,Yujin,[0.994],"[0.183, 0.009, 0.023, 0.000, 0.001, 0.994, 0.000]"
84.84,84.88,Yujin,0.9944485425949097,Yujin,[0.994],"[0.156, 0.008, 0.036, 0.000, 0.001, 0.994, 0.000]"
84.88,84.92,Yujin,0.9945937991142273,Yujin,[0.995],"[0.133, 0.007, 0.055, 0.000, 0.001, 0.995, 0.000]"
84.92,84.96,Yujin,0.9947184324264526,Yujin,[0.995],"[0.114, 0.006, 0.081, 0.000, 0.001, 0.995, 0.000]"
84.96,85.0,Yujin,0.99481600522995,Yujin,[0.995],"[0.097, 0.005, 0.116, 0.000, 0.001, 0.995, 0.000]"
85.0,85.04,Yujin,0.9948792457580566,Yujin,[0.995],"[0.084, 0.004, 0.159, 0.000, 0.001, 0.995, 0.000]"
85.04,85.08,Yujin,0.9949002861976624,Yujin,[0.995],"[0.072, 0.004, 0.210, 0.000, 0.001, 0.995, 0.000]"
85.08,85.12,Yujin,0.9948722720146179,Yujin,[0.995],"[0.062, 0.003, 0.264, 0.000, 0.001, 0.995, 0.000]"
85.12,85.16,Yujin,0.9947876930236816,Yujin,[0.995],"[0.054, 0.003, 0.320, 0.000, 0.001, 0.995, 0.000]"
85.16,85.2,Yujin,0.9946370720863342,Yujin,[0.995],"[0.047, 0.002, 0.374, 0.000, 0.002, 0.995, 0.000]"
85.2,85.24,Yujin,0.9944068193435669,Yujin,[0.994],"[0.040, 0.002, 0.423, 0.000, 0.002, 0.994, 0.000]"
85.24,85.28,Yujin,0.9940808415412903,Yujin,[0.994],"[0.035, 0.001, 0.464, 0.000, 0.002, 0.994, 0.000]"
85.28,85.32,Yujin,0.9936389327049255,Yujin,[0.994],"[0.029, 0.001, 0.499, 0.000, 0.002, 0.994, 0.000]"
85.32,85.36,Yujin,0.993055522441864,Yujin,[0.993],"[0.025, 0.001, 0.526, 0.000, 0.002, 0.993, 0.000]"
85.36,85.4,Yujin,0.9922956228256226,Yujin,[0.992],"[0.021, 0.001, 0.545, 0.000, 0.003, 0.992, 0.000]"
85.4,85.44,Yujin,0.9913164377212524,Liz|Yujin,"[0.559, 0.991]","[0.017, 0.001, 0.559, 0.000, 0.003, 0.991, 0.000]"
85.44,85.48,Yujin,0.9900627732276917,Liz|Yujin,"[0.566, 0.990]","[0.014, 0.001, 0.566, 0.000, 0.003, 0.990, 0.000]"
85.48,85.52,Yujin,0.9884586930274963,Liz|Yujin,"[0.569, 0.988]","[0.012, 0.000, 0.569, 0.000, 0.004, 0.988, 0.000]"
85.52,85.56,Yujin,0.9864053130149841,Liz|Yujin,"[0.567, 0.986]","[0.009, 0.000, 0.567, 0.000, 0.005, 0.986, 0.000]"
85.56,85.6,Yujin,0.9837693572044373,Liz|Yujin,"[0.561, 0.984]","[0.008, 0.000, 0.561, 0.000, 0.005, 0.984, 0.000]"
85.6,85.64,Yujin,0.9803785681724548,Liz|Yujin,"[0.552, 0.980]","[0.006, 0.000, 0.552, 0.000, 0.006, 0.980, 0.000]"
85.64,85.68,Yujin,0.9759997129440308,Liz|Yujin,"[0.539, 0.976]","[0.005, 0.000, 0.539, 0.000, 0.007, 0.976, 0.000]"
85.68,85.72,Yujin,0.970352828502655,Liz|Yujin,"[0.523, 0.970]","[0.004, 0.000, 0.523, 0.000, 0.008, 0.970, 0.000]"
85.72,85.76,Yujin,0.9630873203277588,Liz|Yujin,"[0.504, 0.963]","[0.003, 0.000, 0.504, 0.000, 0.009, 0.963, 0.000]"
85.76,85.8,Yujin,0.9537610411643982,Liz|Yujin,"[0.481, 0.954]","[0.002, 0.000, 0.481, 0.000, 0.011, 0.954, 0.000]"
85.8,85.84,Yujin,0.9418315291404724,Liz|Yujin,"[0.454, 0.942]","[0.002, 0.000, 0.454, 0.000, 0.012, 0.942, 0.000]"
85.84,85.88,Yujin,0.9266594648361206,Yujin,[0.927],"[0.002, 0.000, 0.425, 0.000, 0.013, 0.927, 0.000]"
85.88,85.92,Yujin,0.9075430035591125,Yujin,[0.908],"[0.001, 0.000, 0.393, 0.000, 0.014, 0.908, 0.000]"
85.92,85.96,Yujin,0.8837794065475464,Yujin,[0.884],"[0.001, 0.000, 0.358, 0.000, 0.015, 0.884, 0.000]"
85.96,86.0,Yujin,0.854764997959137,Yujin,[0.855],"[0.001, 0.000, 0.322, 0.000, 0.016, 0.855, 0.000]"
86.0,86.04,Yujin,0.8202601671218872,Yujin,[0.820],"[0.001, 0.000, 0.286, 0.000, 0.016, 0.820, 0.000]"
86.04,86.08,Yujin,0.7804494500160217,Yujin,[0.780],"[0.001, 0.000, 0.249, 0.000, 0.016, 0.780, 0.000]"
86.08,86.12,Yujin,0.7360216975212097,Yujin,[0.736],"[0.001, 0.000, 0.215, 0.000, 0.016, 0.736, 0.000]"
86.12,86.16,Yujin,0.6881107687950134,Yujin,[0.688],"[0.001, 0.000, 0.182, 0.000, 0.016, 0.688, 0.000]"
86.16,86.2,Yujin,0.6385090947151184,Yujin,[0.639],"[0.001, 0.000, 0.152, 0.000, 0.015, 0.639, 0.000]"
86.2,86.24,Yujin,0.5893228054046631,Yujin,[0.589],"[0.001, 0.000, 0.126, 0.000, 0.014, 0.589, 0.000]"
86.24,86.28,Yujin,0.5425319075584412,Yujin,[0.543],"[0.001, 0.000, 0.103, 0.000, 0.013, 0.543, 0.000]"
86.28,86.32,Yujin,0.4998242259025574,Yujin,[0.500],"[0.001, 0.000, 0.083, 0.000, 0.012, 0.500, 0.000]"
86.32,86.36,Yujin,0.462279349565506,Yujin,[0.462],"[0.001, 0.000, 0.066, 0.000, 0.011, 0.462, 0.000]"
86.36,86.4,Yujin,0.43044134974479675,,[],"[0.001, 0.000, 0.051, 0.000, 0.009, 0.430, 0.000]"
86.4,86.44,Yujin,0.4045723080635071,,[],"[0.001, 0.000, 0.040, 0.000, 0.008, 0.405, 0.000]"
86.44,86.48,Yujin,0.3847177028656006,,[],"[0.001, 0.000, 0.030, 0.000, 0.007, 0.385, 0.000]"
86.48,86.52,Yujin,0.37074604630470276,,[],"[0.001, 0.001, 0.023, 0.000, 0.005, 0.371, 0.000]"
86.52,86.56,Yujin,0.3622882664203644,,[],"[0.001, 0.001, 0.017, 0.000, 0.004, 0.362, 0.000]"
86.56,86.6,Yujin,0.3587716817855835,,[],"[0.001, 0.001, 0.013, 0.000, 0.004, 0.359, 0.000]"
86.6,86.64,Yujin,0.35961487889289856,,[],"[0.001, 0.001, 0.010, 0.000, 0.003, 0.360, 0.000]"
86.64,86.68,Yujin,0.36443400382995605,,[],"[0.001, 0.001, 0.007, 0.000, 0.002, 0.364, 0.000]"
86.68,86.72,Yujin,0.37295544147491455,,[],"[0.001, 0.001, 0.005, 0.000, 0.002, 0.373, 0.000]"
86.72,86.76,Yujin,0.3848936855792999,,[],"[0.001, 0.001, 0.004, 0.000, 0.001, 0.385, 0.000]"
86.76,86.8,Yujin,0.4000225365161896,,[],"[0.001, 0.001, 0.003, 0.000, 0.001, 0.400, 0.000]"
86.8,86.84,Yujin,0.4180755019187927,,[],"[0.001, 0.001, 0.002, 0.000, 0.001, 0.418, 0.000]"
86.84,86.88,Yujin,0.43885812163352966,,[],"[0.001, 0.001, 0.002, 0.000, 0.001, 0.439, 0.000]"
86.88,86.92,Yujin,0.4622220993041992,,[],"[0.001, 0.000, 0.001, 0.000, 0.001, 0.462, 0.000]"
86.92,86.96,Yujin,0.48796406388282776,,[],"[0.001, 0.000, 0.001, 0.000, 0.000, 0.488, 0.000]"
86.96,87.0,Yujin,0.5158657431602478,,[],"[0.001, 0.000, 0.001, 0.000, 0.000, 0.516, 0.000]"
87.0,87.04,Yujin,0.5457054972648621,,[],"[0.001, 0.000, 0.001, 0.000, 0.000, 0.546, 0.000]"
87.04,87.08,Yujin,0.5773513317108154,Yujin,[0.577],"[0.001, 0.000, 0.001, 0.000, 0.000, 0.577, 0.000]"
87.08,87.12,Yujin,0.610542893409729,Yujin,[0.611],"[0.002, 0.000, 0.000, 0.000, 0.000, 0.611, 0.000]"
87.12,87.16,Yujin,0.6448289155960083,Yujin,[0.645],"[0.002, 0.000, 0.000, 0.000, 0.000, 0.645, 0.000]"
87.16,87.2,Yujin,0.6796377301216125,Yujin,[0.680],"[0.002, 0.000, 0.000, 0.000, 0.000, 0.680, 0.000]"
87.2,87.24,Yujin,0.7143700122833252,Yujin,[0.714],"[0.002, 0.000, 0.000, 0.000, 0.000, 0.714, 0.000]"
87.24,87.28,Yujin,0.7483307123184204,Yujin,[0.748],"[0.002, 0.000, 0.000, 0.000, 0.000, 0.748, 0.000]"
87.28,87.32,Yujin,0.780788779258728,Yujin,[0.781],"[0.002, 0.000, 0.000, 0.000, 0.000, 0.781, 0.000]"
87.32,87.36,Yujin,0.8110917806625366,Yujin,[0.811],"[0.002, 0.000, 0.000, 0.000, 0.000, 0.811, 0.000]"
87.36,87.4,Yujin,0.8386364579200745,Yujin,[0.839],"[0.002, 0.000, 0.000, 0.000, 0.000, 0.839, 0.000]"
87.4,87.44,Yujin,0.86300128698349,Yujin,[0.863],"[0.002, 0.000, 0.000, 0.000, 0.000, 0.863, 0.000]"
87.44,87.48,Yujin,0.8840711116790771,Yujin,[0.884],"[0.003, 0.000, 0.000, 0.000, 0.000, 0.884, 0.000]"
87.48,87.52,Yujin,0.9019907712936401,Yujin,[0.902],"[0.003, 0.000, 0.000, 0.000, 0.000, 0.902, 0.000]"
87.52,87.56,Yujin,0.9170767068862915,Yujin,[0.917],"[0.003, 0.000, 0.000, 0.000, 0.000, 0.917, 0.000]"
87.56,87.6,Yujin,0.9296941757202148,Yujin,[0.930],"[0.004, 0.000, 0.000, 0.000, 0.000, 0.930, 0.000]"
87.6,87.64,Yujin,0.9401933550834656,Yujin,[0.940],"[0.004, 0.000, 0.000, 0.000, 0.000, 0.940, 0.000]"
87.64,87.68,Yujin,0.9489353895187378,Yujin,[0.949],"[0.005, 0.000, 0.000, 0.000, 0.000, 0.949, 0.000]"
87.68,87.72,Yujin,0.9562152028083801,Yujin,[0.956],"[0.006, 0.000, 0.000, 0.000, 0.000, 0.956, 0.000]"
87.72,87.76,Yujin,0.9622719883918762,Yujin,[0.962],"[0.006, 0.000, 0.000, 0.000, 0.000, 0.962, 0.000]"
87.76,87.8,Yujin,0.9673036336898804,Yujin,[0.967],"[0.007, 0.000, 0.000, 0.000, 0.000, 0.967, 0.000]"
87.8,87.84,Yujin,0.9714838862419128,Yujin,[0.971],"[0.008, 0.000, 0.000, 0.000, 0.000, 0.971, 0.000]"
87.84,87.88,Yujin,0.9749757051467896,Yujin,[0.975],"[0.008, 0.000, 0.000, 0.000, 0.000, 0.975, 0.000]"
87.88,87.92,Yujin,0.9779016971588135,Yujin,[0.978],"[0.009, 0.000, 0.000, 0.000, 0.000, 0.978, 0.000]"
87.92,87.96,Yujin,0.9803981184959412,Yujin,[0.980],"[0.009, 0.000, 0.000, 0.000, 0.000, 0.980, 0.001]"
87.96,88.0,Yujin,0.9825567603111267,Yujin,[0.983],"[0.009, 0.000, 0.000, 0.000, 0.000, 0.983, 0.001]"
88.0,88.04,Yujin,0.9844256639480591,Yujin,[0.984],"[0.008, 0.000, 0.000, 0.000, 0.001, 0.984, 0.001]"
88.04,88.08,Yujin,0.9860490560531616,Yujin,[0.986],"[0.008, 0.000, 0.000, 0.000, 0.001, 0.986, 0.001]"
88.08,88.12,Yujin,0.9874662756919861,Yujin,[0.987],"[0.007, 0.000, 0.000, 0.000, 0.001, 0.987, 0.002]"
88.12,88.16,Yujin,0.9887089133262634,Yujin,[0.989],"[0.006, 0.000, 0.000, 0.000, 0.001, 0.989, 0.003]"
88.16,88.2,Yujin,0.989798903465271,Yujin,[0.990],"[0.005, 0.000, 0.000, 0.000, 0.001, 0.990, 0.004]"
88.2,88.24,Yujin,0.9907544851303101,Yujin,[0.991],"[0.004, 0.000, 0.000, 0.000, 0.002, 0.991, 0.005]"
88.24,88.28,Yujin,0.9915921688079834,Yujin,[0.992],"[0.003, 0.000, 0.000, 0.000, 0.002, 0.992, 0.007]"
88.28,88.32,Yujin,0.992330014705658,Yujin,[0.992],"[0.003, 0.000, 0.000, 0.000, 0.003, 0.992, 0.009]"
88.32,88.36,Yujin,0.992985188961029,Yujin,[0.993],"[0.002, 0.000, 0.000, 0.000, 0.004, 0.993, 0.012]"
88.36,88.4,Yujin,0.993571400642395,Yujin,[0.994],"[0.001, 0.000, 0.000, 0.000, 0.004, 0.994, 0.016]"
88.4,88.44,Yujin,0.9940966367721558,Yujin,[0.994],"[0.001, 0.000, 0.000, 0.000, 0.005, 0.994, 0.020]"
88.44,88.48,Yujin,0.994565486907959,Yujin,[0.995],"[0.001, 0.000, 0.000, 0.000, 0.007, 0.995, 0.026]"
88.48,88.52,Yujin,0.9949829578399658,Yujin,[0.995],"[0.001, 0.000, 0.000, 0.000, 0.008, 0.995, 0.032]"
88.52,88.56,Yujin,0.9953553676605225,Yujin,[0.995],"[0.000, 0.000, 0.000, 0.000, 0.010, 0.995, 0.039]"
88.56,88.6,Yujin,0.9956902861595154,Yujin,[0.996],"[0.000, 0.000, 0.000, 0.000, 0.011, 0.996, 0.046]"
88.6,88.64,Yujin,0.9959945678710938,Yujin,[0.996],"[0.000, 0.000, 0.000, 0.000, 0.014, 0.996, 0.053]"
88.64,88.68,Yujin,0.9962717294692993,Yujin,[0.996],"[0.000, 0.000, 0.000, 0.000, 0.016, 0.996, 0.060]"
88.68,88.72,Yujin,0.9965251088142395,Yujin,[0.997],"[0.000, 0.000, 0.001, 0.000, 0.019, 0.997, 0.064]"
88.72,88.76,Yujin,0.9967562556266785,Yujin,[0.997],"[0.000, 0.000, 0.001, 0.000, 0.021, 0.997, 0.067]"
88.76,88.8,Yujin,0.9969664216041565,Yujin,[0.997],"[0.000, 0.000, 0.001, 0.000, 0.025, 0.997, 0.067]"
88.8,88.84,Yujin,0.9971568584442139,Yujin,[0.997],"[0.000, 0.000, 0.001, 0.000, 0.028, 0.997, 0.065]"
88.84,88.88,Yujin,0.9973287582397461,Yujin,[0.997],"[0.000, 0.000, 0.001, 0.000, 0.032, 0.997, 0.060]"
88.88,88.92,Yujin,0.9974830746650696,Yujin,[0.997],"[0.000, 0.000, 0.001, 0.000, 0.037, 0.997, 0.054]"
88.92,88.96,Yujin,0.9976212382316589,Yujin,[0.998],"[0.000, 0.000, 0.001, 0.000, 0.041, 0.998, 0.046]"
88.96,89.0,Yujin,0.9977449178695679,Yujin,[0.998],"[0.000, 0.000, 0.001, 0.000, 0.046, 0.998, 0.037]"
89.0,89.04,Yujin,0.9978551268577576,Yujin,[0.998],"[0.000, 0.000, 0.001, 0.000, 0.052, 0.998, 0.029]"
89.04,89.08,Yujin,0.9979522228240967,Yujin,[0.998],"[0.000, 0.000, 0.001, 0.000, 0.058, 0.998, 0.022]"
89.08,89.12,Yujin,0.9980360865592957,Yujin,[0.998],"[0.000, 0.000, 0.001, 0.000, 0.065, 0.998, 0.016]"
89.12,89.16,Yujin,0.9981065988540649,Yujin,[0.998],"[0.000, 0.000, 0.001, 0.000, 0.073, 0.998, 0.011]"
89.16,89.2,Yujin,0.9981635212898254,Yujin,[0.998],"[0.000, 0.000, 0.001, 0.000, 0.082, 0.998, 0.008]"
89.2,89.24,Yujin,0.9982061386108398,Yujin,[0.998],"[0.000, 0.000, 0.001, 0.001, 0.091, 0.998, 0.005]"
89.24,89.28,Yujin,0.9982326030731201,Yujin,[0.998],"[0.000, 0.000, 0.001, 0.001, 0.101, 0.998, 0.003]"
89.28,89.32,Yujin,0.998241662979126,Yujin,[0.998],"[0.000, 0.000, 0.001, 0.002, 0.112, 0.998, 0.002]"
89.32,89.36,Yujin,0.9982330799102783,Yujin,[0.998],"[0.000, 0.000, 0.001, 0.002, 0.124, 0.998, 0.001]"
89.36,89.4,Yujin,0.9982064962387085,Yujin,[0.998],"[0.000, 0.000, 0.001, 0.003, 0.136, 0.998, 0.001]"
89.4,89.44,Yujin,0.9981613755226135,Yujin,[0.998],"[0.000, 0.000, 0.001, 0.003, 0.147, 0.998, 0.001]"
89.44,89.48,Yujin,0.9980962872505188,Yujin,[0.998],"[0.000, 0.000, 0.001, 0.004, 0.159, 0.998, 0.000]"
89.48,89.52,Yujin,0.998008668422699,Yujin,[0.998],"[0.000, 0.000, 0.001, 0.004, 0.171, 0.998, 0.000]"
89.52,89.56,Yujin,0.9978942275047302,Yujin,[0.998],"[0.000, 0.000, 0.001, 0.004, 0.181, 0.998, 0.000]"
89.56,89.6,Yujin,0.9977491497993469,Yujin,[0.998],"[0.000, 0.000, 0.001, 0.004, 0.191, 0.998, 0.000]"
89.6,89.64,Yujin,0.9975670576095581,Yujin,[0.998],"[0.000, 0.000, 0.001, 0.004, 0.200, 0.998, 0.000]"
89.64,89.68,Yujin,0.997338593006134,Yujin,[0.997],"[0.000, 0.000, 0.001, 0.004, 0.208, 0.997, 0.000]"
89.68,89.72,Yujin,0.9970519542694092,Yujin,[0.997],"[0.000, 0.000, 0.001, 0.003, 0.215, 0.997, 0.000]"
89.72,89.76,Yujin,0.9966921806335449,Yujin,[0.997],"[0.000, 0.000, 0.001, 0.003, 0.220, 0.997, 0.000]"
89.76,89.8,Yujin,0.9962412118911743,Yujin,[0.996],"[0.000, 0.000, 0.001, 0.003, 0.224, 0.996, 0.000]"
89.8,89.84,Yujin,0.9956755042076111,Yujin,[0.996],"[0.000, 0.000, 0.001, 0.002, 0.225, 0.996, 0.000]"
89.84,89.88,Yujin,0.9949629306793213,Yujin,[0.995],"[0.000, 0.000, 0.000, 0.002, 0.224, 0.995, 0.000]"
89.88,89.92,Yujin,0.9940670728683472,Yujin,[0.994],"[0.000, 0.000, 0.000, 0.002, 0.220, 0.994, 0.000]"
89.92,89.96,Yujin,0.9929298758506775,Yujin,[0.993],"[0.000, 0.000, 0.000, 0.002, 0.213, 0.993, 0.000]"
89.96,90.0,Yujin,0.9914724826812744,Yujin,[0.991],"[0.000, 0.000, 0.000, 0.002, 0.202, 0.991, 0.000]"
90.0,90.04,Yujin,0.989601194858551,Yujin,[0.990],"[0.000, 0.000, 0.000, 0.002, 0.189, 0.990, 0.000]"
90.04,90.08,Yujin,0.9871988892555237,Yujin,[0.987],"[0.000, 0.000, 0.000, 0.002, 0.172, 0.987, 0.000]"
90.08,90.12,Yujin,0.9841014742851257,Yujin,[0.984],"[0.000, 0.000, 0.000, 0.001, 0.153, 0.984, 0.000]"
90.12,90.16,Yujin,0.980097234249115,Yujin,[0.980],"[0.000, 0.000, 0.000, 0.001, 0.133, 0.980, 0.000]"
90.16,90.2,Yujin,0.9749133586883545,Yujin,[0.975],"[0.000, 0.000, 0.000, 0.001, 0.113, 0.975, 0.000]"
90.2,90.24,Yujin,0.968217134475708,Yujin,[0.968],"[0.000, 0.000, 0.000, 0.001, 0.094, 0.968, 0.000]"
90.24,90.28,Yujin,0.9596205949783325,Yujin,[0.960],"[0.000, 0.000, 0.000, 0.001, 0.076, 0.960, 0.000]"
90.28,90.32,Yujin,0.9486803412437439,Yujin,[0.949],"[0.000, 0.000, 0.000, 0.001, 0.061, 0.949, 0.000]"
90.32,90.36,Yujin,0.934897780418396,Yujin,[0.935],"[0.000, 0.000, 0.000, 0.001, 0.048, 0.935, 0.000]"
90.36,90.4,Yujin,0.9177377223968506,Yujin,[0.918],"[0.000, 0.000, 0.000, 0.001, 0.037, 0.918, 0.000]"
90.4,90.44,Yujin,0.8966188430786133,Yujin,[0.897],"[0.000, 0.000, 0.000, 0.001, 0.028, 0.897, 0.000]"
90.44,90.48,Yujin,0.8709543347358704,Yujin,[0.871],"[0.001, 0.000, 0.000, 0.001, 0.021, 0.871, 0.000]"
90.48,90.52,Yujin,0.8401824831962585,Yujin,[0.840],"[0.001, 0.000, 0.000, 0.001, 0.016, 0.840, 0.000]"
90.52,90.56,Yujin,0.8038570284843445,Yujin,[0.804],"[0.002, 0.000, 0.000, 0.001, 0.011, 0.804, 0.000]"
90.56,90.6,Yujin,0.7617803812026978,Yujin,[0.762],"[0.004, 0.000, 0.001, 0.001, 0.008, 0.762, 0.000]"
90.6,90.64,Yujin,0.7141125798225403,Yujin,[0.714],"[0.007, 0.000, 0.001, 0.001, 0.006, 0.714, 0.000]"
90.64,90.68,Yujin,0.6614463925361633,Yujin,[0.661],"[0.014, 0.000, 0.001, 0.001, 0.005, 0.661, 0.000]"
90.68,90.72,Yujin,0.6048368215560913,Yujin,[0.605],"[0.026, 0.000, 0.001, 0.001, 0.003, 0.605, 0.000]"
90.72,90.76,Yujin,0.5458784699440002,Yujin,[0.546],"[0.047, 0.000, 0.001, 0.001, 0.003, 0.546, 0.000]"
90.76,90.8,Yujin,0.48649656772613525,Yujin,[0.486],"[0.081, 0.000, 0.001, 0.001, 0.002, 0.486, 0.000]"
90.8,90.84,Yujin,0.42867311835289,,[],"[0.133, 0.000, 0.002, 0.000, 0.001, 0.429, 0.000]"
90.84,90.88,Yujin,0.37411919236183167,,[],"[0.205, 0.000, 0.002, 0.000, 0.001, 0.374, 0.000]"
90.88,90.92,Yujin,0.32403644919395447,,[],"[0.293, 0.000, 0.003, 0.000, 0.001, 0.324, 0.000]"
90.92,90.96,Gaeul,0.3878302276134491,,[],"[0.388, 0.000, 0.003, 0.000, 0.001, 0.279, 0.000]"
90.96,91.0,Gaeul,0.4791175127029419,,[],"[0.479, 0.000, 0.004, 0.000, 0.001, 0.240, 0.000]"
91.0,91.04,Gaeul,0.5578693747520447,Gaeul,[0.558],"[0.558, 0.000, 0.006, 0.000, 0.000, 0.205, 0.000]"
91.04,91.08,Gaeul,0.6199508309364319,Gaeul,[0.620],"[0.620, 0.000, 0.007, 0.000, 0.000, 0.176, 0.000]"
91.08,91.12,Gaeul,0.6650568246841431,Gaeul,[0.665],"[0.665, 0.000, 0.009, 0.000, 0.000, 0.151, 0.000]"
91.12,91.16,Gaeul,0.6948406100273132,Gaeul,[0.695],"[0.695, 0.000, 0.012, 0.000, 0.000, 0.130, 0.000]"
91.16,91.2,Gaeul,0.7114376425743103,Gaeul,[0.711],"[0.711, 0.000, 0.016, 0.000, 0.000, 0.113, 0.000]"
91.2,91.24,Gaeul,0.7168218493461609,Gaeul,[0.717],"[0.717, 0.000, 0.021, 0.000, 0.000, 0.099, 0.000]"
91.24,91.28,Gaeul,0.7122383713722229,Gaeul,[0.712],"[0.712, 0.000, 0.027, 0.000, 0.000, 0.088, 0.000]"
91.28,91.32,Gaeul,0.6985009908676147,Gaeul,[0.699],"[0.699, 0.000, 0.034, 0.000, 0.000, 0.079, 0.000]"
91.32,91.36,Gaeul,0.6762232184410095,Gaeul,[0.676],"[0.676, 0.000, 0.044, 0.000, 0.000, 0.073, 0.000]"
91.36,91.4,Gaeul,0.6458646059036255,Gaeul,[0.646],"[0.646, 0.000, 0.055, 0.000, 0.000, 0.069, 0.000]"
91.4,91.44,Gaeul,0.607984721660614,Gaeul,[0.608],"[0.608, 0.000, 0.069, 0.000, 0.000, 0.066, 0.000]"
91.44,91.48,Gaeul,0.5635161995887756,Gaeul,[0.564],"[0.564, 0.000, 0.086, 0.000, 0.000, 0.066, 0.000]"
91.48,91.52,Gaeul,0.514014720916748,Gaeul,[0.514],"[0.514, 0.000, 0.105, 0.000, 0.000, 0.067, 0.000]"
91.52,91.56,Gaeul,0.4616367816925049,Gaeul,[0.462],"[0.462, 0.000, 0.128, 0.000, 0.000, 0.070, 0.000]"
91.56,91.6,Gaeul,0.4087308943271637,,[],"[0.409, 0.000, 0.154, 0.000, 0.000, 0.075, 0.000]"
91.6,91.64,Gaeul,0.3574206829071045,,[],"[0.357, 0.000, 0.182, 0.000, 0.000, 0.083, 0.000]"
91.64,91.68,Gaeul,0.30948448181152344,,[],"[0.309, 0.000, 0.214, 0.000, 0.000, 0.093, 0.000]"
91.68,91.72,Gaeul,0.2661541998386383,,[],"[0.266, 0.000, 0.247, 0.000, 0.000, 0.108, 0.000]"
91.72,91.76,Liz,0.2818555235862732,,[],"[0.228, 0.000, 0.282, 0.000, 0.000, 0.128, 0.000]"
91.76,91.8,Liz,0.316857248544693,,[],"[0.195, 0.000, 0.317, 0.000, 0.000, 0.154, 0.000]"
91.8,91.84,Liz,0.35110336542129517,,[],"[0.168, 0.000, 0.351, 0.000, 0.000, 0.187, 0.000]"
91.84,91.88,Liz,0.3835686445236206,,[],"[0.146, 0.000, 0.384, 0.000, 0.000, 0.229, 0.000]"
91.88,91.92,Liz,0.41335296630859375,,[],"[0.127, 0.000, 0.413, 0.000, 0.001, 0.281, 0.001]"
91.92,91.96,Liz,0.4397468864917755,,[],"[0.112, 0.000, 0.440, 0.000, 0.001, 0.341, 0.002]"
91.96,92.0,Liz,0.4621025323867798,,[],"[0.099, 0.000, 0.462, 0.000, 0.001, 0.407, 0.003]"
92.0,92.04,Liz,0.4799536168575287,,[],"[0.088, 0.000, 0.480, 0.000, 0.001, 0.477, 0.007]"
92.04,92.08,Yujin,0.5475401878356934,,[],"[0.078, 0.000, 0.493, 0.000, 0.001, 0.548, 0.015]"
92.08,92.12,Yujin,0.6139751672744751,Yujin,[0.614],"[0.070, 0.000, 0.501, 0.000, 0.001, 0.614, 0.029]"
92.12,92.16,Yujin,0.674103856086731,Yujin,[0.674],"[0.063, 0.000, 0.503, 0.000, 0.001, 0.674, 0.055]"
92.16,92.2,Yujin,0.7264134287834167,Yujin,[0.726],"[0.056, 0.000, 0.500, 0.000, 0.002, 0.726, 0.100]"
92.2,92.24,Yujin,0.7704973220825195,Yujin,[0.770],"[0.050, 0.000, 0.490, 0.000, 0.002, 0.770, 0.167]"
92.24,92.28,Yujin,0.8067413568496704,Yujin,[0.807],"[0.044, 0.000, 0.473, 0.000, 0.003, 0.807, 0.259]"
92.28,92.32,Yujin,0.8359596729278564,Yujin,[0.836],"[0.039, 0.000, 0.449, 0.000, 0.003, 0.836, 0.367]"
92.32,92.36,Yujin,0.8591750264167786,Yujin,[0.859],"[0.035, 0.000, 0.418, 0.000, 0.004, 0.859, 0.478]"
92.36,92.4,Yujin,0.8774639368057251,Yujin|silence,"[0.877, 0.578]","[0.030, 0.000, 0.381, 0.000, 0.005, 0.877, 0.578]"
92.4,92.44,Yujin,0.8918070197105408,Yujin|silence,"[0.892, 0.659]","[0.026, 0.000, 0.339, 0.000, 0.007, 0.892, 0.659]"
92.44,92.48,Yujin,0.9029248356819153,Yujin|silence,"[0.903, 0.718]","[0.022, 0.000, 0.293, 0.000, 0.009, 0.903, 0.718]"
92.48,92.52,Yujin,0.9114452004432678,Yujin|silence,"[0.911, 0.759]","[0.019, 0.000, 0.246, 0.000, 0.012, 0.911, 0.759]"
92.52,92.56,Yujin,0.9179028868675232,Yujin|silence,"[0.918, 0.783]","[0.016, 0.000, 0.201, 0.000, 0.016, 0.918, 0.783]"
92.56,92.6,Yujin,0.9226922988891602,Yujin|silence,"[0.923, 0.794]","[0.014, 0.000, 0.159, 0.000, 0.020, 0.923, 0.794]"
92.6,92.64,Yujin,0.9261398315429688,Yujin|silence,"[0.926, 0.791]","[0.012, 0.000, 0.123, 0.000, 0.027, 0.926, 0.791]"
92.64,92.68,Yujin,0.9285045862197876,Yujin|silence,"[0.929, 0.773]","[0.010, 0.000, 0.094, 0.000, 0.035, 0.929, 0.773]"
92.68,92.72,Yujin,0.9299828410148621,Yujin|silence,"[0.930, 0.740]","[0.008, 0.000, 0.070, 0.000, 0.044, 0.930, 0.740]"
92.72,92.76,Yujin,0.9307321906089783,Yujin|silence,"[0.931, 0.685]","[0.007, 0.000, 0.052, 0.000, 0.057, 0.931, 0.685]"
92.76,92.8,Yujin,0.9308925867080688,Yujin|silence,"[0.931, 0.607]","[0.005, 0.000, 0.038, 0.000, 0.071, 0.931, 0.607]"
92.8,92.84,Yujin,0.9305928945541382,Yujin|silence,"[0.931, 0.503]","[0.004, 0.000, 0.028, 0.000, 0.089, 0.931, 0.503]"
92.84,92.88,Yujin,0.9299530386924744,Yujin,[0.930],"[0.004, 0.000, 0.021, 0.000, 0.109, 0.930, 0.383]"
92.88,92.92,Yujin,0.92906653881073,Yujin,[0.929],"[0.003, 0.000, 0.016, 0.000, 0.130, 0.929, 0.262]"
92.92,92.96,Yujin,0.9280314445495605,Yujin,[0.928],"[0.002, 0.000, 0.012, 0.000, 0.154, 0.928, 0.162]"
92.96,93.0,Yujin,0.9269788265228271,Yujin,[0.927],"[0.002, 0.000, 0.009, 0.000, 0.179, 0.927, 0.092]"
93.0,93.04,Yujin,0.9260973334312439,Yujin,[0.926],"[0.002, 0.000, 0.007, 0.000, 0.205, 0.926, 0.048]"
93.04,93.08,Yujin,0.9255123734474182,Yujin,[0.926],"[0.001, 0.000, 0.006, 0.000, 0.230, 0.926, 0.025]"
93.08,93.12,Yujin,0.9252981543540955,Yujin,[0.925],"[0.001, 0.000, 0.005, 0.000, 0.255, 0.925, 0.012]"
93.12,93.16,Yujin,0.925469696521759,Yujin,[0.925],"[0.001, 0.000, 0.004, 0.000, 0.279, 0.925, 0.006]"
93.16,93.2,Yujin,0.9259620904922485,Yujin,[0.926],"[0.001, 0.000, 0.003, 0.001, 0.301, 0.926, 0.003]"
93.2,93.24,Yujin,0.9266995191574097,Yujin,[0.927],"[0.001, 0.000, 0.003, 0.001, 0.321, 0.927, 0.002]"
93.24,93.28,Yujin,0.9276074171066284,Yujin,[0.928],"[0.000, 0.000, 0.003, 0.001, 0.338, 0.928, 0.001]"
93.28,93.32,Yujin,0.9285733103752136,Yujin,[0.929],"[0.000, 0.000, 0.002, 0.002, 0.354, 0.929, 0.000]"
93.32,93.36,Yujin,0.9294654726982117,Yujin,[0.929],"[0.000, 0.000, 0.002, 0.003, 0.366, 0.929, 0.000]"
93.36,93.4,Yujin,0.9301527738571167,Yujin,[0.930],"[0.000, 0.000, 0.002, 0.003, 0.376, 0.930, 0.000]"
93.4,93.44,Yujin,0.9305076003074646,Yujin,[0.931],"[0.000, 0.000, 0.002, 0.004, 0.384, 0.931, 0.000]"
93.44,93.48,Yujin,0.9304316639900208,Yujin,[0.930],"[0.000, 0.000, 0.002, 0.005, 0.389, 0.930, 0.000]"
93.48,93.52,Yujin,0.929828941822052,Yujin,[0.930],"[0.000, 0.000, 0.001, 0.005, 0.393, 0.930, 0.000]"
93.52,93.56,Yujin,0.9285534024238586,Yujin,[0.929],"[0.000, 0.000, 0.001, 0.006, 0.396, 0.929, 0.000]"
93.56,93.6,Yujin,0.9264118075370789,Yujin,[0.926],"[0.000, 0.000, 0.001, 0.006, 0.399, 0.926, 0.000]"
93.6,93.64,Yujin,0.9231951236724854,Yujin,[0.923],"[0.000, 0.000, 0.001, 0.005, 0.400, 0.923, 0.000]"
93.64,93.68,Yujin,0.9186729788780212,Yujin,[0.919],"[0.000, 0.000, 0.001, 0.004, 0.401, 0.919, 0.000]"
93.68,93.72,Yujin,0.9125465750694275,Yujin,[0.913],"[0.000, 0.000, 0.001, 0.004, 0.402, 0.913, 0.000]"
93.72,93.76,Yujin,0.9044584631919861,Yujin,[0.904],"[0.000, 0.000, 0.001, 0.003, 0.402, 0.904, 0.000]"
93.76,93.8,Yujin,0.8940351009368896,Yujin,[0.894],"[0.000, 0.000, 0.001, 0.002, 0.402, 0.894, 0.000]"
93.8,93.84,Yujin,0.8808570504188538,Yujin,[0.881],"[0.000, 0.000, 0.001, 0.002, 0.402, 0.881, 0.000]"
93.84,93.88,Yujin,0.8643624186515808,Yujin,[0.864],"[0.000, 0.000, 0.001, 0.001, 0.403, 0.864, 0.000]"
93.88,93.92,Yujin,0.8438209295272827,Yujin,[0.844],"[0.000, 0.000, 0.001, 0.001, 0.403, 0.844, 0.000]"
93.92,93.96,Yujin,0.8184217214584351,Yujin,[0.818],"[0.000, 0.000, 0.001, 0.001, 0.403, 0.818, 0.000]"
93.96,94.0,Yujin,0.7873588800430298,Yujin,[0.787],"[0.000, 0.001, 0.001, 0.000, 0.403, 0.787, 0.001]"
94.0,94.04,Yujin,0.749881386756897,Yujin,[0.750],"[0.000, 0.002, 0.000, 0.000, 0.403, 0.750, 0.001]"
94.04,94.08,Yujin,0.7052186131477356,Yujin,[0.705],"[0.000, 0.004, 0.000, 0.000, 0.401, 0.705, 0.001]"
94.08,94.12,Yujin,0.6528104543685913,Yujin,[0.653],"[0.000, 0.008, 0.000, 0.000, 0.398, 0.653, 0.002]"
94.12,94.16,Yujin,0.5926457643508911,Yujin,[0.593],"[0.000, 0.017, 0.000, 0.000, 0.394, 0.593, 0.003]"
94.16,94.2,Yujin,0.5256106853485107,Yujin,[0.526],"[0.000, 0.035, 0.000, 0.000, 0.387, 0.526, 0.004]"
94.2,94.24,Yujin,0.45359566807746887,Yujin,[0.454],"[0.000, 0.073, 0.000, 0.000, 0.379, 0.454, 0.005]"
94.24,94.28,Yujin,0.37951770424842834,,[],"[0.000, 0.147, 0.000, 0.000, 0.368, 0.380, 0.007]"
94.28,94.32,Wonyoung,0.35396715998649597,,[],"[0.000, 0.272, 0.000, 0.000, 0.354, 0.307, 0.008]"
94.32,94.36,Leeseo,0.44834333658218384,,[],"[0.000, 0.448, 0.000, 0.000, 0.338, 0.240, 0.009]"
94.36,94.4,Leeseo,0.6368822455406189,Leeseo,[0.637],"[0.000, 0.637, 0.000, 0.000, 0.320, 0.181, 0.010]"
94.4,94.44,Leeseo,0.7895649671554565,Leeseo,[0.790],"[0.000, 0.790, 0.000, 0.000, 0.299, 0.132, 0.010]"
94.44,94.48,Leeseo,0.8881229162216187,Leeseo,[0.888],"[0.000, 0.888, 0.000, 0.000, 0.277, 0.094, 0.010]"
94.48,94.52,Leeseo,0.9431072473526001,Leeseo,[0.943],"[0.000, 0.943, 0.000, 0.000, 0.254, 0.066, 0.009]"
94.52,94.56,Leeseo,0.9715204834938049,Leeseo,[0.972],"[0.000, 0.972, 0.000, 0.000, 0.229, 0.045, 0.008]"
94.56,94.6,Leeseo,0.9857184290885925,Leeseo,[0.986],"[0.000, 0.986, 0.000, 0.000, 0.204, 0.031, 0.007]"
94.6,94.64,Leeseo,0.9927549958229065,Leeseo,[0.993],"[0.000, 0.993, 0.000, 0.000, 0.180, 0.021, 0.005]"
94.64,94.68,Leeseo,0.9962616562843323,Leeseo,[0.996],"[0.000, 0.996, 0.000, 0.000, 0.155, 0.014, 0.004]"
94.68,94.72,Leeseo,0.9980311989784241,Leeseo,[0.998],"[0.000, 0.998, 0.000, 0.000, 0.132, 0.010, 0.003]"
94.72,94.76,Leeseo,0.9989396929740906,Leeseo,[0.999],"[0.000, 0.999, 0.000, 0.000, 0.111, 0.007, 0.002]"
94.76,94.8,Leeseo,0.9994155168533325,Leeseo,[0.999],"[0.000, 0.999, 0.000, 0.000, 0.092, 0.005, 0.001]"
94.8,94.84,Leeseo,0.9996699094772339,Leeseo,[1.000],"[0.000, 1.000, 0.000, 0.000, 0.074, 0.003, 0.001]"
94.84,94.88,Leeseo,0.9998090863227844,Leeseo,[1.000],"[0.000, 1.000, 0.000, 0.000, 0.060, 0.002, 0.001]"
94.88,94.92,Leeseo,0.9998867511749268,Leeseo,[1.000],"[0.000, 1.000, 0.000, 0.000, 0.047, 0.002, 0.000]"
94.92,94.96,Leeseo,0.9999312162399292,Leeseo,[1.000],"[0.000, 1.000, 0.000, 0.000, 0.037, 0.001, 0.000]"
94.96,95.0,Leeseo,0.9999570846557617,Leeseo,[1.000],"[0.000, 1.000, 0.000, 0.000, 0.029, 0.001, 0.000]"
95.0,95.04,Leeseo,0.9999725818634033,Leeseo,[1.000],"[0.000, 1.000, 0.000, 0.000, 0.022, 0.001, 0.000]"
95.04,95.08,Leeseo,0.9999818801879883,Leeseo,[1.000],"[0.000, 1.000, 0.000, 0.000, 0.017, 0.001, 0.000]"
95.08,95.12,Leeseo,0.9999877214431763,Leeseo,[1.000],"[0.000, 1.000, 0.000, 0.000, 0.013, 0.000, 0.000]"
95.12,95.16,Leeseo,0.9999914169311523,Leeseo,[1.000],"[0.000, 1.000, 0.000, 0.000, 0.009, 0.000, 0.000]"
95.16,95.2,Leeseo,0.9999938011169434,Leeseo,[1.000],"[0.000, 1.000, 0.000, 0.000, 0.007, 0.000, 0.000]"
95.2,95.24,Leeseo,0.9999954700469971,Leeseo,[1.000],"[0.000, 1.000, 0.000, 0.000, 0.005, 0.000, 0.000]"
95.24,95.28,Leeseo,0.999996542930603,Leeseo,[1.000],"[0.000, 1.000, 0.000, 0.000, 0.004, 0.000, 0.000]"
95.28,95.32,Leeseo,0.9999972581863403,Leeseo,[1.000],"[0.000, 1.000, 0.000, 0.000, 0.003, 0.000, 0.000]"
95.32,95.36,Leeseo,0.9999977350234985,Leeseo,[1.000],"[0.000, 1.000, 0.000, 0.000, 0.002, 0.000, 0.000]"
95.36,95.4,Leeseo,0.9999980926513672,Leeseo,[1.000],"[0.000, 1.000, 0.000, 0.000, 0.002, 0.000, 0.000]"
95.4,95.44,Leeseo,0.9999983310699463,Leeseo,[1.000],"[0.000, 1.000, 0.000, 0.000, 0.001, 0.000, 0.000]"
95.44,95.48,Leeseo,0.9999984502792358,Leeseo,[1.000],"[0.000, 1.000, 0.000, 0.000, 0.001, 0.000, 0.000]"
95.48,95.52,Leeseo,0.9999985694885254,Leeseo,[1.000],"[0.000, 1.000, 0.000, 0.000, 0.001, 0.000, 0.000]"
95.52,95.56,Leeseo,0.9999986886978149,Leeseo,[1.000],"[0.000, 1.000, 0.000, 0.000, 0.001, 0.000, 0.000]"
95.56,95.6,Leeseo,0.9999986886978149,Leeseo,[1.000],"[0.000, 1.000, 0.000, 0.000, 0.000, 0.000, 0.000]"
95.6,95.64,Leeseo,0.9999986886978149,Leeseo,[1.000],"[0.000, 1.000, 0.000, 0.000, 0.000, 0.000, 0.000]"
95.64,95.68,Leeseo,0.9999985694885254,Leeseo,[1.000],"[0.000, 1.000, 0.000, 0.000, 0.000, 0.000, 0.000]"
95.68,95.72,Leeseo,0.9999984502792358,Leeseo,[1.000],"[0.000, 1.000, 0.000, 0.000, 0.000, 0.000, 0.000]"
95.72,95.76,Leeseo,0.9999983310699463,Leeseo,[1.000],"[0.000, 1.000, 0.000, 0.000, 0.000, 0.000, 0.000]"
95.76,95.8,Leeseo,0.9999982118606567,Leeseo,[1.000],"[0.000, 1.000, 0.000, 0.000, 0.000, 0.000, 0.000]"
95.8,95.84,Leeseo,0.9999979734420776,Leeseo,[1.000],"[0.000, 1.000, 0.000, 0.000, 0.000, 0.000, 0.000]"
95.84,95.88,Leeseo,0.9999977350234985,Leeseo,[1.000],"[0.000, 1.000, 0.000, 0.000, 0.000, 0.000, 0.000]"
95.88,95.92,Leeseo,0.9999974966049194,Leeseo,[1.000],"[0.000, 1.000, 0.000, 0.000, 0.000, 0.000, 0.000]"
95.92,95.96,Leeseo,0.9999971389770508,Leeseo,[1.000],"[0.000, 1.000, 0.000, 0.000, 0.000, 0.000, 0.000]"
95.96,96.0,Leeseo,0.9999967813491821,Leeseo,[1.000],"[0.000, 1.000, 0.000, 0.000, 0.000, 0.000, 0.000]"
96.0,96.04,Leeseo,0.9999964237213135,Leeseo,[1.000],"[0.000, 1.000, 0.000, 0.000, 0.000, 0.000, 0.000]"
96.04,96.08,Leeseo,0.9999959468841553,Leeseo,[1.000],"[0.000, 1.000, 0.000, 0.000, 0.000, 0.001, 0.000]"
96.08,96.12,Leeseo,0.9999955892562866,Leeseo,[1.000],"[0.000, 1.000, 0.000, 0.000, 0.000, 0.001, 0.000]"
96.12,96.16,Leeseo,0.9999951124191284,Leeseo,[1.000],"[0.000, 1.000, 0.000, 0.000, 0.001, 0.001, 0.000]"
96.16,96.2,Leeseo,0.9999946355819702,Leeseo,[1.000],"[0.000, 1.000, 0.000, 0.000, 0.001, 0.001, 0.000]"
96.2,96.24,Leeseo,0.999994158744812,Leeseo,[1.000],"[0.000, 1.000, 0.000, 0.000, 0.001, 0.001, 0.000]"
96.24,96.28,Leeseo,0.9999936819076538,Leeseo,[1.000],"[0.000, 1.000, 0.000, 0.000, 0.002, 0.001, 0.000]"
96.28,96.32,Leeseo,0.9999933242797852,Leeseo,[1.000],"[0.000, 1.000, 0.000, 0.000, 0.002, 0.002, 0.000]"
96.32,96.36,Leeseo,0.999992847442627,Leeseo,[1.000],"[0.000, 1.000, 0.000, 0.000, 0.004, 0.002, 0.000]"
96.36,96.4,Leeseo,0.9999924898147583,Leeseo,[1.000],"[0.000, 1.000, 0.000, 0.000, 0.005, 0.003, 0.000]"
96.4,96.44,Leeseo,0.9999921321868896,Leeseo,[1.000],"[0.000, 1.000, 0.000, 0.000, 0.009, 0.003, 0.000]"
96.44,96.48,Leeseo,0.999991774559021,Leeseo,[1.000],"[0.000, 1.000, 0.000, 0.000, 0.013, 0.004, 0.000]"
96.48,96.52,Leeseo,0.9999915361404419,Leeseo,[1.000],"[0.000, 1.000, 0.000, 0.000, 0.021, 0.005, 0.000]"
96.52,96.56,Leeseo,0.9999912977218628,Leeseo,[1.000],"[0.000, 1.000, 0.000, 0.000, 0.032, 0.007, 0.000]"
96.56,96.6,Leeseo,0.9999911785125732,Leeseo,[1.000],"[0.000, 1.000, 0.000, 0.000, 0.049, 0.008, 0.000]"
96.6,96.64,Leeseo,0.9999909400939941,Leeseo,[1.000],"[0.000, 1.000, 0.000, 0.000, 0.074, 0.010, 0.000]"
96.64,96.68,Leeseo,0.9999908208847046,Leeseo,[1.000],"[0.000, 1.000, 0.000, 0.000, 0.108, 0.012, 0.000]"
96.68,96.72,Leeseo,0.999990701675415,Leeseo,[1.000],"[0.000, 1.000, 0.000, 0.000, 0.154, 0.015, 0.000]"
96.72,96.76,Leeseo,0.9999904632568359,Leeseo,[1.000],"[0.000, 1.000, 0.000, 0.000, 0.212, 0.017, 0.000]"
96.76,96.8,Leeseo,0.9999903440475464,Leeseo,[1.000],"[0.000, 1.000, 0.000, 0.000, 0.281, 0.019, 0.000]"
96.8,96.84,Leeseo,0.9999901056289673,Leeseo,[1.000],"[0.000, 1.000, 0.000, 0.000, 0.359, 0.021, 0.000]"
96.84,96.88,Leeseo,0.9999897480010986,Leeseo,[1.000],"[0.000, 1.000, 0.000, 0.000, 0.441, 0.023, 0.000]"
96.88,96.92,Leeseo,0.9999892711639404,Leeseo,[1.000],"[0.000, 1.000, 0.000, 0.000, 0.521, 0.024, 0.000]"
96.92,96.96,Leeseo,0.9999887943267822,Leeseo|Wonyoung,"[1.000, 0.596]","[0.000, 1.000, 0.000, 0.000, 0.596, 0.024, 0.000]"
96.96,97.0,Leeseo,0.9999880790710449,Leeseo|Wonyoung,"[1.000, 0.663]","[0.000, 1.000, 0.000, 0.000, 0.663, 0.024, 0.000]"
97.0,97.04,Leeseo,0.9999873638153076,Leeseo|Wonyoung,"[1.000, 0.719]","[0.000, 1.000, 0.000, 0.000, 0.719, 0.022, 0.000]"
97.04,97.08,Leeseo,0.9999864101409912,Leeseo|Wonyoung,"[1.000, 0.767]","[0.000, 1.000, 0.000, 0.000, 0.767, 0.021, 0.000]"
97.08,97.12,Leeseo,0.9999853372573853,Leeseo|Wonyoung,"[1.000, 0.806]","[0.000, 1.000, 0.000, 0.000, 0.806, 0.019, 0.000]"
97.12,97.16,Leeseo,0.9999841451644897,Leeseo|Wonyoung,"[1.000, 0.838]","[0.000, 1.000, 0.000, 0.000, 0.838, 0.016, 0.000]"
97.16,97.2,Leeseo,0.9999829530715942,Leeseo|Wonyoung,"[1.000, 0.865]","[0.000, 1.000, 0.000, 0.000, 0.865, 0.014, 0.000]"
97.2,97.24,Leeseo,0.9999816417694092,Leeseo|Wonyoung,"[1.000, 0.886]","[0.000, 1.000, 0.000, 0.000, 0.886, 0.012, 0.000]"
97.24,97.28,Leeseo,0.9999803304672241,Leeseo|Wonyoung,"[1.000, 0.904]","[0.000, 1.000, 0.000, 0.000, 0.904, 0.010, 0.000]"
97.28,97.32,Leeseo,0.9999790191650391,Leeseo|Wonyoung,"[1.000, 0.918]","[0.000, 1.000, 0.000, 0.000, 0.918, 0.008, 0.000]"
97.32,97.36,Leeseo,0.999977707862854,Leeseo|Wonyoung,"[1.000, 0.930]","[0.000, 1.000, 0.000, 0.000, 0.930, 0.006, 0.000]"
97.36,97.4,Leeseo,0.999976396560669,Leeseo|Wonyoung,"[1.000, 0.940]","[0.000, 1.000, 0.000, 0.000, 0.940, 0.005, 0.000]"
97.4,97.44,Leeseo,0.9999752044677734,Leeseo|Wonyoung,"[1.000, 0.949]","[0.000, 1.000, 0.000, 0.000, 0.949, 0.004, 0.000]"
97.44,97.48,Leeseo,0.9999740123748779,Leeseo|Wonyoung,"[1.000, 0.956]","[0.000, 1.000, 0.000, 0.000, 0.956, 0.003, 0.000]"
97.48,97.52,Leeseo,0.999972939491272,Leeseo|Wonyoung,"[1.000, 0.962]","[0.000, 1.000, 0.000, 0.000, 0.962, 0.003, 0.000]"
97.52,97.56,Leeseo,0.9999719858169556,Leeseo|Wonyoung,"[1.000, 0.967]","[0.000, 1.000, 0.000, 0.000, 0.967, 0.002, 0.000]"
97.56,97.6,Leeseo,0.9999709129333496,Leeseo|Wonyoung,"[1.000, 0.971]","[0.000, 1.000, 0.000, 0.000, 0.971, 0.002, 0.000]"
97.6,97.64,Leeseo,0.9999697208404541,Leeseo|Wonyoung,"[1.000, 0.975]","[0.000, 1.000, 0.000, 0.000, 0.975, 0.002, 0.000]"
97.64,97.68,Leeseo,0.9999682903289795,Leeseo|Wonyoung,"[1.000, 0.978]","[0.000, 1.000, 0.000, 0.000, 0.978, 0.002, 0.000]"
97.68,97.72,Leeseo,0.9999665021896362,Leeseo|Wonyoung,"[1.000, 0.981]","[0.000, 1.000, 0.000, 0.000, 0.981, 0.002, 0.000]"
97.72,97.76,Leeseo,0.9999638795852661,Leeseo|Wonyoung,"[1.000, 0.983]","[0.001, 1.000, 0.000, 0.000, 0.983, 0.001, 0.000]"
97.76,97.8,Leeseo,0.9999603033065796,Leeseo|Wonyoung,"[1.000, 0.985]","[0.001, 1.000, 0.000, 0.000, 0.985, 0.001, 0.000]"
97.8,97.84,Leeseo,0.9999551773071289,Leeseo|Wonyoung,"[1.000, 0.986]","[0.002, 1.000, 0.000, 0.000, 0.986, 0.001, 0.000]"
97.84,97.88,Leeseo,0.9999477863311768,Leeseo|Wonyoung,"[1.000, 0.987]","[0.003, 1.000, 0.000, 0.000, 0.987, 0.001, 0.000]"
97.88,97.92,Leeseo,0.9999370574951172,Leeseo|Wonyoung,"[1.000, 0.988]","[0.005, 1.000, 0.000, 0.000, 0.988, 0.002, 0.000]"
97.92,97.96,Leeseo,0.9999212026596069,Leeseo|Wonyoung,"[1.000, 0.988]","[0.007, 1.000, 0.000, 0.000, 0.988, 0.002, 0.000]"
97.96,98.0,Leeseo,0.9998974800109863,Leeseo|Wonyoung,"[1.000, 0.989]","[0.011, 1.000, 0.000, 0.000, 0.989, 0.002, 0.000]"
98.0,98.04,Leeseo,0.999861478805542,Leeseo|Wonyoung,"[1.000, 0.989]","[0.015, 1.000, 0.000, 0.000, 0.989, 0.002, 0.000]"
98.04,98.08,Leeseo,0.999805748462677,Leeseo|Wonyoung,"[1.000, 0.989]","[0.019, 1.000, 0.000, 0.000, 0.989, 0.002, 0.000]"
98.08,98.12,Leeseo,0.9997175335884094,Leeseo|Wonyoung,"[1.000, 0.988]","[0.024, 1.000, 0.000, 0.000, 0.988, 0.003, 0.000]"
98.12,98.16,Leeseo,0.9995749592781067,Leeseo|Wonyoung,"[1.000, 0.987]","[0.029, 1.000, 0.000, 0.000, 0.987, 0.003, 0.000]"
98.16,98.2,Leeseo,0.9993399977684021,Leeseo|Wonyoung,"[0.999, 0.986]","[0.033, 0.999, 0.000, 0.000, 0.986, 0.003, 0.000]"
98.2,98.24,Leeseo,0.998945415019989,Leeseo|Wonyoung,"[0.999, 0.985]","[0.037, 0.999, 0.000, 0.000, 0.985, 0.004, 0.000]"
98.24,98.28,Leeseo,0.9982733726501465,Leeseo|Wonyoung,"[0.998, 0.983]","[0.039, 0.998, 0.000, 0.000, 0.983, 0.005, 0.000]"
98.28,98.32,Leeseo,0.9971151351928711,Leeseo|Wonyoung,"[0.997, 0.980]","[0.040, 0.997, 0.000, 0.000, 0.980, 0.005, 0.000]"
98.32,98.36,Leeseo,0.995102047920227,Leeseo|Wonyoung,"[0.995, 0.977]","[0.040, 0.995, 0.000, 0.000, 0.977, 0.006, 0.000]"
98.36,98.4,Leeseo,0.9915838241577148,Leeseo|Wonyoung,"[0.992, 0.972]","[0.039, 0.992, 0.000, 0.000, 0.972, 0.006, 0.000]"
98.4,98.44,Leeseo,0.9854426383972168,Leeseo|Wonyoung,"[0.985, 0.966]","[0.036, 0.985, 0.000, 0.000, 0.966, 0.007, 0.000]"
98.44,98.48,Leeseo,0.9748150110244751,Leeseo|Wonyoung,"[0.975, 0.958]","[0.033, 0.975, 0.000, 0.000, 0.958, 0.008, 0.000]"
98.48,98.52,Leeseo,0.9567216634750366,Leeseo|Wonyoung,"[0.957, 0.948]","[0.029, 0.957, 0.000, 0.000, 0.948, 0.008, 0.000]"
98.52,98.56,Wonyoung,0.9340664744377136,Leeseo|Wonyoung,"[0.927, 0.934]","[0.025, 0.927, 0.000, 0.000, 0.934, 0.008, 0.000]"
98.56,98.6,Wonyoung,0.9166963696479797,Leeseo|Wonyoung,"[0.880, 0.917]","[0.022, 0.880, 0.000, 0.000, 0.917, 0.009, 0.000]"
98.6,98.64,Wonyoung,0.8944098949432373,Leeseo|Wonyoung,"[0.811, 0.894]","[0.019, 0.811, 0.000, 0.000, 0.894, 0.009, 0.000]"
98.64,98.68,Wonyoung,0.8661113381385803,Leeseo|Wonyoung,"[0.719, 0.866]","[0.016, 0.719, 0.000, 0.000, 0.866, 0.009, 0.000]"
98.68,98.72,Wonyoung,0.8307293057441711,Leeseo|Wonyoung,"[0.609, 0.831]","[0.013, 0.609, 0.000, 0.000, 0.831, 0.009, 0.000]"
98.72,98.76,Wonyoung,0.7873871922492981,Leeseo|Wonyoung,"[0.495, 0.787]","[0.011, 0.495, 0.000, 0.000, 0.787, 0.008, 0.000]"
98.76,98.8,Wonyoung,0.7357186675071716,Wonyoung,[0.736],"[0.009, 0.388, 0.000, 0.000, 0.736, 0.008, 0.000]"
98.8,98.84,Wonyoung,0.6761797070503235,Wonyoung,[0.676],"[0.008, 0.299, 0.000, 0.000, 0.676, 0.008, 0.000]"
98.84,98.88,Wonyoung,0.610191285610199,Wonyoung,[0.610],"[0.006, 0.230, 0.000, 0.000, 0.610, 0.008, 0.000]"
98.88,98.92,Wonyoung,0.5401089787483215,Wonyoung,[0.540],"[0.005, 0.179, 0.000, 0.000, 0.540, 0.007, 0.000]"
98.92,98.96,Wonyoung,0.46891897916793823,Wonyoung,[0.469],"[0.005, 0.142, 0.000, 0.000, 0.469, 0.007, 0.000]"
98.96,99.0,Wonyoung,0.39971059560775757,,[],"[0.004, 0.117, 0.000, 0.000, 0.400, 0.006, 0.000]"
99.0,99.04,Wonyoung,0.33521735668182373,,[],"[0.003, 0.099, 0.000, 0.000, 0.335, 0.006, 0.000]"
99.04,99.08,Wonyoung,0.2774205505847931,,[],"[0.003, 0.087, 0.000, 0.000, 0.277, 0.006, 0.000]"
99.08,99.12,Wonyoung,0.227403461933136,,[],"[0.003, 0.079, 0.000, 0.000, 0.227, 0.005, 0.000]"
99.12,99.16,Wonyoung,0.18531279265880585,,[],"[0.002, 0.074, 0.000, 0.000, 0.185, 0.005, 0.000]"
99.16,99.2,Wonyoung,0.1506449431180954,,[],"[0.002, 0.072, 0.000, 0.001, 0.151, 0.005, 0.000]"
99.2,99.24,Wonyoung,0.1224922463297844,,[],"[0.002, 0.073, 0.000, 0.001, 0.122, 0.005, 0.000]"
99.24,99.28,Wonyoung,0.09982772916555405,,[],"[0.002, 0.075, 0.000, 0.001, 0.100, 0.004, 0.000]"
99.28,99.32,Wonyoung,0.08164789527654648,,[],"[0.002, 0.080, 0.000, 0.001, 0.082, 0.004, 0.000]"
99.32,99.36,Leeseo,0.08684191107749939,,[],"[0.001, 0.087, 0.000, 0.002, 0.067, 0.004, 0.000]"
99.36,99.4,Leeseo,0.09589092433452606,,[],"[0.001, 0.096, 0.000, 0.002, 0.055, 0.004, 0.000]"
99.4,99.44,Leeseo,0.10731497406959534,,[],"[0.001, 0.107, 0.000, 0.002, 0.046, 0.004, 0.000]"
99.44,99.48,Leeseo,0.12123283743858337,,[],"[0.001, 0.121, 0.000, 0.003, 0.039, 0.004, 0.000]"
99.48,99.52,Leeseo,0.13773009181022644,,[],"[0.001, 0.138, 0.000, 0.004, 0.033, 0.004, 0.000]"
99.52,99.56,Leeseo,0.15682551264762878,,[],"[0.001, 0.157, 0.000, 0.004, 0.028, 0.004, 0.000]"
99.56,99.6,Leeseo,0.1784001886844635,,[],"[0.001, 0.178, 0.000, 0.005, 0.024, 0.004, 0.000]"
99.6,99.64,Leeseo,0.20226356387138367,,[],"[0.001, 0.202, 0.000, 0.006, 0.021, 0.004, 0.000]"
99.64,99.68,Leeseo,0.22835922241210938,,[],"[0.001, 0.228, 0.000, 0.006, 0.018, 0.004, 0.000]"
99.68,99.72,Leeseo,0.2565478980541229,,[],"[0.001, 0.257, 0.000, 0.007, 0.016, 0.005, 0.000]"
99.72,99.76,Leeseo,0.2865528464317322,,[],"[0.001, 0.287, 0.000, 0.007, 0.014, 0.005, 0.000]"
99.76,99.8,Leeseo,0.3180191218852997,,[],"[0.001, 0.318, 0.000, 0.008, 0.013, 0.005, 0.000]"
99.8,99.84,Leeseo,0.35047927498817444,,[],"[0.001, 0.350, 0.000, 0.008, 0.012, 0.005, 0.000]"
99.84,99.88,Leeseo,0.3834134042263031,,[],"[0.000, 0.383, 0.000, 0.008, 0.011, 0.005, 0.000]"
99.88,99.92,Leeseo,0.4163201153278351,,[],"[0.000, 0.416, 0.000, 0.007, 0.010, 0.005, 0.000]"
99.92,99.96,Leeseo,0.448703795671463,,[],"[0.000, 0.449, 0.000, 0.007, 0.009, 0.005, 0.000]"
99.96,100.0,Leeseo,0.48023486137390137,,[],"[0.000, 0.480, 0.000, 0.006, 0.009, 0.005, 0.000]"
100.0,100.04,Leeseo,0.510511577129364,,[],"[0.000, 0.511, 0.000, 0.006, 0.008, 0.005, 0.000]"
100.04,100.08,Leeseo,0.5392257571220398,,[],"[0.000, 0.539, 0.000, 0.005, 0.008, 0.005, 0.000]"
100.08,100.12,Leeseo,0.566087007522583,Leeseo,[0.566],"[0.000, 0.566, 0.000, 0.004, 0.008, 0.005, 0.000]"
100.12,100.16,Leeseo,0.5907460451126099,Leeseo,[0.591],"[0.000, 0.591, 0.000, 0.004, 0.008, 0.005, 0.000]"
100.16,100.2,Leeseo,0.6128524541854858,Leeseo,[0.613],"[0.000, 0.613, 0.000, 0.003, 0.007, 0.005, 0.000]"
100.2,100.24,Leeseo,0.6321970820426941,Leeseo,[0.632],"[0.000, 0.632, 0.000, 0.003, 0.007, 0.005, 0.000]"
100.24,100.28,Leeseo,0.6484811305999756,Leeseo,[0.648],"[0.000, 0.648, 0.000, 0.002, 0.007, 0.004, 0.000]"
100.28,100.32,Leeseo,0.6615941524505615,Leeseo,[0.662],"[0.000, 0.662, 0.000, 0.002, 0.007, 0.004, 0.000]"
100.32,100.36,Leeseo,0.6715046763420105,Leeseo,[0.672],"[0.000, 0.672, 0.000, 0.002, 0.007, 0.004, 0.000]"
100.36,100.4,Leeseo,0.6781901717185974,Leeseo,[0.678],"[0.000, 0.678, 0.000, 0.001, 0.007, 0.003, 0.000]"
100.4,100.44,Leeseo,0.6815929412841797,Leeseo,[0.682],"[0.000, 0.682, 0.000, 0.001, 0.007, 0.003, 0.000]"
100.44,100.48,Leeseo,0.6817911863327026,Leeseo,[0.682],"[0.000, 0.682, 0.000, 0.001, 0.008, 0.003, 0.000]"
100.48,100.52,Leeseo,0.6789705753326416,Leeseo,[0.679],"[0.000, 0.679, 0.000, 0.001, 0.008, 0.002, 0.000]"
100.52,100.56,Leeseo,0.6731417775154114,Leeseo,[0.673],"[0.000, 0.673, 0.000, 0.001, 0.009, 0.002, 0.000]"
100.56,100.6,Leeseo,0.6641232371330261,Leeseo,[0.664],"[0.000, 0.664, 0.000, 0.001, 0.009, 0.002, 0.000]"
100.6,100.64,Leeseo,0.6515777707099915,Leeseo,[0.652],"[0.000, 0.652, 0.000, 0.001, 0.010, 0.002, 0.000]"
100.64,100.68,Leeseo,0.635140597820282,Leeseo,[0.635],"[0.000, 0.635, 0.000, 0.000, 0.011, 0.001, 0.000]"
100.68,100.72,Leeseo,0.6144189834594727,Leeseo,[0.614],"[0.000, 0.614, 0.000, 0.000, 0.013, 0.001, 0.000]"
100.72,100.76,Leeseo,0.5890365839004517,Leeseo,[0.589],"[0.000, 0.589, 0.000, 0.000, 0.015, 0.001, 0.000]"
100.76,100.8,Leeseo,0.558492124080658,Leeseo,[0.558],"[0.000, 0.558, 0.000, 0.000, 0.017, 0.001, 0.000]"
100.8,100.84,Leeseo,0.5224438309669495,Leeseo,[0.522],"[0.000, 0.522, 0.000, 0.000, 0.020, 0.001, 0.000]"
100.84,100.88,Leeseo,0.48109859228134155,Leeseo,[0.481],"[0.000, 0.481, 0.000, 0.000, 0.024, 0.001, 0.000]"
100.88,100.92,Leeseo,0.43523114919662476,,[],"[0.000, 0.435, 0.000, 0.000, 0.029, 0.001, 0.000]"
100.92,100.96,Leeseo,0.38610023260116577,,[],"[0.000, 0.386, 0.000, 0.000, 0.036, 0.001, 0.000]"
100.96,101.0,Leeseo,0.3353580832481384,,[],"[0.000, 0.335, 0.000, 0.000, 0.045, 0.001, 0.000]"
101.0,101.04,Leeseo,0.284956693649292,,[],"[0.000, 0.285, 0.000, 0.000, 0.058, 0.001, 0.000]"
101.04,101.08,Leeseo,0.23683670163154602,,[],"[0.000, 0.237, 0.000, 0.000, 0.077, 0.001, 0.000]"
101.08,101.12,Leeseo,0.19275332987308502,,[],"[0.000, 0.193, 0.000, 0.000, 0.103, 0.001, 0.000]"
101.12,101.16,Leeseo,0.15395011007785797,,[],"[0.000, 0.154, 0.000, 0.000, 0.139, 0.001, 0.000]"
101.16,101.2,Wonyoung,0.1901487112045288,,[],"[0.000, 0.121, 0.000, 0.000, 0.190, 0.001, 0.000]"
101.2,101.24,Wonyoung,0.25897228717803955,,[],"[0.000, 0.094, 0.000, 0.000, 0.259, 0.001, 0.000]"
101.24,101.28,Wonyoung,0.34769755601882935,,[],"[0.000, 0.072, 0.000, 0.000, 0.348, 0.001, 0.000]"
101.28,101.32,Wonyoung,0.45405587553977966,,[],"[0.000, 0.055, 0.000, 0.000, 0.454, 0.001, 0.000]"
101.32,101.36,Wonyoung,0.5697652101516724,Wonyoung,[0.570],"[0.000, 0.042, 0.000, 0.000, 0.570, 0.001, 0.000]"
101.36,101.4,Wonyoung,0.6821855902671814,Wonyoung,[0.682],"[0.000, 0.032, 0.000, 0.000, 0.682, 0.001, 0.000]"
101.4,101.44,Wonyoung,0.7793980240821838,Wonyoung,[0.779],"[0.000, 0.024, 0.000, 0.000, 0.779, 0.001, 0.000]"
101.44,101.48,Wonyoung,0.8548656105995178,Wonyoung,[0.855],"[0.000, 0.019, 0.000, 0.000, 0.855, 0.001, 0.000]"
101.48,101.52,Wonyoung,0.908420979976654,Wonyoung,[0.908],"[0.000, 0.015, 0.000, 0.000, 0.908, 0.002, 0.000]"
101.52,101.56,Wonyoung,0.9438959360122681,Wonyoung,[0.944],"[0.000, 0.012, 0.000, 0.000, 0.944, 0.002, 0.000]"
101.56,101.6,Wonyoung,0.9662622809410095,Wonyoung,[0.966],"[0.000, 0.009, 0.000, 0.000, 0.966, 0.003, 0.000]"
101.6,101.64,Wonyoung,0.9799071550369263,Wonyoung,[0.980],"[0.000, 0.007, 0.001, 0.000, 0.980, 0.003, 0.000]"
101.64,101.68,Wonyoung,0.9880632758140564,Wonyoung,[0.988],"[0.000, 0.006, 0.001, 0.000, 0.988, 0.004, 0.000]"
101.68,101.72,Wonyoung,0.9928834438323975,Wonyoung,[0.993],"[0.000, 0.005, 0.001, 0.000, 0.993, 0.005, 0.000]"
101.72,101.76,Wonyoung,0.9957193732261658,Wonyoung,[0.996],"[0.000, 0.004, 0.002, 0.000, 0.996, 0.006, 0.000]"
101.76,101.8,Wonyoung,0.9973896145820618,Wonyoung,[0.997],"[0.000, 0.004, 0.003, 0.000, 0.997, 0.007, 0.000]"
101.8,101.84,Wonyoung,0.9983797073364258,Wonyoung,[0.998],"[0.000, 0.004, 0.004, 0.000, 0.998, 0.008, 0.000]"
101.84,101.88,Wonyoung,0.9989727735519409,Wonyoung,[0.999],"[0.000, 0.003, 0.007, 0.000, 0.999, 0.010, 0.000]"
101.88,101.92,Wonyoung,0.999332845211029,Wonyoung,[0.999],"[0.000, 0.003, 0.011, 0.000, 0.999, 0.012, 0.000]"
101.92,101.96,Wonyoung,0.9995548129081726,Wonyoung,[1.000],"[0.000, 0.003, 0.017, 0.000, 1.000, 0.014, 0.000]"
101.96,102.0,Wonyoung,0.9996939897537231,Wonyoung,[1.000],"[0.000, 0.003, 0.026, 0.000, 1.000, 0.017, 0.000]"
102.0,102.04,Wonyoung,0.9997826218605042,Wonyoung,[1.000],"[0.000, 0.003, 0.039, 0.000, 1.000, 0.020, 0.000]"
102.04,102.08,Wonyoung,0.9998400211334229,Wonyoung,[1.000],"[0.000, 0.004, 0.058, 0.000, 1.000, 0.024, 0.000]"
102.08,102.12,Wonyoung,0.9998778104782104,Wonyoung,[1.000],"[0.000, 0.004, 0.085, 0.000, 1.000, 0.029, 0.000]"
102.12,102.16,Wonyoung,0.9999028444290161,Wonyoung,[1.000],"[0.000, 0.005, 0.119, 0.000, 1.000, 0.035, 0.000]"
102.16,102.2,Wonyoung,0.9999196529388428,Wonyoung,[1.000],"[0.000, 0.005, 0.163, 0.000, 1.000, 0.042, 0.000]"
102.2,102.24,Wonyoung,0.999930739402771,Wonyoung,[1.000],"[0.000, 0.006, 0.213, 0.000, 1.000, 0.051, 0.000]"
102.24,102.28,Wonyoung,0.9999376535415649,Wonyoung,[1.000],"[0.000, 0.007, 0.269, 0.000, 1.000, 0.062, 0.000]"
102.28,102.32,Wonyoung,0.9999415874481201,Wonyoung,[1.000],"[0.000, 0.009, 0.326, 0.000, 1.000, 0.075, 0.000]"
102.32,102.36,Wonyoung,0.9999430179595947,Wonyoung,[1.000],"[0.000, 0.011, 0.381, 0.000, 1.000, 0.091, 0.000]"
102.36,102.4,Wonyoung,0.9999423027038574,Wonyoung,[1.000],"[0.000, 0.014, 0.431, 0.000, 1.000, 0.112, 0.000]"
102.4,102.44,Wonyoung,0.9999393224716187,Wonyoung,[1.000],"[0.000, 0.018, 0.475, 0.000, 1.000, 0.136, 0.000]"
102.44,102.48,Wonyoung,0.9999339580535889,Wonyoung,[1.000],"[0.000, 0.022, 0.511, 0.000, 1.000, 0.166, 0.000]"
102.48,102.52,Wonyoung,0.9999258518218994,Wonyoung,[1.000],"[0.000, 0.028, 0.539, 0.000, 1.000, 0.201, 0.000]"
102.52,102.56,Wonyoung,0.9999141693115234,Liz|Wonyoung,"[0.560, 1.000]","[0.000, 0.036, 0.560, 0.000, 1.000, 0.243, 0.000]"
102.56,102.6,Wonyoung,0.9998980760574341,Liz|Wonyoung,"[0.575, 1.000]","[0.001, 0.046, 0.575, 0.000, 1.000, 0.291, 0.000]"
102.6,102.64,Wonyoung,0.9998760223388672,Liz|Wonyoung,"[0.583, 1.000]","[0.001, 0.058, 0.583, 0.000, 1.000, 0.343, 0.000]"
102.64,102.68,Wonyoung,0.9998459815979004,Liz|Wonyoung,"[0.586, 1.000]","[0.001, 0.072, 0.586, 0.000, 1.000, 0.398, 0.000]"
102.68,102.72,Wonyoung,0.9998056292533875,Liz|Wonyoung,"[0.584, 1.000]","[0.001, 0.089, 0.584, 0.000, 1.000, 0.456, 0.000]"
102.72,102.76,Wonyoung,0.9997509121894836,Liz|Wonyoung,"[0.579, 1.000]","[0.001, 0.109, 0.579, 0.000, 1.000, 0.512, 0.000]"
102.76,102.8,Wonyoung,0.9996770620346069,Liz|Wonyoung,"[0.572, 1.000]","[0.001, 0.131, 0.572, 0.000, 1.000, 0.567, 0.000]"
102.8,102.84,Wonyoung,0.9995762705802917,Wonyoung|Yujin,"[1.000, 0.618]","[0.002, 0.155, 0.564, 0.000, 1.000, 0.618, 0.000]"
102.84,102.88,Wonyoung,0.9994377493858337,Wonyoung|Yujin,"[0.999, 0.664]","[0.002, 0.180, 0.555, 0.000, 0.999, 0.664, 0.000]"
102.88,102.92,Wonyoung,0.9992450475692749,Wonyoung|Yujin,"[0.999, 0.705]","[0.002, 0.204, 0.547, 0.000, 0.999, 0.705, 0.000]"
102.92,102.96,Wonyoung,0.9989742040634155,Wonyoung|Yujin,"[0.999, 0.742]","[0.002, 0.227, 0.539, 0.000, 0.999, 0.742, 0.000]"
102.96,103.0,Wonyoung,0.9985901713371277,Wonyoung|Yujin,"[0.999, 0.775]","[0.002, 0.247, 0.532, 0.000, 0.999, 0.775, 0.000]"
103.0,103.04,Wonyoung,0.9980407357215881,Wonyoung|Yujin,"[0.998, 0.803]","[0.002, 0.262, 0.526, 0.000, 0.998, 0.803, 0.000]"
103.04,103.08,Wonyoung,0.9972478747367859,Wonyoung|Yujin,"[0.997, 0.828]","[0.002, 0.271, 0.521, 0.000, 0.997, 0.828, 0.000]"
103.08,103.12,Wonyoung,0.9960961937904358,Wonyoung|Yujin,"[0.996, 0.848]","[0.002, 0.273, 0.517, 0.000, 0.996, 0.848, 0.000]"
103.12,103.16,Wonyoung,0.994413435459137,Wonyoung|Yujin,"[0.994, 0.866]","[0.002, 0.269, 0.514, 0.000, 0.994, 0.866, 0.000]"
103.16,103.2,Wonyoung,0.9919400811195374,Wonyoung|Yujin,"[0.992, 0.880]","[0.002, 0.257, 0.513, 0.000, 0.992, 0.880, 0.000]"
103.2,103.24,Wonyoung,0.9882916808128357,Wonyoung|Yujin,"[0.988, 0.892]","[0.002, 0.238, 0.513, 0.000, 0.988, 0.892, 0.000]"
103.24,103.28,Wonyoung,0.9829148054122925,Wonyoung|Yujin,"[0.983, 0.902]","[0.002, 0.214, 0.514, 0.000, 0.983, 0.902, 0.000]"
103.28,103.32,Wonyoung,0.975018322467804,Wonyoung|Yujin,"[0.975, 0.910]","[0.002, 0.186, 0.517, 0.000, 0.975, 0.910, 0.000]"
103.32,103.36,Wonyoung,0.9635230302810669,Wonyoung|Yujin,"[0.964, 0.917]","[0.001, 0.156, 0.520, 0.000, 0.964, 0.917, 0.000]"
103.36,103.4,Wonyoung,0.947010338306427,Wonyoung|Yujin,"[0.947, 0.922]","[0.001, 0.126, 0.524, 0.000, 0.947, 0.922, 0.000]"
103.4,103.44,Yujin,0.9261841177940369,Wonyoung|Yujin,"[0.924, 0.926]","[0.001, 0.099, 0.528, 0.000, 0.924, 0.926, 0.000]"
103.44,103.48,Yujin,0.9291732907295227,Wonyoung|Yujin,"[0.892, 0.929]","[0.001, 0.075, 0.532, 0.000, 0.892, 0.929, 0.000]"
103.48,103.52,Yujin,0.9313152432441711,Wonyoung|Yujin,"[0.850, 0.931]","[0.001, 0.055, 0.536, 0.000, 0.850, 0.931, 0.000]"
103.52,103.56,Yujin,0.9326719045639038,Wonyoung|Yujin,"[0.797, 0.933]","[0.001, 0.040, 0.541, 0.000, 0.797, 0.933, 0.000]"
103.56,103.6,Yujin,0.9332852959632874,Wonyoung|Yujin,"[0.735, 0.933]","[0.000, 0.028, 0.546, 0.000, 0.735, 0.933, 0.000]"
103.6,103.64,Yujin,0.9331506490707397,Wonyoung|Yujin,"[0.664, 0.933]","[0.000, 0.020, 0.551, 0.000, 0.664, 0.933, 0.000]"
103.64,103.68,Yujin,0.9322330951690674,Wonyoung|Yujin,"[0.591, 0.932]","[0.000, 0.014, 0.556, 0.000, 0.591, 0.932, 0.000]"
103.68,103.72,Yujin,0.9305016994476318,Liz|Yujin,"[0.561, 0.931]","[0.000, 0.010, 0.561, 0.000, 0.518, 0.931, 0.000]"
103.72,103.76,Yujin,0.9278250336647034,Liz|Yujin,"[0.566, 0.928]","[0.000, 0.008, 0.566, 0.000, 0.449, 0.928, 0.000]"
103.76,103.8,Yujin,0.924055814743042,Liz|Yujin,"[0.571, 0.924]","[0.000, 0.006, 0.571, 0.000, 0.388, 0.924, 0.000]"
103.8,103.84,Yujin,0.9190228581428528,Liz|Yujin,"[0.575, 0.919]","[0.000, 0.004, 0.575, 0.000, 0.336, 0.919, 0.000]"
103.84,103.88,Yujin,0.9124879837036133,Liz|Yujin,"[0.579, 0.912]","[0.000, 0.003, 0.579, 0.000, 0.292, 0.912, 0.000]"
103.88,103.92,Yujin,0.9040775299072266,Liz|Yujin,"[0.581, 0.904]","[0.000, 0.003, 0.581, 0.000, 0.257, 0.904, 0.000]"
103.92,103.96,Yujin,0.8932255506515503,Liz|Yujin,"[0.582, 0.893]","[0.000, 0.002, 0.582, 0.000, 0.229, 0.893, 0.000]"
103.96,104.0,Yujin,0.8792190551757812,Liz|Yujin,"[0.581, 0.879]","[0.000, 0.002, 0.581, 0.000, 0.207, 0.879, 0.000]"
104.0,104.04,Yujin,0.8610929250717163,Liz|Yujin,"[0.578, 0.861]","[0.000, 0.002, 0.578, 0.000, 0.192, 0.861, 0.000]"
104.04,104.08,Yujin,0.8376871943473816,Liz|Yujin,"[0.571, 0.838]","[0.000, 0.002, 0.571, 0.000, 0.182, 0.838, 0.000]"
104.08,104.12,Yujin,0.8075682520866394,Liz|Yujin,"[0.562, 0.808]","[0.000, 0.001, 0.562, 0.000, 0.176, 0.808, 0.000]"
104.12,104.16,Yujin,0.7691717147827148,Liz|Yujin,"[0.550, 0.769]","[0.000, 0.001, 0.550, 0.000, 0.175, 0.769, 0.000]"
104.16,104.2,Yujin,0.7209432125091553,Liz|Yujin,"[0.535, 0.721]","[0.000, 0.001, 0.535, 0.000, 0.178, 0.721, 0.000]"
104.2,104.24,Yujin,0.6616281270980835,Liz|Yujin,"[0.517, 0.662]","[0.000, 0.001, 0.517, 0.000, 0.185, 0.662, 0.000]"
104.24,104.28,Yujin,0.5909678936004639,Liz|Yujin,"[0.495, 0.591]","[0.000, 0.002, 0.495, 0.000, 0.196, 0.591, 0.000]"
104.28,104.32,Yujin,0.5103763341903687,Liz|Yujin,"[0.470, 0.510]","[0.000, 0.002, 0.470, 0.000, 0.212, 0.510, 0.000]"
104.32,104.36,Liz,0.4418565630912781,,[],"[0.000, 0.002, 0.442, 0.000, 0.233, 0.424, 0.000]"
104.36,104.4,Liz,0.41076329350471497,,[],"[0.000, 0.002, 0.411, 0.000, 0.260, 0.337, 0.000]"
104.4,104.44,Liz,0.3773628771305084,,[],"[0.000, 0.003, 0.377, 0.000, 0.293, 0.257, 0.000]"
104.44,104.48,Liz,0.34242647886276245,,[],"[0.000, 0.003, 0.342, 0.000, 0.331, 0.189, 0.000]"
104.48,104.52,Wonyoung,0.37587812542915344,,[],"[0.000, 0.004, 0.307, 0.000, 0.376, 0.134, 0.000]"
104.52,104.56,Wonyoung,0.42543843388557434,,[],"[0.000, 0.005, 0.272, 0.000, 0.425, 0.094, 0.000]"
104.56,104.6,Wonyoung,0.4792362451553345,,[],"[0.000, 0.006, 0.239, 0.000, 0.479, 0.065, 0.000]"
104.6,104.64,Wonyoung,0.5357971787452698,,[],"[0.000, 0.008, 0.207, 0.000, 0.536, 0.045, 0.000]"
104.64,104.68,Wonyoung,0.5932039618492126,Wonyoung,[0.593],"[0.000, 0.009, 0.179, 0.000, 0.593, 0.031, 0.000]"
104.68,104.72,Wonyoung,0.649355947971344,Wonyoung,[0.649],"[0.000, 0.011, 0.153, 0.000, 0.649, 0.022, 0.000]"
104.72,104.76,Wonyoung,0.7022247910499573,Wonyoung,[0.702],"[0.000, 0.012, 0.131, 0.000, 0.702, 0.016, 0.000]"
104.76,104.8,Wonyoung,0.7503010034561157,Wonyoung,[0.750],"[0.000, 0.014, 0.112, 0.000, 0.750, 0.012, 0.000]"
104.8,104.84,Wonyoung,0.7928227186203003,Wonyoung,[0.793],"[0.000, 0.016, 0.096, 0.000, 0.793, 0.009, 0.000]"
104.84,104.88,Wonyoung,0.8295978307723999,Wonyoung,[0.830],"[0.001, 0.018, 0.083, 0.000, 0.830, 0.007, 0.000]"
104.88,104.92,Wonyoung,0.8607098460197449,Wonyoung,[0.861],"[0.001, 0.019, 0.072, 0.000, 0.861, 0.006, 0.000]"
104.92,104.96,Wonyoung,0.8865277767181396,Wonyoung,[0.887],"[0.002, 0.020, 0.063, 0.000, 0.887, 0.005, 0.000]"
104.96,105.0,Wonyoung,0.9075946807861328,Wonyoung,[0.908],"[0.002, 0.021, 0.056, 0.000, 0.908, 0.004, 0.000]"
105.0,105.04,Wonyoung,0.9245654344558716,Wonyoung,[0.925],"[0.003, 0.022, 0.050, 0.000, 0.925, 0.004, 0.000]"
105.04,105.08,Wonyoung,0.9381030797958374,Wonyoung,[0.938],"[0.005, 0.022, 0.046, 0.000, 0.938, 0.004, 0.000]"
105.08,105.12,Wonyoung,0.9488313794136047,Wonyoung,[0.949],"[0.007, 0.022, 0.043, 0.000, 0.949, 0.003, 0.000]"
105.12,105.16,Wonyoung,0.9573017358779907,Wonyoung,[0.957],"[0.010, 0.022, 0.041, 0.000, 0.957, 0.003, 0.000]"
105.16,105.2,Wonyoung,0.963973343372345,Wonyoung,[0.964],"[0.013, 0.022, 0.040, 0.000, 0.964, 0.003, 0.000]"
105.2,105.24,Wonyoung,0.9692201614379883,Wonyoung,[0.969],"[0.017, 0.022, 0.040, 0.000, 0.969, 0.004, 0.000]"
105.24,105.28,Wonyoung,0.9733412265777588,Wonyoung,[0.973],"[0.022, 0.023, 0.041, 0.000, 0.973, 0.004, 0.000]"
105.28,105.32,Wonyoung,0.9765774607658386,Wonyoung,[0.977],"[0.027, 0.023, 0.043, 0.000, 0.977, 0.004, 0.000]"
105.32,105.36,Wonyoung,0.9791086316108704,Wonyoung,[0.979],"[0.032, 0.023, 0.046, 0.000, 0.979, 0.005, 0.000]"
105.36,105.4,Wonyoung,0.9810769557952881,Wonyoung,[0.981],"[0.037, 0.024, 0.050, 0.000, 0.981, 0.005, 0.000]"
105.4,105.44,Wonyoung,0.9825859069824219,Wonyoung,[0.983],"[0.041, 0.025, 0.055, 0.000, 0.983, 0.006, 0.000]"
105.44,105.48,Wonyoung,0.9837047457695007,Wonyoung,[0.984],"[0.045, 0.026, 0.061, 0.000, 0.984, 0.007, 0.000]"
105.48,105.52,Wonyoung,0.9844802021980286,Wonyoung,[0.984],"[0.048, 0.028, 0.069, 0.000, 0.984, 0.008, 0.000]"
105.52,105.56,Wonyoung,0.9849501848220825,Wonyoung,[0.985],"[0.050, 0.030, 0.079, 0.000, 0.985, 0.009, 0.000]"
105.56,105.6,Wonyoung,0.9851367473602295,Wonyoung,[0.985],"[0.050, 0.032, 0.091, 0.000, 0.985, 0.011, 0.000]"
105.6,105.64,Wonyoung,0.9850548505783081,Wonyoung,[0.985],"[0.050, 0.034, 0.104, 0.000, 0.985, 0.012, 0.000]"
105.64,105.68,Wonyoung,0.984713077545166,Wonyoung,[0.985],"[0.048, 0.036, 0.119, 0.000, 0.985, 0.014, 0.000]"
105.68,105.72,Wonyoung,0.984122633934021,Wonyoung,[0.984],"[0.045, 0.039, 0.137, 0.000, 0.984, 0.016, 0.000]"
105.72,105.76,Wonyoung,0.9832932949066162,Wonyoung,[0.983],"[0.042, 0.041, 0.156, 0.000, 0.983, 0.018, 0.000]"
105.76,105.8,Wonyoung,0.9822435975074768,Wonyoung,[0.982],"[0.038, 0.044, 0.178, 0.000, 0.982, 0.020, 0.000]"
105.8,105.84,Wonyoung,0.9809961318969727,Wonyoung,[0.981],"[0.034, 0.046, 0.201, 0.000, 0.981, 0.021, 0.000]"
105.84,105.88,Wonyoung,0.9795857071876526,Wonyoung,[0.980],"[0.029, 0.049, 0.226, 0.000, 0.980, 0.023, 0.000]"
105.88,105.92,Wonyoung,0.9780442118644714,Wonyoung,[0.978],"[0.025, 0.051, 0.253, 0.000, 0.978, 0.024, 0.000]"
105.92,105.96,Wonyoung,0.9764065146446228,Wonyoung,[0.976],"[0.020, 0.054, 0.280, 0.000, 0.976, 0.025, 0.000]"
105.96,106.0,Wonyoung,0.9747132062911987,Wonyoung,[0.975],"[0.017, 0.056, 0.309, 0.000, 0.975, 0.025, 0.000]"
106.0,106.04,Wonyoung,0.9730125665664673,Wonyoung,[0.973],"[0.013, 0.059, 0.339, 0.000, 0.973, 0.025, 0.000]"
106.04,106.08,Wonyoung,0.971362829208374,Wonyoung,[0.971],"[0.010, 0.061, 0.369, 0.000, 0.971, 0.025, 0.000]"
106.08,106.12,Wonyoung,0.9698166847229004,Wonyoung,[0.970],"[0.008, 0.063, 0.399, 0.000, 0.970, 0.024, 0.000]"
106.12,106.16,Wonyoung,0.968431293964386,Wonyoung,[0.968],"[0.006, 0.065, 0.431, 0.000, 0.968, 0.023, 0.000]"
106.16,106.2,Wonyoung,0.9672496318817139,Wonyoung,[0.967],"[0.005, 0.067, 0.462, 0.000, 0.967, 0.022, 0.000]"
106.2,106.24,Wonyoung,0.9663028120994568,Wonyoung,[0.966],"[0.003, 0.069, 0.494, 0.000, 0.966, 0.021, 0.000]"
106.24,106.28,Wonyoung,0.9655991792678833,Wonyoung,[0.966],"[0.003, 0.070, 0.525, 0.000, 0.966, 0.020, 0.000]"
106.28,106.32,Wonyoung,0.9651385545730591,Liz|Wonyoung,"[0.556, 0.965]","[0.002, 0.071, 0.556, 0.000, 0.965, 0.019, 0.000]"
106.32,106.36,Wonyoung,0.9649165272712708,Liz|Wonyoung,"[0.586, 0.965]","[0.001, 0.071, 0.586, 0.000, 0.965, 0.018, 0.000]"
106.36,106.4,Wonyoung,0.96490877866745,Liz|Wonyoung,"[0.615, 0.965]","[0.001, 0.071, 0.615, 0.000, 0.965, 0.017, 0.000]"
106.4,106.44,Wonyoung,0.965107798576355,Liz|Wonyoung,"[0.643, 0.965]","[0.001, 0.071, 0.643, 0.000, 0.965, 0.016, 0.000]"
106.44,106.48,Wonyoung,0.9654891490936279,Liz|Wonyoung,"[0.669, 0.965]","[0.001, 0.071, 0.669, 0.000, 0.965, 0.015, 0.000]"
106.48,106.52,Wonyoung,0.9659955501556396,Liz|Wonyoung,"[0.694, 0.966]","[0.000, 0.070, 0.694, 0.000, 0.966, 0.015, 0.000]"
106.52,106.56,Wonyoung,0.9665400385856628,Liz|Wonyoung,"[0.716, 0.967]","[0.000, 0.069, 0.716, 0.000, 0.967, 0.014, 0.000]"
106.56,106.6,Wonyoung,0.9670247435569763,Liz|Wonyoung,"[0.735, 0.967]","[0.000, 0.069, 0.735, 0.000, 0.967, 0.014, 0.000]"
106.6,106.64,Wonyoung,0.9673531651496887,Liz|Wonyoung,"[0.751, 0.967]","[0.000, 0.068, 0.751, 0.000, 0.967, 0.014, 0.000]"
106.64,106.68,Wonyoung,0.9674456715583801,Liz|Wonyoung,"[0.764, 0.967]","[0.000, 0.068, 0.764, 0.000, 0.967, 0.014, 0.000]"
106.68,106.72,Wonyoung,0.9672297835350037,Liz|Wonyoung,"[0.774, 0.967]","[0.000, 0.069, 0.774, 0.000, 0.967, 0.014, 0.000]"
106.72,106.76,Wonyoung,0.9666453003883362,Liz|Wonyoung,"[0.781, 0.967]","[0.000, 0.069, 0.781, 0.000, 0.967, 0.014, 0.000]"
106.76,106.8,Wonyoung,0.9656242728233337,Liz|Wonyoung,"[0.784, 0.966]","[0.000, 0.070, 0.784, 0.000, 0.966, 0.015, 0.000]"
106.8,106.84,Wonyoung,0.964076817035675,Liz|Wonyoung,"[0.782, 0.964]","[0.000, 0.070, 0.782, 0.000, 0.964, 0.015, 0.000]"
106.84,106.88,Wonyoung,0.9618940949440002,Liz|Wonyoung,"[0.777, 0.962]","[0.000, 0.071, 0.777, 0.000, 0.962, 0.016, 0.000]"
106.88,106.92,Wonyoung,0.9589426517486572,Liz|Wonyoung,"[0.766, 0.959]","[0.000, 0.072, 0.766, 0.000, 0.959, 0.017, 0.000]"
106.92,106.96,Wonyoung,0.9550360441207886,Liz|Wonyoung,"[0.749, 0.955]","[0.000, 0.073, 0.749, 0.000, 0.955, 0.018, 0.000]"
106.96,107.0,Wonyoung,0.9499266147613525,Liz|Wonyoung,"[0.726, 0.950]","[0.000, 0.073, 0.726, 0.000, 0.950, 0.019, 0.000]"
107.0,107.04,Wonyoung,0.9432839155197144,Liz|Wonyoung,"[0.696, 0.943]","[0.000, 0.073, 0.696, 0.000, 0.943, 0.021, 0.000]"
107.04,107.08,Wonyoung,0.9346885085105896,Liz|Wonyoung,"[0.657, 0.935]","[0.000, 0.073, 0.657, 0.000, 0.935, 0.022, 0.000]"
107.08,107.12,Wonyoung,0.9236104488372803,Liz|Wonyoung,"[0.610, 0.924]","[0.000, 0.071, 0.610, 0.000, 0.924, 0.023, 0.000]"
107.12,107.16,Wonyoung,0.9093656539916992,Liz|Wonyoung,"[0.553, 0.909]","[0.000, 0.068, 0.553, 0.000, 0.909, 0.025, 0.000]"
107.16,107.2,Wonyoung,0.8911495208740234,Liz|Wonyoung,"[0.489, 0.891]","[0.000, 0.065, 0.489, 0.000, 0.891, 0.027, 0.000]"
107.2,107.24,Wonyoung,0.8680313229560852,Wonyoung,[0.868],"[0.000, 0.060, 0.420, 0.000, 0.868, 0.028, 0.000]"
107.24,107.28,Wonyoung,0.8390094637870789,Wonyoung,[0.839],"[0.000, 0.055, 0.349, 0.000, 0.839, 0.030, 0.000]"
107.28,107.32,Wonyoung,0.8032093048095703,Wonyoung,[0.803],"[0.000, 0.049, 0.280, 0.000, 0.803, 0.032, 0.000]"
107.32,107.36,Wonyoung,0.7600731253623962,Wonyoung,[0.760],"[0.000, 0.043, 0.218, 0.000, 0.760, 0.033, 0.000]"
107.36,107.4,Wonyoung,0.709555447101593,Wonyoung,[0.710],"[0.000, 0.037, 0.164, 0.000, 0.710, 0.035, 0.000]"
107.4,107.44,Wonyoung,0.6523255109786987,Wonyoung,[0.652],"[0.000, 0.031, 0.121, 0.000, 0.652, 0.036, 0.000]"
107.44,107.48,Wonyoung,0.5899665951728821,Wonyoung,[0.590],"[0.000, 0.026, 0.088, 0.000, 0.590, 0.037, 0.000]"
107.48,107.52,Wonyoung,0.524819552898407,Wonyoung,[0.525],"[0.000, 0.021, 0.063, 0.000, 0.525, 0.037, 0.000]"
107.52,107.56,Wonyoung,0.4597301483154297,Wonyoung,[0.460],"[0.000, 0.017, 0.045, 0.000, 0.460, 0.037, 0.000]"
107.56,107.6,Wonyoung,0.39769086241722107,,[],"[0.000, 0.014, 0.033, 0.000, 0.398, 0.037, 0.000]"
107.6,107.64,Wonyoung,0.3411112427711487,,[],"[0.000, 0.011, 0.024, 0.000, 0.341, 0.036, 0.000]"
107.64,107.68,Wonyoung,0.2914963960647583,,[],"[0.000, 0.009, 0.017, 0.000, 0.291, 0.034, 0.000]"
107.68,107.72,Wonyoung,0.24939806759357452,,[],"[0.000, 0.008, 0.013, 0.000, 0.249, 0.032, 0.000]"
107.72,107.76,Wonyoung,0.21465259790420532,,[],"[0.000, 0.006, 0.010, 0.000, 0.215, 0.030, 0.000]"
107.76,107.8,Wonyoung,0.18654070794582367,,[],"[0.000, 0.005, 0.008, 0.000, 0.187, 0.028, 0.000]"
107.8,107.84,Wonyoung,0.1641615331172943,,[],"[0.000, 0.004, 0.006, 0.000, 0.164, 0.026, 0.000]"
107.84,107.88,Wonyoung,0.1466180980205536,,[],"[0.000, 0.004, 0.005, 0.000, 0.147, 0.023, 0.000]"
107.88,107.92,Wonyoung,0.13312318921089172,,[],"[0.000, 0.003, 0.004, 0.000, 0.133, 0.021, 0.000]"
107.92,107.96,Wonyoung,0.12298525869846344,,[],"[0.000, 0.003, 0.003, 0.000, 0.123, 0.018, 0.000]"
107.96,108.0,Wonyoung,0.11562736332416534,,[],"[0.000, 0.002, 0.003, 0.000, 0.116, 0.016, 0.000]"
108.0,108.04,Wonyoung,0.11060426384210587,,[],"[0.000, 0.002, 0.002, 0.000, 0.111, 0.014, 0.000]"
108.04,108.08,Wonyoung,0.10756590217351913,,[],"[0.000, 0.002, 0.002, 0.000, 0.108, 0.012, 0.000]"
108.08,108.12,Wonyoung,0.10623642057180405,,[],"[0.000, 0.002, 0.002, 0.000, 0.106, 0.011, 0.000]"
108.12,108.16,Wonyoung,0.10638346523046494,,[],"[0.000, 0.002, 0.001, 0.000, 0.106, 0.009, 0.000]"
108.16,108.2,Wonyoung,0.10784931480884552,,[],"[0.000, 0.002, 0.001, 0.000, 0.108, 0.008, 0.000]"
108.2,108.24,Wonyoung,0.11047808080911636,,[],"[0.001, 0.002, 0.001, 0.000, 0.110, 0.007, 0.000]"
108.24,108.28,Wonyoung,0.11411980539560318,,[],"[0.001, 0.002, 0.001, 0.000, 0.114, 0.006, 0.000]"
108.28,108.32,Wonyoung,0.11861058324575424,,[],"[0.001, 0.002, 0.001, 0.000, 0.119, 0.005, 0.000]"
108.32,108.36,Wonyoung,0.12375320494174957,,[],"[0.001, 0.002, 0.001, 0.000, 0.124, 0.005, 0.001]"
108.36,108.4,Wonyoung,0.1292823851108551,,[],"[0.001, 0.002, 0.000, 0.000, 0.129, 0.004, 0.001]"
108.4,108.44,Wonyoung,0.13484437763690948,,[],"[0.001, 0.003, 0.000, 0.000, 0.135, 0.004, 0.001]"
108.44,108.48,Wonyoung,0.14014187455177307,,[],"[0.001, 0.003, 0.000, 0.000, 0.140, 0.003, 0.001]"
108.48,108.52,Wonyoung,0.14493007957935333,,[],"[0.000, 0.004, 0.000, 0.000, 0.145, 0.003, 0.001]"
108.52,108.56,Wonyoung,0.14900195598602295,,[],"[0.000, 0.004, 0.000, 0.000, 0.149, 0.003, 0.001]"
108.56,108.6,Wonyoung,0.1521817445755005,,[],"[0.000, 0.005, 0.000, 0.000, 0.152, 0.002, 0.001]"
108.6,108.64,Wonyoung,0.154306560754776,,[],"[0.000, 0.006, 0.000, 0.000, 0.154, 0.002, 0.002]"
108.64,108.68,Wonyoung,0.15520814061164856,,[],"[0.000, 0.008, 0.000, 0.000, 0.155, 0.002, 0.002]"
108.68,108.72,Wonyoung,0.15472687780857086,,[],"[0.000, 0.009, 0.000, 0.001, 0.155, 0.002, 0.002]"
108.72,108.76,Wonyoung,0.15273849666118622,,[],"[0.000, 0.011, 0.000, 0.001, 0.153, 0.002, 0.003]"
108.76,108.8,Wonyoung,0.14917932450771332,,[],"[0.000, 0.013, 0.000, 0.001, 0.149, 0.002, 0.003]"
108.8,108.84,Wonyoung,0.14407774806022644,,[],"[0.000, 0.015, 0.000, 0.001, 0.144, 0.001, 0.004]"
108.84,108.88,Wonyoung,0.13755840063095093,,[],"[0.000, 0.017, 0.000, 0.002, 0.138, 0.001, 0.004]"
108.88,108.92,Wonyoung,0.1298944354057312,,[],"[0.000, 0.019, 0.000, 0.002, 0.130, 0.001, 0.005]"
108.92,108.96,Wonyoung,0.12146317213773727,,[],"[0.000, 0.021, 0.000, 0.003, 0.121, 0.001, 0.006]"
108.96,109.0,Wonyoung,0.11267795413732529,,[],"[0.000, 0.022, 0.000, 0.003, 0.113, 0.001, 0.007]"
109.0,109.04,Wonyoung,0.10393186658620834,,[],"[0.000, 0.023, 0.000, 0.004, 0.104, 0.001, 0.007]"
109.04,109.08,Wonyoung,0.09552451968193054,,[],"[0.000, 0.024, 0.000, 0.004, 0.096, 0.001, 0.008]"
109.08,109.12,Wonyoung,0.08764832466840744,,[],"[0.000, 0.025, 0.000, 0.005, 0.088, 0.001, 0.008]"
109.12,109.16,Wonyoung,0.08043744415044785,,[],"[0.000, 0.025, 0.000, 0.005, 0.080, 0.001, 0.008]"
109.16,109.2,Wonyoung,0.07398565113544464,,[],"[0.000, 0.024, 0.000, 0.006, 0.074, 0.001, 0.007]"
109.2,109.24,Wonyoung,0.06834316998720169,,[],"[0.000, 0.023, 0.000, 0.006, 0.068, 0.000, 0.006]"
109.24,109.28,Wonyoung,0.06348246335983276,,[],"[0.000, 0.022, 0.000, 0.006, 0.063, 0.000, 0.004]"
109.28,109.32,Wonyoung,0.059342578053474426,,[],"[0.000, 0.021, 0.000, 0.005, 0.059, 0.000, 0.003]"
109.32,109.36,Wonyoung,0.05586763098835945,,[],"[0.000, 0.019, 0.000, 0.005, 0.056, 0.000, 0.002]"
109.36,109.4,Wonyoung,0.05299932882189751,,[],"[0.001, 0.018, 0.000, 0.004, 0.053, 0.000, 0.001]"
109.4,109.44,Wonyoung,0.05067446082830429,,[],"[0.001, 0.016, 0.000, 0.004, 0.051, 0.000, 0.001]"
109.44,109.48,Wonyoung,0.04883033037185669,,[],"[0.001, 0.015, 0.000, 0.003, 0.049, 0.000, 0.000]"
109.48,109.52,Wonyoung,0.04739365354180336,,[],"[0.002, 0.013, 0.000, 0.002, 0.047, 0.000, 0.000]"
109.52,109.56,Wonyoung,0.04626023769378662,,[],"[0.004, 0.012, 0.000, 0.002, 0.046, 0.000, 0.000]"
109.56,109.6,Wonyoung,0.04530929774045944,,[],"[0.007, 0.011, 0.000, 0.002, 0.045, 0.000, 0.000]"
109.6,109.64,Wonyoung,0.04443443939089775,,[],"[0.012, 0.010, 0.000, 0.001, 0.044, 0.000, 0.000]"
109.64,109.68,Wonyoung,0.043559178709983826,,[],"[0.021, 0.009, 0.000, 0.001, 0.044, 0.000, 0.000]"
109.68,109.72,Wonyoung,0.04262056201696396,,[],"[0.036, 0.008, 0.000, 0.001, 0.043, 0.000, 0.000]"
109.72,109.76,Gaeul,0.06281829625368118,,[],"[0.063, 0.007, 0.000, 0.001, 0.042, 0.000, 0.000]"
109.76,109.8,Gaeul,0.10588958114385605,,[],"[0.106, 0.007, 0.000, 0.001, 0.040, 0.000, 0.000]"
109.8,109.84,Gaeul,0.17124725878238678,,[],"[0.171, 0.006, 0.000, 0.000, 0.039, 0.000, 0.000]"
109.84,109.88,Gaeul,0.26155322790145874,,[],"[0.262, 0.006, 0.000, 0.000, 0.037, 0.000, 0.000]"
109.88,109.92,Gaeul,0.3725116550922394,,[],"[0.373, 0.005, 0.000, 0.000, 0.036, 0.000, 0.000]"
109.92,109.96,Gaeul,0.49211591482162476,,[],"[0.492, 0.005, 0.000, 0.000, 0.034, 0.000, 0.000]"
109.96,110.0,Gaeul,0.6056644916534424,Gaeul,[0.606],"[0.606, 0.005, 0.000, 0.000, 0.032, 0.000, 0.000]"
110.0,110.04,Gaeul,0.7022331953048706,Gaeul,[0.702],"[0.702, 0.004, 0.000, 0.000, 0.029, 0.000, 0.000]"
110.04,110.08,Gaeul,0.7777230739593506,Gaeul,[0.778],"[0.778, 0.004, 0.000, 0.000, 0.027, 0.000, 0.000]"
110.08,110.12,Gaeul,0.8335946202278137,Gaeul,[0.834],"[0.834, 0.004, 0.000, 0.000, 0.025, 0.000, 0.000]"
110.12,110.16,Gaeul,0.8737081289291382,Gaeul,[0.874],"[0.874, 0.004, 0.001, 0.000, 0.023, 0.000, 0.000]"
110.16,110.2,Gaeul,0.9021139740943909,Gaeul,[0.902],"[0.902, 0.004, 0.001, 0.000, 0.020, 0.000, 0.000]"
110.2,110.24,Gaeul,0.9221286773681641,Gaeul,[0.922],"[0.922, 0.004, 0.001, 0.000, 0.018, 0.000, 0.000]"
110.24,110.28,Gaeul,0.9362758994102478,Gaeul,[0.936],"[0.936, 0.003, 0.001, 0.000, 0.017, 0.000, 0.000]"
110.28,110.32,Gaeul,0.9463634490966797,Gaeul,[0.946],"[0.946, 0.003, 0.001, 0.000, 0.015, 0.000, 0.000]"
110.32,110.36,Gaeul,0.9536352753639221,Gaeul,[0.954],"[0.954, 0.003, 0.002, 0.000, 0.013, 0.000, 0.000]"
110.36,110.4,Gaeul,0.9589157104492188,Gaeul,[0.959],"[0.959, 0.003, 0.002, 0.000, 0.012, 0.000, 0.000]"
110.4,110.44,Gaeul,0.9627745151519775,Gaeul,[0.963],"[0.963, 0.003, 0.002, 0.000, 0.011, 0.000, 0.000]"
110.44,110.48,Gaeul,0.96559739112854,Gaeul,[0.966],"[0.966, 0.003, 0.002, 0.000, 0.010, 0.000, 0.000]"
110.48,110.52,Gaeul,0.9676744341850281,Gaeul,[0.968],"[0.968, 0.002, 0.002, 0.000, 0.009, 0.000, 0.000]"
110.52,110.56,Gaeul,0.9692278504371643,Gaeul,[0.969],"[0.969, 0.002, 0.003, 0.000, 0.008, 0.000, 0.000]"
110.56,110.6,Gaeul,0.9704491496086121,Gaeul,[0.970],"[0.970, 0.002, 0.003, 0.000, 0.007, 0.000, 0.000]"
110.6,110.64,Gaeul,0.97149658203125,Gaeul,[0.971],"[0.971, 0.002, 0.003, 0.000, 0.006, 0.000, 0.000]"
110.64,110.68,Gaeul,0.9724997878074646,Gaeul,[0.972],"[0.972, 0.001, 0.003, 0.000, 0.006, 0.000, 0.000]"
110.68,110.72,Gaeul,0.9735701084136963,Gaeul,[0.974],"[0.974, 0.001, 0.002, 0.000, 0.005, 0.000, 0.000]"
110.72,110.76,Gaeul,0.9747945070266724,Gaeul,[0.975],"[0.975, 0.001, 0.002, 0.000, 0.005, 0.000, 0.000]"
110.76,110.8,Gaeul,0.9762271642684937,Gaeul,[0.976],"[0.976, 0.001, 0.002, 0.000, 0.005, 0.000, 0.000]"
110.8,110.84,Gaeul,0.9778926968574524,Gaeul,[0.978],"[0.978, 0.001, 0.002, 0.000, 0.004, 0.000, 0.000]"
110.84,110.88,Gaeul,0.9797793030738831,Gaeul,[0.980],"[0.980, 0.001, 0.001, 0.000, 0.004, 0.000, 0.000]"
110.88,110.92,Gaeul,0.9818342328071594,Gaeul,[0.982],"[0.982, 0.000, 0.001, 0.000, 0.004, 0.000, 0.000]"
110.92,110.96,Gaeul,0.9839683771133423,Gaeul,[0.984],"[0.984, 0.000, 0.001, 0.000, 0.003, 0.000, 0.000]"
110.96,111.0,Gaeul,0.9860844016075134,Gaeul,[0.986],"[0.986, 0.000, 0.001, 0.000, 0.003, 0.000, 0.000]"
111.0,111.04,Gaeul,0.9880862236022949,Gaeul,[0.988],"[0.988, 0.000, 0.001, 0.000, 0.003, 0.000, 0.000]"
111.04,111.08,Gaeul,0.9899044632911682,Gaeul,[0.990],"[0.990, 0.000, 0.000, 0.000, 0.002, 0.000, 0.000]"
111.08,111.12,Gaeul,0.9915008544921875,Gaeul,[0.992],"[0.992, 0.000, 0.000, 0.000, 0.002, 0.000, 0.000]"
111.12,111.16,Gaeul,0.9928635954856873,Gaeul,[0.993],"[0.993, 0.000, 0.000, 0.000, 0.002, 0.000, 0.000]"
111.16,111.2,Gaeul,0.9940021634101868,Gaeul,[0.994],"[0.994, 0.000, 0.000, 0.000, 0.002, 0.000, 0.000]"
111.2,111.24,Gaeul,0.9949411153793335,Gaeul,[0.995],"[0.995, 0.000, 0.000, 0.000, 0.002, 0.000, 0.000]"
111.24,111.28,Gaeul,0.9957133531570435,Gaeul,[0.996],"[0.996, 0.000, 0.000, 0.000, 0.001, 0.000, 0.000]"
111.28,111.32,Gaeul,0.9963520765304565,Gaeul,[0.996],"[0.996, 0.000, 0.000, 0.000, 0.001, 0.000, 0.000]"
111.32,111.36,Gaeul,0.9968836903572083,Gaeul,[0.997],"[0.997, 0.000, 0.000, 0.000, 0.001, 0.000, 0.000]"
111.36,111.4,Gaeul,0.997329592704773,Gaeul,[0.997],"[0.997, 0.000, 0.000, 0.000, 0.001, 0.000, 0.000]"
111.4,111.44,Gaeul,0.9977059364318848,Gaeul,[0.998],"[0.998, 0.000, 0.000, 0.000, 0.001, 0.000, 0.000]"
111.44,111.48,Gaeul,0.9980251789093018,Gaeul,[0.998],"[0.998, 0.000, 0.000, 0.000, 0.001, 0.000, 0.000]"
111.48,111.52,Gaeul,0.998296320438385,Gaeul,[0.998],"[0.998, 0.000, 0.000, 0.000, 0.001, 0.000, 0.000]"
111.52,111.56,Gaeul,0.998526930809021,Gaeul,[0.999],"[0.999, 0.000, 0.000, 0.000, 0.000, 0.000, 0.000]"
111.56,111.6,Gaeul,0.9987236857414246,Gaeul,[0.999],"[0.999, 0.000, 0.000, 0.000, 0.000, 0.000, 0.000]"
111.6,111.64,Gaeul,0.9988924860954285,Gaeul,[0.999],"[0.999, 0.000, 0.000, 0.000, 0.000, 0.000, 0.000]"
111.64,111.68,Gaeul,0.999037504196167,Gaeul,[0.999],"[0.999, 0.000, 0.000, 0.000, 0.000, 0.000, 0.000]"
111.68,111.72,Gaeul,0.9991629123687744,Gaeul,[0.999],"[0.999, 0.000, 0.000, 0.000, 0.000, 0.000, 0.000]"
111.72,111.76,Gaeul,0.999271810054779,Gaeul,[0.999],"[0.999, 0.000, 0.000, 0.000, 0.000, 0.000, 0.000]"
111.76,111.8,Gaeul,0.9993667006492615,Gaeul,[0.999],"[0.999, 0.000, 0.000, 0.000, 0.000, 0.000, 0.000]"
111.8,111.84,Gaeul,0.9994496703147888,Gaeul,[0.999],"[0.999, 0.000, 0.000, 0.000, 0.000, 0.000, 0.000]"
111.84,111.88,Gaeul,0.99952232837677,Gaeul,[1.000],"[1.000, 0.000, 0.000, 0.000, 0.000, 0.000, 0.000]"
111.88,111.92,Gaeul,0.9995858073234558,Gaeul,[1.000],"[1.000, 0.000, 0.000, 0.000, 0.000, 0.000, 0.000]"
111.92,111.96,Gaeul,0.9996411800384521,Gaeul,[1.000],"[1.000, 0.000, 0.000, 0.000, 0.000, 0.000, 0.000]"
111.96,112.0,Gaeul,0.9996893405914307,Gaeul,[1.000],"[1.000, 0.000, 0.000, 0.000, 0.000, 0.000, 0.000]"
112.0,112.04,Gaeul,0.9997311234474182,Gaeul,[1.000],"[1.000, 0.000, 0.000, 0.000, 0.000, 0.000, 0.000]"
112.04,112.08,Gaeul,0.9997673630714417,Gaeul,[1.000],"[1.000, 0.000, 0.000, 0.000, 0.000, 0.000, 0.000]"
112.08,112.12,Gaeul,0.999798595905304,Gaeul,[1.000],"[1.000, 0.000, 0.000, 0.000, 0.000, 0.000, 0.000]"
112.12,112.16,Gaeul,0.9998251795768738,Gaeul,[1.000],"[1.000, 0.000, 0.000, 0.000, 0.000, 0.000, 0.000]"
112.16,112.2,Gaeul,0.9998475313186646,Gaeul,[1.000],"[1.000, 0.000, 0.000, 0.000, 0.000, 0.000, 0.000]"
112.2,112.24,Gaeul,0.9998663663864136,Gaeul,[1.000],"[1.000, 0.000, 0.000, 0.000, 0.000, 0.000, 0.000]"
112.24,112.28,Gaeul,0.9998818635940552,Gaeul,[1.000],"[1.000, 0.000, 0.000, 0.000, 0.000, 0.000, 0.000]"
112.28,112.32,Gaeul,0.9998944997787476,Gaeul,[1.000],"[1.000, 0.000, 0.000, 0.000, 0.000, 0.000, 0.000]"
112.32,112.36,Gaeul,0.9999046325683594,Gaeul,[1.000],"[1.000, 0.000, 0.000, 0.000, 0.000, 0.000, 0.000]"
112.36,112.4,Gaeul,0.9999126195907593,Gaeul,[1.000],"[1.000, 0.000, 0.000, 0.000, 0.000, 0.000, 0.000]"
112.4,112.44,Gaeul,0.9999185800552368,Gaeul,[1.000],"[1.000, 0.000, 0.000, 0.000, 0.000, 0.000, 0.000]"
112.44,112.48,Gaeul,0.9999226331710815,Gaeul,[1.000],"[1.000, 0.000, 0.000, 0.000, 0.000, 0.000, 0.000]"
112.48,112.52,Gaeul,0.999924898147583,Gaeul,[1.000],"[1.000, 0.000, 0.000, 0.000, 0.000, 0.000, 0.000]"
112.52,112.56,Gaeul,0.9999252557754517,Gaeul,[1.000],"[1.000, 0.000, 0.000, 0.000, 0.000, 0.000, 0.000]"
112.56,112.6,Gaeul,0.9999234676361084,Gaeul,[1.000],"[1.000, 0.000, 0.000, 0.000, 0.000, 0.000, 0.000]"
112.6,112.64,Gaeul,0.9999192953109741,Gaeul,[1.000],"[1.000, 0.000, 0.000, 0.000, 0.000, 0.000, 0.000]"
112.64,112.68,Gaeul,0.999911904335022,Gaeul,[1.000],"[1.000, 0.000, 0.000, 0.000, 0.000, 0.000, 0.000]"
112.68,112.72,Gaeul,0.9999006986618042,Gaeul,[1.000],"[1.000, 0.000, 0.000, 0.000, 0.000, 0.000, 0.000]"
112.72,112.76,Gaeul,0.9998840093612671,Gaeul,[1.000],"[1.000, 0.000, 0.000, 0.000, 0.000, 0.000, 0.000]"
112.76,112.8,Gaeul,0.9998600482940674,Gaeul,[1.000],"[1.000, 0.000, 0.000, 0.000, 0.000, 0.000, 0.000]"
112.8,112.84,Gaeul,0.9998255372047424,Gaeul,[1.000],"[1.000, 0.000, 0.000, 0.000, 0.000, 0.000, 0.000]"
112.84,112.88,Gaeul,0.999775230884552,Gaeul,[1.000],"[1.000, 0.000, 0.000, 0.000, 0.000, 0.000, 0.000]"
112.88,112.92,Gaeul,0.9997013211250305,Gaeul,[1.000],"[1.000, 0.000, 0.000, 0.000, 0.000, 0.000, 0.000]"
112.92,112.96,Gaeul,0.9995917677879333,Gaeul,[1.000],"[1.000, 0.000, 0.000, 0.000, 0.000, 0.000, 0.000]"
112.96,113.0,Gaeul,0.9994268417358398,Gaeul,[0.999],"[0.999, 0.000, 0.000, 0.000, 0.000, 0.000, 0.000]"
113.0,113.04,Gaeul,0.9991764426231384,Gaeul,[0.999],"[0.999, 0.000, 0.000, 0.000, 0.000, 0.000, 0.000]"
113.04,113.08,Gaeul,0.998793363571167,Gaeul,[0.999],"[0.999, 0.000, 0.000, 0.000, 0.000, 0.000, 0.000]"
113.08,113.12,Gaeul,0.9982049465179443,Gaeul,[0.998],"[0.998, 0.000, 0.000, 0.000, 0.000, 0.000, 0.000]"
113.12,113.16,Gaeul,0.9973015785217285,Gaeul,[0.997],"[0.997, 0.000, 0.000, 0.000, 0.000, 0.000, 0.000]"
113.16,113.2,Gaeul,0.9959228038787842,Gaeul,[0.996],"[0.996, 0.000, 0.000, 0.000, 0.000, 0.000, 0.000]"
113.2,113.24,Gaeul,0.9938410520553589,Gaeul,[0.994],"[0.994, 0.000, 0.000, 0.000, 0.000, 0.000, 0.000]"
113.24,113.28,Gaeul,0.9907406568527222,Gaeul,[0.991],"[0.991, 0.000, 0.000, 0.000, 0.000, 0.000, 0.000]"
113.28,113.32,Gaeul,0.9861964583396912,Gaeul,[0.986],"[0.986, 0.000, 0.000, 0.000, 0.000, 0.000, 0.000]"
113.32,113.36,Gaeul,0.9796755313873291,Gaeul,[0.980],"[0.980, 0.001, 0.000, 0.000, 0.000, 0.000, 0.000]"
113.36,113.4,Gaeul,0.9705699682235718,Gaeul,[0.971],"[0.971, 0.001, 0.000, 0.000, 0.001, 0.000, 0.000]"
113.4,113.44,Gaeul,0.9582597613334656,Gaeul,[0.958],"[0.958, 0.001, 0.000, 0.000, 0.001, 0.000, 0.000]"
113.44,113.48,Gaeul,0.9422509670257568,Gaeul,[0.942],"[0.942, 0.001, 0.000, 0.000, 0.001, 0.000, 0.000]"
113.48,113.52,Gaeul,0.922371506690979,Gaeul,[0.922],"[0.922, 0.001, 0.000, 0.000, 0.002, 0.000, 0.000]"
113.52,113.56,Gaeul,0.8988971710205078,Gaeul,[0.899],"[0.899, 0.001, 0.000, 0.000, 0.003, 0.000, 0.000]"
113.56,113.6,Gaeul,0.8726438283920288,Gaeul,[0.873],"[0.873, 0.001, 0.000, 0.000, 0.004, 0.000, 0.000]"
113.6,113.64,Gaeul,0.8449192643165588,Gaeul,[0.845],"[0.845, 0.001, 0.000, 0.000, 0.005, 0.000, 0.000]"
113.64,113.68,Gaeul,0.8173879981040955,Gaeul,[0.817],"[0.817, 0.001, 0.000, 0.000, 0.006, 0.000, 0.000]"
113.68,113.72,Gaeul,0.7918418645858765,Gaeul,[0.792],"[0.792, 0.001, 0.000, 0.000, 0.008, 0.000, 0.000]"
113.72,113.76,Gaeul,0.7700070738792419,Gaeul,[0.770],"[0.770, 0.001, 0.000, 0.000, 0.011, 0.000, 0.000]"
113.76,113.8,Gaeul,0.75321364402771,Gaeul,[0.753],"[0.753, 0.001, 0.000, 0.000, 0.014, 0.000, 0.000]"
113.8,113.84,Gaeul,0.7421888709068298,Gaeul,[0.742],"[0.742, 0.002, 0.000, 0.000, 0.017, 0.000, 0.000]"
113.84,113.88,Gaeul,0.7373135685920715,Gaeul,[0.737],"[0.737, 0.002, 0.000, 0.000, 0.021, 0.000, 0.000]"
113.88,113.92,Gaeul,0.7385786771774292,Gaeul,[0.739],"[0.739, 0.002, 0.000, 0.000, 0.026, 0.000, 0.000]"
113.92,113.96,Gaeul,0.7455876469612122,Gaeul,[0.746],"[0.746, 0.002, 0.000, 0.000, 0.031, 0.000, 0.000]"
113.96,114.0,Gaeul,0.7576138377189636,Gaeul,[0.758],"[0.758, 0.002, 0.000, 0.000, 0.036, 0.000, 0.000]"
114.0,114.04,Gaeul,0.7736818790435791,Gaeul,[0.774],"[0.774, 0.002, 0.000, 0.000, 0.041, 0.000, 0.000]"
114.04,114.08,Gaeul,0.7925843596458435,Gaeul,[0.793],"[0.793, 0.002, 0.000, 0.000, 0.047, 0.000, 0.000]"
114.08,114.12,Gaeul,0.8131386041641235,Gaeul,[0.813],"[0.813, 0.002, 0.000, 0.000, 0.051, 0.000, 0.000]"
114.12,114.16,Gaeul,0.8342363238334656,Gaeul,[0.834],"[0.834, 0.002, 0.000, 0.000, 0.056, 0.000, 0.000]"
114.16,114.2,Gaeul,0.8550193905830383,Gaeul,[0.855],"[0.855, 0.002, 0.000, 0.000, 0.059, 0.000, 0.000]"
114.2,114.24,Gaeul,0.8748064041137695,Gaeul,[0.875],"[0.875, 0.003, 0.000, 0.000, 0.061, 0.000, 0.000]"
114.24,114.28,Gaeul,0.8930490612983704,Gaeul,[0.893],"[0.893, 0.003, 0.000, 0.000, 0.062, 0.000, 0.000]"
114.28,114.32,Gaeul,0.909407377243042,Gaeul,[0.909],"[0.909, 0.003, 0.000, 0.000, 0.062, 0.000, 0.000]"
114.32,114.36,Gaeul,0.9237225651741028,Gaeul,[0.924],"[0.924, 0.003, 0.000, 0.000, 0.060, 0.000, 0.000]"
114.36,114.4,Gaeul,0.935988187789917,Gaeul,[0.936],"[0.936, 0.003, 0.000, 0.000, 0.057, 0.000, 0.000]"
114.4,114.44,Gaeul,0.9462785720825195,Gaeul,[0.946],"[0.946, 0.004, 0.001, 0.000, 0.053, 0.000, 0.000]"
114.44,114.48,Gaeul,0.9547663927078247,Gaeul,[0.955],"[0.955, 0.004, 0.001, 0.000, 0.049, 0.000, 0.000]"
114.48,114.52,Gaeul,0.9616876244544983,Gaeul,[0.962],"[0.962, 0.004, 0.001, 0.000, 0.044, 0.000, 0.000]"
114.52,114.56,Gaeul,0.9673001766204834,Gaeul,[0.967],"[0.967, 0.004, 0.001, 0.000, 0.038, 0.000, 0.000]"
114.56,114.6,Gaeul,0.9718471765518188,Gaeul,[0.972],"[0.972, 0.004, 0.001, 0.000, 0.033, 0.000, 0.000]"
114.6,114.64,Gaeul,0.9755218625068665,Gaeul,[0.976],"[0.976, 0.004, 0.001, 0.000, 0.028, 0.000, 0.000]"
114.64,114.68,Gaeul,0.9784705638885498,Gaeul,[0.978],"[0.978, 0.005, 0.002, 0.000, 0.023, 0.000, 0.000]"
114.68,114.72,Gaeul,0.9808057546615601,Gaeul,[0.981],"[0.981, 0.005, 0.002, 0.000, 0.019, 0.000, 0.000]"
114.72,114.76,Gaeul,0.9826144576072693,Gaeul,[0.983],"[0.983, 0.005, 0.002, 0.000, 0.015, 0.000, 0.000]"
114.76,114.8,Gaeul,0.983970582485199,Gaeul,[0.984],"[0.984, 0.005, 0.002, 0.000, 0.012, 0.000, 0.000]"
114.8,114.84,Gaeul,0.9849321246147156,Gaeul,[0.985],"[0.985, 0.005, 0.002, 0.000, 0.009, 0.000, 0.000]"
114.84,114.88,Gaeul,0.985546350479126,Gaeul,[0.986],"[0.986, 0.005, 0.002, 0.000, 0.007, 0.000, 0.000]"
114.88,114.92,Gaeul,0.9858399629592896,Gaeul,[0.986],"[0.986, 0.006, 0.002, 0.000, 0.006, 0.000, 0.000]"
114.92,114.96,Gaeul,0.9858330488204956,Gaeul,[0.986],"[0.986, 0.006, 0.002, 0.000, 0.004, 0.000, 0.000]"
114.96,115.0,Gaeul,0.9855248332023621,Gaeul,[0.986],"[0.986, 0.006, 0.002, 0.000, 0.003, 0.000, 0.000]"
115.0,115.04,Gaeul,0.9848922491073608,Gaeul,[0.985],"[0.985, 0.006, 0.002, 0.000, 0.003, 0.000, 0.000]"
115.04,115.08,Gaeul,0.9838979840278625,Gaeul,[0.984],"[0.984, 0.006, 0.002, 0.000, 0.002, 0.000, 0.000]"
115.08,115.12,Gaeul,0.9824793338775635,Gaeul,[0.982],"[0.982, 0.006, 0.002, 0.000, 0.002, 0.000, 0.000]"
115.12,115.16,Gaeul,0.9805305004119873,Gaeul,[0.981],"[0.981, 0.006, 0.002, 0.000, 0.001, 0.000, 0.000]"
115.16,115.2,Gaeul,0.977876603603363,Gaeul,[0.978],"[0.978, 0.006, 0.002, 0.000, 0.001, 0.000, 0.000]"
115.2,115.24,Gaeul,0.9742488265037537,Gaeul,[0.974],"[0.974, 0.006, 0.002, 0.000, 0.001, 0.000, 0.000]"
115.24,115.28,Gaeul,0.9692737460136414,Gaeul,[0.969],"[0.969, 0.006, 0.002, 0.000, 0.001, 0.000, 0.000]"
115.28,115.32,Gaeul,0.9624112248420715,Gaeul,[0.962],"[0.962, 0.006, 0.002, 0.000, 0.001, 0.000, 0.000]"
115.32,115.36,Gaeul,0.9528557062149048,Gaeul,[0.953],"[0.953, 0.006, 0.002, 0.000, 0.000, 0.000, 0.000]"
115.36,115.4,Gaeul,0.939433217048645,Gaeul,[0.939],"[0.939, 0.006, 0.002, 0.000, 0.000, 0.000, 0.000]"
115.4,115.44,Gaeul,0.9204586148262024,Gaeul,[0.920],"[0.920, 0.005, 0.002, 0.000, 0.000, 0.000, 0.000]"
115.44,115.48,Gaeul,0.8935858607292175,Gaeul,[0.894],"[0.894, 0.005, 0.002, 0.000, 0.000, 0.000, 0.000]"
115.48,115.52,Gaeul,0.8557285070419312,Gaeul,[0.856],"[0.856, 0.005, 0.002, 0.000, 0.000, 0.000, 0.000]"
115.52,115.56,Gaeul,0.8032172322273254,Gaeul,[0.803],"[0.803, 0.004, 0.002, 0.000, 0.000, 0.000, 0.000]"
115.56,115.6,Gaeul,0.7326561808586121,Gaeul,[0.733],"[0.733, 0.004, 0.002, 0.000, 0.000, 0.000, 0.000]"
115.6,115.64,Gaeul,0.6428319811820984,Gaeul,[0.643],"[0.643, 0.003, 0.002, 0.000, 0.000, 0.000, 0.000]"
115.64,115.68,Gaeul,0.5370344519615173,Gaeul,[0.537],"[0.537, 0.003, 0.002, 0.000, 0.000, 0.000, 0.000]"
115.68,115.72,Gaeul,0.42399683594703674,,[],"[0.424, 0.003, 0.002, 0.000, 0.000, 0.000, 0.000]"
115.72,115.76,Gaeul,0.3157489001750946,,[],"[0.316, 0.002, 0.002, 0.000, 0.000, 0.001, 0.000]"
115.76,115.8,Gaeul,0.22292345762252808,,[],"[0.223, 0.002, 0.002, 0.000, 0.000, 0.001, 0.000]"
115.8,115.84,Gaeul,0.15092052519321442,,[],"[0.151, 0.001, 0.003, 0.000, 0.000, 0.002, 0.000]"
115.84,115.88,Gaeul,0.09926561266183853,,[],"[0.099, 0.001, 0.003, 0.000, 0.000, 0.003, 0.000]"
115.88,115.92,Gaeul,0.06421545892953873,,[],"[0.064, 0.001, 0.003, 0.000, 0.000, 0.004, 0.000]"
115.92,115.96,Gaeul,0.041287943720817566,,[],"[0.041, 0.001, 0.003, 0.000, 0.000, 0.006, 0.000]"
115.96,116.0,Gaeul,0.026615265756845474,,[],"[0.027, 0.001, 0.003, 0.000, 0.000, 0.010, 0.000]"
116.0,116.04,Gaeul,0.017320316284894943,,[],"[0.017, 0.000, 0.004, 0.000, 0.000, 0.017, 0.000]"
116.04,116.08,Yujin,0.028168968856334686,,[],"[0.011, 0.000, 0.004, 0.000, 0.000, 0.028, 0.000]"
116.08,116.12,Yujin,0.046496182680130005,,[],"[0.008, 0.000, 0.004, 0.000, 0.000, 0.046, 0.000]"
116.12,116.16,Yujin,0.07654555886983871,,[],"[0.005, 0.000, 0.004, 0.000, 0.000, 0.077, 0.000]"
116.16,116.2,Yujin,0.12456784397363663,,[],"[0.004, 0.000, 0.005, 0.000, 0.000, 0.125, 0.000]"
116.2,116.24,Yujin,0.19776108860969543,,[],"[0.003, 0.000, 0.005, 0.000, 0.000, 0.198, 0.000]"
116.24,116.28,Yujin,0.3009457290172577,,[],"[0.002, 0.000, 0.005, 0.000, 0.000, 0.301, 0.000]"
116.28,116.32,Yujin,0.43107661604881287,,[],"[0.001, 0.000, 0.005, 0.000, 0.000, 0.431, 0.000]"
116.32,116.36,Yujin,0.5733665823936462,Yujin,[0.573],"[0.001, 0.000, 0.005, 0.000, 0.000, 0.573, 0.000]"
116.36,116.4,Yujin,0.7059672474861145,Yujin,[0.706],"[0.001, 0.000, 0.005, 0.000, 0.000, 0.706, 0.000]"
116.4,116.44,Yujin,0.8119587898254395,Yujin,[0.812],"[0.001, 0.000, 0.004, 0.000, 0.000, 0.812, 0.000]"
116.44,116.48,Yujin,0.886542797088623,Yujin,[0.887],"[0.001, 0.000, 0.004, 0.000, 0.000, 0.887, 0.000]"
116.48,116.52,Yujin,0.9342485070228577,Yujin,[0.934],"[0.001, 0.000, 0.004, 0.000, 0.000, 0.934, 0.000]"
116.52,116.56,Yujin,0.9628307223320007,Yujin,[0.963],"[0.000, 0.000, 0.003, 0.000, 0.000, 0.963, 0.000]"
116.56,116.6,Yujin,0.9792686104774475,Yujin,[0.979],"[0.000, 0.000, 0.003, 0.000, 0.000, 0.979, 0.000]"
116.6,116.64,Yujin,0.9885030388832092,Yujin,[0.989],"[0.000, 0.000, 0.003, 0.000, 0.000, 0.989, 0.000]"
116.64,116.68,Yujin,0.9936221241950989,Yujin,[0.994],"[0.000, 0.000, 0.002, 0.000, 0.000, 0.994, 0.000]"
116.68,116.72,Yujin,0.9964435696601868,Yujin,[0.996],"[0.000, 0.000, 0.002, 0.000, 0.000, 0.996, 0.000]"
116.72,116.76,Yujin,0.9979996085166931,Yujin,[0.998],"[0.000, 0.000, 0.002, 0.000, 0.000, 0.998, 0.000]"
116.76,116.8,Yujin,0.9988623857498169,Yujin,[0.999],"[0.000, 0.000, 0.001, 0.000, 0.000, 0.999, 0.000]"
116.8,116.84,Yujin,0.9993450045585632,Yujin,[0.999],"[0.000, 0.000, 0.001, 0.000, 0.000, 0.999, 0.000]"
116.84,116.88,Yujin,0.9996178150177002,Yujin,[1.000],"[0.000, 0.000, 0.001, 0.000, 0.000, 1.000, 0.000]"
116.88,116.92,Yujin,0.9997743964195251,Yujin,[1.000],"[0.000, 0.000, 0.001, 0.000, 0.000, 1.000, 0.000]"
116.92,116.96,Yujin,0.9998651742935181,Yujin,[1.000],"[0.000, 0.000, 0.001, 0.000, 0.000, 1.000, 0.000]"
116.96,117.0,Yujin,0.9999185800552368,Yujin,[1.000],"[0.000, 0.000, 0.001, 0.000, 0.000, 1.000, 0.000]"
117.0,117.04,Yujin,0.9999502897262573,Yujin,[1.000],"[0.000, 0.000, 0.000, 0.000, 0.000, 1.000, 0.000]"
117.04,117.08,Yujin,0.9999693632125854,Yujin,[1.000],"[0.000, 0.000, 0.000, 0.000, 0.000, 1.000, 0.000]"
117.08,117.12,Yujin,0.9999809265136719,Yujin,[1.000],"[0.000, 0.000, 0.000, 0.000, 0.000, 1.000, 0.000]"
117.12,117.16,Yujin,0.9999879598617554,Yujin,[1.000],"[0.000, 0.000, 0.000, 0.000, 0.000, 1.000, 0.000]"
117.16,117.2,Yujin,0.9999922513961792,Yujin,[1.000],"[0.000, 0.000, 0.000, 0.000, 0.000, 1.000, 0.000]"
117.2,117.24,Yujin,0.9999949932098389,Yujin,[1.000],"[0.000, 0.000, 0.000, 0.000, 0.000, 1.000, 0.000]"
117.24,117.28,Yujin,0.9999967813491821,Yujin,[1.000],"[0.000, 0.000, 0.000, 0.000, 0.000, 1.000, 0.000]"
117.28,117.32,Yujin,0.9999978542327881,Yujin,[1.000],"[0.000, 0.000, 0.000, 0.000, 0.000, 1.000, 0.000]"
117.32,117.36,Yujin,0.9999985694885254,Yujin,[1.000],"[0.000, 0.000, 0.000, 0.000, 0.000, 1.000, 0.000]"
117.36,117.4,Yujin,0.9999990463256836,Yujin,[1.000],"[0.000, 0.000, 0.000, 0.000, 0.000, 1.000, 0.000]"
117.4,117.44,Yujin,0.9999992847442627,Yujin,[1.000],"[0.000, 0.000, 0.000, 0.000, 0.000, 1.000, 0.000]"
117.44,117.48,Yujin,0.9999995231628418,Yujin,[1.000],"[0.000, 0.000, 0.000, 0.000, 0.000, 1.000, 0.000]"
117.48,117.52,Yujin,0.9999996423721313,Yujin,[1.000],"[0.000, 0.000, 0.000, 0.000, 0.000, 1.000, 0.000]"
117.52,117.56,Yujin,0.9999997615814209,Yujin,[1.000],"[0.000, 0.000, 0.000, 0.000, 0.000, 1.000, 0.000]"
117.56,117.6,Yujin,0.9999998807907104,Yujin,[1.000],"[0.000, 0.000, 0.000, 0.000, 0.000, 1.000, 0.000]"
117.6,117.64,Yujin,0.9999998807907104,Yujin,[1.000],"[0.000, 0.000, 0.000, 0.000, 0.000, 1.000, 0.000]"
117.64,117.68,Yujin,0.9999998807907104,Yujin,[1.000],"[0.000, 0.000, 0.000, 0.000, 0.000, 1.000, 0.000]"
117.68,117.72,Yujin,0.9999998807907104,Yujin,[1.000],"[0.000, 0.000, 0.000, 0.000, 0.000, 1.000, 0.000]"
117.72,117.76,Yujin,1.0,Yujin,[1.000],"[0.000, 0.000, 0.000, 0.000, 0.000, 1.000, 0.000]"
117.76,117.8,Yujin,1.0,Yujin,[1.000],"[0.000, 0.000, 0.000, 0.000, 0.000, 1.000, 0.000]"
117.8,117.84,Yujin,1.0,Yujin,[1.000],"[0.000, 0.000, 0.000, 0.000, 0.000, 1.000, 0.000]"
117.84,117.88,Yujin,1.0,Yujin,[1.000],"[0.000, 0.000, 0.000, 0.000, 0.000, 1.000, 0.000]"
117.88,117.92,Yujin,1.0,Yujin,[1.000],"[0.000, 0.000, 0.000, 0.000, 0.000, 1.000, 0.000]"
117.92,117.96,Yujin,1.0,Yujin,[1.000],"[0.000, 0.000, 0.000, 0.000, 0.000, 1.000, 0.000]"
117.96,118.0,Yujin,1.0,Yujin,[1.000],"[0.000, 0.001, 0.000, 0.000, 0.000, 1.000, 0.000]"
118.0,118.04,Yujin,1.0,Yujin,[1.000],"[0.000, 0.001, 0.000, 0.000, 0.000, 1.000, 0.000]"
118.04,118.08,Yujin,1.0,Yujin,[1.000],"[0.000, 0.001, 0.000, 0.000, 0.000, 1.000, 0.000]"
118.08,118.12,Yujin,1.0,Yujin,[1.000],"[0.000, 0.001, 0.000, 0.000, 0.000, 1.000, 0.000]"
118.12,118.16,Yujin,1.0,Yujin,[1.000],"[0.000, 0.001, 0.000, 0.000, 0.000, 1.000, 0.000]"
118.16,118.2,Yujin,1.0,Yujin,[1.000],"[0.000, 0.002, 0.000, 0.000, 0.000, 1.000, 0.000]"
118.2,118.24,Yujin,1.0,Yujin,[1.000],"[0.000, 0.002, 0.000, 0.000, 0.000, 1.000, 0.000]"
118.24,118.28,Yujin,1.0,Yujin,[1.000],"[0.000, 0.002, 0.000, 0.000, 0.000, 1.000, 0.000]"
118.28,118.32,Yujin,1.0,Yujin,[1.000],"[0.000, 0.002, 0.000, 0.000, 0.000, 1.000, 0.000]"
118.32,118.36,Yujin,1.0,Yujin,[1.000],"[0.000, 0.002, 0.000, 0.000, 0.000, 1.000, 0.000]"
118.36,118.4,Yujin,1.0,Yujin,[1.000],"[0.000, 0.002, 0.000, 0.000, 0.000, 1.000, 0.000]"
118.4,118.44,Yujin,1.0,Yujin,[1.000],"[0.000, 0.002, 0.000, 0.000, 0.000, 1.000, 0.000]"
118.44,118.48,Yujin,1.0,Yujin,[1.000],"[0.000, 0.002, 0.000, 0.000, 0.000, 1.000, 0.000]"
118.48,118.52,Yujin,1.0,Yujin,[1.000],"[0.000, 0.002, 0.000, 0.000, 0.000, 1.000, 0.000]"
118.52,118.56,Yujin,1.0,Yujin,[1.000],"[0.000, 0.002, 0.000, 0.000, 0.000, 1.000, 0.000]"
118.56,118.6,Yujin,1.0,Yujin,[1.000],"[0.000, 0.002, 0.000, 0.000, 0.001, 1.000, 0.000]"
118.6,118.64,Yujin,1.0,Yujin,[1.000],"[0.000, 0.001, 0.000, 0.000, 0.001, 1.000, 0.000]"
118.64,118.68,Yujin,1.0,Yujin,[1.000],"[0.000, 0.001, 0.000, 0.000, 0.001, 1.000, 0.000]"
118.68,118.72,Yujin,1.0,Yujin,[1.000],"[0.000, 0.001, 0.000, 0.000, 0.001, 1.000, 0.000]"
118.72,118.76,Yujin,1.0,Yujin,[1.000],"[0.000, 0.001, 0.000, 0.000, 0.001, 1.000, 0.000]"
118.76,118.8,Yujin,1.0,Yujin,[1.000],"[0.000, 0.001, 0.000, 0.000, 0.001, 1.000, 0.000]"
118.8,118.84,Yujin,0.9999998807907104,Yujin,[1.000],"[0.000, 0.001, 0.000, 0.000, 0.001, 1.000, 0.000]"
118.84,118.88,Yujin,0.9999998807907104,Yujin,[1.000],"[0.000, 0.001, 0.000, 0.000, 0.001, 1.000, 0.000]"
118.88,118.92,Yujin,0.9999998807907104,Yujin,[1.000],"[0.000, 0.000, 0.000, 0.000, 0.002, 1.000, 0.000]"
118.92,118.96,Yujin,0.9999998807907104,Yujin,[1.000],"[0.000, 0.000, 0.000, 0.000, 0.001, 1.000, 0.000]"
118.96,119.0,Yujin,0.9999998807907104,Yujin,[1.000],"[0.000, 0.000, 0.000, 0.000, 0.001, 1.000, 0.000]"
119.0,119.04,Yujin,0.9999997615814209,Yujin,[1.000],"[0.000, 0.000, 0.000, 0.000, 0.001, 1.000, 0.000]"
119.04,119.08,Yujin,0.9999997615814209,Yujin,[1.000],"[0.000, 0.000, 0.000, 0.000, 0.001, 1.000, 0.000]"
119.08,119.12,Yujin,0.9999996423721313,Yujin,[1.000],"[0.000, 0.000, 0.000, 0.000, 0.001, 1.000, 0.000]"
119.12,119.16,Yujin,0.9999994039535522,Yujin,[1.000],"[0.000, 0.000, 0.000, 0.000, 0.001, 1.000, 0.000]"
119.16,119.2,Yujin,0.9999992847442627,Yujin,[1.000],"[0.000, 0.000, 0.000, 0.000, 0.001, 1.000, 0.000]"
119.2,119.24,Yujin,0.999998927116394,Yujin,[1.000],"[0.000, 0.000, 0.000, 0.000, 0.001, 1.000, 0.000]"
119.24,119.28,Yujin,0.9999985694885254,Yujin,[1.000],"[0.000, 0.000, 0.000, 0.000, 0.001, 1.000, 0.000]"
119.28,119.32,Yujin,0.9999980926513672,Yujin,[1.000],"[0.000, 0.000, 0.000, 0.000, 0.001, 1.000, 0.000]"
119.32,119.36,Yujin,0.9999973773956299,Yujin,[1.000],"[0.000, 0.000, 0.000, 0.000, 0.000, 1.000, 0.000]"
119.36,119.4,Yujin,0.999996542930603,Yujin,[1.000],"[0.000, 0.000, 0.000, 0.000, 0.000, 1.000, 0.000]"
119.4,119.44,Yujin,0.9999953508377075,Yujin,[1.000],"[0.000, 0.000, 0.000, 0.000, 0.000, 1.000, 0.000]"
119.44,119.48,Yujin,0.9999938011169434,Yujin,[1.000],"[0.000, 0.000, 0.000, 0.000, 0.000, 1.000, 0.000]"
119.48,119.52,Yujin,0.9999920129776001,Yujin,[1.000],"[0.000, 0.000, 0.000, 0.000, 0.000, 1.000, 0.000]"
119.52,119.56,Yujin,0.9999898672103882,Yujin,[1.000],"[0.000, 0.000, 0.000, 0.000, 0.000, 1.000, 0.000]"
119.56,119.6,Yujin,0.9999874830245972,Yujin,[1.000],"[0.000, 0.000, 0.001, 0.000, 0.000, 1.000, 0.000]"
119.6,119.64,Yujin,0.9999849796295166,Yujin,[1.000],"[0.000, 0.000, 0.001, 0.000, 0.000, 1.000, 0.000]"
119.64,119.68,Yujin,0.9999822378158569,Yujin,[1.000],"[0.000, 0.000, 0.001, 0.000, 0.000, 1.000, 0.000]"
119.68,119.72,Yujin,0.9999796152114868,Yujin,[1.000],"[0.000, 0.000, 0.001, 0.000, 0.000, 1.000, 0.000]"
119.72,119.76,Yujin,0.9999773502349854,Yujin,[1.000],"[0.000, 0.000, 0.001, 0.000, 0.000, 1.000, 0.000]"
119.76,119.8,Yujin,0.9999754428863525,Yujin,[1.000],"[0.000, 0.000, 0.001, 0.000, 0.000, 1.000, 0.000]"
119.8,119.84,Yujin,0.9999741315841675,Yujin,[1.000],"[0.000, 0.000, 0.001, 0.000, 0.000, 1.000, 0.000]"
119.84,119.88,Yujin,0.9999736547470093,Yujin,[1.000],"[0.000, 0.000, 0.001, 0.000, 0.000, 1.000, 0.000]"
119.88,119.92,Yujin,0.9999740123748779,Yujin,[1.000],"[0.001, 0.000, 0.001, 0.000, 0.000, 1.000, 0.000]"
119.92,119.96,Yujin,0.9999750852584839,Yujin,[1.000],"[0.001, 0.000, 0.001, 0.000, 0.000, 1.000, 0.000]"
119.96,120.0,Yujin,0.9999768733978271,Yujin,[1.000],"[0.001, 0.000, 0.001, 0.000, 0.000, 1.000, 0.000]"
120.0,120.04,Yujin,0.9999790191650391,Yujin,[1.000],"[0.001, 0.000, 0.002, 0.000, 0.000, 1.000, 0.000]"
120.04,120.08,Yujin,0.9999815225601196,Yujin,[1.000],"[0.001, 0.000, 0.002, 0.000, 0.000, 1.000, 0.000]"
120.08,120.12,Yujin,0.9999840259552002,Yujin,[1.000],"[0.001, 0.000, 0.002, 0.000, 0.000, 1.000, 0.000]"
120.12,120.16,Yujin,0.9999864101409912,Yujin,[1.000],"[0.001, 0.000, 0.002, 0.000, 0.000, 1.000, 0.000]"
120.16,120.2,Yujin,0.9999885559082031,Yujin,[1.000],"[0.001, 0.000, 0.002, 0.000, 0.000, 1.000, 0.000]"
120.2,120.24,Yujin,0.9999904632568359,Yujin,[1.000],"[0.001, 0.000, 0.002, 0.000, 0.000, 1.000, 0.000]"
120.24,120.28,Yujin,0.9999921321868896,Yujin,[1.000],"[0.001, 0.000, 0.002, 0.000, 0.000, 1.000, 0.000]"
120.28,120.32,Yujin,0.9999935626983643,Yujin,[1.000],"[0.001, 0.000, 0.002, 0.000, 0.000, 1.000, 0.000]"
120.32,120.36,Yujin,0.9999947547912598,Yujin,[1.000],"[0.001, 0.000, 0.003, 0.000, 0.000, 1.000, 0.000]"
120.36,120.4,Yujin,0.9999955892562866,Yujin,[1.000],"[0.001, 0.000, 0.003, 0.000, 0.000, 1.000, 0.000]"
120.4,120.44,Yujin,0.9999963045120239,Yujin,[1.000],"[0.001, 0.000, 0.003, 0.000, 0.000, 1.000, 0.000]"
120.44,120.48,Yujin,0.9999969005584717,Yujin,[1.000],"[0.001, 0.000, 0.003, 0.000, 0.000, 1.000, 0.000]"
120.48,120.52,Yujin,0.9999973773956299,Yujin,[1.000],"[0.001, 0.000, 0.003, 0.000, 0.000, 1.000, 0.000]"
120.52,120.56,Yujin,0.9999977350234985,Yujin,[1.000],"[0.001, 0.000, 0.004, 0.000, 0.000, 1.000, 0.000]"
120.56,120.6,Yujin,0.9999979734420776,Yujin,[1.000],"[0.001, 0.000, 0.004, 0.000, 0.000, 1.000, 0.000]"
120.6,120.64,Yujin,0.9999980926513672,Yujin,[1.000],"[0.000, 0.000, 0.004, 0.000, 0.000, 1.000, 0.000]"
120.64,120.68,Yujin,0.9999982118606567,Yujin,[1.000],"[0.000, 0.000, 0.004, 0.000, 0.000, 1.000, 0.000]"
120.68,120.72,Yujin,0.9999983310699463,Yujin,[1.000],"[0.000, 0.000, 0.005, 0.000, 0.000, 1.000, 0.000]"
120.72,120.76,Yujin,0.9999983310699463,Yujin,[1.000],"[0.000, 0.000, 0.005, 0.000, 0.000, 1.000, 0.000]"
120.76,120.8,Yujin,0.9999983310699463,Yujin,[1.000],"[0.000, 0.000, 0.005, 0.000, 0.000, 1.000, 0.000]"
120.8,120.84,Yujin,0.9999982118606567,Yujin,[1.000],"[0.000, 0.000, 0.005, 0.000, 0.000, 1.000, 0.000]"
120.84,120.88,Yujin,0.9999980926513672,Yujin,[1.000],"[0.000, 0.000, 0.006, 0.000, 0.000, 1.000, 0.000]"
120.88,120.92,Yujin,0.9999978542327881,Yujin,[1.000],"[0.000, 0.000, 0.006, 0.000, 0.000, 1.000, 0.000]"
120.92,120.96,Yujin,0.9999974966049194,Yujin,[1.000],"[0.000, 0.000, 0.006, 0.000, 0.000, 1.000, 0.000]"
120.96,121.0,Yujin,0.9999970197677612,Yujin,[1.000],"[0.000, 0.000, 0.006, 0.000, 0.000, 1.000, 0.000]"
121.0,121.04,Yujin,0.9999964237213135,Yujin,[1.000],"[0.000, 0.000, 0.006, 0.000, 0.000, 1.000, 0.000]"
121.04,121.08,Yujin,0.9999955892562866,Yujin,[1.000],"[0.000, 0.000, 0.006, 0.000, 0.000, 1.000, 0.000]"
121.08,121.12,Yujin,0.9999943971633911,Yujin,[1.000],"[0.000, 0.000, 0.006, 0.000, 0.000, 1.000, 0.000]"
121.12,121.16,Yujin,0.9999927282333374,Yujin,[1.000],"[0.000, 0.000, 0.006, 0.000, 0.000, 1.000, 0.000]"
121.16,121.2,Yujin,0.9999904632568359,Yujin,[1.000],"[0.000, 0.000, 0.006, 0.000, 0.000, 1.000, 0.000]"
121.2,121.24,Yujin,0.9999874830245972,Yujin,[1.000],"[0.000, 0.000, 0.006, 0.000, 0.000, 1.000, 0.000]"
121.24,121.28,Yujin,0.9999833106994629,Yujin,[1.000],"[0.000, 0.000, 0.006, 0.000, 0.000, 1.000, 0.000]"
121.28,121.32,Yujin,0.999977707862854,Yujin,[1.000],"[0.000, 0.000, 0.006, 0.000, 0.000, 1.000, 0.000]"
121.32,121.36,Yujin,0.9999700784683228,Yujin,[1.000],"[0.000, 0.000, 0.007, 0.000, 0.000, 1.000, 0.000]"
121.36,121.4,Yujin,0.9999600648880005,Yujin,[1.000],"[0.000, 0.000, 0.007, 0.000, 0.000, 1.000, 0.000]"
121.4,121.44,Yujin,0.9999469518661499,Yujin,[1.000],"[0.000, 0.000, 0.007, 0.000, 0.000, 1.000, 0.000]"
121.44,121.48,Yujin,0.9999300241470337,Yujin,[1.000],"[0.000, 0.000, 0.007, 0.000, 0.000, 1.000, 0.000]"
121.48,121.52,Yujin,0.999908447265625,Yujin,[1.000],"[0.000, 0.000, 0.007, 0.000, 0.000, 1.000, 0.000]"
121.52,121.56,Yujin,0.9998817443847656,Yujin,[1.000],"[0.000, 0.000, 0.008, 0.000, 0.000, 1.000, 0.000]"
121.56,121.6,Yujin,0.9998494386672974,Yujin,[1.000],"[0.000, 0.000, 0.008, 0.000, 0.000, 1.000, 0.000]"
121.6,121.64,Yujin,0.9998112320899963,Yujin,[1.000],"[0.000, 0.000, 0.009, 0.000, 0.000, 1.000, 0.000]"
121.64,121.68,Yujin,0.9997673630714417,Yujin,[1.000],"[0.000, 0.000, 0.009, 0.000, 0.000, 1.000, 0.000]"
121.68,121.72,Yujin,0.9997182488441467,Yujin,[1.000],"[0.000, 0.000, 0.010, 0.000, 0.000, 1.000, 0.000]"
121.72,121.76,Yujin,0.9996649026870728,Yujin,[1.000],"[0.000, 0.000, 0.010, 0.000, 0.000, 1.000, 0.000]"
121.76,121.8,Yujin,0.99960857629776,Yujin,[1.000],"[0.000, 0.000, 0.011, 0.000, 0.000, 1.000, 0.000]"
121.8,121.84,Yujin,0.9995504021644592,Yujin,[1.000],"[0.000, 0.000, 0.011, 0.000, 0.000, 1.000, 0.000]"
121.84,121.88,Yujin,0.9994914531707764,Yujin,[0.999],"[0.000, 0.000, 0.011, 0.000, 0.000, 0.999, 0.000]"
121.88,121.92,Yujin,0.9994331002235413,Yujin,[0.999],"[0.000, 0.000, 0.012, 0.000, 0.000, 0.999, 0.000]"
121.92,121.96,Yujin,0.9993764758110046,Yujin,[0.999],"[0.000, 0.000, 0.012, 0.000, 0.000, 0.999, 0.000]"
121.96,122.0,Yujin,0.999321699142456,Yujin,[0.999],"[0.000, 0.000, 0.012, 0.000, 0.000, 0.999, 0.000]"
122.0,122.04,Yujin,0.999268114566803,Yujin,[0.999],"[0.001, 0.000, 0.011, 0.000, 0.000, 0.999, 0.000]"
122.04,122.08,Yujin,0.9992150068283081,Yujin,[0.999],"[0.001, 0.000, 0.011, 0.000, 0.000, 0.999, 0.000]"
122.08,122.12,Yujin,0.9991613626480103,Yujin,[0.999],"[0.001, 0.000, 0.011, 0.000, 0.000, 0.999, 0.000]"
122.12,122.16,Yujin,0.9991057515144348,Yujin,[0.999],"[0.001, 0.000, 0.010, 0.000, 0.000, 0.999, 0.000]"
122.16,122.2,Yujin,0.9990459084510803,Yujin,[0.999],"[0.000, 0.000, 0.009, 0.000, 0.000, 0.999, 0.000]"
122.2,122.24,Yujin,0.9989780187606812,Yujin,[0.999],"[0.000, 0.000, 0.009, 0.000, 0.000, 0.999, 0.000]"
122.24,122.28,Yujin,0.9988971948623657,Yujin,[0.999],"[0.000, 0.000, 0.008, 0.000, 0.000, 0.999, 0.000]"
122.28,122.32,Yujin,0.9987975358963013,Yujin,[0.999],"[0.000, 0.000, 0.008, 0.000, 0.000, 0.999, 0.000]"
122.32,122.36,Yujin,0.9986715316772461,Yujin,[0.999],"[0.000, 0.000, 0.007, 0.000, 0.000, 0.999, 0.000]"
122.36,122.4,Yujin,0.9985104203224182,Yujin,[0.999],"[0.000, 0.000, 0.007, 0.000, 0.000, 0.999, 0.000]"
122.4,122.44,Yujin,0.998306155204773,Yujin,[0.998],"[0.000, 0.000, 0.006, 0.000, 0.000, 0.998, 0.000]"
122.44,122.48,Yujin,0.9980478286743164,Yujin,[0.998],"[0.000, 0.000, 0.006, 0.000, 0.000, 0.998, 0.000]"
122.48,122.52,Yujin,0.997718334197998,Yujin,[0.998],"[0.000, 0.000, 0.006, 0.000, 0.000, 0.998, 0.000]"
122.52,122.56,Yujin,0.9972947239875793,Yujin,[0.997],"[0.000, 0.000, 0.006, 0.000, 0.000, 0.997, 0.000]"
122.56,122.6,Yujin,0.9967445135116577,Yujin,[0.997],"[0.000, 0.000, 0.006, 0.000, 0.000, 0.997, 0.000]"
122.6,122.64,Yujin,0.9960235357284546,Yujin,[0.996],"[0.000, 0.000, 0.006, 0.000, 0.000, 0.996, 0.000]"
122.64,122.68,Yujin,0.9950736165046692,Yujin,[0.995],"[0.000, 0.000, 0.006, 0.000, 0.000, 0.995, 0.000]"
122.68,122.72,Yujin,0.9938192963600159,Yujin,[0.994],"[0.000, 0.000, 0.006, 0.000, 0.000, 0.994, 0.000]"
122.72,122.76,Yujin,0.9921592473983765,Yujin,[0.992],"[0.000, 0.000, 0.007, 0.000, 0.000, 0.992, 0.000]"
122.76,122.8,Yujin,0.989954948425293,Yujin,[0.990],"[0.000, 0.000, 0.007, 0.000, 0.000, 0.990, 0.000]"
122.8,122.84,Yujin,0.9870225787162781,Yujin,[0.987],"[0.000, 0.000, 0.008, 0.000, 0.000, 0.987, 0.000]"
122.84,122.88,Yujin,0.9831318855285645,Yujin,[0.983],"[0.000, 0.000, 0.010, 0.000, 0.000, 0.983, 0.000]"
122.88,122.92,Yujin,0.9779945015907288,Yujin,[0.978],"[0.000, 0.000, 0.011, 0.000, 0.000, 0.978, 0.000]"
122.92,122.96,Yujin,0.971247136592865,Yujin,[0.971],"[0.000, 0.000, 0.013, 0.000, 0.000, 0.971, 0.000]"
122.96,123.0,Yujin,0.9624090194702148,Yujin,[0.962],"[0.000, 0.000, 0.016, 0.000, 0.001, 0.962, 0.000]"
123.0,123.04,Yujin,0.9508590698242188,Yujin,[0.951],"[0.000, 0.000, 0.019, 0.000, 0.001, 0.951, 0.000]"
123.04,123.08,Yujin,0.9358388781547546,Yujin,[0.936],"[0.000, 0.000, 0.023, 0.000, 0.001, 0.936, 0.000]"
123.08,123.12,Yujin,0.9164678454399109,Yujin,[0.916],"[0.000, 0.000, 0.029, 0.000, 0.002, 0.916, 0.000]"
123.12,123.16,Yujin,0.8917281627655029,Yujin,[0.892],"[0.000, 0.000, 0.035, 0.000, 0.002, 0.892, 0.000]"
123.16,123.2,Yujin,0.8604865670204163,Yujin,[0.860],"[0.000, 0.000, 0.044, 0.000, 0.003, 0.860, 0.000]"
123.2,123.24,Yujin,0.8216277956962585,Yujin,[0.822],"[0.000, 0.000, 0.053, 0.000, 0.004, 0.822, 0.000]"
123.24,123.28,Yujin,0.7742274403572083,Yujin,[0.774],"[0.000, 0.000, 0.065, 0.000, 0.004, 0.774, 0.000]"
123.28,123.32,Yujin,0.7177179455757141,Yujin,[0.718],"[0.000, 0.000, 0.078, 0.000, 0.005, 0.718, 0.000]"
123.32,123.36,Yujin,0.6523464918136597,Yujin,[0.652],"[0.000, 0.000, 0.094, 0.000, 0.006, 0.652, 0.000]"
123.36,123.4,Yujin,0.5793640613555908,Yujin,[0.579],"[0.000, 0.000, 0.111, 0.000, 0.006, 0.579, 0.000]"
123.4,123.44,Yujin,0.5014851689338684,Yujin,[0.501],"[0.000, 0.000, 0.129, 0.000, 0.007, 0.501, 0.000]"
123.44,123.48,Yujin,0.4225003719329834,,[],"[0.000, 0.000, 0.148, 0.000, 0.007, 0.423, 0.000]"
123.48,123.52,Yujin,0.3463979959487915,,[],"[0.000, 0.000, 0.167, 0.000, 0.007, 0.346, 0.000]"
123.52,123.56,Yujin,0.2765965461730957,,[],"[0.000, 0.000, 0.186, 0.000, 0.006, 0.277, 0.000]"
123.56,123.6,Yujin,0.21555984020233154,,[],"[0.000, 0.000, 0.203, 0.000, 0.006, 0.216, 0.000]"
123.6,123.64,Liz,0.21962153911590576,,[],"[0.000, 0.000, 0.220, 0.000, 0.005, 0.164, 0.000]"
123.64,123.68,Liz,0.23389002680778503,,[],"[0.000, 0.000, 0.234, 0.000, 0.004, 0.123, 0.000]"
123.68,123.72,Liz,0.2458920180797577,,[],"[0.000, 0.000, 0.246, 0.000, 0.003, 0.091, 0.000]"
123.72,123.76,Liz,0.25547218322753906,,[],"[0.000, 0.000, 0.255, 0.000, 0.003, 0.067, 0.000]"
123.76,123.8,Liz,0.2626754343509674,,[],"[0.000, 0.000, 0.263, 0.000, 0.002, 0.049, 0.000]"
123.8,123.84,Liz,0.26751935482025146,,[],"[0.000, 0.000, 0.268, 0.000, 0.001, 0.035, 0.000]"
123.84,123.88,Liz,0.2699269652366638,,[],"[0.000, 0.000, 0.270, 0.000, 0.001, 0.026, 0.000]"
123.88,123.92,Liz,0.2698884606361389,,[],"[0.000, 0.000, 0.270, 0.000, 0.001, 0.018, 0.000]"
123.92,123.96,Liz,0.2675100564956665,,[],"[0.000, 0.000, 0.268, 0.000, 0.001, 0.013, 0.000]"
123.96,124.0,Liz,0.2630477845668793,,[],"[0.000, 0.000, 0.263, 0.000, 0.000, 0.010, 0.000]"
124.0,124.04,Liz,0.25680673122406006,,[],"[0.000, 0.000, 0.257, 0.000, 0.000, 0.007, 0.000]"
124.04,124.08,Liz,0.24912220239639282,,[],"[0.000, 0.000, 0.249, 0.000, 0.000, 0.005, 0.000]"
124.08,124.12,Liz,0.2403155416250229,,[],"[0.000, 0.000, 0.240, 0.000, 0.000, 0.004, 0.000]"
124.12,124.16,Liz,0.230759859085083,,[],"[0.000, 0.000, 0.231, 0.000, 0.000, 0.003, 0.000]"
124.16,124.2,Liz,0.22080297768115997,,[],"[0.000, 0.000, 0.221, 0.000, 0.000, 0.002, 0.000]"
124.2,124.24,Liz,0.21074922382831573,,[],"[0.000, 0.000, 0.211, 0.000, 0.000, 0.001, 0.000]"
124.24,124.28,Liz,0.20088063180446625,,[],"[0.000, 0.000, 0.201, 0.000, 0.000, 0.001, 0.000]"
124.28,124.32,Liz,0.1914760023355484,,[],"[0.000, 0.000, 0.191, 0.000, 0.000, 0.001, 0.000]"
124.32,124.36,Liz,0.1826852411031723,,[],"[0.000, 0.000, 0.183, 0.000, 0.000, 0.001, 0.000]"
124.36,124.4,Liz,0.1746920347213745,,[],"[0.000, 0.000, 0.175, 0.000, 0.000, 0.000, 0.000]"
124.4,124.44,Liz,0.16767974197864532,,[],"[0.000, 0.000, 0.168, 0.000, 0.000, 0.000, 0.000]"
124.44,124.48,Liz,0.16180087625980377,,[],"[0.000, 0.000, 0.162, 0.000, 0.000, 0.000, 0.000]"
124.48,124.52,Liz,0.15715739130973816,,[],"[0.000, 0.000, 0.157, 0.000, 0.000, 0.000, 0.000]"
124.52,124.56,Liz,0.1538691520690918,,[],"[0.000, 0.000, 0.154, 0.000, 0.000, 0.000, 0.000]"
124.56,124.6,Liz,0.1519826203584671,,[],"[0.000, 0.000, 0.152, 0.000, 0.000, 0.000, 0.000]"
124.6,124.64,Liz,0.15155522525310516,,[],"[0.000, 0.000, 0.152, 0.000, 0.000, 0.000, 0.000]"
124.64,124.68,Liz,0.15264563262462616,,[],"[0.000, 0.000, 0.153, 0.000, 0.000, 0.000, 0.000]"
124.68,124.72,Liz,0.15528668463230133,,[],"[0.000, 0.000, 0.155, 0.000, 0.000, 0.000, 0.000]"
124.72,124.76,Liz,0.15938404202461243,,[],"[0.000, 0.000, 0.159, 0.000, 0.000, 0.000, 0.000]"
124.76,124.8,Liz,0.16487905383110046,,[],"[0.000, 0.000, 0.165, 0.000, 0.000, 0.000, 0.000]"
124.8,124.84,Liz,0.17180296778678894,,[],"[0.000, 0.000, 0.172, 0.000, 0.000, 0.000, 0.000]"
124.84,124.88,Liz,0.18026307225227356,,[],"[0.000, 0.000, 0.180, 0.000, 0.000, 0.000, 0.000]"
124.88,124.92,Liz,0.19039613008499146,,[],"[0.000, 0.000, 0.190, 0.000, 0.000, 0.000, 0.000]"
124.92,124.96,Liz,0.20236220955848694,,[],"[0.000, 0.000, 0.202, 0.000, 0.000, 0.000, 0.000]"
124.96,125.0,Liz,0.21639665961265564,,[],"[0.000, 0.000, 0.216, 0.000, 0.000, 0.000, 0.000]"
125.0,125.04,Liz,0.23281630873680115,,[],"[0.000, 0.000, 0.233, 0.000, 0.000, 0.000, 0.000]"
125.04,125.08,Liz,0.25193163752555847,,[],"[0.000, 0.000, 0.252, 0.000, 0.000, 0.000, 0.001]"
125.08,125.12,Liz,0.27396801114082336,,[],"[0.000, 0.000, 0.274, 0.000, 0.000, 0.000, 0.001]"
125.12,125.16,Liz,0.29906049370765686,,[],"[0.000, 0.000, 0.299, 0.000, 0.000, 0.000, 0.001]"
125.16,125.2,Liz,0.327182799577713,,[],"[0.000, 0.000, 0.327, 0.000, 0.000, 0.000, 0.001]"
125.2,125.24,Liz,0.35807210206985474,,[],"[0.000, 0.000, 0.358, 0.000, 0.000, 0.000, 0.001]"
125.24,125.28,Liz,0.39120036363601685,,[],"[0.000, 0.000, 0.391, 0.000, 0.000, 0.000, 0.001]"
125.28,125.32,Liz,0.4258401393890381,,[],"[0.000, 0.000, 0.426, 0.000, 0.000, 0.000, 0.000]"
125.32,125.36,Liz,0.4612448215484619,,[],"[0.000, 0.000, 0.461, 0.000, 0.000, 0.000, 0.000]"
125.36,125.4,Liz,0.4966653287410736,,[],"[0.000, 0.000, 0.497, 0.000, 0.000, 0.000, 0.000]"
125.4,125.44,Liz,0.5314148664474487,,[],"[0.001, 0.000, 0.531, 0.000, 0.000, 0.000, 0.000]"
125.44,125.48,Liz,0.5649204850196838,Liz,[0.565],"[0.001, 0.000, 0.565, 0.000, 0.000, 0.000, 0.000]"
125.48,125.52,Liz,0.5966804027557373,Liz,[0.597],"[0.001, 0.000, 0.597, 0.000, 0.000, 0.000, 0.000]"
125.52,125.56,Liz,0.6261755228042603,Liz,[0.626],"[0.001, 0.000, 0.626, 0.000, 0.000, 0.000, 0.000]"
125.56,125.6,Liz,0.6530086398124695,Liz,[0.653],"[0.002, 0.000, 0.653, 0.000, 0.000, 0.000, 0.000]"
125.6,125.64,Liz,0.6770085692405701,Liz,[0.677],"[0.003, 0.000, 0.677, 0.001, 0.001, 0.000, 0.000]"
125.64,125.68,Liz,0.6981660723686218,Liz,[0.698],"[0.003, 0.000, 0.698, 0.001, 0.001, 0.000, 0.000]"
125.68,125.72,Liz,0.7165290117263794,Liz,[0.717],"[0.004, 0.000, 0.717, 0.001, 0.001, 0.000, 0.000]"
125.72,125.76,Liz,0.7322679162025452,Liz,[0.732],"[0.005, 0.000, 0.732, 0.001, 0.001, 0.000, 0.000]"
125.76,125.8,Liz,0.7456008195877075,Liz,[0.746],"[0.007, 0.000, 0.746, 0.001, 0.002, 0.000, 0.000]"
125.8,125.84,Liz,0.7569312453269958,Liz,[0.757],"[0.008, 0.000, 0.757, 0.001, 0.002, 0.000, 0.000]"
125.84,125.88,Liz,0.7668001651763916,Liz,[0.767],"[0.010, 0.000, 0.767, 0.001, 0.003, 0.000, 0.000]"
125.88,125.92,Liz,0.7757192254066467,Liz,[0.776],"[0.012, 0.000, 0.776, 0.001, 0.004, 0.000, 0.000]"
125.92,125.96,Liz,0.7840563654899597,Liz,[0.784],"[0.014, 0.000, 0.784, 0.001, 0.006, 0.000, 0.000]"
125.96,126.0,Liz,0.7920536994934082,Liz,[0.792],"[0.016, 0.000, 0.792, 0.002, 0.007, 0.000, 0.000]"
126.0,126.04,Liz,0.7997734546661377,Liz,[0.800],"[0.017, 0.000, 0.800, 0.002, 0.010, 0.000, 0.000]"
126.04,126.08,Liz,0.8071964979171753,Liz,[0.807],"[0.019, 0.000, 0.807, 0.003, 0.013, 0.000, 0.000]"
126.08,126.12,Liz,0.8144261240959167,Liz,[0.814],"[0.020, 0.000, 0.814, 0.003, 0.017, 0.000, 0.000]"
126.12,126.16,Liz,0.8215364813804626,Liz,[0.822],"[0.021, 0.000, 0.822, 0.004, 0.022, 0.000, 0.000]"
126.16,126.2,Liz,0.8285514712333679,Liz,[0.829],"[0.021, 0.000, 0.829, 0.006, 0.028, 0.000, 0.000]"
126.2,126.24,Liz,0.8354003429412842,Liz,[0.835],"[0.021, 0.000, 0.835, 0.008, 0.036, 0.000, 0.000]"
126.24,126.28,Liz,0.8419328331947327,Liz,[0.842],"[0.021, 0.000, 0.842, 0.011, 0.046, 0.000, 0.000]"
126.28,126.32,Liz,0.8480135202407837,Liz,[0.848],"[0.020, 0.000, 0.848, 0.016, 0.057, 0.000, 0.000]"
126.32,126.36,Liz,0.8536210060119629,Liz,[0.854],"[0.018, 0.000, 0.854, 0.022, 0.071, 0.000, 0.000]"
126.36,126.4,Liz,0.8587033152580261,Liz,[0.859],"[0.017, 0.000, 0.859, 0.031, 0.087, 0.000, 0.000]"
126.4,126.44,Liz,0.8631955981254578,Liz,[0.863],"[0.015, 0.000, 0.863, 0.043, 0.105, 0.000, 0.000]"
126.44,126.48,Liz,0.8670381307601929,Liz,[0.867],"[0.013, 0.000, 0.867, 0.059, 0.125, 0.000, 0.000]"
126.48,126.52,Liz,0.8701252937316895,Liz,[0.870],"[0.011, 0.000, 0.870, 0.080, 0.147, 0.000, 0.000]"
126.52,126.56,Liz,0.8723227381706238,Liz,[0.872],"[0.009, 0.000, 0.872, 0.106, 0.169, 0.000, 0.000]"
126.56,126.6,Liz,0.8735461831092834,Liz,[0.874],"[0.007, 0.000, 0.874, 0.137, 0.191, 0.000, 0.000]"
126.6,126.64,Liz,0.873771071434021,Liz,[0.874],"[0.006, 0.000, 0.874, 0.173, 0.212, 0.000, 0.000]"
126.64,126.68,Liz,0.8731343150138855,Liz,[0.873],"[0.004, 0.000, 0.873, 0.211, 0.232, 0.000, 0.000]"
126.68,126.72,Liz,0.8718364238739014,Liz,[0.872],"[0.003, 0.000, 0.872, 0.248, 0.250, 0.000, 0.000]"
126.72,126.76,Liz,0.8701277375221252,Liz,[0.870],"[0.002, 0.000, 0.870, 0.282, 0.265, 0.000, 0.000]"
126.76,126.8,Liz,0.8682900071144104,Liz,[0.868],"[0.002, 0.000, 0.868, 0.309, 0.276, 0.000, 0.000]"
126.8,126.84,Liz,0.8666146397590637,Liz,[0.867],"[0.001, 0.000, 0.867, 0.327, 0.284, 0.000, 0.000]"
126.84,126.88,Liz,0.8654118776321411,Liz,[0.865],"[0.001, 0.000, 0.865, 0.334, 0.288, 0.000, 0.000]"
126.88,126.92,Liz,0.8649414777755737,Liz,[0.865],"[0.001, 0.000, 0.865, 0.329, 0.288, 0.000, 0.000]"
126.92,126.96,Liz,0.8654458522796631,Liz,[0.865],"[0.000, 0.000, 0.865, 0.312, 0.285, 0.000, 0.000]"
126.96,127.0,Liz,0.8670708537101746,Liz,[0.867],"[0.000, 0.000, 0.867, 0.282, 0.279, 0.000, 0.000]"
127.0,127.04,Liz,0.8698669672012329,Liz,[0.870],"[0.000, 0.000, 0.870, 0.242, 0.270, 0.000, 0.000]"
127.04,127.08,Liz,0.8738290071487427,Liz,[0.874],"[0.000, 0.000, 0.874, 0.196, 0.258, 0.000, 0.000]"
127.08,127.12,Liz,0.8789026141166687,Liz,[0.879],"[0.000, 0.000, 0.879, 0.149, 0.243, 0.000, 0.000]"
127.12,127.16,Liz,0.8849950432777405,Liz,[0.885],"[0.000, 0.000, 0.885, 0.105, 0.227, 0.000, 0.000]"
127.16,127.2,Liz,0.8919839859008789,Liz,[0.892],"[0.000, 0.000, 0.892, 0.069, 0.210, 0.000, 0.000]"
127.2,127.24,Liz,0.8997054696083069,Liz,[0.900],"[0.000, 0.000, 0.900, 0.043, 0.192, 0.000, 0.000]"
127.24,127.28,Liz,0.9079434275627136,Liz,[0.908],"[0.000, 0.000, 0.908, 0.025, 0.173, 0.000, 0.000]"
127.28,127.32,Liz,0.9164735674858093,Liz,[0.916],"[0.000, 0.000, 0.916, 0.014, 0.155, 0.000, 0.000]"
127.32,127.36,Liz,0.9250306487083435,Liz,[0.925],"[0.000, 0.000, 0.925, 0.008, 0.137, 0.000, 0.000]"
127.36,127.4,Liz,0.9333660006523132,Liz,[0.933],"[0.000, 0.000, 0.933, 0.004, 0.120, 0.000, 0.000]"
127.4,127.44,Liz,0.9412840008735657,Liz,[0.941],"[0.000, 0.000, 0.941, 0.002, 0.105, 0.000, 0.000]"
127.44,127.48,Liz,0.9486220479011536,Liz,[0.949],"[0.000, 0.000, 0.949, 0.001, 0.090, 0.000, 0.000]"
127.48,127.52,Liz,0.9552728533744812,Liz,[0.955],"[0.000, 0.001, 0.955, 0.001, 0.077, 0.000, 0.000]"
127.52,127.56,Liz,0.9612066149711609,Liz,[0.961],"[0.000, 0.001, 0.961, 0.000, 0.066, 0.000, 0.000]"
127.56,127.6,Liz,0.9664339423179626,Liz,[0.966],"[0.000, 0.001, 0.966, 0.000, 0.056, 0.000, 0.000]"
127.6,127.64,Liz,0.9709785580635071,Liz,[0.971],"[0.000, 0.002, 0.971, 0.000, 0.047, 0.000, 0.000]"
127.64,127.68,Liz,0.9748861789703369,Liz,[0.975],"[0.000, 0.002, 0.975, 0.000, 0.039, 0.000, 0.000]"
127.68,127.72,Liz,0.9782146215438843,Liz,[0.978],"[0.000, 0.003, 0.978, 0.000, 0.033, 0.000, 0.000]"
127.72,127.76,Liz,0.9810186624526978,Liz,[0.981],"[0.000, 0.004, 0.981, 0.000, 0.027, 0.000, 0.000]"
127.76,127.8,Liz,0.9833534955978394,Liz,[0.983],"[0.000, 0.005, 0.983, 0.000, 0.023, 0.000, 0.000]"
127.8,127.84,Liz,0.9852758646011353,Liz,[0.985],"[0.000, 0.006, 0.985, 0.000, 0.019, 0.000, 0.000]"
127.84,127.88,Liz,0.9868419766426086,Liz,[0.987],"[0.000, 0.007, 0.987, 0.000, 0.017, 0.000, 0.000]"
127.88,127.92,Liz,0.9881000518798828,Liz,[0.988],"[0.000, 0.008, 0.988, 0.000, 0.014, 0.000, 0.000]"
127.92,127.96,Liz,0.9890933036804199,Liz,[0.989],"[0.000, 0.008, 0.989, 0.000, 0.012, 0.000, 0.000]"
127.96,128.0,Liz,0.9898543953895569,Liz,[0.990],"[0.000, 0.008, 0.990, 0.000, 0.011, 0.000, 0.000]"
128.0,128.04,Liz,0.9904146194458008,Liz,[0.990],"[0.000, 0.008, 0.990, 0.000, 0.010, 0.000, 0.000]"
128.04,128.08,Liz,0.9908053874969482,Liz,[0.991],"[0.000, 0.008, 0.991, 0.000, 0.009, 0.000, 0.000]"
128.08,128.12,Liz,0.991047203540802,Liz,[0.991],"[0.000, 0.007, 0.991, 0.000, 0.008, 0.001, 0.000]"
128.12,128.16,Liz,0.9911531805992126,Liz,[0.991],"[0.000, 0.006, 0.991, 0.000, 0.008, 0.001, 0.000]"
128.16,128.2,Liz,0.9911352396011353,Liz,[0.991],"[0.000, 0.006, 0.991, 0.000, 0.008, 0.001, 0.000]"
128.2,128.24,Liz,0.9910058975219727,Liz,[0.991],"[0.000, 0.005, 0.991, 0.000, 0.007, 0.001, 0.000]"
128.24,128.28,Liz,0.990778923034668,Liz,[0.991],"[0.000, 0.004, 0.991, 0.000, 0.007, 0.001, 0.000]"
128.28,128.32,Liz,0.9904667735099792,Liz,[0.990],"[0.000, 0.003, 0.990, 0.000, 0.007, 0.000, 0.000]"
128.32,128.36,Liz,0.9900738000869751,Liz,[0.990],"[0.000, 0.003, 0.990, 0.000, 0.007, 0.000, 0.000]"
128.36,128.4,Liz,0.9896021485328674,Liz,[0.990],"[0.000, 0.002, 0.990, 0.000, 0.007, 0.000, 0.000]"
128.4,128.44,Liz,0.9890586733818054,Liz,[0.989],"[0.000, 0.002, 0.989, 0.000, 0.007, 0.000, 0.000]"
128.44,128.48,Liz,0.9884508848190308,Liz,[0.988],"[0.000, 0.001, 0.988, 0.000, 0.007, 0.000, 0.000]"
128.48,128.52,Liz,0.987784206867218,Liz,[0.988],"[0.001, 0.001, 0.988, 0.000, 0.007, 0.000, 0.000]"
128.52,128.56,Liz,0.9870696067810059,Liz,[0.987],"[0.001, 0.001, 0.987, 0.000, 0.007, 0.000, 0.000]"
128.56,128.6,Liz,0.9863161444664001,Liz,[0.986],"[0.001, 0.001, 0.986, 0.000, 0.007, 0.000, 0.000]"
128.6,128.64,Liz,0.9855279326438904,Liz,[0.986],"[0.002, 0.001, 0.986, 0.000, 0.007, 0.000, 0.000]"
128.64,128.68,Liz,0.9846925735473633,Liz,[0.985],"[0.003, 0.000, 0.985, 0.000, 0.007, 0.000, 0.000]"
128.68,128.72,Liz,0.9837940335273743,Liz,[0.984],"[0.004, 0.000, 0.984, 0.000, 0.007, 0.000, 0.000]"
128.72,128.76,Liz,0.9828189015388489,Liz,[0.983],"[0.005, 0.000, 0.983, 0.000, 0.006, 0.000, 0.000]"
128.76,128.8,Liz,0.9817503690719604,Liz,[0.982],"[0.006, 0.000, 0.982, 0.000, 0.006, 0.000, 0.000]"
128.8,128.84,Liz,0.9805678725242615,Liz,[0.981],"[0.008, 0.000, 0.981, 0.000, 0.005, 0.000, 0.000]"
128.84,128.88,Liz,0.9792431592941284,Liz,[0.979],"[0.009, 0.000, 0.979, 0.000, 0.005, 0.000, 0.000]"
128.88,128.92,Liz,0.9777474999427795,Liz,[0.978],"[0.011, 0.000, 0.978, 0.000, 0.004, 0.000, 0.000]"
128.92,128.96,Liz,0.9760413765907288,Liz,[0.976],"[0.013, 0.000, 0.976, 0.000, 0.004, 0.000, 0.000]"
128.96,129.0,Liz,0.9740830063819885,Liz,[0.974],"[0.015, 0.000, 0.974, 0.000, 0.003, 0.000, 0.000]"
129.0,129.04,Liz,0.9718339443206787,Liz,[0.972],"[0.017, 0.000, 0.972, 0.000, 0.003, 0.000, 0.000]"
129.04,129.08,Liz,0.9692590832710266,Liz,[0.969],"[0.018, 0.000, 0.969, 0.000, 0.002, 0.000, 0.000]"
129.08,129.12,Liz,0.9663079380989075,Liz,[0.966],"[0.019, 0.000, 0.966, 0.000, 0.002, 0.000, 0.000]"
129.12,129.16,Liz,0.9629179239273071,Liz,[0.963],"[0.020, 0.000, 0.963, 0.000, 0.002, 0.000, 0.000]"
129.16,129.2,Liz,0.9590111970901489,Liz,[0.959],"[0.021, 0.000, 0.959, 0.000, 0.001, 0.000, 0.000]"
129.2,129.24,Liz,0.9544956684112549,Liz,[0.954],"[0.021, 0.000, 0.954, 0.000, 0.001, 0.000, 0.000]"
129.24,129.28,Liz,0.9492839574813843,Liz,[0.949],"[0.022, 0.000, 0.949, 0.000, 0.001, 0.000, 0.000]"
129.28,129.32,Liz,0.9432822465896606,Liz,[0.943],"[0.022, 0.000, 0.943, 0.000, 0.001, 0.000, 0.000]"
129.32,129.36,Liz,0.9363927245140076,Liz,[0.936],"[0.022, 0.000, 0.936, 0.000, 0.001, 0.000, 0.000]"
129.36,129.4,Liz,0.928517758846283,Liz,[0.929],"[0.022, 0.000, 0.929, 0.000, 0.000, 0.000, 0.000]"
129.4,129.44,Liz,0.9195379614830017,Liz,[0.920],"[0.021, 0.000, 0.920, 0.000, 0.000, 0.000, 0.000]"
129.44,129.48,Liz,0.9093395471572876,Liz,[0.909],"[0.021, 0.000, 0.909, 0.000, 0.000, 0.000, 0.000]"
129.48,129.52,Liz,0.8978152275085449,Liz,[0.898],"[0.022, 0.000, 0.898, 0.000, 0.000, 0.000, 0.000]"
129.52,129.56,Liz,0.8848482370376587,Liz,[0.885],"[0.022, 0.000, 0.885, 0.000, 0.000, 0.000, 0.000]"
129.56,129.6,Liz,0.8703407645225525,Liz,[0.870],"[0.022, 0.000, 0.870, 0.000, 0.000, 0.000, 0.000]"
129.6,129.64,Liz,0.8542194962501526,Liz,[0.854],"[0.023, 0.000, 0.854, 0.000, 0.000, 0.000, 0.000]"
129.64,129.68,Liz,0.8364441394805908,Liz,[0.836],"[0.025, 0.000, 0.836, 0.000, 0.000, 0.000, 0.000]"
129.68,129.72,Liz,0.8171001672744751,Liz,[0.817],"[0.026, 0.000, 0.817, 0.000, 0.000, 0.000, 0.000]"
129.72,129.76,Liz,0.7963600754737854,Liz,[0.796],"[0.029, 0.000, 0.796, 0.000, 0.000, 0.000, 0.000]"
129.76,129.8,Liz,0.7744303345680237,Liz,[0.774],"[0.032, 0.000, 0.774, 0.000, 0.000, 0.000, 0.000]"
129.8,129.84,Liz,0.751491904258728,Liz,[0.751],"[0.036, 0.000, 0.751, 0.000, 0.000, 0.000, 0.000]"
129.84,129.88,Liz,0.7276803851127625,Liz,[0.728],"[0.041, 0.000, 0.728, 0.000, 0.000, 0.000, 0.000]"
129.88,129.92,Liz,0.7031041383743286,Liz,[0.703],"[0.048, 0.000, 0.703, 0.000, 0.000, 0.000, 0.000]"
129.92,129.96,Liz,0.6779067516326904,Liz,[0.678],"[0.057, 0.000, 0.678, 0.000, 0.000, 0.000, 0.000]"
129.96,130.0,Liz,0.6523662209510803,Liz,[0.652],"[0.068, 0.000, 0.652, 0.000, 0.000, 0.000, 0.000]"
130.0,130.04,Liz,0.6268602609634399,Liz,[0.627],"[0.083, 0.000, 0.627, 0.000, 0.000, 0.000, 0.000]"
130.04,130.08,Liz,0.6016242504119873,Liz,[0.602],"[0.102, 0.000, 0.602, 0.000, 0.000, 0.000, 0.000]"
130.08,130.12,Liz,0.5767722725868225,Liz,[0.577],"[0.126, 0.000, 0.577, 0.000, 0.000, 0.000, 0.000]"
130.12,130.16,Liz,0.5523557066917419,Liz,[0.552],"[0.156, 0.000, 0.552, 0.000, 0.000, 0.000, 0.000]"
130.16,130.2,Liz,0.5284165740013123,Liz,[0.528],"[0.193, 0.000, 0.528, 0.000, 0.000, 0.000, 0.000]"
130.2,130.24,Liz,0.5050356388092041,Liz,[0.505],"[0.237, 0.000, 0.505, 0.000, 0.000, 0.000, 0.000]"
130.24,130.28,Liz,0.4823112487792969,Liz,[0.482],"[0.287, 0.000, 0.482, 0.000, 0.000, 0.000, 0.000]"
130.28,130.32,Liz,0.4602726101875305,Liz,[0.460],"[0.343, 0.000, 0.460, 0.000, 0.000, 0.000, 0.000]"
130.32,130.36,Liz,0.43890753388404846,,[],"[0.403, 0.000, 0.439, 0.000, 0.000, 0.000, 0.000]"
130.36,130.4,Gaeul,0.4633881449699402,,[],"[0.463, 0.000, 0.418, 0.000, 0.000, 0.000, 0.000]"
130.4,130.44,Gaeul,0.5224690437316895,,[],"[0.522, 0.000, 0.398, 0.000, 0.000, 0.000, 0.000]"
130.44,130.48,Gaeul,0.5780096650123596,Gaeul,[0.578],"[0.578, 0.000, 0.378, 0.000, 0.000, 0.000, 0.000]"
130.48,130.52,Gaeul,0.6286724209785461,Gaeul,[0.629],"[0.629, 0.000, 0.358, 0.000, 0.000, 0.001, 0.000]"
130.52,130.56,Gaeul,0.6735406517982483,Gaeul,[0.674],"[0.674, 0.000, 0.339, 0.000, 0.000, 0.001, 0.000]"
130.56,130.6,Gaeul,0.7121531963348389,Gaeul,[0.712],"[0.712, 0.000, 0.321, 0.000, 0.000, 0.002, 0.000]"
130.6,130.64,Gaeul,0.7443321347236633,Gaeul,[0.744],"[0.744, 0.000, 0.303, 0.000, 0.000, 0.002, 0.000]"
130.64,130.68,Gaeul,0.7706088423728943,Gaeul,[0.771],"[0.771, 0.000, 0.285, 0.000, 0.000, 0.004, 0.000]"
130.68,130.72,Gaeul,0.7916306853294373,Gaeul,[0.792],"[0.792, 0.000, 0.268, 0.000, 0.000, 0.006, 0.000]"
130.72,130.76,Gaeul,0.8079773783683777,Gaeul,[0.808],"[0.808, 0.000, 0.251, 0.000, 0.000, 0.009, 0.000]"
130.76,130.8,Gaeul,0.8200593590736389,Gaeul,[0.820],"[0.820, 0.000, 0.234, 0.000, 0.000, 0.013, 0.000]"
130.8,130.84,Gaeul,0.8282119631767273,Gaeul,[0.828],"[0.828, 0.000, 0.216, 0.000, 0.000, 0.019, 0.000]"
130.84,130.88,Gaeul,0.8327471017837524,Gaeul,[0.833],"[0.833, 0.000, 0.198, 0.000, 0.000, 0.027, 0.000]"
130.88,130.92,Gaeul,0.8339910507202148,Gaeul,[0.834],"[0.834, 0.000, 0.179, 0.000, 0.000, 0.039, 0.000]"
130.92,130.96,Gaeul,0.8322358131408691,Gaeul,[0.832],"[0.832, 0.000, 0.160, 0.000, 0.000, 0.055, 0.000]"
130.96,131.0,Gaeul,0.8277906179428101,Gaeul,[0.828],"[0.828, 0.000, 0.141, 0.000, 0.000, 0.076, 0.000]"
131.0,131.04,Gaeul,0.8210195302963257,Gaeul,[0.821],"[0.821, 0.000, 0.122, 0.000, 0.000, 0.103, 0.000]"
131.04,131.08,Gaeul,0.8123737573623657,Gaeul,[0.812],"[0.812, 0.000, 0.103, 0.000, 0.000, 0.136, 0.000]"
131.08,131.12,Gaeul,0.802467942237854,Gaeul,[0.802],"[0.802, 0.000, 0.086, 0.000, 0.000, 0.177, 0.000]"
131.12,131.16,Gaeul,0.7920488119125366,Gaeul,[0.792],"[0.792, 0.000, 0.069, 0.000, 0.000, 0.225, 0.000]"
131.16,131.2,Gaeul,0.7820021510124207,Gaeul,[0.782],"[0.782, 0.000, 0.054, 0.000, 0.000, 0.279, 0.000]"
131.2,131.24,Gaeul,0.7732256650924683,Gaeul,[0.773],"[0.773, 0.000, 0.042, 0.000, 0.000, 0.337, 0.000]"
131.24,131.28,Gaeul,0.7665872573852539,Gaeul,[0.767],"[0.767, 0.000, 0.031, 0.000, 0.000, 0.399, 0.000]"
131.28,131.32,Gaeul,0.7628493309020996,Gaeul,[0.763],"[0.763, 0.000, 0.023, 0.000, 0.000, 0.461, 0.000]"
131.32,131.36,Gaeul,0.7625749111175537,Gaeul,[0.763],"[0.763, 0.000, 0.016, 0.000, 0.000, 0.522, 0.000]"
131.36,131.4,Gaeul,0.7660244107246399,Gaeul|Yujin,"[0.766, 0.579]","[0.766, 0.000, 0.012, 0.000, 0.000, 0.579, 0.000]"
131.4,131.44,Gaeul,0.7732998132705688,Gaeul|Yujin,"[0.773, 0.633]","[0.773, 0.000, 0.008, 0.000, 0.000, 0.633, 0.000]"
131.44,131.48,Gaeul,0.7842416167259216,Gaeul|Yujin,"[0.784, 0.681]","[0.784, 0.000, 0.005, 0.000, 0.000, 0.681, 0.000]"
131.48,131.52,Gaeul,0.7983817458152771,Gaeul|Yujin,"[0.798, 0.724]","[0.798, 0.000, 0.004, 0.000, 0.000, 0.724, 0.000]"
131.52,131.56,Gaeul,0.815026044845581,Gaeul|Yujin,"[0.815, 0.762]","[0.815, 0.000, 0.002, 0.000, 0.000, 0.762, 0.000]"
131.56,131.6,Gaeul,0.8333016633987427,Gaeul|Yujin,"[0.833, 0.794]","[0.833, 0.000, 0.002, 0.000, 0.000, 0.794, 0.000]"
131.6,131.64,Gaeul,0.8523233532905579,Gaeul|Yujin,"[0.852, 0.821]","[0.852, 0.000, 0.001, 0.000, 0.000, 0.821, 0.000]"
131.64,131.68,Gaeul,0.8712138533592224,Gaeul|Yujin,"[0.871, 0.843]","[0.871, 0.000, 0.001, 0.000, 0.000, 0.843, 0.000]"
131.68,131.72,Gaeul,0.8892723917961121,Gaeul|Yujin,"[0.889, 0.861]","[0.889, 0.000, 0.001, 0.000, 0.000, 0.861, 0.000]"
131.72,131.76,Gaeul,0.9059324860572815,Gaeul|Yujin,"[0.906, 0.877]","[0.906, 0.000, 0.000, 0.000, 0.000, 0.877, 0.000]"
131.76,131.8,Gaeul,0.9208305478096008,Gaeul|Yujin,"[0.921, 0.889]","[0.921, 0.001, 0.000, 0.000, 0.000, 0.889, 0.000]"
131.8,131.84,Gaeul,0.9338008761405945,Gaeul|Yujin,"[0.934, 0.898]","[0.934, 0.001, 0.000, 0.000, 0.000, 0.898, 0.000]"
131.84,131.88,Gaeul,0.9448339343070984,Gaeul|Yujin,"[0.945, 0.905]","[0.945, 0.001, 0.000, 0.000, 0.000, 0.905, 0.000]"
131.88,131.92,Gaeul,0.9540356993675232,Gaeul|Yujin,"[0.954, 0.910]","[0.954, 0.002, 0.000, 0.000, 0.000, 0.910, 0.000]"
131.92,131.96,Gaeul,0.9615921974182129,Gaeul|Yujin,"[0.962, 0.914]","[0.962, 0.004, 0.000, 0.000, 0.000, 0.914, 0.000]"
131.96,132.0,Gaeul,0.9677015542984009,Gaeul|Yujin,"[0.968, 0.915]","[0.968, 0.006, 0.000, 0.000, 0.000, 0.915, 0.000]"
132.0,132.04,Gaeul,0.9725639224052429,Gaeul|Yujin,"[0.973, 0.915]","[0.973, 0.009, 0.000, 0.000, 0.000, 0.915, 0.000]"
132.04,132.08,Gaeul,0.976375162601471,Gaeul|Yujin,"[0.976, 0.914]","[0.976, 0.013, 0.000, 0.000, 0.000, 0.914, 0.000]"
132.08,132.12,Gaeul,0.9793210029602051,Gaeul|Yujin,"[0.979, 0.910]","[0.979, 0.019, 0.000, 0.000, 0.000, 0.910, 0.000]"
132.12,132.16,Gaeul,0.9815534353256226,Gaeul|Yujin,"[0.982, 0.905]","[0.982, 0.028, 0.000, 0.000, 0.000, 0.905, 0.000]"
132.16,132.2,Gaeul,0.9831892251968384,Gaeul|Yujin,"[0.983, 0.897]","[0.983, 0.040, 0.000, 0.000, 0.000, 0.897, 0.000]"
132.2,132.24,Gaeul,0.9843116402626038,Gaeul|Yujin,"[0.984, 0.887]","[0.984, 0.054, 0.000, 0.000, 0.000, 0.887, 0.000]"
132.24,132.28,Gaeul,0.9849831461906433,Gaeul|Yujin,"[0.985, 0.874]","[0.985, 0.073, 0.000, 0.000, 0.000, 0.874, 0.000]"
132.28,132.32,Gaeul,0.9852505922317505,Gaeul|Yujin,"[0.985, 0.857]","[0.985, 0.093, 0.000, 0.000, 0.000, 0.857, 0.000]"
132.32,132.36,Gaeul,0.9851427674293518,Gaeul|Yujin,"[0.985, 0.837]","[0.985, 0.116, 0.000, 0.000, 0.000, 0.837, 0.000]"
132.36,132.4,Gaeul,0.9846663475036621,Gaeul|Yujin,"[0.985, 0.813]","[0.985, 0.139, 0.000, 0.000, 0.001, 0.813, 0.000]"
132.4,132.44,Gaeul,0.9838042855262756,Gaeul|Yujin,"[0.984, 0.783]","[0.984, 0.160, 0.000, 0.000, 0.001, 0.783, 0.000]"
132.44,132.48,Gaeul,0.9825182557106018,Gaeul|Yujin,"[0.983, 0.749]","[0.983, 0.180, 0.000, 0.000, 0.001, 0.749, 0.000]"
132.48,132.52,Gaeul,0.980749249458313,Gaeul|Yujin,"[0.981, 0.708]","[0.981, 0.196, 0.000, 0.000, 0.001, 0.708, 0.000]"
132.52,132.56,Gaeul,0.9784239530563354,Gaeul|Yujin,"[0.978, 0.663]","[0.978, 0.209, 0.000, 0.000, 0.002, 0.663, 0.000]"
132.56,132.6,Gaeul,0.9754608273506165,Gaeul|Yujin,"[0.975, 0.614]","[0.975, 0.216, 0.000, 0.000, 0.002, 0.614, 0.000]"
132.6,132.64,Gaeul,0.9717844724655151,Gaeul|Yujin,"[0.972, 0.563]","[0.972, 0.220, 0.000, 0.000, 0.003, 0.563, 0.000]"
132.64,132.68,Gaeul,0.9672672748565674,Gaeul|Yujin,"[0.967, 0.512]","[0.967, 0.219, 0.000, 0.000, 0.003, 0.512, 0.000]"
132.68,132.72,Gaeul,0.9617553353309631,Gaeul|Yujin,"[0.962, 0.462]","[0.962, 0.214, 0.000, 0.000, 0.004, 0.462, 0.000]"
132.72,132.76,Gaeul,0.9551377296447754,Gaeul,[0.955],"[0.955, 0.206, 0.000, 0.000, 0.005, 0.415, 0.000]"
132.76,132.8,Gaeul,0.9473870992660522,Gaeul,[0.947],"[0.947, 0.194, 0.000, 0.000, 0.005, 0.372, 0.000]"
132.8,132.84,Gaeul,0.9385782480239868,Gaeul,[0.939],"[0.939, 0.179, 0.000, 0.000, 0.006, 0.335, 0.000]"
132.84,132.88,Gaeul,0.9289273619651794,Gaeul,[0.929],"[0.929, 0.162, 0.000, 0.000, 0.007, 0.302, 0.000]"
132.88,132.92,Gaeul,0.918783962726593,Gaeul,[0.919],"[0.919, 0.143, 0.000, 0.000, 0.007, 0.275, 0.000]"
132.92,132.96,Gaeul,0.9086111783981323,Gaeul,[0.909],"[0.909, 0.125, 0.000, 0.000, 0.008, 0.253, 0.000]"
132.96,133.0,Gaeul,0.8989108204841614,Gaeul,[0.899],"[0.899, 0.107, 0.000, 0.000, 0.009, 0.236, 0.000]"
133.0,133.04,Gaeul,0.8901131749153137,Gaeul,[0.890],"[0.890, 0.090, 0.000, 0.000, 0.009, 0.224, 0.000]"
133.04,133.08,Gaeul,0.8825173377990723,Gaeul,[0.883],"[0.883, 0.074, 0.000, 0.000, 0.010, 0.216, 0.000]"
133.08,133.12,Gaeul,0.8762915730476379,Gaeul,[0.876],"[0.876, 0.060, 0.000, 0.000, 0.011, 0.212, 0.000]"
133.12,133.16,Gaeul,0.8715029358863831,Gaeul,[0.872],"[0.872, 0.048, 0.001, 0.000, 0.012, 0.212, 0.000]"
133.16,133.2,Gaeul,0.868114709854126,Gaeul,[0.868],"[0.868, 0.038, 0.001, 0.000, 0.013, 0.216, 0.000]"
133.2,133.24,Gaeul,0.8659301400184631,Gaeul,[0.866],"[0.866, 0.029, 0.001, 0.000, 0.014, 0.226, 0.000]"
133.24,133.28,Gaeul,0.8647657036781311,Gaeul,[0.865],"[0.865, 0.022, 0.001, 0.000, 0.015, 0.240, 0.000]"
133.28,133.32,Gaeul,0.864505410194397,Gaeul,[0.865],"[0.865, 0.017, 0.002, 0.000, 0.017, 0.260, 0.000]"
133.32,133.36,Gaeul,0.8650194406509399,Gaeul,[0.865],"[0.865, 0.013, 0.003, 0.000, 0.018, 0.287, 0.000]"
133.36,133.4,Gaeul,0.8661834597587585,Gaeul,[0.866],"[0.866, 0.009, 0.003, 0.000, 0.019, 0.321, 0.000]"
133.4,133.44,Gaeul,0.8679116368293762,Gaeul,[0.868],"[0.868, 0.007, 0.004, 0.000, 0.021, 0.363, 0.000]"
133.44,133.48,Gaeul,0.8701065182685852,Gaeul,[0.870],"[0.870, 0.005, 0.006, 0.000, 0.023, 0.412, 0.000]"
133.48,133.52,Gaeul,0.8726668953895569,Gaeul,[0.873],"[0.873, 0.003, 0.007, 0.000, 0.024, 0.467, 0.000]"
133.52,133.56,Gaeul,0.8754643201828003,Gaeul,[0.875],"[0.875, 0.002, 0.008, 0.000, 0.026, 0.528, 0.000]"
133.56,133.6,Gaeul,0.8783080577850342,Gaeul|Yujin,"[0.878, 0.591]","[0.878, 0.002, 0.009, 0.000, 0.027, 0.591, 0.000]"
133.6,133.64,Gaeul,0.8809632658958435,Gaeul|Yujin,"[0.881, 0.654]","[0.881, 0.001, 0.011, 0.000, 0.028, 0.654, 0.000]"
133.64,133.68,Gaeul,0.8832073211669922,Gaeul|Yujin,"[0.883, 0.713]","[0.883, 0.001, 0.011, 0.000, 0.029, 0.713, 0.000]"
133.68,133.72,Gaeul,0.884769082069397,Gaeul|Yujin,"[0.885, 0.766]","[0.885, 0.001, 0.012, 0.000, 0.030, 0.766, 0.000]"
133.72,133.76,Gaeul,0.8853839039802551,Gaeul|Yujin,"[0.885, 0.813]","[0.885, 0.000, 0.012, 0.000, 0.031, 0.813, 0.000]"
133.76,133.8,Gaeul,0.8848418593406677,Gaeul|Yujin,"[0.885, 0.852]","[0.885, 0.000, 0.012, 0.000, 0.031, 0.852, 0.000]"
133.8,133.84,Yujin,0.8838628530502319,Gaeul|Yujin,"[0.883, 0.884]","[0.883, 0.000, 0.012, 0.000, 0.031, 0.884, 0.000]"
133.84,133.88,Yujin,0.9093056917190552,Gaeul|Yujin,"[0.880, 0.909]","[0.880, 0.000, 0.011, 0.000, 0.030, 0.909, 0.000]"
133.88,133.92,Yujin,0.929266631603241,Gaeul|Yujin,"[0.875, 0.929]","[0.875, 0.000, 0.010, 0.000, 0.030, 0.929, 0.000]"
133.92,133.96,Yujin,0.9447226524353027,Gaeul|Yujin,"[0.868, 0.945]","[0.868, 0.000, 0.009, 0.000, 0.029, 0.945, 0.000]"
133.96,134.0,Yujin,0.9565907120704651,Gaeul|Yujin,"[0.858, 0.957]","[0.858, 0.000, 0.008, 0.000, 0.028, 0.957, 0.000]"
134.0,134.04,Yujin,0.9656597375869751,Gaeul|Yujin,"[0.846, 0.966]","[0.846, 0.000, 0.007, 0.000, 0.026, 0.966, 0.000]"
134.04,134.08,Yujin,0.972579836845398,Gaeul|Yujin,"[0.832, 0.973]","[0.832, 0.000, 0.006, 0.000, 0.025, 0.973, 0.000]"
134.08,134.12,Yujin,0.9778627157211304,Gaeul|Yujin,"[0.814, 0.978]","[0.814, 0.000, 0.005, 0.000, 0.024, 0.978, 0.000]"
134.12,134.16,Yujin,0.9818938970565796,Gaeul|Yujin,"[0.793, 0.982]","[0.793, 0.000, 0.005, 0.000, 0.022, 0.982, 0.000]"
134.16,134.2,Yujin,0.9849680066108704,Gaeul|Yujin,"[0.767, 0.985]","[0.767, 0.000, 0.004, 0.000, 0.020, 0.985, 0.000]"
134.2,134.24,Yujin,0.987308919429779,Gaeul|Yujin,"[0.738, 0.987]","[0.738, 0.000, 0.003, 0.000, 0.019, 0.987, 0.000]"
134.24,134.28,Yujin,0.9890838265419006,Gaeul|Yujin,"[0.705, 0.989]","[0.705, 0.000, 0.003, 0.000, 0.017, 0.989, 0.000]"
134.28,134.32,Yujin,0.9904091358184814,Gaeul|Yujin,"[0.669, 0.990]","[0.669, 0.000, 0.002, 0.000, 0.016, 0.990, 0.000]"
134.32,134.36,Yujin,0.9913681149482727,Gaeul|Yujin,"[0.631, 0.991]","[0.631, 0.000, 0.002, 0.000, 0.014, 0.991, 0.000]"
134.36,134.4,Yujin,0.9920269846916199,Gaeul|Yujin,"[0.591, 0.992]","[0.591, 0.000, 0.002, 0.000, 0.013, 0.992, 0.000]"
134.4,134.44,Yujin,0.9924382567405701,Gaeul|Yujin,"[0.551, 0.992]","[0.551, 0.000, 0.002, 0.000, 0.012, 0.992, 0.000]"
134.44,134.48,Yujin,0.9926371574401855,Gaeul|Yujin,"[0.512, 0.993]","[0.512, 0.000, 0.001, 0.000, 0.011, 0.993, 0.000]"
134.48,134.52,Yujin,0.9926425814628601,Gaeul|Yujin,"[0.474, 0.993]","[0.474, 0.000, 0.001, 0.000, 0.009, 0.993, 0.000]"
134.52,134.56,Yujin,0.9924634695053101,Yujin,[0.992],"[0.439, 0.000, 0.001, 0.000, 0.008, 0.992, 0.000]"
134.56,134.6,Yujin,0.9920990467071533,Yujin,[0.992],"[0.407, 0.000, 0.001, 0.000, 0.008, 0.992, 0.000]"
134.6,134.64,Yujin,0.9915370941162109,Yujin,[0.992],"[0.378, 0.000, 0.001, 0.000, 0.007, 0.992, 0.000]"
134.64,134.68,Yujin,0.9907492995262146,Yujin,[0.991],"[0.355, 0.000, 0.001, 0.000, 0.006, 0.991, 0.000]"
134.68,134.72,Yujin,0.9896891117095947,Yujin,[0.990],"[0.335, 0.000, 0.000, 0.000, 0.005, 0.990, 0.000]"
134.72,134.76,Yujin,0.9883028864860535,Yujin,[0.988],"[0.319, 0.000, 0.000, 0.000, 0.005, 0.988, 0.000]"
134.76,134.8,Yujin,0.9865226149559021,Yujin,[0.987],"[0.308, 0.000, 0.000, 0.000, 0.004, 0.987, 0.000]"
134.8,134.84,Yujin,0.9842610359191895,Yujin,[0.984],"[0.300, 0.000, 0.000, 0.000, 0.004, 0.984, 0.000]"
134.84,134.88,Yujin,0.9814147353172302,Yujin,[0.981],"[0.295, 0.000, 0.000, 0.000, 0.003, 0.981, 0.000]"
134.88,134.92,Yujin,0.9778583645820618,Yujin,[0.978],"[0.293, 0.000, 0.000, 0.000, 0.003, 0.978, 0.000]"
134.92,134.96,Yujin,0.9734326004981995,Yujin,[0.973],"[0.293, 0.000, 0.000, 0.000, 0.002, 0.973, 0.000]"
134.96,135.0,Yujin,0.9679737687110901,Yujin,[0.968],"[0.296, 0.000, 0.000, 0.000, 0.002, 0.968, 0.000]"
135.0,135.04,Yujin,0.9613311290740967,Yujin,[0.961],"[0.300, 0.000, 0.000, 0.000, 0.002, 0.961, 0.000]"
135.04,135.08,Yujin,0.9533682465553284,Yujin,[0.953],"[0.307, 0.000, 0.000, 0.000, 0.001, 0.953, 0.000]"
135.08,135.12,Yujin,0.9439555406570435,Yujin,[0.944],"[0.316, 0.000, 0.000, 0.000, 0.001, 0.944, 0.000]"
135.12,135.16,Yujin,0.9330058693885803,Yujin,[0.933],"[0.326, 0.000, 0.000, 0.000, 0.001, 0.933, 0.000]"
135.16,135.2,Yujin,0.920548141002655,Yujin,[0.921],"[0.337, 0.000, 0.000, 0.000, 0.001, 0.921, 0.000]"
135.2,135.24,Yujin,0.9067725539207458,Yujin,[0.907],"[0.350, 0.000, 0.000, 0.000, 0.001, 0.907, 0.000]"
135.24,135.28,Yujin,0.892029881477356,Yujin,[0.892],"[0.363, 0.000, 0.000, 0.000, 0.001, 0.892, 0.000]"
135.28,135.32,Yujin,0.8767938613891602,Yujin,[0.877],"[0.378, 0.000, 0.000, 0.000, 0.000, 0.877, 0.000]"
135.32,135.36,Yujin,0.8616620302200317,Yujin,[0.862],"[0.392, 0.000, 0.000, 0.000, 0.000, 0.862, 0.000]"
135.36,135.4,Yujin,0.8473147749900818,Yujin,[0.847],"[0.407, 0.000, 0.000, 0.000, 0.000, 0.847, 0.000]"
135.4,135.44,Yujin,0.8344728350639343,Yujin,[0.834],"[0.421, 0.000, 0.000, 0.000, 0.000, 0.834, 0.000]"
135.44,135.48,Yujin,0.8238365054130554,Yujin,[0.824],"[0.434, 0.000, 0.000, 0.000, 0.000, 0.824, 0.000]"
135.48,135.52,Yujin,0.8160106539726257,Yujin,[0.816],"[0.446, 0.000, 0.000, 0.000, 0.000, 0.816, 0.000]"
135.52,135.56,Yujin,0.8113642334938049,Yujin,[0.811],"[0.457, 0.000, 0.000, 0.000, 0.000, 0.811, 0.000]"
135.56,135.6,Yujin,0.8101760149002075,Yujin,[0.810],"[0.467, 0.000, 0.000, 0.000, 0.000, 0.810, 0.000]"
135.6,135.64,Yujin,0.8125821352005005,Yujin,[0.813],"[0.476, 0.000, 0.000, 0.000, 0.000, 0.813, 0.000]"
135.64,135.68,Yujin,0.8184890151023865,Yujin,[0.818],"[0.485, 0.000, 0.000, 0.000, 0.000, 0.818, 0.000]"
135.68,135.72,Yujin,0.8274490237236023,Yujin,[0.827],"[0.493, 0.000, 0.000, 0.000, 0.000, 0.827, 0.000]"
135.72,135.76,Yujin,0.838824987411499,Yujin,[0.839],"[0.502, 0.000, 0.000, 0.000, 0.000, 0.839, 0.000]"
135.76,135.8,Yujin,0.851895809173584,Yujin,[0.852],"[0.511, 0.000, 0.000, 0.000, 0.000, 0.852, 0.000]"
135.8,135.84,Yujin,0.8659119606018066,Yujin,[0.866],"[0.523, 0.000, 0.000, 0.000, 0.000, 0.866, 0.000]"
135.84,135.88,Yujin,0.8801648020744324,Yujin,[0.880],"[0.536, 0.000, 0.000, 0.000, 0.000, 0.880, 0.000]"
135.88,135.92,Yujin,0.8940107226371765,Gaeul|Yujin,"[0.551, 0.894]","[0.551, 0.000, 0.000, 0.000, 0.000, 0.894, 0.000]"
135.92,135.96,Yujin,0.9069830179214478,Gaeul|Yujin,"[0.568, 0.907]","[0.568, 0.000, 0.000, 0.000, 0.000, 0.907, 0.000]"
135.96,136.0,Yujin,0.9187443256378174,Gaeul|Yujin,"[0.588, 0.919]","[0.588, 0.000, 0.000, 0.000, 0.000, 0.919, 0.000]"
136.0,136.04,Yujin,0.9291263818740845,Gaeul|Yujin,"[0.611, 0.929]","[0.611, 0.000, 0.000, 0.000, 0.000, 0.929, 0.000]"
136.04,136.08,Yujin,0.9380868673324585,Gaeul|Yujin,"[0.636, 0.938]","[0.636, 0.000, 0.000, 0.000, 0.000, 0.938, 0.000]"
136.08,136.12,Yujin,0.9456732869148254,Gaeul|Yujin,"[0.662, 0.946]","[0.662, 0.000, 0.000, 0.000, 0.000, 0.946, 0.000]"
136.12,136.16,Yujin,0.9520290493965149,Gaeul|Yujin,"[0.690, 0.952]","[0.690, 0.000, 0.000, 0.000, 0.000, 0.952, 0.000]"
136.16,136.2,Yujin,0.957323431968689,Gaeul|Yujin,"[0.719, 0.957]","[0.719, 0.000, 0.000, 0.000, 0.000, 0.957, 0.000]"
136.2,136.24,Yujin,0.9617175459861755,Gaeul|Yujin,"[0.748, 0.962]","[0.748, 0.000, 0.000, 0.000, 0.000, 0.962, 0.000]"
136.24,136.28,Yujin,0.9653401374816895,Gaeul|Yujin,"[0.776, 0.965]","[0.776, 0.000, 0.000, 0.000, 0.000, 0.965, 0.000]"
136.28,136.32,Yujin,0.9683187007904053,Gaeul|Yujin,"[0.802, 0.968]","[0.802, 0.000, 0.000, 0.000, 0.000, 0.968, 0.000]"
136.32,136.36,Yujin,0.9707613587379456,Gaeul|Yujin,"[0.825, 0.971]","[0.825, 0.000, 0.000, 0.000, 0.000, 0.971, 0.000]"
136.36,136.4,Yujin,0.9727516174316406,Gaeul|Yujin,"[0.845, 0.973]","[0.845, 0.000, 0.000, 0.000, 0.000, 0.973, 0.000]"
136.4,136.44,Yujin,0.9743301868438721,Gaeul|Yujin,"[0.862, 0.974]","[0.862, 0.000, 0.000, 0.000, 0.001, 0.974, 0.000]"
136.44,136.48,Yujin,0.9755159616470337,Gaeul|Yujin,"[0.875, 0.976]","[0.875, 0.000, 0.000, 0.000, 0.001, 0.976, 0.000]"
136.48,136.52,Yujin,0.9763699173927307,Gaeul|Yujin,"[0.884, 0.976]","[0.884, 0.000, 0.000, 0.000, 0.001, 0.976, 0.000]"
136.52,136.56,Yujin,0.9769333004951477,Gaeul|Yujin,"[0.889, 0.977]","[0.889, 0.000, 0.000, 0.000, 0.001, 0.977, 0.000]"
136.56,136.6,Yujin,0.9772243499755859,Gaeul|Yujin,"[0.890, 0.977]","[0.890, 0.000, 0.000, 0.000, 0.001, 0.977, 0.000]"
136.6,136.64,Yujin,0.9772591590881348,Gaeul|Yujin,"[0.885, 0.977]","[0.885, 0.000, 0.000, 0.000, 0.001, 0.977, 0.000]"
136.64,136.68,Yujin,0.977053165435791,Gaeul|Yujin,"[0.875, 0.977]","[0.875, 0.000, 0.000, 0.000, 0.000, 0.977, 0.000]"
136.68,136.72,Yujin,0.9766260981559753,Gaeul|Yujin,"[0.856, 0.977]","[0.856, 0.000, 0.000, 0.000, 0.000, 0.977, 0.000]"
136.72,136.76,Yujin,0.9759973287582397,Gaeul|Yujin,"[0.826, 0.976]","[0.826, 0.000, 0.000, 0.000, 0.000, 0.976, 0.000]"
136.76,136.8,Yujin,0.9751784801483154,Gaeul|Yujin,"[0.782, 0.975]","[0.782, 0.000, 0.000, 0.000, 0.000, 0.975, 0.000]"
136.8,136.84,Yujin,0.9741839170455933,Gaeul|Yujin,"[0.717, 0.974]","[0.717, 0.000, 0.000, 0.000, 0.000, 0.974, 0.000]"
136.84,136.88,Yujin,0.9730402231216431,Gaeul|Yujin,"[0.628, 0.973]","[0.628, 0.000, 0.000, 0.000, 0.000, 0.973, 0.000]"
136.88,136.92,Yujin,0.9717785120010376,Gaeul|Yujin,"[0.513, 0.972]","[0.513, 0.000, 0.000, 0.000, 0.000, 0.972, 0.000]"
136.92,136.96,Yujin,0.9704394936561584,Yujin,[0.970],"[0.383, 0.000, 0.000, 0.000, 0.000, 0.970, 0.000]"
136.96,137.0,Yujin,0.9690686464309692,Yujin,[0.969],"[0.257, 0.000, 0.000, 0.000, 0.000, 0.969, 0.000]"
137.0,137.04,Yujin,0.9677170515060425,Yujin,[0.968],"[0.154, 0.000, 0.000, 0.000, 0.000, 0.968, 0.001]"
137.04,137.08,Yujin,0.9664217829704285,Yujin,[0.966],"[0.084, 0.000, 0.000, 0.000, 0.000, 0.966, 0.002]"
137.08,137.12,Yujin,0.9652180671691895,Yujin,[0.965],"[0.043, 0.000, 0.000, 0.000, 0.000, 0.965, 0.003]"
137.12,137.16,Yujin,0.9641300439834595,Yujin,[0.964],"[0.020, 0.000, 0.000, 0.000, 0.000, 0.964, 0.006]"
137.16,137.2,Yujin,0.9631527662277222,Yujin,[0.963],"[0.009, 0.000, 0.000, 0.000, 0.000, 0.963, 0.013]"
137.2,137.24,Yujin,0.9622731804847717,Yujin,[0.962],"[0.004, 0.000, 0.000, 0.000, 0.000, 0.962, 0.026]"
137.24,137.28,Yujin,0.9614772200584412,Yujin,[0.961],"[0.002, 0.000, 0.000, 0.000, 0.000, 0.961, 0.050]"
137.28,137.32,Yujin,0.9607437252998352,Yujin,[0.961],"[0.001, 0.000, 0.000, 0.000, 0.000, 0.961, 0.093]"
137.32,137.36,Yujin,0.9600344300270081,Yujin,[0.960],"[0.000, 0.000, 0.000, 0.000, 0.000, 0.960, 0.161]"
137.36,137.4,Yujin,0.9593077301979065,Yujin,[0.959],"[0.000, 0.000, 0.000, 0.000, 0.000, 0.959, 0.258]"
137.4,137.44,Yujin,0.9585229754447937,Yujin,[0.959],"[0.000, 0.000, 0.000, 0.000, 0.000, 0.959, 0.374]"
137.44,137.48,Yujin,0.957635223865509,Yujin,[0.958],"[0.000, 0.000, 0.000, 0.000, 0.000, 0.958, 0.495]"
137.48,137.52,Yujin,0.9565920233726501,Yujin|silence,"[0.957, 0.602]","[0.000, 0.000, 0.000, 0.000, 0.000, 0.957, 0.602]"
137.52,137.56,Yujin,0.9553488492965698,Yujin|silence,"[0.955, 0.688]","[0.000, 0.000, 0.000, 0.000, 0.000, 0.955, 0.688]"
137.56,137.6,Yujin,0.9538480639457703,Yujin|silence,"[0.954, 0.751]","[0.000, 0.000, 0.000, 0.000, 0.000, 0.954, 0.751]"
137.6,137.64,Yujin,0.9520246386528015,Yujin|silence,"[0.952, 0.795]","[0.000, 0.000, 0.000, 0.000, 0.000, 0.952, 0.795]"
137.64,137.68,Yujin,0.9497852921485901,Yujin|silence,"[0.950, 0.825]","[0.000, 0.000, 0.000, 0.000, 0.000, 0.950, 0.825]"
137.68,137.72,Yujin,0.9470469951629639,Yujin|silence,"[0.947, 0.843]","[0.000, 0.000, 0.000, 0.000, 0.000, 0.947, 0.843]"
137.72,137.76,Yujin,0.9437468647956848,Yujin|silence,"[0.944, 0.852]","[0.000, 0.000, 0.000, 0.000, 0.000, 0.944, 0.852]"
137.76,137.8,Yujin,0.9398475289344788,Yujin|silence,"[0.940, 0.854]","[0.000, 0.000, 0.000, 0.000, 0.000, 0.940, 0.854]"
137.8,137.84,Yujin,0.9353143572807312,Yujin|silence,"[0.935, 0.850]","[0.000, 0.000, 0.001, 0.000, 0.000, 0.935, 0.850]"
137.84,137.88,Yujin,0.9301442503929138,Yujin|silence,"[0.930, 0.839]","[0.000, 0.000, 0.001, 0.000, 0.000, 0.930, 0.839]"
137.88,137.92,Yujin,0.9243873357772827,Yujin|silence,"[0.924, 0.821]","[0.000, 0.000, 0.001, 0.000, 0.000, 0.924, 0.821]"
137.92,137.96,Yujin,0.9181262254714966,Yujin|silence,"[0.918, 0.795]","[0.000, 0.000, 0.001, 0.000, 0.000, 0.918, 0.795]"
137.96,138.0,Yujin,0.9114347100257874,Yujin|silence,"[0.911, 0.761]","[0.000, 0.000, 0.001, 0.000, 0.000, 0.911, 0.761]"
138.0,138.04,Yujin,0.9044165015220642,Yujin|silence,"[0.904, 0.717]","[0.000, 0.000, 0.001, 0.000, 0.000, 0.904, 0.717]"
138.04,138.08,Yujin,0.8972313404083252,Yujin|silence,"[0.897, 0.664]","[0.000, 0.000, 0.001, 0.000, 0.000, 0.897, 0.664]"
138.08,138.12,Yujin,0.8900470733642578,Yujin|silence,"[0.890, 0.602]","[0.000, 0.000, 0.001, 0.000, 0.000, 0.890, 0.602]"
138.12,138.16,Yujin,0.8829717636108398,Yujin|silence,"[0.883, 0.533]","[0.000, 0.000, 0.001, 0.000, 0.000, 0.883, 0.533]"
138.16,138.2,Yujin,0.8760347366333008,Yujin|silence,"[0.876, 0.459]","[0.000, 0.000, 0.001, 0.000, 0.000, 0.876, 0.459]"
138.2,138.24,Yujin,0.8692113757133484,Yujin,[0.869],"[0.000, 0.000, 0.001, 0.000, 0.000, 0.869, 0.384]"
138.24,138.28,Yujin,0.8624961376190186,Yujin,[0.862],"[0.000, 0.000, 0.001, 0.000, 0.000, 0.862, 0.313]"
138.28,138.32,Yujin,0.8559426665306091,Yujin,[0.856],"[0.000, 0.000, 0.000, 0.000, 0.000, 0.856, 0.248]"
138.32,138.36,Yujin,0.8495689630508423,Yujin,[0.850],"[0.000, 0.000, 0.000, 0.000, 0.000, 0.850, 0.193]"
138.36,138.4,Yujin,0.8433495163917542,Yujin,[0.843],"[0.000, 0.000, 0.000, 0.000, 0.000, 0.843, 0.148]"
138.4,138.44,Yujin,0.837320864200592,Yujin,[0.837],"[0.000, 0.000, 0.000, 0.000, 0.000, 0.837, 0.112]"
138.44,138.48,Yujin,0.8315654993057251,Yujin,[0.832],"[0.000, 0.000, 0.000, 0.000, 0.000, 0.832, 0.084]"
138.48,138.52,Yujin,0.825843095779419,Yujin,[0.826],"[0.000, 0.000, 0.000, 0.000, 0.000, 0.826, 0.062]"
138.52,138.56,Yujin,0.8198467493057251,Yujin,[0.820],"[0.000, 0.000, 0.000, 0.000, 0.000, 0.820, 0.045]"
138.56,138.6,Yujin,0.8132797479629517,Yujin,[0.813],"[0.000, 0.000, 0.000, 0.000, 0.000, 0.813, 0.033]"
138.6,138.64,Yujin,0.805855393409729,Yujin,[0.806],"[0.000, 0.000, 0.000, 0.000, 0.001, 0.806, 0.024]"
138.64,138.68,Yujin,0.7972529530525208,Yujin,[0.797],"[0.000, 0.000, 0.000, 0.000, 0.001, 0.797, 0.017]"
138.68,138.72,Yujin,0.7870574593544006,Yujin,[0.787],"[0.000, 0.000, 0.000, 0.000, 0.001, 0.787, 0.012]"
138.72,138.76,Yujin,0.774735689163208,Yujin,[0.775],"[0.000, 0.000, 0.000, 0.001, 0.002, 0.775, 0.008]"
138.76,138.8,Yujin,0.759768545627594,Yujin,[0.760],"[0.000, 0.000, 0.000, 0.001, 0.002, 0.760, 0.006]"
138.8,138.84,Yujin,0.7416591048240662,Yujin,[0.742],"[0.000, 0.000, 0.000, 0.001, 0.003, 0.742, 0.004]"
138.84,138.88,Yujin,0.7199515104293823,Yujin,[0.720],"[0.000, 0.000, 0.000, 0.001, 0.005, 0.720, 0.003]"
138.88,138.92,Yujin,0.6943399310112,Yujin,[0.694],"[0.000, 0.000, 0.000, 0.001, 0.007, 0.694, 0.002]"
138.92,138.96,Yujin,0.6646807193756104,Yujin,[0.665],"[0.001, 0.000, 0.000, 0.001, 0.010, 0.665, 0.001]"
138.96,139.0,Yujin,0.6310616731643677,Yujin,[0.631],"[0.001, 0.000, 0.000, 0.002, 0.014, 0.631, 0.001]"
139.0,139.04,Yujin,0.593609094619751,Yujin,[0.594],"[0.001, 0.000, 0.000, 0.002, 0.020, 0.594, 0.000]"
139.04,139.08,Yujin,0.5526650547981262,Yujin,[0.553],"[0.002, 0.000, 0.000, 0.003, 0.026, 0.553, 0.000]"
139.08,139.12,Yujin,0.5088573098182678,Yujin,[0.509],"[0.003, 0.000, 0.000, 0.003, 0.035, 0.509, 0.000]"
139.12,139.16,Yujin,0.4632066786289215,Yujin,[0.463],"[0.005, 0.000, 0.000, 0.004, 0.045, 0.463, 0.000]"
139.16,139.2,Yujin,0.41689765453338623,,[],"[0.007, 0.000, 0.000, 0.004, 0.058, 0.417, 0.000]"
139.2,139.24,Yujin,0.37121498584747314,,[],"[0.010, 0.000, 0.001, 0.005, 0.071, 0.371, 0.000]"
139.24,139.28,Yujin,0.32738909125328064,,[],"[0.015, 0.000, 0.001, 0.006, 0.087, 0.327, 0.000]"
139.28,139.32,Yujin,0.28646841645240784,,[],"[0.022, 0.000, 0.001, 0.006, 0.103, 0.286, 0.000]"
139.32,139.36,Yujin,0.2492862492799759,,[],"[0.031, 0.000, 0.001, 0.007, 0.119, 0.249, 0.000]"
139.36,139.4,Yujin,0.2163098007440567,,[],"[0.042, 0.000, 0.001, 0.008, 0.135, 0.216, 0.000]"
139.4,139.44,Yujin,0.18764495849609375,,[],"[0.057, 0.000, 0.001, 0.008, 0.151, 0.188, 0.000]"
139.44,139.48,Wonyoung,0.16475863754749298,,[],"[0.073, 0.000, 0.001, 0.009, 0.165, 0.163, 0.000]"
139.48,139.52,Wonyoung,0.17724022269248962,,[],"[0.092, 0.000, 0.001, 0.009, 0.177, 0.143, 0.000]"
139.52,139.56,Wonyoung,0.18781372904777527,,[],"[0.112, 0.000, 0.001, 0.009, 0.188, 0.126, 0.000]"
139.56,139.6,Wonyoung,0.19639723002910614,,[],"[0.131, 0.000, 0.001, 0.009, 0.196, 0.112, 0.000]"
139.6,139.64,Wonyoung,0.20301267504692078,,[],"[0.149, 0.000, 0.001, 0.009, 0.203, 0.101, 0.000]"
139.64,139.68,Wonyoung,0.2076248675584793,,[],"[0.164, 0.000, 0.001, 0.008, 0.208, 0.093, 0.000]"
139.68,139.72,Wonyoung,0.21020135283470154,,[],"[0.174, 0.000, 0.001, 0.008, 0.210, 0.087, 0.000]"
139.72,139.76,Wonyoung,0.21073868870735168,,[],"[0.180, 0.000, 0.001, 0.007, 0.211, 0.083, 0.000]"
139.76,139.8,Wonyoung,0.20924049615859985,,[],"[0.181, 0.000, 0.001, 0.007, 0.209, 0.080, 0.000]"
139.8,139.84,Wonyoung,0.2057795375585556,,[],"[0.178, 0.000, 0.001, 0.007, 0.206, 0.079, 0.000]"
139.84,139.88,Wonyoung,0.20042474567890167,,[],"[0.170, 0.000, 0.001, 0.006, 0.200, 0.079, 0.000]"
139.88,139.92,Wonyoung,0.19332651793956757,,[],"[0.159, 0.000, 0.001, 0.006, 0.193, 0.080, 0.000]"
139.92,139.96,Wonyoung,0.18466168642044067,,[],"[0.146, 0.000, 0.001, 0.005, 0.185, 0.083, 0.000]"
139.96,140.0,Wonyoung,0.1745786964893341,,[],"[0.132, 0.000, 0.001, 0.005, 0.175, 0.086, 0.000]"
140.0,140.04,Wonyoung,0.1632530391216278,,[],"[0.117, 0.000, 0.001, 0.005, 0.163, 0.091, 0.000]"
140.04,140.08,Wonyoung,0.15092797577381134,,[],"[0.103, 0.000, 0.001, 0.005, 0.151, 0.097, 0.000]"
140.08,140.12,Wonyoung,0.13787545263767242,,[],"[0.090, 0.000, 0.001, 0.005, 0.138, 0.104, 0.000]"
140.12,140.16,Wonyoung,0.12446342408657074,,[],"[0.078, 0.000, 0.001, 0.005, 0.124, 0.112, 0.000]"
140.16,140.2,Yujin,0.12103303521871567,,[],"[0.067, 0.000, 0.001, 0.005, 0.111, 0.121, 0.000]"
140.2,140.24,Yujin,0.13100363314151764,,[],"[0.058, 0.000, 0.001, 0.005, 0.098, 0.131, 0.000]"
140.24,140.28,Yujin,0.14178359508514404,,[],"[0.051, 0.000, 0.001, 0.005, 0.086, 0.142, 0.000]"
140.28,140.32,Yujin,0.1530989557504654,,[],"[0.045, 0.000, 0.001, 0.005, 0.075, 0.153, 0.000]"
140.32,140.36,Yujin,0.16475091874599457,,[],"[0.040, 0.000, 0.000, 0.005, 0.064, 0.165, 0.000]"
140.36,140.4,Yujin,0.1765972524881363,,[],"[0.036, 0.000, 0.000, 0.006, 0.055, 0.177, 0.000]"
140.4,140.44,Yujin,0.1884724199771881,,[],"[0.033, 0.000, 0.000, 0.006, 0.047, 0.188, 0.000]"
140.44,140.48,Yujin,0.20014315843582153,,[],"[0.032, 0.000, 0.000, 0.006, 0.041, 0.200, 0.000]"
140.48,140.52,Yujin,0.2114032506942749,,[],"[0.030, 0.000, 0.000, 0.007, 0.035, 0.211, 0.000]"
140.52,140.56,Yujin,0.22212353348731995,,[],"[0.030, 0.000, 0.000, 0.008, 0.030, 0.222, 0.000]"
140.56,140.6,Yujin,0.23227839171886444,,[],"[0.030, 0.000, 0.000, 0.009, 0.025, 0.232, 0.001]"
140.6,140.64,Yujin,0.24184203147888184,,[],"[0.031, 0.000, 0.000, 0.010, 0.022, 0.242, 0.001]"
140.64,140.68,Yujin,0.2509661018848419,,[],"[0.032, 0.000, 0.000, 0.011, 0.019, 0.251, 0.002]"
140.68,140.72,Yujin,0.2598862648010254,,[],"[0.034, 0.000, 0.000, 0.012, 0.017, 0.260, 0.004]"
140.72,140.76,Yujin,0.26897284388542175,,[],"[0.036, 0.000, 0.000, 0.014, 0.015, 0.269, 0.008]"
140.76,140.8,Yujin,0.2787007689476013,,[],"[0.039, 0.000, 0.000, 0.016, 0.014, 0.279, 0.014]"
140.8,140.84,Yujin,0.28960198163986206,,[],"[0.042, 0.000, 0.000, 0.018, 0.013, 0.290, 0.025]"
140.84,140.88,Yujin,0.3022376000881195,,[],"[0.045, 0.000, 0.000, 0.021, 0.013, 0.302, 0.046]"
140.88,140.92,Yujin,0.3170436918735504,,[],"[0.049, 0.000, 0.000, 0.024, 0.013, 0.317, 0.083]"
140.92,140.96,Yujin,0.33440178632736206,,[],"[0.054, 0.000, 0.000, 0.028, 0.013, 0.334, 0.145]"
140.96,141.0,Yujin,0.3544958233833313,,[],"[0.059, 0.000, 0.000, 0.032, 0.014, 0.354, 0.243]"
141.0,141.04,silence,0.38003137707710266,,[],"[0.064, 0.000, 0.000, 0.037, 0.015, 0.378, 0.380]"
141.04,141.08,silence,0.5398737788200378,,[],"[0.069, 0.000, 0.000, 0.042, 0.017, 0.404, 0.540]"
141.08,141.12,silence,0.6923984885215759,silence,[0.692],"[0.074, 0.000, 0.000, 0.048, 0.019, 0.434, 0.692]"
141.12,141.16,silence,0.8118245005607605,silence,[0.812],"[0.080, 0.000, 0.000, 0.054, 0.022, 0.467, 0.812]"
141.16,141.2,silence,0.8915883302688599,silence,[0.892],"[0.085, 0.000, 0.000, 0.060, 0.026, 0.504, 0.892]"
141.2,141.24,silence,0.9394843578338623,silence,[0.939],"[0.091, 0.000, 0.000, 0.066, 0.032, 0.544, 0.939]"
141.24,141.28,silence,0.9664894938468933,Yujin|silence,"[0.587, 0.966]","[0.095, 0.000, 0.000, 0.072, 0.039, 0.587, 0.966]"
141.28,141.32,silence,0.981246292591095,Yujin|silence,"[0.630, 0.981]","[0.099, 0.000, 0.000, 0.077, 0.049, 0.630, 0.981]"
141.32,141.36,silence,0.9892371296882629,Yujin|silence,"[0.673, 0.989]","[0.102, 0.000, 0.000, 0.080, 0.062, 0.673, 0.989]"
141.36,141.4,silence,0.9935948252677917,Yujin|silence,"[0.714, 0.994]","[0.104, 0.000, 0.000, 0.082, 0.080, 0.714, 0.994]"
141.4,141.44,silence,0.996013879776001,Yujin|silence,"[0.750, 0.996]","[0.103, 0.000, 0.000, 0.081, 0.105, 0.750, 0.996]"
141.44,141.48,silence,0.9973898530006409,Yujin|silence,"[0.782, 0.997]","[0.101, 0.000, 0.000, 0.078, 0.138, 0.782, 0.997]"
141.48,141.52,silence,0.9981943964958191,Yujin|silence,"[0.808, 0.998]","[0.096, 0.000, 0.000, 0.073, 0.182, 0.808, 0.998]"
141.52,141.56,silence,0.9986767172813416,Yujin|silence,"[0.829, 0.999]","[0.089, 0.000, 0.000, 0.066, 0.240, 0.829, 0.999]"
141.56,141.6,silence,0.9989707469940186,Yujin|silence,"[0.845, 0.999]","[0.081, 0.000, 0.000, 0.057, 0.312, 0.845, 0.999]"
141.6,141.64,silence,0.9991494417190552,Yujin|silence,"[0.857, 0.999]","[0.071, 0.000, 0.000, 0.047, 0.397, 0.857, 0.999]"
141.64,141.68,silence,0.9992527365684509,Yujin|silence,"[0.864, 0.999]","[0.061, 0.000, 0.000, 0.038, 0.491, 0.864, 0.999]"
141.68,141.72,silence,0.9993016719818115,Yujin|silence,"[0.866, 0.999]","[0.050, 0.000, 0.000, 0.029, 0.586, 0.866, 0.999]"
141.72,141.76,silence,0.999305009841919,Yujin|silence,"[0.863, 0.999]","[0.040, 0.000, 0.000, 0.021, 0.676, 0.863, 0.999]"
141.76,141.8,silence,0.9992623925209045,Yujin|silence,"[0.855, 0.999]","[0.031, 0.000, 0.000, 0.015, 0.755, 0.855, 0.999]"
141.8,141.84,silence,0.9991641044616699,Yujin|silence,"[0.841, 0.999]","[0.023, 0.000, 0.000, 0.010, 0.819, 0.841, 0.999]"
141.84,141.88,silence,0.9989873766899109,Wonyoung|silence,"[0.869, 0.999]","[0.017, 0.000, 0.000, 0.007, 0.869, 0.818, 0.999]"
141.88,141.92,silence,0.9986887574195862,Wonyoung|silence,"[0.905, 0.999]","[0.012, 0.000, 0.000, 0.004, 0.905, 0.784, 0.999]"
141.92,141.96,silence,0.9981877207756042,Wonyoung|silence,"[0.932, 0.998]","[0.008, 0.000, 0.000, 0.003, 0.932, 0.735, 0.998]"
141.96,142.0,silence,0.9973341226577759,Wonyoung|silence,"[0.951, 0.997]","[0.005, 0.000, 0.000, 0.002, 0.951, 0.669, 0.997]"
142.0,142.04,silence,0.9958426356315613,Wonyoung|silence,"[0.964, 0.996]","[0.003, 0.000, 0.000, 0.001, 0.964, 0.583, 0.996]"
142.04,142.08,silence,0.9931650757789612,Wonyoung|silence,"[0.974, 0.993]","[0.002, 0.000, 0.000, 0.001, 0.974, 0.479, 0.993]"
142.08,142.12,silence,0.9882285594940186,Wonyoung|silence,"[0.980, 0.988]","[0.001, 0.000, 0.000, 0.000, 0.980, 0.366, 0.988]"
142.12,142.16,Wonyoung,0.9852070212364197,Wonyoung|silence,"[0.985, 0.979]","[0.001, 0.000, 0.000, 0.000, 0.985, 0.258, 0.979]"
142.16,142.2,Wonyoung,0.9886323809623718,Wonyoung|silence,"[0.989, 0.961]","[0.000, 0.000, 0.000, 0.000, 0.989, 0.167, 0.961]"
142.2,142.24,Wonyoung,0.9911132454872131,Wonyoung|silence,"[0.991, 0.927]","[0.000, 0.000, 0.000, 0.000, 0.991, 0.101, 0.927]"
142.24,142.28,Wonyoung,0.9929289221763611,Wonyoung|silence,"[0.993, 0.864]","[0.000, 0.000, 0.000, 0.000, 0.993, 0.058, 0.864]"
142.28,142.32,Wonyoung,0.9942687749862671,Wonyoung|silence,"[0.994, 0.755]","[0.000, 0.000, 0.000, 0.000, 0.994, 0.032, 0.755]"
142.32,142.36,Wonyoung,0.995266318321228,Wonyoung|silence,"[0.995, 0.593]","[0.000, 0.000, 0.000, 0.000, 0.995, 0.017, 0.593]"
142.36,142.4,Wonyoung,0.9960190653800964,Wonyoung,[0.996],"[0.000, 0.000, 0.000, 0.000, 0.996, 0.009, 0.404]"
142.4,142.44,Wonyoung,0.9965952038764954,Wonyoung,[0.997],"[0.000, 0.000, 0.000, 0.000, 0.997, 0.005, 0.236]"
142.44,142.48,Wonyoung,0.9970431923866272,Wonyoung,[0.997],"[0.000, 0.000, 0.000, 0.000, 0.997, 0.003, 0.121]"
142.48,142.52,Wonyoung,0.9973989725112915,Wonyoung,[0.997],"[0.000, 0.000, 0.000, 0.000, 0.997, 0.001, 0.057]"
142.52,142.56,Wonyoung,0.9976867437362671,Wonyoung,[0.998],"[0.000, 0.000, 0.000, 0.000, 0.998, 0.001, 0.025]"
142.56,142.6,Wonyoung,0.9979221224784851,Wonyoung,[0.998],"[0.000, 0.000, 0.000, 0.000, 0.998, 0.000, 0.011]"
142.6,142.64,Wonyoung,0.998115062713623,Wonyoung,[0.998],"[0.000, 0.000, 0.000, 0.000, 0.998, 0.000, 0.005]"
142.64,142.68,Wonyoung,0.9982718229293823,Wonyoung,[0.998],"[0.000, 0.000, 0.000, 0.000, 0.998, 0.000, 0.002]"
142.68,142.72,Wonyoung,0.9983982443809509,Wonyoung,[0.998],"[0.000, 0.000, 0.000, 0.000, 0.998, 0.000, 0.001]"
142.72,142.76,Wonyoung,0.9984991550445557,Wonyoung,[0.998],"[0.000, 0.000, 0.000, 0.000, 0.998, 0.000, 0.000]"
142.76,142.8,Wonyoung,0.9985787868499756,Wonyoung,[0.999],"[0.000, 0.001, 0.000, 0.000, 0.999, 0.000, 0.000]"
142.8,142.84,Wonyoung,0.9986404776573181,Wonyoung,[0.999],"[0.000, 0.001, 0.000, 0.000, 0.999, 0.000, 0.000]"
142.84,142.88,Wonyoung,0.9986873269081116,Wonyoung,[0.999],"[0.000, 0.001, 0.000, 0.000, 0.999, 0.000, 0.000]"
142.88,142.92,Wonyoung,0.9987223744392395,Wonyoung,[0.999],"[0.000, 0.001, 0.000, 0.000, 0.999, 0.000, 0.000]"
142.92,142.96,Wonyoung,0.9987485408782959,Wonyoung,[0.999],"[0.000, 0.001, 0.000, 0.000, 0.999, 0.000, 0.000]"
142.96,143.0,Wonyoung,0.9987688660621643,Wonyoung,[0.999],"[0.000, 0.001, 0.000, 0.000, 0.999, 0.000, 0.000]"
143.0,143.04,Wonyoung,0.9987863898277283,Wonyoung,[0.999],"[0.000, 0.001, 0.000, 0.000, 0.999, 0.000, 0.000]"
143.04,143.08,Wonyoung,0.998803973197937,Wonyoung,[0.999],"[0.000, 0.001, 0.000, 0.000, 0.999, 0.000, 0.000]"
143.08,143.12,Wonyoung,0.9988238215446472,Wonyoung,[0.999],"[0.000, 0.002, 0.000, 0.000, 0.999, 0.000, 0.000]"
143.12,143.16,Wonyoung,0.9988470077514648,Wonyoung,[0.999],"[0.000, 0.002, 0.000, 0.000, 0.999, 0.000, 0.000]"
143.16,143.2,Wonyoung,0.9988732933998108,Wonyoung,[0.999],"[0.000, 0.002, 0.000, 0.000, 0.999, 0.000, 0.000]"
143.2,143.24,Wonyoung,0.9989011287689209,Wonyoung,[0.999],"[0.000, 0.002, 0.000, 0.000, 0.999, 0.000, 0.000]"
143.24,143.28,Wonyoung,0.9989280104637146,Wonyoung,[0.999],"[0.000, 0.002, 0.000, 0.000, 0.999, 0.000, 0.000]"
143.28,143.32,Wonyoung,0.9989514350891113,Wonyoung,[0.999],"[0.000, 0.003, 0.000, 0.000, 0.999, 0.000, 0.000]"
143.32,143.36,Wonyoung,0.9989688396453857,Wonyoung,[0.999],"[0.000, 0.003, 0.000, 0.000, 0.999, 0.000, 0.000]"
143.36,143.4,Wonyoung,0.9989773035049438,Wonyoung,[0.999],"[0.000, 0.003, 0.000, 0.000, 0.999, 0.000, 0.000]"
143.4,143.44,Wonyoung,0.9989744424819946,Wonyoung,[0.999],"[0.000, 0.003, 0.000, 0.000, 0.999, 0.000, 0.000]"
143.44,143.48,Wonyoung,0.9989583492279053,Wonyoung,[0.999],"[0.000, 0.003, 0.000, 0.000, 0.999, 0.000, 0.000]"
143.48,143.52,Wonyoung,0.9989274144172668,Wonyoung,[0.999],"[0.000, 0.004, 0.000, 0.000, 0.999, 0.000, 0.000]"
143.52,143.56,Wonyoung,0.9988792538642883,Wonyoung,[0.999],"[0.000, 0.004, 0.000, 0.000, 0.999, 0.000, 0.000]"
143.56,143.6,Wonyoung,0.9988106489181519,Wonyoung,[0.999],"[0.000, 0.004, 0.000, 0.000, 0.999, 0.000, 0.000]"
143.6,143.64,Wonyoung,0.9987175464630127,Wonyoung,[0.999],"[0.000, 0.004, 0.000, 0.000, 0.999, 0.000, 0.000]"
143.64,143.68,Wonyoung,0.9985950589179993,Wonyoung,[0.999],"[0.000, 0.004, 0.000, 0.000, 0.999, 0.000, 0.000]"
143.68,143.72,Wonyoung,0.9984371066093445,Wonyoung,[0.998],"[0.000, 0.005, 0.000, 0.000, 0.998, 0.000, 0.000]"
143.72,143.76,Wonyoung,0.9982366561889648,Wonyoung,[0.998],"[0.000, 0.005, 0.000, 0.000, 0.998, 0.000, 0.000]"
143.76,143.8,Wonyoung,0.9979857206344604,Wonyoung,[0.998],"[0.000, 0.004, 0.000, 0.000, 0.998, 0.000, 0.000]"
143.8,143.84,Wonyoung,0.9976758360862732,Wonyoung,[0.998],"[0.000, 0.004, 0.000, 0.000, 0.998, 0.000, 0.000]"
143.84,143.88,Wonyoung,0.9973005652427673,Wonyoung,[0.997],"[0.000, 0.004, 0.000, 0.000, 0.997, 0.000, 0.000]"
143.88,143.92,Wonyoung,0.9968549013137817,Wonyoung,[0.997],"[0.000, 0.004, 0.000, 0.000, 0.997, 0.000, 0.000]"
143.92,143.96,Wonyoung,0.9963375329971313,Wonyoung,[0.996],"[0.000, 0.003, 0.000, 0.000, 0.996, 0.000, 0.000]"
143.96,144.0,Wonyoung,0.9957526922225952,Wonyoung,[0.996],"[0.000, 0.003, 0.000, 0.000, 0.996, 0.000, 0.000]"
144.0,144.04,Wonyoung,0.9951111674308777,Wonyoung,[0.995],"[0.000, 0.002, 0.000, 0.000, 0.995, 0.000, 0.000]"
144.04,144.08,Wonyoung,0.9944295883178711,Wonyoung,[0.994],"[0.000, 0.002, 0.000, 0.000, 0.994, 0.000, 0.000]"
144.08,144.12,Wonyoung,0.9937306642532349,Wonyoung,[0.994],"[0.000, 0.002, 0.000, 0.000, 0.994, 0.000, 0.000]"
144.12,144.16,Wonyoung,0.9930451512336731,Wonyoung,[0.993],"[0.000, 0.001, 0.000, 0.000, 0.993, 0.000, 0.000]"
144.16,144.2,Wonyoung,0.9924125075340271,Wonyoung,[0.992],"[0.000, 0.001, 0.000, 0.000, 0.992, 0.000, 0.000]"
144.2,144.24,Wonyoung,0.9918723702430725,Wonyoung,[0.992],"[0.000, 0.001, 0.000, 0.001, 0.992, 0.000, 0.000]"
144.24,144.28,Wonyoung,0.9914564490318298,Wonyoung,[0.991],"[0.000, 0.001, 0.000, 0.001, 0.991, 0.000, 0.000]"
144.28,144.32,Wonyoung,0.9911890029907227,Wonyoung,[0.991],"[0.000, 0.001, 0.000, 0.001, 0.991, 0.000, 0.000]"
144.32,144.36,Wonyoung,0.9910863041877747,Wonyoung,[0.991],"[0.000, 0.000, 0.000, 0.001, 0.991, 0.000, 0.000]"
144.36,144.4,Wonyoung,0.99114590883255,Wonyoung,[0.991],"[0.000, 0.000, 0.000, 0.001, 0.991, 0.000, 0.000]"
144.4,144.44,Wonyoung,0.9913538098335266,Wonyoung,[0.991],"[0.000, 0.000, 0.000, 0.001, 0.991, 0.000, 0.000]"
144.44,144.48,Wonyoung,0.991689145565033,Wonyoung,[0.992],"[0.000, 0.000, 0.000, 0.001, 0.992, 0.000, 0.000]"
144.48,144.52,Wonyoung,0.992121696472168,Wonyoung,[0.992],"[0.000, 0.000, 0.000, 0.001, 0.992, 0.000, 0.000]"
144.52,144.56,Wonyoung,0.9926159381866455,Wonyoung,[0.993],"[0.000, 0.000, 0.000, 0.001, 0.993, 0.000, 0.000]"
144.56,144.6,Wonyoung,0.9931402802467346,Wonyoung,[0.993],"[0.000, 0.000, 0.000, 0.001, 0.993, 0.000, 0.000]"
144.6,144.64,Wonyoung,0.9936680197715759,Wonyoung,[0.994],"[0.000, 0.000, 0.000, 0.001, 0.994, 0.000, 0.000]"
144.64,144.68,Wonyoung,0.9941797256469727,Wonyoung,[0.994],"[0.000, 0.000, 0.000, 0.001, 0.994, 0.000, 0.000]"
144.68,144.72,Wonyoung,0.9946584105491638,Wonyoung,[0.995],"[0.000, 0.000, 0.000, 0.001, 0.995, 0.000, 0.000]"
144.72,144.76,Wonyoung,0.9950917959213257,Wonyoung,[0.995],"[0.000, 0.000, 0.000, 0.001, 0.995, 0.000, 0.000]"
144.76,144.8,Wonyoung,0.9954740405082703,Wonyoung,[0.995],"[0.000, 0.000, 0.001, 0.001, 0.995, 0.000, 0.000]"
144.8,144.84,Wonyoung,0.995804488658905,Wonyoung,[0.996],"[0.000, 0.000, 0.001, 0.001, 0.996, 0.000, 0.000]"
144.84,144.88,Wonyoung,0.9960848093032837,Wonyoung,[0.996],"[0.000, 0.000, 0.001, 0.001, 0.996, 0.000, 0.000]"
144.88,144.92,Wonyoung,0.9963149428367615,Wonyoung,[0.996],"[0.000, 0.000, 0.001, 0.001, 0.996, 0.000, 0.000]"
144.92,144.96,Wonyoung,0.9964941143989563,Wonyoung,[0.996],"[0.000, 0.000, 0.001, 0.001, 0.996, 0.000, 0.000]"
144.96,145.0,Wonyoung,0.9966205358505249,Wonyoung,[0.997],"[0.000, 0.000, 0.001, 0.001, 0.997, 0.000, 0.000]"
145.0,145.04,Wonyoung,0.9966922998428345,Wonyoung,[0.997],"[0.000, 0.000, 0.001, 0.002, 0.997, 0.000, 0.000]"
145.04,145.08,Wonyoung,0.9967051148414612,Wonyoung,[0.997],"[0.000, 0.000, 0.001, 0.002, 0.997, 0.000, 0.000]"
145.08,145.12,Wonyoung,0.9966536164283752,Wonyoung,[0.997],"[0.000, 0.000, 0.001, 0.002, 0.997, 0.000, 0.000]"
145.12,145.16,Wonyoung,0.9965316653251648,Wonyoung,[0.997],"[0.000, 0.000, 0.001, 0.003, 0.997, 0.000, 0.000]"
145.16,145.2,Wonyoung,0.996331512928009,Wonyoung,[0.996],"[0.000, 0.000, 0.001, 0.004, 0.996, 0.000, 0.000]"
145.2,145.24,Wonyoung,0.99604332447052,Wonyoung,[0.996],"[0.000, 0.000, 0.001, 0.005, 0.996, 0.000, 0.000]"
145.24,145.28,Wonyoung,0.9956543445587158,Wonyoung,[0.996],"[0.000, 0.000, 0.001, 0.006, 0.996, 0.000, 0.000]"
145.28,145.32,Wonyoung,0.9951475262641907,Wonyoung,[0.995],"[0.000, 0.000, 0.001, 0.008, 0.995, 0.000, 0.000]"
145.32,145.36,Wonyoung,0.994503378868103,Wonyoung,[0.995],"[0.000, 0.000, 0.001, 0.010, 0.995, 0.000, 0.000]"
145.36,145.4,Wonyoung,0.9936973452568054,Wonyoung,[0.994],"[0.000, 0.000, 0.001, 0.013, 0.994, 0.000, 0.000]"
145.4,145.44,Wonyoung,0.9927012920379639,Wonyoung,[0.993],"[0.000, 0.000, 0.000, 0.017, 0.993, 0.000, 0.000]"
145.44,145.48,Wonyoung,0.9914855360984802,Wonyoung,[0.991],"[0.000, 0.000, 0.000, 0.022, 0.991, 0.000, 0.000]"
145.48,145.52,Wonyoung,0.9900189638137817,Wonyoung,[0.990],"[0.000, 0.000, 0.000, 0.027, 0.990, 0.000, 0.000]"
145.52,145.56,Wonyoung,0.9882768988609314,Wonyoung,[0.988],"[0.000, 0.000, 0.000, 0.033, 0.988, 0.000, 0.000]"
145.56,145.6,Wonyoung,0.9862421751022339,Wonyoung,[0.986],"[0.000, 0.000, 0.000, 0.041, 0.986, 0.000, 0.000]"
145.6,145.64,Wonyoung,0.9839133620262146,Wonyoung,[0.984],"[0.000, 0.000, 0.000, 0.048, 0.984, 0.000, 0.000]"
145.64,145.68,Wonyoung,0.9813137054443359,Wonyoung,[0.981],"[0.000, 0.000, 0.000, 0.056, 0.981, 0.000, 0.000]"
145.68,145.72,Wonyoung,0.978498637676239,Wonyoung,[0.978],"[0.000, 0.000, 0.000, 0.064, 0.978, 0.000, 0.000]"
145.72,145.76,Wonyoung,0.9755575656890869,Wonyoung,[0.976],"[0.000, 0.000, 0.000, 0.071, 0.976, 0.000, 0.000]"
145.76,145.8,Wonyoung,0.9725999236106873,Wonyoung,[0.973],"[0.000, 0.000, 0.000, 0.078, 0.973, 0.000, 0.000]"
145.8,145.84,Wonyoung,0.9697620868682861,Wonyoung,[0.970],"[0.000, 0.000, 0.000, 0.084, 0.970, 0.000, 0.000]"
145.84,145.88,Wonyoung,0.9671904444694519,Wonyoung,[0.967],"[0.000, 0.000, 0.000, 0.089, 0.967, 0.000, 0.000]"
145.88,145.92,Wonyoung,0.9650211930274963,Wonyoung,[0.965],"[0.000, 0.000, 0.000, 0.093, 0.965, 0.000, 0.000]"
145.92,145.96,Wonyoung,0.9633685946464539,Wonyoung,[0.963],"[0.000, 0.000, 0.000, 0.096, 0.963, 0.000, 0.000]"
145.96,146.0,Wonyoung,0.9623188972473145,Wonyoung,[0.962],"[0.000, 0.000, 0.000, 0.099, 0.962, 0.000, 0.000]"
146.0,146.04,Wonyoung,0.9619354605674744,Wonyoung,[0.962],"[0.000, 0.000, 0.000, 0.101, 0.962, 0.000, 0.000]"
146.04,146.08,Wonyoung,0.9622503519058228,Wonyoung,[0.962],"[0.000, 0.000, 0.000, 0.102, 0.962, 0.000, 0.000]"
146.08,146.12,Wonyoung,0.9632452130317688,Wonyoung,[0.963],"[0.000, 0.000, 0.000, 0.103, 0.963, 0.000, 0.000]"
146.12,146.16,Wonyoung,0.9648559093475342,Wonyoung,[0.965],"[0.000, 0.000, 0.000, 0.104, 0.965, 0.000, 0.000]"
146.16,146.2,Wonyoung,0.9669691324234009,Wonyoung,[0.967],"[0.000, 0.000, 0.000, 0.105, 0.967, 0.000, 0.000]"
146.2,146.24,Wonyoung,0.9694510102272034,Wonyoung,[0.969],"[0.000, 0.000, 0.000, 0.107, 0.969, 0.000, 0.000]"
146.24,146.28,Wonyoung,0.972179114818573,Wonyoung,[0.972],"[0.000, 0.000, 0.000, 0.109, 0.972, 0.000, 0.000]"
146.28,146.32,Wonyoung,0.9750364422798157,Wonyoung,[0.975],"[0.000, 0.000, 0.000, 0.112, 0.975, 0.000, 0.000]"
146.32,146.36,Wonyoung,0.9779112935066223,Wonyoung,[0.978],"[0.000, 0.000, 0.000, 0.115, 0.978, 0.000, 0.000]"
146.36,146.4,Wonyoung,0.9807133078575134,Wonyoung,[0.981],"[0.000, 0.000, 0.000, 0.119, 0.981, 0.000, 0.000]"
146.4,146.44,Wonyoung,0.9833698272705078,Wonyoung,[0.983],"[0.000, 0.000, 0.000, 0.124, 0.983, 0.000, 0.000]"
146.44,146.48,Wonyoung,0.9858286380767822,Wonyoung,[0.986],"[0.000, 0.000, 0.000, 0.130, 0.986, 0.000, 0.000]"
146.48,146.52,Wonyoung,0.988057017326355,Wonyoung,[0.988],"[0.000, 0.000, 0.000, 0.137, 0.988, 0.000, 0.000]"
146.52,146.56,Wonyoung,0.9900387525558472,Wonyoung,[0.990],"[0.000, 0.000, 0.000, 0.145, 0.990, 0.000, 0.000]"
146.56,146.6,Wonyoung,0.9917691946029663,Wonyoung,[0.992],"[0.000, 0.000, 0.000, 0.154, 0.992, 0.000, 0.000]"
146.6,146.64,Wonyoung,0.9932568073272705,Wonyoung,[0.993],"[0.000, 0.000, 0.000, 0.163, 0.993, 0.000, 0.000]"
146.64,146.68,Wonyoung,0.9945172667503357,Wonyoung,[0.995],"[0.000, 0.000, 0.000, 0.173, 0.995, 0.000, 0.000]"
146.68,146.72,Wonyoung,0.9955714344978333,Wonyoung,[0.996],"[0.000, 0.000, 0.000, 0.183, 0.996, 0.000, 0.000]"
146.72,146.76,Wonyoung,0.996441662311554,Wonyoung,[0.996],"[0.000, 0.000, 0.000, 0.191, 0.996, 0.000, 0.000]"
146.76,146.8,Wonyoung,0.9971511960029602,Wonyoung,[0.997],"[0.000, 0.000, 0.000, 0.198, 0.997, 0.000, 0.000]"
146.8,146.84,Wonyoung,0.9977222084999084,Wonyoung,[0.998],"[0.000, 0.000, 0.000, 0.201, 0.998, 0.000, 0.000]"
146.84,146.88,Wonyoung,0.9981769323348999,Wonyoung,[0.998],"[0.000, 0.000, 0.000, 0.200, 0.998, 0.000, 0.000]"
146.88,146.92,Wonyoung,0.9985368251800537,Wonyoung,[0.999],"[0.000, 0.000, 0.000, 0.195, 0.999, 0.000, 0.000]"
146.92,146.96,Wonyoung,0.9988210797309875,Wonyoung,[0.999],"[0.000, 0.000, 0.000, 0.184, 0.999, 0.000, 0.000]"
146.96,147.0,Wonyoung,0.999045193195343,Wonyoung,[0.999],"[0.000, 0.000, 0.000, 0.169, 0.999, 0.000, 0.000]"
147.0,147.04,Wonyoung,0.9992221593856812,Wonyoung,[0.999],"[0.000, 0.000, 0.000, 0.150, 0.999, 0.000, 0.000]"
147.04,147.08,Wonyoung,0.9993626475334167,Wonyoung,[0.999],"[0.000, 0.000, 0.000, 0.128, 0.999, 0.000, 0.000]"
147.08,147.12,Wonyoung,0.9994750618934631,Wonyoung,[0.999],"[0.000, 0.000, 0.000, 0.106, 0.999, 0.000, 0.000]"
147.12,147.16,Wonyoung,0.9995656609535217,Wonyoung,[1.000],"[0.000, 0.000, 0.000, 0.083, 1.000, 0.000, 0.000]"
147.16,147.2,Wonyoung,0.9996390342712402,Wonyoung,[1.000],"[0.000, 0.000, 0.000, 0.063, 1.000, 0.000, 0.000]"
147.2,147.24,Wonyoung,0.9996986389160156,Wonyoung,[1.000],"[0.000, 0.000, 0.000, 0.046, 1.000, 0.000, 0.000]"
147.24,147.28,Wonyoung,0.9997474551200867,Wonyoung,[1.000],"[0.000, 0.000, 0.000, 0.032, 1.000, 0.000, 0.000]"
147.28,147.32,Wonyoung,0.9997876286506653,Wonyoung,[1.000],"[0.000, 0.000, 0.000, 0.022, 1.000, 0.000, 0.000]"
147.32,147.36,Wonyoung,0.9998210072517395,Wonyoung,[1.000],"[0.000, 0.000, 0.000, 0.014, 1.000, 0.000, 0.000]"
147.36,147.4,Wonyoung,0.9998488426208496,Wonyoung,[1.000],"[0.000, 0.000, 0.000, 0.009, 1.000, 0.000, 0.000]"
147.4,147.44,Wonyoung,0.999872088432312,Wonyoung,[1.000],"[0.000, 0.000, 0.000, 0.006, 1.000, 0.000, 0.000]"
147.44,147.48,Wonyoung,0.9998917579650879,Wonyoung,[1.000],"[0.000, 0.000, 0.000, 0.004, 1.000, 0.000, 0.000]"
147.48,147.52,Wonyoung,0.999908447265625,Wonyoung,[1.000],"[0.000, 0.000, 0.000, 0.002, 1.000, 0.000, 0.000]"
147.52,147.56,Wonyoung,0.999922513961792,Wonyoung,[1.000],"[0.000, 0.000, 0.000, 0.001, 1.000, 0.000, 0.000]"
147.56,147.6,Wonyoung,0.9999345541000366,Wonyoung,[1.000],"[0.000, 0.000, 0.000, 0.001, 1.000, 0.000, 0.000]"
147.6,147.64,Wonyoung,0.9999446868896484,Wonyoung,[1.000],"[0.000, 0.000, 0.000, 0.000, 1.000, 0.000, 0.000]"
147.64,147.68,Wonyoung,0.9999533891677856,Wonyoung,[1.000],"[0.000, 0.000, 0.000, 0.000, 1.000, 0.000, 0.000]"
147.68,147.72,Wonyoung,0.9999607801437378,Wonyoung,[1.000],"[0.000, 0.000, 0.000, 0.000, 1.000, 0.000, 0.000]"
147.72,147.76,Wonyoung,0.999967098236084,Wonyoung,[1.000],"[0.000, 0.000, 0.000, 0.000, 1.000, 0.000, 0.000]"
147.76,147.8,Wonyoung,0.9999725818634033,Wonyoung,[1.000],"[0.000, 0.000, 0.000, 0.000, 1.000, 0.000, 0.000]"
147.8,147.84,Wonyoung,0.9999771118164062,Wonyoung,[1.000],"[0.000, 0.000, 0.000, 0.000, 1.000, 0.000, 0.000]"
147.84,147.88,Wonyoung,0.9999810457229614,Wonyoung,[1.000],"[0.000, 0.000, 0.000, 0.000, 1.000, 0.000, 0.000]"
147.88,147.92,Wonyoung,0.9999842643737793,Wonyoung,[1.000],"[0.000, 0.000, 0.000, 0.000, 1.000, 0.000, 0.000]"
147.92,147.96,Wonyoung,0.9999868869781494,Wonyoung,[1.000],"[0.000, 0.000, 0.000, 0.000, 1.000, 0.000, 0.000]"
147.96,148.0,Wonyoung,0.9999890327453613,Wonyoung,[1.000],"[0.000, 0.000, 0.000, 0.000, 1.000, 0.000, 0.000]"
148.0,148.04,Wonyoung,0.999990701675415,Wonyoung,[1.000],"[0.000, 0.000, 0.000, 0.000, 1.000, 0.000, 0.000]"
148.04,148.08,Wonyoung,0.9999921321868896,Wonyoung,[1.000],"[0.000, 0.000, 0.000, 0.000, 1.000, 0.000, 0.000]"
148.08,148.12,Wonyoung,0.9999932050704956,Wonyoung,[1.000],"[0.000, 0.000, 0.000, 0.000, 1.000, 0.000, 0.000]"
148.12,148.16,Wonyoung,0.9999940395355225,Wonyoung,[1.000],"[0.000, 0.000, 0.000, 0.000, 1.000, 0.000, 0.000]"
148.16,148.2,Wonyoung,0.9999946355819702,Wonyoung,[1.000],"[0.000, 0.000, 0.000, 0.000, 1.000, 0.000, 0.000]"
148.2,148.24,Wonyoung,0.9999951124191284,Wonyoung,[1.000],"[0.000, 0.000, 0.000, 0.000, 1.000, 0.000, 0.000]"
148.24,148.28,Wonyoung,0.9999954700469971,Wonyoung,[1.000],"[0.000, 0.000, 0.000, 0.000, 1.000, 0.000, 0.000]"
148.28,148.32,Wonyoung,0.9999957084655762,Wonyoung,[1.000],"[0.000, 0.000, 0.000, 0.000, 1.000, 0.000, 0.000]"
148.32,148.36,Wonyoung,0.9999958276748657,Wonyoung,[1.000],"[0.000, 0.000, 0.000, 0.000, 1.000, 0.000, 0.000]"
148.36,148.4,Wonyoung,0.9999958276748657,Wonyoung,[1.000],"[0.000, 0.000, 0.000, 0.000, 1.000, 0.000, 0.000]"
148.4,148.44,Wonyoung,0.9999957084655762,Wonyoung,[1.000],"[0.000, 0.000, 0.000, 0.000, 1.000, 0.000, 0.000]"
148.44,148.48,Wonyoung,0.9999953508377075,Wonyoung,[1.000],"[0.000, 0.000, 0.000, 0.000, 1.000, 0.000, 0.000]"
148.48,148.52,Wonyoung,0.9999949932098389,Wonyoung,[1.000],"[0.000, 0.000, 0.000, 0.000, 1.000, 0.000, 0.000]"
148.52,148.56,Wonyoung,0.9999943971633911,Wonyoung,[1.000],"[0.000, 0.000, 0.000, 0.000, 1.000, 0.000, 0.000]"
148.56,148.6,Wonyoung,0.9999934434890747,Wonyoung,[1.000],"[0.000, 0.000, 0.000, 0.000, 1.000, 0.000, 0.000]"
148.6,148.64,Wonyoung,0.9999922513961792,Wonyoung,[1.000],"[0.000, 0.000, 0.000, 0.000, 1.000, 0.000, 0.000]"
148.64,148.68,Wonyoung,0.9999904632568359,Wonyoung,[1.000],"[0.000, 0.000, 0.000, 0.000, 1.000, 0.000, 0.000]"
148.68,148.72,Wonyoung,0.9999879598617554,Wonyoung,[1.000],"[0.000, 0.000, 0.000, 0.000, 1.000, 0.000, 0.000]"
148.72,148.76,Wonyoung,0.9999843835830688,Wonyoung,[1.000],"[0.000, 0.000, 0.000, 0.000, 1.000, 0.000, 0.000]"
148.76,148.8,Wonyoung,0.9999793767929077,Wonyoung,[1.000],"[0.000, 0.000, 0.000, 0.000, 1.000, 0.000, 0.000]"
148.8,148.84,Wonyoung,0.999971866607666,Wonyoung,[1.000],"[0.000, 0.000, 0.000, 0.000, 1.000, 0.000, 0.000]"
148.84,148.88,Wonyoung,0.9999610185623169,Wonyoung,[1.000],"[0.000, 0.000, 0.000, 0.000, 1.000, 0.000, 0.000]"
148.88,148.92,Wonyoung,0.9999450445175171,Wonyoung,[1.000],"[0.000, 0.000, 0.000, 0.000, 1.000, 0.000, 0.000]"
148.92,148.96,Wonyoung,0.9999212026596069,Wonyoung,[1.000],"[0.000, 0.000, 0.000, 0.000, 1.000, 0.000, 0.000]"
148.96,149.0,Wonyoung,0.9998857975006104,Wonyoung,[1.000],"[0.000, 0.000, 0.000, 0.000, 1.000, 0.000, 0.000]"
149.0,149.04,Wonyoung,0.9998332262039185,Wonyoung,[1.000],"[0.000, 0.000, 0.000, 0.000, 1.000, 0.000, 0.000]"
149.04,149.08,Wonyoung,0.9997554421424866,Wonyoung,[1.000],"[0.000, 0.000, 0.000, 0.000, 1.000, 0.000, 0.000]"
149.08,149.12,Wonyoung,0.9996403455734253,Wonyoung,[1.000],"[0.000, 0.000, 0.000, 0.000, 1.000, 0.000, 0.000]"
149.12,149.16,Wonyoung,0.9994712471961975,Wonyoung,[0.999],"[0.000, 0.000, 0.000, 0.000, 0.999, 0.000, 0.000]"
149.16,149.2,Wonyoung,0.9992239475250244,Wonyoung,[0.999],"[0.000, 0.000, 0.000, 0.000, 0.999, 0.000, 0.000]"
149.2,149.24,Wonyoung,0.9988657236099243,Wonyoung,[0.999],"[0.000, 0.000, 0.000, 0.000, 0.999, 0.000, 0.000]"
149.24,149.28,Wonyoung,0.9983525276184082,Wonyoung,[0.998],"[0.000, 0.000, 0.000, 0.000, 0.998, 0.000, 0.000]"
149.28,149.32,Wonyoung,0.997626006603241,Wonyoung,[0.998],"[0.000, 0.000, 0.000, 0.000, 0.998, 0.000, 0.000]"
149.32,149.36,Wonyoung,0.9966109395027161,Wonyoung,[0.997],"[0.000, 0.000, 0.000, 0.000, 0.997, 0.000, 0.000]"
149.36,149.4,Wonyoung,0.9952127933502197,Wonyoung,[0.995],"[0.000, 0.000, 0.000, 0.000, 0.995, 0.000, 0.000]"
149.4,149.44,Wonyoung,0.9933116436004639,Wonyoung,[0.993],"[0.000, 0.000, 0.000, 0.000, 0.993, 0.000, 0.000]"
149.44,149.48,Wonyoung,0.990757942199707,Wonyoung,[0.991],"[0.000, 0.000, 0.000, 0.000, 0.991, 0.000, 0.000]"
149.48,149.52,Wonyoung,0.9873740077018738,Wonyoung,[0.987],"[0.000, 0.000, 0.000, 0.000, 0.987, 0.000, 0.000]"
149.52,149.56,Wonyoung,0.982948899269104,Wonyoung,[0.983],"[0.000, 0.000, 0.000, 0.000, 0.983, 0.000, 0.000]"
149.56,149.6,Wonyoung,0.9772493839263916,Wonyoung,[0.977],"[0.000, 0.000, 0.000, 0.000, 0.977, 0.000, 0.000]"
149.6,149.64,Wonyoung,0.9700255990028381,Wonyoung,[0.970],"[0.000, 0.000, 0.000, 0.000, 0.970, 0.000, 0.000]"
149.64,149.68,Wonyoung,0.9610244035720825,Wonyoung,[0.961],"[0.000, 0.000, 0.000, 0.000, 0.961, 0.000, 0.000]"
149.68,149.72,Wonyoung,0.9500082731246948,Wonyoung,[0.950],"[0.000, 0.000, 0.000, 0.000, 0.950, 0.000, 0.000]"
149.72,149.76,Wonyoung,0.9367799758911133,Wonyoung,[0.937],"[0.000, 0.000, 0.000, 0.000, 0.937, 0.000, 0.000]"
149.76,149.8,Wonyoung,0.9212163686752319,Wonyoung,[0.921],"[0.000, 0.000, 0.000, 0.001, 0.921, 0.000, 0.000]"
149.8,149.84,Wonyoung,0.9033197164535522,Wonyoung,[0.903],"[0.000, 0.000, 0.000, 0.001, 0.903, 0.000, 0.000]"
149.84,149.88,Wonyoung,0.8832794427871704,Wonyoung,[0.883],"[0.000, 0.000, 0.000, 0.001, 0.883, 0.000, 0.000]"
149.88,149.92,Wonyoung,0.8615528345108032,Wonyoung,[0.862],"[0.000, 0.000, 0.000, 0.001, 0.862, 0.000, 0.000]"
149.92,149.96,Wonyoung,0.8388805985450745,Wonyoung,[0.839],"[0.000, 0.000, 0.000, 0.002, 0.839, 0.000, 0.000]"
149.96,150.0,Wonyoung,0.8161886930465698,Wonyoung,[0.816],"[0.000, 0.000, 0.000, 0.002, 0.816, 0.000, 0.000]"
150.0,150.04,Wonyoung,0.7946138381958008,Wonyoung,[0.795],"[0.000, 0.000, 0.000, 0.003, 0.795, 0.000, 0.000]"
150.04,150.08,Wonyoung,0.7753519415855408,Wonyoung,[0.775],"[0.000, 0.000, 0.000, 0.003, 0.775, 0.000, 0.000]"
150.08,150.12,Wonyoung,0.7594023942947388,Wonyoung,[0.759],"[0.000, 0.000, 0.000, 0.004, 0.759, 0.000, 0.000]"
150.12,150.16,Wonyoung,0.7475385069847107,Wonyoung,[0.748],"[0.000, 0.000, 0.000, 0.005, 0.748, 0.000, 0.000]"
150.16,150.2,Wonyoung,0.7403883934020996,Wonyoung,[0.740],"[0.000, 0.000, 0.000, 0.005, 0.740, 0.000, 0.000]"
150.2,150.24,Wonyoung,0.738387405872345,Wonyoung,[0.738],"[0.000, 0.000, 0.000, 0.006, 0.738, 0.000, 0.000]"
150.24,150.28,Wonyoung,0.741715133190155,Wonyoung,[0.742],"[0.000, 0.000, 0.000, 0.007, 0.742, 0.000, 0.000]"
150.28,150.32,Wonyoung,0.7502840757369995,Wonyoung,[0.750],"[0.000, 0.000, 0.000, 0.008, 0.750, 0.000, 0.000]"
150.32,150.36,Wonyoung,0.7638103365898132,Wonyoung,[0.764],"[0.000, 0.000, 0.000, 0.010, 0.764, 0.000, 0.000]"
150.36,150.4,Wonyoung,0.7816339135169983,Wonyoung,[0.782],"[0.000, 0.000, 0.000, 0.011, 0.782, 0.000, 0.000]"
150.4,150.44,Wonyoung,0.8027827143669128,Wonyoung,[0.803],"[0.000, 0.000, 0.000, 0.013, 0.803, 0.000, 0.000]"
150.44,150.48,Wonyoung,0.8260805010795593,Wonyoung,[0.826],"[0.000, 0.000, 0.000, 0.016, 0.826, 0.000, 0.000]"
150.48,150.52,Wonyoung,0.8502340316772461,Wonyoung,[0.850],"[0.000, 0.000, 0.000, 0.018, 0.850, 0.000, 0.000]"
150.52,150.56,Wonyoung,0.8740261197090149,Wonyoung,[0.874],"[0.000, 0.000, 0.000, 0.021, 0.874, 0.000, 0.000]"
150.56,150.6,Wonyoung,0.896439254283905,Wonyoung,[0.896],"[0.000, 0.000, 0.000, 0.025, 0.896, 0.000, 0.000]"
150.6,150.64,Wonyoung,0.916717529296875,Wonyoung,[0.917],"[0.000, 0.000, 0.000, 0.029, 0.917, 0.000, 0.000]"
150.64,150.68,Wonyoung,0.9343729615211487,Wonyoung,[0.934],"[0.000, 0.000, 0.000, 0.033, 0.934, 0.000, 0.000]"
150.68,150.72,Wonyoung,0.9492102861404419,Wonyoung,[0.949],"[0.000, 0.000, 0.000, 0.038, 0.949, 0.000, 0.000]"
150.72,150.76,Wonyoung,0.9612843990325928,Wonyoung,[0.961],"[0.000, 0.000, 0.000, 0.043, 0.961, 0.000, 0.000]"
150.76,150.8,Wonyoung,0.97084641456604,Wonyoung,[0.971],"[0.000, 0.000, 0.000, 0.048, 0.971, 0.000, 0.000]"
150.8,150.84,Wonyoung,0.9782437086105347,Wonyoung,[0.978],"[0.000, 0.000, 0.000, 0.054, 0.978, 0.000, 0.000]"
150.84,150.88,Wonyoung,0.9838582873344421,Wonyoung,[0.984],"[0.000, 0.000, 0.000, 0.058, 0.984, 0.000, 0.000]"
150.88,150.92,Wonyoung,0.9880505204200745,Wonyoung,[0.988],"[0.000, 0.000, 0.000, 0.063, 0.988, 0.000, 0.000]"
150.92,150.96,Wonyoung,0.9911415576934814,Wonyoung,[0.991],"[0.000, 0.000, 0.000, 0.066, 0.991, 0.000, 0.000]"
150.96,151.0,Wonyoung,0.9933991432189941,Wonyoung,[0.993],"[0.000, 0.000, 0.000, 0.068, 0.993, 0.000, 0.000]"
151.0,151.04,Wonyoung,0.9950382113456726,Wonyoung,[0.995],"[0.000, 0.000, 0.000, 0.069, 0.995, 0.000, 0.000]"
151.04,151.08,Wonyoung,0.9962257146835327,Wonyoung,[0.996],"[0.000, 0.000, 0.000, 0.069, 0.996, 0.000, 0.000]"
151.08,151.12,Wonyoung,0.9970889687538147,Wonyoung,[0.997],"[0.000, 0.000, 0.000, 0.067, 0.997, 0.000, 0.000]"
151.12,151.16,Wonyoung,0.9977200627326965,Wonyoung,[0.998],"[0.000, 0.000, 0.000, 0.064, 0.998, 0.000, 0.000]"
151.16,151.2,Wonyoung,0.9981858134269714,Wonyoung,[0.998],"[0.000, 0.000, 0.000, 0.060, 0.998, 0.000, 0.000]"
151.2,151.24,Wonyoung,0.9985324144363403,Wonyoung,[0.999],"[0.000, 0.000, 0.000, 0.056, 0.999, 0.000, 0.000]"
151.24,151.28,Wonyoung,0.998792290687561,Wonyoung,[0.999],"[0.000, 0.000, 0.000, 0.050, 0.999, 0.000, 0.000]"
151.28,151.32,Wonyoung,0.9989891648292542,Wonyoung,[0.999],"[0.000, 0.000, 0.000, 0.045, 0.999, 0.000, 0.000]"
151.32,151.36,Wonyoung,0.9991395473480225,Wonyoung,[0.999],"[0.000, 0.000, 0.000, 0.039, 0.999, 0.000, 0.000]"
151.36,151.4,Wonyoung,0.9992559552192688,Wonyoung,[0.999],"[0.000, 0.000, 0.000, 0.033, 0.999, 0.000, 0.000]"
151.4,151.44,Wonyoung,0.9993472695350647,Wonyoung,[0.999],"[0.000, 0.000, 0.000, 0.028, 0.999, 0.000, 0.000]"
151.44,151.48,Wonyoung,0.9994200468063354,Wonyoung,[0.999],"[0.000, 0.000, 0.000, 0.023, 0.999, 0.000, 0.000]"
151.48,151.52,Wonyoung,0.9994791150093079,Wonyoung,[0.999],"[0.000, 0.000, 0.000, 0.018, 0.999, 0.000, 0.000]"
151.52,151.56,Wonyoung,0.9995279312133789,Wonyoung,[1.000],"[0.000, 0.001, 0.000, 0.014, 1.000, 0.000, 0.000]"
151.56,151.6,Wonyoung,0.9995689988136292,Wonyoung,[1.000],"[0.000, 0.001, 0.000, 0.011, 1.000, 0.000, 0.000]"
151.6,151.64,Wonyoung,0.9996039271354675,Wonyoung,[1.000],"[0.000, 0.001, 0.000, 0.008, 1.000, 0.000, 0.000]"
151.64,151.68,Wonyoung,0.9996342658996582,Wonyoung,[1.000],"[0.000, 0.001, 0.000, 0.006, 1.000, 0.000, 0.000]"
151.68,151.72,Wonyoung,0.9996612071990967,Wonyoung,[1.000],"[0.000, 0.001, 0.000, 0.004, 1.000, 0.000, 0.000]"
151.72,151.76,Wonyoung,0.9996856451034546,Wonyoung,[1.000],"[0.000, 0.002, 0.000, 0.003, 1.000, 0.000, 0.000]"
151.76,151.8,Wonyoung,0.9997079968452454,Wonyoung,[1.000],"[0.000, 0.002, 0.000, 0.002, 1.000, 0.000, 0.000]"
151.8,151.84,Wonyoung,0.9997292160987854,Wonyoung,[1.000],"[0.000, 0.003, 0.000, 0.001, 1.000, 0.000, 0.000]"
151.84,151.88,Wonyoung,0.9997492432594299,Wonyoung,[1.000],"[0.000, 0.003, 0.000, 0.001, 1.000, 0.000, 0.000]"
151.88,151.92,Wonyoung,0.9997681975364685,Wonyoung,[1.000],"[0.000, 0.004, 0.000, 0.001, 1.000, 0.000, 0.000]"
151.92,151.96,Wonyoung,0.9997859597206116,Wonyoung,[1.000],"[0.000, 0.004, 0.000, 0.000, 1.000, 0.000, 0.000]"
151.96,152.0,Wonyoung,0.9998025298118591,Wonyoung,[1.000],"[0.000, 0.005, 0.000, 0.000, 1.000, 0.000, 0.000]"
152.0,152.04,Wonyoung,0.9998177886009216,Wonyoung,[1.000],"[0.000, 0.006, 0.000, 0.000, 1.000, 0.000, 0.000]"
152.04,152.08,Wonyoung,0.9998315572738647,Wonyoung,[1.000],"[0.000, 0.006, 0.000, 0.000, 1.000, 0.000, 0.000]"
152.08,152.12,Wonyoung,0.9998441934585571,Wonyoung,[1.000],"[0.000, 0.007, 0.000, 0.000, 1.000, 0.000, 0.000]"
152.12,152.16,Wonyoung,0.9998555183410645,Wonyoung,[1.000],"[0.000, 0.008, 0.000, 0.000, 1.000, 0.000, 0.000]"
152.16,152.2,Wonyoung,0.9998655319213867,Wonyoung,[1.000],"[0.000, 0.008, 0.000, 0.000, 1.000, 0.000, 0.000]"
152.2,152.24,Wonyoung,0.9998742341995239,Wonyoung,[1.000],"[0.000, 0.008, 0.000, 0.000, 1.000, 0.000, 0.000]"
152.24,152.28,Wonyoung,0.9998818635940552,Wonyoung,[1.000],"[0.000, 0.008, 0.000, 0.000, 1.000, 0.000, 0.000]"
152.28,152.32,Wonyoung,0.9998883008956909,Wonyoung,[1.000],"[0.000, 0.008, 0.000, 0.000, 1.000, 0.000, 0.000]"
152.32,152.36,Wonyoung,0.9998937845230103,Wonyoung,[1.000],"[0.000, 0.008, 0.000, 0.000, 1.000, 0.000, 0.000]"
152.36,152.4,Wonyoung,0.9998983144760132,Wonyoung,[1.000],"[0.000, 0.007, 0.000, 0.000, 1.000, 0.000, 0.000]"
152.4,152.44,Wonyoung,0.9999020099639893,Wonyoung,[1.000],"[0.000, 0.007, 0.000, 0.000, 1.000, 0.000, 0.000]"
152.44,152.48,Wonyoung,0.9999048709869385,Wonyoung,[1.000],"[0.000, 0.006, 0.000, 0.000, 1.000, 0.000, 0.000]"
152.48,152.52,Wonyoung,0.9999070167541504,Wonyoung,[1.000],"[0.000, 0.006, 0.000, 0.000, 1.000, 0.000, 0.000]"
152.52,152.56,Wonyoung,0.999908447265625,Wonyoung,[1.000],"[0.000, 0.005, 0.000, 0.000, 1.000, 0.000, 0.000]"
152.56,152.6,Wonyoung,0.9999091625213623,Wonyoung,[1.000],"[0.000, 0.005, 0.000, 0.000, 1.000, 0.000, 0.000]"
152.6,152.64,Wonyoung,0.9999092817306519,Wonyoung,[1.000],"[0.000, 0.004, 0.000, 0.000, 1.000, 0.000, 0.000]"
152.64,152.68,Wonyoung,0.9999085664749146,Wonyoung,[1.000],"[0.000, 0.004, 0.000, 0.000, 1.000, 0.000, 0.000]"
152.68,152.72,Wonyoung,0.9999072551727295,Wonyoung,[1.000],"[0.000, 0.003, 0.000, 0.000, 1.000, 0.000, 0.000]"
152.72,152.76,Wonyoung,0.9999053478240967,Wonyoung,[1.000],"[0.000, 0.003, 0.000, 0.000, 1.000, 0.000, 0.000]"
152.76,152.8,Wonyoung,0.9999027252197266,Wonyoung,[1.000],"[0.000, 0.003, 0.000, 0.000, 1.000, 0.000, 0.000]"
152.8,152.84,Wonyoung,0.9998997449874878,Wonyoung,[1.000],"[0.000, 0.002, 0.000, 0.000, 1.000, 0.000, 0.000]"
152.84,152.88,Wonyoung,0.9998961687088013,Wonyoung,[1.000],"[0.000, 0.002, 0.000, 0.000, 1.000, 0.000, 0.000]"
152.88,152.92,Wonyoung,0.9998923540115356,Wonyoung,[1.000],"[0.000, 0.002, 0.000, 0.000, 1.000, 0.000, 0.000]"
152.92,152.96,Wonyoung,0.9998884201049805,Wonyoung,[1.000],"[0.000, 0.002, 0.000, 0.000, 1.000, 0.000, 0.000]"
152.96,153.0,Wonyoung,0.9998847246170044,Wonyoung,[1.000],"[0.000, 0.002, 0.000, 0.000, 1.000, 0.000, 0.000]"
153.0,153.04,Wonyoung,0.9998811483383179,Wonyoung,[1.000],"[0.000, 0.001, 0.000, 0.000, 1.000, 0.000, 0.000]"
153.04,153.08,Wonyoung,0.9998782873153687,Wonyoung,[1.000],"[0.000, 0.001, 0.000, 0.000, 1.000, 0.000, 0.000]"
153.08,153.12,Wonyoung,0.9998761415481567,Wonyoung,[1.000],"[0.000, 0.001, 0.000, 0.000, 1.000, 0.000, 0.000]"
153.12,153.16,Wonyoung,0.9998749494552612,Wonyoung,[1.000],"[0.000, 0.001, 0.000, 0.000, 1.000, 0.000, 0.000]"
153.16,153.2,Wonyoung,0.9998747110366821,Wonyoung,[1.000],"[0.000, 0.001, 0.000, 0.000, 1.000, 0.000, 0.000]"
153.2,153.24,Wonyoung,0.9998756647109985,Wonyoung,[1.000],"[0.000, 0.001, 0.000, 0.000, 1.000, 0.000, 0.000]"
153.24,153.28,Wonyoung,0.9998774528503418,Wonyoung,[1.000],"[0.000, 0.001, 0.000, 0.000, 1.000, 0.000, 0.000]"
153.28,153.32,Wonyoung,0.9998800754547119,Wonyoung,[1.000],"[0.000, 0.001, 0.000, 0.000, 1.000, 0.000, 0.000]"
153.32,153.36,Wonyoung,0.9998831748962402,Wonyoung,[1.000],"[0.000, 0.001, 0.000, 0.000, 1.000, 0.000, 0.000]"
153.36,153.4,Wonyoung,0.9998865127563477,Wonyoung,[1.000],"[0.000, 0.001, 0.000, 0.000, 1.000, 0.000, 0.000]"
153.4,153.44,Wonyoung,0.9998899698257446,Wonyoung,[1.000],"[0.000, 0.001, 0.000, 0.000, 1.000, 0.000, 0.000]"
153.44,153.48,Wonyoung,0.999893069267273,Wonyoung,[1.000],"[0.000, 0.000, 0.000, 0.000, 1.000, 0.000, 0.000]"
153.48,153.52,Wonyoung,0.999895453453064,Wonyoung,[1.000],"[0.000, 0.000, 0.000, 0.000, 1.000, 0.000, 0.000]"
153.52,153.56,Wonyoung,0.999896764755249,Wonyoung,[1.000],"[0.000, 0.000, 0.000, 0.000, 1.000, 0.000, 0.000]"
153.56,153.6,Wonyoung,0.9998964071273804,Wonyoung,[1.000],"[0.000, 0.000, 0.000, 0.000, 1.000, 0.000, 0.000]"
153.6,153.64,Wonyoung,0.9998940229415894,Wonyoung,[1.000],"[0.000, 0.000, 0.000, 0.000, 1.000, 0.000, 0.000]"
153.64,153.68,Wonyoung,0.9998887777328491,Wonyoung,[1.000],"[0.000, 0.000, 0.000, 0.000, 1.000, 0.000, 0.000]"
153.68,153.72,Wonyoung,0.9998799562454224,Wonyoung,[1.000],"[0.000, 0.000, 0.000, 0.000, 1.000, 0.000, 0.000]"
153.72,153.76,Wonyoung,0.9998663663864136,Wonyoung,[1.000],"[0.000, 0.000, 0.000, 0.000, 1.000, 0.000, 0.000]"
153.76,153.8,Wonyoung,0.9998459815979004,Wonyoung,[1.000],"[0.000, 0.000, 0.000, 0.000, 1.000, 0.000, 0.000]"
153.8,153.84,Wonyoung,0.9998158812522888,Wonyoung,[1.000],"[0.000, 0.000, 0.000, 0.000, 1.000, 0.000, 0.000]"
153.84,153.88,Wonyoung,0.9997712969779968,Wonyoung,[1.000],"[0.000, 0.000, 0.000, 0.000, 1.000, 0.000, 0.000]"
153.88,153.92,Wonyoung,0.9997039437294006,Wonyoung,[1.000],"[0.000, 0.000, 0.000, 0.000, 1.000, 0.000, 0.000]"
153.92,153.96,Wonyoung,0.9996007084846497,Wonyoung,[1.000],"[0.000, 0.000, 0.000, 0.000, 1.000, 0.000, 0.000]"
153.96,154.0,Wonyoung,0.999438464641571,Wonyoung,[0.999],"[0.000, 0.000, 0.000, 0.000, 0.999, 0.000, 0.000]"
154.0,154.04,Wonyoung,0.9991775155067444,Wonyoung,[0.999],"[0.000, 0.000, 0.000, 0.000, 0.999, 0.000, 0.000]"
154.04,154.08,Wonyoung,0.9987468719482422,Wonyoung,[0.999],"[0.000, 0.000, 0.000, 0.000, 0.999, 0.000, 0.000]"
154.08,154.12,Wonyoung,0.9980188608169556,Wonyoung,[0.998],"[0.000, 0.000, 0.000, 0.000, 0.998, 0.000, 0.000]"
154.12,154.16,Wonyoung,0.996758759021759,Wonyoung,[0.997],"[0.000, 0.000, 0.000, 0.000, 0.997, 0.000, 0.000]"
154.16,154.2,Wonyoung,0.9945283532142639,Wonyoung,[0.995],"[0.000, 0.000, 0.000, 0.000, 0.995, 0.000, 0.000]"
154.2,154.24,Wonyoung,0.9905065894126892,Wonyoung,[0.991],"[0.000, 0.000, 0.000, 0.000, 0.991, 0.000, 0.000]"
154.24,154.28,Wonyoung,0.9831547737121582,Wonyoung,[0.983],"[0.000, 0.000, 0.000, 0.000, 0.983, 0.000, 0.000]"
154.28,154.32,Wonyoung,0.9696366786956787,Wonyoung,[0.970],"[0.000, 0.000, 0.000, 0.000, 0.970, 0.000, 0.001]"
154.32,154.36,Wonyoung,0.9449282288551331,Wonyoung,[0.945],"[0.000, 0.000, 0.000, 0.000, 0.945, 0.000, 0.003]"
154.36,154.4,Wonyoung,0.9009047746658325,Wonyoung,[0.901],"[0.000, 0.000, 0.000, 0.000, 0.901, 0.000, 0.010]"
154.4,154.44,Wonyoung,0.8267973065376282,Wonyoung,[0.827],"[0.000, 0.000, 0.000, 0.000, 0.827, 0.000, 0.028]"
154.44,154.48,Wonyoung,0.7139798402786255,Wonyoung,[0.714],"[0.000, 0.000, 0.000, 0.000, 0.714, 0.000, 0.076]"
154.48,154.52,Wonyoung,0.5664446353912354,Wonyoung,[0.566],"[0.000, 0.000, 0.000, 0.000, 0.566, 0.000, 0.177]"
154.52,154.56,Wonyoung,0.4076389968395233,,[],"[0.000, 0.000, 0.000, 0.000, 0.408, 0.000, 0.340]"
154.56,154.6,silence,0.5308681726455688,,[],"[0.000, 0.000, 0.000, 0.000, 0.268, 0.000, 0.531]"
154.6,154.64,silence,0.6925373077392578,silence,[0.693],"[0.000, 0.000, 0.000, 0.000, 0.166, 0.000, 0.693]"
154.64,154.68,silence,0.8021064400672913,silence,[0.802],"[0.000, 0.000, 0.000, 0.000, 0.099, 0.000, 0.802]"
154.68,154.72,silence,0.8677591681480408,silence,[0.868],"[0.000, 0.000, 0.000, 0.000, 0.059, 0.000, 0.868]"
154.72,154.76,silence,0.9049855470657349,silence,[0.905],"[0.000, 0.000, 0.000, 0.000, 0.035, 0.000, 0.905]"
154.76,154.8,silence,0.9252378344535828,silence,[0.925],"[0.000, 0.000, 0.000, 0.000, 0.021, 0.001, 0.925]"
154.8,154.84,silence,0.9349806308746338,silence,[0.935],"[0.000, 0.000, 0.000, 0.000, 0.014, 0.001, 0.935]"
154.84,154.88,silence,0.937288761138916,silence,[0.937],"[0.000, 0.000, 0.000, 0.000, 0.009, 0.002, 0.937]"
154.88,154.92,silence,0.9329972267150879,silence,[0.933],"[0.000, 0.000, 0.000, 0.000, 0.006, 0.003, 0.933]"
154.92,154.96,silence,0.9210425019264221,silence,[0.921],"[0.000, 0.000, 0.000, 0.000, 0.004, 0.004, 0.921]"
154.96,155.0,silence,0.8981651067733765,silence,[0.898],"[0.000, 0.000, 0.000, 0.000, 0.003, 0.006, 0.898]"
155.0,155.04,silence,0.8581059575080872,silence,[0.858],"[0.000, 0.000, 0.000, 0.000, 0.002, 0.009, 0.858]"
155.04,155.08,silence,0.7910232543945312,silence,[0.791],"[0.000, 0.000, 0.000, 0.001, 0.002, 0.011, 0.791]"
155.08,155.12,silence,0.6856299042701721,silence,[0.686],"[0.000, 0.000, 0.000, 0.002, 0.002, 0.014, 0.686]"
155.12,155.16,silence,0.5383906960487366,silence,[0.538],"[0.000, 0.000, 0.000, 0.005, 0.001, 0.017, 0.538]"
155.16,155.2,silence,0.3683048188686371,,[],"[0.000, 0.000, 0.000, 0.013, 0.001, 0.019, 0.368]"
155.2,155.24,silence,0.21526017785072327,,[],"[0.000, 0.000, 0.000, 0.031, 0.001, 0.021, 0.215]"
155.24,155.28,silence,0.10892380028963089,,[],"[0.000, 0.000, 0.000, 0.073, 0.001, 0.022, 0.109]"
155.28,155.32,Rei,0.16094769537448883,,[],"[0.000, 0.000, 0.000, 0.161, 0.001, 0.022, 0.049]"
155.32,155.36,Rei,0.3123702108860016,,[],"[0.000, 0.000, 0.000, 0.312, 0.001, 0.021, 0.021]"
155.36,155.4,Rei,0.5120967030525208,,[],"[0.000, 0.000, 0.000, 0.512, 0.001, 0.019, 0.008]"
155.4,155.44,Rei,0.7024847269058228,Rei,[0.702],"[0.000, 0.000, 0.000, 0.702, 0.001, 0.016, 0.003]"
155.44,155.48,Rei,0.837839663028717,Rei,[0.838],"[0.000, 0.000, 0.000, 0.838, 0.001, 0.014, 0.001]"
155.48,155.52,Rei,0.9166160821914673,Rei,[0.917],"[0.000, 0.000, 0.000, 0.917, 0.001, 0.011, 0.000]"
155.52,155.56,Rei,0.957882821559906,Rei,[0.958],"[0.000, 0.000, 0.000, 0.958, 0.001, 0.009, 0.000]"
155.56,155.6,Rei,0.9786240458488464,Rei,[0.979],"[0.000, 0.000, 0.000, 0.979, 0.001, 0.007, 0.000]"
155.6,155.64,Rei,0.9889886975288391,Rei,[0.989],"[0.000, 0.000, 0.000, 0.989, 0.001, 0.005, 0.000]"
155.64,155.68,Rei,0.9942219853401184,Rei,[0.994],"[0.000, 0.000, 0.000, 0.994, 0.001, 0.004, 0.000]"
155.68,155.72,Rei,0.9969083666801453,Rei,[0.997],"[0.000, 0.000, 0.000, 0.997, 0.001, 0.003, 0.000]"
155.72,155.76,Rei,0.9983144998550415,Rei,[0.998],"[0.000, 0.000, 0.000, 0.998, 0.001, 0.002, 0.000]"
155.76,155.8,Rei,0.9990641474723816,Rei,[0.999],"[0.000, 0.000, 0.000, 0.999, 0.001, 0.001, 0.000]"
155.8,155.84,Rei,0.999471127986908,Rei,[0.999],"[0.000, 0.000, 0.000, 0.999, 0.001, 0.001, 0.000]"
155.84,155.88,Rei,0.9996960163116455,Rei,[1.000],"[0.000, 0.000, 0.000, 1.000, 0.001, 0.001, 0.000]"
155.88,155.92,Rei,0.9998224377632141,Rei,[1.000],"[0.001, 0.000, 0.000, 1.000, 0.001, 0.000, 0.000]"
155.92,155.96,Rei,0.9998946189880371,Rei,[1.000],"[0.001, 0.000, 0.000, 1.000, 0.001, 0.000, 0.000]"
155.96,156.0,Rei,0.999936580657959,Rei,[1.000],"[0.001, 0.000, 0.000, 1.000, 0.001, 0.000, 0.000]"
156.0,156.04,Rei,0.9999611377716064,Rei,[1.000],"[0.001, 0.000, 0.000, 1.000, 0.001, 0.000, 0.000]"
156.04,156.08,Rei,0.9999758005142212,Rei,[1.000],"[0.001, 0.000, 0.000, 1.000, 0.001, 0.000, 0.000]"
156.08,156.12,Rei,0.999984622001648,Rei,[1.000],"[0.001, 0.000, 0.000, 1.000, 0.001, 0.000, 0.000]"
156.12,156.16,Rei,0.9999899864196777,Rei,[1.000],"[0.001, 0.000, 0.000, 1.000, 0.001, 0.000, 0.000]"
156.16,156.2,Rei,0.9999933242797852,Rei,[1.000],"[0.001, 0.000, 0.000, 1.000, 0.001, 0.000, 0.000]"
156.2,156.24,Rei,0.9999954700469971,Rei,[1.000],"[0.001, 0.000, 0.000, 1.000, 0.001, 0.000, 0.000]"
156.24,156.28,Rei,0.9999967813491821,Rei,[1.000],"[0.001, 0.000, 0.000, 1.000, 0.001, 0.000, 0.000]"
156.28,156.32,Rei,0.999997615814209,Rei,[1.000],"[0.001, 0.000, 0.000, 1.000, 0.001, 0.000, 0.000]"
156.32,156.36,Rei,0.9999982118606567,Rei,[1.000],"[0.001, 0.000, 0.000, 1.000, 0.001, 0.000, 0.000]"
156.36,156.4,Rei,0.9999985694885254,Rei,[1.000],"[0.001, 0.000, 0.000, 1.000, 0.001, 0.000, 0.000]"
156.4,156.44,Rei,0.9999988079071045,Rei,[1.000],"[0.001, 0.000, 0.000, 1.000, 0.001, 0.000, 0.000]"
156.44,156.48,Rei,0.9999990463256836,Rei,[1.000],"[0.001, 0.000, 0.000, 1.000, 0.001, 0.000, 0.000]"
156.48,156.52,Rei,0.9999991655349731,Rei,[1.000],"[0.001, 0.000, 0.000, 1.000, 0.001, 0.000, 0.000]"
156.52,156.56,Rei,0.9999991655349731,Rei,[1.000],"[0.001, 0.000, 0.000, 1.000, 0.001, 0.000, 0.000]"
156.56,156.6,Rei,0.9999991655349731,Rei,[1.000],"[0.001, 0.000, 0.000, 1.000, 0.001, 0.000, 0.000]"
156.6,156.64,Rei,0.9999991655349731,Rei,[1.000],"[0.001, 0.000, 0.000, 1.000, 0.001, 0.000, 0.000]"
156.64,156.68,Rei,0.9999990463256836,Rei,[1.000],"[0.001, 0.000, 0.000, 1.000, 0.001, 0.000, 0.000]"
156.68,156.72,Rei,0.9999988079071045,Rei,[1.000],"[0.000, 0.000, 0.000, 1.000, 0.001, 0.000, 0.000]"
156.72,156.76,Rei,0.9999985694885254,Rei,[1.000],"[0.000, 0.000, 0.000, 1.000, 0.001, 0.000, 0.000]"
156.76,156.8,Rei,0.9999980926513672,Rei,[1.000],"[0.000, 0.000, 0.000, 1.000, 0.001, 0.000, 0.000]"
156.8,156.84,Rei,0.9999974966049194,Rei,[1.000],"[0.000, 0.001, 0.000, 1.000, 0.001, 0.000, 0.000]"
156.84,156.88,Rei,0.9999964237213135,Rei,[1.000],"[0.000, 0.001, 0.000, 1.000, 0.001, 0.000, 0.000]"
156.88,156.92,Rei,0.9999947547912598,Rei,[1.000],"[0.000, 0.001, 0.000, 1.000, 0.001, 0.000, 0.000]"
156.92,156.96,Rei,0.9999920129776001,Rei,[1.000],"[0.000, 0.001, 0.001, 1.000, 0.001, 0.000, 0.000]"
156.96,157.0,Rei,0.9999873638153076,Rei,[1.000],"[0.000, 0.002, 0.001, 1.000, 0.001, 0.000, 0.000]"
157.0,157.04,Rei,0.9999798536300659,Rei,[1.000],"[0.000, 0.002, 0.001, 1.000, 0.002, 0.000, 0.000]"
157.04,157.08,Rei,0.9999672174453735,Rei,[1.000],"[0.000, 0.003, 0.001, 1.000, 0.002, 0.000, 0.000]"
157.08,157.12,Rei,0.999946117401123,Rei,[1.000],"[0.000, 0.003, 0.001, 1.000, 0.002, 0.000, 0.000]"
157.12,157.16,Rei,0.9999110698699951,Rei,[1.000],"[0.000, 0.004, 0.001, 1.000, 0.003, 0.000, 0.000]"
157.16,157.2,Rei,0.9998524188995361,Rei,[1.000],"[0.000, 0.004, 0.001, 1.000, 0.004, 0.000, 0.000]"
157.2,157.24,Rei,0.9997552037239075,Rei,[1.000],"[0.000, 0.004, 0.001, 1.000, 0.005, 0.000, 0.000]"
157.24,157.28,Rei,0.9995953440666199,Rei,[1.000],"[0.000, 0.004, 0.001, 1.000, 0.006, 0.000, 0.000]"
157.28,157.32,Rei,0.9993354678153992,Rei,[0.999],"[0.000, 0.004, 0.001, 0.999, 0.008, 0.000, 0.000]"
157.32,157.36,Rei,0.9989210367202759,Rei,[0.999],"[0.000, 0.004, 0.002, 0.999, 0.010, 0.000, 0.000]"
157.36,157.4,Rei,0.9982744455337524,Rei,[0.998],"[0.000, 0.004, 0.002, 0.998, 0.013, 0.000, 0.000]"
157.4,157.44,Rei,0.9972913861274719,Rei,[0.997],"[0.000, 0.003, 0.002, 0.997, 0.016, 0.000, 0.000]"
157.44,157.48,Rei,0.995837926864624,Rei,[0.996],"[0.000, 0.003, 0.002, 0.996, 0.021, 0.000, 0.000]"
157.48,157.52,Rei,0.9937489032745361,Rei,[0.994],"[0.000, 0.003, 0.002, 0.994, 0.026, 0.000, 0.000]"
157.52,157.56,Rei,0.990835428237915,Rei,[0.991],"[0.000, 0.002, 0.002, 0.991, 0.033, 0.000, 0.000]"
157.56,157.6,Rei,0.9868962168693542,Rei,[0.987],"[0.000, 0.002, 0.002, 0.987, 0.041, 0.000, 0.000]"
157.6,157.64,Rei,0.9817261099815369,Rei,[0.982],"[0.000, 0.002, 0.002, 0.982, 0.050, 0.000, 0.000]"
157.64,157.68,Rei,0.9751467108726501,Rei,[0.975],"[0.000, 0.002, 0.002, 0.975, 0.061, 0.000, 0.000]"
157.68,157.72,Rei,0.9670407176017761,Rei,[0.967],"[0.000, 0.001, 0.002, 0.967, 0.073, 0.000, 0.000]"
157.72,157.76,Rei,0.957390546798706,Rei,[0.957],"[0.000, 0.001, 0.002, 0.957, 0.086, 0.000, 0.000]"
157.76,157.8,Rei,0.9462777972221375,Rei,[0.946],"[0.000, 0.001, 0.002, 0.946, 0.099, 0.000, 0.000]"
157.8,157.84,Rei,0.9338926672935486,Rei,[0.934],"[0.000, 0.001, 0.002, 0.934, 0.114, 0.000, 0.000]"
157.84,157.88,Rei,0.9204658269882202,Rei,[0.920],"[0.000, 0.001, 0.002, 0.920, 0.129, 0.000, 0.000]"
157.88,157.92,Rei,0.9062467813491821,Rei,[0.906],"[0.000, 0.001, 0.002, 0.906, 0.144, 0.000, 0.000]"
157.92,157.96,Rei,0.8915185332298279,Rei,[0.892],"[0.000, 0.001, 0.002, 0.892, 0.158, 0.000, 0.000]"
157.96,158.0,Rei,0.8765727877616882,Rei,[0.877],"[0.000, 0.001, 0.001, 0.877, 0.173, 0.000, 0.000]"
158.0,158.04,Rei,0.8616938591003418,Rei,[0.862],"[0.000, 0.000, 0.001, 0.862, 0.186, 0.000, 0.000]"
158.04,158.08,Rei,0.8470907211303711,Rei,[0.847],"[0.000, 0.000, 0.001, 0.847, 0.199, 0.000, 0.000]"
158.08,158.12,Rei,0.8328245878219604,Rei,[0.833],"[0.000, 0.000, 0.001, 0.833, 0.211, 0.000, 0.000]"
158.12,158.16,Rei,0.8189016580581665,Rei,[0.819],"[0.000, 0.000, 0.001, 0.819, 0.221, 0.000, 0.000]"
158.16,158.2,Rei,0.8053798079490662,Rei,[0.805],"[0.000, 0.000, 0.001, 0.805, 0.230, 0.000, 0.000]"
158.2,158.24,Rei,0.7922489643096924,Rei,[0.792],"[0.000, 0.000, 0.001, 0.792, 0.238, 0.000, 0.000]"
158.24,158.28,Rei,0.7793822884559631,Rei,[0.779],"[0.000, 0.000, 0.001, 0.779, 0.246, 0.000, 0.000]"
158.28,158.32,Rei,0.7666409015655518,Rei,[0.767],"[0.000, 0.000, 0.001, 0.767, 0.253, 0.000, 0.000]"
158.32,158.36,Rei,0.7539616823196411,Rei,[0.754],"[0.000, 0.000, 0.001, 0.754, 0.259, 0.000, 0.000]"
158.36,158.4,Rei,0.7412887215614319,Rei,[0.741],"[0.000, 0.000, 0.000, 0.741, 0.266, 0.000, 0.000]"
158.4,158.44,Rei,0.7286062836647034,Rei,[0.729],"[0.000, 0.000, 0.000, 0.729, 0.274, 0.000, 0.000]"
158.44,158.48,Rei,0.7159865498542786,Rei,[0.716],"[0.000, 0.000, 0.000, 0.716, 0.282, 0.000, 0.000]"
158.48,158.52,Rei,0.7036415934562683,Rei,[0.704],"[0.000, 0.000, 0.000, 0.704, 0.290, 0.000, 0.000]"
158.52,158.56,Rei,0.6916396617889404,Rei,[0.692],"[0.000, 0.000, 0.000, 0.692, 0.300, 0.000, 0.000]"
158.56,158.6,Rei,0.6798927783966064,Rei,[0.680],"[0.000, 0.000, 0.000, 0.680, 0.309, 0.000, 0.000]"
158.6,158.64,Rei,0.6684508919715881,Rei,[0.668],"[0.000, 0.000, 0.000, 0.668, 0.320, 0.000, 0.000]"
158.64,158.68,Rei,0.6574763655662537,Rei,[0.657],"[0.000, 0.001, 0.000, 0.657, 0.331, 0.000, 0.000]"
158.68,158.72,Rei,0.6471642851829529,Rei,[0.647],"[0.000, 0.001, 0.000, 0.647, 0.342, 0.000, 0.000]"
158.72,158.76,Rei,0.6375537514686584,Rei,[0.638],"[0.000, 0.001, 0.000, 0.638, 0.353, 0.000, 0.000]"
158.76,158.8,Rei,0.6286398768424988,Rei,[0.629],"[0.000, 0.001, 0.000, 0.629, 0.365, 0.000, 0.000]"
158.8,158.84,Rei,0.6200950741767883,Rei,[0.620],"[0.000, 0.001, 0.000, 0.620, 0.377, 0.000, 0.000]"
158.84,158.88,Rei,0.6115838885307312,Rei,[0.612],"[0.000, 0.001, 0.000, 0.612, 0.390, 0.000, 0.000]"
158.88,158.92,Rei,0.602833092212677,Rei,[0.603],"[0.000, 0.001, 0.000, 0.603, 0.403, 0.001, 0.000]"
158.92,158.96,Rei,0.5934620499610901,Rei,[0.593],"[0.000, 0.001, 0.000, 0.593, 0.416, 0.001, 0.000]"
158.96,159.0,Rei,0.5831116437911987,Rei,[0.583],"[0.000, 0.001, 0.000, 0.583, 0.430, 0.001, 0.000]"
159.0,159.04,Rei,0.5716623663902283,Rei,[0.572],"[0.000, 0.001, 0.000, 0.572, 0.445, 0.001, 0.000]"
159.04,159.08,Rei,0.5590640902519226,Rei,[0.559],"[0.000, 0.001, 0.000, 0.559, 0.459, 0.002, 0.000]"
159.08,159.12,Rei,0.5453958511352539,Rei,[0.545],"[0.000, 0.001, 0.000, 0.545, 0.474, 0.002, 0.000]"
159.12,159.16,Rei,0.5311281085014343,Rei,[0.531],"[0.000, 0.001, 0.000, 0.531, 0.488, 0.003, 0.000]"
159.16,159.2,Rei,0.5167091488838196,Rei,[0.517],"[0.000, 0.001, 0.000, 0.517, 0.501, 0.004, 0.000]"
159.2,159.24,Rei,0.5026302933692932,Rei,[0.503],"[0.000, 0.000, 0.000, 0.503, 0.512, 0.005, 0.000]"
159.24,159.28,Rei,0.4893849492073059,Rei,[0.489],"[0.000, 0.000, 0.000, 0.489, 0.521, 0.006, 0.000]"
159.28,159.32,Rei,0.4772666096687317,Rei,[0.477],"[0.000, 0.000, 0.000, 0.477, 0.526, 0.007, 0.000]"
159.32,159.36,Rei,0.4664509892463684,Rei,[0.466],"[0.000, 0.000, 0.000, 0.466, 0.527, 0.009, 0.000]"
159.36,159.4,Rei,0.4572424292564392,Rei,[0.457],"[0.000, 0.000, 0.000, 0.457, 0.523, 0.011, 0.000]"
159.4,159.44,Rei,0.4500744044780731,Rei,[0.450],"[0.000, 0.000, 0.000, 0.450, 0.514, 0.014, 0.000]"
159.44,159.48,Wonyoung,0.4982818067073822,,[],"[0.000, 0.000, 0.000, 0.445, 0.498, 0.017, 0.000]"
159.48,159.52,Wonyoung,0.4756332039833069,,[],"[0.000, 0.000, 0.000, 0.443, 0.476, 0.020, 0.000]"
159.52,159.56,Wonyoung,0.4458770155906677,,[],"[0.000, 0.000, 0.000, 0.442, 0.446, 0.024, 0.000]"
159.56,159.6,Rei,0.4447304904460907,,[],"[0.000, 0.000, 0.001, 0.445, 0.409, 0.028, 0.000]"
159.6,159.64,Rei,0.44958987832069397,,[],"[0.000, 0.000, 0.001, 0.450, 0.366, 0.033, 0.000]"
159.64,159.68,Rei,0.45711347460746765,,[],"[0.000, 0.000, 0.001, 0.457, 0.319, 0.039, 0.000]"
159.68,159.72,Rei,0.46748411655426025,,[],"[0.001, 0.000, 0.001, 0.467, 0.268, 0.046, 0.000]"
159.72,159.76,Rei,0.4807111620903015,,[],"[0.001, 0.000, 0.001, 0.481, 0.218, 0.054, 0.000]"
159.76,159.8,Rei,0.4963100254535675,,[],"[0.001, 0.000, 0.001, 0.496, 0.171, 0.063, 0.000]"
159.8,159.84,Rei,0.5136988162994385,,[],"[0.001, 0.000, 0.001, 0.514, 0.129, 0.074, 0.000]"
159.84,159.88,Rei,0.532558023929596,,[],"[0.001, 0.000, 0.001, 0.533, 0.095, 0.088, 0.000]"
159.88,159.92,Rei,0.5521290302276611,Rei,[0.552],"[0.002, 0.000, 0.001, 0.552, 0.067, 0.104, 0.000]"
159.92,159.96,Rei,0.5717841982841492,Rei,[0.572],"[0.002, 0.000, 0.001, 0.572, 0.047, 0.123, 0.000]"
159.96,160.0,Rei,0.5909350514411926,Rei,[0.591],"[0.003, 0.000, 0.001, 0.591, 0.032, 0.146, 0.000]"
160.0,160.04,Rei,0.6090924739837646,Rei,[0.609],"[0.003, 0.000, 0.001, 0.609, 0.022, 0.173, 0.000]"
160.04,160.08,Rei,0.6257319450378418,Rei,[0.626],"[0.003, 0.000, 0.001, 0.626, 0.015, 0.203, 0.000]"
160.08,160.12,Rei,0.6405279040336609,Rei,[0.641],"[0.004, 0.000, 0.001, 0.641, 0.010, 0.236, 0.000]"
160.12,160.16,Rei,0.6533551216125488,Rei,[0.653],"[0.004, 0.000, 0.001, 0.653, 0.007, 0.271, 0.000]"
160.16,160.2,Rei,0.6640938520431519,Rei,[0.664],"[0.004, 0.000, 0.001, 0.664, 0.005, 0.308, 0.000]"
160.2,160.24,Rei,0.6726692318916321,Rei,[0.673],"[0.004, 0.000, 0.001, 0.673, 0.003, 0.345, 0.000]"
160.24,160.28,Rei,0.6791262030601501,Rei,[0.679],"[0.004, 0.000, 0.001, 0.679, 0.003, 0.381, 0.000]"
160.28,160.32,Rei,0.6834945678710938,Rei,[0.683],"[0.004, 0.000, 0.001, 0.683, 0.002, 0.414, 0.000]"
160.32,160.36,Rei,0.6857935786247253,Rei,[0.686],"[0.004, 0.000, 0.001, 0.686, 0.002, 0.443, 0.000]"
160.36,160.4,Rei,0.6860767006874084,Rei,[0.686],"[0.004, 0.000, 0.001, 0.686, 0.001, 0.467, 0.000]"
160.4,160.44,Rei,0.6842625141143799,Rei,[0.684],"[0.004, 0.000, 0.001, 0.684, 0.001, 0.486, 0.000]"
160.44,160.48,Rei,0.6802878379821777,Rei,[0.680],"[0.003, 0.000, 0.001, 0.680, 0.001, 0.498, 0.000]"
160.48,160.52,Rei,0.6741793751716614,Rei,[0.674],"[0.003, 0.000, 0.001, 0.674, 0.001, 0.503, 0.000]"
160.52,160.56,Rei,0.6662977933883667,Rei,[0.666],"[0.003, 0.000, 0.001, 0.666, 0.001, 0.501, 0.000]"
160.56,160.6,Rei,0.6571474671363831,Rei,[0.657],"[0.003, 0.001, 0.002, 0.657, 0.001, 0.493, 0.000]"
160.6,160.64,Rei,0.6472662687301636,Rei,[0.647],"[0.002, 0.001, 0.002, 0.647, 0.001, 0.477, 0.000]"
160.64,160.68,Rei,0.6372237205505371,Rei,[0.637],"[0.002, 0.001, 0.002, 0.637, 0.001, 0.455, 0.000]"
160.68,160.72,Rei,0.6276108026504517,Rei,[0.628],"[0.002, 0.002, 0.002, 0.628, 0.001, 0.426, 0.000]"
160.72,160.76,Rei,0.6191799640655518,Rei,[0.619],"[0.002, 0.003, 0.002, 0.619, 0.001, 0.392, 0.000]"
160.76,160.8,Rei,0.6127519011497498,Rei,[0.613],"[0.002, 0.004, 0.002, 0.613, 0.002, 0.353, 0.000]"
160.8,160.84,Rei,0.6092471480369568,Rei,[0.609],"[0.001, 0.006, 0.002, 0.609, 0.002, 0.313, 0.000]"
160.84,160.88,Rei,0.6095981597900391,Rei,[0.610],"[0.001, 0.010, 0.002, 0.610, 0.002, 0.271, 0.000]"
160.88,160.92,Rei,0.6146091222763062,Rei,[0.615],"[0.001, 0.014, 0.002, 0.615, 0.002, 0.231, 0.000]"
160.92,160.96,Rei,0.6249996423721313,Rei,[0.625],"[0.001, 0.020, 0.003, 0.625, 0.003, 0.194, 0.000]"
160.96,161.0,Rei,0.6411240100860596,Rei,[0.641],"[0.001, 0.029, 0.003, 0.641, 0.003, 0.161, 0.000]"
161.0,161.04,Rei,0.6628769040107727,Rei,[0.663],"[0.001, 0.040, 0.003, 0.663, 0.004, 0.132, 0.000]"
161.04,161.08,Rei,0.6897719502449036,Rei,[0.690],"[0.001, 0.055, 0.003, 0.690, 0.004, 0.108, 0.000]"
161.08,161.12,Rei,0.7207815051078796,Rei,[0.721],"[0.002, 0.073, 0.004, 0.721, 0.004, 0.088, 0.000]"
161.12,161.16,Rei,0.7543849349021912,Rei,[0.754],"[0.002, 0.094, 0.004, 0.754, 0.004, 0.072, 0.000]"
161.16,161.2,Rei,0.7888336181640625,Rei,[0.789],"[0.002, 0.119, 0.004, 0.789, 0.004, 0.059, 0.000]"
161.2,161.24,Rei,0.8223487138748169,Rei,[0.822],"[0.002, 0.145, 0.005, 0.822, 0.004, 0.048, 0.000]"
161.24,161.28,Rei,0.8533803224563599,Rei,[0.853],"[0.002, 0.174, 0.005, 0.853, 0.003, 0.040, 0.000]"
161.28,161.32,Rei,0.8809632658958435,Rei,[0.881],"[0.002, 0.202, 0.005, 0.881, 0.003, 0.033, 0.000]"
161.32,161.36,Rei,0.9045579433441162,Rei,[0.905],"[0.002, 0.230, 0.006, 0.905, 0.002, 0.028, 0.000]"
161.36,161.4,Rei,0.9240416288375854,Rei,[0.924],"[0.003, 0.256, 0.006, 0.924, 0.002, 0.023, 0.000]"
161.4,161.44,Rei,0.9396443367004395,Rei,[0.940],"[0.003, 0.280, 0.006, 0.940, 0.001, 0.019, 0.000]"
161.44,161.48,Rei,0.9518756866455078,Rei,[0.952],"[0.003, 0.300, 0.006, 0.952, 0.001, 0.016, 0.000]"
161.48,161.52,Rei,0.9613068699836731,Rei,[0.961],"[0.003, 0.318, 0.007, 0.961, 0.001, 0.014, 0.000]"
161.52,161.56,Rei,0.9684573411941528,Rei,[0.968],"[0.003, 0.331, 0.007, 0.968, 0.001, 0.012, 0.000]"
161.56,161.6,Rei,0.9737933278083801,Rei,[0.974],"[0.002, 0.340, 0.007, 0.974, 0.000, 0.010, 0.000]"
161.6,161.64,Rei,0.9777035117149353,Rei,[0.978],"[0.002, 0.345, 0.007, 0.978, 0.000, 0.009, 0.000]"
161.64,161.68,Rei,0.9804683923721313,Rei,[0.980],"[0.002, 0.346, 0.007, 0.980, 0.000, 0.008, 0.000]"
161.68,161.72,Rei,0.9822986125946045,Rei,[0.982],"[0.002, 0.344, 0.007, 0.982, 0.000, 0.007, 0.000]"
161.72,161.76,Rei,0.9833418130874634,Rei,[0.983],"[0.002, 0.338, 0.007, 0.983, 0.000, 0.006, 0.000]"
161.76,161.8,Rei,0.9837068319320679,Rei,[0.984],"[0.001, 0.329, 0.007, 0.984, 0.000, 0.005, 0.000]"
161.8,161.84,Rei,0.9834340810775757,Rei,[0.983],"[0.001, 0.317, 0.008, 0.983, 0.000, 0.004, 0.000]"
161.84,161.88,Rei,0.9824719429016113,Rei,[0.982],"[0.001, 0.302, 0.008, 0.982, 0.000, 0.004, 0.000]"
161.88,161.92,Rei,0.9807228446006775,Rei,[0.981],"[0.001, 0.286, 0.008, 0.981, 0.000, 0.003, 0.000]"
161.92,161.96,Rei,0.9779897332191467,Rei,[0.978],"[0.001, 0.270, 0.009, 0.978, 0.000, 0.003, 0.000]"
161.96,162.0,Rei,0.9739506840705872,Rei,[0.974],"[0.001, 0.254, 0.009, 0.974, 0.000, 0.002, 0.000]"
162.0,162.04,Rei,0.9680894017219543,Rei,[0.968],"[0.000, 0.238, 0.010, 0.968, 0.000, 0.002, 0.000]"
162.04,162.08,Rei,0.9596434235572815,Rei,[0.960],"[0.000, 0.222, 0.011, 0.960, 0.000, 0.002, 0.000]"
162.08,162.12,Rei,0.9474679231643677,Rei,[0.947],"[0.000, 0.209, 0.012, 0.947, 0.000, 0.001, 0.000]"
162.12,162.16,Rei,0.9298675060272217,Rei,[0.930],"[0.000, 0.196, 0.013, 0.930, 0.000, 0.001, 0.000]"
162.16,162.2,Rei,0.9044718146324158,Rei,[0.904],"[0.000, 0.185, 0.015, 0.904, 0.000, 0.001, 0.000]"
162.2,162.24,Rei,0.8682030439376831,Rei,[0.868],"[0.000, 0.176, 0.017, 0.868, 0.000, 0.001, 0.000]"
162.24,162.28,Rei,0.8175526857376099,Rei,[0.818],"[0.000, 0.167, 0.019, 0.818, 0.000, 0.001, 0.000]"
162.28,162.32,Rei,0.7495051026344299,Rei,[0.750],"[0.000, 0.159, 0.021, 0.750, 0.000, 0.001, 0.000]"
162.32,162.36,Rei,0.6632468104362488,Rei,[0.663],"[0.000, 0.151, 0.024, 0.663, 0.000, 0.001, 0.000]"
162.36,162.4,Rei,0.5622278451919556,Rei,[0.562],"[0.000, 0.144, 0.028, 0.562, 0.000, 0.001, 0.000]"
162.4,162.44,Rei,0.45468899607658386,Rei,[0.455],"[0.000, 0.138, 0.032, 0.455, 0.000, 0.001, 0.000]"
162.44,162.48,Rei,0.3514691889286041,,[],"[0.000, 0.132, 0.038, 0.351, 0.000, 0.001, 0.000]"
162.48,162.52,Rei,0.26179739832878113,,[],"[0.000, 0.126, 0.044, 0.262, 0.000, 0.001, 0.000]"
162.52,162.56,Rei,0.19006682932376862,,[],"[0.000, 0.121, 0.051, 0.190, 0.000, 0.000, 0.000]"
162.56,162.6,Rei,0.13610394299030304,,[],"[0.000, 0.115, 0.059, 0.136, 0.000, 0.000, 0.000]"
162.6,162.64,Leeseo,0.10949476808309555,,[],"[0.000, 0.109, 0.070, 0.097, 0.000, 0.000, 0.000]"
162.64,162.68,Leeseo,0.10365207493305206,,[],"[0.000, 0.104, 0.082, 0.070, 0.000, 0.000, 0.000]"
162.68,162.72,Leeseo,0.09757454693317413,,[],"[0.000, 0.098, 0.096, 0.051, 0.000, 0.000, 0.000]"
162.72,162.76,Liz,0.11353415250778198,,[],"[0.000, 0.091, 0.114, 0.037, 0.000, 0.001, 0.000]"
162.76,162.8,Liz,0.13414031267166138,,[],"[0.000, 0.085, 0.134, 0.028, 0.000, 0.001, 0.000]"
162.8,162.84,Liz,0.15859133005142212,,[],"[0.000, 0.078, 0.159, 0.021, 0.001, 0.001, 0.000]"
162.84,162.88,Liz,0.18748018145561218,,[],"[0.000, 0.072, 0.187, 0.017, 0.001, 0.001, 0.000]"
162.88,162.92,Liz,0.22141167521476746,,[],"[0.000, 0.065, 0.221, 0.013, 0.001, 0.001, 0.000]"
162.92,162.96,Liz,0.26090767979621887,,[],"[0.000, 0.059, 0.261, 0.011, 0.001, 0.001, 0.000]"
162.96,163.0,Liz,0.3063153028488159,,[],"[0.000, 0.053, 0.306, 0.009, 0.001, 0.001, 0.000]"
163.0,163.04,Liz,0.35769039392471313,,[],"[0.000, 0.047, 0.358, 0.008, 0.001, 0.001, 0.000]"
163.04,163.08,Liz,0.41451379656791687,,[],"[0.001, 0.042, 0.415, 0.006, 0.001, 0.001, 0.000]"
163.08,163.12,Liz,0.4756094813346863,,[],"[0.001, 0.037, 0.476, 0.006, 0.001, 0.001, 0.001]"
163.12,163.16,Liz,0.5391507148742676,,[],"[0.001, 0.033, 0.539, 0.005, 0.001, 0.001, 0.001]"
163.16,163.2,Liz,0.602957010269165,Liz,[0.603],"[0.001, 0.029, 0.603, 0.005, 0.001, 0.001, 0.002]"
163.2,163.24,Liz,0.6645837426185608,Liz,[0.665],"[0.001, 0.026, 0.665, 0.004, 0.001, 0.001, 0.003]"
163.24,163.28,Liz,0.7217771410942078,Liz,[0.722],"[0.001, 0.023, 0.722, 0.004, 0.001, 0.002, 0.005]"
163.28,163.32,Liz,0.7728606462478638,Liz,[0.773],"[0.001, 0.021, 0.773, 0.004, 0.001, 0.002, 0.008]"
163.32,163.36,Liz,0.8169794678688049,Liz,[0.817],"[0.001, 0.018, 0.817, 0.004, 0.001, 0.002, 0.012]"
163.36,163.4,Liz,0.8541291356086731,Liz,[0.854],"[0.002, 0.016, 0.854, 0.004, 0.001, 0.003, 0.017]"
163.4,163.44,Liz,0.8848375678062439,Liz,[0.885],"[0.002, 0.014, 0.885, 0.004, 0.001, 0.003, 0.023]"
163.44,163.48,Liz,0.9098246693611145,Liz,[0.910],"[0.002, 0.012, 0.910, 0.004, 0.001, 0.004, 0.029]"
163.48,163.52,Liz,0.9298762679100037,Liz,[0.930],"[0.002, 0.011, 0.930, 0.005, 0.001, 0.004, 0.035]"
163.52,163.56,Liz,0.9457697868347168,Liz,[0.946],"[0.002, 0.009, 0.946, 0.005, 0.001, 0.005, 0.040]"
163.56,163.6,Liz,0.958229660987854,Liz,[0.958],"[0.002, 0.008, 0.958, 0.005, 0.001, 0.006, 0.044]"
163.6,163.64,Liz,0.9679176211357117,Liz,[0.968],"[0.002, 0.007, 0.968, 0.006, 0.001, 0.007, 0.044]"
163.64,163.68,Liz,0.9754103422164917,Liz,[0.975],"[0.002, 0.006, 0.975, 0.006, 0.001, 0.008, 0.042]"
163.68,163.72,Liz,0.9811877608299255,Liz,[0.981],"[0.002, 0.005, 0.981, 0.007, 0.001, 0.009, 0.037]"
163.72,163.76,Liz,0.9856334328651428,Liz,[0.986],"[0.002, 0.004, 0.986, 0.007, 0.001, 0.010, 0.030]"
163.76,163.8,Liz,0.9890524744987488,Liz,[0.989],"[0.002, 0.004, 0.989, 0.007, 0.001, 0.012, 0.023]"
163.8,163.84,Liz,0.9916806817054749,Liz,[0.992],"[0.002, 0.003, 0.992, 0.008, 0.001, 0.012, 0.017]"
163.84,163.88,Liz,0.9936968684196472,Liz,[0.994],"[0.003, 0.003, 0.994, 0.008, 0.001, 0.013, 0.011]"
163.88,163.92,Liz,0.9952389001846313,Liz,[0.995],"[0.003, 0.002, 0.995, 0.009, 0.001, 0.014, 0.007]"
163.92,163.96,Liz,0.9964141845703125,Liz,[0.996],"[0.003, 0.002, 0.996, 0.009, 0.001, 0.014, 0.004]"
163.96,164.0,Liz,0.9973071813583374,Liz,[0.997],"[0.003, 0.002, 0.997, 0.009, 0.001, 0.014, 0.002]"
164.0,164.04,Liz,0.9979826211929321,Liz,[0.998],"[0.003, 0.001, 0.998, 0.009, 0.001, 0.014, 0.001]"
164.04,164.08,Liz,0.9984908103942871,Liz,[0.998],"[0.003, 0.001, 0.998, 0.009, 0.001, 0.013, 0.000]"
164.08,164.12,Liz,0.9988719820976257,Liz,[0.999],"[0.004, 0.001, 0.999, 0.008, 0.001, 0.012, 0.000]"
164.12,164.16,Liz,0.9991574287414551,Liz,[0.999],"[0.004, 0.001, 0.999, 0.008, 0.001, 0.012, 0.000]"
164.16,164.2,Liz,0.9993705153465271,Liz,[0.999],"[0.005, 0.001, 0.999, 0.008, 0.001, 0.011, 0.000]"
164.2,164.24,Liz,0.9995288848876953,Liz,[1.000],"[0.005, 0.001, 1.000, 0.007, 0.001, 0.010, 0.000]"
164.24,164.28,Liz,0.9996465444564819,Liz,[1.000],"[0.006, 0.000, 1.000, 0.007, 0.001, 0.009, 0.000]"
164.28,164.32,Liz,0.9997335076332092,Liz,[1.000],"[0.006, 0.000, 1.000, 0.006, 0.001, 0.008, 0.000]"
164.32,164.36,Liz,0.999797523021698,Liz,[1.000],"[0.007, 0.000, 1.000, 0.006, 0.001, 0.007, 0.000]"
164.36,164.4,Liz,0.9998445510864258,Liz,[1.000],"[0.008, 0.000, 1.000, 0.005, 0.002, 0.006, 0.000]"
164.4,164.44,Liz,0.9998788833618164,Liz,[1.000],"[0.009, 0.000, 1.000, 0.005, 0.002, 0.005, 0.000]"
164.44,164.48,Liz,0.9999037981033325,Liz,[1.000],"[0.010, 0.000, 1.000, 0.004, 0.002, 0.004, 0.000]"
164.48,164.52,Liz,0.9999219179153442,Liz,[1.000],"[0.011, 0.000, 1.000, 0.004, 0.002, 0.003, 0.000]"
164.52,164.56,Liz,0.9999349117279053,Liz,[1.000],"[0.011, 0.000, 1.000, 0.003, 0.002, 0.003, 0.000]"
164.56,164.6,Liz,0.9999442100524902,Liz,[1.000],"[0.011, 0.000, 1.000, 0.003, 0.002, 0.002, 0.000]"
164.6,164.64,Liz,0.999950647354126,Liz,[1.000],"[0.012, 0.000, 1.000, 0.002, 0.003, 0.002, 0.000]"
164.64,164.68,Liz,0.9999548196792603,Liz,[1.000],"[0.011, 0.000, 1.000, 0.002, 0.003, 0.002, 0.000]"
164.68,164.72,Liz,0.9999570846557617,Liz,[1.000],"[0.011, 0.000, 1.000, 0.002, 0.003, 0.001, 0.000]"
164.72,164.76,Liz,0.9999575614929199,Liz,[1.000],"[0.010, 0.000, 1.000, 0.001, 0.004, 0.001, 0.000]"
164.76,164.8,Liz,0.9999562501907349,Liz,[1.000],"[0.009, 0.000, 1.000, 0.001, 0.004, 0.001, 0.000]"
164.8,164.84,Liz,0.999953031539917,Liz,[1.000],"[0.008, 0.000, 1.000, 0.001, 0.004, 0.001, 0.000]"
164.84,164.88,Liz,0.9999473094940186,Liz,[1.000],"[0.007, 0.000, 1.000, 0.001, 0.005, 0.001, 0.000]"
164.88,164.92,Liz,0.9999380111694336,Liz,[1.000],"[0.005, 0.000, 1.000, 0.001, 0.006, 0.001, 0.000]"
164.92,164.96,Liz,0.999923825263977,Liz,[1.000],"[0.004, 0.000, 1.000, 0.001, 0.006, 0.001, 0.000]"
164.96,165.0,Liz,0.9999020099639893,Liz,[1.000],"[0.003, 0.000, 1.000, 0.001, 0.007, 0.001, 0.000]"
165.0,165.04,Liz,0.9998685121536255,Liz,[1.000],"[0.002, 0.000, 1.000, 0.000, 0.008, 0.001, 0.000]"
165.04,165.08,Liz,0.9998164772987366,Liz,[1.000],"[0.002, 0.000, 1.000, 0.000, 0.010, 0.001, 0.000]"
165.08,165.12,Liz,0.9997343420982361,Liz,[1.000],"[0.001, 0.000, 1.000, 0.000, 0.011, 0.001, 0.000]"
165.12,165.16,Liz,0.9996036887168884,Liz,[1.000],"[0.001, 0.000, 1.000, 0.000, 0.012, 0.001, 0.000]"
165.16,165.2,Liz,0.9993929862976074,Liz,[0.999],"[0.001, 0.000, 0.999, 0.000, 0.014, 0.001, 0.000]"
165.2,165.24,Liz,0.999052107334137,Liz,[0.999],"[0.000, 0.000, 0.999, 0.000, 0.016, 0.001, 0.000]"
165.24,165.28,Liz,0.9984995126724243,Liz,[0.998],"[0.000, 0.000, 0.998, 0.000, 0.017, 0.001, 0.000]"
165.28,165.32,Liz,0.9976078271865845,Liz,[0.998],"[0.000, 0.000, 0.998, 0.000, 0.019, 0.002, 0.000]"
165.32,165.36,Liz,0.9961827397346497,Liz,[0.996],"[0.000, 0.000, 0.996, 0.000, 0.020, 0.002, 0.000]"
165.36,165.4,Liz,0.9939301013946533,Liz,[0.994],"[0.000, 0.000, 0.994, 0.000, 0.021, 0.002, 0.000]"
165.4,165.44,Liz,0.9904162883758545,Liz,[0.990],"[0.000, 0.000, 0.990, 0.000, 0.022, 0.003, 0.000]"
165.44,165.48,Liz,0.985031008720398,Liz,[0.985],"[0.000, 0.000, 0.985, 0.000, 0.023, 0.003, 0.000]"
165.48,165.52,Liz,0.9769567847251892,Liz,[0.977],"[0.000, 0.000, 0.977, 0.000, 0.022, 0.004, 0.000]"
165.52,165.56,Liz,0.9651524424552917,Liz,[0.965],"[0.000, 0.000, 0.965, 0.000, 0.022, 0.005, 0.000]"
165.56,165.6,Liz,0.9484211802482605,Liz,[0.948],"[0.000, 0.000, 0.948, 0.000, 0.020, 0.006, 0.000]"
165.6,165.64,Liz,0.9255569577217102,Liz,[0.926],"[0.000, 0.000, 0.926, 0.000, 0.019, 0.008, 0.000]"
165.64,165.68,Liz,0.89554762840271,Liz,[0.896],"[0.000, 0.000, 0.896, 0.000, 0.017, 0.010, 0.000]"
165.68,165.72,Liz,0.857849657535553,Liz,[0.858],"[0.000, 0.000, 0.858, 0.000, 0.015, 0.013, 0.000]"
165.72,165.76,Liz,0.8126717805862427,Liz,[0.813],"[0.000, 0.000, 0.813, 0.001, 0.013, 0.017, 0.000]"
165.76,165.8,Liz,0.7611082196235657,Liz,[0.761],"[0.000, 0.000, 0.761, 0.001, 0.012, 0.022, 0.000]"
165.8,165.84,Liz,0.7050890326499939,Liz,[0.705],"[0.000, 0.000, 0.705, 0.001, 0.010, 0.029, 0.000]"
165.84,165.88,Liz,0.6470669507980347,Liz,[0.647],"[0.000, 0.000, 0.647, 0.001, 0.009, 0.038, 0.000]"
165.88,165.92,Liz,0.5895397067070007,Liz,[0.590],"[0.000, 0.000, 0.590, 0.001, 0.007, 0.050, 0.000]"
165.92,165.96,Liz,0.534691572189331,Liz,[0.535],"[0.000, 0.000, 0.535, 0.001, 0.006, 0.066, 0.000]"
165.96,166.0,Liz,0.4840400218963623,Liz,[0.484],"[0.000, 0.000, 0.484, 0.001, 0.005, 0.086, 0.000]"
166.0,166.04,Liz,0.438612699508667,,[],"[0.000, 0.000, 0.439, 0.001, 0.005, 0.111, 0.000]"
166.04,166.08,Liz,0.39912712574005127,,[],"[0.000, 0.000, 0.399, 0.001, 0.004, 0.143, 0.000]"
166.08,166.12,Liz,0.36582204699516296,,[],"[0.000, 0.000, 0.366, 0.001, 0.004, 0.181, 0.000]"
166.12,166.16,Liz,0.33848756551742554,,[],"[0.000, 0.000, 0.338, 0.001, 0.004, 0.225, 0.000]"
166.16,166.2,Liz,0.3167582154273987,,[],"[0.000, 0.000, 0.317, 0.001, 0.003, 0.274, 0.000]"
166.2,166.24,Yujin,0.32740819454193115,,[],"[0.000, 0.000, 0.300, 0.001, 0.003, 0.327, 0.000]"
166.24,166.28,Yujin,0.38349345326423645,,[],"[0.000, 0.000, 0.288, 0.001, 0.003, 0.383, 0.000]"
166.28,166.32,Yujin,0.4405288100242615,,[],"[0.000, 0.000, 0.281, 0.001, 0.003, 0.441, 0.000]"
166.32,166.36,Yujin,0.49675628542900085,,[],"[0.000, 0.000, 0.279, 0.001, 0.004, 0.497, 0.000]"
166.36,166.4,Yujin,0.5506231784820557,Yujin,[0.551],"[0.000, 0.000, 0.281, 0.001, 0.004, 0.551, 0.000]"
166.4,166.44,Yujin,0.6009001135826111,Yujin,[0.601],"[0.000, 0.000, 0.287, 0.001, 0.004, 0.601, 0.000]"
166.44,166.48,Yujin,0.6467955112457275,Yujin,[0.647],"[0.000, 0.000, 0.299, 0.000, 0.005, 0.647, 0.000]"
166.48,166.52,Yujin,0.6878799796104431,Yujin,[0.688],"[0.000, 0.000, 0.316, 0.000, 0.006, 0.688, 0.000]"
166.52,166.56,Yujin,0.7239596843719482,Yujin,[0.724],"[0.000, 0.000, 0.340, 0.000, 0.007, 0.724, 0.000]"
166.56,166.6,Yujin,0.7550473809242249,Yujin,[0.755],"[0.000, 0.000, 0.369, 0.000, 0.009, 0.755, 0.000]"
166.6,166.64,Yujin,0.7813421487808228,Yujin,[0.781],"[0.000, 0.000, 0.406, 0.000, 0.011, 0.781, 0.000]"
166.64,166.68,Yujin,0.803151547908783,Yujin,[0.803],"[0.000, 0.000, 0.450, 0.000, 0.014, 0.803, 0.000]"
166.68,166.72,Yujin,0.8208584189414978,Yujin,[0.821],"[0.000, 0.000, 0.501, 0.000, 0.018, 0.821, 0.000]"
166.72,166.76,Yujin,0.8349059224128723,Liz|Yujin,"[0.558, 0.835]","[0.000, 0.000, 0.558, 0.000, 0.024, 0.835, 0.000]"
166.76,166.8,Yujin,0.8456748127937317,Liz|Yujin,"[0.618, 0.846]","[0.000, 0.000, 0.618, 0.000, 0.031, 0.846, 0.000]"
166.8,166.84,Yujin,0.8536379337310791,Liz|Yujin,"[0.680, 0.854]","[0.000, 0.000, 0.680, 0.000, 0.041, 0.854, 0.000]"
166.84,166.88,Yujin,0.859112560749054,Liz|Yujin,"[0.740, 0.859]","[0.000, 0.000, 0.740, 0.000, 0.053, 0.859, 0.000]"
166.88,166.92,Yujin,0.8623118996620178,Liz|Yujin,"[0.795, 0.862]","[0.000, 0.000, 0.795, 0.000, 0.068, 0.862, 0.000]"
166.92,166.96,Yujin,0.8633890151977539,Liz|Yujin,"[0.844, 0.863]","[0.001, 0.000, 0.844, 0.000, 0.085, 0.863, 0.000]"
166.96,167.0,Liz,0.883612334728241,Liz|Yujin,"[0.884, 0.862]","[0.001, 0.000, 0.884, 0.000, 0.106, 0.862, 0.000]"
167.0,167.04,Liz,0.915264904499054,Liz|Yujin,"[0.915, 0.859]","[0.002, 0.000, 0.915, 0.000, 0.128, 0.859, 0.000]"
167.04,167.08,Liz,0.9393384456634521,Liz|Yujin,"[0.939, 0.854]","[0.003, 0.000, 0.939, 0.000, 0.151, 0.854, 0.000]"
167.08,167.12,Liz,0.9570688605308533,Liz|Yujin,"[0.957, 0.847]","[0.004, 0.000, 0.957, 0.000, 0.174, 0.847, 0.000]"
167.12,167.16,Liz,0.9698105454444885,Liz|Yujin,"[0.970, 0.836]","[0.006, 0.000, 0.970, 0.000, 0.196, 0.836, 0.000]"
167.16,167.2,Liz,0.9788188934326172,Liz|Yujin,"[0.979, 0.822]","[0.010, 0.000, 0.979, 0.000, 0.216, 0.822, 0.000]"
167.2,167.24,Liz,0.9851147532463074,Liz|Yujin,"[0.985, 0.804]","[0.015, 0.000, 0.985, 0.000, 0.233, 0.804, 0.000]"
167.24,167.28,Liz,0.9894882440567017,Liz|Yujin,"[0.989, 0.779]","[0.021, 0.000, 0.989, 0.000, 0.246, 0.779, 0.000]"
167.28,167.32,Liz,0.9925180673599243,Liz|Yujin,"[0.993, 0.748]","[0.029, 0.000, 0.993, 0.000, 0.254, 0.748, 0.000]"
167.32,167.36,Liz,0.9946163296699524,Liz|Yujin,"[0.995, 0.710]","[0.039, 0.000, 0.995, 0.000, 0.257, 0.710, 0.000]"
167.36,167.4,Liz,0.9960756897926331,Liz|Yujin,"[0.996, 0.662]","[0.051, 0.000, 0.996, 0.000, 0.255, 0.662, 0.000]"
167.4,167.44,Liz,0.997097373008728,Liz|Yujin,"[0.997, 0.605]","[0.063, 0.000, 0.997, 0.000, 0.248, 0.605, 0.000]"
167.44,167.48,Liz,0.9978187084197998,Liz|Yujin,"[0.998, 0.538]","[0.075, 0.000, 0.998, 0.000, 0.236, 0.538, 0.000]"
167.48,167.52,Liz,0.9983335137367249,Liz|Yujin,"[0.998, 0.464]","[0.085, 0.000, 0.998, 0.000, 0.220, 0.464, 0.000]"
167.52,167.56,Liz,0.9987053871154785,Liz,[0.999],"[0.093, 0.000, 0.999, 0.000, 0.201, 0.384, 0.000]"
167.56,167.6,Liz,0.9989780187606812,Liz,[0.999],"[0.099, 0.000, 0.999, 0.000, 0.179, 0.304, 0.000]"
167.6,167.64,Liz,0.999180257320404,Liz,[0.999],"[0.101, 0.000, 0.999, 0.000, 0.156, 0.229, 0.000]"
167.64,167.68,Liz,0.9993324875831604,Liz,[0.999],"[0.099, 0.000, 0.999, 0.000, 0.133, 0.164, 0.000]"
167.68,167.72,Liz,0.9994487166404724,Liz,[0.999],"[0.094, 0.000, 0.999, 0.000, 0.111, 0.112, 0.000]"
167.72,167.76,Liz,0.9995386600494385,Liz,[1.000],"[0.087, 0.000, 1.000, 0.000, 0.090, 0.074, 0.000]"
167.76,167.8,Liz,0.9996090531349182,Liz,[1.000],"[0.078, 0.000, 1.000, 0.000, 0.072, 0.046, 0.000]"
167.8,167.84,Liz,0.9996650218963623,Liz,[1.000],"[0.069, 0.000, 1.000, 0.000, 0.056, 0.028, 0.000]"
167.84,167.88,Liz,0.9997101426124573,Liz,[1.000],"[0.059, 0.000, 1.000, 0.000, 0.043, 0.017, 0.000]"
167.88,167.92,Liz,0.9997473359107971,Liz,[1.000],"[0.049, 0.000, 1.000, 0.000, 0.032, 0.010, 0.000]"
167.92,167.96,Liz,0.9997783303260803,Liz,[1.000],"[0.040, 0.000, 1.000, 0.000, 0.024, 0.006, 0.000]"
167.96,168.0,Liz,0.999804675579071,Liz,[1.000],"[0.033, 0.000, 1.000, 0.000, 0.017, 0.003, 0.000]"
168.0,168.04,Liz,0.9998273253440857,Liz,[1.000],"[0.026, 0.000, 1.000, 0.000, 0.012, 0.002, 0.000]"
168.04,168.08,Liz,0.9998466968536377,Liz,[1.000],"[0.020, 0.000, 1.000, 0.000, 0.008, 0.001, 0.000]"
168.08,168.12,Liz,0.9998632669448853,Liz,[1.000],"[0.016, 0.000, 1.000, 0.000, 0.006, 0.001, 0.000]"
168.12,168.16,Liz,0.9998772144317627,Liz,[1.000],"[0.012, 0.000, 1.000, 0.000, 0.004, 0.000, 0.000]"
168.16,168.2,Liz,0.9998890161514282,Liz,[1.000],"[0.009, 0.000, 1.000, 0.000, 0.003, 0.000, 0.000]"
168.2,168.24,Liz,0.9998986721038818,Liz,[1.000],"[0.006, 0.000, 1.000, 0.000, 0.002, 0.000, 0.000]"
168.24,168.28,Liz,0.9999064207077026,Liz,[1.000],"[0.005, 0.000, 1.000, 0.000, 0.001, 0.000, 0.000]"
168.28,168.32,Liz,0.9999123811721802,Liz,[1.000],"[0.003, 0.000, 1.000, 0.000, 0.001, 0.000, 0.000]"
168.32,168.36,Liz,0.999916672706604,Liz,[1.000],"[0.002, 0.000, 1.000, 0.000, 0.001, 0.000, 0.000]"
168.36,168.4,Liz,0.9999191761016846,Liz,[1.000],"[0.001, 0.000, 1.000, 0.000, 0.000, 0.000, 0.000]"
168.4,168.44,Liz,0.999920129776001,Liz,[1.000],"[0.001, 0.000, 1.000, 0.000, 0.000, 0.000, 0.000]"
168.44,168.48,Liz,0.9999194145202637,Liz,[1.000],"[0.001, 0.000, 1.000, 0.000, 0.000, 0.000, 0.000]"
168.48,168.52,Liz,0.9999167919158936,Liz,[1.000],"[0.000, 0.000, 1.000, 0.000, 0.000, 0.000, 0.000]"
168.52,168.56,Liz,0.9999120235443115,Liz,[1.000],"[0.000, 0.000, 1.000, 0.000, 0.000, 0.000, 0.000]"
168.56,168.6,Liz,0.9999046325683594,Liz,[1.000],"[0.000, 0.000, 1.000, 0.000, 0.000, 0.000, 0.000]"
168.6,168.64,Liz,0.9998940229415894,Liz,[1.000],"[0.000, 0.000, 1.000, 0.000, 0.000, 0.000, 0.000]"
168.64,168.68,Liz,0.9998791217803955,Liz,[1.000],"[0.000, 0.000, 1.000, 0.000, 0.000, 0.000, 0.000]"
168.68,168.72,Liz,0.9998583793640137,Liz,[1.000],"[0.000, 0.000, 1.000, 0.000, 0.000, 0.000, 0.000]"
168.72,168.76,Liz,0.9998297691345215,Liz,[1.000],"[0.000, 0.000, 1.000, 0.000, 0.000, 0.000, 0.000]"
168.76,168.8,Liz,0.9997898936271667,Liz,[1.000],"[0.000, 0.000, 1.000, 0.000, 0.000, 0.000, 0.000]"
168.8,168.84,Liz,0.999734103679657,Liz,[1.000],"[0.000, 0.000, 1.000, 0.000, 0.000, 0.000, 0.000]"
168.84,168.88,Liz,0.9996552467346191,Liz,[1.000],"[0.000, 0.000, 1.000, 0.000, 0.000, 0.000, 0.000]"
168.88,168.92,Liz,0.9995423555374146,Liz,[1.000],"[0.000, 0.000, 1.000, 0.000, 0.000, 0.000, 0.000]"
168.92,168.96,Liz,0.9993785619735718,Liz,[0.999],"[0.000, 0.000, 0.999, 0.000, 0.000, 0.000, 0.000]"
168.96,169.0,Liz,0.9991382360458374,Liz,[0.999],"[0.000, 0.000, 0.999, 0.000, 0.000, 0.000, 0.000]"
169.0,169.04,Liz,0.9987801909446716,Liz,[0.999],"[0.000, 0.000, 0.999, 0.000, 0.000, 0.000, 0.000]"
169.04,169.08,Liz,0.998239278793335,Liz,[0.998],"[0.000, 0.000, 0.998, 0.000, 0.000, 0.000, 0.000]"
169.08,169.12,Liz,0.9974122643470764,Liz,[0.997],"[0.000, 0.000, 0.997, 0.000, 0.000, 0.000, 0.000]"
169.12,169.16,Liz,0.9961318969726562,Liz,[0.996],"[0.000, 0.000, 0.996, 0.000, 0.000, 0.000, 0.000]"
169.16,169.2,Liz,0.9941258430480957,Liz,[0.994],"[0.000, 0.000, 0.994, 0.000, 0.000, 0.000, 0.000]"
169.2,169.24,Liz,0.9909529685974121,Liz,[0.991],"[0.000, 0.000, 0.991, 0.000, 0.000, 0.000, 0.000]"
169.24,169.28,Liz,0.9859042763710022,Liz,[0.986],"[0.000, 0.000, 0.986, 0.000, 0.000, 0.000, 0.000]"
169.28,169.32,Liz,0.9778617024421692,Liz,[0.978],"[0.000, 0.000, 0.978, 0.000, 0.000, 0.000, 0.000]"
169.32,169.36,Liz,0.9651102423667908,Liz,[0.965],"[0.000, 0.000, 0.965, 0.001, 0.000, 0.000, 0.000]"
169.36,169.4,Liz,0.9451488256454468,Liz,[0.945],"[0.000, 0.000, 0.945, 0.001, 0.000, 0.000, 0.000]"
169.4,169.44,Liz,0.9146056771278381,Liz,[0.915],"[0.000, 0.000, 0.915, 0.001, 0.000, 0.000, 0.000]"
169.44,169.48,Liz,0.8694771528244019,Liz,[0.869],"[0.000, 0.000, 0.869, 0.001, 0.000, 0.000, 0.000]"
169.48,169.52,Liz,0.806097149848938,Liz,[0.806],"[0.000, 0.000, 0.806, 0.001, 0.000, 0.000, 0.000]"
169.52,169.56,Liz,0.72298663854599,Liz,[0.723],"[0.000, 0.000, 0.723, 0.001, 0.000, 0.000, 0.000]"
169.56,169.6,Liz,0.6228983998298645,Liz,[0.623],"[0.000, 0.000, 0.623, 0.001, 0.000, 0.000, 0.000]"
169.6,169.64,Liz,0.5136505961418152,Liz,[0.514],"[0.000, 0.000, 0.514, 0.001, 0.000, 0.000, 0.000]"
169.64,169.68,Liz,0.40603771805763245,,[],"[0.000, 0.000, 0.406, 0.001, 0.000, 0.000, 0.000]"
169.68,169.72,Liz,0.30981796979904175,,[],"[0.000, 0.000, 0.310, 0.001, 0.000, 0.000, 0.000]"
169.72,169.76,Liz,0.23058924078941345,,[],"[0.000, 0.000, 0.231, 0.001, 0.000, 0.000, 0.000]"
169.76,169.8,Liz,0.1692907065153122,,[],"[0.000, 0.000, 0.169, 0.001, 0.000, 0.000, 0.000]"
169.8,169.84,Liz,0.12382373213768005,,[],"[0.000, 0.000, 0.124, 0.001, 0.000, 0.000, 0.000]"
169.84,169.88,Liz,0.09094079583883286,,[],"[0.000, 0.000, 0.091, 0.001, 0.000, 0.000, 0.000]"
169.88,169.92,Liz,0.06744404882192612,,[],"[0.000, 0.000, 0.067, 0.001, 0.000, 0.000, 0.000]"
169.92,169.96,Liz,0.05069401487708092,,[],"[0.000, 0.000, 0.051, 0.000, 0.000, 0.000, 0.000]"
169.96,170.0,Liz,0.0386948361992836,,[],"[0.000, 0.000, 0.039, 0.000, 0.000, 0.000, 0.000]"
170.0,170.04,Liz,0.0300130695104599,,[],"[0.000, 0.000, 0.030, 0.000, 0.000, 0.000, 0.000]"
170.04,170.08,Liz,0.02364802360534668,,[],"[0.000, 0.000, 0.024, 0.000, 0.000, 0.000, 0.000]"
170.08,170.12,Liz,0.018914135172963142,,[],"[0.000, 0.000, 0.019, 0.000, 0.000, 0.000, 0.000]"
170.12,170.16,Liz,0.015335740521550179,,[],"[0.000, 0.000, 0.015, 0.000, 0.000, 0.000, 0.000]"
170.16,170.2,Liz,0.012593520805239677,,[],"[0.000, 0.000, 0.013, 0.000, 0.000, 0.000, 0.000]"
170.2,170.24,Liz,0.010469827800989151,,[],"[0.000, 0.000, 0.010, 0.000, 0.000, 0.000, 0.000]"
170.24,170.28,Liz,0.008813990280032158,,[],"[0.000, 0.000, 0.009, 0.000, 0.000, 0.000, 0.000]"
170.28,170.32,Liz,0.007514470722526312,,[],"[0.000, 0.000, 0.008, 0.000, 0.000, 0.000, 0.000]"
170.32,170.36,Liz,0.006485012359917164,,[],"[0.000, 0.000, 0.006, 0.000, 0.000, 0.000, 0.000]"
170.36,170.4,Liz,0.0056580170057713985,,[],"[0.000, 0.000, 0.006, 0.000, 0.000, 0.000, 0.000]"
170.4,170.44,Liz,0.004984591621905565,,[],"[0.000, 0.000, 0.005, 0.000, 0.001, 0.000, 0.000]"
170.44,170.48,Liz,0.004427257459610701,,[],"[0.000, 0.000, 0.004, 0.000, 0.001, 0.000, 0.000]"
170.48,170.52,Liz,0.003956684842705727,,[],"[0.001, 0.000, 0.004, 0.000, 0.002, 0.000, 0.000]"
170.52,170.56,Liz,0.0035531336907297373,,[],"[0.001, 0.000, 0.004, 0.000, 0.002, 0.000, 0.000]"
170.56,170.6,Wonyoung,0.0032689436338841915,,[],"[0.001, 0.000, 0.003, 0.000, 0.003, 0.000, 0.000]"
170.6,170.64,Wonyoung,0.00458654947578907,,[],"[0.002, 0.000, 0.003, 0.000, 0.005, 0.000, 0.000]"
170.64,170.68,Wonyoung,0.006350195035338402,,[],"[0.003, 0.000, 0.003, 0.000, 0.006, 0.000, 0.000]"
170.68,170.72,Wonyoung,0.008676699362695217,,[],"[0.006, 0.000, 0.002, 0.000, 0.009, 0.000, 0.000]"
170.72,170.76,Wonyoung,0.011700786650180817,,[],"[0.009, 0.000, 0.002, 0.000, 0.012, 0.000, 0.000]"
170.76,170.8,Wonyoung,0.015577444806694984,,[],"[0.015, 0.001, 0.002, 0.000, 0.016, 0.000, 0.000]"
170.8,170.84,Gaeul,0.024228040128946304,,[],"[0.024, 0.001, 0.002, 0.000, 0.020, 0.000, 0.000]"
170.84,170.88,Gaeul,0.03950924053788185,,[],"[0.040, 0.001, 0.002, 0.000, 0.027, 0.000, 0.000]"
170.88,170.92,Gaeul,0.0641016960144043,,[],"[0.064, 0.001, 0.002, 0.000, 0.034, 0.000, 0.000]"
170.92,170.96,Gaeul,0.10265190899372101,,[],"[0.103, 0.001, 0.001, 0.000, 0.043, 0.000, 0.000]"
170.96,171.0,Gaeul,0.16049200296401978,,[],"[0.160, 0.002, 0.001, 0.000, 0.054, 0.000, 0.000]"
171.0,171.04,Gaeul,0.24174389243125916,,[],"[0.242, 0.002, 0.001, 0.000, 0.066, 0.000, 0.000]"
171.04,171.08,Gaeul,0.3459679186344147,,[],"[0.346, 0.002, 0.001, 0.000, 0.081, 0.000, 0.000]"
171.08,171.12,Gaeul,0.46551313996315,,[],"[0.466, 0.002, 0.001, 0.000, 0.097, 0.000, 0.000]"
171.12,171.16,Gaeul,0.5866966247558594,Gaeul,[0.587],"[0.587, 0.003, 0.001, 0.000, 0.115, 0.000, 0.000]"
171.16,171.2,Gaeul,0.6955350041389465,Gaeul,[0.696],"[0.696, 0.003, 0.001, 0.000, 0.135, 0.000, 0.000]"
171.2,171.24,Gaeul,0.7836460471153259,Gaeul,[0.784],"[0.784, 0.004, 0.001, 0.000, 0.156, 0.000, 0.000]"
171.24,171.28,Gaeul,0.8494905829429626,Gaeul,[0.849],"[0.849, 0.004, 0.001, 0.000, 0.177, 0.000, 0.000]"
171.28,171.32,Gaeul,0.896019697189331,Gaeul,[0.896],"[0.896, 0.004, 0.001, 0.000, 0.198, 0.000, 0.000]"
171.32,171.36,Gaeul,0.9278263449668884,Gaeul,[0.928],"[0.928, 0.005, 0.001, 0.000, 0.219, 0.000, 0.000]"
171.36,171.4,Gaeul,0.9492269158363342,Gaeul,[0.949],"[0.949, 0.005, 0.001, 0.000, 0.238, 0.000, 0.000]"
171.4,171.44,Gaeul,0.9635854959487915,Gaeul,[0.964],"[0.964, 0.006, 0.001, 0.000, 0.257, 0.000, 0.000]"
171.44,171.48,Gaeul,0.973267138004303,Gaeul,[0.973],"[0.973, 0.006, 0.001, 0.000, 0.273, 0.000, 0.000]"
171.48,171.52,Gaeul,0.9798389673233032,Gaeul,[0.980],"[0.980, 0.006, 0.001, 0.000, 0.288, 0.000, 0.000]"
171.52,171.56,Gaeul,0.9843382239341736,Gaeul,[0.984],"[0.984, 0.006, 0.001, 0.000, 0.300, 0.000, 0.000]"
171.56,171.6,Gaeul,0.9874362945556641,Gaeul,[0.987],"[0.987, 0.007, 0.001, 0.000, 0.310, 0.000, 0.000]"
171.6,171.64,Gaeul,0.9895790219306946,Gaeul,[0.990],"[0.990, 0.007, 0.002, 0.000, 0.318, 0.000, 0.000]"
171.64,171.68,Gaeul,0.9910513162612915,Gaeul,[0.991],"[0.991, 0.007, 0.002, 0.000, 0.324, 0.000, 0.000]"
171.68,171.72,Gaeul,0.9920327663421631,Gaeul,[0.992],"[0.992, 0.007, 0.002, 0.000, 0.326, 0.000, 0.000]"
171.72,171.76,Gaeul,0.9926367998123169,Gaeul,[0.993],"[0.993, 0.007, 0.002, 0.000, 0.326, 0.000, 0.000]"
171.76,171.8,Gaeul,0.9929319620132446,Gaeul,[0.993],"[0.993, 0.007, 0.002, 0.000, 0.324, 0.000, 0.000]"
171.8,171.84,Gaeul,0.9929530024528503,Gaeul,[0.993],"[0.993, 0.007, 0.003, 0.000, 0.320, 0.000, 0.000]"
171.84,171.88,Gaeul,0.9927079081535339,Gaeul,[0.993],"[0.993, 0.006, 0.003, 0.000, 0.313, 0.000, 0.000]"
171.88,171.92,Gaeul,0.9921767115592957,Gaeul,[0.992],"[0.992, 0.006, 0.003, 0.000, 0.305, 0.000, 0.000]"
171.92,171.96,Gaeul,0.9913097620010376,Gaeul,[0.991],"[0.991, 0.006, 0.003, 0.000, 0.296, 0.000, 0.000]"
171.96,172.0,Gaeul,0.9900235533714294,Gaeul,[0.990],"[0.990, 0.005, 0.003, 0.000, 0.286, 0.000, 0.000]"
172.0,172.04,Gaeul,0.9881982207298279,Gaeul,[0.988],"[0.988, 0.005, 0.004, 0.000, 0.276, 0.000, 0.000]"
172.04,172.08,Gaeul,0.9856597185134888,Gaeul,[0.986],"[0.986, 0.004, 0.004, 0.000, 0.266, 0.000, 0.000]"
172.08,172.12,Gaeul,0.9821628928184509,Gaeul,[0.982],"[0.982, 0.004, 0.004, 0.000, 0.255, 0.000, 0.000]"
172.12,172.16,Gaeul,0.9773727059364319,Gaeul,[0.977],"[0.977, 0.003, 0.004, 0.000, 0.245, 0.000, 0.000]"
172.16,172.2,Gaeul,0.9708583354949951,Gaeul,[0.971],"[0.971, 0.003, 0.004, 0.000, 0.235, 0.000, 0.000]"
172.2,172.24,Gaeul,0.9621002674102783,Gaeul,[0.962],"[0.962, 0.003, 0.004, 0.000, 0.225, 0.000, 0.000]"
172.24,172.28,Gaeul,0.9505136609077454,Gaeul,[0.951],"[0.951, 0.002, 0.004, 0.000, 0.216, 0.000, 0.000]"
172.28,172.32,Gaeul,0.9354838132858276,Gaeul,[0.935],"[0.935, 0.002, 0.003, 0.000, 0.207, 0.000, 0.000]"
172.32,172.36,Gaeul,0.9164401888847351,Gaeul,[0.916],"[0.916, 0.002, 0.003, 0.000, 0.199, 0.000, 0.000]"
172.36,172.4,Gaeul,0.8929052948951721,Gaeul,[0.893],"[0.893, 0.002, 0.003, 0.000, 0.191, 0.000, 0.000]"
172.4,172.44,Gaeul,0.8647674322128296,Gaeul,[0.865],"[0.865, 0.002, 0.002, 0.000, 0.183, 0.000, 0.000]"
172.44,172.48,Gaeul,0.8324273824691772,Gaeul,[0.832],"[0.832, 0.001, 0.002, 0.000, 0.177, 0.000, 0.000]"
172.48,172.52,Gaeul,0.7968646287918091,Gaeul,[0.797],"[0.797, 0.001, 0.002, 0.000, 0.170, 0.000, 0.000]"
172.52,172.56,Gaeul,0.7595750093460083,Gaeul,[0.760],"[0.760, 0.001, 0.001, 0.000, 0.164, 0.000, 0.000]"
172.56,172.6,Gaeul,0.7222903370857239,Gaeul,[0.722],"[0.722, 0.001, 0.001, 0.000, 0.158, 0.000, 0.000]"
172.6,172.64,Gaeul,0.6866320967674255,Gaeul,[0.687],"[0.687, 0.001, 0.001, 0.000, 0.151, 0.000, 0.000]"
172.64,172.68,Gaeul,0.6541178822517395,Gaeul,[0.654],"[0.654, 0.001, 0.001, 0.000, 0.145, 0.000, 0.000]"
172.68,172.72,Gaeul,0.6261487603187561,Gaeul,[0.626],"[0.626, 0.001, 0.000, 0.000, 0.137, 0.000, 0.000]"
172.72,172.76,Gaeul,0.6037828922271729,Gaeul,[0.604],"[0.604, 0.001, 0.000, 0.000, 0.129, 0.000, 0.000]"
172.76,172.8,Gaeul,0.5877911448478699,Gaeul,[0.588],"[0.588, 0.001, 0.000, 0.000, 0.121, 0.000, 0.000]"
172.8,172.84,Gaeul,0.5787596702575684,Gaeul,[0.579],"[0.579, 0.001, 0.000, 0.000, 0.111, 0.000, 0.000]"
172.84,172.88,Gaeul,0.5770934820175171,Gaeul,[0.577],"[0.577, 0.001, 0.000, 0.000, 0.102, 0.000, 0.000]"
172.88,172.92,Gaeul,0.583236575126648,Gaeul,[0.583],"[0.583, 0.001, 0.000, 0.000, 0.092, 0.000, 0.000]"
172.92,172.96,Gaeul,0.5974805355072021,Gaeul,[0.597],"[0.597, 0.001, 0.000, 0.000, 0.082, 0.000, 0.000]"
172.96,173.0,Gaeul,0.6197409629821777,Gaeul,[0.620],"[0.620, 0.001, 0.000, 0.000, 0.072, 0.000, 0.000]"
173.0,173.04,Gaeul,0.6493929028511047,Gaeul,[0.649],"[0.649, 0.001, 0.000, 0.000, 0.063, 0.000, 0.000]"
173.04,173.08,Gaeul,0.6854407787322998,Gaeul,[0.685],"[0.685, 0.001, 0.000, 0.000, 0.055, 0.000, 0.000]"
173.08,173.12,Gaeul,0.7262639999389648,Gaeul,[0.726],"[0.726, 0.001, 0.000, 0.000, 0.047, 0.000, 0.000]"
173.12,173.16,Gaeul,0.7695959210395813,Gaeul,[0.770],"[0.770, 0.001, 0.000, 0.000, 0.040, 0.000, 0.000]"
173.16,173.2,Gaeul,0.8128652572631836,Gaeul,[0.813],"[0.813, 0.001, 0.000, 0.000, 0.034, 0.000, 0.000]"
173.2,173.24,Gaeul,0.853492021560669,Gaeul,[0.853],"[0.853, 0.001, 0.000, 0.000, 0.029, 0.000, 0.000]"
173.24,173.28,Gaeul,0.889396607875824,Gaeul,[0.889],"[0.889, 0.001, 0.000, 0.000, 0.025, 0.000, 0.000]"
173.28,173.32,Gaeul,0.9193227887153625,Gaeul,[0.919],"[0.919, 0.001, 0.000, 0.000, 0.021, 0.000, 0.000]"
173.32,173.36,Gaeul,0.9429619908332825,Gaeul,[0.943],"[0.943, 0.001, 0.000, 0.000, 0.018, 0.000, 0.000]"
173.36,173.4,Gaeul,0.9607419967651367,Gaeul,[0.961],"[0.961, 0.001, 0.000, 0.000, 0.015, 0.000, 0.000]"
173.4,173.44,Gaeul,0.9735671281814575,Gaeul,[0.974],"[0.974, 0.001, 0.000, 0.000, 0.013, 0.000, 0.000]"
173.44,173.48,Gaeul,0.9824991226196289,Gaeul,[0.982],"[0.982, 0.002, 0.000, 0.000, 0.011, 0.000, 0.000]"
173.48,173.52,Gaeul,0.9885455965995789,Gaeul,[0.989],"[0.989, 0.002, 0.000, 0.000, 0.009, 0.000, 0.000]"
173.52,173.56,Gaeul,0.9925480484962463,Gaeul,[0.993],"[0.993, 0.002, 0.000, 0.000, 0.007, 0.000, 0.000]"
173.56,173.6,Gaeul,0.9951583743095398,Gaeul,[0.995],"[0.995, 0.002, 0.000, 0.000, 0.006, 0.000, 0.000]"
173.6,173.64,Gaeul,0.9968440532684326,Gaeul,[0.997],"[0.997, 0.002, 0.000, 0.000, 0.005, 0.000, 0.000]"
173.64,173.68,Gaeul,0.9979269504547119,Gaeul,[0.998],"[0.998, 0.002, 0.000, 0.000, 0.004, 0.000, 0.000]"
173.68,173.72,Gaeul,0.998623251914978,Gaeul,[0.999],"[0.999, 0.002, 0.000, 0.000, 0.004, 0.000, 0.000]"
173.72,173.76,Gaeul,0.999072790145874,Gaeul,[0.999],"[0.999, 0.003, 0.000, 0.000, 0.003, 0.000, 0.000]"
173.76,173.8,Gaeul,0.9993647933006287,Gaeul,[0.999],"[0.999, 0.003, 0.000, 0.000, 0.003, 0.000, 0.000]"
173.8,173.84,Gaeul,0.9995556473731995,Gaeul,[1.000],"[1.000, 0.003, 0.000, 0.000, 0.002, 0.000, 0.000]"
173.84,173.88,Gaeul,0.9996814727783203,Gaeul,[1.000],"[1.000, 0.003, 0.000, 0.000, 0.002, 0.000, 0.000]"
173.88,173.92,Gaeul,0.9997652173042297,Gaeul,[1.000],"[1.000, 0.003, 0.000, 0.000, 0.002, 0.000, 0.000]"
173.92,173.96,Gaeul,0.9998217225074768,Gaeul,[1.000],"[1.000, 0.003, 0.000, 0.000, 0.002, 0.000, 0.000]"
173.96,174.0,Gaeul,0.9998601675033569,Gaeul,[1.000],"[1.000, 0.003, 0.000, 0.000, 0.001, 0.000, 0.000]"
174.0,174.04,Gaeul,0.9998866319656372,Gaeul,[1.000],"[1.000, 0.003, 0.000, 0.000, 0.001, 0.000, 0.000]"
174.04,174.08,Gaeul,0.9999048709869385,Gaeul,[1.000],"[1.000, 0.003, 0.000, 0.000, 0.001, 0.000, 0.000]"
174.08,174.12,Gaeul,0.9999173879623413,Gaeul,[1.000],"[1.000, 0.003, 0.000, 0.000, 0.001, 0.000, 0.000]"
174.12,174.16,Gaeul,0.9999254941940308,Gaeul,[1.000],"[1.000, 0.003, 0.000, 0.000, 0.001, 0.000, 0.000]"
174.16,174.2,Gaeul,0.9999303817749023,Gaeul,[1.000],"[1.000, 0.003, 0.000, 0.000, 0.001, 0.000, 0.000]"
174.2,174.24,Gaeul,0.9999324083328247,Gaeul,[1.000],"[1.000, 0.002, 0.000, 0.000, 0.001, 0.000, 0.000]"
174.24,174.28,Gaeul,0.9999315738677979,Gaeul,[1.000],"[1.000, 0.002, 0.000, 0.000, 0.001, 0.000, 0.000]"
174.28,174.32,Gaeul,0.9999276399612427,Gaeul,[1.000],"[1.000, 0.002, 0.000, 0.000, 0.001, 0.000, 0.000]"
174.32,174.36,Gaeul,0.9999203681945801,Gaeul,[1.000],"[1.000, 0.002, 0.000, 0.000, 0.001, 0.000, 0.000]"
174.36,174.4,Gaeul,0.9999086856842041,Gaeul,[1.000],"[1.000, 0.002, 0.000, 0.000, 0.001, 0.000, 0.000]"
174.4,174.44,Gaeul,0.9998910427093506,Gaeul,[1.000],"[1.000, 0.002, 0.000, 0.000, 0.001, 0.000, 0.000]"
174.44,174.48,Gaeul,0.9998654127120972,Gaeul,[1.000],"[1.000, 0.001, 0.000, 0.000, 0.001, 0.000, 0.000]"
174.48,174.52,Gaeul,0.9998281002044678,Gaeul,[1.000],"[1.000, 0.001, 0.000, 0.000, 0.001, 0.000, 0.000]"
174.52,174.56,Gaeul,0.9997740387916565,Gaeul,[1.000],"[1.000, 0.001, 0.000, 0.000, 0.001, 0.000, 0.000]"
174.56,174.6,Gaeul,0.9996953010559082,Gaeul,[1.000],"[1.000, 0.001, 0.000, 0.000, 0.001, 0.000, 0.000]"
174.6,174.64,Gaeul,0.9995805621147156,Gaeul,[1.000],"[1.000, 0.001, 0.000, 0.000, 0.001, 0.000, 0.000]"
174.64,174.68,Gaeul,0.9994127750396729,Gaeul,[0.999],"[0.999, 0.000, 0.000, 0.000, 0.001, 0.000, 0.000]"
174.68,174.72,Gaeul,0.9991676807403564,Gaeul,[0.999],"[0.999, 0.000, 0.000, 0.000, 0.002, 0.000, 0.000]"
174.72,174.76,Gaeul,0.9988107681274414,Gaeul,[0.999],"[0.999, 0.000, 0.000, 0.000, 0.002, 0.000, 0.000]"
174.76,174.8,Gaeul,0.9982951283454895,Gaeul,[0.998],"[0.998, 0.000, 0.000, 0.000, 0.002, 0.000, 0.000]"
174.8,174.84,Gaeul,0.9975588321685791,Gaeul,[0.998],"[0.998, 0.000, 0.000, 0.000, 0.002, 0.000, 0.000]"
174.84,174.88,Gaeul,0.9965271353721619,Gaeul,[0.997],"[0.997, 0.000, 0.000, 0.000, 0.003, 0.000, 0.000]"
174.88,174.92,Gaeul,0.9951153993606567,Gaeul,[0.995],"[0.995, 0.000, 0.000, 0.000, 0.003, 0.000, 0.000]"
174.92,174.96,Gaeul,0.9932437539100647,Gaeul,[0.993],"[0.993, 0.000, 0.000, 0.000, 0.004, 0.000, 0.000]"
174.96,175.0,Gaeul,0.990856945514679,Gaeul,[0.991],"[0.991, 0.000, 0.000, 0.000, 0.004, 0.000, 0.000]"
175.0,175.04,Gaeul,0.9879598617553711,Gaeul,[0.988],"[0.988, 0.000, 0.000, 0.000, 0.005, 0.000, 0.000]"
175.04,175.08,Gaeul,0.9846279621124268,Gaeul,[0.985],"[0.985, 0.000, 0.000, 0.000, 0.006, 0.000, 0.000]"
175.08,175.12,Gaeul,0.9810235500335693,Gaeul,[0.981],"[0.981, 0.000, 0.000, 0.000, 0.007, 0.000, 0.000]"
175.12,175.16,Gaeul,0.9773971438407898,Gaeul,[0.977],"[0.977, 0.000, 0.000, 0.000, 0.008, 0.000, 0.000]"
175.16,175.2,Gaeul,0.974060595035553,Gaeul,[0.974],"[0.974, 0.000, 0.000, 0.000, 0.009, 0.000, 0.000]"
175.2,175.24,Gaeul,0.9713470935821533,Gaeul,[0.971],"[0.971, 0.000, 0.000, 0.000, 0.010, 0.000, 0.000]"
175.24,175.28,Gaeul,0.9695425033569336,Gaeul,[0.970],"[0.970, 0.000, 0.000, 0.000, 0.012, 0.000, 0.000]"
175.28,175.32,Gaeul,0.968841016292572,Gaeul,[0.969],"[0.969, 0.000, 0.000, 0.000, 0.013, 0.000, 0.000]"
175.32,175.36,Gaeul,0.9693127274513245,Gaeul,[0.969],"[0.969, 0.000, 0.000, 0.000, 0.015, 0.000, 0.000]"
175.36,175.4,Gaeul,0.9709014296531677,Gaeul,[0.971],"[0.971, 0.000, 0.000, 0.000, 0.016, 0.000, 0.000]"
175.4,175.44,Gaeul,0.9733961224555969,Gaeul,[0.973],"[0.973, 0.000, 0.000, 0.000, 0.017, 0.000, 0.000]"
175.44,175.48,Gaeul,0.9764866232872009,Gaeul,[0.976],"[0.976, 0.000, 0.000, 0.000, 0.019, 0.000, 0.000]"
175.48,175.52,Gaeul,0.9798533916473389,Gaeul,[0.980],"[0.980, 0.000, 0.000, 0.000, 0.020, 0.000, 0.000]"
175.52,175.56,Gaeul,0.9832153916358948,Gaeul,[0.983],"[0.983, 0.000, 0.000, 0.000, 0.021, 0.000, 0.000]"
175.56,175.6,Gaeul,0.9863497614860535,Gaeul,[0.986],"[0.986, 0.000, 0.000, 0.000, 0.022, 0.000, 0.000]"
175.6,175.64,Gaeul,0.989116370677948,Gaeul,[0.989],"[0.989, 0.000, 0.000, 0.000, 0.024, 0.000, 0.000]"
175.64,175.68,Gaeul,0.9914510846138,Gaeul,[0.991],"[0.991, 0.000, 0.000, 0.000, 0.025, 0.000, 0.000]"
175.68,175.72,Gaeul,0.9933468103408813,Gaeul,[0.993],"[0.993, 0.000, 0.000, 0.000, 0.026, 0.000, 0.000]"
175.72,175.76,Gaeul,0.9948398470878601,Gaeul,[0.995],"[0.995, 0.000, 0.000, 0.000, 0.027, 0.000, 0.000]"
175.76,175.8,Gaeul,0.9959930181503296,Gaeul,[0.996],"[0.996, 0.000, 0.000, 0.000, 0.027, 0.000, 0.000]"
175.8,175.84,Gaeul,0.9968743324279785,Gaeul,[0.997],"[0.997, 0.000, 0.000, 0.000, 0.028, 0.000, 0.000]"
175.84,175.88,Gaeul,0.9975436329841614,Gaeul,[0.998],"[0.998, 0.000, 0.000, 0.000, 0.028, 0.000, 0.000]"
175.88,175.92,Gaeul,0.9980502128601074,Gaeul,[0.998],"[0.998, 0.000, 0.000, 0.000, 0.029, 0.000, 0.000]"
175.92,175.96,Gaeul,0.9984323382377625,Gaeul,[0.998],"[0.998, 0.000, 0.000, 0.000, 0.029, 0.000, 0.000]"
175.96,176.0,Gaeul,0.9987195730209351,Gaeul,[0.999],"[0.999, 0.000, 0.000, 0.000, 0.029, 0.000, 0.000]"
176.0,176.04,Gaeul,0.9989345669746399,Gaeul,[0.999],"[0.999, 0.000, 0.000, 0.000, 0.028, 0.000, 0.000]"
176.04,176.08,Gaeul,0.9990947246551514,Gaeul,[0.999],"[0.999, 0.000, 0.000, 0.000, 0.028, 0.000, 0.000]"
176.08,176.12,Gaeul,0.9992128610610962,Gaeul,[0.999],"[0.999, 0.000, 0.000, 0.000, 0.027, 0.000, 0.000]"
176.12,176.16,Gaeul,0.9992986917495728,Gaeul,[0.999],"[0.999, 0.000, 0.000, 0.000, 0.026, 0.000, 0.000]"
176.16,176.2,Gaeul,0.999359667301178,Gaeul,[0.999],"[0.999, 0.000, 0.000, 0.000, 0.024, 0.000, 0.000]"
176.2,176.24,Gaeul,0.9994012117385864,Gaeul,[0.999],"[0.999, 0.001, 0.000, 0.000, 0.023, 0.000, 0.000]"
176.24,176.28,Gaeul,0.999427318572998,Gaeul,[0.999],"[0.999, 0.001, 0.000, 0.000, 0.021, 0.000, 0.000]"
176.28,176.32,Gaeul,0.9994401335716248,Gaeul,[0.999],"[0.999, 0.001, 0.000, 0.000, 0.020, 0.000, 0.000]"
176.32,176.36,Gaeul,0.9994414448738098,Gaeul,[0.999],"[0.999, 0.002, 0.000, 0.000, 0.018, 0.000, 0.000]"
176.36,176.4,Gaeul,0.999431312084198,Gaeul,[0.999],"[0.999, 0.003, 0.000, 0.000, 0.016, 0.000, 0.000]"
176.4,176.44,Gaeul,0.9994094371795654,Gaeul,[0.999],"[0.999, 0.003, 0.000, 0.000, 0.014, 0.000, 0.000]"
176.44,176.48,Gaeul,0.9993751645088196,Gaeul,[0.999],"[0.999, 0.004, 0.000, 0.000, 0.012, 0.000, 0.000]"
176.48,176.52,Gaeul,0.9993264675140381,Gaeul,[0.999],"[0.999, 0.005, 0.000, 0.000, 0.010, 0.000, 0.000]"
176.52,176.56,Gaeul,0.9992604851722717,Gaeul,[0.999],"[0.999, 0.006, 0.000, 0.000, 0.009, 0.000, 0.000]"
176.56,176.6,Gaeul,0.9991726279258728,Gaeul,[0.999],"[0.999, 0.006, 0.000, 0.000, 0.007, 0.000, 0.000]"
176.6,176.64,Gaeul,0.9990572333335876,Gaeul,[0.999],"[0.999, 0.007, 0.000, 0.000, 0.006, 0.000, 0.000]"
176.64,176.68,Gaeul,0.9989062547683716,Gaeul,[0.999],"[0.999, 0.007, 0.000, 0.000, 0.005, 0.000, 0.000]"
176.68,176.72,Gaeul,0.9987088441848755,Gaeul,[0.999],"[0.999, 0.008, 0.000, 0.000, 0.004, 0.000, 0.000]"
176.72,176.76,Gaeul,0.9984490871429443,Gaeul,[0.998],"[0.998, 0.008, 0.000, 0.000, 0.003, 0.000, 0.000]"
176.76,176.8,Gaeul,0.9981050491333008,Gaeul,[0.998],"[0.998, 0.008, 0.000, 0.000, 0.003, 0.000, 0.000]"
176.8,176.84,Gaeul,0.9976423382759094,Gaeul,[0.998],"[0.998, 0.007, 0.000, 0.000, 0.002, 0.000, 0.000]"
176.84,176.88,Gaeul,0.9970093965530396,Gaeul,[0.997],"[0.997, 0.007, 0.000, 0.000, 0.002, 0.000, 0.000]"
176.88,176.92,Gaeul,0.9961287975311279,Gaeul,[0.996],"[0.996, 0.006, 0.000, 0.000, 0.001, 0.000, 0.000]"
176.92,176.96,Gaeul,0.9948790073394775,Gaeul,[0.995],"[0.995, 0.006, 0.000, 0.000, 0.001, 0.000, 0.000]"
176.96,177.0,Gaeul,0.9930667877197266,Gaeul,[0.993],"[0.993, 0.005, 0.000, 0.000, 0.001, 0.000, 0.000]"
177.0,177.04,Gaeul,0.9903772473335266,Gaeul,[0.990],"[0.990, 0.005, 0.000, 0.000, 0.001, 0.000, 0.000]"
177.04,177.08,Gaeul,0.9862980842590332,Gaeul,[0.986],"[0.986, 0.004, 0.000, 0.000, 0.001, 0.000, 0.000]"
177.08,177.12,Gaeul,0.979989230632782,Gaeul,[0.980],"[0.980, 0.004, 0.000, 0.000, 0.000, 0.000, 0.000]"
177.12,177.16,Gaeul,0.9700568318367004,Gaeul,[0.970],"[0.970, 0.003, 0.000, 0.000, 0.000, 0.000, 0.000]"
177.16,177.2,Gaeul,0.9541967511177063,Gaeul,[0.954],"[0.954, 0.003, 0.000, 0.000, 0.000, 0.000, 0.000]"
177.2,177.24,Gaeul,0.9287081956863403,Gaeul,[0.929],"[0.929, 0.003, 0.001, 0.000, 0.000, 0.000, 0.000]"
177.24,177.28,Gaeul,0.8881038427352905,Gaeul,[0.888],"[0.888, 0.002, 0.001, 0.000, 0.000, 0.000, 0.000]"
177.28,177.32,Gaeul,0.8252665400505066,Gaeul,[0.825],"[0.825, 0.002, 0.001, 0.000, 0.000, 0.000, 0.000]"
177.32,177.36,Gaeul,0.7334564328193665,Gaeul,[0.733],"[0.733, 0.002, 0.001, 0.000, 0.000, 0.000, 0.000]"
177.36,177.4,Gaeul,0.6114217042922974,Gaeul,[0.611],"[0.611, 0.001, 0.001, 0.000, 0.000, 0.000, 0.000]"
177.4,177.44,Gaeul,0.46976181864738464,Gaeul,[0.470],"[0.470, 0.001, 0.001, 0.000, 0.000, 0.000, 0.000]"
177.44,177.48,Gaeul,0.3303249776363373,,[],"[0.330, 0.001, 0.001, 0.000, 0.000, 0.000, 0.000]"
177.48,177.52,Gaeul,0.214259535074234,,[],"[0.214, 0.001, 0.001, 0.000, 0.000, 0.000, 0.000]"
177.52,177.56,Gaeul,0.13063815236091614,,[],"[0.131, 0.001, 0.001, 0.000, 0.000, 0.000, 0.000]"
177.56,177.6,Gaeul,0.07652398943901062,,[],"[0.077, 0.001, 0.001, 0.000, 0.000, 0.000, 0.000]"
177.6,177.64,Gaeul,0.043909888714551926,,[],"[0.044, 0.001, 0.001, 0.000, 0.000, 0.001, 0.000]"
177.64,177.68,Gaeul,0.025061437860131264,,[],"[0.025, 0.001, 0.002, 0.000, 0.000, 0.001, 0.000]"
177.68,177.72,Gaeul,0.014386595226824284,,[],"[0.014, 0.000, 0.002, 0.000, 0.000, 0.002, 0.000]"
177.72,177.76,Gaeul,0.008371062576770782,,[],"[0.008, 0.000, 0.002, 0.000, 0.000, 0.002, 0.000]"
177.76,177.8,Gaeul,0.00496100727468729,,[],"[0.005, 0.000, 0.002, 0.000, 0.000, 0.004, 0.000]"
177.8,177.84,Yujin,0.005775458179414272,,[],"[0.003, 0.000, 0.003, 0.000, 0.000, 0.006, 0.000]"
177.84,177.88,Yujin,0.009026918560266495,,[],"[0.002, 0.000, 0.003, 0.000, 0.000, 0.009, 0.000]"
177.88,177.92,Yujin,0.014179589226841927,,[],"[0.001, 0.000, 0.004, 0.000, 0.000, 0.014, 0.000]"
177.92,177.96,Yujin,0.02236279845237732,,[],"[0.001, 0.000, 0.004, 0.000, 0.000, 0.022, 0.000]"
177.96,178.0,Yujin,0.035373639315366745,,[],"[0.001, 0.000, 0.004, 0.000, 0.000, 0.035, 0.000]"
178.0,178.04,Yujin,0.055942878127098083,,[],"[0.000, 0.000, 0.005, 0.000, 0.000, 0.056, 0.000]"
178.04,178.08,Yujin,0.08796640485525131,,[],"[0.000, 0.000, 0.005, 0.000, 0.000, 0.088, 0.000]"
178.08,178.12,Yujin,0.1365426629781723,,[],"[0.000, 0.000, 0.006, 0.000, 0.000, 0.137, 0.000]"
178.12,178.16,Yujin,0.20690999925136566,,[],"[0.000, 0.000, 0.006, 0.000, 0.000, 0.207, 0.000]"
178.16,178.2,Yujin,0.3018374741077423,,[],"[0.000, 0.000, 0.006, 0.000, 0.000, 0.302, 0.000]"
178.2,178.24,Yujin,0.41803470253944397,,[],"[0.000, 0.000, 0.006, 0.000, 0.000, 0.418, 0.000]"
178.24,178.28,Yujin,0.5444966554641724,,[],"[0.000, 0.000, 0.006, 0.000, 0.000, 0.544, 0.000]"
178.28,178.32,Yujin,0.6653785109519958,Yujin,[0.665],"[0.000, 0.000, 0.006, 0.000, 0.000, 0.665, 0.000]"
178.32,178.36,Yujin,0.7674373984336853,Yujin,[0.767],"[0.000, 0.000, 0.006, 0.000, 0.000, 0.767, 0.000]"
178.36,178.4,Yujin,0.8450819849967957,Yujin,[0.845],"[0.000, 0.000, 0.006, 0.000, 0.000, 0.845, 0.000]"
178.4,178.44,Yujin,0.8996822237968445,Yujin,[0.900],"[0.000, 0.000, 0.005, 0.000, 0.000, 0.900, 0.000]"
178.44,178.48,Yujin,0.9361175298690796,Yujin,[0.936],"[0.000, 0.000, 0.005, 0.000, 0.000, 0.936, 0.000]"
178.48,178.52,Yujin,0.9596897959709167,Yujin,[0.960],"[0.000, 0.000, 0.004, 0.000, 0.000, 0.960, 0.000]"
178.52,178.56,Yujin,0.9746878147125244,Yujin,[0.975],"[0.000, 0.000, 0.004, 0.000, 0.000, 0.975, 0.000]"
178.56,178.6,Yujin,0.9841461777687073,Yujin,[0.984],"[0.000, 0.000, 0.003, 0.000, 0.000, 0.984, 0.000]"
178.6,178.64,Yujin,0.9900800585746765,Yujin,[0.990],"[0.000, 0.000, 0.003, 0.000, 0.000, 0.990, 0.000]"
178.64,178.68,Yujin,0.9937897324562073,Yujin,[0.994],"[0.000, 0.000, 0.002, 0.000, 0.000, 0.994, 0.000]"
178.68,178.72,Yujin,0.9961058497428894,Yujin,[0.996],"[0.000, 0.000, 0.002, 0.000, 0.000, 0.996, 0.000]"
178.72,178.76,Yujin,0.9975530505180359,Yujin,[0.998],"[0.000, 0.000, 0.002, 0.000, 0.000, 0.998, 0.000]"
178.76,178.8,Yujin,0.9984586238861084,Yujin,[0.998],"[0.000, 0.000, 0.001, 0.000, 0.000, 0.998, 0.000]"
178.8,178.84,Yujin,0.9990264177322388,Yujin,[0.999],"[0.000, 0.000, 0.001, 0.000, 0.000, 0.999, 0.000]"
178.84,178.88,Yujin,0.9993829727172852,Yujin,[0.999],"[0.000, 0.000, 0.001, 0.000, 0.000, 0.999, 0.000]"
178.88,178.92,Yujin,0.999607503414154,Yujin,[1.000],"[0.000, 0.000, 0.001, 0.000, 0.000, 1.000, 0.000]"
178.92,178.96,Yujin,0.9997493624687195,Yujin,[1.000],"[0.000, 0.000, 0.000, 0.000, 0.000, 1.000, 0.000]"
178.96,179.0,Yujin,0.9998393058776855,Yujin,[1.000],"[0.000, 0.000, 0.000, 0.000, 0.000, 1.000, 0.000]"
179.0,179.04,Yujin,0.9998965263366699,Yujin,[1.000],"[0.000, 0.000, 0.000, 0.000, 0.000, 1.000, 0.000]"
179.04,179.08,Yujin,0.9999330043792725,Yujin,[1.000],"[0.000, 0.000, 0.000, 0.000, 0.000, 1.000, 0.000]"
179.08,179.12,Yujin,0.9999563694000244,Yujin,[1.000],"[0.000, 0.000, 0.000, 0.000, 0.000, 1.000, 0.000]"
179.12,179.16,Yujin,0.9999713897705078,Yujin,[1.000],"[0.000, 0.000, 0.000, 0.000, 0.000, 1.000, 0.000]"
179.16,179.2,Yujin,0.9999810457229614,Yujin,[1.000],"[0.000, 0.000, 0.000, 0.000, 0.000, 1.000, 0.000]"
179.2,179.24,Yujin,0.9999873638153076,Yujin,[1.000],"[0.000, 0.000, 0.000, 0.000, 0.000, 1.000, 0.000]"
179.24,179.28,Yujin,0.9999914169311523,Yujin,[1.000],"[0.000, 0.000, 0.000, 0.000, 0.000, 1.000, 0.000]"
179.28,179.32,Yujin,0.999994158744812,Yujin,[1.000],"[0.000, 0.000, 0.000, 0.000, 0.000, 1.000, 0.000]"
179.32,179.36,Yujin,0.9999959468841553,Yujin,[1.000],"[0.000, 0.000, 0.000, 0.000, 0.000, 1.000, 0.000]"
179.36,179.4,Yujin,0.9999970197677612,Yujin,[1.000],"[0.000, 0.000, 0.000, 0.000, 0.000, 1.000, 0.000]"
179.4,179.44,Yujin,0.9999978542327881,Yujin,[1.000],"[0.000, 0.000, 0.000, 0.000, 0.000, 1.000, 0.000]"
179.44,179.48,Yujin,0.9999984502792358,Yujin,[1.000],"[0.000, 0.000, 0.000, 0.000, 0.000, 1.000, 0.000]"
179.48,179.52,Yujin,0.9999988079071045,Yujin,[1.000],"[0.000, 0.000, 0.000, 0.000, 0.000, 1.000, 0.000]"
179.52,179.56,Yujin,0.9999990463256836,Yujin,[1.000],"[0.000, 0.000, 0.000, 0.000, 0.000, 1.000, 0.000]"
179.56,179.6,Yujin,0.9999992847442627,Yujin,[1.000],"[0.000, 0.000, 0.000, 0.000, 0.000, 1.000, 0.000]"
179.6,179.64,Yujin,0.9999994039535522,Yujin,[1.000],"[0.000, 0.001, 0.000, 0.000, 0.000, 1.000, 0.000]"
179.64,179.68,Yujin,0.9999995231628418,Yujin,[1.000],"[0.000, 0.001, 0.000, 0.000, 0.000, 1.000, 0.000]"
179.68,179.72,Yujin,0.9999995231628418,Yujin,[1.000],"[0.000, 0.001, 0.000, 0.000, 0.000, 1.000, 0.000]"
179.72,179.76,Yujin,0.9999996423721313,Yujin,[1.000],"[0.000, 0.001, 0.000, 0.000, 0.000, 1.000, 0.000]"
179.76,179.8,Yujin,0.9999996423721313,Yujin,[1.000],"[0.000, 0.001, 0.000, 0.000, 0.000, 1.000, 0.000]"
179.8,179.84,Yujin,0.9999996423721313,Yujin,[1.000],"[0.000, 0.001, 0.000, 0.000, 0.000, 1.000, 0.000]"
179.84,179.88,Yujin,0.9999996423721313,Yujin,[1.000],"[0.000, 0.001, 0.000, 0.000, 0.000, 1.000, 0.000]"
179.88,179.92,Yujin,0.9999996423721313,Yujin,[1.000],"[0.000, 0.001, 0.000, 0.000, 0.000, 1.000, 0.000]"
179.92,179.96,Yujin,0.9999996423721313,Yujin,[1.000],"[0.000, 0.001, 0.000, 0.000, 0.000, 1.000, 0.000]"
179.96,180.0,Yujin,0.9999996423721313,Yujin,[1.000],"[0.000, 0.001, 0.000, 0.000, 0.001, 1.000, 0.000]"
180.0,180.04,Yujin,0.9999996423721313,Yujin,[1.000],"[0.000, 0.001, 0.000, 0.000, 0.001, 1.000, 0.000]"
180.04,180.08,Yujin,0.9999996423721313,Yujin,[1.000],"[0.000, 0.001, 0.000, 0.000, 0.001, 1.000, 0.000]"
180.08,180.12,Yujin,0.9999996423721313,Yujin,[1.000],"[0.000, 0.001, 0.000, 0.000, 0.001, 1.000, 0.000]"
180.12,180.16,Yujin,0.9999996423721313,Yujin,[1.000],"[0.000, 0.001, 0.000, 0.000, 0.001, 1.000, 0.000]"
180.16,180.2,Yujin,0.9999996423721313,Yujin,[1.000],"[0.000, 0.001, 0.000, 0.000, 0.002, 1.000, 0.000]"
180.2,180.24,Yujin,0.9999996423721313,Yujin,[1.000],"[0.000, 0.001, 0.000, 0.000, 0.002, 1.000, 0.000]"
180.24,180.28,Yujin,0.9999996423721313,Yujin,[1.000],"[0.000, 0.001, 0.000, 0.000, 0.002, 1.000, 0.000]"
180.28,180.32,Yujin,0.9999996423721313,Yujin,[1.000],"[0.000, 0.001, 0.000, 0.000, 0.002, 1.000, 0.000]"
180.32,180.36,Yujin,0.9999996423721313,Yujin,[1.000],"[0.000, 0.001, 0.000, 0.000, 0.002, 1.000, 0.000]"
180.36,180.4,Yujin,0.9999996423721313,Yujin,[1.000],"[0.000, 0.001, 0.000, 0.000, 0.002, 1.000, 0.000]"
180.4,180.44,Yujin,0.9999996423721313,Yujin,[1.000],"[0.000, 0.001, 0.000, 0.000, 0.002, 1.000, 0.000]"
180.44,180.48,Yujin,0.9999995231628418,Yujin,[1.000],"[0.000, 0.001, 0.000, 0.000, 0.001, 1.000, 0.000]"
180.48,180.52,Yujin,0.9999996423721313,Yujin,[1.000],"[0.000, 0.001, 0.000, 0.000, 0.001, 1.000, 0.000]"
180.52,180.56,Yujin,0.9999996423721313,Yujin,[1.000],"[0.000, 0.001, 0.000, 0.000, 0.001, 1.000, 0.000]"
180.56,180.6,Yujin,0.9999996423721313,Yujin,[1.000],"[0.000, 0.001, 0.000, 0.000, 0.001, 1.000, 0.000]"
180.6,180.64,Yujin,0.9999996423721313,Yujin,[1.000],"[0.000, 0.000, 0.000, 0.000, 0.001, 1.000, 0.000]"
180.64,180.68,Yujin,0.9999996423721313,Yujin,[1.000],"[0.000, 0.000, 0.000, 0.000, 0.001, 1.000, 0.000]"
180.68,180.72,Yujin,0.9999996423721313,Yujin,[1.000],"[0.000, 0.000, 0.000, 0.000, 0.000, 1.000, 0.000]"
180.72,180.76,Yujin,0.9999996423721313,Yujin,[1.000],"[0.000, 0.000, 0.000, 0.000, 0.000, 1.000, 0.000]"
180.76,180.8,Yujin,0.9999996423721313,Yujin,[1.000],"[0.000, 0.000, 0.000, 0.000, 0.000, 1.000, 0.000]"
180.8,180.84,Yujin,0.9999996423721313,Yujin,[1.000],"[0.000, 0.000, 0.000, 0.000, 0.000, 1.000, 0.000]"
180.84,180.88,Yujin,0.9999996423721313,Yujin,[1.000],"[0.000, 0.000, 0.000, 0.000, 0.000, 1.000, 0.000]"
180.88,180.92,Yujin,0.9999996423721313,Yujin,[1.000],"[0.000, 0.000, 0.000, 0.000, 0.000, 1.000, 0.000]"
180.92,180.96,Yujin,0.9999996423721313,Yujin,[1.000],"[0.000, 0.000, 0.000, 0.000, 0.000, 1.000, 0.000]"
180.96,181.0,Yujin,0.9999996423721313,Yujin,[1.000],"[0.000, 0.000, 0.000, 0.000, 0.000, 1.000, 0.000]"
181.0,181.04,Yujin,0.9999996423721313,Yujin,[1.000],"[0.000, 0.000, 0.000, 0.000, 0.000, 1.000, 0.000]"
181.04,181.08,Yujin,0.9999996423721313,Yujin,[1.000],"[0.000, 0.000, 0.000, 0.000, 0.000, 1.000, 0.000]"
181.08,181.12,Yujin,0.9999996423721313,Yujin,[1.000],"[0.001, 0.000, 0.000, 0.000, 0.000, 1.000, 0.000]"
181.12,181.16,Yujin,0.9999996423721313,Yujin,[1.000],"[0.001, 0.000, 0.000, 0.000, 0.000, 1.000, 0.000]"
181.16,181.2,Yujin,0.9999996423721313,Yujin,[1.000],"[0.002, 0.000, 0.000, 0.000, 0.000, 1.000, 0.000]"
181.2,181.24,Yujin,0.9999996423721313,Yujin,[1.000],"[0.003, 0.000, 0.000, 0.000, 0.000, 1.000, 0.000]"
181.24,181.28,Yujin,0.9999995231628418,Yujin,[1.000],"[0.005, 0.000, 0.000, 0.000, 0.000, 1.000, 0.000]"
181.28,181.32,Yujin,0.9999995231628418,Yujin,[1.000],"[0.008, 0.000, 0.000, 0.000, 0.000, 1.000, 0.000]"
181.32,181.36,Yujin,0.9999995231628418,Yujin,[1.000],"[0.012, 0.000, 0.000, 0.000, 0.000, 1.000, 0.000]"
181.36,181.4,Yujin,0.9999995231628418,Yujin,[1.000],"[0.017, 0.000, 0.000, 0.000, 0.000, 1.000, 0.000]"
181.4,181.44,Yujin,0.9999995231628418,Yujin,[1.000],"[0.024, 0.000, 0.000, 0.000, 0.000, 1.000, 0.000]"
181.44,181.48,Yujin,0.9999994039535522,Yujin,[1.000],"[0.032, 0.000, 0.000, 0.000, 0.000, 1.000, 0.000]"
181.48,181.52,Yujin,0.9999994039535522,Yujin,[1.000],"[0.041, 0.000, 0.000, 0.000, 0.000, 1.000, 0.000]"
181.52,181.56,Yujin,0.9999994039535522,Yujin,[1.000],"[0.051, 0.000, 0.000, 0.000, 0.000, 1.000, 0.000]"
181.56,181.6,Yujin,0.9999994039535522,Yujin,[1.000],"[0.059, 0.000, 0.000, 0.000, 0.000, 1.000, 0.000]"
181.6,181.64,Yujin,0.9999994039535522,Yujin,[1.000],"[0.065, 0.000, 0.000, 0.000, 0.000, 1.000, 0.000]"
181.64,181.68,Yujin,0.9999994039535522,Yujin,[1.000],"[0.069, 0.000, 0.000, 0.000, 0.000, 1.000, 0.000]"
181.68,181.72,Yujin,0.9999994039535522,Yujin,[1.000],"[0.070, 0.000, 0.001, 0.000, 0.000, 1.000, 0.000]"
181.72,181.76,Yujin,0.9999994039535522,Yujin,[1.000],"[0.067, 0.000, 0.001, 0.000, 0.000, 1.000, 0.000]"
181.76,181.8,Yujin,0.9999994039535522,Yujin,[1.000],"[0.063, 0.000, 0.001, 0.000, 0.000, 1.000, 0.000]"
181.8,181.84,Yujin,0.9999994039535522,Yujin,[1.000],"[0.056, 0.000, 0.001, 0.000, 0.000, 1.000, 0.000]"
181.84,181.88,Yujin,0.9999995231628418,Yujin,[1.000],"[0.048, 0.000, 0.001, 0.000, 0.000, 1.000, 0.000]"
181.88,181.92,Yujin,0.9999995231628418,Yujin,[1.000],"[0.040, 0.000, 0.001, 0.000, 0.000, 1.000, 0.000]"
181.92,181.96,Yujin,0.9999995231628418,Yujin,[1.000],"[0.032, 0.000, 0.001, 0.000, 0.000, 1.000, 0.000]"
181.96,182.0,Yujin,0.9999995231628418,Yujin,[1.000],"[0.024, 0.000, 0.001, 0.000, 0.000, 1.000, 0.000]"
182.0,182.04,Yujin,0.9999995231628418,Yujin,[1.000],"[0.018, 0.000, 0.002, 0.000, 0.000, 1.000, 0.000]"
182.04,182.08,Yujin,0.9999995231628418,Yujin,[1.000],"[0.013, 0.000, 0.002, 0.000, 0.000, 1.000, 0.000]"
182.08,182.12,Yujin,0.9999995231628418,Yujin,[1.000],"[0.010, 0.000, 0.002, 0.000, 0.000, 1.000, 0.000]"
182.12,182.16,Yujin,0.9999995231628418,Yujin,[1.000],"[0.007, 0.000, 0.002, 0.000, 0.000, 1.000, 0.000]"
182.16,182.2,Yujin,0.9999995231628418,Yujin,[1.000],"[0.004, 0.000, 0.002, 0.000, 0.000, 1.000, 0.000]"
182.2,182.24,Yujin,0.9999994039535522,Yujin,[1.000],"[0.003, 0.000, 0.002, 0.000, 0.000, 1.000, 0.000]"
182.24,182.28,Yujin,0.9999994039535522,Yujin,[1.000],"[0.002, 0.000, 0.002, 0.000, 0.000, 1.000, 0.000]"
182.28,182.32,Yujin,0.9999992847442627,Yujin,[1.000],"[0.001, 0.000, 0.002, 0.000, 0.000, 1.000, 0.000]"
182.32,182.36,Yujin,0.9999991655349731,Yujin,[1.000],"[0.001, 0.000, 0.002, 0.000, 0.000, 1.000, 0.000]"
182.36,182.4,Yujin,0.9999990463256836,Yujin,[1.000],"[0.000, 0.000, 0.002, 0.000, 0.000, 1.000, 0.000]"
182.4,182.44,Yujin,0.999998927116394,Yujin,[1.000],"[0.000, 0.000, 0.002, 0.000, 0.000, 1.000, 0.000]"
182.44,182.48,Yujin,0.9999986886978149,Yujin,[1.000],"[0.000, 0.000, 0.002, 0.000, 0.000, 1.000, 0.000]"
182.48,182.52,Yujin,0.9999983310699463,Yujin,[1.000],"[0.000, 0.000, 0.002, 0.000, 0.000, 1.000, 0.000]"
182.52,182.56,Yujin,0.9999978542327881,Yujin,[1.000],"[0.000, 0.000, 0.002, 0.000, 0.000, 1.000, 0.000]"
182.56,182.6,Yujin,0.9999972581863403,Yujin,[1.000],"[0.000, 0.000, 0.002, 0.000, 0.000, 1.000, 0.000]"
182.6,182.64,Yujin,0.9999964237213135,Yujin,[1.000],"[0.000, 0.000, 0.001, 0.000, 0.000, 1.000, 0.000]"
182.64,182.68,Yujin,0.999995231628418,Yujin,[1.000],"[0.000, 0.000, 0.001, 0.000, 0.000, 1.000, 0.000]"
182.68,182.72,Yujin,0.9999936819076538,Yujin,[1.000],"[0.000, 0.000, 0.001, 0.000, 0.000, 1.000, 0.000]"
182.72,182.76,Yujin,0.9999916553497314,Yujin,[1.000],"[0.000, 0.000, 0.001, 0.000, 0.000, 1.000, 0.000]"
182.76,182.8,Yujin,0.9999887943267822,Yujin,[1.000],"[0.000, 0.000, 0.001, 0.000, 0.000, 1.000, 0.000]"
182.8,182.84,Yujin,0.9999850988388062,Yujin,[1.000],"[0.000, 0.000, 0.001, 0.000, 0.000, 1.000, 0.000]"
182.84,182.88,Yujin,0.999980092048645,Yujin,[1.000],"[0.000, 0.000, 0.001, 0.000, 0.000, 1.000, 0.000]"
182.88,182.92,Yujin,0.9999738931655884,Yujin,[1.000],"[0.000, 0.000, 0.001, 0.000, 0.000, 1.000, 0.000]"
182.92,182.96,Yujin,0.999966025352478,Yujin,[1.000],"[0.000, 0.000, 0.001, 0.000, 0.000, 1.000, 0.000]"
182.96,183.0,Yujin,0.999956488609314,Yujin,[1.000],"[0.000, 0.000, 0.001, 0.000, 0.000, 1.000, 0.000]"
183.0,183.04,Yujin,0.9999454021453857,Yujin,[1.000],"[0.000, 0.000, 0.000, 0.000, 0.000, 1.000, 0.000]"
183.04,183.08,Yujin,0.9999330043792725,Yujin,[1.000],"[0.000, 0.000, 0.000, 0.000, 0.000, 1.000, 0.000]"
183.08,183.12,Yujin,0.9999194145202637,Yujin,[1.000],"[0.000, 0.000, 0.000, 0.000, 0.000, 1.000, 0.000]"
183.12,183.16,Yujin,0.9999053478240967,Yujin,[1.000],"[0.000, 0.000, 0.000, 0.000, 0.000, 1.000, 0.000]"
183.16,183.2,Yujin,0.9998912811279297,Yujin,[1.000],"[0.000, 0.000, 0.000, 0.000, 0.000, 1.000, 0.000]"
183.2,183.24,Yujin,0.9998779296875,Yujin,[1.000],"[0.000, 0.000, 0.000, 0.000, 0.000, 1.000, 0.000]"
183.24,183.28,Yujin,0.9998658895492554,Yujin,[1.000],"[0.000, 0.000, 0.000, 0.000, 0.000, 1.000, 0.000]"
183.28,183.32,Yujin,0.9998555183410645,Yujin,[1.000],"[0.000, 0.000, 0.000, 0.000, 0.000, 1.000, 0.000]"
183.32,183.36,Yujin,0.9998472929000854,Yujin,[1.000],"[0.000, 0.000, 0.000, 0.000, 0.000, 1.000, 0.000]"
183.36,183.4,Yujin,0.9998412132263184,Yujin,[1.000],"[0.000, 0.000, 0.000, 0.000, 0.000, 1.000, 0.000]"
183.4,183.44,Yujin,0.9998369216918945,Yujin,[1.000],"[0.000, 0.001, 0.000, 0.000, 0.000, 1.000, 0.000]"
183.44,183.48,Yujin,0.9998341798782349,Yujin,[1.000],"[0.000, 0.001, 0.000, 0.000, 0.000, 1.000, 0.000]"
183.48,183.52,Yujin,0.9998323917388916,Yujin,[1.000],"[0.000, 0.001, 0.000, 0.000, 0.000, 1.000, 0.000]"
183.52,183.56,Yujin,0.9998308420181274,Yujin,[1.000],"[0.000, 0.001, 0.000, 0.000, 0.000, 1.000, 0.000]"
183.56,183.6,Yujin,0.9998290538787842,Yujin,[1.000],"[0.000, 0.001, 0.000, 0.000, 0.000, 1.000, 0.000]"
183.6,183.64,Yujin,0.9998262524604797,Yujin,[1.000],"[0.000, 0.001, 0.000, 0.000, 0.000, 1.000, 0.000]"
183.64,183.68,Yujin,0.999821126461029,Yujin,[1.000],"[0.000, 0.001, 0.000, 0.000, 0.000, 1.000, 0.000]"
183.68,183.72,Yujin,0.9998131394386292,Yujin,[1.000],"[0.000, 0.002, 0.000, 0.000, 0.000, 1.000, 0.000]"
183.72,183.76,Yujin,0.9998008608818054,Yujin,[1.000],"[0.000, 0.002, 0.000, 0.000, 0.000, 1.000, 0.000]"
183.76,183.8,Yujin,0.9997828602790833,Yujin,[1.000],"[0.000, 0.002, 0.000, 0.000, 0.000, 1.000, 0.000]"
183.8,183.84,Yujin,0.9997567534446716,Yujin,[1.000],"[0.000, 0.002, 0.000, 0.000, 0.000, 1.000, 0.000]"
183.84,183.88,Yujin,0.999718964099884,Yujin,[1.000],"[0.000, 0.002, 0.000, 0.000, 0.000, 1.000, 0.000]"
183.88,183.92,Yujin,0.9996638298034668,Yujin,[1.000],"[0.000, 0.002, 0.000, 0.000, 0.000, 1.000, 0.000]"
183.92,183.96,Yujin,0.9995818734169006,Yujin,[1.000],"[0.000, 0.002, 0.000, 0.000, 0.000, 1.000, 0.000]"
183.96,184.0,Yujin,0.9994576573371887,Yujin,[0.999],"[0.000, 0.002, 0.000, 0.000, 0.000, 0.999, 0.000]"
184.0,184.04,Yujin,0.9992652535438538,Yujin,[0.999],"[0.000, 0.002, 0.000, 0.000, 0.000, 0.999, 0.000]"
184.04,184.08,Yujin,0.9989591836929321,Yujin,[0.999],"[0.000, 0.002, 0.000, 0.000, 0.000, 0.999, 0.000]"
184.08,184.12,Yujin,0.9984579086303711,Yujin,[0.998],"[0.000, 0.003, 0.000, 0.000, 0.000, 0.998, 0.000]"
184.12,184.16,Yujin,0.9976087808609009,Yujin,[0.998],"[0.000, 0.003, 0.000, 0.000, 0.000, 0.998, 0.000]"
184.16,184.2,Yujin,0.9961196184158325,Yujin,[0.996],"[0.000, 0.004, 0.000, 0.000, 0.000, 0.996, 0.000]"
184.2,184.24,Yujin,0.9934165477752686,Yujin,[0.993],"[0.000, 0.006, 0.000, 0.000, 0.000, 0.993, 0.000]"
184.24,184.28,Yujin,0.9883527159690857,Yujin,[0.988],"[0.000, 0.008, 0.000, 0.000, 0.000, 0.988, 0.000]"
184.28,184.32,Yujin,0.9786036610603333,Yujin,[0.979],"[0.000, 0.011, 0.000, 0.000, 0.000, 0.979, 0.000]"
184.32,184.36,Yujin,0.9595068097114563,Yujin,[0.960],"[0.000, 0.016, 0.000, 0.000, 0.000, 0.960, 0.000]"
184.36,184.4,Yujin,0.9220976233482361,Yujin,[0.922],"[0.000, 0.025, 0.000, 0.000, 0.000, 0.922, 0.000]"
184.4,184.44,Yujin,0.8512358069419861,Yujin,[0.851],"[0.000, 0.040, 0.000, 0.000, 0.000, 0.851, 0.000]"
184.44,184.48,Yujin,0.7287900447845459,Yujin,[0.729],"[0.000, 0.065, 0.000, 0.000, 0.000, 0.729, 0.000]"
184.48,184.52,Yujin,0.5518530607223511,Yujin,[0.552],"[0.000, 0.105, 0.000, 0.000, 0.000, 0.552, 0.000]"
184.52,184.56,Yujin,0.3563297986984253,,[],"[0.000, 0.169, 0.000, 0.000, 0.001, 0.356, 0.000]"
184.56,184.6,Leeseo,0.2644987404346466,,[],"[0.000, 0.264, 0.000, 0.000, 0.001, 0.197, 0.000]"
184.6,184.64,Leeseo,0.390146404504776,,[],"[0.000, 0.390, 0.000, 0.000, 0.002, 0.098, 0.000]"
184.64,184.68,Leeseo,0.5330114364624023,,[],"[0.000, 0.533, 0.000, 0.000, 0.005, 0.045, 0.000]"
184.68,184.72,Leeseo,0.6699202060699463,Leeseo,[0.670],"[0.000, 0.670, 0.000, 0.000, 0.009, 0.021, 0.000]"
184.72,184.76,Leeseo,0.7813435792922974,Leeseo,[0.781],"[0.000, 0.781, 0.000, 0.000, 0.018, 0.009, 0.000]"
184.76,184.8,Leeseo,0.8609920144081116,Leeseo,[0.861],"[0.000, 0.861, 0.000, 0.000, 0.033, 0.004, 0.000]"
184.8,184.84,Leeseo,0.9131306409835815,Leeseo,[0.913],"[0.000, 0.913, 0.000, 0.000, 0.061, 0.002, 0.000]"
184.84,184.88,Leeseo,0.9455777406692505,Leeseo,[0.946],"[0.000, 0.946, 0.000, 0.000, 0.109, 0.001, 0.000]"
184.88,184.92,Leeseo,0.9653065800666809,Leeseo,[0.965],"[0.000, 0.965, 0.000, 0.000, 0.183, 0.000, 0.001]"
184.92,184.96,Leeseo,0.9772703051567078,Leeseo,[0.977],"[0.000, 0.977, 0.000, 0.000, 0.288, 0.000, 0.001]"
184.96,185.0,Leeseo,0.9845992922782898,Leeseo,[0.985],"[0.000, 0.985, 0.000, 0.000, 0.416, 0.000, 0.001]"
185.0,185.04,Leeseo,0.9891600012779236,Leeseo|Wonyoung,"[0.989, 0.551]","[0.000, 0.989, 0.000, 0.000, 0.551, 0.000, 0.001]"
185.04,185.08,Leeseo,0.9920493960380554,Leeseo|Wonyoung,"[0.992, 0.673]","[0.000, 0.992, 0.000, 0.000, 0.673, 0.000, 0.001]"
185.08,185.12,Leeseo,0.9939103126525879,Leeseo|Wonyoung,"[0.994, 0.769]","[0.000, 0.994, 0.000, 0.000, 0.769, 0.000, 0.000]"
185.12,185.16,Leeseo,0.9951247572898865,Leeseo|Wonyoung,"[0.995, 0.840]","[0.000, 0.995, 0.000, 0.000, 0.840, 0.000, 0.000]"
185.16,185.2,Leeseo,0.9959200620651245,Leeseo|Wonyoung,"[0.996, 0.890]","[0.000, 0.996, 0.000, 0.000, 0.890, 0.000, 0.000]"
185.2,185.24,Leeseo,0.9964338541030884,Leeseo|Wonyoung,"[0.996, 0.923]","[0.000, 0.996, 0.001, 0.000, 0.923, 0.000, 0.000]"
185.24,185.28,Leeseo,0.9967520236968994,Leeseo|Wonyoung,"[0.997, 0.945]","[0.000, 0.997, 0.001, 0.000, 0.945, 0.000, 0.000]"
185.28,185.32,Leeseo,0.9969294667243958,Leeseo|Wonyoung,"[0.997, 0.960]","[0.000, 0.997, 0.001, 0.000, 0.960, 0.000, 0.000]"
185.32,185.36,Leeseo,0.9970014691352844,Leeseo|Wonyoung,"[0.997, 0.970]","[0.000, 0.997, 0.001, 0.000, 0.970, 0.000, 0.000]"
185.36,185.4,Leeseo,0.9969919919967651,Leeseo|Wonyoung,"[0.997, 0.977]","[0.000, 0.997, 0.001, 0.000, 0.977, 0.000, 0.000]"
185.4,185.44,Leeseo,0.9969180822372437,Leeseo|Wonyoung,"[0.997, 0.982]","[0.000, 0.997, 0.001, 0.000, 0.982, 0.000, 0.000]"
185.44,185.48,Leeseo,0.9967944025993347,Leeseo|Wonyoung,"[0.997, 0.986]","[0.000, 0.997, 0.001, 0.000, 0.986, 0.000, 0.000]"
185.48,185.52,Leeseo,0.9966356158256531,Leeseo|Wonyoung,"[0.997, 0.988]","[0.000, 0.997, 0.001, 0.000, 0.988, 0.000, 0.000]"
185.52,185.56,Leeseo,0.9964590668678284,Leeseo|Wonyoung,"[0.996, 0.990]","[0.000, 0.996, 0.001, 0.000, 0.990, 0.000, 0.000]"
185.56,185.6,Leeseo,0.9962871074676514,Leeseo|Wonyoung,"[0.996, 0.992]","[0.000, 0.996, 0.001, 0.000, 0.992, 0.000, 0.000]"
185.6,185.64,Leeseo,0.9961440563201904,Leeseo|Wonyoung,"[0.996, 0.993]","[0.000, 0.996, 0.002, 0.000, 0.993, 0.000, 0.000]"
185.64,185.68,Leeseo,0.996056079864502,Leeseo|Wonyoung,"[0.996, 0.994]","[0.000, 0.996, 0.002, 0.000, 0.994, 0.000, 0.000]"
185.68,185.72,Leeseo,0.9960428476333618,Leeseo|Wonyoung,"[0.996, 0.995]","[0.000, 0.996, 0.002, 0.000, 0.995, 0.000, 0.000]"
185.72,185.76,Leeseo,0.9961161613464355,Leeseo|Wonyoung,"[0.996, 0.995]","[0.000, 0.996, 0.002, 0.000, 0.995, 0.000, 0.000]"
185.76,185.8,Leeseo,0.9962800145149231,Leeseo|Wonyoung,"[0.996, 0.996]","[0.000, 0.996, 0.002, 0.000, 0.996, 0.000, 0.000]"
185.8,185.84,Leeseo,0.9965265393257141,Leeseo|Wonyoung,"[0.997, 0.996]","[0.000, 0.997, 0.002, 0.000, 0.996, 0.000, 0.000]"
185.84,185.88,Leeseo,0.99683678150177,Leeseo|Wonyoung,"[0.997, 0.996]","[0.000, 0.997, 0.002, 0.000, 0.996, 0.000, 0.000]"
185.88,185.92,Leeseo,0.9971901774406433,Leeseo|Wonyoung,"[0.997, 0.996]","[0.000, 0.997, 0.002, 0.000, 0.996, 0.000, 0.000]"
185.92,185.96,Leeseo,0.9975646734237671,Leeseo|Wonyoung,"[0.998, 0.996]","[0.000, 0.998, 0.002, 0.000, 0.996, 0.000, 0.000]"
185.96,186.0,Leeseo,0.9979362487792969,Leeseo|Wonyoung,"[0.998, 0.997]","[0.000, 0.998, 0.002, 0.000, 0.997, 0.000, 0.000]"
186.0,186.04,Leeseo,0.998285710811615,Leeseo|Wonyoung,"[0.998, 0.997]","[0.000, 0.998, 0.002, 0.000, 0.997, 0.000, 0.000]"
186.04,186.08,Leeseo,0.9986009001731873,Leeseo|Wonyoung,"[0.999, 0.997]","[0.000, 0.999, 0.002, 0.000, 0.997, 0.000, 0.000]"
186.08,186.12,Leeseo,0.9988738894462585,Leeseo|Wonyoung,"[0.999, 0.996]","[0.000, 0.999, 0.002, 0.000, 0.996, 0.000, 0.000]"
186.12,186.16,Leeseo,0.9991023540496826,Leeseo|Wonyoung,"[0.999, 0.996]","[0.000, 0.999, 0.002, 0.000, 0.996, 0.000, 0.000]"
186.16,186.2,Leeseo,0.9992883801460266,Leeseo|Wonyoung,"[0.999, 0.996]","[0.000, 0.999, 0.002, 0.000, 0.996, 0.000, 0.000]"
186.2,186.24,Leeseo,0.9994364380836487,Leeseo|Wonyoung,"[0.999, 0.996]","[0.000, 0.999, 0.002, 0.000, 0.996, 0.000, 0.000]"
186.24,186.28,Leeseo,0.9995521903038025,Leeseo|Wonyoung,"[1.000, 0.996]","[0.000, 1.000, 0.002, 0.000, 0.996, 0.000, 0.000]"
186.28,186.32,Leeseo,0.9996415376663208,Leeseo|Wonyoung,"[1.000, 0.996]","[0.000, 1.000, 0.002, 0.000, 0.996, 0.000, 0.000]"
186.32,186.36,Leeseo,0.9997096657752991,Leeseo|Wonyoung,"[1.000, 0.996]","[0.000, 1.000, 0.001, 0.000, 0.996, 0.000, 0.000]"
186.36,186.4,Leeseo,0.9997612833976746,Leeseo|Wonyoung,"[1.000, 0.995]","[0.000, 1.000, 0.001, 0.000, 0.995, 0.000, 0.000]"
186.4,186.44,Leeseo,0.999799907207489,Leeseo|Wonyoung,"[1.000, 0.995]","[0.000, 1.000, 0.001, 0.000, 0.995, 0.000, 0.000]"
186.44,186.48,Leeseo,0.9998282194137573,Leeseo|Wonyoung,"[1.000, 0.995]","[0.000, 1.000, 0.001, 0.000, 0.995, 0.000, 0.000]"
186.48,186.52,Leeseo,0.999848484992981,Leeseo|Wonyoung,"[1.000, 0.995]","[0.000, 1.000, 0.001, 0.000, 0.995, 0.000, 0.000]"
186.52,186.56,Leeseo,0.9998624324798584,Leeseo|Wonyoung,"[1.000, 0.994]","[0.000, 1.000, 0.001, 0.000, 0.994, 0.000, 0.000]"
186.56,186.6,Leeseo,0.9998713731765747,Leeseo|Wonyoung,"[1.000, 0.994]","[0.000, 1.000, 0.001, 0.000, 0.994, 0.000, 0.000]"
186.6,186.64,Leeseo,0.9998760223388672,Leeseo|Wonyoung,"[1.000, 0.994]","[0.000, 1.000, 0.001, 0.000, 0.994, 0.000, 0.000]"
186.64,186.68,Leeseo,0.999876856803894,Leeseo|Wonyoung,"[1.000, 0.993]","[0.000, 1.000, 0.001, 0.000, 0.993, 0.000, 0.000]"
186.68,186.72,Leeseo,0.9998742341995239,Leeseo|Wonyoung,"[1.000, 0.993]","[0.000, 1.000, 0.001, 0.000, 0.993, 0.000, 0.000]"
186.72,186.76,Leeseo,0.9998680353164673,Leeseo|Wonyoung,"[1.000, 0.992]","[0.000, 1.000, 0.001, 0.000, 0.992, 0.000, 0.000]"
186.76,186.8,Leeseo,0.999858021736145,Leeseo|Wonyoung,"[1.000, 0.991]","[0.000, 1.000, 0.001, 0.000, 0.991, 0.000, 0.000]"
186.8,186.84,Leeseo,0.999843955039978,Leeseo|Wonyoung,"[1.000, 0.990]","[0.000, 1.000, 0.001, 0.000, 0.990, 0.000, 0.000]"
186.84,186.88,Leeseo,0.9998251795768738,Leeseo|Wonyoung,"[1.000, 0.989]","[0.000, 1.000, 0.001, 0.000, 0.989, 0.000, 0.000]"
186.88,186.92,Leeseo,0.9998010993003845,Leeseo|Wonyoung,"[1.000, 0.988]","[0.000, 1.000, 0.001, 0.000, 0.988, 0.000, 0.000]"
186.92,186.96,Leeseo,0.9997707009315491,Leeseo|Wonyoung,"[1.000, 0.986]","[0.000, 1.000, 0.001, 0.000, 0.986, 0.000, 0.000]"
186.96,187.0,Leeseo,0.9997333884239197,Leeseo|Wonyoung,"[1.000, 0.984]","[0.000, 1.000, 0.001, 0.000, 0.984, 0.000, 0.000]"
187.0,187.04,Leeseo,0.9996883869171143,Leeseo|Wonyoung,"[1.000, 0.981]","[0.000, 1.000, 0.001, 0.000, 0.981, 0.000, 0.000]"
187.04,187.08,Leeseo,0.9996352195739746,Leeseo|Wonyoung,"[1.000, 0.978]","[0.000, 1.000, 0.001, 0.000, 0.978, 0.000, 0.000]"
187.08,187.12,Leeseo,0.999573290348053,Leeseo|Wonyoung,"[1.000, 0.975]","[0.000, 1.000, 0.001, 0.000, 0.975, 0.000, 0.000]"
187.12,187.16,Leeseo,0.999502420425415,Leeseo|Wonyoung,"[1.000, 0.970]","[0.000, 1.000, 0.001, 0.000, 0.970, 0.000, 0.000]"
187.16,187.2,Leeseo,0.9994221925735474,Leeseo|Wonyoung,"[0.999, 0.965]","[0.000, 0.999, 0.001, 0.000, 0.965, 0.000, 0.000]"
187.2,187.24,Leeseo,0.9993324875831604,Leeseo|Wonyoung,"[0.999, 0.958]","[0.000, 0.999, 0.001, 0.000, 0.958, 0.000, 0.000]"
187.24,187.28,Leeseo,0.9992332458496094,Leeseo|Wonyoung,"[0.999, 0.950]","[0.000, 0.999, 0.000, 0.000, 0.950, 0.000, 0.000]"
187.28,187.32,Leeseo,0.9991236329078674,Leeseo|Wonyoung,"[0.999, 0.940]","[0.000, 0.999, 0.000, 0.000, 0.940, 0.000, 0.000]"
187.32,187.36,Leeseo,0.9990020394325256,Leeseo|Wonyoung,"[0.999, 0.927]","[0.000, 0.999, 0.000, 0.000, 0.927, 0.000, 0.000]"
187.36,187.4,Leeseo,0.9988662004470825,Leeseo|Wonyoung,"[0.999, 0.913]","[0.000, 0.999, 0.000, 0.000, 0.913, 0.000, 0.000]"
187.4,187.44,Leeseo,0.9987131357192993,Leeseo|Wonyoung,"[0.999, 0.895]","[0.000, 0.999, 0.000, 0.000, 0.895, 0.000, 0.000]"
187.44,187.48,Leeseo,0.9985388517379761,Leeseo|Wonyoung,"[0.999, 0.874]","[0.000, 0.999, 0.000, 0.000, 0.874, 0.000, 0.000]"
187.48,187.52,Leeseo,0.9983381032943726,Leeseo|Wonyoung,"[0.998, 0.849]","[0.000, 0.998, 0.000, 0.000, 0.849, 0.000, 0.000]"
187.52,187.56,Leeseo,0.9981033802032471,Leeseo|Wonyoung,"[0.998, 0.820]","[0.000, 0.998, 0.000, 0.000, 0.820, 0.000, 0.000]"
187.56,187.6,Leeseo,0.9978243112564087,Leeseo|Wonyoung,"[0.998, 0.788]","[0.000, 0.998, 0.000, 0.000, 0.788, 0.000, 0.000]"
187.6,187.64,Leeseo,0.9974865913391113,Leeseo|Wonyoung,"[0.997, 0.752]","[0.000, 0.997, 0.000, 0.000, 0.752, 0.000, 0.000]"
187.64,187.68,Leeseo,0.9970687031745911,Leeseo|Wonyoung,"[0.997, 0.713]","[0.000, 0.997, 0.000, 0.000, 0.713, 0.000, 0.000]"
187.68,187.72,Leeseo,0.9965401887893677,Leeseo|Wonyoung,"[0.997, 0.671]","[0.000, 0.997, 0.000, 0.000, 0.671, 0.000, 0.000]"
187.72,187.76,Leeseo,0.9958568215370178,Leeseo|Wonyoung,"[0.996, 0.629]","[0.000, 0.996, 0.000, 0.000, 0.629, 0.000, 0.000]"
187.76,187.8,Leeseo,0.9949572682380676,Leeseo|Wonyoung,"[0.995, 0.588]","[0.000, 0.995, 0.000, 0.000, 0.588, 0.000, 0.000]"
187.8,187.84,Leeseo,0.9937531352043152,Leeseo|Wonyoung,"[0.994, 0.549]","[0.000, 0.994, 0.000, 0.000, 0.549, 0.000, 0.000]"
187.84,187.88,Leeseo,0.9921099543571472,Leeseo|Wonyoung,"[0.992, 0.514]","[0.000, 0.992, 0.000, 0.000, 0.514, 0.000, 0.000]"
187.88,187.92,Leeseo,0.9898204803466797,Leeseo|Wonyoung,"[0.990, 0.483]","[0.000, 0.990, 0.000, 0.000, 0.483, 0.000, 0.000]"
187.92,187.96,Leeseo,0.986567497253418,Leeseo|Wonyoung,"[0.987, 0.457]","[0.000, 0.987, 0.000, 0.001, 0.457, 0.000, 0.000]"
187.96,188.0,Leeseo,0.9818592667579651,Leeseo,[0.982],"[0.000, 0.982, 0.000, 0.001, 0.436, 0.000, 0.000]"
188.0,188.04,Leeseo,0.9749164581298828,Leeseo,[0.975],"[0.000, 0.975, 0.000, 0.002, 0.420, 0.000, 0.000]"
188.04,188.08,Leeseo,0.9645017981529236,Leeseo,[0.965],"[0.000, 0.965, 0.000, 0.003, 0.408, 0.000, 0.000]"
188.08,188.12,Leeseo,0.9487131237983704,Leeseo,[0.949],"[0.000, 0.949, 0.000, 0.004, 0.400, 0.000, 0.000]"
188.12,188.16,Leeseo,0.9247163534164429,Leeseo,[0.925],"[0.000, 0.925, 0.000, 0.007, 0.396, 0.000, 0.000]"
188.16,188.2,Leeseo,0.8884806632995605,Leeseo,[0.888],"[0.000, 0.888, 0.000, 0.011, 0.395, 0.000, 0.000]"
188.2,188.24,Leeseo,0.8348956108093262,Leeseo,[0.835],"[0.000, 0.835, 0.000, 0.018, 0.397, 0.000, 0.000]"
188.24,188.28,Leeseo,0.7589108943939209,Leeseo,[0.759],"[0.000, 0.759, 0.000, 0.027, 0.401, 0.000, 0.000]"
188.28,188.32,Leeseo,0.6582909822463989,Leeseo,[0.658],"[0.000, 0.658, 0.000, 0.041, 0.407, 0.000, 0.000]"
188.32,188.36,Leeseo,0.5374695658683777,Leeseo,[0.537],"[0.000, 0.537, 0.000, 0.059, 0.413, 0.000, 0.000]"
188.36,188.4,Wonyoung,0.41918593645095825,,[],"[0.000, 0.409, 0.000, 0.081, 0.419, 0.000, 0.000]"
188.4,188.44,Wonyoung,0.42424678802490234,,[],"[0.000, 0.290, 0.000, 0.106, 0.424, 0.000, 0.000]"
188.44,188.48,Wonyoung,0.42716774344444275,,[],"[0.000, 0.194, 0.000, 0.131, 0.427, 0.000, 0.000]"
188.48,188.52,Wonyoung,0.42699673771858215,,[],"[0.000, 0.124, 0.000, 0.154, 0.427, 0.000, 0.000]"
188.52,188.56,Wonyoung,0.4233725368976593,,[],"[0.000, 0.077, 0.000, 0.171, 0.423, 0.000, 0.000]"
188.56,188.6,Wonyoung,0.41604161262512207,,[],"[0.000, 0.047, 0.000, 0.180, 0.416, 0.000, 0.000]"
188.6,188.64,Wonyoung,0.4049261808395386,,[],"[0.000, 0.029, 0.000, 0.180, 0.405, 0.000, 0.000]"
188.64,188.68,Wonyoung,0.39021143317222595,,[],"[0.000, 0.018, 0.000, 0.172, 0.390, 0.000, 0.000]"
188.68,188.72,Wonyoung,0.3722093105316162,,[],"[0.000, 0.011, 0.000, 0.157, 0.372, 0.000, 0.000]"
188.72,188.76,Wonyoung,0.3512912690639496,,[],"[0.000, 0.007, 0.000, 0.138, 0.351, 0.000, 0.000]"
188.76,188.8,Wonyoung,0.3279554545879364,,[],"[0.000, 0.005, 0.000, 0.115, 0.328, 0.000, 0.000]"
188.8,188.84,Wonyoung,0.3027573823928833,,[],"[0.000, 0.003, 0.000, 0.093, 0.303, 0.000, 0.000]"
188.84,188.88,Wonyoung,0.2763408422470093,,[],"[0.000, 0.002, 0.000, 0.072, 0.276, 0.000, 0.000]"
188.88,188.92,Wonyoung,0.2493881732225418,,[],"[0.000, 0.001, 0.000, 0.054, 0.249, 0.000, 0.000]"
188.92,188.96,Wonyoung,0.222579687833786,,[],"[0.000, 0.001, 0.000, 0.039, 0.223, 0.000, 0.000]"
188.96,189.0,Wonyoung,0.19645197689533234,,[],"[0.000, 0.001, 0.000, 0.027, 0.196, 0.000, 0.000]"
189.0,189.04,Wonyoung,0.17142356932163239,,[],"[0.000, 0.001, 0.000, 0.018, 0.171, 0.000, 0.000]"
189.04,189.08,Wonyoung,0.14784592390060425,,[],"[0.000, 0.000, 0.000, 0.012, 0.148, 0.000, 0.000]"
189.08,189.12,Wonyoung,0.125986248254776,,[],"[0.000, 0.000, 0.000, 0.008, 0.126, 0.000, 0.000]"
189.12,189.16,Wonyoung,0.10603519529104233,,[],"[0.000, 0.000, 0.000, 0.005, 0.106, 0.000, 0.000]"
189.16,189.2,Wonyoung,0.08811633288860321,,[],"[0.000, 0.000, 0.000, 0.003, 0.088, 0.000, 0.000]"
189.2,189.24,Wonyoung,0.07228179275989532,,[],"[0.000, 0.000, 0.000, 0.002, 0.072, 0.000, 0.000]"
189.24,189.28,Wonyoung,0.05851320922374725,,[],"[0.000, 0.000, 0.000, 0.001, 0.059, 0.000, 0.000]"
189.28,189.32,Wonyoung,0.04673580452799797,,[],"[0.000, 0.000, 0.000, 0.001, 0.047, 0.000, 0.000]"
189.32,189.36,Wonyoung,0.03683864325284958,,[],"[0.000, 0.000, 0.000, 0.000, 0.037, 0.000, 0.000]"
189.36,189.4,Wonyoung,0.02867177128791809,,[],"[0.000, 0.000, 0.000, 0.000, 0.029, 0.000, 0.000]"
189.4,189.44,Wonyoung,0.022051917389035225,,[],"[0.000, 0.000, 0.000, 0.000, 0.022, 0.000, 0.001]"
189.44,189.48,Wonyoung,0.016780367121100426,,[],"[0.000, 0.000, 0.000, 0.000, 0.017, 0.000, 0.002]"
189.48,189.52,Wonyoung,0.012650313787162304,,[],"[0.000, 0.000, 0.000, 0.000, 0.013, 0.000, 0.004]"
189.52,189.56,silence,0.011330775916576385,,[],"[0.000, 0.000, 0.000, 0.000, 0.009, 0.000, 0.011]"
189.56,189.6,silence,0.029449131339788437,,[],"[0.000, 0.000, 0.000, 0.000, 0.007, 0.000, 0.029]"
189.6,189.64,silence,0.07393787801265717,,[],"[0.000, 0.000, 0.000, 0.000, 0.005, 0.000, 0.074]"
189.64,189.68,silence,0.17440812289714813,,[],"[0.000, 0.000, 0.000, 0.000, 0.004, 0.000, 0.174]"
189.68,189.72,silence,0.36274462938308716,,[],"[0.000, 0.000, 0.000, 0.000, 0.003, 0.000, 0.363]"
189.72,189.76,silence,0.6124154925346375,silence,[0.612],"[0.000, 0.000, 0.000, 0.000, 0.002, 0.000, 0.612]"
189.76,189.8,silence,0.8203223347663879,silence,[0.820],"[0.000, 0.000, 0.000, 0.000, 0.002, 0.000, 0.820]"
189.8,189.84,silence,0.9326316714286804,silence,[0.933],"[0.000, 0.000, 0.000, 0.000, 0.001, 0.000, 0.933]"
189.84,189.88,silence,0.977955162525177,silence,[0.978],"[0.001, 0.000, 0.000, 0.000, 0.001, 0.000, 0.978]"
189.88,189.92,silence,0.9934245347976685,silence,[0.993],"[0.001, 0.000, 0.000, 0.000, 0.001, 0.000, 0.993]"
189.92,189.96,silence,0.9981855750083923,silence,[0.998],"[0.001, 0.000, 0.000, 0.000, 0.000, 0.000, 0.998]"
189.96,190.0,silence,0.9995322227478027,silence,[1.000],"[0.001, 0.000, 0.000, 0.000, 0.000, 0.000, 1.000]"
190.0,190.04,silence,0.9998859167098999,silence,[1.000],"[0.002, 0.000, 0.000, 0.000, 0.000, 0.000, 1.000]"
190.04,190.08,silence,0.9999734163284302,silence,[1.000],"[0.002, 0.000, 0.000, 0.000, 0.000, 0.001, 1.000]"
190.08,190.12,silence,0.9999939203262329,silence,[1.000],"[0.004, 0.000, 0.000, 0.000, 0.000, 0.001, 1.000]"
190.12,190.16,silence,0.9999986886978149,silence,[1.000],"[0.006, 0.000, 0.000, 0.000, 0.000, 0.001, 1.000]"
190.16,190.2,silence,0.9999996423721313,silence,[1.000],"[0.012, 0.000, 0.000, 0.000, 0.000, 0.001, 1.000]"
190.2,190.24,silence,0.9999998807907104,silence,[1.000],"[0.025, 0.000, 0.000, 0.000, 0.000, 0.001, 1.000]"
190.24,190.28,silence,1.0,silence,[1.000],"[0.060, 0.000, 0.000, 0.000, 0.000, 0.001, 1.000]"
190.28,190.32,silence,1.0,silence,[1.000],"[0.151, 0.000, 0.000, 0.000, 0.000, 0.002, 1.000]"
190.32,190.36,silence,1.0,silence,[1.000],"[0.325, 0.000, 0.000, 0.000, 0.000, 0.002, 1.000]"
190.36,190.4,silence,1.0,silence,[1.000],"[0.477, 0.000, 0.000, 0.000, 0.000, 0.002, 1.000]"
190.4,190.44,silence,1.0,silence,[1.000],"[0.535, 0.000, 0.000, 0.000, 0.000, 0.002, 1.000]"
190.44,190.48,silence,0.5,silence,[0.500],"[0.500, 0.500, 0.500, 0.500, 0.500, 0.500, 0.500]"
