start_chunk,start_time,end_time,main_label,main_confidence,active_labels,active_confidences,harmonies,harmony_probs,adlibs,adlib_probs,probabilities_main
0,0.0,0.04,silence,1.0,silence,[1.000],,[],,[],"[0.000, 0.000, 0.000, 0.000, 0.000, 0.000, 0.000, 1.000]"
1,0.04,0.08,silence,1.0,silence,[1.000],,[],,[],"[0.000, 0.000, 0.000, 0.000, 0.000, 0.000, 0.000, 1.000]"
2,0.08,0.12,silence,1.0,silence,[1.000],,[],,[],"[0.000, 0.000, 0.000, 0.000, 0.000, 0.000, 0.000, 1.000]"
3,0.12,0.16,silence,1.0,silence,[1.000],,[],,[],"[0.000, 0.000, 0.000, 0.000, 0.000, 0.000, 0.000, 1.000]"
4,0.16,0.2,silence,1.0,silence,[1.000],,[],,[],"[0.000, 0.000, 0.000, 0.000, 0.000, 0.000, 0.000, 1.000]"
5,0.2,0.24,silence,1.0,silence,[1.000],,[],,[],"[0.000, 0.000, 0.000, 0.000, 0.000, 0.000, 0.000, 1.000]"
6,0.24,0.28,silence,1.0,silence,[1.000],,[],,[],"[0.000, 0.000, 0.000, 0.000, 0.000, 0.000, 0.000, 1.000]"
7,0.28,0.32,silence,1.0,silence,[1.000],,[],,[],"[0.000, 0.000, 0.000, 0.000, 0.000, 0.000, 0.000, 1.000]"
8,0.32,0.36,silence,1.0,silence,[1.000],,[],,[],"[0.000, 0.000, 0.000, 0.000, 0.000, 0.000, 0.000, 1.000]"
9,0.36,0.4,silence,1.0,silence,[1.000],,[],,[],"[0.000, 0.000, 0.000, 0.000, 0.000, 0.000, 0.000, 1.000]"
10,0.4,0.44,silence,1.0,silence,[1.000],,[],,[],"[0.000, 0.000, 0.000, 0.000, 0.000, 0.000, 0.000, 1.000]"
11,0.44,0.48,silence,1.0,silence,[1.000],,[],,[],"[0.000, 0.000, 0.000, 0.000, 0.000, 0.000, 0.000, 1.000]"
12,0.48,0.52,silence,1.0,silence,[1.000],,[],,[],"[0.000, 0.000, 0.000, 0.000, 0.000, 0.000, 0.000, 1.000]"
13,0.52,0.56,silence,1.0,silence,[1.000],,[],,[],"[0.000, 0.000, 0.000, 0.000, 0.000, 0.000, 0.000, 1.000]"
14,0.56,0.6,silence,1.0,silence,[1.000],,[],,[],"[0.000, 0.000, 0.000, 0.000, 0.000, 0.000, 0.000, 1.000]"
15,0.6,0.64,silence,1.0,silence,[1.000],,[],,[],"[0.000, 0.000, 0.000, 0.000, 0.000, 0.000, 0.000, 1.000]"
16,0.64,0.68,silence,1.0,silence,[1.000],,[],,[],"[0.000, 0.000, 0.000, 0.000, 0.000, 0.000, 0.000, 1.000]"
17,0.68,0.72,silence,1.0,silence,[1.000],,[],,[],"[0.000, 0.000, 0.000, 0.000, 0.000, 0.000, 0.000, 1.000]"
18,0.72,0.76,silence,1.0,silence,[1.000],,[],,[],"[0.000, 0.000, 0.000, 0.000, 0.000, 0.000, 0.000, 1.000]"
19,0.76,0.8,silence,1.0,silence,[1.000],,[],,[],"[0.000, 0.000, 0.000, 0.000, 0.000, 0.000, 0.000, 1.000]"
20,0.8,0.84,silence,1.0,silence,[1.000],,[],,[],"[0.000, 0.000, 0.000, 0.000, 0.000, 0.000, 0.000, 1.000]"
21,0.84,0.88,silence,1.0,silence,[1.000],,[],,[],"[0.000, 0.000, 0.000, 0.000, 0.000, 0.000, 0.000, 1.000]"
22,0.88,0.92,silence,1.0,silence,[1.000],,[],,[],"[0.000, 0.000, 0.000, 0.000, 0.000, 0.000, 0.000, 1.000]"
23,0.92,0.96,silence,1.0,silence,[1.000],,[],,[],"[0.000, 0.000, 0.000, 0.000, 0.000, 0.000, 0.000, 1.000]"
24,0.96,1.0,silence,1.0,silence,[1.000],,[],,[],"[0.000, 0.000, 0.000, 0.000, 0.000, 0.000, 0.000, 1.000]"
25,1.0,1.04,silence,1.0,silence,[1.000],,[],,[],"[0.000, 0.000, 0.000, 0.000, 0.000, 0.000, 0.000, 1.000]"
26,1.04,1.08,silence,1.0,silence,[1.000],,[],,[],"[0.000, 0.000, 0.000, 0.000, 0.000, 0.000, 0.000, 1.000]"
27,1.08,1.12,silence,1.0,silence,[1.000],,[],,[],"[0.000, 0.000, 0.000, 0.000, 0.000, 0.000, 0.000, 1.000]"
28,1.12,1.16,silence,1.0,silence,[1.000],,[],,[],"[0.000, 0.000, 0.000, 0.000, 0.000, 0.000, 0.000, 1.000]"
29,1.16,1.2,silence,1.0,silence,[1.000],,[],,[],"[0.000, 0.000, 0.000, 0.000, 0.000, 0.000, 0.000, 1.000]"
30,1.2,1.24,silence,1.0,silence,[1.000],,[],,[],"[0.000, 0.000, 0.000, 0.000, 0.000, 0.000, 0.000, 1.000]"
31,1.24,1.28,silence,1.0,silence,[1.000],,[],,[],"[0.000, 0.000, 0.000, 0.000, 0.000, 0.000, 0.000, 1.000]"
32,1.28,1.32,silence,1.0,silence,[1.000],,[],,[],"[0.000, 0.000, 0.000, 0.000, 0.000, 0.000, 0.000, 1.000]"
33,1.32,1.36,silence,1.0,silence,[1.000],,[],,[],"[0.000, 0.000, 0.000, 0.000, 0.000, 0.000, 0.000, 1.000]"
34,1.36,1.4,silence,1.0,silence,[1.000],,[],,[],"[0.000, 0.000, 0.000, 0.000, 0.000, 0.000, 0.000, 1.000]"
35,1.4,1.44,silence,1.0,silence,[1.000],,[],,[],"[0.000, 0.000, 0.000, 0.000, 0.000, 0.000, 0.000, 1.000]"
36,1.44,1.48,silence,1.0,silence,[1.000],,[],,[],"[0.000, 0.000, 0.000, 0.000, 0.000, 0.000, 0.000, 1.000]"
37,1.48,1.52,silence,1.0,silence,[1.000],,[],,[],"[0.000, 0.000, 0.000, 0.000, 0.000, 0.000, 0.000, 1.000]"
38,1.52,1.56,silence,1.0,silence,[1.000],,[],,[],"[0.000, 0.000, 0.000, 0.000, 0.000, 0.000, 0.000, 1.000]"
39,1.56,1.6,silence,1.0,silence,[1.000],,[],,[],"[0.000, 0.000, 0.000, 0.000, 0.000, 0.000, 0.000, 1.000]"
40,1.6,1.64,silence,1.0,silence,[1.000],,[],,[],"[0.000, 0.000, 0.000, 0.000, 0.000, 0.000, 0.000, 1.000]"
41,1.64,1.68,silence,1.0,silence,[1.000],,[],,[],"[0.000, 0.000, 0.000, 0.000, 0.000, 0.000, 0.000, 1.000]"
42,1.68,1.72,silence,1.0,silence,[1.000],,[],,[],"[0.000, 0.000, 0.000, 0.000, 0.000, 0.000, 0.000, 1.000]"
43,1.72,1.76,silence,1.0,silence,[1.000],,[],,[],"[0.000, 0.000, 0.000, 0.000, 0.000, 0.000, 0.000, 1.000]"
44,1.76,1.8,silence,1.0,silence,[1.000],,[],,[],"[0.000, 0.000, 0.000, 0.000, 0.000, 0.000, 0.000, 1.000]"
45,1.8,1.84,silence,1.0,silence,[1.000],,[],,[],"[0.000, 0.000, 0.000, 0.000, 0.000, 0.000, 0.000, 1.000]"
46,1.84,1.88,silence,1.0,silence,[1.000],,[],,[],"[0.000, 0.000, 0.000, 0.000, 0.000, 0.000, 0.000, 1.000]"
47,1.88,1.92,silence,1.0,silence,[1.000],,[],,[],"[0.000, 0.000, 0.000, 0.000, 0.000, 0.000, 0.000, 1.000]"
48,1.92,1.96,silence,1.0,silence,[1.000],,[],,[],"[0.000, 0.000, 0.000, 0.000, 0.000, 0.000, 0.000, 1.000]"
49,1.96,2.0,silence,1.0,silence,[1.000],,[],,[],"[0.000, 0.000, 0.000, 0.000, 0.000, 0.000, 0.000, 1.000]"
50,2.0,2.04,silence,1.0,silence,[1.000],,[],,[],"[0.000, 0.000, 0.000, 0.000, 0.000, 0.000, 0.000, 1.000]"
51,2.04,2.08,silence,1.0,silence,[1.000],,[],,[],"[0.000, 0.000, 0.000, 0.000, 0.000, 0.000, 0.000, 1.000]"
52,2.08,2.12,silence,1.0,silence,[1.000],,[],,[],"[0.000, 0.000, 0.000, 0.000, 0.000, 0.000, 0.000, 1.000]"
53,2.12,2.16,silence,1.0,silence,[1.000],,[],,[],"[0.000, 0.000, 0.000, 0.000, 0.000, 0.000, 0.000, 1.000]"
54,2.16,2.2,silence,1.0,silence,[1.000],,[],,[],"[0.000, 0.000, 0.000, 0.000, 0.000, 0.000, 0.000, 1.000]"
55,2.2,2.24,silence,1.0,silence,[1.000],,[],,[],"[0.000, 0.000, 0.000, 0.000, 0.000, 0.000, 0.000, 1.000]"
56,2.24,2.28,silence,1.0,silence,[1.000],,[],,[],"[0.000, 0.000, 0.000, 0.000, 0.000, 0.000, 0.000, 1.000]"
57,2.28,2.32,silence,1.0,silence,[1.000],,[],,[],"[0.000, 0.000, 0.000, 0.000, 0.000, 0.000, 0.000, 1.000]"
58,2.32,2.36,silence,1.0,silence,[1.000],,[],,[],"[0.000, 0.000, 0.000, 0.000, 0.000, 0.000, 0.000, 1.000]"
59,2.36,2.4,silence,1.0,silence,[1.000],,[],,[],"[0.000, 0.000, 0.000, 0.000, 0.000, 0.000, 0.000, 1.000]"
60,2.4,2.44,silence,1.0,silence,[1.000],,[],,[],"[0.000, 0.000, 0.000, 0.000, 0.000, 0.000, 0.000, 1.000]"
61,2.44,2.48,silence,0.9999998807907104,silence,[1.000],,[],,[],"[0.000, 0.000, 0.000, 0.000, 0.000, 0.000, 0.000, 1.000]"
62,2.48,2.52,silence,0.9999996423721313,silence,[1.000],,[],,[],"[0.000, 0.000, 0.000, 0.000, 0.000, 0.000, 0.000, 1.000]"
63,2.52,2.56,silence,0.9999991655349731,silence,[1.000],,[],,[],"[0.000, 0.000, 0.000, 0.000, 0.000, 0.000, 0.000, 1.000]"
64,2.56,2.6,silence,0.9999974966049194,silence,[1.000],,[],,[],"[0.000, 0.000, 0.000, 0.000, 0.000, 0.000, 0.000, 1.000]"
65,2.6,2.64,silence,0.9999926090240479,silence,[1.000],,[],,[],"[0.000, 0.000, 0.000, 0.000, 0.000, 0.000, 0.000, 1.000]"
66,2.64,2.68,silence,0.9999784231185913,silence,[1.000],,[],,[],"[0.000, 0.000, 0.000, 0.000, 0.000, 0.000, 0.000, 1.000]"
67,2.68,2.72,silence,0.9999369382858276,silence,[1.000],,[],,[],"[0.000, 0.000, 0.000, 0.000, 0.000, 0.000, 0.000, 1.000]"
68,2.72,2.76,silence,0.9998189806938171,silence,[1.000],,[],,[],"[0.000, 0.000, 0.000, 0.000, 0.000, 0.000, 0.000, 1.000]"
69,2.76,2.8,silence,0.9994922876358032,silence,[0.999],,[],,[],"[0.000, 0.000, 0.000, 0.000, 0.000, 0.000, 0.000, 0.999]"
70,2.8,2.84,silence,0.9986206293106079,silence,[0.999],,[],,[],"[0.000, 0.000, 0.000, 0.000, 0.000, 0.000, 0.000, 0.999]"
71,2.84,2.88,silence,0.9963971972465515,silence,[0.996],,[],,[],"[0.000, 0.000, 0.000, 0.000, 0.000, 0.000, 0.000, 0.996]"
72,2.88,2.92,silence,0.9910200238227844,silence,[0.991],,[],,[],"[0.000, 0.000, 0.000, 0.000, 0.000, 0.000, 0.000, 0.991]"
73,2.92,2.96,silence,0.9788309931755066,silence,[0.979],,[],,[],"[0.000, 0.000, 0.000, 0.000, 0.000, 0.000, 0.001, 0.979]"
74,2.96,3.0,silence,0.9533122181892395,silence,[0.953],,[],,[],"[0.000, 0.000, 0.000, 0.000, 0.000, 0.000, 0.001, 0.953]"
75,3.0,3.04,silence,0.9050564765930176,silence,[0.905],,[],,[],"[0.000, 0.000, 0.000, 0.000, 0.000, 0.000, 0.002, 0.905]"
76,3.04,3.08,silence,0.8249980211257935,silence,[0.825],,[],,[],"[0.000, 0.000, 0.000, 0.000, 0.001, 0.000, 0.003, 0.825]"
77,3.08,3.12,silence,0.7124220728874207,silence,[0.712],,[],,[],"[0.000, 0.000, 0.000, 0.000, 0.001, 0.000, 0.005, 0.712]"
78,3.12,3.16,silence,0.5813161134719849,silence,[0.581],,[],,[],"[0.000, 0.000, 0.000, 0.000, 0.001, 0.001, 0.007, 0.581]"
79,3.16,3.2,silence,0.4544427692890167,,[],,[],,[],"[0.000, 0.000, 0.000, 0.000, 0.002, 0.001, 0.010, 0.454]"
80,3.2,3.24,silence,0.3487641215324402,,[],,[],,[],"[0.000, 0.000, 0.000, 0.000, 0.002, 0.002, 0.013, 0.349]"
81,3.24,3.28,silence,0.2695997953414917,,[],,[],,[],"[0.000, 0.000, 0.000, 0.000, 0.003, 0.002, 0.016, 0.270]"
82,3.28,3.32,silence,0.21409174799919128,,[],,[],,[],"[0.000, 0.001, 0.000, 0.000, 0.004, 0.003, 0.019, 0.214]"
83,3.32,3.36,silence,0.17740696668624878,,[],,[],,[],"[0.000, 0.001, 0.000, 0.000, 0.005, 0.004, 0.021, 0.177]"
84,3.36,3.4,silence,0.15509428083896637,,[],,[],,[],"[0.000, 0.001, 0.000, 0.000, 0.006, 0.004, 0.022, 0.155]"
85,3.4,3.44,silence,0.14357595145702362,,[],,[],,[],"[0.000, 0.001, 0.001, 0.000, 0.007, 0.005, 0.022, 0.144]"
86,3.44,3.48,silence,0.140640988945961,,[],,[],,[],"[0.000, 0.001, 0.001, 0.000, 0.007, 0.005, 0.021, 0.141]"
87,3.48,3.52,silence,0.14537614583969116,,[],,[],,[],"[0.000, 0.001, 0.001, 0.000, 0.007, 0.005, 0.019, 0.145]"
88,3.52,3.56,silence,0.15787281095981598,,[],,[],,[],"[0.000, 0.000, 0.001, 0.000, 0.007, 0.005, 0.015, 0.158]"
89,3.56,3.6,silence,0.17870467901229858,,[],,[],,[],"[0.000, 0.000, 0.001, 0.000, 0.006, 0.004, 0.012, 0.179]"
90,3.6,3.64,silence,0.20847050845623016,,[],,[],,[],"[0.000, 0.000, 0.001, 0.000, 0.005, 0.004, 0.009, 0.208]"
91,3.64,3.68,silence,0.24786807596683502,,[],,[],,[],"[0.000, 0.000, 0.001, 0.000, 0.004, 0.003, 0.007, 0.248]"
92,3.68,3.72,silence,0.2976542115211487,,[],,[],,[],"[0.000, 0.000, 0.001, 0.000, 0.004, 0.003, 0.005, 0.298]"
93,3.72,3.76,silence,0.3583153188228607,,[],,[],,[],"[0.000, 0.000, 0.001, 0.000, 0.003, 0.002, 0.003, 0.358]"
94,3.76,3.8,silence,0.4290546178817749,,[],,[],,[],"[0.000, 0.000, 0.001, 0.000, 0.002, 0.002, 0.002, 0.429]"
95,3.8,3.84,silence,0.5075450539588928,,[],,[],,[],"[0.000, 0.000, 0.001, 0.000, 0.002, 0.001, 0.001, 0.508]"
96,3.84,3.88,silence,0.5897380113601685,silence,[0.590],,[],,[],"[0.000, 0.000, 0.001, 0.000, 0.001, 0.001, 0.001, 0.590]"
97,3.88,3.92,silence,0.6704691648483276,silence,[0.670],,[],,[],"[0.000, 0.000, 0.000, 0.000, 0.001, 0.001, 0.000, 0.670]"
98,3.92,3.96,silence,0.7444494962692261,silence,[0.744],,[],,[],"[0.000, 0.000, 0.000, 0.000, 0.001, 0.001, 0.000, 0.744]"
99,3.96,4.0,silence,0.8080925345420837,silence,[0.808],,[],,[],"[0.000, 0.000, 0.000, 0.000, 0.000, 0.000, 0.000, 0.808]"
100,4.0,4.04,silence,0.8597398996353149,silence,[0.860],,[],,[],"[0.000, 0.000, 0.000, 0.000, 0.000, 0.000, 0.000, 0.860]"
101,4.04,4.08,silence,0.8997248411178589,silence,[0.900],,[],,[],"[0.000, 0.000, 0.000, 0.000, 0.000, 0.000, 0.000, 0.900]"
102,4.08,4.12,silence,0.9295868873596191,silence,[0.930],,[],,[],"[0.000, 0.000, 0.000, 0.000, 0.000, 0.000, 0.000, 0.930]"
103,4.12,4.16,silence,0.9512764811515808,silence,[0.951],,[],,[],"[0.000, 0.000, 0.000, 0.000, 0.000, 0.000, 0.000, 0.951]"
104,4.16,4.2,silence,0.9666833877563477,silence,[0.967],,[],,[],"[0.000, 0.000, 0.000, 0.000, 0.000, 0.000, 0.000, 0.967]"
105,4.2,4.24,silence,0.9774318933486938,silence,[0.977],,[],,[],"[0.000, 0.000, 0.000, 0.000, 0.000, 0.000, 0.000, 0.977]"
106,4.24,4.28,silence,0.9848100543022156,silence,[0.985],,[],,[],"[0.000, 0.000, 0.000, 0.000, 0.000, 0.000, 0.000, 0.985]"
107,4.28,4.32,silence,0.9898143410682678,silence,[0.990],,[],,[],"[0.000, 0.000, 0.000, 0.000, 0.000, 0.000, 0.000, 0.990]"
108,4.32,4.36,silence,0.9931764006614685,silence,[0.993],,[],,[],"[0.000, 0.000, 0.000, 0.000, 0.000, 0.000, 0.000, 0.993]"
109,4.36,4.4,silence,0.9954232573509216,silence,[0.995],,[],,[],"[0.000, 0.000, 0.000, 0.000, 0.000, 0.000, 0.000, 0.995]"
110,4.4,4.44,silence,0.9969185590744019,silence,[0.997],,[],,[],"[0.000, 0.000, 0.000, 0.000, 0.000, 0.000, 0.000, 0.997]"
111,4.44,4.48,silence,0.9979107975959778,silence,[0.998],,[],,[],"[0.000, 0.000, 0.000, 0.000, 0.000, 0.000, 0.000, 0.998]"
112,4.48,4.52,silence,0.9985671043395996,silence,[0.999],,[],,[],"[0.000, 0.000, 0.000, 0.000, 0.000, 0.000, 0.000, 0.999]"
113,4.52,4.56,silence,0.9990018010139465,silence,[0.999],,[],,[],"[0.000, 0.000, 0.000, 0.000, 0.000, 0.000, 0.000, 0.999]"
114,4.56,4.6,silence,0.9992907047271729,silence,[0.999],,[],,[],"[0.000, 0.000, 0.000, 0.000, 0.000, 0.000, 0.000, 0.999]"
115,4.6,4.64,silence,0.9994840621948242,silence,[0.999],,[],,[],"[0.000, 0.000, 0.000, 0.000, 0.000, 0.000, 0.000, 0.999]"
116,4.64,4.68,silence,0.9996153116226196,silence,[1.000],,[],,[],"[0.000, 0.000, 0.000, 0.000, 0.000, 0.000, 0.000, 1.000]"
117,4.68,4.72,silence,0.9997056126594543,silence,[1.000],,[],,[],"[0.000, 0.000, 0.000, 0.000, 0.000, 0.000, 0.000, 1.000]"
118,4.72,4.76,silence,0.9997683167457581,silence,[1.000],,[],,[],"[0.000, 0.000, 0.000, 0.000, 0.000, 0.000, 0.000, 1.000]"
119,4.76,4.8,silence,0.9998120665550232,silence,[1.000],,[],,[],"[0.000, 0.000, 0.000, 0.000, 0.000, 0.000, 0.000, 1.000]"
120,4.8,4.84,silence,0.9998425245285034,silence,[1.000],,[],,[],"[0.000, 0.000, 0.000, 0.000, 0.000, 0.000, 0.000, 1.000]"
121,4.84,4.88,silence,0.9998639822006226,silence,[1.000],,[],,[],"[0.000, 0.000, 0.000, 0.000, 0.000, 0.000, 0.000, 1.000]"
122,4.88,4.92,silence,0.9998787641525269,silence,[1.000],,[],,[],"[0.000, 0.000, 0.000, 0.000, 0.000, 0.000, 0.000, 1.000]"
123,4.92,4.96,silence,0.99988853931427,silence,[1.000],,[],,[],"[0.000, 0.000, 0.000, 0.000, 0.000, 0.000, 0.000, 1.000]"
124,4.96,5.0,silence,0.9998947381973267,silence,[1.000],,[],,[],"[0.000, 0.000, 0.000, 0.000, 0.000, 0.000, 0.000, 1.000]"
125,5.0,5.04,silence,0.9998981952667236,silence,[1.000],,[],,[],"[0.000, 0.000, 0.000, 0.000, 0.000, 0.000, 0.000, 1.000]"
126,5.04,5.08,silence,0.9998995065689087,silence,[1.000],,[],,[],"[0.000, 0.000, 0.000, 0.000, 0.000, 0.000, 0.000, 1.000]"
127,5.08,5.12,silence,0.9998989105224609,silence,[1.000],,[],,[],"[0.000, 0.000, 0.000, 0.000, 0.000, 0.000, 0.000, 1.000]"
128,5.12,5.16,silence,0.9998966455459595,silence,[1.000],,[],,[],"[0.000, 0.000, 0.000, 0.000, 0.000, 0.000, 0.000, 1.000]"
129,5.16,5.2,silence,0.9998928308486938,silence,[1.000],,[],,[],"[0.000, 0.000, 0.000, 0.000, 0.000, 0.000, 0.000, 1.000]"
130,5.2,5.24,silence,0.9998873472213745,silence,[1.000],,[],,[],"[0.000, 0.000, 0.000, 0.000, 0.000, 0.000, 0.000, 1.000]"
131,5.24,5.28,silence,0.9998799562454224,silence,[1.000],,[],,[],"[0.000, 0.000, 0.000, 0.000, 0.000, 0.000, 0.000, 1.000]"
132,5.28,5.32,silence,0.9998703002929688,silence,[1.000],,[],,[],"[0.000, 0.000, 0.000, 0.000, 0.000, 0.000, 0.000, 1.000]"
133,5.32,5.36,silence,0.9998579025268555,silence,[1.000],,[],,[],"[0.000, 0.000, 0.000, 0.000, 0.000, 0.000, 0.000, 1.000]"
134,5.36,5.4,silence,0.9998421669006348,silence,[1.000],,[],,[],"[0.000, 0.000, 0.000, 0.000, 0.000, 0.000, 0.000, 1.000]"
135,5.4,5.44,silence,0.9998223185539246,silence,[1.000],,[],,[],"[0.000, 0.000, 0.000, 0.000, 0.000, 0.000, 0.000, 1.000]"
136,5.44,5.48,silence,0.9997969269752502,silence,[1.000],,[],,[],"[0.000, 0.000, 0.000, 0.000, 0.000, 0.000, 0.000, 1.000]"
137,5.48,5.52,silence,0.9997650980949402,silence,[1.000],,[],,[],"[0.000, 0.000, 0.000, 0.000, 0.000, 0.000, 0.000, 1.000]"
138,5.52,5.56,silence,0.9997249245643616,silence,[1.000],,[],,[],"[0.000, 0.000, 0.000, 0.000, 0.000, 0.000, 0.000, 1.000]"
139,5.56,5.6,silence,0.999674916267395,silence,[1.000],,[],,[],"[0.000, 0.000, 0.000, 0.000, 0.000, 0.000, 0.000, 1.000]"
140,5.6,5.64,silence,0.9996122717857361,silence,[1.000],,[],,[],"[0.000, 0.000, 0.000, 0.000, 0.000, 0.000, 0.000, 1.000]"
141,5.64,5.68,silence,0.9995331764221191,silence,[1.000],,[],,[],"[0.000, 0.000, 0.000, 0.000, 0.000, 0.000, 0.000, 1.000]"
142,5.68,5.72,silence,0.9994325041770935,silence,[0.999],,[],,[],"[0.000, 0.000, 0.000, 0.000, 0.000, 0.000, 0.000, 0.999]"
143,5.72,5.76,silence,0.9993038177490234,silence,[0.999],,[],,[],"[0.000, 0.000, 0.000, 0.000, 0.000, 0.000, 0.000, 0.999]"
144,5.76,5.8,silence,0.9991393089294434,silence,[0.999],,[],,[],"[0.000, 0.000, 0.000, 0.000, 0.000, 0.000, 0.000, 0.999]"
145,5.8,5.84,silence,0.9989301562309265,silence,[0.999],,[],,[],"[0.000, 0.000, 0.000, 0.000, 0.000, 0.000, 0.000, 0.999]"
146,5.84,5.88,silence,0.9986662864685059,silence,[0.999],,[],,[],"[0.000, 0.000, 0.000, 0.000, 0.001, 0.000, 0.000, 0.999]"
147,5.88,5.92,silence,0.9983401298522949,silence,[0.998],,[],,[],"[0.000, 0.000, 0.000, 0.000, 0.001, 0.000, 0.000, 0.998]"
148,5.92,5.96,silence,0.9979482293128967,silence,[0.998],,[],,[],"[0.000, 0.000, 0.000, 0.000, 0.001, 0.000, 0.000, 0.998]"
149,5.96,6.0,silence,0.9974935054779053,silence,[0.997],,[],,[],"[0.000, 0.000, 0.000, 0.000, 0.001, 0.000, 0.000, 0.997]"
150,6.0,6.04,silence,0.9969854950904846,silence,[0.997],,[],,[],"[0.000, 0.000, 0.000, 0.000, 0.001, 0.000, 0.000, 0.997]"
151,6.04,6.08,silence,0.9964375495910645,silence,[0.996],,[],,[],"[0.000, 0.000, 0.000, 0.000, 0.001, 0.000, 0.000, 0.996]"
152,6.08,6.12,silence,0.9958676099777222,silence,[0.996],,[],,[],"[0.000, 0.000, 0.000, 0.000, 0.001, 0.000, 0.000, 0.996]"
153,6.12,6.16,silence,0.9953025579452515,silence,[0.995],,[],,[],"[0.000, 0.000, 0.000, 0.000, 0.001, 0.000, 0.000, 0.995]"
154,6.16,6.2,silence,0.9947806000709534,silence,[0.995],,[],,[],"[0.000, 0.000, 0.000, 0.000, 0.001, 0.000, 0.000, 0.995]"
155,6.2,6.24,silence,0.994347870349884,silence,[0.994],,[],,[],"[0.000, 0.000, 0.000, 0.000, 0.001, 0.000, 0.000, 0.994]"
156,6.24,6.28,silence,0.994053065776825,silence,[0.994],,[],,[],"[0.000, 0.000, 0.000, 0.000, 0.001, 0.000, 0.000, 0.994]"
157,6.28,6.32,silence,0.9939458966255188,silence,[0.994],,[],,[],"[0.000, 0.000, 0.000, 0.000, 0.001, 0.000, 0.000, 0.994]"
158,6.32,6.36,silence,0.9940447211265564,silence,[0.994],,[],,[],"[0.000, 0.000, 0.000, 0.000, 0.000, 0.000, 0.000, 0.994]"
159,6.36,6.4,silence,0.994340181350708,silence,[0.994],,[],,[],"[0.000, 0.000, 0.000, 0.000, 0.000, 0.000, 0.000, 0.994]"
160,6.4,6.44,silence,0.9948042035102844,silence,[0.995],,[],,[],"[0.000, 0.000, 0.000, 0.000, 0.000, 0.000, 0.000, 0.995]"
161,6.44,6.48,silence,0.9953868985176086,silence,[0.995],,[],,[],"[0.000, 0.000, 0.000, 0.000, 0.000, 0.000, 0.000, 0.995]"
162,6.48,6.52,silence,0.9960383176803589,silence,[0.996],,[],,[],"[0.000, 0.000, 0.000, 0.000, 0.000, 0.000, 0.000, 0.996]"
163,6.52,6.56,silence,0.9967081546783447,silence,[0.997],,[],,[],"[0.000, 0.000, 0.000, 0.000, 0.000, 0.000, 0.000, 0.997]"
164,6.56,6.6,silence,0.9973517656326294,silence,[0.997],,[],,[],"[0.000, 0.000, 0.000, 0.000, 0.000, 0.000, 0.000, 0.997]"
165,6.6,6.64,silence,0.9979333877563477,silence,[0.998],,[],,[],"[0.000, 0.000, 0.000, 0.000, 0.000, 0.000, 0.000, 0.998]"
166,6.64,6.68,silence,0.9984328150749207,silence,[0.998],,[],,[],"[0.000, 0.000, 0.000, 0.000, 0.000, 0.000, 0.000, 0.998]"
167,6.68,6.72,silence,0.9988452196121216,silence,[0.999],,[],,[],"[0.000, 0.000, 0.000, 0.000, 0.000, 0.000, 0.000, 0.999]"
168,6.72,6.76,silence,0.999173104763031,silence,[0.999],,[],,[],"[0.000, 0.000, 0.000, 0.000, 0.000, 0.000, 0.000, 0.999]"
169,6.76,6.8,silence,0.9994245767593384,silence,[0.999],,[],,[],"[0.000, 0.000, 0.000, 0.000, 0.000, 0.000, 0.000, 0.999]"
170,6.8,6.84,silence,0.9996102452278137,silence,[1.000],,[],,[],"[0.000, 0.000, 0.000, 0.000, 0.000, 0.000, 0.000, 1.000]"
171,6.84,6.88,silence,0.9997424483299255,silence,[1.000],,[],,[],"[0.000, 0.000, 0.000, 0.000, 0.000, 0.000, 0.000, 1.000]"
172,6.88,6.92,silence,0.9998334646224976,silence,[1.000],,[],,[],"[0.000, 0.000, 0.000, 0.000, 0.000, 0.000, 0.000, 1.000]"
173,6.92,6.96,silence,0.9998940229415894,silence,[1.000],,[],,[],"[0.000, 0.000, 0.000, 0.000, 0.000, 0.000, 0.000, 1.000]"
174,6.96,7.0,silence,0.9999333620071411,silence,[1.000],,[],,[],"[0.000, 0.000, 0.000, 0.000, 0.000, 0.000, 0.000, 1.000]"
175,7.0,7.04,silence,0.9999581575393677,silence,[1.000],,[],,[],"[0.000, 0.000, 0.000, 0.000, 0.000, 0.000, 0.000, 1.000]"
176,7.04,7.08,silence,0.9999737739562988,silence,[1.000],,[],,[],"[0.000, 0.000, 0.000, 0.000, 0.000, 0.000, 0.000, 1.000]"
177,7.08,7.12,silence,0.999983549118042,silence,[1.000],,[],,[],"[0.000, 0.000, 0.000, 0.000, 0.000, 0.000, 0.000, 1.000]"
178,7.12,7.16,silence,0.9999896287918091,silence,[1.000],,[],,[],"[0.000, 0.000, 0.000, 0.000, 0.000, 0.000, 0.000, 1.000]"
179,7.16,7.2,silence,0.9999933242797852,silence,[1.000],,[],,[],"[0.000, 0.000, 0.000, 0.000, 0.000, 0.000, 0.000, 1.000]"
180,7.2,7.24,silence,0.9999957084655762,silence,[1.000],,[],,[],"[0.000, 0.000, 0.000, 0.000, 0.000, 0.000, 0.000, 1.000]"
181,7.24,7.28,silence,0.9999971389770508,silence,[1.000],,[],,[],"[0.000, 0.000, 0.000, 0.000, 0.000, 0.000, 0.000, 1.000]"
182,7.28,7.32,silence,0.9999980926513672,silence,[1.000],,[],,[],"[0.000, 0.000, 0.000, 0.000, 0.000, 0.000, 0.000, 1.000]"
183,7.32,7.36,silence,0.9999986886978149,silence,[1.000],,[],,[],"[0.000, 0.000, 0.000, 0.000, 0.000, 0.000, 0.000, 1.000]"
184,7.36,7.4,silence,0.9999990463256836,silence,[1.000],,[],,[],"[0.000, 0.000, 0.000, 0.000, 0.000, 0.000, 0.000, 1.000]"
185,7.4,7.44,silence,0.9999992847442627,silence,[1.000],,[],,[],"[0.000, 0.000, 0.000, 0.000, 0.000, 0.000, 0.000, 1.000]"
186,7.44,7.48,silence,0.9999994039535522,silence,[1.000],,[],,[],"[0.000, 0.000, 0.000, 0.000, 0.000, 0.000, 0.000, 1.000]"
187,7.48,7.52,silence,0.9999995231628418,silence,[1.000],,[],,[],"[0.000, 0.000, 0.000, 0.000, 0.000, 0.000, 0.000, 1.000]"
188,7.52,7.56,silence,0.9999995231628418,silence,[1.000],,[],,[],"[0.000, 0.000, 0.000, 0.000, 0.000, 0.000, 0.000, 1.000]"
189,7.56,7.6,silence,0.9999996423721313,silence,[1.000],,[],,[],"[0.000, 0.000, 0.000, 0.000, 0.000, 0.000, 0.000, 1.000]"
190,7.6,7.64,silence,0.9999996423721313,silence,[1.000],,[],,[],"[0.000, 0.000, 0.000, 0.000, 0.000, 0.000, 0.000, 1.000]"
191,7.64,7.68,silence,0.9999996423721313,silence,[1.000],,[],,[],"[0.000, 0.000, 0.000, 0.000, 0.000, 0.000, 0.000, 1.000]"
192,7.68,7.72,silence,0.9999996423721313,silence,[1.000],,[],,[],"[0.000, 0.000, 0.000, 0.000, 0.000, 0.000, 0.000, 1.000]"
193,7.72,7.76,silence,0.9999996423721313,silence,[1.000],,[],,[],"[0.000, 0.000, 0.000, 0.000, 0.000, 0.000, 0.000, 1.000]"
194,7.76,7.8,silence,0.9999996423721313,silence,[1.000],,[],,[],"[0.000, 0.000, 0.000, 0.000, 0.000, 0.000, 0.000, 1.000]"
195,7.8,7.84,silence,0.9999996423721313,silence,[1.000],,[],,[],"[0.000, 0.000, 0.000, 0.000, 0.000, 0.000, 0.000, 1.000]"
196,7.84,7.88,silence,0.9999996423721313,silence,[1.000],,[],,[],"[0.000, 0.000, 0.000, 0.000, 0.000, 0.000, 0.000, 1.000]"
197,7.88,7.92,silence,0.9999996423721313,silence,[1.000],,[],,[],"[0.000, 0.000, 0.000, 0.000, 0.000, 0.000, 0.000, 1.000]"
198,7.92,7.96,silence,0.9999996423721313,silence,[1.000],,[],,[],"[0.000, 0.000, 0.000, 0.000, 0.000, 0.000, 0.000, 1.000]"
199,7.96,8.0,silence,0.9999995231628418,silence,[1.000],,[],,[],"[0.000, 0.000, 0.000, 0.000, 0.000, 0.000, 0.000, 1.000]"
200,8.0,8.04,silence,0.9999995231628418,silence,[1.000],,[],,[],"[0.000, 0.000, 0.000, 0.000, 0.000, 0.000, 0.000, 1.000]"
201,8.04,8.08,silence,0.9999995231628418,silence,[1.000],,[],,[],"[0.000, 0.000, 0.000, 0.000, 0.000, 0.000, 0.000, 1.000]"
202,8.08,8.12,silence,0.9999994039535522,silence,[1.000],,[],,[],"[0.000, 0.000, 0.000, 0.000, 0.000, 0.000, 0.000, 1.000]"
203,8.12,8.16,silence,0.9999994039535522,silence,[1.000],,[],,[],"[0.000, 0.000, 0.000, 0.000, 0.000, 0.000, 0.000, 1.000]"
204,8.16,8.2,silence,0.9999994039535522,silence,[1.000],,[],,[],"[0.000, 0.000, 0.000, 0.000, 0.000, 0.000, 0.000, 1.000]"
205,8.2,8.24,silence,0.9999994039535522,silence,[1.000],,[],,[],"[0.000, 0.000, 0.000, 0.000, 0.000, 0.000, 0.000, 1.000]"
206,8.24,8.28,silence,0.9999992847442627,silence,[1.000],,[],,[],"[0.000, 0.000, 0.000, 0.000, 0.000, 0.000, 0.000, 1.000]"
207,8.28,8.32,silence,0.9999992847442627,silence,[1.000],,[],,[],"[0.000, 0.000, 0.000, 0.000, 0.000, 0.000, 0.000, 1.000]"
208,8.32,8.36,silence,0.9999992847442627,silence,[1.000],,[],,[],"[0.000, 0.000, 0.000, 0.000, 0.000, 0.000, 0.000, 1.000]"
209,8.36,8.4,silence,0.9999991655349731,silence,[1.000],,[],,[],"[0.000, 0.000, 0.000, 0.000, 0.000, 0.000, 0.000, 1.000]"
210,8.4,8.44,silence,0.9999991655349731,silence,[1.000],,[],,[],"[0.000, 0.000, 0.000, 0.000, 0.000, 0.000, 0.000, 1.000]"
211,8.44,8.48,silence,0.9999990463256836,silence,[1.000],,[],,[],"[0.000, 0.000, 0.000, 0.000, 0.000, 0.000, 0.000, 1.000]"
212,8.48,8.52,silence,0.9999990463256836,silence,[1.000],,[],,[],"[0.000, 0.000, 0.000, 0.000, 0.000, 0.000, 0.000, 1.000]"
213,8.52,8.56,silence,0.999998927116394,silence,[1.000],,[],,[],"[0.000, 0.000, 0.000, 0.000, 0.000, 0.000, 0.000, 1.000]"
214,8.56,8.6,silence,0.9999988079071045,silence,[1.000],,[],,[],"[0.000, 0.000, 0.000, 0.000, 0.000, 0.000, 0.000, 1.000]"
215,8.6,8.64,silence,0.9999986886978149,silence,[1.000],,[],,[],"[0.000, 0.000, 0.000, 0.000, 0.000, 0.000, 0.000, 1.000]"
216,8.64,8.68,silence,0.9999984502792358,silence,[1.000],,[],,[],"[0.000, 0.000, 0.000, 0.000, 0.000, 0.000, 0.000, 1.000]"
217,8.68,8.72,silence,0.9999983310699463,silence,[1.000],,[],,[],"[0.000, 0.000, 0.000, 0.000, 0.000, 0.000, 0.000, 1.000]"
218,8.72,8.76,silence,0.9999980926513672,silence,[1.000],,[],,[],"[0.000, 0.000, 0.000, 0.000, 0.000, 0.000, 0.000, 1.000]"
219,8.76,8.8,silence,0.9999977350234985,silence,[1.000],,[],,[],"[0.000, 0.000, 0.000, 0.000, 0.000, 0.000, 0.000, 1.000]"
220,8.8,8.84,silence,0.9999972581863403,silence,[1.000],,[],,[],"[0.000, 0.000, 0.000, 0.000, 0.000, 0.000, 0.000, 1.000]"
221,8.84,8.88,silence,0.9999966621398926,silence,[1.000],,[],,[],"[0.000, 0.000, 0.000, 0.000, 0.000, 0.000, 0.000, 1.000]"
222,8.88,8.92,silence,0.9999957084655762,silence,[1.000],,[],,[],"[0.000, 0.000, 0.000, 0.000, 0.000, 0.000, 0.000, 1.000]"
223,8.92,8.96,silence,0.9999945163726807,silence,[1.000],,[],,[],"[0.000, 0.000, 0.000, 0.000, 0.000, 0.000, 0.000, 1.000]"
224,8.96,9.0,silence,0.9999927282333374,silence,[1.000],,[],,[],"[0.000, 0.000, 0.000, 0.000, 0.000, 0.000, 0.000, 1.000]"
225,9.0,9.04,silence,0.9999899864196777,silence,[1.000],,[],,[],"[0.000, 0.000, 0.000, 0.000, 0.000, 0.000, 0.000, 1.000]"
226,9.04,9.08,silence,0.999985933303833,silence,[1.000],,[],,[],"[0.000, 0.000, 0.000, 0.000, 0.000, 0.000, 0.000, 1.000]"
227,9.08,9.12,silence,0.9999794960021973,silence,[1.000],,[],,[],"[0.000, 0.000, 0.000, 0.000, 0.000, 0.000, 0.000, 1.000]"
228,9.12,9.16,silence,0.9999688863754272,silence,[1.000],,[],,[],"[0.000, 0.000, 0.000, 0.000, 0.000, 0.000, 0.000, 1.000]"
229,9.16,9.2,silence,0.9999512434005737,silence,[1.000],,[],,[],"[0.000, 0.000, 0.000, 0.000, 0.000, 0.000, 0.000, 1.000]"
230,9.2,9.24,silence,0.9999209642410278,silence,[1.000],,[],,[],"[0.000, 0.000, 0.000, 0.000, 0.000, 0.000, 0.000, 1.000]"
231,9.24,9.28,silence,0.9998675584793091,silence,[1.000],,[],,[],"[0.000, 0.000, 0.000, 0.000, 0.000, 0.000, 0.000, 1.000]"
232,9.28,9.32,silence,0.9997724890708923,silence,[1.000],,[],,[],"[0.000, 0.000, 0.000, 0.000, 0.000, 0.000, 0.000, 1.000]"
233,9.32,9.36,silence,0.9996011853218079,silence,[1.000],,[],,[],"[0.000, 0.000, 0.000, 0.000, 0.000, 0.000, 0.000, 1.000]"
234,9.36,9.4,silence,0.9992918968200684,silence,[0.999],,[],,[],"[0.000, 0.000, 0.000, 0.000, 0.000, 0.000, 0.000, 0.999]"
235,9.4,9.44,silence,0.9987351298332214,silence,[0.999],,[],,[],"[0.000, 0.000, 0.000, 0.000, 0.001, 0.000, 0.000, 0.999]"
236,9.44,9.48,silence,0.9977401494979858,silence,[0.998],,[],,[],"[0.000, 0.000, 0.000, 0.000, 0.001, 0.000, 0.000, 0.998]"
237,9.48,9.52,silence,0.9959814548492432,silence,[0.996],,[],,[],"[0.000, 0.000, 0.000, 0.000, 0.002, 0.000, 0.000, 0.996]"
238,9.52,9.56,silence,0.9929078817367554,silence,[0.993],,[],,[],"[0.000, 0.000, 0.000, 0.000, 0.003, 0.000, 0.000, 0.993]"
239,9.56,9.6,silence,0.9876393675804138,silence,[0.988],,[],,[],"[0.000, 0.000, 0.000, 0.000, 0.004, 0.000, 0.000, 0.988]"
240,9.6,9.64,silence,0.9788190126419067,silence,[0.979],,[],,[],"[0.000, 0.000, 0.000, 0.000, 0.005, 0.000, 0.000, 0.979]"
241,9.64,9.68,silence,0.9645602703094482,silence,[0.965],,[],,[],"[0.000, 0.000, 0.000, 0.000, 0.008, 0.000, 0.000, 0.965]"
242,9.68,9.72,silence,0.9425379037857056,silence,[0.943],,[],,[],"[0.000, 0.000, 0.000, 0.000, 0.010, 0.000, 0.000, 0.943]"
243,9.72,9.76,silence,0.9103947877883911,silence,[0.910],,[],,[],"[0.000, 0.000, 0.000, 0.000, 0.014, 0.000, 0.000, 0.910]"
244,9.76,9.8,silence,0.8664999008178711,silence,[0.866],,[],,[],"[0.000, 0.000, 0.000, 0.000, 0.018, 0.000, 0.000, 0.866]"
245,9.8,9.84,silence,0.8108312487602234,silence,[0.811],,[],,[],"[0.000, 0.000, 0.000, 0.000, 0.022, 0.000, 0.000, 0.811]"
246,9.84,9.88,silence,0.745610237121582,silence,[0.746],,[],,[],"[0.000, 0.000, 0.000, 0.000, 0.027, 0.000, 0.000, 0.746]"
247,9.88,9.92,silence,0.6753211617469788,silence,[0.675],,[],,[],"[0.000, 0.000, 0.000, 0.000, 0.031, 0.000, 0.000, 0.675]"
248,9.92,9.96,silence,0.6050119400024414,silence,[0.605],,[],,[],"[0.000, 0.000, 0.000, 0.000, 0.035, 0.000, 0.000, 0.605]"
249,9.96,10.0,silence,0.5395986437797546,silence,[0.540],,[],,[],"[0.000, 0.000, 0.000, 0.000, 0.039, 0.000, 0.000, 0.540]"
250,10.0,10.04,silence,0.48222386837005615,silence,[0.482],,[],,[],"[0.000, 0.000, 0.000, 0.000, 0.041, 0.000, 0.000, 0.482]"
251,10.04,10.08,silence,0.43460163474082947,,[],,[],,[],"[0.000, 0.000, 0.000, 0.000, 0.043, 0.000, 0.000, 0.435]"
252,10.08,10.12,silence,0.39738729596138,,[],,[],,[],"[0.000, 0.000, 0.000, 0.000, 0.044, 0.000, 0.000, 0.397]"
253,10.12,10.16,silence,0.3705730736255646,,[],,[],,[],"[0.000, 0.000, 0.000, 0.000, 0.044, 0.000, 0.000, 0.371]"
254,10.16,10.2,silence,0.3537285625934601,,[],,[],,[],"[0.000, 0.000, 0.000, 0.000, 0.043, 0.000, 0.000, 0.354]"
255,10.2,10.24,silence,0.34639695286750793,,[],,[],,[],"[0.000, 0.000, 0.000, 0.000, 0.042, 0.000, 0.000, 0.346]"
256,10.24,10.28,silence,0.34853142499923706,,[],,[],,[],"[0.000, 0.000, 0.000, 0.000, 0.040, 0.000, 0.000, 0.349]"
257,10.28,10.32,silence,0.3603713810443878,,[],,[],,[],"[0.000, 0.000, 0.000, 0.000, 0.038, 0.000, 0.000, 0.360]"
258,10.32,10.36,silence,0.382453978061676,,[],,[],,[],"[0.000, 0.000, 0.000, 0.000, 0.035, 0.000, 0.000, 0.382]"
259,10.36,10.4,silence,0.4151436984539032,,[],,[],,[],"[0.000, 0.000, 0.000, 0.000, 0.032, 0.000, 0.000, 0.415]"
260,10.4,10.44,silence,0.4589408040046692,,[],,[],,[],"[0.000, 0.000, 0.000, 0.000, 0.028, 0.000, 0.000, 0.459]"
261,10.44,10.48,silence,0.5140771865844727,,[],,[],,[],"[0.000, 0.000, 0.000, 0.000, 0.025, 0.000, 0.000, 0.514]"
262,10.48,10.52,silence,0.578475832939148,silence,[0.578],,[],,[],"[0.000, 0.000, 0.000, 0.000, 0.022, 0.000, 0.000, 0.578]"
263,10.52,10.56,silence,0.6477986574172974,silence,[0.648],,[],,[],"[0.000, 0.000, 0.000, 0.000, 0.019, 0.000, 0.000, 0.648]"
264,10.56,10.6,silence,0.7162052392959595,silence,[0.716],,[],,[],"[0.000, 0.000, 0.000, 0.000, 0.016, 0.000, 0.000, 0.716]"
265,10.6,10.64,silence,0.7786214351654053,silence,[0.779],,[],,[],"[0.000, 0.000, 0.000, 0.000, 0.014, 0.000, 0.000, 0.779]"
266,10.64,10.68,silence,0.8318305015563965,silence,[0.832],,[],,[],"[0.000, 0.000, 0.000, 0.000, 0.011, 0.000, 0.000, 0.832]"
267,10.68,10.72,silence,0.8748067617416382,silence,[0.875],,[],,[],"[0.000, 0.000, 0.000, 0.000, 0.009, 0.000, 0.000, 0.875]"
268,10.72,10.76,silence,0.9079254269599915,silence,[0.908],,[],,[],"[0.000, 0.000, 0.000, 0.000, 0.008, 0.000, 0.000, 0.908]"
269,10.76,10.8,silence,0.932621955871582,silence,[0.933],,[],,[],"[0.000, 0.000, 0.000, 0.000, 0.006, 0.000, 0.000, 0.933]"
270,10.8,10.84,silence,0.9505268931388855,silence,[0.951],,[],,[],"[0.000, 0.000, 0.000, 0.000, 0.005, 0.000, 0.000, 0.951]"
271,10.84,10.88,silence,0.9632587432861328,silence,[0.963],,[],,[],"[0.000, 0.000, 0.000, 0.000, 0.004, 0.000, 0.000, 0.963]"
272,10.88,10.92,silence,0.9722399711608887,silence,[0.972],,[],,[],"[0.000, 0.000, 0.000, 0.000, 0.003, 0.000, 0.000, 0.972]"
273,10.92,10.96,silence,0.9785422086715698,silence,[0.979],,[],,[],"[0.000, 0.000, 0.000, 0.000, 0.002, 0.000, 0.000, 0.979]"
274,10.96,11.0,silence,0.9829634428024292,silence,[0.983],,[],,[],"[0.000, 0.000, 0.000, 0.000, 0.002, 0.000, 0.000, 0.983]"
275,11.0,11.04,silence,0.9860782623291016,silence,[0.986],,[],,[],"[0.000, 0.000, 0.000, 0.000, 0.001, 0.000, 0.000, 0.986]"
276,11.04,11.08,silence,0.9882752895355225,silence,[0.988],,[],,[],"[0.000, 0.000, 0.000, 0.000, 0.001, 0.000, 0.000, 0.988]"
277,11.08,11.12,silence,0.9898272752761841,silence,[0.990],,[],,[],"[0.000, 0.000, 0.000, 0.000, 0.001, 0.000, 0.000, 0.990]"
278,11.12,11.16,silence,0.9909136295318604,silence,[0.991],,[],,[],"[0.000, 0.000, 0.000, 0.000, 0.001, 0.000, 0.000, 0.991]"
279,11.16,11.2,silence,0.9916465878486633,silence,[0.992],,[],,[],"[0.000, 0.000, 0.000, 0.000, 0.001, 0.000, 0.000, 0.992]"
280,11.2,11.24,silence,0.9921221137046814,silence,[0.992],,[],,[],"[0.000, 0.000, 0.000, 0.000, 0.000, 0.000, 0.000, 0.992]"
281,11.24,11.28,silence,0.9923956394195557,silence,[0.992],,[],,[],"[0.000, 0.000, 0.000, 0.000, 0.000, 0.000, 0.000, 0.992]"
282,11.28,11.32,silence,0.9924956560134888,silence,[0.992],,[],,[],"[0.000, 0.000, 0.000, 0.000, 0.000, 0.000, 0.000, 0.992]"
283,11.32,11.36,silence,0.9924311637878418,silence,[0.992],,[],,[],"[0.000, 0.000, 0.000, 0.000, 0.000, 0.000, 0.000, 0.992]"
284,11.36,11.4,silence,0.9921962022781372,silence,[0.992],,[],,[],"[0.000, 0.000, 0.000, 0.000, 0.000, 0.000, 0.000, 0.992]"
285,11.4,11.44,silence,0.9917984008789062,silence,[0.992],,[],,[],"[0.000, 0.000, 0.000, 0.000, 0.000, 0.000, 0.000, 0.992]"
286,11.44,11.48,silence,0.9912228584289551,silence,[0.991],,[],,[],"[0.000, 0.000, 0.000, 0.000, 0.000, 0.000, 0.000, 0.991]"
287,11.48,11.52,silence,0.9904568791389465,silence,[0.990],,[],,[],"[0.000, 0.000, 0.000, 0.000, 0.000, 0.000, 0.000, 0.990]"
288,11.52,11.56,silence,0.9894876480102539,silence,[0.989],,[],,[],"[0.000, 0.000, 0.000, 0.000, 0.000, 0.000, 0.000, 0.989]"
289,11.56,11.6,silence,0.9882910847663879,silence,[0.988],,[],,[],"[0.000, 0.000, 0.000, 0.000, 0.000, 0.000, 0.000, 0.988]"
290,11.6,11.64,silence,0.9868262410163879,silence,[0.987],,[],,[],"[0.000, 0.000, 0.000, 0.000, 0.000, 0.000, 0.000, 0.987]"
291,11.64,11.68,silence,0.9850338101387024,silence,[0.985],,[],,[],"[0.000, 0.000, 0.000, 0.000, 0.000, 0.000, 0.000, 0.985]"
292,11.68,11.72,silence,0.9828689098358154,silence,[0.983],,[],,[],"[0.000, 0.000, 0.000, 0.000, 0.000, 0.000, 0.000, 0.983]"
293,11.72,11.76,silence,0.9802999496459961,silence,[0.980],,[],,[],"[0.000, 0.000, 0.000, 0.000, 0.000, 0.000, 0.000, 0.980]"
294,11.76,11.8,silence,0.9772896766662598,silence,[0.977],,[],,[],"[0.000, 0.000, 0.000, 0.000, 0.000, 0.000, 0.000, 0.977]"
295,11.8,11.84,silence,0.9737880825996399,silence,[0.974],,[],,[],"[0.000, 0.000, 0.000, 0.000, 0.000, 0.000, 0.000, 0.974]"
296,11.84,11.88,silence,0.969739556312561,silence,[0.970],,[],,[],"[0.000, 0.000, 0.000, 0.000, 0.000, 0.000, 0.000, 0.970]"
297,11.88,11.92,silence,0.9650376439094543,silence,[0.965],,[],,[],"[0.000, 0.000, 0.000, 0.000, 0.000, 0.000, 0.000, 0.965]"
298,11.92,11.96,silence,0.9594901204109192,silence,[0.959],,[],,[],"[0.000, 0.000, 0.000, 0.000, 0.000, 0.000, 0.000, 0.959]"
299,11.96,12.0,silence,0.9528136849403381,silence,[0.953],,[],,[],"[0.000, 0.000, 0.000, 0.000, 0.000, 0.000, 0.000, 0.953]"
300,12.0,12.04,silence,0.9447838068008423,silence,[0.945],,[],,[],"[0.000, 0.000, 0.000, 0.000, 0.000, 0.000, 0.000, 0.945]"
301,12.04,12.08,silence,0.9352225661277771,silence,[0.935],,[],,[],"[0.000, 0.000, 0.000, 0.000, 0.000, 0.000, 0.000, 0.935]"
302,12.08,12.12,silence,0.9238499999046326,silence,[0.924],,[],,[],"[0.000, 0.000, 0.000, 0.000, 0.000, 0.000, 0.000, 0.924]"
303,12.12,12.16,silence,0.9102605581283569,silence,[0.910],,[],,[],"[0.000, 0.000, 0.000, 0.000, 0.000, 0.000, 0.000, 0.910]"
304,12.16,12.2,silence,0.8939303159713745,silence,[0.894],,[],,[],"[0.000, 0.000, 0.000, 0.000, 0.000, 0.000, 0.001, 0.894]"
305,12.2,12.24,silence,0.874312698841095,silence,[0.874],,[],,[],"[0.000, 0.000, 0.000, 0.000, 0.000, 0.000, 0.001, 0.874]"
306,12.24,12.28,silence,0.8509091734886169,silence,[0.851],,[],,[],"[0.000, 0.000, 0.000, 0.000, 0.000, 0.000, 0.002, 0.851]"
307,12.28,12.32,silence,0.8233942985534668,silence,[0.823],,[],,[],"[0.000, 0.000, 0.000, 0.000, 0.000, 0.000, 0.003, 0.823]"
308,12.32,12.36,silence,0.7915471792221069,silence,[0.792],,[],,[],"[0.000, 0.000, 0.000, 0.000, 0.000, 0.000, 0.005, 0.792]"
309,12.36,12.4,silence,0.7550902962684631,silence,[0.755],,[],,[],"[0.000, 0.000, 0.000, 0.000, 0.000, 0.000, 0.007, 0.755]"
310,12.4,12.44,silence,0.7136087417602539,silence,[0.714],,[],,[],"[0.000, 0.000, 0.000, 0.000, 0.000, 0.000, 0.009, 0.714]"
311,12.44,12.48,silence,0.6665011644363403,silence,[0.667],,[],,[],"[0.000, 0.000, 0.000, 0.000, 0.000, 0.000, 0.012, 0.667]"
312,12.48,12.52,silence,0.6142041683197021,silence,[0.614],,[],,[],"[0.000, 0.000, 0.000, 0.000, 0.000, 0.000, 0.016, 0.614]"
313,12.52,12.56,silence,0.5581285357475281,silence,[0.558],,[],,[],"[0.000, 0.000, 0.000, 0.000, 0.000, 0.000, 0.019, 0.558]"
314,12.56,12.6,silence,0.5004817843437195,silence,[0.500],,[],,[],"[0.000, 0.000, 0.000, 0.000, 0.000, 0.000, 0.021, 0.500]"
315,12.6,12.64,silence,0.44334936141967773,,[],,[],,[],"[0.000, 0.000, 0.000, 0.000, 0.001, 0.000, 0.023, 0.443]"
316,12.64,12.68,silence,0.388882577419281,,[],,[],,[],"[0.000, 0.000, 0.000, 0.000, 0.001, 0.000, 0.023, 0.389]"
317,12.68,12.72,silence,0.33850574493408203,,[],,[],,[],"[0.000, 0.000, 0.000, 0.000, 0.002, 0.000, 0.022, 0.339]"
318,12.72,12.76,silence,0.2933865487575531,,[],,[],,[],"[0.000, 0.000, 0.000, 0.000, 0.003, 0.000, 0.021, 0.293]"
319,12.76,12.8,silence,0.25399911403656006,,[],,[],,[],"[0.000, 0.000, 0.000, 0.000, 0.005, 0.000, 0.018, 0.254]"
320,12.8,12.84,silence,0.22058607637882233,,[],,[],,[],"[0.000, 0.000, 0.000, 0.000, 0.007, 0.000, 0.016, 0.221]"
321,12.84,12.88,silence,0.19325542449951172,,[],,[],,[],"[0.000, 0.000, 0.000, 0.000, 0.011, 0.000, 0.013, 0.193]"
322,12.88,12.92,silence,0.1716398149728775,,[],,[],,[],"[0.000, 0.000, 0.000, 0.000, 0.016, 0.000, 0.010, 0.172]"
323,12.92,12.96,silence,0.15539276599884033,,[],,[],,[],"[0.000, 0.000, 0.000, 0.000, 0.023, 0.000, 0.007, 0.155]"
324,12.96,13.0,silence,0.14404919743537903,,[],,[],,[],"[0.000, 0.000, 0.000, 0.000, 0.031, 0.000, 0.005, 0.144]"
325,13.0,13.04,silence,0.13706699013710022,,[],,[],,[],"[0.000, 0.000, 0.000, 0.000, 0.041, 0.000, 0.003, 0.137]"
326,13.04,13.08,silence,0.1339602768421173,,[],,[],,[],"[0.000, 0.000, 0.000, 0.000, 0.051, 0.000, 0.002, 0.134]"
327,13.08,13.12,silence,0.1344035118818283,,[],,[],,[],"[0.000, 0.000, 0.000, 0.000, 0.060, 0.000, 0.001, 0.134]"
328,13.12,13.16,silence,0.13829638063907623,,[],,[],,[],"[0.000, 0.000, 0.000, 0.000, 0.068, 0.000, 0.001, 0.138]"
329,13.16,13.2,silence,0.14583389461040497,,[],,[],,[],"[0.000, 0.000, 0.000, 0.000, 0.073, 0.000, 0.000, 0.146]"
330,13.2,13.24,silence,0.15702547132968903,,[],,[],,[],"[0.000, 0.000, 0.000, 0.000, 0.075, 0.000, 0.000, 0.157]"
331,13.24,13.28,silence,0.1720406711101532,,[],,[],,[],"[0.000, 0.000, 0.000, 0.000, 0.074, 0.000, 0.000, 0.172]"
332,13.28,13.32,silence,0.1912207454442978,,[],,[],,[],"[0.000, 0.000, 0.000, 0.000, 0.071, 0.000, 0.000, 0.191]"
333,13.32,13.36,silence,0.2149754762649536,,[],,[],,[],"[0.000, 0.000, 0.000, 0.000, 0.065, 0.000, 0.000, 0.215]"
334,13.36,13.4,silence,0.2433980256319046,,[],,[],,[],"[0.000, 0.000, 0.000, 0.000, 0.059, 0.000, 0.000, 0.243]"
335,13.4,13.44,silence,0.2757837176322937,,[],,[],,[],"[0.000, 0.000, 0.000, 0.000, 0.051, 0.000, 0.000, 0.276]"
336,13.44,13.48,silence,0.311128169298172,,[],,[],,[],"[0.000, 0.000, 0.000, 0.000, 0.043, 0.000, 0.000, 0.311]"
337,13.48,13.52,silence,0.34759843349456787,,[],,[],,[],"[0.000, 0.000, 0.000, 0.000, 0.036, 0.000, 0.000, 0.348]"
338,13.52,13.56,silence,0.382906973361969,,[],,[],,[],"[0.000, 0.000, 0.000, 0.000, 0.029, 0.000, 0.000, 0.383]"
339,13.56,13.6,silence,0.41487622261047363,,[],,[],,[],"[0.000, 0.000, 0.000, 0.000, 0.023, 0.000, 0.000, 0.415]"
340,13.6,13.64,silence,0.44155001640319824,,[],,[],,[],"[0.000, 0.000, 0.000, 0.000, 0.017, 0.000, 0.000, 0.442]"
341,13.64,13.68,silence,0.46139830350875854,,[],,[],,[],"[0.000, 0.000, 0.000, 0.000, 0.013, 0.000, 0.000, 0.461]"
342,13.68,13.72,silence,0.47330084443092346,,[],,[],,[],"[0.000, 0.000, 0.000, 0.000, 0.010, 0.000, 0.000, 0.473]"
343,13.72,13.76,silence,0.4762837290763855,,[],,[],,[],"[0.000, 0.000, 0.000, 0.000, 0.008, 0.000, 0.000, 0.476]"
344,13.76,13.8,silence,0.47015953063964844,,[],,[],,[],"[0.000, 0.000, 0.000, 0.000, 0.006, 0.000, 0.000, 0.470]"
345,13.8,13.84,silence,0.4551023244857788,,[],,[],,[],"[0.000, 0.000, 0.000, 0.000, 0.005, 0.000, 0.000, 0.455]"
346,13.84,13.88,silence,0.431877464056015,,[],,[],,[],"[0.000, 0.000, 0.000, 0.000, 0.003, 0.000, 0.000, 0.432]"
347,13.88,13.92,silence,0.40141651034355164,,[],,[],,[],"[0.000, 0.000, 0.000, 0.000, 0.003, 0.000, 0.000, 0.401]"
348,13.92,13.96,silence,0.36514440178871155,,[],,[],,[],"[0.000, 0.000, 0.000, 0.000, 0.002, 0.000, 0.000, 0.365]"
349,13.96,14.0,silence,0.32473665475845337,,[],,[],,[],"[0.000, 0.000, 0.000, 0.000, 0.002, 0.000, 0.000, 0.325]"
350,14.0,14.04,silence,0.2819758951663971,,[],,[],,[],"[0.000, 0.000, 0.000, 0.000, 0.001, 0.000, 0.000, 0.282]"
351,14.04,14.08,silence,0.23874877393245697,,[],,[],,[],"[0.000, 0.000, 0.000, 0.000, 0.001, 0.000, 0.000, 0.239]"
352,14.08,14.12,silence,0.19730013608932495,,[],,[],,[],"[0.000, 0.000, 0.000, 0.000, 0.001, 0.000, 0.000, 0.197]"
353,14.12,14.16,silence,0.1594344675540924,,[],,[],,[],"[0.000, 0.000, 0.000, 0.000, 0.001, 0.000, 0.000, 0.159]"
354,14.16,14.2,silence,0.12642771005630493,,[],,[],,[],"[0.000, 0.000, 0.000, 0.000, 0.001, 0.000, 0.000, 0.126]"
355,14.2,14.24,silence,0.09883443266153336,,[],,[],,[],"[0.000, 0.000, 0.000, 0.000, 0.001, 0.000, 0.000, 0.099]"
356,14.24,14.28,silence,0.07648351043462753,,[],,[],,[],"[0.000, 0.000, 0.000, 0.000, 0.000, 0.000, 0.000, 0.076]"
357,14.28,14.32,silence,0.058850858360528946,,[],,[],,[],"[0.000, 0.000, 0.000, 0.000, 0.000, 0.000, 0.000, 0.059]"
358,14.32,14.36,silence,0.04518933221697807,,[],,[],,[],"[0.000, 0.000, 0.000, 0.000, 0.000, 0.000, 0.000, 0.045]"
359,14.36,14.4,silence,0.03475434333086014,,[],,[],,[],"[0.000, 0.000, 0.000, 0.000, 0.000, 0.000, 0.000, 0.035]"
360,14.4,14.44,silence,0.026881659403443336,,[],,[],,[],"[0.000, 0.000, 0.000, 0.000, 0.000, 0.000, 0.000, 0.027]"
361,14.44,14.48,silence,0.020993657410144806,,[],,[],,[],"[0.000, 0.000, 0.000, 0.000, 0.000, 0.000, 0.000, 0.021]"
362,14.48,14.52,silence,0.016616107895970345,,[],,[],,[],"[0.000, 0.000, 0.000, 0.000, 0.000, 0.000, 0.000, 0.017]"
363,14.52,14.56,silence,0.01337489765137434,,[],,[],,[],"[0.000, 0.000, 0.000, 0.000, 0.000, 0.000, 0.000, 0.013]"
364,14.56,14.6,silence,0.01098492182791233,,[],,[],,[],"[0.000, 0.000, 0.000, 0.000, 0.000, 0.000, 0.000, 0.011]"
365,14.6,14.64,silence,0.009246566332876682,,[],,[],,[],"[0.000, 0.000, 0.000, 0.000, 0.000, 0.000, 0.000, 0.009]"
366,14.64,14.68,silence,0.00799501407891512,,[],,[],,[],"[0.000, 0.000, 0.000, 0.000, 0.000, 0.000, 0.000, 0.008]"
367,14.68,14.72,silence,0.007115840911865234,,[],,[],,[],"[0.000, 0.000, 0.000, 0.000, 0.000, 0.000, 0.000, 0.007]"
368,14.72,14.76,silence,0.006526618730276823,,[],,[],,[],"[0.000, 0.000, 0.000, 0.000, 0.001, 0.000, 0.000, 0.007]"
369,14.76,14.8,silence,0.006175406277179718,,[],,[],,[],"[0.000, 0.000, 0.000, 0.000, 0.001, 0.000, 0.000, 0.006]"
370,14.8,14.84,silence,0.0060234530828893185,,[],,[],,[],"[0.000, 0.000, 0.000, 0.000, 0.001, 0.000, 0.000, 0.006]"
371,14.84,14.88,silence,0.006036620121449232,,[],,[],,[],"[0.000, 0.000, 0.000, 0.000, 0.001, 0.000, 0.000, 0.006]"
372,14.88,14.92,silence,0.006197093985974789,,[],,[],,[],"[0.000, 0.000, 0.000, 0.000, 0.001, 0.000, 0.000, 0.006]"
373,14.92,14.96,silence,0.006496641784906387,,[],,[],,[],"[0.000, 0.000, 0.000, 0.000, 0.002, 0.000, 0.000, 0.006]"
374,14.96,15.0,silence,0.0069364276714622974,,[],,[],,[],"[0.000, 0.000, 0.000, 0.000, 0.002, 0.000, 0.000, 0.007]"
375,15.0,15.04,silence,0.007522932253777981,,[],,[],,[],"[0.000, 0.000, 0.000, 0.000, 0.003, 0.000, 0.000, 0.008]"
376,15.04,15.08,silence,0.008271574974060059,,[],,[],,[],"[0.000, 0.000, 0.000, 0.000, 0.004, 0.000, 0.000, 0.008]"
377,15.08,15.12,silence,0.009198655374348164,,[],,[],,[],"[0.000, 0.000, 0.000, 0.000, 0.005, 0.000, 0.000, 0.009]"
378,15.12,15.16,silence,0.010317966341972351,,[],,[],,[],"[0.000, 0.000, 0.000, 0.000, 0.007, 0.000, 0.000, 0.010]"
379,15.16,15.2,silence,0.011641149409115314,,[],,[],,[],"[0.000, 0.000, 0.000, 0.000, 0.009, 0.000, 0.000, 0.012]"
380,15.2,15.24,silence,0.013174442574381828,,[],,[],,[],"[0.000, 0.000, 0.000, 0.000, 0.013, 0.000, 0.000, 0.013]"
381,15.24,15.28,silence,0.01491942722350359,,[],,[],,[],"[0.000, 0.000, 0.000, 0.000, 0.018, 0.000, 0.000, 0.015]"
382,15.28,15.32,silence,0.01685624197125435,,[],,[],,[],"[0.000, 0.000, 0.000, 0.000, 0.025, 0.000, 0.000, 0.017]"
383,15.32,15.36,silence,0.018952054902911186,,[],,[],,[],"[0.000, 0.000, 0.000, 0.000, 0.035, 0.000, 0.000, 0.019]"
384,15.36,15.4,silence,0.02119814045727253,,[],,[],,[],"[0.000, 0.000, 0.000, 0.000, 0.049, 0.000, 0.000, 0.021]"
385,15.4,15.44,silence,0.023601774126291275,,[],,[],,[],"[0.000, 0.000, 0.000, 0.000, 0.066, 0.000, 0.000, 0.024]"
386,15.44,15.48,silence,0.02620364911854267,,[],,[],,[],"[0.000, 0.000, 0.000, 0.000, 0.088, 0.000, 0.000, 0.026]"
387,15.48,15.52,silence,0.029094863682985306,,[],,[],,[],"[0.000, 0.000, 0.000, 0.000, 0.115, 0.000, 0.000, 0.029]"
388,15.52,15.56,silence,0.03239752724766731,,[],,[],,[],"[0.000, 0.000, 0.000, 0.000, 0.148, 0.000, 0.000, 0.032]"
389,15.56,15.6,silence,0.03622480109333992,,[],,[],,[],"[0.000, 0.000, 0.000, 0.000, 0.185, 0.000, 0.000, 0.036]"
390,15.6,15.64,silence,0.04072316363453865,,[],,[],,[],"[0.000, 0.000, 0.000, 0.000, 0.225, 0.000, 0.000, 0.041]"
391,15.64,15.68,silence,0.04604518041014671,,[],,[],,[],"[0.000, 0.000, 0.000, 0.000, 0.266, 0.000, 0.000, 0.046]"
392,15.68,15.72,silence,0.05234979838132858,,[],,[],,[],"[0.000, 0.000, 0.000, 0.000, 0.306, 0.000, 0.000, 0.052]"
393,15.72,15.76,silence,0.05983797460794449,,[],,[],,[],"[0.000, 0.000, 0.000, 0.000, 0.342, 0.000, 0.000, 0.060]"
394,15.76,15.8,silence,0.06868951767683029,,[],,[],,[],"[0.000, 0.000, 0.000, 0.000, 0.372, 0.000, 0.000, 0.069]"
395,15.8,15.84,silence,0.07903888076543808,,[],,[],,[],"[0.000, 0.000, 0.000, 0.000, 0.396, 0.000, 0.000, 0.079]"
396,15.84,15.88,silence,0.09100040793418884,,[],,[],,[],"[0.000, 0.000, 0.000, 0.000, 0.412, 0.001, 0.000, 0.091]"
397,15.88,15.92,silence,0.10486166924238205,,[],,[],,[],"[0.000, 0.000, 0.000, 0.000, 0.420, 0.001, 0.000, 0.105]"
398,15.92,15.96,silence,0.12079787999391556,,[],,[],,[],"[0.000, 0.000, 0.000, 0.000, 0.418, 0.001, 0.000, 0.121]"
399,15.96,16.0,silence,0.13897481560707092,,[],,[],,[],"[0.000, 0.000, 0.000, 0.000, 0.406, 0.001, 0.000, 0.139]"
400,16.0,16.04,silence,0.1596173793077469,,[],,[],,[],"[0.000, 0.000, 0.000, 0.000, 0.384, 0.001, 0.000, 0.160]"
401,16.04,16.08,silence,0.1828344315290451,,[],,[],,[],"[0.000, 0.000, 0.000, 0.000, 0.353, 0.001, 0.000, 0.183]"
402,16.08,16.12,silence,0.2082606703042984,,[],,[],,[],"[0.000, 0.000, 0.000, 0.000, 0.313, 0.001, 0.000, 0.208]"
403,16.12,16.16,silence,0.23550748825073242,,[],,[],,[],"[0.000, 0.000, 0.000, 0.000, 0.267, 0.001, 0.000, 0.236]"
404,16.16,16.2,silence,0.2640760540962219,,[],,[],,[],"[0.000, 0.000, 0.000, 0.000, 0.219, 0.001, 0.000, 0.264]"
405,16.2,16.24,silence,0.2933676242828369,,[],,[],,[],"[0.000, 0.000, 0.000, 0.000, 0.172, 0.001, 0.000, 0.293]"
406,16.24,16.28,silence,0.32276102900505066,,[],,[],,[],"[0.000, 0.000, 0.000, 0.000, 0.129, 0.001, 0.000, 0.323]"
407,16.28,16.32,silence,0.3517245352268219,,[],,[],,[],"[0.000, 0.000, 0.000, 0.000, 0.092, 0.001, 0.000, 0.352]"
408,16.32,16.36,silence,0.38116732239723206,,[],,[],,[],"[0.000, 0.000, 0.000, 0.000, 0.062, 0.001, 0.000, 0.381]"
409,16.36,16.4,silence,0.4137125313282013,,[],,[],,[],"[0.000, 0.000, 0.000, 0.000, 0.039, 0.000, 0.000, 0.414]"
410,16.4,16.44,silence,0.4521690607070923,,[],,[],,[],"[0.000, 0.000, 0.000, 0.000, 0.023, 0.000, 0.000, 0.452]"
411,16.44,16.48,silence,0.49969273805618286,,[],,[],,[],"[0.000, 0.000, 0.000, 0.000, 0.013, 0.000, 0.000, 0.500]"
412,16.48,16.52,silence,0.5590452551841736,silence,[0.559],,[],,[],"[0.000, 0.000, 0.000, 0.000, 0.006, 0.000, 0.000, 0.559]"
413,16.52,16.56,silence,0.6306849718093872,silence,[0.631],,[],,[],"[0.000, 0.000, 0.000, 0.000, 0.003, 0.000, 0.000, 0.631]"
414,16.56,16.6,silence,0.7112311124801636,silence,[0.711],,[],,[],"[0.000, 0.000, 0.000, 0.000, 0.001, 0.000, 0.000, 0.711]"
415,16.6,16.64,silence,0.7929410934448242,silence,[0.793],,[],,[],"[0.000, 0.000, 0.000, 0.000, 0.000, 0.000, 0.000, 0.793]"
416,16.64,16.68,silence,0.8657370209693909,silence,[0.866],,[],,[],"[0.000, 0.000, 0.000, 0.000, 0.000, 0.000, 0.000, 0.866]"
417,16.68,16.72,silence,0.9217103719711304,silence,[0.922],,[],,[],"[0.000, 0.000, 0.000, 0.000, 0.000, 0.000, 0.000, 0.922]"
418,16.72,16.76,silence,0.9588227868080139,silence,[0.959],,[],,[],"[0.000, 0.000, 0.000, 0.000, 0.000, 0.000, 0.000, 0.959]"
419,16.76,16.8,silence,0.9803697466850281,silence,[0.980],,[],,[],"[0.000, 0.000, 0.000, 0.000, 0.000, 0.000, 0.000, 0.980]"
420,16.8,16.84,silence,0.9914836287498474,silence,[0.991],,[],,[],"[0.000, 0.000, 0.000, 0.000, 0.000, 0.000, 0.000, 0.991]"
421,16.84,16.88,silence,0.9966216087341309,silence,[0.997],,[],,[],"[0.000, 0.000, 0.000, 0.000, 0.000, 0.000, 0.000, 0.997]"
422,16.88,16.92,silence,0.9987671375274658,silence,[0.999],,[],,[],"[0.000, 0.000, 0.000, 0.000, 0.000, 0.000, 0.000, 0.999]"
423,16.92,16.96,silence,0.9995844960212708,silence,[1.000],,[],,[],"[0.000, 0.000, 0.000, 0.000, 0.000, 0.000, 0.000, 1.000]"
424,16.96,17.0,silence,0.9998695850372314,silence,[1.000],,[],,[],"[0.000, 0.000, 0.000, 0.000, 0.000, 0.000, 0.000, 1.000]"
425,17.0,17.04,silence,0.9999616146087646,silence,[1.000],,[],,[],"[0.000, 0.000, 0.000, 0.000, 0.000, 0.000, 0.000, 1.000]"
426,17.04,17.08,silence,0.9999892711639404,silence,[1.000],,[],,[],"[0.000, 0.000, 0.000, 0.000, 0.000, 0.000, 0.000, 1.000]"
427,17.08,17.12,silence,0.9999972581863403,silence,[1.000],,[],,[],"[0.000, 0.000, 0.000, 0.000, 0.000, 0.000, 0.000, 1.000]"
428,17.12,17.16,silence,0.9999992847442627,silence,[1.000],,[],,[],"[0.000, 0.000, 0.000, 0.000, 0.000, 0.000, 0.000, 1.000]"
429,17.16,17.2,silence,0.9999998807907104,silence,[1.000],,[],,[],"[0.000, 0.000, 0.000, 0.000, 0.000, 0.000, 0.000, 1.000]"
430,17.2,17.24,silence,1.0,silence,[1.000],,[],,[],"[0.000, 0.000, 0.000, 0.000, 0.000, 0.000, 0.000, 1.000]"
431,17.24,17.28,silence,1.0,silence,[1.000],,[],,[],"[0.000, 0.000, 0.000, 0.000, 0.000, 0.000, 0.000, 1.000]"
432,17.28,17.32,silence,1.0,silence,[1.000],,[],,[],"[0.000, 0.000, 0.000, 0.000, 0.000, 0.000, 0.000, 1.000]"
433,17.32,17.36,silence,1.0,silence,[1.000],,[],,[],"[0.000, 0.000, 0.000, 0.000, 0.000, 0.000, 0.000, 1.000]"
434,17.36,17.4,silence,1.0,silence,[1.000],,[],,[],"[0.000, 0.000, 0.000, 0.000, 0.000, 0.000, 0.000, 1.000]"
435,17.4,17.44,silence,1.0,silence,[1.000],,[],,[],"[0.000, 0.000, 0.000, 0.000, 0.000, 0.000, 0.000, 1.000]"
436,17.44,17.48,silence,1.0,silence,[1.000],,[],,[],"[0.000, 0.000, 0.000, 0.000, 0.000, 0.000, 0.000, 1.000]"
437,17.48,17.52,silence,1.0,silence,[1.000],,[],,[],"[0.000, 0.000, 0.000, 0.000, 0.000, 0.000, 0.000, 1.000]"
438,17.52,17.56,silence,1.0,silence,[1.000],,[],,[],"[0.000, 0.000, 0.000, 0.000, 0.000, 0.000, 0.000, 1.000]"
439,17.56,17.6,silence,1.0,silence,[1.000],,[],,[],"[0.000, 0.000, 0.000, 0.000, 0.000, 0.000, 0.000, 1.000]"
440,17.6,17.64,silence,1.0,silence,[1.000],,[],,[],"[0.000, 0.000, 0.000, 0.000, 0.000, 0.000, 0.000, 1.000]"
441,17.64,17.68,silence,1.0,silence,[1.000],,[],,[],"[0.000, 0.000, 0.000, 0.000, 0.000, 0.000, 0.000, 1.000]"
442,17.68,17.72,silence,1.0,silence,[1.000],,[],,[],"[0.000, 0.000, 0.000, 0.000, 0.000, 0.000, 0.000, 1.000]"
443,17.72,17.76,silence,1.0,silence,[1.000],,[],,[],"[0.000, 0.000, 0.000, 0.000, 0.000, 0.000, 0.000, 1.000]"
444,17.76,17.8,silence,1.0,silence,[1.000],,[],,[],"[0.000, 0.000, 0.000, 0.000, 0.000, 0.000, 0.000, 1.000]"
445,17.8,17.84,silence,1.0,silence,[1.000],,[],,[],"[0.000, 0.000, 0.000, 0.000, 0.000, 0.000, 0.000, 1.000]"
446,17.84,17.88,silence,1.0,silence,[1.000],,[],,[],"[0.000, 0.000, 0.000, 0.000, 0.000, 0.000, 0.000, 1.000]"
447,17.88,17.92,silence,1.0,silence,[1.000],,[],,[],"[0.000, 0.000, 0.000, 0.000, 0.000, 0.000, 0.000, 1.000]"
448,17.92,17.96,silence,1.0,silence,[1.000],,[],,[],"[0.000, 0.000, 0.000, 0.000, 0.000, 0.000, 0.000, 1.000]"
449,17.96,18.0,silence,1.0,silence,[1.000],,[],,[],"[0.000, 0.000, 0.000, 0.000, 0.000, 0.000, 0.000, 1.000]"
450,18.0,18.04,silence,1.0,silence,[1.000],,[],,[],"[0.000, 0.000, 0.000, 0.000, 0.000, 0.000, 0.000, 1.000]"
451,18.04,18.08,silence,1.0,silence,[1.000],,[],,[],"[0.000, 0.000, 0.000, 0.000, 0.000, 0.000, 0.000, 1.000]"
452,18.08,18.12,silence,1.0,silence,[1.000],,[],,[],"[0.000, 0.000, 0.000, 0.000, 0.000, 0.000, 0.000, 1.000]"
453,18.12,18.16,silence,1.0,silence,[1.000],,[],,[],"[0.000, 0.000, 0.000, 0.000, 0.000, 0.000, 0.000, 1.000]"
454,18.16,18.2,silence,1.0,silence,[1.000],,[],,[],"[0.000, 0.000, 0.000, 0.000, 0.000, 0.000, 0.000, 1.000]"
455,18.2,18.24,silence,1.0,silence,[1.000],,[],,[],"[0.000, 0.000, 0.000, 0.000, 0.000, 0.000, 0.000, 1.000]"
456,18.24,18.28,silence,1.0,silence,[1.000],,[],,[],"[0.000, 0.000, 0.000, 0.000, 0.000, 0.000, 0.000, 1.000]"
457,18.28,18.32,silence,1.0,silence,[1.000],,[],,[],"[0.000, 0.000, 0.000, 0.000, 0.000, 0.000, 0.000, 1.000]"
458,18.32,18.36,silence,1.0,silence,[1.000],,[],,[],"[0.000, 0.000, 0.000, 0.000, 0.000, 0.000, 0.000, 1.000]"
459,18.36,18.4,silence,1.0,silence,[1.000],,[],,[],"[0.000, 0.000, 0.000, 0.000, 0.000, 0.000, 0.000, 1.000]"
460,18.4,18.44,silence,1.0,silence,[1.000],,[],,[],"[0.000, 0.000, 0.000, 0.000, 0.000, 0.000, 0.000, 1.000]"
461,18.44,18.48,silence,1.0,silence,[1.000],,[],,[],"[0.000, 0.000, 0.000, 0.000, 0.000, 0.000, 0.000, 1.000]"
462,18.48,18.52,silence,1.0,silence,[1.000],,[],,[],"[0.000, 0.000, 0.000, 0.000, 0.000, 0.000, 0.000, 1.000]"
463,18.52,18.56,silence,1.0,silence,[1.000],,[],,[],"[0.000, 0.000, 0.000, 0.000, 0.000, 0.000, 0.000, 1.000]"
464,18.56,18.6,silence,1.0,silence,[1.000],,[],,[],"[0.000, 0.000, 0.000, 0.000, 0.000, 0.000, 0.000, 1.000]"
465,18.6,18.64,silence,1.0,silence,[1.000],,[],,[],"[0.000, 0.000, 0.000, 0.000, 0.000, 0.000, 0.000, 1.000]"
466,18.64,18.68,silence,1.0,silence,[1.000],,[],,[],"[0.000, 0.000, 0.000, 0.000, 0.000, 0.000, 0.000, 1.000]"
467,18.68,18.72,silence,1.0,silence,[1.000],,[],,[],"[0.000, 0.000, 0.000, 0.000, 0.000, 0.000, 0.000, 1.000]"
468,18.72,18.76,silence,1.0,silence,[1.000],,[],,[],"[0.000, 0.000, 0.000, 0.000, 0.000, 0.000, 0.000, 1.000]"
469,18.76,18.8,silence,1.0,silence,[1.000],,[],,[],"[0.000, 0.000, 0.000, 0.000, 0.000, 0.000, 0.000, 1.000]"
470,18.8,18.84,silence,1.0,silence,[1.000],,[],,[],"[0.000, 0.000, 0.000, 0.000, 0.000, 0.000, 0.000, 1.000]"
471,18.84,18.88,silence,1.0,silence,[1.000],,[],,[],"[0.000, 0.000, 0.000, 0.000, 0.000, 0.000, 0.000, 1.000]"
472,18.88,18.92,silence,1.0,silence,[1.000],,[],,[],"[0.000, 0.000, 0.000, 0.000, 0.000, 0.000, 0.000, 1.000]"
473,18.92,18.96,silence,1.0,silence,[1.000],,[],,[],"[0.000, 0.000, 0.000, 0.000, 0.000, 0.000, 0.000, 1.000]"
474,18.96,19.0,silence,1.0,silence,[1.000],,[],,[],"[0.000, 0.000, 0.000, 0.000, 0.000, 0.000, 0.000, 1.000]"
475,19.0,19.04,silence,1.0,silence,[1.000],,[],,[],"[0.000, 0.000, 0.000, 0.000, 0.000, 0.000, 0.000, 1.000]"
476,19.04,19.08,silence,1.0,silence,[1.000],,[],,[],"[0.000, 0.000, 0.000, 0.000, 0.000, 0.000, 0.000, 1.000]"
477,19.08,19.12,silence,1.0,silence,[1.000],,[],,[],"[0.000, 0.000, 0.000, 0.000, 0.000, 0.000, 0.000, 1.000]"
478,19.12,19.16,silence,1.0,silence,[1.000],,[],,[],"[0.000, 0.000, 0.000, 0.000, 0.000, 0.000, 0.000, 1.000]"
479,19.16,19.2,silence,1.0,silence,[1.000],,[],,[],"[0.000, 0.000, 0.000, 0.000, 0.000, 0.000, 0.000, 1.000]"
480,19.2,19.24,silence,1.0,silence,[1.000],,[],,[],"[0.000, 0.000, 0.000, 0.000, 0.000, 0.000, 0.000, 1.000]"
481,19.24,19.28,silence,1.0,silence,[1.000],,[],,[],"[0.000, 0.000, 0.000, 0.000, 0.000, 0.000, 0.000, 1.000]"
482,19.28,19.32,silence,0.9999998807907104,silence,[1.000],,[],,[],"[0.000, 0.000, 0.000, 0.000, 0.000, 0.000, 0.000, 1.000]"
483,19.32,19.36,silence,0.9999997615814209,silence,[1.000],,[],,[],"[0.000, 0.000, 0.000, 0.000, 0.000, 0.000, 0.000, 1.000]"
484,19.36,19.4,silence,0.9999990463256836,silence,[1.000],,[],,[],"[0.000, 0.000, 0.000, 0.000, 0.000, 0.000, 0.000, 1.000]"
485,19.4,19.44,silence,0.9999967813491821,silence,[1.000],,[],,[],"[0.000, 0.000, 0.000, 0.000, 0.000, 0.000, 0.000, 1.000]"
486,19.44,19.48,silence,0.9999901056289673,silence,[1.000],,[],,[],"[0.000, 0.000, 0.000, 0.000, 0.000, 0.000, 0.000, 1.000]"
487,19.48,19.52,silence,0.9999725818634033,silence,[1.000],,[],,[],"[0.000, 0.000, 0.000, 0.000, 0.000, 0.000, 0.000, 1.000]"
488,19.52,19.56,silence,0.9999300241470337,silence,[1.000],,[],,[],"[0.000, 0.000, 0.000, 0.000, 0.000, 0.000, 0.000, 1.000]"
489,19.56,19.6,silence,0.9998351335525513,silence,[1.000],,[],,[],"[0.000, 0.000, 0.000, 0.000, 0.000, 0.000, 0.000, 1.000]"
490,19.6,19.64,silence,0.9996412992477417,silence,[1.000],,[],,[],"[0.000, 0.000, 0.000, 0.000, 0.001, 0.000, 0.000, 1.000]"
491,19.64,19.68,silence,0.9992790818214417,silence,[0.999],,[],,[],"[0.000, 0.000, 0.000, 0.000, 0.001, 0.000, 0.000, 0.999]"
492,19.68,19.72,silence,0.9986566305160522,silence,[0.999],,[],,[],"[0.000, 0.000, 0.000, 0.000, 0.001, 0.000, 0.000, 0.999]"
493,19.72,19.76,silence,0.9976781010627747,silence,[0.998],,[],,[],"[0.000, 0.000, 0.000, 0.000, 0.001, 0.000, 0.000, 0.998]"
494,19.76,19.8,silence,0.996283233165741,silence,[0.996],,[],,[],"[0.000, 0.000, 0.000, 0.000, 0.001, 0.000, 0.000, 0.996]"
495,19.8,19.84,silence,0.9945003986358643,silence,[0.995],,[],,[],"[0.000, 0.000, 0.000, 0.000, 0.001, 0.000, 0.000, 0.995]"
496,19.84,19.88,silence,0.9924628734588623,silence,[0.992],,[],,[],"[0.000, 0.000, 0.000, 0.000, 0.001, 0.000, 0.000, 0.992]"
497,19.88,19.92,silence,0.9904145002365112,silence,[0.990],,[],,[],"[0.000, 0.000, 0.000, 0.000, 0.001, 0.000, 0.000, 0.990]"
498,19.92,19.96,silence,0.9886608123779297,silence,[0.989],,[],,[],"[0.000, 0.000, 0.000, 0.000, 0.001, 0.000, 0.000, 0.989]"
499,19.96,20.0,silence,0.9874935746192932,silence,[0.987],,[],,[],"[0.000, 0.000, 0.000, 0.000, 0.001, 0.000, 0.000, 0.987]"
500,20.0,20.04,silence,0.9870794415473938,silence,[0.987],,[],,[],"[0.000, 0.000, 0.000, 0.000, 0.001, 0.000, 0.000, 0.987]"
501,20.04,20.08,silence,0.9874514937400818,silence,[0.987],,[],,[],"[0.000, 0.000, 0.000, 0.000, 0.000, 0.000, 0.000, 0.987]"
502,20.08,20.12,silence,0.9884573817253113,silence,[0.988],,[],,[],"[0.000, 0.000, 0.000, 0.000, 0.000, 0.000, 0.000, 0.988]"
503,20.12,20.16,silence,0.9898774027824402,silence,[0.990],,[],,[],"[0.000, 0.000, 0.000, 0.000, 0.000, 0.000, 0.000, 0.990]"
504,20.16,20.2,silence,0.9914686679840088,silence,[0.991],,[],,[],"[0.000, 0.000, 0.000, 0.000, 0.000, 0.000, 0.000, 0.991]"
505,20.2,20.24,silence,0.9930617213249207,silence,[0.993],,[],,[],"[0.000, 0.000, 0.000, 0.000, 0.000, 0.000, 0.000, 0.993]"
506,20.24,20.28,silence,0.9945490956306458,silence,[0.995],,[],,[],"[0.000, 0.000, 0.000, 0.000, 0.000, 0.000, 0.000, 0.995]"
507,20.28,20.32,silence,0.9958531856536865,silence,[0.996],,[],,[],"[0.000, 0.000, 0.000, 0.000, 0.000, 0.000, 0.000, 0.996]"
508,20.32,20.36,silence,0.9969385862350464,silence,[0.997],,[],,[],"[0.000, 0.000, 0.000, 0.000, 0.000, 0.000, 0.000, 0.997]"
509,20.36,20.4,silence,0.9978033900260925,silence,[0.998],,[],,[],"[0.000, 0.000, 0.000, 0.000, 0.000, 0.000, 0.000, 0.998]"
510,20.4,20.44,silence,0.9984655380249023,silence,[0.998],,[],,[],"[0.000, 0.000, 0.000, 0.000, 0.000, 0.000, 0.000, 0.998]"
511,20.44,20.48,silence,0.99895179271698,silence,[0.999],,[],,[],"[0.000, 0.000, 0.000, 0.000, 0.000, 0.000, 0.000, 0.999]"
512,20.48,20.52,silence,0.9992960691452026,silence,[0.999],,[],,[],"[0.000, 0.000, 0.000, 0.000, 0.000, 0.000, 0.000, 0.999]"
513,20.52,20.56,silence,0.9995335340499878,silence,[1.000],,[],,[],"[0.000, 0.000, 0.000, 0.000, 0.000, 0.000, 0.000, 1.000]"
514,20.56,20.6,silence,0.9996942281723022,silence,[1.000],,[],,[],"[0.000, 0.000, 0.000, 0.000, 0.000, 0.000, 0.000, 1.000]"
515,20.6,20.64,silence,0.9998008608818054,silence,[1.000],,[],,[],"[0.000, 0.000, 0.000, 0.000, 0.000, 0.000, 0.000, 1.000]"
516,20.64,20.68,silence,0.999870777130127,silence,[1.000],,[],,[],"[0.000, 0.000, 0.000, 0.000, 0.000, 0.000, 0.000, 1.000]"
517,20.68,20.72,silence,0.9999161958694458,silence,[1.000],,[],,[],"[0.000, 0.000, 0.000, 0.000, 0.000, 0.000, 0.000, 1.000]"
518,20.72,20.76,silence,0.9999456405639648,silence,[1.000],,[],,[],"[0.000, 0.000, 0.000, 0.000, 0.000, 0.000, 0.000, 1.000]"
519,20.76,20.8,silence,0.999964714050293,silence,[1.000],,[],,[],"[0.000, 0.000, 0.000, 0.000, 0.000, 0.000, 0.000, 1.000]"
520,20.8,20.84,silence,0.9999769926071167,silence,[1.000],,[],,[],"[0.000, 0.000, 0.000, 0.000, 0.000, 0.000, 0.000, 1.000]"
521,20.84,20.88,silence,0.999984860420227,silence,[1.000],,[],,[],"[0.000, 0.000, 0.000, 0.000, 0.000, 0.000, 0.000, 1.000]"
522,20.88,20.92,silence,0.9999901056289673,silence,[1.000],,[],,[],"[0.000, 0.000, 0.000, 0.000, 0.000, 0.000, 0.000, 1.000]"
523,20.92,20.96,silence,0.9999934434890747,silence,[1.000],,[],,[],"[0.000, 0.000, 0.000, 0.000, 0.000, 0.000, 0.000, 1.000]"
524,20.96,21.0,silence,0.9999955892562866,silence,[1.000],,[],,[],"[0.000, 0.000, 0.000, 0.000, 0.000, 0.000, 0.000, 1.000]"
525,21.0,21.04,silence,0.9999970197677612,silence,[1.000],,[],,[],"[0.000, 0.000, 0.000, 0.000, 0.000, 0.000, 0.000, 1.000]"
526,21.04,21.08,silence,0.9999978542327881,silence,[1.000],,[],,[],"[0.000, 0.000, 0.000, 0.000, 0.000, 0.000, 0.000, 1.000]"
527,21.08,21.12,silence,0.9999985694885254,silence,[1.000],,[],,[],"[0.000, 0.000, 0.000, 0.000, 0.000, 0.000, 0.000, 1.000]"
528,21.12,21.16,silence,0.999998927116394,silence,[1.000],,[],,[],"[0.000, 0.000, 0.000, 0.000, 0.000, 0.000, 0.000, 1.000]"
529,21.16,21.2,silence,0.9999991655349731,silence,[1.000],,[],,[],"[0.000, 0.000, 0.000, 0.000, 0.000, 0.000, 0.000, 1.000]"
530,21.2,21.24,silence,0.9999994039535522,silence,[1.000],,[],,[],"[0.000, 0.000, 0.000, 0.000, 0.000, 0.000, 0.000, 1.000]"
531,21.24,21.28,silence,0.9999995231628418,silence,[1.000],,[],,[],"[0.000, 0.000, 0.000, 0.000, 0.000, 0.000, 0.000, 1.000]"
532,21.28,21.32,silence,0.9999996423721313,silence,[1.000],,[],,[],"[0.000, 0.000, 0.000, 0.000, 0.000, 0.000, 0.000, 1.000]"
533,21.32,21.36,silence,0.9999997615814209,silence,[1.000],,[],,[],"[0.000, 0.000, 0.000, 0.000, 0.000, 0.000, 0.000, 1.000]"
534,21.36,21.4,silence,0.9999997615814209,silence,[1.000],,[],,[],"[0.000, 0.000, 0.000, 0.000, 0.000, 0.000, 0.000, 1.000]"
535,21.4,21.44,silence,0.9999998807907104,silence,[1.000],,[],,[],"[0.000, 0.000, 0.000, 0.000, 0.000, 0.000, 0.000, 1.000]"
536,21.44,21.48,silence,0.9999998807907104,silence,[1.000],,[],,[],"[0.000, 0.000, 0.000, 0.000, 0.000, 0.000, 0.000, 1.000]"
537,21.48,21.52,silence,0.9999998807907104,silence,[1.000],,[],,[],"[0.000, 0.000, 0.000, 0.000, 0.000, 0.000, 0.000, 1.000]"
538,21.52,21.56,silence,1.0,silence,[1.000],,[],,[],"[0.000, 0.000, 0.000, 0.000, 0.000, 0.000, 0.000, 1.000]"
539,21.56,21.6,silence,1.0,silence,[1.000],,[],,[],"[0.000, 0.000, 0.000, 0.000, 0.000, 0.000, 0.000, 1.000]"
540,21.6,21.64,silence,1.0,silence,[1.000],,[],,[],"[0.000, 0.000, 0.000, 0.000, 0.000, 0.000, 0.000, 1.000]"
541,21.64,21.68,silence,1.0,silence,[1.000],,[],,[],"[0.000, 0.000, 0.000, 0.000, 0.000, 0.000, 0.000, 1.000]"
542,21.68,21.72,silence,1.0,silence,[1.000],,[],,[],"[0.000, 0.000, 0.000, 0.000, 0.000, 0.000, 0.000, 1.000]"
543,21.72,21.76,silence,1.0,silence,[1.000],,[],,[],"[0.000, 0.000, 0.000, 0.000, 0.000, 0.000, 0.000, 1.000]"
544,21.76,21.8,silence,1.0,silence,[1.000],,[],,[],"[0.000, 0.000, 0.000, 0.000, 0.000, 0.000, 0.000, 1.000]"
545,21.8,21.84,silence,1.0,silence,[1.000],,[],,[],"[0.000, 0.000, 0.000, 0.000, 0.000, 0.000, 0.000, 1.000]"
546,21.84,21.88,silence,1.0,silence,[1.000],,[],,[],"[0.000, 0.000, 0.000, 0.000, 0.000, 0.000, 0.000, 1.000]"
547,21.88,21.92,silence,1.0,silence,[1.000],,[],,[],"[0.000, 0.000, 0.000, 0.000, 0.000, 0.000, 0.000, 1.000]"
548,21.92,21.96,silence,1.0,silence,[1.000],,[],,[],"[0.000, 0.000, 0.000, 0.000, 0.000, 0.000, 0.000, 1.000]"
549,21.96,22.0,silence,1.0,silence,[1.000],,[],,[],"[0.000, 0.000, 0.000, 0.000, 0.000, 0.000, 0.000, 1.000]"
550,22.0,22.04,silence,1.0,silence,[1.000],,[],,[],"[0.000, 0.000, 0.000, 0.000, 0.000, 0.000, 0.000, 1.000]"
551,22.04,22.08,silence,1.0,silence,[1.000],,[],,[],"[0.000, 0.000, 0.000, 0.000, 0.000, 0.000, 0.000, 1.000]"
552,22.08,22.12,silence,1.0,silence,[1.000],,[],,[],"[0.000, 0.000, 0.000, 0.000, 0.000, 0.000, 0.000, 1.000]"
553,22.12,22.16,silence,1.0,silence,[1.000],,[],,[],"[0.000, 0.000, 0.000, 0.000, 0.000, 0.000, 0.000, 1.000]"
554,22.16,22.2,silence,1.0,silence,[1.000],,[],,[],"[0.000, 0.000, 0.000, 0.000, 0.000, 0.000, 0.000, 1.000]"
555,22.2,22.24,silence,1.0,silence,[1.000],,[],,[],"[0.000, 0.000, 0.000, 0.000, 0.000, 0.000, 0.000, 1.000]"
556,22.24,22.28,silence,1.0,silence,[1.000],,[],,[],"[0.000, 0.000, 0.000, 0.000, 0.000, 0.000, 0.000, 1.000]"
557,22.28,22.32,silence,1.0,silence,[1.000],,[],,[],"[0.000, 0.000, 0.000, 0.000, 0.000, 0.000, 0.000, 1.000]"
558,22.32,22.36,silence,1.0,silence,[1.000],,[],,[],"[0.000, 0.000, 0.000, 0.000, 0.000, 0.000, 0.000, 1.000]"
559,22.36,22.4,silence,1.0,silence,[1.000],,[],,[],"[0.000, 0.000, 0.000, 0.000, 0.000, 0.000, 0.000, 1.000]"
560,22.4,22.44,silence,1.0,silence,[1.000],,[],,[],"[0.000, 0.000, 0.000, 0.000, 0.000, 0.000, 0.000, 1.000]"
561,22.44,22.48,silence,1.0,silence,[1.000],,[],,[],"[0.000, 0.000, 0.000, 0.000, 0.000, 0.000, 0.000, 1.000]"
562,22.48,22.52,silence,1.0,silence,[1.000],,[],,[],"[0.000, 0.000, 0.000, 0.000, 0.000, 0.000, 0.000, 1.000]"
563,22.52,22.56,silence,1.0,silence,[1.000],,[],,[],"[0.000, 0.000, 0.000, 0.000, 0.000, 0.000, 0.000, 1.000]"
564,22.56,22.6,silence,1.0,silence,[1.000],,[],,[],"[0.000, 0.000, 0.000, 0.000, 0.000, 0.000, 0.000, 1.000]"
565,22.6,22.64,silence,1.0,silence,[1.000],,[],,[],"[0.000, 0.000, 0.000, 0.000, 0.000, 0.000, 0.000, 1.000]"
566,22.64,22.68,silence,1.0,silence,[1.000],,[],,[],"[0.000, 0.000, 0.000, 0.000, 0.000, 0.000, 0.000, 1.000]"
567,22.68,22.72,silence,1.0,silence,[1.000],,[],,[],"[0.000, 0.000, 0.000, 0.000, 0.000, 0.000, 0.000, 1.000]"
568,22.72,22.76,silence,1.0,silence,[1.000],,[],,[],"[0.000, 0.000, 0.000, 0.000, 0.000, 0.000, 0.000, 1.000]"
569,22.76,22.8,silence,1.0,silence,[1.000],,[],,[],"[0.000, 0.000, 0.000, 0.000, 0.000, 0.000, 0.000, 1.000]"
570,22.8,22.84,silence,1.0,silence,[1.000],,[],,[],"[0.000, 0.000, 0.000, 0.000, 0.000, 0.000, 0.000, 1.000]"
571,22.84,22.88,silence,1.0,silence,[1.000],,[],,[],"[0.000, 0.000, 0.000, 0.000, 0.000, 0.000, 0.000, 1.000]"
572,22.88,22.92,silence,1.0,silence,[1.000],,[],,[],"[0.000, 0.000, 0.000, 0.000, 0.000, 0.000, 0.000, 1.000]"
573,22.92,22.96,silence,1.0,silence,[1.000],,[],,[],"[0.000, 0.000, 0.000, 0.000, 0.000, 0.000, 0.000, 1.000]"
574,22.96,23.0,silence,1.0,silence,[1.000],,[],,[],"[0.000, 0.000, 0.000, 0.000, 0.000, 0.000, 0.000, 1.000]"
575,23.0,23.04,silence,1.0,silence,[1.000],,[],,[],"[0.000, 0.000, 0.000, 0.000, 0.000, 0.000, 0.000, 1.000]"
576,23.04,23.08,silence,1.0,silence,[1.000],,[],,[],"[0.000, 0.000, 0.000, 0.000, 0.000, 0.000, 0.000, 1.000]"
577,23.08,23.12,silence,1.0,silence,[1.000],,[],,[],"[0.000, 0.000, 0.000, 0.000, 0.000, 0.000, 0.000, 1.000]"
578,23.12,23.16,silence,1.0,silence,[1.000],,[],,[],"[0.000, 0.000, 0.000, 0.000, 0.000, 0.000, 0.000, 1.000]"
579,23.16,23.2,silence,1.0,silence,[1.000],,[],,[],"[0.000, 0.000, 0.000, 0.000, 0.000, 0.000, 0.000, 1.000]"
580,23.2,23.24,silence,1.0,silence,[1.000],,[],,[],"[0.000, 0.000, 0.000, 0.000, 0.000, 0.000, 0.000, 1.000]"
581,23.24,23.28,silence,1.0,silence,[1.000],,[],,[],"[0.000, 0.000, 0.000, 0.000, 0.000, 0.000, 0.000, 1.000]"
582,23.28,23.32,silence,1.0,silence,[1.000],,[],,[],"[0.000, 0.000, 0.000, 0.000, 0.000, 0.000, 0.000, 1.000]"
583,23.32,23.36,silence,1.0,silence,[1.000],,[],,[],"[0.000, 0.000, 0.000, 0.000, 0.000, 0.000, 0.000, 1.000]"
584,23.36,23.4,silence,1.0,silence,[1.000],,[],,[],"[0.000, 0.000, 0.000, 0.000, 0.000, 0.000, 0.000, 1.000]"
585,23.4,23.44,silence,1.0,silence,[1.000],,[],,[],"[0.000, 0.000, 0.000, 0.000, 0.000, 0.000, 0.000, 1.000]"
586,23.44,23.48,silence,1.0,silence,[1.000],,[],,[],"[0.000, 0.000, 0.000, 0.000, 0.000, 0.000, 0.000, 1.000]"
587,23.48,23.52,silence,1.0,silence,[1.000],,[],,[],"[0.000, 0.000, 0.000, 0.000, 0.000, 0.000, 0.000, 1.000]"
588,23.52,23.56,silence,1.0,silence,[1.000],,[],,[],"[0.000, 0.000, 0.000, 0.000, 0.000, 0.000, 0.000, 1.000]"
589,23.56,23.6,silence,1.0,silence,[1.000],,[],,[],"[0.000, 0.000, 0.000, 0.000, 0.000, 0.000, 0.000, 1.000]"
590,23.6,23.64,silence,1.0,silence,[1.000],,[],,[],"[0.000, 0.000, 0.000, 0.000, 0.000, 0.000, 0.000, 1.000]"
591,23.64,23.68,silence,1.0,silence,[1.000],,[],,[],"[0.000, 0.000, 0.000, 0.000, 0.000, 0.000, 0.000, 1.000]"
592,23.68,23.72,silence,1.0,silence,[1.000],,[],,[],"[0.000, 0.000, 0.000, 0.000, 0.000, 0.000, 0.000, 1.000]"
593,23.72,23.76,silence,1.0,silence,[1.000],,[],,[],"[0.000, 0.000, 0.000, 0.000, 0.000, 0.000, 0.000, 1.000]"
594,23.76,23.8,silence,1.0,silence,[1.000],,[],,[],"[0.000, 0.000, 0.000, 0.000, 0.000, 0.000, 0.000, 1.000]"
595,23.8,23.84,silence,1.0,silence,[1.000],,[],,[],"[0.000, 0.000, 0.000, 0.000, 0.000, 0.000, 0.000, 1.000]"
596,23.84,23.88,silence,1.0,silence,[1.000],,[],,[],"[0.000, 0.000, 0.000, 0.000, 0.000, 0.000, 0.000, 1.000]"
597,23.88,23.92,silence,1.0,silence,[1.000],,[],,[],"[0.000, 0.000, 0.000, 0.000, 0.000, 0.000, 0.000, 1.000]"
598,23.92,23.96,silence,1.0,silence,[1.000],,[],,[],"[0.000, 0.000, 0.000, 0.000, 0.000, 0.000, 0.000, 1.000]"
599,23.96,24.0,silence,1.0,silence,[1.000],,[],,[],"[0.000, 0.000, 0.000, 0.000, 0.000, 0.000, 0.000, 1.000]"
600,24.0,24.04,silence,1.0,silence,[1.000],,[],,[],"[0.000, 0.000, 0.000, 0.000, 0.000, 0.000, 0.000, 1.000]"
601,24.04,24.08,silence,1.0,silence,[1.000],,[],,[],"[0.000, 0.000, 0.000, 0.000, 0.000, 0.000, 0.000, 1.000]"
602,24.08,24.12,silence,1.0,silence,[1.000],,[],,[],"[0.000, 0.000, 0.000, 0.000, 0.000, 0.000, 0.000, 1.000]"
603,24.12,24.16,silence,1.0,silence,[1.000],,[],,[],"[0.000, 0.000, 0.000, 0.000, 0.000, 0.000, 0.000, 1.000]"
604,24.16,24.2,silence,0.9999998807907104,silence,[1.000],,[],,[],"[0.000, 0.000, 0.000, 0.000, 0.000, 0.000, 0.000, 1.000]"
605,24.2,24.24,silence,0.9999996423721313,silence,[1.000],,[],,[],"[0.000, 0.000, 0.000, 0.000, 0.000, 0.000, 0.000, 1.000]"
606,24.24,24.28,silence,0.9999991655349731,silence,[1.000],,[],,[],"[0.000, 0.000, 0.000, 0.000, 0.000, 0.000, 0.000, 1.000]"
607,24.28,24.32,silence,0.9999980926513672,silence,[1.000],,[],,[],"[0.000, 0.000, 0.000, 0.000, 0.000, 0.000, 0.000, 1.000]"
608,24.32,24.36,silence,0.9999955892562866,silence,[1.000],,[],,[],"[0.000, 0.000, 0.000, 0.000, 0.000, 0.000, 0.000, 1.000]"
609,24.36,24.4,silence,0.9999903440475464,silence,[1.000],,[],,[],"[0.000, 0.000, 0.000, 0.000, 0.000, 0.000, 0.000, 1.000]"
610,24.4,24.44,silence,0.9999802112579346,silence,[1.000],,[],,[],"[0.000, 0.000, 0.000, 0.000, 0.000, 0.000, 0.000, 1.000]"
611,24.44,24.48,silence,0.9999613761901855,silence,[1.000],,[],,[],"[0.000, 0.000, 0.000, 0.000, 0.000, 0.000, 0.000, 1.000]"
612,24.48,24.52,silence,0.9999285936355591,silence,[1.000],,[],,[],"[0.000, 0.000, 0.000, 0.000, 0.000, 0.000, 0.000, 1.000]"
613,24.52,24.56,silence,0.9998756647109985,silence,[1.000],,[],,[],"[0.000, 0.000, 0.000, 0.000, 0.000, 0.000, 0.000, 1.000]"
614,24.56,24.6,silence,0.9997958540916443,silence,[1.000],,[],,[],"[0.000, 0.000, 0.000, 0.000, 0.000, 0.000, 0.000, 1.000]"
615,24.6,24.64,silence,0.9996848106384277,silence,[1.000],,[],,[],"[0.000, 0.000, 0.000, 0.000, 0.000, 0.000, 0.000, 1.000]"
616,24.64,24.68,silence,0.9995428323745728,silence,[1.000],,[],,[],"[0.000, 0.000, 0.000, 0.000, 0.000, 0.000, 0.000, 1.000]"
617,24.68,24.72,silence,0.9993773102760315,silence,[0.999],,[],,[],"[0.000, 0.000, 0.000, 0.000, 0.000, 0.000, 0.000, 0.999]"
618,24.72,24.76,silence,0.9992045760154724,silence,[0.999],,[],,[],"[0.000, 0.000, 0.000, 0.000, 0.000, 0.000, 0.000, 0.999]"
619,24.76,24.8,silence,0.9990484118461609,silence,[0.999],,[],,[],"[0.000, 0.000, 0.000, 0.000, 0.000, 0.000, 0.000, 0.999]"
620,24.8,24.84,silence,0.9989357590675354,silence,[0.999],,[],,[],"[0.000, 0.000, 0.000, 0.000, 0.000, 0.000, 0.000, 0.999]"
621,24.84,24.88,silence,0.9988864064216614,silence,[0.999],,[],,[],"[0.000, 0.000, 0.000, 0.000, 0.000, 0.000, 0.000, 0.999]"
622,24.88,24.92,silence,0.9989051818847656,silence,[0.999],,[],,[],"[0.000, 0.000, 0.000, 0.000, 0.000, 0.000, 0.000, 0.999]"
623,24.92,24.96,silence,0.9989842772483826,silence,[0.999],,[],,[],"[0.000, 0.000, 0.000, 0.000, 0.000, 0.000, 0.000, 0.999]"
624,24.96,25.0,silence,0.9991061091423035,silence,[0.999],,[],,[],"[0.000, 0.000, 0.000, 0.000, 0.000, 0.000, 0.000, 0.999]"
625,25.0,25.04,silence,0.9992474317550659,silence,[0.999],,[],,[],"[0.000, 0.000, 0.000, 0.000, 0.000, 0.000, 0.000, 0.999]"
626,25.04,25.08,silence,0.9993869066238403,silence,[0.999],,[],,[],"[0.000, 0.000, 0.000, 0.000, 0.000, 0.000, 0.000, 0.999]"
627,25.08,25.12,silence,0.9995105266571045,silence,[1.000],,[],,[],"[0.000, 0.000, 0.000, 0.000, 0.000, 0.000, 0.000, 1.000]"
628,25.12,25.16,silence,0.9996114373207092,silence,[1.000],,[],,[],"[0.000, 0.000, 0.000, 0.000, 0.000, 0.000, 0.000, 1.000]"
629,25.16,25.2,silence,0.9996901750564575,silence,[1.000],,[],,[],"[0.000, 0.000, 0.000, 0.000, 0.000, 0.000, 0.000, 1.000]"
630,25.2,25.24,silence,0.9997503161430359,silence,[1.000],,[],,[],"[0.000, 0.000, 0.000, 0.000, 0.000, 0.000, 0.000, 1.000]"
631,25.24,25.28,silence,0.9997962117195129,silence,[1.000],,[],,[],"[0.000, 0.000, 0.000, 0.000, 0.000, 0.000, 0.000, 1.000]"
632,25.28,25.32,silence,0.9998314380645752,silence,[1.000],,[],,[],"[0.000, 0.000, 0.000, 0.000, 0.000, 0.000, 0.000, 1.000]"
633,25.32,25.36,silence,0.9998588562011719,silence,[1.000],,[],,[],"[0.000, 0.000, 0.000, 0.000, 0.000, 0.000, 0.000, 1.000]"
634,25.36,25.4,silence,0.9998801946640015,silence,[1.000],,[],,[],"[0.000, 0.000, 0.000, 0.000, 0.000, 0.000, 0.000, 1.000]"
635,25.4,25.44,silence,0.999896764755249,silence,[1.000],,[],,[],"[0.000, 0.000, 0.000, 0.000, 0.000, 0.000, 0.000, 1.000]"
636,25.44,25.48,silence,0.999909520149231,silence,[1.000],,[],,[],"[0.000, 0.000, 0.000, 0.000, 0.000, 0.000, 0.000, 1.000]"
637,25.48,25.52,silence,0.9999196529388428,silence,[1.000],,[],,[],"[0.000, 0.000, 0.000, 0.000, 0.000, 0.000, 0.000, 1.000]"
638,25.52,25.56,silence,0.9999276399612427,silence,[1.000],,[],,[],"[0.000, 0.000, 0.000, 0.000, 0.000, 0.000, 0.000, 1.000]"
639,25.56,25.6,silence,0.9999343156814575,silence,[1.000],,[],,[],"[0.000, 0.000, 0.000, 0.000, 0.000, 0.000, 0.000, 1.000]"
640,25.6,25.64,silence,0.9999396800994873,silence,[1.000],,[],,[],"[0.000, 0.000, 0.000, 0.000, 0.000, 0.000, 0.000, 1.000]"
641,25.64,25.68,silence,0.9999443292617798,silence,[1.000],,[],,[],"[0.000, 0.000, 0.000, 0.000, 0.000, 0.000, 0.000, 1.000]"
642,25.68,25.72,silence,0.9999481439590454,silence,[1.000],,[],,[],"[0.000, 0.000, 0.000, 0.000, 0.000, 0.000, 0.000, 1.000]"
643,25.72,25.76,silence,0.9999514818191528,silence,[1.000],,[],,[],"[0.000, 0.000, 0.000, 0.000, 0.000, 0.000, 0.000, 1.000]"
644,25.76,25.8,silence,0.999954342842102,silence,[1.000],,[],,[],"[0.000, 0.000, 0.000, 0.000, 0.000, 0.000, 0.000, 1.000]"
645,25.8,25.84,silence,0.9999567270278931,silence,[1.000],,[],,[],"[0.000, 0.000, 0.000, 0.000, 0.000, 0.000, 0.000, 1.000]"
646,25.84,25.88,silence,0.9999589920043945,silence,[1.000],,[],,[],"[0.000, 0.000, 0.000, 0.000, 0.000, 0.000, 0.000, 1.000]"
647,25.88,25.92,silence,0.9999611377716064,silence,[1.000],,[],,[],"[0.000, 0.000, 0.000, 0.000, 0.000, 0.000, 0.000, 1.000]"
648,25.92,25.96,silence,0.9999631643295288,silence,[1.000],,[],,[],"[0.000, 0.000, 0.000, 0.000, 0.000, 0.000, 0.000, 1.000]"
649,25.96,26.0,silence,0.9999653100967407,silence,[1.000],,[],,[],"[0.000, 0.000, 0.000, 0.000, 0.000, 0.000, 0.000, 1.000]"
650,26.0,26.04,silence,0.9999674558639526,silence,[1.000],,[],,[],"[0.000, 0.000, 0.000, 0.000, 0.000, 0.000, 0.000, 1.000]"
651,26.04,26.08,silence,0.9999697208404541,silence,[1.000],,[],,[],"[0.000, 0.000, 0.000, 0.000, 0.000, 0.000, 0.000, 1.000]"
652,26.08,26.12,silence,0.9999716281890869,silence,[1.000],,[],,[],"[0.000, 0.000, 0.000, 0.000, 0.000, 0.000, 0.000, 1.000]"
653,26.12,26.16,silence,0.9999735355377197,silence,[1.000],,[],,[],"[0.000, 0.000, 0.000, 0.000, 0.000, 0.000, 0.000, 1.000]"
654,26.16,26.2,silence,0.999975323677063,silence,[1.000],,[],,[],"[0.000, 0.000, 0.000, 0.000, 0.000, 0.000, 0.000, 1.000]"
655,26.2,26.24,silence,0.9999771118164062,silence,[1.000],,[],,[],"[0.000, 0.000, 0.000, 0.000, 0.000, 0.000, 0.000, 1.000]"
656,26.24,26.28,silence,0.9999790191650391,silence,[1.000],,[],,[],"[0.000, 0.000, 0.000, 0.000, 0.000, 0.000, 0.000, 1.000]"
657,26.28,26.32,silence,0.9999809265136719,silence,[1.000],,[],,[],"[0.000, 0.000, 0.000, 0.000, 0.000, 0.000, 0.000, 1.000]"
658,26.32,26.36,silence,0.9999828338623047,silence,[1.000],,[],,[],"[0.000, 0.000, 0.000, 0.000, 0.000, 0.000, 0.000, 1.000]"
659,26.36,26.4,silence,0.999984860420227,silence,[1.000],,[],,[],"[0.000, 0.000, 0.000, 0.000, 0.000, 0.000, 0.000, 1.000]"
660,26.4,26.44,silence,0.9999868869781494,silence,[1.000],,[],,[],"[0.000, 0.000, 0.000, 0.000, 0.000, 0.000, 0.000, 1.000]"
661,26.44,26.48,silence,0.9999889135360718,silence,[1.000],,[],,[],"[0.000, 0.000, 0.000, 0.000, 0.000, 0.000, 0.000, 1.000]"
662,26.48,26.52,silence,0.999990701675415,silence,[1.000],,[],,[],"[0.000, 0.000, 0.000, 0.000, 0.000, 0.000, 0.000, 1.000]"
663,26.52,26.56,silence,0.9999923706054688,silence,[1.000],,[],,[],"[0.000, 0.000, 0.000, 0.000, 0.000, 0.000, 0.000, 1.000]"
664,26.56,26.6,silence,0.9999938011169434,silence,[1.000],,[],,[],"[0.000, 0.000, 0.000, 0.000, 0.000, 0.000, 0.000, 1.000]"
665,26.6,26.64,silence,0.9999951124191284,silence,[1.000],,[],,[],"[0.000, 0.000, 0.000, 0.000, 0.000, 0.000, 0.000, 1.000]"
666,26.64,26.68,silence,0.9999963045120239,silence,[1.000],,[],,[],"[0.000, 0.000, 0.000, 0.000, 0.000, 0.000, 0.000, 1.000]"
667,26.68,26.72,silence,0.9999972581863403,silence,[1.000],,[],,[],"[0.000, 0.000, 0.000, 0.000, 0.000, 0.000, 0.000, 1.000]"
668,26.72,26.76,silence,0.9999979734420776,silence,[1.000],,[],,[],"[0.000, 0.000, 0.000, 0.000, 0.000, 0.000, 0.000, 1.000]"
669,26.76,26.8,silence,0.9999985694885254,silence,[1.000],,[],,[],"[0.000, 0.000, 0.000, 0.000, 0.000, 0.000, 0.000, 1.000]"
670,26.8,26.84,silence,0.999998927116394,silence,[1.000],,[],,[],"[0.000, 0.000, 0.000, 0.000, 0.000, 0.000, 0.000, 1.000]"
671,26.84,26.88,silence,0.9999992847442627,silence,[1.000],,[],,[],"[0.000, 0.000, 0.000, 0.000, 0.000, 0.000, 0.000, 1.000]"
672,26.88,26.92,silence,0.9999994039535522,silence,[1.000],,[],,[],"[0.000, 0.000, 0.000, 0.000, 0.000, 0.000, 0.000, 1.000]"
673,26.92,26.96,silence,0.9999996423721313,silence,[1.000],,[],,[],"[0.000, 0.000, 0.000, 0.000, 0.000, 0.000, 0.000, 1.000]"
674,26.96,27.0,silence,0.9999997615814209,silence,[1.000],,[],,[],"[0.000, 0.000, 0.000, 0.000, 0.000, 0.000, 0.000, 1.000]"
675,27.0,27.04,silence,0.9999997615814209,silence,[1.000],,[],,[],"[0.000, 0.000, 0.000, 0.000, 0.000, 0.000, 0.000, 1.000]"
676,27.04,27.08,silence,0.9999998807907104,silence,[1.000],,[],,[],"[0.000, 0.000, 0.000, 0.000, 0.000, 0.000, 0.000, 1.000]"
677,27.08,27.12,silence,0.9999998807907104,silence,[1.000],,[],,[],"[0.000, 0.000, 0.000, 0.000, 0.000, 0.000, 0.000, 1.000]"
678,27.12,27.16,silence,0.9999998807907104,silence,[1.000],,[],,[],"[0.000, 0.000, 0.000, 0.000, 0.000, 0.000, 0.000, 1.000]"
679,27.16,27.2,silence,0.9999998807907104,silence,[1.000],,[],,[],"[0.000, 0.000, 0.000, 0.000, 0.000, 0.000, 0.000, 1.000]"
680,27.2,27.24,silence,1.0,silence,[1.000],,[],,[],"[0.000, 0.000, 0.000, 0.000, 0.000, 0.000, 0.000, 1.000]"
681,27.24,27.28,silence,1.0,silence,[1.000],,[],,[],"[0.000, 0.000, 0.000, 0.000, 0.000, 0.000, 0.000, 1.000]"
682,27.28,27.32,silence,1.0,silence,[1.000],,[],,[],"[0.000, 0.000, 0.000, 0.000, 0.000, 0.000, 0.000, 1.000]"
683,27.32,27.36,silence,1.0,silence,[1.000],,[],,[],"[0.000, 0.000, 0.000, 0.000, 0.000, 0.000, 0.000, 1.000]"
684,27.36,27.4,silence,1.0,silence,[1.000],,[],,[],"[0.000, 0.000, 0.000, 0.000, 0.000, 0.000, 0.000, 1.000]"
685,27.4,27.44,silence,1.0,silence,[1.000],,[],,[],"[0.000, 0.000, 0.000, 0.000, 0.000, 0.000, 0.000, 1.000]"
686,27.44,27.48,silence,1.0,silence,[1.000],,[],,[],"[0.000, 0.000, 0.000, 0.000, 0.000, 0.000, 0.000, 1.000]"
687,27.48,27.52,silence,1.0,silence,[1.000],,[],,[],"[0.000, 0.000, 0.000, 0.000, 0.000, 0.000, 0.000, 1.000]"
688,27.52,27.56,silence,1.0,silence,[1.000],,[],,[],"[0.000, 0.000, 0.000, 0.000, 0.000, 0.000, 0.000, 1.000]"
689,27.56,27.6,silence,1.0,silence,[1.000],,[],,[],"[0.000, 0.000, 0.000, 0.000, 0.000, 0.000, 0.000, 1.000]"
690,27.6,27.64,silence,1.0,silence,[1.000],,[],,[],"[0.000, 0.000, 0.000, 0.000, 0.000, 0.000, 0.000, 1.000]"
691,27.64,27.68,silence,1.0,silence,[1.000],,[],,[],"[0.000, 0.000, 0.000, 0.000, 0.000, 0.000, 0.000, 1.000]"
692,27.68,27.72,silence,1.0,silence,[1.000],,[],,[],"[0.000, 0.000, 0.000, 0.000, 0.000, 0.000, 0.000, 1.000]"
693,27.72,27.76,silence,1.0,silence,[1.000],,[],,[],"[0.000, 0.000, 0.000, 0.000, 0.000, 0.000, 0.000, 1.000]"
694,27.76,27.8,silence,1.0,silence,[1.000],,[],,[],"[0.000, 0.000, 0.000, 0.000, 0.000, 0.000, 0.000, 1.000]"
695,27.8,27.84,silence,1.0,silence,[1.000],,[],,[],"[0.000, 0.000, 0.000, 0.000, 0.000, 0.000, 0.000, 1.000]"
696,27.84,27.88,silence,1.0,silence,[1.000],,[],,[],"[0.000, 0.000, 0.000, 0.000, 0.000, 0.000, 0.000, 1.000]"
697,27.88,27.92,silence,1.0,silence,[1.000],,[],,[],"[0.000, 0.000, 0.000, 0.000, 0.000, 0.000, 0.000, 1.000]"
698,27.92,27.96,silence,1.0,silence,[1.000],,[],,[],"[0.000, 0.000, 0.000, 0.000, 0.000, 0.000, 0.000, 1.000]"
699,27.96,28.0,silence,1.0,silence,[1.000],,[],,[],"[0.000, 0.000, 0.000, 0.000, 0.000, 0.000, 0.000, 1.000]"
700,28.0,28.04,silence,1.0,silence,[1.000],,[],,[],"[0.000, 0.000, 0.000, 0.000, 0.000, 0.000, 0.000, 1.000]"
701,28.04,28.08,silence,1.0,silence,[1.000],,[],,[],"[0.000, 0.000, 0.000, 0.000, 0.000, 0.000, 0.000, 1.000]"
702,28.08,28.12,silence,1.0,silence,[1.000],,[],,[],"[0.000, 0.000, 0.000, 0.000, 0.000, 0.000, 0.000, 1.000]"
703,28.12,28.16,silence,1.0,silence,[1.000],,[],,[],"[0.000, 0.000, 0.000, 0.000, 0.000, 0.000, 0.000, 1.000]"
704,28.16,28.2,silence,1.0,silence,[1.000],,[],,[],"[0.000, 0.000, 0.000, 0.000, 0.000, 0.000, 0.000, 1.000]"
705,28.2,28.24,silence,1.0,silence,[1.000],,[],,[],"[0.000, 0.000, 0.000, 0.000, 0.000, 0.000, 0.000, 1.000]"
706,28.24,28.28,silence,1.0,silence,[1.000],,[],,[],"[0.000, 0.000, 0.000, 0.000, 0.000, 0.000, 0.000, 1.000]"
707,28.28,28.32,silence,1.0,silence,[1.000],,[],,[],"[0.000, 0.000, 0.000, 0.000, 0.000, 0.000, 0.000, 1.000]"
708,28.32,28.36,silence,1.0,silence,[1.000],,[],,[],"[0.000, 0.000, 0.000, 0.000, 0.000, 0.000, 0.000, 1.000]"
709,28.36,28.4,silence,1.0,silence,[1.000],,[],,[],"[0.000, 0.000, 0.000, 0.000, 0.000, 0.000, 0.000, 1.000]"
710,28.4,28.44,silence,1.0,silence,[1.000],,[],,[],"[0.000, 0.000, 0.000, 0.000, 0.000, 0.000, 0.000, 1.000]"
711,28.44,28.48,silence,1.0,silence,[1.000],,[],,[],"[0.000, 0.000, 0.000, 0.000, 0.000, 0.000, 0.000, 1.000]"
712,28.48,28.52,silence,1.0,silence,[1.000],,[],,[],"[0.000, 0.000, 0.000, 0.000, 0.000, 0.000, 0.000, 1.000]"
713,28.52,28.56,silence,1.0,silence,[1.000],,[],,[],"[0.000, 0.000, 0.000, 0.000, 0.000, 0.000, 0.000, 1.000]"
714,28.56,28.6,silence,1.0,silence,[1.000],,[],,[],"[0.000, 0.000, 0.000, 0.000, 0.000, 0.000, 0.000, 1.000]"
715,28.6,28.64,silence,1.0,silence,[1.000],,[],,[],"[0.000, 0.000, 0.000, 0.000, 0.000, 0.000, 0.000, 1.000]"
716,28.64,28.68,silence,1.0,silence,[1.000],,[],,[],"[0.000, 0.000, 0.000, 0.000, 0.000, 0.000, 0.000, 1.000]"
717,28.68,28.72,silence,1.0,silence,[1.000],,[],,[],"[0.000, 0.000, 0.000, 0.000, 0.000, 0.000, 0.000, 1.000]"
718,28.72,28.76,silence,1.0,silence,[1.000],,[],,[],"[0.000, 0.000, 0.000, 0.000, 0.000, 0.000, 0.000, 1.000]"
719,28.76,28.8,silence,1.0,silence,[1.000],,[],,[],"[0.000, 0.000, 0.000, 0.000, 0.000, 0.000, 0.000, 1.000]"
720,28.8,28.84,silence,1.0,silence,[1.000],,[],,[],"[0.000, 0.000, 0.000, 0.000, 0.000, 0.000, 0.000, 1.000]"
721,28.84,28.88,silence,1.0,silence,[1.000],,[],,[],"[0.000, 0.000, 0.000, 0.000, 0.000, 0.000, 0.000, 1.000]"
722,28.88,28.92,silence,1.0,silence,[1.000],,[],,[],"[0.000, 0.000, 0.000, 0.000, 0.000, 0.000, 0.000, 1.000]"
723,28.92,28.96,silence,1.0,silence,[1.000],,[],,[],"[0.000, 0.000, 0.000, 0.000, 0.000, 0.000, 0.000, 1.000]"
724,28.96,29.0,silence,1.0,silence,[1.000],,[],,[],"[0.000, 0.000, 0.000, 0.000, 0.000, 0.000, 0.000, 1.000]"
725,29.0,29.04,silence,1.0,silence,[1.000],,[],,[],"[0.000, 0.000, 0.000, 0.000, 0.000, 0.000, 0.000, 1.000]"
726,29.04,29.08,silence,1.0,silence,[1.000],,[],,[],"[0.000, 0.000, 0.000, 0.000, 0.000, 0.000, 0.000, 1.000]"
727,29.08,29.12,silence,1.0,silence,[1.000],,[],,[],"[0.000, 0.000, 0.000, 0.000, 0.000, 0.000, 0.000, 1.000]"
728,29.12,29.16,silence,1.0,silence,[1.000],,[],,[],"[0.000, 0.000, 0.000, 0.000, 0.000, 0.000, 0.000, 1.000]"
729,29.16,29.2,silence,1.0,silence,[1.000],,[],,[],"[0.000, 0.000, 0.000, 0.000, 0.000, 0.000, 0.000, 1.000]"
730,29.2,29.24,silence,1.0,silence,[1.000],,[],,[],"[0.000, 0.000, 0.000, 0.000, 0.000, 0.000, 0.000, 1.000]"
731,29.24,29.28,silence,1.0,silence,[1.000],,[],,[],"[0.000, 0.000, 0.000, 0.000, 0.000, 0.000, 0.000, 1.000]"
732,29.28,29.32,silence,1.0,silence,[1.000],,[],,[],"[0.000, 0.000, 0.000, 0.000, 0.000, 0.000, 0.000, 1.000]"
733,29.32,29.36,silence,1.0,silence,[1.000],,[],,[],"[0.000, 0.000, 0.000, 0.000, 0.000, 0.000, 0.000, 1.000]"
734,29.36,29.4,silence,1.0,silence,[1.000],,[],,[],"[0.000, 0.000, 0.000, 0.000, 0.000, 0.000, 0.000, 1.000]"
735,29.4,29.44,silence,1.0,silence,[1.000],,[],,[],"[0.000, 0.000, 0.000, 0.000, 0.000, 0.000, 0.000, 1.000]"
736,29.44,29.48,silence,1.0,silence,[1.000],,[],,[],"[0.000, 0.000, 0.000, 0.000, 0.000, 0.000, 0.000, 1.000]"
737,29.48,29.52,silence,1.0,silence,[1.000],,[],,[],"[0.000, 0.000, 0.000, 0.000, 0.000, 0.000, 0.000, 1.000]"
738,29.52,29.56,silence,1.0,silence,[1.000],,[],,[],"[0.000, 0.000, 0.000, 0.000, 0.000, 0.000, 0.000, 1.000]"
739,29.56,29.6,silence,1.0,silence,[1.000],,[],,[],"[0.000, 0.000, 0.000, 0.000, 0.000, 0.000, 0.000, 1.000]"
740,29.6,29.64,silence,1.0,silence,[1.000],,[],,[],"[0.000, 0.000, 0.000, 0.000, 0.000, 0.000, 0.000, 1.000]"
741,29.64,29.68,silence,1.0,silence,[1.000],,[],,[],"[0.000, 0.000, 0.000, 0.000, 0.000, 0.000, 0.000, 1.000]"
742,29.68,29.72,silence,1.0,silence,[1.000],,[],,[],"[0.000, 0.000, 0.000, 0.000, 0.000, 0.000, 0.000, 1.000]"
743,29.72,29.76,silence,1.0,silence,[1.000],,[],,[],"[0.000, 0.000, 0.000, 0.000, 0.000, 0.000, 0.000, 1.000]"
744,29.76,29.8,silence,1.0,silence,[1.000],,[],,[],"[0.000, 0.000, 0.000, 0.000, 0.000, 0.000, 0.000, 1.000]"
745,29.8,29.84,silence,1.0,silence,[1.000],,[],,[],"[0.000, 0.000, 0.000, 0.000, 0.000, 0.000, 0.000, 1.000]"
746,29.84,29.88,silence,1.0,silence,[1.000],,[],,[],"[0.000, 0.000, 0.000, 0.000, 0.000, 0.000, 0.000, 1.000]"
747,29.88,29.92,silence,1.0,silence,[1.000],,[],,[],"[0.000, 0.000, 0.000, 0.000, 0.000, 0.000, 0.000, 1.000]"
748,29.92,29.96,silence,1.0,silence,[1.000],,[],,[],"[0.000, 0.000, 0.000, 0.000, 0.000, 0.000, 0.000, 1.000]"
749,29.96,30.0,silence,1.0,silence,[1.000],,[],,[],"[0.000, 0.000, 0.000, 0.000, 0.000, 0.000, 0.000, 1.000]"
750,30.0,30.04,silence,1.0,silence,[1.000],,[],,[],"[0.000, 0.000, 0.000, 0.000, 0.000, 0.000, 0.000, 1.000]"
751,30.04,30.08,silence,1.0,silence,[1.000],,[],,[],"[0.000, 0.000, 0.000, 0.000, 0.000, 0.000, 0.000, 1.000]"
752,30.08,30.12,silence,1.0,silence,[1.000],,[],,[],"[0.000, 0.000, 0.000, 0.000, 0.000, 0.000, 0.000, 1.000]"
753,30.12,30.16,silence,1.0,silence,[1.000],,[],,[],"[0.000, 0.000, 0.000, 0.000, 0.000, 0.000, 0.000, 1.000]"
754,30.16,30.2,silence,1.0,silence,[1.000],,[],,[],"[0.000, 0.000, 0.000, 0.000, 0.000, 0.000, 0.000, 1.000]"
755,30.2,30.24,silence,1.0,silence,[1.000],,[],,[],"[0.000, 0.000, 0.000, 0.000, 0.000, 0.000, 0.000, 1.000]"
756,30.24,30.28,silence,1.0,silence,[1.000],,[],,[],"[0.000, 0.000, 0.000, 0.000, 0.000, 0.000, 0.000, 1.000]"
757,30.28,30.32,silence,1.0,silence,[1.000],,[],,[],"[0.000, 0.000, 0.000, 0.000, 0.000, 0.000, 0.000, 1.000]"
758,30.32,30.36,silence,1.0,silence,[1.000],,[],,[],"[0.000, 0.000, 0.000, 0.000, 0.000, 0.000, 0.000, 1.000]"
759,30.36,30.4,silence,1.0,silence,[1.000],,[],,[],"[0.000, 0.000, 0.000, 0.000, 0.000, 0.000, 0.000, 1.000]"
760,30.4,30.44,silence,1.0,silence,[1.000],,[],,[],"[0.000, 0.000, 0.000, 0.000, 0.000, 0.000, 0.000, 1.000]"
761,30.44,30.48,silence,1.0,silence,[1.000],,[],,[],"[0.000, 0.000, 0.000, 0.000, 0.000, 0.000, 0.000, 1.000]"
762,30.48,30.52,silence,1.0,silence,[1.000],,[],,[],"[0.000, 0.000, 0.000, 0.000, 0.000, 0.000, 0.000, 1.000]"
763,30.52,30.56,silence,1.0,silence,[1.000],,[],,[],"[0.000, 0.000, 0.000, 0.000, 0.000, 0.000, 0.000, 1.000]"
764,30.56,30.6,silence,1.0,silence,[1.000],,[],,[],"[0.000, 0.000, 0.000, 0.000, 0.000, 0.000, 0.000, 1.000]"
765,30.6,30.64,silence,1.0,silence,[1.000],,[],,[],"[0.000, 0.000, 0.000, 0.000, 0.000, 0.000, 0.000, 1.000]"
766,30.64,30.68,silence,1.0,silence,[1.000],,[],,[],"[0.000, 0.000, 0.000, 0.000, 0.000, 0.000, 0.000, 1.000]"
767,30.68,30.72,silence,1.0,silence,[1.000],,[],,[],"[0.000, 0.000, 0.000, 0.000, 0.000, 0.000, 0.000, 1.000]"
768,30.72,30.76,silence,1.0,silence,[1.000],,[],,[],"[0.000, 0.000, 0.000, 0.000, 0.000, 0.000, 0.000, 1.000]"
769,30.76,30.8,silence,1.0,silence,[1.000],,[],,[],"[0.000, 0.000, 0.000, 0.000, 0.000, 0.000, 0.000, 1.000]"
770,30.8,30.84,silence,1.0,silence,[1.000],,[],,[],"[0.000, 0.000, 0.000, 0.000, 0.000, 0.000, 0.000, 1.000]"
771,30.84,30.88,silence,1.0,silence,[1.000],,[],,[],"[0.000, 0.000, 0.000, 0.000, 0.000, 0.000, 0.000, 1.000]"
772,30.88,30.92,silence,1.0,silence,[1.000],,[],,[],"[0.000, 0.000, 0.000, 0.000, 0.000, 0.000, 0.000, 1.000]"
773,30.92,30.96,silence,1.0,silence,[1.000],,[],,[],"[0.000, 0.000, 0.000, 0.000, 0.000, 0.000, 0.000, 1.000]"
774,30.96,31.0,silence,1.0,silence,[1.000],,[],,[],"[0.000, 0.000, 0.000, 0.000, 0.000, 0.000, 0.000, 1.000]"
775,31.0,31.04,silence,1.0,silence,[1.000],,[],,[],"[0.000, 0.000, 0.000, 0.000, 0.000, 0.000, 0.000, 1.000]"
776,31.04,31.08,silence,1.0,silence,[1.000],,[],,[],"[0.000, 0.000, 0.000, 0.000, 0.000, 0.000, 0.000, 1.000]"
777,31.08,31.12,silence,1.0,silence,[1.000],,[],,[],"[0.000, 0.000, 0.000, 0.000, 0.000, 0.000, 0.000, 1.000]"
778,31.12,31.16,silence,1.0,silence,[1.000],,[],,[],"[0.000, 0.000, 0.000, 0.000, 0.000, 0.000, 0.000, 1.000]"
779,31.16,31.2,silence,1.0,silence,[1.000],,[],,[],"[0.000, 0.000, 0.000, 0.000, 0.000, 0.000, 0.000, 1.000]"
780,31.2,31.24,silence,1.0,silence,[1.000],,[],,[],"[0.000, 0.000, 0.000, 0.000, 0.000, 0.000, 0.000, 1.000]"
781,31.24,31.28,silence,1.0,silence,[1.000],,[],,[],"[0.000, 0.000, 0.000, 0.000, 0.000, 0.000, 0.000, 1.000]"
782,31.28,31.32,silence,1.0,silence,[1.000],,[],,[],"[0.000, 0.000, 0.000, 0.000, 0.000, 0.000, 0.000, 1.000]"
783,31.32,31.36,silence,1.0,silence,[1.000],,[],,[],"[0.000, 0.000, 0.000, 0.000, 0.000, 0.000, 0.000, 1.000]"
784,31.36,31.4,silence,1.0,silence,[1.000],,[],,[],"[0.000, 0.000, 0.000, 0.000, 0.000, 0.000, 0.000, 1.000]"
785,31.4,31.44,silence,1.0,silence,[1.000],,[],,[],"[0.000, 0.000, 0.000, 0.000, 0.000, 0.000, 0.000, 1.000]"
786,31.44,31.48,silence,1.0,silence,[1.000],,[],,[],"[0.000, 0.000, 0.000, 0.000, 0.000, 0.000, 0.000, 1.000]"
787,31.48,31.52,silence,0.9999997615814209,silence,[1.000],,[],,[],"[0.000, 0.000, 0.000, 0.000, 0.000, 0.000, 0.000, 1.000]"
788,31.52,31.56,silence,0.9999992847442627,silence,[1.000],,[],,[],"[0.000, 0.000, 0.000, 0.000, 0.000, 0.000, 0.000, 1.000]"
789,31.56,31.6,silence,0.999997615814209,silence,[1.000],,[],,[],"[0.000, 0.000, 0.000, 0.000, 0.000, 0.000, 0.000, 1.000]"
790,31.6,31.64,silence,0.9999922513961792,silence,[1.000],,[],,[],"[0.000, 0.000, 0.000, 0.000, 0.000, 0.000, 0.000, 1.000]"
791,31.64,31.68,silence,0.9999769926071167,silence,[1.000],,[],,[],"[0.000, 0.000, 0.000, 0.000, 0.000, 0.000, 0.000, 1.000]"
792,31.68,31.72,silence,0.9999381303787231,silence,[1.000],,[],,[],"[0.000, 0.000, 0.000, 0.000, 0.000, 0.000, 0.000, 1.000]"
793,31.72,31.76,silence,0.9998524188995361,silence,[1.000],,[],,[],"[0.000, 0.000, 0.000, 0.000, 0.000, 0.000, 0.000, 1.000]"
794,31.76,31.8,silence,0.9996939897537231,silence,[1.000],,[],,[],"[0.000, 0.000, 0.000, 0.000, 0.000, 0.000, 0.000, 1.000]"
795,31.8,31.84,silence,0.9994563460350037,silence,[0.999],,[],,[],"[0.000, 0.000, 0.000, 0.000, 0.000, 0.000, 0.000, 0.999]"
796,31.84,31.88,silence,0.9991814494132996,silence,[0.999],,[],,[],"[0.000, 0.000, 0.000, 0.000, 0.000, 0.000, 0.000, 0.999]"
797,31.88,31.92,silence,0.9989618062973022,silence,[0.999],,[],,[],"[0.000, 0.000, 0.000, 0.000, 0.000, 0.000, 0.000, 0.999]"
798,31.92,31.96,silence,0.9988934397697449,silence,[0.999],,[],,[],"[0.000, 0.000, 0.000, 0.000, 0.000, 0.000, 0.000, 0.999]"
799,31.96,32.0,silence,0.9990076422691345,silence,[0.999],,[],,[],"[0.000, 0.000, 0.000, 0.000, 0.000, 0.000, 0.000, 0.999]"
800,32.0,32.04,silence,0.9992455244064331,silence,[0.999],,[],,[],"[0.000, 0.000, 0.000, 0.000, 0.000, 0.000, 0.000, 0.999]"
801,32.04,32.08,silence,0.9995076656341553,silence,[1.000],,[],,[],"[0.000, 0.000, 0.000, 0.000, 0.000, 0.000, 0.000, 1.000]"
802,32.08,32.12,silence,0.9997199177742004,silence,[1.000],,[],,[],"[0.000, 0.000, 0.000, 0.000, 0.000, 0.000, 0.000, 1.000]"
803,32.12,32.16,silence,0.9998586177825928,silence,[1.000],,[],,[],"[0.000, 0.000, 0.000, 0.000, 0.000, 0.000, 0.000, 1.000]"
804,32.16,32.2,silence,0.9999352693557739,silence,[1.000],,[],,[],"[0.000, 0.000, 0.000, 0.000, 0.000, 0.000, 0.000, 1.000]"
805,32.2,32.24,silence,0.9999724626541138,silence,[1.000],,[],,[],"[0.000, 0.000, 0.000, 0.000, 0.000, 0.000, 0.000, 1.000]"
806,32.24,32.28,silence,0.9999889135360718,silence,[1.000],,[],,[],"[0.000, 0.000, 0.000, 0.000, 0.000, 0.000, 0.000, 1.000]"
807,32.28,32.32,silence,0.9999957084655762,silence,[1.000],,[],,[],"[0.000, 0.000, 0.000, 0.000, 0.000, 0.000, 0.000, 1.000]"
808,32.32,32.36,silence,0.9999983310699463,silence,[1.000],,[],,[],"[0.000, 0.000, 0.000, 0.000, 0.000, 0.000, 0.000, 1.000]"
809,32.36,32.4,silence,0.9999992847442627,silence,[1.000],,[],,[],"[0.000, 0.000, 0.000, 0.000, 0.000, 0.000, 0.000, 1.000]"
810,32.4,32.44,silence,0.9999997615814209,silence,[1.000],,[],,[],"[0.000, 0.000, 0.000, 0.000, 0.000, 0.000, 0.000, 1.000]"
811,32.44,32.48,silence,0.9999998807907104,silence,[1.000],,[],,[],"[0.000, 0.000, 0.000, 0.000, 0.000, 0.000, 0.000, 1.000]"
812,32.48,32.52,silence,1.0,silence,[1.000],,[],,[],"[0.000, 0.000, 0.000, 0.000, 0.000, 0.000, 0.000, 1.000]"
813,32.52,32.56,silence,1.0,silence,[1.000],,[],,[],"[0.000, 0.000, 0.000, 0.000, 0.000, 0.000, 0.000, 1.000]"
814,32.56,32.6,silence,1.0,silence,[1.000],,[],,[],"[0.000, 0.000, 0.000, 0.000, 0.000, 0.000, 0.000, 1.000]"
815,32.6,32.64,silence,1.0,silence,[1.000],,[],,[],"[0.000, 0.000, 0.000, 0.000, 0.000, 0.000, 0.000, 1.000]"
816,32.64,32.68,silence,1.0,silence,[1.000],,[],,[],"[0.000, 0.000, 0.000, 0.000, 0.000, 0.000, 0.000, 1.000]"
817,32.68,32.72,silence,1.0,silence,[1.000],,[],,[],"[0.000, 0.000, 0.000, 0.000, 0.000, 0.000, 0.000, 1.000]"
818,32.72,32.76,silence,1.0,silence,[1.000],,[],,[],"[0.000, 0.000, 0.000, 0.000, 0.000, 0.000, 0.000, 1.000]"
819,32.76,32.8,silence,1.0,silence,[1.000],,[],,[],"[0.000, 0.000, 0.000, 0.000, 0.000, 0.000, 0.000, 1.000]"
820,32.8,32.84,silence,1.0,silence,[1.000],,[],,[],"[0.000, 0.000, 0.000, 0.000, 0.000, 0.000, 0.000, 1.000]"
821,32.84,32.88,silence,1.0,silence,[1.000],,[],,[],"[0.000, 0.000, 0.000, 0.000, 0.000, 0.000, 0.000, 1.000]"
822,32.88,32.92,silence,1.0,silence,[1.000],,[],,[],"[0.000, 0.000, 0.000, 0.000, 0.000, 0.000, 0.000, 1.000]"
823,32.92,32.96,silence,0.9999998807907104,silence,[1.000],,[],,[],"[0.000, 0.000, 0.000, 0.000, 0.000, 0.000, 0.000, 1.000]"
824,32.96,33.0,silence,0.9999997615814209,silence,[1.000],,[],,[],"[0.000, 0.000, 0.000, 0.000, 0.000, 0.000, 0.000, 1.000]"
825,33.0,33.04,silence,0.9999992847442627,silence,[1.000],,[],,[],"[0.000, 0.000, 0.000, 0.000, 0.000, 0.000, 0.000, 1.000]"
826,33.04,33.08,silence,0.9999980926513672,silence,[1.000],,[],,[],"[0.000, 0.000, 0.000, 0.000, 0.000, 0.000, 0.000, 1.000]"
827,33.08,33.12,silence,0.9999939203262329,silence,[1.000],,[],,[],"[0.000, 0.000, 0.000, 0.000, 0.000, 0.000, 0.000, 1.000]"
828,33.12,33.16,silence,0.9999796152114868,silence,[1.000],,[],,[],"[0.000, 0.000, 0.000, 0.000, 0.000, 0.000, 0.000, 1.000]"
829,33.16,33.2,silence,0.9999277591705322,silence,[1.000],,[],,[],"[0.000, 0.000, 0.000, 0.000, 0.000, 0.000, 0.000, 1.000]"
830,33.2,33.24,silence,0.9997366070747375,silence,[1.000],,[],,[],"[0.000, 0.000, 0.000, 0.000, 0.000, 0.000, 0.000, 1.000]"
831,33.24,33.28,silence,0.9990273714065552,silence,[0.999],,[],,[],"[0.000, 0.000, 0.000, 0.000, 0.001, 0.000, 0.000, 0.999]"
832,33.28,33.32,silence,0.9964249730110168,silence,[0.996],,[],,[],"[0.000, 0.000, 0.000, 0.000, 0.002, 0.000, 0.000, 0.996]"
833,33.32,33.36,silence,0.9872023463249207,silence,[0.987],,[],,[],"[0.000, 0.000, 0.000, 0.000, 0.008, 0.000, 0.000, 0.987]"
834,33.36,33.4,silence,0.9567317962646484,silence,[0.957],,[],,[],"[0.000, 0.000, 0.000, 0.000, 0.031, 0.000, 0.000, 0.957]"
835,33.4,33.44,silence,0.8693367838859558,silence,[0.869],,[],,[],"[0.000, 0.000, 0.000, 0.000, 0.100, 0.000, 0.000, 0.869]"
836,33.44,33.48,silence,0.6801892518997192,silence,[0.680],,[],,[],"[0.000, 0.000, 0.000, 0.000, 0.269, 0.000, 0.000, 0.680]"
837,33.48,33.52,Liz,0.52984619140625,Liz,[0.530],,[],,[],"[0.000, 0.000, 0.000, 0.000, 0.530, 0.000, 0.000, 0.422]"
838,33.52,33.56,Liz,0.7588455677032471,Liz,[0.759],,[],,[],"[0.000, 0.000, 0.000, 0.000, 0.759, 0.000, 0.000, 0.214]"
839,33.56,33.6,Liz,0.8880890607833862,Liz,[0.888],,[],,[],"[0.000, 0.000, 0.000, 0.000, 0.888, 0.000, 0.000, 0.101]"
840,33.6,33.64,Liz,0.9471843838691711,Liz,[0.947],,[],,[],"[0.000, 0.000, 0.000, 0.000, 0.947, 0.000, 0.000, 0.048]"
841,33.64,33.68,Liz,0.9732584357261658,Liz,[0.973],,[],,[],"[0.000, 0.000, 0.000, 0.000, 0.973, 0.000, 0.000, 0.025]"
842,33.68,33.72,Liz,0.9853053689002991,Liz,[0.985],,[],,[],"[0.000, 0.000, 0.000, 0.000, 0.985, 0.000, 0.000, 0.014]"
843,33.72,33.76,Liz,0.9912466406822205,Liz,[0.991],,[],,[],"[0.000, 0.000, 0.000, 0.000, 0.991, 0.000, 0.000, 0.008]"
844,33.76,33.8,Liz,0.9943670630455017,Liz,[0.994],,[],,[],"[0.000, 0.000, 0.000, 0.000, 0.994, 0.000, 0.000, 0.005]"
845,33.8,33.84,Liz,0.9961018562316895,Liz,[0.996],,[],,[],"[0.000, 0.000, 0.000, 0.000, 0.996, 0.000, 0.000, 0.004]"
846,33.84,33.88,Liz,0.9971195459365845,Liz,[0.997],,[],,[],"[0.000, 0.000, 0.000, 0.000, 0.997, 0.000, 0.000, 0.003]"
847,33.88,33.92,Liz,0.9977414608001709,Liz,[0.998],,[],,[],"[0.000, 0.000, 0.000, 0.000, 0.998, 0.000, 0.000, 0.002]"
848,33.92,33.96,Liz,0.9981344938278198,Liz,[0.998],,[],,[],"[0.000, 0.000, 0.000, 0.000, 0.998, 0.000, 0.000, 0.002]"
849,33.96,34.0,Liz,0.9983853101730347,Liz,[0.998],,[],,[],"[0.000, 0.000, 0.000, 0.000, 0.998, 0.000, 0.000, 0.002]"
850,34.0,34.04,Liz,0.998544454574585,Liz,[0.999],,[],,[],"[0.000, 0.000, 0.000, 0.000, 0.999, 0.000, 0.000, 0.001]"
851,34.04,34.08,Liz,0.9986425042152405,Liz,[0.999],,[],,[],"[0.000, 0.000, 0.000, 0.000, 0.999, 0.000, 0.000, 0.001]"
852,34.08,34.12,Liz,0.9987004995346069,Liz,[0.999],,[],,[],"[0.000, 0.000, 0.000, 0.000, 0.999, 0.000, 0.000, 0.001]"
853,34.12,34.16,Liz,0.9987315535545349,Liz,[0.999],,[],,[],"[0.000, 0.000, 0.000, 0.000, 0.999, 0.000, 0.000, 0.001]"
854,34.16,34.2,Liz,0.9987456798553467,Liz,[0.999],,[],,[],"[0.000, 0.000, 0.000, 0.000, 0.999, 0.000, 0.000, 0.001]"
855,34.2,34.24,Liz,0.9987529516220093,Liz,[0.999],,[],,[],"[0.000, 0.000, 0.000, 0.000, 0.999, 0.000, 0.000, 0.001]"
856,34.24,34.28,Liz,0.9987640380859375,Liz,[0.999],,[],,[],"[0.000, 0.000, 0.000, 0.000, 0.999, 0.000, 0.000, 0.001]"
857,34.28,34.32,Liz,0.9987885355949402,Liz,[0.999],,[],,[],"[0.000, 0.000, 0.000, 0.000, 0.999, 0.000, 0.000, 0.001]"
858,34.32,34.36,Liz,0.9988331198692322,Liz,[0.999],,[],,[],"[0.000, 0.001, 0.000, 0.000, 0.999, 0.000, 0.000, 0.001]"
859,34.36,34.4,Liz,0.9988994598388672,Liz,[0.999],,[],,[],"[0.000, 0.001, 0.000, 0.000, 0.999, 0.000, 0.000, 0.001]"
860,34.4,34.44,Liz,0.9989845156669617,Liz,[0.999],,[],,[],"[0.000, 0.001, 0.000, 0.000, 0.999, 0.000, 0.000, 0.001]"
861,34.44,34.48,Liz,0.9990819692611694,Liz,[0.999],,[],,[],"[0.000, 0.001, 0.000, 0.000, 0.999, 0.000, 0.000, 0.001]"
862,34.48,34.52,Liz,0.9991853833198547,Liz,[0.999],,[],,[],"[0.000, 0.001, 0.000, 0.000, 0.999, 0.000, 0.000, 0.001]"
863,34.52,34.56,Liz,0.9992889165878296,Liz,[0.999],,[],,[],"[0.000, 0.001, 0.000, 0.000, 0.999, 0.000, 0.000, 0.001]"
864,34.56,34.6,Liz,0.9993880987167358,Liz,[0.999],,[],,[],"[0.000, 0.001, 0.000, 0.000, 0.999, 0.000, 0.000, 0.000]"
865,34.6,34.64,Liz,0.9994794726371765,Liz,[0.999],,[],,[],"[0.000, 0.001, 0.000, 0.000, 0.999, 0.000, 0.000, 0.000]"
866,34.64,34.68,Liz,0.9995606541633606,Liz,[1.000],,[],,[],"[0.000, 0.001, 0.000, 0.000, 1.000, 0.000, 0.000, 0.000]"
867,34.68,34.72,Liz,0.9996306896209717,Liz,[1.000],,[],,[],"[0.000, 0.001, 0.000, 0.000, 1.000, 0.000, 0.000, 0.000]"
868,34.72,34.76,Liz,0.9996892213821411,Liz,[1.000],,[],,[],"[0.000, 0.001, 0.000, 0.000, 1.000, 0.000, 0.000, 0.000]"
869,34.76,34.8,Liz,0.9997369647026062,Liz,[1.000],,[],,[],"[0.000, 0.001, 0.000, 0.000, 1.000, 0.000, 0.000, 0.000]"
870,34.8,34.84,Liz,0.9997753500938416,Liz,[1.000],,[],,[],"[0.000, 0.001, 0.000, 0.000, 1.000, 0.000, 0.001, 0.000]"
871,34.84,34.88,Liz,0.999805748462677,Liz,[1.000],,[],,[],"[0.000, 0.001, 0.000, 0.000, 1.000, 0.000, 0.001, 0.000]"
872,34.88,34.92,Liz,0.9998291730880737,Liz,[1.000],,[],,[],"[0.000, 0.001, 0.000, 0.000, 1.000, 0.000, 0.002, 0.000]"
873,34.92,34.96,Liz,0.9998469352722168,Liz,[1.000],,[],,[],"[0.000, 0.001, 0.000, 0.000, 1.000, 0.001, 0.003, 0.000]"
874,34.96,35.0,Liz,0.9998594522476196,Liz,[1.000],,[],,[],"[0.000, 0.001, 0.000, 0.000, 1.000, 0.001, 0.004, 0.000]"
875,35.0,35.04,Liz,0.9998672008514404,Liz,[1.000],,[],,[],"[0.000, 0.001, 0.000, 0.000, 1.000, 0.001, 0.007, 0.000]"
876,35.04,35.08,Liz,0.9998704195022583,Liz,[1.000],,[],,[],"[0.000, 0.001, 0.000, 0.000, 1.000, 0.001, 0.010, 0.000]"
877,35.08,35.12,Liz,0.9998687505722046,Liz,[1.000],,[],,[],"[0.000, 0.001, 0.000, 0.000, 1.000, 0.002, 0.015, 0.000]"
878,35.12,35.16,Liz,0.9998613595962524,Liz,[1.000],,[],,[],"[0.000, 0.001, 0.000, 0.000, 1.000, 0.003, 0.020, 0.000]"
879,35.16,35.2,Liz,0.9998464584350586,Liz,[1.000],,[],,[],"[0.000, 0.001, 0.000, 0.000, 1.000, 0.003, 0.026, 0.000]"
880,35.2,35.24,Liz,0.9998206496238708,Liz,[1.000],,[],,[],"[0.000, 0.001, 0.000, 0.000, 1.000, 0.004, 0.031, 0.000]"
881,35.24,35.28,Liz,0.9997771382331848,Liz,[1.000],,[],,[],"[0.000, 0.001, 0.000, 0.000, 1.000, 0.004, 0.036, 0.000]"
882,35.28,35.32,Liz,0.999703586101532,Liz,[1.000],,[],,[],"[0.000, 0.001, 0.000, 0.000, 1.000, 0.004, 0.039, 0.000]"
883,35.32,35.36,Liz,0.9995747208595276,Liz,[1.000],,[],,[],"[0.000, 0.000, 0.000, 0.000, 1.000, 0.004, 0.040, 0.000]"
884,35.36,35.4,Liz,0.9993378520011902,Liz,[0.999],,[],,[],"[0.000, 0.000, 0.000, 0.000, 0.999, 0.004, 0.039, 0.000]"
885,35.4,35.44,Liz,0.9988804459571838,Liz,[0.999],,[],,[],"[0.000, 0.000, 0.000, 0.000, 0.999, 0.004, 0.035, 0.000]"
886,35.44,35.48,Liz,0.9979463219642639,Liz,[0.998],,[],,[],"[0.000, 0.000, 0.000, 0.000, 0.998, 0.003, 0.029, 0.001]"
887,35.48,35.52,Liz,0.9959264993667603,Liz,[0.996],,[],,[],"[0.000, 0.000, 0.000, 0.000, 0.996, 0.002, 0.023, 0.001]"
888,35.52,35.56,Liz,0.9912849068641663,Liz,[0.991],,[],,[],"[0.000, 0.000, 0.000, 0.000, 0.991, 0.002, 0.016, 0.002]"
889,35.56,35.6,Liz,0.9799903631210327,Liz,[0.980],,[],,[],"[0.000, 0.000, 0.000, 0.000, 0.980, 0.001, 0.011, 0.005]"
890,35.6,35.64,Liz,0.9512607455253601,Liz,[0.951],,[],,[],"[0.000, 0.000, 0.000, 0.000, 0.951, 0.001, 0.007, 0.010]"
891,35.64,35.68,Liz,0.8781425952911377,Liz,[0.878],,[],,[],"[0.000, 0.000, 0.000, 0.000, 0.878, 0.000, 0.004, 0.023]"
892,35.68,35.72,Liz,0.7120205163955688,Liz,[0.712],,[],,[],"[0.000, 0.000, 0.000, 0.000, 0.712, 0.000, 0.002, 0.058]"
893,35.72,35.76,silence,0.1476162225008011,,[],,[],,[],"[0.000, 0.000, 0.000, 0.000, 0.442, 0.000, 0.001, 0.148]"
894,35.76,35.8,silence,0.34152457118034363,,[],,[],,[],"[0.000, 0.000, 0.000, 0.000, 0.193, 0.000, 0.000, 0.342]"
895,35.8,35.84,silence,0.6231250762939453,silence,[0.623],,[],,[],"[0.000, 0.000, 0.000, 0.000, 0.064, 0.000, 0.000, 0.623]"
896,35.84,35.88,silence,0.8476718664169312,silence,[0.848],,[],,[],"[0.000, 0.000, 0.000, 0.000, 0.018, 0.000, 0.000, 0.848]"
897,35.88,35.92,silence,0.9515649080276489,silence,[0.952],,[],,[],"[0.000, 0.000, 0.000, 0.000, 0.005, 0.000, 0.000, 0.952]"
898,35.92,35.96,silence,0.9863541722297668,silence,[0.986],,[],,[],"[0.000, 0.000, 0.000, 0.000, 0.001, 0.000, 0.000, 0.986]"
899,35.96,36.0,silence,0.9963853359222412,silence,[0.996],,[],,[],"[0.000, 0.000, 0.000, 0.000, 0.000, 0.000, 0.000, 0.996]"
900,36.0,36.04,silence,0.9990757703781128,silence,[0.999],,[],,[],"[0.000, 0.000, 0.000, 0.000, 0.000, 0.000, 0.000, 0.999]"
901,36.04,36.08,silence,0.9997690320014954,silence,[1.000],,[],,[],"[0.000, 0.000, 0.000, 0.000, 0.000, 0.000, 0.000, 1.000]"
902,36.08,36.12,silence,0.9999431371688843,silence,[1.000],,[],,[],"[0.000, 0.000, 0.000, 0.000, 0.000, 0.000, 0.000, 1.000]"
903,36.12,36.16,silence,0.9999860525131226,silence,[1.000],,[],,[],"[0.000, 0.000, 0.000, 0.000, 0.000, 0.000, 0.000, 1.000]"
904,36.16,36.2,silence,0.999996542930603,silence,[1.000],,[],,[],"[0.000, 0.000, 0.000, 0.000, 0.000, 0.000, 0.000, 1.000]"
905,36.2,36.24,silence,0.9999991655349731,silence,[1.000],,[],,[],"[0.000, 0.000, 0.000, 0.000, 0.000, 0.000, 0.000, 1.000]"
906,36.24,36.28,silence,0.9999997615814209,silence,[1.000],,[],,[],"[0.000, 0.000, 0.000, 0.000, 0.000, 0.000, 0.000, 1.000]"
907,36.28,36.32,silence,1.0,silence,[1.000],,[],,[],"[0.000, 0.000, 0.000, 0.000, 0.000, 0.000, 0.000, 1.000]"
908,36.32,36.36,silence,1.0,silence,[1.000],,[],,[],"[0.000, 0.000, 0.000, 0.000, 0.000, 0.000, 0.000, 1.000]"
909,36.36,36.4,silence,1.0,silence,[1.000],,[],,[],"[0.000, 0.000, 0.000, 0.000, 0.000, 0.000, 0.000, 1.000]"
910,36.4,36.44,silence,1.0,silence,[1.000],,[],,[],"[0.000, 0.000, 0.000, 0.000, 0.000, 0.000, 0.000, 1.000]"
911,36.44,36.48,silence,1.0,silence,[1.000],,[],,[],"[0.000, 0.000, 0.000, 0.000, 0.000, 0.000, 0.000, 1.000]"
912,36.48,36.52,silence,1.0,silence,[1.000],,[],,[],"[0.000, 0.000, 0.000, 0.000, 0.000, 0.000, 0.000, 1.000]"
913,36.52,36.56,silence,1.0,silence,[1.000],,[],,[],"[0.000, 0.000, 0.000, 0.000, 0.000, 0.000, 0.000, 1.000]"
914,36.56,36.6,silence,1.0,silence,[1.000],,[],,[],"[0.000, 0.000, 0.000, 0.000, 0.000, 0.000, 0.000, 1.000]"
915,36.6,36.64,silence,1.0,silence,[1.000],,[],,[],"[0.000, 0.000, 0.000, 0.000, 0.000, 0.000, 0.000, 1.000]"
916,36.64,36.68,silence,1.0,silence,[1.000],,[],,[],"[0.000, 0.000, 0.000, 0.000, 0.000, 0.000, 0.000, 1.000]"
917,36.68,36.72,silence,1.0,silence,[1.000],,[],,[],"[0.000, 0.000, 0.000, 0.000, 0.000, 0.000, 0.000, 1.000]"
918,36.72,36.76,silence,1.0,silence,[1.000],,[],,[],"[0.000, 0.000, 0.000, 0.000, 0.000, 0.000, 0.000, 1.000]"
919,36.76,36.8,silence,1.0,silence,[1.000],,[],,[],"[0.000, 0.000, 0.000, 0.000, 0.000, 0.000, 0.000, 1.000]"
920,36.8,36.84,silence,1.0,silence,[1.000],,[],,[],"[0.000, 0.000, 0.000, 0.000, 0.000, 0.000, 0.000, 1.000]"
921,36.84,36.88,silence,1.0,silence,[1.000],,[],,[],"[0.000, 0.000, 0.000, 0.000, 0.000, 0.000, 0.000, 1.000]"
922,36.88,36.92,silence,1.0,silence,[1.000],,[],,[],"[0.000, 0.000, 0.000, 0.000, 0.000, 0.000, 0.000, 1.000]"
923,36.92,36.96,silence,1.0,silence,[1.000],,[],,[],"[0.000, 0.000, 0.000, 0.000, 0.000, 0.000, 0.000, 1.000]"
924,36.96,37.0,silence,1.0,silence,[1.000],,[],,[],"[0.000, 0.000, 0.000, 0.000, 0.000, 0.000, 0.000, 1.000]"
925,37.0,37.04,silence,1.0,silence,[1.000],,[],,[],"[0.000, 0.000, 0.000, 0.000, 0.000, 0.000, 0.000, 1.000]"
926,37.04,37.08,silence,1.0,silence,[1.000],,[],,[],"[0.000, 0.000, 0.000, 0.000, 0.000, 0.000, 0.000, 1.000]"
927,37.08,37.12,silence,1.0,silence,[1.000],,[],,[],"[0.000, 0.000, 0.000, 0.000, 0.000, 0.000, 0.000, 1.000]"
928,37.12,37.16,silence,1.0,silence,[1.000],,[],,[],"[0.000, 0.000, 0.000, 0.000, 0.000, 0.000, 0.000, 1.000]"
929,37.16,37.2,silence,1.0,silence,[1.000],,[],,[],"[0.000, 0.000, 0.000, 0.000, 0.000, 0.000, 0.000, 1.000]"
930,37.2,37.24,silence,1.0,silence,[1.000],,[],,[],"[0.000, 0.000, 0.000, 0.000, 0.000, 0.000, 0.000, 1.000]"
931,37.24,37.28,silence,1.0,silence,[1.000],,[],,[],"[0.000, 0.000, 0.000, 0.000, 0.000, 0.000, 0.000, 1.000]"
932,37.28,37.32,silence,1.0,silence,[1.000],,[],,[],"[0.000, 0.000, 0.000, 0.000, 0.000, 0.000, 0.000, 1.000]"
933,37.32,37.36,silence,1.0,silence,[1.000],,[],,[],"[0.000, 0.000, 0.000, 0.000, 0.000, 0.000, 0.000, 1.000]"
934,37.36,37.4,silence,0.9999998807907104,silence,[1.000],,[],,[],"[0.000, 0.000, 0.000, 0.000, 0.000, 0.000, 0.000, 1.000]"
935,37.4,37.44,silence,0.9999997615814209,silence,[1.000],,[],,[],"[0.000, 0.000, 0.000, 0.000, 0.000, 0.000, 0.000, 1.000]"
936,37.44,37.48,silence,0.9999996423721313,silence,[1.000],,[],,[],"[0.000, 0.000, 0.000, 0.000, 0.000, 0.000, 0.000, 1.000]"
937,37.48,37.52,silence,0.9999994039535522,silence,[1.000],,[],,[],"[0.000, 0.000, 0.000, 0.000, 0.000, 0.000, 0.000, 1.000]"
938,37.52,37.56,silence,0.9999991655349731,silence,[1.000],,[],,[],"[0.000, 0.000, 0.000, 0.000, 0.000, 0.000, 0.000, 1.000]"
939,37.56,37.6,silence,0.9999988079071045,silence,[1.000],,[],,[],"[0.000, 0.000, 0.000, 0.000, 0.000, 0.000, 0.000, 1.000]"
940,37.6,37.64,silence,0.9999983310699463,silence,[1.000],,[],,[],"[0.000, 0.000, 0.000, 0.000, 0.000, 0.000, 0.000, 1.000]"
941,37.64,37.68,silence,0.9999977350234985,silence,[1.000],,[],,[],"[0.000, 0.000, 0.000, 0.000, 0.000, 0.000, 0.000, 1.000]"
942,37.68,37.72,silence,0.9999971389770508,silence,[1.000],,[],,[],"[0.000, 0.000, 0.000, 0.000, 0.000, 0.000, 0.000, 1.000]"
943,37.72,37.76,silence,0.999996542930603,silence,[1.000],,[],,[],"[0.000, 0.000, 0.000, 0.000, 0.000, 0.000, 0.000, 1.000]"
944,37.76,37.8,silence,0.9999960660934448,silence,[1.000],,[],,[],"[0.000, 0.000, 0.000, 0.000, 0.000, 0.000, 0.000, 1.000]"
945,37.8,37.84,silence,0.9999954700469971,silence,[1.000],,[],,[],"[0.000, 0.000, 0.000, 0.000, 0.000, 0.000, 0.000, 1.000]"
946,37.84,37.88,silence,0.9999948740005493,silence,[1.000],,[],,[],"[0.000, 0.000, 0.000, 0.000, 0.000, 0.000, 0.000, 1.000]"
947,37.88,37.92,silence,0.9999943971633911,silence,[1.000],,[],,[],"[0.000, 0.000, 0.000, 0.000, 0.000, 0.000, 0.000, 1.000]"
948,37.92,37.96,silence,0.9999938011169434,silence,[1.000],,[],,[],"[0.000, 0.000, 0.000, 0.000, 0.000, 0.000, 0.000, 1.000]"
949,37.96,38.0,silence,0.9999929666519165,silence,[1.000],,[],,[],"[0.000, 0.000, 0.000, 0.000, 0.000, 0.000, 0.000, 1.000]"
950,38.0,38.04,silence,0.9999918937683105,silence,[1.000],,[],,[],"[0.000, 0.000, 0.000, 0.000, 0.000, 0.000, 0.000, 1.000]"
951,38.04,38.08,silence,0.9999903440475464,silence,[1.000],,[],,[],"[0.000, 0.000, 0.000, 0.000, 0.000, 0.000, 0.000, 1.000]"
952,38.08,38.12,silence,0.9999877214431763,silence,[1.000],,[],,[],"[0.000, 0.000, 0.000, 0.000, 0.000, 0.000, 0.000, 1.000]"
953,38.12,38.16,silence,0.9999836683273315,silence,[1.000],,[],,[],"[0.000, 0.000, 0.000, 0.000, 0.000, 0.000, 0.000, 1.000]"
954,38.16,38.2,silence,0.9999765157699585,silence,[1.000],,[],,[],"[0.000, 0.000, 0.000, 0.000, 0.000, 0.000, 0.000, 1.000]"
955,38.2,38.24,silence,0.9999637603759766,silence,[1.000],,[],,[],"[0.000, 0.000, 0.000, 0.000, 0.000, 0.000, 0.000, 1.000]"
956,38.24,38.28,silence,0.9999393224716187,silence,[1.000],,[],,[],"[0.000, 0.000, 0.000, 0.000, 0.000, 0.000, 0.000, 1.000]"
957,38.28,38.32,silence,0.999889612197876,silence,[1.000],,[],,[],"[0.000, 0.000, 0.000, 0.000, 0.000, 0.000, 0.000, 1.000]"
958,38.32,38.36,silence,0.9997822642326355,silence,[1.000],,[],,[],"[0.000, 0.000, 0.000, 0.000, 0.000, 0.000, 0.000, 1.000]"
959,38.36,38.4,silence,0.999535322189331,silence,[1.000],,[],,[],"[0.000, 0.000, 0.000, 0.000, 0.000, 0.000, 0.000, 1.000]"
960,38.4,38.44,silence,0.9989321827888489,silence,[0.999],,[],,[],"[0.000, 0.000, 0.000, 0.000, 0.000, 0.000, 0.000, 0.999]"
961,38.44,38.48,silence,0.9973729848861694,silence,[0.997],,[],,[],"[0.000, 0.000, 0.000, 0.000, 0.000, 0.000, 0.000, 0.997]"
962,38.48,38.52,silence,0.9931328892707825,silence,[0.993],,[],,[],"[0.000, 0.000, 0.000, 0.000, 0.001, 0.000, 0.000, 0.993]"
963,38.52,38.56,silence,0.9811577200889587,silence,[0.981],,[],,[],"[0.000, 0.000, 0.000, 0.000, 0.003, 0.000, 0.000, 0.981]"
964,38.56,38.6,silence,0.9470094442367554,silence,[0.947],,[],,[],"[0.000, 0.000, 0.000, 0.000, 0.013, 0.000, 0.000, 0.947]"
965,38.6,38.64,silence,0.855047345161438,silence,[0.855],,[],,[],"[0.000, 0.000, 0.000, 0.000, 0.060, 0.000, 0.000, 0.855]"
966,38.64,38.68,silence,0.653807520866394,silence,[0.654],,[],,[],"[0.000, 0.000, 0.000, 0.000, 0.234, 0.000, 0.000, 0.654]"
967,38.68,38.72,Liz,0.5849400758743286,Liz,[0.585],,[],,[],"[0.000, 0.000, 0.000, 0.000, 0.585, 0.000, 0.000, 0.372]"
968,38.72,38.76,Liz,0.8624210357666016,Liz,[0.862],,[],,[],"[0.000, 0.000, 0.000, 0.000, 0.862, 0.000, 0.000, 0.154]"
969,38.76,38.8,Liz,0.9638672471046448,Liz,[0.964],,[],,[],"[0.000, 0.000, 0.000, 0.000, 0.964, 0.000, 0.000, 0.053]"
970,38.8,38.84,Liz,0.9907705783843994,Liz,[0.991],,[],,[],"[0.000, 0.000, 0.000, 0.000, 0.991, 0.000, 0.000, 0.017]"
971,38.84,38.88,Liz,0.997532844543457,Liz,[0.998],,[],,[],"[0.000, 0.000, 0.000, 0.000, 0.998, 0.000, 0.000, 0.006]"
972,38.88,38.92,Liz,0.9992904663085938,Liz,[0.999],,[],,[],"[0.000, 0.000, 0.000, 0.000, 0.999, 0.000, 0.000, 0.002]"
973,38.92,38.96,Liz,0.999777615070343,Liz,[1.000],,[],,[],"[0.000, 0.000, 0.000, 0.000, 1.000, 0.000, 0.000, 0.001]"
974,38.96,39.0,Liz,0.999923586845398,Liz,[1.000],,[],,[],"[0.000, 0.000, 0.000, 0.000, 1.000, 0.000, 0.000, 0.000]"
975,39.0,39.04,Liz,0.9999711513519287,Liz,[1.000],,[],,[],"[0.000, 0.000, 0.000, 0.000, 1.000, 0.000, 0.000, 0.000]"
976,39.04,39.08,Liz,0.9999880790710449,Liz,[1.000],,[],,[],"[0.000, 0.000, 0.000, 0.000, 1.000, 0.000, 0.000, 0.000]"
977,39.08,39.12,Liz,0.9999946355819702,Liz,[1.000],,[],,[],"[0.000, 0.000, 0.000, 0.000, 1.000, 0.000, 0.000, 0.000]"
978,39.12,39.16,Liz,0.9999973773956299,Liz,[1.000],,[],,[],"[0.000, 0.000, 0.000, 0.000, 1.000, 0.000, 0.000, 0.000]"
979,39.16,39.2,Liz,0.9999985694885254,Liz,[1.000],,[],,[],"[0.000, 0.000, 0.000, 0.000, 1.000, 0.000, 0.000, 0.000]"
980,39.2,39.24,Liz,0.9999991655349731,Liz,[1.000],,[],,[],"[0.000, 0.000, 0.000, 0.000, 1.000, 0.000, 0.000, 0.000]"
981,39.24,39.28,Liz,0.9999995231628418,Liz,[1.000],,[],,[],"[0.000, 0.000, 0.000, 0.000, 1.000, 0.000, 0.000, 0.000]"
982,39.28,39.32,Liz,0.9999996423721313,Liz,[1.000],,[],,[],"[0.000, 0.000, 0.000, 0.000, 1.000, 0.000, 0.000, 0.000]"
983,39.32,39.36,Liz,0.9999997615814209,Liz,[1.000],,[],,[],"[0.000, 0.000, 0.000, 0.000, 1.000, 0.000, 0.000, 0.000]"
984,39.36,39.4,Liz,0.9999998807907104,Liz,[1.000],,[],,[],"[0.000, 0.000, 0.000, 0.000, 1.000, 0.000, 0.000, 0.000]"
985,39.4,39.44,Liz,0.9999998807907104,Liz,[1.000],,[],,[],"[0.000, 0.000, 0.000, 0.000, 1.000, 0.000, 0.000, 0.000]"
986,39.44,39.48,Liz,0.9999998807907104,Liz,[1.000],,[],,[],"[0.000, 0.000, 0.000, 0.000, 1.000, 0.000, 0.000, 0.000]"
987,39.48,39.52,Liz,0.9999998807907104,Liz,[1.000],,[],,[],"[0.000, 0.000, 0.000, 0.000, 1.000, 0.000, 0.000, 0.000]"
988,39.52,39.56,Liz,0.9999998807907104,Liz,[1.000],,[],,[],"[0.000, 0.000, 0.000, 0.000, 1.000, 0.000, 0.000, 0.000]"
989,39.56,39.6,Liz,0.9999998807907104,Liz,[1.000],,[],,[],"[0.000, 0.000, 0.000, 0.000, 1.000, 0.000, 0.000, 0.000]"
990,39.6,39.64,Liz,0.9999998807907104,Liz,[1.000],,[],,[],"[0.000, 0.000, 0.000, 0.000, 1.000, 0.000, 0.000, 0.000]"
991,39.64,39.68,Liz,0.9999998807907104,Liz,[1.000],,[],,[],"[0.000, 0.000, 0.000, 0.000, 1.000, 0.000, 0.000, 0.000]"
992,39.68,39.72,Liz,0.9999998807907104,Liz,[1.000],,[],,[],"[0.000, 0.000, 0.000, 0.000, 1.000, 0.000, 0.000, 0.000]"
993,39.72,39.76,Liz,0.9999998807907104,Liz,[1.000],,[],,[],"[0.000, 0.000, 0.000, 0.000, 1.000, 0.000, 0.000, 0.000]"
994,39.76,39.8,Liz,0.9999998807907104,Liz,[1.000],,[],,[],"[0.000, 0.000, 0.000, 0.000, 1.000, 0.000, 0.000, 0.000]"
995,39.8,39.84,Liz,0.9999998807907104,Liz,[1.000],,[],,[],"[0.000, 0.000, 0.000, 0.000, 1.000, 0.000, 0.000, 0.000]"
996,39.84,39.88,Liz,0.9999998807907104,Liz,[1.000],,[],,[],"[0.000, 0.000, 0.000, 0.000, 1.000, 0.000, 0.000, 0.000]"
997,39.88,39.92,Liz,0.9999998807907104,Liz,[1.000],,[],,[],"[0.000, 0.000, 0.000, 0.000, 1.000, 0.000, 0.000, 0.000]"
998,39.92,39.96,Liz,0.9999997615814209,Liz,[1.000],,[],,[],"[0.000, 0.000, 0.000, 0.000, 1.000, 0.000, 0.000, 0.000]"
999,39.96,40.0,Liz,0.9999997615814209,Liz,[1.000],,[],,[],"[0.000, 0.000, 0.000, 0.000, 1.000, 0.000, 0.000, 0.000]"
1000,40.0,40.04,Liz,0.9999996423721313,Liz,[1.000],,[],,[],"[0.000, 0.000, 0.000, 0.000, 1.000, 0.000, 0.000, 0.000]"
1001,40.04,40.08,Liz,0.9999996423721313,Liz,[1.000],,[],,[],"[0.000, 0.000, 0.000, 0.000, 1.000, 0.000, 0.000, 0.000]"
1002,40.08,40.12,Liz,0.9999994039535522,Liz,[1.000],,[],,[],"[0.000, 0.000, 0.000, 0.000, 1.000, 0.000, 0.000, 0.000]"
1003,40.12,40.16,Liz,0.9999992847442627,Liz,[1.000],,[],,[],"[0.000, 0.000, 0.000, 0.000, 1.000, 0.000, 0.000, 0.000]"
1004,40.16,40.2,Liz,0.9999990463256836,Liz,[1.000],,[],,[],"[0.000, 0.000, 0.000, 0.000, 1.000, 0.000, 0.000, 0.000]"
1005,40.2,40.24,Liz,0.9999986886978149,Liz,[1.000],,[],,[],"[0.000, 0.000, 0.000, 0.000, 1.000, 0.000, 0.000, 0.000]"
1006,40.24,40.28,Liz,0.9999982118606567,Liz,[1.000],,[],,[],"[0.000, 0.000, 0.000, 0.000, 1.000, 0.000, 0.000, 0.000]"
1007,40.28,40.32,Liz,0.9999974966049194,Liz,[1.000],,[],,[],"[0.000, 0.000, 0.000, 0.000, 1.000, 0.000, 0.000, 0.000]"
1008,40.32,40.36,Liz,0.999996542930603,Liz,[1.000],,[],,[],"[0.000, 0.000, 0.000, 0.000, 1.000, 0.000, 0.000, 0.000]"
1009,40.36,40.4,Liz,0.999995231628418,Liz,[1.000],,[],,[],"[0.000, 0.000, 0.000, 0.000, 1.000, 0.000, 0.000, 0.000]"
1010,40.4,40.44,Liz,0.9999933242797852,Liz,[1.000],,[],,[],"[0.000, 0.000, 0.000, 0.000, 1.000, 0.000, 0.000, 0.000]"
1011,40.44,40.48,Liz,0.9999908208847046,Liz,[1.000],,[],,[],"[0.000, 0.000, 0.000, 0.000, 1.000, 0.000, 0.000, 0.000]"
1012,40.48,40.52,Liz,0.9999872446060181,Liz,[1.000],,[],,[],"[0.000, 0.000, 0.000, 0.000, 1.000, 0.000, 0.000, 0.000]"
1013,40.52,40.56,Liz,0.999982476234436,Liz,[1.000],,[],,[],"[0.000, 0.000, 0.000, 0.000, 1.000, 0.000, 0.000, 0.000]"
1014,40.56,40.6,Liz,0.9999760389328003,Liz,[1.000],,[],,[],"[0.000, 0.000, 0.000, 0.000, 1.000, 0.000, 0.000, 0.000]"
1015,40.6,40.64,Liz,0.9999676942825317,Liz,[1.000],,[],,[],"[0.000, 0.000, 0.000, 0.000, 1.000, 0.000, 0.000, 0.000]"
1016,40.64,40.68,Liz,0.9999569654464722,Liz,[1.000],,[],,[],"[0.000, 0.000, 0.000, 0.000, 1.000, 0.000, 0.000, 0.000]"
1017,40.68,40.72,Liz,0.9999438524246216,Liz,[1.000],,[],,[],"[0.000, 0.000, 0.000, 0.000, 1.000, 0.000, 0.000, 0.000]"
1018,40.72,40.76,Liz,0.9999278783798218,Liz,[1.000],,[],,[],"[0.000, 0.000, 0.000, 0.000, 1.000, 0.000, 0.000, 0.000]"
1019,40.76,40.8,Liz,0.9999090433120728,Liz,[1.000],,[],,[],"[0.000, 0.000, 0.000, 0.000, 1.000, 0.000, 0.000, 0.000]"
1020,40.8,40.84,Liz,0.999887228012085,Liz,[1.000],,[],,[],"[0.000, 0.000, 0.000, 0.000, 1.000, 0.000, 0.000, 0.000]"
1021,40.84,40.88,Liz,0.9998621940612793,Liz,[1.000],,[],,[],"[0.000, 0.000, 0.000, 0.000, 1.000, 0.000, 0.000, 0.000]"
1022,40.88,40.92,Liz,0.999833345413208,Liz,[1.000],,[],,[],"[0.000, 0.000, 0.000, 0.000, 1.000, 0.000, 0.000, 0.000]"
1023,40.92,40.96,Liz,0.9997996687889099,Liz,[1.000],,[],,[],"[0.000, 0.000, 0.000, 0.000, 1.000, 0.000, 0.000, 0.000]"
1024,40.96,41.0,Liz,0.9997591376304626,Liz,[1.000],,[],,[],"[0.000, 0.000, 0.000, 0.000, 1.000, 0.000, 0.000, 0.000]"
1025,41.0,41.04,Liz,0.9997087121009827,Liz,[1.000],,[],,[],"[0.000, 0.000, 0.000, 0.000, 1.000, 0.000, 0.000, 0.000]"
1026,41.04,41.08,Liz,0.9996424913406372,Liz,[1.000],,[],,[],"[0.000, 0.000, 0.000, 0.000, 1.000, 0.000, 0.000, 0.000]"
1027,41.08,41.12,Liz,0.9995511174201965,Liz,[1.000],,[],,[],"[0.000, 0.000, 0.000, 0.000, 1.000, 0.000, 0.000, 0.000]"
1028,41.12,41.16,Liz,0.9994198083877563,Liz,[0.999],,[],,[],"[0.000, 0.000, 0.000, 0.000, 0.999, 0.000, 0.000, 0.000]"
1029,41.16,41.2,Liz,0.9992247819900513,Liz,[0.999],,[],,[],"[0.000, 0.000, 0.000, 0.000, 0.999, 0.000, 0.000, 0.000]"
1030,41.2,41.24,Liz,0.998925507068634,Liz,[0.999],,[],,[],"[0.000, 0.000, 0.000, 0.000, 0.999, 0.000, 0.000, 0.000]"
1031,41.24,41.28,Liz,0.9984473586082458,Liz,[0.998],,[],,[],"[0.000, 0.000, 0.000, 0.000, 0.998, 0.000, 0.000, 0.001]"
1032,41.28,41.32,Liz,0.9976453185081482,Liz,[0.998],,[],,[],"[0.000, 0.000, 0.000, 0.000, 0.998, 0.000, 0.000, 0.001]"
1033,41.32,41.36,Liz,0.9962368011474609,Liz,[0.996],,[],,[],"[0.000, 0.000, 0.000, 0.000, 0.996, 0.000, 0.000, 0.001]"
1034,41.36,41.4,Liz,0.9936217665672302,Liz,[0.994],,[],,[],"[0.000, 0.000, 0.000, 0.000, 0.994, 0.000, 0.000, 0.002]"
1035,41.4,41.44,Liz,0.9884761571884155,Liz,[0.988],,[],,[],"[0.000, 0.000, 0.000, 0.000, 0.988, 0.000, 0.000, 0.004]"
1036,41.44,41.48,Liz,0.9778401255607605,Liz,[0.978],,[],,[],"[0.000, 0.000, 0.000, 0.000, 0.978, 0.000, 0.000, 0.007]"
1037,41.48,41.52,Liz,0.9547942280769348,Liz,[0.955],,[],,[],"[0.000, 0.000, 0.000, 0.000, 0.955, 0.000, 0.000, 0.016]"
1038,41.52,41.56,Liz,0.9033191204071045,Liz,[0.903],,[],,[],"[0.000, 0.000, 0.000, 0.000, 0.903, 0.000, 0.000, 0.037]"
1039,41.56,41.6,Liz,0.7905362844467163,Liz,[0.791],,[],,[],"[0.000, 0.000, 0.000, 0.000, 0.791, 0.000, 0.000, 0.091]"
1040,41.6,41.64,Liz,0.5797865390777588,Liz,[0.580],,[],,[],"[0.000, 0.000, 0.000, 0.000, 0.580, 0.000, 0.000, 0.225]"
1041,41.64,41.68,silence,0.48116716742515564,,[],,[],,[],"[0.000, 0.000, 0.000, 0.000, 0.312, 0.000, 0.000, 0.481]"
1042,41.68,41.72,silence,0.7652812004089355,silence,[0.765],,[],,[],"[0.000, 0.000, 0.000, 0.000, 0.117, 0.000, 0.000, 0.765]"
1043,41.72,41.76,silence,0.925798773765564,silence,[0.926],,[],,[],"[0.000, 0.000, 0.000, 0.000, 0.033, 0.000, 0.000, 0.926]"
1044,41.76,41.8,silence,0.980853259563446,silence,[0.981],,[],,[],"[0.000, 0.000, 0.000, 0.000, 0.008, 0.000, 0.000, 0.981]"
1045,41.8,41.84,silence,0.9955371618270874,silence,[0.996],,[],,[],"[0.000, 0.000, 0.000, 0.000, 0.002, 0.000, 0.000, 0.996]"
1046,41.84,41.88,silence,0.9990196228027344,silence,[0.999],,[],,[],"[0.000, 0.000, 0.000, 0.000, 0.000, 0.000, 0.000, 0.999]"
1047,41.88,41.92,silence,0.9997929930686951,silence,[1.000],,[],,[],"[0.000, 0.000, 0.000, 0.000, 0.000, 0.000, 0.000, 1.000]"
1048,41.92,41.96,silence,0.9999573230743408,silence,[1.000],,[],,[],"[0.000, 0.000, 0.000, 0.000, 0.000, 0.000, 0.000, 1.000]"
1049,41.96,42.0,silence,0.9999912977218628,silence,[1.000],,[],,[],"[0.000, 0.000, 0.000, 0.000, 0.000, 0.000, 0.000, 1.000]"
1050,42.0,42.04,silence,0.9999982118606567,silence,[1.000],,[],,[],"[0.000, 0.000, 0.000, 0.000, 0.000, 0.000, 0.000, 1.000]"
1051,42.04,42.08,silence,0.9999996423721313,silence,[1.000],,[],,[],"[0.000, 0.000, 0.000, 0.000, 0.000, 0.000, 0.000, 1.000]"
1052,42.08,42.12,silence,0.9999998807907104,silence,[1.000],,[],,[],"[0.000, 0.000, 0.000, 0.000, 0.000, 0.000, 0.000, 1.000]"
1053,42.12,42.16,silence,1.0,silence,[1.000],,[],,[],"[0.000, 0.000, 0.000, 0.000, 0.000, 0.000, 0.000, 1.000]"
1054,42.16,42.2,silence,1.0,silence,[1.000],,[],,[],"[0.000, 0.000, 0.000, 0.000, 0.000, 0.000, 0.000, 1.000]"
1055,42.2,42.24,silence,1.0,silence,[1.000],,[],,[],"[0.000, 0.000, 0.000, 0.000, 0.000, 0.000, 0.000, 1.000]"
1056,42.24,42.28,silence,1.0,silence,[1.000],,[],,[],"[0.000, 0.000, 0.000, 0.000, 0.000, 0.000, 0.000, 1.000]"
1057,42.28,42.32,silence,1.0,silence,[1.000],,[],,[],"[0.000, 0.000, 0.000, 0.000, 0.000, 0.000, 0.000, 1.000]"
1058,42.32,42.36,silence,1.0,silence,[1.000],,[],,[],"[0.000, 0.000, 0.000, 0.000, 0.000, 0.000, 0.000, 1.000]"
1059,42.36,42.4,silence,1.0,silence,[1.000],,[],,[],"[0.000, 0.000, 0.000, 0.000, 0.000, 0.000, 0.000, 1.000]"
1060,42.4,42.44,silence,1.0,silence,[1.000],,[],,[],"[0.000, 0.000, 0.000, 0.000, 0.000, 0.000, 0.000, 1.000]"
1061,42.44,42.48,silence,1.0,silence,[1.000],,[],,[],"[0.000, 0.000, 0.000, 0.000, 0.000, 0.000, 0.000, 1.000]"
1062,42.48,42.52,silence,1.0,silence,[1.000],,[],,[],"[0.000, 0.000, 0.000, 0.000, 0.000, 0.000, 0.000, 1.000]"
1063,42.52,42.56,silence,1.0,silence,[1.000],,[],,[],"[0.000, 0.000, 0.000, 0.000, 0.000, 0.000, 0.000, 1.000]"
1064,42.56,42.6,silence,1.0,silence,[1.000],,[],,[],"[0.000, 0.000, 0.000, 0.000, 0.000, 0.000, 0.000, 1.000]"
1065,42.6,42.64,silence,1.0,silence,[1.000],,[],,[],"[0.000, 0.000, 0.000, 0.000, 0.000, 0.000, 0.000, 1.000]"
1066,42.64,42.68,silence,1.0,silence,[1.000],,[],,[],"[0.000, 0.000, 0.000, 0.000, 0.000, 0.000, 0.000, 1.000]"
1067,42.68,42.72,silence,1.0,silence,[1.000],,[],,[],"[0.000, 0.000, 0.000, 0.000, 0.000, 0.000, 0.000, 1.000]"
1068,42.72,42.76,silence,1.0,silence,[1.000],,[],,[],"[0.000, 0.000, 0.000, 0.000, 0.000, 0.000, 0.000, 1.000]"
1069,42.76,42.8,silence,1.0,silence,[1.000],,[],,[],"[0.000, 0.000, 0.000, 0.000, 0.000, 0.000, 0.000, 1.000]"
1070,42.8,42.84,silence,1.0,silence,[1.000],,[],,[],"[0.000, 0.000, 0.000, 0.000, 0.000, 0.000, 0.000, 1.000]"
1071,42.84,42.88,silence,1.0,silence,[1.000],,[],,[],"[0.000, 0.000, 0.000, 0.000, 0.000, 0.000, 0.000, 1.000]"
1072,42.88,42.92,silence,1.0,silence,[1.000],,[],,[],"[0.000, 0.000, 0.000, 0.000, 0.000, 0.000, 0.000, 1.000]"
1073,42.92,42.96,silence,1.0,silence,[1.000],,[],,[],"[0.000, 0.000, 0.000, 0.000, 0.000, 0.000, 0.000, 1.000]"
1074,42.96,43.0,silence,1.0,silence,[1.000],,[],,[],"[0.000, 0.000, 0.000, 0.000, 0.000, 0.000, 0.000, 1.000]"
1075,43.0,43.04,silence,1.0,silence,[1.000],,[],,[],"[0.000, 0.000, 0.000, 0.000, 0.000, 0.000, 0.000, 1.000]"
1076,43.04,43.08,silence,1.0,silence,[1.000],,[],,[],"[0.000, 0.000, 0.000, 0.000, 0.000, 0.000, 0.000, 1.000]"
1077,43.08,43.12,silence,1.0,silence,[1.000],,[],,[],"[0.000, 0.000, 0.000, 0.000, 0.000, 0.000, 0.000, 1.000]"
1078,43.12,43.16,silence,1.0,silence,[1.000],,[],,[],"[0.000, 0.000, 0.000, 0.000, 0.000, 0.000, 0.000, 1.000]"
1079,43.16,43.2,silence,1.0,silence,[1.000],,[],,[],"[0.000, 0.000, 0.000, 0.000, 0.000, 0.000, 0.000, 1.000]"
1080,43.2,43.24,silence,1.0,silence,[1.000],,[],,[],"[0.000, 0.000, 0.000, 0.000, 0.000, 0.000, 0.000, 1.000]"
1081,43.24,43.28,silence,0.9999998807907104,silence,[1.000],,[],,[],"[0.000, 0.000, 0.000, 0.000, 0.000, 0.000, 0.000, 1.000]"
1082,43.28,43.32,silence,0.9999994039535522,silence,[1.000],,[],,[],"[0.000, 0.000, 0.000, 0.000, 0.000, 0.000, 0.000, 1.000]"
1083,43.32,43.36,silence,0.9999972581863403,silence,[1.000],,[],,[],"[0.000, 0.000, 0.000, 0.000, 0.000, 0.000, 0.000, 1.000]"
1084,43.36,43.4,silence,0.9999873638153076,silence,[1.000],,[],,[],"[0.000, 0.000, 0.000, 0.000, 0.000, 0.000, 0.000, 1.000]"
1085,43.4,43.44,silence,0.9999426603317261,silence,[1.000],,[],,[],"[0.000, 0.000, 0.000, 0.000, 0.000, 0.000, 0.000, 1.000]"
1086,43.44,43.48,silence,0.9997496008872986,silence,[1.000],,[],,[],"[0.000, 0.000, 0.000, 0.000, 0.000, 0.000, 0.000, 1.000]"
1087,43.48,43.52,silence,0.9989622831344604,silence,[0.999],,[],,[],"[0.000, 0.000, 0.000, 0.000, 0.000, 0.000, 0.000, 0.999]"
1088,43.52,43.56,silence,0.9959598183631897,silence,[0.996],,[],,[],"[0.000, 0.000, 0.000, 0.000, 0.000, 0.000, 0.000, 0.996]"
1089,43.56,43.6,silence,0.9853996634483337,silence,[0.985],,[],,[],"[0.000, 0.000, 0.000, 0.000, 0.000, 0.000, 0.000, 0.985]"
1090,43.6,43.64,silence,0.9520531892776489,silence,[0.952],,[],,[],"[0.000, 0.000, 0.000, 0.000, 0.000, 0.000, 0.000, 0.952]"
1091,43.64,43.68,silence,0.863274097442627,silence,[0.863],,[],,[],"[0.000, 0.000, 0.000, 0.000, 0.000, 0.000, 0.000, 0.863]"
1092,43.68,43.72,silence,0.685813307762146,silence,[0.686],,[],,[],"[0.000, 0.000, 0.000, 0.000, 0.000, 0.000, 0.000, 0.686]"
1093,43.72,43.76,silence,0.45261621475219727,,[],,[],,[],"[0.000, 0.000, 0.000, 0.000, 0.000, 0.000, 0.000, 0.453]"
1094,43.76,43.8,silence,0.25812363624572754,,[],,[],,[],"[0.000, 0.000, 0.000, 0.000, 0.000, 0.000, 0.000, 0.258]"
1095,43.8,43.84,silence,0.14124543964862823,,[],,[],,[],"[0.000, 0.000, 0.000, 0.000, 0.000, 0.000, 0.000, 0.141]"
1096,43.84,43.88,silence,0.08082984387874603,,[],,[],,[],"[0.000, 0.000, 0.000, 0.000, 0.000, 0.000, 0.000, 0.081]"
1097,43.88,43.92,silence,0.05071275681257248,,[],,[],,[],"[0.000, 0.000, 0.000, 0.000, 0.000, 0.000, 0.000, 0.051]"
1098,43.92,43.96,silence,0.035733453929424286,,[],,[],,[],"[0.000, 0.000, 0.000, 0.000, 0.000, 0.000, 0.000, 0.036]"
1099,43.96,44.0,silence,0.028576666489243507,,[],,[],,[],"[0.000, 0.000, 0.000, 0.000, 0.000, 0.000, 0.000, 0.029]"
1100,44.0,44.04,silence,0.02593166194856167,,[],,[],,[],"[0.000, 0.000, 0.000, 0.000, 0.000, 0.000, 0.000, 0.026]"
1101,44.04,44.08,silence,0.02665874734520912,,[],,[],,[],"[0.000, 0.000, 0.000, 0.000, 0.000, 0.000, 0.000, 0.027]"
1102,44.08,44.12,silence,0.030926600098609924,,[],,[],,[],"[0.000, 0.000, 0.000, 0.000, 0.000, 0.000, 0.000, 0.031]"
1103,44.12,44.16,silence,0.04017680510878563,,[],,[],,[],"[0.000, 0.000, 0.000, 0.000, 0.000, 0.000, 0.000, 0.040]"
1104,44.16,44.2,silence,0.057682182639837265,,[],,[],,[],"[0.000, 0.000, 0.000, 0.000, 0.000, 0.000, 0.000, 0.058]"
1105,44.2,44.24,silence,0.08987390249967575,,[],,[],,[],"[0.000, 0.000, 0.000, 0.000, 0.000, 0.000, 0.000, 0.090]"
1106,44.24,44.28,silence,0.14768768846988678,,[],,[],,[],"[0.000, 0.000, 0.000, 0.000, 0.000, 0.000, 0.000, 0.148]"
1107,44.28,44.32,silence,0.24623019993305206,,[],,[],,[],"[0.000, 0.000, 0.000, 0.000, 0.000, 0.000, 0.000, 0.246]"
1108,44.32,44.36,silence,0.3962515890598297,,[],,[],,[],"[0.000, 0.000, 0.000, 0.000, 0.000, 0.000, 0.000, 0.396]"
1109,44.36,44.4,silence,0.5821206569671631,silence,[0.582],,[],,[],"[0.000, 0.000, 0.000, 0.000, 0.000, 0.000, 0.000, 0.582]"
1110,44.4,44.44,silence,0.7555385231971741,silence,[0.756],,[],,[],"[0.000, 0.000, 0.000, 0.000, 0.000, 0.000, 0.000, 0.756]"
1111,44.44,44.48,silence,0.8762450814247131,silence,[0.876],,[],,[],"[0.000, 0.000, 0.000, 0.000, 0.000, 0.000, 0.000, 0.876]"
1112,44.48,44.52,silence,0.9429519176483154,silence,[0.943],,[],,[],"[0.000, 0.000, 0.000, 0.000, 0.000, 0.000, 0.000, 0.943]"
1113,44.52,44.56,silence,0.9749300479888916,silence,[0.975],,[],,[],"[0.000, 0.000, 0.000, 0.000, 0.000, 0.000, 0.000, 0.975]"
1114,44.56,44.6,silence,0.9891633987426758,silence,[0.989],,[],,[],"[0.000, 0.000, 0.000, 0.000, 0.000, 0.000, 0.000, 0.989]"
1115,44.6,44.64,silence,0.9952932000160217,silence,[0.995],,[],,[],"[0.000, 0.000, 0.000, 0.000, 0.000, 0.000, 0.000, 0.995]"
1116,44.64,44.68,silence,0.9979155659675598,silence,[0.998],,[],,[],"[0.000, 0.000, 0.000, 0.000, 0.000, 0.000, 0.000, 0.998]"
1117,44.68,44.72,silence,0.9990468621253967,silence,[0.999],,[],,[],"[0.000, 0.000, 0.000, 0.000, 0.000, 0.000, 0.000, 0.999]"
1118,44.72,44.76,silence,0.9995438456535339,silence,[1.000],,[],,[],"[0.000, 0.000, 0.000, 0.000, 0.000, 0.000, 0.000, 1.000]"
1119,44.76,44.8,silence,0.9997686743736267,silence,[1.000],,[],,[],"[0.000, 0.000, 0.000, 0.000, 0.000, 0.000, 0.000, 1.000]"
1120,44.8,44.84,silence,0.9998749494552612,silence,[1.000],,[],,[],"[0.000, 0.000, 0.000, 0.000, 0.000, 0.000, 0.000, 1.000]"
1121,44.84,44.88,silence,0.9999277591705322,silence,[1.000],,[],,[],"[0.000, 0.000, 0.000, 0.000, 0.000, 0.000, 0.000, 1.000]"
1122,44.88,44.92,silence,0.999955415725708,silence,[1.000],,[],,[],"[0.000, 0.000, 0.000, 0.000, 0.000, 0.000, 0.000, 1.000]"
1123,44.92,44.96,silence,0.9999706745147705,silence,[1.000],,[],,[],"[0.000, 0.000, 0.000, 0.000, 0.000, 0.000, 0.000, 1.000]"
1124,44.96,45.0,silence,0.9999794960021973,silence,[1.000],,[],,[],"[0.000, 0.000, 0.000, 0.000, 0.000, 0.000, 0.000, 1.000]"
1125,45.0,45.04,silence,0.9999847412109375,silence,[1.000],,[],,[],"[0.000, 0.000, 0.000, 0.000, 0.000, 0.000, 0.000, 1.000]"
1126,45.04,45.08,silence,0.9999879598617554,silence,[1.000],,[],,[],"[0.000, 0.000, 0.000, 0.000, 0.000, 0.000, 0.000, 1.000]"
1127,45.08,45.12,silence,0.9999898672103882,silence,[1.000],,[],,[],"[0.000, 0.000, 0.000, 0.000, 0.000, 0.000, 0.000, 1.000]"
1128,45.12,45.16,silence,0.9999909400939941,silence,[1.000],,[],,[],"[0.000, 0.000, 0.000, 0.000, 0.000, 0.000, 0.000, 1.000]"
1129,45.16,45.2,silence,0.9999912977218628,silence,[1.000],,[],,[],"[0.000, 0.000, 0.000, 0.000, 0.000, 0.000, 0.000, 1.000]"
1130,45.2,45.24,silence,0.9999910593032837,silence,[1.000],,[],,[],"[0.000, 0.000, 0.000, 0.000, 0.000, 0.000, 0.000, 1.000]"
1131,45.24,45.28,silence,0.9999898672103882,silence,[1.000],,[],,[],"[0.000, 0.000, 0.000, 0.000, 0.000, 0.000, 0.000, 1.000]"
1132,45.28,45.32,silence,0.9999877214431763,silence,[1.000],,[],,[],"[0.000, 0.000, 0.000, 0.000, 0.000, 0.000, 0.000, 1.000]"
1133,45.32,45.36,silence,0.9999836683273315,silence,[1.000],,[],,[],"[0.000, 0.000, 0.000, 0.000, 0.000, 0.000, 0.000, 1.000]"
1134,45.36,45.4,silence,0.9999767541885376,silence,[1.000],,[],,[],"[0.000, 0.000, 0.000, 0.000, 0.000, 0.000, 0.000, 1.000]"
1135,45.4,45.44,silence,0.9999639987945557,silence,[1.000],,[],,[],"[0.000, 0.000, 0.000, 0.000, 0.000, 0.000, 0.000, 1.000]"
1136,45.44,45.48,silence,0.9999403953552246,silence,[1.000],,[],,[],"[0.000, 0.000, 0.000, 0.000, 0.000, 0.000, 0.000, 1.000]"
1137,45.48,45.52,silence,0.9998941421508789,silence,[1.000],,[],,[],"[0.000, 0.000, 0.000, 0.000, 0.000, 0.000, 0.000, 1.000]"
1138,45.52,45.56,silence,0.999799907207489,silence,[1.000],,[],,[],"[0.000, 0.000, 0.000, 0.000, 0.000, 0.000, 0.000, 1.000]"
1139,45.56,45.6,silence,0.999600350856781,silence,[1.000],,[],,[],"[0.000, 0.000, 0.000, 0.000, 0.000, 0.000, 0.000, 1.000]"
1140,45.6,45.64,silence,0.9991617202758789,silence,[0.999],,[],,[],"[0.000, 0.000, 0.000, 0.000, 0.000, 0.000, 0.000, 0.999]"
1141,45.64,45.68,silence,0.9981663823127747,silence,[0.998],,[],,[],"[0.000, 0.000, 0.000, 0.000, 0.000, 0.000, 0.000, 0.998]"
1142,45.68,45.72,silence,0.9958493709564209,silence,[0.996],,[],,[],"[0.000, 0.000, 0.000, 0.000, 0.000, 0.000, 0.000, 0.996]"
1143,45.72,45.76,silence,0.9903717041015625,silence,[0.990],,[],,[],"[0.000, 0.000, 0.000, 0.000, 0.000, 0.000, 0.000, 0.990]"
1144,45.76,45.8,silence,0.9773693680763245,silence,[0.977],,[],,[],"[0.000, 0.000, 0.000, 0.000, 0.000, 0.000, 0.000, 0.977]"
1145,45.8,45.84,silence,0.9468801021575928,silence,[0.947],,[],,[],"[0.000, 0.000, 0.000, 0.000, 0.001, 0.000, 0.000, 0.947]"
1146,45.84,45.88,silence,0.879091203212738,silence,[0.879],,[],,[],"[0.000, 0.000, 0.000, 0.000, 0.002, 0.000, 0.000, 0.879]"
1147,45.88,45.92,silence,0.7466909289360046,silence,[0.747],,[],,[],"[0.000, 0.000, 0.000, 0.000, 0.006, 0.000, 0.000, 0.747]"
1148,45.92,45.96,silence,0.5445848703384399,silence,[0.545],,[],,[],"[0.000, 0.000, 0.000, 0.000, 0.018, 0.000, 0.000, 0.545]"
1149,45.96,46.0,silence,0.3279340863227844,,[],,[],,[],"[0.000, 0.000, 0.000, 0.000, 0.052, 0.000, 0.000, 0.328]"
1150,46.0,46.04,silence,0.16774021089076996,,[],,[],,[],"[0.000, 0.000, 0.000, 0.000, 0.139, 0.000, 0.000, 0.168]"
1151,46.04,46.08,silence,0.07812647521495819,,[],,[],,[],"[0.000, 0.000, 0.000, 0.000, 0.318, 0.000, 0.000, 0.078]"
1152,46.08,46.12,Liz,0.5711524486541748,Liz,[0.571],,[],,[],"[0.000, 0.000, 0.000, 0.000, 0.571, 0.000, 0.000, 0.035]"
1153,46.12,46.16,Liz,0.7892969846725464,Liz,[0.789],,[],,[],"[0.000, 0.000, 0.000, 0.000, 0.789, 0.000, 0.000, 0.016]"
1154,46.16,46.2,Liz,0.9119701385498047,Liz,[0.912],,[],,[],"[0.000, 0.000, 0.000, 0.000, 0.912, 0.000, 0.000, 0.007]"
1155,46.2,46.24,Liz,0.9656100869178772,Liz,[0.966],,[],,[],"[0.000, 0.000, 0.000, 0.000, 0.966, 0.000, 0.000, 0.004]"
1156,46.24,46.28,Liz,0.9867609739303589,Liz,[0.987],,[],,[],"[0.000, 0.000, 0.000, 0.000, 0.987, 0.000, 0.000, 0.002]"
1157,46.28,46.32,Liz,0.9948581457138062,Liz,[0.995],,[],,[],"[0.000, 0.000, 0.000, 0.000, 0.995, 0.000, 0.000, 0.001]"
1158,46.32,46.36,Liz,0.9979650974273682,Liz,[0.998],,[],,[],"[0.000, 0.000, 0.000, 0.000, 0.998, 0.000, 0.000, 0.001]"
1159,46.36,46.4,Liz,0.9991744160652161,Liz,[0.999],,[],,[],"[0.000, 0.000, 0.000, 0.000, 0.999, 0.000, 0.000, 0.000]"
1160,46.4,46.44,Liz,0.99965500831604,Liz,[1.000],,[],,[],"[0.000, 0.000, 0.000, 0.000, 1.000, 0.000, 0.000, 0.000]"
1161,46.44,46.48,Liz,0.999850869178772,Liz,[1.000],,[],,[],"[0.000, 0.000, 0.000, 0.000, 1.000, 0.000, 0.000, 0.000]"
1162,46.48,46.52,Liz,0.9999332427978516,Liz,[1.000],,[],,[],"[0.000, 0.000, 0.000, 0.000, 1.000, 0.000, 0.000, 0.000]"
1163,46.52,46.56,Liz,0.9999688863754272,Liz,[1.000],,[],,[],"[0.000, 0.000, 0.000, 0.000, 1.000, 0.000, 0.000, 0.000]"
1164,46.56,46.6,Liz,0.9999849796295166,Liz,[1.000],,[],,[],"[0.000, 0.000, 0.000, 0.000, 1.000, 0.000, 0.000, 0.000]"
1165,46.6,46.64,Liz,0.9999923706054688,Liz,[1.000],,[],,[],"[0.000, 0.000, 0.000, 0.000, 1.000, 0.000, 0.000, 0.000]"
1166,46.64,46.68,Liz,0.9999959468841553,Liz,[1.000],,[],,[],"[0.000, 0.000, 0.000, 0.000, 1.000, 0.000, 0.000, 0.000]"
1167,46.68,46.72,Liz,0.9999977350234985,Liz,[1.000],,[],,[],"[0.000, 0.000, 0.000, 0.000, 1.000, 0.000, 0.000, 0.000]"
1168,46.72,46.76,Liz,0.9999986886978149,Liz,[1.000],,[],,[],"[0.000, 0.000, 0.000, 0.000, 1.000, 0.000, 0.000, 0.000]"
1169,46.76,46.8,Liz,0.9999991655349731,Liz,[1.000],,[],,[],"[0.000, 0.000, 0.000, 0.000, 1.000, 0.000, 0.000, 0.000]"
1170,46.8,46.84,Liz,0.9999995231628418,Liz,[1.000],,[],,[],"[0.000, 0.000, 0.000, 0.000, 1.000, 0.000, 0.000, 0.000]"
1171,46.84,46.88,Liz,0.9999996423721313,Liz,[1.000],,[],,[],"[0.000, 0.000, 0.000, 0.000, 1.000, 0.000, 0.000, 0.000]"
1172,46.88,46.92,Liz,0.9999997615814209,Liz,[1.000],,[],,[],"[0.000, 0.000, 0.000, 0.000, 1.000, 0.000, 0.000, 0.000]"
1173,46.92,46.96,Liz,0.9999997615814209,Liz,[1.000],,[],,[],"[0.000, 0.000, 0.000, 0.000, 1.000, 0.000, 0.000, 0.000]"
1174,46.96,47.0,Liz,0.9999998807907104,Liz,[1.000],,[],,[],"[0.000, 0.000, 0.000, 0.000, 1.000, 0.000, 0.000, 0.000]"
1175,47.0,47.04,Liz,0.9999998807907104,Liz,[1.000],,[],,[],"[0.000, 0.000, 0.000, 0.000, 1.000, 0.000, 0.000, 0.000]"
1176,47.04,47.08,Liz,0.9999998807907104,Liz,[1.000],,[],,[],"[0.000, 0.000, 0.000, 0.000, 1.000, 0.000, 0.000, 0.000]"
1177,47.08,47.12,Liz,0.9999998807907104,Liz,[1.000],,[],,[],"[0.000, 0.000, 0.000, 0.000, 1.000, 0.000, 0.000, 0.000]"
1178,47.12,47.16,Liz,0.9999998807907104,Liz,[1.000],,[],,[],"[0.000, 0.000, 0.000, 0.000, 1.000, 0.000, 0.000, 0.000]"
1179,47.16,47.2,Liz,0.9999998807907104,Liz,[1.000],,[],,[],"[0.000, 0.000, 0.000, 0.000, 1.000, 0.000, 0.000, 0.000]"
1180,47.2,47.24,Liz,0.9999998807907104,Liz,[1.000],,[],,[],"[0.000, 0.000, 0.000, 0.000, 1.000, 0.000, 0.000, 0.000]"
1181,47.24,47.28,Liz,0.9999998807907104,Liz,[1.000],,[],,[],"[0.000, 0.000, 0.000, 0.000, 1.000, 0.000, 0.000, 0.000]"
1182,47.28,47.32,Liz,0.9999998807907104,Liz,[1.000],,[],,[],"[0.000, 0.000, 0.000, 0.000, 1.000, 0.000, 0.000, 0.000]"
1183,47.32,47.36,Liz,0.9999998807907104,Liz,[1.000],,[],,[],"[0.000, 0.000, 0.000, 0.000, 1.000, 0.000, 0.000, 0.000]"
1184,47.36,47.4,Liz,0.9999998807907104,Liz,[1.000],,[],,[],"[0.000, 0.000, 0.000, 0.000, 1.000, 0.000, 0.000, 0.000]"
1185,47.4,47.44,Liz,0.9999998807907104,Liz,[1.000],,[],,[],"[0.000, 0.000, 0.000, 0.000, 1.000, 0.000, 0.000, 0.000]"
1186,47.44,47.48,Liz,0.9999998807907104,Liz,[1.000],,[],,[],"[0.000, 0.000, 0.000, 0.000, 1.000, 0.000, 0.000, 0.000]"
1187,47.48,47.52,Liz,0.9999998807907104,Liz,[1.000],,[],,[],"[0.000, 0.000, 0.000, 0.000, 1.000, 0.000, 0.000, 0.000]"
1188,47.52,47.56,Liz,0.9999998807907104,Liz,[1.000],,[],,[],"[0.000, 0.000, 0.000, 0.000, 1.000, 0.000, 0.000, 0.000]"
1189,47.56,47.6,Liz,0.9999998807907104,Liz,[1.000],,[],,[],"[0.000, 0.000, 0.000, 0.000, 1.000, 0.000, 0.000, 0.000]"
1190,47.6,47.64,Liz,0.9999997615814209,Liz,[1.000],,[],,[],"[0.000, 0.000, 0.000, 0.000, 1.000, 0.000, 0.000, 0.000]"
1191,47.64,47.68,Liz,0.9999997615814209,Liz,[1.000],,[],,[],"[0.000, 0.000, 0.000, 0.000, 1.000, 0.000, 0.000, 0.000]"
1192,47.68,47.72,Liz,0.9999996423721313,Liz,[1.000],,[],,[],"[0.000, 0.000, 0.000, 0.000, 1.000, 0.000, 0.000, 0.000]"
1193,47.72,47.76,Liz,0.9999994039535522,Liz,[1.000],,[],,[],"[0.000, 0.000, 0.000, 0.000, 1.000, 0.000, 0.000, 0.000]"
1194,47.76,47.8,Liz,0.9999991655349731,Liz,[1.000],,[],,[],"[0.000, 0.000, 0.000, 0.000, 1.000, 0.000, 0.000, 0.000]"
1195,47.8,47.84,Liz,0.999998927116394,Liz,[1.000],,[],,[],"[0.000, 0.000, 0.000, 0.000, 1.000, 0.000, 0.000, 0.000]"
1196,47.84,47.88,Liz,0.9999984502792358,Liz,[1.000],,[],,[],"[0.000, 0.000, 0.000, 0.000, 1.000, 0.000, 0.000, 0.000]"
1197,47.88,47.92,Liz,0.9999977350234985,Liz,[1.000],,[],,[],"[0.000, 0.000, 0.000, 0.000, 1.000, 0.000, 0.000, 0.000]"
1198,47.92,47.96,Liz,0.9999967813491821,Liz,[1.000],,[],,[],"[0.000, 0.000, 0.000, 0.000, 1.000, 0.000, 0.000, 0.000]"
1199,47.96,48.0,Liz,0.9999957084655762,Liz,[1.000],,[],,[],"[0.000, 0.000, 0.000, 0.000, 1.000, 0.000, 0.000, 0.000]"
1200,48.0,48.04,Liz,0.9999942779541016,Liz,[1.000],,[],,[],"[0.000, 0.000, 0.000, 0.000, 1.000, 0.000, 0.000, 0.000]"
1201,48.04,48.08,Liz,0.999992847442627,Liz,[1.000],,[],,[],"[0.000, 0.000, 0.000, 0.000, 1.000, 0.000, 0.000, 0.000]"
1202,48.08,48.12,Liz,0.9999912977218628,Liz,[1.000],,[],,[],"[0.000, 0.000, 0.000, 0.000, 1.000, 0.000, 0.000, 0.000]"
1203,48.12,48.16,Liz,0.9999898672103882,Liz,[1.000],,[],,[],"[0.000, 0.000, 0.000, 0.000, 1.000, 0.000, 0.000, 0.000]"
1204,48.16,48.2,Liz,0.9999889135360718,Liz,[1.000],,[],,[],"[0.000, 0.000, 0.000, 0.000, 1.000, 0.000, 0.000, 0.000]"
1205,48.2,48.24,Liz,0.999988317489624,Liz,[1.000],,[],,[],"[0.000, 0.000, 0.000, 0.000, 1.000, 0.000, 0.000, 0.000]"
1206,48.24,48.28,Liz,0.999988317489624,Liz,[1.000],,[],,[],"[0.000, 0.000, 0.000, 0.000, 1.000, 0.000, 0.000, 0.000]"
1207,48.28,48.32,Liz,0.9999887943267822,Liz,[1.000],,[],,[],"[0.000, 0.000, 0.000, 0.000, 1.000, 0.000, 0.000, 0.000]"
1208,48.32,48.36,Liz,0.9999897480010986,Liz,[1.000],,[],,[],"[0.000, 0.000, 0.000, 0.000, 1.000, 0.000, 0.000, 0.000]"
1209,48.36,48.4,Liz,0.9999908208847046,Liz,[1.000],,[],,[],"[0.000, 0.000, 0.000, 0.000, 1.000, 0.000, 0.000, 0.000]"
1210,48.4,48.44,Liz,0.9999920129776001,Liz,[1.000],,[],,[],"[0.000, 0.000, 0.000, 0.000, 1.000, 0.000, 0.000, 0.000]"
1211,48.44,48.48,Liz,0.9999933242797852,Liz,[1.000],,[],,[],"[0.000, 0.000, 0.000, 0.000, 1.000, 0.000, 0.000, 0.000]"
1212,48.48,48.52,Liz,0.9999943971633911,Liz,[1.000],,[],,[],"[0.000, 0.000, 0.000, 0.000, 1.000, 0.000, 0.000, 0.000]"
1213,48.52,48.56,Liz,0.9999953508377075,Liz,[1.000],,[],,[],"[0.000, 0.000, 0.000, 0.000, 1.000, 0.000, 0.000, 0.000]"
1214,48.56,48.6,Liz,0.9999960660934448,Liz,[1.000],,[],,[],"[0.000, 0.000, 0.000, 0.000, 1.000, 0.000, 0.000, 0.000]"
1215,48.6,48.64,Liz,0.9999966621398926,Liz,[1.000],,[],,[],"[0.000, 0.000, 0.000, 0.000, 1.000, 0.000, 0.000, 0.000]"
1216,48.64,48.68,Liz,0.9999971389770508,Liz,[1.000],,[],,[],"[0.000, 0.000, 0.000, 0.000, 1.000, 0.000, 0.000, 0.000]"
1217,48.68,48.72,Liz,0.9999973773956299,Liz,[1.000],,[],,[],"[0.000, 0.000, 0.000, 0.000, 1.000, 0.000, 0.000, 0.000]"
1218,48.72,48.76,Liz,0.9999974966049194,Liz,[1.000],,[],,[],"[0.000, 0.000, 0.000, 0.000, 1.000, 0.000, 0.000, 0.000]"
1219,48.76,48.8,Liz,0.9999974966049194,Liz,[1.000],,[],,[],"[0.000, 0.000, 0.000, 0.000, 1.000, 0.000, 0.000, 0.000]"
1220,48.8,48.84,Liz,0.9999972581863403,Liz,[1.000],,[],,[],"[0.000, 0.000, 0.000, 0.000, 1.000, 0.000, 0.000, 0.000]"
1221,48.84,48.88,Liz,0.9999967813491821,Liz,[1.000],,[],,[],"[0.000, 0.000, 0.000, 0.000, 1.000, 0.000, 0.000, 0.000]"
1222,48.88,48.92,Liz,0.9999958276748657,Liz,[1.000],,[],,[],"[0.000, 0.000, 0.000, 0.000, 1.000, 0.000, 0.000, 0.000]"
1223,48.92,48.96,Liz,0.999994158744812,Liz,[1.000],,[],,[],"[0.000, 0.000, 0.000, 0.000, 1.000, 0.000, 0.000, 0.000]"
1224,48.96,49.0,Liz,0.9999909400939941,Liz,[1.000],,[],,[],"[0.000, 0.000, 0.000, 0.000, 1.000, 0.000, 0.000, 0.000]"
1225,49.0,49.04,Liz,0.999984860420227,Liz,[1.000],,[],,[],"[0.000, 0.000, 0.000, 0.000, 1.000, 0.000, 0.000, 0.000]"
1226,49.04,49.08,Liz,0.9999721050262451,Liz,[1.000],,[],,[],"[0.000, 0.000, 0.000, 0.000, 1.000, 0.000, 0.000, 0.000]"
1227,49.08,49.12,Liz,0.9999436140060425,Liz,[1.000],,[],,[],"[0.000, 0.000, 0.000, 0.000, 1.000, 0.000, 0.000, 0.000]"
1228,49.12,49.16,Liz,0.9998757839202881,Liz,[1.000],,[],,[],"[0.000, 0.000, 0.000, 0.000, 1.000, 0.000, 0.000, 0.000]"
1229,49.16,49.2,Liz,0.9997022747993469,Liz,[1.000],,[],,[],"[0.000, 0.000, 0.000, 0.000, 1.000, 0.000, 0.000, 0.001]"
1230,49.2,49.24,Liz,0.999229907989502,Liz,[0.999],,[],,[],"[0.000, 0.000, 0.000, 0.000, 0.999, 0.000, 0.000, 0.002]"
1231,49.24,49.28,Liz,0.997869610786438,Liz,[0.998],,[],,[],"[0.000, 0.000, 0.000, 0.000, 0.998, 0.000, 0.000, 0.004]"
1232,49.28,49.32,Liz,0.9937804341316223,Liz,[0.994],,[],,[],"[0.000, 0.000, 0.000, 0.000, 0.994, 0.000, 0.000, 0.008]"
1233,49.32,49.36,Liz,0.981189489364624,Liz,[0.981],,[],,[],"[0.000, 0.000, 0.000, 0.000, 0.981, 0.000, 0.000, 0.017]"
1234,49.36,49.4,Liz,0.9428883790969849,Liz,[0.943],,[],,[],"[0.000, 0.000, 0.000, 0.000, 0.943, 0.000, 0.000, 0.038]"
1235,49.4,49.44,Liz,0.8372092247009277,Liz,[0.837],,[],,[],"[0.000, 0.000, 0.000, 0.000, 0.837, 0.000, 0.000, 0.083]"
1236,49.44,49.48,Liz,0.6158376336097717,Liz,[0.616],,[],,[],"[0.000, 0.000, 0.000, 0.000, 0.616, 0.000, 0.000, 0.172]"
1237,49.48,49.52,silence,0.31871992349624634,,[],,[],,[],"[0.000, 0.000, 0.000, 0.000, 0.337, 0.000, 0.000, 0.319]"
1238,49.52,49.56,silence,0.5055180191993713,,[],,[],,[],"[0.000, 0.000, 0.000, 0.000, 0.143, 0.000, 0.000, 0.506]"
1239,49.56,49.6,silence,0.6820490956306458,silence,[0.682],,[],,[],"[0.000, 0.000, 0.000, 0.000, 0.055, 0.000, 0.000, 0.682]"
1240,49.6,49.64,silence,0.81037837266922,silence,[0.810],,[],,[],"[0.000, 0.000, 0.000, 0.000, 0.021, 0.000, 0.000, 0.810]"
1241,49.64,49.68,silence,0.8888943791389465,silence,[0.889],,[],,[],"[0.000, 0.000, 0.000, 0.000, 0.009, 0.000, 0.000, 0.889]"
1242,49.68,49.72,silence,0.9331453442573547,silence,[0.933],,[],,[],"[0.000, 0.000, 0.000, 0.000, 0.004, 0.000, 0.000, 0.933]"
1243,49.72,49.76,silence,0.9574730396270752,silence,[0.957],,[],,[],"[0.000, 0.000, 0.000, 0.000, 0.002, 0.000, 0.000, 0.957]"
1244,49.76,49.8,silence,0.9708917737007141,silence,[0.971],,[],,[],"[0.000, 0.000, 0.000, 0.000, 0.001, 0.000, 0.000, 0.971]"
1245,49.8,49.84,silence,0.978339433670044,silence,[0.978],,[],,[],"[0.000, 0.000, 0.000, 0.000, 0.001, 0.000, 0.000, 0.978]"
1246,49.84,49.88,silence,0.9823771715164185,silence,[0.982],,[],,[],"[0.000, 0.000, 0.000, 0.000, 0.000, 0.000, 0.000, 0.982]"
1247,49.88,49.92,silence,0.9842798709869385,silence,[0.984],,[],,[],"[0.000, 0.000, 0.000, 0.000, 0.000, 0.000, 0.000, 0.984]"
1248,49.92,49.96,silence,0.9846253395080566,silence,[0.985],,[],,[],"[0.000, 0.000, 0.000, 0.000, 0.000, 0.000, 0.000, 0.985]"
1249,49.96,50.0,silence,0.9835479855537415,silence,[0.984],,[],,[],"[0.000, 0.000, 0.000, 0.000, 0.000, 0.000, 0.000, 0.984]"
1250,50.0,50.04,silence,0.9808047413825989,silence,[0.981],,[],,[],"[0.000, 0.000, 0.000, 0.000, 0.000, 0.000, 0.000, 0.981]"
1251,50.04,50.08,silence,0.9757077097892761,silence,[0.976],,[],,[],"[0.000, 0.000, 0.000, 0.000, 0.000, 0.000, 0.000, 0.976]"
1252,50.08,50.12,silence,0.9668728113174438,silence,[0.967],,[],,[],"[0.000, 0.000, 0.000, 0.000, 0.001, 0.000, 0.000, 0.967]"
1253,50.12,50.16,silence,0.9517140984535217,silence,[0.952],,[],,[],"[0.000, 0.000, 0.000, 0.000, 0.001, 0.000, 0.000, 0.952]"
1254,50.16,50.2,silence,0.9258278608322144,silence,[0.926],,[],,[],"[0.000, 0.000, 0.000, 0.000, 0.002, 0.000, 0.000, 0.926]"
1255,50.2,50.24,silence,0.8824119567871094,silence,[0.882],,[],,[],"[0.000, 0.000, 0.000, 0.000, 0.003, 0.000, 0.000, 0.882]"
1256,50.24,50.28,silence,0.81251460313797,silence,[0.813],,[],,[],"[0.000, 0.000, 0.000, 0.000, 0.006, 0.000, 0.000, 0.813]"
1257,50.28,50.32,silence,0.708743691444397,silence,[0.709],,[],,[],"[0.000, 0.000, 0.000, 0.000, 0.011, 0.000, 0.000, 0.709]"
1258,50.32,50.36,silence,0.5737640261650085,silence,[0.574],,[],,[],"[0.000, 0.000, 0.000, 0.000, 0.021, 0.000, 0.000, 0.574]"
1259,50.36,50.4,silence,0.4263581335544586,,[],,[],,[],"[0.000, 0.000, 0.000, 0.000, 0.042, 0.000, 0.000, 0.426]"
1260,50.4,50.44,silence,0.29342636466026306,,[],,[],,[],"[0.000, 0.000, 0.000, 0.000, 0.079, 0.000, 0.000, 0.293]"
1261,50.44,50.48,silence,0.19192038476467133,,[],,[],,[],"[0.000, 0.000, 0.000, 0.000, 0.144, 0.000, 0.000, 0.192]"
1262,50.48,50.52,silence,0.12344169616699219,,[],,[],,[],"[0.000, 0.000, 0.000, 0.000, 0.239, 0.000, 0.000, 0.123]"
1263,50.52,50.56,silence,0.08054842054843903,,[],,[],,[],"[0.000, 0.000, 0.000, 0.000, 0.361, 0.000, 0.000, 0.081]"
1264,50.56,50.6,silence,0.05469964072108269,,[],,[],,[],"[0.000, 0.000, 0.000, 0.000, 0.488, 0.000, 0.000, 0.055]"
1265,50.6,50.64,Liz,0.6014900803565979,Liz,[0.601],,[],,[],"[0.000, 0.000, 0.000, 0.000, 0.601, 0.000, 0.000, 0.039]"
1266,50.64,50.68,Liz,0.6895805597305298,Liz,[0.690],,[],,[],"[0.000, 0.000, 0.000, 0.000, 0.690, 0.000, 0.000, 0.030]"
1267,50.68,50.72,Liz,0.7513596415519714,Liz,[0.751],,[],,[],"[0.000, 0.000, 0.000, 0.000, 0.751, 0.000, 0.000, 0.025]"
1268,50.72,50.76,Liz,0.7902045845985413,Liz,[0.790],,[],,[],"[0.000, 0.000, 0.000, 0.000, 0.790, 0.000, 0.000, 0.023]"
1269,50.76,50.8,Liz,0.8096768856048584,Liz,[0.810],,[],,[],"[0.000, 0.000, 0.000, 0.000, 0.810, 0.000, 0.000, 0.023]"
1270,50.8,50.84,Liz,0.811660885810852,Liz,[0.812],,[],,[],"[0.000, 0.000, 0.000, 0.000, 0.812, 0.000, 0.000, 0.026]"
1271,50.84,50.88,Liz,0.7949218153953552,Liz,[0.795],,[],,[],"[0.000, 0.000, 0.000, 0.000, 0.795, 0.000, 0.000, 0.032]"
1272,50.88,50.92,Liz,0.754112720489502,Liz,[0.754],,[],,[],"[0.000, 0.000, 0.000, 0.000, 0.754, 0.000, 0.000, 0.046]"
1273,50.92,50.96,Liz,0.6805019378662109,Liz,[0.681],,[],,[],"[0.000, 0.000, 0.000, 0.000, 0.681, 0.000, 0.000, 0.073]"
1274,50.96,51.0,Liz,0.5650435090065002,Liz,[0.565],,[],,[],"[0.000, 0.000, 0.000, 0.000, 0.565, 0.000, 0.000, 0.127]"
1275,51.0,51.04,silence,0.23282214999198914,,[],,[],,[],"[0.000, 0.000, 0.000, 0.000, 0.411, 0.000, 0.000, 0.233]"
1276,51.04,51.08,silence,0.41519713401794434,,[],,[],,[],"[0.000, 0.000, 0.000, 0.000, 0.248, 0.000, 0.000, 0.415]"
1277,51.08,51.12,silence,0.6503043174743652,silence,[0.650],,[],,[],"[0.000, 0.000, 0.000, 0.000, 0.122, 0.000, 0.000, 0.650]"
1278,51.12,51.16,silence,0.8451747894287109,silence,[0.845],,[],,[],"[0.000, 0.000, 0.000, 0.000, 0.049, 0.000, 0.000, 0.845]"
1279,51.16,51.2,silence,0.9471988677978516,silence,[0.947],,[],,[],"[0.000, 0.000, 0.000, 0.000, 0.017, 0.000, 0.000, 0.947]"
1280,51.2,51.24,silence,0.98502117395401,silence,[0.985],,[],,[],"[0.000, 0.000, 0.000, 0.000, 0.005, 0.000, 0.000, 0.985]"
1281,51.24,51.28,silence,0.9962687492370605,silence,[0.996],,[],,[],"[0.000, 0.000, 0.000, 0.000, 0.001, 0.000, 0.000, 0.996]"
1282,51.28,51.32,silence,0.9991589784622192,silence,[0.999],,[],,[],"[0.000, 0.000, 0.000, 0.000, 0.000, 0.000, 0.000, 0.999]"
1283,51.32,51.36,silence,0.999824583530426,silence,[1.000],,[],,[],"[0.000, 0.000, 0.000, 0.000, 0.000, 0.000, 0.000, 1.000]"
1284,51.36,51.4,silence,0.9999654293060303,silence,[1.000],,[],,[],"[0.000, 0.000, 0.000, 0.000, 0.000, 0.000, 0.000, 1.000]"
1285,51.4,51.44,silence,0.9999934434890747,silence,[1.000],,[],,[],"[0.000, 0.000, 0.000, 0.000, 0.000, 0.000, 0.000, 1.000]"
1286,51.44,51.48,silence,0.9999988079071045,silence,[1.000],,[],,[],"[0.000, 0.000, 0.000, 0.000, 0.000, 0.000, 0.000, 1.000]"
1287,51.48,51.52,silence,0.9999997615814209,silence,[1.000],,[],,[],"[0.000, 0.000, 0.000, 0.000, 0.000, 0.000, 0.000, 1.000]"
1288,51.52,51.56,silence,1.0,silence,[1.000],,[],,[],"[0.000, 0.000, 0.000, 0.000, 0.000, 0.000, 0.000, 1.000]"
1289,51.56,51.6,silence,1.0,silence,[1.000],,[],,[],"[0.000, 0.000, 0.000, 0.000, 0.000, 0.000, 0.000, 1.000]"
1290,51.6,51.64,silence,1.0,silence,[1.000],,[],,[],"[0.000, 0.000, 0.000, 0.000, 0.000, 0.000, 0.000, 1.000]"
1291,51.64,51.68,silence,1.0,silence,[1.000],,[],,[],"[0.000, 0.000, 0.000, 0.000, 0.000, 0.000, 0.000, 1.000]"
1292,51.68,51.72,silence,1.0,silence,[1.000],,[],,[],"[0.000, 0.000, 0.000, 0.000, 0.000, 0.000, 0.000, 1.000]"
1293,51.72,51.76,silence,1.0,silence,[1.000],,[],,[],"[0.000, 0.000, 0.000, 0.000, 0.000, 0.000, 0.000, 1.000]"
1294,51.76,51.8,silence,1.0,silence,[1.000],,[],,[],"[0.000, 0.000, 0.000, 0.000, 0.000, 0.000, 0.000, 1.000]"
1295,51.8,51.84,silence,1.0,silence,[1.000],,[],,[],"[0.000, 0.000, 0.000, 0.000, 0.000, 0.000, 0.000, 1.000]"
1296,51.84,51.88,silence,1.0,silence,[1.000],,[],,[],"[0.000, 0.000, 0.000, 0.000, 0.000, 0.000, 0.000, 1.000]"
1297,51.88,51.92,silence,1.0,silence,[1.000],,[],,[],"[0.000, 0.000, 0.000, 0.000, 0.000, 0.000, 0.000, 1.000]"
1298,51.92,51.96,silence,1.0,silence,[1.000],,[],,[],"[0.000, 0.000, 0.000, 0.000, 0.000, 0.000, 0.000, 1.000]"
1299,51.96,52.0,silence,1.0,silence,[1.000],,[],,[],"[0.000, 0.000, 0.000, 0.000, 0.000, 0.000, 0.000, 1.000]"
1300,52.0,52.04,silence,1.0,silence,[1.000],,[],,[],"[0.000, 0.000, 0.000, 0.000, 0.000, 0.000, 0.000, 1.000]"
1301,52.04,52.08,silence,1.0,silence,[1.000],,[],,[],"[0.000, 0.000, 0.000, 0.000, 0.000, 0.000, 0.000, 1.000]"
1302,52.08,52.12,silence,1.0,silence,[1.000],,[],,[],"[0.000, 0.000, 0.000, 0.000, 0.000, 0.000, 0.000, 1.000]"
1303,52.12,52.16,silence,1.0,silence,[1.000],,[],,[],"[0.000, 0.000, 0.000, 0.000, 0.000, 0.000, 0.000, 1.000]"
1304,52.16,52.2,silence,1.0,silence,[1.000],,[],,[],"[0.000, 0.000, 0.000, 0.000, 0.000, 0.000, 0.000, 1.000]"
1305,52.2,52.24,silence,1.0,silence,[1.000],,[],,[],"[0.000, 0.000, 0.000, 0.000, 0.000, 0.000, 0.000, 1.000]"
1306,52.24,52.28,silence,1.0,silence,[1.000],,[],,[],"[0.000, 0.000, 0.000, 0.000, 0.000, 0.000, 0.000, 1.000]"
1307,52.28,52.32,silence,1.0,silence,[1.000],,[],,[],"[0.000, 0.000, 0.000, 0.000, 0.000, 0.000, 0.000, 1.000]"
1308,52.32,52.36,silence,1.0,silence,[1.000],,[],,[],"[0.000, 0.000, 0.000, 0.000, 0.000, 0.000, 0.000, 1.000]"
1309,52.36,52.4,silence,1.0,silence,[1.000],,[],,[],"[0.000, 0.000, 0.000, 0.000, 0.000, 0.000, 0.000, 1.000]"
1310,52.4,52.44,silence,1.0,silence,[1.000],,[],,[],"[0.000, 0.000, 0.000, 0.000, 0.000, 0.000, 0.000, 1.000]"
1311,52.44,52.48,silence,1.0,silence,[1.000],,[],,[],"[0.000, 0.000, 0.000, 0.000, 0.000, 0.000, 0.000, 1.000]"
1312,52.48,52.52,silence,1.0,silence,[1.000],,[],,[],"[0.000, 0.000, 0.000, 0.000, 0.000, 0.000, 0.000, 1.000]"
1313,52.52,52.56,silence,1.0,silence,[1.000],,[],,[],"[0.000, 0.000, 0.000, 0.000, 0.000, 0.000, 0.000, 1.000]"
1314,52.56,52.6,silence,1.0,silence,[1.000],,[],,[],"[0.000, 0.000, 0.000, 0.000, 0.000, 0.000, 0.000, 1.000]"
1315,52.6,52.64,silence,1.0,silence,[1.000],,[],,[],"[0.000, 0.000, 0.000, 0.000, 0.000, 0.000, 0.000, 1.000]"
1316,52.64,52.68,silence,1.0,silence,[1.000],,[],,[],"[0.000, 0.000, 0.000, 0.000, 0.000, 0.000, 0.000, 1.000]"
1317,52.68,52.72,silence,1.0,silence,[1.000],,[],,[],"[0.000, 0.000, 0.000, 0.000, 0.000, 0.000, 0.000, 1.000]"
1318,52.72,52.76,silence,1.0,silence,[1.000],,[],,[],"[0.000, 0.000, 0.000, 0.000, 0.000, 0.000, 0.000, 1.000]"
1319,52.76,52.8,silence,0.9999998807907104,silence,[1.000],,[],,[],"[0.000, 0.000, 0.000, 0.000, 0.000, 0.000, 0.000, 1.000]"
1320,52.8,52.84,silence,0.9999998807907104,silence,[1.000],,[],,[],"[0.000, 0.000, 0.000, 0.000, 0.000, 0.000, 0.000, 1.000]"
1321,52.84,52.88,silence,0.9999998807907104,silence,[1.000],,[],,[],"[0.000, 0.000, 0.000, 0.000, 0.000, 0.000, 0.000, 1.000]"
1322,52.88,52.92,silence,0.9999997615814209,silence,[1.000],,[],,[],"[0.000, 0.000, 0.000, 0.000, 0.000, 0.000, 0.000, 1.000]"
1323,52.92,52.96,silence,0.9999997615814209,silence,[1.000],,[],,[],"[0.000, 0.000, 0.000, 0.000, 0.000, 0.000, 0.000, 1.000]"
1324,52.96,53.0,silence,0.9999997615814209,silence,[1.000],,[],,[],"[0.000, 0.000, 0.000, 0.000, 0.000, 0.000, 0.000, 1.000]"
1325,53.0,53.04,silence,0.9999997615814209,silence,[1.000],,[],,[],"[0.000, 0.000, 0.000, 0.000, 0.000, 0.000, 0.000, 1.000]"
1326,53.04,53.08,silence,0.9999997615814209,silence,[1.000],,[],,[],"[0.000, 0.000, 0.000, 0.000, 0.000, 0.000, 0.000, 1.000]"
1327,53.08,53.12,silence,0.9999998807907104,silence,[1.000],,[],,[],"[0.000, 0.000, 0.000, 0.000, 0.000, 0.000, 0.000, 1.000]"
1328,53.12,53.16,silence,0.9999998807907104,silence,[1.000],,[],,[],"[0.000, 0.000, 0.000, 0.000, 0.000, 0.000, 0.000, 1.000]"
1329,53.16,53.2,silence,0.9999998807907104,silence,[1.000],,[],,[],"[0.000, 0.000, 0.000, 0.000, 0.000, 0.000, 0.000, 1.000]"
1330,53.2,53.24,silence,1.0,silence,[1.000],,[],,[],"[0.000, 0.000, 0.000, 0.000, 0.000, 0.000, 0.000, 1.000]"
1331,53.24,53.28,silence,1.0,silence,[1.000],,[],,[],"[0.000, 0.000, 0.000, 0.000, 0.000, 0.000, 0.000, 1.000]"
1332,53.28,53.32,silence,1.0,silence,[1.000],,[],,[],"[0.000, 0.000, 0.000, 0.000, 0.000, 0.000, 0.000, 1.000]"
1333,53.32,53.36,silence,1.0,silence,[1.000],,[],,[],"[0.000, 0.000, 0.000, 0.000, 0.000, 0.000, 0.000, 1.000]"
1334,53.36,53.4,silence,1.0,silence,[1.000],,[],,[],"[0.000, 0.000, 0.000, 0.000, 0.000, 0.000, 0.000, 1.000]"
1335,53.4,53.44,silence,1.0,silence,[1.000],,[],,[],"[0.000, 0.000, 0.000, 0.000, 0.000, 0.000, 0.000, 1.000]"
1336,53.44,53.48,silence,1.0,silence,[1.000],,[],,[],"[0.000, 0.000, 0.000, 0.000, 0.000, 0.000, 0.000, 1.000]"
1337,53.48,53.52,silence,1.0,silence,[1.000],,[],,[],"[0.000, 0.000, 0.000, 0.000, 0.000, 0.000, 0.000, 1.000]"
1338,53.52,53.56,silence,1.0,silence,[1.000],,[],,[],"[0.000, 0.000, 0.000, 0.000, 0.000, 0.000, 0.000, 1.000]"
1339,53.56,53.6,silence,1.0,silence,[1.000],,[],,[],"[0.000, 0.000, 0.000, 0.000, 0.000, 0.000, 0.000, 1.000]"
1340,53.6,53.64,silence,1.0,silence,[1.000],,[],,[],"[0.000, 0.000, 0.000, 0.000, 0.000, 0.000, 0.000, 1.000]"
1341,53.64,53.68,silence,1.0,silence,[1.000],,[],,[],"[0.000, 0.000, 0.000, 0.000, 0.000, 0.000, 0.000, 1.000]"
1342,53.68,53.72,silence,0.9999998807907104,silence,[1.000],,[],,[],"[0.000, 0.000, 0.000, 0.000, 0.000, 0.000, 0.000, 1.000]"
1343,53.72,53.76,silence,0.9999997615814209,silence,[1.000],,[],,[],"[0.000, 0.000, 0.000, 0.000, 0.000, 0.000, 0.000, 1.000]"
1344,53.76,53.8,silence,0.9999994039535522,silence,[1.000],,[],,[],"[0.000, 0.000, 0.000, 0.000, 0.000, 0.000, 0.000, 1.000]"
1345,53.8,53.84,silence,0.9999983310699463,silence,[1.000],,[],,[],"[0.000, 0.000, 0.000, 0.000, 0.000, 0.000, 0.000, 1.000]"
1346,53.84,53.88,silence,0.9999947547912598,silence,[1.000],,[],,[],"[0.000, 0.000, 0.000, 0.000, 0.000, 0.000, 0.000, 1.000]"
1347,53.88,53.92,silence,0.9999817609786987,silence,[1.000],,[],,[],"[0.000, 0.000, 0.000, 0.000, 0.000, 0.000, 0.000, 1.000]"
1348,53.92,53.96,silence,0.9999319314956665,silence,[1.000],,[],,[],"[0.000, 0.000, 0.000, 0.000, 0.000, 0.000, 0.000, 1.000]"
1349,53.96,54.0,silence,0.999731719493866,silence,[1.000],,[],,[],"[0.000, 0.000, 0.000, 0.000, 0.000, 0.000, 0.000, 1.000]"
1350,54.0,54.04,silence,0.9989041090011597,silence,[0.999],,[],,[],"[0.000, 0.000, 0.000, 0.000, 0.001, 0.000, 0.000, 0.999]"
1351,54.04,54.08,silence,0.995462954044342,silence,[0.995],,[],,[],"[0.000, 0.000, 0.000, 0.000, 0.005, 0.000, 0.000, 0.995]"
1352,54.08,54.12,silence,0.9815053343772888,silence,[0.982],,[],,[],"[0.000, 0.000, 0.000, 0.000, 0.017, 0.000, 0.000, 0.982]"
1353,54.12,54.16,silence,0.9293987154960632,silence,[0.929],,[],,[],"[0.000, 0.000, 0.000, 0.000, 0.057, 0.000, 0.000, 0.929]"
1354,54.16,54.2,silence,0.7729977369308472,silence,[0.773],,[],,[],"[0.000, 0.000, 0.000, 0.000, 0.168, 0.000, 0.000, 0.773]"
1355,54.2,54.24,silence,0.48188942670822144,silence,[0.482],,[],,[],"[0.000, 0.000, 0.000, 0.000, 0.395, 0.000, 0.000, 0.482]"
1356,54.24,54.28,Liz,0.6669993996620178,Liz,[0.667],,[],,[],"[0.000, 0.000, 0.000, 0.000, 0.667, 0.000, 0.000, 0.213]"
1357,54.28,54.32,Liz,0.8530339598655701,Liz,[0.853],,[],,[],"[0.000, 0.000, 0.000, 0.000, 0.853, 0.000, 0.000, 0.078]"
1358,54.32,54.36,Liz,0.9404107928276062,Liz,[0.940],,[],,[],"[0.000, 0.000, 0.000, 0.000, 0.940, 0.000, 0.000, 0.028]"
1359,54.36,54.4,Liz,0.9757130146026611,Liz,[0.976],,[],,[],"[0.000, 0.000, 0.000, 0.000, 0.976, 0.000, 0.000, 0.011]"
1360,54.4,54.44,Liz,0.9897140264511108,Liz,[0.990],,[],,[],"[0.000, 0.000, 0.000, 0.000, 0.990, 0.000, 0.000, 0.004]"
1361,54.44,54.48,Liz,0.9954381585121155,Liz,[0.995],,[],,[],"[0.000, 0.000, 0.000, 0.000, 0.995, 0.000, 0.000, 0.002]"
1362,54.48,54.52,Liz,0.9978756904602051,Liz,[0.998],,[],,[],"[0.000, 0.000, 0.000, 0.000, 0.998, 0.000, 0.000, 0.001]"
1363,54.52,54.56,Liz,0.9989582300186157,Liz,[0.999],,[],,[],"[0.000, 0.000, 0.000, 0.000, 0.999, 0.000, 0.000, 0.000]"
1364,54.56,54.6,Liz,0.9994602799415588,Liz,[0.999],,[],,[],"[0.000, 0.000, 0.000, 0.000, 0.999, 0.000, 0.000, 0.000]"
1365,54.6,54.64,Liz,0.9997037053108215,Liz,[1.000],,[],,[],"[0.000, 0.000, 0.000, 0.000, 1.000, 0.000, 0.000, 0.000]"
1366,54.64,54.68,Liz,0.9998273253440857,Liz,[1.000],,[],,[],"[0.000, 0.000, 0.000, 0.000, 1.000, 0.000, 0.000, 0.000]"
1367,54.68,54.72,Liz,0.9998928308486938,Liz,[1.000],,[],,[],"[0.000, 0.000, 0.000, 0.000, 1.000, 0.000, 0.000, 0.000]"
1368,54.72,54.76,Liz,0.9999289512634277,Liz,[1.000],,[],,[],"[0.000, 0.000, 0.000, 0.000, 1.000, 0.000, 0.000, 0.000]"
1369,54.76,54.8,Liz,0.9999494552612305,Liz,[1.000],,[],,[],"[0.000, 0.000, 0.000, 0.000, 1.000, 0.000, 0.000, 0.000]"
1370,54.8,54.84,Liz,0.9999614953994751,Liz,[1.000],,[],,[],"[0.000, 0.000, 0.000, 0.000, 1.000, 0.000, 0.000, 0.000]"
1371,54.84,54.88,Liz,0.9999685287475586,Liz,[1.000],,[],,[],"[0.000, 0.000, 0.000, 0.000, 1.000, 0.000, 0.000, 0.000]"
1372,54.88,54.92,Liz,0.9999724626541138,Liz,[1.000],,[],,[],"[0.000, 0.000, 0.000, 0.000, 1.000, 0.000, 0.000, 0.000]"
1373,54.92,54.96,Liz,0.999974250793457,Liz,[1.000],,[],,[],"[0.000, 0.000, 0.000, 0.000, 1.000, 0.000, 0.000, 0.000]"
1374,54.96,55.0,Liz,0.9999743700027466,Liz,[1.000],,[],,[],"[0.000, 0.000, 0.000, 0.000, 1.000, 0.000, 0.000, 0.000]"
1375,55.0,55.04,Liz,0.999972939491272,Liz,[1.000],,[],,[],"[0.000, 0.000, 0.000, 0.000, 1.000, 0.000, 0.000, 0.000]"
1376,55.04,55.08,Liz,0.999969482421875,Liz,[1.000],,[],,[],"[0.000, 0.000, 0.000, 0.000, 1.000, 0.000, 0.000, 0.000]"
1377,55.08,55.12,Liz,0.9999632835388184,Liz,[1.000],,[],,[],"[0.000, 0.000, 0.000, 0.000, 1.000, 0.000, 0.000, 0.000]"
1378,55.12,55.16,Liz,0.999953031539917,Liz,[1.000],,[],,[],"[0.000, 0.000, 0.000, 0.000, 1.000, 0.000, 0.000, 0.000]"
1379,55.16,55.2,Liz,0.9999359846115112,Liz,[1.000],,[],,[],"[0.000, 0.000, 0.000, 0.000, 1.000, 0.000, 0.000, 0.000]"
1380,55.2,55.24,Liz,0.9999074935913086,Liz,[1.000],,[],,[],"[0.000, 0.000, 0.000, 0.000, 1.000, 0.000, 0.000, 0.000]"
1381,55.24,55.28,Liz,0.999859094619751,Liz,[1.000],,[],,[],"[0.000, 0.000, 0.000, 0.000, 1.000, 0.000, 0.000, 0.000]"
1382,55.28,55.32,Liz,0.999774158000946,Liz,[1.000],,[],,[],"[0.000, 0.000, 0.000, 0.000, 1.000, 0.000, 0.000, 0.000]"
1383,55.32,55.36,Liz,0.9996211528778076,Liz,[1.000],,[],,[],"[0.000, 0.000, 0.000, 0.000, 1.000, 0.000, 0.000, 0.000]"
1384,55.36,55.4,Liz,0.9993361830711365,Liz,[0.999],,[],,[],"[0.000, 0.000, 0.000, 0.000, 0.999, 0.000, 0.000, 0.000]"
1385,55.4,55.44,Liz,0.9987903237342834,Liz,[0.999],,[],,[],"[0.000, 0.000, 0.000, 0.000, 0.999, 0.000, 0.000, 0.000]"
1386,55.44,55.48,Liz,0.9977197051048279,Liz,[0.998],,[],,[],"[0.000, 0.000, 0.000, 0.000, 0.998, 0.000, 0.000, 0.000]"
1387,55.48,55.52,Liz,0.9955745935440063,Liz,[0.996],,[],,[],"[0.000, 0.000, 0.000, 0.000, 0.996, 0.000, 0.000, 0.000]"
1388,55.52,55.56,Liz,0.9911962747573853,Liz,[0.991],,[],,[],"[0.000, 0.000, 0.000, 0.000, 0.991, 0.000, 0.000, 0.000]"
1389,55.56,55.6,Liz,0.9821400046348572,Liz,[0.982],,[],,[],"[0.000, 0.000, 0.000, 0.000, 0.982, 0.000, 0.000, 0.000]"
1390,55.6,55.64,Liz,0.9634050726890564,Liz,[0.963],,[],,[],"[0.000, 0.000, 0.000, 0.000, 0.963, 0.000, 0.000, 0.001]"
1391,55.64,55.68,Liz,0.9252939820289612,Liz,[0.925],,[],,[],"[0.000, 0.000, 0.000, 0.000, 0.925, 0.000, 0.000, 0.002]"
1392,55.68,55.72,Liz,0.8514347076416016,Liz,[0.851],,[],,[],"[0.000, 0.000, 0.000, 0.000, 0.851, 0.000, 0.000, 0.003]"
1393,55.72,55.76,Liz,0.7222709059715271,Liz,[0.722],,[],,[],"[0.000, 0.000, 0.000, 0.000, 0.722, 0.000, 0.000, 0.006]"
1394,55.76,55.8,Liz,0.5357155203819275,Liz,[0.536],,[],,[],"[0.000, 0.000, 0.000, 0.000, 0.536, 0.000, 0.000, 0.013]"
1395,55.8,55.84,silence,0.02878059260547161,,[],,[],,[],"[0.000, 0.000, 0.000, 0.000, 0.333, 0.000, 0.000, 0.029]"
1396,55.84,55.88,silence,0.06325381249189377,,[],,[],,[],"[0.000, 0.000, 0.000, 0.000, 0.172, 0.000, 0.000, 0.063]"
1397,55.88,55.92,silence,0.1376553177833557,,[],,[],,[],"[0.000, 0.000, 0.000, 0.000, 0.077, 0.000, 0.000, 0.138]"
1398,55.92,55.96,silence,0.28051891922950745,,[],,[],,[],"[0.000, 0.000, 0.000, 0.000, 0.031, 0.000, 0.000, 0.281]"
1399,55.96,56.0,silence,0.49465835094451904,,[],,[],,[],"[0.000, 0.000, 0.000, 0.000, 0.012, 0.000, 0.000, 0.495]"
1400,56.0,56.04,silence,0.7151188254356384,silence,[0.715],,[],,[],"[0.000, 0.000, 0.000, 0.000, 0.004, 0.000, 0.000, 0.715]"
1401,56.04,56.08,silence,0.8672775626182556,silence,[0.867],,[],,[],"[0.000, 0.000, 0.000, 0.000, 0.002, 0.000, 0.000, 0.867]"
1402,56.08,56.12,silence,0.9449253678321838,silence,[0.945],,[],,[],"[0.000, 0.000, 0.000, 0.000, 0.001, 0.000, 0.000, 0.945]"
1403,56.12,56.16,silence,0.9783203601837158,silence,[0.978],,[],,[],"[0.000, 0.000, 0.000, 0.000, 0.000, 0.000, 0.000, 0.978]"
1404,56.16,56.2,silence,0.9915896058082581,silence,[0.992],,[],,[],"[0.000, 0.000, 0.000, 0.000, 0.000, 0.000, 0.000, 0.992]"
1405,56.2,56.24,silence,0.9967129230499268,silence,[0.997],,[],,[],"[0.000, 0.000, 0.000, 0.000, 0.000, 0.000, 0.000, 0.997]"
1406,56.24,56.28,silence,0.9986885190010071,silence,[0.999],,[],,[],"[0.000, 0.000, 0.000, 0.000, 0.000, 0.000, 0.000, 0.999]"
1407,56.28,56.32,silence,0.9994613528251648,silence,[0.999],,[],,[],"[0.000, 0.000, 0.000, 0.000, 0.000, 0.000, 0.000, 0.999]"
1408,56.32,56.36,silence,0.9997707009315491,silence,[1.000],,[],,[],"[0.000, 0.000, 0.000, 0.000, 0.000, 0.000, 0.000, 1.000]"
1409,56.36,56.4,silence,0.9998983144760132,silence,[1.000],,[],,[],"[0.000, 0.000, 0.000, 0.000, 0.000, 0.000, 0.000, 1.000]"
1410,56.4,56.44,silence,0.999953031539917,silence,[1.000],,[],,[],"[0.000, 0.000, 0.000, 0.000, 0.000, 0.000, 0.000, 1.000]"
1411,56.44,56.48,silence,0.9999773502349854,silence,[1.000],,[],,[],"[0.000, 0.000, 0.000, 0.000, 0.000, 0.000, 0.000, 1.000]"
1412,56.48,56.52,silence,0.9999885559082031,silence,[1.000],,[],,[],"[0.000, 0.000, 0.000, 0.000, 0.000, 0.000, 0.000, 1.000]"
1413,56.52,56.56,silence,0.9999939203262329,silence,[1.000],,[],,[],"[0.000, 0.000, 0.000, 0.000, 0.000, 0.000, 0.000, 1.000]"
1414,56.56,56.6,silence,0.999996542930603,silence,[1.000],,[],,[],"[0.000, 0.000, 0.000, 0.000, 0.000, 0.000, 0.000, 1.000]"
1415,56.6,56.64,silence,0.9999979734420776,silence,[1.000],,[],,[],"[0.000, 0.000, 0.000, 0.000, 0.000, 0.000, 0.000, 1.000]"
1416,56.64,56.68,silence,0.9999986886978149,silence,[1.000],,[],,[],"[0.000, 0.000, 0.000, 0.000, 0.000, 0.000, 0.000, 1.000]"
1417,56.68,56.72,silence,0.9999991655349731,silence,[1.000],,[],,[],"[0.000, 0.000, 0.000, 0.000, 0.000, 0.000, 0.000, 1.000]"
1418,56.72,56.76,silence,0.9999994039535522,silence,[1.000],,[],,[],"[0.000, 0.000, 0.000, 0.000, 0.000, 0.000, 0.000, 1.000]"
1419,56.76,56.8,silence,0.9999995231628418,silence,[1.000],,[],,[],"[0.000, 0.000, 0.000, 0.000, 0.000, 0.000, 0.000, 1.000]"
1420,56.8,56.84,silence,0.9999996423721313,silence,[1.000],,[],,[],"[0.000, 0.000, 0.000, 0.000, 0.000, 0.000, 0.000, 1.000]"
1421,56.84,56.88,silence,0.9999996423721313,silence,[1.000],,[],,[],"[0.000, 0.000, 0.000, 0.000, 0.000, 0.000, 0.000, 1.000]"
1422,56.88,56.92,silence,0.9999996423721313,silence,[1.000],,[],,[],"[0.000, 0.000, 0.000, 0.000, 0.000, 0.000, 0.000, 1.000]"
1423,56.92,56.96,silence,0.9999996423721313,silence,[1.000],,[],,[],"[0.000, 0.000, 0.000, 0.000, 0.000, 0.000, 0.000, 1.000]"
1424,56.96,57.0,silence,0.9999996423721313,silence,[1.000],,[],,[],"[0.000, 0.000, 0.000, 0.000, 0.000, 0.000, 0.000, 1.000]"
1425,57.0,57.04,silence,0.9999995231628418,silence,[1.000],,[],,[],"[0.000, 0.000, 0.000, 0.000, 0.000, 0.000, 0.000, 1.000]"
1426,57.04,57.08,silence,0.9999994039535522,silence,[1.000],,[],,[],"[0.000, 0.000, 0.000, 0.000, 0.000, 0.000, 0.000, 1.000]"
1427,57.08,57.12,silence,0.9999991655349731,silence,[1.000],,[],,[],"[0.000, 0.000, 0.000, 0.000, 0.000, 0.000, 0.000, 1.000]"
1428,57.12,57.16,silence,0.9999986886978149,silence,[1.000],,[],,[],"[0.000, 0.000, 0.000, 0.000, 0.000, 0.000, 0.000, 1.000]"
1429,57.16,57.2,silence,0.9999979734420776,silence,[1.000],,[],,[],"[0.000, 0.000, 0.000, 0.000, 0.000, 0.000, 0.000, 1.000]"
1430,57.2,57.24,silence,0.9999963045120239,silence,[1.000],,[],,[],"[0.000, 0.000, 0.000, 0.000, 0.000, 0.000, 0.000, 1.000]"
1431,57.24,57.28,silence,0.9999927282333374,silence,[1.000],,[],,[],"[0.000, 0.000, 0.000, 0.000, 0.000, 0.000, 0.000, 1.000]"
1432,57.28,57.32,silence,0.9999847412109375,silence,[1.000],,[],,[],"[0.000, 0.000, 0.000, 0.000, 0.000, 0.000, 0.000, 1.000]"
1433,57.32,57.36,silence,0.9999655485153198,silence,[1.000],,[],,[],"[0.000, 0.000, 0.000, 0.000, 0.000, 0.000, 0.000, 1.000]"
1434,57.36,57.4,silence,0.9999175071716309,silence,[1.000],,[],,[],"[0.000, 0.000, 0.000, 0.000, 0.000, 0.000, 0.000, 1.000]"
1435,57.4,57.44,silence,0.9997919201850891,silence,[1.000],,[],,[],"[0.000, 0.000, 0.000, 0.000, 0.000, 0.000, 0.000, 1.000]"
1436,57.44,57.48,silence,0.999451220035553,silence,[0.999],,[],,[],"[0.000, 0.000, 0.000, 0.000, 0.000, 0.000, 0.000, 0.999]"
1437,57.48,57.52,silence,0.9984979629516602,silence,[0.998],,[],,[],"[0.000, 0.000, 0.000, 0.000, 0.000, 0.000, 0.000, 0.998]"
1438,57.52,57.56,silence,0.9957637786865234,silence,[0.996],,[],,[],"[0.000, 0.000, 0.000, 0.000, 0.001, 0.000, 0.000, 0.996]"
1439,57.56,57.6,silence,0.9878175854682922,silence,[0.988],,[],,[],"[0.000, 0.000, 0.000, 0.000, 0.004, 0.000, 0.000, 0.988]"
1440,57.6,57.64,silence,0.9649294018745422,silence,[0.965],,[],,[],"[0.000, 0.000, 0.000, 0.000, 0.017, 0.000, 0.000, 0.965]"
1441,57.64,57.68,silence,0.9023516178131104,silence,[0.902],,[],,[],"[0.000, 0.000, 0.000, 0.000, 0.066, 0.000, 0.000, 0.902]"
1442,57.68,57.72,silence,0.7551295161247253,silence,[0.755],,[],,[],"[0.000, 0.000, 0.000, 0.000, 0.219, 0.000, 0.000, 0.755]"
1443,57.72,57.76,Liz,0.5243901014328003,Liz|silence,"[0.524, 0.506]",,[],,[],"[0.000, 0.000, 0.000, 0.000, 0.524, 0.000, 0.000, 0.506]"
1444,57.76,57.8,Liz,0.8095014095306396,Liz,[0.810],,[],,[],"[0.000, 0.000, 0.000, 0.000, 0.810, 0.000, 0.000, 0.255]"
1445,57.8,57.84,Liz,0.9414878487586975,Liz,[0.941],,[],,[],"[0.000, 0.000, 0.000, 0.000, 0.941, 0.000, 0.000, 0.103]"
1446,57.84,57.88,Liz,0.9835858345031738,Liz,[0.984],,[],,[],"[0.000, 0.000, 0.000, 0.000, 0.984, 0.000, 0.000, 0.037]"
1447,57.88,57.92,Liz,0.995456337928772,Liz,[0.995],,[],,[],"[0.000, 0.000, 0.000, 0.000, 0.995, 0.000, 0.000, 0.013]"
1448,57.92,57.96,Liz,0.9987263083457947,Liz,[0.999],,[],,[],"[0.000, 0.000, 0.000, 0.000, 0.999, 0.000, 0.000, 0.004]"
1449,57.96,58.0,Liz,0.9996349811553955,Liz,[1.000],,[],,[],"[0.000, 0.000, 0.000, 0.000, 1.000, 0.000, 0.000, 0.002]"
1450,58.0,58.04,Liz,0.9998923540115356,Liz,[1.000],,[],,[],"[0.000, 0.000, 0.000, 0.000, 1.000, 0.000, 0.000, 0.001]"
1451,58.04,58.08,Liz,0.999967098236084,Liz,[1.000],,[],,[],"[0.000, 0.000, 0.000, 0.000, 1.000, 0.000, 0.000, 0.000]"
1452,58.08,58.12,Liz,0.9999895095825195,Liz,[1.000],,[],,[],"[0.000, 0.000, 0.000, 0.000, 1.000, 0.000, 0.000, 0.000]"
1453,58.12,58.16,Liz,0.9999964237213135,Liz,[1.000],,[],,[],"[0.000, 0.000, 0.000, 0.000, 1.000, 0.000, 0.000, 0.000]"
1454,58.16,58.2,Liz,0.9999988079071045,Liz,[1.000],,[],,[],"[0.000, 0.000, 0.000, 0.000, 1.000, 0.000, 0.000, 0.000]"
1455,58.2,58.24,Liz,0.9999995231628418,Liz,[1.000],,[],,[],"[0.000, 0.000, 0.000, 0.000, 1.000, 0.000, 0.000, 0.000]"
1456,58.24,58.28,Liz,0.9999997615814209,Liz,[1.000],,[],,[],"[0.000, 0.000, 0.000, 0.000, 1.000, 0.000, 0.000, 0.000]"
1457,58.28,58.32,Liz,0.9999998807907104,Liz,[1.000],,[],,[],"[0.000, 0.000, 0.000, 0.000, 1.000, 0.000, 0.000, 0.000]"
1458,58.32,58.36,Liz,1.0,Liz,[1.000],,[],,[],"[0.000, 0.000, 0.000, 0.000, 1.000, 0.000, 0.000, 0.000]"
1459,58.36,58.4,Liz,1.0,Liz,[1.000],,[],,[],"[0.000, 0.000, 0.000, 0.000, 1.000, 0.000, 0.000, 0.000]"
1460,58.4,58.44,Liz,1.0,Liz,[1.000],,[],,[],"[0.000, 0.000, 0.000, 0.000, 1.000, 0.000, 0.000, 0.000]"
1461,58.44,58.48,Liz,1.0,Liz,[1.000],,[],,[],"[0.000, 0.000, 0.000, 0.000, 1.000, 0.000, 0.000, 0.000]"
1462,58.48,58.52,Liz,1.0,Liz,[1.000],,[],,[],"[0.000, 0.000, 0.000, 0.000, 1.000, 0.000, 0.000, 0.000]"
1463,58.52,58.56,Liz,1.0,Liz,[1.000],,[],,[],"[0.000, 0.000, 0.000, 0.000, 1.000, 0.000, 0.000, 0.000]"
1464,58.56,58.6,Liz,1.0,Liz,[1.000],,[],,[],"[0.000, 0.000, 0.000, 0.000, 1.000, 0.000, 0.000, 0.000]"
1465,58.6,58.64,Liz,1.0,Liz,[1.000],,[],,[],"[0.000, 0.000, 0.000, 0.000, 1.000, 0.000, 0.000, 0.000]"
1466,58.64,58.68,Liz,1.0,Liz,[1.000],,[],,[],"[0.000, 0.000, 0.000, 0.000, 1.000, 0.000, 0.000, 0.000]"
1467,58.68,58.72,Liz,1.0,Liz,[1.000],,[],,[],"[0.000, 0.000, 0.000, 0.000, 1.000, 0.000, 0.000, 0.000]"
1468,58.72,58.76,Liz,1.0,Liz,[1.000],,[],,[],"[0.000, 0.000, 0.000, 0.000, 1.000, 0.000, 0.000, 0.000]"
1469,58.76,58.8,Liz,1.0,Liz,[1.000],,[],,[],"[0.000, 0.000, 0.000, 0.000, 1.000, 0.000, 0.000, 0.000]"
1470,58.8,58.84,Liz,1.0,Liz,[1.000],,[],,[],"[0.000, 0.000, 0.000, 0.000, 1.000, 0.000, 0.000, 0.000]"
1471,58.84,58.88,Liz,1.0,Liz,[1.000],,[],,[],"[0.000, 0.000, 0.000, 0.000, 1.000, 0.000, 0.000, 0.000]"
1472,58.88,58.92,Liz,1.0,Liz,[1.000],,[],,[],"[0.000, 0.000, 0.000, 0.000, 1.000, 0.000, 0.000, 0.000]"
1473,58.92,58.96,Liz,1.0,Liz,[1.000],,[],,[],"[0.000, 0.000, 0.000, 0.000, 1.000, 0.000, 0.000, 0.000]"
1474,58.96,59.0,Liz,1.0,Liz,[1.000],,[],,[],"[0.000, 0.000, 0.000, 0.000, 1.000, 0.000, 0.000, 0.000]"
1475,59.0,59.04,Liz,1.0,Liz,[1.000],,[],,[],"[0.000, 0.000, 0.000, 0.000, 1.000, 0.000, 0.000, 0.000]"
1476,59.04,59.08,Liz,0.9999998807907104,Liz,[1.000],,[],,[],"[0.000, 0.000, 0.000, 0.000, 1.000, 0.000, 0.000, 0.000]"
1477,59.08,59.12,Liz,0.9999997615814209,Liz,[1.000],,[],,[],"[0.000, 0.000, 0.000, 0.000, 1.000, 0.000, 0.000, 0.000]"
1478,59.12,59.16,Liz,0.9999995231628418,Liz,[1.000],,[],,[],"[0.000, 0.000, 0.000, 0.000, 1.000, 0.000, 0.000, 0.000]"
1479,59.16,59.2,Liz,0.9999985694885254,Liz,[1.000],,[],,[],"[0.000, 0.000, 0.000, 0.000, 1.000, 0.000, 0.000, 0.000]"
1480,59.2,59.24,Liz,0.9999958276748657,Liz,[1.000],,[],,[],"[0.000, 0.000, 0.000, 0.000, 1.000, 0.000, 0.000, 0.000]"
1481,59.24,59.28,Liz,0.9999867677688599,Liz,[1.000],,[],,[],"[0.000, 0.000, 0.000, 0.000, 1.000, 0.000, 0.000, 0.000]"
1482,59.28,59.32,Liz,0.9999544620513916,Liz,[1.000],,[],,[],"[0.000, 0.000, 0.000, 0.000, 1.000, 0.000, 0.000, 0.000]"
1483,59.32,59.36,Liz,0.9998341798782349,Liz,[1.000],,[],,[],"[0.000, 0.000, 0.000, 0.000, 1.000, 0.000, 0.000, 0.000]"
1484,59.36,59.4,Liz,0.9993632435798645,Liz,[0.999],,[],,[],"[0.000, 0.000, 0.000, 0.000, 0.999, 0.000, 0.000, 0.000]"
1485,59.4,59.44,Liz,0.9974427223205566,Liz,[0.997],,[],,[],"[0.000, 0.000, 0.000, 0.000, 0.997, 0.000, 0.000, 0.001]"
1486,59.44,59.48,Liz,0.9894183278083801,Liz,[0.989],,[],,[],"[0.000, 0.000, 0.000, 0.000, 0.989, 0.000, 0.000, 0.002]"
1487,59.48,59.52,Liz,0.9560256600379944,Liz,[0.956],,[],,[],"[0.000, 0.000, 0.000, 0.000, 0.956, 0.000, 0.000, 0.005]"
1488,59.52,59.56,Liz,0.8315363526344299,Liz,[0.832],,[],,[],"[0.000, 0.000, 0.000, 0.000, 0.832, 0.000, 0.000, 0.014]"
1489,59.56,59.6,Liz,0.5238991975784302,Liz,[0.524],,[],,[],"[0.000, 0.000, 0.000, 0.000, 0.524, 0.000, 0.000, 0.037]"
1490,59.6,59.64,silence,0.09566347301006317,,[],,[],,[],"[0.000, 0.000, 0.000, 0.000, 0.195, 0.000, 0.000, 0.096]"
1491,59.64,59.68,silence,0.22935068607330322,,[],,[],,[],"[0.000, 0.000, 0.000, 0.000, 0.051, 0.000, 0.000, 0.229]"
1492,59.68,59.72,silence,0.4556967616081238,,[],,[],,[],"[0.000, 0.000, 0.000, 0.000, 0.012, 0.000, 0.000, 0.456]"
1493,59.72,59.76,silence,0.6998794078826904,silence,[0.700],,[],,[],"[0.000, 0.000, 0.000, 0.000, 0.003, 0.000, 0.000, 0.700]"
1494,59.76,59.8,silence,0.8644366264343262,silence,[0.864],,[],,[],"[0.000, 0.000, 0.000, 0.000, 0.001, 0.000, 0.000, 0.864]"
1495,59.8,59.84,silence,0.9443768858909607,silence,[0.944],,[],,[],"[0.000, 0.000, 0.000, 0.000, 0.000, 0.000, 0.000, 0.944]"
1496,59.84,59.88,silence,0.9776245355606079,silence,[0.978],,[],,[],"[0.000, 0.000, 0.000, 0.000, 0.000, 0.000, 0.000, 0.978]"
1497,59.88,59.92,silence,0.990844190120697,silence,[0.991],,[],,[],"[0.000, 0.000, 0.000, 0.000, 0.000, 0.000, 0.000, 0.991]"
1498,59.92,59.96,silence,0.9961234927177429,silence,[0.996],,[],,[],"[0.000, 0.000, 0.000, 0.000, 0.000, 0.000, 0.000, 0.996]"
1499,59.96,60.0,silence,0.9982855916023254,silence,[0.998],,[],,[],"[0.000, 0.000, 0.000, 0.000, 0.000, 0.000, 0.000, 0.998]"
1500,60.0,60.04,silence,0.9992051720619202,silence,[0.999],,[],,[],"[0.000, 0.000, 0.000, 0.000, 0.000, 0.000, 0.000, 0.999]"
1501,60.04,60.08,silence,0.9996129870414734,silence,[1.000],,[],,[],"[0.000, 0.000, 0.000, 0.000, 0.000, 0.000, 0.000, 1.000]"
1502,60.08,60.12,silence,0.99980229139328,silence,[1.000],,[],,[],"[0.000, 0.000, 0.000, 0.000, 0.000, 0.000, 0.000, 1.000]"
1503,60.12,60.16,silence,0.999894380569458,silence,[1.000],,[],,[],"[0.000, 0.000, 0.000, 0.000, 0.000, 0.000, 0.000, 1.000]"
1504,60.16,60.2,silence,0.999941349029541,silence,[1.000],,[],,[],"[0.000, 0.000, 0.000, 0.000, 0.000, 0.000, 0.000, 1.000]"
1505,60.2,60.24,silence,0.9999663829803467,silence,[1.000],,[],,[],"[0.000, 0.000, 0.000, 0.000, 0.000, 0.000, 0.000, 1.000]"
1506,60.24,60.28,silence,0.999980092048645,silence,[1.000],,[],,[],"[0.000, 0.000, 0.000, 0.000, 0.000, 0.000, 0.000, 1.000]"
1507,60.28,60.32,silence,0.9999878406524658,silence,[1.000],,[],,[],"[0.000, 0.000, 0.000, 0.000, 0.000, 0.000, 0.000, 1.000]"
1508,60.32,60.36,silence,0.9999923706054688,silence,[1.000],,[],,[],"[0.000, 0.000, 0.000, 0.000, 0.000, 0.000, 0.000, 1.000]"
1509,60.36,60.4,silence,0.9999951124191284,silence,[1.000],,[],,[],"[0.000, 0.000, 0.000, 0.000, 0.000, 0.000, 0.000, 1.000]"
1510,60.4,60.44,silence,0.9999967813491821,silence,[1.000],,[],,[],"[0.000, 0.000, 0.000, 0.000, 0.000, 0.000, 0.000, 1.000]"
1511,60.44,60.48,silence,0.9999979734420776,silence,[1.000],,[],,[],"[0.000, 0.000, 0.000, 0.000, 0.000, 0.000, 0.000, 1.000]"
1512,60.48,60.52,silence,0.9999985694885254,silence,[1.000],,[],,[],"[0.000, 0.000, 0.000, 0.000, 0.000, 0.000, 0.000, 1.000]"
1513,60.52,60.56,silence,0.9999990463256836,silence,[1.000],,[],,[],"[0.000, 0.000, 0.000, 0.000, 0.000, 0.000, 0.000, 1.000]"
1514,60.56,60.6,silence,0.9999994039535522,silence,[1.000],,[],,[],"[0.000, 0.000, 0.000, 0.000, 0.000, 0.000, 0.000, 1.000]"
1515,60.6,60.64,silence,0.9999995231628418,silence,[1.000],,[],,[],"[0.000, 0.000, 0.000, 0.000, 0.000, 0.000, 0.000, 1.000]"
1516,60.64,60.68,silence,0.9999996423721313,silence,[1.000],,[],,[],"[0.000, 0.000, 0.000, 0.000, 0.000, 0.000, 0.000, 1.000]"
1517,60.68,60.72,silence,0.9999997615814209,silence,[1.000],,[],,[],"[0.000, 0.000, 0.000, 0.000, 0.000, 0.000, 0.000, 1.000]"
1518,60.72,60.76,silence,0.9999998807907104,silence,[1.000],,[],,[],"[0.000, 0.000, 0.000, 0.000, 0.000, 0.000, 0.000, 1.000]"
1519,60.76,60.8,silence,0.9999998807907104,silence,[1.000],,[],,[],"[0.000, 0.000, 0.000, 0.000, 0.000, 0.000, 0.000, 1.000]"
1520,60.8,60.84,silence,0.9999998807907104,silence,[1.000],,[],,[],"[0.000, 0.000, 0.000, 0.000, 0.000, 0.000, 0.000, 1.000]"
1521,60.84,60.88,silence,0.9999998807907104,silence,[1.000],,[],,[],"[0.000, 0.000, 0.000, 0.000, 0.000, 0.000, 0.000, 1.000]"
1522,60.88,60.92,silence,1.0,silence,[1.000],,[],,[],"[0.000, 0.000, 0.000, 0.000, 0.000, 0.000, 0.000, 1.000]"
1523,60.92,60.96,silence,1.0,silence,[1.000],,[],,[],"[0.000, 0.000, 0.000, 0.000, 0.000, 0.000, 0.000, 1.000]"
1524,60.96,61.0,silence,1.0,silence,[1.000],,[],,[],"[0.000, 0.000, 0.000, 0.000, 0.000, 0.000, 0.000, 1.000]"
1525,61.0,61.04,silence,1.0,silence,[1.000],,[],,[],"[0.000, 0.000, 0.000, 0.000, 0.000, 0.000, 0.000, 1.000]"
1526,61.04,61.08,silence,1.0,silence,[1.000],,[],,[],"[0.000, 0.000, 0.000, 0.000, 0.000, 0.000, 0.000, 1.000]"
1527,61.08,61.12,silence,1.0,silence,[1.000],,[],,[],"[0.000, 0.000, 0.000, 0.000, 0.000, 0.000, 0.000, 1.000]"
1528,61.12,61.16,silence,1.0,silence,[1.000],,[],,[],"[0.000, 0.000, 0.000, 0.000, 0.000, 0.000, 0.000, 1.000]"
1529,61.16,61.2,silence,1.0,silence,[1.000],,[],,[],"[0.000, 0.000, 0.000, 0.000, 0.000, 0.000, 0.000, 1.000]"
1530,61.2,61.24,silence,1.0,silence,[1.000],,[],,[],"[0.000, 0.000, 0.000, 0.000, 0.000, 0.000, 0.000, 1.000]"
1531,61.24,61.28,silence,1.0,silence,[1.000],,[],,[],"[0.000, 0.000, 0.000, 0.000, 0.000, 0.000, 0.000, 1.000]"
1532,61.28,61.32,silence,1.0,silence,[1.000],,[],,[],"[0.000, 0.000, 0.000, 0.000, 0.000, 0.000, 0.000, 1.000]"
1533,61.32,61.36,silence,1.0,silence,[1.000],,[],,[],"[0.000, 0.000, 0.000, 0.000, 0.000, 0.000, 0.000, 1.000]"
1534,61.36,61.4,silence,0.9999998807907104,silence,[1.000],,[],,[],"[0.000, 0.000, 0.000, 0.000, 0.000, 0.000, 0.000, 1.000]"
1535,61.4,61.44,silence,0.9999998807907104,silence,[1.000],,[],,[],"[0.000, 0.000, 0.000, 0.000, 0.000, 0.000, 0.000, 1.000]"
1536,61.44,61.48,silence,0.9999998807907104,silence,[1.000],,[],,[],"[0.000, 0.000, 0.000, 0.000, 0.000, 0.000, 0.000, 1.000]"
1537,61.48,61.52,silence,0.9999998807907104,silence,[1.000],,[],,[],"[0.000, 0.000, 0.000, 0.000, 0.000, 0.000, 0.000, 1.000]"
1538,61.52,61.56,silence,0.9999998807907104,silence,[1.000],,[],,[],"[0.000, 0.000, 0.000, 0.000, 0.000, 0.000, 0.000, 1.000]"
1539,61.56,61.6,silence,0.9999997615814209,silence,[1.000],,[],,[],"[0.000, 0.000, 0.000, 0.000, 0.000, 0.000, 0.000, 1.000]"
1540,61.6,61.64,silence,0.9999997615814209,silence,[1.000],,[],,[],"[0.000, 0.000, 0.000, 0.000, 0.000, 0.000, 0.000, 1.000]"
1541,61.64,61.68,silence,0.9999996423721313,silence,[1.000],,[],,[],"[0.000, 0.000, 0.000, 0.000, 0.000, 0.000, 0.000, 1.000]"
1542,61.68,61.72,silence,0.9999996423721313,silence,[1.000],,[],,[],"[0.000, 0.000, 0.000, 0.000, 0.000, 0.000, 0.000, 1.000]"
1543,61.72,61.76,silence,0.9999995231628418,silence,[1.000],,[],,[],"[0.000, 0.000, 0.000, 0.000, 0.000, 0.000, 0.000, 1.000]"
1544,61.76,61.8,silence,0.9999992847442627,silence,[1.000],,[],,[],"[0.000, 0.000, 0.000, 0.000, 0.000, 0.000, 0.000, 1.000]"
1545,61.8,61.84,silence,0.9999991655349731,silence,[1.000],,[],,[],"[0.000, 0.000, 0.000, 0.000, 0.000, 0.000, 0.000, 1.000]"
1546,61.84,61.88,silence,0.999998927116394,silence,[1.000],,[],,[],"[0.000, 0.000, 0.000, 0.000, 0.000, 0.000, 0.000, 1.000]"
1547,61.88,61.92,silence,0.9999986886978149,silence,[1.000],,[],,[],"[0.000, 0.000, 0.000, 0.000, 0.000, 0.000, 0.000, 1.000]"
1548,61.92,61.96,silence,0.9999983310699463,silence,[1.000],,[],,[],"[0.000, 0.000, 0.000, 0.000, 0.000, 0.000, 0.000, 1.000]"
1549,61.96,62.0,silence,0.9999979734420776,silence,[1.000],,[],,[],"[0.000, 0.000, 0.000, 0.000, 0.000, 0.000, 0.000, 1.000]"
1550,62.0,62.04,silence,0.9999973773956299,silence,[1.000],,[],,[],"[0.000, 0.000, 0.000, 0.000, 0.000, 0.000, 0.000, 1.000]"
1551,62.04,62.08,silence,0.9999967813491821,silence,[1.000],,[],,[],"[0.000, 0.000, 0.000, 0.000, 0.000, 0.000, 0.000, 1.000]"
1552,62.08,62.12,silence,0.9999959468841553,silence,[1.000],,[],,[],"[0.000, 0.000, 0.000, 0.000, 0.000, 0.000, 0.000, 1.000]"
1553,62.12,62.16,silence,0.9999947547912598,silence,[1.000],,[],,[],"[0.000, 0.000, 0.000, 0.000, 0.000, 0.000, 0.000, 1.000]"
1554,62.16,62.2,silence,0.999993085861206,silence,[1.000],,[],,[],"[0.000, 0.000, 0.000, 0.000, 0.000, 0.000, 0.000, 1.000]"
1555,62.2,62.24,silence,0.9999904632568359,silence,[1.000],,[],,[],"[0.000, 0.000, 0.000, 0.000, 0.000, 0.000, 0.000, 1.000]"
1556,62.24,62.28,silence,0.9999861717224121,silence,[1.000],,[],,[],"[0.000, 0.000, 0.000, 0.000, 0.000, 0.000, 0.000, 1.000]"
1557,62.28,62.32,silence,0.9999790191650391,silence,[1.000],,[],,[],"[0.000, 0.000, 0.000, 0.000, 0.000, 0.000, 0.000, 1.000]"
1558,62.32,62.36,silence,0.9999662637710571,silence,[1.000],,[],,[],"[0.000, 0.000, 0.000, 0.000, 0.000, 0.000, 0.000, 1.000]"
1559,62.36,62.4,silence,0.9999427795410156,silence,[1.000],,[],,[],"[0.000, 0.000, 0.000, 0.000, 0.000, 0.000, 0.000, 1.000]"
1560,62.4,62.44,silence,0.9998966455459595,silence,[1.000],,[],,[],"[0.000, 0.000, 0.000, 0.000, 0.000, 0.000, 0.000, 1.000]"
1561,62.44,62.48,silence,0.9998015761375427,silence,[1.000],,[],,[],"[0.000, 0.000, 0.000, 0.000, 0.000, 0.000, 0.000, 1.000]"
1562,62.48,62.52,silence,0.9995953440666199,silence,[1.000],,[],,[],"[0.000, 0.000, 0.000, 0.000, 0.001, 0.000, 0.000, 1.000]"
1563,62.52,62.56,silence,0.9991299510002136,silence,[0.999],,[],,[],"[0.000, 0.000, 0.000, 0.000, 0.003, 0.000, 0.000, 0.999]"
1564,62.56,62.6,silence,0.9980329871177673,silence,[0.998],,[],,[],"[0.000, 0.000, 0.000, 0.000, 0.009, 0.000, 0.000, 0.998]"
1565,62.6,62.64,silence,0.9953494668006897,silence,[0.995],,[],,[],"[0.000, 0.000, 0.000, 0.000, 0.028, 0.000, 0.000, 0.995]"
1566,62.64,62.68,silence,0.9886029958724976,silence,[0.989],,[],,[],"[0.000, 0.000, 0.000, 0.000, 0.084, 0.000, 0.000, 0.989]"
1567,62.68,62.72,silence,0.9714394807815552,silence,[0.971],,[],,[],"[0.000, 0.000, 0.000, 0.000, 0.231, 0.000, 0.000, 0.971]"
1568,62.72,62.76,silence,0.9286148548126221,silence,[0.929],,[],,[],"[0.000, 0.000, 0.000, 0.000, 0.500, 0.000, 0.000, 0.929]"
1569,62.76,62.8,Liz,0.7695519924163818,Liz|silence,"[0.770, 0.830]",,[],,[],"[0.000, 0.000, 0.000, 0.000, 0.770, 0.000, 0.000, 0.830]"
1570,62.8,62.84,Liz,0.9169464707374573,Liz|silence,"[0.917, 0.646]",,[],,[],"[0.000, 0.000, 0.000, 0.000, 0.917, 0.000, 0.000, 0.646]"
1571,62.84,62.88,Liz,0.9727898240089417,Liz,[0.973],,[],,[],"[0.000, 0.000, 0.000, 0.000, 0.973, 0.000, 0.000, 0.407]"
1572,62.88,62.92,Liz,0.9911655783653259,Liz,[0.991],,[],,[],"[0.000, 0.000, 0.000, 0.000, 0.991, 0.000, 0.000, 0.207]"
1573,62.92,62.96,Liz,0.9970405697822571,Liz,[0.997],,[],,[],"[0.000, 0.000, 0.000, 0.000, 0.997, 0.000, 0.000, 0.093]"
1574,62.96,63.0,Liz,0.9989548921585083,Liz,[0.999],,[],,[],"[0.000, 0.000, 0.000, 0.000, 0.999, 0.000, 0.000, 0.040]"
1575,63.0,63.04,Liz,0.9996055960655212,Liz,[1.000],,[],,[],"[0.000, 0.000, 0.000, 0.000, 1.000, 0.000, 0.000, 0.018]"
1576,63.04,63.08,Liz,0.9998395442962646,Liz,[1.000],,[],,[],"[0.000, 0.000, 0.000, 0.000, 1.000, 0.000, 0.000, 0.008]"
1577,63.08,63.12,Liz,0.9999293088912964,Liz,[1.000],,[],,[],"[0.000, 0.000, 0.000, 0.000, 1.000, 0.000, 0.000, 0.004]"
1578,63.12,63.16,Liz,0.9999661445617676,Liz,[1.000],,[],,[],"[0.000, 0.000, 0.000, 0.000, 1.000, 0.000, 0.000, 0.002]"
1579,63.16,63.2,Liz,0.9999823570251465,Liz,[1.000],,[],,[],"[0.000, 0.000, 0.000, 0.000, 1.000, 0.000, 0.000, 0.001]"
1580,63.2,63.24,Liz,0.9999899864196777,Liz,[1.000],,[],,[],"[0.000, 0.000, 0.000, 0.000, 1.000, 0.000, 0.000, 0.001]"
1581,63.24,63.28,Liz,0.9999938011169434,Liz,[1.000],,[],,[],"[0.000, 0.000, 0.000, 0.000, 1.000, 0.000, 0.000, 0.000]"
1582,63.28,63.32,Liz,0.9999958276748657,Liz,[1.000],,[],,[],"[0.000, 0.000, 0.000, 0.000, 1.000, 0.000, 0.000, 0.000]"
1583,63.32,63.36,Liz,0.9999970197677612,Liz,[1.000],,[],,[],"[0.000, 0.000, 0.000, 0.000, 1.000, 0.000, 0.000, 0.000]"
1584,63.36,63.4,Liz,0.999997615814209,Liz,[1.000],,[],,[],"[0.000, 0.000, 0.000, 0.000, 1.000, 0.000, 0.000, 0.000]"
1585,63.4,63.44,Liz,0.9999979734420776,Liz,[1.000],,[],,[],"[0.000, 0.000, 0.000, 0.000, 1.000, 0.000, 0.000, 0.000]"
1586,63.44,63.48,Liz,0.9999980926513672,Liz,[1.000],,[],,[],"[0.000, 0.000, 0.000, 0.000, 1.000, 0.000, 0.000, 0.000]"
1587,63.48,63.52,Liz,0.9999980926513672,Liz,[1.000],,[],,[],"[0.000, 0.000, 0.000, 0.000, 1.000, 0.000, 0.000, 0.000]"
1588,63.52,63.56,Liz,0.9999980926513672,Liz,[1.000],,[],,[],"[0.000, 0.000, 0.000, 0.000, 1.000, 0.000, 0.000, 0.000]"
1589,63.56,63.6,Liz,0.9999978542327881,Liz,[1.000],,[],,[],"[0.000, 0.000, 0.000, 0.000, 1.000, 0.000, 0.000, 0.000]"
1590,63.6,63.64,Liz,0.9999974966049194,Liz,[1.000],,[],,[],"[0.000, 0.000, 0.000, 0.000, 1.000, 0.000, 0.000, 0.000]"
1591,63.64,63.68,Liz,0.9999969005584717,Liz,[1.000],,[],,[],"[0.000, 0.000, 0.000, 0.000, 1.000, 0.000, 0.000, 0.000]"
1592,63.68,63.72,Liz,0.9999960660934448,Liz,[1.000],,[],,[],"[0.000, 0.000, 0.000, 0.000, 1.000, 0.000, 0.000, 0.000]"
1593,63.72,63.76,Liz,0.9999948740005493,Liz,[1.000],,[],,[],"[0.000, 0.000, 0.000, 0.000, 1.000, 0.000, 0.000, 0.000]"
1594,63.76,63.8,Liz,0.9999932050704956,Liz,[1.000],,[],,[],"[0.000, 0.000, 0.000, 0.000, 1.000, 0.000, 0.000, 0.000]"
1595,63.8,63.84,Liz,0.9999905824661255,Liz,[1.000],,[],,[],"[0.000, 0.000, 0.000, 0.000, 1.000, 0.000, 0.000, 0.000]"
1596,63.84,63.88,Liz,0.9999868869781494,Liz,[1.000],,[],,[],"[0.000, 0.000, 0.000, 0.000, 1.000, 0.000, 0.000, 0.000]"
1597,63.88,63.92,Liz,0.9999817609786987,Liz,[1.000],,[],,[],"[0.000, 0.000, 0.000, 0.000, 1.000, 0.000, 0.000, 0.000]"
1598,63.92,63.96,Liz,0.9999747276306152,Liz,[1.000],,[],,[],"[0.000, 0.000, 0.000, 0.000, 1.000, 0.000, 0.000, 0.000]"
1599,63.96,64.0,Liz,0.9999651908874512,Liz,[1.000],,[],,[],"[0.000, 0.000, 0.000, 0.000, 1.000, 0.000, 0.000, 0.000]"
1600,64.0,64.04,Liz,0.999953031539917,Liz,[1.000],,[],,[],"[0.000, 0.000, 0.000, 0.000, 1.000, 0.000, 0.000, 0.000]"
1601,64.04,64.08,Liz,0.9999376535415649,Liz,[1.000],,[],,[],"[0.000, 0.000, 0.000, 0.000, 1.000, 0.000, 0.000, 0.000]"
1602,64.08,64.12,Liz,0.9999189376831055,Liz,[1.000],,[],,[],"[0.000, 0.000, 0.000, 0.000, 1.000, 0.000, 0.000, 0.000]"
1603,64.12,64.16,Liz,0.9998970031738281,Liz,[1.000],,[],,[],"[0.000, 0.000, 0.000, 0.000, 1.000, 0.000, 0.000, 0.000]"
1604,64.16,64.2,Liz,0.999872088432312,Liz,[1.000],,[],,[],"[0.000, 0.000, 0.000, 0.000, 1.000, 0.000, 0.000, 0.000]"
1605,64.2,64.24,Liz,0.9998445510864258,Liz,[1.000],,[],,[],"[0.000, 0.000, 0.000, 0.000, 1.000, 0.000, 0.000, 0.000]"
1606,64.24,64.28,Liz,0.9998154044151306,Liz,[1.000],,[],,[],"[0.000, 0.000, 0.000, 0.000, 1.000, 0.000, 0.000, 0.000]"
1607,64.28,64.32,Liz,0.9997860789299011,Liz,[1.000],,[],,[],"[0.000, 0.000, 0.000, 0.000, 1.000, 0.000, 0.000, 0.000]"
1608,64.32,64.36,Liz,0.9997581839561462,Liz,[1.000],,[],,[],"[0.000, 0.000, 0.000, 0.000, 1.000, 0.000, 0.000, 0.000]"
1609,64.36,64.4,Liz,0.999733030796051,Liz,[1.000],,[],,[],"[0.000, 0.000, 0.000, 0.000, 1.000, 0.000, 0.000, 0.000]"
1610,64.4,64.44,Liz,0.9997113347053528,Liz,[1.000],,[],,[],"[0.000, 0.000, 0.000, 0.000, 1.000, 0.000, 0.000, 0.000]"
1611,64.44,64.48,Liz,0.9996936321258545,Liz,[1.000],,[],,[],"[0.000, 0.000, 0.000, 0.000, 1.000, 0.000, 0.000, 0.000]"
1612,64.48,64.52,Liz,0.9996795654296875,Liz,[1.000],,[],,[],"[0.000, 0.000, 0.000, 0.000, 1.000, 0.000, 0.000, 0.000]"
1613,64.52,64.56,Liz,0.9996689558029175,Liz,[1.000],,[],,[],"[0.000, 0.000, 0.000, 0.000, 1.000, 0.000, 0.000, 0.000]"
1614,64.56,64.6,Liz,0.9996610879898071,Liz,[1.000],,[],,[],"[0.000, 0.000, 0.000, 0.000, 1.000, 0.000, 0.000, 0.000]"
1615,64.6,64.64,Liz,0.9996554851531982,Liz,[1.000],,[],,[],"[0.000, 0.000, 0.000, 0.000, 1.000, 0.000, 0.000, 0.000]"
1616,64.64,64.68,Liz,0.9996511936187744,Liz,[1.000],,[],,[],"[0.000, 0.000, 0.000, 0.000, 1.000, 0.000, 0.000, 0.000]"
1617,64.68,64.72,Liz,0.999647855758667,Liz,[1.000],,[],,[],"[0.000, 0.000, 0.000, 0.000, 1.000, 0.000, 0.000, 0.000]"
1618,64.72,64.76,Liz,0.9996448755264282,Liz,[1.000],,[],,[],"[0.000, 0.000, 0.000, 0.000, 1.000, 0.000, 0.000, 0.000]"
1619,64.76,64.8,Liz,0.9996417760848999,Liz,[1.000],,[],,[],"[0.000, 0.000, 0.000, 0.000, 1.000, 0.000, 0.001, 0.000]"
1620,64.8,64.84,Liz,0.9996381998062134,Liz,[1.000],,[],,[],"[0.000, 0.000, 0.000, 0.000, 1.000, 0.000, 0.001, 0.000]"
1621,64.84,64.88,Liz,0.9996331930160522,Liz,[1.000],,[],,[],"[0.000, 0.000, 0.000, 0.000, 1.000, 0.000, 0.001, 0.000]"
1622,64.88,64.92,Liz,0.9996269941329956,Liz,[1.000],,[],,[],"[0.000, 0.000, 0.000, 0.000, 1.000, 0.000, 0.001, 0.000]"
1623,64.92,64.96,Liz,0.9996196031570435,Liz,[1.000],,[],,[],"[0.000, 0.000, 0.000, 0.000, 1.000, 0.000, 0.001, 0.000]"
1624,64.96,65.0,Liz,0.9996110796928406,Liz,[1.000],,[],,[],"[0.000, 0.000, 0.000, 0.000, 1.000, 0.000, 0.001, 0.000]"
1625,65.0,65.04,Liz,0.9996017813682556,Liz,[1.000],,[],,[],"[0.000, 0.000, 0.000, 0.000, 1.000, 0.000, 0.001, 0.000]"
1626,65.04,65.08,Liz,0.999592125415802,Liz,[1.000],,[],,[],"[0.000, 0.000, 0.000, 0.000, 1.000, 0.000, 0.001, 0.000]"
1627,65.08,65.12,Liz,0.9995825886726379,Liz,[1.000],,[],,[],"[0.000, 0.000, 0.000, 0.000, 1.000, 0.000, 0.001, 0.000]"
1628,65.12,65.16,Liz,0.9995738863945007,Liz,[1.000],,[],,[],"[0.000, 0.000, 0.000, 0.000, 1.000, 0.000, 0.001, 0.000]"
1629,65.16,65.2,Liz,0.9995664954185486,Liz,[1.000],,[],,[],"[0.000, 0.000, 0.000, 0.000, 1.000, 0.000, 0.001, 0.000]"
1630,65.2,65.24,Liz,0.999561607837677,Liz,[1.000],,[],,[],"[0.000, 0.000, 0.000, 0.000, 1.000, 0.000, 0.001, 0.000]"
1631,65.24,65.28,Liz,0.9995597004890442,Liz,[1.000],,[],,[],"[0.000, 0.000, 0.000, 0.000, 1.000, 0.000, 0.001, 0.000]"
1632,65.28,65.32,Liz,0.9995617270469666,Liz,[1.000],,[],,[],"[0.000, 0.000, 0.000, 0.000, 1.000, 0.000, 0.001, 0.000]"
1633,65.32,65.36,Liz,0.9995679259300232,Liz,[1.000],,[],,[],"[0.000, 0.000, 0.000, 0.000, 1.000, 0.000, 0.001, 0.000]"
1634,65.36,65.4,Liz,0.9995779395103455,Liz,[1.000],,[],,[],"[0.000, 0.000, 0.000, 0.000, 1.000, 0.000, 0.001, 0.000]"
1635,65.4,65.44,Liz,0.9995911717414856,Liz,[1.000],,[],,[],"[0.000, 0.000, 0.000, 0.000, 1.000, 0.000, 0.001, 0.000]"
1636,65.44,65.48,Liz,0.9996064305305481,Liz,[1.000],,[],,[],"[0.000, 0.000, 0.000, 0.000, 1.000, 0.000, 0.001, 0.000]"
1637,65.48,65.52,Liz,0.9996230602264404,Liz,[1.000],,[],,[],"[0.000, 0.000, 0.000, 0.000, 1.000, 0.000, 0.001, 0.000]"
1638,65.52,65.56,Liz,0.9996404647827148,Liz,[1.000],,[],,[],"[0.000, 0.000, 0.000, 0.000, 1.000, 0.000, 0.001, 0.000]"
1639,65.56,65.6,Liz,0.9996577501296997,Liz,[1.000],,[],,[],"[0.000, 0.000, 0.000, 0.000, 1.000, 0.000, 0.001, 0.000]"
1640,65.6,65.64,Liz,0.9996745586395264,Liz,[1.000],,[],,[],"[0.000, 0.000, 0.000, 0.000, 1.000, 0.000, 0.000, 0.000]"
1641,65.64,65.68,Liz,0.9996899366378784,Liz,[1.000],,[],,[],"[0.000, 0.000, 0.000, 0.000, 1.000, 0.000, 0.000, 0.000]"
1642,65.68,65.72,Liz,0.9997031092643738,Liz,[1.000],,[],,[],"[0.000, 0.000, 0.000, 0.000, 1.000, 0.000, 0.000, 0.000]"
1643,65.72,65.76,Liz,0.9997121691703796,Liz,[1.000],,[],,[],"[0.000, 0.000, 0.000, 0.000, 1.000, 0.000, 0.000, 0.000]"
1644,65.76,65.8,Liz,0.9997162222862244,Liz,[1.000],,[],,[],"[0.000, 0.000, 0.000, 0.000, 1.000, 0.000, 0.000, 0.000]"
1645,65.8,65.84,Liz,0.9997140765190125,Liz,[1.000],,[],,[],"[0.000, 0.000, 0.000, 0.000, 1.000, 0.000, 0.000, 0.000]"
1646,65.84,65.88,Liz,0.9997038245201111,Liz,[1.000],,[],,[],"[0.000, 0.000, 0.000, 0.000, 1.000, 0.000, 0.000, 0.000]"
1647,65.88,65.92,Liz,0.9996834993362427,Liz,[1.000],,[],,[],"[0.000, 0.000, 0.000, 0.000, 1.000, 0.000, 0.000, 0.000]"
1648,65.92,65.96,Liz,0.9996490478515625,Liz,[1.000],,[],,[],"[0.000, 0.000, 0.000, 0.000, 1.000, 0.000, 0.000, 0.000]"
1649,65.96,66.0,Liz,0.9995943903923035,Liz,[1.000],,[],,[],"[0.000, 0.000, 0.000, 0.000, 1.000, 0.000, 0.000, 0.000]"
1650,66.0,66.04,Liz,0.9995086193084717,Liz,[1.000],,[],,[],"[0.000, 0.000, 0.000, 0.000, 1.000, 0.000, 0.000, 0.000]"
1651,66.04,66.08,Liz,0.9993736147880554,Liz,[0.999],,[],,[],"[0.000, 0.000, 0.000, 0.000, 0.999, 0.000, 0.000, 0.000]"
1652,66.08,66.12,Liz,0.9991582632064819,Liz,[0.999],,[],,[],"[0.000, 0.000, 0.000, 0.000, 0.999, 0.000, 0.000, 0.000]"
1653,66.12,66.16,Liz,0.9988059997558594,Liz,[0.999],,[],,[],"[0.000, 0.000, 0.000, 0.000, 0.999, 0.000, 0.000, 0.000]"
1654,66.16,66.2,Liz,0.998210072517395,Liz,[0.998],,[],,[],"[0.000, 0.000, 0.000, 0.000, 0.998, 0.000, 0.000, 0.001]"
1655,66.2,66.24,Liz,0.9971617460250854,Liz,[0.997],,[],,[],"[0.000, 0.000, 0.000, 0.000, 0.997, 0.000, 0.000, 0.001]"
1656,66.24,66.28,Liz,0.9952436089515686,Liz,[0.995],,[],,[],"[0.000, 0.000, 0.000, 0.000, 0.995, 0.000, 0.000, 0.002]"
1657,66.28,66.32,Liz,0.9915919303894043,Liz,[0.992],,[],,[],"[0.000, 0.000, 0.000, 0.000, 0.992, 0.000, 0.000, 0.003]"
1658,66.32,66.36,Liz,0.984339714050293,Liz,[0.984],,[],,[],"[0.000, 0.000, 0.000, 0.000, 0.984, 0.000, 0.000, 0.006]"
1659,66.36,66.4,Liz,0.9694119691848755,Liz,[0.969],,[],,[],"[0.000, 0.000, 0.000, 0.000, 0.969, 0.000, 0.000, 0.011]"
1660,66.4,66.44,Liz,0.9381997585296631,Liz,[0.938],,[],,[],"[0.000, 0.000, 0.000, 0.000, 0.938, 0.000, 0.000, 0.021]"
1661,66.44,66.48,Liz,0.8741673827171326,Liz,[0.874],,[],,[],"[0.000, 0.000, 0.000, 0.000, 0.874, 0.000, 0.000, 0.040]"
1662,66.48,66.52,Liz,0.7534146904945374,Liz,[0.753],,[],,[],"[0.000, 0.000, 0.000, 0.000, 0.753, 0.000, 0.000, 0.076]"
1663,66.52,66.56,Liz,0.5652374625205994,Liz,[0.565],,[],,[],"[0.000, 0.000, 0.000, 0.000, 0.565, 0.000, 0.000, 0.143]"
1664,66.56,66.6,silence,0.25106072425842285,,[],,[],,[],"[0.000, 0.000, 0.000, 0.000, 0.351, 0.000, 0.000, 0.251]"
1665,66.6,66.64,silence,0.4022843837738037,,[],,[],,[],"[0.000, 0.000, 0.000, 0.000, 0.181, 0.000, 0.000, 0.402]"
1666,66.64,66.68,silence,0.5725337266921997,silence,[0.573],,[],,[],"[0.000, 0.000, 0.000, 0.000, 0.082, 0.000, 0.000, 0.573]"
1667,66.68,66.72,silence,0.7245194911956787,silence,[0.725],,[],,[],"[0.000, 0.000, 0.000, 0.000, 0.035, 0.000, 0.000, 0.725]"
1668,66.72,66.76,silence,0.8355489373207092,silence,[0.836],,[],,[],"[0.000, 0.000, 0.000, 0.000, 0.015, 0.000, 0.000, 0.836]"
1669,66.76,66.8,silence,0.906080961227417,silence,[0.906],,[],,[],"[0.000, 0.000, 0.000, 0.000, 0.006, 0.000, 0.000, 0.906]"
1670,66.8,66.84,silence,0.9471970200538635,silence,[0.947],,[],,[],"[0.000, 0.000, 0.000, 0.000, 0.003, 0.000, 0.000, 0.947]"
1671,66.84,66.88,silence,0.9701611399650574,silence,[0.970],,[],,[],"[0.000, 0.000, 0.000, 0.000, 0.001, 0.000, 0.000, 0.970]"
1672,66.88,66.92,silence,0.9828459620475769,silence,[0.983],,[],,[],"[0.000, 0.000, 0.000, 0.000, 0.001, 0.000, 0.000, 0.983]"
1673,66.92,66.96,silence,0.9899067282676697,silence,[0.990],,[],,[],"[0.000, 0.000, 0.000, 0.000, 0.000, 0.000, 0.000, 0.990]"
1674,66.96,67.0,silence,0.9938976168632507,silence,[0.994],,[],,[],"[0.000, 0.000, 0.000, 0.000, 0.000, 0.000, 0.000, 0.994]"
1675,67.0,67.04,silence,0.9962003827095032,silence,[0.996],,[],,[],"[0.000, 0.000, 0.000, 0.000, 0.000, 0.000, 0.000, 0.996]"
1676,67.04,67.08,silence,0.99755859375,silence,[0.998],,[],,[],"[0.000, 0.000, 0.000, 0.000, 0.000, 0.000, 0.000, 0.998]"
1677,67.08,67.12,silence,0.9983789920806885,silence,[0.998],,[],,[],"[0.000, 0.000, 0.000, 0.000, 0.000, 0.000, 0.000, 0.998]"
1678,67.12,67.16,silence,0.9988860487937927,silence,[0.999],,[],,[],"[0.000, 0.000, 0.000, 0.000, 0.000, 0.000, 0.000, 0.999]"
1679,67.16,67.2,silence,0.9992067217826843,silence,[0.999],,[],,[],"[0.000, 0.000, 0.000, 0.000, 0.000, 0.000, 0.000, 0.999]"
1680,67.2,67.24,silence,0.9994146823883057,silence,[0.999],,[],,[],"[0.000, 0.000, 0.000, 0.000, 0.000, 0.000, 0.000, 0.999]"
1681,67.24,67.28,silence,0.999552309513092,silence,[1.000],,[],,[],"[0.000, 0.000, 0.000, 0.000, 0.000, 0.000, 0.000, 1.000]"
1682,67.28,67.32,silence,0.9996445178985596,silence,[1.000],,[],,[],"[0.000, 0.000, 0.000, 0.000, 0.000, 0.000, 0.000, 1.000]"
1683,67.32,67.36,silence,0.9997064471244812,silence,[1.000],,[],,[],"[0.000, 0.000, 0.000, 0.000, 0.000, 0.000, 0.000, 1.000]"
1684,67.36,67.4,silence,0.9997480511665344,silence,[1.000],,[],,[],"[0.000, 0.000, 0.000, 0.000, 0.000, 0.000, 0.000, 1.000]"
1685,67.4,67.44,silence,0.9997748732566833,silence,[1.000],,[],,[],"[0.000, 0.000, 0.000, 0.000, 0.000, 0.000, 0.000, 1.000]"
1686,67.44,67.48,silence,0.9997907280921936,silence,[1.000],,[],,[],"[0.000, 0.000, 0.000, 0.000, 0.000, 0.000, 0.000, 1.000]"
1687,67.48,67.52,silence,0.9997972846031189,silence,[1.000],,[],,[],"[0.000, 0.000, 0.000, 0.000, 0.000, 0.000, 0.000, 1.000]"
1688,67.52,67.56,silence,0.9997954964637756,silence,[1.000],,[],,[],"[0.000, 0.000, 0.000, 0.000, 0.000, 0.000, 0.000, 1.000]"
1689,67.56,67.6,silence,0.9997848868370056,silence,[1.000],,[],,[],"[0.000, 0.000, 0.000, 0.000, 0.000, 0.000, 0.000, 1.000]"
1690,67.6,67.64,silence,0.9997639060020447,silence,[1.000],,[],,[],"[0.000, 0.000, 0.000, 0.000, 0.000, 0.000, 0.000, 1.000]"
1691,67.64,67.68,silence,0.999729573726654,silence,[1.000],,[],,[],"[0.000, 0.000, 0.000, 0.000, 0.000, 0.000, 0.000, 1.000]"
1692,67.68,67.72,silence,0.9996757507324219,silence,[1.000],,[],,[],"[0.000, 0.000, 0.000, 0.000, 0.000, 0.000, 0.000, 1.000]"
1693,67.72,67.76,silence,0.9995912909507751,silence,[1.000],,[],,[],"[0.000, 0.000, 0.000, 0.000, 0.000, 0.000, 0.000, 1.000]"
1694,67.76,67.8,silence,0.9994569420814514,silence,[0.999],,[],,[],"[0.000, 0.000, 0.000, 0.000, 0.000, 0.000, 0.000, 0.999]"
1695,67.8,67.84,silence,0.9992383718490601,silence,[0.999],,[],,[],"[0.000, 0.000, 0.000, 0.000, 0.000, 0.000, 0.000, 0.999]"
1696,67.84,67.88,silence,0.998871386051178,silence,[0.999],,[],,[],"[0.000, 0.000, 0.000, 0.000, 0.000, 0.000, 0.000, 0.999]"
1697,67.88,67.92,silence,0.9982329607009888,silence,[0.998],,[],,[],"[0.000, 0.000, 0.000, 0.000, 0.000, 0.000, 0.000, 0.998]"
1698,67.92,67.96,silence,0.9970768690109253,silence,[0.997],,[],,[],"[0.000, 0.000, 0.000, 0.000, 0.000, 0.000, 0.000, 0.997]"
1699,67.96,68.0,silence,0.9948878884315491,silence,[0.995],,[],,[],"[0.000, 0.000, 0.000, 0.000, 0.001, 0.000, 0.000, 0.995]"
1700,68.0,68.04,silence,0.9905656576156616,silence,[0.991],,[],,[],"[0.000, 0.000, 0.000, 0.000, 0.002, 0.000, 0.000, 0.991]"
1701,68.04,68.08,silence,0.981711745262146,silence,[0.982],,[],,[],"[0.000, 0.000, 0.000, 0.000, 0.006, 0.000, 0.000, 0.982]"
1702,68.08,68.12,silence,0.9631301164627075,silence,[0.963],,[],,[],"[0.000, 0.000, 0.000, 0.000, 0.017, 0.000, 0.000, 0.963]"
1703,68.12,68.16,silence,0.9240315556526184,silence,[0.924],,[],,[],"[0.000, 0.000, 0.000, 0.000, 0.045, 0.000, 0.000, 0.924]"
1704,68.16,68.2,silence,0.844939649105072,silence,[0.845],,[],,[],"[0.000, 0.000, 0.000, 0.000, 0.121, 0.000, 0.000, 0.845]"
1705,68.2,68.24,silence,0.70257169008255,silence,[0.703],,[],,[],"[0.000, 0.000, 0.000, 0.000, 0.288, 0.000, 0.000, 0.703]"
1706,68.24,68.28,Liz,0.5488973259925842,Liz|silence,"[0.549, 0.499]",,[],,[],"[0.000, 0.000, 0.000, 0.000, 0.549, 0.000, 0.000, 0.499]"
1707,68.28,68.32,Liz,0.7867150902748108,Liz,[0.787],,[],,[],"[0.000, 0.000, 0.000, 0.000, 0.787, 0.000, 0.000, 0.292]"
1708,68.32,68.36,Liz,0.918312132358551,Liz,[0.918],,[],,[],"[0.000, 0.000, 0.000, 0.000, 0.918, 0.000, 0.000, 0.144]"
1709,68.36,68.4,Liz,0.9716778993606567,Liz,[0.972],,[],,[],"[0.000, 0.000, 0.000, 0.000, 0.972, 0.000, 0.000, 0.064]"
1710,68.4,68.44,Liz,0.9904999136924744,Liz,[0.990],,[],,[],"[0.000, 0.000, 0.000, 0.000, 0.990, 0.000, 0.000, 0.027]"
1711,68.44,68.48,Liz,0.9968209266662598,Liz,[0.997],,[],,[],"[0.000, 0.000, 0.000, 0.000, 0.997, 0.000, 0.000, 0.011]"
1712,68.48,68.52,Liz,0.9989227652549744,Liz,[0.999],,[],,[],"[0.000, 0.000, 0.000, 0.000, 0.999, 0.000, 0.000, 0.005]"
1713,68.52,68.56,Liz,0.9996267557144165,Liz,[1.000],,[],,[],"[0.000, 0.000, 0.000, 0.000, 1.000, 0.000, 0.000, 0.002]"
1714,68.56,68.6,Liz,0.9998663663864136,Liz,[1.000],,[],,[],"[0.000, 0.000, 0.000, 0.000, 1.000, 0.000, 0.000, 0.001]"
1715,68.6,68.64,Liz,0.9999501705169678,Liz,[1.000],,[],,[],"[0.000, 0.000, 0.000, 0.000, 1.000, 0.000, 0.000, 0.000]"
1716,68.64,68.68,Liz,0.9999804496765137,Liz,[1.000],,[],,[],"[0.000, 0.000, 0.000, 0.000, 1.000, 0.000, 0.000, 0.000]"
1717,68.68,68.72,Liz,0.9999918937683105,Liz,[1.000],,[],,[],"[0.000, 0.000, 0.000, 0.000, 1.000, 0.000, 0.000, 0.000]"
1718,68.72,68.76,Liz,0.9999964237213135,Liz,[1.000],,[],,[],"[0.000, 0.000, 0.000, 0.000, 1.000, 0.000, 0.000, 0.000]"
1719,68.76,68.8,Liz,0.9999983310699463,Liz,[1.000],,[],,[],"[0.000, 0.000, 0.000, 0.000, 1.000, 0.000, 0.000, 0.000]"
1720,68.8,68.84,Liz,0.9999991655349731,Liz,[1.000],,[],,[],"[0.000, 0.000, 0.000, 0.000, 1.000, 0.000, 0.000, 0.000]"
1721,68.84,68.88,Liz,0.9999995231628418,Liz,[1.000],,[],,[],"[0.000, 0.000, 0.000, 0.000, 1.000, 0.000, 0.000, 0.000]"
1722,68.88,68.92,Liz,0.9999997615814209,Liz,[1.000],,[],,[],"[0.000, 0.000, 0.000, 0.000, 1.000, 0.000, 0.000, 0.000]"
1723,68.92,68.96,Liz,0.9999998807907104,Liz,[1.000],,[],,[],"[0.000, 0.000, 0.000, 0.000, 1.000, 0.000, 0.000, 0.000]"
1724,68.96,69.0,Liz,0.9999998807907104,Liz,[1.000],,[],,[],"[0.000, 0.000, 0.000, 0.000, 1.000, 0.000, 0.000, 0.000]"
1725,69.0,69.04,Liz,0.9999998807907104,Liz,[1.000],,[],,[],"[0.000, 0.000, 0.000, 0.000, 1.000, 0.000, 0.000, 0.000]"
1726,69.04,69.08,Liz,0.9999998807907104,Liz,[1.000],,[],,[],"[0.000, 0.000, 0.000, 0.000, 1.000, 0.000, 0.000, 0.000]"
1727,69.08,69.12,Liz,1.0,Liz,[1.000],,[],,[],"[0.000, 0.000, 0.000, 0.000, 1.000, 0.000, 0.000, 0.000]"
1728,69.12,69.16,Liz,1.0,Liz,[1.000],,[],,[],"[0.000, 0.000, 0.000, 0.000, 1.000, 0.000, 0.000, 0.000]"
1729,69.16,69.2,Liz,1.0,Liz,[1.000],,[],,[],"[0.000, 0.000, 0.000, 0.000, 1.000, 0.000, 0.000, 0.000]"
1730,69.2,69.24,Liz,1.0,Liz,[1.000],,[],,[],"[0.000, 0.000, 0.000, 0.000, 1.000, 0.000, 0.000, 0.000]"
1731,69.24,69.28,Liz,1.0,Liz,[1.000],,[],,[],"[0.000, 0.000, 0.000, 0.000, 1.000, 0.000, 0.000, 0.000]"
1732,69.28,69.32,Liz,1.0,Liz,[1.000],,[],,[],"[0.000, 0.000, 0.000, 0.000, 1.000, 0.000, 0.000, 0.000]"
1733,69.32,69.36,Liz,1.0,Liz,[1.000],,[],,[],"[0.000, 0.000, 0.000, 0.000, 1.000, 0.000, 0.000, 0.000]"
1734,69.36,69.4,Liz,0.9999998807907104,Liz,[1.000],,[],,[],"[0.000, 0.000, 0.000, 0.000, 1.000, 0.000, 0.000, 0.000]"
1735,69.4,69.44,Liz,0.9999998807907104,Liz,[1.000],,[],,[],"[0.000, 0.000, 0.000, 0.000, 1.000, 0.000, 0.000, 0.000]"
1736,69.44,69.48,Liz,0.9999998807907104,Liz,[1.000],,[],,[],"[0.000, 0.000, 0.000, 0.000, 1.000, 0.000, 0.000, 0.000]"
1737,69.48,69.52,Liz,0.9999998807907104,Liz,[1.000],,[],,[],"[0.000, 0.000, 0.000, 0.000, 1.000, 0.000, 0.000, 0.000]"
1738,69.52,69.56,Liz,0.9999998807907104,Liz,[1.000],,[],,[],"[0.000, 0.000, 0.000, 0.000, 1.000, 0.000, 0.000, 0.000]"
1739,69.56,69.6,Liz,0.9999997615814209,Liz,[1.000],,[],,[],"[0.000, 0.000, 0.000, 0.000, 1.000, 0.000, 0.000, 0.000]"
1740,69.6,69.64,Liz,0.9999997615814209,Liz,[1.000],,[],,[],"[0.000, 0.000, 0.000, 0.000, 1.000, 0.000, 0.000, 0.000]"
1741,69.64,69.68,Liz,0.9999996423721313,Liz,[1.000],,[],,[],"[0.000, 0.000, 0.000, 0.000, 1.000, 0.000, 0.000, 0.000]"
1742,69.68,69.72,Liz,0.9999995231628418,Liz,[1.000],,[],,[],"[0.000, 0.000, 0.000, 0.000, 1.000, 0.000, 0.000, 0.000]"
1743,69.72,69.76,Liz,0.9999992847442627,Liz,[1.000],,[],,[],"[0.000, 0.000, 0.000, 0.000, 1.000, 0.000, 0.000, 0.000]"
1744,69.76,69.8,Liz,0.9999990463256836,Liz,[1.000],,[],,[],"[0.000, 0.000, 0.000, 0.000, 1.000, 0.000, 0.000, 0.000]"
1745,69.8,69.84,Liz,0.9999986886978149,Liz,[1.000],,[],,[],"[0.000, 0.000, 0.000, 0.000, 1.000, 0.000, 0.000, 0.000]"
1746,69.84,69.88,Liz,0.9999980926513672,Liz,[1.000],,[],,[],"[0.000, 0.000, 0.000, 0.000, 1.000, 0.000, 0.000, 0.000]"
1747,69.88,69.92,Liz,0.9999972581863403,Liz,[1.000],,[],,[],"[0.000, 0.000, 0.000, 0.000, 1.000, 0.000, 0.000, 0.000]"
1748,69.92,69.96,Liz,0.9999960660934448,Liz,[1.000],,[],,[],"[0.000, 0.000, 0.000, 0.000, 1.000, 0.000, 0.000, 0.000]"
1749,69.96,70.0,Liz,0.9999943971633911,Liz,[1.000],,[],,[],"[0.000, 0.000, 0.000, 0.000, 1.000, 0.000, 0.000, 0.000]"
1750,70.0,70.04,Liz,0.9999920129776001,Liz,[1.000],,[],,[],"[0.000, 0.000, 0.000, 0.000, 1.000, 0.000, 0.000, 0.000]"
1751,70.04,70.08,Liz,0.9999886751174927,Liz,[1.000],,[],,[],"[0.000, 0.000, 0.000, 0.000, 1.000, 0.000, 0.000, 0.000]"
1752,70.08,70.12,Liz,0.9999841451644897,Liz,[1.000],,[],,[],"[0.000, 0.000, 0.000, 0.000, 1.000, 0.000, 0.000, 0.000]"
1753,70.12,70.16,Liz,0.9999781847000122,Liz,[1.000],,[],,[],"[0.000, 0.000, 0.000, 0.000, 1.000, 0.000, 0.000, 0.000]"
1754,70.16,70.2,Liz,0.9999704360961914,Liz,[1.000],,[],,[],"[0.000, 0.000, 0.000, 0.000, 1.000, 0.000, 0.000, 0.000]"
1755,70.2,70.24,Liz,0.9999607801437378,Liz,[1.000],,[],,[],"[0.000, 0.000, 0.000, 0.000, 1.000, 0.000, 0.000, 0.001]"
1756,70.24,70.28,Liz,0.9999489784240723,Liz,[1.000],,[],,[],"[0.000, 0.000, 0.000, 0.000, 1.000, 0.000, 0.000, 0.001]"
1757,70.28,70.32,Liz,0.9999350309371948,Liz,[1.000],,[],,[],"[0.000, 0.000, 0.000, 0.000, 1.000, 0.000, 0.000, 0.001]"
1758,70.32,70.36,Liz,0.999919056892395,Liz,[1.000],,[],,[],"[0.000, 0.000, 0.000, 0.000, 1.000, 0.000, 0.000, 0.001]"
1759,70.36,70.4,Liz,0.9999011754989624,Liz,[1.000],,[],,[],"[0.000, 0.000, 0.000, 0.000, 1.000, 0.000, 0.000, 0.001]"
1760,70.4,70.44,Liz,0.999881386756897,Liz,[1.000],,[],,[],"[0.000, 0.000, 0.000, 0.000, 1.000, 0.000, 0.000, 0.001]"
1761,70.44,70.48,Liz,0.9998595714569092,Liz,[1.000],,[],,[],"[0.000, 0.000, 0.000, 0.000, 1.000, 0.000, 0.000, 0.001]"
1762,70.48,70.52,Liz,0.9998353719711304,Liz,[1.000],,[],,[],"[0.000, 0.000, 0.000, 0.000, 1.000, 0.000, 0.000, 0.001]"
1763,70.52,70.56,Liz,0.9998084902763367,Liz,[1.000],,[],,[],"[0.000, 0.000, 0.000, 0.000, 1.000, 0.000, 0.000, 0.001]"
1764,70.56,70.6,Liz,0.9997778534889221,Liz,[1.000],,[],,[],"[0.000, 0.000, 0.000, 0.000, 1.000, 0.000, 0.000, 0.001]"
1765,70.6,70.64,Liz,0.9997413754463196,Liz,[1.000],,[],,[],"[0.000, 0.000, 0.000, 0.000, 1.000, 0.000, 0.000, 0.001]"
1766,70.64,70.68,Liz,0.9996956586837769,Liz,[1.000],,[],,[],"[0.000, 0.000, 0.000, 0.000, 1.000, 0.000, 0.000, 0.001]"
1767,70.68,70.72,Liz,0.9996359348297119,Liz,[1.000],,[],,[],"[0.000, 0.000, 0.000, 0.000, 1.000, 0.000, 0.000, 0.001]"
1768,70.72,70.76,Liz,0.9995554089546204,Liz,[1.000],,[],,[],"[0.000, 0.000, 0.000, 0.000, 1.000, 0.000, 0.000, 0.001]"
1769,70.76,70.8,Liz,0.9994439482688904,Liz,[0.999],,[],,[],"[0.000, 0.000, 0.000, 0.000, 0.999, 0.000, 0.000, 0.001]"
1770,70.8,70.84,Liz,0.9992850422859192,Liz,[0.999],,[],,[],"[0.000, 0.000, 0.000, 0.000, 0.999, 0.000, 0.000, 0.001]"
1771,70.84,70.88,Liz,0.999051034450531,Liz,[0.999],,[],,[],"[0.000, 0.000, 0.000, 0.000, 0.999, 0.000, 0.000, 0.001]"
1772,70.88,70.92,Liz,0.9986935257911682,Liz,[0.999],,[],,[],"[0.000, 0.000, 0.000, 0.000, 0.999, 0.000, 0.000, 0.001]"
1773,70.92,70.96,Liz,0.9981252551078796,Liz,[0.998],,[],,[],"[0.000, 0.000, 0.000, 0.000, 0.998, 0.000, 0.000, 0.001]"
1774,70.96,71.0,Liz,0.9971809387207031,Liz,[0.997],,[],,[],"[0.000, 0.000, 0.000, 0.000, 0.997, 0.000, 0.000, 0.001]"
1775,71.0,71.04,Liz,0.9955300688743591,Liz,[0.996],,[],,[],"[0.000, 0.000, 0.000, 0.000, 0.996, 0.000, 0.000, 0.002]"
1776,71.04,71.08,Liz,0.9924701452255249,Liz,[0.992],,[],,[],"[0.000, 0.000, 0.000, 0.000, 0.992, 0.000, 0.000, 0.002]"
1777,71.08,71.12,Liz,0.9864361882209778,Liz,[0.986],,[],,[],"[0.000, 0.000, 0.000, 0.000, 0.986, 0.000, 0.000, 0.003]"
1778,71.12,71.16,Liz,0.9737148284912109,Liz,[0.974],,[],,[],"[0.000, 0.000, 0.000, 0.000, 0.974, 0.000, 0.000, 0.004]"
1779,71.16,71.2,Liz,0.9451844096183777,Liz,[0.945],,[],,[],"[0.000, 0.000, 0.000, 0.000, 0.945, 0.000, 0.000, 0.005]"
1780,71.2,71.24,Liz,0.8791519999504089,Liz,[0.879],,[],,[],"[0.000, 0.000, 0.000, 0.000, 0.879, 0.000, 0.000, 0.008]"
1781,71.24,71.28,Liz,0.7337514758110046,Liz,[0.734],,[],,[],"[0.000, 0.000, 0.000, 0.000, 0.734, 0.000, 0.000, 0.015]"
1782,71.28,71.32,Liz,0.48176053166389465,Liz,[0.482],,[],,[],"[0.000, 0.000, 0.000, 0.000, 0.482, 0.000, 0.000, 0.027]"
1783,71.32,71.36,silence,0.056288350373506546,,[],,[],,[],"[0.000, 0.000, 0.000, 0.000, 0.217, 0.000, 0.000, 0.056]"
1784,71.36,71.4,silence,0.12358197569847107,,[],,[],,[],"[0.000, 0.000, 0.000, 0.000, 0.068, 0.000, 0.000, 0.124]"
1785,71.4,71.44,silence,0.27221545577049255,,[],,[],,[],"[0.000, 0.000, 0.000, 0.000, 0.016, 0.000, 0.000, 0.272]"
1786,71.44,71.48,silence,0.5274437069892883,silence,[0.527],,[],,[],"[0.000, 0.000, 0.000, 0.000, 0.003, 0.000, 0.000, 0.527]"
1787,71.48,71.52,silence,0.7893361449241638,silence,[0.789],,[],,[],"[0.000, 0.000, 0.000, 0.000, 0.001, 0.000, 0.000, 0.789]"
1788,71.52,71.56,silence,0.9337503910064697,silence,[0.934],,[],,[],"[0.000, 0.000, 0.000, 0.000, 0.000, 0.000, 0.000, 0.934]"
1789,71.56,71.6,silence,0.9833461046218872,silence,[0.983],,[],,[],"[0.000, 0.000, 0.000, 0.000, 0.000, 0.000, 0.000, 0.983]"
1790,71.6,71.64,silence,0.9963382482528687,silence,[0.996],,[],,[],"[0.000, 0.000, 0.000, 0.000, 0.000, 0.000, 0.000, 0.996]"
1791,71.64,71.68,silence,0.999264657497406,silence,[0.999],,[],,[],"[0.000, 0.000, 0.000, 0.000, 0.000, 0.000, 0.000, 0.999]"
1792,71.68,71.72,silence,0.9998617172241211,silence,[1.000],,[],,[],"[0.000, 0.000, 0.000, 0.000, 0.000, 0.000, 0.000, 1.000]"
1793,71.72,71.76,silence,0.9999750852584839,silence,[1.000],,[],,[],"[0.000, 0.000, 0.000, 0.000, 0.000, 0.000, 0.000, 1.000]"
1794,71.76,71.8,silence,0.9999955892562866,silence,[1.000],,[],,[],"[0.000, 0.000, 0.000, 0.000, 0.000, 0.000, 0.000, 1.000]"
1795,71.8,71.84,silence,0.9999992847442627,silence,[1.000],,[],,[],"[0.000, 0.000, 0.000, 0.000, 0.000, 0.000, 0.000, 1.000]"
1796,71.84,71.88,silence,0.9999998807907104,silence,[1.000],,[],,[],"[0.000, 0.000, 0.000, 0.000, 0.000, 0.000, 0.000, 1.000]"
1797,71.88,71.92,silence,1.0,silence,[1.000],,[],,[],"[0.000, 0.000, 0.000, 0.000, 0.000, 0.000, 0.000, 1.000]"
1798,71.92,71.96,silence,1.0,silence,[1.000],,[],,[],"[0.000, 0.000, 0.000, 0.000, 0.000, 0.000, 0.000, 1.000]"
1799,71.96,72.0,silence,1.0,silence,[1.000],,[],,[],"[0.000, 0.000, 0.000, 0.000, 0.000, 0.000, 0.000, 1.000]"
1800,72.0,72.04,silence,1.0,silence,[1.000],,[],,[],"[0.000, 0.000, 0.000, 0.000, 0.000, 0.000, 0.000, 1.000]"
1801,72.04,72.08,silence,1.0,silence,[1.000],,[],,[],"[0.000, 0.000, 0.000, 0.000, 0.000, 0.000, 0.000, 1.000]"
1802,72.08,72.12,silence,1.0,silence,[1.000],,[],,[],"[0.000, 0.000, 0.000, 0.000, 0.000, 0.000, 0.000, 1.000]"
1803,72.12,72.16,silence,1.0,silence,[1.000],,[],,[],"[0.000, 0.000, 0.000, 0.000, 0.000, 0.000, 0.000, 1.000]"
1804,72.16,72.2,silence,1.0,silence,[1.000],,[],,[],"[0.000, 0.000, 0.000, 0.000, 0.000, 0.000, 0.000, 1.000]"
1805,72.2,72.24,silence,1.0,silence,[1.000],,[],,[],"[0.000, 0.000, 0.000, 0.000, 0.000, 0.000, 0.000, 1.000]"
1806,72.24,72.28,silence,1.0,silence,[1.000],,[],,[],"[0.000, 0.000, 0.000, 0.000, 0.000, 0.000, 0.000, 1.000]"
1807,72.28,72.32,silence,1.0,silence,[1.000],,[],,[],"[0.000, 0.000, 0.000, 0.000, 0.000, 0.000, 0.000, 1.000]"
1808,72.32,72.36,silence,1.0,silence,[1.000],,[],,[],"[0.000, 0.000, 0.000, 0.000, 0.000, 0.000, 0.000, 1.000]"
1809,72.36,72.4,silence,1.0,silence,[1.000],,[],,[],"[0.000, 0.000, 0.000, 0.000, 0.000, 0.000, 0.000, 1.000]"
1810,72.4,72.44,silence,1.0,silence,[1.000],,[],,[],"[0.000, 0.000, 0.000, 0.000, 0.000, 0.000, 0.000, 1.000]"
1811,72.44,72.48,silence,1.0,silence,[1.000],,[],,[],"[0.000, 0.000, 0.000, 0.000, 0.000, 0.000, 0.000, 1.000]"
1812,72.48,72.52,silence,1.0,silence,[1.000],,[],,[],"[0.000, 0.000, 0.000, 0.000, 0.000, 0.000, 0.000, 1.000]"
1813,72.52,72.56,silence,1.0,silence,[1.000],,[],,[],"[0.000, 0.000, 0.000, 0.000, 0.000, 0.000, 0.000, 1.000]"
1814,72.56,72.6,silence,1.0,silence,[1.000],,[],,[],"[0.000, 0.000, 0.000, 0.000, 0.000, 0.000, 0.000, 1.000]"
1815,72.6,72.64,silence,1.0,silence,[1.000],,[],,[],"[0.000, 0.000, 0.000, 0.000, 0.000, 0.000, 0.000, 1.000]"
1816,72.64,72.68,silence,1.0,silence,[1.000],,[],,[],"[0.000, 0.000, 0.000, 0.000, 0.000, 0.000, 0.000, 1.000]"
1817,72.68,72.72,silence,1.0,silence,[1.000],,[],,[],"[0.000, 0.000, 0.000, 0.000, 0.000, 0.000, 0.000, 1.000]"
1818,72.72,72.76,silence,1.0,silence,[1.000],,[],,[],"[0.000, 0.000, 0.000, 0.000, 0.000, 0.000, 0.000, 1.000]"
1819,72.76,72.8,silence,1.0,silence,[1.000],,[],,[],"[0.000, 0.000, 0.000, 0.000, 0.000, 0.000, 0.000, 1.000]"
1820,72.8,72.84,silence,1.0,silence,[1.000],,[],,[],"[0.000, 0.000, 0.000, 0.000, 0.000, 0.000, 0.000, 1.000]"
1821,72.84,72.88,silence,1.0,silence,[1.000],,[],,[],"[0.000, 0.000, 0.000, 0.000, 0.000, 0.000, 0.000, 1.000]"
1822,72.88,72.92,silence,1.0,silence,[1.000],,[],,[],"[0.000, 0.000, 0.000, 0.000, 0.000, 0.000, 0.000, 1.000]"
1823,72.92,72.96,silence,1.0,silence,[1.000],,[],,[],"[0.000, 0.000, 0.000, 0.000, 0.000, 0.000, 0.000, 1.000]"
1824,72.96,73.0,silence,1.0,silence,[1.000],,[],,[],"[0.000, 0.000, 0.000, 0.000, 0.000, 0.000, 0.000, 1.000]"
1825,73.0,73.04,silence,1.0,silence,[1.000],,[],,[],"[0.000, 0.000, 0.000, 0.000, 0.000, 0.000, 0.000, 1.000]"
1826,73.04,73.08,silence,1.0,silence,[1.000],,[],,[],"[0.000, 0.000, 0.000, 0.000, 0.000, 0.000, 0.000, 1.000]"
1827,73.08,73.12,silence,1.0,silence,[1.000],,[],,[],"[0.000, 0.000, 0.000, 0.000, 0.000, 0.000, 0.000, 1.000]"
1828,73.12,73.16,silence,1.0,silence,[1.000],,[],,[],"[0.000, 0.000, 0.000, 0.000, 0.000, 0.000, 0.000, 1.000]"
1829,73.16,73.2,silence,1.0,silence,[1.000],,[],,[],"[0.000, 0.000, 0.000, 0.000, 0.000, 0.000, 0.000, 1.000]"
1830,73.2,73.24,silence,1.0,silence,[1.000],,[],,[],"[0.000, 0.000, 0.000, 0.000, 0.000, 0.000, 0.000, 1.000]"
1831,73.24,73.28,silence,1.0,silence,[1.000],,[],,[],"[0.000, 0.000, 0.000, 0.000, 0.000, 0.000, 0.000, 1.000]"
1832,73.28,73.32,silence,1.0,silence,[1.000],,[],,[],"[0.000, 0.000, 0.000, 0.000, 0.000, 0.000, 0.000, 1.000]"
1833,73.32,73.36,silence,1.0,silence,[1.000],,[],,[],"[0.000, 0.000, 0.000, 0.000, 0.000, 0.000, 0.000, 1.000]"
1834,73.36,73.4,silence,1.0,silence,[1.000],,[],,[],"[0.000, 0.000, 0.000, 0.000, 0.000, 0.000, 0.000, 1.000]"
1835,73.4,73.44,silence,1.0,silence,[1.000],,[],,[],"[0.000, 0.000, 0.000, 0.000, 0.000, 0.000, 0.000, 1.000]"
1836,73.44,73.48,silence,1.0,silence,[1.000],,[],,[],"[0.000, 0.000, 0.000, 0.000, 0.000, 0.000, 0.000, 1.000]"
1837,73.48,73.52,silence,1.0,silence,[1.000],,[],,[],"[0.000, 0.000, 0.000, 0.000, 0.000, 0.000, 0.000, 1.000]"
1838,73.52,73.56,silence,1.0,silence,[1.000],,[],,[],"[0.000, 0.000, 0.000, 0.000, 0.000, 0.000, 0.000, 1.000]"
1839,73.56,73.6,silence,1.0,silence,[1.000],,[],,[],"[0.000, 0.000, 0.000, 0.000, 0.000, 0.000, 0.000, 1.000]"
1840,73.6,73.64,silence,1.0,silence,[1.000],,[],,[],"[0.000, 0.000, 0.000, 0.000, 0.000, 0.000, 0.000, 1.000]"
1841,73.64,73.68,silence,1.0,silence,[1.000],,[],,[],"[0.000, 0.000, 0.000, 0.000, 0.000, 0.000, 0.000, 1.000]"
1842,73.68,73.72,silence,1.0,silence,[1.000],,[],,[],"[0.000, 0.000, 0.000, 0.000, 0.000, 0.000, 0.000, 1.000]"
1843,73.72,73.76,silence,1.0,silence,[1.000],,[],,[],"[0.000, 0.000, 0.000, 0.000, 0.000, 0.000, 0.000, 1.000]"
1844,73.76,73.8,silence,1.0,silence,[1.000],,[],,[],"[0.000, 0.000, 0.000, 0.000, 0.000, 0.000, 0.000, 1.000]"
1845,73.8,73.84,silence,1.0,silence,[1.000],,[],,[],"[0.000, 0.000, 0.000, 0.000, 0.000, 0.000, 0.000, 1.000]"
1846,73.84,73.88,silence,1.0,silence,[1.000],,[],,[],"[0.000, 0.000, 0.000, 0.000, 0.000, 0.000, 0.000, 1.000]"
1847,73.88,73.92,silence,1.0,silence,[1.000],,[],,[],"[0.000, 0.000, 0.000, 0.000, 0.000, 0.000, 0.000, 1.000]"
1848,73.92,73.96,silence,1.0,silence,[1.000],,[],,[],"[0.000, 0.000, 0.000, 0.000, 0.000, 0.000, 0.000, 1.000]"
1849,73.96,74.0,silence,1.0,silence,[1.000],,[],,[],"[0.000, 0.000, 0.000, 0.000, 0.000, 0.000, 0.000, 1.000]"
1850,74.0,74.04,silence,0.9999998807907104,silence,[1.000],,[],,[],"[0.000, 0.000, 0.000, 0.000, 0.000, 0.000, 0.000, 1.000]"
1851,74.04,74.08,silence,0.9999998807907104,silence,[1.000],,[],,[],"[0.000, 0.000, 0.000, 0.000, 0.000, 0.000, 0.000, 1.000]"
1852,74.08,74.12,silence,0.9999995231628418,silence,[1.000],,[],,[],"[0.000, 0.000, 0.000, 0.000, 0.000, 0.000, 0.000, 1.000]"
1853,74.12,74.16,silence,0.9999983310699463,silence,[1.000],,[],,[],"[0.000, 0.000, 0.000, 0.000, 0.000, 0.000, 0.000, 1.000]"
1854,74.16,74.2,silence,0.999994158744812,silence,[1.000],,[],,[],"[0.000, 0.000, 0.000, 0.000, 0.000, 0.000, 0.000, 1.000]"
1855,74.2,74.24,silence,0.9999791383743286,silence,[1.000],,[],,[],"[0.000, 0.000, 0.000, 0.000, 0.000, 0.000, 0.000, 1.000]"
1856,74.24,74.28,silence,0.9999217987060547,silence,[1.000],,[],,[],"[0.000, 0.000, 0.000, 0.000, 0.000, 0.000, 0.000, 1.000]"
1857,74.28,74.32,silence,0.9997021555900574,silence,[1.000],,[],,[],"[0.000, 0.000, 0.000, 0.000, 0.000, 0.000, 0.000, 1.000]"
1858,74.32,74.36,silence,0.99886155128479,silence,[0.999],,[],,[],"[0.000, 0.000, 0.000, 0.000, 0.000, 0.000, 0.000, 0.999]"
1859,74.36,74.4,silence,0.9957305788993835,silence,[0.996],,[],,[],"[0.000, 0.000, 0.000, 0.000, 0.002, 0.000, 0.000, 0.996]"
1860,74.4,74.44,silence,0.9847456216812134,silence,[0.985],,[],,[],"[0.000, 0.000, 0.000, 0.000, 0.008, 0.000, 0.000, 0.985]"
1861,74.44,74.48,silence,0.9500657916069031,silence,[0.950],,[],,[],"[0.000, 0.000, 0.000, 0.000, 0.027, 0.000, 0.000, 0.950]"
1862,74.48,74.52,silence,0.8587847948074341,silence,[0.859],,[],,[],"[0.000, 0.000, 0.000, 0.000, 0.081, 0.000, 0.000, 0.859]"
1863,74.52,74.56,silence,0.6817720532417297,silence,[0.682],,[],,[],"[0.000, 0.000, 0.000, 0.000, 0.195, 0.000, 0.000, 0.682]"
1864,74.56,74.6,silence,0.45741596817970276,,[],,[],,[],"[0.000, 0.000, 0.000, 0.000, 0.366, 0.000, 0.000, 0.457]"
1865,74.6,74.64,Liz,0.5441742539405823,Liz,[0.544],,[],,[],"[0.000, 0.000, 0.000, 0.000, 0.544, 0.000, 0.000, 0.273]"
1866,74.64,74.68,Liz,0.6830248832702637,Liz,[0.683],,[],,[],"[0.000, 0.000, 0.000, 0.000, 0.683, 0.000, 0.000, 0.160]"
1867,74.68,74.72,Liz,0.7722445130348206,Liz,[0.772],,[],,[],"[0.000, 0.000, 0.000, 0.000, 0.772, 0.000, 0.000, 0.100]"
1868,74.72,74.76,Liz,0.8229584693908691,Liz,[0.823],,[],,[],"[0.000, 0.000, 0.000, 0.000, 0.823, 0.000, 0.000, 0.070]"
1869,74.76,74.8,Liz,0.8474081158638,Liz,[0.847],,[],,[],"[0.000, 0.000, 0.000, 0.000, 0.847, 0.000, 0.000, 0.056]"
1870,74.8,74.84,Liz,0.8526105880737305,Liz,[0.853],,[],,[],"[0.000, 0.000, 0.000, 0.000, 0.853, 0.000, 0.000, 0.052]"
1871,74.84,74.88,Liz,0.8406572937965393,Liz,[0.841],,[],,[],"[0.000, 0.000, 0.000, 0.000, 0.841, 0.000, 0.000, 0.055]"
1872,74.88,74.92,Liz,0.8097411394119263,Liz,[0.810],,[],,[],"[0.000, 0.000, 0.000, 0.000, 0.810, 0.000, 0.000, 0.065]"
1873,74.92,74.96,Liz,0.7532756924629211,Liz,[0.753],,[],,[],"[0.000, 0.000, 0.000, 0.000, 0.753, 0.000, 0.000, 0.088]"
1874,74.96,75.0,Liz,0.6617845296859741,Liz,[0.662],,[],,[],"[0.000, 0.000, 0.000, 0.000, 0.662, 0.000, 0.000, 0.131]"
1875,75.0,75.04,Liz,0.529630184173584,Liz,[0.530],,[],,[],"[0.000, 0.000, 0.000, 0.000, 0.530, 0.000, 0.000, 0.209]"
1876,75.04,75.08,silence,0.34024757146835327,,[],,[],,[],"[0.000, 0.000, 0.000, 0.000, 0.370, 0.000, 0.000, 0.340]"
1877,75.08,75.12,silence,0.5265825986862183,silence,[0.527],,[],,[],"[0.000, 0.000, 0.000, 0.000, 0.218, 0.000, 0.000, 0.527]"
1878,75.12,75.16,silence,0.7224176526069641,silence,[0.722],,[],,[],"[0.000, 0.000, 0.000, 0.000, 0.109, 0.000, 0.000, 0.722]"
1879,75.16,75.2,silence,0.8667527437210083,silence,[0.867],,[],,[],"[0.000, 0.000, 0.000, 0.000, 0.048, 0.000, 0.000, 0.867]"
1880,75.2,75.24,silence,0.9447683095932007,silence,[0.945],,[],,[],"[0.000, 0.000, 0.000, 0.000, 0.019, 0.000, 0.000, 0.945]"
1881,75.24,75.28,silence,0.9790166020393372,silence,[0.979],,[],,[],"[0.000, 0.000, 0.000, 0.000, 0.007, 0.000, 0.000, 0.979]"
1882,75.28,75.32,silence,0.9923809170722961,silence,[0.992],,[],,[],"[0.000, 0.000, 0.000, 0.000, 0.003, 0.000, 0.000, 0.992]"
1883,75.32,75.36,silence,0.9972834587097168,silence,[0.997],,[],,[],"[0.000, 0.000, 0.000, 0.000, 0.001, 0.000, 0.000, 0.997]"
1884,75.36,75.4,silence,0.999030351638794,silence,[0.999],,[],,[],"[0.000, 0.000, 0.000, 0.000, 0.000, 0.000, 0.000, 0.999]"
1885,75.4,75.44,silence,0.9996476173400879,silence,[1.000],,[],,[],"[0.000, 0.000, 0.000, 0.000, 0.000, 0.000, 0.000, 1.000]"
1886,75.44,75.48,silence,0.9998675584793091,silence,[1.000],,[],,[],"[0.000, 0.000, 0.000, 0.000, 0.000, 0.000, 0.000, 1.000]"
1887,75.48,75.52,silence,0.9999477863311768,silence,[1.000],,[],,[],"[0.000, 0.000, 0.000, 0.000, 0.000, 0.000, 0.000, 1.000]"
1888,75.52,75.56,silence,0.9999781847000122,silence,[1.000],,[],,[],"[0.000, 0.000, 0.000, 0.000, 0.000, 0.000, 0.000, 1.000]"
1889,75.56,75.6,silence,0.9999902248382568,silence,[1.000],,[],,[],"[0.000, 0.000, 0.000, 0.000, 0.000, 0.000, 0.000, 1.000]"
1890,75.6,75.64,silence,0.999995231628418,silence,[1.000],,[],,[],"[0.000, 0.000, 0.000, 0.000, 0.000, 0.000, 0.000, 1.000]"
1891,75.64,75.68,silence,0.9999973773956299,silence,[1.000],,[],,[],"[0.000, 0.000, 0.000, 0.000, 0.000, 0.000, 0.000, 1.000]"
1892,75.68,75.72,silence,0.9999984502792358,silence,[1.000],,[],,[],"[0.000, 0.000, 0.000, 0.000, 0.000, 0.000, 0.000, 1.000]"
1893,75.72,75.76,silence,0.9999990463256836,silence,[1.000],,[],,[],"[0.000, 0.000, 0.000, 0.000, 0.000, 0.000, 0.000, 1.000]"
1894,75.76,75.8,silence,0.9999992847442627,silence,[1.000],,[],,[],"[0.000, 0.000, 0.000, 0.000, 0.000, 0.000, 0.000, 1.000]"
1895,75.8,75.84,silence,0.9999994039535522,silence,[1.000],,[],,[],"[0.000, 0.000, 0.000, 0.000, 0.000, 0.000, 0.000, 1.000]"
1896,75.84,75.88,silence,0.9999994039535522,silence,[1.000],,[],,[],"[0.000, 0.000, 0.000, 0.000, 0.000, 0.000, 0.000, 1.000]"
1897,75.88,75.92,silence,0.9999994039535522,silence,[1.000],,[],,[],"[0.000, 0.000, 0.000, 0.000, 0.000, 0.000, 0.000, 1.000]"
1898,75.92,75.96,silence,0.9999994039535522,silence,[1.000],,[],,[],"[0.000, 0.000, 0.000, 0.000, 0.000, 0.000, 0.000, 1.000]"
1899,75.96,76.0,silence,0.9999991655349731,silence,[1.000],,[],,[],"[0.000, 0.000, 0.000, 0.000, 0.000, 0.000, 0.000, 1.000]"
1900,76.0,76.04,silence,0.999998927116394,silence,[1.000],,[],,[],"[0.000, 0.000, 0.000, 0.000, 0.000, 0.000, 0.000, 1.000]"
1901,76.04,76.08,silence,0.9999982118606567,silence,[1.000],,[],,[],"[0.000, 0.000, 0.000, 0.000, 0.000, 0.000, 0.000, 1.000]"
1902,76.08,76.12,silence,0.9999970197677612,silence,[1.000],,[],,[],"[0.000, 0.000, 0.000, 0.000, 0.000, 0.000, 0.000, 1.000]"
1903,76.12,76.16,silence,0.9999946355819702,silence,[1.000],,[],,[],"[0.000, 0.000, 0.000, 0.000, 0.000, 0.000, 0.000, 1.000]"
1904,76.16,76.2,silence,0.99998939037323,silence,[1.000],,[],,[],"[0.000, 0.000, 0.000, 0.000, 0.000, 0.000, 0.000, 1.000]"
1905,76.2,76.24,silence,0.9999774694442749,silence,[1.000],,[],,[],"[0.000, 0.000, 0.000, 0.000, 0.000, 0.000, 0.000, 1.000]"
1906,76.24,76.28,silence,0.9999498128890991,silence,[1.000],,[],,[],"[0.000, 0.000, 0.000, 0.000, 0.000, 0.000, 0.000, 1.000]"
1907,76.28,76.32,silence,0.9998829364776611,silence,[1.000],,[],,[],"[0.000, 0.000, 0.000, 0.000, 0.000, 0.000, 0.000, 1.000]"
1908,76.32,76.36,silence,0.999716579914093,silence,[1.000],,[],,[],"[0.000, 0.000, 0.000, 0.000, 0.000, 0.000, 0.000, 1.000]"
1909,76.36,76.4,silence,0.9992918968200684,silence,[0.999],,[],,[],"[0.000, 0.000, 0.000, 0.000, 0.000, 0.000, 0.000, 0.999]"
1910,76.4,76.44,silence,0.9981840252876282,silence,[0.998],,[],,[],"[0.000, 0.000, 0.000, 0.000, 0.000, 0.000, 0.000, 0.998]"
1911,76.44,76.48,silence,0.9952598214149475,silence,[0.995],,[],,[],"[0.000, 0.000, 0.000, 0.000, 0.000, 0.000, 0.000, 0.995]"
1912,76.48,76.52,silence,0.987567663192749,silence,[0.988],,[],,[],"[0.000, 0.000, 0.000, 0.000, 0.000, 0.000, 0.000, 0.988]"
1913,76.52,76.56,silence,0.9678172469139099,silence,[0.968],,[],,[],"[0.000, 0.000, 0.000, 0.000, 0.000, 0.000, 0.000, 0.968]"
1914,76.56,76.6,silence,0.9200100898742676,silence,[0.920],,[],,[],"[0.000, 0.000, 0.000, 0.000, 0.001, 0.000, 0.000, 0.920]"
1915,76.6,76.64,silence,0.817644476890564,silence,[0.818],,[],,[],"[0.000, 0.000, 0.000, 0.000, 0.002, 0.000, 0.000, 0.818]"
1916,76.64,76.68,silence,0.6426231861114502,silence,[0.643],,[],,[],"[0.000, 0.000, 0.000, 0.000, 0.004, 0.000, 0.000, 0.643]"
1917,76.68,76.72,silence,0.4272023141384125,,[],,[],,[],"[0.000, 0.000, 0.000, 0.000, 0.009, 0.000, 0.000, 0.427]"
1918,76.72,76.76,silence,0.24333544075489044,,[],,[],,[],"[0.000, 0.000, 0.000, 0.000, 0.020, 0.000, 0.000, 0.243]"
1919,76.76,76.8,silence,0.12649518251419067,,[],,[],,[],"[0.000, 0.000, 0.000, 0.000, 0.044, 0.000, 0.000, 0.126]"
1920,76.8,76.84,silence,0.06390553712844849,,[],,[],,[],"[0.000, 0.000, 0.000, 0.000, 0.090, 0.000, 0.000, 0.064]"
1921,76.84,76.88,silence,0.032646965235471725,,[],,[],,[],"[0.000, 0.000, 0.000, 0.000, 0.173, 0.000, 0.000, 0.033]"
1922,76.88,76.92,silence,0.01726692169904709,,[],,[],,[],"[0.000, 0.000, 0.000, 0.000, 0.299, 0.000, 0.000, 0.017]"
1923,76.92,76.96,silence,0.009546198882162571,,[],,[],,[],"[0.000, 0.000, 0.000, 0.000, 0.457, 0.000, 0.000, 0.010]"
1924,76.96,77.0,Liz,0.615708589553833,Liz,[0.616],,[],,[],"[0.000, 0.000, 0.000, 0.000, 0.616, 0.000, 0.000, 0.006]"
1925,77.0,77.04,Liz,0.7468303442001343,Liz,[0.747],,[],,[],"[0.000, 0.000, 0.000, 0.000, 0.747, 0.000, 0.000, 0.003]"
1926,77.04,77.08,Liz,0.8397319316864014,Liz,[0.840],,[],,[],"[0.000, 0.000, 0.000, 0.000, 0.840, 0.000, 0.000, 0.002]"
1927,77.08,77.12,Liz,0.8996474742889404,Liz,[0.900],,[],,[],"[0.000, 0.000, 0.000, 0.000, 0.900, 0.000, 0.000, 0.001]"
1928,77.12,77.16,Liz,0.9364300966262817,Liz,[0.936],,[],,[],"[0.000, 0.000, 0.000, 0.000, 0.936, 0.000, 0.000, 0.001]"
1929,77.16,77.2,Liz,0.9586349725723267,Liz,[0.959],,[],,[],"[0.000, 0.000, 0.000, 0.000, 0.959, 0.000, 0.000, 0.001]"
1930,77.2,77.24,Liz,0.9721041917800903,Liz,[0.972],,[],,[],"[0.000, 0.000, 0.000, 0.000, 0.972, 0.000, 0.000, 0.001]"
1931,77.24,77.28,Liz,0.9804155230522156,Liz,[0.980],,[],,[],"[0.000, 0.000, 0.000, 0.000, 0.980, 0.000, 0.000, 0.000]"
1932,77.28,77.32,Liz,0.9856811761856079,Liz,[0.986],,[],,[],"[0.000, 0.000, 0.000, 0.000, 0.986, 0.000, 0.000, 0.000]"
1933,77.32,77.36,Liz,0.9891181588172913,Liz,[0.989],,[],,[],"[0.000, 0.000, 0.000, 0.000, 0.989, 0.000, 0.000, 0.000]"
1934,77.36,77.4,Liz,0.9914275407791138,Liz,[0.991],,[],,[],"[0.000, 0.000, 0.000, 0.000, 0.991, 0.000, 0.000, 0.000]"
1935,77.4,77.44,Liz,0.993021547794342,Liz,[0.993],,[],,[],"[0.000, 0.000, 0.000, 0.000, 0.993, 0.000, 0.000, 0.000]"
1936,77.44,77.48,Liz,0.9941470623016357,Liz,[0.994],,[],,[],"[0.000, 0.000, 0.000, 0.000, 0.994, 0.000, 0.000, 0.000]"
1937,77.48,77.52,Liz,0.9949605464935303,Liz,[0.995],,[],,[],"[0.000, 0.000, 0.000, 0.000, 0.995, 0.000, 0.000, 0.000]"
1938,77.52,77.56,Liz,0.9955593347549438,Liz,[0.996],,[],,[],"[0.000, 0.000, 0.000, 0.000, 0.996, 0.000, 0.000, 0.000]"
1939,77.56,77.6,Liz,0.9960085153579712,Liz,[0.996],,[],,[],"[0.000, 0.000, 0.000, 0.000, 0.996, 0.000, 0.000, 0.000]"
1940,77.6,77.64,Liz,0.9963514804840088,Liz,[0.996],,[],,[],"[0.000, 0.000, 0.000, 0.000, 0.996, 0.000, 0.000, 0.000]"
1941,77.64,77.68,Liz,0.9966160655021667,Liz,[0.997],,[],,[],"[0.000, 0.000, 0.000, 0.000, 0.997, 0.000, 0.000, 0.000]"
1942,77.68,77.72,Liz,0.9968231916427612,Liz,[0.997],,[],,[],"[0.000, 0.000, 0.000, 0.000, 0.997, 0.000, 0.000, 0.000]"
1943,77.72,77.76,Liz,0.9969923496246338,Liz,[0.997],,[],,[],"[0.000, 0.000, 0.000, 0.000, 0.997, 0.000, 0.000, 0.000]"
1944,77.76,77.8,Liz,0.9971375465393066,Liz,[0.997],,[],,[],"[0.000, 0.000, 0.000, 0.000, 0.997, 0.000, 0.000, 0.000]"
1945,77.8,77.84,Liz,0.9972635507583618,Liz,[0.997],,[],,[],"[0.000, 0.000, 0.000, 0.000, 0.997, 0.000, 0.000, 0.000]"
1946,77.84,77.88,Liz,0.9973742961883545,Liz,[0.997],,[],,[],"[0.000, 0.000, 0.000, 0.000, 0.997, 0.000, 0.000, 0.000]"
1947,77.88,77.92,Liz,0.9974731802940369,Liz,[0.997],,[],,[],"[0.000, 0.000, 0.000, 0.000, 0.997, 0.000, 0.000, 0.000]"
1948,77.92,77.96,Liz,0.9975650310516357,Liz,[0.998],,[],,[],"[0.000, 0.000, 0.000, 0.000, 0.998, 0.000, 0.000, 0.000]"
1949,77.96,78.0,Liz,0.9976555109024048,Liz,[0.998],,[],,[],"[0.000, 0.000, 0.000, 0.000, 0.998, 0.000, 0.000, 0.000]"
1950,78.0,78.04,Liz,0.9977479577064514,Liz,[0.998],,[],,[],"[0.000, 0.000, 0.000, 0.000, 0.998, 0.000, 0.000, 0.000]"
1951,78.04,78.08,Liz,0.9978433847427368,Liz,[0.998],,[],,[],"[0.000, 0.000, 0.000, 0.000, 0.998, 0.000, 0.000, 0.000]"
1952,78.08,78.12,Liz,0.9979429841041565,Liz,[0.998],,[],,[],"[0.000, 0.000, 0.000, 0.000, 0.998, 0.000, 0.000, 0.000]"
1953,78.12,78.16,Liz,0.9980484247207642,Liz,[0.998],,[],,[],"[0.000, 0.000, 0.000, 0.000, 0.998, 0.000, 0.000, 0.000]"
1954,78.16,78.2,Liz,0.9981619715690613,Liz,[0.998],,[],,[],"[0.000, 0.000, 0.000, 0.000, 0.998, 0.000, 0.000, 0.000]"
1955,78.2,78.24,Liz,0.9982818365097046,Liz,[0.998],,[],,[],"[0.000, 0.000, 0.000, 0.000, 0.998, 0.000, 0.000, 0.000]"
1956,78.24,78.28,Liz,0.9984057545661926,Liz,[0.998],,[],,[],"[0.000, 0.000, 0.000, 0.000, 0.998, 0.000, 0.000, 0.000]"
1957,78.28,78.32,Liz,0.9985318183898926,Liz,[0.999],,[],,[],"[0.000, 0.000, 0.000, 0.000, 0.999, 0.000, 0.000, 0.000]"
1958,78.32,78.36,Liz,0.9986585378646851,Liz,[0.999],,[],,[],"[0.000, 0.000, 0.000, 0.000, 0.999, 0.000, 0.000, 0.000]"
1959,78.36,78.4,Liz,0.9987842440605164,Liz,[0.999],,[],,[],"[0.000, 0.000, 0.000, 0.000, 0.999, 0.000, 0.000, 0.000]"
1960,78.4,78.44,Liz,0.998907208442688,Liz,[0.999],,[],,[],"[0.000, 0.000, 0.000, 0.000, 0.999, 0.000, 0.000, 0.000]"
1961,78.44,78.48,Liz,0.9990261793136597,Liz,[0.999],,[],,[],"[0.000, 0.000, 0.000, 0.000, 0.999, 0.000, 0.000, 0.000]"
1962,78.48,78.52,Liz,0.9991395473480225,Liz,[0.999],,[],,[],"[0.000, 0.000, 0.000, 0.000, 0.999, 0.000, 0.000, 0.000]"
1963,78.52,78.56,Liz,0.9992454051971436,Liz,[0.999],,[],,[],"[0.000, 0.000, 0.000, 0.000, 0.999, 0.000, 0.000, 0.000]"
1964,78.56,78.6,Liz,0.9993419051170349,Liz,[0.999],,[],,[],"[0.000, 0.000, 0.000, 0.000, 0.999, 0.000, 0.000, 0.000]"
1965,78.6,78.64,Liz,0.9994277358055115,Liz,[0.999],,[],,[],"[0.000, 0.000, 0.000, 0.000, 0.999, 0.000, 0.000, 0.000]"
1966,78.64,78.68,Liz,0.9995027780532837,Liz,[1.000],,[],,[],"[0.000, 0.000, 0.000, 0.000, 1.000, 0.000, 0.000, 0.000]"
1967,78.68,78.72,Liz,0.9995667338371277,Liz,[1.000],,[],,[],"[0.000, 0.000, 0.000, 0.000, 1.000, 0.000, 0.000, 0.000]"
1968,78.72,78.76,Liz,0.9996199607849121,Liz,[1.000],,[],,[],"[0.000, 0.000, 0.000, 0.000, 1.000, 0.000, 0.000, 0.000]"
1969,78.76,78.8,Liz,0.9996633529663086,Liz,[1.000],,[],,[],"[0.000, 0.000, 0.000, 0.000, 1.000, 0.000, 0.000, 0.000]"
1970,78.8,78.84,Liz,0.9996981620788574,Liz,[1.000],,[],,[],"[0.000, 0.000, 0.000, 0.000, 1.000, 0.000, 0.000, 0.000]"
1971,78.84,78.88,Liz,0.9997256398200989,Liz,[1.000],,[],,[],"[0.000, 0.000, 0.000, 0.000, 1.000, 0.000, 0.000, 0.000]"
1972,78.88,78.92,Liz,0.9997473359107971,Liz,[1.000],,[],,[],"[0.000, 0.000, 0.000, 0.000, 1.000, 0.000, 0.000, 0.000]"
1973,78.92,78.96,Liz,0.9997636675834656,Liz,[1.000],,[],,[],"[0.000, 0.000, 0.000, 0.000, 1.000, 0.000, 0.000, 0.000]"
1974,78.96,79.0,Liz,0.9997751116752625,Liz,[1.000],,[],,[],"[0.000, 0.000, 0.000, 0.000, 1.000, 0.000, 0.000, 0.000]"
1975,79.0,79.04,Liz,0.9997822642326355,Liz,[1.000],,[],,[],"[0.000, 0.000, 0.000, 0.000, 1.000, 0.000, 0.000, 0.000]"
1976,79.04,79.08,Liz,0.9997853636741638,Liz,[1.000],,[],,[],"[0.000, 0.000, 0.000, 0.000, 1.000, 0.000, 0.000, 0.000]"
1977,79.08,79.12,Liz,0.999784529209137,Liz,[1.000],,[],,[],"[0.000, 0.000, 0.000, 0.000, 1.000, 0.000, 0.000, 0.000]"
1978,79.12,79.16,Liz,0.9997794032096863,Liz,[1.000],,[],,[],"[0.000, 0.000, 0.000, 0.000, 1.000, 0.000, 0.000, 0.000]"
1979,79.16,79.2,Liz,0.9997692704200745,Liz,[1.000],,[],,[],"[0.000, 0.000, 0.000, 0.000, 1.000, 0.000, 0.000, 0.000]"
1980,79.2,79.24,Liz,0.9997531771659851,Liz,[1.000],,[],,[],"[0.000, 0.000, 0.000, 0.000, 1.000, 0.000, 0.000, 0.000]"
1981,79.24,79.28,Liz,0.9997298121452332,Liz,[1.000],,[],,[],"[0.000, 0.000, 0.000, 0.000, 1.000, 0.000, 0.000, 0.000]"
1982,79.28,79.32,Liz,0.9996974468231201,Liz,[1.000],,[],,[],"[0.000, 0.000, 0.000, 0.000, 1.000, 0.000, 0.000, 0.000]"
1983,79.32,79.36,Liz,0.9996534585952759,Liz,[1.000],,[],,[],"[0.000, 0.000, 0.000, 0.000, 1.000, 0.000, 0.000, 0.000]"
1984,79.36,79.4,Liz,0.9995947480201721,Liz,[1.000],,[],,[],"[0.000, 0.000, 0.000, 0.000, 1.000, 0.000, 0.000, 0.000]"
1985,79.4,79.44,Liz,0.9995166063308716,Liz,[1.000],,[],,[],"[0.000, 0.000, 0.000, 0.000, 1.000, 0.000, 0.000, 0.000]"
1986,79.44,79.48,Liz,0.9994134902954102,Liz,[0.999],,[],,[],"[0.000, 0.000, 0.000, 0.000, 0.999, 0.000, 0.000, 0.000]"
1987,79.48,79.52,Liz,0.9992783665657043,Liz,[0.999],,[],,[],"[0.000, 0.000, 0.000, 0.000, 0.999, 0.000, 0.000, 0.000]"
1988,79.52,79.56,Liz,0.999103844165802,Liz,[0.999],,[],,[],"[0.000, 0.000, 0.000, 0.000, 0.999, 0.000, 0.000, 0.001]"
1989,79.56,79.6,Liz,0.9988808035850525,Liz,[0.999],,[],,[],"[0.000, 0.000, 0.000, 0.000, 0.999, 0.000, 0.000, 0.001]"
1990,79.6,79.64,Liz,0.998600423336029,Liz,[0.999],,[],,[],"[0.000, 0.000, 0.000, 0.000, 0.999, 0.000, 0.000, 0.001]"
1991,79.64,79.68,Liz,0.9982550740242004,Liz,[0.998],,[],,[],"[0.000, 0.000, 0.000, 0.000, 0.998, 0.000, 0.000, 0.001]"
1992,79.68,79.72,Liz,0.9978436231613159,Liz,[0.998],,[],,[],"[0.000, 0.000, 0.000, 0.000, 0.998, 0.000, 0.000, 0.001]"
1993,79.72,79.76,Liz,0.997376561164856,Liz,[0.997],,[],,[],"[0.000, 0.000, 0.000, 0.000, 0.997, 0.000, 0.000, 0.001]"
1994,79.76,79.8,Liz,0.9968818426132202,Liz,[0.997],,[],,[],"[0.000, 0.000, 0.000, 0.000, 0.997, 0.000, 0.000, 0.001]"
1995,79.8,79.84,Liz,0.9964081645011902,Liz,[0.996],,[],,[],"[0.000, 0.000, 0.000, 0.000, 0.996, 0.000, 0.000, 0.001]"
1996,79.84,79.88,Liz,0.9960200190544128,Liz,[0.996],,[],,[],"[0.000, 0.000, 0.000, 0.000, 0.996, 0.000, 0.000, 0.001]"
1997,79.88,79.92,Liz,0.9957842230796814,Liz,[0.996],,[],,[],"[0.000, 0.000, 0.000, 0.000, 0.996, 0.000, 0.000, 0.001]"
1998,79.92,79.96,Liz,0.9957516193389893,Liz,[0.996],,[],,[],"[0.000, 0.000, 0.000, 0.000, 0.996, 0.000, 0.000, 0.001]"
1999,79.96,80.0,Liz,0.9959329962730408,Liz,[0.996],,[],,[],"[0.000, 0.000, 0.000, 0.000, 0.996, 0.000, 0.000, 0.001]"
2000,80.0,80.04,Liz,0.9963070154190063,Liz,[0.996],,[],,[],"[0.000, 0.000, 0.000, 0.000, 0.996, 0.000, 0.000, 0.001]"
2001,80.04,80.08,Liz,0.9968184232711792,Liz,[0.997],,[],,[],"[0.000, 0.000, 0.000, 0.000, 0.997, 0.000, 0.000, 0.001]"
2002,80.08,80.12,Liz,0.9973970651626587,Liz,[0.997],,[],,[],"[0.000, 0.000, 0.000, 0.000, 0.997, 0.000, 0.000, 0.000]"
2003,80.12,80.16,Liz,0.9979743361473083,Liz,[0.998],,[],,[],"[0.000, 0.000, 0.000, 0.000, 0.998, 0.000, 0.000, 0.000]"
2004,80.16,80.2,Liz,0.9984960556030273,Liz,[0.998],,[],,[],"[0.000, 0.000, 0.000, 0.000, 0.998, 0.000, 0.000, 0.000]"
2005,80.2,80.24,Liz,0.9989321827888489,Liz,[0.999],,[],,[],"[0.000, 0.000, 0.000, 0.000, 0.999, 0.000, 0.000, 0.000]"
2006,80.24,80.28,Liz,0.9992738366127014,Liz,[0.999],,[],,[],"[0.000, 0.000, 0.000, 0.000, 0.999, 0.000, 0.000, 0.000]"
2007,80.28,80.32,Liz,0.9995256662368774,Liz,[1.000],,[],,[],"[0.000, 0.000, 0.000, 0.000, 1.000, 0.000, 0.000, 0.000]"
2008,80.32,80.36,Liz,0.9997010827064514,Liz,[1.000],,[],,[],"[0.000, 0.000, 0.000, 0.000, 1.000, 0.000, 0.000, 0.000]"
2009,80.36,80.4,Liz,0.9998175501823425,Liz,[1.000],,[],,[],"[0.000, 0.000, 0.000, 0.000, 1.000, 0.000, 0.000, 0.000]"
2010,80.4,80.44,Liz,0.9998914003372192,Liz,[1.000],,[],,[],"[0.000, 0.000, 0.000, 0.000, 1.000, 0.000, 0.000, 0.000]"
2011,80.44,80.48,Liz,0.9999368190765381,Liz,[1.000],,[],,[],"[0.000, 0.000, 0.000, 0.000, 1.000, 0.000, 0.000, 0.000]"
2012,80.48,80.52,Liz,0.9999638795852661,Liz,[1.000],,[],,[],"[0.000, 0.000, 0.000, 0.000, 1.000, 0.000, 0.000, 0.000]"
2013,80.52,80.56,Liz,0.9999797344207764,Liz,[1.000],,[],,[],"[0.000, 0.000, 0.000, 0.000, 1.000, 0.000, 0.000, 0.000]"
2014,80.56,80.6,Liz,0.9999886751174927,Liz,[1.000],,[],,[],"[0.000, 0.000, 0.000, 0.000, 1.000, 0.000, 0.000, 0.000]"
2015,80.6,80.64,Liz,0.9999938011169434,Liz,[1.000],,[],,[],"[0.000, 0.000, 0.000, 0.000, 1.000, 0.000, 0.000, 0.000]"
2016,80.64,80.68,Liz,0.999996542930603,Liz,[1.000],,[],,[],"[0.000, 0.000, 0.000, 0.000, 1.000, 0.000, 0.000, 0.000]"
2017,80.68,80.72,Liz,0.9999980926513672,Liz,[1.000],,[],,[],"[0.000, 0.000, 0.000, 0.000, 1.000, 0.000, 0.000, 0.000]"
2018,80.72,80.76,Liz,0.999998927116394,Liz,[1.000],,[],,[],"[0.000, 0.000, 0.000, 0.000, 1.000, 0.000, 0.000, 0.000]"
2019,80.76,80.8,Liz,0.9999994039535522,Liz,[1.000],,[],,[],"[0.000, 0.000, 0.000, 0.000, 1.000, 0.000, 0.000, 0.000]"
2020,80.8,80.84,Liz,0.9999996423721313,Liz,[1.000],,[],,[],"[0.000, 0.000, 0.000, 0.000, 1.000, 0.000, 0.000, 0.000]"
2021,80.84,80.88,Liz,0.9999997615814209,Liz,[1.000],,[],,[],"[0.000, 0.000, 0.000, 0.000, 1.000, 0.000, 0.000, 0.000]"
2022,80.88,80.92,Liz,0.9999998807907104,Liz,[1.000],,[],,[],"[0.000, 0.000, 0.000, 0.000, 1.000, 0.000, 0.000, 0.000]"
2023,80.92,80.96,Liz,0.9999998807907104,Liz,[1.000],,[],,[],"[0.000, 0.000, 0.000, 0.000, 1.000, 0.000, 0.000, 0.000]"
2024,80.96,81.0,Liz,0.9999998807907104,Liz,[1.000],,[],,[],"[0.000, 0.000, 0.000, 0.000, 1.000, 0.000, 0.000, 0.000]"
2025,81.0,81.04,Liz,1.0,Liz,[1.000],,[],,[],"[0.000, 0.000, 0.000, 0.000, 1.000, 0.000, 0.000, 0.000]"
2026,81.04,81.08,Liz,1.0,Liz,[1.000],,[],,[],"[0.000, 0.000, 0.000, 0.000, 1.000, 0.000, 0.000, 0.000]"
2027,81.08,81.12,Liz,1.0,Liz,[1.000],,[],,[],"[0.000, 0.000, 0.000, 0.000, 1.000, 0.000, 0.000, 0.000]"
2028,81.12,81.16,Liz,1.0,Liz,[1.000],,[],,[],"[0.000, 0.000, 0.000, 0.000, 1.000, 0.000, 0.000, 0.000]"
2029,81.16,81.2,Liz,1.0,Liz,[1.000],,[],,[],"[0.000, 0.000, 0.000, 0.000, 1.000, 0.000, 0.000, 0.000]"
2030,81.2,81.24,Liz,1.0,Liz,[1.000],,[],,[],"[0.000, 0.000, 0.000, 0.000, 1.000, 0.000, 0.000, 0.000]"
2031,81.24,81.28,Liz,1.0,Liz,[1.000],,[],,[],"[0.000, 0.000, 0.000, 0.000, 1.000, 0.000, 0.000, 0.000]"
2032,81.28,81.32,Liz,1.0,Liz,[1.000],,[],,[],"[0.000, 0.000, 0.000, 0.000, 1.000, 0.000, 0.000, 0.000]"
2033,81.32,81.36,Liz,1.0,Liz,[1.000],,[],,[],"[0.000, 0.000, 0.000, 0.000, 1.000, 0.000, 0.000, 0.000]"
2034,81.36,81.4,Liz,0.9999998807907104,Liz,[1.000],,[],,[],"[0.000, 0.000, 0.000, 0.000, 1.000, 0.000, 0.000, 0.000]"
2035,81.4,81.44,Liz,0.9999998807907104,Liz,[1.000],,[],,[],"[0.000, 0.000, 0.000, 0.000, 1.000, 0.000, 0.000, 0.000]"
2036,81.44,81.48,Liz,0.9999998807907104,Liz,[1.000],,[],,[],"[0.000, 0.000, 0.000, 0.000, 1.000, 0.000, 0.000, 0.000]"
2037,81.48,81.52,Liz,0.9999998807907104,Liz,[1.000],,[],,[],"[0.000, 0.000, 0.000, 0.000, 1.000, 0.000, 0.000, 0.000]"
2038,81.52,81.56,Liz,0.9999997615814209,Liz,[1.000],,[],,[],"[0.000, 0.000, 0.000, 0.000, 1.000, 0.000, 0.000, 0.000]"
2039,81.56,81.6,Liz,0.9999996423721313,Liz,[1.000],,[],,[],"[0.000, 0.000, 0.000, 0.000, 1.000, 0.000, 0.000, 0.000]"
2040,81.6,81.64,Liz,0.9999995231628418,Liz,[1.000],,[],,[],"[0.000, 0.000, 0.000, 0.000, 1.000, 0.000, 0.000, 0.000]"
2041,81.64,81.68,Liz,0.9999991655349731,Liz,[1.000],,[],,[],"[0.000, 0.000, 0.000, 0.000, 1.000, 0.000, 0.000, 0.000]"
2042,81.68,81.72,Liz,0.9999988079071045,Liz,[1.000],,[],,[],"[0.000, 0.000, 0.000, 0.000, 1.000, 0.000, 0.000, 0.000]"
2043,81.72,81.76,Liz,0.9999980926513672,Liz,[1.000],,[],,[],"[0.000, 0.000, 0.000, 0.000, 1.000, 0.000, 0.000, 0.000]"
2044,81.76,81.8,Liz,0.9999970197677612,Liz,[1.000],,[],,[],"[0.000, 0.000, 0.000, 0.000, 1.000, 0.000, 0.000, 0.000]"
2045,81.8,81.84,Liz,0.9999955892562866,Liz,[1.000],,[],,[],"[0.000, 0.000, 0.000, 0.000, 1.000, 0.000, 0.000, 0.000]"
2046,81.84,81.88,Liz,0.9999933242797852,Liz,[1.000],,[],,[],"[0.000, 0.000, 0.000, 0.000, 1.000, 0.000, 0.000, 0.000]"
2047,81.88,81.92,Liz,0.9999902248382568,Liz,[1.000],,[],,[],"[0.000, 0.000, 0.000, 0.000, 1.000, 0.000, 0.000, 0.000]"
2048,81.92,81.96,Liz,0.999985933303833,Liz,[1.000],,[],,[],"[0.000, 0.000, 0.000, 0.000, 1.000, 0.000, 0.000, 0.000]"
2049,81.96,82.0,Liz,0.9999802112579346,Liz,[1.000],,[],,[],"[0.000, 0.000, 0.000, 0.000, 1.000, 0.000, 0.000, 0.000]"
2050,82.0,82.04,Liz,0.9999730587005615,Liz,[1.000],,[],,[],"[0.000, 0.000, 0.000, 0.000, 1.000, 0.000, 0.000, 0.000]"
2051,82.04,82.08,Liz,0.9999644756317139,Liz,[1.000],,[],,[],"[0.000, 0.000, 0.000, 0.000, 1.000, 0.000, 0.000, 0.000]"
2052,82.08,82.12,Liz,0.9999550580978394,Liz,[1.000],,[],,[],"[0.000, 0.000, 0.000, 0.000, 1.000, 0.000, 0.000, 0.000]"
2053,82.12,82.16,Liz,0.9999452829360962,Liz,[1.000],,[],,[],"[0.000, 0.000, 0.000, 0.000, 1.000, 0.000, 0.000, 0.000]"
2054,82.16,82.2,Liz,0.9999362230300903,Liz,[1.000],,[],,[],"[0.000, 0.000, 0.000, 0.000, 1.000, 0.000, 0.000, 0.000]"
2055,82.2,82.24,Liz,0.9999288320541382,Liz,[1.000],,[],,[],"[0.000, 0.000, 0.000, 0.000, 1.000, 0.000, 0.000, 0.000]"
2056,82.24,82.28,Liz,0.9999241828918457,Liz,[1.000],,[],,[],"[0.000, 0.000, 0.000, 0.000, 1.000, 0.000, 0.000, 0.000]"
2057,82.28,82.32,Liz,0.999922513961792,Liz,[1.000],,[],,[],"[0.000, 0.000, 0.000, 0.000, 1.000, 0.000, 0.000, 0.001]"
2058,82.32,82.36,Liz,0.9999240636825562,Liz,[1.000],,[],,[],"[0.000, 0.000, 0.000, 0.000, 1.000, 0.000, 0.000, 0.001]"
2059,82.36,82.4,Liz,0.9999285936355591,Liz,[1.000],,[],,[],"[0.000, 0.000, 0.000, 0.000, 1.000, 0.000, 0.000, 0.001]"
2060,82.4,82.44,Liz,0.999935507774353,Liz,[1.000],,[],,[],"[0.000, 0.000, 0.000, 0.000, 1.000, 0.000, 0.000, 0.001]"
2061,82.44,82.48,Liz,0.9999436140060425,Liz,[1.000],,[],,[],"[0.000, 0.000, 0.000, 0.000, 1.000, 0.000, 0.000, 0.001]"
2062,82.48,82.52,Liz,0.9999520778656006,Liz,[1.000],,[],,[],"[0.000, 0.000, 0.000, 0.000, 1.000, 0.000, 0.000, 0.001]"
2063,82.52,82.56,Liz,0.9999600648880005,Liz,[1.000],,[],,[],"[0.000, 0.000, 0.000, 0.000, 1.000, 0.000, 0.000, 0.001]"
2064,82.56,82.6,Liz,0.9999672174453735,Liz,[1.000],,[],,[],"[0.000, 0.000, 0.000, 0.000, 1.000, 0.000, 0.000, 0.001]"
2065,82.6,82.64,Liz,0.9999734163284302,Liz,[1.000],,[],,[],"[0.000, 0.000, 0.000, 0.000, 1.000, 0.000, 0.000, 0.001]"
2066,82.64,82.68,Liz,0.9999786615371704,Liz,[1.000],,[],,[],"[0.000, 0.000, 0.000, 0.000, 1.000, 0.000, 0.000, 0.000]"
2067,82.68,82.72,Liz,0.9999830722808838,Liz,[1.000],,[],,[],"[0.000, 0.000, 0.000, 0.000, 1.000, 0.000, 0.000, 0.000]"
2068,82.72,82.76,Liz,0.9999867677688599,Liz,[1.000],,[],,[],"[0.000, 0.000, 0.000, 0.000, 1.000, 0.000, 0.000, 0.000]"
2069,82.76,82.8,Liz,0.9999898672103882,Liz,[1.000],,[],,[],"[0.000, 0.000, 0.000, 0.000, 1.000, 0.000, 0.000, 0.000]"
2070,82.8,82.84,Liz,0.9999922513961792,Liz,[1.000],,[],,[],"[0.000, 0.000, 0.000, 0.000, 1.000, 0.000, 0.000, 0.000]"
2071,82.84,82.88,Liz,0.9999942779541016,Liz,[1.000],,[],,[],"[0.000, 0.000, 0.000, 0.000, 1.000, 0.000, 0.000, 0.000]"
2072,82.88,82.92,Liz,0.9999958276748657,Liz,[1.000],,[],,[],"[0.000, 0.000, 0.000, 0.000, 1.000, 0.000, 0.000, 0.000]"
2073,82.92,82.96,Liz,0.9999970197677612,Liz,[1.000],,[],,[],"[0.000, 0.000, 0.000, 0.000, 1.000, 0.000, 0.000, 0.000]"
2074,82.96,83.0,Liz,0.9999978542327881,Liz,[1.000],,[],,[],"[0.000, 0.000, 0.000, 0.000, 1.000, 0.000, 0.000, 0.000]"
2075,83.0,83.04,Liz,0.9999984502792358,Liz,[1.000],,[],,[],"[0.000, 0.000, 0.000, 0.000, 1.000, 0.000, 0.000, 0.000]"
2076,83.04,83.08,Liz,0.999998927116394,Liz,[1.000],,[],,[],"[0.000, 0.000, 0.000, 0.000, 1.000, 0.000, 0.000, 0.000]"
2077,83.08,83.12,Liz,0.9999992847442627,Liz,[1.000],,[],,[],"[0.000, 0.000, 0.000, 0.000, 1.000, 0.000, 0.000, 0.000]"
2078,83.12,83.16,Liz,0.9999995231628418,Liz,[1.000],,[],,[],"[0.000, 0.000, 0.000, 0.000, 1.000, 0.000, 0.000, 0.000]"
2079,83.16,83.2,Liz,0.9999997615814209,Liz,[1.000],,[],,[],"[0.000, 0.000, 0.000, 0.000, 1.000, 0.000, 0.000, 0.000]"
2080,83.2,83.24,Liz,0.9999997615814209,Liz,[1.000],,[],,[],"[0.000, 0.000, 0.000, 0.000, 1.000, 0.000, 0.000, 0.000]"
2081,83.24,83.28,Liz,0.9999998807907104,Liz,[1.000],,[],,[],"[0.000, 0.000, 0.000, 0.000, 1.000, 0.000, 0.000, 0.000]"
2082,83.28,83.32,Liz,0.9999998807907104,Liz,[1.000],,[],,[],"[0.000, 0.000, 0.000, 0.000, 1.000, 0.000, 0.000, 0.000]"
2083,83.32,83.36,Liz,1.0,Liz,[1.000],,[],,[],"[0.000, 0.000, 0.000, 0.000, 1.000, 0.000, 0.000, 0.000]"
2084,83.36,83.4,Liz,1.0,Liz,[1.000],,[],,[],"[0.000, 0.000, 0.000, 0.000, 1.000, 0.000, 0.000, 0.000]"
2085,83.4,83.44,Liz,1.0,Liz,[1.000],,[],,[],"[0.000, 0.000, 0.000, 0.000, 1.000, 0.000, 0.000, 0.000]"
2086,83.44,83.48,Liz,1.0,Liz,[1.000],,[],,[],"[0.000, 0.000, 0.000, 0.000, 1.000, 0.000, 0.000, 0.000]"
2087,83.48,83.52,Liz,1.0,Liz,[1.000],,[],,[],"[0.000, 0.000, 0.000, 0.000, 1.000, 0.000, 0.000, 0.000]"
2088,83.52,83.56,Liz,1.0,Liz,[1.000],,[],,[],"[0.000, 0.000, 0.000, 0.000, 1.000, 0.000, 0.000, 0.000]"
2089,83.56,83.6,Liz,1.0,Liz,[1.000],,[],,[],"[0.000, 0.000, 0.000, 0.000, 1.000, 0.000, 0.000, 0.000]"
2090,83.6,83.64,Liz,1.0,Liz,[1.000],,[],,[],"[0.000, 0.000, 0.000, 0.000, 1.000, 0.000, 0.000, 0.000]"
2091,83.64,83.68,Liz,1.0,Liz,[1.000],,[],,[],"[0.000, 0.000, 0.000, 0.000, 1.000, 0.000, 0.000, 0.000]"
2092,83.68,83.72,Liz,1.0,Liz,[1.000],,[],,[],"[0.000, 0.000, 0.000, 0.000, 1.000, 0.000, 0.000, 0.000]"
2093,83.72,83.76,Liz,1.0,Liz,[1.000],,[],,[],"[0.000, 0.000, 0.000, 0.000, 1.000, 0.000, 0.000, 0.000]"
2094,83.76,83.8,Liz,1.0,Liz,[1.000],,[],,[],"[0.000, 0.000, 0.000, 0.000, 1.000, 0.000, 0.000, 0.000]"
2095,83.8,83.84,Liz,1.0,Liz,[1.000],,[],,[],"[0.000, 0.000, 0.000, 0.000, 1.000, 0.000, 0.000, 0.000]"
2096,83.84,83.88,Liz,1.0,Liz,[1.000],,[],,[],"[0.000, 0.000, 0.000, 0.000, 1.000, 0.000, 0.000, 0.000]"
2097,83.88,83.92,Liz,1.0,Liz,[1.000],,[],,[],"[0.000, 0.000, 0.000, 0.000, 1.000, 0.000, 0.000, 0.000]"
2098,83.92,83.96,Liz,1.0,Liz,[1.000],,[],,[],"[0.000, 0.000, 0.000, 0.000, 1.000, 0.000, 0.000, 0.000]"
2099,83.96,84.0,Liz,1.0,Liz,[1.000],,[],,[],"[0.000, 0.000, 0.000, 0.000, 1.000, 0.000, 0.000, 0.000]"
2100,84.0,84.04,Liz,1.0,Liz,[1.000],,[],,[],"[0.000, 0.000, 0.000, 0.000, 1.000, 0.000, 0.000, 0.000]"
2101,84.04,84.08,Liz,1.0,Liz,[1.000],,[],,[],"[0.000, 0.000, 0.000, 0.000, 1.000, 0.000, 0.000, 0.000]"
2102,84.08,84.12,Liz,1.0,Liz,[1.000],,[],,[],"[0.000, 0.000, 0.000, 0.000, 1.000, 0.000, 0.000, 0.000]"
2103,84.12,84.16,Liz,0.9999998807907104,Liz,[1.000],,[],,[],"[0.000, 0.000, 0.000, 0.000, 1.000, 0.000, 0.000, 0.000]"
2104,84.16,84.2,Liz,0.9999998807907104,Liz,[1.000],,[],,[],"[0.000, 0.000, 0.000, 0.000, 1.000, 0.000, 0.000, 0.000]"
2105,84.2,84.24,Liz,0.9999997615814209,Liz,[1.000],,[],,[],"[0.000, 0.000, 0.000, 0.000, 1.000, 0.000, 0.000, 0.000]"
2106,84.24,84.28,Liz,0.9999995231628418,Liz,[1.000],,[],,[],"[0.000, 0.000, 0.000, 0.000, 1.000, 0.000, 0.000, 0.000]"
2107,84.28,84.32,Liz,0.9999990463256836,Liz,[1.000],,[],,[],"[0.000, 0.000, 0.000, 0.000, 1.000, 0.000, 0.000, 0.000]"
2108,84.32,84.36,Liz,0.9999979734420776,Liz,[1.000],,[],,[],"[0.000, 0.000, 0.000, 0.000, 1.000, 0.000, 0.000, 0.000]"
2109,84.36,84.4,Liz,0.9999959468841553,Liz,[1.000],,[],,[],"[0.000, 0.000, 0.000, 0.000, 1.000, 0.000, 0.000, 0.000]"
2110,84.4,84.44,Liz,0.999991774559021,Liz,[1.000],,[],,[],"[0.000, 0.000, 0.000, 0.000, 1.000, 0.000, 0.000, 0.000]"
2111,84.44,84.48,Liz,0.999983549118042,Liz,[1.000],,[],,[],"[0.000, 0.000, 0.000, 0.000, 1.000, 0.000, 0.000, 0.000]"
2112,84.48,84.52,Liz,0.9999676942825317,Liz,[1.000],,[],,[],"[0.000, 0.000, 0.000, 0.000, 1.000, 0.000, 0.000, 0.000]"
2113,84.52,84.56,Liz,0.9999384880065918,Liz,[1.000],,[],,[],"[0.000, 0.000, 0.000, 0.000, 1.000, 0.000, 0.000, 0.000]"
2114,84.56,84.6,Liz,0.9998863935470581,Liz,[1.000],,[],,[],"[0.000, 0.000, 0.000, 0.000, 1.000, 0.000, 0.000, 0.000]"
2115,84.6,84.64,Liz,0.9997966885566711,Liz,[1.000],,[],,[],"[0.000, 0.000, 0.000, 0.000, 1.000, 0.000, 0.000, 0.000]"
2116,84.64,84.68,Liz,0.999647855758667,Liz,[1.000],,[],,[],"[0.000, 0.000, 0.000, 0.000, 1.000, 0.000, 0.000, 0.000]"
2117,84.68,84.72,Liz,0.9994078874588013,Liz,[0.999],,[],,[],"[0.000, 0.000, 0.000, 0.000, 0.999, 0.000, 0.000, 0.000]"
2118,84.72,84.76,Liz,0.9990317821502686,Liz,[0.999],,[],,[],"[0.000, 0.000, 0.000, 0.000, 0.999, 0.000, 0.000, 0.000]"
2119,84.76,84.8,Liz,0.9984593391418457,Liz,[0.998],,[],,[],"[0.000, 0.000, 0.000, 0.000, 0.998, 0.000, 0.000, 0.000]"
2120,84.8,84.84,Liz,0.9976168870925903,Liz,[0.998],,[],,[],"[0.000, 0.000, 0.000, 0.000, 0.998, 0.000, 0.000, 0.000]"
2121,84.84,84.88,Liz,0.9964099526405334,Liz,[0.996],,[],,[],"[0.000, 0.000, 0.000, 0.000, 0.996, 0.000, 0.000, 0.001]"
2122,84.88,84.92,Liz,0.9947132468223572,Liz,[0.995],,[],,[],"[0.000, 0.000, 0.000, 0.000, 0.995, 0.000, 0.000, 0.001]"
2123,84.92,84.96,Liz,0.9923378825187683,Liz,[0.992],,[],,[],"[0.000, 0.000, 0.000, 0.000, 0.992, 0.000, 0.000, 0.001]"
2124,84.96,85.0,Liz,0.9889757633209229,Liz,[0.989],,[],,[],"[0.000, 0.000, 0.000, 0.000, 0.989, 0.000, 0.000, 0.001]"
2125,85.0,85.04,Liz,0.9841073751449585,Liz,[0.984],,[],,[],"[0.000, 0.000, 0.000, 0.000, 0.984, 0.000, 0.000, 0.001]"
2126,85.04,85.08,Liz,0.9768620133399963,Liz,[0.977],,[],,[],"[0.000, 0.000, 0.000, 0.000, 0.977, 0.000, 0.000, 0.002]"
2127,85.08,85.12,Liz,0.9656929969787598,Liz,[0.966],,[],,[],"[0.000, 0.000, 0.000, 0.000, 0.966, 0.000, 0.000, 0.002]"
2128,85.12,85.16,Liz,0.947867751121521,Liz,[0.948],,[],,[],"[0.000, 0.000, 0.000, 0.000, 0.948, 0.000, 0.000, 0.003]"
2129,85.16,85.2,Liz,0.9187251329421997,Liz,[0.919],,[],,[],"[0.000, 0.000, 0.000, 0.000, 0.919, 0.000, 0.000, 0.003]"
2130,85.2,85.24,Liz,0.8702890276908875,Liz,[0.870],,[],,[],"[0.000, 0.000, 0.000, 0.000, 0.870, 0.000, 0.000, 0.004]"
2131,85.24,85.28,Liz,0.7907376885414124,Liz,[0.791],,[],,[],"[0.000, 0.000, 0.000, 0.000, 0.791, 0.000, 0.000, 0.006]"
2132,85.28,85.32,Liz,0.6685115694999695,Liz,[0.669],,[],,[],"[0.000, 0.000, 0.000, 0.000, 0.669, 0.000, 0.000, 0.008]"
2133,85.32,85.36,Liz,0.5055665969848633,Liz,[0.506],,[],,[],"[0.000, 0.000, 0.000, 0.000, 0.506, 0.000, 0.000, 0.011]"
2134,85.36,85.4,silence,0.01551791187375784,,[],,[],,[],"[0.000, 0.000, 0.000, 0.000, 0.331, 0.000, 0.000, 0.016]"
2135,85.4,85.44,silence,0.023187357932329178,,[],,[],,[],"[0.000, 0.000, 0.000, 0.000, 0.187, 0.000, 0.000, 0.023]"
2136,85.44,85.48,silence,0.036056842654943466,,[],,[],,[],"[0.000, 0.000, 0.000, 0.000, 0.093, 0.000, 0.000, 0.036]"
2137,85.48,85.52,silence,0.0581061877310276,,[],,[],,[],"[0.000, 0.000, 0.000, 0.000, 0.042, 0.000, 0.000, 0.058]"
2138,85.52,85.56,silence,0.09611029177904129,,[],,[],,[],"[0.000, 0.000, 0.000, 0.000, 0.018, 0.000, 0.000, 0.096]"
2139,85.56,85.6,silence,0.16023829579353333,,[],,[],,[],"[0.000, 0.000, 0.000, 0.000, 0.008, 0.000, 0.000, 0.160]"
2140,85.6,85.64,silence,0.2614840269088745,,[],,[],,[],"[0.000, 0.000, 0.000, 0.000, 0.003, 0.000, 0.000, 0.261]"
2141,85.64,85.68,silence,0.40303897857666016,,[],,[],,[],"[0.000, 0.000, 0.000, 0.000, 0.001, 0.000, 0.000, 0.403]"
2142,85.68,85.72,silence,0.5687010884284973,silence,[0.569],,[],,[],"[0.000, 0.000, 0.000, 0.000, 0.001, 0.000, 0.000, 0.569]"
2143,85.72,85.76,silence,0.7238664031028748,silence,[0.724],,[],,[],"[0.000, 0.000, 0.000, 0.000, 0.000, 0.000, 0.000, 0.724]"
2144,85.76,85.8,silence,0.8403559327125549,silence,[0.840],,[],,[],"[0.000, 0.000, 0.000, 0.000, 0.000, 0.000, 0.000, 0.840]"
2145,85.8,85.84,silence,0.9139060974121094,silence,[0.914],,[],,[],"[0.000, 0.000, 0.000, 0.000, 0.000, 0.000, 0.000, 0.914]"
2146,85.84,85.88,silence,0.955289363861084,silence,[0.955],,[],,[],"[0.000, 0.000, 0.000, 0.000, 0.000, 0.000, 0.000, 0.955]"
2147,85.88,85.92,silence,0.9770997166633606,silence,[0.977],,[],,[],"[0.000, 0.000, 0.000, 0.000, 0.000, 0.000, 0.000, 0.977]"
2148,85.92,85.96,silence,0.9882366061210632,silence,[0.988],,[],,[],"[0.000, 0.000, 0.000, 0.000, 0.000, 0.000, 0.000, 0.988]"
2149,85.96,86.0,silence,0.9938786625862122,silence,[0.994],,[],,[],"[0.000, 0.000, 0.000, 0.000, 0.000, 0.000, 0.000, 0.994]"
2150,86.0,86.04,silence,0.9967516660690308,silence,[0.997],,[],,[],"[0.000, 0.000, 0.000, 0.000, 0.000, 0.000, 0.000, 0.997]"
2151,86.04,86.08,silence,0.9982367753982544,silence,[0.998],,[],,[],"[0.000, 0.000, 0.000, 0.000, 0.000, 0.000, 0.000, 0.998]"
2152,86.08,86.12,silence,0.9990198612213135,silence,[0.999],,[],,[],"[0.000, 0.000, 0.000, 0.000, 0.000, 0.000, 0.000, 0.999]"
2153,86.12,86.16,silence,0.9994407296180725,silence,[0.999],,[],,[],"[0.000, 0.000, 0.000, 0.000, 0.000, 0.000, 0.000, 0.999]"
2154,86.16,86.2,silence,0.9996716976165771,silence,[1.000],,[],,[],"[0.000, 0.000, 0.000, 0.000, 0.000, 0.000, 0.000, 1.000]"
2155,86.2,86.24,silence,0.9998013377189636,silence,[1.000],,[],,[],"[0.000, 0.000, 0.000, 0.000, 0.000, 0.000, 0.000, 1.000]"
2156,86.24,86.28,silence,0.9998756647109985,silence,[1.000],,[],,[],"[0.000, 0.000, 0.000, 0.000, 0.000, 0.000, 0.000, 1.000]"
2157,86.28,86.32,silence,0.9999192953109741,silence,[1.000],,[],,[],"[0.000, 0.000, 0.000, 0.000, 0.000, 0.000, 0.000, 1.000]"
2158,86.32,86.36,silence,0.9999455213546753,silence,[1.000],,[],,[],"[0.000, 0.000, 0.000, 0.000, 0.000, 0.000, 0.000, 1.000]"
2159,86.36,86.4,silence,0.9999616146087646,silence,[1.000],,[],,[],"[0.000, 0.000, 0.000, 0.000, 0.000, 0.000, 0.000, 1.000]"
2160,86.4,86.44,silence,0.999971866607666,silence,[1.000],,[],,[],"[0.000, 0.000, 0.000, 0.000, 0.000, 0.000, 0.000, 1.000]"
2161,86.44,86.48,silence,0.9999784231185913,silence,[1.000],,[],,[],"[0.000, 0.000, 0.000, 0.000, 0.000, 0.000, 0.000, 1.000]"
2162,86.48,86.52,silence,0.9999828338623047,silence,[1.000],,[],,[],"[0.000, 0.000, 0.000, 0.000, 0.000, 0.000, 0.000, 1.000]"
2163,86.52,86.56,silence,0.9999858140945435,silence,[1.000],,[],,[],"[0.000, 0.000, 0.000, 0.000, 0.000, 0.000, 0.000, 1.000]"
2164,86.56,86.6,silence,0.9999878406524658,silence,[1.000],,[],,[],"[0.000, 0.000, 0.000, 0.000, 0.000, 0.000, 0.000, 1.000]"
2165,86.6,86.64,silence,0.9999891519546509,silence,[1.000],,[],,[],"[0.000, 0.000, 0.000, 0.000, 0.000, 0.000, 0.000, 1.000]"
2166,86.64,86.68,silence,0.9999899864196777,silence,[1.000],,[],,[],"[0.000, 0.000, 0.000, 0.000, 0.000, 0.000, 0.000, 1.000]"
2167,86.68,86.72,silence,0.9999904632568359,silence,[1.000],,[],,[],"[0.000, 0.000, 0.000, 0.000, 0.000, 0.000, 0.000, 1.000]"
2168,86.72,86.76,silence,0.9999905824661255,silence,[1.000],,[],,[],"[0.000, 0.000, 0.000, 0.000, 0.000, 0.000, 0.000, 1.000]"
2169,86.76,86.8,silence,0.9999904632568359,silence,[1.000],,[],,[],"[0.000, 0.000, 0.000, 0.000, 0.000, 0.000, 0.000, 1.000]"
2170,86.8,86.84,silence,0.9999901056289673,silence,[1.000],,[],,[],"[0.000, 0.000, 0.000, 0.000, 0.000, 0.000, 0.000, 1.000]"
2171,86.84,86.88,silence,0.9999896287918091,silence,[1.000],,[],,[],"[0.000, 0.000, 0.000, 0.000, 0.000, 0.000, 0.000, 1.000]"
2172,86.88,86.92,silence,0.9999889135360718,silence,[1.000],,[],,[],"[0.000, 0.000, 0.000, 0.000, 0.000, 0.000, 0.000, 1.000]"
2173,86.92,86.96,silence,0.9999881982803345,silence,[1.000],,[],,[],"[0.000, 0.000, 0.000, 0.000, 0.000, 0.000, 0.000, 1.000]"
2174,86.96,87.0,silence,0.9999873638153076,silence,[1.000],,[],,[],"[0.000, 0.000, 0.000, 0.000, 0.000, 0.000, 0.000, 1.000]"
2175,87.0,87.04,silence,0.9999864101409912,silence,[1.000],,[],,[],"[0.000, 0.000, 0.000, 0.000, 0.000, 0.000, 0.000, 1.000]"
2176,87.04,87.08,silence,0.9999855756759644,silence,[1.000],,[],,[],"[0.000, 0.000, 0.000, 0.000, 0.000, 0.000, 0.000, 1.000]"
2177,87.08,87.12,silence,0.999984860420227,silence,[1.000],,[],,[],"[0.000, 0.000, 0.000, 0.000, 0.000, 0.000, 0.000, 1.000]"
2178,87.12,87.16,silence,0.9999843835830688,silence,[1.000],,[],,[],"[0.000, 0.000, 0.000, 0.000, 0.000, 0.000, 0.000, 1.000]"
2179,87.16,87.2,silence,0.9999841451644897,silence,[1.000],,[],,[],"[0.000, 0.000, 0.000, 0.000, 0.000, 0.000, 0.000, 1.000]"
2180,87.2,87.24,silence,0.9999842643737793,silence,[1.000],,[],,[],"[0.000, 0.000, 0.000, 0.000, 0.000, 0.000, 0.000, 1.000]"
2181,87.24,87.28,silence,0.999984860420227,silence,[1.000],,[],,[],"[0.000, 0.000, 0.000, 0.000, 0.000, 0.000, 0.000, 1.000]"
2182,87.28,87.32,silence,0.9999858140945435,silence,[1.000],,[],,[],"[0.000, 0.000, 0.000, 0.000, 0.000, 0.000, 0.000, 1.000]"
2183,87.32,87.36,silence,0.9999872446060181,silence,[1.000],,[],,[],"[0.000, 0.000, 0.000, 0.000, 0.000, 0.000, 0.000, 1.000]"
2184,87.36,87.4,silence,0.9999891519546509,silence,[1.000],,[],,[],"[0.000, 0.000, 0.000, 0.000, 0.000, 0.000, 0.000, 1.000]"
2185,87.4,87.44,silence,0.9999911785125732,silence,[1.000],,[],,[],"[0.000, 0.000, 0.000, 0.000, 0.000, 0.000, 0.000, 1.000]"
2186,87.44,87.48,silence,0.9999932050704956,silence,[1.000],,[],,[],"[0.000, 0.000, 0.000, 0.000, 0.000, 0.000, 0.000, 1.000]"
2187,87.48,87.52,silence,0.9999951124191284,silence,[1.000],,[],,[],"[0.000, 0.000, 0.000, 0.000, 0.000, 0.000, 0.000, 1.000]"
2188,87.52,87.56,silence,0.9999966621398926,silence,[1.000],,[],,[],"[0.000, 0.000, 0.000, 0.000, 0.000, 0.000, 0.000, 1.000]"
2189,87.56,87.6,silence,0.9999979734420776,silence,[1.000],,[],,[],"[0.000, 0.000, 0.000, 0.000, 0.000, 0.000, 0.000, 1.000]"
2190,87.6,87.64,silence,0.9999988079071045,silence,[1.000],,[],,[],"[0.000, 0.000, 0.000, 0.000, 0.000, 0.000, 0.000, 1.000]"
2191,87.64,87.68,silence,0.9999994039535522,silence,[1.000],,[],,[],"[0.000, 0.000, 0.000, 0.000, 0.000, 0.000, 0.000, 1.000]"
2192,87.68,87.72,silence,0.9999997615814209,silence,[1.000],,[],,[],"[0.000, 0.000, 0.000, 0.000, 0.000, 0.000, 0.000, 1.000]"
2193,87.72,87.76,silence,0.9999998807907104,silence,[1.000],,[],,[],"[0.000, 0.000, 0.000, 0.000, 0.000, 0.000, 0.000, 1.000]"
2194,87.76,87.8,silence,1.0,silence,[1.000],,[],,[],"[0.000, 0.000, 0.000, 0.000, 0.000, 0.000, 0.000, 1.000]"
2195,87.8,87.84,silence,1.0,silence,[1.000],,[],,[],"[0.000, 0.000, 0.000, 0.000, 0.000, 0.000, 0.000, 1.000]"
2196,87.84,87.88,silence,1.0,silence,[1.000],,[],,[],"[0.000, 0.000, 0.000, 0.000, 0.000, 0.000, 0.000, 1.000]"
2197,87.88,87.92,silence,1.0,silence,[1.000],,[],,[],"[0.000, 0.000, 0.000, 0.000, 0.000, 0.000, 0.000, 1.000]"
2198,87.92,87.96,silence,1.0,silence,[1.000],,[],,[],"[0.000, 0.000, 0.000, 0.000, 0.000, 0.000, 0.000, 1.000]"
2199,87.96,88.0,silence,1.0,silence,[1.000],,[],,[],"[0.000, 0.000, 0.000, 0.000, 0.000, 0.000, 0.000, 1.000]"
2200,88.0,88.04,silence,1.0,silence,[1.000],,[],,[],"[0.000, 0.000, 0.000, 0.000, 0.000, 0.000, 0.000, 1.000]"
2201,88.04,88.08,silence,1.0,silence,[1.000],,[],,[],"[0.000, 0.000, 0.000, 0.000, 0.000, 0.000, 0.000, 1.000]"
2202,88.08,88.12,silence,1.0,silence,[1.000],,[],,[],"[0.000, 0.000, 0.000, 0.000, 0.000, 0.000, 0.000, 1.000]"
2203,88.12,88.16,silence,1.0,silence,[1.000],,[],,[],"[0.000, 0.000, 0.000, 0.000, 0.000, 0.000, 0.000, 1.000]"
2204,88.16,88.2,silence,1.0,silence,[1.000],,[],,[],"[0.000, 0.000, 0.000, 0.000, 0.000, 0.000, 0.000, 1.000]"
2205,88.2,88.24,silence,1.0,silence,[1.000],,[],,[],"[0.000, 0.000, 0.000, 0.000, 0.000, 0.000, 0.000, 1.000]"
2206,88.24,88.28,silence,1.0,silence,[1.000],,[],,[],"[0.000, 0.000, 0.000, 0.000, 0.000, 0.000, 0.000, 1.000]"
2207,88.28,88.32,silence,1.0,silence,[1.000],,[],,[],"[0.000, 0.000, 0.000, 0.000, 0.000, 0.000, 0.000, 1.000]"
2208,88.32,88.36,silence,1.0,silence,[1.000],,[],,[],"[0.000, 0.000, 0.000, 0.000, 0.000, 0.000, 0.000, 1.000]"
2209,88.36,88.4,silence,1.0,silence,[1.000],,[],,[],"[0.000, 0.000, 0.000, 0.000, 0.000, 0.000, 0.000, 1.000]"
2210,88.4,88.44,silence,1.0,silence,[1.000],,[],,[],"[0.000, 0.000, 0.000, 0.000, 0.000, 0.000, 0.000, 1.000]"
2211,88.44,88.48,silence,1.0,silence,[1.000],,[],,[],"[0.000, 0.000, 0.000, 0.000, 0.000, 0.000, 0.000, 1.000]"
2212,88.48,88.52,silence,1.0,silence,[1.000],,[],,[],"[0.000, 0.000, 0.000, 0.000, 0.000, 0.000, 0.000, 1.000]"
2213,88.52,88.56,silence,1.0,silence,[1.000],,[],,[],"[0.000, 0.000, 0.000, 0.000, 0.000, 0.000, 0.000, 1.000]"
2214,88.56,88.6,silence,1.0,silence,[1.000],,[],,[],"[0.000, 0.000, 0.000, 0.000, 0.000, 0.000, 0.000, 1.000]"
2215,88.6,88.64,silence,1.0,silence,[1.000],,[],,[],"[0.000, 0.000, 0.000, 0.000, 0.000, 0.000, 0.000, 1.000]"
2216,88.64,88.68,silence,1.0,silence,[1.000],,[],,[],"[0.000, 0.000, 0.000, 0.000, 0.000, 0.000, 0.000, 1.000]"
2217,88.68,88.72,silence,1.0,silence,[1.000],,[],,[],"[0.000, 0.000, 0.000, 0.000, 0.000, 0.000, 0.000, 1.000]"
2218,88.72,88.76,silence,1.0,silence,[1.000],,[],,[],"[0.000, 0.000, 0.000, 0.000, 0.000, 0.000, 0.000, 1.000]"
2219,88.76,88.8,silence,1.0,silence,[1.000],,[],,[],"[0.000, 0.000, 0.000, 0.000, 0.000, 0.000, 0.000, 1.000]"
2220,88.8,88.84,silence,1.0,silence,[1.000],,[],,[],"[0.000, 0.000, 0.000, 0.000, 0.000, 0.000, 0.000, 1.000]"
2221,88.84,88.88,silence,1.0,silence,[1.000],,[],,[],"[0.000, 0.000, 0.000, 0.000, 0.000, 0.000, 0.000, 1.000]"
2222,88.88,88.92,silence,1.0,silence,[1.000],,[],,[],"[0.000, 0.000, 0.000, 0.000, 0.000, 0.000, 0.000, 1.000]"
2223,88.92,88.96,silence,1.0,silence,[1.000],,[],,[],"[0.000, 0.000, 0.000, 0.000, 0.000, 0.000, 0.000, 1.000]"
2224,88.96,89.0,silence,1.0,silence,[1.000],,[],,[],"[0.000, 0.000, 0.000, 0.000, 0.000, 0.000, 0.000, 1.000]"
2225,89.0,89.04,silence,1.0,silence,[1.000],,[],,[],"[0.000, 0.000, 0.000, 0.000, 0.000, 0.000, 0.000, 1.000]"
2226,89.04,89.08,silence,1.0,silence,[1.000],,[],,[],"[0.000, 0.000, 0.000, 0.000, 0.000, 0.000, 0.000, 1.000]"
2227,89.08,89.12,silence,1.0,silence,[1.000],,[],,[],"[0.000, 0.000, 0.000, 0.000, 0.000, 0.000, 0.000, 1.000]"
2228,89.12,89.16,silence,1.0,silence,[1.000],,[],,[],"[0.000, 0.000, 0.000, 0.000, 0.000, 0.000, 0.000, 1.000]"
2229,89.16,89.2,silence,1.0,silence,[1.000],,[],,[],"[0.000, 0.000, 0.000, 0.000, 0.000, 0.000, 0.000, 1.000]"
2230,89.2,89.24,silence,1.0,silence,[1.000],,[],,[],"[0.000, 0.000, 0.000, 0.000, 0.000, 0.000, 0.000, 1.000]"
2231,89.24,89.28,silence,1.0,silence,[1.000],,[],,[],"[0.000, 0.000, 0.000, 0.000, 0.000, 0.000, 0.000, 1.000]"
2232,89.28,89.32,silence,1.0,silence,[1.000],,[],,[],"[0.000, 0.000, 0.000, 0.000, 0.000, 0.000, 0.000, 1.000]"
2233,89.32,89.36,silence,1.0,silence,[1.000],,[],,[],"[0.000, 0.000, 0.000, 0.000, 0.000, 0.000, 0.000, 1.000]"
2234,89.36,89.4,silence,1.0,silence,[1.000],,[],,[],"[0.000, 0.000, 0.000, 0.000, 0.000, 0.000, 0.000, 1.000]"
2235,89.4,89.44,silence,1.0,silence,[1.000],,[],,[],"[0.000, 0.000, 0.000, 0.000, 0.000, 0.000, 0.000, 1.000]"
2236,89.44,89.48,silence,1.0,silence,[1.000],,[],,[],"[0.000, 0.000, 0.000, 0.000, 0.000, 0.000, 0.000, 1.000]"
2237,89.48,89.52,silence,1.0,silence,[1.000],,[],,[],"[0.000, 0.000, 0.000, 0.000, 0.000, 0.000, 0.000, 1.000]"
2238,89.52,89.56,silence,1.0,silence,[1.000],,[],,[],"[0.000, 0.000, 0.000, 0.000, 0.000, 0.000, 0.000, 1.000]"
2239,89.56,89.6,silence,1.0,silence,[1.000],,[],,[],"[0.000, 0.000, 0.000, 0.000, 0.000, 0.000, 0.000, 1.000]"
2240,89.6,89.64,silence,1.0,silence,[1.000],,[],,[],"[0.000, 0.000, 0.000, 0.000, 0.000, 0.000, 0.000, 1.000]"
2241,89.64,89.68,silence,1.0,silence,[1.000],,[],,[],"[0.000, 0.000, 0.000, 0.000, 0.000, 0.000, 0.000, 1.000]"
2242,89.68,89.72,silence,1.0,silence,[1.000],,[],,[],"[0.000, 0.000, 0.000, 0.000, 0.000, 0.000, 0.000, 1.000]"
2243,89.72,89.76,silence,1.0,silence,[1.000],,[],,[],"[0.000, 0.000, 0.000, 0.000, 0.000, 0.000, 0.000, 1.000]"
2244,89.76,89.8,silence,1.0,silence,[1.000],,[],,[],"[0.000, 0.000, 0.000, 0.000, 0.000, 0.000, 0.000, 1.000]"
2245,89.8,89.84,silence,1.0,silence,[1.000],,[],,[],"[0.000, 0.000, 0.000, 0.000, 0.000, 0.000, 0.000, 1.000]"
2246,89.84,89.88,silence,1.0,silence,[1.000],,[],,[],"[0.000, 0.000, 0.000, 0.000, 0.000, 0.000, 0.000, 1.000]"
2247,89.88,89.92,silence,0.9999998807907104,silence,[1.000],,[],,[],"[0.000, 0.000, 0.000, 0.000, 0.000, 0.000, 0.000, 1.000]"
2248,89.92,89.96,silence,0.9999992847442627,silence,[1.000],,[],,[],"[0.000, 0.000, 0.000, 0.000, 0.000, 0.000, 0.000, 1.000]"
2249,89.96,90.0,silence,0.9999955892562866,silence,[1.000],,[],,[],"[0.000, 0.000, 0.000, 0.000, 0.000, 0.000, 0.000, 1.000]"
2250,90.0,90.04,silence,0.9999752044677734,silence,[1.000],,[],,[],"[0.000, 0.000, 0.000, 0.000, 0.000, 0.000, 0.000, 1.000]"
2251,90.04,90.08,silence,0.9998656511306763,silence,[1.000],,[],,[],"[0.000, 0.000, 0.000, 0.000, 0.000, 0.000, 0.000, 1.000]"
2252,90.08,90.12,silence,0.999298095703125,silence,[0.999],,[],,[],"[0.000, 0.000, 0.000, 0.000, 0.000, 0.000, 0.000, 0.999]"
2253,90.12,90.16,silence,0.9964389801025391,silence,[0.996],,[],,[],"[0.000, 0.000, 0.000, 0.000, 0.000, 0.000, 0.000, 0.996]"
2254,90.16,90.2,silence,0.9825899004936218,silence,[0.983],,[],,[],"[0.000, 0.000, 0.000, 0.000, 0.000, 0.000, 0.000, 0.983]"
2255,90.2,90.24,silence,0.9213971495628357,silence,[0.921],,[],,[],"[0.000, 0.000, 0.000, 0.000, 0.001, 0.000, 0.000, 0.921]"
2256,90.24,90.28,silence,0.7153273224830627,silence,[0.715],,[],,[],"[0.000, 0.000, 0.000, 0.000, 0.007, 0.000, 0.000, 0.715]"
2257,90.28,90.32,silence,0.35814812779426575,,[],,[],,[],"[0.000, 0.000, 0.000, 0.000, 0.046, 0.000, 0.000, 0.358]"
2258,90.32,90.36,silence,0.11377494037151337,,[],,[],,[],"[0.000, 0.000, 0.000, 0.000, 0.251, 0.000, 0.000, 0.114]"
2259,90.36,90.4,Liz,0.7000992298126221,Liz,[0.700],,[],,[],"[0.000, 0.000, 0.000, 0.000, 0.700, 0.000, 0.000, 0.030]"
2260,90.4,90.44,Liz,0.9415735006332397,Liz,[0.942],,[],,[],"[0.000, 0.000, 0.000, 0.000, 0.942, 0.000, 0.000, 0.008]"
2261,90.44,90.48,Liz,0.9908979535102844,Liz,[0.991],,[],,[],"[0.000, 0.000, 0.000, 0.000, 0.991, 0.000, 0.000, 0.002]"
2262,90.48,90.52,Liz,0.9985983967781067,Liz,[0.999],,[],,[],"[0.000, 0.000, 0.000, 0.000, 0.999, 0.000, 0.000, 0.001]"
2263,90.52,90.56,Liz,0.9997767806053162,Liz,[1.000],,[],,[],"[0.000, 0.000, 0.000, 0.000, 1.000, 0.000, 0.000, 0.000]"
2264,90.56,90.6,Liz,0.9999626874923706,Liz,[1.000],,[],,[],"[0.000, 0.000, 0.000, 0.000, 1.000, 0.000, 0.000, 0.000]"
2265,90.6,90.64,Liz,0.9999933242797852,Liz,[1.000],,[],,[],"[0.000, 0.000, 0.000, 0.000, 1.000, 0.000, 0.000, 0.000]"
2266,90.64,90.68,Liz,0.9999986886978149,Liz,[1.000],,[],,[],"[0.000, 0.000, 0.000, 0.000, 1.000, 0.000, 0.000, 0.000]"
2267,90.68,90.72,Liz,0.9999997615814209,Liz,[1.000],,[],,[],"[0.000, 0.000, 0.000, 0.000, 1.000, 0.000, 0.000, 0.000]"
2268,90.72,90.76,Liz,1.0,Liz,[1.000],,[],,[],"[0.000, 0.000, 0.000, 0.000, 1.000, 0.000, 0.000, 0.000]"
2269,90.76,90.8,Liz,1.0,Liz,[1.000],,[],,[],"[0.000, 0.000, 0.000, 0.000, 1.000, 0.000, 0.000, 0.000]"
2270,90.8,90.84,Liz,1.0,Liz,[1.000],,[],,[],"[0.000, 0.000, 0.000, 0.000, 1.000, 0.000, 0.000, 0.000]"
2271,90.84,90.88,Liz,1.0,Liz,[1.000],,[],,[],"[0.000, 0.000, 0.000, 0.000, 1.000, 0.000, 0.000, 0.000]"
2272,90.88,90.92,Liz,1.0,Liz,[1.000],,[],,[],"[0.000, 0.000, 0.000, 0.000, 1.000, 0.000, 0.000, 0.000]"
2273,90.92,90.96,Liz,1.0,Liz,[1.000],,[],,[],"[0.000, 0.000, 0.000, 0.000, 1.000, 0.000, 0.000, 0.000]"
2274,90.96,91.0,Liz,1.0,Liz,[1.000],,[],,[],"[0.000, 0.000, 0.000, 0.000, 1.000, 0.000, 0.000, 0.000]"
2275,91.0,91.04,Liz,1.0,Liz,[1.000],,[],,[],"[0.000, 0.000, 0.000, 0.000, 1.000, 0.000, 0.000, 0.000]"
2276,91.04,91.08,Liz,1.0,Liz,[1.000],,[],,[],"[0.000, 0.000, 0.000, 0.000, 1.000, 0.000, 0.000, 0.000]"
2277,91.08,91.12,Liz,1.0,Liz,[1.000],,[],,[],"[0.000, 0.000, 0.000, 0.000, 1.000, 0.000, 0.000, 0.000]"
2278,91.12,91.16,Liz,1.0,Liz,[1.000],,[],,[],"[0.000, 0.000, 0.000, 0.000, 1.000, 0.000, 0.000, 0.000]"
2279,91.16,91.2,Liz,1.0,Liz,[1.000],,[],,[],"[0.000, 0.000, 0.000, 0.000, 1.000, 0.000, 0.000, 0.000]"
2280,91.2,91.24,Liz,1.0,Liz,[1.000],,[],,[],"[0.000, 0.000, 0.000, 0.000, 1.000, 0.000, 0.000, 0.000]"
2281,91.24,91.28,Liz,1.0,Liz,[1.000],,[],,[],"[0.000, 0.000, 0.000, 0.000, 1.000, 0.000, 0.000, 0.000]"
2282,91.28,91.32,Liz,1.0,Liz,[1.000],,[],,[],"[0.000, 0.000, 0.000, 0.000, 1.000, 0.000, 0.000, 0.000]"
2283,91.32,91.36,Liz,1.0,Liz,[1.000],,[],,[],"[0.000, 0.000, 0.000, 0.000, 1.000, 0.000, 0.000, 0.000]"
2284,91.36,91.4,Liz,1.0,Liz,[1.000],,[],,[],"[0.000, 0.000, 0.000, 0.000, 1.000, 0.000, 0.000, 0.000]"
2285,91.4,91.44,Liz,1.0,Liz,[1.000],,[],,[],"[0.000, 0.000, 0.000, 0.000, 1.000, 0.000, 0.000, 0.000]"
2286,91.44,91.48,Liz,1.0,Liz,[1.000],,[],,[],"[0.000, 0.000, 0.000, 0.000, 1.000, 0.000, 0.000, 0.000]"
2287,91.48,91.52,Liz,1.0,Liz,[1.000],,[],,[],"[0.000, 0.000, 0.000, 0.000, 1.000, 0.000, 0.000, 0.000]"
2288,91.52,91.56,Liz,1.0,Liz,[1.000],,[],,[],"[0.000, 0.000, 0.000, 0.000, 1.000, 0.000, 0.000, 0.000]"
2289,91.56,91.6,Liz,1.0,Liz,[1.000],,[],,[],"[0.000, 0.000, 0.000, 0.000, 1.000, 0.000, 0.000, 0.000]"
2290,91.6,91.64,Liz,1.0,Liz,[1.000],,[],,[],"[0.000, 0.000, 0.000, 0.000, 1.000, 0.000, 0.000, 0.000]"
2291,91.64,91.68,Liz,1.0,Liz,[1.000],,[],,[],"[0.000, 0.000, 0.000, 0.000, 1.000, 0.000, 0.000, 0.000]"
2292,91.68,91.72,Liz,1.0,Liz,[1.000],,[],,[],"[0.000, 0.000, 0.000, 0.000, 1.000, 0.000, 0.000, 0.000]"
2293,91.72,91.76,Liz,1.0,Liz,[1.000],,[],,[],"[0.000, 0.000, 0.000, 0.000, 1.000, 0.000, 0.000, 0.000]"
2294,91.76,91.8,Liz,1.0,Liz,[1.000],,[],,[],"[0.000, 0.000, 0.000, 0.000, 1.000, 0.000, 0.000, 0.000]"
2295,91.8,91.84,Liz,1.0,Liz,[1.000],,[],,[],"[0.000, 0.000, 0.000, 0.000, 1.000, 0.000, 0.000, 0.000]"
2296,91.84,91.88,Liz,1.0,Liz,[1.000],,[],,[],"[0.000, 0.000, 0.000, 0.000, 1.000, 0.000, 0.000, 0.000]"
2297,91.88,91.92,Liz,1.0,Liz,[1.000],,[],,[],"[0.000, 0.000, 0.000, 0.000, 1.000, 0.000, 0.000, 0.000]"
2298,91.92,91.96,Liz,1.0,Liz,[1.000],,[],,[],"[0.000, 0.000, 0.000, 0.000, 1.000, 0.000, 0.000, 0.000]"
2299,91.96,92.0,Liz,1.0,Liz,[1.000],,[],,[],"[0.000, 0.000, 0.000, 0.000, 1.000, 0.000, 0.000, 0.000]"
2300,92.0,92.04,Liz,1.0,Liz,[1.000],,[],,[],"[0.000, 0.000, 0.000, 0.000, 1.000, 0.000, 0.000, 0.000]"
2301,92.04,92.08,Liz,1.0,Liz,[1.000],,[],,[],"[0.000, 0.000, 0.000, 0.000, 1.000, 0.000, 0.000, 0.000]"
2302,92.08,92.12,Liz,1.0,Liz,[1.000],,[],,[],"[0.000, 0.000, 0.000, 0.000, 1.000, 0.000, 0.000, 0.000]"
2303,92.12,92.16,Liz,1.0,Liz,[1.000],,[],,[],"[0.000, 0.000, 0.000, 0.000, 1.000, 0.000, 0.000, 0.000]"
2304,92.16,92.2,Liz,1.0,Liz,[1.000],,[],,[],"[0.000, 0.000, 0.000, 0.000, 1.000, 0.000, 0.000, 0.000]"
2305,92.2,92.24,Liz,1.0,Liz,[1.000],,[],,[],"[0.000, 0.000, 0.000, 0.000, 1.000, 0.000, 0.000, 0.000]"
2306,92.24,92.28,Liz,1.0,Liz,[1.000],,[],,[],"[0.000, 0.000, 0.000, 0.000, 1.000, 0.000, 0.000, 0.000]"
2307,92.28,92.32,Liz,1.0,Liz,[1.000],,[],,[],"[0.000, 0.000, 0.000, 0.000, 1.000, 0.000, 0.000, 0.000]"
2308,92.32,92.36,Liz,1.0,Liz,[1.000],,[],,[],"[0.000, 0.000, 0.000, 0.000, 1.000, 0.000, 0.000, 0.000]"
2309,92.36,92.4,Liz,1.0,Liz,[1.000],,[],,[],"[0.000, 0.000, 0.000, 0.000, 1.000, 0.000, 0.000, 0.000]"
2310,92.4,92.44,Liz,1.0,Liz,[1.000],,[],,[],"[0.000, 0.000, 0.000, 0.000, 1.000, 0.000, 0.000, 0.000]"
2311,92.44,92.48,Liz,1.0,Liz,[1.000],,[],,[],"[0.000, 0.000, 0.000, 0.000, 1.000, 0.000, 0.000, 0.000]"
2312,92.48,92.52,Liz,1.0,Liz,[1.000],,[],,[],"[0.000, 0.000, 0.000, 0.000, 1.000, 0.000, 0.000, 0.000]"
2313,92.52,92.56,Liz,1.0,Liz,[1.000],,[],,[],"[0.000, 0.000, 0.000, 0.000, 1.000, 0.000, 0.000, 0.000]"
2314,92.56,92.6,Liz,1.0,Liz,[1.000],,[],,[],"[0.000, 0.000, 0.000, 0.000, 1.000, 0.000, 0.000, 0.000]"
2315,92.6,92.64,Liz,1.0,Liz,[1.000],,[],,[],"[0.000, 0.000, 0.000, 0.000, 1.000, 0.000, 0.000, 0.000]"
2316,92.64,92.68,Liz,1.0,Liz,[1.000],,[],,[],"[0.000, 0.000, 0.000, 0.000, 1.000, 0.000, 0.000, 0.000]"
2317,92.68,92.72,Liz,1.0,Liz,[1.000],,[],,[],"[0.000, 0.000, 0.000, 0.000, 1.000, 0.000, 0.000, 0.000]"
2318,92.72,92.76,Liz,1.0,Liz,[1.000],,[],,[],"[0.000, 0.000, 0.000, 0.000, 1.000, 0.000, 0.000, 0.000]"
2319,92.76,92.8,Liz,1.0,Liz,[1.000],,[],,[],"[0.000, 0.000, 0.000, 0.000, 1.000, 0.000, 0.000, 0.000]"
2320,92.8,92.84,Liz,1.0,Liz,[1.000],,[],,[],"[0.000, 0.000, 0.000, 0.000, 1.000, 0.000, 0.000, 0.000]"
2321,92.84,92.88,Liz,1.0,Liz,[1.000],,[],,[],"[0.000, 0.000, 0.000, 0.000, 1.000, 0.000, 0.000, 0.000]"
2322,92.88,92.92,Liz,1.0,Liz,[1.000],,[],,[],"[0.000, 0.000, 0.000, 0.000, 1.000, 0.000, 0.000, 0.000]"
2323,92.92,92.96,Liz,1.0,Liz,[1.000],,[],,[],"[0.000, 0.000, 0.000, 0.000, 1.000, 0.000, 0.000, 0.000]"
2324,92.96,93.0,Liz,1.0,Liz,[1.000],,[],,[],"[0.000, 0.000, 0.000, 0.000, 1.000, 0.000, 0.000, 0.000]"
2325,93.0,93.04,Liz,1.0,Liz,[1.000],,[],,[],"[0.000, 0.000, 0.000, 0.000, 1.000, 0.000, 0.000, 0.000]"
2326,93.04,93.08,Liz,1.0,Liz,[1.000],,[],,[],"[0.000, 0.000, 0.000, 0.000, 1.000, 0.000, 0.000, 0.000]"
2327,93.08,93.12,Liz,1.0,Liz,[1.000],,[],,[],"[0.000, 0.000, 0.000, 0.000, 1.000, 0.000, 0.000, 0.000]"
2328,93.12,93.16,Liz,1.0,Liz,[1.000],,[],,[],"[0.000, 0.000, 0.000, 0.000, 1.000, 0.000, 0.000, 0.000]"
2329,93.16,93.2,Liz,1.0,Liz,[1.000],,[],,[],"[0.000, 0.000, 0.000, 0.000, 1.000, 0.000, 0.000, 0.000]"
2330,93.2,93.24,Liz,1.0,Liz,[1.000],,[],,[],"[0.000, 0.000, 0.000, 0.000, 1.000, 0.000, 0.000, 0.000]"
2331,93.24,93.28,Liz,1.0,Liz,[1.000],,[],,[],"[0.000, 0.000, 0.000, 0.000, 1.000, 0.000, 0.000, 0.000]"
2332,93.28,93.32,Liz,1.0,Liz,[1.000],,[],,[],"[0.000, 0.000, 0.000, 0.000, 1.000, 0.000, 0.000, 0.000]"
2333,93.32,93.36,Liz,1.0,Liz,[1.000],,[],,[],"[0.000, 0.000, 0.000, 0.000, 1.000, 0.000, 0.000, 0.000]"
2334,93.36,93.4,Liz,1.0,Liz,[1.000],,[],,[],"[0.000, 0.000, 0.000, 0.000, 1.000, 0.000, 0.000, 0.000]"
2335,93.4,93.44,Liz,1.0,Liz,[1.000],,[],,[],"[0.000, 0.000, 0.000, 0.000, 1.000, 0.000, 0.000, 0.000]"
2336,93.44,93.48,Liz,1.0,Liz,[1.000],,[],,[],"[0.000, 0.000, 0.000, 0.000, 1.000, 0.000, 0.000, 0.000]"
2337,93.48,93.52,Liz,1.0,Liz,[1.000],,[],,[],"[0.000, 0.000, 0.000, 0.000, 1.000, 0.000, 0.000, 0.000]"
2338,93.52,93.56,Liz,1.0,Liz,[1.000],,[],,[],"[0.000, 0.000, 0.000, 0.000, 1.000, 0.000, 0.000, 0.000]"
2339,93.56,93.6,Liz,1.0,Liz,[1.000],,[],,[],"[0.000, 0.000, 0.000, 0.000, 1.000, 0.000, 0.000, 0.000]"
2340,93.6,93.64,Liz,1.0,Liz,[1.000],,[],,[],"[0.000, 0.000, 0.000, 0.000, 1.000, 0.000, 0.000, 0.000]"
2341,93.64,93.68,Liz,1.0,Liz,[1.000],,[],,[],"[0.000, 0.000, 0.000, 0.000, 1.000, 0.000, 0.000, 0.000]"
2342,93.68,93.72,Liz,1.0,Liz,[1.000],,[],,[],"[0.000, 0.000, 0.000, 0.000, 1.000, 0.000, 0.000, 0.000]"
2343,93.72,93.76,Liz,1.0,Liz,[1.000],,[],,[],"[0.000, 0.000, 0.000, 0.000, 1.000, 0.000, 0.000, 0.000]"
2344,93.76,93.8,Liz,1.0,Liz,[1.000],,[],,[],"[0.000, 0.000, 0.000, 0.000, 1.000, 0.000, 0.000, 0.000]"
2345,93.8,93.84,Liz,1.0,Liz,[1.000],,[],,[],"[0.000, 0.000, 0.000, 0.000, 1.000, 0.000, 0.000, 0.000]"
2346,93.84,93.88,Liz,1.0,Liz,[1.000],,[],,[],"[0.000, 0.000, 0.000, 0.000, 1.000, 0.000, 0.000, 0.000]"
2347,93.88,93.92,Liz,1.0,Liz,[1.000],,[],,[],"[0.000, 0.000, 0.000, 0.000, 1.000, 0.000, 0.000, 0.000]"
2348,93.92,93.96,Liz,1.0,Liz,[1.000],,[],,[],"[0.000, 0.000, 0.000, 0.000, 1.000, 0.000, 0.000, 0.000]"
2349,93.96,94.0,Liz,0.9999998807907104,Liz,[1.000],,[],,[],"[0.000, 0.000, 0.000, 0.000, 1.000, 0.000, 0.000, 0.000]"
2350,94.0,94.04,Liz,0.9999996423721313,Liz,[1.000],,[],,[],"[0.000, 0.000, 0.000, 0.000, 1.000, 0.000, 0.000, 0.000]"
2351,94.04,94.08,Liz,0.9999990463256836,Liz,[1.000],,[],,[],"[0.000, 0.000, 0.000, 0.000, 1.000, 0.000, 0.000, 0.000]"
2352,94.08,94.12,Liz,0.9999974966049194,Liz,[1.000],,[],,[],"[0.000, 0.000, 0.000, 0.000, 1.000, 0.000, 0.000, 0.000]"
2353,94.12,94.16,Liz,0.999993085861206,Liz,[1.000],,[],,[],"[0.000, 0.000, 0.000, 0.000, 1.000, 0.000, 0.000, 0.000]"
2354,94.16,94.2,Liz,0.9999810457229614,Liz,[1.000],,[],,[],"[0.000, 0.000, 0.000, 0.000, 1.000, 0.000, 0.000, 0.001]"
2355,94.2,94.24,Liz,0.9999464750289917,Liz,[1.000],,[],,[],"[0.000, 0.000, 0.000, 0.000, 1.000, 0.000, 0.000, 0.001]"
2356,94.24,94.28,Liz,0.9998458623886108,Liz,[1.000],,[],,[],"[0.000, 0.000, 0.000, 0.000, 1.000, 0.000, 0.000, 0.002]"
2357,94.28,94.32,Liz,0.9995416402816772,Liz,[1.000],,[],,[],"[0.000, 0.000, 0.000, 0.000, 1.000, 0.000, 0.000, 0.003]"
2358,94.32,94.36,Liz,0.9985830783843994,Liz,[0.999],,[],,[],"[0.000, 0.000, 0.000, 0.000, 0.999, 0.000, 0.000, 0.005]"
2359,94.36,94.4,Liz,0.9954326152801514,Liz,[0.995],,[],,[],"[0.000, 0.000, 0.000, 0.000, 0.995, 0.000, 0.000, 0.009]"
2360,94.4,94.44,Liz,0.9847052097320557,Liz,[0.985],,[],,[],"[0.000, 0.000, 0.000, 0.000, 0.985, 0.000, 0.000, 0.017]"
2361,94.44,94.48,Liz,0.9476472735404968,Liz,[0.948],,[],,[],"[0.000, 0.000, 0.000, 0.000, 0.948, 0.000, 0.000, 0.031]"
2362,94.48,94.52,Liz,0.8288123607635498,Liz,[0.829],,[],,[],"[0.000, 0.000, 0.000, 0.000, 0.829, 0.000, 0.000, 0.057]"
2363,94.52,94.56,Liz,0.5518534779548645,Liz,[0.552],,[],,[],"[0.000, 0.000, 0.000, 0.000, 0.552, 0.000, 0.000, 0.106]"
2364,94.56,94.6,silence,0.1926998794078827,,[],,[],,[],"[0.000, 0.000, 0.000, 0.000, 0.229, 0.000, 0.000, 0.193]"
2365,94.6,94.64,silence,0.33200013637542725,,[],,[],,[],"[0.000, 0.000, 0.000, 0.000, 0.064, 0.000, 0.000, 0.332]"
2366,94.64,94.68,silence,0.5178453922271729,,[],,[],,[],"[0.000, 0.000, 0.000, 0.000, 0.014, 0.000, 0.000, 0.518]"
2367,94.68,94.72,silence,0.7076250314712524,silence,[0.708],,[],,[],"[0.000, 0.000, 0.000, 0.000, 0.003, 0.000, 0.000, 0.708]"
2368,94.72,94.76,silence,0.8508777618408203,silence,[0.851],,[],,[],"[0.000, 0.000, 0.000, 0.000, 0.001, 0.000, 0.000, 0.851]"
2369,94.76,94.8,silence,0.9337343573570251,silence,[0.934],,[],,[],"[0.000, 0.000, 0.000, 0.000, 0.000, 0.000, 0.000, 0.934]"
2370,94.8,94.84,silence,0.9733313918113708,silence,[0.973],,[],,[],"[0.000, 0.000, 0.000, 0.000, 0.000, 0.000, 0.000, 0.973]"
2371,94.84,94.88,silence,0.9900180697441101,silence,[0.990],,[],,[],"[0.000, 0.000, 0.000, 0.000, 0.000, 0.000, 0.000, 0.990]"
2372,94.88,94.92,silence,0.9964781403541565,silence,[0.996],,[],,[],"[0.000, 0.000, 0.000, 0.000, 0.000, 0.000, 0.000, 0.996]"
2373,94.92,94.96,silence,0.9988201260566711,silence,[0.999],,[],,[],"[0.000, 0.000, 0.000, 0.000, 0.000, 0.000, 0.000, 0.999]"
2374,94.96,95.0,silence,0.9996225833892822,silence,[1.000],,[],,[],"[0.000, 0.000, 0.000, 0.000, 0.000, 0.000, 0.000, 1.000]"
2375,95.0,95.04,silence,0.9998842477798462,silence,[1.000],,[],,[],"[0.000, 0.000, 0.000, 0.000, 0.000, 0.000, 0.000, 1.000]"
2376,95.04,95.08,silence,0.9999656677246094,silence,[1.000],,[],,[],"[0.000, 0.000, 0.000, 0.000, 0.000, 0.000, 0.000, 1.000]"
2377,95.08,95.12,silence,0.9999901056289673,silence,[1.000],,[],,[],"[0.000, 0.000, 0.000, 0.000, 0.000, 0.000, 0.000, 1.000]"
2378,95.12,95.16,silence,0.9999972581863403,silence,[1.000],,[],,[],"[0.000, 0.000, 0.000, 0.000, 0.000, 0.000, 0.000, 1.000]"
2379,95.16,95.2,silence,0.9999991655349731,silence,[1.000],,[],,[],"[0.000, 0.000, 0.000, 0.000, 0.000, 0.000, 0.000, 1.000]"
2380,95.2,95.24,silence,0.9999997615814209,silence,[1.000],,[],,[],"[0.000, 0.000, 0.000, 0.000, 0.000, 0.000, 0.000, 1.000]"
2381,95.24,95.28,silence,0.9999998807907104,silence,[1.000],,[],,[],"[0.000, 0.000, 0.000, 0.000, 0.000, 0.000, 0.000, 1.000]"
2382,95.28,95.32,silence,1.0,silence,[1.000],,[],,[],"[0.000, 0.000, 0.000, 0.000, 0.000, 0.000, 0.000, 1.000]"
2383,95.32,95.36,silence,1.0,silence,[1.000],,[],,[],"[0.000, 0.000, 0.000, 0.000, 0.000, 0.000, 0.000, 1.000]"
2384,95.36,95.4,silence,1.0,silence,[1.000],,[],,[],"[0.000, 0.000, 0.000, 0.000, 0.000, 0.000, 0.000, 1.000]"
2385,95.4,95.44,silence,1.0,silence,[1.000],,[],,[],"[0.000, 0.000, 0.000, 0.000, 0.000, 0.000, 0.000, 1.000]"
2386,95.44,95.48,silence,1.0,silence,[1.000],,[],,[],"[0.000, 0.000, 0.000, 0.000, 0.000, 0.000, 0.000, 1.000]"
2387,95.48,95.52,silence,1.0,silence,[1.000],,[],,[],"[0.000, 0.000, 0.000, 0.000, 0.000, 0.000, 0.000, 1.000]"
2388,95.52,95.56,silence,1.0,silence,[1.000],,[],,[],"[0.000, 0.000, 0.000, 0.000, 0.000, 0.000, 0.000, 1.000]"
2389,95.56,95.6,silence,1.0,silence,[1.000],,[],,[],"[0.000, 0.000, 0.000, 0.000, 0.000, 0.000, 0.000, 1.000]"
2390,95.6,95.64,silence,1.0,silence,[1.000],,[],,[],"[0.000, 0.000, 0.000, 0.000, 0.000, 0.000, 0.000, 1.000]"
2391,95.64,95.68,silence,1.0,silence,[1.000],,[],,[],"[0.000, 0.000, 0.000, 0.000, 0.000, 0.000, 0.000, 1.000]"
2392,95.68,95.72,silence,1.0,silence,[1.000],,[],,[],"[0.000, 0.000, 0.000, 0.000, 0.000, 0.000, 0.000, 1.000]"
2393,95.72,95.76,silence,1.0,silence,[1.000],,[],,[],"[0.000, 0.000, 0.000, 0.000, 0.000, 0.000, 0.000, 1.000]"
2394,95.76,95.8,silence,1.0,silence,[1.000],,[],,[],"[0.000, 0.000, 0.000, 0.000, 0.000, 0.000, 0.000, 1.000]"
2395,95.8,95.84,silence,1.0,silence,[1.000],,[],,[],"[0.000, 0.000, 0.000, 0.000, 0.000, 0.000, 0.000, 1.000]"
2396,95.84,95.88,silence,1.0,silence,[1.000],,[],,[],"[0.000, 0.000, 0.000, 0.000, 0.000, 0.000, 0.000, 1.000]"
2397,95.88,95.92,silence,1.0,silence,[1.000],,[],,[],"[0.000, 0.000, 0.000, 0.000, 0.000, 0.000, 0.000, 1.000]"
2398,95.92,95.96,silence,1.0,silence,[1.000],,[],,[],"[0.000, 0.000, 0.000, 0.000, 0.000, 0.000, 0.000, 1.000]"
2399,95.96,96.0,silence,1.0,silence,[1.000],,[],,[],"[0.000, 0.000, 0.000, 0.000, 0.000, 0.000, 0.000, 1.000]"
2400,96.0,96.04,silence,1.0,silence,[1.000],,[],,[],"[0.000, 0.000, 0.000, 0.000, 0.000, 0.000, 0.000, 1.000]"
2401,96.04,96.08,silence,1.0,silence,[1.000],,[],,[],"[0.000, 0.000, 0.000, 0.000, 0.000, 0.000, 0.000, 1.000]"
2402,96.08,96.12,silence,1.0,silence,[1.000],,[],,[],"[0.000, 0.000, 0.000, 0.000, 0.000, 0.000, 0.000, 1.000]"
2403,96.12,96.16,silence,1.0,silence,[1.000],,[],,[],"[0.000, 0.000, 0.000, 0.000, 0.000, 0.000, 0.000, 1.000]"
2404,96.16,96.2,silence,1.0,silence,[1.000],,[],,[],"[0.000, 0.000, 0.000, 0.000, 0.000, 0.000, 0.000, 1.000]"
2405,96.2,96.24,silence,1.0,silence,[1.000],,[],,[],"[0.000, 0.000, 0.000, 0.000, 0.000, 0.000, 0.000, 1.000]"
2406,96.24,96.28,silence,1.0,silence,[1.000],,[],,[],"[0.000, 0.000, 0.000, 0.000, 0.000, 0.000, 0.000, 1.000]"
2407,96.28,96.32,silence,1.0,silence,[1.000],,[],,[],"[0.000, 0.000, 0.000, 0.000, 0.000, 0.000, 0.000, 1.000]"
2408,96.32,96.36,silence,1.0,silence,[1.000],,[],,[],"[0.000, 0.000, 0.000, 0.000, 0.000, 0.000, 0.000, 1.000]"
2409,96.36,96.4,silence,1.0,silence,[1.000],,[],,[],"[0.000, 0.000, 0.000, 0.000, 0.000, 0.000, 0.000, 1.000]"
2410,96.4,96.44,silence,1.0,silence,[1.000],,[],,[],"[0.000, 0.000, 0.000, 0.000, 0.000, 0.000, 0.000, 1.000]"
2411,96.44,96.48,silence,1.0,silence,[1.000],,[],,[],"[0.000, 0.000, 0.000, 0.000, 0.000, 0.000, 0.000, 1.000]"
2412,96.48,96.52,silence,1.0,silence,[1.000],,[],,[],"[0.000, 0.000, 0.000, 0.000, 0.000, 0.000, 0.000, 1.000]"
2413,96.52,96.56,silence,1.0,silence,[1.000],,[],,[],"[0.000, 0.000, 0.000, 0.000, 0.000, 0.000, 0.000, 1.000]"
2414,96.56,96.6,silence,1.0,silence,[1.000],,[],,[],"[0.000, 0.000, 0.000, 0.000, 0.000, 0.000, 0.000, 1.000]"
2415,96.6,96.64,silence,1.0,silence,[1.000],,[],,[],"[0.000, 0.000, 0.000, 0.000, 0.000, 0.000, 0.000, 1.000]"
2416,96.64,96.68,silence,1.0,silence,[1.000],,[],,[],"[0.000, 0.000, 0.000, 0.000, 0.000, 0.000, 0.000, 1.000]"
2417,96.68,96.72,silence,1.0,silence,[1.000],,[],,[],"[0.000, 0.000, 0.000, 0.000, 0.000, 0.000, 0.000, 1.000]"
2418,96.72,96.76,silence,1.0,silence,[1.000],,[],,[],"[0.000, 0.000, 0.000, 0.000, 0.000, 0.000, 0.000, 1.000]"
2419,96.76,96.8,silence,1.0,silence,[1.000],,[],,[],"[0.000, 0.000, 0.000, 0.000, 0.000, 0.000, 0.000, 1.000]"
2420,96.8,96.84,silence,1.0,silence,[1.000],,[],,[],"[0.000, 0.000, 0.000, 0.000, 0.000, 0.000, 0.000, 1.000]"
2421,96.84,96.88,silence,1.0,silence,[1.000],,[],,[],"[0.000, 0.000, 0.000, 0.000, 0.000, 0.000, 0.000, 1.000]"
2422,96.88,96.92,silence,0.9999998807907104,silence,[1.000],,[],,[],"[0.000, 0.000, 0.000, 0.000, 0.000, 0.000, 0.000, 1.000]"
2423,96.92,96.96,silence,0.9999997615814209,silence,[1.000],,[],,[],"[0.000, 0.000, 0.000, 0.000, 0.000, 0.000, 0.000, 1.000]"
2424,96.96,97.0,silence,0.9999995231628418,silence,[1.000],,[],,[],"[0.000, 0.000, 0.000, 0.000, 0.000, 0.000, 0.000, 1.000]"
2425,97.0,97.04,silence,0.999998927116394,silence,[1.000],,[],,[],"[0.000, 0.000, 0.000, 0.000, 0.000, 0.000, 0.000, 1.000]"
2426,97.04,97.08,silence,0.9999973773956299,silence,[1.000],,[],,[],"[0.000, 0.000, 0.000, 0.000, 0.000, 0.000, 0.000, 1.000]"
2427,97.08,97.12,silence,0.9999934434890747,silence,[1.000],,[],,[],"[0.000, 0.000, 0.000, 0.000, 0.000, 0.000, 0.000, 1.000]"
2428,97.12,97.16,silence,0.999982476234436,silence,[1.000],,[],,[],"[0.000, 0.000, 0.000, 0.000, 0.000, 0.000, 0.000, 1.000]"
2429,97.16,97.2,silence,0.9999512434005737,silence,[1.000],,[],,[],"[0.000, 0.000, 0.000, 0.000, 0.000, 0.000, 0.000, 1.000]"
2430,97.2,97.24,silence,0.9998586177825928,silence,[1.000],,[],,[],"[0.000, 0.000, 0.000, 0.000, 0.000, 0.000, 0.000, 1.000]"
2431,97.24,97.28,silence,0.9995749592781067,silence,[1.000],,[],,[],"[0.000, 0.000, 0.000, 0.000, 0.000, 0.000, 0.000, 1.000]"
2432,97.28,97.32,silence,0.9986771941184998,silence,[0.999],,[],,[],"[0.000, 0.000, 0.000, 0.000, 0.000, 0.000, 0.000, 0.999]"
2433,97.32,97.36,silence,0.9957460761070251,silence,[0.996],,[],,[],"[0.000, 0.000, 0.000, 0.000, 0.001, 0.000, 0.000, 0.996]"
2434,97.36,97.4,silence,0.9859634041786194,silence,[0.986],,[],,[],"[0.000, 0.000, 0.000, 0.000, 0.005, 0.000, 0.000, 0.986]"
2435,97.4,97.44,silence,0.9534506797790527,silence,[0.953],,[],,[],"[0.000, 0.000, 0.000, 0.000, 0.022, 0.000, 0.000, 0.953]"
2436,97.44,97.48,silence,0.8533162474632263,silence,[0.853],,[],,[],"[0.000, 0.000, 0.000, 0.000, 0.080, 0.000, 0.000, 0.853]"
2437,97.48,97.52,silence,0.6176846027374268,silence,[0.618],,[],,[],"[0.000, 0.000, 0.000, 0.000, 0.252, 0.000, 0.000, 0.618]"
2438,97.52,97.56,Liz,0.56522136926651,Liz,[0.565],,[],,[],"[0.000, 0.000, 0.000, 0.000, 0.565, 0.000, 0.000, 0.306]"
2439,97.56,97.6,Liz,0.8323633074760437,Liz,[0.832],,[],,[],"[0.000, 0.000, 0.000, 0.000, 0.832, 0.000, 0.000, 0.106]"
2440,97.6,97.64,Liz,0.9492474794387817,Liz,[0.949],,[],,[],"[0.000, 0.000, 0.000, 0.000, 0.949, 0.000, 0.000, 0.031]"
2441,97.64,97.68,Liz,0.9857766032218933,Liz,[0.986],,[],,[],"[0.000, 0.000, 0.000, 0.000, 0.986, 0.000, 0.000, 0.009]"
2442,97.68,97.72,Liz,0.9960508942604065,Liz,[0.996],,[],,[],"[0.000, 0.000, 0.000, 0.000, 0.996, 0.000, 0.000, 0.002]"
2443,97.72,97.76,Liz,0.9988930821418762,Liz,[0.999],,[],,[],"[0.000, 0.000, 0.000, 0.000, 0.999, 0.000, 0.000, 0.001]"
2444,97.76,97.8,Liz,0.9996837377548218,Liz,[1.000],,[],,[],"[0.000, 0.000, 0.000, 0.000, 1.000, 0.000, 0.000, 0.000]"
2445,97.8,97.84,Liz,0.9999076128005981,Liz,[1.000],,[],,[],"[0.000, 0.000, 0.000, 0.000, 1.000, 0.000, 0.000, 0.000]"
2446,97.84,97.88,Liz,0.9999725818634033,Liz,[1.000],,[],,[],"[0.000, 0.000, 0.000, 0.000, 1.000, 0.000, 0.000, 0.000]"
2447,97.88,97.92,Liz,0.999991774559021,Liz,[1.000],,[],,[],"[0.000, 0.000, 0.000, 0.000, 1.000, 0.000, 0.000, 0.000]"
2448,97.92,97.96,Liz,0.9999974966049194,Liz,[1.000],,[],,[],"[0.000, 0.000, 0.000, 0.000, 1.000, 0.000, 0.000, 0.000]"
2449,97.96,98.0,Liz,0.9999991655349731,Liz,[1.000],,[],,[],"[0.000, 0.000, 0.000, 0.000, 1.000, 0.000, 0.000, 0.000]"
2450,98.0,98.04,Liz,0.9999997615814209,Liz,[1.000],,[],,[],"[0.000, 0.000, 0.000, 0.000, 1.000, 0.000, 0.000, 0.000]"
2451,98.04,98.08,Liz,0.9999998807907104,Liz,[1.000],,[],,[],"[0.000, 0.000, 0.000, 0.000, 1.000, 0.000, 0.000, 0.000]"
2452,98.08,98.12,Liz,1.0,Liz,[1.000],,[],,[],"[0.000, 0.000, 0.000, 0.000, 1.000, 0.000, 0.000, 0.000]"
2453,98.12,98.16,Liz,1.0,Liz,[1.000],,[],,[],"[0.000, 0.000, 0.000, 0.000, 1.000, 0.000, 0.000, 0.000]"
2454,98.16,98.2,Liz,1.0,Liz,[1.000],,[],,[],"[0.000, 0.000, 0.000, 0.000, 1.000, 0.000, 0.000, 0.000]"
2455,98.2,98.24,Liz,1.0,Liz,[1.000],,[],,[],"[0.000, 0.000, 0.000, 0.000, 1.000, 0.000, 0.000, 0.000]"
2456,98.24,98.28,Liz,1.0,Liz,[1.000],,[],,[],"[0.000, 0.000, 0.000, 0.000, 1.000, 0.000, 0.000, 0.000]"
2457,98.28,98.32,Liz,1.0,Liz,[1.000],,[],,[],"[0.000, 0.000, 0.000, 0.000, 1.000, 0.000, 0.000, 0.000]"
2458,98.32,98.36,Liz,1.0,Liz,[1.000],,[],,[],"[0.000, 0.000, 0.000, 0.000, 1.000, 0.000, 0.000, 0.000]"
2459,98.36,98.4,Liz,1.0,Liz,[1.000],,[],,[],"[0.000, 0.000, 0.000, 0.000, 1.000, 0.000, 0.000, 0.000]"
2460,98.4,98.44,Liz,1.0,Liz,[1.000],,[],,[],"[0.000, 0.000, 0.000, 0.000, 1.000, 0.000, 0.000, 0.000]"
2461,98.44,98.48,Liz,1.0,Liz,[1.000],,[],,[],"[0.000, 0.000, 0.000, 0.000, 1.000, 0.000, 0.000, 0.000]"
2462,98.48,98.52,Liz,1.0,Liz,[1.000],,[],,[],"[0.000, 0.000, 0.000, 0.000, 1.000, 0.000, 0.000, 0.000]"
2463,98.52,98.56,Liz,1.0,Liz,[1.000],,[],,[],"[0.000, 0.000, 0.000, 0.000, 1.000, 0.000, 0.000, 0.000]"
2464,98.56,98.6,Liz,1.0,Liz,[1.000],,[],,[],"[0.000, 0.000, 0.000, 0.000, 1.000, 0.000, 0.000, 0.000]"
2465,98.6,98.64,Liz,1.0,Liz,[1.000],,[],,[],"[0.000, 0.000, 0.000, 0.000, 1.000, 0.000, 0.000, 0.000]"
2466,98.64,98.68,Liz,1.0,Liz,[1.000],,[],,[],"[0.000, 0.000, 0.000, 0.000, 1.000, 0.000, 0.000, 0.000]"
2467,98.68,98.72,Liz,1.0,Liz,[1.000],,[],,[],"[0.000, 0.000, 0.000, 0.000, 1.000, 0.000, 0.000, 0.000]"
2468,98.72,98.76,Liz,1.0,Liz,[1.000],,[],,[],"[0.000, 0.000, 0.000, 0.000, 1.000, 0.000, 0.000, 0.000]"
2469,98.76,98.8,Liz,1.0,Liz,[1.000],,[],,[],"[0.000, 0.000, 0.000, 0.000, 1.000, 0.000, 0.000, 0.000]"
2470,98.8,98.84,Liz,1.0,Liz,[1.000],,[],,[],"[0.000, 0.000, 0.000, 0.000, 1.000, 0.000, 0.000, 0.000]"
2471,98.84,98.88,Liz,1.0,Liz,[1.000],,[],,[],"[0.000, 0.000, 0.000, 0.000, 1.000, 0.000, 0.000, 0.000]"
2472,98.88,98.92,Liz,1.0,Liz,[1.000],,[],,[],"[0.000, 0.000, 0.000, 0.000, 1.000, 0.000, 0.000, 0.000]"
2473,98.92,98.96,Liz,1.0,Liz,[1.000],,[],,[],"[0.000, 0.000, 0.000, 0.000, 1.000, 0.000, 0.000, 0.000]"
2474,98.96,99.0,Liz,1.0,Liz,[1.000],,[],,[],"[0.000, 0.000, 0.000, 0.000, 1.000, 0.000, 0.000, 0.000]"
2475,99.0,99.04,Liz,1.0,Liz,[1.000],,[],,[],"[0.000, 0.000, 0.000, 0.000, 1.000, 0.000, 0.000, 0.000]"
2476,99.04,99.08,Liz,1.0,Liz,[1.000],,[],,[],"[0.000, 0.000, 0.000, 0.000, 1.000, 0.000, 0.000, 0.000]"
2477,99.08,99.12,Liz,0.9999998807907104,Liz,[1.000],,[],,[],"[0.000, 0.000, 0.000, 0.000, 1.000, 0.000, 0.000, 0.000]"
2478,99.12,99.16,Liz,0.9999998807907104,Liz,[1.000],,[],,[],"[0.000, 0.000, 0.000, 0.000, 1.000, 0.000, 0.000, 0.000]"
2479,99.16,99.2,Liz,0.9999996423721313,Liz,[1.000],,[],,[],"[0.000, 0.000, 0.000, 0.000, 1.000, 0.000, 0.000, 0.000]"
2480,99.2,99.24,Liz,0.9999992847442627,Liz,[1.000],,[],,[],"[0.000, 0.000, 0.000, 0.000, 1.000, 0.000, 0.000, 0.000]"
2481,99.24,99.28,Liz,0.9999985694885254,Liz,[1.000],,[],,[],"[0.000, 0.000, 0.000, 0.000, 1.000, 0.000, 0.000, 0.000]"
2482,99.28,99.32,Liz,0.9999974966049194,Liz,[1.000],,[],,[],"[0.000, 0.000, 0.000, 0.000, 1.000, 0.000, 0.000, 0.000]"
2483,99.32,99.36,Liz,0.9999957084655762,Liz,[1.000],,[],,[],"[0.000, 0.000, 0.000, 0.000, 1.000, 0.000, 0.000, 0.000]"
2484,99.36,99.4,Liz,0.9999932050704956,Liz,[1.000],,[],,[],"[0.000, 0.000, 0.000, 0.000, 1.000, 0.000, 0.000, 0.000]"
2485,99.4,99.44,Liz,0.9999898672103882,Liz,[1.000],,[],,[],"[0.000, 0.000, 0.000, 0.000, 1.000, 0.000, 0.000, 0.000]"
2486,99.44,99.48,Liz,0.999985933303833,Liz,[1.000],,[],,[],"[0.000, 0.000, 0.000, 0.000, 1.000, 0.000, 0.000, 0.000]"
2487,99.48,99.52,Liz,0.9999818801879883,Liz,[1.000],,[],,[],"[0.000, 0.000, 0.000, 0.000, 1.000, 0.000, 0.000, 0.000]"
2488,99.52,99.56,Liz,0.9999779462814331,Liz,[1.000],,[],,[],"[0.000, 0.000, 0.000, 0.000, 1.000, 0.000, 0.000, 0.000]"
2489,99.56,99.6,Liz,0.9999747276306152,Liz,[1.000],,[],,[],"[0.000, 0.000, 0.000, 0.000, 1.000, 0.000, 0.000, 0.000]"
2490,99.6,99.64,Liz,0.9999724626541138,Liz,[1.000],,[],,[],"[0.000, 0.000, 0.000, 0.000, 1.000, 0.000, 0.001, 0.000]"
2491,99.64,99.68,Liz,0.9999712705612183,Liz,[1.000],,[],,[],"[0.000, 0.000, 0.000, 0.000, 1.000, 0.000, 0.001, 0.000]"
2492,99.68,99.72,Liz,0.9999713897705078,Liz,[1.000],,[],,[],"[0.000, 0.000, 0.000, 0.000, 1.000, 0.000, 0.001, 0.000]"
2493,99.72,99.76,Liz,0.9999722242355347,Liz,[1.000],,[],,[],"[0.000, 0.000, 0.000, 0.000, 1.000, 0.000, 0.001, 0.000]"
2494,99.76,99.8,Liz,0.9999736547470093,Liz,[1.000],,[],,[],"[0.000, 0.000, 0.000, 0.000, 1.000, 0.000, 0.002, 0.000]"
2495,99.8,99.84,Liz,0.9999755620956421,Liz,[1.000],,[],,[],"[0.000, 0.000, 0.000, 0.000, 1.000, 0.000, 0.002, 0.000]"
2496,99.84,99.88,Liz,0.9999774694442749,Liz,[1.000],,[],,[],"[0.000, 0.000, 0.000, 0.000, 1.000, 0.000, 0.001, 0.000]"
2497,99.88,99.92,Liz,0.9999792575836182,Liz,[1.000],,[],,[],"[0.000, 0.000, 0.000, 0.000, 1.000, 0.000, 0.001, 0.000]"
2498,99.92,99.96,Liz,0.9999808073043823,Liz,[1.000],,[],,[],"[0.000, 0.000, 0.000, 0.000, 1.000, 0.000, 0.001, 0.000]"
2499,99.96,100.0,Liz,0.9999822378158569,Liz,[1.000],,[],,[],"[0.000, 0.000, 0.000, 0.000, 1.000, 0.000, 0.001, 0.000]"
2500,100.0,100.04,Liz,0.9999834299087524,Liz,[1.000],,[],,[],"[0.000, 0.000, 0.000, 0.000, 1.000, 0.000, 0.000, 0.000]"
2501,100.04,100.08,Liz,0.9999845027923584,Liz,[1.000],,[],,[],"[0.000, 0.000, 0.000, 0.000, 1.000, 0.000, 0.000, 0.000]"
2502,100.08,100.12,Liz,0.9999854564666748,Liz,[1.000],,[],,[],"[0.000, 0.000, 0.000, 0.000, 1.000, 0.000, 0.000, 0.000]"
2503,100.12,100.16,Liz,0.9999861717224121,Liz,[1.000],,[],,[],"[0.000, 0.000, 0.000, 0.000, 1.000, 0.000, 0.000, 0.000]"
2504,100.16,100.2,Liz,0.9999867677688599,Liz,[1.000],,[],,[],"[0.000, 0.000, 0.000, 0.000, 1.000, 0.000, 0.000, 0.000]"
2505,100.2,100.24,Liz,0.9999871253967285,Liz,[1.000],,[],,[],"[0.000, 0.000, 0.000, 0.000, 1.000, 0.000, 0.000, 0.000]"
2506,100.24,100.28,Liz,0.9999874830245972,Liz,[1.000],,[],,[],"[0.000, 0.000, 0.000, 0.000, 1.000, 0.000, 0.000, 0.000]"
2507,100.28,100.32,Liz,0.9999876022338867,Liz,[1.000],,[],,[],"[0.000, 0.000, 0.000, 0.000, 1.000, 0.000, 0.000, 0.000]"
2508,100.32,100.36,Liz,0.9999874830245972,Liz,[1.000],,[],,[],"[0.000, 0.000, 0.000, 0.000, 1.000, 0.000, 0.000, 0.000]"
2509,100.36,100.4,Liz,0.9999872446060181,Liz,[1.000],,[],,[],"[0.000, 0.000, 0.000, 0.000, 1.000, 0.000, 0.000, 0.000]"
2510,100.4,100.44,Liz,0.9999868869781494,Liz,[1.000],,[],,[],"[0.000, 0.001, 0.000, 0.000, 1.000, 0.000, 0.000, 0.000]"
2511,100.44,100.48,Liz,0.9999862909317017,Liz,[1.000],,[],,[],"[0.000, 0.001, 0.000, 0.000, 1.000, 0.000, 0.000, 0.000]"
2512,100.48,100.52,Liz,0.9999853372573853,Liz,[1.000],,[],,[],"[0.000, 0.001, 0.000, 0.000, 1.000, 0.000, 0.000, 0.000]"
2513,100.52,100.56,Liz,0.9999842643737793,Liz,[1.000],,[],,[],"[0.000, 0.002, 0.000, 0.000, 1.000, 0.000, 0.000, 0.000]"
2514,100.56,100.6,Liz,0.9999830722808838,Liz,[1.000],,[],,[],"[0.000, 0.002, 0.000, 0.000, 1.000, 0.000, 0.000, 0.000]"
2515,100.6,100.64,Liz,0.9999815225601196,Liz,[1.000],,[],,[],"[0.000, 0.003, 0.000, 0.000, 1.000, 0.000, 0.000, 0.000]"
2516,100.64,100.68,Liz,0.9999798536300659,Liz,[1.000],,[],,[],"[0.000, 0.003, 0.000, 0.000, 1.000, 0.000, 0.000, 0.000]"
2517,100.68,100.72,Liz,0.9999778270721436,Liz,[1.000],,[],,[],"[0.000, 0.004, 0.000, 0.000, 1.000, 0.000, 0.000, 0.000]"
2518,100.72,100.76,Liz,0.9999755620956421,Liz,[1.000],,[],,[],"[0.000, 0.004, 0.000, 0.000, 1.000, 0.000, 0.000, 0.000]"
2519,100.76,100.8,Liz,0.9999730587005615,Liz,[1.000],,[],,[],"[0.000, 0.005, 0.000, 0.000, 1.000, 0.000, 0.000, 0.000]"
2520,100.8,100.84,Liz,0.9999701976776123,Liz,[1.000],,[],,[],"[0.000, 0.005, 0.000, 0.000, 1.000, 0.000, 0.000, 0.000]"
2521,100.84,100.88,Liz,0.999967098236084,Liz,[1.000],,[],,[],"[0.000, 0.005, 0.000, 0.000, 1.000, 0.000, 0.000, 0.000]"
2522,100.88,100.92,Liz,0.999963641166687,Liz,[1.000],,[],,[],"[0.000, 0.006, 0.000, 0.000, 1.000, 0.000, 0.000, 0.000]"
2523,100.92,100.96,Liz,0.9999597072601318,Liz,[1.000],,[],,[],"[0.000, 0.005, 0.000, 0.000, 1.000, 0.000, 0.000, 0.000]"
2524,100.96,101.0,Liz,0.9999552965164185,Liz,[1.000],,[],,[],"[0.000, 0.005, 0.000, 0.000, 1.000, 0.000, 0.000, 0.000]"
2525,101.0,101.04,Liz,0.9999500513076782,Liz,[1.000],,[],,[],"[0.000, 0.005, 0.000, 0.000, 1.000, 0.000, 0.000, 0.000]"
2526,101.04,101.08,Liz,0.9999439716339111,Liz,[1.000],,[],,[],"[0.000, 0.004, 0.000, 0.000, 1.000, 0.000, 0.000, 0.000]"
2527,101.08,101.12,Liz,0.9999366998672485,Liz,[1.000],,[],,[],"[0.000, 0.004, 0.000, 0.000, 1.000, 0.000, 0.000, 0.000]"
2528,101.12,101.16,Liz,0.9999276399612427,Liz,[1.000],,[],,[],"[0.000, 0.003, 0.000, 0.000, 1.000, 0.000, 0.000, 0.000]"
2529,101.16,101.2,Liz,0.9999163150787354,Liz,[1.000],,[],,[],"[0.000, 0.003, 0.000, 0.000, 1.000, 0.000, 0.000, 0.000]"
2530,101.2,101.24,Liz,0.9999016523361206,Liz,[1.000],,[],,[],"[0.000, 0.002, 0.000, 0.000, 1.000, 0.000, 0.000, 0.000]"
2531,101.24,101.28,Liz,0.9998821020126343,Liz,[1.000],,[],,[],"[0.000, 0.002, 0.000, 0.000, 1.000, 0.000, 0.000, 0.000]"
2532,101.28,101.32,Liz,0.999855637550354,Liz,[1.000],,[],,[],"[0.000, 0.001, 0.000, 0.000, 1.000, 0.000, 0.000, 0.000]"
2533,101.32,101.36,Liz,0.9998193383216858,Liz,[1.000],,[],,[],"[0.000, 0.001, 0.000, 0.000, 1.000, 0.000, 0.000, 0.000]"
2534,101.36,101.4,Liz,0.9997674822807312,Liz,[1.000],,[],,[],"[0.000, 0.001, 0.000, 0.000, 1.000, 0.000, 0.000, 0.000]"
2535,101.4,101.44,Liz,0.9996916055679321,Liz,[1.000],,[],,[],"[0.000, 0.001, 0.000, 0.000, 1.000, 0.000, 0.000, 0.000]"
2536,101.44,101.48,Liz,0.999576985836029,Liz,[1.000],,[],,[],"[0.000, 0.001, 0.000, 0.000, 1.000, 0.000, 0.000, 0.001]"
2537,101.48,101.52,Liz,0.9993985891342163,Liz,[0.999],,[],,[],"[0.000, 0.000, 0.000, 0.000, 0.999, 0.000, 0.000, 0.001]"
2538,101.52,101.56,Liz,0.9991136193275452,Liz,[0.999],,[],,[],"[0.000, 0.000, 0.000, 0.000, 0.999, 0.000, 0.000, 0.001]"
2539,101.56,101.6,Liz,0.9986482262611389,Liz,[0.999],,[],,[],"[0.000, 0.000, 0.000, 0.000, 0.999, 0.000, 0.000, 0.002]"
2540,101.6,101.64,Liz,0.9978697299957275,Liz,[0.998],,[],,[],"[0.000, 0.000, 0.000, 0.000, 0.998, 0.000, 0.000, 0.003]"
2541,101.64,101.68,Liz,0.9965308308601379,Liz,[0.997],,[],,[],"[0.000, 0.000, 0.000, 0.000, 0.997, 0.000, 0.000, 0.005]"
2542,101.68,101.72,Liz,0.994163453578949,Liz,[0.994],,[],,[],"[0.000, 0.000, 0.000, 0.000, 0.994, 0.000, 0.000, 0.008]"
2543,101.72,101.76,Liz,0.989854633808136,Liz,[0.990],,[],,[],"[0.000, 0.000, 0.000, 0.000, 0.990, 0.000, 0.001, 0.013]"
2544,101.76,101.8,Liz,0.9817790389060974,Liz,[0.982],,[],,[],"[0.000, 0.000, 0.000, 0.000, 0.982, 0.000, 0.001, 0.023]"
2545,101.8,101.84,Liz,0.966270387172699,Liz,[0.966],,[],,[],"[0.000, 0.000, 0.000, 0.000, 0.966, 0.000, 0.001, 0.041]"
2546,101.84,101.88,Liz,0.9361347556114197,Liz,[0.936],,[],,[],"[0.000, 0.000, 0.000, 0.000, 0.936, 0.000, 0.001, 0.075]"
2547,101.88,101.92,Liz,0.8783971071243286,Liz,[0.878],,[],,[],"[0.000, 0.000, 0.000, 0.000, 0.878, 0.000, 0.001, 0.136]"
2548,101.92,101.96,Liz,0.7746420502662659,Liz,[0.775],,[],,[],"[0.000, 0.000, 0.000, 0.000, 0.775, 0.000, 0.000, 0.242]"
2549,101.96,102.0,Liz,0.6122694611549377,Liz,[0.612],,[],,[],"[0.000, 0.000, 0.000, 0.000, 0.612, 0.000, 0.000, 0.401]"
2550,102.0,102.04,silence,0.5955724716186523,silence,[0.596],,[],,[],"[0.000, 0.000, 0.000, 0.000, 0.411, 0.000, 0.000, 0.596]"
2551,102.04,102.08,silence,0.772555410861969,silence,[0.773],,[],,[],"[0.000, 0.000, 0.000, 0.000, 0.229, 0.000, 0.000, 0.773]"
2552,102.08,102.12,silence,0.8916417360305786,silence,[0.892],,[],,[],"[0.000, 0.000, 0.000, 0.000, 0.109, 0.000, 0.000, 0.892]"
2553,102.12,102.16,silence,0.954276978969574,silence,[0.954],,[],,[],"[0.000, 0.000, 0.000, 0.000, 0.046, 0.000, 0.000, 0.954]"
2554,102.16,102.2,silence,0.9821575880050659,silence,[0.982],,[],,[],"[0.000, 0.000, 0.000, 0.000, 0.018, 0.000, 0.000, 0.982]"
2555,102.2,102.24,silence,0.9933819770812988,silence,[0.993],,[],,[],"[0.000, 0.000, 0.000, 0.000, 0.007, 0.000, 0.000, 0.993]"
2556,102.24,102.28,silence,0.9976382255554199,silence,[0.998],,[],,[],"[0.000, 0.000, 0.000, 0.000, 0.003, 0.000, 0.000, 0.998]"
2557,102.28,102.32,silence,0.9991829991340637,silence,[0.999],,[],,[],"[0.000, 0.000, 0.000, 0.000, 0.001, 0.000, 0.000, 0.999]"
2558,102.32,102.36,silence,0.9997246861457825,silence,[1.000],,[],,[],"[0.000, 0.000, 0.000, 0.000, 0.000, 0.000, 0.000, 1.000]"
2559,102.36,102.4,silence,0.9999091625213623,silence,[1.000],,[],,[],"[0.000, 0.000, 0.000, 0.000, 0.000, 0.000, 0.000, 1.000]"
2560,102.4,102.44,silence,0.999970555305481,silence,[1.000],,[],,[],"[0.000, 0.000, 0.000, 0.000, 0.000, 0.000, 0.000, 1.000]"
2561,102.44,102.48,silence,0.9999905824661255,silence,[1.000],,[],,[],"[0.000, 0.000, 0.000, 0.000, 0.000, 0.000, 0.000, 1.000]"
2562,102.48,102.52,silence,0.9999970197677612,silence,[1.000],,[],,[],"[0.000, 0.000, 0.000, 0.000, 0.000, 0.000, 0.000, 1.000]"
2563,102.52,102.56,silence,0.9999990463256836,silence,[1.000],,[],,[],"[0.000, 0.000, 0.000, 0.000, 0.000, 0.000, 0.000, 1.000]"
2564,102.56,102.6,silence,0.9999997615814209,silence,[1.000],,[],,[],"[0.000, 0.000, 0.000, 0.000, 0.000, 0.000, 0.000, 1.000]"
2565,102.6,102.64,silence,0.9999998807907104,silence,[1.000],,[],,[],"[0.000, 0.000, 0.000, 0.000, 0.000, 0.000, 0.000, 1.000]"
2566,102.64,102.68,silence,1.0,silence,[1.000],,[],,[],"[0.000, 0.000, 0.000, 0.000, 0.000, 0.000, 0.000, 1.000]"
2567,102.68,102.72,silence,1.0,silence,[1.000],,[],,[],"[0.000, 0.000, 0.000, 0.000, 0.000, 0.000, 0.000, 1.000]"
2568,102.72,102.76,silence,1.0,silence,[1.000],,[],,[],"[0.000, 0.000, 0.000, 0.000, 0.000, 0.000, 0.000, 1.000]"
2569,102.76,102.8,silence,1.0,silence,[1.000],,[],,[],"[0.000, 0.000, 0.000, 0.000, 0.000, 0.000, 0.000, 1.000]"
2570,102.8,102.84,silence,1.0,silence,[1.000],,[],,[],"[0.000, 0.000, 0.000, 0.000, 0.000, 0.000, 0.000, 1.000]"
2571,102.84,102.88,silence,1.0,silence,[1.000],,[],,[],"[0.000, 0.000, 0.000, 0.000, 0.000, 0.000, 0.000, 1.000]"
2572,102.88,102.92,silence,1.0,silence,[1.000],,[],,[],"[0.000, 0.000, 0.000, 0.000, 0.000, 0.000, 0.000, 1.000]"
2573,102.92,102.96,silence,1.0,silence,[1.000],,[],,[],"[0.000, 0.000, 0.000, 0.000, 0.000, 0.000, 0.000, 1.000]"
2574,102.96,103.0,silence,1.0,silence,[1.000],,[],,[],"[0.000, 0.000, 0.000, 0.000, 0.000, 0.000, 0.000, 1.000]"
2575,103.0,103.04,silence,1.0,silence,[1.000],,[],,[],"[0.000, 0.000, 0.000, 0.000, 0.000, 0.000, 0.000, 1.000]"
2576,103.04,103.08,silence,1.0,silence,[1.000],,[],,[],"[0.000, 0.000, 0.000, 0.000, 0.000, 0.000, 0.000, 1.000]"
2577,103.08,103.12,silence,1.0,silence,[1.000],,[],,[],"[0.000, 0.000, 0.000, 0.000, 0.000, 0.000, 0.000, 1.000]"
2578,103.12,103.16,silence,1.0,silence,[1.000],,[],,[],"[0.000, 0.000, 0.000, 0.000, 0.000, 0.000, 0.000, 1.000]"
2579,103.16,103.2,silence,1.0,silence,[1.000],,[],,[],"[0.000, 0.000, 0.000, 0.000, 0.000, 0.000, 0.000, 1.000]"
2580,103.2,103.24,silence,1.0,silence,[1.000],,[],,[],"[0.000, 0.000, 0.000, 0.000, 0.000, 0.000, 0.000, 1.000]"
2581,103.24,103.28,silence,1.0,silence,[1.000],,[],,[],"[0.000, 0.000, 0.000, 0.000, 0.000, 0.000, 0.000, 1.000]"
2582,103.28,103.32,silence,1.0,silence,[1.000],,[],,[],"[0.000, 0.000, 0.000, 0.000, 0.000, 0.000, 0.000, 1.000]"
2583,103.32,103.36,silence,1.0,silence,[1.000],,[],,[],"[0.000, 0.000, 0.000, 0.000, 0.000, 0.000, 0.000, 1.000]"
2584,103.36,103.4,silence,1.0,silence,[1.000],,[],,[],"[0.000, 0.000, 0.000, 0.000, 0.000, 0.000, 0.000, 1.000]"
2585,103.4,103.44,silence,1.0,silence,[1.000],,[],,[],"[0.000, 0.000, 0.000, 0.000, 0.000, 0.000, 0.000, 1.000]"
2586,103.44,103.48,silence,1.0,silence,[1.000],,[],,[],"[0.000, 0.000, 0.000, 0.000, 0.000, 0.000, 0.000, 1.000]"
2587,103.48,103.52,silence,1.0,silence,[1.000],,[],,[],"[0.000, 0.000, 0.000, 0.000, 0.000, 0.000, 0.000, 1.000]"
2588,103.52,103.56,silence,1.0,silence,[1.000],,[],,[],"[0.000, 0.000, 0.000, 0.000, 0.000, 0.000, 0.000, 1.000]"
2589,103.56,103.6,silence,1.0,silence,[1.000],,[],,[],"[0.000, 0.000, 0.000, 0.000, 0.000, 0.000, 0.000, 1.000]"
2590,103.6,103.64,silence,1.0,silence,[1.000],,[],,[],"[0.000, 0.000, 0.000, 0.000, 0.000, 0.000, 0.000, 1.000]"
2591,103.64,103.68,silence,1.0,silence,[1.000],,[],,[],"[0.000, 0.000, 0.000, 0.000, 0.000, 0.000, 0.000, 1.000]"
2592,103.68,103.72,silence,1.0,silence,[1.000],,[],,[],"[0.000, 0.000, 0.000, 0.000, 0.000, 0.000, 0.000, 1.000]"
2593,103.72,103.76,silence,1.0,silence,[1.000],,[],,[],"[0.000, 0.000, 0.000, 0.000, 0.000, 0.000, 0.000, 1.000]"
2594,103.76,103.8,silence,1.0,silence,[1.000],,[],,[],"[0.000, 0.000, 0.000, 0.000, 0.000, 0.000, 0.000, 1.000]"
2595,103.8,103.84,silence,1.0,silence,[1.000],,[],,[],"[0.000, 0.000, 0.000, 0.000, 0.000, 0.000, 0.000, 1.000]"
2596,103.84,103.88,silence,1.0,silence,[1.000],,[],,[],"[0.000, 0.000, 0.000, 0.000, 0.000, 0.000, 0.000, 1.000]"
2597,103.88,103.92,silence,1.0,silence,[1.000],,[],,[],"[0.000, 0.000, 0.000, 0.000, 0.000, 0.000, 0.000, 1.000]"
2598,103.92,103.96,silence,1.0,silence,[1.000],,[],,[],"[0.000, 0.000, 0.000, 0.000, 0.000, 0.000, 0.000, 1.000]"
2599,103.96,104.0,silence,1.0,silence,[1.000],,[],,[],"[0.000, 0.000, 0.000, 0.000, 0.000, 0.000, 0.000, 1.000]"
2600,104.0,104.04,silence,1.0,silence,[1.000],,[],,[],"[0.000, 0.000, 0.000, 0.000, 0.000, 0.000, 0.000, 1.000]"
2601,104.04,104.08,silence,1.0,silence,[1.000],,[],,[],"[0.000, 0.000, 0.000, 0.000, 0.000, 0.000, 0.000, 1.000]"
2602,104.08,104.12,silence,1.0,silence,[1.000],,[],,[],"[0.000, 0.000, 0.000, 0.000, 0.000, 0.000, 0.000, 1.000]"
2603,104.12,104.16,silence,1.0,silence,[1.000],,[],,[],"[0.000, 0.000, 0.000, 0.000, 0.000, 0.000, 0.000, 1.000]"
2604,104.16,104.2,silence,1.0,silence,[1.000],,[],,[],"[0.000, 0.000, 0.000, 0.000, 0.000, 0.000, 0.000, 1.000]"
2605,104.2,104.24,silence,1.0,silence,[1.000],,[],,[],"[0.000, 0.000, 0.000, 0.000, 0.000, 0.000, 0.000, 1.000]"
2606,104.24,104.28,silence,1.0,silence,[1.000],,[],,[],"[0.000, 0.000, 0.000, 0.000, 0.000, 0.000, 0.000, 1.000]"
2607,104.28,104.32,silence,1.0,silence,[1.000],,[],,[],"[0.000, 0.000, 0.000, 0.000, 0.000, 0.000, 0.000, 1.000]"
2608,104.32,104.36,silence,1.0,silence,[1.000],,[],,[],"[0.000, 0.000, 0.000, 0.000, 0.000, 0.000, 0.000, 1.000]"
2609,104.36,104.4,silence,1.0,silence,[1.000],,[],,[],"[0.000, 0.000, 0.000, 0.000, 0.000, 0.000, 0.000, 1.000]"
2610,104.4,104.44,silence,1.0,silence,[1.000],,[],,[],"[0.000, 0.000, 0.000, 0.000, 0.000, 0.000, 0.000, 1.000]"
2611,104.44,104.48,silence,1.0,silence,[1.000],,[],,[],"[0.000, 0.000, 0.000, 0.000, 0.000, 0.000, 0.000, 1.000]"
2612,104.48,104.52,silence,0.9999998807907104,silence,[1.000],,[],,[],"[0.000, 0.000, 0.000, 0.000, 0.000, 0.000, 0.000, 1.000]"
2613,104.52,104.56,silence,0.9999988079071045,silence,[1.000],,[],,[],"[0.000, 0.000, 0.000, 0.000, 0.000, 0.000, 0.000, 1.000]"
2614,104.56,104.6,silence,0.9999926090240479,silence,[1.000],,[],,[],"[0.000, 0.000, 0.000, 0.000, 0.000, 0.000, 0.000, 1.000]"
2615,104.6,104.64,silence,0.9999552965164185,silence,[1.000],,[],,[],"[0.000, 0.000, 0.000, 0.000, 0.000, 0.000, 0.000, 1.000]"
2616,104.64,104.68,silence,0.9997394680976868,silence,[1.000],,[],,[],"[0.000, 0.000, 0.000, 0.000, 0.000, 0.000, 0.000, 1.000]"
2617,104.68,104.72,silence,0.9985548853874207,silence,[0.999],,[],,[],"[0.000, 0.000, 0.000, 0.000, 0.001, 0.000, 0.000, 0.999]"
2618,104.72,104.76,silence,0.9923909306526184,silence,[0.992],,[],,[],"[0.000, 0.000, 0.000, 0.000, 0.006, 0.000, 0.000, 0.992]"
2619,104.76,104.8,silence,0.9627304077148438,silence,[0.963],,[],,[],"[0.000, 0.000, 0.000, 0.000, 0.035, 0.000, 0.000, 0.963]"
2620,104.8,104.84,silence,0.8429951667785645,silence,[0.843],,[],,[],"[0.000, 0.000, 0.000, 0.000, 0.170, 0.000, 0.000, 0.843]"
2621,104.84,104.88,Liz,0.524147629737854,Liz|silence,"[0.524, 0.540]",,[],,[],"[0.000, 0.000, 0.000, 0.000, 0.524, 0.000, 0.000, 0.540]"
2622,104.88,104.92,Liz,0.8481355905532837,Liz,[0.848],,[],,[],"[0.000, 0.000, 0.000, 0.000, 0.848, 0.000, 0.000, 0.213]"
2623,104.92,104.96,Liz,0.9638503193855286,Liz,[0.964],,[],,[],"[0.000, 0.000, 0.000, 0.000, 0.964, 0.000, 0.000, 0.062]"
2624,104.96,105.0,Liz,0.991696834564209,Liz,[0.992],,[],,[],"[0.000, 0.000, 0.000, 0.000, 0.992, 0.000, 0.000, 0.017]"
2625,105.0,105.04,Liz,0.9980123043060303,Liz,[0.998],,[],,[],"[0.000, 0.000, 0.000, 0.000, 0.998, 0.000, 0.000, 0.005]"
2626,105.04,105.08,Liz,0.9994947910308838,Liz,[0.999],,[],,[],"[0.000, 0.000, 0.000, 0.000, 0.999, 0.000, 0.000, 0.001]"
2627,105.08,105.12,Liz,0.999862551689148,Liz,[1.000],,[],,[],"[0.000, 0.000, 0.000, 0.000, 1.000, 0.000, 0.000, 0.000]"
2628,105.12,105.16,Liz,0.9999597072601318,Liz,[1.000],,[],,[],"[0.000, 0.000, 0.000, 0.000, 1.000, 0.000, 0.000, 0.000]"
2629,105.16,105.2,Liz,0.9999871253967285,Liz,[1.000],,[],,[],"[0.000, 0.000, 0.000, 0.000, 1.000, 0.000, 0.000, 0.000]"
2630,105.2,105.24,Liz,0.9999954700469971,Liz,[1.000],,[],,[],"[0.000, 0.000, 0.000, 0.000, 1.000, 0.000, 0.000, 0.000]"
2631,105.24,105.28,Liz,0.9999983310699463,Liz,[1.000],,[],,[],"[0.000, 0.000, 0.000, 0.000, 1.000, 0.000, 0.000, 0.000]"
2632,105.28,105.32,Liz,0.9999992847442627,Liz,[1.000],,[],,[],"[0.000, 0.000, 0.000, 0.000, 1.000, 0.000, 0.000, 0.000]"
2633,105.32,105.36,Liz,0.9999996423721313,Liz,[1.000],,[],,[],"[0.000, 0.000, 0.000, 0.000, 1.000, 0.000, 0.000, 0.000]"
2634,105.36,105.4,Liz,0.9999998807907104,Liz,[1.000],,[],,[],"[0.000, 0.000, 0.000, 0.000, 1.000, 0.000, 0.000, 0.000]"
2635,105.4,105.44,Liz,0.9999998807907104,Liz,[1.000],,[],,[],"[0.000, 0.000, 0.000, 0.000, 1.000, 0.000, 0.000, 0.000]"
2636,105.44,105.48,Liz,0.9999998807907104,Liz,[1.000],,[],,[],"[0.000, 0.000, 0.000, 0.000, 1.000, 0.000, 0.000, 0.000]"
2637,105.48,105.52,Liz,1.0,Liz,[1.000],,[],,[],"[0.000, 0.000, 0.000, 0.000, 1.000, 0.000, 0.000, 0.000]"
2638,105.52,105.56,Liz,1.0,Liz,[1.000],,[],,[],"[0.000, 0.000, 0.000, 0.000, 1.000, 0.000, 0.000, 0.000]"
2639,105.56,105.6,Liz,1.0,Liz,[1.000],,[],,[],"[0.000, 0.000, 0.000, 0.000, 1.000, 0.000, 0.000, 0.000]"
2640,105.6,105.64,Liz,1.0,Liz,[1.000],,[],,[],"[0.000, 0.000, 0.000, 0.000, 1.000, 0.000, 0.000, 0.000]"
2641,105.64,105.68,Liz,1.0,Liz,[1.000],,[],,[],"[0.000, 0.000, 0.000, 0.000, 1.000, 0.000, 0.000, 0.000]"
2642,105.68,105.72,Liz,1.0,Liz,[1.000],,[],,[],"[0.000, 0.000, 0.000, 0.000, 1.000, 0.000, 0.000, 0.000]"
2643,105.72,105.76,Liz,1.0,Liz,[1.000],,[],,[],"[0.000, 0.000, 0.000, 0.000, 1.000, 0.000, 0.000, 0.000]"
2644,105.76,105.8,Liz,1.0,Liz,[1.000],,[],,[],"[0.000, 0.000, 0.000, 0.000, 1.000, 0.000, 0.000, 0.000]"
2645,105.8,105.84,Liz,1.0,Liz,[1.000],,[],,[],"[0.000, 0.000, 0.000, 0.000, 1.000, 0.000, 0.000, 0.000]"
2646,105.84,105.88,Liz,1.0,Liz,[1.000],,[],,[],"[0.000, 0.000, 0.000, 0.000, 1.000, 0.000, 0.000, 0.000]"
2647,105.88,105.92,Liz,0.9999998807907104,Liz,[1.000],,[],,[],"[0.000, 0.000, 0.000, 0.000, 1.000, 0.000, 0.000, 0.000]"
2648,105.92,105.96,Liz,0.9999998807907104,Liz,[1.000],,[],,[],"[0.000, 0.000, 0.000, 0.000, 1.000, 0.000, 0.000, 0.000]"
2649,105.96,106.0,Liz,0.9999998807907104,Liz,[1.000],,[],,[],"[0.000, 0.000, 0.000, 0.000, 1.000, 0.000, 0.000, 0.000]"
2650,106.0,106.04,Liz,0.9999998807907104,Liz,[1.000],,[],,[],"[0.000, 0.000, 0.000, 0.000, 1.000, 0.000, 0.000, 0.000]"
2651,106.04,106.08,Liz,0.9999998807907104,Liz,[1.000],,[],,[],"[0.000, 0.000, 0.000, 0.000, 1.000, 0.000, 0.000, 0.000]"
2652,106.08,106.12,Liz,0.9999997615814209,Liz,[1.000],,[],,[],"[0.000, 0.000, 0.000, 0.000, 1.000, 0.000, 0.000, 0.000]"
2653,106.12,106.16,Liz,0.9999996423721313,Liz,[1.000],,[],,[],"[0.000, 0.000, 0.000, 0.000, 1.000, 0.000, 0.000, 0.000]"
2654,106.16,106.2,Liz,0.9999996423721313,Liz,[1.000],,[],,[],"[0.000, 0.000, 0.000, 0.000, 1.000, 0.000, 0.000, 0.000]"
2655,106.2,106.24,Liz,0.9999995231628418,Liz,[1.000],,[],,[],"[0.000, 0.000, 0.000, 0.000, 1.000, 0.000, 0.000, 0.000]"
2656,106.24,106.28,Liz,0.9999994039535522,Liz,[1.000],,[],,[],"[0.000, 0.000, 0.000, 0.000, 1.000, 0.000, 0.000, 0.000]"
2657,106.28,106.32,Liz,0.9999991655349731,Liz,[1.000],,[],,[],"[0.000, 0.000, 0.000, 0.000, 1.000, 0.000, 0.000, 0.000]"
2658,106.32,106.36,Liz,0.999998927116394,Liz,[1.000],,[],,[],"[0.000, 0.000, 0.000, 0.000, 1.000, 0.000, 0.000, 0.000]"
2659,106.36,106.4,Liz,0.9999986886978149,Liz,[1.000],,[],,[],"[0.000, 0.000, 0.000, 0.000, 1.000, 0.000, 0.000, 0.000]"
2660,106.4,106.44,Liz,0.9999984502792358,Liz,[1.000],,[],,[],"[0.000, 0.000, 0.000, 0.000, 1.000, 0.000, 0.000, 0.000]"
2661,106.44,106.48,Liz,0.9999980926513672,Liz,[1.000],,[],,[],"[0.000, 0.001, 0.000, 0.000, 1.000, 0.000, 0.000, 0.000]"
2662,106.48,106.52,Liz,0.9999977350234985,Liz,[1.000],,[],,[],"[0.000, 0.001, 0.000, 0.000, 1.000, 0.000, 0.000, 0.000]"
2663,106.52,106.56,Liz,0.9999973773956299,Liz,[1.000],,[],,[],"[0.000, 0.001, 0.000, 0.000, 1.000, 0.000, 0.000, 0.000]"
2664,106.56,106.6,Liz,0.9999970197677612,Liz,[1.000],,[],,[],"[0.000, 0.002, 0.000, 0.000, 1.000, 0.000, 0.000, 0.000]"
2665,106.6,106.64,Liz,0.9999966621398926,Liz,[1.000],,[],,[],"[0.000, 0.002, 0.000, 0.000, 1.000, 0.000, 0.000, 0.000]"
2666,106.64,106.68,Liz,0.9999963045120239,Liz,[1.000],,[],,[],"[0.000, 0.003, 0.000, 0.000, 1.000, 0.000, 0.000, 0.000]"
2667,106.68,106.72,Liz,0.9999960660934448,Liz,[1.000],,[],,[],"[0.000, 0.003, 0.000, 0.000, 1.000, 0.000, 0.000, 0.000]"
2668,106.72,106.76,Liz,0.9999958276748657,Liz,[1.000],,[],,[],"[0.000, 0.003, 0.000, 0.000, 1.000, 0.000, 0.000, 0.000]"
2669,106.76,106.8,Liz,0.9999957084655762,Liz,[1.000],,[],,[],"[0.000, 0.003, 0.000, 0.000, 1.000, 0.000, 0.000, 0.000]"
2670,106.8,106.84,Liz,0.9999955892562866,Liz,[1.000],,[],,[],"[0.000, 0.003, 0.000, 0.000, 1.000, 0.000, 0.000, 0.000]"
2671,106.84,106.88,Liz,0.9999955892562866,Liz,[1.000],,[],,[],"[0.000, 0.003, 0.000, 0.000, 1.000, 0.000, 0.000, 0.000]"
2672,106.88,106.92,Liz,0.9999955892562866,Liz,[1.000],,[],,[],"[0.000, 0.002, 0.000, 0.000, 1.000, 0.000, 0.000, 0.000]"
2673,106.92,106.96,Liz,0.9999955892562866,Liz,[1.000],,[],,[],"[0.000, 0.002, 0.000, 0.000, 1.000, 0.000, 0.000, 0.000]"
2674,106.96,107.0,Liz,0.9999957084655762,Liz,[1.000],,[],,[],"[0.000, 0.001, 0.000, 0.000, 1.000, 0.000, 0.000, 0.000]"
2675,107.0,107.04,Liz,0.9999958276748657,Liz,[1.000],,[],,[],"[0.000, 0.001, 0.000, 0.000, 1.000, 0.000, 0.000, 0.000]"
2676,107.04,107.08,Liz,0.9999959468841553,Liz,[1.000],,[],,[],"[0.000, 0.001, 0.000, 0.000, 1.000, 0.000, 0.000, 0.000]"
2677,107.08,107.12,Liz,0.9999960660934448,Liz,[1.000],,[],,[],"[0.000, 0.000, 0.000, 0.000, 1.000, 0.000, 0.000, 0.000]"
2678,107.12,107.16,Liz,0.9999963045120239,Liz,[1.000],,[],,[],"[0.000, 0.000, 0.000, 0.000, 1.000, 0.000, 0.000, 0.000]"
2679,107.16,107.2,Liz,0.9999964237213135,Liz,[1.000],,[],,[],"[0.000, 0.000, 0.000, 0.000, 1.000, 0.000, 0.000, 0.000]"
2680,107.2,107.24,Liz,0.9999966621398926,Liz,[1.000],,[],,[],"[0.000, 0.000, 0.000, 0.000, 1.000, 0.000, 0.000, 0.000]"
2681,107.24,107.28,Liz,0.9999967813491821,Liz,[1.000],,[],,[],"[0.000, 0.000, 0.000, 0.000, 1.000, 0.000, 0.000, 0.000]"
2682,107.28,107.32,Liz,0.9999969005584717,Liz,[1.000],,[],,[],"[0.000, 0.000, 0.000, 0.000, 1.000, 0.000, 0.000, 0.000]"
2683,107.32,107.36,Liz,0.9999970197677612,Liz,[1.000],,[],,[],"[0.000, 0.000, 0.000, 0.000, 1.000, 0.000, 0.000, 0.000]"
2684,107.36,107.4,Liz,0.9999970197677612,Liz,[1.000],,[],,[],"[0.000, 0.000, 0.000, 0.000, 1.000, 0.000, 0.000, 0.000]"
2685,107.4,107.44,Liz,0.9999970197677612,Liz,[1.000],,[],,[],"[0.000, 0.000, 0.000, 0.000, 1.000, 0.000, 0.000, 0.000]"
2686,107.44,107.48,Liz,0.9999970197677612,Liz,[1.000],,[],,[],"[0.000, 0.000, 0.000, 0.000, 1.000, 0.000, 0.000, 0.000]"
2687,107.48,107.52,Liz,0.9999969005584717,Liz,[1.000],,[],,[],"[0.000, 0.000, 0.000, 0.000, 1.000, 0.000, 0.000, 0.000]"
2688,107.52,107.56,Liz,0.9999966621398926,Liz,[1.000],,[],,[],"[0.000, 0.000, 0.000, 0.000, 1.000, 0.000, 0.000, 0.000]"
2689,107.56,107.6,Liz,0.9999964237213135,Liz,[1.000],,[],,[],"[0.000, 0.000, 0.000, 0.000, 1.000, 0.000, 0.000, 0.000]"
2690,107.6,107.64,Liz,0.9999959468841553,Liz,[1.000],,[],,[],"[0.000, 0.000, 0.000, 0.000, 1.000, 0.000, 0.000, 0.000]"
2691,107.64,107.68,Liz,0.9999953508377075,Liz,[1.000],,[],,[],"[0.000, 0.000, 0.000, 0.000, 1.000, 0.000, 0.000, 0.000]"
2692,107.68,107.72,Liz,0.9999945163726807,Liz,[1.000],,[],,[],"[0.000, 0.000, 0.000, 0.000, 1.000, 0.000, 0.000, 0.000]"
2693,107.72,107.76,Liz,0.9999934434890747,Liz,[1.000],,[],,[],"[0.000, 0.000, 0.000, 0.000, 1.000, 0.000, 0.000, 0.000]"
2694,107.76,107.8,Liz,0.9999918937683105,Liz,[1.000],,[],,[],"[0.000, 0.000, 0.000, 0.000, 1.000, 0.000, 0.000, 0.000]"
2695,107.8,107.84,Liz,0.9999899864196777,Liz,[1.000],,[],,[],"[0.000, 0.000, 0.000, 0.000, 1.000, 0.000, 0.000, 0.000]"
2696,107.84,107.88,Liz,0.9999873638153076,Liz,[1.000],,[],,[],"[0.000, 0.000, 0.000, 0.000, 1.000, 0.000, 0.000, 0.000]"
2697,107.88,107.92,Liz,0.9999837875366211,Liz,[1.000],,[],,[],"[0.000, 0.000, 0.000, 0.000, 1.000, 0.000, 0.000, 0.000]"
2698,107.92,107.96,Liz,0.9999791383743286,Liz,[1.000],,[],,[],"[0.000, 0.000, 0.000, 0.000, 1.000, 0.000, 0.000, 0.000]"
2699,107.96,108.0,Liz,0.9999730587005615,Liz,[1.000],,[],,[],"[0.000, 0.000, 0.000, 0.000, 1.000, 0.000, 0.000, 0.000]"
2700,108.0,108.04,Liz,0.9999651908874512,Liz,[1.000],,[],,[],"[0.000, 0.000, 0.000, 0.000, 1.000, 0.000, 0.000, 0.000]"
2701,108.04,108.08,Liz,0.9999550580978394,Liz,[1.000],,[],,[],"[0.000, 0.000, 0.000, 0.000, 1.000, 0.000, 0.000, 0.000]"
2702,108.08,108.12,Liz,0.9999421834945679,Liz,[1.000],,[],,[],"[0.000, 0.000, 0.000, 0.000, 1.000, 0.000, 0.000, 0.000]"
2703,108.12,108.16,Liz,0.9999257326126099,Liz,[1.000],,[],,[],"[0.000, 0.000, 0.000, 0.000, 1.000, 0.000, 0.000, 0.000]"
2704,108.16,108.2,Liz,0.999904990196228,Liz,[1.000],,[],,[],"[0.000, 0.000, 0.000, 0.000, 1.000, 0.000, 0.000, 0.001]"
2705,108.2,108.24,Liz,0.999879002571106,Liz,[1.000],,[],,[],"[0.000, 0.000, 0.000, 0.000, 1.000, 0.000, 0.000, 0.001]"
2706,108.24,108.28,Liz,0.9998462200164795,Liz,[1.000],,[],,[],"[0.000, 0.000, 0.000, 0.000, 1.000, 0.000, 0.000, 0.001]"
2707,108.28,108.32,Liz,0.9998047947883606,Liz,[1.000],,[],,[],"[0.000, 0.000, 0.000, 0.000, 1.000, 0.000, 0.000, 0.001]"
2708,108.32,108.36,Liz,0.999751627445221,Liz,[1.000],,[],,[],"[0.000, 0.000, 0.000, 0.000, 1.000, 0.000, 0.000, 0.001]"
2709,108.36,108.4,Liz,0.9996825456619263,Liz,[1.000],,[],,[],"[0.000, 0.000, 0.000, 0.000, 1.000, 0.000, 0.000, 0.001]"
2710,108.4,108.44,Liz,0.9995915293693542,Liz,[1.000],,[],,[],"[0.000, 0.000, 0.000, 0.000, 1.000, 0.000, 0.000, 0.001]"
2711,108.44,108.48,Liz,0.9994704127311707,Liz,[0.999],,[],,[],"[0.000, 0.000, 0.000, 0.000, 0.999, 0.000, 0.000, 0.001]"
2712,108.48,108.52,Liz,0.99930739402771,Liz,[0.999],,[],,[],"[0.000, 0.000, 0.000, 0.000, 0.999, 0.000, 0.000, 0.001]"
2713,108.52,108.56,Liz,0.9990866184234619,Liz,[0.999],,[],,[],"[0.000, 0.000, 0.000, 0.000, 0.999, 0.000, 0.000, 0.001]"
2714,108.56,108.6,Liz,0.9987866282463074,Liz,[0.999],,[],,[],"[0.000, 0.000, 0.000, 0.000, 0.999, 0.000, 0.000, 0.001]"
2715,108.6,108.64,Liz,0.9983816146850586,Liz,[0.998],,[],,[],"[0.000, 0.000, 0.000, 0.000, 0.998, 0.000, 0.000, 0.002]"
2716,108.64,108.68,Liz,0.9978387951850891,Liz,[0.998],,[],,[],"[0.000, 0.000, 0.000, 0.000, 0.998, 0.000, 0.000, 0.002]"
2717,108.68,108.72,Liz,0.9971176385879517,Liz,[0.997],,[],,[],"[0.000, 0.000, 0.000, 0.000, 0.997, 0.000, 0.000, 0.002]"
2718,108.72,108.76,Liz,0.9961666464805603,Liz,[0.996],,[],,[],"[0.000, 0.000, 0.000, 0.000, 0.996, 0.000, 0.000, 0.003]"
2719,108.76,108.8,Liz,0.9949343800544739,Liz,[0.995],,[],,[],"[0.000, 0.000, 0.000, 0.000, 0.995, 0.000, 0.000, 0.004]"
2720,108.8,108.84,Liz,0.9933682084083557,Liz,[0.993],,[],,[],"[0.000, 0.000, 0.000, 0.000, 0.993, 0.000, 0.000, 0.004]"
2721,108.84,108.88,Liz,0.991441011428833,Liz,[0.991],,[],,[],"[0.000, 0.000, 0.000, 0.000, 0.991, 0.000, 0.000, 0.005]"
2722,108.88,108.92,Liz,0.9891633987426758,Liz,[0.989],,[],,[],"[0.000, 0.000, 0.000, 0.000, 0.989, 0.000, 0.000, 0.006]"
2723,108.92,108.96,Liz,0.9865806102752686,Liz,[0.987],,[],,[],"[0.000, 0.000, 0.000, 0.000, 0.987, 0.000, 0.000, 0.007]"
2724,108.96,109.0,Liz,0.9837860465049744,Liz,[0.984],,[],,[],"[0.000, 0.000, 0.000, 0.000, 0.984, 0.000, 0.000, 0.008]"
2725,109.0,109.04,Liz,0.9809592366218567,Liz,[0.981],,[],,[],"[0.000, 0.000, 0.000, 0.000, 0.981, 0.000, 0.000, 0.009]"
2726,109.04,109.08,Liz,0.9783387184143066,Liz,[0.978],,[],,[],"[0.000, 0.000, 0.000, 0.000, 0.978, 0.000, 0.000, 0.009]"
2727,109.08,109.12,Liz,0.9761874079704285,Liz,[0.976],,[],,[],"[0.000, 0.000, 0.000, 0.000, 0.976, 0.000, 0.000, 0.009]"
2728,109.12,109.16,Liz,0.9748104810714722,Liz,[0.975],,[],,[],"[0.000, 0.000, 0.000, 0.000, 0.975, 0.000, 0.000, 0.009]"
2729,109.16,109.2,Liz,0.9744830131530762,Liz,[0.974],,[],,[],"[0.000, 0.000, 0.000, 0.000, 0.974, 0.000, 0.000, 0.008]"
2730,109.2,109.24,Liz,0.9753360748291016,Liz,[0.975],,[],,[],"[0.000, 0.000, 0.000, 0.000, 0.975, 0.000, 0.000, 0.007]"
2731,109.24,109.28,Liz,0.977336049079895,Liz,[0.977],,[],,[],"[0.000, 0.000, 0.000, 0.000, 0.977, 0.000, 0.000, 0.006]"
2732,109.28,109.32,Liz,0.9802724719047546,Liz,[0.980],,[],,[],"[0.000, 0.000, 0.000, 0.000, 0.980, 0.000, 0.000, 0.004]"
2733,109.32,109.36,Liz,0.9837751984596252,Liz,[0.984],,[],,[],"[0.000, 0.000, 0.000, 0.000, 0.984, 0.000, 0.000, 0.003]"
2734,109.36,109.4,Liz,0.9874093532562256,Liz,[0.987],,[],,[],"[0.000, 0.000, 0.000, 0.000, 0.987, 0.000, 0.000, 0.002]"
2735,109.4,109.44,Liz,0.9907639622688293,Liz,[0.991],,[],,[],"[0.000, 0.000, 0.000, 0.000, 0.991, 0.000, 0.000, 0.001]"
2736,109.44,109.48,Liz,0.9935710430145264,Liz,[0.994],,[],,[],"[0.000, 0.000, 0.000, 0.000, 0.994, 0.000, 0.000, 0.001]"
2737,109.48,109.52,Liz,0.9957361221313477,Liz,[0.996],,[],,[],"[0.000, 0.000, 0.000, 0.000, 0.996, 0.000, 0.000, 0.001]"
2738,109.52,109.56,Liz,0.9972935318946838,Liz,[0.997],,[],,[],"[0.000, 0.000, 0.000, 0.000, 0.997, 0.000, 0.000, 0.000]"
2739,109.56,109.6,Liz,0.9983446598052979,Liz,[0.998],,[],,[],"[0.000, 0.000, 0.000, 0.000, 0.998, 0.000, 0.000, 0.000]"
2740,109.6,109.64,Liz,0.999015212059021,Liz,[0.999],,[],,[],"[0.000, 0.000, 0.000, 0.000, 0.999, 0.000, 0.000, 0.000]"
2741,109.64,109.68,Liz,0.9994237422943115,Liz,[0.999],,[],,[],"[0.000, 0.000, 0.000, 0.000, 0.999, 0.000, 0.000, 0.000]"
2742,109.68,109.72,Liz,0.9996646642684937,Liz,[1.000],,[],,[],"[0.000, 0.000, 0.000, 0.000, 1.000, 0.000, 0.000, 0.000]"
2743,109.72,109.76,Liz,0.9998037219047546,Liz,[1.000],,[],,[],"[0.000, 0.000, 0.000, 0.000, 1.000, 0.000, 0.000, 0.000]"
2744,109.76,109.8,Liz,0.9998832941055298,Liz,[1.000],,[],,[],"[0.000, 0.000, 0.000, 0.000, 1.000, 0.000, 0.000, 0.000]"
2745,109.8,109.84,Liz,0.9999291896820068,Liz,[1.000],,[],,[],"[0.000, 0.000, 0.000, 0.000, 1.000, 0.000, 0.000, 0.000]"
2746,109.84,109.88,Liz,0.9999557733535767,Liz,[1.000],,[],,[],"[0.000, 0.000, 0.000, 0.000, 1.000, 0.000, 0.000, 0.000]"
2747,109.88,109.92,Liz,0.9999716281890869,Liz,[1.000],,[],,[],"[0.000, 0.000, 0.000, 0.000, 1.000, 0.000, 0.000, 0.000]"
2748,109.92,109.96,Liz,0.9999810457229614,Liz,[1.000],,[],,[],"[0.000, 0.000, 0.000, 0.000, 1.000, 0.000, 0.000, 0.000]"
2749,109.96,110.0,Liz,0.9999868869781494,Liz,[1.000],,[],,[],"[0.000, 0.000, 0.000, 0.000, 1.000, 0.000, 0.000, 0.000]"
2750,110.0,110.04,Liz,0.9999904632568359,Liz,[1.000],,[],,[],"[0.000, 0.000, 0.000, 0.000, 1.000, 0.000, 0.000, 0.000]"
2751,110.04,110.08,Liz,0.9999927282333374,Liz,[1.000],,[],,[],"[0.000, 0.000, 0.000, 0.000, 1.000, 0.000, 0.000, 0.000]"
2752,110.08,110.12,Liz,0.9999942779541016,Liz,[1.000],,[],,[],"[0.000, 0.000, 0.000, 0.000, 1.000, 0.000, 0.000, 0.000]"
2753,110.12,110.16,Liz,0.999995231628418,Liz,[1.000],,[],,[],"[0.000, 0.000, 0.000, 0.000, 1.000, 0.000, 0.000, 0.000]"
2754,110.16,110.2,Liz,0.9999958276748657,Liz,[1.000],,[],,[],"[0.000, 0.000, 0.000, 0.000, 1.000, 0.000, 0.000, 0.000]"
2755,110.2,110.24,Liz,0.9999961853027344,Liz,[1.000],,[],,[],"[0.000, 0.000, 0.000, 0.000, 1.000, 0.000, 0.000, 0.000]"
2756,110.24,110.28,Liz,0.9999964237213135,Liz,[1.000],,[],,[],"[0.000, 0.000, 0.000, 0.000, 1.000, 0.000, 0.000, 0.000]"
2757,110.28,110.32,Liz,0.9999964237213135,Liz,[1.000],,[],,[],"[0.000, 0.000, 0.000, 0.000, 1.000, 0.000, 0.000, 0.000]"
2758,110.32,110.36,Liz,0.9999963045120239,Liz,[1.000],,[],,[],"[0.000, 0.000, 0.000, 0.000, 1.000, 0.000, 0.000, 0.000]"
2759,110.36,110.4,Liz,0.9999960660934448,Liz,[1.000],,[],,[],"[0.000, 0.000, 0.000, 0.000, 1.000, 0.000, 0.000, 0.000]"
2760,110.4,110.44,Liz,0.9999955892562866,Liz,[1.000],,[],,[],"[0.000, 0.000, 0.000, 0.000, 1.000, 0.000, 0.000, 0.000]"
2761,110.44,110.48,Liz,0.9999949932098389,Liz,[1.000],,[],,[],"[0.000, 0.000, 0.000, 0.000, 1.000, 0.000, 0.000, 0.000]"
2762,110.48,110.52,Liz,0.999994158744812,Liz,[1.000],,[],,[],"[0.000, 0.000, 0.000, 0.000, 1.000, 0.000, 0.000, 0.000]"
2763,110.52,110.56,Liz,0.999993085861206,Liz,[1.000],,[],,[],"[0.000, 0.000, 0.000, 0.000, 1.000, 0.000, 0.000, 0.000]"
2764,110.56,110.6,Liz,0.9999915361404419,Liz,[1.000],,[],,[],"[0.000, 0.000, 0.000, 0.000, 1.000, 0.000, 0.000, 0.000]"
2765,110.6,110.64,Liz,0.9999896287918091,Liz,[1.000],,[],,[],"[0.000, 0.000, 0.000, 0.000, 1.000, 0.000, 0.000, 0.000]"
2766,110.64,110.68,Liz,0.9999871253967285,Liz,[1.000],,[],,[],"[0.000, 0.000, 0.000, 0.000, 1.000, 0.000, 0.000, 0.000]"
2767,110.68,110.72,Liz,0.9999839067459106,Liz,[1.000],,[],,[],"[0.000, 0.000, 0.000, 0.000, 1.000, 0.000, 0.000, 0.000]"
2768,110.72,110.76,Liz,0.9999798536300659,Liz,[1.000],,[],,[],"[0.000, 0.000, 0.000, 0.000, 1.000, 0.000, 0.000, 0.000]"
2769,110.76,110.8,Liz,0.9999748468399048,Liz,[1.000],,[],,[],"[0.000, 0.000, 0.000, 0.000, 1.000, 0.000, 0.000, 0.000]"
2770,110.8,110.84,Liz,0.9999688863754272,Liz,[1.000],,[],,[],"[0.000, 0.000, 0.000, 0.000, 1.000, 0.000, 0.000, 0.000]"
2771,110.84,110.88,Liz,0.9999617338180542,Liz,[1.000],,[],,[],"[0.000, 0.000, 0.000, 0.000, 1.000, 0.000, 0.000, 0.000]"
2772,110.88,110.92,Liz,0.9999533891677856,Liz,[1.000],,[],,[],"[0.000, 0.000, 0.000, 0.000, 1.000, 0.000, 0.000, 0.000]"
2773,110.92,110.96,Liz,0.9999439716339111,Liz,[1.000],,[],,[],"[0.000, 0.000, 0.000, 0.000, 1.000, 0.000, 0.000, 0.000]"
2774,110.96,111.0,Liz,0.9999336004257202,Liz,[1.000],,[],,[],"[0.000, 0.000, 0.000, 0.000, 1.000, 0.000, 0.000, 0.000]"
2775,111.0,111.04,Liz,0.9999226331710815,Liz,[1.000],,[],,[],"[0.000, 0.000, 0.000, 0.000, 1.000, 0.000, 0.000, 0.000]"
2776,111.04,111.08,Liz,0.9999113082885742,Liz,[1.000],,[],,[],"[0.000, 0.000, 0.000, 0.000, 1.000, 0.000, 0.000, 0.000]"
2777,111.08,111.12,Liz,0.999900221824646,Liz,[1.000],,[],,[],"[0.000, 0.000, 0.000, 0.000, 1.000, 0.000, 0.000, 0.000]"
2778,111.12,111.16,Liz,0.9998894929885864,Liz,[1.000],,[],,[],"[0.000, 0.000, 0.000, 0.000, 1.000, 0.000, 0.000, 0.000]"
2779,111.16,111.2,Liz,0.9998794794082642,Liz,[1.000],,[],,[],"[0.000, 0.000, 0.000, 0.000, 1.000, 0.000, 0.000, 0.000]"
2780,111.2,111.24,Liz,0.9998703002929688,Liz,[1.000],,[],,[],"[0.000, 0.000, 0.000, 0.000, 1.000, 0.000, 0.000, 0.000]"
2781,111.24,111.28,Liz,0.9998615980148315,Liz,[1.000],,[],,[],"[0.000, 0.000, 0.000, 0.000, 1.000, 0.000, 0.000, 0.000]"
2782,111.28,111.32,Liz,0.9998527765274048,Liz,[1.000],,[],,[],"[0.000, 0.001, 0.000, 0.000, 1.000, 0.000, 0.000, 0.000]"
2783,111.32,111.36,Liz,0.9998431205749512,Liz,[1.000],,[],,[],"[0.000, 0.001, 0.000, 0.000, 1.000, 0.000, 0.000, 0.000]"
2784,111.36,111.4,Liz,0.9998316764831543,Liz,[1.000],,[],,[],"[0.000, 0.001, 0.000, 0.000, 1.000, 0.000, 0.000, 0.000]"
2785,111.4,111.44,Liz,0.9998180270195007,Liz,[1.000],,[],,[],"[0.000, 0.002, 0.000, 0.000, 1.000, 0.000, 0.000, 0.000]"
2786,111.44,111.48,Liz,0.9998015761375427,Liz,[1.000],,[],,[],"[0.000, 0.002, 0.000, 0.000, 1.000, 0.000, 0.000, 0.001]"
2787,111.48,111.52,Liz,0.9997814297676086,Liz,[1.000],Liz,"[0.000, 0.000, 0.000, 0.000, 0.611, 0.000, 0.000]",,[],"[0.000, 0.003, 0.000, 0.000, 1.000, 0.000, 0.000, 0.001]"
2788,111.52,111.56,Liz,0.9997567534446716,Liz,[1.000],Liz,"[0.000, 0.000, 0.000, 0.000, 0.799, 0.000, 0.000]",,[],"[0.000, 0.004, 0.000, 0.000, 1.000, 0.000, 0.000, 0.001]"
2789,111.56,111.6,Liz,0.9997264742851257,Liz,[1.000],Liz,"[0.000, 0.000, 0.000, 0.000, 0.904, 0.000, 0.000]",,[],"[0.000, 0.006, 0.000, 0.000, 1.000, 0.000, 0.000, 0.001]"
2790,111.6,111.64,Liz,0.999690055847168,Liz,[1.000],Liz,"[0.000, 0.000, 0.000, 0.000, 0.954, 0.000, 0.000]",,[],"[0.000, 0.007, 0.000, 0.000, 1.000, 0.000, 0.000, 0.001]"
2791,111.64,111.68,Liz,0.9996473789215088,Liz,[1.000],Liz,"[0.000, 0.000, 0.000, 0.000, 0.976, 0.000, 0.000]",,[],"[0.000, 0.009, 0.000, 0.000, 1.000, 0.000, 0.000, 0.001]"
2792,111.68,111.72,Liz,0.9995988011360168,Liz,[1.000],Liz,"[0.000, 0.000, 0.000, 0.000, 0.987, 0.000, 0.000]",,[],"[0.000, 0.012, 0.000, 0.000, 1.000, 0.000, 0.000, 0.001]"
2793,111.72,111.76,Liz,0.9995446801185608,Liz,[1.000],Liz,"[0.000, 0.000, 0.000, 0.000, 0.992, 0.000, 0.000]",,[],"[0.000, 0.015, 0.000, 0.000, 1.000, 0.000, 0.000, 0.001]"
2794,111.76,111.8,Liz,0.9994862079620361,Liz,[0.999],Liz,"[0.000, 0.000, 0.000, 0.000, 0.995, 0.000, 0.000]",,[],"[0.000, 0.018, 0.000, 0.000, 0.999, 0.000, 0.000, 0.001]"
2795,111.8,111.84,Liz,0.9994243383407593,Liz,[0.999],Liz,"[0.000, 0.000, 0.000, 0.000, 0.997, 0.000, 0.000]",,[],"[0.000, 0.021, 0.000, 0.000, 0.999, 0.000, 0.000, 0.001]"
2796,111.84,111.88,Liz,0.9993614554405212,Liz,[0.999],Liz,"[0.000, 0.000, 0.000, 0.000, 0.997, 0.000, 0.000]",,[],"[0.000, 0.025, 0.000, 0.000, 0.999, 0.000, 0.000, 0.001]"
2797,111.88,111.92,Liz,0.9992990493774414,Liz,[0.999],Liz,"[0.000, 0.000, 0.000, 0.000, 0.998, 0.000, 0.000]",,[],"[0.000, 0.028, 0.000, 0.000, 0.999, 0.000, 0.000, 0.001]"
2798,111.92,111.96,Liz,0.9992387294769287,Liz,[0.999],Liz,"[0.000, 0.000, 0.000, 0.000, 0.998, 0.000, 0.000]",,[],"[0.000, 0.031, 0.000, 0.000, 0.999, 0.000, 0.000, 0.001]"
2799,111.96,112.0,Liz,0.9991818070411682,Liz,[0.999],Liz,"[0.000, 0.000, 0.000, 0.000, 0.998, 0.000, 0.000]",,[],"[0.000, 0.034, 0.000, 0.000, 0.999, 0.000, 0.000, 0.001]"
2800,112.0,112.04,Liz,0.9991299510002136,Liz,[0.999],Liz,"[0.000, 0.000, 0.000, 0.000, 0.998, 0.000, 0.000]",,[],"[0.000, 0.035, 0.000, 0.000, 0.999, 0.000, 0.000, 0.001]"
2801,112.04,112.08,Liz,0.9990830421447754,Liz,[0.999],Liz,"[0.000, 0.000, 0.000, 0.000, 0.997, 0.000, 0.000]",,[],"[0.000, 0.035, 0.000, 0.000, 0.999, 0.000, 0.000, 0.002]"
2802,112.08,112.12,Liz,0.9990397095680237,Liz,[0.999],Liz,"[0.000, 0.000, 0.000, 0.000, 0.997, 0.000, 0.000]",,[],"[0.000, 0.035, 0.000, 0.000, 0.999, 0.000, 0.000, 0.002]"
2803,112.12,112.16,Liz,0.9989981055259705,Liz,[0.999],Liz,"[0.000, 0.000, 0.000, 0.000, 0.995, 0.000, 0.000]",,[],"[0.000, 0.033, 0.000, 0.000, 0.999, 0.000, 0.000, 0.002]"
2804,112.16,112.2,Liz,0.998955488204956,Liz,[0.999],Liz,"[0.000, 0.000, 0.000, 0.000, 0.993, 0.000, 0.000]",,[],"[0.000, 0.030, 0.000, 0.000, 0.999, 0.000, 0.000, 0.002]"
2805,112.2,112.24,Liz,0.9989081621170044,Liz,[0.999],Liz,"[0.000, 0.000, 0.000, 0.000, 0.990, 0.000, 0.000]",,[],"[0.000, 0.027, 0.000, 0.000, 0.999, 0.000, 0.000, 0.002]"
2806,112.24,112.28,Liz,0.9988532066345215,Liz,[0.999],Liz,"[0.000, 0.000, 0.000, 0.000, 0.983, 0.000, 0.000]",,[],"[0.000, 0.023, 0.000, 0.000, 0.999, 0.000, 0.000, 0.002]"
2807,112.28,112.32,Liz,0.9987860321998596,Liz,[0.999],Liz,"[0.000, 0.000, 0.000, 0.000, 0.972, 0.000, 0.000]",,[],"[0.000, 0.019, 0.000, 0.000, 0.999, 0.000, 0.000, 0.002]"
2808,112.32,112.36,Liz,0.998700737953186,Liz,[0.999],Liz,"[0.000, 0.000, 0.000, 0.000, 0.950, 0.000, 0.000]",,[],"[0.000, 0.015, 0.000, 0.000, 0.999, 0.000, 0.000, 0.002]"
2809,112.36,112.4,Liz,0.9985900521278381,Liz,[0.999],Liz,"[0.000, 0.000, 0.000, 0.000, 0.912, 0.000, 0.000]",,[],"[0.000, 0.012, 0.000, 0.000, 0.999, 0.000, 0.000, 0.002]"
2810,112.4,112.44,Liz,0.9984440207481384,Liz,[0.998],Liz,"[0.000, 0.000, 0.000, 0.000, 0.844, 0.000, 0.000]",,[],"[0.000, 0.009, 0.000, 0.000, 0.998, 0.000, 0.000, 0.003]"
2811,112.44,112.48,Liz,0.9982482194900513,Liz,[0.998],Liz,"[0.000, 0.000, 0.000, 0.000, 0.734, 0.000, 0.000]",,[],"[0.000, 0.007, 0.000, 0.000, 0.998, 0.000, 0.000, 0.003]"
2812,112.48,112.52,Liz,0.997983455657959,Liz,[0.998],Liz,"[0.000, 0.000, 0.000, 0.000, 0.581, 0.000, 0.000]",,[],"[0.000, 0.005, 0.000, 0.000, 0.998, 0.000, 0.000, 0.003]"
2813,112.52,112.56,Liz,0.9976231455802917,Liz,[0.998],,[],,[],"[0.000, 0.004, 0.000, 0.000, 0.998, 0.000, 0.000, 0.004]"
2814,112.56,112.6,Liz,0.9971242547035217,Liz,[0.997],,[],,[],"[0.000, 0.003, 0.000, 0.000, 0.997, 0.000, 0.000, 0.005]"
2815,112.6,112.64,Liz,0.9964176416397095,Liz,[0.996],,[],,[],"[0.000, 0.002, 0.000, 0.000, 0.996, 0.000, 0.000, 0.005]"
2816,112.64,112.68,Liz,0.9953950047492981,Liz,[0.995],,[],,[],"[0.000, 0.001, 0.000, 0.000, 0.995, 0.000, 0.000, 0.006]"
2817,112.68,112.72,Liz,0.9938920736312866,Liz,[0.994],,[],,[],"[0.000, 0.001, 0.000, 0.000, 0.994, 0.000, 0.000, 0.008]"
2818,112.72,112.76,Liz,0.9916582703590393,Liz,[0.992],,[],,[],"[0.000, 0.001, 0.000, 0.000, 0.992, 0.000, 0.000, 0.009]"
2819,112.76,112.8,Liz,0.9883188009262085,Liz,[0.988],,[],,[],"[0.000, 0.000, 0.000, 0.000, 0.988, 0.000, 0.000, 0.012]"
2820,112.8,112.84,Liz,0.9833449721336365,Liz,[0.983],,[],,[],"[0.000, 0.000, 0.000, 0.000, 0.983, 0.000, 0.000, 0.015]"
2821,112.84,112.88,Liz,0.9760206937789917,Liz,[0.976],,[],,[],"[0.000, 0.000, 0.000, 0.000, 0.976, 0.000, 0.000, 0.019]"
2822,112.88,112.92,Liz,0.96542888879776,Liz,[0.965],,[],,[],"[0.000, 0.000, 0.000, 0.000, 0.965, 0.000, 0.000, 0.024]"
2823,112.92,112.96,Liz,0.9505031108856201,Liz,[0.951],,[],,[],"[0.000, 0.000, 0.000, 0.000, 0.951, 0.000, 0.000, 0.030]"
2824,112.96,113.0,Liz,0.9302414655685425,Liz,[0.930],,[],,[],"[0.000, 0.000, 0.000, 0.000, 0.930, 0.000, 0.000, 0.038]"
2825,113.0,113.04,Liz,0.9040399789810181,Liz,[0.904],,[],,[],"[0.000, 0.000, 0.000, 0.000, 0.904, 0.000, 0.000, 0.047]"
2826,113.04,113.08,Liz,0.8719959259033203,Liz,[0.872],,[],,[],"[0.000, 0.000, 0.000, 0.000, 0.872, 0.000, 0.000, 0.057]"
2827,113.08,113.12,Liz,0.8351154923439026,Liz,[0.835],,[],,[],"[0.000, 0.000, 0.000, 0.000, 0.835, 0.000, 0.000, 0.068]"
2828,113.12,113.16,Liz,0.7955015897750854,Liz,[0.796],,[],,[],"[0.000, 0.000, 0.000, 0.000, 0.796, 0.000, 0.000, 0.079]"
2829,113.16,113.2,Liz,0.7561841607093811,Liz,[0.756],,[],,[],"[0.000, 0.000, 0.000, 0.000, 0.756, 0.000, 0.000, 0.089]"
2830,113.2,113.24,Liz,0.7204418182373047,Liz,[0.720],,[],,[],"[0.000, 0.000, 0.000, 0.000, 0.720, 0.000, 0.000, 0.098]"
2831,113.24,113.28,Liz,0.6913605332374573,Liz,[0.691],,[],,[],"[0.000, 0.000, 0.000, 0.000, 0.691, 0.000, 0.000, 0.104]"
2832,113.28,113.32,Liz,0.671532154083252,Liz,[0.672],,[],,[],"[0.000, 0.000, 0.000, 0.000, 0.672, 0.000, 0.000, 0.107]"
2833,113.32,113.36,Liz,0.6629675626754761,Liz,[0.663],,[],,[],"[0.000, 0.000, 0.000, 0.000, 0.663, 0.000, 0.000, 0.107]"
2834,113.36,113.4,Liz,0.6675791144371033,Liz,[0.668],,[],,[],"[0.000, 0.000, 0.000, 0.000, 0.668, 0.000, 0.000, 0.103]"
2835,113.4,113.44,Liz,0.6856485605239868,Liz,[0.686],,[],,[],"[0.000, 0.000, 0.000, 0.000, 0.686, 0.000, 0.000, 0.095]"
2836,113.44,113.48,Liz,0.7161567807197571,Liz,[0.716],,[],,[],"[0.000, 0.000, 0.000, 0.000, 0.716, 0.000, 0.000, 0.084]"
2837,113.48,113.52,Liz,0.756992757320404,Liz,[0.757],,[],,[],"[0.000, 0.000, 0.000, 0.000, 0.757, 0.000, 0.000, 0.071]"
2838,113.52,113.56,Liz,0.8043545484542847,Liz,[0.804],,[],,[],"[0.000, 0.000, 0.000, 0.000, 0.804, 0.000, 0.000, 0.058]"
2839,113.56,113.6,Liz,0.8530453443527222,Liz,[0.853],,[],,[],"[0.000, 0.000, 0.000, 0.000, 0.853, 0.000, 0.000, 0.044]"
2840,113.6,113.64,Liz,0.8975633978843689,Liz,[0.898],,[],,[],"[0.000, 0.000, 0.000, 0.000, 0.898, 0.000, 0.000, 0.033]"
2841,113.64,113.68,Liz,0.933819591999054,Liz,[0.934],,[],,[],"[0.000, 0.000, 0.000, 0.000, 0.934, 0.000, 0.000, 0.023]"
2842,113.68,113.72,Liz,0.9602274894714355,Liz,[0.960],,[],,[],"[0.000, 0.000, 0.000, 0.000, 0.960, 0.000, 0.000, 0.015]"
2843,113.72,113.76,Liz,0.977610170841217,Liz,[0.978],,[],,[],"[0.000, 0.000, 0.000, 0.000, 0.978, 0.000, 0.000, 0.010]"
2844,113.76,113.8,Liz,0.9880788922309875,Liz,[0.988],,[],,[],"[0.000, 0.000, 0.000, 0.000, 0.988, 0.000, 0.000, 0.006]"
2845,113.8,113.84,Liz,0.9939271807670593,Liz,[0.994],,[],,[],"[0.000, 0.000, 0.000, 0.000, 0.994, 0.000, 0.000, 0.004]"
2846,113.84,113.88,Liz,0.9969983100891113,Liz,[0.997],,[],,[],"[0.000, 0.000, 0.000, 0.000, 0.997, 0.000, 0.000, 0.002]"
2847,113.88,113.92,Liz,0.998542308807373,Liz,[0.999],,[],,[],"[0.000, 0.000, 0.000, 0.000, 0.999, 0.000, 0.000, 0.001]"
2848,113.92,113.96,Liz,0.9992959499359131,Liz,[0.999],,[],,[],"[0.000, 0.000, 0.000, 0.000, 0.999, 0.000, 0.000, 0.001]"
2849,113.96,114.0,Liz,0.9996575117111206,Liz,[1.000],,[],,[],"[0.000, 0.000, 0.000, 0.000, 1.000, 0.000, 0.000, 0.000]"
2850,114.0,114.04,Liz,0.9998302459716797,Liz,[1.000],,[],,[],"[0.000, 0.000, 0.000, 0.000, 1.000, 0.000, 0.000, 0.000]"
2851,114.04,114.08,Liz,0.9999134540557861,Liz,[1.000],,[],,[],"[0.000, 0.000, 0.000, 0.000, 1.000, 0.000, 0.000, 0.000]"
2852,114.08,114.12,Liz,0.9999542236328125,Liz,[1.000],,[],,[],"[0.000, 0.000, 0.000, 0.000, 1.000, 0.000, 0.000, 0.000]"
2853,114.12,114.16,Liz,0.9999747276306152,Liz,[1.000],,[],,[],"[0.000, 0.000, 0.000, 0.000, 1.000, 0.000, 0.000, 0.000]"
2854,114.16,114.2,Liz,0.9999853372573853,Liz,[1.000],,[],,[],"[0.000, 0.000, 0.000, 0.000, 1.000, 0.000, 0.000, 0.000]"
2855,114.2,114.24,Liz,0.9999910593032837,Liz,[1.000],,[],,[],"[0.000, 0.000, 0.000, 0.000, 1.000, 0.000, 0.000, 0.000]"
2856,114.24,114.28,Liz,0.9999942779541016,Liz,[1.000],,[],,[],"[0.000, 0.000, 0.000, 0.000, 1.000, 0.000, 0.000, 0.000]"
2857,114.28,114.32,Liz,0.9999960660934448,Liz,[1.000],,[],,[],"[0.000, 0.000, 0.000, 0.000, 1.000, 0.000, 0.000, 0.000]"
2858,114.32,114.36,Liz,0.9999972581863403,Liz,[1.000],,[],,[],"[0.000, 0.000, 0.000, 0.000, 1.000, 0.000, 0.000, 0.000]"
2859,114.36,114.4,Liz,0.9999979734420776,Liz,[1.000],,[],,[],"[0.000, 0.000, 0.000, 0.000, 1.000, 0.000, 0.000, 0.000]"
2860,114.4,114.44,Liz,0.9999983310699463,Liz,[1.000],,[],,[],"[0.000, 0.000, 0.000, 0.000, 1.000, 0.000, 0.000, 0.000]"
2861,114.44,114.48,Liz,0.9999986886978149,Liz,[1.000],,[],,[],"[0.000, 0.000, 0.000, 0.000, 1.000, 0.000, 0.000, 0.000]"
2862,114.48,114.52,Liz,0.9999988079071045,Liz,[1.000],,[],,[],"[0.000, 0.000, 0.000, 0.000, 1.000, 0.000, 0.000, 0.000]"
2863,114.52,114.56,Liz,0.999998927116394,Liz,[1.000],,[],,[],"[0.000, 0.000, 0.000, 0.000, 1.000, 0.000, 0.000, 0.000]"
2864,114.56,114.6,Liz,0.9999990463256836,Liz,[1.000],,[],,[],"[0.000, 0.000, 0.000, 0.000, 1.000, 0.000, 0.000, 0.000]"
2865,114.6,114.64,Liz,0.9999990463256836,Liz,[1.000],,[],,[],"[0.000, 0.000, 0.000, 0.000, 1.000, 0.000, 0.000, 0.000]"
2866,114.64,114.68,Liz,0.9999990463256836,Liz,[1.000],,[],,[],"[0.000, 0.000, 0.000, 0.000, 1.000, 0.000, 0.000, 0.000]"
2867,114.68,114.72,Liz,0.999998927116394,Liz,[1.000],,[],,[],"[0.000, 0.000, 0.000, 0.000, 1.000, 0.000, 0.000, 0.000]"
2868,114.72,114.76,Liz,0.999998927116394,Liz,[1.000],,[],,[],"[0.000, 0.000, 0.000, 0.000, 1.000, 0.000, 0.000, 0.000]"
2869,114.76,114.8,Liz,0.9999988079071045,Liz,[1.000],,[],,[],"[0.000, 0.000, 0.000, 0.000, 1.000, 0.000, 0.000, 0.000]"
2870,114.8,114.84,Liz,0.9999986886978149,Liz,[1.000],,[],,[],"[0.000, 0.000, 0.000, 0.000, 1.000, 0.000, 0.000, 0.000]"
2871,114.84,114.88,Liz,0.9999984502792358,Liz,[1.000],,[],,[],"[0.000, 0.000, 0.000, 0.000, 1.000, 0.000, 0.000, 0.000]"
2872,114.88,114.92,Liz,0.9999980926513672,Liz,[1.000],,[],,[],"[0.000, 0.000, 0.000, 0.000, 1.000, 0.000, 0.000, 0.000]"
2873,114.92,114.96,Liz,0.9999977350234985,Liz,[1.000],,[],,[],"[0.000, 0.000, 0.000, 0.000, 1.000, 0.000, 0.000, 0.000]"
2874,114.96,115.0,Liz,0.9999972581863403,Liz,[1.000],,[],,[],"[0.000, 0.000, 0.000, 0.000, 1.000, 0.000, 0.000, 0.000]"
2875,115.0,115.04,Liz,0.999996542930603,Liz,[1.000],,[],,[],"[0.000, 0.000, 0.000, 0.000, 1.000, 0.000, 0.000, 0.000]"
2876,115.04,115.08,Liz,0.9999955892562866,Liz,[1.000],,[],,[],"[0.000, 0.000, 0.000, 0.000, 1.000, 0.000, 0.000, 0.000]"
2877,115.08,115.12,Liz,0.9999942779541016,Liz,[1.000],,[],,[],"[0.000, 0.000, 0.000, 0.000, 1.000, 0.000, 0.000, 0.000]"
2878,115.12,115.16,Liz,0.9999924898147583,Liz,[1.000],,[],,[],"[0.000, 0.000, 0.000, 0.000, 1.000, 0.000, 0.000, 0.000]"
2879,115.16,115.2,Liz,0.9999899864196777,Liz,[1.000],,[],,[],"[0.000, 0.000, 0.000, 0.000, 1.000, 0.000, 0.000, 0.000]"
2880,115.2,115.24,Liz,0.9999865293502808,Liz,[1.000],,[],,[],"[0.000, 0.000, 0.000, 0.000, 1.000, 0.000, 0.000, 0.000]"
2881,115.24,115.28,Liz,0.9999814033508301,Liz,[1.000],,[],,[],"[0.000, 0.000, 0.000, 0.000, 1.000, 0.000, 0.000, 0.000]"
2882,115.28,115.32,Liz,0.9999741315841675,Liz,[1.000],,[],,[],"[0.000, 0.000, 0.000, 0.000, 1.000, 0.000, 0.000, 0.000]"
2883,115.32,115.36,Liz,0.9999635219573975,Liz,[1.000],,[],,[],"[0.000, 0.000, 0.000, 0.000, 1.000, 0.000, 0.000, 0.000]"
2884,115.36,115.4,Liz,0.9999473094940186,Liz,[1.000],,[],,[],"[0.000, 0.000, 0.000, 0.000, 1.000, 0.000, 0.000, 0.000]"
2885,115.4,115.44,Liz,0.9999222755432129,Liz,[1.000],,[],,[],"[0.000, 0.000, 0.000, 0.000, 1.000, 0.000, 0.000, 0.000]"
2886,115.44,115.48,Liz,0.9998828172683716,Liz,[1.000],,[],,[],"[0.000, 0.000, 0.000, 0.000, 1.000, 0.000, 0.000, 0.000]"
2887,115.48,115.52,Liz,0.9998188614845276,Liz,[1.000],,[],,[],"[0.000, 0.000, 0.000, 0.000, 1.000, 0.000, 0.000, 0.000]"
2888,115.52,115.56,Liz,0.9997122883796692,Liz,[1.000],,[],,[],"[0.000, 0.000, 0.000, 0.000, 1.000, 0.000, 0.000, 0.000]"
2889,115.56,115.6,Liz,0.9995296001434326,Liz,[1.000],,[],,[],"[0.000, 0.000, 0.000, 0.000, 1.000, 0.000, 0.000, 0.001]"
2890,115.6,115.64,Liz,0.9992075562477112,Liz,[0.999],,[],,[],"[0.000, 0.000, 0.000, 0.000, 0.999, 0.000, 0.000, 0.001]"
2891,115.64,115.68,Liz,0.9986220598220825,Liz,[0.999],,[],,[],"[0.000, 0.000, 0.000, 0.000, 0.999, 0.000, 0.000, 0.002]"
2892,115.68,115.72,Liz,0.9975243210792542,Liz,[0.998],,[],,[],"[0.000, 0.000, 0.000, 0.000, 0.998, 0.000, 0.000, 0.003]"
2893,115.72,115.76,Liz,0.9954040050506592,Liz,[0.995],,[],,[],"[0.000, 0.000, 0.000, 0.000, 0.995, 0.000, 0.000, 0.004]"
2894,115.76,115.8,Liz,0.9911881685256958,Liz,[0.991],,[],,[],"[0.000, 0.000, 0.000, 0.000, 0.991, 0.000, 0.000, 0.007]"
2895,115.8,115.84,Liz,0.9826189279556274,Liz,[0.983],,[],,[],"[0.000, 0.000, 0.000, 0.000, 0.983, 0.000, 0.000, 0.013]"
2896,115.84,115.88,Liz,0.964984118938446,Liz,[0.965],,[],,[],"[0.000, 0.000, 0.000, 0.000, 0.965, 0.000, 0.000, 0.021]"
2897,115.88,115.92,Liz,0.9290323853492737,Liz,[0.929],,[],,[],"[0.000, 0.000, 0.000, 0.000, 0.929, 0.000, 0.000, 0.037]"
2898,115.92,115.96,Liz,0.8594213128089905,Liz,[0.859],,[],,[],"[0.000, 0.000, 0.000, 0.000, 0.859, 0.000, 0.000, 0.063]"
2899,115.96,116.0,Liz,0.739569365978241,Liz,[0.740],,[],,[],"[0.000, 0.000, 0.000, 0.000, 0.740, 0.000, 0.000, 0.105]"
2900,116.0,116.04,Liz,0.5706057548522949,Liz,[0.571],,[],,[],"[0.000, 0.000, 0.000, 0.000, 0.571, 0.000, 0.000, 0.169]"
2901,116.04,116.08,silence,0.2586357891559601,,[],,[],,[],"[0.000, 0.000, 0.000, 0.000, 0.388, 0.000, 0.000, 0.259]"
2902,116.08,116.12,silence,0.368103563785553,,[],,[],,[],"[0.000, 0.000, 0.000, 0.000, 0.238, 0.000, 0.000, 0.368]"
2903,116.12,116.16,silence,0.48554176092147827,,[],,[],,[],"[0.000, 0.000, 0.000, 0.000, 0.137, 0.000, 0.000, 0.486]"
2904,116.16,116.2,silence,0.5956465601921082,silence,[0.596],,[],,[],"[0.000, 0.000, 0.000, 0.000, 0.078, 0.000, 0.000, 0.596]"
2905,116.2,116.24,silence,0.6874573230743408,silence,[0.687],,[],,[],"[0.000, 0.000, 0.000, 0.000, 0.046, 0.000, 0.000, 0.687]"
2906,116.24,116.28,silence,0.7574034333229065,silence,[0.757],,[],,[],"[0.000, 0.000, 0.000, 0.000, 0.028, 0.000, 0.000, 0.757]"
2907,116.28,116.32,silence,0.8073694109916687,silence,[0.807],,[],,[],"[0.000, 0.000, 0.000, 0.000, 0.018, 0.000, 0.000, 0.807]"
2908,116.32,116.36,silence,0.8413634300231934,silence,[0.841],,[],,[],"[0.000, 0.000, 0.000, 0.000, 0.013, 0.000, 0.000, 0.841]"
2909,116.36,116.4,silence,0.8631651401519775,silence,[0.863],,[],,[],"[0.000, 0.000, 0.000, 0.000, 0.009, 0.000, 0.000, 0.863]"
2910,116.4,116.44,silence,0.8756333589553833,silence,[0.876],,[],,[],"[0.000, 0.000, 0.000, 0.000, 0.008, 0.000, 0.000, 0.876]"
2911,116.44,116.48,silence,0.8805689215660095,silence,[0.881],,[],,[],"[0.000, 0.000, 0.000, 0.000, 0.007, 0.000, 0.000, 0.881]"
2912,116.48,116.52,silence,0.8786907196044922,silence,[0.879],,[],,[],"[0.000, 0.000, 0.000, 0.000, 0.006, 0.000, 0.000, 0.879]"
2913,116.52,116.56,silence,0.8699005246162415,silence,[0.870],,[],,[],"[0.000, 0.000, 0.000, 0.000, 0.007, 0.000, 0.000, 0.870]"
2914,116.56,116.6,silence,0.853163480758667,silence,[0.853],,[],,[],"[0.000, 0.000, 0.000, 0.000, 0.008, 0.000, 0.000, 0.853]"
2915,116.6,116.64,silence,0.8264568448066711,silence,[0.826],,[],,[],"[0.000, 0.000, 0.000, 0.000, 0.009, 0.000, 0.000, 0.826]"
2916,116.64,116.68,silence,0.7868873476982117,silence,[0.787],,[],,[],"[0.000, 0.000, 0.000, 0.000, 0.013, 0.000, 0.000, 0.787]"
2917,116.68,116.72,silence,0.7310401201248169,silence,[0.731],,[],,[],"[0.000, 0.000, 0.000, 0.000, 0.018, 0.000, 0.000, 0.731]"
2918,116.72,116.76,silence,0.6562313437461853,silence,[0.656],,[],,[],"[0.000, 0.000, 0.000, 0.000, 0.028, 0.000, 0.000, 0.656]"
2919,116.76,116.8,silence,0.5624343752861023,silence,[0.562],,[],,[],"[0.000, 0.000, 0.000, 0.000, 0.046, 0.000, 0.000, 0.562]"
2920,116.8,116.84,silence,0.4548092484474182,,[],,[],,[],"[0.000, 0.000, 0.000, 0.000, 0.079, 0.000, 0.000, 0.455]"
2921,116.84,116.88,silence,0.34411245584487915,,[],,[],,[],"[0.000, 0.000, 0.000, 0.000, 0.137, 0.000, 0.000, 0.344]"
2922,116.88,116.92,silence,0.24329343438148499,,[],,[],,[],"[0.000, 0.000, 0.000, 0.000, 0.234, 0.000, 0.000, 0.243]"
2923,116.92,116.96,silence,0.16186955571174622,,[],,[],,[],"[0.000, 0.000, 0.000, 0.000, 0.376, 0.000, 0.000, 0.162]"
2924,116.96,117.0,Liz,0.5494012832641602,Liz,[0.549],,[],,[],"[0.000, 0.000, 0.000, 0.000, 0.549, 0.000, 0.000, 0.103]"
2925,117.0,117.04,Liz,0.7131097316741943,Liz,[0.713],,[],,[],"[0.000, 0.000, 0.000, 0.000, 0.713, 0.000, 0.000, 0.063]"
2926,117.04,117.08,Liz,0.8350512981414795,Liz,[0.835],,[],,[],"[0.000, 0.000, 0.000, 0.000, 0.835, 0.000, 0.000, 0.038]"
2927,117.08,117.12,Liz,0.9107060432434082,Liz,[0.911],,[],,[],"[0.000, 0.000, 0.000, 0.000, 0.911, 0.000, 0.000, 0.023]"
2928,117.12,117.16,Liz,0.9527689218521118,Liz,[0.953],,[],,[],"[0.000, 0.000, 0.000, 0.000, 0.953, 0.000, 0.000, 0.014]"
2929,117.16,117.2,Liz,0.9749379754066467,Liz,[0.975],,[],,[],"[0.000, 0.000, 0.000, 0.000, 0.975, 0.000, 0.000, 0.009]"
2930,117.2,117.24,Liz,0.9864192605018616,Liz,[0.986],,[],,[],"[0.000, 0.000, 0.000, 0.000, 0.986, 0.000, 0.000, 0.006]"
2931,117.24,117.28,Liz,0.9924002885818481,Liz,[0.992],,[],,[],"[0.000, 0.000, 0.000, 0.000, 0.992, 0.000, 0.000, 0.004]"
2932,117.28,117.32,Liz,0.9955694079399109,Liz,[0.996],,[],,[],"[0.000, 0.000, 0.000, 0.000, 0.996, 0.000, 0.000, 0.003]"
2933,117.32,117.36,Liz,0.9972954392433167,Liz,[0.997],,[],,[],"[0.000, 0.000, 0.000, 0.000, 0.997, 0.000, 0.000, 0.002]"
2934,117.36,117.4,Liz,0.9982654452323914,Liz,[0.998],,[],,[],"[0.000, 0.000, 0.000, 0.000, 0.998, 0.000, 0.000, 0.001]"
2935,117.4,117.44,Liz,0.9988242983818054,Liz,[0.999],,[],,[],"[0.000, 0.000, 0.000, 0.000, 0.999, 0.000, 0.000, 0.001]"
2936,117.44,117.48,Liz,0.9991530179977417,Liz,[0.999],,[],,[],"[0.000, 0.000, 0.000, 0.000, 0.999, 0.000, 0.000, 0.001]"
2937,117.48,117.52,Liz,0.9993482232093811,Liz,[0.999],,[],,[],"[0.000, 0.000, 0.000, 0.000, 0.999, 0.000, 0.000, 0.001]"
2938,117.52,117.56,Liz,0.999461829662323,Liz,[0.999],,[],,[],"[0.000, 0.000, 0.000, 0.000, 0.999, 0.000, 0.000, 0.001]"
2939,117.56,117.6,Liz,0.9995214939117432,Liz,[1.000],,[],,[],"[0.000, 0.000, 0.000, 0.000, 1.000, 0.000, 0.000, 0.001]"
2940,117.6,117.64,Liz,0.9995402097702026,Liz,[1.000],,[],,[],"[0.000, 0.000, 0.000, 0.000, 1.000, 0.000, 0.000, 0.001]"
2941,117.64,117.68,Liz,0.9995220899581909,Liz,[1.000],,[],,[],"[0.000, 0.000, 0.000, 0.000, 1.000, 0.000, 0.000, 0.001]"
2942,117.68,117.72,Liz,0.9994630217552185,Liz,[0.999],,[],,[],"[0.000, 0.000, 0.000, 0.000, 0.999, 0.000, 0.000, 0.001]"
2943,117.72,117.76,Liz,0.9993506073951721,Liz,[0.999],,[],,[],"[0.000, 0.000, 0.000, 0.000, 0.999, 0.000, 0.000, 0.001]"
2944,117.76,117.8,Liz,0.9991612434387207,Liz,[0.999],,[],,[],"[0.000, 0.000, 0.000, 0.000, 0.999, 0.000, 0.000, 0.001]"
2945,117.8,117.84,Liz,0.9988536834716797,Liz,[0.999],,[],,[],"[0.000, 0.000, 0.000, 0.000, 0.999, 0.000, 0.000, 0.002]"
2946,117.84,117.88,Liz,0.9983610510826111,Liz,[0.998],,[],,[],"[0.000, 0.000, 0.000, 0.000, 0.998, 0.000, 0.000, 0.002]"
2947,117.88,117.92,Liz,0.9975743889808655,Liz,[0.998],,[],,[],"[0.000, 0.000, 0.000, 0.000, 0.998, 0.000, 0.000, 0.003]"
2948,117.92,117.96,Liz,0.9963139891624451,Liz,[0.996],,[],,[],"[0.000, 0.000, 0.000, 0.000, 0.996, 0.000, 0.000, 0.005]"
2949,117.96,118.0,Liz,0.9942895174026489,Liz,[0.994],,[],,[],"[0.000, 0.000, 0.000, 0.000, 0.994, 0.000, 0.000, 0.007]"
2950,118.0,118.04,Liz,0.9910558462142944,Liz,[0.991],,[],,[],"[0.000, 0.000, 0.000, 0.000, 0.991, 0.000, 0.000, 0.011]"
2951,118.04,118.08,Liz,0.9859731197357178,Liz,[0.986],,[],,[],"[0.000, 0.000, 0.000, 0.000, 0.986, 0.000, 0.000, 0.017]"
2952,118.08,118.12,Liz,0.978206992149353,Liz,[0.978],,[],,[],"[0.000, 0.000, 0.000, 0.000, 0.978, 0.000, 0.000, 0.025]"
2953,118.12,118.16,Liz,0.9668580293655396,Liz,[0.967],,[],,[],"[0.000, 0.000, 0.000, 0.000, 0.967, 0.000, 0.000, 0.038]"
2954,118.16,118.2,Liz,0.9512242674827576,Liz,[0.951],,[],,[],"[0.000, 0.000, 0.000, 0.000, 0.951, 0.000, 0.000, 0.054]"
2955,118.2,118.24,Liz,0.9310716986656189,Liz,[0.931],,[],,[],"[0.000, 0.000, 0.000, 0.000, 0.931, 0.000, 0.000, 0.077]"
2956,118.24,118.28,Liz,0.907093346118927,Liz,[0.907],,[],,[],"[0.000, 0.000, 0.000, 0.000, 0.907, 0.000, 0.000, 0.105]"
2957,118.28,118.32,Liz,0.8810352683067322,Liz,[0.881],,[],,[],"[0.000, 0.000, 0.000, 0.000, 0.881, 0.000, 0.000, 0.138]"
2958,118.32,118.36,Liz,0.8554983735084534,Liz,[0.855],,[],,[],"[0.000, 0.000, 0.000, 0.000, 0.855, 0.000, 0.000, 0.174]"
2959,118.36,118.4,Liz,0.8335124850273132,Liz,[0.834],,[],,[],"[0.000, 0.000, 0.000, 0.000, 0.834, 0.000, 0.000, 0.212]"
2960,118.4,118.44,Liz,0.8180649876594543,Liz,[0.818],,[],,[],"[0.000, 0.000, 0.000, 0.000, 0.818, 0.000, 0.000, 0.248]"
2961,118.44,118.48,Liz,0.8114743232727051,Liz,[0.811],,[],,[],"[0.000, 0.000, 0.000, 0.000, 0.811, 0.000, 0.000, 0.279]"
2962,118.48,118.52,Liz,0.8147655129432678,Liz,[0.815],,[],,[],"[0.000, 0.000, 0.000, 0.000, 0.815, 0.000, 0.000, 0.302]"
2963,118.52,118.56,Liz,0.8276180028915405,Liz,[0.828],,[],,[],"[0.000, 0.000, 0.000, 0.000, 0.828, 0.000, 0.000, 0.317]"
2964,118.56,118.6,Liz,0.8483948707580566,Liz,[0.848],,[],,[],"[0.000, 0.000, 0.000, 0.000, 0.848, 0.000, 0.000, 0.321]"
2965,118.6,118.64,Liz,0.8742020726203918,Liz,[0.874],,[],,[],"[0.000, 0.000, 0.000, 0.000, 0.874, 0.000, 0.000, 0.315]"
2966,118.64,118.68,Liz,0.901620626449585,Liz,[0.902],,[],,[],"[0.000, 0.000, 0.000, 0.000, 0.902, 0.000, 0.000, 0.299]"
2967,118.68,118.72,Liz,0.9274646639823914,Liz,[0.927],,[],,[],"[0.000, 0.000, 0.000, 0.000, 0.927, 0.000, 0.000, 0.274]"
2968,118.72,118.76,Liz,0.9494327902793884,Liz,[0.949],,[],,[],"[0.000, 0.000, 0.000, 0.000, 0.949, 0.000, 0.000, 0.243]"
2969,118.76,118.8,Liz,0.9664726853370667,Liz,[0.966],,[],,[],"[0.000, 0.000, 0.000, 0.000, 0.966, 0.000, 0.000, 0.208]"
2970,118.8,118.84,Liz,0.9786894917488098,Liz,[0.979],,[],,[],"[0.000, 0.000, 0.000, 0.000, 0.979, 0.000, 0.000, 0.173]"
2971,118.84,118.88,Liz,0.9868862628936768,Liz,[0.987],,[],,[],"[0.000, 0.000, 0.000, 0.000, 0.987, 0.000, 0.000, 0.138]"
2972,118.88,118.92,Liz,0.9920984506607056,Liz,[0.992],,[],,[],"[0.000, 0.000, 0.000, 0.000, 0.992, 0.000, 0.000, 0.108]"
2973,118.92,118.96,Liz,0.9952899217605591,Liz,[0.995],,[],,[],"[0.000, 0.000, 0.000, 0.000, 0.995, 0.000, 0.000, 0.082]"
2974,118.96,119.0,Liz,0.997197151184082,Liz,[0.997],,[],,[],"[0.000, 0.000, 0.000, 0.000, 0.997, 0.000, 0.000, 0.061]"
2975,119.0,119.04,Liz,0.9983219504356384,Liz,[0.998],,[],,[],"[0.000, 0.000, 0.000, 0.000, 0.998, 0.000, 0.000, 0.045]"
2976,119.04,119.08,Liz,0.9989810585975647,Liz,[0.999],,[],,[],"[0.000, 0.000, 0.000, 0.000, 0.999, 0.000, 0.000, 0.033]"
2977,119.08,119.12,Liz,0.999367892742157,Liz,[0.999],,[],,[],"[0.000, 0.000, 0.000, 0.000, 0.999, 0.000, 0.000, 0.024]"
2978,119.12,119.16,Liz,0.999596893787384,Liz,[1.000],,[],,[],"[0.000, 0.000, 0.000, 0.000, 1.000, 0.000, 0.000, 0.017]"
2979,119.16,119.2,Liz,0.9997343420982361,Liz,[1.000],,[],,[],"[0.000, 0.000, 0.000, 0.000, 1.000, 0.000, 0.000, 0.012]"
2980,119.2,119.24,Liz,0.9998185038566589,Liz,[1.000],,[],,[],"[0.000, 0.000, 0.000, 0.000, 1.000, 0.000, 0.000, 0.009]"
2981,119.24,119.28,Liz,0.999871015548706,Liz,[1.000],,[],,[],"[0.000, 0.000, 0.000, 0.000, 1.000, 0.000, 0.000, 0.007]"
2982,119.28,119.32,Liz,0.9999042749404907,Liz,[1.000],,[],,[],"[0.000, 0.000, 0.000, 0.000, 1.000, 0.000, 0.000, 0.005]"
2983,119.32,119.36,Liz,0.9999257326126099,Liz,[1.000],,[],,[],"[0.000, 0.000, 0.000, 0.000, 1.000, 0.000, 0.000, 0.004]"
2984,119.36,119.4,Liz,0.9999396800994873,Liz,[1.000],,[],,[],"[0.000, 0.000, 0.000, 0.000, 1.000, 0.000, 0.000, 0.003]"
2985,119.4,119.44,Liz,0.9999487400054932,Liz,[1.000],,[],,[],"[0.000, 0.000, 0.000, 0.000, 1.000, 0.000, 0.000, 0.002]"
2986,119.44,119.48,Liz,0.9999545812606812,Liz,[1.000],,[],,[],"[0.000, 0.000, 0.000, 0.000, 1.000, 0.000, 0.000, 0.002]"
2987,119.48,119.52,Liz,0.9999583959579468,Liz,[1.000],,[],,[],"[0.000, 0.000, 0.000, 0.000, 1.000, 0.000, 0.000, 0.001]"
2988,119.52,119.56,Liz,0.9999607801437378,Liz,[1.000],,[],,[],"[0.000, 0.000, 0.000, 0.000, 1.000, 0.000, 0.000, 0.001]"
2989,119.56,119.6,Liz,0.9999620914459229,Liz,[1.000],,[],,[],"[0.000, 0.000, 0.000, 0.000, 1.000, 0.000, 0.000, 0.001]"
2990,119.6,119.64,Liz,0.9999628067016602,Liz,[1.000],,[],,[],"[0.000, 0.000, 0.000, 0.000, 1.000, 0.000, 0.000, 0.001]"
2991,119.64,119.68,Liz,0.9999632835388184,Liz,[1.000],,[],,[],"[0.000, 0.000, 0.000, 0.000, 1.000, 0.000, 0.000, 0.001]"
2992,119.68,119.72,Liz,0.9999637603759766,Liz,[1.000],,[],,[],"[0.000, 0.000, 0.000, 0.000, 1.000, 0.000, 0.000, 0.000]"
2993,119.72,119.76,Liz,0.9999645948410034,Liz,[1.000],,[],,[],"[0.000, 0.000, 0.000, 0.000, 1.000, 0.000, 0.000, 0.000]"
2994,119.76,119.8,Liz,0.9999659061431885,Liz,[1.000],,[],,[],"[0.000, 0.000, 0.000, 0.000, 1.000, 0.000, 0.000, 0.000]"
2995,119.8,119.84,Liz,0.9999679327011108,Liz,[1.000],,[],,[],"[0.000, 0.000, 0.000, 0.000, 1.000, 0.000, 0.000, 0.000]"
2996,119.84,119.88,Liz,0.999970555305481,Liz,[1.000],Liz,"[0.000, 0.000, 0.000, 0.000, 0.503, 0.000, 0.000]",,[],"[0.000, 0.000, 0.000, 0.000, 1.000, 0.000, 0.000, 0.000]"
2997,119.88,119.92,Liz,0.9999737739562988,Liz,[1.000],Liz,"[0.000, 0.000, 0.000, 0.000, 0.525, 0.000, 0.000]",,[],"[0.000, 0.000, 0.000, 0.000, 1.000, 0.000, 0.000, 0.000]"
2998,119.92,119.96,Liz,0.9999772310256958,Liz,[1.000],Liz,"[0.000, 0.000, 0.000, 0.000, 0.519, 0.000, 0.000]",,[],"[0.000, 0.000, 0.000, 0.000, 1.000, 0.000, 0.000, 0.000]"
2999,119.96,120.0,Liz,0.9999806880950928,Liz,[1.000],Liz,"[0.000, 0.000, 0.000, 0.000, 0.487, 0.000, 0.000]",,[],"[0.000, 0.000, 0.000, 0.000, 1.000, 0.000, 0.000, 0.000]"
3000,120.0,120.04,Liz,0.9999841451644897,Liz,[1.000],Liz,"[0.000, 0.000, 0.000, 0.000, 0.430, 0.000, 0.000]",,[],"[0.000, 0.000, 0.000, 0.000, 1.000, 0.000, 0.000, 0.000]"
3001,120.04,120.08,Liz,0.9999872446060181,Liz,[1.000],,[],,[],"[0.000, 0.000, 0.000, 0.000, 1.000, 0.000, 0.000, 0.000]"
3002,120.08,120.12,Liz,0.9999898672103882,Liz,[1.000],,[],,[],"[0.000, 0.000, 0.000, 0.000, 1.000, 0.000, 0.000, 0.000]"
3003,120.12,120.16,Liz,0.9999920129776001,Liz,[1.000],,[],,[],"[0.000, 0.000, 0.000, 0.000, 1.000, 0.000, 0.000, 0.000]"
3004,120.16,120.2,Liz,0.9999936819076538,Liz,[1.000],,[],,[],"[0.000, 0.000, 0.000, 0.000, 1.000, 0.000, 0.000, 0.000]"
3005,120.2,120.24,Liz,0.9999951124191284,Liz,[1.000],,[],,[],"[0.000, 0.000, 0.000, 0.000, 1.000, 0.000, 0.000, 0.000]"
3006,120.24,120.28,Liz,0.9999960660934448,Liz,[1.000],,[],,[],"[0.000, 0.000, 0.000, 0.000, 1.000, 0.000, 0.000, 0.000]"
3007,120.28,120.32,Liz,0.9999967813491821,Liz,[1.000],,[],,[],"[0.000, 0.000, 0.000, 0.000, 1.000, 0.000, 0.000, 0.000]"
3008,120.32,120.36,Liz,0.9999973773956299,Liz,[1.000],,[],,[],"[0.000, 0.000, 0.000, 0.000, 1.000, 0.000, 0.000, 0.000]"
3009,120.36,120.4,Liz,0.9999977350234985,Liz,[1.000],,[],,[],"[0.000, 0.000, 0.000, 0.000, 1.000, 0.000, 0.000, 0.000]"
3010,120.4,120.44,Liz,0.9999979734420776,Liz,[1.000],,[],,[],"[0.000, 0.000, 0.000, 0.000, 1.000, 0.000, 0.000, 0.000]"
3011,120.44,120.48,Liz,0.9999979734420776,Liz,[1.000],,[],,[],"[0.000, 0.000, 0.000, 0.000, 1.000, 0.000, 0.000, 0.000]"
3012,120.48,120.52,Liz,0.9999979734420776,Liz,[1.000],,[],,[],"[0.000, 0.000, 0.000, 0.000, 1.000, 0.000, 0.000, 0.000]"
3013,120.52,120.56,Liz,0.9999977350234985,Liz,[1.000],,[],,[],"[0.000, 0.000, 0.000, 0.000, 1.000, 0.000, 0.000, 0.000]"
3014,120.56,120.6,Liz,0.9999973773956299,Liz,[1.000],,[],,[],"[0.000, 0.000, 0.000, 0.000, 1.000, 0.000, 0.000, 0.000]"
3015,120.6,120.64,Liz,0.9999966621398926,Liz,[1.000],,[],,[],"[0.000, 0.000, 0.000, 0.000, 1.000, 0.000, 0.000, 0.000]"
3016,120.64,120.68,Liz,0.9999953508377075,Liz,[1.000],,[],,[],"[0.000, 0.000, 0.000, 0.000, 1.000, 0.000, 0.000, 0.000]"
3017,120.68,120.72,Liz,0.999993085861206,Liz,[1.000],,[],,[],"[0.000, 0.000, 0.000, 0.000, 1.000, 0.000, 0.000, 0.000]"
3018,120.72,120.76,Liz,0.9999889135360718,Liz,[1.000],,[],,[],"[0.000, 0.000, 0.000, 0.000, 1.000, 0.000, 0.000, 0.000]"
3019,120.76,120.8,Liz,0.9999809265136719,Liz,[1.000],,[],,[],"[0.000, 0.000, 0.000, 0.000, 1.000, 0.000, 0.000, 0.000]"
3020,120.8,120.84,Liz,0.9999655485153198,Liz,[1.000],,[],,[],"[0.000, 0.000, 0.000, 0.000, 1.000, 0.000, 0.000, 0.000]"
3021,120.84,120.88,Liz,0.9999349117279053,Liz,[1.000],,[],,[],"[0.000, 0.000, 0.000, 0.000, 1.000, 0.000, 0.000, 0.000]"
3022,120.88,120.92,Liz,0.9998732805252075,Liz,[1.000],,[],,[],"[0.000, 0.000, 0.000, 0.000, 1.000, 0.000, 0.000, 0.000]"
3023,120.92,120.96,Liz,0.9997475743293762,Liz,[1.000],,[],,[],"[0.000, 0.000, 0.000, 0.000, 1.000, 0.000, 0.000, 0.000]"
3024,120.96,121.0,Liz,0.9994919300079346,Liz,[0.999],,[],,[],"[0.000, 0.000, 0.000, 0.000, 0.999, 0.000, 0.000, 0.000]"
3025,121.0,121.04,Liz,0.9989752769470215,Liz,[0.999],,[],,[],"[0.000, 0.000, 0.000, 0.000, 0.999, 0.000, 0.000, 0.000]"
3026,121.04,121.08,Liz,0.997946560382843,Liz,[0.998],,[],,[],"[0.000, 0.000, 0.000, 0.000, 0.998, 0.000, 0.000, 0.000]"
3027,121.08,121.12,Liz,0.9959424138069153,Liz,[0.996],,[],,[],"[0.000, 0.000, 0.000, 0.000, 0.996, 0.000, 0.000, 0.001]"
3028,121.12,121.16,Liz,0.992151141166687,Liz,[0.992],,[],,[],"[0.000, 0.000, 0.000, 0.000, 0.992, 0.000, 0.000, 0.001]"
3029,121.16,121.2,Liz,0.985245406627655,Liz,[0.985],,[],,[],"[0.000, 0.000, 0.000, 0.000, 0.985, 0.000, 0.000, 0.001]"
3030,121.2,121.24,Liz,0.973214864730835,Liz,[0.973],,[],,[],"[0.000, 0.000, 0.000, 0.000, 0.973, 0.000, 0.000, 0.002]"
3031,121.24,121.28,Liz,0.9533518552780151,Liz,[0.953],,[],,[],"[0.000, 0.000, 0.000, 0.000, 0.953, 0.000, 0.000, 0.002]"
3032,121.28,121.32,Liz,0.9226333498954773,Liz,[0.923],,[],,[],"[0.000, 0.000, 0.000, 0.000, 0.923, 0.000, 0.000, 0.003]"
3033,121.32,121.36,Liz,0.8786124587059021,Liz,[0.879],,[],,[],"[0.000, 0.000, 0.000, 0.000, 0.879, 0.000, 0.000, 0.005]"
3034,121.36,121.4,Liz,0.8207991123199463,Liz,[0.821],,[],,[],"[0.000, 0.000, 0.000, 0.000, 0.821, 0.000, 0.000, 0.006]"
3035,121.4,121.44,Liz,0.7510324120521545,Liz,[0.751],,[],,[],"[0.000, 0.000, 0.000, 0.000, 0.751, 0.000, 0.000, 0.008]"
3036,121.44,121.48,Liz,0.6735952496528625,Liz,[0.674],,[],,[],"[0.000, 0.000, 0.000, 0.000, 0.674, 0.000, 0.000, 0.010]"
3037,121.48,121.52,Liz,0.5943389534950256,Liz,[0.594],,[],,[],"[0.000, 0.000, 0.000, 0.000, 0.594, 0.000, 0.000, 0.012]"
3038,121.52,121.56,Liz,0.5189921855926514,Liz,[0.519],,[],,[],"[0.000, 0.000, 0.000, 0.000, 0.519, 0.000, 0.000, 0.014]"
3039,121.56,121.6,silence,0.015762826427817345,,[],,[],,[],"[0.000, 0.000, 0.000, 0.000, 0.452, 0.000, 0.000, 0.016]"
3040,121.6,121.64,silence,0.017969584092497826,,[],,[],,[],"[0.000, 0.000, 0.000, 0.000, 0.394, 0.000, 0.000, 0.018]"
3041,121.64,121.68,silence,0.02029210701584816,,[],,[],,[],"[0.000, 0.000, 0.000, 0.000, 0.345, 0.000, 0.000, 0.020]"
3042,121.68,121.72,silence,0.02281619794666767,,[],,[],,[],"[0.000, 0.000, 0.000, 0.000, 0.304, 0.000, 0.000, 0.023]"
3043,121.72,121.76,silence,0.025635581463575363,,[],,[],,[],"[0.000, 0.000, 0.000, 0.000, 0.269, 0.000, 0.000, 0.026]"
3044,121.76,121.8,silence,0.028847958892583847,,[],,[],,[],"[0.000, 0.000, 0.000, 0.000, 0.239, 0.000, 0.000, 0.029]"
3045,121.8,121.84,silence,0.03250278905034065,,[],,[],,[],"[0.000, 0.000, 0.000, 0.000, 0.212, 0.000, 0.000, 0.033]"
3046,121.84,121.88,silence,0.036566369235515594,,[],,[],,[],"[0.000, 0.000, 0.000, 0.000, 0.188, 0.000, 0.000, 0.037]"
3047,121.88,121.92,silence,0.040906500071287155,,[],,[],,[],"[0.000, 0.000, 0.000, 0.000, 0.166, 0.000, 0.000, 0.041]"
3048,121.92,121.96,silence,0.04523809626698494,,[],,[],,[],"[0.000, 0.000, 0.000, 0.000, 0.146, 0.000, 0.000, 0.045]"
3049,121.96,122.0,silence,0.04924459010362625,,[],,[],,[],"[0.000, 0.000, 0.000, 0.000, 0.129, 0.000, 0.000, 0.049]"
3050,122.0,122.04,silence,0.052585627883672714,,[],,[],,[],"[0.000, 0.000, 0.000, 0.000, 0.113, 0.000, 0.000, 0.053]"
3051,122.04,122.08,silence,0.05483110249042511,,[],,[],,[],"[0.000, 0.000, 0.000, 0.000, 0.100, 0.000, 0.000, 0.055]"
3052,122.08,122.12,silence,0.055577974766492844,,[],,[],,[],"[0.000, 0.000, 0.000, 0.000, 0.088, 0.000, 0.000, 0.056]"
3053,122.12,122.16,silence,0.05462225526571274,,[],,[],,[],"[0.000, 0.000, 0.000, 0.000, 0.078, 0.000, 0.000, 0.055]"
3054,122.16,122.2,silence,0.0519753135740757,,[],,[],,[],"[0.000, 0.000, 0.000, 0.000, 0.069, 0.000, 0.000, 0.052]"
3055,122.2,122.24,silence,0.04780440405011177,,[],,[],,[],"[0.000, 0.000, 0.000, 0.000, 0.061, 0.000, 0.000, 0.048]"
3056,122.24,122.28,silence,0.04236612468957901,,[],,[],,[],"[0.000, 0.000, 0.000, 0.000, 0.055, 0.000, 0.000, 0.042]"
3057,122.28,122.32,silence,0.03605923801660538,,[],,[],,[],"[0.000, 0.000, 0.000, 0.000, 0.050, 0.000, 0.000, 0.036]"
3058,122.32,122.36,silence,0.029384100809693336,,[],,[],,[],"[0.000, 0.000, 0.000, 0.000, 0.046, 0.000, 0.000, 0.029]"
3059,122.36,122.4,silence,0.022841598838567734,,[],,[],,[],"[0.000, 0.000, 0.000, 0.000, 0.044, 0.000, 0.000, 0.023]"
3060,122.4,122.44,silence,0.01690399833023548,,[],,[],,[],"[0.000, 0.000, 0.000, 0.000, 0.043, 0.000, 0.000, 0.017]"
3061,122.44,122.48,silence,0.01188446581363678,,[],,[],,[],"[0.000, 0.000, 0.000, 0.000, 0.044, 0.000, 0.000, 0.012]"
3062,122.48,122.52,silence,0.007919498719274998,,[],,[],,[],"[0.000, 0.000, 0.000, 0.000, 0.046, 0.000, 0.000, 0.008]"
3063,122.52,122.56,silence,0.005010691005736589,,[],,[],,[],"[0.000, 0.000, 0.000, 0.000, 0.052, 0.000, 0.000, 0.005]"
3064,122.56,122.6,silence,0.0030259874183684587,,[],,[],,[],"[0.000, 0.000, 0.000, 0.000, 0.061, 0.000, 0.000, 0.003]"
3065,122.6,122.64,silence,0.001754405559040606,,[],,[],,[],"[0.000, 0.000, 0.000, 0.000, 0.074, 0.000, 0.000, 0.002]"
3066,122.64,122.68,silence,0.0009837023681029677,,[],,[],,[],"[0.000, 0.000, 0.000, 0.000, 0.096, 0.000, 0.000, 0.001]"
3067,122.68,122.72,silence,0.0005383718525990844,,[],,[],,[],"[0.000, 0.000, 0.000, 0.000, 0.129, 0.000, 0.000, 0.001]"
3068,122.72,122.76,silence,0.00029018186614848673,,[],,[],,[],"[0.000, 0.000, 0.000, 0.000, 0.178, 0.000, 0.000, 0.000]"
3069,122.76,122.8,silence,0.00015536411956418306,,[],,[],,[],"[0.000, 0.000, 0.000, 0.000, 0.249, 0.000, 0.000, 0.000]"
3070,122.8,122.84,silence,8.346833783434704e-05,,[],,[],,[],"[0.000, 0.000, 0.000, 0.000, 0.345, 0.000, 0.000, 0.000]"
3071,122.84,122.88,silence,4.542454189504497e-05,,[],,[],,[],"[0.000, 0.000, 0.000, 0.000, 0.464, 0.000, 0.000, 0.000]"
3072,122.88,122.92,Liz,0.59300696849823,Liz,[0.593],,[],,[],"[0.000, 0.000, 0.000, 0.000, 0.593, 0.000, 0.000, 0.000]"
3073,122.92,122.96,Liz,0.7143096327781677,Liz,[0.714],,[],,[],"[0.000, 0.000, 0.000, 0.000, 0.714, 0.000, 0.000, 0.000]"
3074,122.96,123.0,Liz,0.8127529621124268,Liz,[0.813],,[],,[],"[0.000, 0.000, 0.000, 0.000, 0.813, 0.000, 0.000, 0.000]"
3075,123.0,123.04,Liz,0.8832365274429321,Liz,[0.883],,[],,[],"[0.000, 0.000, 0.000, 0.000, 0.883, 0.000, 0.000, 0.000]"
3076,123.04,123.08,Liz,0.929298460483551,Liz,[0.929],,[],,[],"[0.000, 0.000, 0.000, 0.000, 0.929, 0.000, 0.000, 0.000]"
3077,123.08,123.12,Liz,0.957601010799408,Liz,[0.958],,[],,[],"[0.000, 0.000, 0.000, 0.000, 0.958, 0.000, 0.000, 0.000]"
3078,123.12,123.16,Liz,0.974384069442749,Liz,[0.974],,[],,[],"[0.000, 0.000, 0.000, 0.000, 0.974, 0.000, 0.000, 0.000]"
3079,123.16,123.2,Liz,0.9842212200164795,Liz,[0.984],,[],,[],"[0.000, 0.000, 0.000, 0.000, 0.984, 0.000, 0.000, 0.000]"
3080,123.2,123.24,Liz,0.9900368452072144,Liz,[0.990],,[],,[],"[0.000, 0.000, 0.000, 0.000, 0.990, 0.000, 0.000, 0.000]"
3081,123.24,123.28,Liz,0.9935286641120911,Liz,[0.994],,[],,[],"[0.000, 0.000, 0.000, 0.000, 0.994, 0.000, 0.000, 0.000]"
3082,123.28,123.32,Liz,0.9956600069999695,Liz,[0.996],,[],,[],"[0.000, 0.000, 0.000, 0.000, 0.996, 0.000, 0.000, 0.000]"
3083,123.32,123.36,Liz,0.996990442276001,Liz,[0.997],,[],,[],"[0.000, 0.000, 0.000, 0.000, 0.997, 0.000, 0.000, 0.000]"
3084,123.36,123.4,Liz,0.9978398084640503,Liz,[0.998],,[],,[],"[0.000, 0.000, 0.000, 0.000, 0.998, 0.000, 0.000, 0.000]"
3085,123.4,123.44,Liz,0.9983982443809509,Liz,[0.998],,[],,[],"[0.000, 0.000, 0.000, 0.000, 0.998, 0.000, 0.000, 0.000]"
3086,123.44,123.48,Liz,0.9987773299217224,Liz,[0.999],,[],,[],"[0.000, 0.000, 0.000, 0.000, 0.999, 0.000, 0.000, 0.000]"
3087,123.48,123.52,Liz,0.9990424513816833,Liz,[0.999],,[],,[],"[0.000, 0.000, 0.000, 0.000, 0.999, 0.000, 0.000, 0.000]"
3088,123.52,123.56,Liz,0.9992324113845825,Liz,[0.999],,[],,[],"[0.000, 0.000, 0.000, 0.000, 0.999, 0.000, 0.000, 0.000]"
3089,123.56,123.6,Liz,0.9993724226951599,Liz,[0.999],,[],,[],"[0.000, 0.000, 0.000, 0.000, 0.999, 0.000, 0.000, 0.000]"
3090,123.6,123.64,Liz,0.9994783997535706,Liz,[0.999],,[],,[],"[0.000, 0.000, 0.000, 0.000, 0.999, 0.000, 0.000, 0.000]"
3091,123.64,123.68,Liz,0.9995618462562561,Liz,[1.000],,[],,[],"[0.000, 0.000, 0.000, 0.000, 1.000, 0.000, 0.000, 0.000]"
3092,123.68,123.72,Liz,0.9996299743652344,Liz,[1.000],,[],,[],"[0.000, 0.000, 0.000, 0.000, 1.000, 0.000, 0.000, 0.000]"
3093,123.72,123.76,Liz,0.9996873140335083,Liz,[1.000],,[],,[],"[0.000, 0.000, 0.000, 0.000, 1.000, 0.000, 0.000, 0.000]"
3094,123.76,123.8,Liz,0.9997368454933167,Liz,[1.000],,[],,[],"[0.000, 0.000, 0.000, 0.000, 1.000, 0.000, 0.000, 0.000]"
3095,123.8,123.84,Liz,0.9997803568840027,Liz,[1.000],,[],,[],"[0.000, 0.000, 0.000, 0.000, 1.000, 0.000, 0.000, 0.000]"
3096,123.84,123.88,Liz,0.9998189806938171,Liz,[1.000],,[],,[],"[0.000, 0.000, 0.000, 0.000, 1.000, 0.000, 0.000, 0.000]"
3097,123.88,123.92,Liz,0.9998528957366943,Liz,[1.000],,[],,[],"[0.000, 0.000, 0.000, 0.000, 1.000, 0.000, 0.000, 0.000]"
3098,123.92,123.96,Liz,0.9998821020126343,Liz,[1.000],,[],,[],"[0.000, 0.000, 0.000, 0.000, 1.000, 0.000, 0.000, 0.000]"
3099,123.96,124.0,Liz,0.9999070167541504,Liz,[1.000],,[],,[],"[0.000, 0.000, 0.000, 0.000, 1.000, 0.000, 0.000, 0.000]"
3100,124.0,124.04,Liz,0.9999276399612427,Liz,[1.000],,[],,[],"[0.000, 0.000, 0.000, 0.000, 1.000, 0.000, 0.000, 0.000]"
3101,124.04,124.08,Liz,0.9999444484710693,Liz,[1.000],,[],,[],"[0.000, 0.000, 0.000, 0.000, 1.000, 0.000, 0.000, 0.000]"
3102,124.08,124.12,Liz,0.9999575614929199,Liz,[1.000],,[],,[],"[0.000, 0.000, 0.000, 0.000, 1.000, 0.000, 0.000, 0.000]"
3103,124.12,124.16,Liz,0.9999678134918213,Liz,[1.000],,[],,[],"[0.000, 0.000, 0.000, 0.000, 1.000, 0.000, 0.000, 0.000]"
3104,124.16,124.2,Liz,0.9999756813049316,Liz,[1.000],,[],,[],"[0.000, 0.000, 0.000, 0.000, 1.000, 0.000, 0.000, 0.000]"
3105,124.2,124.24,Liz,0.9999816417694092,Liz,[1.000],,[],,[],"[0.000, 0.000, 0.000, 0.000, 1.000, 0.000, 0.000, 0.000]"
3106,124.24,124.28,Liz,0.9999861717224121,Liz,[1.000],,[],,[],"[0.000, 0.000, 0.000, 0.000, 1.000, 0.000, 0.000, 0.000]"
3107,124.28,124.32,Liz,0.99998939037323,Liz,[1.000],,[],,[],"[0.000, 0.000, 0.000, 0.000, 1.000, 0.000, 0.000, 0.000]"
3108,124.32,124.36,Liz,0.9999918937683105,Liz,[1.000],,[],,[],"[0.000, 0.000, 0.000, 0.000, 1.000, 0.000, 0.000, 0.000]"
3109,124.36,124.4,Liz,0.9999935626983643,Liz,[1.000],,[],,[],"[0.000, 0.000, 0.000, 0.000, 1.000, 0.000, 0.000, 0.000]"
3110,124.4,124.44,Liz,0.9999947547912598,Liz,[1.000],,[],,[],"[0.000, 0.000, 0.000, 0.000, 1.000, 0.000, 0.000, 0.000]"
3111,124.44,124.48,Liz,0.9999957084655762,Liz,[1.000],,[],,[],"[0.000, 0.000, 0.000, 0.000, 1.000, 0.000, 0.000, 0.000]"
3112,124.48,124.52,Liz,0.9999961853027344,Liz,[1.000],,[],,[],"[0.000, 0.000, 0.000, 0.000, 1.000, 0.000, 0.000, 0.000]"
3113,124.52,124.56,Liz,0.999996542930603,Liz,[1.000],,[],,[],"[0.000, 0.000, 0.000, 0.000, 1.000, 0.000, 0.000, 0.000]"
3114,124.56,124.6,Liz,0.9999966621398926,Liz,[1.000],,[],,[],"[0.000, 0.000, 0.000, 0.000, 1.000, 0.000, 0.000, 0.000]"
3115,124.6,124.64,Liz,0.999996542930603,Liz,[1.000],,[],,[],"[0.000, 0.000, 0.000, 0.000, 1.000, 0.000, 0.000, 0.000]"
3116,124.64,124.68,Liz,0.9999961853027344,Liz,[1.000],,[],,[],"[0.000, 0.000, 0.000, 0.000, 1.000, 0.000, 0.000, 0.000]"
3117,124.68,124.72,Liz,0.9999955892562866,Liz,[1.000],,[],,[],"[0.000, 0.000, 0.000, 0.000, 1.000, 0.000, 0.000, 0.000]"
3118,124.72,124.76,Liz,0.9999942779541016,Liz,[1.000],,[],,[],"[0.000, 0.000, 0.000, 0.000, 1.000, 0.000, 0.000, 0.000]"
3119,124.76,124.8,Liz,0.9999920129776001,Liz,[1.000],,[],,[],"[0.000, 0.000, 0.000, 0.000, 1.000, 0.000, 0.000, 0.000]"
3120,124.8,124.84,Liz,0.9999878406524658,Liz,[1.000],,[],,[],"[0.000, 0.000, 0.000, 0.000, 1.000, 0.000, 0.000, 0.000]"
3121,124.84,124.88,Liz,0.9999797344207764,Liz,[1.000],,[],,[],"[0.000, 0.000, 0.000, 0.000, 1.000, 0.000, 0.000, 0.000]"
3122,124.88,124.92,Liz,0.9999629259109497,Liz,[1.000],,[],,[],"[0.000, 0.000, 0.000, 0.000, 1.000, 0.000, 0.000, 0.000]"
3123,124.92,124.96,Liz,0.9999251365661621,Liz,[1.000],,[],,[],"[0.000, 0.000, 0.000, 0.000, 1.000, 0.000, 0.000, 0.000]"
3124,124.96,125.0,Liz,0.9998346567153931,Liz,[1.000],,[],,[],"[0.000, 0.000, 0.000, 0.000, 1.000, 0.000, 0.000, 0.000]"
3125,125.0,125.04,Liz,0.9996008276939392,Liz,[1.000],,[],,[],"[0.000, 0.000, 0.000, 0.000, 1.000, 0.000, 0.000, 0.000]"
3126,125.04,125.08,Liz,0.9989548921585083,Liz,[0.999],,[],,[],"[0.000, 0.000, 0.000, 0.000, 0.999, 0.000, 0.000, 0.001]"
3127,125.08,125.12,Liz,0.9970685839653015,Liz,[0.997],,[],,[],"[0.000, 0.000, 0.000, 0.000, 0.997, 0.000, 0.000, 0.001]"
3128,125.12,125.16,Liz,0.991330623626709,Liz,[0.991],,[],,[],"[0.000, 0.000, 0.000, 0.000, 0.991, 0.000, 0.000, 0.002]"
3129,125.16,125.2,Liz,0.9735491871833801,Liz,[0.974],,[],,[],"[0.000, 0.000, 0.000, 0.000, 0.974, 0.000, 0.000, 0.005]"
3130,125.2,125.24,Liz,0.9197819232940674,Liz,[0.920],,[],,[],"[0.000, 0.000, 0.000, 0.000, 0.920, 0.000, 0.000, 0.009]"
3131,125.24,125.28,Liz,0.7773222327232361,Liz,[0.777],,[],,[],"[0.000, 0.000, 0.000, 0.000, 0.777, 0.000, 0.000, 0.019]"
3132,125.28,125.32,Liz,0.5121033787727356,Liz,[0.512],,[],,[],"[0.000, 0.000, 0.000, 0.000, 0.512, 0.000, 0.000, 0.039]"
3133,125.32,125.36,silence,0.07982902228832245,,[],,[],,[],"[0.000, 0.000, 0.000, 0.000, 0.239, 0.000, 0.000, 0.080]"
3134,125.36,125.4,silence,0.15857817232608795,,[],,[],,[],"[0.000, 0.000, 0.000, 0.000, 0.087, 0.000, 0.000, 0.159]"
3135,125.4,125.44,silence,0.2912946045398712,,[],,[],,[],"[0.000, 0.000, 0.000, 0.000, 0.028, 0.000, 0.000, 0.291]"
3136,125.44,125.48,silence,0.4712114930152893,,[],,[],,[],"[0.000, 0.000, 0.000, 0.000, 0.009, 0.000, 0.000, 0.471]"
3137,125.48,125.52,silence,0.6551324725151062,silence,[0.655],,[],,[],"[0.000, 0.000, 0.000, 0.000, 0.003, 0.000, 0.000, 0.655]"
3138,125.52,125.56,silence,0.7973575592041016,silence,[0.797],,[],,[],"[0.000, 0.000, 0.000, 0.000, 0.001, 0.000, 0.000, 0.797]"
3139,125.56,125.6,silence,0.8866523504257202,silence,[0.887],,[],,[],"[0.000, 0.000, 0.000, 0.000, 0.000, 0.000, 0.000, 0.887]"
3140,125.6,125.64,silence,0.9364712834358215,silence,[0.936],,[],,[],"[0.000, 0.000, 0.000, 0.000, 0.000, 0.000, 0.000, 0.936]"
3141,125.64,125.68,silence,0.9629547595977783,silence,[0.963],,[],,[],"[0.000, 0.000, 0.000, 0.000, 0.000, 0.000, 0.000, 0.963]"
3142,125.68,125.72,silence,0.9769466519355774,silence,[0.977],,[],,[],"[0.000, 0.000, 0.000, 0.000, 0.000, 0.000, 0.000, 0.977]"
3143,125.72,125.76,silence,0.9844255447387695,silence,[0.984],,[],,[],"[0.000, 0.000, 0.000, 0.000, 0.000, 0.000, 0.000, 0.984]"
3144,125.76,125.8,silence,0.9884449243545532,silence,[0.988],,[],,[],"[0.000, 0.000, 0.000, 0.000, 0.000, 0.000, 0.000, 0.988]"
3145,125.8,125.84,silence,0.9905279874801636,silence,[0.991],,[],,[],"[0.000, 0.000, 0.000, 0.000, 0.000, 0.000, 0.000, 0.991]"
3146,125.84,125.88,silence,0.9914036393165588,silence,[0.991],,[],,[],"[0.000, 0.000, 0.000, 0.000, 0.000, 0.000, 0.000, 0.991]"
3147,125.88,125.92,silence,0.9913596510887146,silence,[0.991],,[],,[],"[0.000, 0.000, 0.000, 0.000, 0.000, 0.000, 0.000, 0.991]"
3148,125.92,125.96,silence,0.990387499332428,silence,[0.990],,[],,[],"[0.000, 0.000, 0.000, 0.000, 0.000, 0.000, 0.000, 0.990]"
3149,125.96,126.0,silence,0.9881927371025085,silence,[0.988],,[],,[],"[0.000, 0.000, 0.000, 0.000, 0.000, 0.000, 0.000, 0.988]"
3150,126.0,126.04,silence,0.9840232133865356,silence,[0.984],,[],,[],"[0.000, 0.000, 0.000, 0.000, 0.000, 0.000, 0.000, 0.984]"
3151,126.04,126.08,silence,0.9762724041938782,silence,[0.976],,[],,[],"[0.000, 0.000, 0.000, 0.000, 0.000, 0.000, 0.000, 0.976]"
3152,126.08,126.12,silence,0.9616121053695679,silence,[0.962],,[],,[],"[0.000, 0.000, 0.000, 0.000, 0.000, 0.000, 0.000, 0.962]"
3153,126.12,126.16,silence,0.9332264065742493,silence,[0.933],,[],,[],"[0.000, 0.000, 0.000, 0.000, 0.000, 0.000, 0.000, 0.933]"
3154,126.16,126.2,silence,0.8778417110443115,silence,[0.878],,[],,[],"[0.000, 0.000, 0.000, 0.000, 0.001, 0.000, 0.000, 0.878]"
3155,126.2,126.24,silence,0.7744267582893372,silence,[0.774],,[],,[],"[0.000, 0.000, 0.000, 0.000, 0.002, 0.000, 0.000, 0.774]"
3156,126.24,126.28,silence,0.6060216426849365,silence,[0.606],,[],,[],"[0.000, 0.000, 0.000, 0.000, 0.005, 0.000, 0.000, 0.606]"
3157,126.28,126.32,silence,0.3949293792247772,,[],,[],,[],"[0.000, 0.000, 0.000, 0.000, 0.014, 0.000, 0.000, 0.395]"
3158,126.32,126.36,silence,0.20952993631362915,,[],,[],,[],"[0.000, 0.000, 0.000, 0.000, 0.045, 0.000, 0.000, 0.210]"
3159,126.36,126.4,silence,0.09428129345178604,,[],,[],,[],"[0.000, 0.000, 0.000, 0.000, 0.141, 0.000, 0.000, 0.094]"
3160,126.4,126.44,silence,0.038375720381736755,,[],,[],,[],"[0.000, 0.000, 0.000, 0.000, 0.371, 0.000, 0.000, 0.038]"
3161,126.44,126.48,Liz,0.6818291544914246,Liz,[0.682],,[],,[],"[0.000, 0.000, 0.000, 0.000, 0.682, 0.000, 0.000, 0.015]"
3162,126.48,126.52,Liz,0.8867703676223755,Liz,[0.887],,[],,[],"[0.000, 0.000, 0.000, 0.000, 0.887, 0.000, 0.000, 0.006]"
3163,126.52,126.56,Liz,0.9659547805786133,Liz,[0.966],,[],,[],"[0.000, 0.000, 0.000, 0.000, 0.966, 0.000, 0.000, 0.002]"
3164,126.56,126.6,Liz,0.9901548624038696,Liz,[0.990],,[],,[],"[0.000, 0.000, 0.000, 0.000, 0.990, 0.000, 0.000, 0.001]"
3165,126.6,126.64,Liz,0.9971129894256592,Liz,[0.997],,[],,[],"[0.000, 0.000, 0.000, 0.000, 0.997, 0.000, 0.000, 0.000]"
3166,126.64,126.68,Liz,0.9991229176521301,Liz,[0.999],,[],,[],"[0.000, 0.000, 0.000, 0.000, 0.999, 0.000, 0.000, 0.000]"
3167,126.68,126.72,Liz,0.9997209906578064,Liz,[1.000],,[],,[],"[0.000, 0.000, 0.000, 0.000, 1.000, 0.000, 0.000, 0.000]"
3168,126.72,126.76,Liz,0.9999064207077026,Liz,[1.000],,[],,[],"[0.000, 0.000, 0.000, 0.000, 1.000, 0.000, 0.000, 0.000]"
3169,126.76,126.8,Liz,0.9999668598175049,Liz,[1.000],,[],,[],"[0.000, 0.000, 0.000, 0.000, 1.000, 0.000, 0.000, 0.000]"
3170,126.8,126.84,Liz,0.9999874830245972,Liz,[1.000],,[],,[],"[0.000, 0.000, 0.000, 0.000, 1.000, 0.000, 0.000, 0.000]"
3171,126.84,126.88,Liz,0.9999949932098389,Liz,[1.000],,[],,[],"[0.000, 0.000, 0.000, 0.000, 1.000, 0.000, 0.000, 0.000]"
3172,126.88,126.92,Liz,0.9999978542327881,Liz,[1.000],,[],,[],"[0.000, 0.000, 0.000, 0.000, 1.000, 0.000, 0.000, 0.000]"
3173,126.92,126.96,Liz,0.9999990463256836,Liz,[1.000],,[],,[],"[0.000, 0.000, 0.000, 0.000, 1.000, 0.000, 0.000, 0.000]"
3174,126.96,127.0,Liz,0.9999995231628418,Liz,[1.000],,[],,[],"[0.000, 0.000, 0.000, 0.000, 1.000, 0.000, 0.000, 0.000]"
3175,127.0,127.04,Liz,0.9999997615814209,Liz,[1.000],,[],,[],"[0.000, 0.000, 0.000, 0.000, 1.000, 0.000, 0.000, 0.000]"
3176,127.04,127.08,Liz,0.9999998807907104,Liz,[1.000],,[],,[],"[0.000, 0.000, 0.000, 0.000, 1.000, 0.000, 0.000, 0.000]"
3177,127.08,127.12,Liz,0.9999998807907104,Liz,[1.000],,[],,[],"[0.000, 0.000, 0.000, 0.000, 1.000, 0.000, 0.000, 0.000]"
3178,127.12,127.16,Liz,1.0,Liz,[1.000],,[],,[],"[0.000, 0.000, 0.000, 0.000, 1.000, 0.000, 0.000, 0.000]"
3179,127.16,127.2,Liz,1.0,Liz,[1.000],,[],,[],"[0.000, 0.000, 0.000, 0.000, 1.000, 0.000, 0.000, 0.000]"
3180,127.2,127.24,Liz,1.0,Liz,[1.000],,[],,[],"[0.000, 0.000, 0.000, 0.000, 1.000, 0.000, 0.000, 0.000]"
3181,127.24,127.28,Liz,1.0,Liz,[1.000],,[],,[],"[0.000, 0.000, 0.000, 0.000, 1.000, 0.000, 0.000, 0.000]"
3182,127.28,127.32,Liz,1.0,Liz,[1.000],,[],,[],"[0.000, 0.000, 0.000, 0.000, 1.000, 0.000, 0.000, 0.000]"
3183,127.32,127.36,Liz,1.0,Liz,[1.000],,[],,[],"[0.000, 0.000, 0.000, 0.000, 1.000, 0.000, 0.000, 0.000]"
3184,127.36,127.4,Liz,1.0,Liz,[1.000],,[],,[],"[0.000, 0.000, 0.000, 0.000, 1.000, 0.000, 0.000, 0.000]"
3185,127.4,127.44,Liz,1.0,Liz,[1.000],,[],,[],"[0.000, 0.000, 0.000, 0.000, 1.000, 0.000, 0.000, 0.000]"
3186,127.44,127.48,Liz,1.0,Liz,[1.000],,[],,[],"[0.000, 0.000, 0.000, 0.000, 1.000, 0.000, 0.000, 0.000]"
3187,127.48,127.52,Liz,1.0,Liz,[1.000],,[],,[],"[0.000, 0.000, 0.000, 0.000, 1.000, 0.000, 0.000, 0.000]"
3188,127.52,127.56,Liz,1.0,Liz,[1.000],,[],,[],"[0.000, 0.000, 0.000, 0.000, 1.000, 0.000, 0.000, 0.000]"
3189,127.56,127.6,Liz,1.0,Liz,[1.000],,[],,[],"[0.000, 0.000, 0.000, 0.000, 1.000, 0.000, 0.000, 0.000]"
3190,127.6,127.64,Liz,1.0,Liz,[1.000],,[],,[],"[0.000, 0.000, 0.000, 0.000, 1.000, 0.000, 0.000, 0.000]"
3191,127.64,127.68,Liz,1.0,Liz,[1.000],,[],,[],"[0.000, 0.000, 0.000, 0.000, 1.000, 0.000, 0.000, 0.000]"
3192,127.68,127.72,Liz,1.0,Liz,[1.000],,[],,[],"[0.000, 0.000, 0.000, 0.000, 1.000, 0.000, 0.000, 0.000]"
3193,127.72,127.76,Liz,1.0,Liz,[1.000],,[],,[],"[0.000, 0.000, 0.000, 0.000, 1.000, 0.000, 0.000, 0.000]"
3194,127.76,127.8,Liz,1.0,Liz,[1.000],,[],,[],"[0.000, 0.000, 0.000, 0.000, 1.000, 0.000, 0.000, 0.000]"
3195,127.8,127.84,Liz,1.0,Liz,[1.000],,[],,[],"[0.000, 0.000, 0.000, 0.000, 1.000, 0.000, 0.000, 0.000]"
3196,127.84,127.88,Liz,1.0,Liz,[1.000],,[],,[],"[0.000, 0.000, 0.000, 0.000, 1.000, 0.000, 0.000, 0.000]"
3197,127.88,127.92,Liz,1.0,Liz,[1.000],,[],,[],"[0.000, 0.000, 0.000, 0.000, 1.000, 0.000, 0.000, 0.000]"
3198,127.92,127.96,Liz,1.0,Liz,[1.000],,[],,[],"[0.000, 0.000, 0.000, 0.000, 1.000, 0.000, 0.000, 0.000]"
3199,127.96,128.0,Liz,1.0,Liz,[1.000],,[],,[],"[0.000, 0.000, 0.000, 0.000, 1.000, 0.000, 0.000, 0.000]"
3200,128.0,128.04,Liz,1.0,Liz,[1.000],,[],,[],"[0.000, 0.000, 0.000, 0.000, 1.000, 0.000, 0.000, 0.000]"
3201,128.04,128.08,Liz,1.0,Liz,[1.000],,[],,[],"[0.000, 0.000, 0.000, 0.000, 1.000, 0.000, 0.000, 0.000]"
3202,128.08,128.12,Liz,0.9999998807907104,Liz,[1.000],,[],,[],"[0.000, 0.000, 0.000, 0.000, 1.000, 0.000, 0.000, 0.000]"
3203,128.12,128.16,Liz,0.9999998807907104,Liz,[1.000],,[],,[],"[0.000, 0.000, 0.000, 0.000, 1.000, 0.000, 0.000, 0.000]"
3204,128.16,128.2,Liz,0.9999997615814209,Liz,[1.000],,[],,[],"[0.000, 0.000, 0.000, 0.000, 1.000, 0.000, 0.000, 0.000]"
3205,128.2,128.24,Liz,0.9999996423721313,Liz,[1.000],,[],,[],"[0.000, 0.000, 0.000, 0.000, 1.000, 0.000, 0.000, 0.000]"
3206,128.24,128.28,Liz,0.9999992847442627,Liz,[1.000],,[],,[],"[0.000, 0.000, 0.000, 0.000, 1.000, 0.000, 0.000, 0.000]"
3207,128.28,128.32,Liz,0.9999984502792358,Liz,[1.000],,[],,[],"[0.000, 0.000, 0.000, 0.000, 1.000, 0.000, 0.000, 0.000]"
3208,128.32,128.36,Liz,0.9999966621398926,Liz,[1.000],,[],,[],"[0.000, 0.000, 0.000, 0.000, 1.000, 0.000, 0.000, 0.000]"
3209,128.36,128.4,Liz,0.9999921321868896,Liz,[1.000],,[],,[],"[0.000, 0.000, 0.000, 0.000, 1.000, 0.000, 0.000, 0.000]"
3210,128.4,128.44,Liz,0.9999808073043823,Liz,[1.000],,[],,[],"[0.000, 0.000, 0.000, 0.000, 1.000, 0.000, 0.000, 0.000]"
3211,128.44,128.48,Liz,0.9999510049819946,Liz,[1.000],,[],,[],"[0.000, 0.000, 0.000, 0.000, 1.000, 0.000, 0.000, 0.000]"
3212,128.48,128.52,Liz,0.9998704195022583,Liz,[1.000],,[],,[],"[0.000, 0.000, 0.000, 0.000, 1.000, 0.000, 0.000, 0.000]"
3213,128.52,128.56,Liz,0.9996479749679565,Liz,[1.000],,[],,[],"[0.000, 0.000, 0.000, 0.000, 1.000, 0.000, 0.000, 0.000]"
3214,128.56,128.6,Liz,0.9990264177322388,Liz,[0.999],,[],,[],"[0.000, 0.000, 0.000, 0.000, 0.999, 0.000, 0.000, 0.001]"
3215,128.6,128.64,Liz,0.9972896575927734,Liz,[0.997],,[],,[],"[0.000, 0.000, 0.000, 0.000, 0.997, 0.000, 0.000, 0.002]"
3216,128.64,128.68,Liz,0.9924833178520203,Liz,[0.992],,[],,[],"[0.000, 0.000, 0.000, 0.000, 0.992, 0.000, 0.000, 0.003]"
3217,128.68,128.72,Liz,0.9794492721557617,Liz,[0.979],,[],,[],"[0.000, 0.000, 0.000, 0.000, 0.979, 0.000, 0.000, 0.006]"
3218,128.72,128.76,Liz,0.9456030130386353,Liz,[0.946],,[],,[],"[0.000, 0.000, 0.000, 0.000, 0.946, 0.000, 0.000, 0.012]"
3219,128.76,128.8,Liz,0.8653063774108887,Liz,[0.865],,[],,[],"[0.000, 0.000, 0.000, 0.000, 0.865, 0.000, 0.000, 0.024]"
3220,128.8,128.84,Liz,0.707571268081665,Liz,[0.708],,[],,[],"[0.000, 0.000, 0.000, 0.000, 0.708, 0.000, 0.000, 0.046]"
3221,128.84,128.88,Liz,0.4821973443031311,Liz,[0.482],,[],,[],"[0.000, 0.000, 0.000, 0.000, 0.482, 0.000, 0.000, 0.086]"
3222,128.88,128.92,silence,0.15754608809947968,,[],,[],,[],"[0.000, 0.000, 0.000, 0.000, 0.269, 0.000, 0.000, 0.158]"
3223,128.92,128.96,silence,0.26932060718536377,,[],,[],,[],"[0.000, 0.000, 0.000, 0.000, 0.130, 0.000, 0.000, 0.269]"
3224,128.96,129.0,silence,0.4191092848777771,,[],,[],,[],"[0.000, 0.000, 0.000, 0.000, 0.059, 0.000, 0.000, 0.419]"
3225,129.0,129.04,silence,0.5827999711036682,silence,[0.583],,[],,[],"[0.000, 0.000, 0.000, 0.000, 0.027, 0.000, 0.000, 0.583]"
3226,129.04,129.08,silence,0.727003276348114,silence,[0.727],,[],,[],"[0.000, 0.000, 0.000, 0.000, 0.012, 0.000, 0.000, 0.727]"
3227,129.08,129.12,silence,0.8325181007385254,silence,[0.833],,[],,[],"[0.000, 0.000, 0.000, 0.000, 0.006, 0.000, 0.000, 0.833]"
3228,129.12,129.16,silence,0.9003399014472961,silence,[0.900],,[],,[],"[0.000, 0.000, 0.000, 0.000, 0.003, 0.000, 0.000, 0.900]"
3229,129.16,129.2,silence,0.9408670663833618,silence,[0.941],,[],,[],"[0.000, 0.000, 0.000, 0.000, 0.002, 0.000, 0.000, 0.941]"
3230,129.2,129.24,silence,0.9643401503562927,silence,[0.964],,[],,[],"[0.000, 0.000, 0.000, 0.000, 0.001, 0.000, 0.000, 0.964]"
3231,129.24,129.28,silence,0.9778432250022888,silence,[0.978],,[],,[],"[0.000, 0.000, 0.000, 0.000, 0.001, 0.000, 0.000, 0.978]"
3232,129.28,129.32,silence,0.9856557846069336,silence,[0.986],,[],,[],"[0.000, 0.000, 0.000, 0.000, 0.000, 0.000, 0.000, 0.986]"
3233,129.32,129.36,silence,0.990243136882782,silence,[0.990],,[],,[],"[0.000, 0.000, 0.000, 0.000, 0.000, 0.000, 0.000, 0.990]"
3234,129.36,129.4,silence,0.9929801821708679,silence,[0.993],,[],,[],"[0.000, 0.000, 0.000, 0.000, 0.000, 0.000, 0.000, 0.993]"
3235,129.4,129.44,silence,0.9946278929710388,silence,[0.995],,[],,[],"[0.000, 0.000, 0.000, 0.000, 0.000, 0.000, 0.000, 0.995]"
3236,129.44,129.48,silence,0.9956070780754089,silence,[0.996],,[],,[],"[0.000, 0.000, 0.000, 0.000, 0.000, 0.000, 0.000, 0.996]"
3237,129.48,129.52,silence,0.9961487054824829,silence,[0.996],,[],,[],"[0.000, 0.000, 0.000, 0.000, 0.000, 0.000, 0.000, 0.996]"
3238,129.52,129.56,silence,0.9963723421096802,silence,[0.996],,[],,[],"[0.000, 0.000, 0.000, 0.000, 0.000, 0.000, 0.000, 0.996]"
3239,129.56,129.6,silence,0.9963254332542419,silence,[0.996],,[],,[],"[0.000, 0.000, 0.000, 0.000, 0.000, 0.000, 0.000, 0.996]"
3240,129.6,129.64,silence,0.995995283126831,silence,[0.996],,[],,[],"[0.000, 0.000, 0.000, 0.000, 0.000, 0.000, 0.000, 0.996]"
3241,129.64,129.68,silence,0.9953072667121887,silence,[0.995],,[],,[],"[0.000, 0.000, 0.000, 0.000, 0.000, 0.000, 0.000, 0.995]"
3242,129.68,129.72,silence,0.9940945506095886,silence,[0.994],,[],,[],"[0.000, 0.000, 0.000, 0.000, 0.001, 0.000, 0.000, 0.994]"
3243,129.72,129.76,silence,0.9920378923416138,silence,[0.992],,[],,[],"[0.000, 0.000, 0.000, 0.000, 0.001, 0.000, 0.000, 0.992]"
3244,129.76,129.8,silence,0.9885464906692505,silence,[0.989],,[],,[],"[0.000, 0.000, 0.000, 0.000, 0.002, 0.000, 0.000, 0.989]"
3245,129.8,129.84,silence,0.9825276732444763,silence,[0.983],,[],,[],"[0.000, 0.000, 0.000, 0.000, 0.004, 0.000, 0.000, 0.983]"
3246,129.84,129.88,silence,0.9719517230987549,silence,[0.972],,[],,[],"[0.000, 0.000, 0.000, 0.000, 0.008, 0.000, 0.000, 0.972]"
3247,129.88,129.92,silence,0.9531124830245972,silence,[0.953],,[],,[],"[0.000, 0.000, 0.000, 0.000, 0.016, 0.000, 0.000, 0.953]"
3248,129.92,129.96,silence,0.9195199012756348,silence,[0.920],,[],,[],"[0.000, 0.000, 0.000, 0.000, 0.035, 0.000, 0.000, 0.920]"
3249,129.96,130.0,silence,0.8610034584999084,silence,[0.861],,[],,[],"[0.000, 0.000, 0.000, 0.000, 0.077, 0.000, 0.000, 0.861]"
3250,130.0,130.04,silence,0.765323281288147,silence,[0.765],,[],,[],"[0.000, 0.000, 0.000, 0.000, 0.166, 0.000, 0.000, 0.765]"
3251,130.04,130.08,silence,0.626643717288971,silence,[0.627],,[],,[],"[0.000, 0.000, 0.000, 0.000, 0.327, 0.000, 0.000, 0.627]"
3252,130.08,130.12,Liz,0.5462793707847595,Liz,[0.546],,[],,[],"[0.000, 0.000, 0.000, 0.000, 0.546, 0.000, 0.000, 0.459]"
3253,130.12,130.16,Liz,0.7507324814796448,Liz,[0.751],,[],,[],"[0.000, 0.000, 0.000, 0.000, 0.751, 0.000, 0.000, 0.299]"
3254,130.16,130.2,Liz,0.8830498456954956,Liz,[0.883],,[],,[],"[0.000, 0.000, 0.000, 0.000, 0.883, 0.000, 0.000, 0.176]"
3255,130.2,130.24,Liz,0.9495888352394104,Liz,[0.950],,[],,[],"[0.000, 0.000, 0.000, 0.000, 0.950, 0.000, 0.000, 0.097]"
3256,130.24,130.28,Liz,0.9789484143257141,Liz,[0.979],,[],,[],"[0.000, 0.000, 0.000, 0.000, 0.979, 0.000, 0.000, 0.052]"
3257,130.28,130.32,Liz,0.9912577867507935,Liz,[0.991],,[],,[],"[0.000, 0.000, 0.000, 0.000, 0.991, 0.000, 0.000, 0.028]"
3258,130.32,130.36,Liz,0.9963468909263611,Liz,[0.996],,[],,[],"[0.000, 0.000, 0.000, 0.000, 0.996, 0.000, 0.000, 0.015]"
3259,130.36,130.4,Liz,0.9984534978866577,Liz,[0.998],,[],,[],"[0.000, 0.000, 0.000, 0.000, 0.998, 0.000, 0.000, 0.008]"
3260,130.4,130.44,Liz,0.9993318915367126,Liz,[0.999],,[],,[],"[0.000, 0.000, 0.000, 0.000, 0.999, 0.000, 0.000, 0.005]"
3261,130.44,130.48,Liz,0.9997032284736633,Liz,[1.000],,[],,[],"[0.000, 0.000, 0.000, 0.000, 1.000, 0.000, 0.000, 0.003]"
3262,130.48,130.52,Liz,0.9998633861541748,Liz,[1.000],,[],,[],"[0.000, 0.000, 0.000, 0.000, 1.000, 0.000, 0.000, 0.002]"
3263,130.52,130.56,Liz,0.9999344348907471,Liz,[1.000],,[],,[],"[0.000, 0.000, 0.000, 0.000, 1.000, 0.000, 0.000, 0.001]"
3264,130.56,130.6,Liz,0.9999668598175049,Liz,[1.000],,[],,[],"[0.000, 0.000, 0.000, 0.000, 1.000, 0.000, 0.000, 0.001]"
3265,130.6,130.64,Liz,0.9999822378158569,Liz,[1.000],,[],,[],"[0.000, 0.000, 0.000, 0.000, 1.000, 0.000, 0.000, 0.000]"
3266,130.64,130.68,Liz,0.9999898672103882,Liz,[1.000],,[],,[],"[0.000, 0.000, 0.000, 0.000, 1.000, 0.000, 0.000, 0.000]"
3267,130.68,130.72,Liz,0.9999938011169434,Liz,[1.000],,[],,[],"[0.000, 0.000, 0.000, 0.000, 1.000, 0.000, 0.000, 0.000]"
3268,130.72,130.76,Liz,0.9999959468841553,Liz,[1.000],,[],,[],"[0.000, 0.000, 0.000, 0.000, 1.000, 0.000, 0.000, 0.000]"
3269,130.76,130.8,Liz,0.9999971389770508,Liz,[1.000],,[],,[],"[0.000, 0.000, 0.000, 0.000, 1.000, 0.000, 0.000, 0.000]"
3270,130.8,130.84,Liz,0.9999978542327881,Liz,[1.000],,[],,[],"[0.000, 0.000, 0.000, 0.000, 1.000, 0.000, 0.000, 0.000]"
3271,130.84,130.88,Liz,0.9999983310699463,Liz,[1.000],,[],,[],"[0.000, 0.000, 0.000, 0.000, 1.000, 0.000, 0.000, 0.000]"
3272,130.88,130.92,Liz,0.9999985694885254,Liz,[1.000],,[],,[],"[0.000, 0.000, 0.000, 0.000, 1.000, 0.000, 0.000, 0.000]"
3273,130.92,130.96,Liz,0.9999986886978149,Liz,[1.000],,[],,[],"[0.000, 0.000, 0.000, 0.000, 1.000, 0.000, 0.000, 0.000]"
3274,130.96,131.0,Liz,0.9999986886978149,Liz,[1.000],,[],,[],"[0.000, 0.000, 0.000, 0.000, 1.000, 0.000, 0.000, 0.000]"
3275,131.0,131.04,Liz,0.9999986886978149,Liz,[1.000],,[],,[],"[0.000, 0.000, 0.000, 0.000, 1.000, 0.000, 0.000, 0.000]"
3276,131.04,131.08,Liz,0.9999985694885254,Liz,[1.000],,[],,[],"[0.000, 0.000, 0.000, 0.000, 1.000, 0.000, 0.000, 0.000]"
3277,131.08,131.12,Liz,0.9999983310699463,Liz,[1.000],,[],,[],"[0.000, 0.000, 0.000, 0.000, 1.000, 0.000, 0.000, 0.000]"
3278,131.12,131.16,Liz,0.9999980926513672,Liz,[1.000],,[],,[],"[0.000, 0.000, 0.000, 0.000, 1.000, 0.000, 0.000, 0.000]"
3279,131.16,131.2,Liz,0.9999977350234985,Liz,[1.000],,[],,[],"[0.000, 0.000, 0.000, 0.000, 1.000, 0.000, 0.000, 0.000]"
3280,131.2,131.24,Liz,0.9999971389770508,Liz,[1.000],,[],,[],"[0.000, 0.000, 0.000, 0.000, 1.000, 0.000, 0.000, 0.000]"
3281,131.24,131.28,Liz,0.9999963045120239,Liz,[1.000],,[],,[],"[0.000, 0.000, 0.000, 0.000, 1.000, 0.000, 0.000, 0.000]"
3282,131.28,131.32,Liz,0.999995231628418,Liz,[1.000],,[],,[],"[0.000, 0.000, 0.000, 0.000, 1.000, 0.000, 0.000, 0.000]"
3283,131.32,131.36,Liz,0.9999936819076538,Liz,[1.000],,[],,[],"[0.000, 0.000, 0.000, 0.000, 1.000, 0.000, 0.000, 0.000]"
3284,131.36,131.4,Liz,0.9999915361404419,Liz,[1.000],,[],,[],"[0.000, 0.000, 0.000, 0.000, 1.000, 0.000, 0.000, 0.000]"
3285,131.4,131.44,Liz,0.9999886751174927,Liz,[1.000],,[],,[],"[0.000, 0.000, 0.000, 0.000, 1.000, 0.000, 0.000, 0.000]"
3286,131.44,131.48,Liz,0.9999845027923584,Liz,[1.000],,[],,[],"[0.000, 0.000, 0.000, 0.000, 1.000, 0.000, 0.000, 0.001]"
3287,131.48,131.52,Liz,0.99997878074646,Liz,[1.000],,[],,[],"[0.000, 0.000, 0.000, 0.000, 1.000, 0.000, 0.000, 0.001]"
3288,131.52,131.56,Liz,0.9999706745147705,Liz,[1.000],,[],,[],"[0.000, 0.000, 0.000, 0.000, 1.000, 0.000, 0.000, 0.001]"
3289,131.56,131.6,Liz,0.9999591112136841,Liz,[1.000],,[],,[],"[0.000, 0.000, 0.000, 0.000, 1.000, 0.000, 0.000, 0.001]"
3290,131.6,131.64,Liz,0.9999426603317261,Liz,[1.000],,[],,[],"[0.000, 0.000, 0.000, 0.000, 1.000, 0.000, 0.000, 0.001]"
3291,131.64,131.68,Liz,0.9999189376831055,Liz,[1.000],,[],,[],"[0.000, 0.000, 0.000, 0.000, 1.000, 0.000, 0.000, 0.001]"
3292,131.68,131.72,Liz,0.9998846054077148,Liz,[1.000],,[],,[],"[0.000, 0.000, 0.000, 0.000, 1.000, 0.000, 0.000, 0.001]"
3293,131.72,131.76,Liz,0.9998356103897095,Liz,[1.000],,[],,[],"[0.000, 0.000, 0.000, 0.000, 1.000, 0.000, 0.000, 0.001]"
3294,131.76,131.8,Liz,0.9997662901878357,Liz,[1.000],,[],,[],"[0.000, 0.000, 0.000, 0.000, 1.000, 0.000, 0.000, 0.001]"
3295,131.8,131.84,Liz,0.9996696710586548,Liz,[1.000],,[],,[],"[0.000, 0.000, 0.000, 0.000, 1.000, 0.000, 0.000, 0.001]"
3296,131.84,131.88,Liz,0.999537467956543,Liz,[1.000],,[],,[],"[0.000, 0.000, 0.000, 0.000, 1.000, 0.000, 0.000, 0.002]"
3297,131.88,131.92,Liz,0.9993599057197571,Liz,[0.999],,[],,[],"[0.000, 0.000, 0.000, 0.000, 0.999, 0.000, 0.000, 0.002]"
3298,131.92,131.96,Liz,0.9991270899772644,Liz,[0.999],,[],,[],"[0.000, 0.000, 0.000, 0.000, 0.999, 0.000, 0.000, 0.002]"
3299,131.96,132.0,Liz,0.9988318085670471,Liz,[0.999],,[],,[],"[0.000, 0.000, 0.000, 0.000, 0.999, 0.000, 0.000, 0.003]"
3300,132.0,132.04,Liz,0.9984732270240784,Liz,[0.998],,[],,[],"[0.000, 0.000, 0.000, 0.000, 0.998, 0.000, 0.000, 0.003]"
3301,132.04,132.08,Liz,0.9980602860450745,Liz,[0.998],,[],,[],"[0.000, 0.000, 0.000, 0.000, 0.998, 0.000, 0.000, 0.003]"
3302,132.08,132.12,Liz,0.9976075887680054,Liz,[0.998],,[],,[],"[0.000, 0.000, 0.000, 0.000, 0.998, 0.000, 0.000, 0.004]"
3303,132.12,132.16,Liz,0.9971375465393066,Liz,[0.997],,[],,[],"[0.000, 0.000, 0.000, 0.000, 0.997, 0.000, 0.000, 0.004]"
3304,132.16,132.2,Liz,0.9966799020767212,Liz,[0.997],,[],,[],"[0.000, 0.000, 0.000, 0.000, 0.997, 0.000, 0.000, 0.005]"
3305,132.2,132.24,Liz,0.996269702911377,Liz,[0.996],,[],,[],"[0.000, 0.000, 0.000, 0.000, 0.996, 0.000, 0.000, 0.005]"
3306,132.24,132.28,Liz,0.9959394931793213,Liz,[0.996],,[],,[],"[0.000, 0.000, 0.000, 0.000, 0.996, 0.000, 0.000, 0.005]"
3307,132.28,132.32,Liz,0.9957102537155151,Liz,[0.996],,[],,[],"[0.000, 0.000, 0.000, 0.000, 0.996, 0.000, 0.000, 0.006]"
3308,132.32,132.36,Liz,0.9955884218215942,Liz,[0.996],,[],,[],"[0.000, 0.000, 0.000, 0.000, 0.996, 0.000, 0.000, 0.006]"
3309,132.36,132.4,Liz,0.9955646991729736,Liz,[0.996],,[],,[],"[0.000, 0.000, 0.000, 0.000, 0.996, 0.000, 0.000, 0.006]"
3310,132.4,132.44,Liz,0.9956262111663818,Liz,[0.996],,[],,[],"[0.000, 0.000, 0.000, 0.000, 0.996, 0.000, 0.000, 0.006]"
3311,132.44,132.48,Liz,0.9957625269889832,Liz,[0.996],,[],,[],"[0.000, 0.000, 0.000, 0.000, 0.996, 0.000, 0.000, 0.006]"
3312,132.48,132.52,Liz,0.9959636926651001,Liz,[0.996],,[],,[],"[0.000, 0.000, 0.000, 0.000, 0.996, 0.000, 0.000, 0.006]"
3313,132.52,132.56,Liz,0.9962145686149597,Liz,[0.996],,[],,[],"[0.000, 0.000, 0.000, 0.000, 0.996, 0.000, 0.000, 0.006]"
3314,132.56,132.6,Liz,0.9965007305145264,Liz,[0.997],,[],,[],"[0.000, 0.000, 0.000, 0.000, 0.997, 0.000, 0.000, 0.005]"
3315,132.6,132.64,Liz,0.9968087077140808,Liz,[0.997],,[],,[],"[0.000, 0.000, 0.000, 0.000, 0.997, 0.000, 0.000, 0.005]"
3316,132.64,132.68,Liz,0.9971248507499695,Liz,[0.997],,[],,[],"[0.000, 0.000, 0.000, 0.000, 0.997, 0.000, 0.000, 0.004]"
3317,132.68,132.72,Liz,0.9974380731582642,Liz,[0.997],,[],,[],"[0.000, 0.000, 0.000, 0.000, 0.997, 0.000, 0.000, 0.004]"
3318,132.72,132.76,Liz,0.9977389574050903,Liz,[0.998],,[],,[],"[0.000, 0.000, 0.000, 0.000, 0.998, 0.000, 0.000, 0.003]"
3319,132.76,132.8,Liz,0.9980208873748779,Liz,[0.998],,[],,[],"[0.000, 0.000, 0.000, 0.000, 0.998, 0.000, 0.000, 0.003]"
3320,132.8,132.84,Liz,0.9982771873474121,Liz,[0.998],,[],,[],"[0.000, 0.000, 0.000, 0.000, 0.998, 0.000, 0.000, 0.002]"
3321,132.84,132.88,Liz,0.9985055923461914,Liz,[0.999],,[],,[],"[0.000, 0.000, 0.000, 0.000, 0.999, 0.000, 0.000, 0.002]"
3322,132.88,132.92,Liz,0.9987051486968994,Liz,[0.999],,[],,[],"[0.000, 0.000, 0.000, 0.000, 0.999, 0.000, 0.000, 0.002]"
3323,132.92,132.96,Liz,0.9988767504692078,Liz,[0.999],,[],,[],"[0.000, 0.000, 0.000, 0.000, 0.999, 0.000, 0.000, 0.001]"
3324,132.96,133.0,Liz,0.9990228414535522,Liz,[0.999],,[],,[],"[0.000, 0.000, 0.000, 0.000, 0.999, 0.000, 0.000, 0.001]"
3325,133.0,133.04,Liz,0.9991461038589478,Liz,[0.999],,[],,[],"[0.000, 0.000, 0.000, 0.000, 0.999, 0.000, 0.000, 0.001]"
3326,133.04,133.08,Liz,0.9992489218711853,Liz,[0.999],,[],,[],"[0.000, 0.000, 0.000, 0.000, 0.999, 0.000, 0.000, 0.001]"
3327,133.08,133.12,Liz,0.9993323683738708,Liz,[0.999],,[],,[],"[0.000, 0.000, 0.000, 0.000, 0.999, 0.000, 0.000, 0.001]"
3328,133.12,133.16,Liz,0.9993984699249268,Liz,[0.999],,[],,[],"[0.000, 0.000, 0.000, 0.000, 0.999, 0.000, 0.000, 0.001]"
3329,133.16,133.2,Liz,0.9994494318962097,Liz,[0.999],,[],,[],"[0.000, 0.000, 0.000, 0.000, 0.999, 0.000, 0.000, 0.001]"
3330,133.2,133.24,Liz,0.9994879961013794,Liz,[0.999],,[],,[],"[0.000, 0.000, 0.000, 0.000, 0.999, 0.000, 0.000, 0.001]"
3331,133.24,133.28,Liz,0.999516487121582,Liz,[1.000],,[],,[],"[0.000, 0.000, 0.000, 0.000, 1.000, 0.000, 0.000, 0.001]"
3332,133.28,133.32,Liz,0.9995361566543579,Liz,[1.000],,[],,[],"[0.000, 0.000, 0.000, 0.000, 1.000, 0.000, 0.000, 0.001]"
3333,133.32,133.36,Liz,0.9995483756065369,Liz,[1.000],,[],,[],"[0.000, 0.000, 0.000, 0.000, 1.000, 0.000, 0.000, 0.000]"
3334,133.36,133.4,Liz,0.9995549321174622,Liz,[1.000],,[],,[],"[0.000, 0.000, 0.000, 0.000, 1.000, 0.000, 0.000, 0.000]"
3335,133.4,133.44,Liz,0.9995574355125427,Liz,[1.000],,[],,[],"[0.000, 0.000, 0.000, 0.000, 1.000, 0.000, 0.000, 0.000]"
3336,133.44,133.48,Liz,0.9995570778846741,Liz,[1.000],,[],,[],"[0.000, 0.000, 0.000, 0.000, 1.000, 0.000, 0.000, 0.001]"
3337,133.48,133.52,Liz,0.9995551705360413,Liz,[1.000],,[],,[],"[0.000, 0.000, 0.000, 0.000, 1.000, 0.000, 0.000, 0.001]"
3338,133.52,133.56,Liz,0.9995530247688293,Liz,[1.000],,[],,[],"[0.000, 0.000, 0.000, 0.000, 1.000, 0.000, 0.000, 0.001]"
3339,133.56,133.6,Liz,0.9995529055595398,Liz,[1.000],,[],,[],"[0.000, 0.000, 0.000, 0.000, 1.000, 0.000, 0.000, 0.001]"
3340,133.6,133.64,Liz,0.9995574355125427,Liz,[1.000],,[],,[],"[0.000, 0.000, 0.000, 0.000, 1.000, 0.000, 0.000, 0.001]"
3341,133.64,133.68,Liz,0.9995681643486023,Liz,[1.000],,[],,[],"[0.000, 0.000, 0.000, 0.000, 1.000, 0.000, 0.000, 0.001]"
3342,133.68,133.72,Liz,0.9995852112770081,Liz,[1.000],,[],,[],"[0.000, 0.000, 0.000, 0.000, 1.000, 0.000, 0.000, 0.001]"
3343,133.72,133.76,Liz,0.999607503414154,Liz,[1.000],,[],,[],"[0.000, 0.000, 0.000, 0.000, 1.000, 0.000, 0.000, 0.001]"
3344,133.76,133.8,Liz,0.9996335506439209,Liz,[1.000],,[],,[],"[0.000, 0.000, 0.000, 0.000, 1.000, 0.000, 0.000, 0.001]"
3345,133.8,133.84,Liz,0.999661922454834,Liz,[1.000],,[],,[],"[0.000, 0.000, 0.000, 0.000, 1.000, 0.000, 0.000, 0.001]"
3346,133.84,133.88,Liz,0.9996912479400635,Liz,[1.000],,[],,[],"[0.000, 0.000, 0.000, 0.000, 1.000, 0.000, 0.000, 0.001]"
3347,133.88,133.92,Liz,0.9997201561927795,Liz,[1.000],,[],,[],"[0.000, 0.000, 0.000, 0.000, 1.000, 0.000, 0.000, 0.001]"
3348,133.92,133.96,Liz,0.9997480511665344,Liz,[1.000],,[],,[],"[0.000, 0.000, 0.000, 0.000, 1.000, 0.000, 0.000, 0.000]"
3349,133.96,134.0,Liz,0.9997739195823669,Liz,[1.000],,[],,[],"[0.000, 0.000, 0.000, 0.000, 1.000, 0.000, 0.000, 0.000]"
3350,134.0,134.04,Liz,0.9997970461845398,Liz,[1.000],,[],,[],"[0.000, 0.000, 0.000, 0.000, 1.000, 0.000, 0.000, 0.000]"
3351,134.04,134.08,Liz,0.9998169541358948,Liz,[1.000],,[],,[],"[0.000, 0.000, 0.000, 0.000, 1.000, 0.000, 0.000, 0.000]"
3352,134.08,134.12,Liz,0.9998337030410767,Liz,[1.000],,[],,[],"[0.000, 0.000, 0.000, 0.000, 1.000, 0.000, 0.000, 0.000]"
3353,134.12,134.16,Liz,0.9998477697372437,Liz,[1.000],,[],,[],"[0.000, 0.000, 0.000, 0.000, 1.000, 0.000, 0.000, 0.000]"
3354,134.16,134.2,Liz,0.9998592138290405,Liz,[1.000],,[],,[],"[0.000, 0.000, 0.000, 0.000, 1.000, 0.000, 0.000, 0.000]"
3355,134.2,134.24,Liz,0.9998682737350464,Liz,[1.000],,[],,[],"[0.000, 0.000, 0.000, 0.000, 1.000, 0.000, 0.000, 0.000]"
3356,134.24,134.28,Liz,0.9998750686645508,Liz,[1.000],,[],,[],"[0.000, 0.000, 0.000, 0.000, 1.000, 0.000, 0.000, 0.000]"
3357,134.28,134.32,Liz,0.9998800754547119,Liz,[1.000],,[],,[],"[0.000, 0.000, 0.000, 0.000, 1.000, 0.000, 0.000, 0.000]"
3358,134.32,134.36,Liz,0.9998835325241089,Liz,[1.000],,[],,[],"[0.000, 0.000, 0.000, 0.000, 1.000, 0.000, 0.000, 0.000]"
3359,134.36,134.4,Liz,0.9998857975006104,Liz,[1.000],,[],,[],"[0.000, 0.000, 0.000, 0.000, 1.000, 0.000, 0.000, 0.000]"
3360,134.4,134.44,Liz,0.999887228012085,Liz,[1.000],,[],,[],"[0.000, 0.000, 0.000, 0.000, 1.000, 0.000, 0.000, 0.000]"
3361,134.44,134.48,Liz,0.9998883008956909,Liz,[1.000],,[],,[],"[0.000, 0.000, 0.000, 0.000, 1.000, 0.000, 0.000, 0.000]"
3362,134.48,134.52,Liz,0.9998893737792969,Liz,[1.000],,[],,[],"[0.000, 0.000, 0.000, 0.000, 1.000, 0.000, 0.000, 0.000]"
3363,134.52,134.56,Liz,0.9998906850814819,Liz,[1.000],,[],,[],"[0.000, 0.000, 0.000, 0.000, 1.000, 0.000, 0.000, 0.000]"
3364,134.56,134.6,Liz,0.9998924732208252,Liz,[1.000],,[],,[],"[0.000, 0.000, 0.000, 0.000, 1.000, 0.000, 0.000, 0.000]"
3365,134.6,134.64,Liz,0.9998952150344849,Liz,[1.000],,[],,[],"[0.000, 0.000, 0.000, 0.000, 1.000, 0.000, 0.000, 0.000]"
3366,134.64,134.68,Liz,0.9998989105224609,Liz,[1.000],,[],,[],"[0.000, 0.000, 0.000, 0.000, 1.000, 0.000, 0.000, 0.000]"
3367,134.68,134.72,Liz,0.9999039173126221,Liz,[1.000],,[],,[],"[0.000, 0.000, 0.000, 0.000, 1.000, 0.000, 0.000, 0.000]"
3368,134.72,134.76,Liz,0.9999097585678101,Liz,[1.000],,[],,[],"[0.000, 0.000, 0.000, 0.000, 1.000, 0.000, 0.000, 0.000]"
3369,134.76,134.8,Liz,0.999916672706604,Liz,[1.000],,[],,[],"[0.000, 0.000, 0.000, 0.000, 1.000, 0.000, 0.000, 0.000]"
3370,134.8,134.84,Liz,0.9999243021011353,Liz,[1.000],,[],,[],"[0.000, 0.000, 0.000, 0.000, 1.000, 0.000, 0.000, 0.000]"
3371,134.84,134.88,Liz,0.9999326467514038,Liz,[1.000],,[],,[],"[0.000, 0.000, 0.000, 0.000, 1.000, 0.000, 0.000, 0.000]"
3372,134.88,134.92,Liz,0.9999411106109619,Liz,[1.000],,[],,[],"[0.000, 0.000, 0.000, 0.000, 1.000, 0.000, 0.000, 0.000]"
3373,134.92,134.96,Liz,0.9999496936798096,Liz,[1.000],,[],,[],"[0.000, 0.000, 0.000, 0.000, 1.000, 0.000, 0.000, 0.000]"
3374,134.96,135.0,Liz,0.9999580383300781,Liz,[1.000],,[],,[],"[0.000, 0.000, 0.000, 0.000, 1.000, 0.000, 0.000, 0.000]"
3375,135.0,135.04,Liz,0.9999656677246094,Liz,[1.000],,[],,[],"[0.000, 0.000, 0.000, 0.000, 1.000, 0.000, 0.000, 0.000]"
3376,135.04,135.08,Liz,0.9999724626541138,Liz,[1.000],,[],,[],"[0.000, 0.000, 0.000, 0.000, 1.000, 0.000, 0.000, 0.000]"
3377,135.08,135.12,Liz,0.9999783039093018,Liz,[1.000],,[],,[],"[0.000, 0.000, 0.000, 0.000, 1.000, 0.000, 0.000, 0.000]"
3378,135.12,135.16,Liz,0.9999831914901733,Liz,[1.000],,[],,[],"[0.000, 0.000, 0.000, 0.000, 1.000, 0.000, 0.000, 0.000]"
3379,135.16,135.2,Liz,0.9999871253967285,Liz,[1.000],,[],,[],"[0.000, 0.000, 0.000, 0.000, 1.000, 0.000, 0.000, 0.000]"
3380,135.2,135.24,Liz,0.9999902248382568,Liz,[1.000],,[],,[],"[0.000, 0.000, 0.000, 0.000, 1.000, 0.000, 0.000, 0.000]"
3381,135.24,135.28,Liz,0.9999926090240479,Liz,[1.000],,[],,[],"[0.000, 0.000, 0.000, 0.000, 1.000, 0.000, 0.000, 0.000]"
3382,135.28,135.32,Liz,0.9999945163726807,Liz,[1.000],,[],,[],"[0.000, 0.000, 0.000, 0.000, 1.000, 0.000, 0.000, 0.000]"
3383,135.32,135.36,Liz,0.9999959468841553,Liz,[1.000],,[],,[],"[0.000, 0.000, 0.000, 0.000, 1.000, 0.000, 0.000, 0.000]"
3384,135.36,135.4,Liz,0.9999969005584717,Liz,[1.000],,[],,[],"[0.000, 0.000, 0.000, 0.000, 1.000, 0.000, 0.000, 0.000]"
3385,135.4,135.44,Liz,0.9999977350234985,Liz,[1.000],,[],,[],"[0.000, 0.000, 0.000, 0.000, 1.000, 0.000, 0.000, 0.000]"
3386,135.44,135.48,Liz,0.9999982118606567,Liz,[1.000],,[],,[],"[0.000, 0.000, 0.000, 0.000, 1.000, 0.000, 0.000, 0.000]"
3387,135.48,135.52,Liz,0.9999986886978149,Liz,[1.000],,[],,[],"[0.000, 0.000, 0.000, 0.000, 1.000, 0.000, 0.000, 0.000]"
3388,135.52,135.56,Liz,0.999998927116394,Liz,[1.000],,[],,[],"[0.000, 0.000, 0.000, 0.000, 1.000, 0.000, 0.000, 0.000]"
3389,135.56,135.6,Liz,0.9999991655349731,Liz,[1.000],,[],,[],"[0.000, 0.000, 0.000, 0.000, 1.000, 0.000, 0.000, 0.000]"
3390,135.6,135.64,Liz,0.9999992847442627,Liz,[1.000],,[],,[],"[0.000, 0.000, 0.000, 0.000, 1.000, 0.000, 0.000, 0.000]"
3391,135.64,135.68,Liz,0.9999994039535522,Liz,[1.000],,[],,[],"[0.000, 0.000, 0.000, 0.000, 1.000, 0.000, 0.000, 0.000]"
3392,135.68,135.72,Liz,0.9999994039535522,Liz,[1.000],,[],,[],"[0.000, 0.000, 0.000, 0.000, 1.000, 0.000, 0.000, 0.000]"
3393,135.72,135.76,Liz,0.9999995231628418,Liz,[1.000],,[],,[],"[0.000, 0.000, 0.000, 0.000, 1.000, 0.000, 0.000, 0.000]"
3394,135.76,135.8,Liz,0.9999995231628418,Liz,[1.000],,[],,[],"[0.000, 0.000, 0.000, 0.000, 1.000, 0.000, 0.000, 0.000]"
3395,135.8,135.84,Liz,0.9999994039535522,Liz,[1.000],,[],,[],"[0.000, 0.000, 0.000, 0.000, 1.000, 0.000, 0.000, 0.000]"
3396,135.84,135.88,Liz,0.9999994039535522,Liz,[1.000],,[],,[],"[0.000, 0.000, 0.000, 0.000, 1.000, 0.000, 0.000, 0.000]"
3397,135.88,135.92,Liz,0.9999992847442627,Liz,[1.000],,[],,[],"[0.000, 0.000, 0.000, 0.000, 1.000, 0.000, 0.000, 0.000]"
3398,135.92,135.96,Liz,0.9999991655349731,Liz,[1.000],,[],,[],"[0.000, 0.000, 0.000, 0.000, 1.000, 0.000, 0.000, 0.000]"
3399,135.96,136.0,Liz,0.9999990463256836,Liz,[1.000],,[],,[],"[0.000, 0.000, 0.000, 0.000, 1.000, 0.000, 0.000, 0.000]"
3400,136.0,136.04,Liz,0.9999986886978149,Liz,[1.000],,[],,[],"[0.000, 0.000, 0.000, 0.000, 1.000, 0.000, 0.000, 0.000]"
3401,136.04,136.08,Liz,0.9999982118606567,Liz,[1.000],,[],,[],"[0.000, 0.000, 0.000, 0.000, 1.000, 0.000, 0.000, 0.000]"
3402,136.08,136.12,Liz,0.9999973773956299,Liz,[1.000],,[],,[],"[0.000, 0.000, 0.000, 0.000, 1.000, 0.000, 0.000, 0.000]"
3403,136.12,136.16,Liz,0.9999961853027344,Liz,[1.000],,[],,[],"[0.000, 0.000, 0.000, 0.000, 1.000, 0.000, 0.000, 0.000]"
3404,136.16,136.2,Liz,0.9999940395355225,Liz,[1.000],,[],,[],"[0.000, 0.000, 0.000, 0.000, 1.000, 0.000, 0.000, 0.000]"
3405,136.2,136.24,Liz,0.9999905824661255,Liz,[1.000],,[],,[],"[0.000, 0.000, 0.000, 0.000, 1.000, 0.000, 0.000, 0.000]"
3406,136.24,136.28,Liz,0.999984860420227,Liz,[1.000],,[],,[],"[0.000, 0.000, 0.000, 0.000, 1.000, 0.000, 0.000, 0.000]"
3407,136.28,136.32,Liz,0.9999750852584839,Liz,[1.000],,[],,[],"[0.000, 0.000, 0.000, 0.000, 1.000, 0.000, 0.000, 0.000]"
3408,136.32,136.36,Liz,0.9999589920043945,Liz,[1.000],,[],,[],"[0.000, 0.000, 0.000, 0.000, 1.000, 0.000, 0.000, 0.000]"
3409,136.36,136.4,Liz,0.9999325275421143,Liz,[1.000],,[],,[],"[0.000, 0.000, 0.000, 0.000, 1.000, 0.000, 0.000, 0.000]"
3410,136.4,136.44,Liz,0.9998894929885864,Liz,[1.000],,[],,[],"[0.000, 0.000, 0.000, 0.000, 1.000, 0.000, 0.000, 0.000]"
3411,136.44,136.48,Liz,0.9998212456703186,Liz,[1.000],,[],,[],"[0.000, 0.000, 0.000, 0.000, 1.000, 0.000, 0.000, 0.000]"
3412,136.48,136.52,Liz,0.9997151494026184,Liz,[1.000],,[],,[],"[0.000, 0.000, 0.000, 0.000, 1.000, 0.000, 0.000, 0.000]"
3413,136.52,136.56,Liz,0.9995538592338562,Liz,[1.000],,[],,[],"[0.000, 0.000, 0.000, 0.000, 1.000, 0.000, 0.000, 0.000]"
3414,136.56,136.6,Liz,0.999314546585083,Liz,[0.999],,[],,[],"[0.000, 0.000, 0.000, 0.000, 0.999, 0.000, 0.000, 0.000]"
3415,136.6,136.64,Liz,0.9989689588546753,Liz,[0.999],,[],,[],"[0.000, 0.000, 0.000, 0.000, 0.999, 0.000, 0.000, 0.000]"
3416,136.64,136.68,Liz,0.9984849095344543,Liz,[0.998],,[],,[],"[0.000, 0.000, 0.000, 0.000, 0.998, 0.000, 0.000, 0.000]"
3417,136.68,136.72,Liz,0.997833788394928,Liz,[0.998],,[],,[],"[0.000, 0.000, 0.000, 0.000, 0.998, 0.000, 0.000, 0.000]"
3418,136.72,136.76,Liz,0.9969977140426636,Liz,[0.997],,[],,[],"[0.000, 0.000, 0.000, 0.000, 0.997, 0.000, 0.000, 0.000]"
3419,136.76,136.8,Liz,0.9959713816642761,Liz,[0.996],,[],,[],"[0.000, 0.000, 0.000, 0.000, 0.996, 0.000, 0.000, 0.000]"
3420,136.8,136.84,Liz,0.9947730898857117,Liz,[0.995],,[],,[],"[0.000, 0.000, 0.000, 0.000, 0.995, 0.000, 0.000, 0.000]"
3421,136.84,136.88,Liz,0.9934476017951965,Liz,[0.993],,[],,[],"[0.000, 0.000, 0.000, 0.000, 0.993, 0.000, 0.000, 0.000]"
3422,136.88,136.92,Liz,0.9920608997344971,Liz,[0.992],,[],,[],"[0.000, 0.000, 0.000, 0.000, 0.992, 0.000, 0.000, 0.000]"
3423,136.92,136.96,Liz,0.9906891584396362,Liz,[0.991],,[],,[],"[0.000, 0.000, 0.000, 0.000, 0.991, 0.000, 0.000, 0.000]"
3424,136.96,137.0,Liz,0.9894198179244995,Liz,[0.989],,[],,[],"[0.000, 0.000, 0.000, 0.000, 0.989, 0.000, 0.000, 0.000]"
3425,137.0,137.04,Liz,0.9883435964584351,Liz,[0.988],,[],,[],"[0.000, 0.000, 0.000, 0.000, 0.988, 0.000, 0.000, 0.000]"
3426,137.04,137.08,Liz,0.9875500798225403,Liz,[0.988],,[],,[],"[0.000, 0.000, 0.000, 0.000, 0.988, 0.000, 0.000, 0.000]"
3427,137.08,137.12,Liz,0.9871058464050293,Liz,[0.987],,[],,[],"[0.000, 0.000, 0.000, 0.000, 0.987, 0.000, 0.000, 0.000]"
3428,137.12,137.16,Liz,0.9870252013206482,Liz,[0.987],,[],,[],"[0.000, 0.000, 0.000, 0.000, 0.987, 0.000, 0.000, 0.000]"
3429,137.16,137.2,Liz,0.9872756600379944,Liz,[0.987],,[],,[],"[0.000, 0.000, 0.000, 0.000, 0.987, 0.000, 0.000, 0.000]"
3430,137.2,137.24,Liz,0.987797200679779,Liz,[0.988],,[],,[],"[0.000, 0.000, 0.000, 0.000, 0.988, 0.000, 0.000, 0.000]"
3431,137.24,137.28,Liz,0.9885076284408569,Liz,[0.989],,[],,[],"[0.000, 0.000, 0.000, 0.000, 0.989, 0.000, 0.000, 0.000]"
3432,137.28,137.32,Liz,0.9893203973770142,Liz,[0.989],,[],,[],"[0.000, 0.000, 0.000, 0.000, 0.989, 0.000, 0.000, 0.000]"
3433,137.32,137.36,Liz,0.9901711344718933,Liz,[0.990],,[],,[],"[0.000, 0.000, 0.000, 0.000, 0.990, 0.000, 0.000, 0.000]"
3434,137.36,137.4,Liz,0.9910137057304382,Liz,[0.991],,[],,[],"[0.000, 0.000, 0.000, 0.000, 0.991, 0.000, 0.000, 0.000]"
3435,137.4,137.44,Liz,0.9918213486671448,Liz,[0.992],,[],,[],"[0.000, 0.000, 0.000, 0.000, 0.992, 0.000, 0.000, 0.000]"
3436,137.44,137.48,Liz,0.9925750494003296,Liz,[0.993],,[],,[],"[0.000, 0.000, 0.000, 0.000, 0.993, 0.000, 0.000, 0.000]"
3437,137.48,137.52,Liz,0.9932589530944824,Liz,[0.993],,[],,[],"[0.000, 0.000, 0.000, 0.000, 0.993, 0.000, 0.000, 0.000]"
3438,137.52,137.56,Liz,0.9938660264015198,Liz,[0.994],,[],,[],"[0.000, 0.000, 0.000, 0.000, 0.994, 0.000, 0.000, 0.000]"
3439,137.56,137.6,Liz,0.9943970441818237,Liz,[0.994],,[],,[],"[0.000, 0.000, 0.000, 0.000, 0.994, 0.000, 0.000, 0.000]"
3440,137.6,137.64,Liz,0.9948574304580688,Liz,[0.995],,[],,[],"[0.000, 0.000, 0.000, 0.000, 0.995, 0.000, 0.000, 0.000]"
3441,137.64,137.68,Liz,0.9952503442764282,Liz,[0.995],,[],,[],"[0.000, 0.000, 0.000, 0.000, 0.995, 0.000, 0.000, 0.000]"
3442,137.68,137.72,Liz,0.9955862760543823,Liz,[0.996],,[],,[],"[0.000, 0.000, 0.000, 0.000, 0.996, 0.000, 0.000, 0.000]"
3443,137.72,137.76,Liz,0.9958778619766235,Liz,[0.996],,[],,[],"[0.000, 0.000, 0.000, 0.000, 0.996, 0.000, 0.000, 0.000]"
3444,137.76,137.8,Liz,0.9961332082748413,Liz,[0.996],,[],,[],"[0.000, 0.000, 0.000, 0.000, 0.996, 0.000, 0.000, 0.000]"
3445,137.8,137.84,Liz,0.9963602423667908,Liz,[0.996],,[],,[],"[0.000, 0.000, 0.000, 0.000, 0.996, 0.000, 0.000, 0.000]"
3446,137.84,137.88,Liz,0.9965686798095703,Liz,[0.997],,[],,[],"[0.000, 0.000, 0.000, 0.000, 0.997, 0.000, 0.000, 0.000]"
3447,137.88,137.92,Liz,0.9967681169509888,Liz,[0.997],,[],,[],"[0.000, 0.000, 0.000, 0.000, 0.997, 0.000, 0.000, 0.000]"
3448,137.92,137.96,Liz,0.9969685673713684,Liz,[0.997],,[],,[],"[0.000, 0.000, 0.000, 0.000, 0.997, 0.000, 0.000, 0.000]"
3449,137.96,138.0,Liz,0.9971785545349121,Liz,[0.997],,[],,[],"[0.000, 0.000, 0.000, 0.000, 0.997, 0.000, 0.000, 0.000]"
3450,138.0,138.04,Liz,0.9973998069763184,Liz,[0.997],,[],,[],"[0.000, 0.000, 0.000, 0.000, 0.997, 0.000, 0.000, 0.001]"
3451,138.04,138.08,Liz,0.997631311416626,Liz,[0.998],,[],,[],"[0.000, 0.000, 0.000, 0.000, 0.998, 0.000, 0.000, 0.001]"
3452,138.08,138.12,Liz,0.9978684186935425,Liz,[0.998],,[],,[],"[0.000, 0.000, 0.000, 0.000, 0.998, 0.000, 0.000, 0.001]"
3453,138.12,138.16,Liz,0.9981052875518799,Liz,[0.998],,[],,[],"[0.000, 0.000, 0.000, 0.000, 0.998, 0.000, 0.000, 0.001]"
3454,138.16,138.2,Liz,0.9983342289924622,Liz,[0.998],,[],,[],"[0.000, 0.000, 0.000, 0.000, 0.998, 0.000, 0.000, 0.001]"
3455,138.2,138.24,Liz,0.9985489249229431,Liz,[0.999],,[],,[],"[0.000, 0.000, 0.000, 0.000, 0.999, 0.000, 0.000, 0.001]"
3456,138.24,138.28,Liz,0.9987448453903198,Liz,[0.999],,[],,[],"[0.000, 0.000, 0.000, 0.000, 0.999, 0.000, 0.000, 0.001]"
3457,138.28,138.32,Liz,0.9989184141159058,Liz,[0.999],,[],,[],"[0.000, 0.000, 0.000, 0.000, 0.999, 0.000, 0.000, 0.001]"
3458,138.32,138.36,Liz,0.9990691542625427,Liz,[0.999],,[],,[],"[0.000, 0.000, 0.000, 0.000, 0.999, 0.000, 0.000, 0.001]"
3459,138.36,138.4,Liz,0.9991990923881531,Liz,[0.999],,[],,[],"[0.000, 0.000, 0.000, 0.000, 0.999, 0.000, 0.000, 0.001]"
3460,138.4,138.44,Liz,0.9993095397949219,Liz,[0.999],,[],,[],"[0.000, 0.000, 0.000, 0.000, 0.999, 0.000, 0.000, 0.001]"
3461,138.44,138.48,Liz,0.9994025230407715,Liz,[0.999],,[],,[],"[0.000, 0.000, 0.000, 0.000, 0.999, 0.000, 0.000, 0.001]"
3462,138.48,138.52,Liz,0.999481737613678,Liz,[0.999],,[],,[],"[0.000, 0.000, 0.000, 0.000, 0.999, 0.000, 0.000, 0.001]"
3463,138.52,138.56,Liz,0.9995504021644592,Liz,[1.000],,[],,[],"[0.000, 0.000, 0.000, 0.000, 1.000, 0.000, 0.000, 0.001]"
3464,138.56,138.6,Liz,0.9996107220649719,Liz,[1.000],,[],,[],"[0.000, 0.000, 0.000, 0.000, 1.000, 0.000, 0.000, 0.001]"
3465,138.6,138.64,Liz,0.9996640682220459,Liz,[1.000],,[],,[],"[0.000, 0.000, 0.000, 0.000, 1.000, 0.000, 0.000, 0.001]"
3466,138.64,138.68,Liz,0.9997108578681946,Liz,[1.000],,[],,[],"[0.000, 0.000, 0.000, 0.000, 1.000, 0.000, 0.000, 0.001]"
3467,138.68,138.72,Liz,0.9997517466545105,Liz,[1.000],,[],,[],"[0.000, 0.000, 0.000, 0.000, 1.000, 0.000, 0.000, 0.001]"
3468,138.72,138.76,Liz,0.9997873902320862,Liz,[1.000],,[],,[],"[0.000, 0.000, 0.000, 0.000, 1.000, 0.000, 0.000, 0.001]"
3469,138.76,138.8,Liz,0.9998186230659485,Liz,[1.000],,[],,[],"[0.000, 0.000, 0.000, 0.000, 1.000, 0.000, 0.000, 0.000]"
3470,138.8,138.84,Liz,0.9998456239700317,Liz,[1.000],,[],,[],"[0.000, 0.000, 0.000, 0.000, 1.000, 0.000, 0.000, 0.000]"
3471,138.84,138.88,Liz,0.9998689889907837,Liz,[1.000],,[],,[],"[0.000, 0.000, 0.000, 0.000, 1.000, 0.000, 0.000, 0.000]"
3472,138.88,138.92,Liz,0.9998888969421387,Liz,[1.000],,[],,[],"[0.000, 0.000, 0.000, 0.000, 1.000, 0.000, 0.000, 0.000]"
3473,138.92,138.96,Liz,0.9999055862426758,Liz,[1.000],,[],,[],"[0.000, 0.000, 0.000, 0.000, 1.000, 0.000, 0.000, 0.000]"
3474,138.96,139.0,Liz,0.9999195337295532,Liz,[1.000],,[],,[],"[0.000, 0.000, 0.000, 0.000, 1.000, 0.000, 0.000, 0.000]"
3475,139.0,139.04,Liz,0.9999310970306396,Liz,[1.000],,[],,[],"[0.000, 0.000, 0.000, 0.000, 1.000, 0.000, 0.000, 0.000]"
3476,139.04,139.08,Liz,0.9999405145645142,Liz,[1.000],,[],,[],"[0.000, 0.000, 0.000, 0.000, 1.000, 0.000, 0.000, 0.000]"
3477,139.08,139.12,Liz,0.999948263168335,Liz,[1.000],,[],,[],"[0.000, 0.000, 0.000, 0.000, 1.000, 0.000, 0.000, 0.000]"
3478,139.12,139.16,Liz,0.9999545812606812,Liz,[1.000],,[],,[],"[0.000, 0.000, 0.000, 0.000, 1.000, 0.000, 0.000, 0.000]"
3479,139.16,139.2,Liz,0.9999598264694214,Liz,[1.000],,[],,[],"[0.000, 0.000, 0.000, 0.000, 1.000, 0.000, 0.000, 0.000]"
3480,139.2,139.24,Liz,0.9999641180038452,Liz,[1.000],,[],,[],"[0.000, 0.000, 0.000, 0.000, 1.000, 0.000, 0.000, 0.000]"
3481,139.24,139.28,Liz,0.9999674558639526,Liz,[1.000],,[],,[],"[0.000, 0.000, 0.000, 0.000, 1.000, 0.000, 0.000, 0.000]"
3482,139.28,139.32,Liz,0.9999701976776123,Liz,[1.000],,[],,[],"[0.000, 0.000, 0.000, 0.000, 1.000, 0.000, 0.000, 0.000]"
3483,139.32,139.36,Liz,0.9999725818634033,Liz,[1.000],,[],,[],"[0.000, 0.000, 0.000, 0.000, 1.000, 0.000, 0.000, 0.000]"
3484,139.36,139.4,Liz,0.9999744892120361,Liz,[1.000],,[],,[],"[0.000, 0.000, 0.000, 0.000, 1.000, 0.000, 0.000, 0.000]"
3485,139.4,139.44,Liz,0.9999761581420898,Liz,[1.000],,[],,[],"[0.000, 0.000, 0.000, 0.000, 1.000, 0.000, 0.000, 0.000]"
3486,139.44,139.48,Liz,0.9999775886535645,Liz,[1.000],,[],,[],"[0.000, 0.000, 0.000, 0.000, 1.000, 0.000, 0.000, 0.000]"
3487,139.48,139.52,Liz,0.9999788999557495,Liz,[1.000],,[],,[],"[0.000, 0.000, 0.000, 0.000, 1.000, 0.000, 0.000, 0.000]"
3488,139.52,139.56,Liz,0.9999799728393555,Liz,[1.000],,[],,[],"[0.000, 0.000, 0.000, 0.000, 1.000, 0.000, 0.000, 0.000]"
3489,139.56,139.6,Liz,0.9999810457229614,Liz,[1.000],,[],,[],"[0.000, 0.000, 0.000, 0.000, 1.000, 0.000, 0.000, 0.000]"
3490,139.6,139.64,Liz,0.9999817609786987,Liz,[1.000],,[],,[],"[0.000, 0.000, 0.000, 0.000, 1.000, 0.000, 0.000, 0.000]"
3491,139.64,139.68,Liz,0.9999823570251465,Liz,[1.000],,[],,[],"[0.000, 0.000, 0.000, 0.000, 1.000, 0.000, 0.000, 0.000]"
3492,139.68,139.72,Liz,0.9999827146530151,Liz,[1.000],,[],,[],"[0.000, 0.000, 0.000, 0.000, 1.000, 0.000, 0.000, 0.000]"
3493,139.72,139.76,Liz,0.9999829530715942,Liz,[1.000],,[],,[],"[0.000, 0.000, 0.000, 0.000, 1.000, 0.000, 0.000, 0.000]"
3494,139.76,139.8,Liz,0.9999827146530151,Liz,[1.000],,[],,[],"[0.000, 0.000, 0.000, 0.000, 1.000, 0.000, 0.000, 0.000]"
3495,139.8,139.84,Liz,0.9999823570251465,Liz,[1.000],,[],,[],"[0.000, 0.000, 0.000, 0.000, 1.000, 0.000, 0.000, 0.000]"
3496,139.84,139.88,Liz,0.9999816417694092,Liz,[1.000],,[],,[],"[0.000, 0.000, 0.000, 0.000, 1.000, 0.000, 0.000, 0.000]"
3497,139.88,139.92,Liz,0.9999806880950928,Liz,[1.000],,[],,[],"[0.000, 0.000, 0.000, 0.000, 1.000, 0.000, 0.000, 0.000]"
3498,139.92,139.96,Liz,0.9999794960021973,Liz,[1.000],,[],,[],"[0.000, 0.000, 0.000, 0.000, 1.000, 0.000, 0.000, 0.000]"
3499,139.96,140.0,Liz,0.9999779462814331,Liz,[1.000],,[],,[],"[0.000, 0.000, 0.000, 0.000, 1.000, 0.000, 0.000, 0.000]"
3500,140.0,140.04,Liz,0.9999762773513794,Liz,[1.000],,[],,[],"[0.000, 0.000, 0.000, 0.000, 1.000, 0.000, 0.000, 0.000]"
3501,140.04,140.08,Liz,0.9999744892120361,Liz,[1.000],,[],,[],"[0.000, 0.000, 0.000, 0.000, 1.000, 0.000, 0.000, 0.000]"
3502,140.08,140.12,Liz,0.9999725818634033,Liz,[1.000],,[],,[],"[0.000, 0.000, 0.000, 0.000, 1.000, 0.000, 0.000, 0.000]"
3503,140.12,140.16,Liz,0.999970555305481,Liz,[1.000],,[],,[],"[0.000, 0.000, 0.000, 0.000, 1.000, 0.000, 0.000, 0.000]"
3504,140.16,140.2,Liz,0.9999688863754272,Liz,[1.000],,[],,[],"[0.000, 0.000, 0.000, 0.000, 1.000, 0.000, 0.000, 0.000]"
3505,140.2,140.24,Liz,0.9999675750732422,Liz,[1.000],,[],,[],"[0.000, 0.000, 0.000, 0.000, 1.000, 0.000, 0.000, 0.000]"
3506,140.24,140.28,Liz,0.9999668598175049,Liz,[1.000],,[],,[],"[0.000, 0.000, 0.000, 0.000, 1.000, 0.000, 0.000, 0.000]"
3507,140.28,140.32,Liz,0.9999669790267944,Liz,[1.000],,[],,[],"[0.000, 0.000, 0.000, 0.000, 1.000, 0.000, 0.000, 0.000]"
3508,140.32,140.36,Liz,0.9999681711196899,Liz,[1.000],,[],,[],"[0.000, 0.000, 0.000, 0.000, 1.000, 0.000, 0.000, 0.000]"
3509,140.36,140.4,Liz,0.9999701976776123,Liz,[1.000],,[],,[],"[0.000, 0.000, 0.000, 0.000, 1.000, 0.000, 0.000, 0.000]"
3510,140.4,140.44,Liz,0.9999732971191406,Liz,[1.000],,[],,[],"[0.000, 0.000, 0.000, 0.000, 1.000, 0.000, 0.000, 0.000]"
3511,140.44,140.48,Liz,0.9999768733978271,Liz,[1.000],,[],,[],"[0.000, 0.000, 0.000, 0.000, 1.000, 0.000, 0.000, 0.000]"
3512,140.48,140.52,Liz,0.9999806880950928,Liz,[1.000],,[],,[],"[0.000, 0.000, 0.000, 0.000, 1.000, 0.000, 0.000, 0.000]"
3513,140.52,140.56,Liz,0.9999845027923584,Liz,[1.000],,[],,[],"[0.000, 0.000, 0.000, 0.000, 1.000, 0.000, 0.000, 0.000]"
3514,140.56,140.6,Liz,0.9999879598617554,Liz,[1.000],,[],,[],"[0.000, 0.000, 0.000, 0.000, 1.000, 0.000, 0.000, 0.000]"
3515,140.6,140.64,Liz,0.9999909400939941,Liz,[1.000],,[],,[],"[0.000, 0.000, 0.000, 0.000, 1.000, 0.000, 0.000, 0.000]"
3516,140.64,140.68,Liz,0.9999933242797852,Liz,[1.000],,[],,[],"[0.000, 0.000, 0.000, 0.000, 1.000, 0.000, 0.000, 0.000]"
3517,140.68,140.72,Liz,0.999995231628418,Liz,[1.000],,[],,[],"[0.000, 0.000, 0.000, 0.000, 1.000, 0.000, 0.000, 0.000]"
3518,140.72,140.76,Liz,0.9999966621398926,Liz,[1.000],,[],,[],"[0.000, 0.000, 0.000, 0.000, 1.000, 0.000, 0.000, 0.000]"
3519,140.76,140.8,Liz,0.9999977350234985,Liz,[1.000],,[],,[],"[0.000, 0.000, 0.000, 0.000, 1.000, 0.000, 0.000, 0.000]"
3520,140.8,140.84,Liz,0.9999984502792358,Liz,[1.000],,[],,[],"[0.000, 0.000, 0.000, 0.000, 1.000, 0.000, 0.000, 0.000]"
3521,140.84,140.88,Liz,0.999998927116394,Liz,[1.000],,[],,[],"[0.000, 0.000, 0.000, 0.000, 1.000, 0.000, 0.000, 0.000]"
3522,140.88,140.92,Liz,0.9999992847442627,Liz,[1.000],,[],,[],"[0.000, 0.000, 0.000, 0.000, 1.000, 0.000, 0.000, 0.000]"
3523,140.92,140.96,Liz,0.9999995231628418,Liz,[1.000],,[],,[],"[0.000, 0.000, 0.000, 0.000, 1.000, 0.000, 0.000, 0.000]"
3524,140.96,141.0,Liz,0.9999996423721313,Liz,[1.000],,[],,[],"[0.000, 0.000, 0.000, 0.000, 1.000, 0.000, 0.000, 0.000]"
3525,141.0,141.04,Liz,0.9999997615814209,Liz,[1.000],,[],,[],"[0.000, 0.000, 0.000, 0.000, 1.000, 0.000, 0.000, 0.000]"
3526,141.04,141.08,Liz,0.9999997615814209,Liz,[1.000],,[],,[],"[0.000, 0.000, 0.000, 0.000, 1.000, 0.000, 0.000, 0.000]"
3527,141.08,141.12,Liz,0.9999998807907104,Liz,[1.000],,[],,[],"[0.000, 0.000, 0.000, 0.000, 1.000, 0.000, 0.000, 0.000]"
3528,141.12,141.16,Liz,0.9999998807907104,Liz,[1.000],,[],,[],"[0.000, 0.000, 0.000, 0.000, 1.000, 0.000, 0.000, 0.000]"
3529,141.16,141.2,Liz,0.9999998807907104,Liz,[1.000],,[],,[],"[0.000, 0.000, 0.000, 0.000, 1.000, 0.000, 0.000, 0.000]"
3530,141.2,141.24,Liz,0.9999998807907104,Liz,[1.000],,[],,[],"[0.000, 0.000, 0.000, 0.000, 1.000, 0.000, 0.000, 0.000]"
3531,141.24,141.28,Liz,0.9999998807907104,Liz,[1.000],,[],,[],"[0.000, 0.000, 0.000, 0.000, 1.000, 0.000, 0.000, 0.000]"
3532,141.28,141.32,Liz,0.9999998807907104,Liz,[1.000],,[],,[],"[0.000, 0.000, 0.000, 0.000, 1.000, 0.000, 0.000, 0.000]"
3533,141.32,141.36,Liz,0.9999998807907104,Liz,[1.000],,[],,[],"[0.000, 0.000, 0.000, 0.000, 1.000, 0.000, 0.000, 0.000]"
3534,141.36,141.4,Liz,0.9999998807907104,Liz,[1.000],,[],,[],"[0.000, 0.000, 0.000, 0.000, 1.000, 0.000, 0.000, 0.000]"
3535,141.4,141.44,Liz,0.9999998807907104,Liz,[1.000],,[],,[],"[0.000, 0.000, 0.000, 0.000, 1.000, 0.000, 0.000, 0.000]"
3536,141.44,141.48,Liz,0.9999998807907104,Liz,[1.000],,[],,[],"[0.000, 0.000, 0.000, 0.000, 1.000, 0.000, 0.000, 0.000]"
3537,141.48,141.52,Liz,0.9999998807907104,Liz,[1.000],,[],,[],"[0.000, 0.000, 0.000, 0.000, 1.000, 0.000, 0.000, 0.000]"
3538,141.52,141.56,Liz,0.9999997615814209,Liz,[1.000],,[],,[],"[0.000, 0.000, 0.000, 0.000, 1.000, 0.000, 0.000, 0.000]"
3539,141.56,141.6,Liz,0.9999997615814209,Liz,[1.000],,[],,[],"[0.000, 0.000, 0.000, 0.000, 1.000, 0.000, 0.000, 0.000]"
3540,141.6,141.64,Liz,0.9999996423721313,Liz,[1.000],,[],,[],"[0.000, 0.000, 0.000, 0.000, 1.000, 0.000, 0.000, 0.000]"
3541,141.64,141.68,Liz,0.9999994039535522,Liz,[1.000],,[],,[],"[0.000, 0.000, 0.000, 0.000, 1.000, 0.000, 0.000, 0.000]"
3542,141.68,141.72,Liz,0.9999990463256836,Liz,[1.000],,[],,[],"[0.000, 0.000, 0.000, 0.000, 1.000, 0.000, 0.000, 0.000]"
3543,141.72,141.76,Liz,0.9999985694885254,Liz,[1.000],,[],,[],"[0.000, 0.000, 0.000, 0.000, 1.000, 0.000, 0.000, 0.000]"
3544,141.76,141.8,Liz,0.9999978542327881,Liz,[1.000],,[],,[],"[0.000, 0.000, 0.000, 0.000, 1.000, 0.000, 0.000, 0.000]"
3545,141.8,141.84,Liz,0.9999966621398926,Liz,[1.000],,[],,[],"[0.000, 0.000, 0.000, 0.000, 1.000, 0.000, 0.000, 0.000]"
3546,141.84,141.88,Liz,0.9999951124191284,Liz,[1.000],,[],,[],"[0.000, 0.000, 0.000, 0.000, 1.000, 0.000, 0.000, 0.000]"
3547,141.88,141.92,Liz,0.999992847442627,Liz,[1.000],,[],,[],"[0.000, 0.000, 0.000, 0.000, 1.000, 0.000, 0.000, 0.000]"
3548,141.92,141.96,Liz,0.9999898672103882,Liz,[1.000],,[],,[],"[0.000, 0.000, 0.000, 0.000, 1.000, 0.000, 0.000, 0.000]"
3549,141.96,142.0,Liz,0.9999861717224121,Liz,[1.000],,[],,[],"[0.000, 0.000, 0.000, 0.000, 1.000, 0.000, 0.000, 0.000]"
3550,142.0,142.04,Liz,0.9999816417694092,Liz,[1.000],,[],,[],"[0.000, 0.000, 0.000, 0.000, 1.000, 0.000, 0.000, 0.000]"
3551,142.04,142.08,Liz,0.9999768733978271,Liz,[1.000],,[],,[],"[0.000, 0.000, 0.000, 0.000, 1.000, 0.000, 0.000, 0.000]"
3552,142.08,142.12,Liz,0.9999725818634033,Liz,[1.000],,[],,[],"[0.000, 0.000, 0.000, 0.000, 1.000, 0.000, 0.000, 0.000]"
3553,142.12,142.16,Liz,0.9999693632125854,Liz,[1.000],,[],,[],"[0.000, 0.000, 0.000, 0.000, 1.000, 0.000, 0.000, 0.000]"
3554,142.16,142.2,Liz,0.9999679327011108,Liz,[1.000],,[],,[],"[0.000, 0.000, 0.000, 0.000, 1.000, 0.000, 0.000, 0.000]"
3555,142.2,142.24,Liz,0.9999687671661377,Liz,[1.000],,[],,[],"[0.000, 0.000, 0.000, 0.000, 1.000, 0.000, 0.000, 0.000]"
3556,142.24,142.28,Liz,0.9999716281890869,Liz,[1.000],,[],,[],"[0.000, 0.000, 0.000, 0.000, 1.000, 0.000, 0.000, 0.000]"
3557,142.28,142.32,Liz,0.9999760389328003,Liz,[1.000],,[],,[],"[0.000, 0.000, 0.000, 0.000, 1.000, 0.000, 0.000, 0.000]"
3558,142.32,142.36,Liz,0.9999809265136719,Liz,[1.000],,[],,[],"[0.000, 0.000, 0.000, 0.000, 1.000, 0.000, 0.000, 0.000]"
3559,142.36,142.4,Liz,0.9999856948852539,Liz,[1.000],,[],,[],"[0.000, 0.000, 0.000, 0.000, 1.000, 0.000, 0.000, 0.000]"
3560,142.4,142.44,Liz,0.9999897480010986,Liz,[1.000],,[],,[],"[0.000, 0.000, 0.000, 0.000, 1.000, 0.000, 0.000, 0.000]"
3561,142.44,142.48,Liz,0.999992847442627,Liz,[1.000],,[],,[],"[0.000, 0.000, 0.000, 0.000, 1.000, 0.000, 0.000, 0.000]"
3562,142.48,142.52,Liz,0.999995231628418,Liz,[1.000],,[],,[],"[0.000, 0.000, 0.000, 0.000, 1.000, 0.000, 0.000, 0.000]"
3563,142.52,142.56,Liz,0.9999969005584717,Liz,[1.000],,[],,[],"[0.000, 0.000, 0.000, 0.000, 1.000, 0.000, 0.000, 0.000]"
3564,142.56,142.6,Liz,0.9999979734420776,Liz,[1.000],,[],,[],"[0.000, 0.000, 0.000, 0.000, 1.000, 0.000, 0.000, 0.000]"
3565,142.6,142.64,Liz,0.9999986886978149,Liz,[1.000],,[],,[],"[0.000, 0.000, 0.000, 0.000, 1.000, 0.000, 0.000, 0.000]"
3566,142.64,142.68,Liz,0.9999991655349731,Liz,[1.000],,[],,[],"[0.000, 0.000, 0.000, 0.000, 1.000, 0.000, 0.000, 0.000]"
3567,142.68,142.72,Liz,0.9999994039535522,Liz,[1.000],,[],,[],"[0.000, 0.000, 0.000, 0.000, 1.000, 0.000, 0.000, 0.000]"
3568,142.72,142.76,Liz,0.9999996423721313,Liz,[1.000],,[],,[],"[0.000, 0.000, 0.000, 0.000, 1.000, 0.000, 0.000, 0.000]"
3569,142.76,142.8,Liz,0.9999997615814209,Liz,[1.000],,[],,[],"[0.000, 0.000, 0.000, 0.000, 1.000, 0.000, 0.000, 0.000]"
3570,142.8,142.84,Liz,0.9999997615814209,Liz,[1.000],,[],,[],"[0.000, 0.000, 0.000, 0.000, 1.000, 0.000, 0.000, 0.000]"
3571,142.84,142.88,Liz,0.9999998807907104,Liz,[1.000],,[],,[],"[0.000, 0.000, 0.000, 0.000, 1.000, 0.000, 0.000, 0.000]"
3572,142.88,142.92,Liz,0.9999998807907104,Liz,[1.000],,[],,[],"[0.000, 0.000, 0.000, 0.000, 1.000, 0.000, 0.000, 0.000]"
3573,142.92,142.96,Liz,0.9999998807907104,Liz,[1.000],,[],,[],"[0.000, 0.000, 0.000, 0.000, 1.000, 0.000, 0.000, 0.000]"
3574,142.96,143.0,Liz,0.9999998807907104,Liz,[1.000],,[],,[],"[0.000, 0.000, 0.000, 0.000, 1.000, 0.000, 0.000, 0.000]"
3575,143.0,143.04,Liz,1.0,Liz,[1.000],,[],,[],"[0.000, 0.000, 0.000, 0.000, 1.000, 0.000, 0.000, 0.000]"
3576,143.04,143.08,Liz,1.0,Liz,[1.000],,[],,[],"[0.000, 0.000, 0.000, 0.000, 1.000, 0.000, 0.000, 0.000]"
3577,143.08,143.12,Liz,1.0,Liz,[1.000],,[],,[],"[0.000, 0.000, 0.000, 0.000, 1.000, 0.000, 0.000, 0.000]"
3578,143.12,143.16,Liz,1.0,Liz,[1.000],,[],,[],"[0.000, 0.000, 0.000, 0.000, 1.000, 0.000, 0.000, 0.000]"
3579,143.16,143.2,Liz,1.0,Liz,[1.000],,[],,[],"[0.000, 0.000, 0.000, 0.000, 1.000, 0.000, 0.000, 0.000]"
3580,143.2,143.24,Liz,1.0,Liz,[1.000],,[],,[],"[0.000, 0.000, 0.000, 0.000, 1.000, 0.000, 0.000, 0.000]"
3581,143.24,143.28,Liz,1.0,Liz,[1.000],,[],,[],"[0.000, 0.000, 0.000, 0.000, 1.000, 0.000, 0.000, 0.000]"
3582,143.28,143.32,Liz,0.9999998807907104,Liz,[1.000],,[],,[],"[0.000, 0.000, 0.000, 0.000, 1.000, 0.000, 0.000, 0.000]"
3583,143.32,143.36,Liz,0.9999998807907104,Liz,[1.000],,[],,[],"[0.000, 0.000, 0.000, 0.000, 1.000, 0.000, 0.000, 0.000]"
3584,143.36,143.4,Liz,0.9999998807907104,Liz,[1.000],,[],,[],"[0.000, 0.000, 0.000, 0.000, 1.000, 0.000, 0.000, 0.000]"
3585,143.4,143.44,Liz,0.9999998807907104,Liz,[1.000],,[],,[],"[0.000, 0.000, 0.000, 0.000, 1.000, 0.000, 0.000, 0.000]"
3586,143.44,143.48,Liz,0.9999998807907104,Liz,[1.000],,[],,[],"[0.000, 0.000, 0.000, 0.000, 1.000, 0.000, 0.000, 0.000]"
3587,143.48,143.52,Liz,0.9999997615814209,Liz,[1.000],,[],,[],"[0.000, 0.000, 0.000, 0.000, 1.000, 0.000, 0.000, 0.000]"
3588,143.52,143.56,Liz,0.9999996423721313,Liz,[1.000],,[],,[],"[0.000, 0.000, 0.000, 0.000, 1.000, 0.000, 0.000, 0.000]"
3589,143.56,143.6,Liz,0.9999994039535522,Liz,[1.000],,[],,[],"[0.000, 0.000, 0.000, 0.000, 1.000, 0.000, 0.000, 0.000]"
3590,143.6,143.64,Liz,0.9999991655349731,Liz,[1.000],,[],,[],"[0.000, 0.000, 0.000, 0.000, 1.000, 0.000, 0.000, 0.000]"
3591,143.64,143.68,Liz,0.9999985694885254,Liz,[1.000],,[],,[],"[0.000, 0.000, 0.000, 0.000, 1.000, 0.000, 0.000, 0.000]"
3592,143.68,143.72,Liz,0.9999974966049194,Liz,[1.000],,[],,[],"[0.000, 0.000, 0.000, 0.000, 1.000, 0.000, 0.000, 0.000]"
3593,143.72,143.76,Liz,0.9999957084655762,Liz,[1.000],,[],,[],"[0.000, 0.000, 0.000, 0.000, 1.000, 0.000, 0.000, 0.000]"
3594,143.76,143.8,Liz,0.9999922513961792,Liz,[1.000],,[],,[],"[0.000, 0.000, 0.000, 0.000, 1.000, 0.000, 0.000, 0.000]"
3595,143.8,143.84,Liz,0.9999856948852539,Liz,[1.000],,[],,[],"[0.000, 0.000, 0.000, 0.000, 1.000, 0.000, 0.000, 0.000]"
3596,143.84,143.88,Liz,0.999972939491272,Liz,[1.000],,[],,[],"[0.000, 0.000, 0.000, 0.000, 1.000, 0.000, 0.000, 0.000]"
3597,143.88,143.92,Liz,0.9999476671218872,Liz,[1.000],,[],,[],"[0.000, 0.000, 0.000, 0.000, 1.000, 0.000, 0.000, 0.000]"
3598,143.92,143.96,Liz,0.9998971223831177,Liz,[1.000],,[],,[],"[0.000, 0.000, 0.000, 0.000, 1.000, 0.000, 0.000, 0.000]"
3599,143.96,144.0,Liz,0.9997970461845398,Liz,[1.000],,[],,[],"[0.000, 0.000, 0.000, 0.000, 1.000, 0.000, 0.000, 0.000]"
3600,144.0,144.04,Liz,0.999599039554596,Liz,[1.000],,[],,[],"[0.000, 0.000, 0.000, 0.000, 1.000, 0.000, 0.000, 0.001]"
3601,144.04,144.08,Liz,0.9992098808288574,Liz,[0.999],,[],,[],"[0.000, 0.000, 0.000, 0.000, 0.999, 0.000, 0.000, 0.001]"
3602,144.08,144.12,Liz,0.9984525442123413,Liz,[0.998],,[],,[],"[0.000, 0.000, 0.000, 0.000, 0.998, 0.000, 0.000, 0.002]"
3603,144.12,144.16,Liz,0.9969998002052307,Liz,[0.997],,[],,[],"[0.000, 0.000, 0.000, 0.000, 0.997, 0.000, 0.000, 0.004]"
3604,144.16,144.2,Liz,0.9942775368690491,Liz,[0.994],,[],,[],"[0.000, 0.000, 0.000, 0.000, 0.994, 0.000, 0.000, 0.006]"
3605,144.2,144.24,Liz,0.9893134236335754,Liz,[0.989],,[],,[],"[0.000, 0.000, 0.000, 0.000, 0.989, 0.000, 0.000, 0.011]"
3606,144.24,144.28,Liz,0.9805870056152344,Liz,[0.981],,[],,[],"[0.000, 0.000, 0.000, 0.000, 0.981, 0.000, 0.000, 0.017]"
3607,144.28,144.32,Liz,0.9659531712532043,Liz,[0.966],,[],,[],"[0.000, 0.000, 0.000, 0.000, 0.966, 0.000, 0.000, 0.026]"
3608,144.32,144.36,Liz,0.9428895115852356,Liz,[0.943],,[],,[],"[0.000, 0.000, 0.000, 0.000, 0.943, 0.000, 0.000, 0.040]"
3609,144.36,144.4,Liz,0.9093344211578369,Liz,[0.909],,[],,[],"[0.000, 0.000, 0.000, 0.000, 0.909, 0.000, 0.000, 0.057]"
3610,144.4,144.44,Liz,0.8649235367774963,Liz,[0.865],,[],,[],"[0.000, 0.000, 0.000, 0.000, 0.865, 0.000, 0.000, 0.078]"
3611,144.44,144.48,Liz,0.812098503112793,Liz,[0.812],,[],,[],"[0.000, 0.000, 0.000, 0.000, 0.812, 0.000, 0.000, 0.102]"
3612,144.48,144.52,Liz,0.7561426758766174,Liz,[0.756],,[],,[],"[0.000, 0.000, 0.000, 0.000, 0.756, 0.000, 0.000, 0.125]"
3613,144.52,144.56,Liz,0.703597903251648,Liz,[0.704],,[],,[],"[0.000, 0.000, 0.000, 0.000, 0.704, 0.000, 0.000, 0.145]"
3614,144.56,144.6,Liz,0.6604201793670654,Liz,[0.660],,[],,[],"[0.000, 0.000, 0.000, 0.000, 0.660, 0.000, 0.000, 0.159]"
3615,144.6,144.64,Liz,0.6307053565979004,Liz,[0.631],,[],,[],"[0.000, 0.000, 0.000, 0.000, 0.631, 0.000, 0.000, 0.165]"
3616,144.64,144.68,Liz,0.6165174841880798,Liz,[0.617],,[],,[],"[0.000, 0.000, 0.000, 0.000, 0.617, 0.000, 0.000, 0.162]"
3617,144.68,144.72,Liz,0.617949366569519,Liz,[0.618],,[],,[],"[0.000, 0.000, 0.000, 0.000, 0.618, 0.000, 0.000, 0.152]"
3618,144.72,144.76,Liz,0.6337966918945312,Liz,[0.634],,[],,[],"[0.000, 0.000, 0.000, 0.000, 0.634, 0.000, 0.000, 0.136]"
3619,144.76,144.8,Liz,0.6621465086936951,Liz,[0.662],,[],,[],"[0.000, 0.000, 0.000, 0.000, 0.662, 0.000, 0.000, 0.116]"
3620,144.8,144.84,Liz,0.7003961205482483,Liz,[0.700],,[],,[],"[0.000, 0.000, 0.000, 0.000, 0.700, 0.000, 0.000, 0.096]"
3621,144.84,144.88,Liz,0.7449562549591064,Liz,[0.745],,[],,[],"[0.000, 0.000, 0.000, 0.000, 0.745, 0.000, 0.000, 0.076]"
3622,144.88,144.92,Liz,0.7915245294570923,Liz,[0.792],,[],,[],"[0.000, 0.000, 0.000, 0.000, 0.792, 0.000, 0.000, 0.058]"
3623,144.92,144.96,Liz,0.8360936641693115,Liz,[0.836],,[],,[],"[0.000, 0.000, 0.000, 0.000, 0.836, 0.000, 0.000, 0.044]"
3624,144.96,145.0,Liz,0.8755736947059631,Liz,[0.876],,[],,[],"[0.000, 0.000, 0.000, 0.000, 0.876, 0.000, 0.000, 0.032]"
3625,145.0,145.04,Liz,0.9083149433135986,Liz,[0.908],,[],,[],"[0.000, 0.000, 0.000, 0.000, 0.908, 0.000, 0.000, 0.023]"
3626,145.04,145.08,Liz,0.9339299201965332,Liz,[0.934],,[],,[],"[0.000, 0.000, 0.000, 0.000, 0.934, 0.000, 0.000, 0.017]"
3627,145.08,145.12,Liz,0.9530172944068909,Liz,[0.953],,[],,[],"[0.000, 0.000, 0.000, 0.000, 0.953, 0.000, 0.000, 0.012]"
3628,145.12,145.16,Liz,0.9667879343032837,Liz,[0.967],,[],,[],"[0.000, 0.000, 0.000, 0.000, 0.967, 0.000, 0.000, 0.008]"
3629,145.16,145.2,Liz,0.9764900207519531,Liz,[0.976],,[],,[],"[0.000, 0.000, 0.000, 0.000, 0.976, 0.000, 0.000, 0.006]"
3630,145.2,145.24,Liz,0.9832227826118469,Liz,[0.983],,[],,[],"[0.000, 0.000, 0.000, 0.000, 0.983, 0.000, 0.000, 0.004]"
3631,145.24,145.28,Liz,0.9878496527671814,Liz,[0.988],,[],,[],"[0.000, 0.000, 0.000, 0.000, 0.988, 0.000, 0.000, 0.003]"
3632,145.28,145.32,Liz,0.9910128712654114,Liz,[0.991],,[],,[],"[0.000, 0.000, 0.000, 0.000, 0.991, 0.000, 0.000, 0.002]"
3633,145.32,145.36,Liz,0.9931737780570984,Liz,[0.993],,[],,[],"[0.000, 0.000, 0.000, 0.000, 0.993, 0.000, 0.000, 0.002]"
3634,145.36,145.4,Liz,0.9946459531784058,Liz,[0.995],,[],,[],"[0.000, 0.000, 0.000, 0.000, 0.995, 0.000, 0.000, 0.002]"
3635,145.4,145.44,Liz,0.995649516582489,Liz,[0.996],,[],,[],"[0.000, 0.000, 0.000, 0.000, 0.996, 0.000, 0.000, 0.001]"
3636,145.44,145.48,Liz,0.996333122253418,Liz,[0.996],,[],,[],"[0.000, 0.000, 0.000, 0.000, 0.996, 0.000, 0.000, 0.001]"
3637,145.48,145.52,Liz,0.9967976212501526,Liz,[0.997],,[],,[],"[0.000, 0.000, 0.000, 0.000, 0.997, 0.000, 0.000, 0.001]"
3638,145.52,145.56,Liz,0.9971091151237488,Liz,[0.997],,[],,[],"[0.000, 0.000, 0.000, 0.000, 0.997, 0.000, 0.000, 0.001]"
3639,145.56,145.6,Liz,0.9973132014274597,Liz,[0.997],,[],,[],"[0.000, 0.000, 0.000, 0.000, 0.997, 0.000, 0.000, 0.001]"
3640,145.6,145.64,Liz,0.9974410533905029,Liz,[0.997],,[],,[],"[0.000, 0.000, 0.000, 0.000, 0.997, 0.000, 0.000, 0.001]"
3641,145.64,145.68,Liz,0.9975161552429199,Liz,[0.998],,[],,[],"[0.000, 0.000, 0.000, 0.000, 0.998, 0.000, 0.000, 0.001]"
3642,145.68,145.72,Liz,0.9975578784942627,Liz,[0.998],,[],,[],"[0.000, 0.000, 0.000, 0.000, 0.998, 0.000, 0.000, 0.001]"
3643,145.72,145.76,Liz,0.9975837469100952,Liz,[0.998],,[],,[],"[0.000, 0.000, 0.000, 0.000, 0.998, 0.000, 0.000, 0.001]"
3644,145.76,145.8,Liz,0.9976089000701904,Liz,[0.998],,[],,[],"[0.000, 0.000, 0.000, 0.000, 0.998, 0.000, 0.000, 0.001]"
3645,145.8,145.84,Liz,0.9976460337638855,Liz,[0.998],,[],,[],"[0.000, 0.000, 0.000, 0.000, 0.998, 0.000, 0.000, 0.001]"
3646,145.84,145.88,Liz,0.9977086782455444,Liz,[0.998],,[],,[],"[0.000, 0.000, 0.000, 0.000, 0.998, 0.000, 0.000, 0.001]"
3647,145.88,145.92,Liz,0.9978037476539612,Liz,[0.998],,[],,[],"[0.000, 0.000, 0.000, 0.000, 0.998, 0.000, 0.000, 0.001]"
3648,145.92,145.96,Liz,0.9979324340820312,Liz,[0.998],,[],,[],"[0.000, 0.000, 0.000, 0.000, 0.998, 0.000, 0.000, 0.001]"
3649,145.96,146.0,Liz,0.9980859756469727,Liz,[0.998],,[],,[],"[0.000, 0.000, 0.000, 0.000, 0.998, 0.000, 0.000, 0.001]"
3650,146.0,146.04,Liz,0.9982543587684631,Liz,[0.998],,[],,[],"[0.000, 0.000, 0.000, 0.000, 0.998, 0.000, 0.000, 0.001]"
3651,146.04,146.08,Liz,0.998427152633667,Liz,[0.998],,[],,[],"[0.000, 0.001, 0.000, 0.000, 0.998, 0.000, 0.000, 0.001]"
3652,146.08,146.12,Liz,0.9985951781272888,Liz,[0.999],,[],,[],"[0.000, 0.001, 0.000, 0.000, 0.999, 0.000, 0.000, 0.001]"
3653,146.12,146.16,Liz,0.9987506866455078,Liz,[0.999],,[],,[],"[0.000, 0.001, 0.000, 0.000, 0.999, 0.000, 0.000, 0.001]"
3654,146.16,146.2,Liz,0.9988874793052673,Liz,[0.999],,[],,[],"[0.000, 0.001, 0.000, 0.000, 0.999, 0.000, 0.000, 0.001]"
3655,146.2,146.24,Liz,0.9990022778511047,Liz,[0.999],,[],,[],"[0.000, 0.001, 0.000, 0.000, 0.999, 0.000, 0.000, 0.001]"
3656,146.24,146.28,Liz,0.9990946054458618,Liz,[0.999],,[],,[],"[0.000, 0.001, 0.000, 0.000, 0.999, 0.000, 0.000, 0.001]"
3657,146.28,146.32,Liz,0.9991651773452759,Liz,[0.999],,[],,[],"[0.000, 0.001, 0.000, 0.000, 0.999, 0.000, 0.000, 0.000]"
3658,146.32,146.36,Liz,0.9992152452468872,Liz,[0.999],,[],,[],"[0.000, 0.001, 0.000, 0.000, 0.999, 0.000, 0.000, 0.000]"
3659,146.36,146.4,Liz,0.9992449283599854,Liz,[0.999],,[],,[],"[0.000, 0.000, 0.000, 0.000, 0.999, 0.000, 0.000, 0.000]"
3660,146.4,146.44,Liz,0.9992520213127136,Liz,[0.999],,[],,[],"[0.000, 0.000, 0.000, 0.000, 0.999, 0.000, 0.000, 0.000]"
3661,146.44,146.48,Liz,0.9992328882217407,Liz,[0.999],,[],,[],"[0.000, 0.000, 0.000, 0.000, 0.999, 0.000, 0.000, 0.000]"
3662,146.48,146.52,Liz,0.9991807341575623,Liz,[0.999],,[],,[],"[0.000, 0.000, 0.000, 0.000, 0.999, 0.000, 0.000, 0.001]"
3663,146.52,146.56,Liz,0.9990856647491455,Liz,[0.999],,[],,[],"[0.000, 0.000, 0.000, 0.000, 0.999, 0.000, 0.000, 0.001]"
3664,146.56,146.6,Liz,0.9989311099052429,Liz,[0.999],,[],,[],"[0.000, 0.000, 0.000, 0.000, 0.999, 0.000, 0.000, 0.001]"
3665,146.6,146.64,Liz,0.998688280582428,Liz,[0.999],,[],,[],"[0.000, 0.000, 0.000, 0.000, 0.999, 0.000, 0.000, 0.001]"
3666,146.64,146.68,Liz,0.998308539390564,Liz,[0.998],,[],,[],"[0.000, 0.000, 0.000, 0.000, 0.998, 0.000, 0.000, 0.001]"
3667,146.68,146.72,Liz,0.997713565826416,Liz,[0.998],,[],,[],"[0.000, 0.000, 0.000, 0.000, 0.998, 0.000, 0.000, 0.001]"
3668,146.72,146.76,Liz,0.9967740178108215,Liz,[0.997],,[],,[],"[0.000, 0.000, 0.000, 0.000, 0.997, 0.000, 0.000, 0.002]"
3669,146.76,146.8,Liz,0.995283305644989,Liz,[0.995],,[],,[],"[0.000, 0.000, 0.000, 0.000, 0.995, 0.000, 0.000, 0.002]"
3670,146.8,146.84,Liz,0.9929190278053284,Liz,[0.993],,[],,[],"[0.000, 0.000, 0.000, 0.000, 0.993, 0.000, 0.000, 0.004]"
3671,146.84,146.88,Liz,0.9892026782035828,Liz,[0.989],,[],,[],"[0.000, 0.000, 0.000, 0.000, 0.989, 0.000, 0.000, 0.005]"
3672,146.88,146.92,Liz,0.9834852814674377,Liz,[0.983],,[],,[],"[0.000, 0.000, 0.000, 0.000, 0.983, 0.000, 0.000, 0.007]"
3673,146.92,146.96,Liz,0.9749882817268372,Liz,[0.975],,[],,[],"[0.000, 0.000, 0.000, 0.000, 0.975, 0.000, 0.000, 0.010]"
3674,146.96,147.0,Liz,0.9630418419837952,Liz,[0.963],,[],,[],"[0.000, 0.000, 0.000, 0.000, 0.963, 0.000, 0.000, 0.014]"
3675,147.0,147.04,Liz,0.9474061727523804,Liz,[0.947],,[],,[],"[0.000, 0.000, 0.000, 0.000, 0.947, 0.000, 0.000, 0.019]"
3676,147.04,147.08,Liz,0.9287047386169434,Liz,[0.929],,[],,[],"[0.000, 0.000, 0.000, 0.000, 0.929, 0.000, 0.000, 0.025]"
3677,147.08,147.12,Liz,0.9087056517601013,Liz,[0.909],,[],,[],"[0.000, 0.000, 0.000, 0.000, 0.909, 0.000, 0.000, 0.030]"
3678,147.12,147.16,Liz,0.8902313113212585,Liz,[0.890],,[],,[],"[0.000, 0.000, 0.000, 0.000, 0.890, 0.000, 0.000, 0.034]"
3679,147.16,147.2,Liz,0.8766406178474426,Liz,[0.877],,[],,[],"[0.000, 0.000, 0.000, 0.000, 0.877, 0.000, 0.000, 0.037]"
3680,147.2,147.24,Liz,0.8709090948104858,Liz,[0.871],,[],,[],"[0.000, 0.000, 0.000, 0.000, 0.871, 0.000, 0.000, 0.037]"
3681,147.24,147.28,Liz,0.8747286796569824,Liz,[0.875],,[],,[],"[0.000, 0.000, 0.000, 0.000, 0.875, 0.000, 0.000, 0.034]"
3682,147.28,147.32,Liz,0.8881150484085083,Liz,[0.888],,[],,[],"[0.000, 0.000, 0.000, 0.000, 0.888, 0.000, 0.000, 0.030]"
3683,147.32,147.36,Liz,0.9088349342346191,Liz,[0.909],,[],,[],"[0.000, 0.000, 0.000, 0.000, 0.909, 0.000, 0.000, 0.024]"
3684,147.36,147.4,Liz,0.9329372644424438,Liz,[0.933],,[],,[],"[0.000, 0.000, 0.000, 0.000, 0.933, 0.000, 0.000, 0.018]"
3685,147.4,147.44,Liz,0.9558546543121338,Liz,[0.956],,[],,[],"[0.000, 0.000, 0.000, 0.000, 0.956, 0.000, 0.000, 0.013]"
3686,147.44,147.48,Liz,0.9741531610488892,Liz,[0.974],,[],,[],"[0.000, 0.000, 0.000, 0.000, 0.974, 0.000, 0.000, 0.008]"
3687,147.48,147.52,Liz,0.9865385293960571,Liz,[0.987],,[],,[],"[0.000, 0.000, 0.000, 0.000, 0.987, 0.000, 0.000, 0.005]"
3688,147.52,147.56,Liz,0.9937357902526855,Liz,[0.994],,[],,[],"[0.000, 0.000, 0.000, 0.000, 0.994, 0.000, 0.000, 0.003]"
3689,147.56,147.6,Liz,0.9973776340484619,Liz,[0.997],,[],,[],"[0.000, 0.000, 0.000, 0.000, 0.997, 0.000, 0.000, 0.001]"
3690,147.6,147.64,Liz,0.9990026354789734,Liz,[0.999],,[],,[],"[0.000, 0.000, 0.000, 0.000, 0.999, 0.000, 0.000, 0.001]"
3691,147.64,147.68,Liz,0.9996515512466431,Liz,[1.000],,[],,[],"[0.000, 0.000, 0.000, 0.000, 1.000, 0.000, 0.000, 0.000]"
3692,147.68,147.72,Liz,0.9998867511749268,Liz,[1.000],,[],,[],"[0.000, 0.000, 0.000, 0.000, 1.000, 0.000, 0.000, 0.000]"
3693,147.72,147.76,Liz,0.9999653100967407,Liz,[1.000],,[],,[],"[0.000, 0.000, 0.000, 0.000, 1.000, 0.000, 0.000, 0.000]"
3694,147.76,147.8,Liz,0.9999898672103882,Liz,[1.000],,[],,[],"[0.000, 0.000, 0.000, 0.000, 1.000, 0.000, 0.000, 0.000]"
3695,147.8,147.84,Liz,0.9999971389770508,Liz,[1.000],,[],,[],"[0.000, 0.000, 0.000, 0.000, 1.000, 0.000, 0.000, 0.000]"
3696,147.84,147.88,Liz,0.9999991655349731,Liz,[1.000],,[],,[],"[0.000, 0.000, 0.000, 0.000, 1.000, 0.000, 0.000, 0.000]"
3697,147.88,147.92,Liz,0.9999997615814209,Liz,[1.000],,[],,[],"[0.000, 0.000, 0.000, 0.000, 1.000, 0.000, 0.000, 0.000]"
3698,147.92,147.96,Liz,0.9999998807907104,Liz,[1.000],,[],,[],"[0.000, 0.000, 0.000, 0.000, 1.000, 0.000, 0.000, 0.000]"
3699,147.96,148.0,Liz,1.0,Liz,[1.000],,[],,[],"[0.000, 0.000, 0.000, 0.000, 1.000, 0.000, 0.000, 0.000]"
3700,148.0,148.04,Liz,1.0,Liz,[1.000],,[],,[],"[0.000, 0.000, 0.000, 0.000, 1.000, 0.000, 0.000, 0.000]"
3701,148.04,148.08,Liz,1.0,Liz,[1.000],,[],,[],"[0.000, 0.000, 0.000, 0.000, 1.000, 0.000, 0.000, 0.000]"
3702,148.08,148.12,Liz,1.0,Liz,[1.000],,[],,[],"[0.000, 0.000, 0.000, 0.000, 1.000, 0.000, 0.000, 0.000]"
3703,148.12,148.16,Liz,1.0,Liz,[1.000],,[],,[],"[0.000, 0.000, 0.000, 0.000, 1.000, 0.000, 0.000, 0.000]"
3704,148.16,148.2,Liz,1.0,Liz,[1.000],,[],,[],"[0.000, 0.000, 0.000, 0.000, 1.000, 0.000, 0.000, 0.000]"
3705,148.2,148.24,Liz,1.0,Liz,[1.000],,[],,[],"[0.000, 0.000, 0.000, 0.000, 1.000, 0.000, 0.000, 0.000]"
3706,148.24,148.28,Liz,1.0,Liz,[1.000],,[],,[],"[0.000, 0.000, 0.000, 0.000, 1.000, 0.000, 0.000, 0.000]"
3707,148.28,148.32,Liz,1.0,Liz,[1.000],,[],,[],"[0.000, 0.000, 0.000, 0.000, 1.000, 0.000, 0.000, 0.000]"
3708,148.32,148.36,Liz,1.0,Liz,[1.000],,[],,[],"[0.000, 0.000, 0.000, 0.000, 1.000, 0.000, 0.000, 0.000]"
3709,148.36,148.4,Liz,1.0,Liz,[1.000],,[],,[],"[0.000, 0.000, 0.000, 0.000, 1.000, 0.000, 0.000, 0.000]"
3710,148.4,148.44,Liz,1.0,Liz,[1.000],,[],,[],"[0.000, 0.000, 0.000, 0.000, 1.000, 0.000, 0.000, 0.000]"
3711,148.44,148.48,Liz,1.0,Liz,[1.000],,[],,[],"[0.000, 0.000, 0.000, 0.000, 1.000, 0.000, 0.000, 0.000]"
3712,148.48,148.52,Liz,1.0,Liz,[1.000],,[],,[],"[0.000, 0.000, 0.000, 0.000, 1.000, 0.000, 0.000, 0.000]"
3713,148.52,148.56,Liz,1.0,Liz,[1.000],,[],,[],"[0.000, 0.000, 0.000, 0.000, 1.000, 0.000, 0.000, 0.000]"
3714,148.56,148.6,Liz,1.0,Liz,[1.000],,[],,[],"[0.000, 0.000, 0.000, 0.000, 1.000, 0.000, 0.000, 0.000]"
3715,148.6,148.64,Liz,1.0,Liz,[1.000],,[],,[],"[0.000, 0.000, 0.000, 0.000, 1.000, 0.000, 0.000, 0.000]"
3716,148.64,148.68,Liz,1.0,Liz,[1.000],,[],,[],"[0.000, 0.000, 0.000, 0.000, 1.000, 0.000, 0.000, 0.000]"
3717,148.68,148.72,Liz,1.0,Liz,[1.000],,[],,[],"[0.000, 0.000, 0.000, 0.000, 1.000, 0.000, 0.000, 0.000]"
3718,148.72,148.76,Liz,1.0,Liz,[1.000],,[],,[],"[0.000, 0.000, 0.000, 0.000, 1.000, 0.000, 0.000, 0.000]"
3719,148.76,148.8,Liz,1.0,Liz,[1.000],,[],,[],"[0.000, 0.000, 0.000, 0.000, 1.000, 0.000, 0.000, 0.000]"
3720,148.8,148.84,Liz,1.0,Liz,[1.000],,[],,[],"[0.000, 0.000, 0.000, 0.000, 1.000, 0.000, 0.000, 0.000]"
3721,148.84,148.88,Liz,1.0,Liz,[1.000],,[],,[],"[0.000, 0.000, 0.000, 0.000, 1.000, 0.000, 0.000, 0.000]"
3722,148.88,148.92,Liz,1.0,Liz,[1.000],,[],,[],"[0.000, 0.000, 0.000, 0.000, 1.000, 0.000, 0.000, 0.000]"
3723,148.92,148.96,Liz,1.0,Liz,[1.000],,[],,[],"[0.000, 0.000, 0.000, 0.000, 1.000, 0.000, 0.000, 0.000]"
3724,148.96,149.0,Liz,1.0,Liz,[1.000],,[],,[],"[0.000, 0.000, 0.000, 0.000, 1.000, 0.000, 0.000, 0.000]"
3725,149.0,149.04,Liz,1.0,Liz,[1.000],,[],,[],"[0.000, 0.000, 0.000, 0.000, 1.000, 0.000, 0.000, 0.000]"
3726,149.04,149.08,Liz,1.0,Liz,[1.000],,[],,[],"[0.000, 0.000, 0.000, 0.000, 1.000, 0.000, 0.000, 0.000]"
3727,149.08,149.12,Liz,1.0,Liz,[1.000],,[],,[],"[0.000, 0.000, 0.000, 0.000, 1.000, 0.000, 0.000, 0.000]"
3728,149.12,149.16,Liz,1.0,Liz,[1.000],,[],,[],"[0.000, 0.000, 0.000, 0.000, 1.000, 0.000, 0.000, 0.000]"
3729,149.16,149.2,Liz,0.9999998807907104,Liz,[1.000],,[],,[],"[0.000, 0.000, 0.000, 0.000, 1.000, 0.000, 0.000, 0.000]"
3730,149.2,149.24,Liz,0.9999998807907104,Liz,[1.000],,[],,[],"[0.000, 0.000, 0.000, 0.000, 1.000, 0.000, 0.000, 0.000]"
3731,149.24,149.28,Liz,0.9999997615814209,Liz,[1.000],,[],,[],"[0.000, 0.000, 0.000, 0.000, 1.000, 0.000, 0.000, 0.000]"
3732,149.28,149.32,Liz,0.9999996423721313,Liz,[1.000],,[],,[],"[0.000, 0.000, 0.000, 0.000, 1.000, 0.000, 0.000, 0.000]"
3733,149.32,149.36,Liz,0.9999994039535522,Liz,[1.000],,[],,[],"[0.000, 0.000, 0.000, 0.000, 1.000, 0.000, 0.000, 0.000]"
3734,149.36,149.4,Liz,0.9999990463256836,Liz,[1.000],,[],,[],"[0.000, 0.000, 0.000, 0.000, 1.000, 0.000, 0.000, 0.000]"
3735,149.4,149.44,Liz,0.9999985694885254,Liz,[1.000],,[],,[],"[0.000, 0.000, 0.000, 0.000, 1.000, 0.000, 0.000, 0.000]"
3736,149.44,149.48,Liz,0.9999978542327881,Liz,[1.000],,[],,[],"[0.000, 0.000, 0.000, 0.000, 1.000, 0.000, 0.000, 0.000]"
3737,149.48,149.52,Liz,0.9999970197677612,Liz,[1.000],,[],,[],"[0.000, 0.000, 0.000, 0.000, 1.000, 0.000, 0.000, 0.000]"
3738,149.52,149.56,Liz,0.9999960660934448,Liz,[1.000],,[],,[],"[0.000, 0.000, 0.000, 0.000, 1.000, 0.000, 0.000, 0.000]"
3739,149.56,149.6,Liz,0.9999949932098389,Liz,[1.000],,[],,[],"[0.000, 0.000, 0.000, 0.000, 1.000, 0.000, 0.000, 0.000]"
3740,149.6,149.64,Liz,0.9999938011169434,Liz,[1.000],,[],,[],"[0.000, 0.000, 0.000, 0.000, 1.000, 0.000, 0.000, 0.000]"
3741,149.64,149.68,Liz,0.9999924898147583,Liz,[1.000],,[],,[],"[0.000, 0.000, 0.000, 0.000, 1.000, 0.000, 0.000, 0.000]"
3742,149.68,149.72,Liz,0.9999912977218628,Liz,[1.000],,[],,[],"[0.000, 0.000, 0.000, 0.000, 1.000, 0.000, 0.000, 0.000]"
3743,149.72,149.76,Liz,0.9999899864196777,Liz,[1.000],,[],,[],"[0.000, 0.000, 0.000, 0.000, 1.000, 0.000, 0.000, 0.000]"
3744,149.76,149.8,Liz,0.9999887943267822,Liz,[1.000],,[],,[],"[0.000, 0.000, 0.000, 0.000, 1.000, 0.000, 0.000, 0.000]"
3745,149.8,149.84,Liz,0.9999878406524658,Liz,[1.000],,[],,[],"[0.000, 0.000, 0.000, 0.000, 1.000, 0.000, 0.000, 0.000]"
3746,149.84,149.88,Liz,0.9999871253967285,Liz,[1.000],,[],,[],"[0.000, 0.000, 0.000, 0.000, 1.000, 0.000, 0.000, 0.000]"
3747,149.88,149.92,Liz,0.9999865293502808,Liz,[1.000],,[],,[],"[0.000, 0.000, 0.000, 0.000, 1.000, 0.000, 0.000, 0.000]"
3748,149.92,149.96,Liz,0.9999862909317017,Liz,[1.000],,[],,[],"[0.000, 0.000, 0.000, 0.000, 1.000, 0.000, 0.000, 0.000]"
3749,149.96,150.0,Liz,0.9999864101409912,Liz,[1.000],,[],,[],"[0.000, 0.000, 0.000, 0.000, 1.000, 0.000, 0.000, 0.000]"
3750,150.0,150.04,Liz,0.9999868869781494,Liz,[1.000],,[],,[],"[0.000, 0.000, 0.000, 0.000, 1.000, 0.000, 0.000, 0.000]"
3751,150.04,150.08,Liz,0.9999876022338867,Liz,[1.000],,[],,[],"[0.000, 0.000, 0.000, 0.000, 1.000, 0.000, 0.000, 0.000]"
3752,150.08,150.12,Liz,0.9999886751174927,Liz,[1.000],,[],,[],"[0.000, 0.000, 0.000, 0.000, 1.000, 0.000, 0.000, 0.000]"
3753,150.12,150.16,Liz,0.9999897480010986,Liz,[1.000],,[],,[],"[0.000, 0.000, 0.000, 0.000, 1.000, 0.000, 0.000, 0.000]"
3754,150.16,150.2,Liz,0.9999910593032837,Liz,[1.000],,[],,[],"[0.000, 0.000, 0.000, 0.000, 1.000, 0.000, 0.000, 0.000]"
3755,150.2,150.24,Liz,0.9999922513961792,Liz,[1.000],,[],,[],"[0.000, 0.000, 0.000, 0.000, 1.000, 0.000, 0.000, 0.000]"
3756,150.24,150.28,Liz,0.9999933242797852,Liz,[1.000],,[],,[],"[0.000, 0.000, 0.000, 0.000, 1.000, 0.000, 0.000, 0.000]"
3757,150.28,150.32,Liz,0.9999943971633911,Liz,[1.000],,[],,[],"[0.000, 0.000, 0.000, 0.000, 1.000, 0.000, 0.000, 0.000]"
3758,150.32,150.36,Liz,0.999995231628418,Liz,[1.000],,[],,[],"[0.000, 0.000, 0.000, 0.000, 1.000, 0.000, 0.000, 0.000]"
3759,150.36,150.4,Liz,0.9999959468841553,Liz,[1.000],,[],,[],"[0.000, 0.000, 0.000, 0.000, 1.000, 0.000, 0.000, 0.000]"
3760,150.4,150.44,Liz,0.999996542930603,Liz,[1.000],,[],,[],"[0.000, 0.000, 0.000, 0.000, 1.000, 0.000, 0.000, 0.000]"
3761,150.44,150.48,Liz,0.9999969005584717,Liz,[1.000],,[],,[],"[0.000, 0.000, 0.000, 0.000, 1.000, 0.000, 0.000, 0.000]"
3762,150.48,150.52,Liz,0.9999972581863403,Liz,[1.000],,[],,[],"[0.000, 0.000, 0.000, 0.000, 1.000, 0.000, 0.000, 0.000]"
3763,150.52,150.56,Liz,0.999997615814209,Liz,[1.000],,[],,[],"[0.000, 0.000, 0.000, 0.000, 1.000, 0.000, 0.000, 0.000]"
3764,150.56,150.6,Liz,0.9999977350234985,Liz,[1.000],,[],,[],"[0.000, 0.000, 0.000, 0.000, 1.000, 0.000, 0.000, 0.000]"
3765,150.6,150.64,Liz,0.9999978542327881,Liz,[1.000],,[],,[],"[0.000, 0.000, 0.000, 0.000, 1.000, 0.000, 0.000, 0.000]"
3766,150.64,150.68,Liz,0.9999979734420776,Liz,[1.000],,[],,[],"[0.000, 0.000, 0.000, 0.000, 1.000, 0.000, 0.000, 0.000]"
3767,150.68,150.72,Liz,0.9999979734420776,Liz,[1.000],,[],,[],"[0.000, 0.000, 0.000, 0.000, 1.000, 0.000, 0.000, 0.000]"
3768,150.72,150.76,Liz,0.9999979734420776,Liz,[1.000],,[],,[],"[0.000, 0.000, 0.000, 0.000, 1.000, 0.000, 0.000, 0.000]"
3769,150.76,150.8,Liz,0.9999978542327881,Liz,[1.000],,[],,[],"[0.000, 0.000, 0.000, 0.000, 1.000, 0.000, 0.000, 0.000]"
3770,150.8,150.84,Liz,0.9999977350234985,Liz,[1.000],,[],,[],"[0.000, 0.000, 0.000, 0.000, 1.000, 0.000, 0.000, 0.000]"
3771,150.84,150.88,Liz,0.9999974966049194,Liz,[1.000],,[],,[],"[0.000, 0.000, 0.000, 0.000, 1.000, 0.000, 0.000, 0.000]"
3772,150.88,150.92,Liz,0.9999971389770508,Liz,[1.000],,[],,[],"[0.000, 0.000, 0.000, 0.000, 1.000, 0.000, 0.000, 0.000]"
3773,150.92,150.96,Liz,0.9999967813491821,Liz,[1.000],,[],,[],"[0.000, 0.000, 0.000, 0.000, 1.000, 0.000, 0.000, 0.000]"
3774,150.96,151.0,Liz,0.9999963045120239,Liz,[1.000],,[],,[],"[0.000, 0.000, 0.000, 0.000, 1.000, 0.000, 0.000, 0.000]"
3775,151.0,151.04,Liz,0.9999954700469971,Liz,[1.000],,[],,[],"[0.000, 0.000, 0.000, 0.000, 1.000, 0.000, 0.000, 0.000]"
3776,151.04,151.08,Liz,0.9999945163726807,Liz,[1.000],,[],,[],"[0.000, 0.000, 0.000, 0.000, 1.000, 0.000, 0.000, 0.000]"
3777,151.08,151.12,Liz,0.9999929666519165,Liz,[1.000],,[],,[],"[0.000, 0.000, 0.000, 0.000, 1.000, 0.000, 0.000, 0.000]"
3778,151.12,151.16,Liz,0.9999908208847046,Liz,[1.000],,[],,[],"[0.000, 0.000, 0.000, 0.000, 1.000, 0.000, 0.000, 0.000]"
3779,151.16,151.2,Liz,0.9999876022338867,Liz,[1.000],,[],,[],"[0.000, 0.000, 0.000, 0.000, 1.000, 0.000, 0.000, 0.000]"
3780,151.2,151.24,Liz,0.9999827146530151,Liz,[1.000],,[],,[],"[0.000, 0.000, 0.000, 0.000, 1.000, 0.000, 0.000, 0.000]"
3781,151.24,151.28,Liz,0.9999748468399048,Liz,[1.000],,[],,[],"[0.000, 0.000, 0.000, 0.000, 1.000, 0.000, 0.000, 0.000]"
3782,151.28,151.32,Liz,0.9999622106552124,Liz,[1.000],,[],,[],"[0.000, 0.000, 0.000, 0.000, 1.000, 0.000, 0.000, 0.000]"
3783,151.32,151.36,Liz,0.9999411106109619,Liz,[1.000],,[],,[],"[0.000, 0.000, 0.000, 0.000, 1.000, 0.000, 0.000, 0.000]"
3784,151.36,151.4,Liz,0.9999051094055176,Liz,[1.000],,[],,[],"[0.000, 0.000, 0.000, 0.000, 1.000, 0.000, 0.000, 0.000]"
3785,151.4,151.44,Liz,0.9998410940170288,Liz,[1.000],,[],,[],"[0.000, 0.000, 0.000, 0.000, 1.000, 0.000, 0.000, 0.000]"
3786,151.44,151.48,Liz,0.9997233748435974,Liz,[1.000],,[],,[],"[0.000, 0.000, 0.000, 0.000, 1.000, 0.000, 0.000, 0.000]"
3787,151.48,151.52,Liz,0.9994993209838867,Liz,[0.999],,[],,[],"[0.000, 0.000, 0.000, 0.000, 0.999, 0.000, 0.000, 0.000]"
3788,151.52,151.56,Liz,0.9990562796592712,Liz,[0.999],,[],,[],"[0.000, 0.000, 0.000, 0.000, 0.999, 0.000, 0.000, 0.000]"
3789,151.56,151.6,Liz,0.9981448650360107,Liz,[0.998],,[],,[],"[0.000, 0.000, 0.000, 0.000, 0.998, 0.000, 0.000, 0.000]"
3790,151.6,151.64,Liz,0.9961965084075928,Liz,[0.996],,[],,[],"[0.000, 0.000, 0.000, 0.000, 0.996, 0.000, 0.000, 0.000]"
3791,151.64,151.68,Liz,0.9918799996376038,Liz,[0.992],,[],,[],"[0.000, 0.000, 0.000, 0.000, 0.992, 0.000, 0.000, 0.000]"
3792,151.68,151.72,Liz,0.9820473194122314,Liz,[0.982],,[],,[],"[0.000, 0.000, 0.000, 0.000, 0.982, 0.000, 0.000, 0.000]"
3793,151.72,151.76,Liz,0.9592564105987549,Liz,[0.959],,[],,[],"[0.000, 0.000, 0.000, 0.000, 0.959, 0.000, 0.000, 0.000]"
3794,151.76,151.8,Liz,0.9072290062904358,Liz,[0.907],,[],,[],"[0.000, 0.000, 0.000, 0.000, 0.907, 0.000, 0.000, 0.001]"
3795,151.8,151.84,Liz,0.7973146438598633,Liz,[0.797],,[],,[],"[0.000, 0.000, 0.000, 0.000, 0.797, 0.000, 0.000, 0.002]"
3796,151.84,151.88,Liz,0.6064198017120361,Liz,[0.606],,[],,[],"[0.000, 0.000, 0.000, 0.000, 0.606, 0.000, 0.000, 0.005]"
3797,151.88,151.92,silence,0.013124859891831875,,[],,[],,[],"[0.000, 0.000, 0.000, 0.000, 0.371, 0.000, 0.000, 0.013]"
3798,151.92,151.96,silence,0.03195071592926979,,[],,[],,[],"[0.000, 0.000, 0.000, 0.000, 0.182, 0.000, 0.000, 0.032]"
3799,151.96,152.0,silence,0.07571991533041,,[],,[],,[],"[0.000, 0.000, 0.000, 0.000, 0.076, 0.000, 0.000, 0.076]"
3800,152.0,152.04,silence,0.1681198924779892,,[],,[],,[],"[0.000, 0.000, 0.000, 0.000, 0.029, 0.000, 0.000, 0.168]"
3801,152.04,152.08,silence,0.32985907793045044,,[],,[],,[],"[0.000, 0.000, 0.000, 0.000, 0.011, 0.000, 0.000, 0.330]"
3802,152.08,152.12,silence,0.5403771996498108,silence,[0.540],,[],,[],"[0.000, 0.000, 0.000, 0.000, 0.004, 0.000, 0.000, 0.540]"
3803,152.12,152.16,silence,0.7324038743972778,silence,[0.732],,[],,[],"[0.000, 0.000, 0.000, 0.000, 0.001, 0.000, 0.000, 0.732]"
3804,152.16,152.2,silence,0.8607242107391357,silence,[0.861],,[],,[],"[0.000, 0.000, 0.000, 0.000, 0.001, 0.000, 0.000, 0.861]"
3805,152.2,152.24,silence,0.9310958981513977,silence,[0.931],,[],,[],"[0.000, 0.000, 0.000, 0.000, 0.000, 0.000, 0.000, 0.931]"
3806,152.24,152.28,silence,0.9662325978279114,silence,[0.966],,[],,[],"[0.000, 0.000, 0.000, 0.000, 0.000, 0.000, 0.000, 0.966]"
3807,152.28,152.32,silence,0.9833341240882874,silence,[0.983],,[],,[],"[0.000, 0.000, 0.000, 0.000, 0.000, 0.000, 0.000, 0.983]"
3808,152.32,152.36,silence,0.9916921854019165,silence,[0.992],,[],,[],"[0.000, 0.000, 0.000, 0.000, 0.000, 0.000, 0.000, 0.992]"
3809,152.36,152.4,silence,0.9958255290985107,silence,[0.996],,[],,[],"[0.000, 0.000, 0.000, 0.000, 0.000, 0.000, 0.000, 0.996]"
3810,152.4,152.44,silence,0.9978908896446228,silence,[0.998],,[],,[],"[0.000, 0.000, 0.000, 0.000, 0.000, 0.000, 0.000, 0.998]"
3811,152.44,152.48,silence,0.9989328980445862,silence,[0.999],,[],,[],"[0.000, 0.000, 0.000, 0.000, 0.000, 0.000, 0.000, 0.999]"
3812,152.48,152.52,silence,0.9994633793830872,silence,[0.999],,[],,[],"[0.000, 0.000, 0.000, 0.000, 0.000, 0.000, 0.000, 0.999]"
3813,152.52,152.56,silence,0.9997339844703674,silence,[1.000],,[],,[],"[0.000, 0.000, 0.000, 0.000, 0.000, 0.000, 0.000, 1.000]"
3814,152.56,152.6,silence,0.999871015548706,silence,[1.000],,[],,[],"[0.000, 0.000, 0.000, 0.000, 0.000, 0.000, 0.000, 1.000]"
3815,152.6,152.64,silence,0.9999392032623291,silence,[1.000],,[],,[],"[0.000, 0.000, 0.000, 0.000, 0.000, 0.000, 0.000, 1.000]"
3816,152.64,152.68,silence,0.9999722242355347,silence,[1.000],,[],,[],"[0.000, 0.000, 0.000, 0.000, 0.000, 0.000, 0.000, 1.000]"
3817,152.68,152.72,silence,0.9999877214431763,silence,[1.000],,[],,[],"[0.000, 0.000, 0.000, 0.000, 0.000, 0.000, 0.000, 1.000]"
3818,152.72,152.76,silence,0.9999947547912598,silence,[1.000],,[],,[],"[0.000, 0.000, 0.000, 0.000, 0.000, 0.000, 0.000, 1.000]"
3819,152.76,152.8,silence,0.9999977350234985,silence,[1.000],,[],,[],"[0.000, 0.000, 0.000, 0.000, 0.000, 0.000, 0.000, 1.000]"
3820,152.8,152.84,silence,0.9999990463256836,silence,[1.000],,[],,[],"[0.000, 0.000, 0.000, 0.000, 0.000, 0.000, 0.000, 1.000]"
3821,152.84,152.88,silence,0.9999996423721313,silence,[1.000],,[],,[],"[0.000, 0.000, 0.000, 0.000, 0.000, 0.000, 0.000, 1.000]"
3822,152.88,152.92,silence,0.9999998807907104,silence,[1.000],,[],,[],"[0.000, 0.000, 0.000, 0.000, 0.000, 0.000, 0.000, 1.000]"
3823,152.92,152.96,silence,1.0,silence,[1.000],,[],,[],"[0.000, 0.000, 0.000, 0.000, 0.000, 0.000, 0.000, 1.000]"
3824,152.96,153.0,silence,1.0,silence,[1.000],,[],,[],"[0.000, 0.000, 0.000, 0.000, 0.000, 0.000, 0.000, 1.000]"
3825,153.0,153.04,silence,1.0,silence,[1.000],,[],,[],"[0.000, 0.000, 0.000, 0.000, 0.000, 0.000, 0.000, 1.000]"
3826,153.04,153.08,silence,1.0,silence,[1.000],,[],,[],"[0.000, 0.000, 0.000, 0.000, 0.000, 0.000, 0.000, 1.000]"
3827,153.08,153.12,silence,1.0,silence,[1.000],,[],,[],"[0.000, 0.000, 0.000, 0.000, 0.000, 0.000, 0.000, 1.000]"
3828,153.12,153.16,silence,1.0,silence,[1.000],,[],,[],"[0.000, 0.000, 0.000, 0.000, 0.000, 0.000, 0.000, 1.000]"
3829,153.16,153.2,silence,1.0,silence,[1.000],,[],,[],"[0.000, 0.000, 0.000, 0.000, 0.000, 0.000, 0.000, 1.000]"
3830,153.2,153.24,silence,1.0,silence,[1.000],,[],,[],"[0.000, 0.000, 0.000, 0.000, 0.000, 0.000, 0.000, 1.000]"
3831,153.24,153.28,silence,1.0,silence,[1.000],,[],,[],"[0.000, 0.000, 0.000, 0.000, 0.000, 0.000, 0.000, 1.000]"
3832,153.28,153.32,silence,1.0,silence,[1.000],,[],,[],"[0.000, 0.000, 0.000, 0.000, 0.000, 0.000, 0.000, 1.000]"
3833,153.32,153.36,silence,1.0,silence,[1.000],,[],,[],"[0.000, 0.000, 0.000, 0.000, 0.000, 0.000, 0.000, 1.000]"
3834,153.36,153.4,silence,1.0,silence,[1.000],,[],,[],"[0.000, 0.000, 0.000, 0.000, 0.000, 0.000, 0.000, 1.000]"
3835,153.4,153.44,silence,1.0,silence,[1.000],,[],,[],"[0.000, 0.000, 0.000, 0.000, 0.000, 0.000, 0.000, 1.000]"
3836,153.44,153.48,silence,1.0,silence,[1.000],,[],,[],"[0.000, 0.000, 0.000, 0.000, 0.000, 0.000, 0.000, 1.000]"
3837,153.48,153.52,silence,1.0,silence,[1.000],,[],,[],"[0.000, 0.000, 0.000, 0.000, 0.000, 0.000, 0.000, 1.000]"
3838,153.52,153.56,silence,1.0,silence,[1.000],,[],,[],"[0.000, 0.000, 0.000, 0.000, 0.000, 0.000, 0.000, 1.000]"
3839,153.56,153.6,silence,1.0,silence,[1.000],,[],,[],"[0.000, 0.000, 0.000, 0.000, 0.000, 0.000, 0.000, 1.000]"
3840,153.6,153.64,silence,1.0,silence,[1.000],,[],,[],"[0.000, 0.000, 0.000, 0.000, 0.000, 0.000, 0.000, 1.000]"
3841,153.64,153.68,silence,1.0,silence,[1.000],,[],,[],"[0.000, 0.000, 0.000, 0.000, 0.000, 0.000, 0.000, 1.000]"
3842,153.68,153.72,silence,1.0,silence,[1.000],,[],,[],"[0.000, 0.000, 0.000, 0.000, 0.000, 0.000, 0.000, 1.000]"
3843,153.72,153.76,silence,1.0,silence,[1.000],,[],,[],"[0.000, 0.000, 0.000, 0.000, 0.000, 0.000, 0.000, 1.000]"
3844,153.76,153.8,silence,1.0,silence,[1.000],,[],,[],"[0.000, 0.000, 0.000, 0.000, 0.000, 0.000, 0.000, 1.000]"
3845,153.8,153.84,silence,1.0,silence,[1.000],,[],,[],"[0.000, 0.000, 0.000, 0.000, 0.000, 0.000, 0.000, 1.000]"
3846,153.84,153.88,silence,1.0,silence,[1.000],,[],,[],"[0.000, 0.000, 0.000, 0.000, 0.000, 0.000, 0.000, 1.000]"
3847,153.88,153.92,silence,1.0,silence,[1.000],,[],,[],"[0.000, 0.000, 0.000, 0.000, 0.000, 0.000, 0.000, 1.000]"
3848,153.92,153.96,silence,1.0,silence,[1.000],,[],,[],"[0.000, 0.000, 0.000, 0.000, 0.000, 0.000, 0.000, 1.000]"
3849,153.96,154.0,silence,1.0,silence,[1.000],,[],,[],"[0.000, 0.000, 0.000, 0.000, 0.000, 0.000, 0.000, 1.000]"
3850,154.0,154.04,silence,1.0,silence,[1.000],,[],,[],"[0.000, 0.000, 0.000, 0.000, 0.000, 0.000, 0.000, 1.000]"
3851,154.04,154.08,silence,1.0,silence,[1.000],,[],,[],"[0.000, 0.000, 0.000, 0.000, 0.000, 0.000, 0.000, 1.000]"
3852,154.08,154.12,silence,1.0,silence,[1.000],,[],,[],"[0.000, 0.000, 0.000, 0.000, 0.000, 0.000, 0.000, 1.000]"
3853,154.12,154.16,silence,1.0,silence,[1.000],,[],,[],"[0.000, 0.000, 0.000, 0.000, 0.000, 0.000, 0.000, 1.000]"
3854,154.16,154.2,silence,1.0,silence,[1.000],,[],,[],"[0.000, 0.000, 0.000, 0.000, 0.000, 0.000, 0.000, 1.000]"
3855,154.2,154.24,silence,1.0,silence,[1.000],,[],,[],"[0.000, 0.000, 0.000, 0.000, 0.000, 0.000, 0.000, 1.000]"
3856,154.24,154.28,silence,0.9999998807907104,silence,[1.000],,[],,[],"[0.000, 0.000, 0.000, 0.000, 0.000, 0.000, 0.000, 1.000]"
3857,154.28,154.32,silence,0.9999996423721313,silence,[1.000],,[],,[],"[0.000, 0.000, 0.000, 0.000, 0.000, 0.000, 0.000, 1.000]"
3858,154.32,154.36,silence,0.9999982118606567,silence,[1.000],,[],,[],"[0.000, 0.000, 0.000, 0.000, 0.000, 0.000, 0.000, 1.000]"
3859,154.36,154.4,silence,0.9999922513961792,silence,[1.000],,[],,[],"[0.000, 0.000, 0.000, 0.000, 0.000, 0.000, 0.000, 1.000]"
3860,154.4,154.44,silence,0.9999645948410034,silence,[1.000],,[],,[],"[0.000, 0.000, 0.000, 0.000, 0.000, 0.000, 0.000, 1.000]"
3861,154.44,154.48,silence,0.9998337030410767,silence,[1.000],,[],,[],"[0.000, 0.000, 0.000, 0.000, 0.000, 0.000, 0.000, 1.000]"
3862,154.48,154.52,silence,0.9991983771324158,silence,[0.999],,[],,[],"[0.000, 0.000, 0.000, 0.000, 0.000, 0.000, 0.000, 0.999]"
3863,154.52,154.56,silence,0.9960601925849915,silence,[0.996],,[],,[],"[0.000, 0.000, 0.000, 0.000, 0.001, 0.000, 0.000, 0.996]"
3864,154.56,154.6,silence,0.9805952310562134,silence,[0.981],,[],,[],"[0.000, 0.000, 0.000, 0.000, 0.004, 0.000, 0.000, 0.981]"
3865,154.6,154.64,silence,0.9093800187110901,silence,[0.909],,[],,[],"[0.000, 0.000, 0.000, 0.000, 0.017, 0.000, 0.000, 0.909]"
3866,154.64,154.68,silence,0.6667977571487427,silence,[0.667],,[],,[],"[0.000, 0.000, 0.000, 0.000, 0.076, 0.000, 0.000, 0.667]"
3867,154.68,154.72,silence,0.28868937492370605,,[],,[],,[],"[0.000, 0.000, 0.000, 0.000, 0.276, 0.000, 0.000, 0.289]"
3868,154.72,154.76,Liz,0.6321642398834229,Liz,[0.632],,[],,[],"[0.000, 0.000, 0.000, 0.000, 0.632, 0.000, 0.000, 0.078]"
3869,154.76,154.8,Liz,0.881298840045929,Liz,[0.881],,[],,[],"[0.000, 0.000, 0.000, 0.000, 0.881, 0.000, 0.000, 0.018]"
3870,154.8,154.84,Liz,0.9683484435081482,Liz,[0.968],,[],,[],"[0.000, 0.000, 0.000, 0.000, 0.968, 0.000, 0.000, 0.004]"
3871,154.84,154.88,Liz,0.9917323589324951,Liz,[0.992],,[],,[],"[0.000, 0.000, 0.000, 0.000, 0.992, 0.000, 0.000, 0.001]"
3872,154.88,154.92,Liz,0.997765302658081,Liz,[0.998],,[],,[],"[0.000, 0.000, 0.000, 0.000, 0.998, 0.000, 0.000, 0.000]"
3873,154.92,154.96,Liz,0.9993658661842346,Liz,[0.999],,[],,[],"[0.000, 0.000, 0.000, 0.000, 0.999, 0.000, 0.000, 0.000]"
3874,154.96,155.0,Liz,0.9998099207878113,Liz,[1.000],,[],,[],"[0.000, 0.000, 0.000, 0.000, 1.000, 0.000, 0.000, 0.000]"
3875,155.0,155.04,Liz,0.9999394416809082,Liz,[1.000],,[],,[],"[0.000, 0.000, 0.000, 0.000, 1.000, 0.000, 0.000, 0.000]"
3876,155.04,155.08,Liz,0.9999794960021973,Liz,[1.000],,[],,[],"[0.000, 0.000, 0.000, 0.000, 1.000, 0.000, 0.000, 0.000]"
3877,155.08,155.12,Liz,0.9999926090240479,Liz,[1.000],,[],,[],"[0.000, 0.000, 0.000, 0.000, 1.000, 0.000, 0.000, 0.000]"
3878,155.12,155.16,Liz,0.9999972581863403,Liz,[1.000],,[],,[],"[0.000, 0.000, 0.000, 0.000, 1.000, 0.000, 0.000, 0.000]"
3879,155.16,155.2,Liz,0.999998927116394,Liz,[1.000],,[],,[],"[0.000, 0.000, 0.000, 0.000, 1.000, 0.000, 0.000, 0.000]"
3880,155.2,155.24,Liz,0.9999995231628418,Liz,[1.000],,[],,[],"[0.000, 0.000, 0.000, 0.000, 1.000, 0.000, 0.000, 0.000]"
3881,155.24,155.28,Liz,0.9999997615814209,Liz,[1.000],,[],,[],"[0.000, 0.000, 0.000, 0.000, 1.000, 0.000, 0.000, 0.000]"
3882,155.28,155.32,Liz,0.9999998807907104,Liz,[1.000],,[],,[],"[0.000, 0.000, 0.000, 0.000, 1.000, 0.000, 0.000, 0.000]"
3883,155.32,155.36,Liz,1.0,Liz,[1.000],,[],,[],"[0.000, 0.000, 0.000, 0.000, 1.000, 0.000, 0.000, 0.000]"
3884,155.36,155.4,Liz,1.0,Liz,[1.000],,[],,[],"[0.000, 0.000, 0.000, 0.000, 1.000, 0.000, 0.000, 0.000]"
3885,155.4,155.44,Liz,1.0,Liz,[1.000],,[],,[],"[0.000, 0.000, 0.000, 0.000, 1.000, 0.000, 0.000, 0.000]"
3886,155.44,155.48,Liz,1.0,Liz,[1.000],,[],,[],"[0.000, 0.000, 0.000, 0.000, 1.000, 0.000, 0.000, 0.000]"
3887,155.48,155.52,Liz,1.0,Liz,[1.000],,[],,[],"[0.000, 0.000, 0.000, 0.000, 1.000, 0.000, 0.000, 0.000]"
3888,155.52,155.56,Liz,1.0,Liz,[1.000],,[],,[],"[0.000, 0.000, 0.000, 0.000, 1.000, 0.000, 0.000, 0.000]"
3889,155.56,155.6,Liz,1.0,Liz,[1.000],,[],,[],"[0.000, 0.000, 0.000, 0.000, 1.000, 0.000, 0.000, 0.000]"
3890,155.6,155.64,Liz,1.0,Liz,[1.000],,[],,[],"[0.000, 0.000, 0.000, 0.000, 1.000, 0.000, 0.000, 0.000]"
3891,155.64,155.68,Liz,1.0,Liz,[1.000],,[],,[],"[0.000, 0.000, 0.000, 0.000, 1.000, 0.000, 0.000, 0.000]"
3892,155.68,155.72,Liz,1.0,Liz,[1.000],,[],,[],"[0.000, 0.000, 0.000, 0.000, 1.000, 0.000, 0.000, 0.000]"
3893,155.72,155.76,Liz,1.0,Liz,[1.000],,[],,[],"[0.000, 0.000, 0.000, 0.000, 1.000, 0.000, 0.000, 0.000]"
3894,155.76,155.8,Liz,1.0,Liz,[1.000],,[],,[],"[0.000, 0.000, 0.000, 0.000, 1.000, 0.000, 0.000, 0.000]"
3895,155.8,155.84,Liz,1.0,Liz,[1.000],,[],,[],"[0.000, 0.000, 0.000, 0.000, 1.000, 0.000, 0.000, 0.000]"
3896,155.84,155.88,Liz,1.0,Liz,[1.000],,[],,[],"[0.000, 0.000, 0.000, 0.000, 1.000, 0.000, 0.000, 0.000]"
3897,155.88,155.92,Liz,1.0,Liz,[1.000],,[],,[],"[0.000, 0.000, 0.000, 0.000, 1.000, 0.000, 0.000, 0.000]"
3898,155.92,155.96,Liz,1.0,Liz,[1.000],,[],,[],"[0.000, 0.000, 0.000, 0.000, 1.000, 0.000, 0.000, 0.000]"
3899,155.96,156.0,Liz,1.0,Liz,[1.000],,[],,[],"[0.000, 0.000, 0.000, 0.000, 1.000, 0.000, 0.000, 0.000]"
3900,156.0,156.04,Liz,1.0,Liz,[1.000],,[],,[],"[0.000, 0.000, 0.000, 0.000, 1.000, 0.000, 0.000, 0.000]"
3901,156.04,156.08,Liz,1.0,Liz,[1.000],,[],,[],"[0.000, 0.000, 0.000, 0.000, 1.000, 0.000, 0.000, 0.000]"
3902,156.08,156.12,Liz,1.0,Liz,[1.000],,[],,[],"[0.000, 0.000, 0.000, 0.000, 1.000, 0.000, 0.000, 0.000]"
3903,156.12,156.16,Liz,1.0,Liz,[1.000],,[],,[],"[0.000, 0.000, 0.000, 0.000, 1.000, 0.000, 0.000, 0.000]"
3904,156.16,156.2,Liz,1.0,Liz,[1.000],,[],,[],"[0.000, 0.000, 0.000, 0.000, 1.000, 0.000, 0.000, 0.000]"
3905,156.2,156.24,Liz,1.0,Liz,[1.000],,[],,[],"[0.000, 0.000, 0.000, 0.000, 1.000, 0.000, 0.000, 0.000]"
3906,156.24,156.28,Liz,1.0,Liz,[1.000],,[],,[],"[0.000, 0.000, 0.000, 0.000, 1.000, 0.000, 0.000, 0.000]"
3907,156.28,156.32,Liz,1.0,Liz,[1.000],,[],,[],"[0.000, 0.000, 0.000, 0.000, 1.000, 0.000, 0.000, 0.000]"
3908,156.32,156.36,Liz,1.0,Liz,[1.000],,[],,[],"[0.000, 0.000, 0.000, 0.000, 1.000, 0.000, 0.000, 0.000]"
3909,156.36,156.4,Liz,1.0,Liz,[1.000],,[],,[],"[0.000, 0.000, 0.000, 0.000, 1.000, 0.000, 0.000, 0.000]"
3910,156.4,156.44,Liz,1.0,Liz,[1.000],,[],,[],"[0.000, 0.000, 0.000, 0.000, 1.000, 0.000, 0.000, 0.000]"
3911,156.44,156.48,Liz,1.0,Liz,[1.000],,[],,[],"[0.000, 0.000, 0.000, 0.000, 1.000, 0.000, 0.000, 0.000]"
3912,156.48,156.52,Liz,1.0,Liz,[1.000],,[],,[],"[0.000, 0.000, 0.000, 0.000, 1.000, 0.000, 0.000, 0.000]"
3913,156.52,156.56,Liz,1.0,Liz,[1.000],,[],,[],"[0.000, 0.000, 0.000, 0.000, 1.000, 0.000, 0.000, 0.000]"
3914,156.56,156.6,Liz,1.0,Liz,[1.000],,[],,[],"[0.000, 0.000, 0.000, 0.000, 1.000, 0.000, 0.000, 0.000]"
3915,156.6,156.64,Liz,1.0,Liz,[1.000],,[],,[],"[0.000, 0.000, 0.000, 0.000, 1.000, 0.000, 0.000, 0.000]"
3916,156.64,156.68,Liz,1.0,Liz,[1.000],,[],,[],"[0.000, 0.000, 0.000, 0.000, 1.000, 0.000, 0.000, 0.000]"
3917,156.68,156.72,Liz,1.0,Liz,[1.000],,[],,[],"[0.000, 0.000, 0.000, 0.000, 1.000, 0.000, 0.000, 0.000]"
3918,156.72,156.76,Liz,1.0,Liz,[1.000],,[],,[],"[0.000, 0.000, 0.000, 0.000, 1.000, 0.000, 0.000, 0.000]"
3919,156.76,156.8,Liz,1.0,Liz,[1.000],,[],,[],"[0.000, 0.000, 0.000, 0.000, 1.000, 0.000, 0.000, 0.000]"
3920,156.8,156.84,Liz,1.0,Liz,[1.000],,[],,[],"[0.000, 0.000, 0.000, 0.000, 1.000, 0.000, 0.000, 0.000]"
3921,156.84,156.88,Liz,1.0,Liz,[1.000],,[],,[],"[0.000, 0.000, 0.000, 0.000, 1.000, 0.000, 0.000, 0.000]"
3922,156.88,156.92,Liz,1.0,Liz,[1.000],,[],,[],"[0.000, 0.000, 0.000, 0.000, 1.000, 0.000, 0.000, 0.000]"
3923,156.92,156.96,Liz,1.0,Liz,[1.000],,[],,[],"[0.000, 0.000, 0.000, 0.000, 1.000, 0.000, 0.000, 0.000]"
3924,156.96,157.0,Liz,1.0,Liz,[1.000],,[],,[],"[0.000, 0.000, 0.000, 0.000, 1.000, 0.000, 0.000, 0.000]"
3925,157.0,157.04,Liz,1.0,Liz,[1.000],,[],,[],"[0.000, 0.000, 0.000, 0.000, 1.000, 0.000, 0.000, 0.000]"
3926,157.04,157.08,Liz,1.0,Liz,[1.000],,[],,[],"[0.000, 0.000, 0.000, 0.000, 1.000, 0.000, 0.000, 0.000]"
3927,157.08,157.12,Liz,1.0,Liz,[1.000],,[],,[],"[0.000, 0.000, 0.000, 0.000, 1.000, 0.000, 0.000, 0.000]"
3928,157.12,157.16,Liz,1.0,Liz,[1.000],,[],,[],"[0.000, 0.000, 0.000, 0.000, 1.000, 0.000, 0.000, 0.000]"
3929,157.16,157.2,Liz,1.0,Liz,[1.000],,[],,[],"[0.000, 0.000, 0.000, 0.000, 1.000, 0.000, 0.000, 0.000]"
3930,157.2,157.24,Liz,1.0,Liz,[1.000],,[],,[],"[0.000, 0.000, 0.000, 0.000, 1.000, 0.000, 0.000, 0.000]"
3931,157.24,157.28,Liz,1.0,Liz,[1.000],,[],,[],"[0.000, 0.000, 0.000, 0.000, 1.000, 0.000, 0.000, 0.000]"
3932,157.28,157.32,Liz,1.0,Liz,[1.000],,[],,[],"[0.000, 0.000, 0.000, 0.000, 1.000, 0.000, 0.000, 0.000]"
3933,157.32,157.36,Liz,1.0,Liz,[1.000],,[],,[],"[0.000, 0.000, 0.000, 0.000, 1.000, 0.000, 0.000, 0.000]"
3934,157.36,157.4,Liz,1.0,Liz,[1.000],,[],,[],"[0.000, 0.000, 0.000, 0.000, 1.000, 0.000, 0.000, 0.000]"
3935,157.4,157.44,Liz,1.0,Liz,[1.000],,[],,[],"[0.000, 0.000, 0.000, 0.000, 1.000, 0.000, 0.000, 0.000]"
3936,157.44,157.48,Liz,1.0,Liz,[1.000],,[],,[],"[0.000, 0.000, 0.000, 0.000, 1.000, 0.000, 0.000, 0.000]"
3937,157.48,157.52,Liz,1.0,Liz,[1.000],,[],,[],"[0.000, 0.000, 0.000, 0.000, 1.000, 0.000, 0.000, 0.000]"
3938,157.52,157.56,Liz,1.0,Liz,[1.000],,[],,[],"[0.000, 0.000, 0.000, 0.000, 1.000, 0.000, 0.000, 0.000]"
3939,157.56,157.6,Liz,1.0,Liz,[1.000],,[],,[],"[0.000, 0.000, 0.000, 0.000, 1.000, 0.000, 0.000, 0.000]"
3940,157.6,157.64,Liz,1.0,Liz,[1.000],,[],,[],"[0.000, 0.000, 0.000, 0.000, 1.000, 0.000, 0.000, 0.000]"
3941,157.64,157.68,Liz,1.0,Liz,[1.000],,[],,[],"[0.000, 0.000, 0.000, 0.000, 1.000, 0.000, 0.000, 0.000]"
3942,157.68,157.72,Liz,1.0,Liz,[1.000],,[],,[],"[0.000, 0.000, 0.000, 0.000, 1.000, 0.000, 0.000, 0.000]"
3943,157.72,157.76,Liz,1.0,Liz,[1.000],,[],,[],"[0.000, 0.000, 0.000, 0.000, 1.000, 0.000, 0.000, 0.000]"
3944,157.76,157.8,Liz,1.0,Liz,[1.000],,[],,[],"[0.000, 0.000, 0.000, 0.000, 1.000, 0.000, 0.000, 0.000]"
3945,157.8,157.84,Liz,1.0,Liz,[1.000],,[],,[],"[0.000, 0.000, 0.000, 0.000, 1.000, 0.000, 0.000, 0.000]"
3946,157.84,157.88,Liz,1.0,Liz,[1.000],,[],,[],"[0.000, 0.000, 0.000, 0.000, 1.000, 0.000, 0.000, 0.000]"
3947,157.88,157.92,Liz,1.0,Liz,[1.000],,[],,[],"[0.000, 0.000, 0.000, 0.000, 1.000, 0.000, 0.000, 0.000]"
3948,157.92,157.96,Liz,1.0,Liz,[1.000],,[],,[],"[0.000, 0.000, 0.000, 0.000, 1.000, 0.000, 0.000, 0.000]"
3949,157.96,158.0,Liz,1.0,Liz,[1.000],,[],,[],"[0.000, 0.000, 0.000, 0.000, 1.000, 0.000, 0.000, 0.000]"
3950,158.0,158.04,Liz,1.0,Liz,[1.000],,[],,[],"[0.000, 0.000, 0.000, 0.000, 1.000, 0.000, 0.000, 0.000]"
3951,158.04,158.08,Liz,1.0,Liz,[1.000],,[],,[],"[0.000, 0.000, 0.000, 0.000, 1.000, 0.000, 0.000, 0.000]"
3952,158.08,158.12,Liz,1.0,Liz,[1.000],,[],,[],"[0.000, 0.000, 0.000, 0.000, 1.000, 0.000, 0.000, 0.000]"
3953,158.12,158.16,Liz,1.0,Liz,[1.000],,[],,[],"[0.000, 0.000, 0.000, 0.000, 1.000, 0.000, 0.000, 0.000]"
3954,158.16,158.2,Liz,1.0,Liz,[1.000],,[],,[],"[0.000, 0.000, 0.000, 0.000, 1.000, 0.000, 0.000, 0.000]"
3955,158.2,158.24,Liz,0.9999998807907104,Liz,[1.000],,[],,[],"[0.000, 0.000, 0.000, 0.000, 1.000, 0.000, 0.000, 0.000]"
3956,158.24,158.28,Liz,0.9999997615814209,Liz,[1.000],,[],,[],"[0.000, 0.000, 0.000, 0.000, 1.000, 0.000, 0.000, 0.000]"
3957,158.28,158.32,Liz,0.9999995231628418,Liz,[1.000],,[],,[],"[0.000, 0.000, 0.000, 0.000, 1.000, 0.000, 0.000, 0.000]"
3958,158.32,158.36,Liz,0.999998927116394,Liz,[1.000],,[],,[],"[0.000, 0.000, 0.000, 0.000, 1.000, 0.000, 0.000, 0.000]"
3959,158.36,158.4,Liz,0.9999977350234985,Liz,[1.000],,[],,[],"[0.000, 0.000, 0.000, 0.000, 1.000, 0.000, 0.000, 0.000]"
3960,158.4,158.44,Liz,0.9999954700469971,Liz,[1.000],,[],,[],"[0.000, 0.000, 0.000, 0.000, 1.000, 0.000, 0.000, 0.000]"
3961,158.44,158.48,Liz,0.9999911785125732,Liz,[1.000],,[],,[],"[0.000, 0.000, 0.000, 0.000, 1.000, 0.000, 0.000, 0.000]"
3962,158.48,158.52,Liz,0.999983549118042,Liz,[1.000],,[],,[],"[0.000, 0.000, 0.000, 0.000, 1.000, 0.000, 0.001, 0.000]"
3963,158.52,158.56,Liz,0.9999709129333496,Liz,[1.000],,[],,[],"[0.000, 0.000, 0.000, 0.000, 1.000, 0.000, 0.001, 0.000]"
3964,158.56,158.6,Liz,0.9999510049819946,Liz,[1.000],,[],,[],"[0.000, 0.000, 0.000, 0.000, 1.000, 0.000, 0.001, 0.000]"
3965,158.6,158.64,Liz,0.9999210834503174,Liz,[1.000],,[],,[],"[0.000, 0.000, 0.000, 0.000, 1.000, 0.000, 0.001, 0.000]"
3966,158.64,158.68,Liz,0.9998785257339478,Liz,[1.000],,[],,[],"[0.000, 0.000, 0.000, 0.000, 1.000, 0.000, 0.001, 0.000]"
3967,158.68,158.72,Liz,0.9998207688331604,Liz,[1.000],,[],,[],"[0.000, 0.001, 0.000, 0.000, 1.000, 0.000, 0.002, 0.000]"
3968,158.72,158.76,Liz,0.9997450709342957,Liz,[1.000],,[],,[],"[0.000, 0.001, 0.000, 0.000, 1.000, 0.000, 0.002, 0.000]"
3969,158.76,158.8,Liz,0.9996494054794312,Liz,[1.000],,[],,[],"[0.000, 0.001, 0.000, 0.000, 1.000, 0.000, 0.002, 0.000]"
3970,158.8,158.84,Liz,0.9995318651199341,Liz,[1.000],,[],,[],"[0.000, 0.002, 0.000, 0.000, 1.000, 0.000, 0.003, 0.000]"
3971,158.84,158.88,Liz,0.9993892908096313,Liz,[0.999],,[],,[],"[0.000, 0.002, 0.000, 0.000, 0.999, 0.000, 0.003, 0.000]"
3972,158.88,158.92,Liz,0.9992165565490723,Liz,[0.999],,[],,[],"[0.000, 0.003, 0.000, 0.000, 0.999, 0.000, 0.004, 0.000]"
3973,158.92,158.96,Liz,0.9990054965019226,Liz,[0.999],,[],,[],"[0.000, 0.003, 0.000, 0.000, 0.999, 0.000, 0.004, 0.000]"
3974,158.96,159.0,Liz,0.998741090297699,Liz,[0.999],,[],,[],"[0.000, 0.004, 0.000, 0.000, 0.999, 0.000, 0.004, 0.000]"
3975,159.0,159.04,Liz,0.9983972907066345,Liz,[0.998],,[],,[],"[0.000, 0.005, 0.000, 0.000, 0.998, 0.000, 0.005, 0.000]"
3976,159.04,159.08,Liz,0.9979323148727417,Liz,[0.998],,[],,[],"[0.000, 0.005, 0.000, 0.000, 0.998, 0.000, 0.005, 0.001]"
3977,159.08,159.12,Liz,0.9972776770591736,Liz,[0.997],,[],,[],"[0.000, 0.006, 0.000, 0.000, 0.997, 0.000, 0.006, 0.001]"
3978,159.12,159.16,Liz,0.9963165521621704,Liz,[0.996],,[],,[],"[0.000, 0.007, 0.000, 0.000, 0.996, 0.000, 0.006, 0.001]"
3979,159.16,159.2,Liz,0.9948516488075256,Liz,[0.995],,[],,[],"[0.000, 0.007, 0.000, 0.000, 0.995, 0.000, 0.007, 0.001]"
3980,159.2,159.24,Liz,0.9925472140312195,Liz,[0.993],,[],,[],"[0.000, 0.008, 0.000, 0.000, 0.993, 0.000, 0.007, 0.001]"
3981,159.24,159.28,Liz,0.9888215065002441,Liz,[0.989],,[],,[],"[0.000, 0.009, 0.000, 0.000, 0.989, 0.000, 0.007, 0.002]"
3982,159.28,159.32,Liz,0.9826449751853943,Liz,[0.983],,[],,[],"[0.000, 0.009, 0.000, 0.000, 0.983, 0.000, 0.007, 0.003]"
3983,159.32,159.36,Liz,0.972153902053833,Liz,[0.972],,[],,[],"[0.000, 0.009, 0.000, 0.000, 0.972, 0.000, 0.007, 0.004]"
3984,159.36,159.4,Liz,0.9539393782615662,Liz,[0.954],,[],,[],"[0.000, 0.010, 0.000, 0.000, 0.954, 0.000, 0.007, 0.006]"
3985,159.4,159.44,Liz,0.9217956066131592,Liz,[0.922],,[],,[],"[0.000, 0.010, 0.000, 0.000, 0.922, 0.000, 0.006, 0.008]"
3986,159.44,159.48,Liz,0.8654680848121643,Liz,[0.865],,[],,[],"[0.001, 0.010, 0.000, 0.000, 0.865, 0.000, 0.006, 0.012]"
3987,159.48,159.52,Liz,0.771199107170105,Liz,[0.771],,[],,[],"[0.001, 0.009, 0.000, 0.000, 0.771, 0.000, 0.005, 0.018]"
3988,159.52,159.56,Liz,0.629433274269104,Liz,[0.629],,[],,[],"[0.001, 0.009, 0.000, 0.000, 0.629, 0.000, 0.004, 0.027]"
3989,159.56,159.6,silence,0.04056121036410332,,[],,[],,[],"[0.001, 0.008, 0.000, 0.000, 0.452, 0.000, 0.003, 0.041]"
3990,159.6,159.64,silence,0.06180562824010849,,[],,[],,[],"[0.001, 0.007, 0.000, 0.000, 0.279, 0.000, 0.003, 0.062]"
3991,159.64,159.68,silence,0.09461992233991623,,[],,[],,[],"[0.001, 0.006, 0.000, 0.000, 0.147, 0.000, 0.002, 0.095]"
3992,159.68,159.72,silence,0.14520390331745148,,[],,[],,[],"[0.000, 0.005, 0.000, 0.000, 0.068, 0.000, 0.002, 0.145]"
3993,159.72,159.76,silence,0.2217605710029602,,[],,[],,[],"[0.000, 0.003, 0.000, 0.000, 0.028, 0.000, 0.001, 0.222]"
3994,159.76,159.8,silence,0.33172130584716797,,[],,[],,[],"[0.000, 0.002, 0.000, 0.000, 0.011, 0.000, 0.001, 0.332]"
3995,159.8,159.84,silence,0.47513633966445923,,[],,[],,[],"[0.000, 0.001, 0.000, 0.000, 0.004, 0.000, 0.000, 0.475]"
3996,159.84,159.88,silence,0.6357156038284302,silence,[0.636],,[],,[],"[0.000, 0.001, 0.000, 0.000, 0.001, 0.000, 0.000, 0.636]"
3997,159.88,159.92,silence,0.7816406488418579,silence,[0.782],,[],,[],"[0.000, 0.000, 0.000, 0.000, 0.000, 0.000, 0.000, 0.782]"
3998,159.92,159.96,silence,0.8865517973899841,silence,[0.887],,[],,[],"[0.000, 0.000, 0.000, 0.000, 0.000, 0.000, 0.000, 0.887]"
3999,159.96,160.0,silence,0.9476950764656067,silence,[0.948],,[],,[],"[0.000, 0.000, 0.000, 0.000, 0.000, 0.000, 0.000, 0.948]"
4000,160.0,160.04,silence,0.9779795408248901,silence,[0.978],,[],,[],"[0.000, 0.000, 0.000, 0.000, 0.000, 0.000, 0.000, 0.978]"
4001,160.04,160.08,silence,0.9913580417633057,silence,[0.991],,[],,[],"[0.000, 0.000, 0.000, 0.000, 0.000, 0.000, 0.000, 0.991]"
4002,160.08,160.12,silence,0.996801495552063,silence,[0.997],,[],,[],"[0.000, 0.000, 0.000, 0.000, 0.000, 0.000, 0.000, 0.997]"
4003,160.12,160.16,silence,0.9988741278648376,silence,[0.999],,[],,[],"[0.000, 0.000, 0.000, 0.000, 0.000, 0.000, 0.000, 0.999]"
4004,160.16,160.2,silence,0.9996191263198853,silence,[1.000],,[],,[],"[0.000, 0.000, 0.000, 0.000, 0.000, 0.000, 0.000, 1.000]"
4005,160.2,160.24,silence,0.9998748302459717,silence,[1.000],,[],,[],"[0.000, 0.000, 0.000, 0.000, 0.000, 0.000, 0.000, 1.000]"
4006,160.24,160.28,silence,0.9999598264694214,silence,[1.000],,[],,[],"[0.000, 0.000, 0.000, 0.000, 0.000, 0.000, 0.000, 1.000]"
4007,160.28,160.32,silence,0.9999872446060181,silence,[1.000],,[],,[],"[0.000, 0.000, 0.000, 0.000, 0.000, 0.000, 0.000, 1.000]"
4008,160.32,160.36,silence,0.9999959468841553,silence,[1.000],,[],,[],"[0.000, 0.000, 0.000, 0.000, 0.000, 0.000, 0.000, 1.000]"
4009,160.36,160.4,silence,0.9999986886978149,silence,[1.000],,[],,[],"[0.000, 0.000, 0.000, 0.000, 0.000, 0.000, 0.000, 1.000]"
4010,160.4,160.44,silence,0.9999996423721313,silence,[1.000],,[],,[],"[0.000, 0.000, 0.000, 0.000, 0.000, 0.000, 0.000, 1.000]"
4011,160.44,160.48,silence,0.9999998807907104,silence,[1.000],,[],,[],"[0.000, 0.000, 0.000, 0.000, 0.000, 0.000, 0.000, 1.000]"
4012,160.48,160.52,silence,1.0,silence,[1.000],,[],,[],"[0.000, 0.000, 0.000, 0.000, 0.000, 0.000, 0.000, 1.000]"
4013,160.52,160.56,silence,1.0,silence,[1.000],,[],,[],"[0.000, 0.000, 0.000, 0.000, 0.000, 0.000, 0.000, 1.000]"
4014,160.56,160.6,silence,1.0,silence,[1.000],,[],,[],"[0.000, 0.000, 0.000, 0.000, 0.000, 0.000, 0.000, 1.000]"
4015,160.6,160.64,silence,1.0,silence,[1.000],,[],,[],"[0.000, 0.000, 0.000, 0.000, 0.000, 0.000, 0.000, 1.000]"
4016,160.64,160.68,silence,1.0,silence,[1.000],,[],,[],"[0.000, 0.000, 0.000, 0.000, 0.000, 0.000, 0.000, 1.000]"
4017,160.68,160.72,silence,1.0,silence,[1.000],,[],,[],"[0.000, 0.000, 0.000, 0.000, 0.000, 0.000, 0.000, 1.000]"
4018,160.72,160.76,silence,1.0,silence,[1.000],,[],,[],"[0.000, 0.000, 0.000, 0.000, 0.000, 0.000, 0.000, 1.000]"
4019,160.76,160.8,silence,1.0,silence,[1.000],,[],,[],"[0.000, 0.000, 0.000, 0.000, 0.000, 0.000, 0.000, 1.000]"
4020,160.8,160.84,silence,1.0,silence,[1.000],,[],,[],"[0.000, 0.000, 0.000, 0.000, 0.000, 0.000, 0.000, 1.000]"
4021,160.84,160.88,silence,1.0,silence,[1.000],,[],,[],"[0.000, 0.000, 0.000, 0.000, 0.000, 0.000, 0.000, 1.000]"
4022,160.88,160.92,silence,1.0,silence,[1.000],,[],,[],"[0.000, 0.000, 0.000, 0.000, 0.000, 0.000, 0.000, 1.000]"
4023,160.92,160.96,silence,1.0,silence,[1.000],,[],,[],"[0.000, 0.000, 0.000, 0.000, 0.000, 0.000, 0.000, 1.000]"
4024,160.96,161.0,silence,1.0,silence,[1.000],,[],,[],"[0.000, 0.000, 0.000, 0.000, 0.000, 0.000, 0.000, 1.000]"
4025,161.0,161.04,silence,1.0,silence,[1.000],,[],,[],"[0.000, 0.000, 0.000, 0.000, 0.000, 0.000, 0.000, 1.000]"
4026,161.04,161.08,silence,1.0,silence,[1.000],,[],,[],"[0.000, 0.000, 0.000, 0.000, 0.000, 0.000, 0.000, 1.000]"
4027,161.08,161.12,silence,1.0,silence,[1.000],,[],,[],"[0.000, 0.000, 0.000, 0.000, 0.000, 0.000, 0.000, 1.000]"
4028,161.12,161.16,silence,1.0,silence,[1.000],,[],,[],"[0.000, 0.000, 0.000, 0.000, 0.000, 0.000, 0.000, 1.000]"
4029,161.16,161.2,silence,1.0,silence,[1.000],,[],,[],"[0.000, 0.000, 0.000, 0.000, 0.000, 0.000, 0.000, 1.000]"
4030,161.2,161.24,silence,1.0,silence,[1.000],,[],,[],"[0.000, 0.000, 0.000, 0.000, 0.000, 0.000, 0.000, 1.000]"
4031,161.24,161.28,silence,1.0,silence,[1.000],,[],,[],"[0.000, 0.000, 0.000, 0.000, 0.000, 0.000, 0.000, 1.000]"
4032,161.28,161.32,silence,1.0,silence,[1.000],,[],,[],"[0.000, 0.000, 0.000, 0.000, 0.000, 0.000, 0.000, 1.000]"
4033,161.32,161.36,silence,1.0,silence,[1.000],,[],,[],"[0.000, 0.000, 0.000, 0.000, 0.000, 0.000, 0.000, 1.000]"
4034,161.36,161.4,silence,1.0,silence,[1.000],,[],,[],"[0.000, 0.000, 0.000, 0.000, 0.000, 0.000, 0.000, 1.000]"
4035,161.4,161.44,silence,1.0,silence,[1.000],,[],,[],"[0.000, 0.000, 0.000, 0.000, 0.000, 0.000, 0.000, 1.000]"
4036,161.44,161.48,silence,1.0,silence,[1.000],,[],,[],"[0.000, 0.000, 0.000, 0.000, 0.000, 0.000, 0.000, 1.000]"
4037,161.48,161.52,silence,1.0,silence,[1.000],,[],,[],"[0.000, 0.000, 0.000, 0.000, 0.000, 0.000, 0.000, 1.000]"
4038,161.52,161.56,silence,1.0,silence,[1.000],,[],,[],"[0.000, 0.000, 0.000, 0.000, 0.000, 0.000, 0.000, 1.000]"
4039,161.56,161.6,silence,1.0,silence,[1.000],,[],,[],"[0.000, 0.000, 0.000, 0.000, 0.000, 0.000, 0.000, 1.000]"
4040,161.6,161.64,silence,0.9999998807907104,silence,[1.000],,[],,[],"[0.000, 0.000, 0.000, 0.000, 0.000, 0.000, 0.000, 1.000]"
4041,161.64,161.68,silence,0.9999997615814209,silence,[1.000],,[],,[],"[0.000, 0.000, 0.000, 0.000, 0.000, 0.000, 0.000, 1.000]"
4042,161.68,161.72,silence,0.9999994039535522,silence,[1.000],,[],,[],"[0.000, 0.000, 0.000, 0.000, 0.000, 0.000, 0.000, 1.000]"
4043,161.72,161.76,silence,0.9999984502792358,silence,[1.000],,[],,[],"[0.000, 0.000, 0.000, 0.000, 0.000, 0.000, 0.000, 1.000]"
4044,161.76,161.8,silence,0.9999955892562866,silence,[1.000],,[],,[],"[0.000, 0.000, 0.000, 0.000, 0.000, 0.000, 0.000, 1.000]"
4045,161.8,161.84,silence,0.9999872446060181,silence,[1.000],,[],,[],"[0.000, 0.000, 0.000, 0.000, 0.000, 0.000, 0.000, 1.000]"
4046,161.84,161.88,silence,0.999962568283081,silence,[1.000],,[],,[],"[0.000, 0.000, 0.000, 0.000, 0.000, 0.000, 0.000, 1.000]"
4047,161.88,161.92,silence,0.9998880624771118,silence,[1.000],,[],,[],"[0.000, 0.000, 0.000, 0.000, 0.000, 0.000, 0.000, 1.000]"
4048,161.92,161.96,silence,0.9996578693389893,silence,[1.000],,[],,[],"[0.000, 0.000, 0.000, 0.000, 0.000, 0.000, 0.000, 1.000]"
4049,161.96,162.0,silence,0.9989383816719055,silence,[0.999],,[],,[],"[0.000, 0.000, 0.000, 0.000, 0.000, 0.000, 0.000, 0.999]"
4050,162.0,162.04,silence,0.9966801404953003,silence,[0.997],,[],,[],"[0.000, 0.000, 0.000, 0.000, 0.000, 0.000, 0.000, 0.997]"
4051,162.04,162.08,silence,0.9896218776702881,silence,[0.990],,[],,[],"[0.000, 0.000, 0.000, 0.000, 0.001, 0.000, 0.000, 0.990]"
4052,162.08,162.12,silence,0.9679738879203796,silence,[0.968],,[],,[],"[0.000, 0.000, 0.000, 0.000, 0.008, 0.000, 0.000, 0.968]"
4053,162.12,162.16,silence,0.9056352972984314,silence,[0.906],,[],,[],"[0.000, 0.000, 0.000, 0.000, 0.051, 0.000, 0.000, 0.906]"
4054,162.16,162.2,silence,0.7546319365501404,silence,[0.755],,[],,[],"[0.000, 0.000, 0.000, 0.000, 0.267, 0.000, 0.000, 0.755]"
4055,162.2,162.24,Liz,0.7037478685379028,Liz|silence,"[0.704, 0.500]",,[],,[],"[0.000, 0.000, 0.000, 0.000, 0.704, 0.000, 0.000, 0.500]"
4056,162.24,162.28,Liz,0.9375079274177551,Liz,[0.938],,[],,[],"[0.000, 0.000, 0.000, 0.000, 0.938, 0.000, 0.000, 0.249]"
4057,162.28,162.32,Liz,0.9892230033874512,Liz,[0.989],,[],,[],"[0.000, 0.000, 0.000, 0.000, 0.989, 0.000, 0.000, 0.101]"
4058,162.32,162.36,Liz,0.9981683492660522,Liz,[0.998],,[],,[],"[0.000, 0.000, 0.000, 0.000, 0.998, 0.000, 0.000, 0.037]"
4059,162.36,162.4,Liz,0.9996824264526367,Liz,[1.000],,[],,[],"[0.000, 0.000, 0.000, 0.000, 1.000, 0.000, 0.000, 0.013]"
4060,162.4,162.44,Liz,0.9999434947967529,Liz,[1.000],,[],,[],"[0.000, 0.000, 0.000, 0.000, 1.000, 0.000, 0.000, 0.005]"
4061,162.44,162.48,Liz,0.9999896287918091,Liz,[1.000],,[],,[],"[0.000, 0.000, 0.000, 0.000, 1.000, 0.000, 0.000, 0.002]"
4062,162.48,162.52,Liz,0.9999980926513672,Liz,[1.000],,[],,[],"[0.000, 0.000, 0.000, 0.000, 1.000, 0.000, 0.000, 0.001]"
4063,162.52,162.56,Liz,0.9999996423721313,Liz,[1.000],,[],,[],"[0.000, 0.000, 0.000, 0.000, 1.000, 0.000, 0.000, 0.000]"
4064,162.56,162.6,Liz,0.9999998807907104,Liz,[1.000],,[],,[],"[0.000, 0.000, 0.000, 0.000, 1.000, 0.000, 0.000, 0.000]"
4065,162.6,162.64,Liz,1.0,Liz,[1.000],,[],,[],"[0.000, 0.000, 0.000, 0.000, 1.000, 0.000, 0.000, 0.000]"
4066,162.64,162.68,Liz,1.0,Liz,[1.000],,[],,[],"[0.000, 0.000, 0.000, 0.000, 1.000, 0.000, 0.000, 0.000]"
4067,162.68,162.72,Liz,1.0,Liz,[1.000],,[],,[],"[0.000, 0.000, 0.000, 0.000, 1.000, 0.000, 0.000, 0.000]"
4068,162.72,162.76,Liz,1.0,Liz,[1.000],,[],,[],"[0.000, 0.000, 0.000, 0.000, 1.000, 0.000, 0.000, 0.000]"
4069,162.76,162.8,Liz,1.0,Liz,[1.000],,[],,[],"[0.000, 0.000, 0.000, 0.000, 1.000, 0.000, 0.000, 0.000]"
4070,162.8,162.84,Liz,1.0,Liz,[1.000],,[],,[],"[0.000, 0.000, 0.000, 0.000, 1.000, 0.000, 0.000, 0.000]"
4071,162.84,162.88,Liz,1.0,Liz,[1.000],,[],,[],"[0.000, 0.000, 0.000, 0.000, 1.000, 0.000, 0.000, 0.000]"
4072,162.88,162.92,Liz,1.0,Liz,[1.000],,[],,[],"[0.000, 0.000, 0.000, 0.000, 1.000, 0.000, 0.000, 0.000]"
4073,162.92,162.96,Liz,1.0,Liz,[1.000],,[],,[],"[0.000, 0.000, 0.000, 0.000, 1.000, 0.000, 0.000, 0.000]"
4074,162.96,163.0,Liz,1.0,Liz,[1.000],,[],,[],"[0.000, 0.000, 0.000, 0.000, 1.000, 0.000, 0.000, 0.000]"
4075,163.0,163.04,Liz,1.0,Liz,[1.000],,[],,[],"[0.000, 0.000, 0.000, 0.000, 1.000, 0.000, 0.000, 0.000]"
4076,163.04,163.08,Liz,1.0,Liz,[1.000],,[],,[],"[0.000, 0.000, 0.000, 0.000, 1.000, 0.000, 0.000, 0.000]"
4077,163.08,163.12,Liz,1.0,Liz,[1.000],,[],,[],"[0.000, 0.000, 0.000, 0.000, 1.000, 0.000, 0.000, 0.000]"
4078,163.12,163.16,Liz,1.0,Liz,[1.000],,[],,[],"[0.000, 0.000, 0.000, 0.000, 1.000, 0.000, 0.000, 0.000]"
4079,163.16,163.2,Liz,1.0,Liz,[1.000],,[],,[],"[0.000, 0.000, 0.000, 0.000, 1.000, 0.000, 0.000, 0.000]"
4080,163.2,163.24,Liz,1.0,Liz,[1.000],,[],,[],"[0.000, 0.000, 0.000, 0.000, 1.000, 0.000, 0.000, 0.000]"
4081,163.24,163.28,Liz,1.0,Liz,[1.000],,[],,[],"[0.000, 0.000, 0.000, 0.000, 1.000, 0.000, 0.000, 0.000]"
4082,163.28,163.32,Liz,1.0,Liz,[1.000],,[],,[],"[0.000, 0.000, 0.000, 0.000, 1.000, 0.000, 0.000, 0.000]"
4083,163.32,163.36,Liz,1.0,Liz,[1.000],,[],,[],"[0.000, 0.000, 0.000, 0.000, 1.000, 0.000, 0.000, 0.000]"
4084,163.36,163.4,Liz,1.0,Liz,[1.000],,[],,[],"[0.000, 0.000, 0.000, 0.000, 1.000, 0.000, 0.000, 0.000]"
4085,163.4,163.44,Liz,1.0,Liz,[1.000],,[],,[],"[0.000, 0.000, 0.000, 0.000, 1.000, 0.000, 0.000, 0.000]"
4086,163.44,163.48,Liz,1.0,Liz,[1.000],,[],,[],"[0.000, 0.000, 0.000, 0.000, 1.000, 0.000, 0.000, 0.000]"
4087,163.48,163.52,Liz,1.0,Liz,[1.000],,[],,[],"[0.000, 0.000, 0.000, 0.000, 1.000, 0.000, 0.000, 0.000]"
4088,163.52,163.56,Liz,1.0,Liz,[1.000],,[],,[],"[0.000, 0.000, 0.000, 0.000, 1.000, 0.000, 0.000, 0.000]"
4089,163.56,163.6,Liz,1.0,Liz,[1.000],,[],,[],"[0.000, 0.000, 0.000, 0.000, 1.000, 0.000, 0.000, 0.000]"
4090,163.6,163.64,Liz,1.0,Liz,[1.000],,[],,[],"[0.000, 0.000, 0.000, 0.000, 1.000, 0.000, 0.000, 0.000]"
4091,163.64,163.68,Liz,1.0,Liz,[1.000],,[],,[],"[0.000, 0.000, 0.000, 0.000, 1.000, 0.000, 0.000, 0.000]"
4092,163.68,163.72,Liz,1.0,Liz,[1.000],,[],,[],"[0.000, 0.000, 0.000, 0.000, 1.000, 0.000, 0.000, 0.000]"
4093,163.72,163.76,Liz,1.0,Liz,[1.000],,[],,[],"[0.000, 0.000, 0.000, 0.000, 1.000, 0.000, 0.000, 0.000]"
4094,163.76,163.8,Liz,1.0,Liz,[1.000],,[],,[],"[0.000, 0.000, 0.000, 0.000, 1.000, 0.000, 0.000, 0.000]"
4095,163.8,163.84,Liz,1.0,Liz,[1.000],,[],,[],"[0.000, 0.000, 0.000, 0.000, 1.000, 0.000, 0.000, 0.000]"
4096,163.84,163.88,Liz,1.0,Liz,[1.000],,[],,[],"[0.000, 0.000, 0.000, 0.000, 1.000, 0.000, 0.000, 0.000]"
4097,163.88,163.92,Liz,1.0,Liz,[1.000],,[],,[],"[0.000, 0.000, 0.000, 0.000, 1.000, 0.000, 0.000, 0.000]"
4098,163.92,163.96,Liz,1.0,Liz,[1.000],,[],,[],"[0.000, 0.000, 0.000, 0.000, 1.000, 0.000, 0.000, 0.000]"
4099,163.96,164.0,Liz,0.9999998807907104,Liz,[1.000],,[],,[],"[0.000, 0.000, 0.000, 0.000, 1.000, 0.000, 0.000, 0.000]"
4100,164.0,164.04,Liz,0.9999996423721313,Liz,[1.000],,[],,[],"[0.000, 0.000, 0.000, 0.000, 1.000, 0.000, 0.000, 0.000]"
4101,164.04,164.08,Liz,0.9999992847442627,Liz,[1.000],,[],,[],"[0.000, 0.000, 0.000, 0.000, 1.000, 0.000, 0.000, 0.000]"
4102,164.08,164.12,Liz,0.9999982118606567,Liz,[1.000],,[],,[],"[0.000, 0.000, 0.000, 0.000, 1.000, 0.000, 0.000, 0.000]"
4103,164.12,164.16,Liz,0.9999963045120239,Liz,[1.000],,[],,[],"[0.000, 0.000, 0.000, 0.000, 1.000, 0.000, 0.000, 0.000]"
4104,164.16,164.2,Liz,0.9999924898147583,Liz,[1.000],,[],,[],"[0.000, 0.000, 0.000, 0.000, 1.000, 0.000, 0.000, 0.000]"
4105,164.2,164.24,Liz,0.9999860525131226,Liz,[1.000],,[],,[],"[0.000, 0.000, 0.000, 0.000, 1.000, 0.000, 0.000, 0.000]"
4106,164.24,164.28,Liz,0.9999758005142212,Liz,[1.000],,[],,[],"[0.000, 0.000, 0.000, 0.000, 1.000, 0.000, 0.000, 0.000]"
4107,164.28,164.32,Liz,0.9999606609344482,Liz,[1.000],,[],,[],"[0.000, 0.000, 0.000, 0.000, 1.000, 0.000, 0.000, 0.000]"
4108,164.32,164.36,Liz,0.9999401569366455,Liz,[1.000],,[],,[],"[0.000, 0.000, 0.000, 0.000, 1.000, 0.000, 0.000, 0.000]"
4109,164.36,164.4,Liz,0.9999141693115234,Liz,[1.000],,[],,[],"[0.000, 0.000, 0.001, 0.000, 1.000, 0.000, 0.000, 0.001]"
4110,164.4,164.44,Liz,0.999882698059082,Liz,[1.000],,[],,[],"[0.000, 0.000, 0.001, 0.000, 1.000, 0.000, 0.001, 0.001]"
4111,164.44,164.48,Liz,0.9998462200164795,Liz,[1.000],,[],,[],"[0.000, 0.000, 0.001, 0.000, 1.000, 0.000, 0.001, 0.001]"
4112,164.48,164.52,Liz,0.9998049139976501,Liz,[1.000],,[],,[],"[0.000, 0.000, 0.001, 0.000, 1.000, 0.000, 0.001, 0.001]"
4113,164.52,164.56,Liz,0.9997575879096985,Liz,[1.000],,[],,[],"[0.000, 0.000, 0.001, 0.000, 1.000, 0.000, 0.001, 0.001]"
4114,164.56,164.6,Liz,0.9997034668922424,Liz,[1.000],,[],,[],"[0.000, 0.000, 0.001, 0.000, 1.000, 0.000, 0.001, 0.001]"
4115,164.6,164.64,Liz,0.999640941619873,Liz,[1.000],,[],,[],"[0.000, 0.000, 0.001, 0.000, 1.000, 0.000, 0.001, 0.002]"
4116,164.64,164.68,Liz,0.9995673298835754,Liz,[1.000],,[],,[],"[0.000, 0.001, 0.000, 0.000, 1.000, 0.000, 0.001, 0.002]"
4117,164.68,164.72,Liz,0.9994807839393616,Liz,[0.999],,[],,[],"[0.000, 0.001, 0.000, 0.000, 0.999, 0.000, 0.001, 0.002]"
4118,164.72,164.76,Liz,0.9993793964385986,Liz,[0.999],,[],,[],"[0.000, 0.001, 0.000, 0.000, 0.999, 0.000, 0.001, 0.002]"
4119,164.76,164.8,Liz,0.9992623925209045,Liz,[0.999],,[],,[],"[0.000, 0.001, 0.000, 0.000, 0.999, 0.000, 0.002, 0.002]"
4120,164.8,164.84,Liz,0.9991300702095032,Liz,[0.999],,[],,[],"[0.000, 0.001, 0.000, 0.000, 0.999, 0.000, 0.002, 0.003]"
4121,164.84,164.88,Liz,0.9989835619926453,Liz,[0.999],,[],,[],"[0.000, 0.001, 0.000, 0.000, 0.999, 0.000, 0.002, 0.003]"
4122,164.88,164.92,Liz,0.9988227486610413,Liz,[0.999],,[],,[],"[0.000, 0.001, 0.000, 0.000, 0.999, 0.000, 0.002, 0.003]"
4123,164.92,164.96,Liz,0.9986464381217957,Liz,[0.999],,[],,[],"[0.000, 0.001, 0.000, 0.000, 0.999, 0.000, 0.002, 0.003]"
4124,164.96,165.0,Liz,0.9984515905380249,Liz,[0.998],,[],,[],"[0.000, 0.002, 0.000, 0.000, 0.998, 0.000, 0.002, 0.003]"
4125,165.0,165.04,Liz,0.9982366561889648,Liz,[0.998],,[],,[],"[0.000, 0.002, 0.000, 0.000, 0.998, 0.000, 0.002, 0.003]"
4126,165.04,165.08,Liz,0.9980024695396423,Liz,[0.998],,[],,[],"[0.000, 0.002, 0.000, 0.000, 0.998, 0.000, 0.002, 0.003]"
4127,165.08,165.12,Liz,0.9977530837059021,Liz,[0.998],,[],,[],"[0.000, 0.003, 0.000, 0.000, 0.998, 0.000, 0.002, 0.003]"
4128,165.12,165.16,Liz,0.9974974989891052,Liz,[0.997],,[],,[],"[0.000, 0.003, 0.000, 0.000, 0.997, 0.000, 0.002, 0.003]"
4129,165.16,165.2,Liz,0.9972488284111023,Liz,[0.997],,[],,[],"[0.000, 0.004, 0.000, 0.000, 0.997, 0.000, 0.002, 0.003]"
4130,165.2,165.24,Liz,0.99702388048172,Liz,[0.997],,[],,[],"[0.000, 0.004, 0.000, 0.000, 0.997, 0.000, 0.003, 0.002]"
4131,165.24,165.28,Liz,0.9968360662460327,Liz,[0.997],,[],,[],"[0.000, 0.005, 0.000, 0.000, 0.997, 0.000, 0.003, 0.002]"
4132,165.28,165.32,Liz,0.9966952800750732,Liz,[0.997],,[],,[],"[0.000, 0.006, 0.000, 0.000, 0.997, 0.000, 0.003, 0.002]"
4133,165.32,165.36,Liz,0.9966086149215698,Liz,[0.997],,[],,[],"[0.000, 0.006, 0.000, 0.000, 0.997, 0.000, 0.002, 0.002]"
4134,165.36,165.4,Liz,0.9965764880180359,Liz,[0.997],,[],,[],"[0.000, 0.007, 0.000, 0.000, 0.997, 0.000, 0.002, 0.002]"
4135,165.4,165.44,Liz,0.9965962767601013,Liz,[0.997],,[],,[],"[0.000, 0.008, 0.000, 0.000, 0.997, 0.000, 0.002, 0.002]"
4136,165.44,165.48,Liz,0.9966623783111572,Liz,[0.997],,[],,[],"[0.000, 0.008, 0.000, 0.000, 0.997, 0.000, 0.002, 0.002]"
4137,165.48,165.52,Liz,0.996766209602356,Liz,[0.997],,[],,[],"[0.000, 0.009, 0.000, 0.000, 0.997, 0.000, 0.002, 0.001]"
4138,165.52,165.56,Liz,0.9968979358673096,Liz,[0.997],,[],,[],"[0.000, 0.009, 0.000, 0.000, 0.997, 0.000, 0.002, 0.001]"
4139,165.56,165.6,Liz,0.9970477223396301,Liz,[0.997],,[],,[],"[0.000, 0.010, 0.000, 0.000, 0.997, 0.000, 0.002, 0.001]"
4140,165.6,165.64,Liz,0.9972054362297058,Liz,[0.997],,[],,[],"[0.000, 0.010, 0.000, 0.000, 0.997, 0.000, 0.002, 0.001]"
4141,165.64,165.68,Liz,0.9973616003990173,Liz,[0.997],,[],,[],"[0.000, 0.010, 0.000, 0.000, 0.997, 0.000, 0.002, 0.001]"
4142,165.68,165.72,Liz,0.9975115060806274,Liz,[0.998],,[],,[],"[0.000, 0.010, 0.000, 0.000, 0.998, 0.000, 0.002, 0.001]"
4143,165.72,165.76,Liz,0.9976517558097839,Liz,[0.998],,[],,[],"[0.000, 0.009, 0.000, 0.000, 0.998, 0.000, 0.002, 0.001]"
4144,165.76,165.8,Liz,0.997779905796051,Liz,[0.998],,[],,[],"[0.000, 0.009, 0.000, 0.000, 0.998, 0.000, 0.002, 0.001]"
4145,165.8,165.84,Liz,0.997891366481781,Liz,[0.998],,[],,[],"[0.000, 0.009, 0.000, 0.000, 0.998, 0.000, 0.002, 0.001]"
4146,165.84,165.88,Liz,0.9979825019836426,Liz,[0.998],,[],,[],"[0.000, 0.008, 0.000, 0.000, 0.998, 0.000, 0.002, 0.001]"
4147,165.88,165.92,Liz,0.998052716255188,Liz,[0.998],,[],,[],"[0.000, 0.008, 0.000, 0.000, 0.998, 0.000, 0.001, 0.001]"
4148,165.92,165.96,Liz,0.9981008172035217,Liz,[0.998],,[],,[],"[0.000, 0.007, 0.000, 0.000, 0.998, 0.000, 0.001, 0.000]"
4149,165.96,166.0,Liz,0.9981235861778259,Liz,[0.998],,[],,[],"[0.000, 0.007, 0.000, 0.000, 0.998, 0.000, 0.001, 0.000]"
4150,166.0,166.04,Liz,0.9981164932250977,Liz,[0.998],,[],,[],"[0.000, 0.006, 0.000, 0.000, 0.998, 0.000, 0.001, 0.000]"
4151,166.04,166.08,Liz,0.998073935508728,Liz,[0.998],,[],,[],"[0.000, 0.006, 0.000, 0.000, 0.998, 0.000, 0.001, 0.000]"
4152,166.08,166.12,Liz,0.997990608215332,Liz,[0.998],,[],,[],"[0.000, 0.006, 0.000, 0.000, 0.998, 0.000, 0.001, 0.000]"
4153,166.12,166.16,Liz,0.9978558421134949,Liz,[0.998],,[],,[],"[0.000, 0.005, 0.000, 0.000, 0.998, 0.000, 0.001, 0.000]"
4154,166.16,166.2,Liz,0.9976562261581421,Liz,[0.998],,[],,[],"[0.000, 0.005, 0.000, 0.000, 0.998, 0.000, 0.001, 0.001]"
4155,166.2,166.24,Liz,0.9973723888397217,Liz,[0.997],,[],,[],"[0.000, 0.005, 0.000, 0.000, 0.997, 0.000, 0.001, 0.001]"
4156,166.24,166.28,Liz,0.9969736337661743,Liz,[0.997],,[],,[],"[0.000, 0.005, 0.000, 0.000, 0.997, 0.000, 0.001, 0.001]"
4157,166.28,166.32,Liz,0.9964118599891663,Liz,[0.996],,[],,[],"[0.000, 0.005, 0.000, 0.000, 0.996, 0.000, 0.001, 0.001]"
4158,166.32,166.36,Liz,0.9956114888191223,Liz,[0.996],,[],,[],"[0.000, 0.004, 0.000, 0.000, 0.996, 0.000, 0.001, 0.001]"
4159,166.36,166.4,Liz,0.9944513440132141,Liz,[0.994],,[],,[],"[0.000, 0.004, 0.000, 0.000, 0.994, 0.000, 0.001, 0.001]"
4160,166.4,166.44,Liz,0.9927440881729126,Liz,[0.993],,[],,[],"[0.000, 0.004, 0.000, 0.000, 0.993, 0.000, 0.001, 0.001]"
4161,166.44,166.48,Liz,0.9901919364929199,Liz,[0.990],,[],,[],"[0.000, 0.004, 0.000, 0.000, 0.990, 0.000, 0.001, 0.002]"
4162,166.48,166.52,Liz,0.9863041043281555,Liz,[0.986],,[],,[],"[0.000, 0.004, 0.000, 0.000, 0.986, 0.000, 0.001, 0.002]"
4163,166.52,166.56,Liz,0.9802495241165161,Liz,[0.980],,[],,[],"[0.000, 0.003, 0.000, 0.000, 0.980, 0.000, 0.000, 0.003]"
4164,166.56,166.6,Liz,0.9706071019172668,Liz,[0.971],,[],,[],"[0.000, 0.003, 0.000, 0.000, 0.971, 0.000, 0.000, 0.005]"
4165,166.6,166.64,Liz,0.9550057053565979,Liz,[0.955],,[],,[],"[0.000, 0.003, 0.000, 0.000, 0.955, 0.000, 0.000, 0.007]"
4166,166.64,166.68,Liz,0.9296206831932068,Liz,[0.930],,[],,[],"[0.000, 0.003, 0.000, 0.000, 0.930, 0.000, 0.000, 0.012]"
4167,166.68,166.72,Liz,0.8887424468994141,Liz,[0.889],,[],,[],"[0.000, 0.002, 0.000, 0.000, 0.889, 0.000, 0.000, 0.019]"
4168,166.72,166.76,Liz,0.824968159198761,Liz,[0.825],,[],,[],"[0.000, 0.002, 0.000, 0.000, 0.825, 0.000, 0.000, 0.032]"
4169,166.76,166.8,Liz,0.731456458568573,Liz,[0.731],,[],,[],"[0.000, 0.002, 0.000, 0.000, 0.731, 0.000, 0.000, 0.055]"
4170,166.8,166.84,Liz,0.607510507106781,Liz,[0.608],,[],,[],"[0.000, 0.001, 0.000, 0.000, 0.608, 0.000, 0.000, 0.095]"
4171,166.84,166.88,silence,0.16151054203510284,,[],,[],,[],"[0.000, 0.001, 0.000, 0.000, 0.465, 0.000, 0.000, 0.162]"
4172,166.88,166.92,silence,0.265481561422348,,[],,[],,[],"[0.000, 0.001, 0.000, 0.000, 0.326, 0.000, 0.000, 0.265]"
4173,166.92,166.96,silence,0.4067322313785553,,[],,[],,[],"[0.000, 0.001, 0.000, 0.000, 0.212, 0.000, 0.000, 0.407]"
4174,166.96,167.0,silence,0.5663813948631287,silence,[0.566],,[],,[],"[0.000, 0.000, 0.000, 0.000, 0.131, 0.000, 0.000, 0.566]"
4175,167.0,167.04,silence,0.7129550576210022,silence,[0.713],,[],,[],"[0.000, 0.000, 0.000, 0.000, 0.078, 0.000, 0.000, 0.713]"
4176,167.04,167.08,silence,0.8241055011749268,silence,[0.824],,[],,[],"[0.000, 0.000, 0.000, 0.000, 0.046, 0.000, 0.000, 0.824]"
4177,167.08,167.12,silence,0.8971616625785828,silence,[0.897],,[],,[],"[0.000, 0.000, 0.000, 0.000, 0.028, 0.000, 0.000, 0.897]"
4178,167.12,167.16,silence,0.9410219192504883,silence,[0.941],,[],,[],"[0.000, 0.000, 0.000, 0.000, 0.017, 0.000, 0.000, 0.941]"
4179,167.16,167.2,silence,0.9661384224891663,silence,[0.966],,[],,[],"[0.000, 0.000, 0.000, 0.000, 0.010, 0.000, 0.000, 0.966]"
4180,167.2,167.24,silence,0.9802666306495667,silence,[0.980],,[],,[],"[0.000, 0.000, 0.000, 0.000, 0.007, 0.000, 0.000, 0.980]"
4181,167.24,167.28,silence,0.9882228970527649,silence,[0.988],,[],,[],"[0.000, 0.000, 0.000, 0.000, 0.004, 0.000, 0.000, 0.988]"
4182,167.28,167.32,silence,0.9927574396133423,silence,[0.993],,[],,[],"[0.000, 0.000, 0.000, 0.000, 0.003, 0.000, 0.000, 0.993]"
4183,167.32,167.36,silence,0.9953913688659668,silence,[0.995],,[],,[],"[0.000, 0.000, 0.000, 0.000, 0.002, 0.000, 0.000, 0.995]"
4184,167.36,167.4,silence,0.99695885181427,silence,[0.997],,[],,[],"[0.000, 0.000, 0.000, 0.000, 0.001, 0.000, 0.000, 0.997]"
4185,167.4,167.44,silence,0.9979175925254822,silence,[0.998],,[],,[],"[0.000, 0.000, 0.000, 0.000, 0.001, 0.000, 0.000, 0.998]"
4186,167.44,167.48,silence,0.998521625995636,silence,[0.999],,[],,[],"[0.000, 0.000, 0.000, 0.000, 0.001, 0.000, 0.000, 0.999]"
4187,167.48,167.52,silence,0.9989120960235596,silence,[0.999],,[],,[],"[0.000, 0.000, 0.000, 0.000, 0.001, 0.000, 0.000, 0.999]"
4188,167.52,167.56,silence,0.9991706609725952,silence,[0.999],,[],,[],"[0.000, 0.000, 0.000, 0.000, 0.000, 0.000, 0.000, 0.999]"
4189,167.56,167.6,silence,0.9993459582328796,silence,[0.999],,[],,[],"[0.000, 0.000, 0.000, 0.000, 0.000, 0.000, 0.000, 0.999]"
4190,167.6,167.64,silence,0.9994675517082214,silence,[0.999],,[],,[],"[0.000, 0.000, 0.000, 0.000, 0.000, 0.000, 0.000, 0.999]"
4191,167.64,167.68,silence,0.9995520710945129,silence,[1.000],,[],,[],"[0.000, 0.000, 0.000, 0.000, 0.000, 0.000, 0.000, 1.000]"
4192,167.68,167.72,silence,0.9996107220649719,silence,[1.000],,[],,[],"[0.000, 0.000, 0.000, 0.000, 0.000, 0.000, 0.000, 1.000]"
4193,167.72,167.76,silence,0.9996516704559326,silence,[1.000],,[],,[],"[0.000, 0.000, 0.000, 0.000, 0.000, 0.000, 0.000, 1.000]"
4194,167.76,167.8,silence,0.9996803998947144,silence,[1.000],,[],,[],"[0.000, 0.000, 0.000, 0.000, 0.000, 0.000, 0.000, 1.000]"
4195,167.8,167.84,silence,0.9997005462646484,silence,[1.000],,[],,[],"[0.000, 0.000, 0.000, 0.000, 0.000, 0.000, 0.000, 1.000]"
4196,167.84,167.88,silence,0.9997149109840393,silence,[1.000],,[],,[],"[0.000, 0.000, 0.000, 0.000, 0.000, 0.000, 0.000, 1.000]"
4197,167.88,167.92,silence,0.9997255206108093,silence,[1.000],,[],,[],"[0.000, 0.000, 0.000, 0.000, 0.000, 0.000, 0.000, 1.000]"
4198,167.92,167.96,silence,0.9997333884239197,silence,[1.000],,[],,[],"[0.000, 0.000, 0.000, 0.000, 0.000, 0.000, 0.000, 1.000]"
4199,167.96,168.0,silence,0.9997389912605286,silence,[1.000],,[],,[],"[0.000, 0.000, 0.000, 0.000, 0.000, 0.000, 0.000, 1.000]"
4200,168.0,168.04,silence,0.9997430443763733,silence,[1.000],,[],,[],"[0.000, 0.000, 0.000, 0.000, 0.000, 0.000, 0.000, 1.000]"
4201,168.04,168.08,silence,0.9997462630271912,silence,[1.000],,[],,[],"[0.000, 0.000, 0.000, 0.000, 0.000, 0.000, 0.000, 1.000]"
4202,168.08,168.12,silence,0.999749481678009,silence,[1.000],,[],,[],"[0.000, 0.000, 0.000, 0.000, 0.000, 0.000, 0.000, 1.000]"
4203,168.12,168.16,silence,0.9997532963752747,silence,[1.000],,[],,[],"[0.000, 0.000, 0.000, 0.000, 0.000, 0.000, 0.000, 1.000]"
4204,168.16,168.2,silence,0.9997578263282776,silence,[1.000],,[],,[],"[0.000, 0.000, 0.000, 0.000, 0.000, 0.000, 0.000, 1.000]"
4205,168.2,168.24,silence,0.999763548374176,silence,[1.000],,[],,[],"[0.000, 0.000, 0.000, 0.000, 0.000, 0.000, 0.000, 1.000]"
4206,168.24,168.28,silence,0.99977046251297,silence,[1.000],,[],,[],"[0.000, 0.000, 0.000, 0.000, 0.000, 0.000, 0.000, 1.000]"
4207,168.28,168.32,silence,0.9997783303260803,silence,[1.000],,[],,[],"[0.000, 0.000, 0.000, 0.000, 0.000, 0.000, 0.000, 1.000]"
4208,168.32,168.36,silence,0.9997871518135071,silence,[1.000],,[],,[],"[0.000, 0.000, 0.000, 0.000, 0.000, 0.000, 0.000, 1.000]"
4209,168.36,168.4,silence,0.9997963309288025,silence,[1.000],,[],,[],"[0.000, 0.000, 0.000, 0.000, 0.000, 0.000, 0.000, 1.000]"
4210,168.4,168.44,silence,0.9998055100440979,silence,[1.000],,[],,[],"[0.000, 0.000, 0.000, 0.000, 0.000, 0.000, 0.000, 1.000]"
4211,168.44,168.48,silence,0.9998143315315247,silence,[1.000],,[],,[],"[0.000, 0.000, 0.000, 0.000, 0.000, 0.000, 0.000, 1.000]"
4212,168.48,168.52,silence,0.9998226761817932,silence,[1.000],,[],,[],"[0.000, 0.000, 0.000, 0.000, 0.000, 0.000, 0.000, 1.000]"
4213,168.52,168.56,silence,0.9998300075531006,silence,[1.000],,[],,[],"[0.000, 0.000, 0.000, 0.000, 0.000, 0.000, 0.000, 1.000]"
4214,168.56,168.6,silence,0.9998352527618408,silence,[1.000],,[],,[],"[0.000, 0.000, 0.000, 0.000, 0.000, 0.000, 0.000, 1.000]"
4215,168.6,168.64,silence,0.9998376369476318,silence,[1.000],,[],,[],"[0.000, 0.000, 0.000, 0.000, 0.000, 0.000, 0.000, 1.000]"
4216,168.64,168.68,silence,0.9998360872268677,silence,[1.000],,[],,[],"[0.000, 0.000, 0.000, 0.000, 0.000, 0.000, 0.000, 1.000]"
4217,168.68,168.72,silence,0.9998294115066528,silence,[1.000],,[],,[],"[0.000, 0.000, 0.000, 0.000, 0.000, 0.000, 0.000, 1.000]"
4218,168.72,168.76,silence,0.9998161196708679,silence,[1.000],,[],,[],"[0.000, 0.000, 0.000, 0.000, 0.000, 0.000, 0.000, 1.000]"
4219,168.76,168.8,silence,0.9997935891151428,silence,[1.000],,[],,[],"[0.000, 0.000, 0.000, 0.000, 0.000, 0.000, 0.000, 1.000]"
4220,168.8,168.84,silence,0.9997583031654358,silence,[1.000],,[],,[],"[0.000, 0.000, 0.000, 0.000, 0.000, 0.000, 0.000, 1.000]"
4221,168.84,168.88,silence,0.999703586101532,silence,[1.000],,[],,[],"[0.000, 0.000, 0.000, 0.000, 0.000, 0.000, 0.000, 1.000]"
4222,168.88,168.92,silence,0.999618411064148,silence,[1.000],,[],,[],"[0.000, 0.000, 0.000, 0.000, 0.000, 0.000, 0.000, 1.000]"
4223,168.92,168.96,silence,0.9994826316833496,silence,[0.999],,[],,[],"[0.000, 0.000, 0.000, 0.000, 0.000, 0.000, 0.000, 0.999]"
4224,168.96,169.0,silence,0.9992596507072449,silence,[0.999],,[],,[],"[0.000, 0.000, 0.000, 0.000, 0.000, 0.000, 0.000, 0.999]"
4225,169.0,169.04,silence,0.9988787770271301,silence,[0.999],,[],,[],"[0.000, 0.000, 0.000, 0.000, 0.000, 0.000, 0.000, 0.999]"
4226,169.04,169.08,silence,0.9982016086578369,silence,[0.998],,[],,[],"[0.000, 0.000, 0.000, 0.000, 0.000, 0.000, 0.000, 0.998]"
4227,169.08,169.12,silence,0.9969461560249329,silence,[0.997],,[],,[],"[0.000, 0.000, 0.000, 0.000, 0.000, 0.000, 0.000, 0.997]"
4228,169.12,169.16,silence,0.9945167899131775,silence,[0.995],,[],,[],"[0.000, 0.000, 0.000, 0.000, 0.000, 0.000, 0.000, 0.995]"
4229,169.16,169.2,silence,0.9896106719970703,silence,[0.990],,[],,[],"[0.000, 0.000, 0.000, 0.000, 0.000, 0.000, 0.000, 0.990]"
4230,169.2,169.24,silence,0.9793494343757629,silence,[0.979],,[],,[],"[0.000, 0.000, 0.000, 0.000, 0.001, 0.000, 0.000, 0.979]"
4231,169.24,169.28,silence,0.9573665261268616,silence,[0.957],,[],,[],"[0.000, 0.000, 0.000, 0.000, 0.002, 0.000, 0.000, 0.957]"
4232,169.28,169.32,silence,0.9101395606994629,silence,[0.910],,[],,[],"[0.000, 0.000, 0.000, 0.000, 0.004, 0.000, 0.000, 0.910]"
4233,169.32,169.36,silence,0.8138026595115662,silence,[0.814],,[],,[],"[0.000, 0.000, 0.000, 0.000, 0.009, 0.000, 0.000, 0.814]"
4234,169.36,169.4,silence,0.6443724632263184,silence,[0.644],,[],,[],"[0.000, 0.000, 0.000, 0.000, 0.022, 0.000, 0.000, 0.644]"
4235,169.4,169.44,silence,0.41996416449546814,,[],,[],,[],"[0.000, 0.000, 0.000, 0.000, 0.053, 0.000, 0.000, 0.420]"
4236,169.44,169.48,silence,0.2185237556695938,,[],,[],,[],"[0.000, 0.000, 0.000, 0.000, 0.126, 0.000, 0.000, 0.219]"
4237,169.48,169.52,silence,0.09485746920108795,,[],,[],,[],"[0.000, 0.000, 0.000, 0.000, 0.280, 0.000, 0.000, 0.095]"
4238,169.52,169.56,silence,0.03692704811692238,,[],,[],,[],"[0.000, 0.000, 0.000, 0.000, 0.519, 0.000, 0.000, 0.037]"
4239,169.56,169.6,Liz,0.7541826963424683,Liz,[0.754],,[],,[],"[0.000, 0.000, 0.000, 0.000, 0.754, 0.000, 0.000, 0.014]"
4240,169.6,169.64,Liz,0.8988738656044006,Liz,[0.899],,[],,[],"[0.000, 0.000, 0.000, 0.000, 0.899, 0.000, 0.000, 0.005]"
4241,169.64,169.68,Liz,0.9629250168800354,Liz,[0.963],,[],,[],"[0.000, 0.000, 0.000, 0.000, 0.963, 0.000, 0.000, 0.002]"
4242,169.68,169.72,Liz,0.9869736433029175,Liz,[0.987],,[],,[],"[0.000, 0.000, 0.000, 0.000, 0.987, 0.000, 0.000, 0.001]"
4243,169.72,169.76,Liz,0.9954540729522705,Liz,[0.995],,[],,[],"[0.000, 0.000, 0.000, 0.000, 0.995, 0.000, 0.000, 0.000]"
4244,169.76,169.8,Liz,0.9983968138694763,Liz,[0.998],,[],,[],"[0.000, 0.000, 0.000, 0.000, 0.998, 0.000, 0.000, 0.000]"
4245,169.8,169.84,Liz,0.9994226694107056,Liz,[0.999],,[],,[],"[0.000, 0.000, 0.000, 0.000, 0.999, 0.000, 0.000, 0.000]"
4246,169.84,169.88,Liz,0.9997861981391907,Liz,[1.000],,[],,[],"[0.000, 0.000, 0.000, 0.000, 1.000, 0.000, 0.000, 0.000]"
4247,169.88,169.92,Liz,0.9999181032180786,Liz,[1.000],,[],,[],"[0.000, 0.000, 0.000, 0.000, 1.000, 0.000, 0.000, 0.000]"
4248,169.92,169.96,Liz,0.9999673366546631,Liz,[1.000],,[],,[],"[0.000, 0.000, 0.000, 0.000, 1.000, 0.000, 0.000, 0.000]"
4249,169.96,170.0,Liz,0.9999862909317017,Liz,[1.000],,[],,[],"[0.000, 0.000, 0.000, 0.000, 1.000, 0.000, 0.000, 0.000]"
4250,170.0,170.04,Liz,0.9999939203262329,Liz,[1.000],,[],,[],"[0.000, 0.000, 0.000, 0.000, 1.000, 0.000, 0.000, 0.000]"
4251,170.04,170.08,Liz,0.9999971389770508,Liz,[1.000],,[],,[],"[0.000, 0.000, 0.000, 0.000, 1.000, 0.000, 0.000, 0.000]"
4252,170.08,170.12,Liz,0.9999985694885254,Liz,[1.000],,[],,[],"[0.000, 0.000, 0.000, 0.000, 1.000, 0.000, 0.000, 0.000]"
4253,170.12,170.16,Liz,0.9999991655349731,Liz,[1.000],,[],,[],"[0.000, 0.000, 0.000, 0.000, 1.000, 0.000, 0.000, 0.000]"
4254,170.16,170.2,Liz,0.9999995231628418,Liz,[1.000],,[],,[],"[0.000, 0.000, 0.000, 0.000, 1.000, 0.000, 0.000, 0.000]"
4255,170.2,170.24,Liz,0.9999997615814209,Liz,[1.000],,[],,[],"[0.000, 0.000, 0.000, 0.000, 1.000, 0.000, 0.000, 0.000]"
4256,170.24,170.28,Liz,0.9999997615814209,Liz,[1.000],,[],,[],"[0.000, 0.000, 0.000, 0.000, 1.000, 0.000, 0.000, 0.000]"
4257,170.28,170.32,Liz,0.9999998807907104,Liz,[1.000],,[],,[],"[0.000, 0.000, 0.000, 0.000, 1.000, 0.000, 0.000, 0.000]"
4258,170.32,170.36,Liz,0.9999998807907104,Liz,[1.000],,[],,[],"[0.000, 0.000, 0.000, 0.000, 1.000, 0.000, 0.000, 0.000]"
4259,170.36,170.4,Liz,0.9999998807907104,Liz,[1.000],,[],,[],"[0.000, 0.000, 0.000, 0.000, 1.000, 0.000, 0.000, 0.000]"
4260,170.4,170.44,Liz,0.9999998807907104,Liz,[1.000],,[],,[],"[0.000, 0.000, 0.000, 0.000, 1.000, 0.000, 0.000, 0.000]"
4261,170.44,170.48,Liz,0.9999998807907104,Liz,[1.000],,[],,[],"[0.000, 0.000, 0.000, 0.000, 1.000, 0.000, 0.000, 0.000]"
4262,170.48,170.52,Liz,0.9999998807907104,Liz,[1.000],,[],,[],"[0.000, 0.000, 0.000, 0.000, 1.000, 0.000, 0.000, 0.000]"
4263,170.52,170.56,Liz,0.9999998807907104,Liz,[1.000],,[],,[],"[0.000, 0.000, 0.000, 0.000, 1.000, 0.000, 0.000, 0.000]"
4264,170.56,170.6,Liz,0.9999998807907104,Liz,[1.000],,[],,[],"[0.000, 0.000, 0.000, 0.000, 1.000, 0.000, 0.000, 0.000]"
4265,170.6,170.64,Liz,0.9999998807907104,Liz,[1.000],,[],,[],"[0.000, 0.000, 0.000, 0.000, 1.000, 0.000, 0.000, 0.000]"
4266,170.64,170.68,Liz,0.9999998807907104,Liz,[1.000],,[],,[],"[0.000, 0.000, 0.000, 0.000, 1.000, 0.000, 0.000, 0.000]"
4267,170.68,170.72,Liz,0.9999997615814209,Liz,[1.000],,[],,[],"[0.000, 0.000, 0.000, 0.000, 1.000, 0.000, 0.000, 0.000]"
4268,170.72,170.76,Liz,0.9999997615814209,Liz,[1.000],,[],,[],"[0.000, 0.000, 0.000, 0.000, 1.000, 0.000, 0.000, 0.000]"
4269,170.76,170.8,Liz,0.9999996423721313,Liz,[1.000],,[],,[],"[0.000, 0.000, 0.000, 0.000, 1.000, 0.000, 0.000, 0.000]"
4270,170.8,170.84,Liz,0.9999995231628418,Liz,[1.000],,[],,[],"[0.000, 0.000, 0.000, 0.000, 1.000, 0.000, 0.000, 0.000]"
4271,170.84,170.88,Liz,0.9999994039535522,Liz,[1.000],,[],,[],"[0.000, 0.000, 0.000, 0.000, 1.000, 0.000, 0.000, 0.000]"
4272,170.88,170.92,Liz,0.9999991655349731,Liz,[1.000],,[],,[],"[0.000, 0.000, 0.000, 0.000, 1.000, 0.000, 0.000, 0.000]"
4273,170.92,170.96,Liz,0.999998927116394,Liz,[1.000],,[],,[],"[0.000, 0.000, 0.000, 0.000, 1.000, 0.000, 0.000, 0.000]"
4274,170.96,171.0,Liz,0.9999988079071045,Liz,[1.000],,[],,[],"[0.000, 0.000, 0.000, 0.000, 1.000, 0.000, 0.000, 0.000]"
4275,171.0,171.04,Liz,0.9999985694885254,Liz,[1.000],,[],,[],"[0.000, 0.000, 0.000, 0.000, 1.000, 0.000, 0.000, 0.000]"
4276,171.04,171.08,Liz,0.9999984502792358,Liz,[1.000],,[],,[],"[0.000, 0.000, 0.000, 0.000, 1.000, 0.000, 0.000, 0.000]"
4277,171.08,171.12,Liz,0.9999983310699463,Liz,[1.000],,[],,[],"[0.000, 0.000, 0.000, 0.000, 1.000, 0.000, 0.000, 0.000]"
4278,171.12,171.16,Liz,0.9999983310699463,Liz,[1.000],,[],,[],"[0.000, 0.000, 0.000, 0.000, 1.000, 0.000, 0.000, 0.000]"
4279,171.16,171.2,Liz,0.9999984502792358,Liz,[1.000],,[],,[],"[0.000, 0.000, 0.000, 0.000, 1.000, 0.000, 0.000, 0.000]"
4280,171.2,171.24,Liz,0.9999986886978149,Liz,[1.000],,[],,[],"[0.000, 0.000, 0.000, 0.000, 1.000, 0.000, 0.000, 0.000]"
4281,171.24,171.28,Liz,0.9999988079071045,Liz,[1.000],,[],,[],"[0.000, 0.000, 0.000, 0.000, 1.000, 0.000, 0.000, 0.000]"
4282,171.28,171.32,Liz,0.9999990463256836,Liz,[1.000],,[],,[],"[0.000, 0.000, 0.000, 0.000, 1.000, 0.000, 0.000, 0.000]"
4283,171.32,171.36,Liz,0.9999992847442627,Liz,[1.000],,[],,[],"[0.000, 0.000, 0.000, 0.000, 1.000, 0.000, 0.000, 0.000]"
4284,171.36,171.4,Liz,0.9999995231628418,Liz,[1.000],,[],,[],"[0.000, 0.000, 0.000, 0.000, 1.000, 0.000, 0.000, 0.000]"
4285,171.4,171.44,Liz,0.9999996423721313,Liz,[1.000],,[],,[],"[0.000, 0.000, 0.000, 0.000, 1.000, 0.000, 0.000, 0.000]"
4286,171.44,171.48,Liz,0.9999997615814209,Liz,[1.000],,[],,[],"[0.000, 0.000, 0.000, 0.000, 1.000, 0.000, 0.000, 0.000]"
4287,171.48,171.52,Liz,0.9999997615814209,Liz,[1.000],,[],,[],"[0.000, 0.000, 0.000, 0.000, 1.000, 0.000, 0.000, 0.000]"
4288,171.52,171.56,Liz,0.9999998807907104,Liz,[1.000],,[],,[],"[0.000, 0.000, 0.000, 0.000, 1.000, 0.000, 0.000, 0.000]"
4289,171.56,171.6,Liz,0.9999998807907104,Liz,[1.000],,[],,[],"[0.000, 0.000, 0.000, 0.000, 1.000, 0.000, 0.000, 0.000]"
4290,171.6,171.64,Liz,0.9999998807907104,Liz,[1.000],,[],,[],"[0.000, 0.000, 0.000, 0.000, 1.000, 0.000, 0.000, 0.000]"
4291,171.64,171.68,Liz,1.0,Liz,[1.000],,[],,[],"[0.000, 0.000, 0.000, 0.000, 1.000, 0.000, 0.000, 0.000]"
4292,171.68,171.72,Liz,1.0,Liz,[1.000],,[],,[],"[0.000, 0.000, 0.000, 0.000, 1.000, 0.000, 0.000, 0.000]"
4293,171.72,171.76,Liz,1.0,Liz,[1.000],,[],,[],"[0.000, 0.000, 0.000, 0.000, 1.000, 0.000, 0.000, 0.000]"
4294,171.76,171.8,Liz,1.0,Liz,[1.000],,[],,[],"[0.000, 0.000, 0.000, 0.000, 1.000, 0.000, 0.000, 0.000]"
4295,171.8,171.84,Liz,1.0,Liz,[1.000],,[],,[],"[0.000, 0.000, 0.000, 0.000, 1.000, 0.000, 0.000, 0.000]"
4296,171.84,171.88,Liz,1.0,Liz,[1.000],,[],,[],"[0.000, 0.000, 0.000, 0.000, 1.000, 0.000, 0.000, 0.000]"
4297,171.88,171.92,Liz,1.0,Liz,[1.000],,[],,[],"[0.000, 0.000, 0.000, 0.000, 1.000, 0.000, 0.000, 0.000]"
4298,171.92,171.96,Liz,1.0,Liz,[1.000],,[],,[],"[0.000, 0.000, 0.000, 0.000, 1.000, 0.000, 0.000, 0.000]"
4299,171.96,172.0,Liz,1.0,Liz,[1.000],,[],,[],"[0.000, 0.000, 0.000, 0.000, 1.000, 0.000, 0.000, 0.000]"
4300,172.0,172.04,Liz,1.0,Liz,[1.000],,[],,[],"[0.000, 0.000, 0.000, 0.000, 1.000, 0.000, 0.000, 0.000]"
4301,172.04,172.08,Liz,1.0,Liz,[1.000],,[],,[],"[0.000, 0.000, 0.000, 0.000, 1.000, 0.000, 0.000, 0.000]"
4302,172.08,172.12,Liz,1.0,Liz,[1.000],,[],,[],"[0.000, 0.000, 0.000, 0.000, 1.000, 0.000, 0.000, 0.000]"
4303,172.12,172.16,Liz,1.0,Liz,[1.000],,[],,[],"[0.000, 0.000, 0.000, 0.000, 1.000, 0.000, 0.000, 0.000]"
4304,172.16,172.2,Liz,1.0,Liz,[1.000],,[],,[],"[0.000, 0.000, 0.000, 0.000, 1.000, 0.000, 0.000, 0.000]"
4305,172.2,172.24,Liz,1.0,Liz,[1.000],,[],,[],"[0.000, 0.000, 0.000, 0.000, 1.000, 0.000, 0.000, 0.000]"
4306,172.24,172.28,Liz,1.0,Liz,[1.000],,[],,[],"[0.000, 0.000, 0.000, 0.000, 1.000, 0.000, 0.000, 0.000]"
4307,172.28,172.32,Liz,0.9999998807907104,Liz,[1.000],,[],,[],"[0.000, 0.000, 0.000, 0.000, 1.000, 0.000, 0.000, 0.000]"
4308,172.32,172.36,Liz,0.9999998807907104,Liz,[1.000],,[],,[],"[0.000, 0.000, 0.000, 0.000, 1.000, 0.000, 0.000, 0.000]"
4309,172.36,172.4,Liz,0.9999998807907104,Liz,[1.000],,[],,[],"[0.000, 0.000, 0.000, 0.000, 1.000, 0.000, 0.000, 0.000]"
4310,172.4,172.44,Liz,0.9999997615814209,Liz,[1.000],,[],,[],"[0.000, 0.000, 0.000, 0.000, 1.000, 0.000, 0.000, 0.000]"
4311,172.44,172.48,Liz,0.9999996423721313,Liz,[1.000],,[],,[],"[0.000, 0.000, 0.000, 0.000, 1.000, 0.000, 0.000, 0.000]"
4312,172.48,172.52,Liz,0.9999994039535522,Liz,[1.000],,[],,[],"[0.000, 0.000, 0.000, 0.000, 1.000, 0.000, 0.000, 0.000]"
4313,172.52,172.56,Liz,0.999998927116394,Liz,[1.000],,[],,[],"[0.000, 0.000, 0.000, 0.000, 1.000, 0.000, 0.000, 0.000]"
4314,172.56,172.6,Liz,0.9999983310699463,Liz,[1.000],,[],,[],"[0.000, 0.000, 0.000, 0.000, 1.000, 0.000, 0.000, 0.000]"
4315,172.6,172.64,Liz,0.9999973773956299,Liz,[1.000],,[],,[],"[0.000, 0.000, 0.000, 0.000, 1.000, 0.000, 0.000, 0.000]"
4316,172.64,172.68,Liz,0.9999959468841553,Liz,[1.000],,[],,[],"[0.000, 0.000, 0.000, 0.000, 1.000, 0.000, 0.000, 0.000]"
4317,172.68,172.72,Liz,0.9999939203262329,Liz,[1.000],,[],,[],"[0.000, 0.000, 0.000, 0.000, 1.000, 0.000, 0.000, 0.000]"
4318,172.72,172.76,Liz,0.9999908208847046,Liz,[1.000],,[],,[],"[0.000, 0.000, 0.000, 0.000, 1.000, 0.000, 0.000, 0.000]"
4319,172.76,172.8,Liz,0.9999867677688599,Liz,[1.000],,[],,[],"[0.000, 0.000, 0.000, 0.000, 1.000, 0.000, 0.000, 0.000]"
4320,172.8,172.84,Liz,0.9999814033508301,Liz,[1.000],,[],,[],"[0.000, 0.000, 0.000, 0.000, 1.000, 0.000, 0.000, 0.000]"
4321,172.84,172.88,Liz,0.9999746084213257,Liz,[1.000],,[],,[],"[0.000, 0.000, 0.000, 0.000, 1.000, 0.000, 0.000, 0.000]"
4322,172.88,172.92,Liz,0.9999662637710571,Liz,[1.000],,[],,[],"[0.000, 0.000, 0.000, 0.000, 1.000, 0.000, 0.000, 0.000]"
4323,172.92,172.96,Liz,0.9999563694000244,Liz,[1.000],,[],,[],"[0.000, 0.000, 0.000, 0.000, 1.000, 0.000, 0.000, 0.000]"
4324,172.96,173.0,Liz,0.9999451637268066,Liz,[1.000],,[],,[],"[0.000, 0.000, 0.000, 0.000, 1.000, 0.000, 0.000, 0.001]"
4325,173.0,173.04,Liz,0.9999327659606934,Liz,[1.000],,[],,[],"[0.000, 0.000, 0.000, 0.000, 1.000, 0.000, 0.000, 0.001]"
4326,173.04,173.08,Liz,0.9999195337295532,Liz,[1.000],,[],,[],"[0.000, 0.000, 0.000, 0.000, 1.000, 0.000, 0.000, 0.001]"
4327,173.08,173.12,Liz,0.9999058246612549,Liz,[1.000],,[],,[],"[0.000, 0.000, 0.000, 0.000, 1.000, 0.000, 0.000, 0.001]"
4328,173.12,173.16,Liz,0.999891996383667,Liz,[1.000],,[],,[],"[0.000, 0.000, 0.000, 0.000, 1.000, 0.000, 0.000, 0.001]"
4329,173.16,173.2,Liz,0.9998786449432373,Liz,[1.000],,[],,[],"[0.000, 0.000, 0.000, 0.000, 1.000, 0.000, 0.000, 0.001]"
4330,173.2,173.24,Liz,0.9998663663864136,Liz,[1.000],,[],,[],"[0.000, 0.000, 0.000, 0.000, 1.000, 0.000, 0.000, 0.001]"
4331,173.24,173.28,Liz,0.9998557567596436,Liz,[1.000],,[],,[],"[0.000, 0.000, 0.000, 0.000, 1.000, 0.000, 0.000, 0.002]"
4332,173.28,173.32,Liz,0.9998472929000854,Liz,[1.000],,[],,[],"[0.000, 0.000, 0.000, 0.000, 1.000, 0.000, 0.000, 0.002]"
4333,173.32,173.36,Liz,0.9998414516448975,Liz,[1.000],,[],,[],"[0.000, 0.000, 0.000, 0.000, 1.000, 0.000, 0.000, 0.002]"
4334,173.36,173.4,Liz,0.9998384714126587,Liz,[1.000],,[],,[],"[0.000, 0.000, 0.000, 0.000, 1.000, 0.000, 0.000, 0.002]"
4335,173.4,173.44,Liz,0.9998383522033691,Liz,[1.000],,[],,[],"[0.000, 0.000, 0.000, 0.000, 1.000, 0.000, 0.000, 0.002]"
4336,173.44,173.48,Liz,0.9998408555984497,Liz,[1.000],,[],,[],"[0.000, 0.000, 0.000, 0.000, 1.000, 0.000, 0.000, 0.003]"
4337,173.48,173.52,Liz,0.9998458623886108,Liz,[1.000],,[],,[],"[0.000, 0.000, 0.000, 0.000, 1.000, 0.000, 0.000, 0.003]"
4338,173.52,173.56,Liz,0.9998534917831421,Liz,[1.000],,[],,[],"[0.000, 0.000, 0.000, 0.000, 1.000, 0.000, 0.000, 0.003]"
4339,173.56,173.6,Liz,0.999863862991333,Liz,[1.000],,[],,[],"[0.000, 0.000, 0.000, 0.000, 1.000, 0.000, 0.000, 0.003]"
4340,173.6,173.64,Liz,0.9998767375946045,Liz,[1.000],,[],,[],"[0.000, 0.000, 0.000, 0.000, 1.000, 0.000, 0.000, 0.003]"
4341,173.64,173.68,Liz,0.9998912811279297,Liz,[1.000],,[],,[],"[0.000, 0.000, 0.000, 0.000, 1.000, 0.000, 0.000, 0.002]"
4342,173.68,173.72,Liz,0.9999067783355713,Liz,[1.000],,[],,[],"[0.000, 0.000, 0.000, 0.000, 1.000, 0.000, 0.000, 0.002]"
4343,173.72,173.76,Liz,0.9999222755432129,Liz,[1.000],,[],,[],"[0.000, 0.000, 0.000, 0.000, 1.000, 0.000, 0.000, 0.002]"
4344,173.76,173.8,Liz,0.9999370574951172,Liz,[1.000],,[],,[],"[0.000, 0.000, 0.000, 0.000, 1.000, 0.000, 0.000, 0.002]"
4345,173.8,173.84,Liz,0.999950647354126,Liz,[1.000],,[],,[],"[0.000, 0.000, 0.000, 0.000, 1.000, 0.000, 0.000, 0.001]"
4346,173.84,173.88,Liz,0.9999626874923706,Liz,[1.000],,[],,[],"[0.000, 0.000, 0.000, 0.000, 1.000, 0.000, 0.000, 0.001]"
4347,173.88,173.92,Liz,0.9999728202819824,Liz,[1.000],,[],,[],"[0.000, 0.000, 0.000, 0.000, 1.000, 0.000, 0.000, 0.001]"
4348,173.92,173.96,Liz,0.9999810457229614,Liz,[1.000],,[],,[],"[0.000, 0.000, 0.000, 0.000, 1.000, 0.000, 0.000, 0.000]"
4349,173.96,174.0,Liz,0.9999872446060181,Liz,[1.000],,[],,[],"[0.000, 0.000, 0.000, 0.000, 1.000, 0.000, 0.000, 0.000]"
4350,174.0,174.04,Liz,0.999991774559021,Liz,[1.000],,[],,[],"[0.000, 0.000, 0.000, 0.000, 1.000, 0.000, 0.000, 0.000]"
4351,174.04,174.08,Liz,0.9999948740005493,Liz,[1.000],,[],,[],"[0.000, 0.000, 0.000, 0.000, 1.000, 0.000, 0.000, 0.000]"
4352,174.08,174.12,Liz,0.9999969005584717,Liz,[1.000],,[],,[],"[0.000, 0.000, 0.000, 0.000, 1.000, 0.000, 0.000, 0.000]"
4353,174.12,174.16,Liz,0.9999982118606567,Liz,[1.000],,[],,[],"[0.000, 0.000, 0.000, 0.000, 1.000, 0.000, 0.000, 0.000]"
4354,174.16,174.2,Liz,0.9999990463256836,Liz,[1.000],,[],,[],"[0.000, 0.000, 0.000, 0.000, 1.000, 0.000, 0.000, 0.000]"
4355,174.2,174.24,Liz,0.9999995231628418,Liz,[1.000],,[],,[],"[0.000, 0.000, 0.000, 0.000, 1.000, 0.000, 0.000, 0.000]"
4356,174.24,174.28,Liz,0.9999997615814209,Liz,[1.000],,[],,[],"[0.000, 0.000, 0.000, 0.000, 1.000, 0.000, 0.000, 0.000]"
4357,174.28,174.32,Liz,0.9999998807907104,Liz,[1.000],,[],,[],"[0.000, 0.000, 0.000, 0.000, 1.000, 0.000, 0.000, 0.000]"
4358,174.32,174.36,Liz,0.9999998807907104,Liz,[1.000],,[],,[],"[0.000, 0.000, 0.000, 0.000, 1.000, 0.000, 0.000, 0.000]"
4359,174.36,174.4,Liz,1.0,Liz,[1.000],,[],,[],"[0.000, 0.000, 0.000, 0.000, 1.000, 0.000, 0.000, 0.000]"
4360,174.4,174.44,Liz,1.0,Liz,[1.000],,[],,[],"[0.000, 0.000, 0.000, 0.000, 1.000, 0.000, 0.000, 0.000]"
4361,174.44,174.48,Liz,1.0,Liz,[1.000],,[],,[],"[0.000, 0.000, 0.000, 0.000, 1.000, 0.000, 0.000, 0.000]"
4362,174.48,174.52,Liz,1.0,Liz,[1.000],,[],,[],"[0.000, 0.000, 0.000, 0.000, 1.000, 0.000, 0.000, 0.000]"
4363,174.52,174.56,Liz,1.0,Liz,[1.000],,[],,[],"[0.000, 0.000, 0.000, 0.000, 1.000, 0.000, 0.000, 0.000]"
4364,174.56,174.6,Liz,1.0,Liz,[1.000],,[],,[],"[0.000, 0.000, 0.000, 0.000, 1.000, 0.000, 0.000, 0.000]"
4365,174.6,174.64,Liz,1.0,Liz,[1.000],,[],,[],"[0.000, 0.000, 0.000, 0.000, 1.000, 0.000, 0.000, 0.000]"
4366,174.64,174.68,Liz,1.0,Liz,[1.000],,[],,[],"[0.000, 0.000, 0.000, 0.000, 1.000, 0.000, 0.000, 0.000]"
4367,174.68,174.72,Liz,1.0,Liz,[1.000],,[],,[],"[0.000, 0.000, 0.000, 0.000, 1.000, 0.000, 0.000, 0.000]"
4368,174.72,174.76,Liz,1.0,Liz,[1.000],,[],,[],"[0.000, 0.000, 0.000, 0.000, 1.000, 0.000, 0.000, 0.000]"
4369,174.76,174.8,Liz,1.0,Liz,[1.000],,[],,[],"[0.000, 0.000, 0.000, 0.000, 1.000, 0.000, 0.000, 0.000]"
4370,174.8,174.84,Liz,1.0,Liz,[1.000],,[],,[],"[0.000, 0.000, 0.000, 0.000, 1.000, 0.000, 0.000, 0.000]"
4371,174.84,174.88,Liz,1.0,Liz,[1.000],,[],,[],"[0.000, 0.000, 0.000, 0.000, 1.000, 0.000, 0.000, 0.000]"
4372,174.88,174.92,Liz,1.0,Liz,[1.000],,[],,[],"[0.000, 0.000, 0.000, 0.000, 1.000, 0.000, 0.000, 0.000]"
4373,174.92,174.96,Liz,1.0,Liz,[1.000],,[],,[],"[0.000, 0.000, 0.000, 0.000, 1.000, 0.000, 0.000, 0.000]"
4374,174.96,175.0,Liz,1.0,Liz,[1.000],,[],,[],"[0.000, 0.000, 0.000, 0.000, 1.000, 0.000, 0.000, 0.000]"
4375,175.0,175.04,Liz,1.0,Liz,[1.000],,[],,[],"[0.000, 0.000, 0.000, 0.000, 1.000, 0.000, 0.000, 0.000]"
4376,175.04,175.08,Liz,1.0,Liz,[1.000],,[],,[],"[0.000, 0.000, 0.000, 0.000, 1.000, 0.000, 0.000, 0.000]"
4377,175.08,175.12,Liz,1.0,Liz,[1.000],,[],,[],"[0.000, 0.000, 0.000, 0.000, 1.000, 0.000, 0.000, 0.000]"
4378,175.12,175.16,Liz,1.0,Liz,[1.000],,[],,[],"[0.000, 0.000, 0.000, 0.000, 1.000, 0.000, 0.000, 0.000]"
4379,175.16,175.2,Liz,1.0,Liz,[1.000],,[],,[],"[0.000, 0.000, 0.000, 0.000, 1.000, 0.000, 0.000, 0.000]"
4380,175.2,175.24,Liz,1.0,Liz,[1.000],,[],,[],"[0.000, 0.000, 0.000, 0.000, 1.000, 0.000, 0.000, 0.000]"
4381,175.24,175.28,Liz,1.0,Liz,[1.000],,[],,[],"[0.000, 0.000, 0.000, 0.000, 1.000, 0.000, 0.000, 0.000]"
4382,175.28,175.32,Liz,1.0,Liz,[1.000],,[],,[],"[0.000, 0.000, 0.000, 0.000, 1.000, 0.000, 0.000, 0.000]"
4383,175.32,175.36,Liz,1.0,Liz,[1.000],,[],,[],"[0.000, 0.000, 0.000, 0.000, 1.000, 0.000, 0.000, 0.000]"
4384,175.36,175.4,Liz,1.0,Liz,[1.000],,[],,[],"[0.000, 0.000, 0.000, 0.000, 1.000, 0.000, 0.000, 0.000]"
4385,175.4,175.44,Liz,1.0,Liz,[1.000],,[],,[],"[0.000, 0.000, 0.000, 0.000, 1.000, 0.000, 0.000, 0.000]"
4386,175.44,175.48,Liz,1.0,Liz,[1.000],,[],,[],"[0.000, 0.000, 0.000, 0.000, 1.000, 0.000, 0.000, 0.000]"
4387,175.48,175.52,Liz,1.0,Liz,[1.000],,[],,[],"[0.000, 0.000, 0.000, 0.000, 1.000, 0.000, 0.000, 0.000]"
4388,175.52,175.56,Liz,1.0,Liz,[1.000],,[],,[],"[0.000, 0.000, 0.000, 0.000, 1.000, 0.000, 0.000, 0.000]"
4389,175.56,175.6,Liz,1.0,Liz,[1.000],,[],,[],"[0.000, 0.000, 0.000, 0.000, 1.000, 0.000, 0.000, 0.000]"
4390,175.6,175.64,Liz,1.0,Liz,[1.000],,[],,[],"[0.000, 0.000, 0.000, 0.000, 1.000, 0.000, 0.000, 0.000]"
4391,175.64,175.68,Liz,1.0,Liz,[1.000],,[],,[],"[0.000, 0.000, 0.000, 0.000, 1.000, 0.000, 0.000, 0.000]"
4392,175.68,175.72,Liz,1.0,Liz,[1.000],,[],,[],"[0.000, 0.000, 0.000, 0.000, 1.000, 0.000, 0.000, 0.000]"
4393,175.72,175.76,Liz,1.0,Liz,[1.000],,[],,[],"[0.000, 0.000, 0.000, 0.000, 1.000, 0.000, 0.000, 0.000]"
4394,175.76,175.8,Liz,1.0,Liz,[1.000],,[],,[],"[0.000, 0.000, 0.000, 0.000, 1.000, 0.000, 0.000, 0.000]"
4395,175.8,175.84,Liz,1.0,Liz,[1.000],,[],,[],"[0.000, 0.000, 0.000, 0.000, 1.000, 0.000, 0.000, 0.000]"
4396,175.84,175.88,Liz,1.0,Liz,[1.000],,[],,[],"[0.000, 0.000, 0.000, 0.000, 1.000, 0.000, 0.000, 0.000]"
4397,175.88,175.92,Liz,1.0,Liz,[1.000],,[],,[],"[0.000, 0.000, 0.000, 0.000, 1.000, 0.000, 0.000, 0.000]"
4398,175.92,175.96,Liz,1.0,Liz,[1.000],,[],,[],"[0.000, 0.000, 0.000, 0.000, 1.000, 0.000, 0.000, 0.000]"
4399,175.96,176.0,Liz,1.0,Liz,[1.000],,[],,[],"[0.000, 0.000, 0.000, 0.000, 1.000, 0.000, 0.000, 0.000]"
4400,176.0,176.04,Liz,1.0,Liz,[1.000],,[],,[],"[0.000, 0.000, 0.000, 0.000, 1.000, 0.000, 0.000, 0.000]"
4401,176.04,176.08,Liz,0.9999998807907104,Liz,[1.000],,[],,[],"[0.000, 0.000, 0.000, 0.000, 1.000, 0.000, 0.000, 0.000]"
4402,176.08,176.12,Liz,0.9999998807907104,Liz,[1.000],,[],,[],"[0.000, 0.000, 0.000, 0.000, 1.000, 0.000, 0.000, 0.000]"
4403,176.12,176.16,Liz,0.9999997615814209,Liz,[1.000],,[],,[],"[0.000, 0.000, 0.000, 0.000, 1.000, 0.000, 0.000, 0.000]"
4404,176.16,176.2,Liz,0.9999995231628418,Liz,[1.000],,[],,[],"[0.000, 0.000, 0.000, 0.000, 1.000, 0.000, 0.000, 0.000]"
4405,176.2,176.24,Liz,0.9999991655349731,Liz,[1.000],,[],,[],"[0.000, 0.000, 0.000, 0.000, 1.000, 0.000, 0.000, 0.000]"
4406,176.24,176.28,Liz,0.9999985694885254,Liz,[1.000],,[],,[],"[0.000, 0.000, 0.000, 0.000, 1.000, 0.000, 0.000, 0.000]"
4407,176.28,176.32,Liz,0.9999973773956299,Liz,[1.000],,[],,[],"[0.000, 0.000, 0.000, 0.000, 1.000, 0.000, 0.000, 0.000]"
4408,176.32,176.36,Liz,0.9999954700469971,Liz,[1.000],,[],,[],"[0.000, 0.000, 0.000, 0.000, 1.000, 0.000, 0.000, 0.000]"
4409,176.36,176.4,Liz,0.9999922513961792,Liz,[1.000],,[],,[],"[0.000, 0.000, 0.000, 0.000, 1.000, 0.000, 0.000, 0.000]"
4410,176.4,176.44,Liz,0.9999867677688599,Liz,[1.000],,[],,[],"[0.000, 0.000, 0.000, 0.000, 1.000, 0.000, 0.000, 0.000]"
4411,176.44,176.48,Liz,0.9999778270721436,Liz,[1.000],,[],,[],"[0.000, 0.000, 0.000, 0.000, 1.000, 0.000, 0.000, 0.000]"
4412,176.48,176.52,Liz,0.9999635219573975,Liz,[1.000],,[],,[],"[0.000, 0.000, 0.000, 0.000, 1.000, 0.000, 0.000, 0.001]"
4413,176.52,176.56,Liz,0.9999409914016724,Liz,[1.000],,[],,[],"[0.000, 0.000, 0.000, 0.000, 1.000, 0.000, 0.000, 0.001]"
4414,176.56,176.6,Liz,0.9999070167541504,Liz,[1.000],,[],,[],"[0.000, 0.000, 0.000, 0.000, 1.000, 0.000, 0.000, 0.001]"
4415,176.6,176.64,Liz,0.9998577833175659,Liz,[1.000],,[],,[],"[0.000, 0.000, 0.000, 0.000, 1.000, 0.000, 0.000, 0.002]"
4416,176.64,176.68,Liz,0.9997895359992981,Liz,[1.000],,[],,[],"[0.000, 0.000, 0.000, 0.000, 1.000, 0.000, 0.000, 0.002]"
4417,176.68,176.72,Liz,0.9996997117996216,Liz,[1.000],,[],,[],"[0.000, 0.000, 0.000, 0.000, 1.000, 0.000, 0.000, 0.002]"
4418,176.72,176.76,Liz,0.9995881915092468,Liz,[1.000],,[],,[],"[0.000, 0.001, 0.000, 0.000, 1.000, 0.000, 0.000, 0.003]"
4419,176.76,176.8,Liz,0.9994584918022156,Liz,[0.999],,[],,[],"[0.000, 0.001, 0.000, 0.000, 0.999, 0.000, 0.000, 0.003]"
4420,176.8,176.84,Liz,0.99931800365448,Liz,[0.999],,[],,[],"[0.000, 0.001, 0.000, 0.000, 0.999, 0.000, 0.000, 0.003]"
4421,176.84,176.88,Liz,0.9991762042045593,Liz,[0.999],,[],,[],"[0.000, 0.001, 0.000, 0.000, 0.999, 0.000, 0.000, 0.003]"
4422,176.88,176.92,Liz,0.9990447163581848,Liz,[0.999],,[],,[],"[0.000, 0.001, 0.000, 0.000, 0.999, 0.000, 0.000, 0.004]"
4423,176.92,176.96,Liz,0.9989332556724548,Liz,[0.999],,[],,[],"[0.000, 0.001, 0.000, 0.000, 0.999, 0.000, 0.000, 0.004]"
4424,176.96,177.0,Liz,0.998847246170044,Liz,[0.999],,[],,[],"[0.000, 0.002, 0.000, 0.000, 0.999, 0.000, 0.000, 0.004]"
4425,177.0,177.04,Liz,0.9987878203392029,Liz,[0.999],,[],,[],"[0.000, 0.002, 0.000, 0.000, 0.999, 0.000, 0.000, 0.004]"
4426,177.04,177.08,Liz,0.998752236366272,Liz,[0.999],,[],,[],"[0.000, 0.002, 0.000, 0.000, 0.999, 0.000, 0.000, 0.004]"
4427,177.08,177.12,Liz,0.9987356066703796,Liz,[0.999],,[],,[],"[0.000, 0.002, 0.000, 0.000, 0.999, 0.000, 0.000, 0.003]"
4428,177.12,177.16,Liz,0.9987301230430603,Liz,[0.999],,[],,[],"[0.000, 0.002, 0.000, 0.000, 0.999, 0.000, 0.000, 0.003]"
4429,177.16,177.2,Liz,0.9987279772758484,Liz,[0.999],,[],,[],"[0.000, 0.002, 0.000, 0.000, 0.999, 0.000, 0.000, 0.003]"
4430,177.2,177.24,Liz,0.9987226128578186,Liz,[0.999],,[],,[],"[0.000, 0.002, 0.000, 0.000, 0.999, 0.000, 0.000, 0.003]"
4431,177.24,177.28,Liz,0.9987074136734009,Liz,[0.999],,[],,[],"[0.000, 0.002, 0.000, 0.000, 0.999, 0.000, 0.000, 0.003]"
4432,177.28,177.32,Liz,0.9986746311187744,Liz,[0.999],,[],,[],"[0.000, 0.002, 0.000, 0.000, 0.999, 0.000, 0.000, 0.003]"
4433,177.32,177.36,Liz,0.9986149072647095,Liz,[0.999],,[],,[],"[0.000, 0.002, 0.000, 0.000, 0.999, 0.000, 0.000, 0.003]"
4434,177.36,177.4,Liz,0.9985195994377136,Liz,[0.999],,[],,[],"[0.000, 0.002, 0.000, 0.000, 0.999, 0.000, 0.000, 0.003]"
4435,177.4,177.44,Liz,0.998380184173584,Liz,[0.998],,[],,[],"[0.000, 0.002, 0.000, 0.000, 0.998, 0.000, 0.000, 0.004]"
4436,177.44,177.48,Liz,0.9981867671012878,Liz,[0.998],,[],,[],"[0.000, 0.002, 0.000, 0.000, 0.998, 0.000, 0.000, 0.004]"
4437,177.48,177.52,Liz,0.9979283809661865,Liz,[0.998],,[],,[],"[0.000, 0.001, 0.000, 0.000, 0.998, 0.000, 0.000, 0.004]"
4438,177.52,177.56,Liz,0.9975922107696533,Liz,[0.998],,[],,[],"[0.000, 0.001, 0.000, 0.000, 0.998, 0.000, 0.000, 0.005]"
4439,177.56,177.6,Liz,0.9971634745597839,Liz,[0.997],,[],,[],"[0.000, 0.001, 0.000, 0.000, 0.997, 0.000, 0.000, 0.005]"
4440,177.6,177.64,Liz,0.9966273903846741,Liz,[0.997],,[],,[],"[0.000, 0.001, 0.000, 0.000, 0.997, 0.000, 0.000, 0.006]"
4441,177.64,177.68,Liz,0.9959698915481567,Liz,[0.996],,[],,[],"[0.000, 0.000, 0.000, 0.000, 0.996, 0.000, 0.000, 0.006]"
4442,177.68,177.72,Liz,0.995179295539856,Liz,[0.995],,[],,[],"[0.000, 0.000, 0.000, 0.000, 0.995, 0.000, 0.000, 0.007]"
4443,177.72,177.76,Liz,0.994247555732727,Liz,[0.994],,[],,[],"[0.000, 0.000, 0.000, 0.000, 0.994, 0.000, 0.000, 0.008]"
4444,177.76,177.8,Liz,0.9931697845458984,Liz,[0.993],,[],,[],"[0.000, 0.000, 0.000, 0.000, 0.993, 0.000, 0.000, 0.009]"
4445,177.8,177.84,Liz,0.9919547438621521,Liz,[0.992],,[],,[],"[0.000, 0.000, 0.000, 0.000, 0.992, 0.000, 0.000, 0.010]"
4446,177.84,177.88,Liz,0.990659773349762,Liz,[0.991],,[],,[],"[0.000, 0.000, 0.000, 0.000, 0.991, 0.000, 0.000, 0.011]"
4447,177.88,177.92,Liz,0.9893789887428284,Liz,[0.989],,[],,[],"[0.000, 0.000, 0.000, 0.000, 0.989, 0.000, 0.000, 0.012]"
4448,177.92,177.96,Liz,0.9882369637489319,Liz,[0.988],,[],,[],"[0.000, 0.000, 0.000, 0.000, 0.988, 0.000, 0.000, 0.012]"
4449,177.96,178.0,Liz,0.9873738884925842,Liz,[0.987],,[],,[],"[0.000, 0.000, 0.000, 0.000, 0.987, 0.000, 0.000, 0.013]"
4450,178.0,178.04,Liz,0.9869356751441956,Liz,[0.987],,[],,[],"[0.000, 0.000, 0.000, 0.000, 0.987, 0.000, 0.000, 0.014]"
4451,178.04,178.08,Liz,0.9870243072509766,Liz,[0.987],,[],,[],"[0.000, 0.000, 0.000, 0.000, 0.987, 0.000, 0.000, 0.014]"
4452,178.08,178.12,Liz,0.9876683354377747,Liz,[0.988],,[],,[],"[0.000, 0.000, 0.000, 0.000, 0.988, 0.000, 0.000, 0.014]"
4453,178.12,178.16,Liz,0.9888319969177246,Liz,[0.989],,[],,[],"[0.000, 0.000, 0.000, 0.000, 0.989, 0.000, 0.000, 0.013]"
4454,178.16,178.2,Liz,0.9903813004493713,Liz,[0.990],,[],,[],"[0.000, 0.000, 0.000, 0.000, 0.990, 0.000, 0.000, 0.012]"
4455,178.2,178.24,Liz,0.9921287298202515,Liz,[0.992],,[],,[],"[0.000, 0.000, 0.000, 0.000, 0.992, 0.000, 0.000, 0.011]"
4456,178.24,178.28,Liz,0.9938809871673584,Liz,[0.994],,[],,[],"[0.000, 0.000, 0.000, 0.000, 0.994, 0.000, 0.000, 0.009]"
4457,178.28,178.32,Liz,0.9954765439033508,Liz,[0.995],,[],,[],"[0.000, 0.000, 0.000, 0.000, 0.995, 0.000, 0.000, 0.008]"
4458,178.32,178.36,Liz,0.9968127608299255,Liz,[0.997],,[],,[],"[0.000, 0.000, 0.000, 0.000, 0.997, 0.000, 0.000, 0.006]"
4459,178.36,178.4,Liz,0.9978516101837158,Liz,[0.998],,[],,[],"[0.000, 0.000, 0.000, 0.000, 0.998, 0.000, 0.000, 0.005]"
4460,178.4,178.44,Liz,0.9986057877540588,Liz,[0.999],,[],,[],"[0.000, 0.000, 0.000, 0.000, 0.999, 0.000, 0.000, 0.003]"
4461,178.44,178.48,Liz,0.9991236329078674,Liz,[0.999],,[],,[],"[0.000, 0.000, 0.000, 0.000, 0.999, 0.000, 0.000, 0.002]"
4462,178.48,178.52,Liz,0.999462902545929,Liz,[0.999],,[],,[],"[0.000, 0.000, 0.000, 0.000, 0.999, 0.000, 0.000, 0.002]"
4463,178.52,178.56,Liz,0.999677300453186,Liz,[1.000],,[],,[],"[0.000, 0.000, 0.000, 0.000, 1.000, 0.000, 0.000, 0.001]"
4464,178.56,178.6,Liz,0.9998082518577576,Liz,[1.000],,[],,[],"[0.000, 0.000, 0.000, 0.000, 1.000, 0.000, 0.000, 0.001]"
4465,178.6,178.64,Liz,0.9998863935470581,Liz,[1.000],,[],,[],"[0.000, 0.000, 0.000, 0.000, 1.000, 0.000, 0.000, 0.000]"
4466,178.64,178.68,Liz,0.9999324083328247,Liz,[1.000],,[],,[],"[0.000, 0.000, 0.000, 0.000, 1.000, 0.000, 0.000, 0.000]"
4467,178.68,178.72,Liz,0.9999593496322632,Liz,[1.000],,[],,[],"[0.000, 0.000, 0.000, 0.000, 1.000, 0.000, 0.000, 0.000]"
4468,178.72,178.76,Liz,0.9999750852584839,Liz,[1.000],,[],,[],"[0.000, 0.000, 0.000, 0.000, 1.000, 0.000, 0.000, 0.000]"
4469,178.76,178.8,Liz,0.9999843835830688,Liz,[1.000],,[],,[],"[0.000, 0.000, 0.000, 0.000, 1.000, 0.000, 0.000, 0.000]"
4470,178.8,178.84,Liz,0.9999899864196777,Liz,[1.000],,[],,[],"[0.000, 0.000, 0.000, 0.000, 1.000, 0.000, 0.000, 0.000]"
4471,178.84,178.88,Liz,0.9999933242797852,Liz,[1.000],,[],,[],"[0.000, 0.000, 0.000, 0.000, 1.000, 0.000, 0.000, 0.000]"
4472,178.88,178.92,Liz,0.9999953508377075,Liz,[1.000],,[],,[],"[0.000, 0.000, 0.000, 0.000, 1.000, 0.000, 0.000, 0.000]"
4473,178.92,178.96,Liz,0.9999966621398926,Liz,[1.000],,[],,[],"[0.000, 0.000, 0.000, 0.000, 1.000, 0.000, 0.000, 0.000]"
4474,178.96,179.0,Liz,0.9999974966049194,Liz,[1.000],,[],,[],"[0.000, 0.000, 0.000, 0.000, 1.000, 0.000, 0.000, 0.000]"
4475,179.0,179.04,Liz,0.9999979734420776,Liz,[1.000],,[],,[],"[0.000, 0.000, 0.000, 0.000, 1.000, 0.000, 0.000, 0.000]"
4476,179.04,179.08,Liz,0.9999983310699463,Liz,[1.000],,[],,[],"[0.000, 0.000, 0.000, 0.000, 1.000, 0.000, 0.000, 0.000]"
4477,179.08,179.12,Liz,0.9999985694885254,Liz,[1.000],,[],,[],"[0.000, 0.000, 0.000, 0.000, 1.000, 0.000, 0.000, 0.000]"
4478,179.12,179.16,Liz,0.9999986886978149,Liz,[1.000],,[],,[],"[0.000, 0.000, 0.000, 0.000, 1.000, 0.000, 0.000, 0.000]"
4479,179.16,179.2,Liz,0.9999988079071045,Liz,[1.000],,[],,[],"[0.000, 0.000, 0.000, 0.000, 1.000, 0.000, 0.000, 0.000]"
4480,179.2,179.24,Liz,0.9999988079071045,Liz,[1.000],,[],,[],"[0.000, 0.000, 0.000, 0.000, 1.000, 0.000, 0.000, 0.000]"
4481,179.24,179.28,Liz,0.9999988079071045,Liz,[1.000],,[],,[],"[0.000, 0.000, 0.000, 0.000, 1.000, 0.000, 0.000, 0.000]"
4482,179.28,179.32,Liz,0.9999988079071045,Liz,[1.000],,[],,[],"[0.000, 0.000, 0.000, 0.000, 1.000, 0.000, 0.000, 0.000]"
4483,179.32,179.36,Liz,0.9999986886978149,Liz,[1.000],,[],,[],"[0.000, 0.000, 0.000, 0.000, 1.000, 0.000, 0.000, 0.000]"
4484,179.36,179.4,Liz,0.9999985694885254,Liz,[1.000],,[],,[],"[0.000, 0.000, 0.000, 0.000, 1.000, 0.000, 0.000, 0.000]"
4485,179.4,179.44,Liz,0.9999983310699463,Liz,[1.000],,[],,[],"[0.000, 0.000, 0.000, 0.000, 1.000, 0.000, 0.000, 0.000]"
4486,179.44,179.48,Liz,0.9999980926513672,Liz,[1.000],,[],,[],"[0.000, 0.000, 0.000, 0.000, 1.000, 0.000, 0.000, 0.000]"
4487,179.48,179.52,Liz,0.999997615814209,Liz,[1.000],,[],,[],"[0.000, 0.000, 0.000, 0.000, 1.000, 0.000, 0.000, 0.000]"
4488,179.52,179.56,Liz,0.9999970197677612,Liz,[1.000],,[],,[],"[0.000, 0.000, 0.000, 0.000, 1.000, 0.000, 0.000, 0.000]"
4489,179.56,179.6,Liz,0.9999961853027344,Liz,[1.000],,[],,[],"[0.000, 0.000, 0.000, 0.000, 1.000, 0.000, 0.000, 0.000]"
4490,179.6,179.64,Liz,0.9999949932098389,Liz,[1.000],,[],,[],"[0.000, 0.000, 0.000, 0.000, 1.000, 0.000, 0.000, 0.000]"
4491,179.64,179.68,Liz,0.9999932050704956,Liz,[1.000],,[],,[],"[0.000, 0.000, 0.000, 0.000, 1.000, 0.000, 0.000, 0.000]"
4492,179.68,179.72,Liz,0.9999904632568359,Liz,[1.000],,[],,[],"[0.000, 0.000, 0.000, 0.000, 1.000, 0.000, 0.000, 0.000]"
4493,179.72,179.76,Liz,0.9999862909317017,Liz,[1.000],,[],,[],"[0.000, 0.000, 0.000, 0.000, 1.000, 0.000, 0.000, 0.000]"
4494,179.76,179.8,Liz,0.999980092048645,Liz,[1.000],,[],,[],"[0.000, 0.000, 0.000, 0.000, 1.000, 0.000, 0.000, 0.000]"
4495,179.8,179.84,Liz,0.9999706745147705,Liz,[1.000],,[],,[],"[0.000, 0.000, 0.000, 0.000, 1.000, 0.000, 0.000, 0.000]"
4496,179.84,179.88,Liz,0.9999561309814453,Liz,[1.000],,[],,[],"[0.000, 0.000, 0.000, 0.000, 1.000, 0.000, 0.000, 0.000]"
4497,179.88,179.92,Liz,0.9999334812164307,Liz,[1.000],,[],,[],"[0.000, 0.000, 0.000, 0.000, 1.000, 0.000, 0.000, 0.000]"
4498,179.92,179.96,Liz,0.999897837638855,Liz,[1.000],,[],,[],"[0.000, 0.000, 0.000, 0.000, 1.000, 0.000, 0.000, 0.000]"
4499,179.96,180.0,Liz,0.9998413324356079,Liz,[1.000],,[],,[],"[0.000, 0.000, 0.000, 0.000, 1.000, 0.000, 0.000, 0.000]"
4500,180.0,180.04,Liz,0.9997513890266418,Liz,[1.000],,[],,[],"[0.000, 0.000, 0.000, 0.000, 1.000, 0.000, 0.000, 0.000]"
4501,180.04,180.08,Liz,0.999607264995575,Liz,[1.000],,[],,[],"[0.000, 0.001, 0.000, 0.000, 1.000, 0.000, 0.000, 0.000]"
4502,180.08,180.12,Liz,0.9993755221366882,Liz,[0.999],,[],,[],"[0.000, 0.001, 0.000, 0.000, 0.999, 0.000, 0.000, 0.001]"
4503,180.12,180.16,Liz,0.9990000128746033,Liz,[0.999],,[],,[],"[0.000, 0.002, 0.000, 0.000, 0.999, 0.000, 0.000, 0.001]"
4504,180.16,180.2,Liz,0.9983880519866943,Liz,[0.998],,[],,[],"[0.000, 0.003, 0.000, 0.000, 0.998, 0.000, 0.000, 0.001]"
4505,180.2,180.24,Liz,0.9973888993263245,Liz,[0.997],,[],,[],"[0.000, 0.004, 0.000, 0.000, 0.997, 0.000, 0.000, 0.001]"
4506,180.24,180.28,Liz,0.9957596659660339,Liz,[0.996],,[],,[],"[0.000, 0.006, 0.000, 0.000, 0.996, 0.000, 0.000, 0.002]"
4507,180.28,180.32,Liz,0.9931094646453857,Liz,[0.993],,[],,[],"[0.000, 0.009, 0.000, 0.000, 0.993, 0.000, 0.000, 0.003]"
4508,180.32,180.36,Liz,0.9888302683830261,Liz,[0.989],,[],,[],"[0.000, 0.012, 0.000, 0.000, 0.989, 0.000, 0.000, 0.004]"
4509,180.36,180.4,Liz,0.9820042252540588,Liz,[0.982],,[],,[],"[0.001, 0.015, 0.001, 0.000, 0.982, 0.000, 0.000, 0.005]"
4510,180.4,180.44,Liz,0.9713473320007324,Liz,[0.971],,[],,[],"[0.001, 0.018, 0.001, 0.000, 0.971, 0.000, 0.000, 0.007]"
4511,180.44,180.48,Liz,0.9551540613174438,Liz,[0.955],,[],,[],"[0.001, 0.020, 0.001, 0.000, 0.955, 0.000, 0.000, 0.010]"
4512,180.48,180.52,Liz,0.9313357472419739,Liz,[0.931],,[],,[],"[0.001, 0.022, 0.001, 0.000, 0.931, 0.000, 0.001, 0.014]"
4513,180.52,180.56,Liz,0.8973674774169922,Liz,[0.897],,[],,[],"[0.001, 0.022, 0.001, 0.000, 0.897, 0.000, 0.001, 0.020]"
4514,180.56,180.6,Liz,0.8508793115615845,Liz,[0.851],,[],,[],"[0.001, 0.021, 0.001, 0.000, 0.851, 0.000, 0.001, 0.027]"
4515,180.6,180.64,Liz,0.7904557585716248,Liz,[0.790],,[],,[],"[0.001, 0.018, 0.001, 0.000, 0.790, 0.000, 0.001, 0.036]"
4516,180.64,180.68,Liz,0.7163911461830139,Liz,[0.716],,[],,[],"[0.000, 0.016, 0.001, 0.000, 0.716, 0.000, 0.001, 0.049]"
4517,180.68,180.72,Liz,0.6312477588653564,Liz,[0.631],,[],,[],"[0.000, 0.013, 0.001, 0.000, 0.631, 0.000, 0.001, 0.065]"
4518,180.72,180.76,Liz,0.5399393439292908,Liz,[0.540],,[],,[],"[0.000, 0.010, 0.001, 0.000, 0.540, 0.000, 0.001, 0.086]"
4519,180.76,180.8,silence,0.11284736543893814,,[],,[],,[],"[0.000, 0.007, 0.000, 0.000, 0.449, 0.000, 0.000, 0.113]"
4520,180.8,180.84,silence,0.14553764462471008,,[],,[],,[],"[0.000, 0.005, 0.000, 0.000, 0.366, 0.000, 0.000, 0.146]"
4521,180.84,180.88,silence,0.18452131748199463,,[],,[],,[],"[0.000, 0.003, 0.000, 0.000, 0.294, 0.000, 0.000, 0.185]"
4522,180.88,180.92,silence,0.22916202247142792,,[],,[],,[],"[0.000, 0.002, 0.000, 0.000, 0.237, 0.000, 0.000, 0.229]"
4523,180.92,180.96,silence,0.2781287431716919,,[],,[],,[],"[0.000, 0.001, 0.000, 0.000, 0.193, 0.000, 0.000, 0.278]"
4524,180.96,181.0,silence,0.32944250106811523,,[],,[],,[],"[0.000, 0.001, 0.000, 0.000, 0.161, 0.000, 0.000, 0.329]"
4525,181.0,181.04,silence,0.3805808126926422,,[],,[],,[],"[0.000, 0.000, 0.000, 0.000, 0.138, 0.000, 0.000, 0.381]"
4526,181.04,181.08,silence,0.42907923460006714,,[],,[],,[],"[0.000, 0.000, 0.000, 0.000, 0.123, 0.000, 0.000, 0.429]"
4527,181.08,181.12,silence,0.4726681411266327,,[],,[],,[],"[0.000, 0.000, 0.000, 0.000, 0.115, 0.000, 0.000, 0.473]"
4528,181.12,181.16,silence,0.5096054673194885,,[],,[],,[],"[0.000, 0.000, 0.000, 0.000, 0.112, 0.000, 0.000, 0.510]"
4529,181.16,181.2,silence,0.538938581943512,silence,[0.539],,[],,[],"[0.000, 0.000, 0.000, 0.000, 0.116, 0.000, 0.000, 0.539]"
4530,181.2,181.24,silence,0.5600583553314209,silence,[0.560],,[],,[],"[0.000, 0.000, 0.000, 0.000, 0.126, 0.000, 0.000, 0.560]"
4531,181.24,181.28,silence,0.5726028084754944,silence,[0.573],,[],,[],"[0.000, 0.000, 0.000, 0.000, 0.143, 0.000, 0.000, 0.573]"
4532,181.28,181.32,silence,0.5761004090309143,silence,[0.576],,[],,[],"[0.000, 0.000, 0.000, 0.000, 0.169, 0.000, 0.000, 0.576]"
4533,181.32,181.36,silence,0.570248544216156,silence,[0.570],,[],,[],"[0.000, 0.000, 0.000, 0.000, 0.208, 0.000, 0.000, 0.570]"
4534,181.36,181.4,silence,0.55459064245224,silence,[0.555],,[],,[],"[0.000, 0.000, 0.000, 0.000, 0.263, 0.000, 0.000, 0.555]"
4535,181.4,181.44,silence,0.5286669731140137,silence,[0.529],,[],,[],"[0.000, 0.000, 0.000, 0.000, 0.337, 0.000, 0.000, 0.529]"
4536,181.44,181.48,silence,0.49202781915664673,silence,[0.492],,[],,[],"[0.000, 0.000, 0.000, 0.000, 0.430, 0.000, 0.000, 0.492]"
4537,181.48,181.52,Liz,0.5381059646606445,Liz,[0.538],,[],,[],"[0.000, 0.000, 0.000, 0.000, 0.538, 0.000, 0.000, 0.445]"
4538,181.52,181.56,Liz,0.6513241529464722,Liz,[0.651],,[],,[],"[0.000, 0.000, 0.000, 0.000, 0.651, 0.000, 0.000, 0.388]"
4539,181.56,181.6,Liz,0.7559475898742676,Liz,[0.756],,[],,[],"[0.000, 0.000, 0.000, 0.000, 0.756, 0.000, 0.000, 0.325]"
4540,181.6,181.64,Liz,0.8411630392074585,Liz,[0.841],,[],,[],"[0.000, 0.000, 0.000, 0.000, 0.841, 0.000, 0.000, 0.260]"
4541,181.64,181.68,Liz,0.9028885960578918,Liz,[0.903],,[],,[],"[0.000, 0.000, 0.000, 0.000, 0.903, 0.000, 0.000, 0.197]"
4542,181.68,181.72,Liz,0.9434554576873779,Liz,[0.943],,[],,[],"[0.000, 0.000, 0.000, 0.000, 0.943, 0.000, 0.000, 0.142]"
4543,181.72,181.76,Liz,0.9681876301765442,Liz,[0.968],,[],,[],"[0.000, 0.000, 0.000, 0.000, 0.968, 0.000, 0.000, 0.098]"
4544,181.76,181.8,Liz,0.982448399066925,Liz,[0.982],,[],,[],"[0.000, 0.000, 0.000, 0.000, 0.982, 0.000, 0.000, 0.064]"
4545,181.8,181.84,Liz,0.990387499332428,Liz,[0.990],,[],,[],"[0.000, 0.000, 0.000, 0.000, 0.990, 0.000, 0.000, 0.041]"
4546,181.84,181.88,Liz,0.9947294592857361,Liz,[0.995],,[],,[],"[0.000, 0.000, 0.000, 0.000, 0.995, 0.000, 0.000, 0.025]"
4547,181.88,181.92,Liz,0.997088611125946,Liz,[0.997],,[],,[],"[0.000, 0.000, 0.000, 0.000, 0.997, 0.000, 0.000, 0.015]"
4548,181.92,181.96,Liz,0.9983705878257751,Liz,[0.998],,[],,[],"[0.000, 0.000, 0.000, 0.000, 0.998, 0.000, 0.000, 0.009]"
4549,181.96,182.0,Liz,0.9990710020065308,Liz,[0.999],,[],,[],"[0.000, 0.000, 0.000, 0.000, 0.999, 0.000, 0.000, 0.005]"
4550,182.0,182.04,Liz,0.9994568228721619,Liz,[0.999],,[],,[],"[0.000, 0.000, 0.000, 0.000, 0.999, 0.000, 0.000, 0.003]"
4551,182.04,182.08,Liz,0.9996724128723145,Liz,[1.000],,[],,[],"[0.000, 0.000, 0.000, 0.000, 1.000, 0.000, 0.000, 0.002]"
4552,182.08,182.12,Liz,0.9997952580451965,Liz,[1.000],,[],,[],"[0.000, 0.000, 0.000, 0.000, 1.000, 0.000, 0.000, 0.001]"
4553,182.12,182.16,Liz,0.9998666048049927,Liz,[1.000],,[],,[],"[0.000, 0.000, 0.000, 0.000, 1.000, 0.000, 0.000, 0.001]"
4554,182.16,182.2,Liz,0.9999092817306519,Liz,[1.000],,[],,[],"[0.000, 0.000, 0.000, 0.000, 1.000, 0.000, 0.000, 0.000]"
4555,182.2,182.24,Liz,0.9999353885650635,Liz,[1.000],,[],,[],"[0.000, 0.000, 0.000, 0.000, 1.000, 0.000, 0.000, 0.000]"
4556,182.24,182.28,Liz,0.9999517202377319,Liz,[1.000],,[],,[],"[0.000, 0.000, 0.000, 0.000, 1.000, 0.000, 0.000, 0.000]"
4557,182.28,182.32,Liz,0.9999620914459229,Liz,[1.000],,[],,[],"[0.000, 0.000, 0.000, 0.000, 1.000, 0.000, 0.000, 0.000]"
4558,182.32,182.36,Liz,0.9999686479568481,Liz,[1.000],,[],,[],"[0.000, 0.000, 0.000, 0.000, 1.000, 0.000, 0.000, 0.000]"
4559,182.36,182.4,Liz,0.9999727010726929,Liz,[1.000],,[],,[],"[0.000, 0.000, 0.000, 0.000, 1.000, 0.000, 0.000, 0.000]"
4560,182.4,182.44,Liz,0.9999749660491943,Liz,[1.000],,[],,[],"[0.000, 0.000, 0.000, 0.000, 1.000, 0.000, 0.000, 0.000]"
4561,182.44,182.48,Liz,0.9999758005142212,Liz,[1.000],,[],,[],"[0.000, 0.000, 0.000, 0.000, 1.000, 0.000, 0.000, 0.000]"
4562,182.48,182.52,Liz,0.9999754428863525,Liz,[1.000],,[],,[],"[0.000, 0.000, 0.000, 0.000, 1.000, 0.000, 0.000, 0.000]"
4563,182.52,182.56,Liz,0.9999740123748779,Liz,[1.000],,[],,[],"[0.000, 0.000, 0.000, 0.000, 1.000, 0.000, 0.000, 0.000]"
4564,182.56,182.6,Liz,0.9999713897705078,Liz,[1.000],,[],,[],"[0.000, 0.000, 0.000, 0.000, 1.000, 0.000, 0.000, 0.000]"
4565,182.6,182.64,Liz,0.9999674558639526,Liz,[1.000],,[],,[],"[0.000, 0.000, 0.000, 0.000, 1.000, 0.000, 0.000, 0.000]"
4566,182.64,182.68,Liz,0.9999618530273438,Liz,[1.000],,[],,[],"[0.000, 0.000, 0.000, 0.000, 1.000, 0.000, 0.000, 0.000]"
4567,182.68,182.72,Liz,0.9999547004699707,Liz,[1.000],,[],,[],"[0.000, 0.000, 0.000, 0.000, 1.000, 0.000, 0.000, 0.000]"
4568,182.72,182.76,Liz,0.9999455213546753,Liz,[1.000],,[],,[],"[0.000, 0.000, 0.000, 0.000, 1.000, 0.000, 0.000, 0.000]"
4569,182.76,182.8,Liz,0.999934196472168,Liz,[1.000],,[],,[],"[0.000, 0.001, 0.000, 0.000, 1.000, 0.000, 0.000, 0.000]"
4570,182.8,182.84,Liz,0.9999206066131592,Liz,[1.000],,[],,[],"[0.000, 0.001, 0.000, 0.000, 1.000, 0.000, 0.000, 0.000]"
4571,182.84,182.88,Liz,0.9999040365219116,Liz,[1.000],,[],,[],"[0.000, 0.001, 0.000, 0.000, 1.000, 0.000, 0.000, 0.000]"
4572,182.88,182.92,Liz,0.9998840093612671,Liz,[1.000],,[],,[],"[0.000, 0.002, 0.000, 0.000, 1.000, 0.000, 0.000, 0.000]"
4573,182.92,182.96,Liz,0.9998598098754883,Liz,[1.000],,[],,[],"[0.000, 0.002, 0.000, 0.000, 1.000, 0.000, 0.000, 0.000]"
4574,182.96,183.0,Liz,0.9998302459716797,Liz,[1.000],,[],,[],"[0.000, 0.003, 0.000, 0.000, 1.000, 0.000, 0.000, 0.000]"
4575,183.0,183.04,Liz,0.9997939467430115,Liz,[1.000],,[],,[],"[0.000, 0.004, 0.000, 0.000, 1.000, 0.000, 0.000, 0.000]"
4576,183.04,183.08,Liz,0.9997485280036926,Liz,[1.000],,[],,[],"[0.000, 0.005, 0.000, 0.000, 1.000, 0.000, 0.000, 0.000]"
4577,183.08,183.12,Liz,0.9996908903121948,Liz,[1.000],,[],,[],"[0.000, 0.007, 0.000, 0.000, 1.000, 0.000, 0.000, 0.000]"
4578,183.12,183.16,Liz,0.9996163845062256,Liz,[1.000],,[],,[],"[0.000, 0.008, 0.000, 0.000, 1.000, 0.000, 0.000, 0.000]"
4579,183.16,183.2,Liz,0.9995192289352417,Liz,[1.000],,[],,[],"[0.000, 0.009, 0.000, 0.000, 1.000, 0.000, 0.000, 0.000]"
4580,183.2,183.24,Liz,0.9993913173675537,Liz,[0.999],,[],,[],"[0.000, 0.011, 0.000, 0.000, 0.999, 0.000, 0.000, 0.000]"
4581,183.24,183.28,Liz,0.9992223978042603,Liz,[0.999],,[],,[],"[0.000, 0.013, 0.000, 0.000, 0.999, 0.000, 0.000, 0.000]"
4582,183.28,183.32,Liz,0.9990003705024719,Liz,[0.999],,[],,[],"[0.000, 0.014, 0.000, 0.000, 0.999, 0.000, 0.000, 0.000]"
4583,183.32,183.36,Liz,0.9987114667892456,Liz,[0.999],,[],,[],"[0.000, 0.015, 0.000, 0.000, 0.999, 0.000, 0.000, 0.000]"
4584,183.36,183.4,Liz,0.9983397722244263,Liz,[0.998],,[],,[],"[0.000, 0.016, 0.000, 0.000, 0.998, 0.000, 0.000, 0.001]"
4585,183.4,183.44,Liz,0.9978682994842529,Liz,[0.998],,[],,[],"[0.000, 0.017, 0.000, 0.000, 0.998, 0.000, 0.000, 0.001]"
4586,183.44,183.48,Liz,0.9972819089889526,Liz,[0.997],,[],,[],"[0.000, 0.017, 0.000, 0.000, 0.997, 0.000, 0.000, 0.001]"
4587,183.48,183.52,Liz,0.9965697526931763,Liz,[0.997],,[],,[],"[0.000, 0.017, 0.000, 0.000, 0.997, 0.000, 0.000, 0.001]"
4588,183.52,183.56,Liz,0.9957268238067627,Liz,[0.996],,[],,[],"[0.000, 0.016, 0.000, 0.000, 0.996, 0.000, 0.000, 0.001]"
4589,183.56,183.6,Liz,0.9947420358657837,Liz,[0.995],,[],,[],"[0.000, 0.015, 0.000, 0.000, 0.995, 0.000, 0.000, 0.002]"
4590,183.6,183.64,Liz,0.993602454662323,Liz,[0.994],,[],,[],"[0.000, 0.014, 0.000, 0.000, 0.994, 0.000, 0.000, 0.002]"
4591,183.64,183.68,Liz,0.9923098087310791,Liz,[0.992],,[],,[],"[0.000, 0.012, 0.000, 0.000, 0.992, 0.000, 0.000, 0.002]"
4592,183.68,183.72,Liz,0.9908786416053772,Liz,[0.991],,[],,[],"[0.000, 0.011, 0.000, 0.000, 0.991, 0.000, 0.000, 0.003]"
4593,183.72,183.76,Liz,0.9893561005592346,Liz,[0.989],,[],,[],"[0.000, 0.009, 0.000, 0.000, 0.989, 0.000, 0.000, 0.003]"
4594,183.76,183.8,Liz,0.9878450036048889,Liz,[0.988],,[],,[],"[0.000, 0.008, 0.000, 0.000, 0.988, 0.000, 0.000, 0.004]"
4595,183.8,183.84,Liz,0.9864699244499207,Liz,[0.986],,[],,[],"[0.000, 0.007, 0.000, 0.000, 0.986, 0.000, 0.000, 0.004]"
4596,183.84,183.88,Liz,0.9853427410125732,Liz,[0.985],,[],,[],"[0.000, 0.005, 0.000, 0.000, 0.985, 0.000, 0.000, 0.005]"
4597,183.88,183.92,Liz,0.9845597743988037,Liz,[0.985],,[],,[],"[0.000, 0.004, 0.000, 0.000, 0.985, 0.000, 0.000, 0.005]"
4598,183.92,183.96,Liz,0.9841905236244202,Liz,[0.984],,[],,[],"[0.000, 0.003, 0.000, 0.000, 0.984, 0.000, 0.000, 0.005]"
4599,183.96,184.0,Liz,0.9842624664306641,Liz,[0.984],,[],,[],"[0.000, 0.003, 0.000, 0.000, 0.984, 0.000, 0.000, 0.006]"
4600,184.0,184.04,Liz,0.9848015904426575,Liz,[0.985],,[],,[],"[0.000, 0.002, 0.000, 0.000, 0.985, 0.000, 0.000, 0.006]"
4601,184.04,184.08,Liz,0.9857924580574036,Liz,[0.986],,[],,[],"[0.000, 0.002, 0.000, 0.000, 0.986, 0.000, 0.000, 0.005]"
4602,184.08,184.12,Liz,0.9871904253959656,Liz,[0.987],,[],,[],"[0.000, 0.001, 0.000, 0.000, 0.987, 0.000, 0.000, 0.005]"
4603,184.12,184.16,Liz,0.9889045357704163,Liz,[0.989],,[],,[],"[0.000, 0.001, 0.000, 0.000, 0.989, 0.000, 0.000, 0.005]"
4604,184.16,184.2,Liz,0.9907852411270142,Liz,[0.991],,[],,[],"[0.000, 0.001, 0.000, 0.000, 0.991, 0.000, 0.000, 0.004]"
4605,184.2,184.24,Liz,0.9926647543907166,Liz,[0.993],,[],,[],"[0.000, 0.000, 0.000, 0.000, 0.993, 0.000, 0.000, 0.004]"
4606,184.24,184.28,Liz,0.9944067001342773,Liz,[0.994],,[],,[],"[0.000, 0.000, 0.000, 0.000, 0.994, 0.000, 0.000, 0.003]"
4607,184.28,184.32,Liz,0.9959228038787842,Liz,[0.996],,[],,[],"[0.000, 0.000, 0.000, 0.000, 0.996, 0.000, 0.000, 0.003]"
4608,184.32,184.36,Liz,0.9971651434898376,Liz,[0.997],,[],,[],"[0.000, 0.000, 0.000, 0.000, 0.997, 0.000, 0.000, 0.002]"
4609,184.36,184.4,Liz,0.9981231093406677,Liz,[0.998],,[],,[],"[0.000, 0.000, 0.000, 0.000, 0.998, 0.000, 0.000, 0.002]"
4610,184.4,184.44,Liz,0.9988162517547607,Liz,[0.999],,[],,[],"[0.000, 0.000, 0.000, 0.000, 0.999, 0.000, 0.000, 0.002]"
4611,184.44,184.48,Liz,0.9992871880531311,Liz,[0.999],,[],,[],"[0.000, 0.000, 0.000, 0.000, 0.999, 0.000, 0.000, 0.001]"
4612,184.48,184.52,Liz,0.9995895028114319,Liz,[1.000],,[],,[],"[0.000, 0.000, 0.000, 0.000, 1.000, 0.000, 0.000, 0.001]"
4613,184.52,184.56,Liz,0.9997736811637878,Liz,[1.000],,[],,[],"[0.000, 0.000, 0.000, 0.000, 1.000, 0.000, 0.000, 0.001]"
4614,184.56,184.6,Liz,0.9998800754547119,Liz,[1.000],,[],,[],"[0.000, 0.000, 0.000, 0.000, 1.000, 0.000, 0.000, 0.001]"
4615,184.6,184.64,Liz,0.9999386072158813,Liz,[1.000],,[],,[],"[0.000, 0.000, 0.000, 0.000, 1.000, 0.000, 0.000, 0.000]"
4616,184.64,184.68,Liz,0.9999693632125854,Liz,[1.000],,[],,[],"[0.000, 0.000, 0.000, 0.000, 1.000, 0.000, 0.000, 0.000]"
4617,184.68,184.72,Liz,0.9999850988388062,Liz,[1.000],,[],,[],"[0.000, 0.000, 0.000, 0.000, 1.000, 0.000, 0.000, 0.000]"
4618,184.72,184.76,Liz,0.999992847442627,Liz,[1.000],,[],,[],"[0.000, 0.000, 0.000, 0.000, 1.000, 0.000, 0.000, 0.000]"
4619,184.76,184.8,Liz,0.999996542930603,Liz,[1.000],,[],,[],"[0.000, 0.000, 0.000, 0.000, 1.000, 0.000, 0.000, 0.000]"
4620,184.8,184.84,Liz,0.9999983310699463,Liz,[1.000],,[],,[],"[0.000, 0.000, 0.000, 0.000, 1.000, 0.000, 0.000, 0.000]"
4621,184.84,184.88,Liz,0.9999992847442627,Liz,[1.000],,[],,[],"[0.000, 0.000, 0.000, 0.000, 1.000, 0.000, 0.000, 0.000]"
4622,184.88,184.92,Liz,0.9999996423721313,Liz,[1.000],,[],,[],"[0.000, 0.000, 0.000, 0.000, 1.000, 0.000, 0.000, 0.000]"
4623,184.92,184.96,Liz,0.9999998807907104,Liz,[1.000],,[],,[],"[0.000, 0.000, 0.000, 0.000, 1.000, 0.000, 0.000, 0.000]"
4624,184.96,185.0,Liz,0.9999998807907104,Liz,[1.000],,[],,[],"[0.000, 0.000, 0.000, 0.000, 1.000, 0.000, 0.000, 0.000]"
4625,185.0,185.04,Liz,1.0,Liz,[1.000],,[],,[],"[0.000, 0.000, 0.000, 0.000, 1.000, 0.000, 0.000, 0.000]"
4626,185.04,185.08,Liz,1.0,Liz,[1.000],,[],,[],"[0.000, 0.000, 0.000, 0.000, 1.000, 0.000, 0.000, 0.000]"
4627,185.08,185.12,Liz,1.0,Liz,[1.000],,[],,[],"[0.000, 0.000, 0.000, 0.000, 1.000, 0.000, 0.000, 0.000]"
4628,185.12,185.16,Liz,1.0,Liz,[1.000],,[],,[],"[0.000, 0.000, 0.000, 0.000, 1.000, 0.000, 0.000, 0.000]"
4629,185.16,185.2,Liz,1.0,Liz,[1.000],,[],,[],"[0.000, 0.000, 0.000, 0.000, 1.000, 0.000, 0.000, 0.000]"
4630,185.2,185.24,Liz,1.0,Liz,[1.000],,[],,[],"[0.000, 0.000, 0.000, 0.000, 1.000, 0.000, 0.000, 0.000]"
4631,185.24,185.28,Liz,1.0,Liz,[1.000],,[],,[],"[0.000, 0.000, 0.000, 0.000, 1.000, 0.000, 0.000, 0.000]"
4632,185.28,185.32,Liz,1.0,Liz,[1.000],,[],,[],"[0.000, 0.000, 0.000, 0.000, 1.000, 0.000, 0.000, 0.000]"
4633,185.32,185.36,Liz,1.0,Liz,[1.000],,[],,[],"[0.000, 0.000, 0.000, 0.000, 1.000, 0.000, 0.000, 0.000]"
4634,185.36,185.4,Liz,1.0,Liz,[1.000],,[],,[],"[0.000, 0.000, 0.000, 0.000, 1.000, 0.000, 0.000, 0.000]"
4635,185.4,185.44,Liz,1.0,Liz,[1.000],,[],,[],"[0.000, 0.000, 0.000, 0.000, 1.000, 0.000, 0.000, 0.000]"
4636,185.44,185.48,Liz,1.0,Liz,[1.000],,[],,[],"[0.000, 0.000, 0.000, 0.000, 1.000, 0.000, 0.000, 0.000]"
4637,185.48,185.52,Liz,1.0,Liz,[1.000],,[],,[],"[0.000, 0.000, 0.000, 0.000, 1.000, 0.000, 0.000, 0.000]"
4638,185.52,185.56,Liz,1.0,Liz,[1.000],,[],,[],"[0.000, 0.000, 0.000, 0.000, 1.000, 0.000, 0.000, 0.000]"
4639,185.56,185.6,Liz,1.0,Liz,[1.000],,[],,[],"[0.000, 0.000, 0.000, 0.000, 1.000, 0.000, 0.000, 0.000]"
4640,185.6,185.64,Liz,1.0,Liz,[1.000],,[],,[],"[0.000, 0.000, 0.000, 0.000, 1.000, 0.000, 0.000, 0.000]"
4641,185.64,185.68,Liz,1.0,Liz,[1.000],,[],,[],"[0.000, 0.000, 0.000, 0.000, 1.000, 0.000, 0.000, 0.000]"
4642,185.68,185.72,Liz,1.0,Liz,[1.000],,[],,[],"[0.000, 0.000, 0.000, 0.000, 1.000, 0.000, 0.000, 0.000]"
4643,185.72,185.76,Liz,1.0,Liz,[1.000],,[],,[],"[0.000, 0.000, 0.000, 0.000, 1.000, 0.000, 0.000, 0.000]"
4644,185.76,185.8,Liz,1.0,Liz,[1.000],,[],,[],"[0.000, 0.000, 0.000, 0.000, 1.000, 0.000, 0.000, 0.000]"
4645,185.8,185.84,Liz,1.0,Liz,[1.000],,[],,[],"[0.000, 0.000, 0.000, 0.000, 1.000, 0.000, 0.000, 0.000]"
4646,185.84,185.88,Liz,1.0,Liz,[1.000],,[],,[],"[0.000, 0.000, 0.000, 0.000, 1.000, 0.000, 0.000, 0.000]"
4647,185.88,185.92,Liz,1.0,Liz,[1.000],,[],,[],"[0.000, 0.000, 0.000, 0.000, 1.000, 0.000, 0.000, 0.000]"
4648,185.92,185.96,Liz,1.0,Liz,[1.000],,[],,[],"[0.000, 0.000, 0.000, 0.000, 1.000, 0.000, 0.000, 0.000]"
4649,185.96,186.0,Liz,1.0,Liz,[1.000],,[],,[],"[0.000, 0.000, 0.000, 0.000, 1.000, 0.000, 0.000, 0.000]"
4650,186.0,186.04,Liz,1.0,Liz,[1.000],,[],,[],"[0.000, 0.000, 0.000, 0.000, 1.000, 0.000, 0.000, 0.000]"
4651,186.04,186.08,Liz,1.0,Liz,[1.000],,[],,[],"[0.000, 0.000, 0.000, 0.000, 1.000, 0.000, 0.000, 0.000]"
4652,186.08,186.12,Liz,1.0,Liz,[1.000],,[],,[],"[0.000, 0.000, 0.000, 0.000, 1.000, 0.000, 0.000, 0.000]"
4653,186.12,186.16,Liz,1.0,Liz,[1.000],,[],,[],"[0.000, 0.000, 0.000, 0.000, 1.000, 0.000, 0.000, 0.000]"
4654,186.16,186.2,Liz,1.0,Liz,[1.000],,[],,[],"[0.000, 0.000, 0.000, 0.000, 1.000, 0.000, 0.000, 0.000]"
4655,186.2,186.24,Liz,1.0,Liz,[1.000],,[],,[],"[0.000, 0.000, 0.000, 0.000, 1.000, 0.000, 0.000, 0.000]"
4656,186.24,186.28,Liz,1.0,Liz,[1.000],,[],,[],"[0.000, 0.000, 0.000, 0.000, 1.000, 0.000, 0.000, 0.000]"
4657,186.28,186.32,Liz,1.0,Liz,[1.000],,[],,[],"[0.000, 0.000, 0.000, 0.000, 1.000, 0.000, 0.000, 0.000]"
4658,186.32,186.36,Liz,1.0,Liz,[1.000],,[],,[],"[0.000, 0.000, 0.000, 0.000, 1.000, 0.000, 0.000, 0.000]"
4659,186.36,186.4,Liz,1.0,Liz,[1.000],,[],,[],"[0.000, 0.000, 0.000, 0.000, 1.000, 0.000, 0.000, 0.000]"
4660,186.4,186.44,Liz,1.0,Liz,[1.000],,[],,[],"[0.000, 0.000, 0.000, 0.000, 1.000, 0.000, 0.000, 0.000]"
4661,186.44,186.48,Liz,1.0,Liz,[1.000],,[],,[],"[0.000, 0.000, 0.000, 0.000, 1.000, 0.000, 0.000, 0.000]"
4662,186.48,186.52,Liz,0.9999998807907104,Liz,[1.000],,[],,[],"[0.000, 0.000, 0.000, 0.000, 1.000, 0.000, 0.000, 0.000]"
4663,186.52,186.56,Liz,0.9999998807907104,Liz,[1.000],,[],,[],"[0.000, 0.000, 0.000, 0.000, 1.000, 0.000, 0.000, 0.000]"
4664,186.56,186.6,Liz,0.9999997615814209,Liz,[1.000],,[],,[],"[0.000, 0.000, 0.000, 0.000, 1.000, 0.000, 0.000, 0.000]"
4665,186.6,186.64,Liz,0.9999996423721313,Liz,[1.000],,[],,[],"[0.000, 0.000, 0.000, 0.000, 1.000, 0.000, 0.000, 0.000]"
4666,186.64,186.68,Liz,0.9999994039535522,Liz,[1.000],,[],,[],"[0.000, 0.000, 0.000, 0.000, 1.000, 0.000, 0.000, 0.000]"
4667,186.68,186.72,Liz,0.9999990463256836,Liz,[1.000],,[],,[],"[0.000, 0.000, 0.000, 0.000, 1.000, 0.000, 0.000, 0.000]"
4668,186.72,186.76,Liz,0.9999984502792358,Liz,[1.000],,[],,[],"[0.000, 0.000, 0.000, 0.000, 1.000, 0.000, 0.000, 0.000]"
4669,186.76,186.8,Liz,0.9999973773956299,Liz,[1.000],,[],,[],"[0.000, 0.000, 0.000, 0.000, 1.000, 0.000, 0.000, 0.000]"
4670,186.8,186.84,Liz,0.9999958276748657,Liz,[1.000],,[],,[],"[0.000, 0.000, 0.000, 0.000, 1.000, 0.000, 0.000, 0.000]"
4671,186.84,186.88,Liz,0.9999935626983643,Liz,[1.000],,[],,[],"[0.000, 0.000, 0.000, 0.000, 1.000, 0.000, 0.000, 0.000]"
4672,186.88,186.92,Liz,0.9999903440475464,Liz,[1.000],,[],,[],"[0.000, 0.000, 0.000, 0.000, 1.000, 0.000, 0.000, 0.000]"
4673,186.92,186.96,Liz,0.9999855756759644,Liz,[1.000],,[],,[],"[0.000, 0.000, 0.000, 0.000, 1.000, 0.000, 0.000, 0.000]"
4674,186.96,187.0,Liz,0.9999791383743286,Liz,[1.000],,[],,[],"[0.000, 0.000, 0.000, 0.000, 1.000, 0.000, 0.000, 0.000]"
4675,187.0,187.04,Liz,0.9999704360961914,Liz,[1.000],,[],,[],"[0.000, 0.000, 0.000, 0.000, 1.000, 0.000, 0.000, 0.000]"
4676,187.04,187.08,Liz,0.9999591112136841,Liz,[1.000],,[],,[],"[0.000, 0.000, 0.000, 0.000, 1.000, 0.000, 0.000, 0.000]"
4677,187.08,187.12,Liz,0.9999446868896484,Liz,[1.000],,[],,[],"[0.000, 0.000, 0.000, 0.000, 1.000, 0.000, 0.000, 0.000]"
4678,187.12,187.16,Liz,0.9999271631240845,Liz,[1.000],,[],,[],"[0.000, 0.000, 0.000, 0.000, 1.000, 0.000, 0.000, 0.000]"
4679,187.16,187.2,Liz,0.9999063014984131,Liz,[1.000],,[],,[],"[0.000, 0.000, 0.000, 0.000, 1.000, 0.000, 0.000, 0.000]"
4680,187.2,187.24,Liz,0.9998825788497925,Liz,[1.000],,[],,[],"[0.000, 0.000, 0.000, 0.000, 1.000, 0.000, 0.000, 0.000]"
4681,187.24,187.28,Liz,0.9998563528060913,Liz,[1.000],,[],,[],"[0.000, 0.000, 0.000, 0.000, 1.000, 0.000, 0.000, 0.000]"
4682,187.28,187.32,Liz,0.9998282194137573,Liz,[1.000],,[],,[],"[0.000, 0.000, 0.000, 0.000, 1.000, 0.000, 0.000, 0.000]"
4683,187.32,187.36,Liz,0.999798595905304,Liz,[1.000],,[],,[],"[0.000, 0.000, 0.000, 0.000, 1.000, 0.000, 0.000, 0.000]"
4684,187.36,187.4,Liz,0.9997687935829163,Liz,[1.000],,[],,[],"[0.000, 0.000, 0.000, 0.000, 1.000, 0.000, 0.000, 0.000]"
4685,187.4,187.44,Liz,0.9997403025627136,Liz,[1.000],,[],,[],"[0.000, 0.000, 0.000, 0.000, 1.000, 0.000, 0.000, 0.000]"
4686,187.44,187.48,Liz,0.9997143149375916,Liz,[1.000],,[],,[],"[0.000, 0.000, 0.000, 0.000, 1.000, 0.000, 0.000, 0.000]"
4687,187.48,187.52,Liz,0.9996917247772217,Liz,[1.000],,[],,[],"[0.000, 0.000, 0.000, 0.000, 1.000, 0.000, 0.000, 0.000]"
4688,187.52,187.56,Liz,0.9996728897094727,Liz,[1.000],,[],,[],"[0.000, 0.000, 0.000, 0.000, 1.000, 0.000, 0.001, 0.000]"
4689,187.56,187.6,Liz,0.9996579885482788,Liz,[1.000],,[],,[],"[0.000, 0.000, 0.000, 0.000, 1.000, 0.000, 0.001, 0.000]"
4690,187.6,187.64,Liz,0.9996464252471924,Liz,[1.000],,[],,[],"[0.000, 0.000, 0.000, 0.000, 1.000, 0.000, 0.001, 0.000]"
4691,187.64,187.68,Liz,0.9996377229690552,Liz,[1.000],,[],,[],"[0.000, 0.000, 0.000, 0.000, 1.000, 0.000, 0.001, 0.000]"
4692,187.68,187.72,Liz,0.9996306896209717,Liz,[1.000],,[],,[],"[0.000, 0.000, 0.000, 0.000, 1.000, 0.000, 0.002, 0.000]"
4693,187.72,187.76,Liz,0.9996247291564941,Liz,[1.000],,[],,[],"[0.000, 0.000, 0.000, 0.000, 1.000, 0.000, 0.002, 0.000]"
4694,187.76,187.8,Liz,0.9996191263198853,Liz,[1.000],,[],,[],"[0.000, 0.000, 0.000, 0.000, 1.000, 0.000, 0.002, 0.000]"
4695,187.8,187.84,Liz,0.9996141195297241,Liz,[1.000],,[],,[],"[0.000, 0.000, 0.000, 0.000, 1.000, 0.000, 0.002, 0.000]"
4696,187.84,187.88,Liz,0.9996106028556824,Liz,[1.000],,[],,[],"[0.000, 0.000, 0.000, 0.000, 1.000, 0.000, 0.003, 0.000]"
4697,187.88,187.92,Liz,0.9996090531349182,Liz,[1.000],,[],,[],"[0.000, 0.000, 0.000, 0.000, 1.000, 0.000, 0.003, 0.000]"
4698,187.92,187.96,Liz,0.9996102452278137,Liz,[1.000],,[],,[],"[0.000, 0.000, 0.000, 0.000, 1.000, 0.000, 0.003, 0.000]"
4699,187.96,188.0,Liz,0.9996141195297241,Liz,[1.000],,[],,[],"[0.000, 0.000, 0.000, 0.000, 1.000, 0.000, 0.003, 0.000]"
4700,188.0,188.04,Liz,0.9996213912963867,Liz,[1.000],,[],,[],"[0.000, 0.000, 0.000, 0.000, 1.000, 0.000, 0.003, 0.000]"
4701,188.04,188.08,Liz,0.9996318817138672,Liz,[1.000],,[],,[],"[0.000, 0.000, 0.000, 0.000, 1.000, 0.000, 0.004, 0.000]"
4702,188.08,188.12,Liz,0.999645471572876,Liz,[1.000],,[],,[],"[0.000, 0.000, 0.000, 0.000, 1.000, 0.000, 0.004, 0.000]"
4703,188.12,188.16,Liz,0.9996615648269653,Liz,[1.000],,[],,[],"[0.000, 0.000, 0.000, 0.000, 1.000, 0.000, 0.004, 0.000]"
4704,188.16,188.2,Liz,0.9996790885925293,Liz,[1.000],,[],,[],"[0.000, 0.000, 0.000, 0.000, 1.000, 0.000, 0.004, 0.000]"
4705,188.2,188.24,Liz,0.9996973276138306,Liz,[1.000],,[],,[],"[0.000, 0.000, 0.000, 0.000, 1.000, 0.000, 0.004, 0.000]"
4706,188.24,188.28,Liz,0.9997153878211975,Liz,[1.000],,[],,[],"[0.000, 0.000, 0.000, 0.000, 1.000, 0.000, 0.004, 0.000]"
4707,188.28,188.32,Liz,0.999733030796051,Liz,[1.000],,[],,[],"[0.000, 0.000, 0.000, 0.000, 1.000, 0.000, 0.005, 0.000]"
4708,188.32,188.36,Liz,0.999749481678009,Liz,[1.000],,[],,[],"[0.000, 0.000, 0.000, 0.000, 1.000, 0.000, 0.005, 0.000]"
4709,188.36,188.4,Liz,0.9997640252113342,Liz,[1.000],,[],,[],"[0.000, 0.000, 0.000, 0.000, 1.000, 0.000, 0.005, 0.000]"
4710,188.4,188.44,Liz,0.9997761845588684,Liz,[1.000],,[],,[],"[0.000, 0.000, 0.000, 0.000, 1.000, 0.000, 0.006, 0.000]"
4711,188.44,188.48,Liz,0.9997854828834534,Liz,[1.000],,[],,[],"[0.000, 0.000, 0.000, 0.000, 1.000, 0.000, 0.006, 0.000]"
4712,188.48,188.52,Liz,0.9997915625572205,Liz,[1.000],,[],,[],"[0.000, 0.000, 0.000, 0.000, 1.000, 0.000, 0.007, 0.000]"
4713,188.52,188.56,Liz,0.9997945427894592,Liz,[1.000],,[],,[],"[0.000, 0.000, 0.000, 0.000, 1.000, 0.000, 0.008, 0.000]"
4714,188.56,188.6,Liz,0.999794065952301,Liz,[1.000],,[],,[],"[0.000, 0.000, 0.000, 0.000, 1.000, 0.000, 0.009, 0.000]"
4715,188.6,188.64,Liz,0.9997901320457458,Liz,[1.000],,[],,[],"[0.000, 0.000, 0.000, 0.000, 1.000, 0.000, 0.010, 0.000]"
4716,188.64,188.68,Liz,0.9997820258140564,Liz,[1.000],,[],,[],"[0.000, 0.000, 0.000, 0.000, 1.000, 0.000, 0.011, 0.000]"
4717,188.68,188.72,Liz,0.9997690320014954,Liz,[1.000],,[],,[],"[0.000, 0.000, 0.000, 0.000, 1.000, 0.000, 0.012, 0.000]"
4718,188.72,188.76,Liz,0.9997504353523254,Liz,[1.000],,[],,[],"[0.000, 0.001, 0.000, 0.000, 1.000, 0.000, 0.013, 0.000]"
4719,188.76,188.8,Liz,0.9997251629829407,Liz,[1.000],,[],,[],"[0.000, 0.001, 0.000, 0.000, 1.000, 0.000, 0.014, 0.000]"
4720,188.8,188.84,Liz,0.9996917247772217,Liz,[1.000],,[],,[],"[0.000, 0.001, 0.000, 0.000, 1.000, 0.000, 0.015, 0.000]"
4721,188.84,188.88,Liz,0.9996483325958252,Liz,[1.000],,[],,[],"[0.000, 0.002, 0.000, 0.000, 1.000, 0.000, 0.016, 0.000]"
4722,188.88,188.92,Liz,0.9995929598808289,Liz,[1.000],,[],,[],"[0.000, 0.003, 0.000, 0.000, 1.000, 0.000, 0.017, 0.000]"
4723,188.92,188.96,Liz,0.9995232820510864,Liz,[1.000],,[],,[],"[0.000, 0.004, 0.000, 0.000, 1.000, 0.000, 0.018, 0.000]"
4724,188.96,189.0,Liz,0.9994364380836487,Liz,[0.999],,[],,[],"[0.000, 0.006, 0.000, 0.000, 0.999, 0.000, 0.019, 0.000]"
4725,189.0,189.04,Liz,0.9993295669555664,Liz,[0.999],,[],,[],"[0.000, 0.008, 0.000, 0.000, 0.999, 0.000, 0.019, 0.000]"
4726,189.04,189.08,Liz,0.9991984963417053,Liz,[0.999],,[],,[],"[0.000, 0.012, 0.000, 0.000, 0.999, 0.000, 0.019, 0.000]"
4727,189.08,189.12,Liz,0.9990386962890625,Liz,[0.999],,[],,[],"[0.000, 0.017, 0.000, 0.000, 0.999, 0.000, 0.019, 0.000]"
4728,189.12,189.16,Liz,0.9988448619842529,Liz,[0.999],,[],,[],"[0.000, 0.023, 0.000, 0.000, 0.999, 0.000, 0.018, 0.000]"
4729,189.16,189.2,Liz,0.9986128807067871,Liz,[0.999],,[],,[],"[0.000, 0.032, 0.000, 0.000, 0.999, 0.000, 0.017, 0.000]"
4730,189.2,189.24,Liz,0.9983388185501099,Liz,[0.998],,[],,[],"[0.000, 0.041, 0.000, 0.000, 0.998, 0.001, 0.016, 0.000]"
4731,189.24,189.28,Liz,0.9980200529098511,Liz,[0.998],,[],,[],"[0.000, 0.053, 0.000, 0.000, 0.998, 0.001, 0.014, 0.000]"
4732,189.28,189.32,Liz,0.9976553916931152,Liz,[0.998],,[],,[],"[0.000, 0.065, 0.000, 0.000, 0.998, 0.001, 0.013, 0.000]"
4733,189.32,189.36,Liz,0.9972479939460754,Liz,[0.997],,[],,[],"[0.000, 0.078, 0.000, 0.000, 0.997, 0.001, 0.011, 0.000]"
4734,189.36,189.4,Liz,0.9968042373657227,Liz,[0.997],,[],,[],"[0.000, 0.090, 0.000, 0.000, 0.997, 0.001, 0.010, 0.000]"
4735,189.4,189.44,Liz,0.9963274598121643,Liz,[0.996],,[],,[],"[0.000, 0.100, 0.000, 0.000, 0.996, 0.001, 0.008, 0.000]"
4736,189.44,189.48,Liz,0.9958251714706421,Liz,[0.996],,[],,[],"[0.000, 0.108, 0.000, 0.000, 0.996, 0.001, 0.007, 0.000]"
4737,189.48,189.52,Liz,0.9953072667121887,Liz,[0.995],,[],,[],"[0.000, 0.113, 0.000, 0.000, 0.995, 0.001, 0.006, 0.000]"
4738,189.52,189.56,Liz,0.9947896003723145,Liz,[0.995],,[],,[],"[0.000, 0.115, 0.000, 0.000, 0.995, 0.000, 0.005, 0.000]"
4739,189.56,189.6,Liz,0.9942933320999146,Liz,[0.994],,[],,[],"[0.000, 0.113, 0.000, 0.000, 0.994, 0.000, 0.004, 0.000]"
4740,189.6,189.64,Liz,0.9938341379165649,Liz,[0.994],,[],,[],"[0.000, 0.110, 0.000, 0.000, 0.994, 0.000, 0.004, 0.000]"
4741,189.64,189.68,Liz,0.9934199452400208,Liz,[0.993],,[],,[],"[0.000, 0.104, 0.000, 0.000, 0.993, 0.000, 0.003, 0.000]"
4742,189.68,189.72,Liz,0.993057131767273,Liz,[0.993],,[],,[],"[0.000, 0.096, 0.000, 0.000, 0.993, 0.000, 0.003, 0.000]"
4743,189.72,189.76,Liz,0.9927449226379395,Liz,[0.993],,[],,[],"[0.000, 0.089, 0.000, 0.000, 0.993, 0.000, 0.002, 0.000]"
4744,189.76,189.8,Liz,0.9924834370613098,Liz,[0.992],,[],,[],"[0.000, 0.080, 0.000, 0.000, 0.992, 0.000, 0.002, 0.000]"
4745,189.8,189.84,Liz,0.9922754168510437,Liz,[0.992],,[],,[],"[0.000, 0.072, 0.000, 0.000, 0.992, 0.000, 0.001, 0.000]"
4746,189.84,189.88,Liz,0.9921180605888367,Liz,[0.992],,[],,[],"[0.000, 0.065, 0.000, 0.000, 0.992, 0.000, 0.001, 0.000]"
4747,189.88,189.92,Liz,0.9920082092285156,Liz,[0.992],,[],,[],"[0.000, 0.058, 0.000, 0.000, 0.992, 0.000, 0.001, 0.000]"
4748,189.92,189.96,Liz,0.9919420480728149,Liz,[0.992],,[],,[],"[0.000, 0.051, 0.000, 0.000, 0.992, 0.000, 0.001, 0.000]"
4749,189.96,190.0,Liz,0.9919094443321228,Liz,[0.992],,[],,[],"[0.001, 0.046, 0.000, 0.000, 0.992, 0.000, 0.001, 0.000]"
4750,190.0,190.04,Liz,0.9918972253799438,Liz,[0.992],,[],,[],"[0.001, 0.041, 0.000, 0.000, 0.992, 0.000, 0.001, 0.000]"
4751,190.04,190.08,Liz,0.9919008016586304,Liz,[0.992],,[],,[],"[0.001, 0.037, 0.000, 0.000, 0.992, 0.000, 0.000, 0.000]"
4752,190.08,190.12,Liz,0.9919192790985107,Liz,[0.992],,[],,[],"[0.001, 0.033, 0.000, 0.000, 0.992, 0.000, 0.000, 0.000]"
4753,190.12,190.16,Liz,0.9919494390487671,Liz,[0.992],,[],,[],"[0.001, 0.030, 0.000, 0.000, 0.992, 0.000, 0.000, 0.000]"
4754,190.16,190.2,Liz,0.9919841885566711,Liz,[0.992],,[],,[],"[0.001, 0.028, 0.000, 0.000, 0.992, 0.000, 0.000, 0.000]"
4755,190.2,190.24,Liz,0.9920124411582947,Liz,[0.992],,[],,[],"[0.001, 0.026, 0.000, 0.000, 0.992, 0.000, 0.000, 0.000]"
4756,190.24,190.28,Liz,0.9920278191566467,Liz,[0.992],,[],,[],"[0.001, 0.025, 0.000, 0.000, 0.992, 0.001, 0.000, 0.000]"
4757,190.28,190.32,Liz,0.9920221567153931,Liz,[0.992],,[],,[],"[0.001, 0.024, 0.000, 0.000, 0.992, 0.001, 0.000, 0.000]"
4758,190.32,190.36,Liz,0.9919869899749756,Liz,[0.992],,[],,[],"[0.001, 0.024, 0.000, 0.000, 0.992, 0.001, 0.000, 0.000]"
4759,190.36,190.4,Liz,0.9919135570526123,Liz,[0.992],,[],,[],"[0.001, 0.024, 0.000, 0.000, 0.992, 0.001, 0.000, 0.000]"
4760,190.4,190.44,Liz,0.9917912483215332,Liz,[0.992],,[],,[],"[0.001, 0.024, 0.000, 0.000, 0.992, 0.001, 0.000, 0.000]"
4761,190.44,190.48,Liz,0.9916108250617981,Liz,[0.992],,[],,[],"[0.001, 0.024, 0.000, 0.000, 0.992, 0.001, 0.000, 0.000]"
4762,190.48,190.52,Liz,0.9913718700408936,Liz,[0.991],,[],,[],"[0.001, 0.025, 0.000, 0.000, 0.991, 0.001, 0.000, 0.000]"
4763,190.52,190.56,Liz,0.9910804629325867,Liz,[0.991],,[],,[],"[0.001, 0.026, 0.000, 0.000, 0.991, 0.001, 0.000, 0.000]"
4764,190.56,190.6,Liz,0.9907402992248535,Liz,[0.991],,[],,[],"[0.001, 0.028, 0.000, 0.000, 0.991, 0.002, 0.000, 0.000]"
4765,190.6,190.64,Liz,0.9903554916381836,Liz,[0.990],,[],,[],"[0.001, 0.030, 0.000, 0.000, 0.990, 0.002, 0.000, 0.000]"
4766,190.64,190.68,Liz,0.9899402260780334,Liz,[0.990],,[],,[],"[0.001, 0.032, 0.000, 0.000, 0.990, 0.002, 0.000, 0.000]"
4767,190.68,190.72,Liz,0.9895162582397461,Liz,[0.990],,[],,[],"[0.001, 0.035, 0.000, 0.000, 0.990, 0.002, 0.000, 0.000]"
4768,190.72,190.76,Liz,0.9890990257263184,Liz,[0.989],,[],,[],"[0.001, 0.037, 0.000, 0.001, 0.989, 0.002, 0.000, 0.000]"
4769,190.76,190.8,Liz,0.9887064695358276,Liz,[0.989],,[],,[],"[0.001, 0.040, 0.000, 0.001, 0.989, 0.002, 0.000, 0.001]"
4770,190.8,190.84,Liz,0.98835688829422,Liz,[0.988],,[],,[],"[0.001, 0.043, 0.000, 0.001, 0.988, 0.002, 0.000, 0.001]"
4771,190.84,190.88,Liz,0.9880619049072266,Liz,[0.988],,[],,[],"[0.001, 0.046, 0.000, 0.001, 0.988, 0.002, 0.000, 0.001]"
4772,190.88,190.92,Liz,0.9878442287445068,Liz,[0.988],,[],,[],"[0.001, 0.048, 0.000, 0.001, 0.988, 0.001, 0.000, 0.001]"
4773,190.92,190.96,Liz,0.9877229928970337,Liz,[0.988],,[],,[],"[0.001, 0.049, 0.000, 0.001, 0.988, 0.001, 0.000, 0.001]"
4774,190.96,191.0,Liz,0.9877055287361145,Liz,[0.988],,[],,[],"[0.001, 0.049, 0.000, 0.002, 0.988, 0.001, 0.000, 0.001]"
4775,191.0,191.04,Liz,0.9878070950508118,Liz,[0.988],,[],,[],"[0.001, 0.048, 0.000, 0.002, 0.988, 0.001, 0.000, 0.001]"
4776,191.04,191.08,Liz,0.9880563020706177,Liz,[0.988],,[],,[],"[0.001, 0.045, 0.000, 0.002, 0.988, 0.001, 0.001, 0.001]"
4777,191.08,191.12,Liz,0.9884780049324036,Liz,[0.988],,[],,[],"[0.001, 0.041, 0.000, 0.002, 0.988, 0.001, 0.001, 0.001]"
4778,191.12,191.16,Liz,0.989082932472229,Liz,[0.989],,[],,[],"[0.000, 0.036, 0.000, 0.002, 0.989, 0.001, 0.001, 0.001]"
4779,191.16,191.2,Liz,0.989861249923706,Liz,[0.990],,[],,[],"[0.000, 0.030, 0.000, 0.002, 0.990, 0.001, 0.001, 0.001]"
4780,191.2,191.24,Liz,0.990780770778656,Liz,[0.991],,[],,[],"[0.000, 0.024, 0.000, 0.002, 0.991, 0.001, 0.001, 0.001]"
4781,191.24,191.28,Liz,0.9917940497398376,Liz,[0.992],,[],,[],"[0.000, 0.019, 0.000, 0.002, 0.992, 0.001, 0.001, 0.001]"
4782,191.28,191.32,Liz,0.9928480386734009,Liz,[0.993],,[],,[],"[0.000, 0.014, 0.000, 0.001, 0.993, 0.000, 0.001, 0.001]"
4783,191.32,191.36,Liz,0.9938887357711792,Liz,[0.994],,[],,[],"[0.000, 0.010, 0.000, 0.001, 0.994, 0.000, 0.001, 0.001]"
4784,191.36,191.4,Liz,0.9948750138282776,Liz,[0.995],,[],,[],"[0.000, 0.007, 0.000, 0.001, 0.995, 0.000, 0.001, 0.001]"
4785,191.4,191.44,Liz,0.9957864880561829,Liz,[0.996],,[],,[],"[0.000, 0.004, 0.000, 0.001, 0.996, 0.000, 0.001, 0.001]"
4786,191.44,191.48,Liz,0.9966052770614624,Liz,[0.997],,[],,[],"[0.000, 0.003, 0.000, 0.001, 0.997, 0.000, 0.001, 0.001]"
4787,191.48,191.52,Liz,0.9973179697990417,Liz,[0.997],,[],,[],"[0.000, 0.002, 0.000, 0.000, 0.997, 0.000, 0.001, 0.001]"
4788,191.52,191.56,Liz,0.9979204535484314,Liz,[0.998],,[],,[],"[0.000, 0.001, 0.000, 0.000, 0.998, 0.000, 0.001, 0.001]"
4789,191.56,191.6,Liz,0.9984138011932373,Liz,[0.998],,[],,[],"[0.000, 0.001, 0.000, 0.000, 0.998, 0.000, 0.001, 0.001]"
4790,191.6,191.64,Liz,0.9988093376159668,Liz,[0.999],,[],,[],"[0.000, 0.000, 0.000, 0.000, 0.999, 0.000, 0.001, 0.001]"
4791,191.64,191.68,Liz,0.9991206526756287,Liz,[0.999],,[],,[],"[0.000, 0.000, 0.000, 0.000, 0.999, 0.000, 0.001, 0.001]"
4792,191.68,191.72,Liz,0.9993608593940735,Liz,[0.999],,[],,[],"[0.000, 0.000, 0.000, 0.000, 0.999, 0.000, 0.000, 0.000]"
4793,191.72,191.76,Liz,0.9995427131652832,Liz,[1.000],,[],,[],"[0.000, 0.000, 0.000, 0.000, 1.000, 0.000, 0.000, 0.000]"
4794,191.76,191.8,Liz,0.9996777772903442,Liz,[1.000],,[],,[],"[0.000, 0.000, 0.000, 0.000, 1.000, 0.000, 0.000, 0.000]"
4795,191.8,191.84,Liz,0.9997759461402893,Liz,[1.000],,[],,[],"[0.000, 0.000, 0.000, 0.000, 1.000, 0.000, 0.000, 0.000]"
4796,191.84,191.88,Liz,0.9998461008071899,Liz,[1.000],,[],,[],"[0.000, 0.000, 0.000, 0.000, 1.000, 0.000, 0.000, 0.000]"
4797,191.88,191.92,Liz,0.9998955726623535,Liz,[1.000],,[],,[],"[0.000, 0.000, 0.000, 0.000, 1.000, 0.000, 0.000, 0.000]"
4798,191.92,191.96,Liz,0.9999300241470337,Liz,[1.000],,[],,[],"[0.000, 0.000, 0.000, 0.000, 1.000, 0.000, 0.000, 0.000]"
4799,191.96,192.0,Liz,0.9999538660049438,Liz,[1.000],,[],,[],"[0.000, 0.000, 0.000, 0.000, 1.000, 0.000, 0.000, 0.000]"
4800,192.0,192.04,Liz,0.9999700784683228,Liz,[1.000],,[],,[],"[0.000, 0.000, 0.000, 0.000, 1.000, 0.000, 0.000, 0.000]"
4801,192.04,192.08,Liz,0.9999809265136719,Liz,[1.000],,[],,[],"[0.000, 0.000, 0.000, 0.000, 1.000, 0.000, 0.000, 0.000]"
4802,192.08,192.12,Liz,0.9999880790710449,Liz,[1.000],,[],,[],"[0.000, 0.000, 0.000, 0.000, 1.000, 0.000, 0.000, 0.000]"
4803,192.12,192.16,Liz,0.9999927282333374,Liz,[1.000],,[],,[],"[0.000, 0.000, 0.000, 0.000, 1.000, 0.000, 0.000, 0.000]"
4804,192.16,192.2,Liz,0.9999955892562866,Liz,[1.000],,[],,[],"[0.000, 0.000, 0.000, 0.000, 1.000, 0.000, 0.000, 0.000]"
4805,192.2,192.24,Liz,0.9999974966049194,Liz,[1.000],,[],,[],"[0.000, 0.000, 0.000, 0.000, 1.000, 0.000, 0.000, 0.000]"
4806,192.24,192.28,Liz,0.9999985694885254,Liz,[1.000],,[],,[],"[0.000, 0.000, 0.000, 0.000, 1.000, 0.000, 0.000, 0.000]"
4807,192.28,192.32,Liz,0.9999991655349731,Liz,[1.000],,[],,[],"[0.000, 0.000, 0.000, 0.000, 1.000, 0.000, 0.000, 0.000]"
4808,192.32,192.36,Liz,0.9999995231628418,Liz,[1.000],,[],,[],"[0.000, 0.000, 0.000, 0.000, 1.000, 0.000, 0.000, 0.000]"
4809,192.36,192.4,Liz,0.9999997615814209,Liz,[1.000],,[],,[],"[0.000, 0.000, 0.000, 0.000, 1.000, 0.000, 0.000, 0.000]"
4810,192.4,192.44,Liz,0.9999998807907104,Liz,[1.000],,[],,[],"[0.000, 0.000, 0.000, 0.000, 1.000, 0.000, 0.000, 0.000]"
4811,192.44,192.48,Liz,1.0,Liz,[1.000],,[],,[],"[0.000, 0.000, 0.000, 0.000, 1.000, 0.000, 0.000, 0.000]"
4812,192.48,192.52,Liz,1.0,Liz,[1.000],,[],,[],"[0.000, 0.000, 0.000, 0.000, 1.000, 0.000, 0.000, 0.000]"
4813,192.52,192.56,Liz,1.0,Liz,[1.000],,[],,[],"[0.000, 0.000, 0.000, 0.000, 1.000, 0.000, 0.000, 0.000]"
4814,192.56,192.6,Liz,1.0,Liz,[1.000],,[],,[],"[0.000, 0.000, 0.000, 0.000, 1.000, 0.000, 0.000, 0.000]"
4815,192.6,192.64,Liz,1.0,Liz,[1.000],,[],,[],"[0.000, 0.000, 0.000, 0.000, 1.000, 0.000, 0.000, 0.000]"
4816,192.64,192.68,Liz,1.0,Liz,[1.000],,[],,[],"[0.000, 0.000, 0.000, 0.000, 1.000, 0.000, 0.000, 0.000]"
4817,192.68,192.72,Liz,1.0,Liz,[1.000],,[],,[],"[0.000, 0.000, 0.000, 0.000, 1.000, 0.000, 0.000, 0.000]"
4818,192.72,192.76,Liz,1.0,Liz,[1.000],,[],,[],"[0.000, 0.000, 0.000, 0.000, 1.000, 0.000, 0.000, 0.000]"
4819,192.76,192.8,Liz,1.0,Liz,[1.000],,[],,[],"[0.000, 0.000, 0.000, 0.000, 1.000, 0.000, 0.000, 0.000]"
4820,192.8,192.84,Liz,1.0,Liz,[1.000],,[],,[],"[0.000, 0.000, 0.000, 0.000, 1.000, 0.000, 0.000, 0.000]"
4821,192.84,192.88,Liz,1.0,Liz,[1.000],,[],,[],"[0.000, 0.000, 0.000, 0.000, 1.000, 0.000, 0.000, 0.000]"
4822,192.88,192.92,Liz,1.0,Liz,[1.000],,[],,[],"[0.000, 0.000, 0.000, 0.000, 1.000, 0.000, 0.000, 0.000]"
4823,192.92,192.96,Liz,1.0,Liz,[1.000],,[],,[],"[0.000, 0.000, 0.000, 0.000, 1.000, 0.000, 0.000, 0.000]"
4824,192.96,193.0,Liz,1.0,Liz,[1.000],,[],,[],"[0.000, 0.000, 0.000, 0.000, 1.000, 0.000, 0.000, 0.000]"
4825,193.0,193.04,Liz,1.0,Liz,[1.000],,[],,[],"[0.000, 0.000, 0.000, 0.000, 1.000, 0.000, 0.000, 0.000]"
4826,193.04,193.08,Liz,1.0,Liz,[1.000],,[],,[],"[0.000, 0.000, 0.000, 0.000, 1.000, 0.000, 0.000, 0.000]"
4827,193.08,193.12,Liz,1.0,Liz,[1.000],,[],,[],"[0.000, 0.000, 0.000, 0.000, 1.000, 0.000, 0.000, 0.000]"
4828,193.12,193.16,Liz,1.0,Liz,[1.000],,[],,[],"[0.000, 0.000, 0.000, 0.000, 1.000, 0.000, 0.000, 0.000]"
4829,193.16,193.2,Liz,1.0,Liz,[1.000],,[],,[],"[0.000, 0.000, 0.000, 0.000, 1.000, 0.000, 0.000, 0.000]"
4830,193.2,193.24,Liz,1.0,Liz,[1.000],,[],,[],"[0.000, 0.000, 0.000, 0.000, 1.000, 0.000, 0.000, 0.000]"
4831,193.24,193.28,Liz,1.0,Liz,[1.000],,[],,[],"[0.000, 0.000, 0.000, 0.000, 1.000, 0.000, 0.000, 0.000]"
4832,193.28,193.32,Liz,1.0,Liz,[1.000],,[],,[],"[0.000, 0.000, 0.000, 0.000, 1.000, 0.000, 0.000, 0.000]"
4833,193.32,193.36,Liz,1.0,Liz,[1.000],,[],,[],"[0.000, 0.000, 0.000, 0.000, 1.000, 0.000, 0.000, 0.000]"
4834,193.36,193.4,Liz,1.0,Liz,[1.000],,[],,[],"[0.000, 0.000, 0.000, 0.000, 1.000, 0.000, 0.000, 0.000]"
4835,193.4,193.44,Liz,1.0,Liz,[1.000],,[],,[],"[0.000, 0.000, 0.000, 0.000, 1.000, 0.000, 0.000, 0.000]"
4836,193.44,193.48,Liz,1.0,Liz,[1.000],,[],,[],"[0.000, 0.000, 0.000, 0.000, 1.000, 0.000, 0.000, 0.000]"
4837,193.48,193.52,Liz,1.0,Liz,[1.000],,[],,[],"[0.000, 0.000, 0.000, 0.000, 1.000, 0.000, 0.000, 0.000]"
4838,193.52,193.56,Liz,1.0,Liz,[1.000],,[],,[],"[0.000, 0.000, 0.000, 0.000, 1.000, 0.000, 0.000, 0.000]"
4839,193.56,193.6,Liz,1.0,Liz,[1.000],,[],,[],"[0.000, 0.000, 0.000, 0.000, 1.000, 0.000, 0.000, 0.000]"
4840,193.6,193.64,Liz,1.0,Liz,[1.000],,[],,[],"[0.000, 0.000, 0.000, 0.000, 1.000, 0.000, 0.000, 0.000]"
4841,193.64,193.68,Liz,1.0,Liz,[1.000],,[],,[],"[0.000, 0.000, 0.000, 0.000, 1.000, 0.000, 0.000, 0.000]"
4842,193.68,193.72,Liz,1.0,Liz,[1.000],,[],,[],"[0.000, 0.000, 0.000, 0.000, 1.000, 0.000, 0.000, 0.000]"
4843,193.72,193.76,Liz,0.9999998807907104,Liz,[1.000],,[],,[],"[0.000, 0.000, 0.000, 0.000, 1.000, 0.000, 0.000, 0.000]"
4844,193.76,193.8,Liz,0.9999998807907104,Liz,[1.000],,[],,[],"[0.000, 0.000, 0.000, 0.000, 1.000, 0.000, 0.000, 0.000]"
4845,193.8,193.84,Liz,0.9999997615814209,Liz,[1.000],,[],,[],"[0.000, 0.000, 0.000, 0.000, 1.000, 0.000, 0.000, 0.000]"
4846,193.84,193.88,Liz,0.9999996423721313,Liz,[1.000],,[],,[],"[0.000, 0.000, 0.000, 0.000, 1.000, 0.000, 0.000, 0.000]"
4847,193.88,193.92,Liz,0.9999992847442627,Liz,[1.000],,[],,[],"[0.000, 0.000, 0.000, 0.000, 1.000, 0.000, 0.000, 0.000]"
4848,193.92,193.96,Liz,0.999998927116394,Liz,[1.000],,[],,[],"[0.000, 0.000, 0.000, 0.000, 1.000, 0.000, 0.000, 0.000]"
4849,193.96,194.0,Liz,0.9999984502792358,Liz,[1.000],,[],,[],"[0.000, 0.000, 0.000, 0.000, 1.000, 0.000, 0.000, 0.000]"
4850,194.0,194.04,Liz,0.9999977350234985,Liz,[1.000],,[],,[],"[0.000, 0.000, 0.000, 0.000, 1.000, 0.000, 0.000, 0.000]"
4851,194.04,194.08,Liz,0.9999969005584717,Liz,[1.000],,[],,[],"[0.000, 0.000, 0.000, 0.000, 1.000, 0.000, 0.000, 0.000]"
4852,194.08,194.12,Liz,0.9999958276748657,Liz,[1.000],,[],,[],"[0.000, 0.000, 0.000, 0.000, 1.000, 0.000, 0.000, 0.000]"
4853,194.12,194.16,Liz,0.9999945163726807,Liz,[1.000],,[],,[],"[0.000, 0.000, 0.000, 0.000, 1.000, 0.000, 0.000, 0.000]"
4854,194.16,194.2,Liz,0.999993085861206,Liz,[1.000],,[],,[],"[0.000, 0.000, 0.000, 0.000, 1.000, 0.000, 0.000, 0.000]"
4855,194.2,194.24,Liz,0.9999915361404419,Liz,[1.000],,[],,[],"[0.000, 0.000, 0.000, 0.000, 1.000, 0.000, 0.000, 0.000]"
4856,194.24,194.28,Liz,0.9999898672103882,Liz,[1.000],,[],,[],"[0.000, 0.000, 0.000, 0.000, 1.000, 0.000, 0.000, 0.000]"
4857,194.28,194.32,Liz,0.9999878406524658,Liz,[1.000],,[],,[],"[0.000, 0.000, 0.000, 0.000, 1.000, 0.000, 0.000, 0.000]"
4858,194.32,194.36,Liz,0.9999855756759644,Liz,[1.000],,[],,[],"[0.000, 0.000, 0.000, 0.000, 1.000, 0.000, 0.000, 0.000]"
4859,194.36,194.4,Liz,0.9999830722808838,Liz,[1.000],,[],,[],"[0.000, 0.000, 0.000, 0.000, 1.000, 0.000, 0.000, 0.000]"
4860,194.4,194.44,Liz,0.999980092048645,Liz,[1.000],,[],,[],"[0.000, 0.000, 0.000, 0.000, 1.000, 0.000, 0.000, 0.000]"
4861,194.44,194.48,Liz,0.999976634979248,Liz,[1.000],,[],,[],"[0.000, 0.000, 0.000, 0.000, 1.000, 0.000, 0.000, 0.000]"
4862,194.48,194.52,Liz,0.9999727010726929,Liz,[1.000],,[],,[],"[0.000, 0.000, 0.000, 0.000, 1.000, 0.000, 0.000, 0.000]"
4863,194.52,194.56,Liz,0.999968409538269,Liz,[1.000],,[],,[],"[0.000, 0.000, 0.000, 0.000, 1.000, 0.000, 0.000, 0.000]"
4864,194.56,194.6,Liz,0.9999637603759766,Liz,[1.000],,[],,[],"[0.000, 0.000, 0.000, 0.000, 1.000, 0.000, 0.000, 0.000]"
4865,194.6,194.64,Liz,0.999958872795105,Liz,[1.000],,[],,[],"[0.000, 0.000, 0.000, 0.000, 1.000, 0.000, 0.000, 0.000]"
4866,194.64,194.68,Liz,0.9999539852142334,Liz,[1.000],,[],,[],"[0.000, 0.000, 0.000, 0.000, 1.000, 0.000, 0.000, 0.000]"
4867,194.68,194.72,Liz,0.9999493360519409,Liz,[1.000],,[],,[],"[0.000, 0.000, 0.000, 0.000, 1.000, 0.000, 0.000, 0.000]"
4868,194.72,194.76,Liz,0.9999451637268066,Liz,[1.000],,[],,[],"[0.000, 0.000, 0.000, 0.000, 1.000, 0.000, 0.000, 0.000]"
4869,194.76,194.8,Liz,0.9999415874481201,Liz,[1.000],,[],,[],"[0.000, 0.000, 0.000, 0.000, 1.000, 0.000, 0.000, 0.000]"
4870,194.8,194.84,Liz,0.99993896484375,Liz,[1.000],,[],,[],"[0.000, 0.000, 0.000, 0.000, 1.000, 0.000, 0.000, 0.000]"
4871,194.84,194.88,Liz,0.9999374151229858,Liz,[1.000],,[],,[],"[0.000, 0.000, 0.000, 0.000, 1.000, 0.000, 0.000, 0.000]"
4872,194.88,194.92,Liz,0.9999372959136963,Liz,[1.000],,[],,[],"[0.000, 0.000, 0.000, 0.000, 1.000, 0.000, 0.000, 0.000]"
4873,194.92,194.96,Liz,0.9999386072158813,Liz,[1.000],,[],,[],"[0.000, 0.000, 0.000, 0.000, 1.000, 0.000, 0.000, 0.000]"
4874,194.96,195.0,Liz,0.999941349029541,Liz,[1.000],,[],,[],"[0.000, 0.000, 0.000, 0.000, 1.000, 0.000, 0.000, 0.000]"
4875,195.0,195.04,Liz,0.9999454021453857,Liz,[1.000],,[],,[],"[0.000, 0.000, 0.000, 0.000, 1.000, 0.000, 0.000, 0.000]"
4876,195.04,195.08,Liz,0.9999505281448364,Liz,[1.000],,[],,[],"[0.000, 0.000, 0.000, 0.000, 1.000, 0.000, 0.000, 0.000]"
4877,195.08,195.12,Liz,0.9999562501907349,Liz,[1.000],,[],,[],"[0.000, 0.000, 0.000, 0.000, 1.000, 0.000, 0.000, 0.000]"
4878,195.12,195.16,Liz,0.9999622106552124,Liz,[1.000],,[],,[],"[0.000, 0.000, 0.000, 0.000, 1.000, 0.000, 0.000, 0.000]"
4879,195.16,195.2,Liz,0.9999678134918213,Liz,[1.000],,[],,[],"[0.000, 0.000, 0.000, 0.000, 1.000, 0.000, 0.000, 0.000]"
4880,195.2,195.24,Liz,0.9999731779098511,Liz,[1.000],,[],,[],"[0.000, 0.000, 0.000, 0.000, 1.000, 0.000, 0.000, 0.000]"
4881,195.24,195.28,Liz,0.9999778270721436,Liz,[1.000],,[],,[],"[0.000, 0.000, 0.000, 0.000, 1.000, 0.000, 0.000, 0.000]"
4882,195.28,195.32,Liz,0.9999819993972778,Liz,[1.000],,[],,[],"[0.000, 0.000, 0.000, 0.000, 1.000, 0.000, 0.000, 0.000]"
4883,195.32,195.36,Liz,0.9999854564666748,Liz,[1.000],,[],,[],"[0.000, 0.000, 0.000, 0.000, 1.000, 0.000, 0.000, 0.000]"
4884,195.36,195.4,Liz,0.999988317489624,Liz,[1.000],,[],,[],"[0.000, 0.000, 0.000, 0.000, 1.000, 0.000, 0.000, 0.000]"
4885,195.4,195.44,Liz,0.9999905824661255,Liz,[1.000],,[],,[],"[0.000, 0.000, 0.000, 0.000, 1.000, 0.000, 0.000, 0.000]"
4886,195.44,195.48,Liz,0.9999923706054688,Liz,[1.000],,[],,[],"[0.000, 0.000, 0.000, 0.000, 1.000, 0.000, 0.000, 0.000]"
4887,195.48,195.52,Liz,0.9999938011169434,Liz,[1.000],,[],,[],"[0.000, 0.000, 0.000, 0.000, 1.000, 0.000, 0.000, 0.000]"
4888,195.52,195.56,Liz,0.9999949932098389,Liz,[1.000],,[],,[],"[0.000, 0.000, 0.000, 0.000, 1.000, 0.000, 0.000, 0.000]"
4889,195.56,195.6,Liz,0.9999958276748657,Liz,[1.000],,[],,[],"[0.000, 0.000, 0.000, 0.000, 1.000, 0.000, 0.000, 0.000]"
4890,195.6,195.64,Liz,0.9999964237213135,Liz,[1.000],,[],,[],"[0.000, 0.000, 0.000, 0.000, 1.000, 0.000, 0.000, 0.000]"
4891,195.64,195.68,Liz,0.9999969005584717,Liz,[1.000],,[],,[],"[0.000, 0.000, 0.000, 0.000, 1.000, 0.000, 0.000, 0.000]"
4892,195.68,195.72,Liz,0.9999971389770508,Liz,[1.000],,[],,[],"[0.000, 0.000, 0.000, 0.000, 1.000, 0.000, 0.000, 0.000]"
4893,195.72,195.76,Liz,0.9999973773956299,Liz,[1.000],,[],,[],"[0.000, 0.000, 0.000, 0.000, 1.000, 0.000, 0.000, 0.000]"
4894,195.76,195.8,Liz,0.9999974966049194,Liz,[1.000],,[],,[],"[0.000, 0.000, 0.000, 0.000, 1.000, 0.000, 0.000, 0.000]"
4895,195.8,195.84,Liz,0.9999974966049194,Liz,[1.000],,[],,[],"[0.000, 0.000, 0.000, 0.000, 1.000, 0.000, 0.000, 0.000]"
4896,195.84,195.88,Liz,0.9999973773956299,Liz,[1.000],,[],,[],"[0.000, 0.000, 0.000, 0.000, 1.000, 0.000, 0.000, 0.000]"
4897,195.88,195.92,Liz,0.9999971389770508,Liz,[1.000],,[],,[],"[0.000, 0.000, 0.000, 0.000, 1.000, 0.000, 0.000, 0.000]"
4898,195.92,195.96,Liz,0.9999967813491821,Liz,[1.000],,[],,[],"[0.000, 0.000, 0.000, 0.000, 1.000, 0.000, 0.000, 0.000]"
4899,195.96,196.0,Liz,0.9999963045120239,Liz,[1.000],,[],,[],"[0.000, 0.000, 0.000, 0.000, 1.000, 0.000, 0.000, 0.000]"
4900,196.0,196.04,Liz,0.9999953508377075,Liz,[1.000],,[],,[],"[0.000, 0.000, 0.000, 0.000, 1.000, 0.000, 0.000, 0.000]"
4901,196.04,196.08,Liz,0.999994158744812,Liz,[1.000],,[],,[],"[0.000, 0.000, 0.000, 0.000, 1.000, 0.000, 0.000, 0.000]"
4902,196.08,196.12,Liz,0.9999922513961792,Liz,[1.000],,[],,[],"[0.000, 0.000, 0.000, 0.000, 1.000, 0.000, 0.000, 0.000]"
4903,196.12,196.16,Liz,0.99998939037323,Liz,[1.000],,[],,[],"[0.000, 0.000, 0.000, 0.000, 1.000, 0.000, 0.000, 0.000]"
4904,196.16,196.2,Liz,0.999984860420227,Liz,[1.000],,[],,[],"[0.000, 0.000, 0.000, 0.000, 1.000, 0.000, 0.000, 0.000]"
4905,196.2,196.24,Liz,0.9999779462814331,Liz,[1.000],,[],,[],"[0.000, 0.000, 0.000, 0.000, 1.000, 0.000, 0.000, 0.000]"
4906,196.24,196.28,Liz,0.9999669790267944,Liz,[1.000],,[],,[],"[0.000, 0.000, 0.000, 0.000, 1.000, 0.000, 0.000, 0.000]"
4907,196.28,196.32,Liz,0.99994957447052,Liz,[1.000],,[],,[],"[0.000, 0.000, 0.000, 0.000, 1.000, 0.000, 0.000, 0.000]"
4908,196.32,196.36,Liz,0.9999219179153442,Liz,[1.000],,[],,[],"[0.000, 0.000, 0.000, 0.000, 1.000, 0.000, 0.001, 0.000]"
4909,196.36,196.4,Liz,0.9998781681060791,Liz,[1.000],,[],,[],"[0.000, 0.001, 0.000, 0.000, 1.000, 0.000, 0.001, 0.000]"
4910,196.4,196.44,Liz,0.9998099207878113,Liz,[1.000],,[],,[],"[0.000, 0.001, 0.000, 0.000, 1.000, 0.000, 0.001, 0.000]"
4911,196.44,196.48,Liz,0.999704897403717,Liz,[1.000],,[],,[],"[0.000, 0.002, 0.000, 0.000, 1.000, 0.000, 0.001, 0.000]"
4912,196.48,196.52,Liz,0.9995473027229309,Liz,[1.000],,[],,[],"[0.000, 0.002, 0.000, 0.000, 1.000, 0.000, 0.001, 0.000]"
4913,196.52,196.56,Liz,0.9993168115615845,Liz,[0.999],,[],,[],"[0.000, 0.003, 0.000, 0.000, 0.999, 0.000, 0.002, 0.000]"
4914,196.56,196.6,Liz,0.9989901185035706,Liz,[0.999],,[],,[],"[0.000, 0.004, 0.000, 0.000, 0.999, 0.000, 0.002, 0.000]"
4915,196.6,196.64,Liz,0.9985451698303223,Liz,[0.999],,[],,[],"[0.000, 0.006, 0.000, 0.000, 0.999, 0.000, 0.002, 0.000]"
4916,196.64,196.68,Liz,0.9979655742645264,Liz,[0.998],,[],,[],"[0.000, 0.007, 0.000, 0.000, 0.998, 0.000, 0.003, 0.000]"
4917,196.68,196.72,Liz,0.9972516894340515,Liz,[0.997],,[],,[],"[0.000, 0.009, 0.000, 0.000, 0.997, 0.000, 0.004, 0.000]"
4918,196.72,196.76,Liz,0.9964277148246765,Liz,[0.996],,[],,[],"[0.000, 0.011, 0.000, 0.000, 0.996, 0.000, 0.004, 0.000]"
4919,196.76,196.8,Liz,0.9955453872680664,Liz,[0.996],,[],,[],"[0.000, 0.013, 0.000, 0.000, 0.996, 0.000, 0.005, 0.000]"
4920,196.8,196.84,Liz,0.9946792125701904,Liz,[0.995],,[],,[],"[0.000, 0.014, 0.000, 0.000, 0.995, 0.000, 0.006, 0.000]"
4921,196.84,196.88,Liz,0.9939194917678833,Liz,[0.994],,[],,[],"[0.000, 0.015, 0.000, 0.000, 0.994, 0.000, 0.007, 0.000]"
4922,196.88,196.92,Liz,0.9933428168296814,Liz,[0.993],,[],,[],"[0.000, 0.015, 0.000, 0.000, 0.993, 0.000, 0.008, 0.000]"
4923,196.92,196.96,Liz,0.9929977655410767,Liz,[0.993],,[],,[],"[0.000, 0.015, 0.000, 0.000, 0.993, 0.000, 0.009, 0.000]"
4924,196.96,197.0,Liz,0.9928916692733765,Liz,[0.993],,[],,[],"[0.000, 0.014, 0.000, 0.000, 0.993, 0.000, 0.010, 0.000]"
4925,197.0,197.04,Liz,0.9930039048194885,Liz,[0.993],,[],,[],"[0.000, 0.013, 0.000, 0.000, 0.993, 0.000, 0.011, 0.000]"
4926,197.04,197.08,Liz,0.9932963252067566,Liz,[0.993],,[],,[],"[0.000, 0.011, 0.000, 0.000, 0.993, 0.000, 0.013, 0.000]"
4927,197.08,197.12,Liz,0.9937185049057007,Liz,[0.994],,[],,[],"[0.000, 0.010, 0.000, 0.000, 0.994, 0.000, 0.014, 0.000]"
4928,197.12,197.16,Liz,0.9942157864570618,Liz,[0.994],,[],,[],"[0.000, 0.008, 0.000, 0.000, 0.994, 0.000, 0.015, 0.000]"
4929,197.16,197.2,Liz,0.9947386384010315,Liz,[0.995],,[],,[],"[0.000, 0.007, 0.000, 0.000, 0.995, 0.000, 0.016, 0.000]"
4930,197.2,197.24,Liz,0.9952463507652283,Liz,[0.995],,[],,[],"[0.000, 0.005, 0.000, 0.000, 0.995, 0.000, 0.017, 0.000]"
4931,197.24,197.28,Liz,0.9957149624824524,Liz,[0.996],,[],,[],"[0.000, 0.004, 0.000, 0.000, 0.996, 0.000, 0.018, 0.000]"
4932,197.28,197.32,Liz,0.9961357712745667,Liz,[0.996],,[],,[],"[0.000, 0.003, 0.000, 0.000, 0.996, 0.000, 0.019, 0.001]"
4933,197.32,197.36,Liz,0.9965033531188965,Liz,[0.997],,[],,[],"[0.000, 0.003, 0.000, 0.000, 0.997, 0.000, 0.019, 0.001]"
4934,197.36,197.4,Liz,0.9968158602714539,Liz,[0.997],,[],,[],"[0.000, 0.002, 0.000, 0.000, 0.997, 0.000, 0.019, 0.001]"
4935,197.4,197.44,Liz,0.9970725774765015,Liz,[0.997],,[],,[],"[0.000, 0.002, 0.000, 0.000, 0.997, 0.000, 0.020, 0.001]"
4936,197.44,197.48,Liz,0.9972772002220154,Liz,[0.997],,[],,[],"[0.000, 0.001, 0.000, 0.000, 0.997, 0.000, 0.020, 0.001]"
4937,197.48,197.52,Liz,0.9974338412284851,Liz,[0.997],,[],,[],"[0.000, 0.001, 0.000, 0.000, 0.997, 0.000, 0.020, 0.001]"
4938,197.52,197.56,Liz,0.9975472092628479,Liz,[0.998],,[],,[],"[0.000, 0.001, 0.000, 0.000, 0.998, 0.000, 0.020, 0.001]"
4939,197.56,197.6,Liz,0.997619092464447,Liz,[0.998],,[],,[],"[0.000, 0.001, 0.000, 0.000, 0.998, 0.000, 0.019, 0.001]"
4940,197.6,197.64,Liz,0.9976492524147034,Liz,[0.998],,[],,[],"[0.000, 0.001, 0.000, 0.000, 0.998, 0.000, 0.019, 0.001]"
4941,197.64,197.68,Liz,0.9976389408111572,Liz,[0.998],,[],,[],"[0.000, 0.001, 0.000, 0.000, 0.998, 0.000, 0.019, 0.001]"
4942,197.68,197.72,Liz,0.9975882768630981,Liz,[0.998],,[],,[],"[0.000, 0.001, 0.000, 0.000, 0.998, 0.000, 0.018, 0.002]"
4943,197.72,197.76,Liz,0.9974963068962097,Liz,[0.997],,[],,[],"[0.000, 0.001, 0.000, 0.000, 0.997, 0.000, 0.018, 0.002]"
4944,197.76,197.8,Liz,0.9973605275154114,Liz,[0.997],,[],,[],"[0.000, 0.001, 0.000, 0.000, 0.997, 0.000, 0.018, 0.002]"
4945,197.8,197.84,Liz,0.9971789121627808,Liz,[0.997],,[],,[],"[0.000, 0.001, 0.000, 0.000, 0.997, 0.001, 0.017, 0.002]"
4946,197.84,197.88,Liz,0.9969488978385925,Liz,[0.997],,[],,[],"[0.000, 0.001, 0.000, 0.000, 0.997, 0.001, 0.017, 0.003]"
4947,197.88,197.92,Liz,0.9966656565666199,Liz,[0.997],,[],,[],"[0.000, 0.001, 0.000, 0.000, 0.997, 0.001, 0.017, 0.003]"
4948,197.92,197.96,Liz,0.9963212013244629,Liz,[0.996],,[],,[],"[0.000, 0.001, 0.000, 0.000, 0.996, 0.000, 0.017, 0.003]"
4949,197.96,198.0,Liz,0.9959062337875366,Liz,[0.996],,[],,[],"[0.000, 0.001, 0.000, 0.000, 0.996, 0.000, 0.017, 0.004]"
4950,198.0,198.04,Liz,0.9954132437705994,Liz,[0.995],,[],,[],"[0.000, 0.001, 0.000, 0.000, 0.995, 0.000, 0.017, 0.004]"
4951,198.04,198.08,Liz,0.994836688041687,Liz,[0.995],,[],,[],"[0.000, 0.001, 0.000, 0.000, 0.995, 0.000, 0.017, 0.005]"
4952,198.08,198.12,Liz,0.9941747784614563,Liz,[0.994],,[],,[],"[0.000, 0.001, 0.000, 0.000, 0.994, 0.000, 0.018, 0.005]"
4953,198.12,198.16,Liz,0.9934332370758057,Liz,[0.993],,[],,[],"[0.000, 0.001, 0.000, 0.000, 0.993, 0.000, 0.018, 0.006]"
4954,198.16,198.2,Liz,0.9926396608352661,Liz,[0.993],,[],,[],"[0.000, 0.001, 0.000, 0.000, 0.993, 0.000, 0.018, 0.007]"
4955,198.2,198.24,Liz,0.99183589220047,Liz,[0.992],,[],,[],"[0.000, 0.001, 0.000, 0.000, 0.992, 0.000, 0.018, 0.008]"
4956,198.24,198.28,Liz,0.991072952747345,Liz,[0.991],,[],,[],"[0.000, 0.001, 0.000, 0.000, 0.991, 0.000, 0.019, 0.008]"
4957,198.28,198.32,Liz,0.9904031753540039,Liz,[0.990],,[],,[],"[0.000, 0.001, 0.000, 0.000, 0.990, 0.000, 0.019, 0.009]"
4958,198.32,198.36,Liz,0.9899126887321472,Liz,[0.990],,[],,[],"[0.000, 0.000, 0.000, 0.000, 0.990, 0.000, 0.019, 0.010]"
4959,198.36,198.4,Liz,0.9896851778030396,Liz,[0.990],,[],,[],"[0.000, 0.000, 0.000, 0.000, 0.990, 0.000, 0.018, 0.011]"
4960,198.4,198.44,Liz,0.9897875785827637,Liz,[0.990],,[],,[],"[0.000, 0.000, 0.000, 0.000, 0.990, 0.000, 0.017, 0.012]"
4961,198.44,198.48,Liz,0.9902532696723938,Liz,[0.990],,[],,[],"[0.000, 0.000, 0.000, 0.000, 0.990, 0.000, 0.016, 0.013]"
4962,198.48,198.52,Liz,0.9910845756530762,Liz,[0.991],,[],,[],"[0.000, 0.000, 0.000, 0.000, 0.991, 0.000, 0.015, 0.014]"
4963,198.52,198.56,Liz,0.9922189712524414,Liz,[0.992],,[],,[],"[0.000, 0.000, 0.000, 0.000, 0.992, 0.000, 0.013, 0.014]"
4964,198.56,198.6,Liz,0.9935396313667297,Liz,[0.994],,[],,[],"[0.000, 0.000, 0.000, 0.000, 0.994, 0.000, 0.011, 0.014]"
4965,198.6,198.64,Liz,0.994907796382904,Liz,[0.995],,[],,[],"[0.000, 0.000, 0.000, 0.000, 0.995, 0.000, 0.009, 0.013]"
4966,198.64,198.68,Liz,0.9961916208267212,Liz,[0.996],,[],,[],"[0.000, 0.000, 0.000, 0.000, 0.996, 0.000, 0.008, 0.012]"
4967,198.68,198.72,Liz,0.9972937703132629,Liz,[0.997],,[],,[],"[0.000, 0.000, 0.000, 0.000, 0.997, 0.000, 0.006, 0.011]"
4968,198.72,198.76,Liz,0.9981672763824463,Liz,[0.998],,[],,[],"[0.000, 0.000, 0.000, 0.000, 0.998, 0.000, 0.004, 0.009]"
4969,198.76,198.8,Liz,0.9988124370574951,Liz,[0.999],,[],,[],"[0.000, 0.000, 0.000, 0.000, 0.999, 0.000, 0.003, 0.008]"
4970,198.8,198.84,Liz,0.9992607235908508,Liz,[0.999],,[],,[],"[0.000, 0.000, 0.000, 0.000, 0.999, 0.000, 0.002, 0.006]"
4971,198.84,198.88,Liz,0.9995555281639099,Liz,[1.000],,[],,[],"[0.000, 0.000, 0.000, 0.000, 1.000, 0.000, 0.001, 0.005]"
4972,198.88,198.92,Liz,0.9997405409812927,Liz,[1.000],,[],,[],"[0.000, 0.000, 0.000, 0.000, 1.000, 0.000, 0.001, 0.004]"
4973,198.92,198.96,Liz,0.9998522996902466,Liz,[1.000],,[],,[],"[0.000, 0.000, 0.000, 0.000, 1.000, 0.000, 0.001, 0.003]"
4974,198.96,199.0,Liz,0.99991774559021,Liz,[1.000],,[],,[],"[0.000, 0.000, 0.000, 0.000, 1.000, 0.000, 0.000, 0.002]"
4975,199.0,199.04,Liz,0.9999550580978394,Liz,[1.000],,[],,[],"[0.000, 0.000, 0.000, 0.000, 1.000, 0.000, 0.000, 0.002]"
4976,199.04,199.08,Liz,0.9999756813049316,Liz,[1.000],,[],,[],"[0.000, 0.000, 0.000, 0.000, 1.000, 0.000, 0.000, 0.001]"
4977,199.08,199.12,Liz,0.999987006187439,Liz,[1.000],,[],,[],"[0.000, 0.000, 0.000, 0.000, 1.000, 0.000, 0.000, 0.001]"
4978,199.12,199.16,Liz,0.9999929666519165,Liz,[1.000],,[],,[],"[0.000, 0.000, 0.000, 0.000, 1.000, 0.000, 0.000, 0.001]"
4979,199.16,199.2,Liz,0.9999963045120239,Liz,[1.000],,[],,[],"[0.000, 0.000, 0.000, 0.000, 1.000, 0.000, 0.000, 0.000]"
4980,199.2,199.24,Liz,0.9999979734420776,Liz,[1.000],,[],,[],"[0.000, 0.000, 0.000, 0.000, 1.000, 0.000, 0.000, 0.000]"
4981,199.24,199.28,Liz,0.999998927116394,Liz,[1.000],,[],,[],"[0.000, 0.000, 0.000, 0.000, 1.000, 0.000, 0.000, 0.000]"
4982,199.28,199.32,Liz,0.9999994039535522,Liz,[1.000],,[],,[],"[0.000, 0.000, 0.000, 0.000, 1.000, 0.000, 0.000, 0.000]"
4983,199.32,199.36,Liz,0.9999996423721313,Liz,[1.000],,[],,[],"[0.000, 0.000, 0.000, 0.000, 1.000, 0.000, 0.000, 0.000]"
4984,199.36,199.4,Liz,0.9999997615814209,Liz,[1.000],,[],,[],"[0.000, 0.000, 0.000, 0.000, 1.000, 0.000, 0.000, 0.000]"
4985,199.4,199.44,Liz,0.9999998807907104,Liz,[1.000],,[],,[],"[0.000, 0.000, 0.000, 0.000, 1.000, 0.000, 0.000, 0.000]"
4986,199.44,199.48,Liz,0.9999998807907104,Liz,[1.000],,[],,[],"[0.000, 0.000, 0.000, 0.000, 1.000, 0.000, 0.000, 0.000]"
4987,199.48,199.52,Liz,1.0,Liz,[1.000],,[],,[],"[0.000, 0.000, 0.000, 0.000, 1.000, 0.000, 0.000, 0.000]"
4988,199.52,199.56,Liz,1.0,Liz,[1.000],,[],,[],"[0.000, 0.000, 0.000, 0.000, 1.000, 0.000, 0.000, 0.000]"
4989,199.56,199.6,Liz,1.0,Liz,[1.000],,[],,[],"[0.000, 0.000, 0.000, 0.000, 1.000, 0.000, 0.000, 0.000]"
4990,199.6,199.64,Liz,1.0,Liz,[1.000],,[],,[],"[0.000, 0.000, 0.000, 0.000, 1.000, 0.000, 0.000, 0.000]"
4991,199.64,199.68,Liz,1.0,Liz,[1.000],,[],,[],"[0.000, 0.000, 0.000, 0.000, 1.000, 0.000, 0.000, 0.000]"
4992,199.68,199.72,Liz,1.0,Liz,[1.000],,[],,[],"[0.000, 0.000, 0.000, 0.000, 1.000, 0.000, 0.000, 0.000]"
4993,199.72,199.76,Liz,1.0,Liz,[1.000],,[],,[],"[0.000, 0.000, 0.000, 0.000, 1.000, 0.000, 0.000, 0.000]"
4994,199.76,199.8,Liz,1.0,Liz,[1.000],,[],,[],"[0.000, 0.000, 0.000, 0.000, 1.000, 0.000, 0.000, 0.000]"
4995,199.8,199.84,Liz,1.0,Liz,[1.000],,[],,[],"[0.000, 0.000, 0.000, 0.000, 1.000, 0.000, 0.000, 0.000]"
4996,199.84,199.88,Liz,1.0,Liz,[1.000],,[],,[],"[0.000, 0.000, 0.000, 0.000, 1.000, 0.000, 0.000, 0.000]"
4997,199.88,199.92,Liz,1.0,Liz,[1.000],,[],,[],"[0.000, 0.000, 0.000, 0.000, 1.000, 0.000, 0.000, 0.000]"
4998,199.92,199.96,Liz,1.0,Liz,[1.000],,[],,[],"[0.000, 0.000, 0.000, 0.000, 1.000, 0.000, 0.000, 0.000]"
4999,199.96,200.0,Liz,1.0,Liz,[1.000],,[],,[],"[0.000, 0.000, 0.000, 0.000, 1.000, 0.000, 0.000, 0.000]"
5000,200.0,200.04,Liz,1.0,Liz,[1.000],,[],,[],"[0.000, 0.000, 0.000, 0.000, 1.000, 0.000, 0.000, 0.000]"
5001,200.04,200.08,Liz,1.0,Liz,[1.000],,[],,[],"[0.000, 0.000, 0.000, 0.000, 1.000, 0.000, 0.000, 0.000]"
5002,200.08,200.12,Liz,1.0,Liz,[1.000],,[],,[],"[0.000, 0.000, 0.000, 0.000, 1.000, 0.000, 0.000, 0.000]"
5003,200.12,200.16,Liz,1.0,Liz,[1.000],,[],,[],"[0.000, 0.000, 0.000, 0.000, 1.000, 0.000, 0.000, 0.000]"
5004,200.16,200.2,Liz,1.0,Liz,[1.000],,[],,[],"[0.000, 0.000, 0.000, 0.000, 1.000, 0.000, 0.000, 0.000]"
5005,200.2,200.24,Liz,1.0,Liz,[1.000],,[],,[],"[0.000, 0.000, 0.000, 0.000, 1.000, 0.000, 0.000, 0.000]"
5006,200.24,200.28,Liz,1.0,Liz,[1.000],,[],,[],"[0.000, 0.000, 0.000, 0.000, 1.000, 0.000, 0.000, 0.000]"
5007,200.28,200.32,Liz,1.0,Liz,[1.000],,[],,[],"[0.000, 0.000, 0.000, 0.000, 1.000, 0.000, 0.000, 0.000]"
5008,200.32,200.36,Liz,1.0,Liz,[1.000],,[],,[],"[0.000, 0.000, 0.000, 0.000, 1.000, 0.000, 0.000, 0.000]"
5009,200.36,200.4,Liz,1.0,Liz,[1.000],,[],,[],"[0.000, 0.000, 0.000, 0.000, 1.000, 0.000, 0.000, 0.000]"
5010,200.4,200.44,Liz,1.0,Liz,[1.000],,[],,[],"[0.000, 0.000, 0.000, 0.000, 1.000, 0.000, 0.000, 0.000]"
5011,200.44,200.48,Liz,1.0,Liz,[1.000],,[],,[],"[0.000, 0.000, 0.000, 0.000, 1.000, 0.000, 0.000, 0.000]"
5012,200.48,200.52,Liz,1.0,Liz,[1.000],,[],,[],"[0.000, 0.000, 0.000, 0.000, 1.000, 0.000, 0.000, 0.000]"
5013,200.52,200.56,Liz,1.0,Liz,[1.000],,[],,[],"[0.000, 0.000, 0.000, 0.000, 1.000, 0.000, 0.000, 0.000]"
5014,200.56,200.6,Liz,1.0,Liz,[1.000],,[],,[],"[0.000, 0.000, 0.000, 0.000, 1.000, 0.000, 0.000, 0.000]"
5015,200.6,200.64,Liz,1.0,Liz,[1.000],,[],,[],"[0.000, 0.000, 0.000, 0.000, 1.000, 0.000, 0.000, 0.000]"
5016,200.64,200.68,Liz,1.0,Liz,[1.000],,[],,[],"[0.000, 0.000, 0.000, 0.000, 1.000, 0.000, 0.000, 0.000]"
5017,200.68,200.72,Liz,1.0,Liz,[1.000],,[],,[],"[0.000, 0.000, 0.000, 0.000, 1.000, 0.000, 0.000, 0.000]"
5018,200.72,200.76,Liz,1.0,Liz,[1.000],,[],,[],"[0.000, 0.000, 0.000, 0.000, 1.000, 0.000, 0.000, 0.000]"
5019,200.76,200.8,Liz,1.0,Liz,[1.000],,[],,[],"[0.000, 0.000, 0.000, 0.000, 1.000, 0.000, 0.000, 0.000]"
5020,200.8,200.84,Liz,1.0,Liz,[1.000],,[],,[],"[0.000, 0.000, 0.000, 0.000, 1.000, 0.000, 0.000, 0.000]"
5021,200.84,200.88,Liz,1.0,Liz,[1.000],,[],,[],"[0.000, 0.000, 0.000, 0.000, 1.000, 0.000, 0.000, 0.000]"
5022,200.88,200.92,Liz,1.0,Liz,[1.000],,[],,[],"[0.000, 0.000, 0.000, 0.000, 1.000, 0.000, 0.000, 0.000]"
5023,200.92,200.96,Liz,1.0,Liz,[1.000],,[],,[],"[0.000, 0.000, 0.000, 0.000, 1.000, 0.000, 0.000, 0.000]"
5024,200.96,201.0,Liz,1.0,Liz,[1.000],,[],,[],"[0.000, 0.000, 0.000, 0.000, 1.000, 0.000, 0.000, 0.000]"
5025,201.0,201.04,Liz,1.0,Liz,[1.000],,[],,[],"[0.000, 0.000, 0.000, 0.000, 1.000, 0.000, 0.000, 0.000]"
5026,201.04,201.08,Liz,1.0,Liz,[1.000],,[],,[],"[0.000, 0.000, 0.000, 0.000, 1.000, 0.000, 0.000, 0.000]"
5027,201.08,201.12,Liz,1.0,Liz,[1.000],,[],,[],"[0.000, 0.000, 0.000, 0.000, 1.000, 0.000, 0.000, 0.000]"
5028,201.12,201.16,Liz,1.0,Liz,[1.000],,[],,[],"[0.000, 0.000, 0.000, 0.000, 1.000, 0.000, 0.000, 0.000]"
5029,201.16,201.2,Liz,1.0,Liz,[1.000],,[],,[],"[0.000, 0.000, 0.000, 0.000, 1.000, 0.000, 0.000, 0.000]"
5030,201.2,201.24,Liz,1.0,Liz,[1.000],,[],,[],"[0.000, 0.000, 0.000, 0.000, 1.000, 0.000, 0.000, 0.000]"
5031,201.24,201.28,Liz,1.0,Liz,[1.000],,[],,[],"[0.000, 0.000, 0.000, 0.000, 1.000, 0.000, 0.000, 0.000]"
5032,201.28,201.32,Liz,1.0,Liz,[1.000],,[],,[],"[0.000, 0.000, 0.000, 0.000, 1.000, 0.000, 0.000, 0.000]"
5033,201.32,201.36,Liz,1.0,Liz,[1.000],,[],,[],"[0.000, 0.000, 0.000, 0.000, 1.000, 0.000, 0.000, 0.000]"
5034,201.36,201.4,Liz,1.0,Liz,[1.000],,[],,[],"[0.000, 0.000, 0.000, 0.000, 1.000, 0.000, 0.000, 0.000]"
5035,201.4,201.44,Liz,1.0,Liz,[1.000],,[],,[],"[0.000, 0.000, 0.000, 0.000, 1.000, 0.000, 0.000, 0.000]"
5036,201.44,201.48,Liz,1.0,Liz,[1.000],,[],,[],"[0.000, 0.000, 0.000, 0.000, 1.000, 0.000, 0.000, 0.000]"
5037,201.48,201.52,Liz,1.0,Liz,[1.000],,[],,[],"[0.000, 0.000, 0.000, 0.000, 1.000, 0.000, 0.000, 0.000]"
5038,201.52,201.56,Liz,1.0,Liz,[1.000],,[],,[],"[0.000, 0.000, 0.000, 0.000, 1.000, 0.000, 0.000, 0.000]"
5039,201.56,201.6,Liz,1.0,Liz,[1.000],,[],,[],"[0.000, 0.000, 0.000, 0.000, 1.000, 0.000, 0.000, 0.000]"
5040,201.6,201.64,Liz,1.0,Liz,[1.000],,[],,[],"[0.000, 0.000, 0.000, 0.000, 1.000, 0.000, 0.000, 0.000]"
5041,201.64,201.68,Liz,1.0,Liz,[1.000],,[],,[],"[0.000, 0.000, 0.000, 0.000, 1.000, 0.000, 0.000, 0.000]"
5042,201.68,201.72,Liz,1.0,Liz,[1.000],,[],,[],"[0.000, 0.000, 0.000, 0.000, 1.000, 0.000, 0.000, 0.000]"
5043,201.72,201.76,Liz,1.0,Liz,[1.000],,[],,[],"[0.000, 0.000, 0.000, 0.000, 1.000, 0.000, 0.000, 0.000]"
5044,201.76,201.8,Liz,1.0,Liz,[1.000],,[],,[],"[0.000, 0.000, 0.000, 0.000, 1.000, 0.000, 0.000, 0.000]"
5045,201.8,201.84,Liz,1.0,Liz,[1.000],,[],,[],"[0.000, 0.000, 0.000, 0.000, 1.000, 0.000, 0.000, 0.000]"
5046,201.84,201.88,Liz,1.0,Liz,[1.000],,[],,[],"[0.000, 0.000, 0.000, 0.000, 1.000, 0.000, 0.000, 0.000]"
5047,201.88,201.92,Liz,1.0,Liz,[1.000],,[],,[],"[0.000, 0.000, 0.000, 0.000, 1.000, 0.000, 0.000, 0.000]"
5048,201.92,201.96,Liz,1.0,Liz,[1.000],,[],,[],"[0.000, 0.000, 0.000, 0.000, 1.000, 0.000, 0.000, 0.000]"
5049,201.96,202.0,Liz,0.9999998807907104,Liz,[1.000],,[],,[],"[0.000, 0.000, 0.000, 0.000, 1.000, 0.000, 0.000, 0.000]"
5050,202.0,202.04,Liz,0.9999998807907104,Liz,[1.000],,[],,[],"[0.000, 0.000, 0.000, 0.000, 1.000, 0.000, 0.000, 0.000]"
5051,202.04,202.08,Liz,0.9999997615814209,Liz,[1.000],,[],,[],"[0.000, 0.000, 0.000, 0.000, 1.000, 0.000, 0.000, 0.000]"
5052,202.08,202.12,Liz,0.9999995231628418,Liz,[1.000],,[],,[],"[0.000, 0.000, 0.000, 0.000, 1.000, 0.000, 0.000, 0.000]"
5053,202.12,202.16,Liz,0.9999992847442627,Liz,[1.000],,[],,[],"[0.000, 0.000, 0.000, 0.000, 1.000, 0.000, 0.000, 0.000]"
5054,202.16,202.2,Liz,0.9999988079071045,Liz,[1.000],,[],,[],"[0.000, 0.000, 0.000, 0.000, 1.000, 0.000, 0.000, 0.000]"
5055,202.2,202.24,Liz,0.9999980926513672,Liz,[1.000],,[],,[],"[0.000, 0.000, 0.000, 0.000, 1.000, 0.000, 0.000, 0.000]"
5056,202.24,202.28,Liz,0.9999970197677612,Liz,[1.000],,[],,[],"[0.000, 0.000, 0.000, 0.000, 1.000, 0.000, 0.000, 0.000]"
5057,202.28,202.32,Liz,0.999995231628418,Liz,[1.000],,[],,[],"[0.000, 0.000, 0.000, 0.000, 1.000, 0.000, 0.000, 0.000]"
5058,202.32,202.36,Liz,0.9999927282333374,Liz,[1.000],,[],,[],"[0.000, 0.000, 0.000, 0.000, 1.000, 0.000, 0.000, 0.000]"
5059,202.36,202.4,Liz,0.9999891519546509,Liz,[1.000],,[],,[],"[0.000, 0.000, 0.000, 0.000, 1.000, 0.000, 0.000, 0.000]"
5060,202.4,202.44,Liz,0.9999840259552002,Liz,[1.000],,[],,[],"[0.000, 0.000, 0.000, 0.000, 1.000, 0.000, 0.000, 0.000]"
5061,202.44,202.48,Liz,0.999976634979248,Liz,[1.000],,[],,[],"[0.000, 0.000, 0.000, 0.000, 1.000, 0.000, 0.000, 0.000]"
5062,202.48,202.52,Liz,0.9999663829803467,Liz,[1.000],,[],,[],"[0.000, 0.000, 0.000, 0.000, 1.000, 0.000, 0.000, 0.000]"
5063,202.52,202.56,Liz,0.9999518394470215,Liz,[1.000],,[],,[],"[0.000, 0.000, 0.000, 0.000, 1.000, 0.000, 0.000, 0.000]"
5064,202.56,202.6,Liz,0.9999314546585083,Liz,[1.000],,[],,[],"[0.000, 0.000, 0.000, 0.000, 1.000, 0.000, 0.000, 0.000]"
5065,202.6,202.64,Liz,0.9999024868011475,Liz,[1.000],,[],,[],"[0.000, 0.000, 0.000, 0.000, 1.000, 0.000, 0.000, 0.000]"
5066,202.64,202.68,Liz,0.9998613595962524,Liz,[1.000],,[],,[],"[0.000, 0.000, 0.000, 0.000, 1.000, 0.000, 0.000, 0.000]"
5067,202.68,202.72,Liz,0.9998027682304382,Liz,[1.000],,[],,[],"[0.000, 0.000, 0.000, 0.000, 1.000, 0.000, 0.000, 0.000]"
5068,202.72,202.76,Liz,0.9997194409370422,Liz,[1.000],,[],,[],"[0.000, 0.000, 0.000, 0.000, 1.000, 0.000, 0.000, 0.000]"
5069,202.76,202.8,Liz,0.9996020197868347,Liz,[1.000],,[],,[],"[0.000, 0.000, 0.000, 0.000, 1.000, 0.000, 0.000, 0.000]"
5070,202.8,202.84,Liz,0.9994377493858337,Liz,[0.999],,[],,[],"[0.000, 0.000, 0.000, 0.000, 0.999, 0.000, 0.000, 0.000]"
5071,202.84,202.88,Liz,0.9992111921310425,Liz,[0.999],,[],,[],"[0.000, 0.000, 0.000, 0.000, 0.999, 0.000, 0.000, 0.000]"
5072,202.88,202.92,Liz,0.9989008903503418,Liz,[0.999],,[],,[],"[0.000, 0.000, 0.000, 0.000, 0.999, 0.000, 0.000, 0.000]"
5073,202.92,202.96,Liz,0.9984802603721619,Liz,[0.998],,[],,[],"[0.000, 0.000, 0.000, 0.000, 0.998, 0.000, 0.000, 0.000]"
5074,202.96,203.0,Liz,0.9979191422462463,Liz,[0.998],,[],,[],"[0.000, 0.000, 0.000, 0.000, 0.998, 0.000, 0.000, 0.001]"
5075,203.0,203.04,Liz,0.9971848130226135,Liz,[0.997],,[],,[],"[0.000, 0.000, 0.000, 0.000, 0.997, 0.000, 0.000, 0.001]"
5076,203.04,203.08,Liz,0.9962444305419922,Liz,[0.996],,[],,[],"[0.000, 0.000, 0.000, 0.000, 0.996, 0.000, 0.000, 0.001]"
5077,203.08,203.12,Liz,0.9950627684593201,Liz,[0.995],,[],,[],"[0.000, 0.000, 0.000, 0.000, 0.995, 0.000, 0.000, 0.001]"
5078,203.12,203.16,Liz,0.9936043620109558,Liz,[0.994],,[],,[],"[0.000, 0.000, 0.000, 0.000, 0.994, 0.000, 0.000, 0.001]"
5079,203.16,203.2,Liz,0.9918431639671326,Liz,[0.992],,[],,[],"[0.000, 0.000, 0.000, 0.000, 0.992, 0.000, 0.000, 0.001]"
5080,203.2,203.24,Liz,0.9897825717926025,Liz,[0.990],,[],,[],"[0.000, 0.000, 0.000, 0.000, 0.990, 0.000, 0.000, 0.001]"
5081,203.24,203.28,Liz,0.9874448776245117,Liz,[0.987],,[],,[],"[0.000, 0.000, 0.000, 0.000, 0.987, 0.000, 0.000, 0.001]"
5082,203.28,203.32,Liz,0.9848547577857971,Liz,[0.985],,[],,[],"[0.000, 0.000, 0.000, 0.000, 0.985, 0.000, 0.000, 0.001]"
5083,203.32,203.36,Liz,0.9820402264595032,Liz,[0.982],,[],,[],"[0.000, 0.000, 0.000, 0.000, 0.982, 0.000, 0.000, 0.001]"
5084,203.36,203.4,Liz,0.9790665507316589,Liz,[0.979],,[],,[],"[0.000, 0.000, 0.000, 0.000, 0.979, 0.000, 0.000, 0.001]"
5085,203.4,203.44,Liz,0.9760787487030029,Liz,[0.976],,[],,[],"[0.000, 0.000, 0.000, 0.000, 0.976, 0.000, 0.000, 0.001]"
5086,203.44,203.48,Liz,0.9732927680015564,Liz,[0.973],,[],,[],"[0.000, 0.000, 0.000, 0.000, 0.973, 0.000, 0.000, 0.001]"
5087,203.48,203.52,Liz,0.9709576368331909,Liz,[0.971],,[],,[],"[0.000, 0.000, 0.000, 0.000, 0.971, 0.000, 0.000, 0.001]"
5088,203.52,203.56,Liz,0.9693260788917542,Liz,[0.969],,[],,[],"[0.000, 0.000, 0.000, 0.000, 0.969, 0.000, 0.000, 0.001]"
5089,203.56,203.6,Liz,0.9685651063919067,Liz,[0.969],,[],,[],"[0.000, 0.000, 0.000, 0.000, 0.969, 0.000, 0.000, 0.001]"
5090,203.6,203.64,Liz,0.9687400460243225,Liz,[0.969],,[],,[],"[0.000, 0.000, 0.000, 0.000, 0.969, 0.000, 0.000, 0.001]"
5091,203.64,203.68,Liz,0.9698580503463745,Liz,[0.970],,[],,[],"[0.000, 0.000, 0.000, 0.000, 0.970, 0.000, 0.000, 0.000]"
5092,203.68,203.72,Liz,0.9717862010002136,Liz,[0.972],,[],,[],"[0.000, 0.000, 0.000, 0.000, 0.972, 0.000, 0.000, 0.000]"
5093,203.72,203.76,Liz,0.9743518233299255,Liz,[0.974],,[],,[],"[0.000, 0.000, 0.000, 0.000, 0.974, 0.000, 0.000, 0.000]"
5094,203.76,203.8,Liz,0.9773853421211243,Liz,[0.977],,[],,[],"[0.000, 0.000, 0.000, 0.000, 0.977, 0.000, 0.000, 0.000]"
5095,203.8,203.84,Liz,0.980668842792511,Liz,[0.981],,[],,[],"[0.000, 0.000, 0.000, 0.000, 0.981, 0.000, 0.000, 0.000]"
5096,203.84,203.88,Liz,0.9839602112770081,Liz,[0.984],,[],,[],"[0.000, 0.000, 0.000, 0.000, 0.984, 0.000, 0.000, 0.000]"
5097,203.88,203.92,Liz,0.987052857875824,Liz,[0.987],,[],,[],"[0.000, 0.000, 0.000, 0.000, 0.987, 0.000, 0.000, 0.000]"
5098,203.92,203.96,Liz,0.9897934198379517,Liz,[0.990],,[],,[],"[0.000, 0.000, 0.000, 0.000, 0.990, 0.000, 0.000, 0.000]"
5099,203.96,204.0,Liz,0.9921070337295532,Liz,[0.992],,[],,[],"[0.000, 0.000, 0.000, 0.000, 0.992, 0.000, 0.000, 0.000]"
5100,204.0,204.04,Liz,0.9939789772033691,Liz,[0.994],,[],,[],"[0.000, 0.000, 0.000, 0.000, 0.994, 0.000, 0.000, 0.000]"
5101,204.04,204.08,Liz,0.9954466223716736,Liz,[0.995],,[],,[],"[0.000, 0.000, 0.000, 0.000, 0.995, 0.000, 0.000, 0.000]"
5102,204.08,204.12,Liz,0.996567964553833,Liz,[0.997],,[],,[],"[0.000, 0.000, 0.000, 0.000, 0.997, 0.000, 0.000, 0.000]"
5103,204.12,204.16,Liz,0.9974064230918884,Liz,[0.997],,[],,[],"[0.000, 0.000, 0.000, 0.000, 0.997, 0.000, 0.000, 0.000]"
5104,204.16,204.2,Liz,0.9980220794677734,Liz,[0.998],,[],,[],"[0.000, 0.000, 0.000, 0.000, 0.998, 0.000, 0.000, 0.000]"
5105,204.2,204.24,Liz,0.9984671473503113,Liz,[0.998],,[],,[],"[0.000, 0.000, 0.000, 0.000, 0.998, 0.000, 0.000, 0.000]"
5106,204.24,204.28,Liz,0.9987854361534119,Liz,[0.999],,[],,[],"[0.000, 0.000, 0.000, 0.000, 0.999, 0.000, 0.000, 0.000]"
5107,204.28,204.32,Liz,0.9990111589431763,Liz,[0.999],,[],,[],"[0.000, 0.000, 0.000, 0.000, 0.999, 0.000, 0.000, 0.000]"
5108,204.32,204.36,Liz,0.9991704225540161,Liz,[0.999],,[],,[],"[0.000, 0.000, 0.000, 0.000, 0.999, 0.000, 0.000, 0.000]"
5109,204.36,204.4,Liz,0.9992815852165222,Liz,[0.999],,[],,[],"[0.000, 0.000, 0.000, 0.000, 0.999, 0.000, 0.000, 0.000]"
5110,204.4,204.44,Liz,0.9993568062782288,Liz,[0.999],,[],,[],"[0.000, 0.000, 0.000, 0.000, 0.999, 0.000, 0.000, 0.000]"
5111,204.44,204.48,Liz,0.9994046688079834,Liz,[0.999],,[],,[],"[0.000, 0.000, 0.000, 0.000, 0.999, 0.000, 0.000, 0.000]"
5112,204.48,204.52,Liz,0.9994303584098816,Liz,[0.999],,[],,[],"[0.000, 0.000, 0.000, 0.000, 0.999, 0.000, 0.000, 0.000]"
5113,204.52,204.56,Liz,0.9994370341300964,Liz,[0.999],,[],,[],"[0.000, 0.000, 0.000, 0.000, 0.999, 0.000, 0.000, 0.000]"
5114,204.56,204.6,Liz,0.9994263648986816,Liz,[0.999],,[],,[],"[0.000, 0.000, 0.000, 0.000, 0.999, 0.000, 0.000, 0.000]"
5115,204.6,204.64,Liz,0.9993983507156372,Liz,[0.999],,[],,[],"[0.000, 0.000, 0.000, 0.000, 0.999, 0.000, 0.000, 0.000]"
5116,204.64,204.68,Liz,0.9993520379066467,Liz,[0.999],,[],,[],"[0.000, 0.000, 0.000, 0.000, 0.999, 0.000, 0.000, 0.000]"
5117,204.68,204.72,Liz,0.9992863535881042,Liz,[0.999],,[],,[],"[0.000, 0.000, 0.000, 0.000, 0.999, 0.000, 0.000, 0.000]"
5118,204.72,204.76,Liz,0.999198853969574,Liz,[0.999],,[],,[],"[0.000, 0.000, 0.000, 0.000, 0.999, 0.000, 0.000, 0.000]"
5119,204.76,204.8,Liz,0.9990860223770142,Liz,[0.999],,[],,[],"[0.000, 0.000, 0.000, 0.000, 0.999, 0.000, 0.000, 0.000]"
5120,204.8,204.84,Liz,0.9989443421363831,Liz,[0.999],,[],,[],"[0.000, 0.000, 0.000, 0.000, 0.999, 0.000, 0.000, 0.000]"
5121,204.84,204.88,Liz,0.9987708926200867,Liz,[0.999],,[],,[],"[0.000, 0.000, 0.000, 0.000, 0.999, 0.000, 0.000, 0.000]"
5122,204.88,204.92,Liz,0.9985640645027161,Liz,[0.999],,[],,[],"[0.000, 0.000, 0.000, 0.000, 0.999, 0.000, 0.000, 0.000]"
5123,204.92,204.96,Liz,0.9983249306678772,Liz,[0.998],,[],,[],"[0.000, 0.000, 0.000, 0.000, 0.998, 0.000, 0.000, 0.000]"
5124,204.96,205.0,Liz,0.9980599284172058,Liz,[0.998],,[],,[],"[0.000, 0.000, 0.000, 0.000, 0.998, 0.000, 0.000, 0.000]"
5125,205.0,205.04,Liz,0.9977790713310242,Liz,[0.998],,[],,[],"[0.000, 0.000, 0.000, 0.000, 0.998, 0.000, 0.000, 0.000]"
5126,205.04,205.08,Liz,0.9974946975708008,Liz,[0.997],,[],,[],"[0.000, 0.001, 0.000, 0.000, 0.997, 0.000, 0.000, 0.000]"
5127,205.08,205.12,Liz,0.9972244501113892,Liz,[0.997],,[],,[],"[0.000, 0.001, 0.000, 0.000, 0.997, 0.000, 0.000, 0.000]"
5128,205.12,205.16,Liz,0.9969896078109741,Liz,[0.997],,[],,[],"[0.000, 0.001, 0.000, 0.000, 0.997, 0.000, 0.000, 0.001]"
5129,205.16,205.2,Liz,0.9968097805976868,Liz,[0.997],,[],,[],"[0.000, 0.001, 0.000, 0.000, 0.997, 0.000, 0.000, 0.001]"
5130,205.2,205.24,Liz,0.9966968297958374,Liz,[0.997],,[],,[],"[0.000, 0.002, 0.000, 0.000, 0.997, 0.000, 0.000, 0.001]"
5131,205.24,205.28,Liz,0.9966611862182617,Liz,[0.997],,[],,[],"[0.000, 0.002, 0.000, 0.000, 0.997, 0.000, 0.000, 0.001]"
5132,205.28,205.32,Liz,0.9967143535614014,Liz,[0.997],,[],,[],"[0.000, 0.002, 0.000, 0.000, 0.997, 0.000, 0.000, 0.001]"
5133,205.32,205.36,Liz,0.9968547821044922,Liz,[0.997],,[],,[],"[0.000, 0.002, 0.000, 0.000, 0.997, 0.000, 0.000, 0.001]"
5134,205.36,205.4,Liz,0.9970695376396179,Liz,[0.997],,[],,[],"[0.000, 0.002, 0.000, 0.000, 0.997, 0.000, 0.001, 0.001]"
5135,205.4,205.44,Liz,0.9973390698432922,Liz,[0.997],,[],,[],"[0.000, 0.002, 0.000, 0.000, 0.997, 0.000, 0.001, 0.001]"
5136,205.44,205.48,Liz,0.997641921043396,Liz,[0.998],,[],,[],"[0.000, 0.002, 0.000, 0.000, 0.998, 0.000, 0.001, 0.001]"
5137,205.48,205.52,Liz,0.9979555606842041,Liz,[0.998],,[],,[],"[0.000, 0.002, 0.000, 0.000, 0.998, 0.000, 0.001, 0.001]"
5138,205.52,205.56,Liz,0.9982615113258362,Liz,[0.998],,[],,[],"[0.000, 0.001, 0.000, 0.000, 0.998, 0.000, 0.002, 0.001]"
5139,205.56,205.6,Liz,0.9985478520393372,Liz,[0.999],,[],,[],"[0.000, 0.001, 0.000, 0.000, 0.999, 0.000, 0.002, 0.001]"
5140,205.6,205.64,Liz,0.998806357383728,Liz,[0.999],,[],,[],"[0.000, 0.001, 0.000, 0.000, 0.999, 0.000, 0.002, 0.001]"
5141,205.64,205.68,Liz,0.9990322589874268,Liz,[0.999],,[],,[],"[0.000, 0.001, 0.000, 0.000, 0.999, 0.000, 0.003, 0.000]"
5142,205.68,205.72,Liz,0.9992243051528931,Liz,[0.999],,[],,[],"[0.000, 0.001, 0.000, 0.000, 0.999, 0.000, 0.003, 0.000]"
5143,205.72,205.76,Liz,0.9993829727172852,Liz,[0.999],,[],,[],"[0.000, 0.001, 0.000, 0.000, 0.999, 0.000, 0.003, 0.000]"
5144,205.76,205.8,Liz,0.9995102882385254,Liz,[1.000],,[],,[],"[0.000, 0.001, 0.000, 0.000, 1.000, 0.000, 0.003, 0.000]"
5145,205.8,205.84,Liz,0.999609649181366,Liz,[1.000],,[],,[],"[0.000, 0.000, 0.000, 0.000, 1.000, 0.000, 0.003, 0.000]"
5146,205.84,205.88,Liz,0.9996857643127441,Liz,[1.000],,[],,[],"[0.000, 0.000, 0.000, 0.000, 1.000, 0.000, 0.003, 0.000]"
5147,205.88,205.92,Liz,0.9997432827949524,Liz,[1.000],,[],,[],"[0.000, 0.000, 0.000, 0.000, 1.000, 0.000, 0.003, 0.000]"
5148,205.92,205.96,Liz,0.9997863173484802,Liz,[1.000],,[],,[],"[0.000, 0.000, 0.000, 0.000, 1.000, 0.000, 0.003, 0.000]"
5149,205.96,206.0,Liz,0.9998179078102112,Liz,[1.000],,[],,[],"[0.000, 0.000, 0.000, 0.000, 1.000, 0.000, 0.003, 0.000]"
5150,206.0,206.04,Liz,0.9998407363891602,Liz,[1.000],,[],,[],"[0.000, 0.000, 0.000, 0.000, 1.000, 0.000, 0.003, 0.000]"
5151,206.04,206.08,Liz,0.9998563528060913,Liz,[1.000],,[],,[],"[0.000, 0.000, 0.000, 0.000, 1.000, 0.000, 0.002, 0.000]"
5152,206.08,206.12,Liz,0.9998660087585449,Liz,[1.000],,[],,[],"[0.000, 0.000, 0.000, 0.000, 1.000, 0.000, 0.002, 0.000]"
5153,206.12,206.16,Liz,0.9998708963394165,Liz,[1.000],,[],,[],"[0.000, 0.000, 0.000, 0.000, 1.000, 0.000, 0.002, 0.000]"
5154,206.16,206.2,Liz,0.999871015548706,Liz,[1.000],,[],,[],"[0.000, 0.000, 0.000, 0.000, 1.000, 0.000, 0.002, 0.000]"
5155,206.2,206.24,Liz,0.9998663663864136,Liz,[1.000],,[],,[],"[0.000, 0.000, 0.000, 0.000, 1.000, 0.000, 0.002, 0.000]"
5156,206.24,206.28,Liz,0.9998563528060913,Liz,[1.000],,[],,[],"[0.000, 0.000, 0.000, 0.000, 1.000, 0.000, 0.002, 0.000]"
5157,206.28,206.32,Liz,0.9998396635055542,Liz,[1.000],,[],,[],"[0.000, 0.001, 0.000, 0.000, 1.000, 0.000, 0.002, 0.000]"
5158,206.32,206.36,Liz,0.9998142123222351,Liz,[1.000],,[],,[],"[0.000, 0.001, 0.000, 0.000, 1.000, 0.000, 0.001, 0.000]"
5159,206.36,206.4,Liz,0.9997765421867371,Liz,[1.000],,[],,[],"[0.000, 0.001, 0.000, 0.000, 1.000, 0.000, 0.001, 0.000]"
5160,206.4,206.44,Liz,0.9997217059135437,Liz,[1.000],,[],,[],"[0.000, 0.001, 0.000, 0.000, 1.000, 0.000, 0.001, 0.000]"
5161,206.44,206.48,Liz,0.9996415376663208,Liz,[1.000],,[],,[],"[0.000, 0.001, 0.000, 0.000, 1.000, 0.000, 0.001, 0.000]"
5162,206.48,206.52,Liz,0.9995232820510864,Liz,[1.000],,[],,[],"[0.000, 0.001, 0.000, 0.000, 1.000, 0.000, 0.001, 0.001]"
5163,206.52,206.56,Liz,0.9993467926979065,Liz,[0.999],,[],,[],"[0.000, 0.002, 0.000, 0.000, 0.999, 0.000, 0.001, 0.001]"
5164,206.56,206.6,Liz,0.9990805387496948,Liz,[0.999],,[],,[],"[0.000, 0.002, 0.000, 0.000, 0.999, 0.000, 0.001, 0.001]"
5165,206.6,206.64,Liz,0.9986739158630371,Liz,[0.999],,[],,[],"[0.000, 0.002, 0.000, 0.000, 0.999, 0.000, 0.000, 0.001]"
5166,206.64,206.68,Liz,0.998046875,Liz,[0.998],,[],,[],"[0.000, 0.002, 0.000, 0.000, 0.998, 0.000, 0.000, 0.001]"
5167,206.68,206.72,Liz,0.9970707893371582,Liz,[0.997],,[],,[],"[0.000, 0.002, 0.000, 0.000, 0.997, 0.000, 0.000, 0.002]"
5168,206.72,206.76,Liz,0.9955413937568665,Liz,[0.996],,[],,[],"[0.000, 0.003, 0.000, 0.000, 0.996, 0.000, 0.000, 0.002]"
5169,206.76,206.8,Liz,0.9931371212005615,Liz,[0.993],,[],,[],"[0.000, 0.003, 0.000, 0.000, 0.993, 0.000, 0.000, 0.003]"
5170,206.8,206.84,Liz,0.9893617033958435,Liz,[0.989],,[],,[],"[0.000, 0.003, 0.000, 0.000, 0.989, 0.000, 0.000, 0.004]"
5171,206.84,206.88,Liz,0.9834697842597961,Liz,[0.983],,[],,[],"[0.000, 0.003, 0.000, 0.000, 0.983, 0.000, 0.000, 0.006]"
5172,206.88,206.92,Liz,0.9744521975517273,Liz,[0.974],,[],,[],"[0.000, 0.002, 0.000, 0.000, 0.974, 0.000, 0.000, 0.008]"
5173,206.92,206.96,Liz,0.9609716534614563,Liz,[0.961],,[],,[],"[0.000, 0.002, 0.000, 0.000, 0.961, 0.000, 0.000, 0.010]"
5174,206.96,207.0,Liz,0.9414111375808716,Liz,[0.941],,[],,[],"[0.000, 0.002, 0.000, 0.000, 0.941, 0.000, 0.000, 0.014]"
5175,207.0,207.04,Liz,0.9141532182693481,Liz,[0.914],,[],,[],"[0.000, 0.002, 0.000, 0.000, 0.914, 0.000, 0.000, 0.018]"
5176,207.04,207.08,Liz,0.8780888319015503,Liz,[0.878],,[],,[],"[0.000, 0.001, 0.000, 0.000, 0.878, 0.000, 0.000, 0.022]"
5177,207.08,207.12,Liz,0.8332271575927734,Liz,[0.833],,[],,[],"[0.000, 0.001, 0.000, 0.000, 0.833, 0.000, 0.000, 0.028]"
5178,207.12,207.16,Liz,0.781241238117218,Liz,[0.781],,[],,[],"[0.000, 0.001, 0.000, 0.000, 0.781, 0.000, 0.000, 0.034]"
5179,207.16,207.2,Liz,0.7254934310913086,Liz,[0.725],,[],,[],"[0.000, 0.001, 0.000, 0.000, 0.725, 0.000, 0.000, 0.041]"
5180,207.2,207.24,Liz,0.6703410744667053,Liz,[0.670],,[],,[],"[0.000, 0.001, 0.000, 0.000, 0.670, 0.000, 0.000, 0.048]"
5181,207.24,207.28,Liz,0.6203257441520691,Liz,[0.620],,[],,[],"[0.000, 0.000, 0.000, 0.000, 0.620, 0.000, 0.000, 0.055]"
5182,207.28,207.32,Liz,0.5789105892181396,Liz,[0.579],,[],,[],"[0.000, 0.000, 0.000, 0.000, 0.579, 0.000, 0.000, 0.061]"
5183,207.32,207.36,Liz,0.5488797426223755,Liz,[0.549],,[],,[],"[0.000, 0.000, 0.000, 0.000, 0.549, 0.000, 0.000, 0.066]"
5184,207.36,207.4,Liz,0.5320993661880493,Liz,[0.532],,[],,[],"[0.000, 0.000, 0.000, 0.000, 0.532, 0.000, 0.000, 0.069]"
5185,207.4,207.44,Liz,0.529383659362793,Liz,[0.529],,[],,[],"[0.000, 0.000, 0.000, 0.000, 0.529, 0.000, 0.000, 0.069]"
5186,207.44,207.48,Liz,0.5405358076095581,Liz,[0.541],,[],,[],"[0.000, 0.000, 0.000, 0.000, 0.541, 0.000, 0.000, 0.067]"
5187,207.48,207.52,Liz,0.565123975276947,Liz,[0.565],,[],,[],"[0.000, 0.000, 0.000, 0.000, 0.565, 0.000, 0.000, 0.064]"
5188,207.52,207.56,Liz,0.602339506149292,Liz,[0.602],,[],,[],"[0.000, 0.000, 0.000, 0.000, 0.602, 0.000, 0.000, 0.058]"
5189,207.56,207.6,Liz,0.6506562232971191,Liz,[0.651],,[],,[],"[0.000, 0.000, 0.000, 0.000, 0.651, 0.000, 0.000, 0.052]"
5190,207.6,207.64,Liz,0.7069201469421387,Liz,[0.707],,[],,[],"[0.000, 0.000, 0.000, 0.000, 0.707, 0.000, 0.000, 0.044]"
5191,207.64,207.68,Liz,0.766486406326294,Liz,[0.766],,[],,[],"[0.000, 0.000, 0.000, 0.000, 0.766, 0.000, 0.000, 0.037]"
5192,207.68,207.72,Liz,0.824152946472168,Liz,[0.824],,[],,[],"[0.000, 0.000, 0.000, 0.000, 0.824, 0.000, 0.000, 0.030]"
5193,207.72,207.76,Liz,0.8751673102378845,Liz,[0.875],,[],,[],"[0.000, 0.000, 0.000, 0.000, 0.875, 0.000, 0.000, 0.023]"
5194,207.76,207.8,Liz,0.9164171814918518,Liz,[0.916],,[],,[],"[0.000, 0.000, 0.000, 0.000, 0.916, 0.000, 0.000, 0.018]"
5195,207.8,207.84,Liz,0.9470245242118835,Liz,[0.947],,[],,[],"[0.000, 0.000, 0.000, 0.000, 0.947, 0.000, 0.000, 0.013]"
5196,207.84,207.88,Liz,0.9680334329605103,Liz,[0.968],,[],,[],"[0.000, 0.000, 0.000, 0.000, 0.968, 0.000, 0.000, 0.009]"
5197,207.88,207.92,Liz,0.9814914464950562,Liz,[0.981],,[],,[],"[0.000, 0.000, 0.000, 0.000, 0.981, 0.000, 0.000, 0.007]"
5198,207.92,207.96,Liz,0.9896447658538818,Liz,[0.990],,[],,[],"[0.000, 0.000, 0.000, 0.000, 0.990, 0.000, 0.000, 0.005]"
5199,207.96,208.0,Liz,0.9943596720695496,Liz,[0.994],,[],,[],"[0.000, 0.000, 0.000, 0.000, 0.994, 0.000, 0.000, 0.003]"
5200,208.0,208.04,Liz,0.9969856142997742,Liz,[0.997],,[],,[],"[0.000, 0.000, 0.000, 0.000, 0.997, 0.000, 0.000, 0.002]"
5201,208.04,208.08,Liz,0.9984055161476135,Liz,[0.998],,[],,[],"[0.000, 0.000, 0.000, 0.000, 0.998, 0.000, 0.000, 0.001]"
5202,208.08,208.12,Liz,0.99915611743927,Liz,[0.999],,[],,[],"[0.000, 0.000, 0.000, 0.000, 0.999, 0.000, 0.000, 0.001]"
5203,208.12,208.16,Liz,0.9995480179786682,Liz,[1.000],,[],,[],"[0.000, 0.000, 0.000, 0.000, 1.000, 0.000, 0.000, 0.001]"
5204,208.16,208.2,Liz,0.9997527003288269,Liz,[1.000],,[],,[],"[0.000, 0.000, 0.000, 0.000, 1.000, 0.000, 0.000, 0.000]"
5205,208.2,208.24,Liz,0.9998606443405151,Liz,[1.000],,[],,[],"[0.000, 0.000, 0.000, 0.000, 1.000, 0.000, 0.000, 0.000]"
5206,208.24,208.28,Liz,0.9999188184738159,Liz,[1.000],,[],,[],"[0.000, 0.000, 0.000, 0.000, 1.000, 0.000, 0.000, 0.000]"
5207,208.28,208.32,Liz,0.9999508857727051,Liz,[1.000],,[],,[],"[0.000, 0.000, 0.000, 0.000, 1.000, 0.000, 0.000, 0.000]"
5208,208.32,208.36,Liz,0.9999690055847168,Liz,[1.000],,[],,[],"[0.000, 0.000, 0.000, 0.000, 1.000, 0.000, 0.000, 0.000]"
5209,208.36,208.4,Liz,0.9999796152114868,Liz,[1.000],,[],,[],"[0.000, 0.000, 0.000, 0.000, 1.000, 0.000, 0.000, 0.000]"
5210,208.4,208.44,Liz,0.999985933303833,Liz,[1.000],,[],,[],"[0.000, 0.000, 0.000, 0.000, 1.000, 0.000, 0.000, 0.000]"
5211,208.44,208.48,Liz,0.9999897480010986,Liz,[1.000],,[],,[],"[0.000, 0.000, 0.000, 0.000, 1.000, 0.000, 0.000, 0.000]"
5212,208.48,208.52,Liz,0.9999922513961792,Liz,[1.000],,[],,[],"[0.000, 0.000, 0.000, 0.000, 1.000, 0.000, 0.000, 0.000]"
5213,208.52,208.56,Liz,0.9999938011169434,Liz,[1.000],,[],,[],"[0.000, 0.000, 0.000, 0.000, 1.000, 0.000, 0.000, 0.000]"
5214,208.56,208.6,Liz,0.9999947547912598,Liz,[1.000],,[],,[],"[0.000, 0.000, 0.000, 0.000, 1.000, 0.000, 0.000, 0.000]"
5215,208.6,208.64,Liz,0.9999953508377075,Liz,[1.000],,[],,[],"[0.000, 0.000, 0.000, 0.000, 1.000, 0.000, 0.000, 0.000]"
5216,208.64,208.68,Liz,0.9999955892562866,Liz,[1.000],,[],,[],"[0.000, 0.000, 0.000, 0.000, 1.000, 0.000, 0.000, 0.000]"
5217,208.68,208.72,Liz,0.9999957084655762,Liz,[1.000],,[],,[],"[0.000, 0.000, 0.000, 0.000, 1.000, 0.000, 0.000, 0.000]"
5218,208.72,208.76,Liz,0.9999957084655762,Liz,[1.000],,[],,[],"[0.000, 0.000, 0.000, 0.000, 1.000, 0.000, 0.000, 0.000]"
5219,208.76,208.8,Liz,0.9999953508377075,Liz,[1.000],,[],,[],"[0.000, 0.000, 0.000, 0.000, 1.000, 0.000, 0.000, 0.000]"
5220,208.8,208.84,Liz,0.9999949932098389,Liz,[1.000],,[],,[],"[0.000, 0.000, 0.000, 0.000, 1.000, 0.000, 0.000, 0.000]"
5221,208.84,208.88,Liz,0.9999942779541016,Liz,[1.000],,[],,[],"[0.000, 0.000, 0.000, 0.000, 1.000, 0.000, 0.000, 0.000]"
5222,208.88,208.92,Liz,0.9999934434890747,Liz,[1.000],,[],,[],"[0.000, 0.000, 0.000, 0.000, 1.000, 0.000, 0.000, 0.000]"
5223,208.92,208.96,Liz,0.9999921321868896,Liz,[1.000],,[],,[],"[0.000, 0.000, 0.000, 0.000, 1.000, 0.000, 0.000, 0.000]"
5224,208.96,209.0,Liz,0.9999903440475464,Liz,[1.000],,[],,[],"[0.000, 0.000, 0.000, 0.000, 1.000, 0.000, 0.000, 0.000]"
5225,209.0,209.04,Liz,0.9999878406524658,Liz,[1.000],,[],,[],"[0.000, 0.001, 0.000, 0.000, 1.000, 0.000, 0.000, 0.000]"
5226,209.04,209.08,Liz,0.9999845027923584,Liz,[1.000],,[],,[],"[0.000, 0.001, 0.000, 0.000, 1.000, 0.000, 0.000, 0.000]"
5227,209.08,209.12,Liz,0.9999796152114868,Liz,[1.000],,[],,[],"[0.000, 0.001, 0.000, 0.000, 1.000, 0.000, 0.000, 0.000]"
5228,209.12,209.16,Liz,0.999972939491272,Liz,[1.000],,[],,[],"[0.000, 0.001, 0.000, 0.000, 1.000, 0.000, 0.000, 0.000]"
5229,209.16,209.2,Liz,0.9999632835388184,Liz,[1.000],,[],,[],"[0.000, 0.002, 0.000, 0.000, 1.000, 0.000, 0.000, 0.000]"
5230,209.2,209.24,Liz,0.99994957447052,Liz,[1.000],,[],,[],"[0.000, 0.003, 0.000, 0.000, 1.000, 0.000, 0.000, 0.000]"
5231,209.24,209.28,Liz,0.9999295473098755,Liz,[1.000],,[],,[],"[0.000, 0.003, 0.000, 0.000, 1.000, 0.000, 0.000, 0.000]"
5232,209.28,209.32,Liz,0.9999001026153564,Liz,[1.000],,[],,[],"[0.000, 0.004, 0.000, 0.000, 1.000, 0.000, 0.000, 0.000]"
5233,209.32,209.36,Liz,0.9998559951782227,Liz,[1.000],,[],,[],"[0.000, 0.005, 0.000, 0.000, 1.000, 0.000, 0.000, 0.000]"
5234,209.36,209.4,Liz,0.9997885823249817,Liz,[1.000],,[],,[],"[0.000, 0.007, 0.000, 0.000, 1.000, 0.000, 0.000, 0.000]"
5235,209.4,209.44,Liz,0.9996834993362427,Liz,[1.000],,[],,[],"[0.000, 0.008, 0.000, 0.000, 1.000, 0.000, 0.000, 0.000]"
5236,209.44,209.48,Liz,0.9995170831680298,Liz,[1.000],,[],,[],"[0.000, 0.009, 0.000, 0.000, 1.000, 0.000, 0.000, 0.000]"
5237,209.48,209.52,Liz,0.9992489218711853,Liz,[0.999],,[],,[],"[0.000, 0.010, 0.000, 0.000, 0.999, 0.000, 0.000, 0.000]"
5238,209.52,209.56,Liz,0.9988088607788086,Liz,[0.999],,[],,[],"[0.000, 0.011, 0.000, 0.000, 0.999, 0.000, 0.000, 0.000]"
5239,209.56,209.6,Liz,0.9980725049972534,Liz,[0.998],,[],,[],"[0.000, 0.012, 0.000, 0.000, 0.998, 0.000, 0.000, 0.001]"
5240,209.6,209.64,Liz,0.996817946434021,Liz,[0.997],,[],,[],"[0.001, 0.012, 0.000, 0.000, 0.997, 0.000, 0.000, 0.001]"
5241,209.64,209.68,Liz,0.994633674621582,Liz,[0.995],,[],,[],"[0.001, 0.012, 0.000, 0.000, 0.995, 0.000, 0.000, 0.002]"
5242,209.68,209.72,Liz,0.9907577037811279,Liz,[0.991],,[],,[],"[0.001, 0.012, 0.000, 0.000, 0.991, 0.000, 0.000, 0.002]"
5243,209.72,209.76,Liz,0.983768880367279,Liz,[0.984],,[],,[],"[0.001, 0.011, 0.000, 0.000, 0.984, 0.000, 0.000, 0.004]"
5244,209.76,209.8,Liz,0.9710439443588257,Liz,[0.971],,[],,[],"[0.001, 0.011, 0.000, 0.000, 0.971, 0.000, 0.000, 0.006]"
5245,209.8,209.84,Liz,0.9478671550750732,Liz,[0.948],,[],,[],"[0.001, 0.010, 0.000, 0.001, 0.948, 0.000, 0.000, 0.009]"
5246,209.84,209.88,Liz,0.9064493775367737,Liz,[0.906],,[],,[],"[0.000, 0.009, 0.000, 0.001, 0.906, 0.000, 0.000, 0.015]"
5247,209.88,209.92,Liz,0.8359543681144714,Liz,[0.836],,[],,[],"[0.000, 0.008, 0.000, 0.001, 0.836, 0.000, 0.000, 0.023]"
5248,209.92,209.96,Liz,0.7263020873069763,Liz,[0.726],,[],,[],"[0.000, 0.007, 0.000, 0.001, 0.726, 0.000, 0.000, 0.037]"
5249,209.96,210.0,Liz,0.5788057446479797,Liz,[0.579],,[],,[],"[0.000, 0.006, 0.000, 0.001, 0.579, 0.000, 0.000, 0.058]"
5250,210.0,210.04,silence,0.08928230404853821,,[],,[],,[],"[0.000, 0.005, 0.000, 0.001, 0.416, 0.000, 0.000, 0.089]"
5251,210.04,210.08,silence,0.13371245563030243,,[],,[],,[],"[0.000, 0.005, 0.000, 0.001, 0.271, 0.000, 0.000, 0.134]"
5252,210.08,210.12,silence,0.19324710965156555,,[],,[],,[],"[0.000, 0.004, 0.000, 0.001, 0.164, 0.000, 0.000, 0.193]"
5253,210.12,210.16,silence,0.2675063908100128,,[],,[],,[],"[0.000, 0.004, 0.000, 0.001, 0.096, 0.000, 0.000, 0.268]"
5254,210.16,210.2,silence,0.35283422470092773,,[],,[],,[],"[0.000, 0.003, 0.000, 0.001, 0.055, 0.000, 0.000, 0.353]"
5255,210.2,210.24,silence,0.44279852509498596,,[],,[],,[],"[0.000, 0.003, 0.000, 0.001, 0.033, 0.000, 0.000, 0.443]"
5256,210.24,210.28,silence,0.5303139090538025,silence,[0.530],,[],,[],"[0.000, 0.003, 0.000, 0.000, 0.020, 0.000, 0.000, 0.530]"
5257,210.28,210.32,silence,0.6096153855323792,silence,[0.610],,[],,[],"[0.000, 0.002, 0.000, 0.000, 0.012, 0.000, 0.000, 0.610]"
5258,210.32,210.36,silence,0.6773514747619629,silence,[0.677],,[],,[],"[0.000, 0.002, 0.000, 0.000, 0.008, 0.000, 0.000, 0.677]"
5259,210.36,210.4,silence,0.732633113861084,silence,[0.733],,[],,[],"[0.000, 0.002, 0.000, 0.000, 0.005, 0.000, 0.000, 0.733]"
5260,210.4,210.44,silence,0.7763416171073914,silence,[0.776],,[],,[],"[0.000, 0.002, 0.000, 0.000, 0.004, 0.000, 0.000, 0.776]"
5261,210.44,210.48,silence,0.8099405169487,silence,[0.810],,[],,[],"[0.000, 0.002, 0.000, 0.000, 0.003, 0.000, 0.000, 0.810]"
5262,210.48,210.52,silence,0.8350361585617065,silence,[0.835],,[],,[],"[0.000, 0.002, 0.000, 0.000, 0.002, 0.000, 0.000, 0.835]"
5263,210.52,210.56,silence,0.8532028198242188,silence,[0.853],,[],,[],"[0.000, 0.002, 0.000, 0.000, 0.002, 0.000, 0.000, 0.853]"
5264,210.56,210.6,silence,0.865807294845581,silence,[0.866],,[],,[],"[0.000, 0.002, 0.000, 0.000, 0.002, 0.000, 0.000, 0.866]"
5265,210.6,210.64,silence,0.8738994598388672,silence,[0.874],,[],,[],"[0.000, 0.002, 0.000, 0.000, 0.002, 0.000, 0.000, 0.874]"
5266,210.64,210.68,silence,0.8781977295875549,silence,[0.878],,[],,[],"[0.000, 0.002, 0.000, 0.000, 0.002, 0.000, 0.000, 0.878]"
5267,210.68,210.72,silence,0.8791123628616333,silence,[0.879],,[],,[],"[0.000, 0.002, 0.000, 0.000, 0.002, 0.000, 0.000, 0.879]"
5268,210.72,210.76,silence,0.8768640756607056,silence,[0.877],,[],,[],"[0.000, 0.002, 0.000, 0.000, 0.003, 0.000, 0.000, 0.877]"
5269,210.76,210.8,silence,0.8715093731880188,silence,[0.872],,[],,[],"[0.000, 0.002, 0.000, 0.000, 0.003, 0.000, 0.000, 0.872]"
5270,210.8,210.84,silence,0.8629955053329468,silence,[0.863],,[],,[],"[0.000, 0.002, 0.000, 0.000, 0.004, 0.000, 0.000, 0.863]"
5271,210.84,210.88,silence,0.8510640263557434,silence,[0.851],,[],,[],"[0.000, 0.002, 0.000, 0.000, 0.005, 0.000, 0.000, 0.851]"
5272,210.88,210.92,silence,0.8353376984596252,silence,[0.835],,[],,[],"[0.000, 0.002, 0.000, 0.000, 0.007, 0.000, 0.000, 0.835]"
5273,210.92,210.96,silence,0.8153924942016602,silence,[0.815],,[],,[],"[0.000, 0.002, 0.000, 0.000, 0.011, 0.000, 0.000, 0.815]"
5274,210.96,211.0,silence,0.7907993197441101,silence,[0.791],,[],,[],"[0.000, 0.002, 0.000, 0.000, 0.016, 0.000, 0.000, 0.791]"
5275,211.0,211.04,silence,0.7612215280532837,silence,[0.761],,[],,[],"[0.000, 0.002, 0.000, 0.000, 0.024, 0.000, 0.000, 0.761]"
5276,211.04,211.08,silence,0.726536750793457,silence,[0.727],,[],,[],"[0.000, 0.002, 0.000, 0.000, 0.036, 0.000, 0.000, 0.727]"
5277,211.08,211.12,silence,0.686833918094635,silence,[0.687],,[],,[],"[0.000, 0.002, 0.000, 0.000, 0.054, 0.000, 0.000, 0.687]"
5278,211.12,211.16,silence,0.6424188017845154,silence,[0.642],,[],,[],"[0.000, 0.002, 0.000, 0.000, 0.082, 0.000, 0.000, 0.642]"
5279,211.16,211.2,silence,0.5938984751701355,silence,[0.594],,[],,[],"[0.000, 0.002, 0.000, 0.000, 0.122, 0.000, 0.000, 0.594]"
5280,211.2,211.24,silence,0.5423249006271362,silence,[0.542],,[],,[],"[0.000, 0.002, 0.000, 0.000, 0.179, 0.000, 0.000, 0.542]"
5281,211.24,211.28,silence,0.48895472288131714,silence,[0.489],,[],,[],"[0.000, 0.002, 0.000, 0.000, 0.255, 0.000, 0.000, 0.489]"
5282,211.28,211.32,silence,0.43516889214515686,,[],,[],,[],"[0.000, 0.002, 0.000, 0.000, 0.349, 0.000, 0.000, 0.435]"
5283,211.32,211.36,silence,0.3823557496070862,,[],,[],,[],"[0.000, 0.002, 0.000, 0.000, 0.456, 0.000, 0.000, 0.382]"
5284,211.36,211.4,Liz,0.5681168437004089,Liz,[0.568],,[],,[],"[0.000, 0.002, 0.000, 0.000, 0.568, 0.000, 0.000, 0.332]"
5285,211.4,211.44,Liz,0.6732079982757568,Liz,[0.673],,[],,[],"[0.000, 0.002, 0.000, 0.000, 0.673, 0.000, 0.000, 0.284]"
5286,211.44,211.48,Liz,0.7629660964012146,Liz,[0.763],,[],,[],"[0.000, 0.001, 0.000, 0.000, 0.763, 0.000, 0.000, 0.241]"
5287,211.48,211.52,Liz,0.8335134983062744,Liz,[0.834],,[],,[],"[0.000, 0.001, 0.000, 0.000, 0.834, 0.000, 0.000, 0.203]"
5288,211.52,211.56,Liz,0.8854085803031921,Liz,[0.885],,[],,[],"[0.000, 0.001, 0.000, 0.000, 0.885, 0.000, 0.000, 0.170]"
5289,211.56,211.6,Liz,0.9217317700386047,Liz,[0.922],,[],,[],"[0.000, 0.001, 0.000, 0.000, 0.922, 0.000, 0.000, 0.142]"
5290,211.6,211.64,Liz,0.9464039206504822,Liz,[0.946],,[],,[],"[0.000, 0.001, 0.000, 0.000, 0.946, 0.000, 0.000, 0.118]"
5291,211.64,211.68,Liz,0.9629454612731934,Liz,[0.963],,[],,[],"[0.000, 0.001, 0.000, 0.000, 0.963, 0.000, 0.000, 0.099]"
5292,211.68,211.72,Liz,0.9739635586738586,Liz,[0.974],,[],,[],"[0.000, 0.000, 0.000, 0.000, 0.974, 0.000, 0.000, 0.084]"
5293,211.72,211.76,Liz,0.9812923669815063,Liz,[0.981],,[],,[],"[0.000, 0.000, 0.000, 0.000, 0.981, 0.000, 0.000, 0.072]"
5294,211.76,211.8,Liz,0.9861758351325989,Liz,[0.986],,[],,[],"[0.000, 0.000, 0.000, 0.000, 0.986, 0.000, 0.000, 0.063]"
5295,211.8,211.84,Liz,0.9894569516181946,Liz,[0.989],,[],,[],"[0.000, 0.000, 0.000, 0.000, 0.989, 0.000, 0.000, 0.056]"
5296,211.84,211.88,Liz,0.9916660189628601,Liz,[0.992],,[],,[],"[0.000, 0.000, 0.000, 0.000, 0.992, 0.000, 0.000, 0.051]"
5297,211.88,211.92,Liz,0.9931471943855286,Liz,[0.993],,[],,[],"[0.000, 0.000, 0.000, 0.000, 0.993, 0.000, 0.000, 0.047]"
5298,211.92,211.96,Liz,0.99413001537323,Liz,[0.994],,[],,[],"[0.000, 0.000, 0.000, 0.000, 0.994, 0.000, 0.000, 0.045]"
5299,211.96,212.0,Liz,0.9947579503059387,Liz,[0.995],,[],,[],"[0.000, 0.000, 0.000, 0.000, 0.995, 0.000, 0.000, 0.043]"
5300,212.0,212.04,Liz,0.9951196908950806,Liz,[0.995],,[],,[],"[0.000, 0.000, 0.000, 0.000, 0.995, 0.000, 0.000, 0.043]"
5301,212.04,212.08,Liz,0.9952681660652161,Liz,[0.995],,[],,[],"[0.000, 0.000, 0.000, 0.000, 0.995, 0.000, 0.000, 0.044]"
5302,212.08,212.12,Liz,0.9952326416969299,Liz,[0.995],,[],,[],"[0.000, 0.000, 0.000, 0.000, 0.995, 0.000, 0.000, 0.045]"
5303,212.12,212.16,Liz,0.9950264096260071,Liz,[0.995],,[],,[],"[0.000, 0.000, 0.000, 0.000, 0.995, 0.000, 0.000, 0.048]"
5304,212.16,212.2,Liz,0.9946511387825012,Liz,[0.995],,[],,[],"[0.000, 0.000, 0.000, 0.000, 0.995, 0.000, 0.000, 0.052]"
5305,212.2,212.24,Liz,0.994103729724884,Liz,[0.994],,[],,[],"[0.000, 0.000, 0.000, 0.000, 0.994, 0.000, 0.000, 0.056]"
5306,212.24,212.28,Liz,0.9933733940124512,Liz,[0.993],,[],,[],"[0.000, 0.000, 0.000, 0.000, 0.993, 0.000, 0.000, 0.061]"
5307,212.28,212.32,Liz,0.9924404621124268,Liz,[0.992],,[],,[],"[0.000, 0.000, 0.000, 0.000, 0.992, 0.000, 0.000, 0.067]"
5308,212.32,212.36,Liz,0.9912785887718201,Liz,[0.991],,[],,[],"[0.000, 0.000, 0.000, 0.000, 0.991, 0.000, 0.000, 0.074]"
5309,212.36,212.4,Liz,0.9898636937141418,Liz,[0.990],,[],,[],"[0.000, 0.000, 0.000, 0.000, 0.990, 0.000, 0.000, 0.081]"
5310,212.4,212.44,Liz,0.9881988763809204,Liz,[0.988],,[],,[],"[0.000, 0.000, 0.000, 0.000, 0.988, 0.000, 0.000, 0.089]"
5311,212.44,212.48,Liz,0.986323893070221,Liz,[0.986],,[],,[],"[0.000, 0.000, 0.000, 0.000, 0.986, 0.000, 0.000, 0.097]"
5312,212.48,212.52,Liz,0.9843342900276184,Liz,[0.984],,[],,[],"[0.000, 0.000, 0.000, 0.000, 0.984, 0.000, 0.000, 0.105]"
5313,212.52,212.56,Liz,0.9823770523071289,Liz,[0.982],,[],,[],"[0.000, 0.000, 0.000, 0.000, 0.982, 0.000, 0.000, 0.112]"
5314,212.56,212.6,Liz,0.9806541800498962,Liz,[0.981],,[],,[],"[0.000, 0.000, 0.000, 0.000, 0.981, 0.000, 0.000, 0.116]"
5315,212.6,212.64,Liz,0.9793885350227356,Liz,[0.979],,[],,[],"[0.000, 0.000, 0.000, 0.000, 0.979, 0.000, 0.000, 0.119]"
5316,212.64,212.68,Liz,0.9787757992744446,Liz,[0.979],,[],,[],"[0.000, 0.000, 0.000, 0.000, 0.979, 0.000, 0.000, 0.119]"
5317,212.68,212.72,Liz,0.9789719581604004,Liz,[0.979],,[],,[],"[0.000, 0.000, 0.000, 0.000, 0.979, 0.000, 0.000, 0.115]"
5318,212.72,212.76,Liz,0.9800328612327576,Liz,[0.980],,[],,[],"[0.000, 0.000, 0.000, 0.000, 0.980, 0.000, 0.000, 0.109]"
5319,212.76,212.8,Liz,0.9818984866142273,Liz,[0.982],,[],,[],"[0.000, 0.000, 0.000, 0.000, 0.982, 0.000, 0.000, 0.099]"
5320,212.8,212.84,Liz,0.9843724966049194,Liz,[0.984],,[],,[],"[0.000, 0.000, 0.000, 0.000, 0.984, 0.000, 0.000, 0.087]"
5321,212.84,212.88,Liz,0.9871886372566223,Liz,[0.987],,[],,[],"[0.000, 0.000, 0.000, 0.000, 0.987, 0.000, 0.000, 0.074]"
5322,212.88,212.92,Liz,0.9900494813919067,Liz,[0.990],,[],,[],"[0.000, 0.000, 0.000, 0.000, 0.990, 0.000, 0.000, 0.060]"
5323,212.92,212.96,Liz,0.9926841855049133,Liz,[0.993],,[],,[],"[0.000, 0.000, 0.000, 0.000, 0.993, 0.000, 0.000, 0.047]"
5324,212.96,213.0,Liz,0.9949092268943787,Liz,[0.995],,[],,[],"[0.000, 0.000, 0.000, 0.000, 0.995, 0.000, 0.000, 0.035]"
5325,213.0,213.04,Liz,0.9966451525688171,Liz,[0.997],,[],,[],"[0.000, 0.000, 0.000, 0.000, 0.997, 0.000, 0.000, 0.025]"
5326,213.04,213.08,Liz,0.9979040622711182,Liz,[0.998],,[],,[],"[0.000, 0.000, 0.000, 0.000, 0.998, 0.000, 0.000, 0.017]"
5327,213.08,213.12,Liz,0.9987533092498779,Liz,[0.999],,[],,[],"[0.000, 0.000, 0.000, 0.000, 0.999, 0.000, 0.000, 0.011]"
5328,213.12,213.16,Liz,0.9992893934249878,Liz,[0.999],,[],,[],"[0.000, 0.000, 0.000, 0.000, 0.999, 0.000, 0.000, 0.007]"
5329,213.16,213.2,Liz,0.9996083378791809,Liz,[1.000],,[],,[],"[0.000, 0.000, 0.000, 0.000, 1.000, 0.000, 0.000, 0.004]"
5330,213.2,213.24,Liz,0.9997894167900085,Liz,[1.000],,[],,[],"[0.000, 0.000, 0.000, 0.000, 1.000, 0.000, 0.000, 0.002]"
5331,213.24,213.28,Liz,0.99988853931427,Liz,[1.000],,[],,[],"[0.000, 0.000, 0.000, 0.000, 1.000, 0.000, 0.000, 0.001]"
5332,213.28,213.32,Liz,0.999941349029541,Liz,[1.000],,[],,[],"[0.000, 0.000, 0.000, 0.000, 1.000, 0.000, 0.000, 0.001]"
5333,213.32,213.36,Liz,0.9999690055847168,Liz,[1.000],,[],,[],"[0.000, 0.000, 0.000, 0.000, 1.000, 0.000, 0.000, 0.000]"
5334,213.36,213.4,Liz,0.9999833106994629,Liz,[1.000],,[],,[],"[0.000, 0.000, 0.000, 0.000, 1.000, 0.000, 0.000, 0.000]"
5335,213.4,213.44,Liz,0.999990701675415,Liz,[1.000],,[],,[],"[0.000, 0.000, 0.000, 0.000, 1.000, 0.000, 0.000, 0.000]"
5336,213.44,213.48,Liz,0.9999947547912598,Liz,[1.000],,[],,[],"[0.000, 0.000, 0.000, 0.000, 1.000, 0.000, 0.000, 0.000]"
5337,213.48,213.52,Liz,0.9999967813491821,Liz,[1.000],,[],,[],"[0.000, 0.000, 0.000, 0.000, 1.000, 0.000, 0.000, 0.000]"
5338,213.52,213.56,Liz,0.9999979734420776,Liz,[1.000],,[],,[],"[0.000, 0.000, 0.000, 0.000, 1.000, 0.000, 0.000, 0.000]"
5339,213.56,213.6,Liz,0.9999986886978149,Liz,[1.000],,[],,[],"[0.000, 0.000, 0.000, 0.000, 1.000, 0.000, 0.000, 0.000]"
5340,213.6,213.64,Liz,0.9999991655349731,Liz,[1.000],,[],,[],"[0.000, 0.000, 0.000, 0.000, 1.000, 0.000, 0.000, 0.000]"
5341,213.64,213.68,Liz,0.9999994039535522,Liz,[1.000],,[],,[],"[0.000, 0.000, 0.000, 0.000, 1.000, 0.000, 0.000, 0.000]"
5342,213.68,213.72,Liz,0.9999995231628418,Liz,[1.000],,[],,[],"[0.000, 0.000, 0.000, 0.000, 1.000, 0.000, 0.000, 0.000]"
5343,213.72,213.76,Liz,0.9999996423721313,Liz,[1.000],,[],,[],"[0.000, 0.000, 0.000, 0.000, 1.000, 0.000, 0.000, 0.000]"
5344,213.76,213.8,Liz,0.9999996423721313,Liz,[1.000],,[],,[],"[0.000, 0.000, 0.000, 0.000, 1.000, 0.000, 0.000, 0.000]"
5345,213.8,213.84,Liz,0.9999997615814209,Liz,[1.000],,[],,[],"[0.000, 0.000, 0.000, 0.000, 1.000, 0.000, 0.000, 0.000]"
5346,213.84,213.88,Liz,0.9999997615814209,Liz,[1.000],,[],,[],"[0.000, 0.000, 0.000, 0.000, 1.000, 0.000, 0.000, 0.000]"
5347,213.88,213.92,Liz,0.9999997615814209,Liz,[1.000],,[],,[],"[0.000, 0.000, 0.000, 0.000, 1.000, 0.000, 0.000, 0.000]"
5348,213.92,213.96,Liz,0.9999997615814209,Liz,[1.000],,[],,[],"[0.000, 0.000, 0.000, 0.000, 1.000, 0.000, 0.000, 0.000]"
5349,213.96,214.0,Liz,0.9999997615814209,Liz,[1.000],,[],,[],"[0.000, 0.000, 0.000, 0.000, 1.000, 0.000, 0.000, 0.000]"
5350,214.0,214.04,Liz,0.9999997615814209,Liz,[1.000],,[],,[],"[0.000, 0.000, 0.000, 0.000, 1.000, 0.000, 0.000, 0.000]"
5351,214.04,214.08,Liz,0.9999997615814209,Liz,[1.000],,[],,[],"[0.000, 0.000, 0.000, 0.000, 1.000, 0.000, 0.000, 0.000]"
5352,214.08,214.12,Liz,0.9999996423721313,Liz,[1.000],,[],,[],"[0.000, 0.000, 0.000, 0.000, 1.000, 0.000, 0.000, 0.000]"
5353,214.12,214.16,Liz,0.9999996423721313,Liz,[1.000],,[],,[],"[0.000, 0.000, 0.000, 0.000, 1.000, 0.000, 0.000, 0.000]"
5354,214.16,214.2,Liz,0.9999995231628418,Liz,[1.000],,[],,[],"[0.000, 0.000, 0.000, 0.000, 1.000, 0.000, 0.000, 0.000]"
5355,214.2,214.24,Liz,0.9999994039535522,Liz,[1.000],,[],,[],"[0.000, 0.000, 0.000, 0.000, 1.000, 0.000, 0.000, 0.000]"
5356,214.24,214.28,Liz,0.9999992847442627,Liz,[1.000],,[],,[],"[0.000, 0.000, 0.000, 0.000, 1.000, 0.000, 0.000, 0.000]"
5357,214.28,214.32,Liz,0.999998927116394,Liz,[1.000],,[],,[],"[0.000, 0.000, 0.000, 0.000, 1.000, 0.000, 0.000, 0.000]"
5358,214.32,214.36,Liz,0.9999985694885254,Liz,[1.000],,[],,[],"[0.000, 0.000, 0.000, 0.000, 1.000, 0.000, 0.000, 0.000]"
5359,214.36,214.4,Liz,0.9999980926513672,Liz,[1.000],,[],,[],"[0.000, 0.000, 0.000, 0.000, 1.000, 0.000, 0.000, 0.000]"
5360,214.4,214.44,Liz,0.9999973773956299,Liz,[1.000],,[],,[],"[0.000, 0.000, 0.000, 0.000, 1.000, 0.000, 0.000, 0.000]"
5361,214.44,214.48,Liz,0.9999963045120239,Liz,[1.000],,[],,[],"[0.000, 0.000, 0.000, 0.000, 1.000, 0.000, 0.000, 0.000]"
5362,214.48,214.52,Liz,0.9999948740005493,Liz,[1.000],,[],,[],"[0.000, 0.000, 0.000, 0.000, 1.000, 0.000, 0.000, 0.000]"
5363,214.52,214.56,Liz,0.9999926090240479,Liz,[1.000],,[],,[],"[0.000, 0.000, 0.000, 0.000, 1.000, 0.000, 0.000, 0.000]"
5364,214.56,214.6,Liz,0.99998939037323,Liz,[1.000],,[],,[],"[0.000, 0.000, 0.000, 0.000, 1.000, 0.000, 0.000, 0.000]"
5365,214.6,214.64,Liz,0.999984622001648,Liz,[1.000],,[],,[],"[0.000, 0.000, 0.000, 0.000, 1.000, 0.000, 0.000, 0.000]"
5366,214.64,214.68,Liz,0.9999773502349854,Liz,[1.000],,[],,[],"[0.000, 0.000, 0.000, 0.000, 1.000, 0.000, 0.000, 0.000]"
5367,214.68,214.72,Liz,0.9999661445617676,Liz,[1.000],,[],,[],"[0.000, 0.000, 0.000, 0.000, 1.000, 0.000, 0.000, 0.000]"
5368,214.72,214.76,Liz,0.9999489784240723,Liz,[1.000],,[],,[],"[0.000, 0.000, 0.000, 0.000, 1.000, 0.000, 0.000, 0.000]"
5369,214.76,214.8,Liz,0.9999221563339233,Liz,[1.000],,[],,[],"[0.000, 0.000, 0.000, 0.000, 1.000, 0.000, 0.000, 0.000]"
5370,214.8,214.84,Liz,0.9998795986175537,Liz,[1.000],,[],,[],"[0.000, 0.000, 0.000, 0.000, 1.000, 0.000, 0.000, 0.000]"
5371,214.84,214.88,Liz,0.9998114705085754,Liz,[1.000],,[],,[],"[0.000, 0.000, 0.000, 0.000, 1.000, 0.000, 0.000, 0.000]"
5372,214.88,214.92,Liz,0.9997001886367798,Liz,[1.000],,[],,[],"[0.000, 0.000, 0.000, 0.000, 1.000, 0.000, 0.000, 0.000]"
5373,214.92,214.96,Liz,0.9995161294937134,Liz,[1.000],,[],,[],"[0.000, 0.000, 0.000, 0.000, 1.000, 0.000, 0.000, 0.000]"
5374,214.96,215.0,Liz,0.9992085099220276,Liz,[0.999],,[],,[],"[0.000, 0.000, 0.000, 0.000, 0.999, 0.000, 0.000, 0.000]"
5375,215.0,215.04,Liz,0.9986886382102966,Liz,[0.999],,[],,[],"[0.000, 0.000, 0.000, 0.000, 0.999, 0.000, 0.000, 0.000]"
5376,215.04,215.08,Liz,0.9978024363517761,Liz,[0.998],,[],,[],"[0.000, 0.000, 0.000, 0.000, 0.998, 0.000, 0.000, 0.000]"
5377,215.08,215.12,Liz,0.9962865114212036,Liz,[0.996],,[],,[],"[0.000, 0.000, 0.000, 0.000, 0.996, 0.000, 0.000, 0.000]"
5378,215.12,215.16,Liz,0.9936903715133667,Liz,[0.994],,[],,[],"[0.000, 0.000, 0.001, 0.000, 0.994, 0.000, 0.000, 0.000]"
5379,215.16,215.2,Liz,0.9892600774765015,Liz,[0.989],,[],,[],"[0.000, 0.000, 0.002, 0.000, 0.989, 0.000, 0.000, 0.000]"
5380,215.2,215.24,Liz,0.9817700982093811,Liz,[0.982],,[],,[],"[0.000, 0.000, 0.004, 0.000, 0.982, 0.000, 0.000, 0.000]"
5381,215.24,215.28,Liz,0.9693078398704529,Liz,[0.969],,[],,[],"[0.000, 0.000, 0.008, 0.000, 0.969, 0.000, 0.000, 0.000]"
5382,215.28,215.32,Liz,0.9491077065467834,Liz,[0.949],,[],,[],"[0.000, 0.000, 0.016, 0.000, 0.949, 0.000, 0.000, 0.000]"
5383,215.32,215.36,Liz,0.9175514578819275,Liz,[0.918],,[],,[],"[0.000, 0.000, 0.032, 0.000, 0.918, 0.000, 0.000, 0.000]"
5384,215.36,215.4,Liz,0.8705235719680786,Liz,[0.871],,[],,[],"[0.000, 0.000, 0.062, 0.000, 0.871, 0.000, 0.000, 0.000]"
5385,215.4,215.44,Liz,0.8046882152557373,Liz,[0.805],,[],,[],"[0.000, 0.000, 0.115, 0.000, 0.805, 0.000, 0.000, 0.000]"
5386,215.44,215.48,Liz,0.7195318937301636,Liz,[0.720],,[],,[],"[0.000, 0.000, 0.199, 0.000, 0.720, 0.000, 0.000, 0.000]"
5387,215.48,215.52,Liz,0.6189591288566589,Liz,[0.619],,[],,[],"[0.000, 0.000, 0.316, 0.000, 0.619, 0.000, 0.000, 0.000]"
5388,215.52,215.56,Liz,0.5108331441879272,Liz,[0.511],,[],,[],"[0.000, 0.000, 0.453, 0.000, 0.511, 0.000, 0.000, 0.000]"
5389,215.56,215.6,Rei,0.5879031419754028,Rei,[0.588],,[],,[],"[0.000, 0.000, 0.588, 0.000, 0.405, 0.000, 0.000, 0.000]"
5390,215.6,215.64,Rei,0.700454592704773,Rei,[0.700],,[],,[],"[0.000, 0.000, 0.700, 0.000, 0.309, 0.000, 0.000, 0.000]"
5391,215.64,215.68,Rei,0.7836538553237915,Rei,[0.784],,[],,[],"[0.000, 0.000, 0.784, 0.000, 0.229, 0.000, 0.000, 0.001]"
5392,215.68,215.72,Rei,0.8407697677612305,Rei,[0.841],,[],,[],"[0.000, 0.000, 0.841, 0.000, 0.165, 0.000, 0.000, 0.001]"
5393,215.72,215.76,Rei,0.8782063126564026,Rei,[0.878],,[],,[],"[0.000, 0.000, 0.878, 0.000, 0.117, 0.000, 0.000, 0.002]"
5394,215.76,215.8,Rei,0.9019290804862976,Rei,[0.902],,[],,[],"[0.000, 0.000, 0.902, 0.000, 0.082, 0.000, 0.000, 0.002]"
5395,215.8,215.84,Rei,0.9160821437835693,Rei,[0.916],,[],,[],"[0.000, 0.000, 0.916, 0.000, 0.057, 0.000, 0.000, 0.004]"
5396,215.84,215.88,Rei,0.9232772588729858,Rei,[0.923],,[],,[],"[0.000, 0.000, 0.923, 0.000, 0.039, 0.000, 0.000, 0.006]"
5397,215.88,215.92,Rei,0.9247624278068542,Rei,[0.925],,[],,[],"[0.000, 0.000, 0.925, 0.000, 0.026, 0.000, 0.000, 0.009]"
5398,215.92,215.96,Rei,0.9201300740242004,Rei,[0.920],,[],,[],"[0.000, 0.000, 0.920, 0.000, 0.017, 0.000, 0.000, 0.015]"
5399,215.96,216.0,Rei,0.9073786735534668,Rei,[0.907],,[],,[],"[0.000, 0.000, 0.907, 0.000, 0.011, 0.000, 0.000, 0.024]"
5400,216.0,216.04,Rei,0.8817750215530396,Rei,[0.882],,[],,[],"[0.000, 0.000, 0.882, 0.000, 0.007, 0.000, 0.000, 0.038]"
5401,216.04,216.08,Rei,0.8336516618728638,Rei,[0.834],,[],,[],"[0.000, 0.000, 0.834, 0.000, 0.004, 0.000, 0.000, 0.062]"
5402,216.08,216.12,Rei,0.7458276748657227,Rei,[0.746],,[],,[],"[0.000, 0.000, 0.746, 0.000, 0.002, 0.000, 0.000, 0.101]"
5403,216.12,216.16,Rei,0.5987153053283691,Rei,[0.599],,[],,[],"[0.000, 0.000, 0.599, 0.000, 0.001, 0.000, 0.000, 0.161]"
5404,216.16,216.2,silence,0.25142621994018555,,[],,[],,[],"[0.000, 0.000, 0.398, 0.000, 0.001, 0.000, 0.000, 0.251]"
5405,216.2,216.24,silence,0.3735065162181854,,[],,[],,[],"[0.000, 0.000, 0.204, 0.000, 0.000, 0.000, 0.000, 0.374]"
5406,216.24,216.28,silence,0.5180412530899048,,[],,[],,[],"[0.000, 0.000, 0.081, 0.000, 0.000, 0.000, 0.000, 0.518]"
5407,216.28,216.32,silence,0.6633537411689758,silence,[0.663],,[],,[],"[0.000, 0.000, 0.026, 0.000, 0.000, 0.000, 0.000, 0.663]"
5408,216.32,216.36,silence,0.7869253158569336,silence,[0.787],,[],,[],"[0.000, 0.000, 0.007, 0.000, 0.000, 0.000, 0.000, 0.787]"
5409,216.36,216.4,silence,0.8769024014472961,silence,[0.877],,[],,[],"[0.000, 0.000, 0.002, 0.000, 0.000, 0.000, 0.000, 0.877]"
5410,216.4,216.44,silence,0.9339132905006409,silence,[0.934],,[],,[],"[0.000, 0.000, 0.000, 0.000, 0.000, 0.000, 0.000, 0.934]"
5411,216.44,216.48,silence,0.966398298740387,silence,[0.966],,[],,[],"[0.000, 0.000, 0.000, 0.000, 0.000, 0.000, 0.000, 0.966]"
5412,216.48,216.52,silence,0.9835661053657532,silence,[0.984],,[],,[],"[0.000, 0.000, 0.000, 0.000, 0.000, 0.000, 0.000, 0.984]"
5413,216.52,216.56,silence,0.9921665191650391,silence,[0.992],,[],,[],"[0.000, 0.000, 0.000, 0.000, 0.000, 0.000, 0.000, 0.992]"
5414,216.56,216.6,silence,0.996322512626648,silence,[0.996],,[],,[],"[0.000, 0.000, 0.000, 0.000, 0.000, 0.000, 0.000, 0.996]"
5415,216.6,216.64,silence,0.9982842803001404,silence,[0.998],,[],,[],"[0.000, 0.000, 0.000, 0.000, 0.000, 0.000, 0.000, 0.998]"
5416,216.64,216.68,silence,0.9991984963417053,silence,[0.999],,[],,[],"[0.000, 0.000, 0.000, 0.000, 0.000, 0.000, 0.000, 0.999]"
5417,216.68,216.72,silence,0.9996224641799927,silence,[1.000],,[],,[],"[0.000, 0.000, 0.000, 0.000, 0.000, 0.000, 0.000, 1.000]"
5418,216.72,216.76,silence,0.9998199343681335,silence,[1.000],,[],,[],"[0.000, 0.000, 0.000, 0.000, 0.000, 0.000, 0.000, 1.000]"
5419,216.76,216.8,silence,0.9999127388000488,silence,[1.000],,[],,[],"[0.000, 0.000, 0.000, 0.000, 0.000, 0.000, 0.000, 1.000]"
5420,216.8,216.84,silence,0.9999569654464722,silence,[1.000],,[],,[],"[0.000, 0.000, 0.000, 0.000, 0.000, 0.000, 0.000, 1.000]"
5421,216.84,216.88,silence,0.9999784231185913,silence,[1.000],,[],,[],"[0.000, 0.000, 0.000, 0.000, 0.000, 0.000, 0.000, 1.000]"
5422,216.88,216.92,silence,0.9999889135360718,silence,[1.000],,[],,[],"[0.000, 0.000, 0.000, 0.000, 0.000, 0.000, 0.000, 1.000]"
5423,216.92,216.96,silence,0.9999942779541016,silence,[1.000],,[],,[],"[0.000, 0.000, 0.000, 0.000, 0.000, 0.000, 0.000, 1.000]"
5424,216.96,217.0,silence,0.9999969005584717,silence,[1.000],,[],,[],"[0.000, 0.000, 0.000, 0.000, 0.000, 0.000, 0.000, 1.000]"
5425,217.0,217.04,silence,0.9999983310699463,silence,[1.000],,[],,[],"[0.000, 0.000, 0.000, 0.000, 0.000, 0.000, 0.000, 1.000]"
5426,217.04,217.08,silence,0.9999990463256836,silence,[1.000],,[],,[],"[0.000, 0.000, 0.000, 0.000, 0.000, 0.000, 0.000, 1.000]"
5427,217.08,217.12,silence,0.9999994039535522,silence,[1.000],,[],,[],"[0.000, 0.000, 0.000, 0.000, 0.000, 0.000, 0.000, 1.000]"
5428,217.12,217.16,silence,0.9999996423721313,silence,[1.000],,[],,[],"[0.000, 0.000, 0.000, 0.000, 0.000, 0.000, 0.000, 1.000]"
5429,217.16,217.2,silence,0.9999997615814209,silence,[1.000],,[],,[],"[0.000, 0.000, 0.000, 0.000, 0.000, 0.000, 0.000, 1.000]"
5430,217.2,217.24,silence,0.9999998807907104,silence,[1.000],,[],,[],"[0.000, 0.000, 0.000, 0.000, 0.000, 0.000, 0.000, 1.000]"
5431,217.24,217.28,silence,0.9999998807907104,silence,[1.000],,[],,[],"[0.000, 0.000, 0.000, 0.000, 0.000, 0.000, 0.000, 1.000]"
5432,217.28,217.32,silence,0.9999998807907104,silence,[1.000],,[],,[],"[0.000, 0.000, 0.000, 0.000, 0.000, 0.000, 0.000, 1.000]"
5433,217.32,217.36,silence,1.0,silence,[1.000],,[],,[],"[0.000, 0.000, 0.000, 0.000, 0.000, 0.000, 0.000, 1.000]"
5434,217.36,217.4,silence,1.0,silence,[1.000],,[],,[],"[0.000, 0.000, 0.000, 0.000, 0.000, 0.000, 0.000, 1.000]"
5435,217.4,217.44,silence,1.0,silence,[1.000],,[],,[],"[0.000, 0.000, 0.000, 0.000, 0.000, 0.000, 0.000, 1.000]"
5436,217.44,217.48,silence,1.0,silence,[1.000],,[],,[],"[0.000, 0.000, 0.000, 0.000, 0.000, 0.000, 0.000, 1.000]"
5437,217.48,217.52,silence,1.0,silence,[1.000],,[],,[],"[0.000, 0.000, 0.000, 0.000, 0.000, 0.000, 0.000, 1.000]"
5438,217.52,217.56,silence,1.0,silence,[1.000],,[],,[],"[0.000, 0.000, 0.000, 0.000, 0.000, 0.000, 0.000, 1.000]"
5439,217.56,217.6,silence,1.0,silence,[1.000],,[],,[],"[0.000, 0.000, 0.000, 0.000, 0.000, 0.000, 0.000, 1.000]"
5440,217.6,217.64,silence,0.9999998807907104,silence,[1.000],,[],,[],"[0.000, 0.000, 0.000, 0.000, 0.000, 0.000, 0.000, 1.000]"
5441,217.64,217.68,silence,0.9999998807907104,silence,[1.000],,[],,[],"[0.000, 0.000, 0.000, 0.000, 0.000, 0.000, 0.000, 1.000]"
5442,217.68,217.72,silence,0.9999998807907104,silence,[1.000],,[],,[],"[0.000, 0.000, 0.000, 0.000, 0.000, 0.000, 0.000, 1.000]"
5443,217.72,217.76,silence,0.9999998807907104,silence,[1.000],,[],,[],"[0.000, 0.000, 0.000, 0.000, 0.000, 0.000, 0.000, 1.000]"
5444,217.76,217.8,silence,0.9999997615814209,silence,[1.000],,[],,[],"[0.000, 0.000, 0.000, 0.000, 0.000, 0.000, 0.000, 1.000]"
5445,217.8,217.84,silence,0.9999996423721313,silence,[1.000],,[],,[],"[0.000, 0.000, 0.000, 0.000, 0.000, 0.000, 0.000, 1.000]"
5446,217.84,217.88,silence,0.9999992847442627,silence,[1.000],,[],,[],"[0.000, 0.000, 0.000, 0.000, 0.000, 0.000, 0.000, 1.000]"
5447,217.88,217.92,silence,0.999998927116394,silence,[1.000],,[],,[],"[0.000, 0.000, 0.000, 0.000, 0.000, 0.000, 0.000, 1.000]"
5448,217.92,217.96,silence,0.9999980926513672,silence,[1.000],,[],,[],"[0.000, 0.000, 0.000, 0.000, 0.000, 0.000, 0.000, 1.000]"
5449,217.96,218.0,silence,0.9999966621398926,silence,[1.000],,[],,[],"[0.000, 0.000, 0.000, 0.000, 0.000, 0.000, 0.000, 1.000]"
5450,218.0,218.04,silence,0.999994158744812,silence,[1.000],,[],,[],"[0.000, 0.000, 0.000, 0.000, 0.000, 0.000, 0.000, 1.000]"
5451,218.04,218.08,silence,0.9999899864196777,silence,[1.000],,[],,[],"[0.000, 0.000, 0.000, 0.000, 0.000, 0.001, 0.000, 1.000]"
5452,218.08,218.12,silence,0.9999834299087524,silence,[1.000],,[],,[],"[0.000, 0.000, 0.000, 0.000, 0.000, 0.001, 0.000, 1.000]"
5453,218.12,218.16,silence,0.9999732971191406,silence,[1.000],,[],,[],"[0.000, 0.000, 0.000, 0.000, 0.000, 0.002, 0.000, 1.000]"
5454,218.16,218.2,silence,0.9999587535858154,silence,[1.000],,[],,[],"[0.000, 0.000, 0.000, 0.000, 0.000, 0.002, 0.000, 1.000]"
5455,218.2,218.24,silence,0.9999393224716187,silence,[1.000],,[],,[],"[0.000, 0.000, 0.000, 0.000, 0.000, 0.003, 0.000, 1.000]"
5456,218.24,218.28,silence,0.9999152421951294,silence,[1.000],,[],,[],"[0.000, 0.000, 0.000, 0.000, 0.000, 0.004, 0.000, 1.000]"
5457,218.28,218.32,silence,0.9998880624771118,silence,[1.000],,[],,[],"[0.000, 0.000, 0.000, 0.000, 0.000, 0.005, 0.000, 1.000]"
5458,218.32,218.36,silence,0.9998600482940674,silence,[1.000],,[],,[],"[0.000, 0.000, 0.000, 0.000, 0.000, 0.006, 0.000, 1.000]"
5459,218.36,218.4,silence,0.999833345413208,silence,[1.000],,[],,[],"[0.000, 0.000, 0.000, 0.000, 0.000, 0.007, 0.000, 1.000]"
5460,218.4,218.44,silence,0.9998108744621277,silence,[1.000],,[],,[],"[0.000, 0.000, 0.000, 0.000, 0.000, 0.007, 0.000, 1.000]"
5461,218.44,218.48,silence,0.9997959733009338,silence,[1.000],,[],,[],"[0.000, 0.000, 0.000, 0.000, 0.000, 0.008, 0.000, 1.000]"
5462,218.48,218.52,silence,0.9997909665107727,silence,[1.000],,[],,[],"[0.000, 0.000, 0.000, 0.000, 0.000, 0.008, 0.000, 1.000]"
5463,218.52,218.56,silence,0.9997969269752502,silence,[1.000],,[],,[],"[0.000, 0.000, 0.000, 0.000, 0.000, 0.008, 0.000, 1.000]"
5464,218.56,218.6,silence,0.9998127818107605,silence,[1.000],,[],,[],"[0.000, 0.000, 0.000, 0.000, 0.000, 0.008, 0.000, 1.000]"
5465,218.6,218.64,silence,0.9998359680175781,silence,[1.000],,[],,[],"[0.000, 0.000, 0.000, 0.000, 0.000, 0.007, 0.000, 1.000]"
5466,218.64,218.68,silence,0.9998631477355957,silence,[1.000],,[],,[],"[0.000, 0.000, 0.000, 0.000, 0.000, 0.007, 0.000, 1.000]"
5467,218.68,218.72,silence,0.9998906850814819,silence,[1.000],,[],,[],"[0.000, 0.000, 0.000, 0.000, 0.000, 0.006, 0.000, 1.000]"
5468,218.72,218.76,silence,0.9999159574508667,silence,[1.000],,[],,[],"[0.000, 0.000, 0.000, 0.000, 0.000, 0.005, 0.000, 1.000]"
5469,218.76,218.8,silence,0.9999374151229858,silence,[1.000],,[],,[],"[0.000, 0.000, 0.000, 0.000, 0.000, 0.004, 0.000, 1.000]"
5470,218.8,218.84,silence,0.9999545812606812,silence,[1.000],,[],,[],"[0.000, 0.000, 0.000, 0.000, 0.000, 0.004, 0.000, 1.000]"
5471,218.84,218.88,silence,0.9999674558639526,silence,[1.000],,[],,[],"[0.000, 0.000, 0.000, 0.000, 0.000, 0.003, 0.000, 1.000]"
5472,218.88,218.92,silence,0.9999767541885376,silence,[1.000],,[],,[],"[0.000, 0.000, 0.000, 0.000, 0.000, 0.003, 0.000, 1.000]"
5473,218.92,218.96,silence,0.9999833106994629,silence,[1.000],,[],,[],"[0.000, 0.000, 0.000, 0.000, 0.000, 0.002, 0.000, 1.000]"
5474,218.96,219.0,silence,0.9999878406524658,silence,[1.000],,[],,[],"[0.000, 0.000, 0.000, 0.000, 0.000, 0.002, 0.000, 1.000]"
5475,219.0,219.04,silence,0.9999909400939941,silence,[1.000],,[],,[],"[0.000, 0.000, 0.000, 0.000, 0.000, 0.002, 0.000, 1.000]"
5476,219.04,219.08,silence,0.9999932050704956,silence,[1.000],,[],,[],"[0.000, 0.000, 0.000, 0.000, 0.000, 0.001, 0.000, 1.000]"
5477,219.08,219.12,silence,0.9999947547912598,silence,[1.000],,[],,[],"[0.000, 0.000, 0.000, 0.000, 0.000, 0.001, 0.000, 1.000]"
5478,219.12,219.16,silence,0.9999958276748657,silence,[1.000],,[],,[],"[0.000, 0.000, 0.000, 0.000, 0.000, 0.001, 0.000, 1.000]"
5479,219.16,219.2,silence,0.9999966621398926,silence,[1.000],,[],,[],"[0.000, 0.000, 0.000, 0.000, 0.000, 0.001, 0.000, 1.000]"
5480,219.2,219.24,silence,0.9999972581863403,silence,[1.000],,[],,[],"[0.000, 0.000, 0.000, 0.000, 0.000, 0.001, 0.000, 1.000]"
5481,219.24,219.28,silence,0.9999977350234985,silence,[1.000],,[],,[],"[0.000, 0.000, 0.000, 0.000, 0.000, 0.000, 0.000, 1.000]"
5482,219.28,219.32,silence,0.9999979734420776,silence,[1.000],,[],,[],"[0.000, 0.000, 0.000, 0.000, 0.000, 0.000, 0.000, 1.000]"
5483,219.32,219.36,silence,0.9999982118606567,silence,[1.000],,[],,[],"[0.000, 0.000, 0.000, 0.000, 0.000, 0.000, 0.000, 1.000]"
5484,219.36,219.4,silence,0.9999984502792358,silence,[1.000],,[],,[],"[0.000, 0.000, 0.000, 0.000, 0.000, 0.000, 0.000, 1.000]"
5485,219.4,219.44,silence,0.9999984502792358,silence,[1.000],,[],,[],"[0.000, 0.000, 0.000, 0.000, 0.000, 0.000, 0.000, 1.000]"
5486,219.44,219.48,silence,0.9999985694885254,silence,[1.000],,[],,[],"[0.000, 0.000, 0.000, 0.000, 0.000, 0.000, 0.000, 1.000]"
5487,219.48,219.52,silence,0.9999985694885254,silence,[1.000],,[],,[],"[0.000, 0.000, 0.000, 0.000, 0.000, 0.000, 0.000, 1.000]"
5488,219.52,219.56,silence,0.9999985694885254,silence,[1.000],,[],,[],"[0.000, 0.000, 0.000, 0.000, 0.000, 0.000, 0.000, 1.000]"
5489,219.56,219.6,silence,0.9999984502792358,silence,[1.000],,[],,[],"[0.000, 0.000, 0.000, 0.000, 0.000, 0.000, 0.000, 1.000]"
5490,219.6,219.64,silence,0.9999984502792358,silence,[1.000],,[],,[],"[0.000, 0.000, 0.000, 0.000, 0.000, 0.000, 0.000, 1.000]"
5491,219.64,219.68,silence,0.9999983310699463,silence,[1.000],,[],,[],"[0.000, 0.000, 0.000, 0.000, 0.000, 0.000, 0.000, 1.000]"
5492,219.68,219.72,silence,0.9999980926513672,silence,[1.000],,[],,[],"[0.000, 0.000, 0.000, 0.000, 0.000, 0.000, 0.000, 1.000]"
5493,219.72,219.76,silence,0.9999979734420776,silence,[1.000],,[],,[],"[0.000, 0.000, 0.000, 0.000, 0.000, 0.000, 0.000, 1.000]"
5494,219.76,219.8,silence,0.9999977350234985,silence,[1.000],,[],,[],"[0.000, 0.000, 0.000, 0.000, 0.000, 0.000, 0.000, 1.000]"
5495,219.8,219.84,silence,0.9999974966049194,silence,[1.000],,[],,[],"[0.000, 0.000, 0.000, 0.000, 0.000, 0.000, 0.000, 1.000]"
5496,219.84,219.88,silence,0.9999972581863403,silence,[1.000],,[],,[],"[0.000, 0.000, 0.000, 0.000, 0.000, 0.000, 0.000, 1.000]"
5497,219.88,219.92,silence,0.9999969005584717,silence,[1.000],,[],,[],"[0.000, 0.000, 0.000, 0.000, 0.000, 0.000, 0.000, 1.000]"
5498,219.92,219.96,silence,0.9999964237213135,silence,[1.000],,[],,[],"[0.000, 0.000, 0.000, 0.000, 0.000, 0.000, 0.000, 1.000]"
5499,219.96,220.0,silence,0.9999958276748657,silence,[1.000],,[],,[],"[0.000, 0.000, 0.000, 0.000, 0.000, 0.000, 0.000, 1.000]"
5500,220.0,220.04,silence,0.9999951124191284,silence,[1.000],,[],,[],"[0.000, 0.000, 0.000, 0.000, 0.000, 0.000, 0.000, 1.000]"
5501,220.04,220.08,silence,0.9999940395355225,silence,[1.000],,[],,[],"[0.000, 0.000, 0.000, 0.000, 0.000, 0.000, 0.000, 1.000]"
5502,220.08,220.12,silence,0.9999927282333374,silence,[1.000],,[],,[],"[0.000, 0.000, 0.000, 0.000, 0.000, 0.000, 0.000, 1.000]"
5503,220.12,220.16,silence,0.9999908208847046,silence,[1.000],,[],,[],"[0.000, 0.000, 0.000, 0.000, 0.000, 0.000, 0.000, 1.000]"
5504,220.16,220.2,silence,0.9999881982803345,silence,[1.000],,[],,[],"[0.000, 0.000, 0.000, 0.000, 0.000, 0.000, 0.000, 1.000]"
5505,220.2,220.24,silence,0.9999842643737793,silence,[1.000],,[],,[],"[0.000, 0.000, 0.000, 0.000, 0.000, 0.000, 0.000, 1.000]"
5506,220.24,220.28,silence,0.9999784231185913,silence,[1.000],,[],,[],"[0.000, 0.000, 0.000, 0.000, 0.000, 0.000, 0.000, 1.000]"
5507,220.28,220.32,silence,0.9999696016311646,silence,[1.000],,[],,[],"[0.000, 0.000, 0.000, 0.000, 0.000, 0.000, 0.000, 1.000]"
5508,220.32,220.36,silence,0.9999560117721558,silence,[1.000],,[],,[],"[0.000, 0.000, 0.000, 0.000, 0.000, 0.000, 0.000, 1.000]"
5509,220.36,220.4,silence,0.9999345541000366,silence,[1.000],,[],,[],"[0.000, 0.000, 0.000, 0.000, 0.000, 0.000, 0.000, 1.000]"
5510,220.4,220.44,silence,0.9998999834060669,silence,[1.000],,[],,[],"[0.000, 0.000, 0.000, 0.000, 0.000, 0.000, 0.000, 1.000]"
5511,220.44,220.48,silence,0.9998434782028198,silence,[1.000],,[],,[],"[0.000, 0.000, 0.000, 0.000, 0.000, 0.000, 0.000, 1.000]"
5512,220.48,220.52,silence,0.9997488856315613,silence,[1.000],,[],,[],"[0.000, 0.000, 0.000, 0.000, 0.000, 0.000, 0.000, 1.000]"
5513,220.52,220.56,silence,0.9995878338813782,silence,[1.000],,[],,[],"[0.000, 0.000, 0.000, 0.000, 0.000, 0.000, 0.000, 1.000]"
5514,220.56,220.6,silence,0.9993095397949219,silence,[0.999],,[],,[],"[0.000, 0.000, 0.000, 0.000, 0.000, 0.000, 0.000, 0.999]"
5515,220.6,220.64,silence,0.9988219141960144,silence,[0.999],,[],,[],"[0.000, 0.000, 0.000, 0.000, 0.000, 0.000, 0.000, 0.999]"
5516,220.64,220.68,silence,0.9979596138000488,silence,[0.998],,[],,[],"[0.000, 0.000, 0.000, 0.000, 0.000, 0.000, 0.000, 0.998]"
5517,220.68,220.72,silence,0.9964249730110168,silence,[0.996],,[],,[],"[0.000, 0.000, 0.000, 0.000, 0.000, 0.000, 0.000, 0.996]"
5518,220.72,220.76,silence,0.9936887621879578,silence,[0.994],,[],,[],"[0.000, 0.000, 0.000, 0.000, 0.000, 0.000, 0.000, 0.994]"
5519,220.76,220.8,silence,0.988816499710083,silence,[0.989],,[],,[],"[0.000, 0.000, 0.000, 0.000, 0.000, 0.000, 0.000, 0.989]"
5520,220.8,220.84,silence,0.9802062511444092,silence,[0.980],,[],,[],"[0.000, 0.000, 0.000, 0.000, 0.000, 0.000, 0.000, 0.980]"
5521,220.84,220.88,silence,0.9652350544929504,silence,[0.965],,[],,[],"[0.000, 0.000, 0.000, 0.000, 0.000, 0.000, 0.000, 0.965]"
5522,220.88,220.92,silence,0.9398573040962219,silence,[0.940],,[],,[],"[0.000, 0.000, 0.000, 0.000, 0.000, 0.000, 0.000, 0.940]"
5523,220.92,220.96,silence,0.8985799551010132,silence,[0.899],,[],,[],"[0.000, 0.000, 0.000, 0.000, 0.000, 0.000, 0.000, 0.899]"
5524,220.96,221.0,silence,0.83540940284729,silence,[0.835],,[],,[],"[0.000, 0.000, 0.000, 0.000, 0.001, 0.000, 0.000, 0.835]"
5525,221.0,221.04,silence,0.7462740540504456,silence,[0.746],,[],,[],"[0.000, 0.000, 0.000, 0.000, 0.001, 0.000, 0.000, 0.746]"
5526,221.04,221.08,silence,0.6333214044570923,silence,[0.633],,[],,[],"[0.000, 0.001, 0.000, 0.000, 0.002, 0.000, 0.000, 0.633]"
5527,221.08,221.12,silence,0.5074542164802551,silence,[0.507],,[],,[],"[0.000, 0.003, 0.000, 0.000, 0.003, 0.000, 0.000, 0.507]"
5528,221.12,221.16,silence,0.385154664516449,,[],,[],,[],"[0.000, 0.006, 0.000, 0.000, 0.004, 0.000, 0.000, 0.385]"
5529,221.16,221.2,silence,0.280238538980484,,[],,[],,[],"[0.000, 0.012, 0.000, 0.000, 0.006, 0.000, 0.000, 0.280]"
5530,221.2,221.24,silence,0.1987585872411728,,[],,[],,[],"[0.000, 0.024, 0.000, 0.000, 0.008, 0.000, 0.000, 0.199]"
5531,221.24,221.28,silence,0.13984712958335876,,[],,[],,[],"[0.000, 0.042, 0.000, 0.000, 0.011, 0.000, 0.000, 0.140]"
5532,221.28,221.32,silence,0.09908236563205719,,[],,[],,[],"[0.001, 0.070, 0.000, 0.000, 0.015, 0.000, 0.001, 0.099]"
5533,221.32,221.36,silence,0.07150763273239136,,[],,[],,[],"[0.001, 0.107, 0.000, 0.000, 0.019, 0.000, 0.002, 0.072]"
5534,221.36,221.4,silence,0.052986856549978256,,[],,[],,[],"[0.002, 0.152, 0.000, 0.000, 0.023, 0.000, 0.004, 0.053]"
5535,221.4,221.44,silence,0.0405212938785553,,[],,[],,[],"[0.003, 0.201, 0.000, 0.001, 0.028, 0.000, 0.009, 0.041]"
5536,221.44,221.48,silence,0.03205212578177452,,[],,[],,[],"[0.004, 0.248, 0.000, 0.001, 0.032, 0.000, 0.018, 0.032]"
5537,221.48,221.52,silence,0.026239577680826187,,[],,[],,[],"[0.006, 0.289, 0.000, 0.001, 0.035, 0.000, 0.033, 0.026]"
5538,221.52,221.56,silence,0.022234492003917694,,[],,[],,[],"[0.008, 0.320, 0.001, 0.001, 0.038, 0.000, 0.056, 0.022]"
5539,221.56,221.6,silence,0.019479352980852127,,[],,[],,[],"[0.010, 0.340, 0.001, 0.002, 0.039, 0.000, 0.088, 0.019]"
5540,221.6,221.64,silence,0.017625464126467705,,[],,[],,[],"[0.011, 0.349, 0.001, 0.002, 0.040, 0.000, 0.129, 0.018]"
5541,221.64,221.68,silence,0.016412653028964996,,[],Yujin,"[0.000, 0.530, 0.000, 0.000, 0.019, 0.002, 0.000]",,[],"[0.012, 0.348, 0.001, 0.002, 0.041, 0.001, 0.175, 0.016]"
5542,221.68,221.72,silence,0.015665581449866295,,[],Yujin,"[0.000, 0.593, 0.000, 0.000, 0.018, 0.003, 0.000]",,[],"[0.013, 0.339, 0.002, 0.002, 0.041, 0.001, 0.225, 0.016]"
5543,221.72,221.76,silence,0.015251428820192814,,[],Yujin,"[0.000, 0.634, 0.000, 0.000, 0.016, 0.002, 0.000]",,[],"[0.013, 0.324, 0.002, 0.002, 0.041, 0.001, 0.274, 0.015]"
5544,221.76,221.8,silence,0.015080424025654793,,[],Yujin,"[0.000, 0.656, 0.000, 0.000, 0.015, 0.002, 0.000]",,[],"[0.012, 0.306, 0.002, 0.002, 0.041, 0.002, 0.321, 0.015]"
5545,221.8,221.84,silence,0.015105899423360825,,[],Yujin,"[0.000, 0.663, 0.000, 0.000, 0.014, 0.002, 0.000]",,[],"[0.011, 0.285, 0.003, 0.002, 0.041, 0.003, 0.364, 0.015]"
5546,221.84,221.88,silence,0.015306339599192142,,[],Yujin,"[0.000, 0.654, 0.000, 0.000, 0.012, 0.002, 0.000]",,[],"[0.010, 0.265, 0.003, 0.002, 0.041, 0.004, 0.401, 0.015]"
5547,221.88,221.92,silence,0.01565738581120968,,[],Yujin,"[0.000, 0.632, 0.000, 0.000, 0.011, 0.002, 0.000]",,[],"[0.009, 0.245, 0.004, 0.002, 0.042, 0.005, 0.432, 0.016]"
5548,221.92,221.96,silence,0.016139419749379158,,[],Yujin,"[0.000, 0.595, 0.000, 0.000, 0.010, 0.002, 0.000]",,[],"[0.008, 0.226, 0.004, 0.002, 0.043, 0.007, 0.458, 0.016]"
5549,221.96,222.0,silence,0.016743626445531845,,[],Yujin,"[0.000, 0.545, 0.000, 0.000, 0.009, 0.002, 0.000]",,[],"[0.007, 0.209, 0.004, 0.002, 0.044, 0.010, 0.478, 0.017]"
5550,222.0,222.04,silence,0.017469244077801704,,[],Yujin,"[0.000, 0.481, 0.000, 0.000, 0.008, 0.002, 0.000]",,[],"[0.007, 0.194, 0.004, 0.001, 0.045, 0.012, 0.495, 0.017]"
5551,222.04,222.08,silence,0.01832272857427597,,[],,[],,[],"[0.006, 0.181, 0.005, 0.001, 0.047, 0.015, 0.507, 0.018]"
5552,222.08,222.12,silence,0.019313981756567955,,[],,[],,[],"[0.005, 0.169, 0.005, 0.001, 0.050, 0.018, 0.515, 0.019]"
5553,222.12,222.16,silence,0.02044074237346649,,[],,[],,[],"[0.005, 0.160, 0.005, 0.001, 0.053, 0.021, 0.519, 0.020]"
5554,222.16,222.2,silence,0.02169218100607395,,[],,[],,[],"[0.004, 0.152, 0.005, 0.001, 0.056, 0.025, 0.521, 0.022]"
5555,222.2,222.24,silence,0.023047354072332382,,[],,[],,[],"[0.004, 0.146, 0.004, 0.001, 0.060, 0.028, 0.520, 0.023]"
5556,222.24,222.28,silence,0.024471895769238472,,[],,[],,[],"[0.004, 0.141, 0.004, 0.002, 0.065, 0.031, 0.516, 0.024]"
5557,222.28,222.32,silence,0.025931328535079956,,[],,[],,[],"[0.003, 0.139, 0.004, 0.002, 0.070, 0.033, 0.512, 0.026]"
5558,222.32,222.36,silence,0.027381103485822678,,[],,[],,[],"[0.003, 0.138, 0.004, 0.002, 0.076, 0.036, 0.507, 0.027]"
5559,222.36,222.4,silence,0.028776036575436592,,[],,[],,[],"[0.003, 0.138, 0.004, 0.002, 0.083, 0.038, 0.501, 0.029]"
5560,222.4,222.44,silence,0.030071865767240524,,[],,[],,[],"[0.003, 0.140, 0.003, 0.002, 0.090, 0.040, 0.494, 0.030]"
5561,222.44,222.48,silence,0.031218059360980988,,[],,[],,[],"[0.003, 0.144, 0.003, 0.003, 0.098, 0.041, 0.488, 0.031]"
5562,222.48,222.52,silence,0.03216037154197693,,[],,[],,[],"[0.003, 0.149, 0.003, 0.003, 0.107, 0.043, 0.482, 0.032]"
5563,222.52,222.56,silence,0.032847415655851364,,[],,[],,[],"[0.004, 0.156, 0.003, 0.004, 0.117, 0.045, 0.475, 0.033]"
5564,222.56,222.6,silence,0.033246226608753204,,[],,[],,[],"[0.004, 0.164, 0.003, 0.005, 0.127, 0.046, 0.469, 0.033]"
5565,222.6,222.64,silence,0.03336074948310852,,[],,[],,[],"[0.004, 0.173, 0.003, 0.006, 0.137, 0.048, 0.461, 0.033]"
5566,222.64,222.68,silence,0.03321203216910362,,[],,[],,[],"[0.005, 0.183, 0.003, 0.008, 0.148, 0.051, 0.453, 0.033]"
5567,222.68,222.72,silence,0.03280750662088394,,[],,[],,[],"[0.005, 0.195, 0.003, 0.009, 0.158, 0.054, 0.443, 0.033]"
5568,222.72,222.76,silence,0.03216569125652313,,[],,[],,[],"[0.006, 0.208, 0.003, 0.012, 0.167, 0.057, 0.432, 0.032]"
5569,222.76,222.8,silence,0.03132016211748123,,[],,[],,[],"[0.007, 0.221, 0.003, 0.014, 0.175, 0.062, 0.420, 0.031]"
5570,222.8,222.84,silence,0.030326711013913155,,[],,[],,[],"[0.007, 0.235, 0.003, 0.017, 0.182, 0.068, 0.406, 0.030]"
5571,222.84,222.88,silence,0.02925848588347435,,[],,[],,[],"[0.008, 0.249, 0.003, 0.021, 0.187, 0.075, 0.390, 0.029]"
5572,222.88,222.92,silence,0.028220156207680702,,[],,[],,[],"[0.010, 0.262, 0.003, 0.024, 0.190, 0.084, 0.373, 0.028]"
5573,222.92,222.96,silence,0.02727621980011463,,[],,[],,[],"[0.011, 0.275, 0.003, 0.027, 0.190, 0.096, 0.354, 0.027]"
5574,222.96,223.0,silence,0.026478178799152374,,[],,[],,[],"[0.012, 0.285, 0.003, 0.030, 0.187, 0.109, 0.333, 0.026]"
5575,223.0,223.04,silence,0.02586415782570839,,[],,[],,[],"[0.013, 0.294, 0.003, 0.031, 0.181, 0.126, 0.311, 0.026]"
5576,223.04,223.08,silence,0.02545575052499771,,[],,[],,[],"[0.015, 0.299, 0.003, 0.032, 0.173, 0.145, 0.289, 0.025]"
5577,223.08,223.12,silence,0.02525808848440647,,[],,[],,[],"[0.016, 0.301, 0.003, 0.032, 0.163, 0.167, 0.266, 0.025]"
5578,223.12,223.16,silence,0.02529693767428398,,[],,[],,[],"[0.017, 0.300, 0.003, 0.030, 0.151, 0.191, 0.244, 0.025]"
5579,223.16,223.2,silence,0.0256195031106472,,[],,[],,[],"[0.017, 0.295, 0.003, 0.028, 0.138, 0.216, 0.222, 0.026]"
5580,223.2,223.24,silence,0.026288093999028206,,[],,[],,[],"[0.017, 0.285, 0.003, 0.024, 0.125, 0.241, 0.201, 0.026]"
5581,223.24,223.28,silence,0.02736539952456951,,[],,[],,[],"[0.016, 0.272, 0.003, 0.020, 0.111, 0.264, 0.181, 0.027]"
5582,223.28,223.32,silence,0.028916697949171066,,[],,[],,[],"[0.015, 0.256, 0.003, 0.016, 0.098, 0.284, 0.163, 0.029]"
5583,223.32,223.36,silence,0.0310161542147398,,[],,[],,[],"[0.013, 0.236, 0.003, 0.013, 0.085, 0.300, 0.145, 0.031]"
5584,223.36,223.4,silence,0.03376943618059158,,[],,[],,[],"[0.011, 0.214, 0.002, 0.009, 0.073, 0.310, 0.129, 0.034]"
5585,223.4,223.44,silence,0.03737326338887215,,[],,[],,[],"[0.008, 0.190, 0.002, 0.007, 0.062, 0.312, 0.115, 0.037]"
5586,223.44,223.48,silence,0.04207820072770119,,[],,[],,[],"[0.006, 0.164, 0.002, 0.004, 0.052, 0.305, 0.102, 0.042]"
5587,223.48,223.52,silence,0.04824259504675865,,[],,[],,[],"[0.004, 0.139, 0.001, 0.003, 0.043, 0.288, 0.090, 0.048]"
5588,223.52,223.56,silence,0.05632098391652107,,[],,[],,[],"[0.003, 0.114, 0.001, 0.002, 0.035, 0.260, 0.079, 0.056]"
5589,223.56,223.6,silence,0.06698691844940186,,[],,[],,[],"[0.002, 0.092, 0.001, 0.001, 0.028, 0.224, 0.068, 0.067]"
5590,223.6,223.64,silence,0.08109364658594131,,[],,[],,[],"[0.001, 0.071, 0.001, 0.001, 0.022, 0.181, 0.059, 0.081]"
5591,223.64,223.68,silence,0.09963418543338776,,[],,[],,[],"[0.001, 0.054, 0.000, 0.000, 0.017, 0.138, 0.050, 0.100]"
5592,223.68,223.72,silence,0.1237846314907074,,[],,[],,[],"[0.000, 0.040, 0.000, 0.000, 0.013, 0.098, 0.041, 0.124]"
5593,223.72,223.76,silence,0.15474937856197357,,[],,[],,[],"[0.000, 0.029, 0.000, 0.000, 0.010, 0.065, 0.034, 0.155]"
5594,223.76,223.8,silence,0.19350533187389374,,[],,[],,[],"[0.000, 0.021, 0.000, 0.000, 0.007, 0.040, 0.027, 0.194]"
5595,223.8,223.84,silence,0.2405259758234024,,[],,[],,[],"[0.000, 0.014, 0.000, 0.000, 0.005, 0.024, 0.021, 0.241]"
5596,223.84,223.88,silence,0.2956274449825287,,[],,[],,[],"[0.000, 0.010, 0.000, 0.000, 0.004, 0.013, 0.016, 0.296]"
5597,223.88,223.92,silence,0.35775458812713623,,[],,[],,[],"[0.000, 0.007, 0.000, 0.000, 0.003, 0.007, 0.012, 0.358]"
5598,223.92,223.96,silence,0.4248655438423157,,[],,[],,[],"[0.000, 0.004, 0.000, 0.000, 0.002, 0.004, 0.009, 0.425]"
5599,223.96,224.0,silence,0.4939626455307007,,[],,[],,[],"[0.000, 0.003, 0.000, 0.000, 0.002, 0.002, 0.006, 0.494]"
5600,224.0,224.04,silence,0.5616350173950195,silence,[0.562],,[],,[],"[0.000, 0.002, 0.000, 0.000, 0.001, 0.001, 0.005, 0.562]"
5601,224.04,224.08,silence,0.6252367496490479,silence,[0.625],,[],,[],"[0.000, 0.001, 0.000, 0.000, 0.001, 0.000, 0.003, 0.625]"
5602,224.08,224.12,silence,0.6829196214675903,silence,[0.683],,[],,[],"[0.000, 0.001, 0.000, 0.000, 0.001, 0.000, 0.002, 0.683]"
5603,224.12,224.16,silence,0.7338098883628845,silence,[0.734],,[],,[],"[0.000, 0.000, 0.000, 0.000, 0.001, 0.000, 0.002, 0.734]"
5604,224.16,224.2,silence,0.7780137658119202,silence,[0.778],,[],,[],"[0.000, 0.000, 0.000, 0.000, 0.000, 0.000, 0.001, 0.778]"
5605,224.2,224.24,silence,0.8160020709037781,silence,[0.816],,[],,[],"[0.000, 0.000, 0.000, 0.000, 0.000, 0.000, 0.001, 0.816]"
5606,224.24,224.28,silence,0.8483198881149292,silence,[0.848],,[],,[],"[0.000, 0.000, 0.000, 0.000, 0.000, 0.000, 0.001, 0.848]"
5607,224.28,224.32,silence,0.8755596876144409,silence,[0.876],,[],,[],"[0.000, 0.000, 0.000, 0.000, 0.000, 0.000, 0.000, 0.876]"
5608,224.32,224.36,silence,0.8984300494194031,silence,[0.898],,[],,[],"[0.000, 0.000, 0.000, 0.000, 0.000, 0.000, 0.000, 0.898]"
5609,224.36,224.4,silence,0.9176039695739746,silence,[0.918],,[],,[],"[0.000, 0.000, 0.000, 0.000, 0.000, 0.000, 0.000, 0.918]"
5610,224.4,224.44,silence,0.9336687922477722,silence,[0.934],,[],,[],"[0.000, 0.000, 0.000, 0.000, 0.000, 0.000, 0.000, 0.934]"
5611,224.44,224.48,silence,0.9471105337142944,silence,[0.947],,[],,[],"[0.000, 0.000, 0.000, 0.000, 0.000, 0.000, 0.000, 0.947]"
5612,224.48,224.52,silence,0.958332359790802,silence,[0.958],,[],,[],"[0.000, 0.000, 0.000, 0.000, 0.000, 0.000, 0.000, 0.958]"
5613,224.52,224.56,silence,0.9676670432090759,silence,[0.968],,[],,[],"[0.000, 0.000, 0.000, 0.000, 0.000, 0.000, 0.000, 0.968]"
5614,224.56,224.6,silence,0.9753699898719788,silence,[0.975],,[],,[],"[0.000, 0.000, 0.000, 0.000, 0.000, 0.000, 0.000, 0.975]"
5615,224.6,224.64,silence,0.9816445112228394,silence,[0.982],,[],,[],"[0.000, 0.000, 0.000, 0.000, 0.000, 0.000, 0.000, 0.982]"
5616,224.64,224.68,silence,0.9866753220558167,silence,[0.987],,[],,[],"[0.000, 0.000, 0.000, 0.000, 0.000, 0.000, 0.000, 0.987]"
5617,224.68,224.72,silence,0.9906201362609863,silence,[0.991],,[],,[],"[0.000, 0.000, 0.000, 0.000, 0.000, 0.000, 0.000, 0.991]"
5618,224.72,224.76,silence,0.9936313033103943,silence,[0.994],,[],,[],"[0.000, 0.000, 0.000, 0.000, 0.000, 0.000, 0.000, 0.994]"
5619,224.76,224.8,silence,0.9958431124687195,silence,[0.996],,[],,[],"[0.000, 0.000, 0.000, 0.000, 0.000, 0.000, 0.000, 0.996]"
5620,224.8,224.84,silence,0.9973973035812378,silence,[0.997],,[],,[],"[0.000, 0.000, 0.000, 0.000, 0.000, 0.000, 0.000, 0.997]"
5621,224.84,224.88,silence,0.9984459280967712,silence,[0.998],,[],,[],"[0.000, 0.000, 0.000, 0.000, 0.000, 0.000, 0.000, 0.998]"
5622,224.88,224.92,silence,0.9991199374198914,silence,[0.999],,[],,[],"[0.000, 0.000, 0.000, 0.000, 0.000, 0.000, 0.000, 0.999]"
5623,224.92,224.96,silence,0.9995291233062744,silence,[1.000],,[],,[],"[0.000, 0.000, 0.000, 0.000, 0.000, 0.000, 0.000, 1.000]"
5624,224.96,225.0,silence,0.9997625946998596,silence,[1.000],,[],,[],"[0.000, 0.000, 0.000, 0.000, 0.000, 0.000, 0.000, 1.000]"
5625,225.0,225.04,silence,0.999887228012085,silence,[1.000],,[],,[],"[0.000, 0.000, 0.000, 0.000, 0.000, 0.000, 0.000, 1.000]"
5626,225.04,225.08,silence,0.99994957447052,silence,[1.000],,[],,[],"[0.000, 0.000, 0.000, 0.000, 0.000, 0.000, 0.000, 1.000]"
5627,225.08,225.12,silence,0.99997878074646,silence,[1.000],,[],,[],"[0.000, 0.000, 0.000, 0.000, 0.000, 0.000, 0.000, 1.000]"
5628,225.12,225.16,silence,0.9999915361404419,silence,[1.000],,[],,[],"[0.000, 0.000, 0.000, 0.000, 0.000, 0.000, 0.000, 1.000]"
5629,225.16,225.2,silence,0.9999969005584717,silence,[1.000],,[],,[],"[0.000, 0.000, 0.000, 0.000, 0.000, 0.000, 0.000, 1.000]"
5630,225.2,225.24,silence,0.999998927116394,silence,[1.000],,[],,[],"[0.000, 0.000, 0.000, 0.000, 0.000, 0.000, 0.000, 1.000]"
5631,225.24,225.28,silence,0.9999996423721313,silence,[1.000],,[],,[],"[0.000, 0.000, 0.000, 0.000, 0.000, 0.000, 0.000, 1.000]"
5632,225.28,225.32,silence,0.9999998807907104,silence,[1.000],,[],,[],"[0.000, 0.000, 0.000, 0.000, 0.000, 0.000, 0.000, 1.000]"
5633,225.32,225.36,silence,1.0,silence,[1.000],,[],,[],"[0.000, 0.000, 0.000, 0.000, 0.000, 0.000, 0.000, 1.000]"
5634,225.36,225.4,silence,1.0,silence,[1.000],,[],,[],"[0.000, 0.000, 0.000, 0.000, 0.000, 0.000, 0.000, 1.000]"
5635,225.4,225.44,silence,1.0,silence,[1.000],,[],,[],"[0.000, 0.000, 0.000, 0.000, 0.000, 0.000, 0.000, 1.000]"
5636,225.44,225.48,silence,1.0,silence,[1.000],,[],,[],"[0.000, 0.000, 0.000, 0.000, 0.000, 0.000, 0.000, 1.000]"
5637,225.48,225.52,silence,1.0,silence,[1.000],,[],,[],"[0.000, 0.000, 0.000, 0.000, 0.000, 0.000, 0.000, 1.000]"
5638,225.52,225.56,silence,1.0,silence,[1.000],,[],,[],"[0.000, 0.000, 0.000, 0.000, 0.000, 0.000, 0.000, 1.000]"
5639,225.56,225.6,silence,1.0,silence,[1.000],,[],,[],"[0.000, 0.000, 0.000, 0.000, 0.000, 0.000, 0.000, 1.000]"
5640,225.6,225.64,silence,1.0,silence,[1.000],,[],,[],"[0.000, 0.000, 0.000, 0.000, 0.000, 0.000, 0.000, 1.000]"
5641,225.64,225.68,silence,1.0,silence,[1.000],,[],,[],"[0.000, 0.000, 0.000, 0.000, 0.000, 0.000, 0.000, 1.000]"
5642,225.68,225.72,silence,1.0,silence,[1.000],,[],,[],"[0.000, 0.000, 0.000, 0.000, 0.000, 0.000, 0.000, 1.000]"
5643,225.72,225.76,silence,1.0,silence,[1.000],,[],,[],"[0.000, 0.000, 0.000, 0.000, 0.000, 0.000, 0.000, 1.000]"
5644,225.76,225.8,silence,1.0,silence,[1.000],,[],,[],"[0.000, 0.000, 0.000, 0.000, 0.000, 0.000, 0.000, 1.000]"
5645,225.8,225.84,silence,1.0,silence,[1.000],,[],,[],"[0.000, 0.000, 0.000, 0.000, 0.000, 0.000, 0.000, 1.000]"
5646,225.84,225.88,silence,1.0,silence,[1.000],,[],,[],"[0.000, 0.000, 0.000, 0.000, 0.000, 0.000, 0.000, 1.000]"
5647,225.88,225.92,silence,1.0,silence,[1.000],,[],,[],"[0.000, 0.000, 0.000, 0.000, 0.000, 0.000, 0.000, 1.000]"
5648,225.92,225.96,silence,1.0,silence,[1.000],,[],,[],"[0.000, 0.000, 0.000, 0.000, 0.000, 0.000, 0.000, 1.000]"
5649,225.96,226.0,silence,1.0,silence,[1.000],,[],,[],"[0.000, 0.000, 0.000, 0.000, 0.000, 0.000, 0.000, 1.000]"
5650,226.0,226.04,silence,1.0,silence,[1.000],,[],,[],"[0.000, 0.000, 0.000, 0.000, 0.000, 0.000, 0.000, 1.000]"
5651,226.04,226.08,silence,1.0,silence,[1.000],,[],,[],"[0.000, 0.000, 0.000, 0.000, 0.000, 0.000, 0.000, 1.000]"
5652,226.08,226.12,silence,1.0,silence,[1.000],,[],,[],"[0.000, 0.000, 0.000, 0.000, 0.000, 0.000, 0.000, 1.000]"
5653,226.12,226.16,silence,1.0,silence,[1.000],,[],,[],"[0.000, 0.000, 0.000, 0.000, 0.000, 0.000, 0.000, 1.000]"
5654,226.16,226.2,silence,1.0,silence,[1.000],,[],,[],"[0.000, 0.000, 0.000, 0.000, 0.000, 0.000, 0.000, 1.000]"
5655,226.2,226.24,silence,1.0,silence,[1.000],,[],,[],"[0.000, 0.000, 0.000, 0.000, 0.000, 0.000, 0.000, 1.000]"
5656,226.24,226.28,silence,1.0,silence,[1.000],,[],,[],"[0.000, 0.000, 0.000, 0.000, 0.000, 0.000, 0.000, 1.000]"
5657,226.28,226.32,silence,1.0,silence,[1.000],,[],,[],"[0.000, 0.000, 0.000, 0.000, 0.000, 0.000, 0.000, 1.000]"
5658,226.32,226.36,silence,1.0,silence,[1.000],,[],,[],"[0.000, 0.000, 0.000, 0.000, 0.000, 0.000, 0.000, 1.000]"
5659,226.36,226.4,silence,1.0,silence,[1.000],,[],,[],"[0.000, 0.000, 0.000, 0.000, 0.000, 0.000, 0.000, 1.000]"
5660,226.4,226.44,silence,1.0,silence,[1.000],,[],,[],"[0.000, 0.000, 0.000, 0.000, 0.000, 0.000, 0.000, 1.000]"
5661,226.44,226.48,silence,1.0,silence,[1.000],,[],,[],"[0.000, 0.000, 0.000, 0.000, 0.000, 0.000, 0.000, 1.000]"
5662,226.48,226.52,silence,1.0,silence,[1.000],,[],,[],"[0.000, 0.000, 0.000, 0.000, 0.000, 0.000, 0.000, 1.000]"
5663,226.52,226.56,silence,1.0,silence,[1.000],,[],,[],"[0.000, 0.000, 0.000, 0.000, 0.000, 0.000, 0.000, 1.000]"
5664,226.56,226.6,silence,1.0,silence,[1.000],,[],,[],"[0.000, 0.000, 0.000, 0.000, 0.000, 0.000, 0.000, 1.000]"
5665,226.6,226.64,silence,1.0,silence,[1.000],,[],,[],"[0.000, 0.000, 0.000, 0.000, 0.000, 0.000, 0.000, 1.000]"
5666,226.64,226.68,silence,1.0,silence,[1.000],,[],,[],"[0.000, 0.000, 0.000, 0.000, 0.000, 0.000, 0.000, 1.000]"
5667,226.68,226.72,silence,1.0,silence,[1.000],,[],,[],"[0.000, 0.000, 0.000, 0.000, 0.000, 0.000, 0.000, 1.000]"
5668,226.72,226.76,silence,1.0,silence,[1.000],,[],,[],"[0.000, 0.000, 0.000, 0.000, 0.000, 0.000, 0.000, 1.000]"
5669,226.76,226.8,silence,1.0,silence,[1.000],,[],,[],"[0.000, 0.000, 0.000, 0.000, 0.000, 0.000, 0.000, 1.000]"
5670,226.8,226.84,silence,1.0,silence,[1.000],,[],,[],"[0.000, 0.000, 0.000, 0.000, 0.000, 0.000, 0.000, 1.000]"
5671,226.84,226.88,silence,1.0,silence,[1.000],,[],,[],"[0.000, 0.000, 0.000, 0.000, 0.000, 0.000, 0.000, 1.000]"
5672,226.88,226.92,silence,1.0,silence,[1.000],,[],,[],"[0.000, 0.000, 0.000, 0.000, 0.000, 0.000, 0.000, 1.000]"
5673,226.92,226.96,silence,1.0,silence,[1.000],,[],,[],"[0.000, 0.000, 0.000, 0.000, 0.000, 0.000, 0.000, 1.000]"
5674,226.96,227.0,silence,1.0,silence,[1.000],,[],,[],"[0.000, 0.000, 0.000, 0.000, 0.000, 0.000, 0.000, 1.000]"
5675,227.0,227.04,silence,1.0,silence,[1.000],,[],,[],"[0.000, 0.000, 0.000, 0.000, 0.000, 0.000, 0.000, 1.000]"
5676,227.04,227.08,silence,1.0,silence,[1.000],,[],,[],"[0.000, 0.000, 0.000, 0.000, 0.000, 0.000, 0.000, 1.000]"
5677,227.08,227.12,silence,1.0,silence,[1.000],,[],,[],"[0.000, 0.000, 0.000, 0.000, 0.000, 0.000, 0.000, 1.000]"
5678,227.12,227.16,silence,1.0,silence,[1.000],,[],,[],"[0.000, 0.000, 0.000, 0.000, 0.000, 0.000, 0.000, 1.000]"
5679,227.16,227.2,silence,1.0,silence,[1.000],,[],,[],"[0.000, 0.000, 0.000, 0.000, 0.000, 0.000, 0.000, 1.000]"
5680,227.2,227.24,silence,1.0,silence,[1.000],,[],,[],"[0.000, 0.000, 0.000, 0.000, 0.000, 0.000, 0.000, 1.000]"
5681,227.24,227.28,silence,1.0,silence,[1.000],,[],,[],"[0.000, 0.000, 0.000, 0.000, 0.000, 0.000, 0.000, 1.000]"
5682,227.28,227.32,silence,1.0,silence,[1.000],,[],,[],"[0.000, 0.000, 0.000, 0.000, 0.000, 0.000, 0.000, 1.000]"
5683,227.32,227.36,silence,1.0,silence,[1.000],,[],,[],"[0.000, 0.000, 0.000, 0.000, 0.000, 0.000, 0.000, 1.000]"
5684,227.36,227.4,silence,0.9999998807907104,silence,[1.000],,[],,[],"[0.000, 0.000, 0.000, 0.000, 0.000, 0.000, 0.000, 1.000]"
5685,227.4,227.44,silence,0.9999998807907104,silence,[1.000],,[],,[],"[0.000, 0.000, 0.000, 0.000, 0.000, 0.000, 0.000, 1.000]"
5686,227.44,227.48,silence,0.9999997615814209,silence,[1.000],,[],,[],"[0.000, 0.000, 0.000, 0.000, 0.000, 0.000, 0.000, 1.000]"
5687,227.48,227.52,silence,0.9999995231628418,silence,[1.000],,[],,[],"[0.000, 0.000, 0.000, 0.000, 0.000, 0.000, 0.000, 1.000]"
5688,227.52,227.56,silence,0.9999991655349731,silence,[1.000],,[],,[],"[0.000, 0.000, 0.000, 0.000, 0.000, 0.000, 0.000, 1.000]"
5689,227.56,227.6,silence,0.9999985694885254,silence,[1.000],,[],,[],"[0.000, 0.000, 0.000, 0.000, 0.000, 0.000, 0.000, 1.000]"
5690,227.6,227.64,silence,0.9999973773956299,silence,[1.000],,[],,[],"[0.000, 0.000, 0.000, 0.000, 0.000, 0.000, 0.000, 1.000]"
5691,227.64,227.68,silence,0.9999953508377075,silence,[1.000],,[],,[],"[0.000, 0.000, 0.000, 0.000, 0.000, 0.000, 0.000, 1.000]"
5692,227.68,227.72,silence,0.9999918937683105,silence,[1.000],,[],,[],"[0.000, 0.000, 0.000, 0.000, 0.000, 0.000, 0.000, 1.000]"
5693,227.72,227.76,silence,0.999985933303833,silence,[1.000],,[],,[],"[0.000, 0.000, 0.000, 0.000, 0.000, 0.000, 0.000, 1.000]"
5694,227.76,227.8,silence,0.9999760389328003,silence,[1.000],,[],,[],"[0.000, 0.000, 0.000, 0.000, 0.000, 0.000, 0.000, 1.000]"
5695,227.8,227.84,silence,0.9999604225158691,silence,[1.000],,[],,[],"[0.000, 0.000, 0.000, 0.000, 0.000, 0.000, 0.000, 1.000]"
5696,227.84,227.88,silence,0.9999362230300903,silence,[1.000],,[],,[],"[0.000, 0.000, 0.000, 0.000, 0.000, 0.000, 0.000, 1.000]"
5697,227.88,227.92,silence,0.9999006986618042,silence,[1.000],,[],,[],"[0.000, 0.000, 0.000, 0.000, 0.000, 0.000, 0.000, 1.000]"
5698,227.92,227.96,silence,0.9998507499694824,silence,[1.000],,[],,[],"[0.000, 0.000, 0.000, 0.000, 0.000, 0.000, 0.000, 1.000]"
5699,227.96,228.0,silence,0.9997844099998474,silence,[1.000],,[],,[],"[0.000, 0.000, 0.000, 0.000, 0.000, 0.000, 0.000, 1.000]"
5700,228.0,228.04,silence,0.9997021555900574,silence,[1.000],,[],,[],"[0.000, 0.000, 0.000, 0.000, 0.000, 0.000, 0.000, 1.000]"
5701,228.04,228.08,silence,0.9996076226234436,silence,[1.000],,[],,[],"[0.000, 0.000, 0.000, 0.000, 0.000, 0.000, 0.000, 1.000]"
5702,228.08,228.12,silence,0.999508261680603,silence,[1.000],,[],,[],"[0.000, 0.000, 0.000, 0.000, 0.000, 0.000, 0.000, 1.000]"
5703,228.12,228.16,silence,0.9994146823883057,silence,[0.999],,[],,[],"[0.000, 0.000, 0.000, 0.000, 0.000, 0.001, 0.000, 0.999]"
5704,228.16,228.2,silence,0.9993361830711365,silence,[0.999],,[],,[],"[0.000, 0.000, 0.000, 0.000, 0.000, 0.001, 0.000, 0.999]"
5705,228.2,228.24,silence,0.9992788434028625,silence,[0.999],,[],,[],"[0.000, 0.000, 0.000, 0.000, 0.000, 0.001, 0.000, 0.999]"
5706,228.24,228.28,silence,0.9992467164993286,silence,[0.999],,[],,[],"[0.000, 0.000, 0.000, 0.000, 0.000, 0.002, 0.000, 0.999]"
5707,228.28,228.32,silence,0.9992415904998779,silence,[0.999],,[],,[],"[0.000, 0.000, 0.000, 0.000, 0.000, 0.002, 0.000, 0.999]"
5708,228.32,228.36,silence,0.9992607235908508,silence,[0.999],,[],,[],"[0.000, 0.000, 0.000, 0.000, 0.000, 0.002, 0.000, 0.999]"
5709,228.36,228.4,silence,0.9993000030517578,silence,[0.999],,[],,[],"[0.000, 0.000, 0.000, 0.000, 0.000, 0.003, 0.000, 0.999]"
5710,228.4,228.44,silence,0.9993550181388855,silence,[0.999],,[],,[],"[0.000, 0.000, 0.000, 0.000, 0.000, 0.003, 0.000, 0.999]"
5711,228.44,228.48,silence,0.9994206428527832,silence,[0.999],,[],,[],"[0.000, 0.000, 0.000, 0.000, 0.000, 0.003, 0.000, 0.999]"
5712,228.48,228.52,silence,0.9994915723800659,silence,[0.999],,[],,[],"[0.000, 0.000, 0.000, 0.000, 0.000, 0.003, 0.000, 0.999]"
5713,228.52,228.56,silence,0.9995638728141785,silence,[1.000],,[],,[],"[0.000, 0.000, 0.000, 0.000, 0.000, 0.003, 0.000, 1.000]"
5714,228.56,228.6,silence,0.9996334314346313,silence,[1.000],,[],,[],"[0.000, 0.000, 0.000, 0.000, 0.000, 0.003, 0.000, 1.000]"
5715,228.6,228.64,silence,0.9996975660324097,silence,[1.000],,[],,[],"[0.000, 0.000, 0.000, 0.000, 0.000, 0.003, 0.000, 1.000]"
5716,228.64,228.68,silence,0.9997546076774597,silence,[1.000],,[],,[],"[0.000, 0.000, 0.000, 0.000, 0.000, 0.002, 0.000, 1.000]"
5717,228.68,228.72,silence,0.9998036026954651,silence,[1.000],,[],,[],"[0.000, 0.000, 0.000, 0.000, 0.000, 0.002, 0.000, 1.000]"
5718,228.72,228.76,silence,0.9998449087142944,silence,[1.000],,[],,[],"[0.000, 0.000, 0.000, 0.000, 0.000, 0.002, 0.000, 1.000]"
5719,228.76,228.8,silence,0.9998787641525269,silence,[1.000],,[],,[],"[0.000, 0.000, 0.000, 0.000, 0.000, 0.001, 0.000, 1.000]"
5720,228.8,228.84,silence,0.9999061822891235,silence,[1.000],,[],,[],"[0.000, 0.000, 0.000, 0.000, 0.000, 0.001, 0.000, 1.000]"
5721,228.84,228.88,silence,0.9999279975891113,silence,[1.000],,[],,[],"[0.000, 0.000, 0.000, 0.000, 0.000, 0.001, 0.000, 1.000]"
5722,228.88,228.92,silence,0.9999450445175171,silence,[1.000],,[],,[],"[0.000, 0.000, 0.000, 0.000, 0.000, 0.000, 0.000, 1.000]"
5723,228.92,228.96,silence,0.9999582767486572,silence,[1.000],,[],,[],"[0.000, 0.000, 0.000, 0.000, 0.000, 0.000, 0.000, 1.000]"
5724,228.96,229.0,silence,0.9999681711196899,silence,[1.000],,[],,[],"[0.000, 0.000, 0.000, 0.000, 0.000, 0.000, 0.000, 1.000]"
5725,229.0,229.04,silence,0.9999756813049316,silence,[1.000],,[],,[],"[0.000, 0.000, 0.000, 0.000, 0.000, 0.000, 0.000, 1.000]"
5726,229.04,229.08,silence,0.9999814033508301,silence,[1.000],,[],,[],"[0.000, 0.000, 0.000, 0.000, 0.000, 0.000, 0.000, 1.000]"
5727,229.08,229.12,silence,0.9999856948852539,silence,[1.000],,[],,[],"[0.000, 0.000, 0.000, 0.000, 0.000, 0.000, 0.000, 1.000]"
5728,229.12,229.16,silence,0.9999889135360718,silence,[1.000],,[],,[],"[0.000, 0.000, 0.000, 0.000, 0.000, 0.000, 0.000, 1.000]"
5729,229.16,229.2,silence,0.9999915361404419,silence,[1.000],,[],,[],"[0.000, 0.000, 0.000, 0.000, 0.000, 0.000, 0.000, 1.000]"
5730,229.2,229.24,silence,0.9999934434890747,silence,[1.000],,[],,[],"[0.000, 0.000, 0.000, 0.000, 0.000, 0.000, 0.000, 1.000]"
5731,229.24,229.28,silence,0.9999949932098389,silence,[1.000],,[],,[],"[0.000, 0.000, 0.000, 0.000, 0.000, 0.000, 0.000, 1.000]"
5732,229.28,229.32,silence,0.9999961853027344,silence,[1.000],,[],,[],"[0.000, 0.000, 0.000, 0.000, 0.000, 0.000, 0.000, 1.000]"
5733,229.32,229.36,silence,0.9999970197677612,silence,[1.000],,[],,[],"[0.000, 0.000, 0.000, 0.000, 0.000, 0.000, 0.000, 1.000]"
5734,229.36,229.4,silence,0.9999977350234985,silence,[1.000],,[],,[],"[0.000, 0.000, 0.000, 0.000, 0.000, 0.000, 0.000, 1.000]"
5735,229.4,229.44,silence,0.9999983310699463,silence,[1.000],,[],,[],"[0.000, 0.000, 0.000, 0.000, 0.000, 0.000, 0.000, 1.000]"
5736,229.44,229.48,silence,0.9999988079071045,silence,[1.000],,[],,[],"[0.000, 0.000, 0.000, 0.000, 0.000, 0.000, 0.000, 1.000]"
5737,229.48,229.52,silence,0.9999990463256836,silence,[1.000],,[],,[],"[0.000, 0.000, 0.000, 0.000, 0.000, 0.000, 0.000, 1.000]"
5738,229.52,229.56,silence,0.9999992847442627,silence,[1.000],,[],,[],"[0.000, 0.000, 0.000, 0.000, 0.000, 0.000, 0.000, 1.000]"
5739,229.56,229.6,silence,0.9999995231628418,silence,[1.000],,[],,[],"[0.000, 0.000, 0.000, 0.000, 0.000, 0.000, 0.000, 1.000]"
5740,229.6,229.64,silence,0.9999996423721313,silence,[1.000],,[],,[],"[0.000, 0.000, 0.000, 0.000, 0.000, 0.000, 0.000, 1.000]"
5741,229.64,229.68,silence,0.9999997615814209,silence,[1.000],,[],,[],"[0.000, 0.000, 0.000, 0.000, 0.000, 0.000, 0.000, 1.000]"
5742,229.68,229.72,silence,0.9999998807907104,silence,[1.000],,[],,[],"[0.000, 0.000, 0.000, 0.000, 0.000, 0.000, 0.000, 1.000]"
5743,229.72,229.76,silence,0.9999998807907104,silence,[1.000],,[],,[],"[0.000, 0.000, 0.000, 0.000, 0.000, 0.000, 0.000, 1.000]"
5744,229.76,229.8,silence,0.9999998807907104,silence,[1.000],,[],,[],"[0.000, 0.000, 0.000, 0.000, 0.000, 0.000, 0.000, 1.000]"
5745,229.8,229.84,silence,0.9999998807907104,silence,[1.000],,[],,[],"[0.000, 0.000, 0.000, 0.000, 0.000, 0.000, 0.000, 1.000]"
5746,229.84,229.88,silence,1.0,silence,[1.000],,[],,[],"[0.000, 0.000, 0.000, 0.000, 0.000, 0.000, 0.000, 1.000]"
5747,229.88,229.92,silence,1.0,silence,[1.000],,[],,[],"[0.000, 0.000, 0.000, 0.000, 0.000, 0.000, 0.000, 1.000]"
5748,229.92,229.96,silence,1.0,silence,[1.000],,[],,[],"[0.000, 0.000, 0.000, 0.000, 0.000, 0.000, 0.000, 1.000]"
5749,229.96,230.0,silence,1.0,silence,[1.000],,[],,[],"[0.000, 0.000, 0.000, 0.000, 0.000, 0.000, 0.000, 1.000]"
5750,230.0,230.04,silence,1.0,silence,[1.000],,[],,[],"[0.000, 0.000, 0.000, 0.000, 0.000, 0.000, 0.000, 1.000]"
5751,230.04,230.08,silence,1.0,silence,[1.000],,[],,[],"[0.000, 0.000, 0.000, 0.000, 0.000, 0.000, 0.000, 1.000]"
5752,230.08,230.12,silence,1.0,silence,[1.000],,[],,[],"[0.000, 0.000, 0.000, 0.000, 0.000, 0.000, 0.000, 1.000]"
5753,230.12,230.16,silence,1.0,silence,[1.000],,[],,[],"[0.000, 0.000, 0.000, 0.000, 0.000, 0.000, 0.000, 1.000]"
5754,230.16,230.2,silence,1.0,silence,[1.000],,[],,[],"[0.000, 0.000, 0.000, 0.000, 0.000, 0.000, 0.000, 1.000]"
5755,230.2,230.24,silence,1.0,silence,[1.000],,[],,[],"[0.000, 0.000, 0.000, 0.000, 0.000, 0.000, 0.000, 1.000]"
5756,230.24,230.28,silence,1.0,silence,[1.000],,[],,[],"[0.000, 0.000, 0.000, 0.000, 0.000, 0.000, 0.000, 1.000]"
5757,230.28,230.32,silence,1.0,silence,[1.000],,[],,[],"[0.000, 0.000, 0.000, 0.000, 0.000, 0.000, 0.000, 1.000]"
5758,230.32,230.36,silence,1.0,silence,[1.000],,[],,[],"[0.000, 0.000, 0.000, 0.000, 0.000, 0.000, 0.000, 1.000]"
5759,230.36,230.4,silence,1.0,silence,[1.000],,[],,[],"[0.000, 0.000, 0.000, 0.000, 0.000, 0.000, 0.000, 1.000]"
5760,230.4,230.44,silence,1.0,silence,[1.000],,[],,[],"[0.000, 0.000, 0.000, 0.000, 0.000, 0.000, 0.000, 1.000]"
5761,230.44,230.48,silence,1.0,silence,[1.000],,[],,[],"[0.000, 0.000, 0.000, 0.000, 0.000, 0.000, 0.000, 1.000]"
5762,230.48,230.52,silence,1.0,silence,[1.000],,[],,[],"[0.000, 0.000, 0.000, 0.000, 0.000, 0.000, 0.000, 1.000]"
5763,230.52,230.56,silence,1.0,silence,[1.000],,[],,[],"[0.000, 0.000, 0.000, 0.000, 0.000, 0.000, 0.000, 1.000]"
5764,230.56,230.6,silence,1.0,silence,[1.000],,[],,[],"[0.000, 0.000, 0.000, 0.000, 0.000, 0.000, 0.000, 1.000]"
5765,230.6,230.64,silence,1.0,silence,[1.000],,[],,[],"[0.000, 0.000, 0.000, 0.000, 0.000, 0.000, 0.000, 1.000]"
5766,230.64,230.68,silence,1.0,silence,[1.000],,[],,[],"[0.000, 0.000, 0.000, 0.000, 0.000, 0.000, 0.000, 1.000]"
5767,230.68,230.72,silence,1.0,silence,[1.000],,[],,[],"[0.000, 0.000, 0.000, 0.000, 0.000, 0.000, 0.000, 1.000]"
5768,230.72,230.76,silence,1.0,silence,[1.000],,[],,[],"[0.000, 0.000, 0.000, 0.000, 0.000, 0.000, 0.000, 1.000]"
5769,230.76,230.8,silence,1.0,silence,[1.000],,[],,[],"[0.000, 0.000, 0.000, 0.000, 0.000, 0.000, 0.000, 1.000]"
5770,230.8,230.84,silence,0.9999998807907104,silence,[1.000],,[],,[],"[0.000, 0.000, 0.000, 0.000, 0.000, 0.000, 0.000, 1.000]"
5771,230.84,230.88,silence,0.9999998807907104,silence,[1.000],,[],,[],"[0.000, 0.000, 0.000, 0.000, 0.000, 0.000, 0.000, 1.000]"
5772,230.88,230.92,silence,0.9999998807907104,silence,[1.000],,[],,[],"[0.000, 0.000, 0.000, 0.000, 0.000, 0.000, 0.000, 1.000]"
5773,230.92,230.96,silence,0.9999998807907104,silence,[1.000],,[],,[],"[0.000, 0.000, 0.000, 0.000, 0.000, 0.000, 0.000, 1.000]"
5774,230.96,231.0,silence,0.9999997615814209,silence,[1.000],,[],,[],"[0.000, 0.000, 0.000, 0.000, 0.000, 0.000, 0.000, 1.000]"
5775,231.0,231.04,silence,0.9999997615814209,silence,[1.000],,[],,[],"[0.000, 0.000, 0.000, 0.000, 0.000, 0.000, 0.000, 1.000]"
5776,231.04,231.08,silence,0.9999996423721313,silence,[1.000],,[],,[],"[0.000, 0.000, 0.000, 0.000, 0.000, 0.000, 0.000, 1.000]"
5777,231.08,231.12,silence,0.9999995231628418,silence,[1.000],,[],,[],"[0.000, 0.000, 0.000, 0.000, 0.000, 0.000, 0.000, 1.000]"
5778,231.12,231.16,silence,0.9999992847442627,silence,[1.000],,[],,[],"[0.000, 0.000, 0.000, 0.000, 0.000, 0.000, 0.000, 1.000]"
5779,231.16,231.2,silence,0.9999991655349731,silence,[1.000],,[],,[],"[0.000, 0.000, 0.000, 0.000, 0.000, 0.000, 0.000, 1.000]"
5780,231.2,231.24,silence,0.999998927116394,silence,[1.000],,[],,[],"[0.000, 0.000, 0.000, 0.000, 0.000, 0.000, 0.000, 1.000]"
5781,231.24,231.28,silence,0.9999986886978149,silence,[1.000],,[],,[],"[0.000, 0.000, 0.000, 0.000, 0.000, 0.000, 0.000, 1.000]"
5782,231.28,231.32,silence,0.9999984502792358,silence,[1.000],,[],,[],"[0.000, 0.000, 0.000, 0.000, 0.000, 0.000, 0.000, 1.000]"
5783,231.32,231.36,silence,0.9999980926513672,silence,[1.000],,[],,[],"[0.000, 0.000, 0.000, 0.000, 0.000, 0.000, 0.000, 1.000]"
5784,231.36,231.4,silence,0.9999978542327881,silence,[1.000],,[],,[],"[0.000, 0.000, 0.000, 0.000, 0.000, 0.000, 0.000, 1.000]"
5785,231.4,231.44,silence,0.9999977350234985,silence,[1.000],,[],,[],"[0.000, 0.000, 0.000, 0.000, 0.000, 0.000, 0.000, 1.000]"
5786,231.44,231.48,silence,0.9999974966049194,silence,[1.000],,[],,[],"[0.000, 0.000, 0.000, 0.000, 0.000, 0.000, 0.000, 1.000]"
5787,231.48,231.52,silence,0.9999974966049194,silence,[1.000],,[],,[],"[0.000, 0.000, 0.000, 0.000, 0.000, 0.000, 0.000, 1.000]"
5788,231.52,231.56,silence,0.9999974966049194,silence,[1.000],,[],,[],"[0.000, 0.000, 0.000, 0.000, 0.000, 0.000, 0.000, 1.000]"
5789,231.56,231.6,silence,0.999997615814209,silence,[1.000],,[],,[],"[0.000, 0.000, 0.000, 0.000, 0.000, 0.000, 0.000, 1.000]"
5790,231.6,231.64,silence,0.9999977350234985,silence,[1.000],,[],,[],"[0.000, 0.000, 0.000, 0.000, 0.000, 0.000, 0.000, 1.000]"
5791,231.64,231.68,silence,0.9999979734420776,silence,[1.000],,[],,[],"[0.000, 0.000, 0.000, 0.000, 0.000, 0.000, 0.000, 1.000]"
5792,231.68,231.72,silence,0.9999980926513672,silence,[1.000],,[],,[],"[0.000, 0.000, 0.000, 0.000, 0.000, 0.000, 0.000, 1.000]"
5793,231.72,231.76,silence,0.9999983310699463,silence,[1.000],,[],,[],"[0.000, 0.000, 0.000, 0.000, 0.000, 0.000, 0.000, 1.000]"
5794,231.76,231.8,silence,0.9999985694885254,silence,[1.000],,[],,[],"[0.000, 0.000, 0.000, 0.000, 0.000, 0.000, 0.000, 1.000]"
5795,231.8,231.84,silence,0.9999986886978149,silence,[1.000],,[],,[],"[0.000, 0.000, 0.000, 0.000, 0.000, 0.000, 0.000, 1.000]"
5796,231.84,231.88,silence,0.9999988079071045,silence,[1.000],,[],,[],"[0.000, 0.000, 0.000, 0.000, 0.000, 0.000, 0.000, 1.000]"
5797,231.88,231.92,silence,0.999998927116394,silence,[1.000],,[],,[],"[0.000, 0.000, 0.000, 0.000, 0.000, 0.000, 0.000, 1.000]"
5798,231.92,231.96,silence,0.9999990463256836,silence,[1.000],,[],,[],"[0.000, 0.000, 0.000, 0.000, 0.000, 0.000, 0.000, 1.000]"
5799,231.96,232.0,silence,0.9999991655349731,silence,[1.000],,[],,[],"[0.000, 0.000, 0.000, 0.000, 0.000, 0.000, 0.000, 1.000]"
5800,232.0,232.04,silence,0.9999991655349731,silence,[1.000],,[],,[],"[0.000, 0.000, 0.000, 0.000, 0.000, 0.000, 0.000, 1.000]"
5801,232.04,232.08,silence,0.9999992847442627,silence,[1.000],,[],,[],"[0.000, 0.000, 0.000, 0.000, 0.000, 0.000, 0.000, 1.000]"
5802,232.08,232.12,silence,0.9999994039535522,silence,[1.000],,[],,[],"[0.000, 0.000, 0.000, 0.000, 0.000, 0.000, 0.000, 1.000]"
5803,232.12,232.16,silence,0.9999994039535522,silence,[1.000],,[],,[],"[0.000, 0.000, 0.000, 0.000, 0.000, 0.000, 0.000, 1.000]"
5804,232.16,232.2,silence,0.9999994039535522,silence,[1.000],,[],,[],"[0.000, 0.000, 0.000, 0.000, 0.000, 0.000, 0.000, 1.000]"
5805,232.2,232.24,silence,0.9999995231628418,silence,[1.000],,[],,[],"[0.000, 0.000, 0.000, 0.000, 0.000, 0.000, 0.000, 1.000]"
5806,232.24,232.28,silence,0.9999995231628418,silence,[1.000],,[],,[],"[0.000, 0.000, 0.000, 0.000, 0.000, 0.000, 0.000, 1.000]"
5807,232.28,232.32,silence,0.9999995231628418,silence,[1.000],,[],,[],"[0.000, 0.000, 0.000, 0.000, 0.000, 0.000, 0.000, 1.000]"
5808,232.32,232.36,silence,0.9999995231628418,silence,[1.000],,[],,[],"[0.000, 0.000, 0.000, 0.000, 0.000, 0.000, 0.000, 1.000]"
5809,232.36,232.4,silence,0.9999995231628418,silence,[1.000],,[],,[],"[0.000, 0.000, 0.000, 0.000, 0.000, 0.000, 0.000, 1.000]"
5810,232.4,232.44,silence,0.9999996423721313,silence,[1.000],,[],,[],"[0.000, 0.000, 0.000, 0.000, 0.000, 0.000, 0.000, 1.000]"
5811,232.44,232.48,silence,0.9999996423721313,silence,[1.000],,[],,[],"[0.000, 0.000, 0.000, 0.000, 0.000, 0.000, 0.000, 1.000]"
5812,232.48,232.52,silence,0.9999996423721313,silence,[1.000],,[],,[],"[0.000, 0.000, 0.000, 0.000, 0.000, 0.000, 0.000, 1.000]"
5813,232.52,232.56,silence,0.9999996423721313,silence,[1.000],,[],,[],"[0.000, 0.000, 0.000, 0.000, 0.000, 0.000, 0.000, 1.000]"
5814,232.56,232.6,silence,0.9999996423721313,silence,[1.000],,[],,[],"[0.000, 0.000, 0.000, 0.000, 0.000, 0.000, 0.000, 1.000]"
5815,232.6,232.64,silence,0.9999996423721313,silence,[1.000],,[],,[],"[0.000, 0.000, 0.000, 0.000, 0.000, 0.000, 0.000, 1.000]"
5816,232.64,232.68,silence,0.9999997615814209,silence,[1.000],,[],,[],"[0.000, 0.000, 0.000, 0.000, 0.000, 0.000, 0.000, 1.000]"
5817,232.68,232.72,silence,0.9999997615814209,silence,[1.000],,[],,[],"[0.000, 0.000, 0.000, 0.000, 0.000, 0.000, 0.000, 1.000]"
5818,232.72,232.76,silence,0.9999997615814209,silence,[1.000],,[],,[],"[0.000, 0.000, 0.000, 0.000, 0.000, 0.000, 0.000, 1.000]"
5819,232.76,232.8,silence,0.9999997615814209,silence,[1.000],,[],,[],"[0.000, 0.000, 0.000, 0.000, 0.000, 0.000, 0.000, 1.000]"
5820,232.8,232.84,silence,0.9999998807907104,silence,[1.000],,[],,[],"[0.000, 0.000, 0.000, 0.000, 0.000, 0.000, 0.000, 1.000]"
5821,232.84,232.88,silence,0.9999998807907104,silence,[1.000],,[],,[],"[0.000, 0.000, 0.000, 0.000, 0.000, 0.000, 0.000, 1.000]"
5822,232.88,232.92,silence,0.9999998807907104,silence,[1.000],,[],,[],"[0.000, 0.000, 0.000, 0.000, 0.000, 0.000, 0.000, 1.000]"
5823,232.92,232.96,silence,0.9999998807907104,silence,[1.000],,[],,[],"[0.000, 0.000, 0.000, 0.000, 0.000, 0.000, 0.000, 1.000]"
5824,232.96,233.0,silence,0.9999998807907104,silence,[1.000],,[],,[],"[0.000, 0.000, 0.000, 0.000, 0.000, 0.000, 0.000, 1.000]"
5825,233.0,233.04,silence,0.9999998807907104,silence,[1.000],,[],,[],"[0.000, 0.000, 0.000, 0.000, 0.000, 0.000, 0.000, 1.000]"
5826,233.04,233.08,silence,0.9999998807907104,silence,[1.000],,[],,[],"[0.000, 0.000, 0.000, 0.000, 0.000, 0.000, 0.000, 1.000]"
5827,233.08,233.12,silence,1.0,silence,[1.000],,[],,[],"[0.000, 0.000, 0.000, 0.000, 0.000, 0.000, 0.000, 1.000]"
5828,233.12,233.16,silence,1.0,silence,[1.000],,[],,[],"[0.000, 0.000, 0.000, 0.000, 0.000, 0.000, 0.000, 1.000]"
5829,233.16,233.2,silence,1.0,silence,[1.000],,[],,[],"[0.000, 0.000, 0.000, 0.000, 0.000, 0.000, 0.000, 1.000]"
5830,233.2,233.24,silence,1.0,silence,[1.000],,[],,[],"[0.000, 0.000, 0.000, 0.000, 0.000, 0.000, 0.000, 1.000]"
5831,233.24,233.28,silence,1.0,silence,[1.000],,[],,[],"[0.000, 0.000, 0.000, 0.000, 0.000, 0.000, 0.000, 1.000]"
5832,233.28,233.32,silence,1.0,silence,[1.000],,[],,[],"[0.000, 0.000, 0.000, 0.000, 0.000, 0.000, 0.000, 1.000]"
5833,233.32,233.36,silence,1.0,silence,[1.000],,[],,[],"[0.000, 0.000, 0.000, 0.000, 0.000, 0.000, 0.000, 1.000]"
5834,233.36,233.4,silence,1.0,silence,[1.000],,[],,[],"[0.000, 0.000, 0.000, 0.000, 0.000, 0.000, 0.000, 1.000]"
5835,233.4,233.44,silence,1.0,silence,[1.000],,[],,[],"[0.000, 0.000, 0.000, 0.000, 0.000, 0.000, 0.000, 1.000]"
5836,233.44,233.48,silence,1.0,silence,[1.000],,[],,[],"[0.000, 0.000, 0.000, 0.000, 0.000, 0.000, 0.000, 1.000]"
5837,233.48,233.52,silence,1.0,silence,[1.000],,[],,[],"[0.000, 0.000, 0.000, 0.000, 0.000, 0.000, 0.000, 1.000]"
5838,233.52,233.56,silence,1.0,silence,[1.000],,[],,[],"[0.000, 0.000, 0.000, 0.000, 0.000, 0.000, 0.000, 1.000]"
5839,233.56,233.6,silence,1.0,silence,[1.000],,[],,[],"[0.000, 0.000, 0.000, 0.000, 0.000, 0.000, 0.000, 1.000]"
5840,233.6,233.64,silence,1.0,silence,[1.000],,[],,[],"[0.000, 0.000, 0.000, 0.000, 0.000, 0.000, 0.000, 1.000]"
5841,233.64,233.68,silence,1.0,silence,[1.000],,[],,[],"[0.000, 0.000, 0.000, 0.000, 0.000, 0.000, 0.000, 1.000]"
5842,233.68,233.72,silence,1.0,silence,[1.000],,[],,[],"[0.000, 0.000, 0.000, 0.000, 0.000, 0.000, 0.000, 1.000]"
5843,233.72,233.76,silence,1.0,silence,[1.000],,[],,[],"[0.000, 0.000, 0.000, 0.000, 0.000, 0.000, 0.000, 1.000]"
5844,233.76,233.8,silence,1.0,silence,[1.000],,[],,[],"[0.000, 0.000, 0.000, 0.000, 0.000, 0.000, 0.000, 1.000]"
5845,233.8,233.84,silence,1.0,silence,[1.000],,[],,[],"[0.000, 0.000, 0.000, 0.000, 0.000, 0.000, 0.000, 1.000]"
5846,233.84,233.88,silence,1.0,silence,[1.000],,[],,[],"[0.000, 0.000, 0.000, 0.000, 0.000, 0.000, 0.000, 1.000]"
5847,233.88,233.92,silence,1.0,silence,[1.000],,[],,[],"[0.000, 0.000, 0.000, 0.000, 0.000, 0.000, 0.000, 1.000]"
5848,233.92,233.96,silence,1.0,silence,[1.000],,[],,[],"[0.000, 0.000, 0.000, 0.000, 0.000, 0.000, 0.000, 1.000]"
5849,233.96,234.0,silence,1.0,silence,[1.000],,[],,[],"[0.000, 0.000, 0.000, 0.000, 0.000, 0.000, 0.000, 1.000]"
5850,234.0,234.04,silence,1.0,silence,[1.000],,[],,[],"[0.000, 0.000, 0.000, 0.000, 0.000, 0.000, 0.000, 1.000]"
5851,234.04,234.08,silence,1.0,silence,[1.000],,[],,[],"[0.000, 0.000, 0.000, 0.000, 0.000, 0.000, 0.000, 1.000]"
5852,234.08,234.12,silence,1.0,silence,[1.000],,[],,[],"[0.000, 0.000, 0.000, 0.000, 0.000, 0.000, 0.000, 1.000]"
5853,234.12,234.16,silence,1.0,silence,[1.000],,[],,[],"[0.000, 0.000, 0.000, 0.000, 0.000, 0.000, 0.000, 1.000]"
5854,234.16,234.2,silence,1.0,silence,[1.000],,[],,[],"[0.000, 0.000, 0.000, 0.000, 0.000, 0.000, 0.000, 1.000]"
5855,234.2,234.24,silence,1.0,silence,[1.000],,[],,[],"[0.000, 0.000, 0.000, 0.000, 0.000, 0.000, 0.000, 1.000]"
5856,234.24,234.28,silence,0.9999998807907104,silence,[1.000],,[],,[],"[0.000, 0.000, 0.000, 0.000, 0.000, 0.000, 0.000, 1.000]"
5857,234.28,234.32,silence,0.9999998807907104,silence,[1.000],,[],,[],"[0.000, 0.000, 0.000, 0.000, 0.000, 0.000, 0.000, 1.000]"
5858,234.32,234.36,silence,0.9999998807907104,silence,[1.000],,[],,[],"[0.000, 0.000, 0.000, 0.000, 0.000, 0.000, 0.000, 1.000]"
5859,234.36,234.4,silence,0.9999997615814209,silence,[1.000],,[],,[],"[0.000, 0.000, 0.000, 0.000, 0.000, 0.000, 0.000, 1.000]"
5860,234.4,234.44,silence,0.9999997615814209,silence,[1.000],,[],,[],"[0.000, 0.000, 0.000, 0.000, 0.000, 0.000, 0.000, 1.000]"
5861,234.44,234.48,silence,0.9999996423721313,silence,[1.000],,[],,[],"[0.000, 0.000, 0.000, 0.000, 0.000, 0.000, 0.000, 1.000]"
5862,234.48,234.52,silence,0.9999995231628418,silence,[1.000],,[],,[],"[0.000, 0.000, 0.000, 0.000, 0.000, 0.000, 0.000, 1.000]"
5863,234.52,234.56,silence,0.9999992847442627,silence,[1.000],,[],,[],"[0.000, 0.000, 0.000, 0.000, 0.000, 0.000, 0.000, 1.000]"
5864,234.56,234.6,silence,0.9999990463256836,silence,[1.000],,[],,[],"[0.000, 0.000, 0.000, 0.000, 0.000, 0.000, 0.000, 1.000]"
5865,234.6,234.64,silence,0.9999986886978149,silence,[1.000],,[],,[],"[0.000, 0.000, 0.000, 0.000, 0.000, 0.000, 0.000, 1.000]"
5866,234.64,234.68,silence,0.9999983310699463,silence,[1.000],,[],,[],"[0.000, 0.000, 0.000, 0.000, 0.000, 0.000, 0.000, 1.000]"
5867,234.68,234.72,silence,0.9999977350234985,silence,[1.000],,[],,[],"[0.000, 0.000, 0.000, 0.000, 0.000, 0.000, 0.000, 1.000]"
5868,234.72,234.76,silence,0.9999971389770508,silence,[1.000],,[],,[],"[0.000, 0.000, 0.000, 0.000, 0.000, 0.000, 0.000, 1.000]"
5869,234.76,234.8,silence,0.9999963045120239,silence,[1.000],,[],,[],"[0.000, 0.000, 0.000, 0.000, 0.000, 0.000, 0.000, 1.000]"
5870,234.8,234.84,silence,0.9999955892562866,silence,[1.000],,[],,[],"[0.000, 0.000, 0.000, 0.000, 0.000, 0.000, 0.000, 1.000]"
5871,234.84,234.88,silence,0.9999948740005493,silence,[1.000],,[],,[],"[0.000, 0.000, 0.000, 0.000, 0.000, 0.000, 0.000, 1.000]"
5872,234.88,234.92,silence,0.9999942779541016,silence,[1.000],,[],,[],"[0.000, 0.000, 0.000, 0.000, 0.000, 0.000, 0.000, 1.000]"
5873,234.92,234.96,silence,0.9999940395355225,silence,[1.000],,[],,[],"[0.000, 0.000, 0.000, 0.000, 0.000, 0.000, 0.000, 1.000]"
5874,234.96,235.0,silence,0.999994158744812,silence,[1.000],,[],,[],"[0.000, 0.000, 0.000, 0.000, 0.000, 0.000, 0.000, 1.000]"
5875,235.0,235.04,silence,0.9999946355819702,silence,[1.000],,[],,[],"[0.000, 0.000, 0.000, 0.000, 0.000, 0.000, 0.000, 1.000]"
5876,235.04,235.08,silence,0.9999953508377075,silence,[1.000],,[],,[],"[0.000, 0.000, 0.000, 0.000, 0.000, 0.000, 0.000, 1.000]"
5877,235.08,235.12,silence,0.9999961853027344,silence,[1.000],,[],,[],"[0.000, 0.000, 0.000, 0.000, 0.000, 0.000, 0.000, 1.000]"
5878,235.12,235.16,silence,0.9999970197677612,silence,[1.000],,[],,[],"[0.000, 0.000, 0.000, 0.000, 0.000, 0.000, 0.000, 1.000]"
5879,235.16,235.2,silence,0.9999978542327881,silence,[1.000],,[],,[],"[0.000, 0.000, 0.000, 0.000, 0.000, 0.000, 0.000, 1.000]"
5880,235.2,235.24,silence,0.9999984502792358,silence,[1.000],,[],,[],"[0.000, 0.000, 0.000, 0.000, 0.000, 0.000, 0.000, 1.000]"
5881,235.24,235.28,silence,0.999998927116394,silence,[1.000],,[],,[],"[0.000, 0.000, 0.000, 0.000, 0.000, 0.000, 0.000, 1.000]"
5882,235.28,235.32,silence,0.9999992847442627,silence,[1.000],,[],,[],"[0.000, 0.000, 0.000, 0.000, 0.000, 0.000, 0.000, 1.000]"
5883,235.32,235.36,silence,0.9999995231628418,silence,[1.000],,[],,[],"[0.000, 0.000, 0.000, 0.000, 0.000, 0.000, 0.000, 1.000]"
5884,235.36,235.4,silence,0.9999996423721313,silence,[1.000],,[],,[],"[0.000, 0.000, 0.000, 0.000, 0.000, 0.000, 0.000, 1.000]"
5885,235.4,235.44,silence,0.9999997615814209,silence,[1.000],,[],,[],"[0.000, 0.000, 0.000, 0.000, 0.000, 0.000, 0.000, 1.000]"
5886,235.44,235.48,silence,0.9999998807907104,silence,[1.000],,[],,[],"[0.000, 0.000, 0.000, 0.000, 0.000, 0.000, 0.000, 1.000]"
5887,235.48,235.52,silence,0.9999998807907104,silence,[1.000],,[],,[],"[0.000, 0.000, 0.000, 0.000, 0.000, 0.000, 0.000, 1.000]"
5888,235.52,235.56,silence,1.0,silence,[1.000],,[],,[],"[0.000, 0.000, 0.000, 0.000, 0.000, 0.000, 0.000, 1.000]"
5889,235.56,235.6,silence,1.0,silence,[1.000],,[],,[],"[0.000, 0.000, 0.000, 0.000, 0.000, 0.000, 0.000, 1.000]"
5890,235.6,235.64,silence,1.0,silence,[1.000],,[],,[],"[0.000, 0.000, 0.000, 0.000, 0.000, 0.000, 0.000, 1.000]"
5891,235.64,235.68,silence,1.0,silence,[1.000],,[],,[],"[0.000, 0.000, 0.000, 0.000, 0.000, 0.000, 0.000, 1.000]"
5892,235.68,235.72,silence,1.0,silence,[1.000],,[],,[],"[0.000, 0.000, 0.000, 0.000, 0.000, 0.000, 0.000, 1.000]"
5893,235.72,235.76,silence,1.0,silence,[1.000],,[],,[],"[0.000, 0.000, 0.000, 0.000, 0.000, 0.000, 0.000, 1.000]"
5894,235.76,235.8,silence,1.0,silence,[1.000],,[],,[],"[0.000, 0.000, 0.000, 0.000, 0.000, 0.000, 0.000, 1.000]"
5895,235.8,235.84,silence,1.0,silence,[1.000],,[],,[],"[0.000, 0.000, 0.000, 0.000, 0.000, 0.000, 0.000, 1.000]"
5896,235.84,235.88,silence,1.0,silence,[1.000],,[],,[],"[0.000, 0.000, 0.000, 0.000, 0.000, 0.000, 0.000, 1.000]"
5897,235.88,235.92,silence,1.0,silence,[1.000],,[],,[],"[0.000, 0.000, 0.000, 0.000, 0.000, 0.000, 0.000, 1.000]"
5898,235.92,235.96,silence,1.0,silence,[1.000],,[],,[],"[0.000, 0.000, 0.000, 0.000, 0.000, 0.000, 0.000, 1.000]"
5899,235.96,236.0,silence,1.0,silence,[1.000],,[],,[],"[0.000, 0.000, 0.000, 0.000, 0.000, 0.000, 0.000, 1.000]"
5900,236.0,236.04,silence,1.0,silence,[1.000],,[],,[],"[0.000, 0.000, 0.000, 0.000, 0.000, 0.000, 0.000, 1.000]"
5901,236.04,236.08,silence,1.0,silence,[1.000],,[],,[],"[0.000, 0.000, 0.000, 0.000, 0.000, 0.000, 0.000, 1.000]"
5902,236.08,236.12,silence,1.0,silence,[1.000],,[],,[],"[0.000, 0.000, 0.000, 0.000, 0.000, 0.000, 0.000, 1.000]"
5903,236.12,236.16,silence,1.0,silence,[1.000],,[],,[],"[0.000, 0.000, 0.000, 0.000, 0.000, 0.000, 0.000, 1.000]"
5904,236.16,236.2,silence,1.0,silence,[1.000],,[],,[],"[0.000, 0.000, 0.000, 0.000, 0.000, 0.000, 0.000, 1.000]"
5905,236.2,236.24,silence,1.0,silence,[1.000],,[],,[],"[0.000, 0.000, 0.000, 0.000, 0.000, 0.000, 0.000, 1.000]"
5906,236.24,236.28,silence,1.0,silence,[1.000],,[],,[],"[0.000, 0.000, 0.000, 0.000, 0.000, 0.000, 0.000, 1.000]"
5907,236.28,236.32,silence,1.0,silence,[1.000],,[],,[],"[0.000, 0.000, 0.000, 0.000, 0.000, 0.000, 0.000, 1.000]"
5908,236.32,236.36,silence,0.9999998807907104,silence,[1.000],,[],,[],"[0.000, 0.000, 0.000, 0.000, 0.000, 0.000, 0.000, 1.000]"
5909,236.36,236.4,silence,0.9999998807907104,silence,[1.000],,[],,[],"[0.000, 0.000, 0.000, 0.000, 0.000, 0.000, 0.000, 1.000]"
5910,236.4,236.44,silence,0.9999997615814209,silence,[1.000],,[],,[],"[0.000, 0.000, 0.000, 0.000, 0.000, 0.000, 0.000, 1.000]"
5911,236.44,236.48,silence,0.9999994039535522,silence,[1.000],,[],,[],"[0.000, 0.000, 0.000, 0.000, 0.000, 0.000, 0.000, 1.000]"
5912,236.48,236.52,silence,0.9999986886978149,silence,[1.000],,[],,[],"[0.000, 0.000, 0.000, 0.000, 0.000, 0.000, 0.000, 1.000]"
5913,236.52,236.56,silence,0.9999972581863403,silence,[1.000],,[],,[],"[0.000, 0.000, 0.000, 0.000, 0.000, 0.000, 0.000, 1.000]"
5914,236.56,236.6,silence,0.9999942779541016,silence,[1.000],,[],,[],"[0.000, 0.000, 0.000, 0.000, 0.000, 0.000, 0.000, 1.000]"
5915,236.6,236.64,silence,0.9999880790710449,silence,[1.000],,[],,[],"[0.000, 0.000, 0.000, 0.000, 0.000, 0.000, 0.000, 1.000]"
5916,236.64,236.68,silence,0.9999756813049316,silence,[1.000],,[],,[],"[0.000, 0.000, 0.000, 0.000, 0.000, 0.000, 0.000, 1.000]"
5917,236.68,236.72,silence,0.9999523162841797,silence,[1.000],,[],,[],"[0.000, 0.000, 0.000, 0.000, 0.000, 0.000, 0.000, 1.000]"
5918,236.72,236.76,silence,0.9999097585678101,silence,[1.000],,[],,[],"[0.000, 0.000, 0.000, 0.000, 0.000, 0.000, 0.000, 1.000]"
5919,236.76,236.8,silence,0.999836802482605,silence,[1.000],,[],,[],"[0.000, 0.000, 0.000, 0.000, 0.000, 0.000, 0.000, 1.000]"
5920,236.8,236.84,silence,0.9997190833091736,silence,[1.000],,[],,[],"[0.000, 0.000, 0.000, 0.000, 0.000, 0.000, 0.000, 1.000]"
5921,236.84,236.88,silence,0.9995388984680176,silence,[1.000],,[],,[],"[0.000, 0.000, 0.000, 0.000, 0.000, 0.000, 0.000, 1.000]"
5922,236.88,236.92,silence,0.9992780089378357,silence,[0.999],,[],,[],"[0.000, 0.000, 0.000, 0.000, 0.000, 0.000, 0.000, 0.999]"
5923,236.92,236.96,silence,0.9989216327667236,silence,[0.999],,[],,[],"[0.000, 0.000, 0.000, 0.000, 0.000, 0.000, 0.000, 0.999]"
5924,236.96,237.0,silence,0.9984617233276367,silence,[0.998],,[],,[],"[0.000, 0.000, 0.000, 0.000, 0.000, 0.000, 0.000, 0.998]"
5925,237.0,237.04,silence,0.997901439666748,silence,[0.998],,[],,[],"[0.000, 0.000, 0.000, 0.000, 0.000, 0.000, 0.000, 0.998]"
5926,237.04,237.08,silence,0.9972571730613708,silence,[0.997],,[],,[],"[0.000, 0.000, 0.000, 0.000, 0.000, 0.000, 0.000, 0.997]"
5927,237.08,237.12,silence,0.9965571165084839,silence,[0.997],,[],,[],"[0.000, 0.000, 0.000, 0.000, 0.000, 0.000, 0.000, 0.997]"
5928,237.12,237.16,silence,0.9958382844924927,silence,[0.996],,[],,[],"[0.000, 0.000, 0.000, 0.000, 0.000, 0.000, 0.000, 0.996]"
5929,237.16,237.2,silence,0.9951412677764893,silence,[0.995],,[],,[],"[0.000, 0.000, 0.000, 0.000, 0.000, 0.000, 0.000, 0.995]"
5930,237.2,237.24,silence,0.9945040941238403,silence,[0.995],,[],,[],"[0.000, 0.000, 0.000, 0.000, 0.000, 0.000, 0.000, 0.995]"
5931,237.24,237.28,silence,0.9939604997634888,silence,[0.994],,[],,[],"[0.000, 0.000, 0.000, 0.000, 0.000, 0.000, 0.000, 0.994]"
5932,237.28,237.32,silence,0.9935322999954224,silence,[0.994],,[],,[],"[0.000, 0.000, 0.000, 0.000, 0.000, 0.000, 0.000, 0.994]"
5933,237.32,237.36,silence,0.9932333827018738,silence,[0.993],,[],,[],"[0.000, 0.000, 0.000, 0.000, 0.000, 0.000, 0.000, 0.993]"
5934,237.36,237.4,silence,0.993066668510437,silence,[0.993],,[],,[],"[0.000, 0.000, 0.000, 0.000, 0.000, 0.000, 0.000, 0.993]"
5935,237.4,237.44,silence,0.9930277466773987,silence,[0.993],,[],,[],"[0.000, 0.000, 0.000, 0.000, 0.000, 0.000, 0.000, 0.993]"
5936,237.44,237.48,silence,0.9931153655052185,silence,[0.993],,[],,[],"[0.000, 0.000, 0.000, 0.000, 0.000, 0.000, 0.000, 0.993]"
5937,237.48,237.52,silence,0.9933151602745056,silence,[0.993],,[],,[],"[0.000, 0.000, 0.000, 0.000, 0.000, 0.000, 0.000, 0.993]"
5938,237.52,237.56,silence,0.9935998916625977,silence,[0.994],,[],,[],"[0.000, 0.000, 0.000, 0.000, 0.000, 0.000, 0.000, 0.994]"
5939,237.56,237.6,silence,0.9939415454864502,silence,[0.994],,[],,[],"[0.000, 0.000, 0.000, 0.000, 0.000, 0.000, 0.000, 0.994]"
5940,237.6,237.64,silence,0.9943142533302307,silence,[0.994],,[],,[],"[0.000, 0.000, 0.000, 0.000, 0.000, 0.000, 0.000, 0.994]"
5941,237.64,237.68,silence,0.9946810603141785,silence,[0.995],,[],,[],"[0.000, 0.000, 0.000, 0.000, 0.000, 0.000, 0.000, 0.995]"
5942,237.68,237.72,silence,0.9950161576271057,silence,[0.995],,[],,[],"[0.000, 0.000, 0.000, 0.000, 0.000, 0.000, 0.000, 0.995]"
5943,237.72,237.76,silence,0.995305061340332,silence,[0.995],,[],,[],"[0.000, 0.000, 0.000, 0.000, 0.000, 0.000, 0.000, 0.995]"
5944,237.76,237.8,silence,0.9955339431762695,silence,[0.996],,[],,[],"[0.000, 0.000, 0.000, 0.000, 0.000, 0.000, 0.000, 0.996]"
5945,237.8,237.84,silence,0.9956933856010437,silence,[0.996],,[],,[],"[0.000, 0.000, 0.000, 0.000, 0.000, 0.000, 0.000, 0.996]"
5946,237.84,237.88,silence,0.99577397108078,silence,[0.996],,[],,[],"[0.000, 0.000, 0.000, 0.000, 0.000, 0.000, 0.000, 0.996]"
5947,237.88,237.92,silence,0.9957672357559204,silence,[0.996],,[],,[],"[0.000, 0.000, 0.000, 0.000, 0.000, 0.000, 0.000, 0.996]"
5948,237.92,237.96,silence,0.995664656162262,silence,[0.996],,[],,[],"[0.000, 0.000, 0.000, 0.000, 0.000, 0.000, 0.000, 0.996]"
5949,237.96,238.0,silence,0.9954568147659302,silence,[0.995],,[],,[],"[0.000, 0.000, 0.000, 0.000, 0.000, 0.000, 0.000, 0.995]"
5950,238.0,238.04,silence,0.9951249957084656,silence,[0.995],,[],,[],"[0.000, 0.000, 0.000, 0.000, 0.000, 0.000, 0.000, 0.995]"
5951,238.04,238.08,silence,0.9946444034576416,silence,[0.995],,[],,[],"[0.000, 0.000, 0.000, 0.000, 0.000, 0.000, 0.000, 0.995]"
5952,238.08,238.12,silence,0.9939923882484436,silence,[0.994],,[],,[],"[0.000, 0.000, 0.000, 0.000, 0.000, 0.000, 0.000, 0.994]"
5953,238.12,238.16,silence,0.9931398034095764,silence,[0.993],,[],,[],"[0.000, 0.000, 0.000, 0.000, 0.000, 0.000, 0.000, 0.993]"
5954,238.16,238.2,silence,0.9920312166213989,silence,[0.992],,[],,[],"[0.000, 0.000, 0.000, 0.000, 0.000, 0.000, 0.000, 0.992]"
5955,238.2,238.24,silence,0.9906169772148132,silence,[0.991],,[],,[],"[0.000, 0.000, 0.000, 0.000, 0.000, 0.000, 0.000, 0.991]"
5956,238.24,238.28,silence,0.9888522624969482,silence,[0.989],,[],,[],"[0.000, 0.000, 0.000, 0.000, 0.000, 0.000, 0.000, 0.989]"
5957,238.28,238.32,silence,0.9867342710494995,silence,[0.987],,[],,[],"[0.000, 0.000, 0.000, 0.000, 0.000, 0.000, 0.000, 0.987]"
5958,238.32,238.36,silence,0.9842096567153931,silence,[0.984],,[],,[],"[0.000, 0.000, 0.000, 0.000, 0.000, 0.000, 0.000, 0.984]"
5959,238.36,238.4,silence,0.9812519550323486,silence,[0.981],,[],,[],"[0.000, 0.000, 0.000, 0.000, 0.000, 0.000, 0.000, 0.981]"
5960,238.4,238.44,silence,0.9779265522956848,silence,[0.978],,[],,[],"[0.000, 0.000, 0.000, 0.000, 0.000, 0.000, 0.000, 0.978]"
5961,238.44,238.48,silence,0.9742059707641602,silence,[0.974],,[],,[],"[0.000, 0.000, 0.000, 0.000, 0.000, 0.000, 0.000, 0.974]"
5962,238.48,238.52,silence,0.9699403643608093,silence,[0.970],,[],,[],"[0.000, 0.000, 0.000, 0.000, 0.000, 0.000, 0.000, 0.970]"
5963,238.52,238.56,silence,0.9650601744651794,silence,[0.965],,[],,[],"[0.000, 0.000, 0.000, 0.000, 0.000, 0.000, 0.000, 0.965]"
5964,238.56,238.6,silence,0.9597176909446716,silence,[0.960],,[],,[],"[0.000, 0.000, 0.000, 0.000, 0.000, 0.000, 0.000, 0.960]"
5965,238.6,238.64,silence,0.9547372460365295,silence,[0.955],,[],,[],"[0.000, 0.000, 0.000, 0.000, 0.000, 0.000, 0.000, 0.955]"
5966,238.64,238.68,silence,0.9495528340339661,silence,[0.950],,[],,[],"[0.000, 0.000, 0.000, 0.000, 0.000, 0.000, 0.000, 0.950]"
5967,238.68,238.72,silence,0.9447985291481018,silence,[0.945],,[],,[],"[0.000, 0.000, 0.000, 0.000, 0.000, 0.000, 0.000, 0.945]"
5968,238.72,238.76,silence,0.9427743554115295,silence,[0.943],,[],,[],"[0.000, 0.000, 0.000, 0.000, 0.000, 0.000, 0.000, 0.943]"
5969,238.76,238.8,silence,0.9454495310783386,silence,[0.945],,[],,[],"[0.000, 0.000, 0.000, 0.000, 0.000, 0.000, 0.000, 0.945]"
5970,238.8,238.84,silence,0.9525106549263,silence,[0.953],,[],,[],"[0.000, 0.000, 0.000, 0.000, 0.000, 0.000, 0.000, 0.953]"
5971,238.84,238.88,silence,0.9634361863136292,silence,[0.963],,[],,[],"[0.000, 0.000, 0.000, 0.000, 0.000, 0.000, 0.000, 0.963]"
5972,238.88,238.92,silence,0.9685072302818298,silence,[0.969],,[],,[],"[0.000, 0.000, 0.000, 0.000, 0.000, 0.000, 0.000, 0.969]"
5973,238.92,238.96,silence,0.5,,[],,[],,[],"[0.500, 0.500, 0.500, 0.500, 0.500, 0.500, 0.500, 0.500]"
