start_time,end_time,main_label,main_confidence,active_labels,active_confidences,probabilities
0.0,0.04,silence,0.9258975982666016,silence,[0.926],"[0.000, 0.000, 0.000, 0.000, 0.000, 0.000, 0.926]"
0.04,0.08,silence,0.9501999020576477,silence,[0.950],"[0.000, 0.000, 0.000, 0.000, 0.000, 0.000, 0.950]"
0.08,0.12,silence,0.9790011048316956,silence,[0.979],"[0.000, 0.000, 0.000, 0.000, 0.000, 0.000, 0.979]"
0.12,0.16,silence,0.9912604689598083,silence,[0.991],"[0.000, 0.000, 0.000, 0.000, 0.000, 0.000, 0.991]"
0.16,0.2,silence,0.9955741167068481,silence,[0.996],"[0.000, 0.000, 0.000, 0.000, 0.000, 0.000, 0.996]"
0.2,0.24,silence,0.9969961643218994,silence,[0.997],"[0.000, 0.000, 0.000, 0.000, 0.000, 0.000, 0.997]"
0.24,0.28,silence,0.9976404905319214,silence,[0.998],"[0.000, 0.000, 0.000, 0.000, 0.000, 0.000, 0.998]"
0.28,0.32,silence,0.9980342984199524,silence,[0.998],"[0.000, 0.000, 0.000, 0.000, 0.000, 0.000, 0.998]"
0.32,0.36,silence,0.9982869029045105,silence,[0.998],"[0.000, 0.000, 0.000, 0.000, 0.000, 0.000, 0.998]"
0.36,0.4,silence,0.9984493255615234,silence,[0.998],"[0.000, 0.000, 0.000, 0.000, 0.000, 0.000, 0.998]"
0.4,0.44,silence,0.9985952973365784,silence,[0.999],"[0.000, 0.000, 0.000, 0.000, 0.000, 0.000, 0.999]"
0.44,0.48,silence,0.9987479448318481,silence,[0.999],"[0.000, 0.000, 0.000, 0.000, 0.000, 0.000, 0.999]"
0.48,0.52,silence,0.998908519744873,silence,[0.999],"[0.000, 0.000, 0.000, 0.000, 0.000, 0.000, 0.999]"
0.52,0.56,silence,0.9990799427032471,silence,[0.999],"[0.000, 0.000, 0.000, 0.000, 0.000, 0.000, 0.999]"
0.56,0.6,silence,0.9992519021034241,silence,[0.999],"[0.000, 0.000, 0.000, 0.000, 0.000, 0.000, 0.999]"
0.6,0.64,silence,0.9994118213653564,silence,[0.999],"[0.000, 0.000, 0.000, 0.000, 0.000, 0.000, 0.999]"
0.64,0.68,silence,0.9995529055595398,silence,[1.000],"[0.000, 0.000, 0.000, 0.000, 0.000, 0.000, 1.000]"
0.68,0.72,silence,0.9996688365936279,silence,[1.000],"[0.000, 0.000, 0.000, 0.000, 0.000, 0.000, 1.000]"
0.72,0.76,silence,0.9997585415840149,silence,[1.000],"[0.000, 0.000, 0.000, 0.000, 0.000, 0.000, 1.000]"
0.76,0.8,silence,0.9998267292976379,silence,[1.000],"[0.000, 0.000, 0.000, 0.000, 0.000, 0.000, 1.000]"
0.8,0.84,silence,0.999876856803894,silence,[1.000],"[0.000, 0.000, 0.000, 0.000, 0.000, 0.000, 1.000]"
0.84,0.88,silence,0.9999128580093384,silence,[1.000],"[0.000, 0.000, 0.000, 0.000, 0.000, 0.000, 1.000]"
0.88,0.92,silence,0.999937891960144,silence,[1.000],"[0.000, 0.000, 0.000, 0.000, 0.000, 0.000, 1.000]"
0.92,0.96,silence,0.9999552965164185,silence,[1.000],"[0.000, 0.000, 0.000, 0.000, 0.000, 0.000, 1.000]"
0.96,1.0,silence,0.9999674558639526,silence,[1.000],"[0.000, 0.000, 0.000, 0.000, 0.000, 0.000, 1.000]"
1.0,1.04,silence,0.9999760389328003,silence,[1.000],"[0.000, 0.000, 0.000, 0.000, 0.000, 0.000, 1.000]"
1.04,1.08,silence,0.9999822378158569,silence,[1.000],"[0.000, 0.000, 0.000, 0.000, 0.000, 0.000, 1.000]"
1.08,1.12,silence,0.9999866485595703,silence,[1.000],"[0.000, 0.000, 0.000, 0.000, 0.000, 0.000, 1.000]"
1.12,1.16,silence,0.9999899864196777,silence,[1.000],"[0.000, 0.000, 0.000, 0.000, 0.000, 0.000, 1.000]"
1.16,1.2,silence,0.9999923706054688,silence,[1.000],"[0.000, 0.000, 0.000, 0.000, 0.000, 0.000, 1.000]"
1.2,1.24,silence,0.999994158744812,silence,[1.000],"[0.000, 0.000, 0.000, 0.000, 0.000, 0.000, 1.000]"
1.24,1.28,silence,0.9999954700469971,silence,[1.000],"[0.000, 0.000, 0.000, 0.000, 0.000, 0.000, 1.000]"
1.28,1.32,silence,0.9999964237213135,silence,[1.000],"[0.000, 0.000, 0.000, 0.000, 0.000, 0.000, 1.000]"
1.32,1.36,silence,0.9999971389770508,silence,[1.000],"[0.000, 0.000, 0.000, 0.000, 0.000, 0.000, 1.000]"
1.36,1.4,silence,0.9999977350234985,silence,[1.000],"[0.000, 0.000, 0.000, 0.000, 0.000, 0.000, 1.000]"
1.4,1.44,silence,0.9999980926513672,silence,[1.000],"[0.000, 0.000, 0.000, 0.000, 0.000, 0.000, 1.000]"
1.44,1.48,silence,0.9999984502792358,silence,[1.000],"[0.000, 0.000, 0.000, 0.000, 0.000, 0.000, 1.000]"
1.48,1.52,silence,0.9999986886978149,silence,[1.000],"[0.000, 0.000, 0.000, 0.000, 0.000, 0.000, 1.000]"
1.52,1.56,silence,0.9999988079071045,silence,[1.000],"[0.000, 0.000, 0.000, 0.000, 0.000, 0.000, 1.000]"
1.56,1.6,silence,0.9999990463256836,silence,[1.000],"[0.000, 0.000, 0.000, 0.000, 0.000, 0.000, 1.000]"
1.6,1.64,silence,0.9999990463256836,silence,[1.000],"[0.000, 0.000, 0.000, 0.000, 0.000, 0.000, 1.000]"
1.64,1.68,silence,0.9999991655349731,silence,[1.000],"[0.000, 0.000, 0.000, 0.000, 0.000, 0.000, 1.000]"
1.68,1.72,silence,0.9999991655349731,silence,[1.000],"[0.000, 0.000, 0.000, 0.000, 0.000, 0.000, 1.000]"
1.72,1.76,silence,0.9999992847442627,silence,[1.000],"[0.000, 0.000, 0.000, 0.000, 0.000, 0.000, 1.000]"
1.76,1.8,silence,0.9999992847442627,silence,[1.000],"[0.000, 0.000, 0.000, 0.000, 0.000, 0.000, 1.000]"
1.8,1.84,silence,0.9999991655349731,silence,[1.000],"[0.000, 0.000, 0.000, 0.000, 0.000, 0.000, 1.000]"
1.84,1.88,silence,0.9999991655349731,silence,[1.000],"[0.000, 0.000, 0.000, 0.000, 0.000, 0.000, 1.000]"
1.88,1.92,silence,0.9999990463256836,silence,[1.000],"[0.000, 0.000, 0.000, 0.000, 0.000, 0.000, 1.000]"
1.92,1.96,silence,0.999998927116394,silence,[1.000],"[0.000, 0.000, 0.000, 0.000, 0.000, 0.000, 1.000]"
1.96,2.0,silence,0.9999986886978149,silence,[1.000],"[0.000, 0.000, 0.000, 0.000, 0.000, 0.000, 1.000]"
2.0,2.04,silence,0.9999984502792358,silence,[1.000],"[0.000, 0.000, 0.000, 0.000, 0.000, 0.000, 1.000]"
2.04,2.08,silence,0.9999979734420776,silence,[1.000],"[0.000, 0.000, 0.000, 0.000, 0.000, 0.000, 1.000]"
2.08,2.12,silence,0.9999973773956299,silence,[1.000],"[0.000, 0.000, 0.000, 0.000, 0.000, 0.000, 1.000]"
2.12,2.16,silence,0.999996542930603,silence,[1.000],"[0.000, 0.000, 0.000, 0.000, 0.000, 0.000, 1.000]"
2.16,2.2,silence,0.9999953508377075,silence,[1.000],"[0.000, 0.000, 0.000, 0.000, 0.000, 0.000, 1.000]"
2.2,2.24,silence,0.9999936819076538,silence,[1.000],"[0.000, 0.000, 0.000, 0.000, 0.000, 0.000, 1.000]"
2.24,2.28,silence,0.9999911785125732,silence,[1.000],"[0.000, 0.000, 0.000, 0.000, 0.000, 0.000, 1.000]"
2.28,2.32,silence,0.9999877214431763,silence,[1.000],"[0.000, 0.000, 0.000, 0.000, 0.000, 0.000, 1.000]"
2.32,2.36,silence,0.9999827146530151,silence,[1.000],"[0.000, 0.000, 0.000, 0.000, 0.000, 0.000, 1.000]"
2.36,2.4,silence,0.9999758005142212,silence,[1.000],"[0.000, 0.000, 0.000, 0.000, 0.000, 0.000, 1.000]"
2.4,2.44,silence,0.9999663829803467,silence,[1.000],"[0.000, 0.000, 0.000, 0.000, 0.000, 0.000, 1.000]"
2.44,2.48,silence,0.9999535083770752,silence,[1.000],"[0.000, 0.000, 0.000, 0.000, 0.000, 0.000, 1.000]"
2.48,2.52,silence,0.9999363422393799,silence,[1.000],"[0.000, 0.000, 0.000, 0.000, 0.000, 0.000, 1.000]"
2.52,2.56,silence,0.999913215637207,silence,[1.000],"[0.000, 0.000, 0.000, 0.000, 0.000, 0.000, 1.000]"
2.56,2.6,silence,0.9998824596405029,silence,[1.000],"[0.000, 0.000, 0.000, 0.000, 0.000, 0.000, 1.000]"
2.6,2.64,silence,0.999841570854187,silence,[1.000],"[0.000, 0.000, 0.000, 0.000, 0.000, 0.000, 1.000]"
2.64,2.68,silence,0.9997870326042175,silence,[1.000],"[0.000, 0.000, 0.000, 0.000, 0.000, 0.000, 1.000]"
2.68,2.72,silence,0.9997157454490662,silence,[1.000],"[0.000, 0.000, 0.000, 0.000, 0.000, 0.000, 1.000]"
2.72,2.76,silence,0.9996248483657837,silence,[1.000],"[0.000, 0.000, 0.000, 0.000, 0.000, 0.000, 1.000]"
2.76,2.8,silence,0.9995114803314209,silence,[1.000],"[0.000, 0.000, 0.000, 0.000, 0.000, 0.000, 1.000]"
2.8,2.84,silence,0.999373733997345,silence,[0.999],"[0.000, 0.000, 0.000, 0.000, 0.000, 0.000, 0.999]"
2.84,2.88,silence,0.9992132186889648,silence,[0.999],"[0.000, 0.000, 0.000, 0.000, 0.000, 0.000, 0.999]"
2.88,2.92,silence,0.9990401864051819,silence,[0.999],"[0.000, 0.000, 0.000, 0.000, 0.000, 0.000, 0.999]"
2.92,2.96,silence,0.9988706707954407,silence,[0.999],"[0.000, 0.000, 0.000, 0.000, 0.000, 0.000, 0.999]"
2.96,3.0,silence,0.9987251162528992,silence,[0.999],"[0.000, 0.000, 0.000, 0.000, 0.000, 0.000, 0.999]"
3.0,3.04,silence,0.9986237287521362,silence,[0.999],"[0.000, 0.000, 0.000, 0.000, 0.000, 0.000, 0.999]"
3.04,3.08,silence,0.9985834360122681,silence,[0.999],"[0.000, 0.000, 0.000, 0.000, 0.000, 0.000, 0.999]"
3.08,3.12,silence,0.9986144304275513,silence,[0.999],"[0.000, 0.000, 0.000, 0.000, 0.000, 0.000, 0.999]"
3.12,3.16,silence,0.9987180233001709,silence,[0.999],"[0.000, 0.000, 0.000, 0.000, 0.000, 0.000, 0.999]"
3.16,3.2,silence,0.9988817572593689,silence,[0.999],"[0.000, 0.000, 0.000, 0.000, 0.000, 0.000, 0.999]"
3.2,3.24,silence,0.99908447265625,silence,[0.999],"[0.000, 0.000, 0.000, 0.000, 0.000, 0.000, 0.999]"
3.24,3.28,silence,0.9992985725402832,silence,[0.999],"[0.000, 0.000, 0.000, 0.000, 0.000, 0.000, 0.999]"
3.28,3.32,silence,0.9994964599609375,silence,[0.999],"[0.000, 0.000, 0.000, 0.000, 0.000, 0.000, 0.999]"
3.32,3.36,silence,0.9996610879898071,silence,[1.000],"[0.000, 0.000, 0.000, 0.000, 0.000, 0.000, 1.000]"
3.36,3.4,silence,0.9997856020927429,silence,[1.000],"[0.000, 0.000, 0.000, 0.000, 0.000, 0.000, 1.000]"
3.4,3.44,silence,0.9998718500137329,silence,[1.000],"[0.000, 0.000, 0.000, 0.000, 0.000, 0.000, 1.000]"
3.44,3.48,silence,0.9999274015426636,silence,[1.000],"[0.000, 0.000, 0.000, 0.000, 0.000, 0.000, 1.000]"
3.48,3.52,silence,0.9999608993530273,silence,[1.000],"[0.000, 0.000, 0.000, 0.000, 0.000, 0.000, 1.000]"
3.52,3.56,silence,0.9999797344207764,silence,[1.000],"[0.000, 0.000, 0.000, 0.000, 0.000, 0.000, 1.000]"
3.56,3.6,silence,0.9999898672103882,silence,[1.000],"[0.000, 0.000, 0.000, 0.000, 0.000, 0.000, 1.000]"
3.6,3.64,silence,0.9999951124191284,silence,[1.000],"[0.000, 0.000, 0.000, 0.000, 0.000, 0.000, 1.000]"
3.64,3.68,silence,0.9999977350234985,silence,[1.000],"[0.000, 0.000, 0.000, 0.000, 0.000, 0.000, 1.000]"
3.68,3.72,silence,0.999998927116394,silence,[1.000],"[0.000, 0.000, 0.000, 0.000, 0.000, 0.000, 1.000]"
3.72,3.76,silence,0.9999995231628418,silence,[1.000],"[0.000, 0.000, 0.000, 0.000, 0.000, 0.000, 1.000]"
3.76,3.8,silence,0.9999997615814209,silence,[1.000],"[0.000, 0.000, 0.000, 0.000, 0.000, 0.000, 1.000]"
3.8,3.84,silence,0.9999998807907104,silence,[1.000],"[0.000, 0.000, 0.000, 0.000, 0.000, 0.000, 1.000]"
3.84,3.88,silence,1.0,silence,[1.000],"[0.000, 0.000, 0.000, 0.000, 0.000, 0.000, 1.000]"
3.88,3.92,silence,1.0,silence,[1.000],"[0.000, 0.000, 0.000, 0.000, 0.000, 0.000, 1.000]"
3.92,3.96,silence,1.0,silence,[1.000],"[0.000, 0.000, 0.000, 0.000, 0.000, 0.000, 1.000]"
3.96,4.0,silence,1.0,silence,[1.000],"[0.000, 0.000, 0.000, 0.000, 0.000, 0.000, 1.000]"
4.0,4.04,silence,1.0,silence,[1.000],"[0.000, 0.000, 0.000, 0.000, 0.000, 0.000, 1.000]"
4.04,4.08,silence,1.0,silence,[1.000],"[0.000, 0.000, 0.000, 0.000, 0.000, 0.000, 1.000]"
4.08,4.12,silence,1.0,silence,[1.000],"[0.000, 0.000, 0.000, 0.000, 0.000, 0.000, 1.000]"
4.12,4.16,silence,1.0,silence,[1.000],"[0.000, 0.000, 0.000, 0.000, 0.000, 0.000, 1.000]"
4.16,4.2,silence,1.0,silence,[1.000],"[0.000, 0.000, 0.000, 0.000, 0.000, 0.000, 1.000]"
4.2,4.24,silence,1.0,silence,[1.000],"[0.000, 0.000, 0.000, 0.000, 0.000, 0.000, 1.000]"
4.24,4.28,silence,1.0,silence,[1.000],"[0.000, 0.000, 0.000, 0.000, 0.000, 0.000, 1.000]"
4.28,4.32,silence,1.0,silence,[1.000],"[0.000, 0.000, 0.000, 0.000, 0.000, 0.000, 1.000]"
4.32,4.36,silence,1.0,silence,[1.000],"[0.000, 0.000, 0.000, 0.000, 0.000, 0.000, 1.000]"
4.36,4.4,silence,1.0,silence,[1.000],"[0.000, 0.000, 0.000, 0.000, 0.000, 0.000, 1.000]"
4.4,4.44,silence,1.0,silence,[1.000],"[0.000, 0.000, 0.000, 0.000, 0.000, 0.000, 1.000]"
4.44,4.48,silence,1.0,silence,[1.000],"[0.000, 0.000, 0.000, 0.000, 0.000, 0.000, 1.000]"
4.48,4.52,silence,1.0,silence,[1.000],"[0.000, 0.000, 0.000, 0.000, 0.000, 0.000, 1.000]"
4.52,4.56,silence,1.0,silence,[1.000],"[0.000, 0.000, 0.000, 0.000, 0.000, 0.000, 1.000]"
4.56,4.6,silence,1.0,silence,[1.000],"[0.000, 0.000, 0.000, 0.000, 0.000, 0.000, 1.000]"
4.6,4.64,silence,1.0,silence,[1.000],"[0.000, 0.000, 0.000, 0.000, 0.000, 0.000, 1.000]"
4.64,4.68,silence,1.0,silence,[1.000],"[0.000, 0.000, 0.000, 0.000, 0.000, 0.000, 1.000]"
4.68,4.72,silence,1.0,silence,[1.000],"[0.000, 0.000, 0.000, 0.000, 0.000, 0.000, 1.000]"
4.72,4.76,silence,1.0,silence,[1.000],"[0.000, 0.000, 0.000, 0.000, 0.000, 0.000, 1.000]"
4.76,4.8,silence,1.0,silence,[1.000],"[0.000, 0.000, 0.000, 0.000, 0.000, 0.000, 1.000]"
4.8,4.84,silence,1.0,silence,[1.000],"[0.000, 0.000, 0.000, 0.000, 0.000, 0.000, 1.000]"
4.84,4.88,silence,1.0,silence,[1.000],"[0.000, 0.000, 0.000, 0.000, 0.000, 0.000, 1.000]"
4.88,4.92,silence,1.0,silence,[1.000],"[0.000, 0.000, 0.000, 0.000, 0.000, 0.000, 1.000]"
4.92,4.96,silence,1.0,silence,[1.000],"[0.000, 0.000, 0.000, 0.000, 0.000, 0.000, 1.000]"
4.96,5.0,silence,1.0,silence,[1.000],"[0.000, 0.000, 0.000, 0.000, 0.000, 0.000, 1.000]"
5.0,5.04,silence,1.0,silence,[1.000],"[0.000, 0.000, 0.000, 0.000, 0.000, 0.000, 1.000]"
5.04,5.08,silence,1.0,silence,[1.000],"[0.000, 0.000, 0.000, 0.000, 0.000, 0.000, 1.000]"
5.08,5.12,silence,1.0,silence,[1.000],"[0.000, 0.000, 0.000, 0.000, 0.000, 0.000, 1.000]"
5.12,5.16,silence,1.0,silence,[1.000],"[0.000, 0.000, 0.000, 0.000, 0.000, 0.000, 1.000]"
5.16,5.2,silence,1.0,silence,[1.000],"[0.000, 0.000, 0.000, 0.000, 0.000, 0.000, 1.000]"
5.2,5.24,silence,1.0,silence,[1.000],"[0.000, 0.000, 0.000, 0.000, 0.000, 0.000, 1.000]"
5.24,5.28,silence,1.0,silence,[1.000],"[0.000, 0.000, 0.000, 0.000, 0.000, 0.000, 1.000]"
5.28,5.32,silence,1.0,silence,[1.000],"[0.000, 0.000, 0.000, 0.000, 0.000, 0.000, 1.000]"
5.32,5.36,silence,1.0,silence,[1.000],"[0.000, 0.000, 0.000, 0.000, 0.000, 0.000, 1.000]"
5.36,5.4,silence,1.0,silence,[1.000],"[0.000, 0.000, 0.000, 0.000, 0.000, 0.000, 1.000]"
5.4,5.44,silence,1.0,silence,[1.000],"[0.000, 0.000, 0.000, 0.000, 0.000, 0.000, 1.000]"
5.44,5.48,silence,1.0,silence,[1.000],"[0.000, 0.000, 0.000, 0.000, 0.000, 0.000, 1.000]"
5.48,5.52,silence,1.0,silence,[1.000],"[0.000, 0.000, 0.000, 0.000, 0.000, 0.000, 1.000]"
5.52,5.56,silence,1.0,silence,[1.000],"[0.000, 0.000, 0.000, 0.000, 0.000, 0.000, 1.000]"
5.56,5.6,silence,1.0,silence,[1.000],"[0.000, 0.000, 0.000, 0.000, 0.000, 0.000, 1.000]"
5.6,5.64,silence,1.0,silence,[1.000],"[0.000, 0.000, 0.000, 0.000, 0.000, 0.000, 1.000]"
5.64,5.68,silence,1.0,silence,[1.000],"[0.000, 0.000, 0.000, 0.000, 0.000, 0.000, 1.000]"
5.68,5.72,silence,1.0,silence,[1.000],"[0.000, 0.000, 0.000, 0.000, 0.000, 0.000, 1.000]"
5.72,5.76,silence,1.0,silence,[1.000],"[0.000, 0.000, 0.000, 0.000, 0.000, 0.000, 1.000]"
5.76,5.8,silence,1.0,silence,[1.000],"[0.000, 0.000, 0.000, 0.000, 0.000, 0.000, 1.000]"
5.8,5.84,silence,1.0,silence,[1.000],"[0.000, 0.000, 0.000, 0.000, 0.000, 0.000, 1.000]"
5.84,5.88,silence,1.0,silence,[1.000],"[0.000, 0.000, 0.000, 0.000, 0.000, 0.000, 1.000]"
5.88,5.92,silence,1.0,silence,[1.000],"[0.000, 0.000, 0.000, 0.000, 0.000, 0.000, 1.000]"
5.92,5.96,silence,1.0,silence,[1.000],"[0.000, 0.000, 0.000, 0.000, 0.000, 0.000, 1.000]"
5.96,6.0,silence,1.0,silence,[1.000],"[0.000, 0.000, 0.000, 0.000, 0.000, 0.000, 1.000]"
6.0,6.04,silence,1.0,silence,[1.000],"[0.000, 0.000, 0.000, 0.000, 0.000, 0.000, 1.000]"
6.04,6.08,silence,1.0,silence,[1.000],"[0.000, 0.000, 0.000, 0.000, 0.000, 0.000, 1.000]"
6.08,6.12,silence,1.0,silence,[1.000],"[0.000, 0.000, 0.000, 0.000, 0.000, 0.000, 1.000]"
6.12,6.16,silence,1.0,silence,[1.000],"[0.000, 0.000, 0.000, 0.000, 0.000, 0.000, 1.000]"
6.16,6.2,silence,1.0,silence,[1.000],"[0.000, 0.000, 0.000, 0.000, 0.000, 0.000, 1.000]"
6.2,6.24,silence,1.0,silence,[1.000],"[0.000, 0.000, 0.000, 0.000, 0.000, 0.000, 1.000]"
6.24,6.28,silence,1.0,silence,[1.000],"[0.000, 0.000, 0.000, 0.000, 0.000, 0.000, 1.000]"
6.28,6.32,silence,1.0,silence,[1.000],"[0.000, 0.000, 0.000, 0.000, 0.000, 0.000, 1.000]"
6.32,6.36,silence,1.0,silence,[1.000],"[0.000, 0.000, 0.000, 0.000, 0.000, 0.000, 1.000]"
6.36,6.4,silence,1.0,silence,[1.000],"[0.000, 0.000, 0.000, 0.000, 0.000, 0.000, 1.000]"
6.4,6.44,silence,1.0,silence,[1.000],"[0.000, 0.000, 0.000, 0.000, 0.000, 0.000, 1.000]"
6.44,6.48,silence,1.0,silence,[1.000],"[0.000, 0.000, 0.000, 0.000, 0.000, 0.000, 1.000]"
6.48,6.52,silence,1.0,silence,[1.000],"[0.000, 0.000, 0.000, 0.000, 0.000, 0.000, 1.000]"
6.52,6.56,silence,1.0,silence,[1.000],"[0.000, 0.000, 0.000, 0.000, 0.000, 0.000, 1.000]"
6.56,6.6,silence,1.0,silence,[1.000],"[0.000, 0.000, 0.000, 0.000, 0.000, 0.000, 1.000]"
6.6,6.64,silence,1.0,silence,[1.000],"[0.000, 0.000, 0.000, 0.000, 0.000, 0.000, 1.000]"
6.64,6.68,silence,1.0,silence,[1.000],"[0.000, 0.000, 0.000, 0.000, 0.000, 0.000, 1.000]"
6.68,6.72,silence,1.0,silence,[1.000],"[0.000, 0.000, 0.000, 0.000, 0.000, 0.000, 1.000]"
6.72,6.76,silence,1.0,silence,[1.000],"[0.000, 0.000, 0.000, 0.000, 0.000, 0.000, 1.000]"
6.76,6.8,silence,1.0,silence,[1.000],"[0.000, 0.000, 0.000, 0.000, 0.000, 0.000, 1.000]"
6.8,6.84,silence,1.0,silence,[1.000],"[0.000, 0.000, 0.000, 0.000, 0.000, 0.000, 1.000]"
6.84,6.88,silence,1.0,silence,[1.000],"[0.000, 0.000, 0.000, 0.000, 0.000, 0.000, 1.000]"
6.88,6.92,silence,1.0,silence,[1.000],"[0.000, 0.000, 0.000, 0.000, 0.000, 0.000, 1.000]"
6.92,6.96,silence,1.0,silence,[1.000],"[0.000, 0.000, 0.000, 0.000, 0.000, 0.000, 1.000]"
6.96,7.0,silence,1.0,silence,[1.000],"[0.000, 0.000, 0.000, 0.000, 0.000, 0.000, 1.000]"
7.0,7.04,silence,1.0,silence,[1.000],"[0.000, 0.000, 0.000, 0.000, 0.000, 0.000, 1.000]"
7.04,7.08,silence,1.0,silence,[1.000],"[0.000, 0.000, 0.000, 0.000, 0.000, 0.000, 1.000]"
7.08,7.12,silence,1.0,silence,[1.000],"[0.000, 0.000, 0.000, 0.000, 0.000, 0.000, 1.000]"
7.12,7.16,silence,1.0,silence,[1.000],"[0.000, 0.000, 0.000, 0.000, 0.000, 0.000, 1.000]"
7.16,7.2,silence,1.0,silence,[1.000],"[0.000, 0.000, 0.000, 0.000, 0.000, 0.000, 1.000]"
7.2,7.24,silence,1.0,silence,[1.000],"[0.000, 0.000, 0.000, 0.000, 0.000, 0.000, 1.000]"
7.24,7.28,silence,1.0,silence,[1.000],"[0.000, 0.000, 0.000, 0.000, 0.000, 0.000, 1.000]"
7.28,7.32,silence,1.0,silence,[1.000],"[0.000, 0.000, 0.000, 0.000, 0.000, 0.000, 1.000]"
7.32,7.36,silence,1.0,silence,[1.000],"[0.000, 0.000, 0.000, 0.000, 0.000, 0.000, 1.000]"
7.36,7.4,silence,1.0,silence,[1.000],"[0.000, 0.000, 0.000, 0.000, 0.000, 0.000, 1.000]"
7.4,7.44,silence,1.0,silence,[1.000],"[0.000, 0.000, 0.000, 0.000, 0.000, 0.000, 1.000]"
7.44,7.48,silence,1.0,silence,[1.000],"[0.000, 0.000, 0.000, 0.000, 0.000, 0.000, 1.000]"
7.48,7.52,silence,1.0,silence,[1.000],"[0.000, 0.000, 0.000, 0.000, 0.000, 0.000, 1.000]"
7.52,7.56,silence,1.0,silence,[1.000],"[0.000, 0.000, 0.000, 0.000, 0.000, 0.000, 1.000]"
7.56,7.6,silence,1.0,silence,[1.000],"[0.000, 0.000, 0.000, 0.000, 0.000, 0.000, 1.000]"
7.6,7.64,silence,1.0,silence,[1.000],"[0.000, 0.000, 0.000, 0.000, 0.000, 0.000, 1.000]"
7.64,7.68,silence,1.0,silence,[1.000],"[0.000, 0.000, 0.000, 0.000, 0.000, 0.000, 1.000]"
7.68,7.72,silence,1.0,silence,[1.000],"[0.000, 0.000, 0.000, 0.000, 0.000, 0.000, 1.000]"
7.72,7.76,silence,1.0,silence,[1.000],"[0.000, 0.000, 0.000, 0.000, 0.000, 0.000, 1.000]"
7.76,7.8,silence,1.0,silence,[1.000],"[0.000, 0.000, 0.000, 0.000, 0.000, 0.000, 1.000]"
7.8,7.84,silence,1.0,silence,[1.000],"[0.000, 0.000, 0.000, 0.000, 0.000, 0.000, 1.000]"
7.84,7.88,silence,1.0,silence,[1.000],"[0.000, 0.000, 0.000, 0.000, 0.000, 0.000, 1.000]"
7.88,7.92,silence,1.0,silence,[1.000],"[0.000, 0.000, 0.000, 0.000, 0.000, 0.000, 1.000]"
7.92,7.96,silence,1.0,silence,[1.000],"[0.000, 0.000, 0.000, 0.000, 0.000, 0.000, 1.000]"
7.96,8.0,silence,1.0,silence,[1.000],"[0.000, 0.000, 0.000, 0.000, 0.000, 0.000, 1.000]"
8.0,8.04,silence,1.0,silence,[1.000],"[0.000, 0.000, 0.000, 0.000, 0.000, 0.000, 1.000]"
8.04,8.08,silence,1.0,silence,[1.000],"[0.000, 0.000, 0.000, 0.000, 0.000, 0.000, 1.000]"
8.08,8.12,silence,1.0,silence,[1.000],"[0.000, 0.000, 0.000, 0.000, 0.000, 0.000, 1.000]"
8.12,8.16,silence,0.9999998807907104,silence,[1.000],"[0.000, 0.000, 0.000, 0.000, 0.000, 0.000, 1.000]"
8.16,8.2,silence,0.9999998807907104,silence,[1.000],"[0.000, 0.000, 0.000, 0.000, 0.000, 0.000, 1.000]"
8.2,8.24,silence,0.9999997615814209,silence,[1.000],"[0.000, 0.000, 0.000, 0.000, 0.000, 0.000, 1.000]"
8.24,8.28,silence,0.9999996423721313,silence,[1.000],"[0.000, 0.000, 0.000, 0.000, 0.000, 0.000, 1.000]"
8.28,8.32,silence,0.9999995231628418,silence,[1.000],"[0.000, 0.000, 0.000, 0.000, 0.000, 0.000, 1.000]"
8.32,8.36,silence,0.9999992847442627,silence,[1.000],"[0.000, 0.000, 0.000, 0.000, 0.000, 0.000, 1.000]"
8.36,8.4,silence,0.999998927116394,silence,[1.000],"[0.000, 0.000, 0.000, 0.000, 0.000, 0.000, 1.000]"
8.4,8.44,silence,0.9999983310699463,silence,[1.000],"[0.000, 0.000, 0.000, 0.000, 0.000, 0.000, 1.000]"
8.44,8.48,silence,0.999997615814209,silence,[1.000],"[0.000, 0.000, 0.000, 0.000, 0.000, 0.000, 1.000]"
8.48,8.52,silence,0.9999964237213135,silence,[1.000],"[0.000, 0.000, 0.000, 0.000, 0.000, 0.000, 1.000]"
8.52,8.56,silence,0.9999946355819702,silence,[1.000],"[0.000, 0.000, 0.000, 0.000, 0.000, 0.000, 1.000]"
8.56,8.6,silence,0.9999916553497314,silence,[1.000],"[0.000, 0.000, 0.000, 0.000, 0.000, 0.000, 1.000]"
8.6,8.64,silence,0.9999867677688599,silence,[1.000],"[0.000, 0.000, 0.000, 0.000, 0.000, 0.000, 1.000]"
8.64,8.68,silence,0.9999783039093018,silence,[1.000],"[0.000, 0.000, 0.000, 0.000, 0.000, 0.000, 1.000]"
8.68,8.72,silence,0.9999629259109497,silence,[1.000],"[0.000, 0.000, 0.000, 0.000, 0.000, 0.000, 1.000]"
8.72,8.76,silence,0.9999349117279053,silence,[1.000],"[0.000, 0.000, 0.000, 0.000, 0.000, 0.000, 1.000]"
8.76,8.8,silence,0.999882698059082,silence,[1.000],"[0.000, 0.000, 0.000, 0.000, 0.000, 0.000, 1.000]"
8.8,8.84,silence,0.9997838139533997,silence,[1.000],"[0.000, 0.000, 0.000, 0.000, 0.000, 0.000, 1.000]"
8.84,8.88,silence,0.9995933175086975,silence,[1.000],"[0.000, 0.000, 0.000, 0.000, 0.000, 0.000, 1.000]"
8.88,8.92,silence,0.9992207288742065,silence,[0.999],"[0.000, 0.000, 0.000, 0.000, 0.000, 0.000, 0.999]"
8.92,8.96,silence,0.9984830021858215,silence,[0.998],"[0.000, 0.000, 0.000, 0.000, 0.000, 0.000, 0.998]"
8.96,9.0,silence,0.9970089793205261,silence,[0.997],"[0.000, 0.000, 0.000, 0.000, 0.000, 0.000, 0.997]"
9.0,9.04,silence,0.994045615196228,silence,[0.994],"[0.000, 0.000, 0.000, 0.000, 0.000, 0.000, 0.994]"
9.04,9.08,silence,0.9880890250205994,silence,[0.988],"[0.000, 0.000, 0.000, 0.000, 0.000, 0.000, 0.988]"
9.08,9.12,silence,0.9762338995933533,silence,[0.976],"[0.000, 0.000, 0.000, 0.000, 0.000, 0.000, 0.976]"
9.12,9.16,silence,0.9531926512718201,silence,[0.953],"[0.000, 0.000, 0.000, 0.000, 0.001, 0.000, 0.953]"
9.16,9.2,silence,0.9102421998977661,silence,[0.910],"[0.000, 0.000, 0.000, 0.000, 0.003, 0.000, 0.910]"
9.2,9.24,silence,0.836087167263031,silence,[0.836],"[0.000, 0.000, 0.000, 0.000, 0.009, 0.000, 0.836]"
9.24,9.28,silence,0.7226502299308777,silence,[0.723],"[0.000, 0.000, 0.000, 0.000, 0.026, 0.000, 0.723]"
9.28,9.32,silence,0.5761007070541382,,[],"[0.000, 0.000, 0.000, 0.000, 0.069, 0.000, 0.576]"
9.32,9.36,silence,0.42115816473960876,,[],"[0.000, 0.000, 0.000, 0.000, 0.164, 0.000, 0.421]"
9.36,9.4,silence,0.2863413393497467,,[],"[0.000, 0.000, 0.000, 0.000, 0.333, 0.000, 0.286]"
9.4,9.44,silence,0.18595188856124878,,[],"[0.000, 0.000, 0.000, 0.000, 0.546, 0.000, 0.186]"
9.44,9.48,Liz,0.7321311831474304,Liz,[0.732],"[0.000, 0.000, 0.000, 0.000, 0.732, 0.000, 0.119]"
9.48,9.52,Liz,0.8532980680465698,Liz,[0.853],"[0.000, 0.000, 0.000, 0.000, 0.853, 0.000, 0.076]"
9.52,9.56,Liz,0.9205750823020935,Liz,[0.921],"[0.000, 0.000, 0.000, 0.000, 0.921, 0.000, 0.050]"
9.56,9.6,Liz,0.9556953310966492,Liz,[0.956],"[0.000, 0.000, 0.000, 0.000, 0.956, 0.000, 0.034]"
9.6,9.64,Liz,0.9740176200866699,Liz,[0.974],"[0.000, 0.000, 0.000, 0.000, 0.974, 0.000, 0.024]"
9.64,9.68,Liz,0.9838235378265381,Liz,[0.984],"[0.000, 0.000, 0.000, 0.000, 0.984, 0.000, 0.017]"
9.68,9.72,Liz,0.9893024563789368,Liz,[0.989],"[0.000, 0.000, 0.000, 0.000, 0.989, 0.000, 0.013]"
9.72,9.76,Liz,0.9925301671028137,Liz,[0.993],"[0.000, 0.000, 0.000, 0.000, 0.993, 0.000, 0.011]"
9.76,9.8,Liz,0.9945170283317566,Liz,[0.995],"[0.000, 0.000, 0.000, 0.000, 0.995, 0.000, 0.009]"
9.8,9.84,Liz,0.9957848191261292,Liz,[0.996],"[0.000, 0.000, 0.000, 0.000, 0.996, 0.000, 0.008]"
9.84,9.88,Liz,0.9966309666633606,Liz,[0.997],"[0.000, 0.000, 0.000, 0.000, 0.997, 0.000, 0.007]"
9.88,9.92,Liz,0.9972199201583862,Liz,[0.997],"[0.000, 0.000, 0.000, 0.000, 0.997, 0.000, 0.007]"
9.92,9.96,Liz,0.997647225856781,Liz,[0.998],"[0.000, 0.000, 0.000, 0.000, 0.998, 0.000, 0.006]"
9.96,10.0,Liz,0.997972309589386,Liz,[0.998],"[0.000, 0.000, 0.000, 0.000, 0.998, 0.000, 0.006]"
10.0,10.04,Liz,0.9982365369796753,Liz,[0.998],"[0.000, 0.000, 0.000, 0.000, 0.998, 0.000, 0.006]"
10.04,10.08,Liz,0.9984672665596008,Liz,[0.998],"[0.000, 0.000, 0.000, 0.000, 0.998, 0.000, 0.006]"
10.08,10.12,Liz,0.9986780285835266,Liz,[0.999],"[0.000, 0.000, 0.000, 0.000, 0.999, 0.000, 0.006]"
10.12,10.16,Liz,0.9988755583763123,Liz,[0.999],"[0.000, 0.000, 0.000, 0.000, 0.999, 0.000, 0.007]"
10.16,10.2,Liz,0.9990617632865906,Liz,[0.999],"[0.000, 0.000, 0.000, 0.000, 0.999, 0.000, 0.007]"
10.2,10.24,Liz,0.9992355108261108,Liz,[0.999],"[0.000, 0.000, 0.000, 0.000, 0.999, 0.000, 0.007]"
10.24,10.28,Liz,0.9993932247161865,Liz,[0.999],"[0.000, 0.000, 0.000, 0.000, 0.999, 0.000, 0.007]"
10.28,10.32,Liz,0.9995299577713013,Liz,[1.000],"[0.000, 0.000, 0.000, 0.000, 1.000, 0.000, 0.007]"
10.32,10.36,Liz,0.9996436834335327,Liz,[1.000],"[0.000, 0.000, 0.000, 0.000, 1.000, 0.000, 0.006]"
10.36,10.4,Liz,0.9997350573539734,Liz,[1.000],"[0.000, 0.000, 0.000, 0.000, 1.000, 0.000, 0.006]"
10.4,10.44,Liz,0.9998065829277039,Liz,[1.000],"[0.000, 0.000, 0.000, 0.000, 1.000, 0.000, 0.006]"
10.44,10.48,Liz,0.9998617172241211,Liz,[1.000],"[0.000, 0.000, 0.000, 0.000, 1.000, 0.000, 0.005]"
10.48,10.52,Liz,0.9999035596847534,Liz,[1.000],"[0.000, 0.000, 0.000, 0.000, 1.000, 0.000, 0.005]"
10.52,10.56,Liz,0.9999344348907471,Liz,[1.000],"[0.000, 0.000, 0.000, 0.000, 1.000, 0.000, 0.004]"
10.56,10.6,Liz,0.9999567270278931,Liz,[1.000],"[0.000, 0.000, 0.000, 0.000, 1.000, 0.000, 0.003]"
10.6,10.64,Liz,0.9999723434448242,Liz,[1.000],"[0.000, 0.000, 0.000, 0.000, 1.000, 0.000, 0.003]"
10.64,10.68,Liz,0.9999828338623047,Liz,[1.000],"[0.000, 0.000, 0.000, 0.000, 1.000, 0.000, 0.002]"
10.68,10.72,Liz,0.9999897480010986,Liz,[1.000],"[0.000, 0.000, 0.000, 0.000, 1.000, 0.000, 0.002]"
10.72,10.76,Liz,0.9999940395355225,Liz,[1.000],"[0.000, 0.000, 0.000, 0.000, 1.000, 0.000, 0.001]"
10.76,10.8,Liz,0.9999966621398926,Liz,[1.000],"[0.000, 0.000, 0.000, 0.000, 1.000, 0.000, 0.001]"
10.8,10.84,Liz,0.9999980926513672,Liz,[1.000],"[0.000, 0.000, 0.000, 0.000, 1.000, 0.000, 0.001]"
10.84,10.88,Liz,0.9999990463256836,Liz,[1.000],"[0.000, 0.000, 0.000, 0.000, 1.000, 0.000, 0.000]"
10.88,10.92,Liz,0.9999995231628418,Liz,[1.000],"[0.000, 0.000, 0.000, 0.000, 1.000, 0.000, 0.000]"
10.92,10.96,Liz,0.9999997615814209,Liz,[1.000],"[0.000, 0.000, 0.000, 0.000, 1.000, 0.000, 0.000]"
10.96,11.0,Liz,0.9999998807907104,Liz,[1.000],"[0.000, 0.000, 0.000, 0.000, 1.000, 0.000, 0.000]"
11.0,11.04,Liz,0.9999998807907104,Liz,[1.000],"[0.000, 0.000, 0.000, 0.000, 1.000, 0.000, 0.000]"
11.04,11.08,Liz,1.0,Liz,[1.000],"[0.000, 0.000, 0.000, 0.000, 1.000, 0.000, 0.000]"
11.08,11.12,Liz,1.0,Liz,[1.000],"[0.000, 0.000, 0.000, 0.000, 1.000, 0.000, 0.000]"
11.12,11.16,Liz,1.0,Liz,[1.000],"[0.000, 0.000, 0.000, 0.000, 1.000, 0.000, 0.000]"
11.16,11.2,Liz,1.0,Liz,[1.000],"[0.000, 0.000, 0.000, 0.000, 1.000, 0.000, 0.000]"
11.2,11.24,Liz,1.0,Liz,[1.000],"[0.000, 0.000, 0.000, 0.000, 1.000, 0.000, 0.000]"
11.24,11.28,Liz,1.0,Liz,[1.000],"[0.000, 0.000, 0.000, 0.000, 1.000, 0.000, 0.000]"
11.28,11.32,Liz,1.0,Liz,[1.000],"[0.000, 0.000, 0.000, 0.000, 1.000, 0.000, 0.000]"
11.32,11.36,Liz,1.0,Liz,[1.000],"[0.000, 0.000, 0.000, 0.000, 1.000, 0.000, 0.000]"
11.36,11.4,Liz,1.0,Liz,[1.000],"[0.000, 0.000, 0.000, 0.000, 1.000, 0.000, 0.000]"
11.4,11.44,Liz,1.0,Liz,[1.000],"[0.000, 0.000, 0.000, 0.000, 1.000, 0.000, 0.000]"
11.44,11.48,Liz,1.0,Liz,[1.000],"[0.000, 0.000, 0.000, 0.000, 1.000, 0.000, 0.000]"
11.48,11.52,Liz,1.0,Liz,[1.000],"[0.000, 0.000, 0.000, 0.000, 1.000, 0.000, 0.000]"
11.52,11.56,Liz,1.0,Liz,[1.000],"[0.000, 0.000, 0.000, 0.000, 1.000, 0.000, 0.000]"
11.56,11.6,Liz,1.0,Liz,[1.000],"[0.000, 0.000, 0.000, 0.000, 1.000, 0.000, 0.000]"
11.6,11.64,Liz,1.0,Liz,[1.000],"[0.000, 0.000, 0.000, 0.000, 1.000, 0.000, 0.000]"
11.64,11.68,Liz,1.0,Liz,[1.000],"[0.000, 0.000, 0.000, 0.000, 1.000, 0.000, 0.000]"
11.68,11.72,Liz,1.0,Liz,[1.000],"[0.000, 0.000, 0.000, 0.000, 1.000, 0.000, 0.000]"
11.72,11.76,Liz,1.0,Liz,[1.000],"[0.000, 0.000, 0.000, 0.000, 1.000, 0.000, 0.000]"
11.76,11.8,Liz,1.0,Liz,[1.000],"[0.000, 0.000, 0.000, 0.000, 1.000, 0.000, 0.000]"
11.8,11.84,Liz,1.0,Liz,[1.000],"[0.000, 0.000, 0.000, 0.000, 1.000, 0.000, 0.000]"
11.84,11.88,Liz,1.0,Liz,[1.000],"[0.000, 0.000, 0.000, 0.000, 1.000, 0.000, 0.000]"
11.88,11.92,Liz,1.0,Liz,[1.000],"[0.000, 0.000, 0.000, 0.000, 1.000, 0.000, 0.000]"
11.92,11.96,Liz,1.0,Liz,[1.000],"[0.000, 0.000, 0.000, 0.000, 1.000, 0.000, 0.000]"
11.96,12.0,Liz,1.0,Liz,[1.000],"[0.000, 0.000, 0.000, 0.000, 1.000, 0.000, 0.000]"
12.0,12.04,Liz,1.0,Liz,[1.000],"[0.000, 0.000, 0.000, 0.000, 1.000, 0.000, 0.000]"
12.04,12.08,Liz,1.0,Liz,[1.000],"[0.000, 0.000, 0.000, 0.000, 1.000, 0.000, 0.000]"
12.08,12.12,Liz,1.0,Liz,[1.000],"[0.000, 0.000, 0.000, 0.000, 1.000, 0.000, 0.000]"
12.12,12.16,Liz,1.0,Liz,[1.000],"[0.000, 0.000, 0.000, 0.000, 1.000, 0.000, 0.000]"
12.16,12.2,Liz,1.0,Liz,[1.000],"[0.000, 0.000, 0.000, 0.000, 1.000, 0.000, 0.000]"
12.2,12.24,Liz,1.0,Liz,[1.000],"[0.000, 0.000, 0.000, 0.000, 1.000, 0.000, 0.000]"
12.24,12.28,Liz,1.0,Liz,[1.000],"[0.000, 0.000, 0.000, 0.000, 1.000, 0.000, 0.000]"
12.28,12.32,Liz,1.0,Liz,[1.000],"[0.000, 0.000, 0.000, 0.000, 1.000, 0.000, 0.000]"
12.32,12.36,Liz,1.0,Liz,[1.000],"[0.000, 0.000, 0.000, 0.000, 1.000, 0.000, 0.000]"
12.36,12.4,Liz,1.0,Liz,[1.000],"[0.000, 0.000, 0.000, 0.000, 1.000, 0.000, 0.000]"
12.4,12.44,Liz,1.0,Liz,[1.000],"[0.000, 0.000, 0.000, 0.000, 1.000, 0.000, 0.000]"
12.44,12.48,Liz,1.0,Liz,[1.000],"[0.000, 0.000, 0.000, 0.000, 1.000, 0.000, 0.000]"
12.48,12.52,Liz,1.0,Liz,[1.000],"[0.000, 0.000, 0.000, 0.000, 1.000, 0.000, 0.000]"
12.52,12.56,Liz,1.0,Liz,[1.000],"[0.000, 0.000, 0.000, 0.000, 1.000, 0.000, 0.000]"
12.56,12.6,Liz,1.0,Liz,[1.000],"[0.000, 0.000, 0.000, 0.000, 1.000, 0.000, 0.000]"
12.6,12.64,Liz,1.0,Liz,[1.000],"[0.000, 0.000, 0.000, 0.000, 1.000, 0.000, 0.000]"
12.64,12.68,Liz,1.0,Liz,[1.000],"[0.000, 0.000, 0.000, 0.000, 1.000, 0.000, 0.000]"
12.68,12.72,Liz,1.0,Liz,[1.000],"[0.000, 0.000, 0.000, 0.000, 1.000, 0.000, 0.000]"
12.72,12.76,Liz,1.0,Liz,[1.000],"[0.000, 0.000, 0.000, 0.000, 1.000, 0.000, 0.000]"
12.76,12.8,Liz,1.0,Liz,[1.000],"[0.000, 0.000, 0.000, 0.000, 1.000, 0.000, 0.000]"
12.8,12.84,Liz,0.9999998807907104,Liz,[1.000],"[0.000, 0.000, 0.000, 0.000, 1.000, 0.000, 0.000]"
12.84,12.88,Liz,0.9999996423721313,Liz,[1.000],"[0.000, 0.000, 0.000, 0.000, 1.000, 0.000, 0.000]"
12.88,12.92,Liz,0.9999991655349731,Liz,[1.000],"[0.000, 0.000, 0.000, 0.000, 1.000, 0.000, 0.000]"
12.92,12.96,Liz,0.9999978542327881,Liz,[1.000],"[0.000, 0.000, 0.000, 0.000, 1.000, 0.000, 0.000]"
12.96,13.0,Liz,0.9999946355819702,Liz,[1.000],"[0.000, 0.000, 0.000, 0.000, 1.000, 0.000, 0.000]"
13.0,13.04,Liz,0.9999874830245972,Liz,[1.000],"[0.000, 0.000, 0.000, 0.000, 1.000, 0.000, 0.000]"
13.04,13.08,Liz,0.9999713897705078,Liz,[1.000],"[0.000, 0.000, 0.000, 0.000, 1.000, 0.000, 0.000]"
13.08,13.12,Liz,0.9999382495880127,Liz,[1.000],"[0.000, 0.000, 0.000, 0.000, 1.000, 0.000, 0.000]"
13.12,13.16,Liz,0.9998745918273926,Liz,[1.000],"[0.000, 0.000, 0.000, 0.000, 1.000, 0.000, 0.000]"
13.16,13.2,Liz,0.999762237071991,Liz,[1.000],"[0.000, 0.000, 0.000, 0.000, 1.000, 0.000, 0.000]"
13.2,13.24,Liz,0.9995824694633484,Liz,[1.000],"[0.000, 0.000, 0.000, 0.000, 1.000, 0.000, 0.000]"
13.24,13.28,Liz,0.9993256330490112,Liz,[0.999],"[0.000, 0.000, 0.000, 0.000, 0.999, 0.000, 0.000]"
13.28,13.32,Liz,0.9990037083625793,Liz,[0.999],"[0.000, 0.000, 0.000, 0.000, 0.999, 0.000, 0.000]"
13.32,13.36,Liz,0.9986591339111328,Liz,[0.999],"[0.000, 0.000, 0.000, 0.000, 0.999, 0.000, 0.000]"
13.36,13.4,Liz,0.9983583092689514,Liz,[0.998],"[0.000, 0.000, 0.000, 0.000, 0.998, 0.000, 0.000]"
13.4,13.44,Liz,0.9981709718704224,Liz,[0.998],"[0.000, 0.000, 0.000, 0.000, 0.998, 0.000, 0.000]"
13.44,13.48,Liz,0.9981371164321899,Liz,[0.998],"[0.000, 0.000, 0.000, 0.000, 0.998, 0.000, 0.000]"
13.48,13.52,Liz,0.9982530474662781,Liz,[0.998],"[0.000, 0.000, 0.000, 0.000, 0.998, 0.000, 0.000]"
13.52,13.56,Liz,0.9984799027442932,Liz,[0.998],"[0.000, 0.000, 0.000, 0.000, 0.998, 0.000, 0.000]"
13.56,13.6,Liz,0.9987590312957764,Liz,[0.999],"[0.000, 0.000, 0.000, 0.000, 0.999, 0.000, 0.000]"
13.6,13.64,Liz,0.999037504196167,Liz,[0.999],"[0.000, 0.000, 0.000, 0.000, 0.999, 0.000, 0.000]"
13.64,13.68,Liz,0.9992813467979431,Liz,[0.999],"[0.000, 0.000, 0.000, 0.000, 0.999, 0.000, 0.000]"
13.68,13.72,Liz,0.9994760155677795,Liz,[0.999],"[0.000, 0.000, 0.000, 0.000, 0.999, 0.000, 0.000]"
13.72,13.76,Liz,0.9996209144592285,Liz,[1.000],"[0.000, 0.000, 0.000, 0.000, 1.000, 0.000, 0.000]"
13.76,13.8,Liz,0.9997239708900452,Liz,[1.000],"[0.000, 0.000, 0.000, 0.000, 1.000, 0.000, 0.000]"
13.8,13.84,Liz,0.9997952580451965,Liz,[1.000],"[0.000, 0.000, 0.000, 0.000, 1.000, 0.000, 0.000]"
13.84,13.88,Liz,0.9998438358306885,Liz,[1.000],"[0.000, 0.000, 0.000, 0.000, 1.000, 0.000, 0.000]"
13.88,13.92,Liz,0.999876856803894,Liz,[1.000],"[0.000, 0.000, 0.000, 0.000, 1.000, 0.000, 0.000]"
13.92,13.96,Liz,0.99989914894104,Liz,[1.000],"[0.000, 0.000, 0.000, 0.000, 1.000, 0.000, 0.000]"
13.96,14.0,Liz,0.9999140501022339,Liz,[1.000],"[0.000, 0.000, 0.000, 0.000, 1.000, 0.000, 0.001]"
14.0,14.04,Liz,0.9999240636825562,Liz,[1.000],"[0.000, 0.000, 0.000, 0.000, 1.000, 0.000, 0.001]"
14.04,14.08,Liz,0.9999305009841919,Liz,[1.000],"[0.000, 0.000, 0.000, 0.000, 1.000, 0.000, 0.001]"
14.08,14.12,Liz,0.9999343156814575,Liz,[1.000],"[0.000, 0.000, 0.000, 0.000, 1.000, 0.000, 0.001]"
14.12,14.16,Liz,0.9999363422393799,Liz,[1.000],"[0.000, 0.000, 0.000, 0.000, 1.000, 0.000, 0.001]"
14.16,14.2,Liz,0.9999375343322754,Liz,[1.000],"[0.000, 0.000, 0.000, 0.000, 1.000, 0.000, 0.001]"
14.2,14.24,Liz,0.9999382495880127,Liz,[1.000],"[0.000, 0.000, 0.000, 0.000, 1.000, 0.000, 0.001]"
14.24,14.28,Liz,0.9999394416809082,Liz,[1.000],"[0.000, 0.000, 0.000, 0.000, 1.000, 0.000, 0.001]"
14.28,14.32,Liz,0.9999415874481201,Liz,[1.000],"[0.000, 0.000, 0.000, 0.000, 1.000, 0.000, 0.001]"
14.32,14.36,Liz,0.9999451637268066,Liz,[1.000],"[0.000, 0.000, 0.000, 0.000, 1.000, 0.000, 0.001]"
14.36,14.4,Liz,0.9999501705169678,Liz,[1.000],"[0.000, 0.000, 0.000, 0.000, 1.000, 0.000, 0.002]"
14.4,14.44,Liz,0.999956488609314,Liz,[1.000],"[0.000, 0.000, 0.000, 0.000, 1.000, 0.000, 0.002]"
14.44,14.48,Liz,0.9999635219573975,Liz,[1.000],"[0.000, 0.000, 0.000, 0.000, 1.000, 0.000, 0.002]"
14.48,14.52,Liz,0.9999709129333496,Liz,[1.000],"[0.000, 0.000, 0.000, 0.000, 1.000, 0.000, 0.001]"
14.52,14.56,Liz,0.9999780654907227,Liz,[1.000],"[0.000, 0.000, 0.000, 0.000, 1.000, 0.000, 0.001]"
14.56,14.6,Liz,0.9999843835830688,Liz,[1.000],"[0.000, 0.000, 0.000, 0.000, 1.000, 0.000, 0.001]"
14.6,14.64,Liz,0.9999896287918091,Liz,[1.000],"[0.000, 0.000, 0.000, 0.000, 1.000, 0.000, 0.001]"
14.64,14.68,Liz,0.9999935626983643,Liz,[1.000],"[0.000, 0.000, 0.000, 0.000, 1.000, 0.000, 0.001]"
14.68,14.72,Liz,0.9999963045120239,Liz,[1.000],"[0.000, 0.000, 0.000, 0.000, 1.000, 0.000, 0.001]"
14.72,14.76,Liz,0.9999979734420776,Liz,[1.000],"[0.000, 0.000, 0.000, 0.000, 1.000, 0.000, 0.001]"
14.76,14.8,Liz,0.9999990463256836,Liz,[1.000],"[0.000, 0.000, 0.000, 0.000, 1.000, 0.000, 0.000]"
14.8,14.84,Liz,0.9999995231628418,Liz,[1.000],"[0.000, 0.000, 0.000, 0.000, 1.000, 0.000, 0.000]"
14.84,14.88,Liz,0.9999997615814209,Liz,[1.000],"[0.000, 0.000, 0.000, 0.000, 1.000, 0.000, 0.000]"
14.88,14.92,Liz,0.9999998807907104,Liz,[1.000],"[0.000, 0.000, 0.000, 0.000, 1.000, 0.000, 0.000]"
14.92,14.96,Liz,1.0,Liz,[1.000],"[0.000, 0.000, 0.000, 0.000, 1.000, 0.000, 0.000]"
14.96,15.0,Liz,1.0,Liz,[1.000],"[0.000, 0.000, 0.000, 0.000, 1.000, 0.000, 0.000]"
15.0,15.04,Liz,1.0,Liz,[1.000],"[0.000, 0.000, 0.000, 0.000, 1.000, 0.000, 0.000]"
15.04,15.08,Liz,1.0,Liz,[1.000],"[0.000, 0.000, 0.000, 0.000, 1.000, 0.000, 0.000]"
15.08,15.12,Liz,1.0,Liz,[1.000],"[0.000, 0.000, 0.000, 0.000, 1.000, 0.000, 0.000]"
15.12,15.16,Liz,1.0,Liz,[1.000],"[0.000, 0.000, 0.000, 0.000, 1.000, 0.000, 0.000]"
15.16,15.2,Liz,1.0,Liz,[1.000],"[0.000, 0.000, 0.000, 0.000, 1.000, 0.000, 0.000]"
15.2,15.24,Liz,1.0,Liz,[1.000],"[0.000, 0.000, 0.000, 0.000, 1.000, 0.000, 0.000]"
15.24,15.28,Liz,1.0,Liz,[1.000],"[0.000, 0.000, 0.000, 0.000, 1.000, 0.000, 0.000]"
15.28,15.32,Liz,1.0,Liz,[1.000],"[0.000, 0.000, 0.000, 0.000, 1.000, 0.000, 0.000]"
15.32,15.36,Liz,1.0,Liz,[1.000],"[0.000, 0.000, 0.000, 0.000, 1.000, 0.000, 0.000]"
15.36,15.4,Liz,1.0,Liz,[1.000],"[0.000, 0.000, 0.000, 0.000, 1.000, 0.000, 0.000]"
15.4,15.44,Liz,1.0,Liz,[1.000],"[0.000, 0.000, 0.000, 0.000, 1.000, 0.000, 0.000]"
15.44,15.48,Liz,1.0,Liz,[1.000],"[0.000, 0.000, 0.000, 0.000, 1.000, 0.000, 0.000]"
15.48,15.52,Liz,1.0,Liz,[1.000],"[0.000, 0.000, 0.000, 0.000, 1.000, 0.000, 0.000]"
15.52,15.56,Liz,1.0,Liz,[1.000],"[0.000, 0.000, 0.000, 0.000, 1.000, 0.000, 0.000]"
15.56,15.6,Liz,1.0,Liz,[1.000],"[0.000, 0.000, 0.000, 0.000, 1.000, 0.000, 0.000]"
15.6,15.64,Liz,1.0,Liz,[1.000],"[0.000, 0.000, 0.000, 0.000, 1.000, 0.000, 0.000]"
15.64,15.68,Liz,1.0,Liz,[1.000],"[0.000, 0.000, 0.000, 0.000, 1.000, 0.000, 0.000]"
15.68,15.72,Liz,1.0,Liz,[1.000],"[0.000, 0.000, 0.000, 0.000, 1.000, 0.000, 0.000]"
15.72,15.76,Liz,1.0,Liz,[1.000],"[0.000, 0.000, 0.000, 0.000, 1.000, 0.000, 0.000]"
15.76,15.8,Liz,1.0,Liz,[1.000],"[0.000, 0.000, 0.000, 0.000, 1.000, 0.000, 0.000]"
15.8,15.84,Liz,1.0,Liz,[1.000],"[0.000, 0.000, 0.000, 0.000, 1.000, 0.000, 0.000]"
15.84,15.88,Liz,1.0,Liz,[1.000],"[0.000, 0.000, 0.000, 0.000, 1.000, 0.000, 0.000]"
15.88,15.92,Liz,1.0,Liz,[1.000],"[0.000, 0.000, 0.000, 0.000, 1.000, 0.000, 0.000]"
15.92,15.96,Liz,1.0,Liz,[1.000],"[0.000, 0.000, 0.000, 0.000, 1.000, 0.000, 0.000]"
15.96,16.0,Liz,1.0,Liz,[1.000],"[0.000, 0.000, 0.000, 0.000, 1.000, 0.000, 0.000]"
16.0,16.04,Liz,1.0,Liz,[1.000],"[0.000, 0.000, 0.000, 0.000, 1.000, 0.000, 0.000]"
16.04,16.08,Liz,1.0,Liz,[1.000],"[0.000, 0.000, 0.000, 0.000, 1.000, 0.000, 0.000]"
16.08,16.12,Liz,1.0,Liz,[1.000],"[0.000, 0.000, 0.000, 0.000, 1.000, 0.000, 0.000]"
16.12,16.16,Liz,1.0,Liz,[1.000],"[0.000, 0.000, 0.000, 0.000, 1.000, 0.000, 0.000]"
16.16,16.2,Liz,1.0,Liz,[1.000],"[0.000, 0.000, 0.000, 0.000, 1.000, 0.000, 0.000]"
16.2,16.24,Liz,1.0,Liz,[1.000],"[0.000, 0.000, 0.000, 0.000, 1.000, 0.000, 0.000]"
16.24,16.28,Liz,1.0,Liz,[1.000],"[0.000, 0.000, 0.000, 0.000, 1.000, 0.000, 0.000]"
16.28,16.32,Liz,1.0,Liz,[1.000],"[0.000, 0.000, 0.000, 0.000, 1.000, 0.000, 0.000]"
16.32,16.36,Liz,1.0,Liz,[1.000],"[0.000, 0.000, 0.000, 0.000, 1.000, 0.000, 0.000]"
16.36,16.4,Liz,1.0,Liz,[1.000],"[0.000, 0.000, 0.000, 0.000, 1.000, 0.000, 0.000]"
16.4,16.44,Liz,1.0,Liz,[1.000],"[0.000, 0.000, 0.000, 0.000, 1.000, 0.000, 0.000]"
16.44,16.48,Liz,1.0,Liz,[1.000],"[0.000, 0.000, 0.000, 0.000, 1.000, 0.000, 0.000]"
16.48,16.52,Liz,1.0,Liz,[1.000],"[0.000, 0.000, 0.000, 0.000, 1.000, 0.000, 0.000]"
16.52,16.56,Liz,1.0,Liz,[1.000],"[0.000, 0.000, 0.000, 0.000, 1.000, 0.000, 0.000]"
16.56,16.6,Liz,1.0,Liz,[1.000],"[0.000, 0.000, 0.000, 0.000, 1.000, 0.000, 0.000]"
16.6,16.64,Liz,1.0,Liz,[1.000],"[0.000, 0.000, 0.000, 0.000, 1.000, 0.000, 0.000]"
16.64,16.68,Liz,1.0,Liz,[1.000],"[0.000, 0.000, 0.000, 0.000, 1.000, 0.000, 0.000]"
16.68,16.72,Liz,0.9999998807907104,Liz,[1.000],"[0.000, 0.000, 0.000, 0.000, 1.000, 0.000, 0.000]"
16.72,16.76,Liz,0.9999998807907104,Liz,[1.000],"[0.000, 0.000, 0.000, 0.000, 1.000, 0.000, 0.000]"
16.76,16.8,Liz,0.9999997615814209,Liz,[1.000],"[0.000, 0.000, 0.000, 0.000, 1.000, 0.000, 0.000]"
16.8,16.84,Liz,0.9999996423721313,Liz,[1.000],"[0.000, 0.000, 0.000, 0.000, 1.000, 0.000, 0.000]"
16.84,16.88,Liz,0.9999994039535522,Liz,[1.000],"[0.000, 0.000, 0.000, 0.000, 1.000, 0.000, 0.000]"
16.88,16.92,Liz,0.999998927116394,Liz,[1.000],"[0.000, 0.000, 0.000, 0.000, 1.000, 0.000, 0.000]"
16.92,16.96,Liz,0.9999980926513672,Liz,[1.000],"[0.000, 0.000, 0.000, 0.000, 1.000, 0.000, 0.000]"
16.96,17.0,Liz,0.9999963045120239,Liz,[1.000],"[0.000, 0.000, 0.000, 0.000, 1.000, 0.000, 0.000]"
17.0,17.04,Liz,0.9999924898147583,Liz,[1.000],"[0.000, 0.000, 0.000, 0.000, 1.000, 0.000, 0.000]"
17.04,17.08,Liz,0.9999840259552002,Liz,[1.000],"[0.000, 0.000, 0.000, 0.000, 1.000, 0.000, 0.000]"
17.08,17.12,Liz,0.9999644756317139,Liz,[1.000],"[0.000, 0.000, 0.000, 0.000, 1.000, 0.000, 0.000]"
17.12,17.16,Liz,0.9999176263809204,Liz,[1.000],"[0.000, 0.000, 0.000, 0.000, 1.000, 0.000, 0.000]"
17.16,17.2,Liz,0.9998010993003845,Liz,[1.000],"[0.000, 0.000, 0.000, 0.000, 1.000, 0.000, 0.000]"
17.2,17.24,Liz,0.9995017051696777,Liz,[1.000],"[0.000, 0.000, 0.000, 0.000, 1.000, 0.000, 0.000]"
17.24,17.28,Liz,0.9987105131149292,Liz,[0.999],"[0.000, 0.000, 0.000, 0.000, 0.999, 0.000, 0.000]"
17.28,17.32,Liz,0.9965684413909912,Liz,[0.997],"[0.000, 0.000, 0.000, 0.000, 0.997, 0.000, 0.000]"
17.32,17.36,Liz,0.990672767162323,Liz,[0.991],"[0.000, 0.000, 0.000, 0.000, 0.991, 0.000, 0.000]"
17.36,17.4,Liz,0.9744426012039185,Liz,[0.974],"[0.000, 0.000, 0.000, 0.000, 0.974, 0.000, 0.001]"
17.4,17.44,Liz,0.9312586188316345,Liz,[0.931],"[0.000, 0.000, 0.000, 0.000, 0.931, 0.000, 0.001]"
17.44,17.48,Liz,0.8279321789741516,Liz,[0.828],"[0.000, 0.000, 0.000, 0.000, 0.828, 0.000, 0.001]"
17.48,17.52,Liz,0.6325688362121582,Liz,[0.633],"[0.000, 0.000, 0.000, 0.000, 0.633, 0.000, 0.001]"
17.52,17.56,silence,0.0010478097246959805,,[],"[0.000, 0.000, 0.002, 0.000, 0.385, 0.000, 0.001]"
17.56,17.6,silence,0.001156160025857389,,[],"[0.000, 0.000, 0.008, 0.000, 0.188, 0.000, 0.001]"
17.6,17.64,silence,0.0012358033563941717,,[],"[0.000, 0.000, 0.030, 0.000, 0.081, 0.000, 0.001]"
17.64,17.68,silence,0.0012788402382284403,,[],"[0.000, 0.000, 0.098, 0.000, 0.034, 0.000, 0.001]"
17.68,17.72,silence,0.0012801388511434197,,[],"[0.000, 0.000, 0.260, 0.000, 0.014, 0.000, 0.001]"
17.72,17.76,silence,0.0012410760391503572,,[],"[0.000, 0.000, 0.513, 0.000, 0.006, 0.000, 0.001]"
17.76,17.8,Rei,0.7451266646385193,Rei,[0.745],"[0.000, 0.000, 0.745, 0.000, 0.003, 0.000, 0.001]"
17.8,17.84,Rei,0.88332200050354,Rei,[0.883],"[0.000, 0.000, 0.883, 0.000, 0.001, 0.000, 0.001]"
17.84,17.88,Rei,0.9481693506240845,Rei,[0.948],"[0.000, 0.000, 0.948, 0.000, 0.001, 0.000, 0.001]"
17.88,17.92,Rei,0.9763604998588562,Rei,[0.976],"[0.000, 0.000, 0.976, 0.000, 0.000, 0.000, 0.001]"
17.92,17.96,Rei,0.9887176752090454,Rei,[0.989],"[0.000, 0.000, 0.989, 0.000, 0.000, 0.000, 0.001]"
17.96,18.0,Rei,0.9943621158599854,Rei,[0.994],"[0.000, 0.000, 0.994, 0.000, 0.000, 0.000, 0.001]"
18.0,18.04,Rei,0.9970676302909851,Rei,[0.997],"[0.000, 0.000, 0.997, 0.000, 0.000, 0.000, 0.001]"
18.04,18.08,Rei,0.9984211921691895,Rei,[0.998],"[0.000, 0.000, 0.998, 0.000, 0.000, 0.000, 0.000]"
18.08,18.12,Rei,0.9991217255592346,Rei,[0.999],"[0.000, 0.000, 0.999, 0.000, 0.000, 0.000, 0.000]"
18.12,18.16,Rei,0.9994953870773315,Rei,[0.999],"[0.000, 0.000, 0.999, 0.000, 0.000, 0.000, 0.000]"
18.16,18.2,Rei,0.9997000694274902,Rei,[1.000],"[0.000, 0.000, 1.000, 0.000, 0.000, 0.000, 0.000]"
18.2,18.24,Rei,0.9998161196708679,Rei,[1.000],"[0.000, 0.000, 1.000, 0.000, 0.000, 0.000, 0.000]"
18.24,18.28,Rei,0.9998840093612671,Rei,[1.000],"[0.000, 0.000, 1.000, 0.000, 0.000, 0.000, 0.000]"
18.28,18.32,Rei,0.9999250173568726,Rei,[1.000],"[0.000, 0.000, 1.000, 0.000, 0.000, 0.000, 0.000]"
18.32,18.36,Rei,0.9999502897262573,Rei,[1.000],"[0.000, 0.000, 1.000, 0.000, 0.000, 0.000, 0.000]"
18.36,18.4,Rei,0.9999662637710571,Rei,[1.000],"[0.000, 0.000, 1.000, 0.000, 0.000, 0.000, 0.000]"
18.4,18.44,Rei,0.999976634979248,Rei,[1.000],"[0.000, 0.000, 1.000, 0.000, 0.000, 0.000, 0.000]"
18.44,18.48,Rei,0.9999834299087524,Rei,[1.000],"[0.000, 0.000, 1.000, 0.000, 0.000, 0.000, 0.000]"
18.48,18.52,Rei,0.9999880790710449,Rei,[1.000],"[0.000, 0.000, 1.000, 0.000, 0.000, 0.000, 0.000]"
18.52,18.56,Rei,0.9999912977218628,Rei,[1.000],"[0.000, 0.000, 1.000, 0.000, 0.000, 0.000, 0.000]"
18.56,18.6,Rei,0.9999936819076538,Rei,[1.000],"[0.000, 0.000, 1.000, 0.000, 0.000, 0.000, 0.000]"
18.6,18.64,Rei,0.999995231628418,Rei,[1.000],"[0.000, 0.000, 1.000, 0.000, 0.000, 0.000, 0.000]"
18.64,18.68,Rei,0.9999964237213135,Rei,[1.000],"[0.000, 0.000, 1.000, 0.000, 0.000, 0.000, 0.000]"
18.68,18.72,Rei,0.9999971389770508,Rei,[1.000],"[0.000, 0.000, 1.000, 0.000, 0.000, 0.000, 0.000]"
18.72,18.76,Rei,0.9999977350234985,Rei,[1.000],"[0.000, 0.000, 1.000, 0.000, 0.000, 0.000, 0.000]"
18.76,18.8,Rei,0.9999982118606567,Rei,[1.000],"[0.000, 0.000, 1.000, 0.000, 0.000, 0.000, 0.000]"
18.8,18.84,Rei,0.9999985694885254,Rei,[1.000],"[0.000, 0.000, 1.000, 0.000, 0.000, 0.000, 0.000]"
18.84,18.88,Rei,0.9999988079071045,Rei,[1.000],"[0.000, 0.000, 1.000, 0.000, 0.000, 0.000, 0.000]"
18.88,18.92,Rei,0.999998927116394,Rei,[1.000],"[0.000, 0.000, 1.000, 0.000, 0.000, 0.000, 0.000]"
18.92,18.96,Rei,0.9999990463256836,Rei,[1.000],"[0.000, 0.000, 1.000, 0.000, 0.000, 0.000, 0.000]"
18.96,19.0,Rei,0.9999991655349731,Rei,[1.000],"[0.000, 0.000, 1.000, 0.000, 0.000, 0.000, 0.000]"
19.0,19.04,Rei,0.9999992847442627,Rei,[1.000],"[0.000, 0.000, 1.000, 0.000, 0.000, 0.000, 0.000]"
19.04,19.08,Rei,0.9999994039535522,Rei,[1.000],"[0.000, 0.000, 1.000, 0.000, 0.000, 0.000, 0.000]"
19.08,19.12,Rei,0.9999994039535522,Rei,[1.000],"[0.000, 0.000, 1.000, 0.000, 0.000, 0.000, 0.000]"
19.12,19.16,Rei,0.9999995231628418,Rei,[1.000],"[0.000, 0.000, 1.000, 0.000, 0.000, 0.000, 0.000]"
19.16,19.2,Rei,0.9999995231628418,Rei,[1.000],"[0.000, 0.000, 1.000, 0.000, 0.000, 0.000, 0.000]"
19.2,19.24,Rei,0.9999996423721313,Rei,[1.000],"[0.000, 0.000, 1.000, 0.000, 0.000, 0.000, 0.000]"
19.24,19.28,Rei,0.9999996423721313,Rei,[1.000],"[0.000, 0.000, 1.000, 0.000, 0.000, 0.000, 0.000]"
19.28,19.32,Rei,0.9999996423721313,Rei,[1.000],"[0.000, 0.000, 1.000, 0.000, 0.000, 0.000, 0.000]"
19.32,19.36,Rei,0.9999996423721313,Rei,[1.000],"[0.000, 0.000, 1.000, 0.000, 0.000, 0.000, 0.000]"
19.36,19.4,Rei,0.9999997615814209,Rei,[1.000],"[0.000, 0.000, 1.000, 0.000, 0.000, 0.000, 0.000]"
19.4,19.44,Rei,0.9999997615814209,Rei,[1.000],"[0.000, 0.000, 1.000, 0.000, 0.000, 0.000, 0.000]"
19.44,19.48,Rei,0.9999997615814209,Rei,[1.000],"[0.000, 0.000, 1.000, 0.000, 0.000, 0.000, 0.000]"
19.48,19.52,Rei,0.9999997615814209,Rei,[1.000],"[0.000, 0.000, 1.000, 0.000, 0.000, 0.000, 0.000]"
19.52,19.56,Rei,0.9999997615814209,Rei,[1.000],"[0.000, 0.000, 1.000, 0.000, 0.000, 0.000, 0.000]"
19.56,19.6,Rei,0.9999997615814209,Rei,[1.000],"[0.000, 0.000, 1.000, 0.000, 0.000, 0.000, 0.000]"
19.6,19.64,Rei,0.9999998807907104,Rei,[1.000],"[0.000, 0.000, 1.000, 0.000, 0.000, 0.000, 0.000]"
19.64,19.68,Rei,0.9999998807907104,Rei,[1.000],"[0.000, 0.000, 1.000, 0.000, 0.000, 0.000, 0.000]"
19.68,19.72,Rei,0.9999998807907104,Rei,[1.000],"[0.000, 0.000, 1.000, 0.000, 0.000, 0.000, 0.000]"
19.72,19.76,Rei,0.9999998807907104,Rei,[1.000],"[0.000, 0.000, 1.000, 0.000, 0.000, 0.000, 0.000]"
19.76,19.8,Rei,0.9999998807907104,Rei,[1.000],"[0.000, 0.000, 1.000, 0.000, 0.000, 0.000, 0.000]"
19.8,19.84,Rei,0.9999998807907104,Rei,[1.000],"[0.000, 0.000, 1.000, 0.000, 0.000, 0.000, 0.000]"
19.84,19.88,Rei,0.9999998807907104,Rei,[1.000],"[0.000, 0.000, 1.000, 0.000, 0.000, 0.000, 0.000]"
19.88,19.92,Rei,0.9999998807907104,Rei,[1.000],"[0.000, 0.000, 1.000, 0.000, 0.000, 0.000, 0.000]"
19.92,19.96,Rei,0.9999998807907104,Rei,[1.000],"[0.000, 0.000, 1.000, 0.000, 0.000, 0.000, 0.000]"
19.96,20.0,Rei,0.9999998807907104,Rei,[1.000],"[0.000, 0.000, 1.000, 0.000, 0.000, 0.000, 0.000]"
20.0,20.04,Rei,0.9999998807907104,Rei,[1.000],"[0.000, 0.000, 1.000, 0.000, 0.000, 0.000, 0.000]"
20.04,20.08,Rei,0.9999998807907104,Rei,[1.000],"[0.000, 0.000, 1.000, 0.000, 0.000, 0.000, 0.000]"
20.08,20.12,Rei,0.9999998807907104,Rei,[1.000],"[0.000, 0.000, 1.000, 0.000, 0.000, 0.000, 0.000]"
20.12,20.16,Rei,0.9999998807907104,Rei,[1.000],"[0.000, 0.000, 1.000, 0.000, 0.000, 0.000, 0.000]"
20.16,20.2,Rei,0.9999998807907104,Rei,[1.000],"[0.000, 0.000, 1.000, 0.000, 0.000, 0.000, 0.000]"
20.2,20.24,Rei,0.9999998807907104,Rei,[1.000],"[0.000, 0.000, 1.000, 0.000, 0.000, 0.000, 0.000]"
20.24,20.28,Rei,0.9999998807907104,Rei,[1.000],"[0.000, 0.000, 1.000, 0.000, 0.000, 0.000, 0.000]"
20.28,20.32,Rei,0.9999998807907104,Rei,[1.000],"[0.000, 0.000, 1.000, 0.000, 0.000, 0.000, 0.000]"
20.32,20.36,Rei,0.9999998807907104,Rei,[1.000],"[0.000, 0.000, 1.000, 0.000, 0.000, 0.000, 0.000]"
20.36,20.4,Rei,0.9999998807907104,Rei,[1.000],"[0.000, 0.000, 1.000, 0.000, 0.000, 0.000, 0.000]"
20.4,20.44,Rei,0.9999998807907104,Rei,[1.000],"[0.000, 0.000, 1.000, 0.000, 0.000, 0.000, 0.000]"
20.44,20.48,Rei,0.9999998807907104,Rei,[1.000],"[0.000, 0.000, 1.000, 0.000, 0.000, 0.000, 0.000]"
20.48,20.52,Rei,0.9999998807907104,Rei,[1.000],"[0.000, 0.000, 1.000, 0.000, 0.000, 0.000, 0.000]"
20.52,20.56,Rei,0.9999998807907104,Rei,[1.000],"[0.000, 0.000, 1.000, 0.000, 0.000, 0.000, 0.000]"
20.56,20.6,Rei,0.9999998807907104,Rei,[1.000],"[0.000, 0.000, 1.000, 0.000, 0.000, 0.000, 0.000]"
20.6,20.64,Rei,0.9999998807907104,Rei,[1.000],"[0.000, 0.000, 1.000, 0.000, 0.000, 0.000, 0.000]"
20.64,20.68,Rei,0.9999998807907104,Rei,[1.000],"[0.000, 0.000, 1.000, 0.000, 0.000, 0.000, 0.000]"
20.68,20.72,Rei,0.9999997615814209,Rei,[1.000],"[0.000, 0.000, 1.000, 0.000, 0.000, 0.000, 0.000]"
20.72,20.76,Rei,0.9999997615814209,Rei,[1.000],"[0.000, 0.000, 1.000, 0.000, 0.000, 0.000, 0.000]"
20.76,20.8,Rei,0.9999997615814209,Rei,[1.000],"[0.000, 0.000, 1.000, 0.000, 0.000, 0.000, 0.000]"
20.8,20.84,Rei,0.9999997615814209,Rei,[1.000],"[0.000, 0.000, 1.000, 0.000, 0.000, 0.000, 0.000]"
20.84,20.88,Rei,0.9999997615814209,Rei,[1.000],"[0.000, 0.000, 1.000, 0.000, 0.000, 0.000, 0.000]"
20.88,20.92,Rei,0.9999997615814209,Rei,[1.000],"[0.000, 0.000, 1.000, 0.000, 0.000, 0.000, 0.000]"
20.92,20.96,Rei,0.9999997615814209,Rei,[1.000],"[0.000, 0.000, 1.000, 0.000, 0.000, 0.000, 0.000]"
20.96,21.0,Rei,0.9999996423721313,Rei,[1.000],"[0.000, 0.000, 1.000, 0.000, 0.000, 0.000, 0.000]"
21.0,21.04,Rei,0.9999996423721313,Rei,[1.000],"[0.000, 0.000, 1.000, 0.000, 0.000, 0.000, 0.000]"
21.04,21.08,Rei,0.9999996423721313,Rei,[1.000],"[0.000, 0.000, 1.000, 0.000, 0.000, 0.000, 0.000]"
21.08,21.12,Rei,0.9999995231628418,Rei,[1.000],"[0.000, 0.000, 1.000, 0.000, 0.000, 0.000, 0.000]"
21.12,21.16,Rei,0.9999994039535522,Rei,[1.000],"[0.000, 0.000, 1.000, 0.000, 0.000, 0.000, 0.000]"
21.16,21.2,Rei,0.9999992847442627,Rei,[1.000],"[0.000, 0.000, 1.000, 0.000, 0.000, 0.000, 0.000]"
21.2,21.24,Rei,0.9999990463256836,Rei,[1.000],"[0.000, 0.000, 1.000, 0.000, 0.000, 0.000, 0.000]"
21.24,21.28,Rei,0.9999988079071045,Rei,[1.000],"[0.000, 0.000, 1.000, 0.000, 0.000, 0.000, 0.000]"
21.28,21.32,Rei,0.9999983310699463,Rei,[1.000],"[0.000, 0.000, 1.000, 0.000, 0.000, 0.000, 0.000]"
21.32,21.36,Rei,0.9999978542327881,Rei,[1.000],"[0.000, 0.000, 1.000, 0.000, 0.000, 0.000, 0.000]"
21.36,21.4,Rei,0.9999970197677612,Rei,[1.000],"[0.000, 0.000, 1.000, 0.000, 0.000, 0.000, 0.000]"
21.4,21.44,Rei,0.9999957084655762,Rei,[1.000],"[0.000, 0.000, 1.000, 0.000, 0.000, 0.000, 0.000]"
21.44,21.48,Rei,0.9999939203262329,Rei,[1.000],"[0.000, 0.000, 1.000, 0.000, 0.000, 0.000, 0.000]"
21.48,21.52,Rei,0.9999911785125732,Rei,[1.000],"[0.000, 0.000, 1.000, 0.000, 0.000, 0.000, 0.000]"
21.52,21.56,Rei,0.9999871253967285,Rei,[1.000],"[0.000, 0.000, 1.000, 0.000, 0.000, 0.000, 0.000]"
21.56,21.6,Rei,0.9999808073043823,Rei,[1.000],"[0.000, 0.000, 1.000, 0.000, 0.000, 0.000, 0.000]"
21.6,21.64,Rei,0.9999712705612183,Rei,[1.000],"[0.000, 0.000, 1.000, 0.000, 0.000, 0.000, 0.000]"
21.64,21.68,Rei,0.9999567270278931,Rei,[1.000],"[0.000, 0.000, 1.000, 0.000, 0.000, 0.000, 0.000]"
21.68,21.72,Rei,0.9999344348907471,Rei,[1.000],"[0.000, 0.000, 1.000, 0.000, 0.000, 0.000, 0.000]"
21.72,21.76,Rei,0.9999006986618042,Rei,[1.000],"[0.000, 0.000, 1.000, 0.000, 0.000, 0.000, 0.000]"
21.76,21.8,Rei,0.9998500347137451,Rei,[1.000],"[0.000, 0.000, 1.000, 0.000, 0.000, 0.000, 0.001]"
21.8,21.84,Rei,0.9997753500938416,Rei,[1.000],"[0.000, 0.000, 1.000, 0.000, 0.000, 0.000, 0.001]"
21.84,21.88,Rei,0.9996676445007324,Rei,[1.000],"[0.000, 0.000, 1.000, 0.000, 0.000, 0.000, 0.001]"
21.88,21.92,Rei,0.9995173215866089,Rei,[1.000],"[0.000, 0.000, 1.000, 0.000, 0.000, 0.000, 0.001]"
21.92,21.96,Rei,0.9993143081665039,Rei,[0.999],"[0.000, 0.000, 0.999, 0.000, 0.000, 0.000, 0.002]"
21.96,22.0,Rei,0.9990505576133728,Rei,[0.999],"[0.000, 0.000, 0.999, 0.000, 0.000, 0.000, 0.002]"
22.0,22.04,Rei,0.9987244009971619,Rei,[0.999],"[0.000, 0.000, 0.999, 0.000, 0.000, 0.000, 0.002]"
22.04,22.08,Rei,0.9983429908752441,Rei,[0.998],"[0.000, 0.000, 0.998, 0.000, 0.000, 0.000, 0.003]"
22.08,22.12,Rei,0.9979209303855896,Rei,[0.998],"[0.000, 0.000, 0.998, 0.000, 0.000, 0.000, 0.003]"
22.12,22.16,Rei,0.9974810481071472,Rei,[0.997],"[0.000, 0.000, 0.997, 0.000, 0.000, 0.000, 0.003]"
22.16,22.2,Rei,0.9970541000366211,Rei,[0.997],"[0.000, 0.000, 0.997, 0.000, 0.000, 0.000, 0.003]"
22.2,22.24,Rei,0.9966697096824646,Rei,[0.997],"[0.000, 0.000, 0.997, 0.000, 0.000, 0.000, 0.003]"
22.24,22.28,Rei,0.9963546991348267,Rei,[0.996],"[0.000, 0.000, 0.996, 0.000, 0.000, 0.000, 0.003]"
22.28,22.32,Rei,0.9961351156234741,Rei,[0.996],"[0.000, 0.000, 0.996, 0.000, 0.000, 0.000, 0.003]"
22.32,22.36,Rei,0.9960336089134216,Rei,[0.996],"[0.000, 0.000, 0.996, 0.000, 0.000, 0.000, 0.003]"
22.36,22.4,Rei,0.9960592985153198,Rei,[0.996],"[0.000, 0.000, 0.996, 0.000, 0.000, 0.000, 0.003]"
22.4,22.44,Rei,0.9962041974067688,Rei,[0.996],"[0.000, 0.000, 0.996, 0.000, 0.000, 0.000, 0.002]"
22.44,22.48,Rei,0.9964388608932495,Rei,[0.996],"[0.000, 0.000, 0.996, 0.000, 0.000, 0.000, 0.002]"
22.48,22.52,Rei,0.9967266321182251,Rei,[0.997],"[0.000, 0.000, 0.997, 0.000, 0.000, 0.000, 0.002]"
22.52,22.56,Rei,0.9970378875732422,Rei,[0.997],"[0.000, 0.000, 0.997, 0.000, 0.000, 0.000, 0.002]"
22.56,22.6,Rei,0.9973509311676025,Rei,[0.997],"[0.000, 0.000, 0.997, 0.000, 0.000, 0.000, 0.001]"
22.6,22.64,Rei,0.9976428151130676,Rei,[0.998],"[0.000, 0.000, 0.998, 0.000, 0.000, 0.000, 0.001]"
22.64,22.68,Rei,0.9979006052017212,Rei,[0.998],"[0.000, 0.000, 0.998, 0.000, 0.000, 0.000, 0.001]"
22.68,22.72,Rei,0.9981210827827454,Rei,[0.998],"[0.000, 0.000, 0.998, 0.000, 0.000, 0.000, 0.001]"
22.72,22.76,Rei,0.9983038902282715,Rei,[0.998],"[0.000, 0.000, 0.998, 0.000, 0.000, 0.000, 0.001]"
22.76,22.8,Rei,0.9984490871429443,Rei,[0.998],"[0.000, 0.000, 0.998, 0.000, 0.000, 0.000, 0.001]"
22.8,22.84,Rei,0.998557984828949,Rei,[0.999],"[0.000, 0.000, 0.999, 0.000, 0.000, 0.000, 0.001]"
22.84,22.88,Rei,0.9986341595649719,Rei,[0.999],"[0.000, 0.000, 0.999, 0.000, 0.000, 0.000, 0.001]"
22.88,22.92,Rei,0.9986802935600281,Rei,[0.999],"[0.000, 0.000, 0.999, 0.000, 0.000, 0.000, 0.001]"
22.92,22.96,Rei,0.9986972212791443,Rei,[0.999],"[0.000, 0.000, 0.999, 0.000, 0.000, 0.000, 0.001]"
22.96,23.0,Rei,0.9986869692802429,Rei,[0.999],"[0.000, 0.000, 0.999, 0.000, 0.000, 0.000, 0.001]"
23.0,23.04,Rei,0.9986541271209717,Rei,[0.999],"[0.000, 0.000, 0.999, 0.000, 0.000, 0.000, 0.001]"
23.04,23.08,Rei,0.9986007809638977,Rei,[0.999],"[0.000, 0.000, 0.999, 0.000, 0.000, 0.000, 0.001]"
23.08,23.12,Rei,0.9985278844833374,Rei,[0.999],"[0.000, 0.000, 0.999, 0.000, 0.000, 0.000, 0.001]"
23.12,23.16,Rei,0.998437225818634,Rei,[0.998],"[0.000, 0.000, 0.998, 0.000, 0.000, 0.000, 0.001]"
23.16,23.2,Rei,0.9983288645744324,Rei,[0.998],"[0.000, 0.000, 0.998, 0.000, 0.000, 0.000, 0.001]"
23.2,23.24,Rei,0.9982019662857056,Rei,[0.998],"[0.000, 0.000, 0.998, 0.000, 0.000, 0.000, 0.001]"
23.24,23.28,Rei,0.9980582594871521,Rei,[0.998],"[0.000, 0.000, 0.998, 0.000, 0.000, 0.000, 0.001]"
23.28,23.32,Rei,0.9978983402252197,Rei,[0.998],"[0.001, 0.000, 0.998, 0.000, 0.000, 0.000, 0.001]"
23.32,23.36,Rei,0.9977243542671204,Rei,[0.998],"[0.001, 0.000, 0.998, 0.000, 0.000, 0.000, 0.001]"
23.36,23.4,Rei,0.9975419044494629,Rei,[0.998],"[0.001, 0.000, 0.998, 0.000, 0.000, 0.000, 0.000]"
23.4,23.44,Rei,0.9973606467247009,Rei,[0.997],"[0.001, 0.000, 0.997, 0.000, 0.000, 0.000, 0.000]"
23.44,23.48,Rei,0.9971900582313538,Rei,[0.997],"[0.001, 0.000, 0.997, 0.000, 0.000, 0.000, 0.000]"
23.48,23.52,Rei,0.9970436692237854,Rei,[0.997],"[0.001, 0.000, 0.997, 0.000, 0.000, 0.000, 0.000]"
23.52,23.56,Rei,0.9969348907470703,Rei,[0.997],"[0.000, 0.000, 0.997, 0.000, 0.000, 0.000, 0.000]"
23.56,23.6,Rei,0.996874213218689,Rei,[0.997],"[0.000, 0.000, 0.997, 0.000, 0.000, 0.000, 0.000]"
23.6,23.64,Rei,0.9968630075454712,Rei,[0.997],"[0.000, 0.000, 0.997, 0.000, 0.000, 0.000, 0.000]"
23.64,23.68,Rei,0.9968968629837036,Rei,[0.997],"[0.000, 0.000, 0.997, 0.000, 0.000, 0.000, 0.000]"
23.68,23.72,Rei,0.9969698786735535,Rei,[0.997],"[0.000, 0.000, 0.997, 0.000, 0.000, 0.000, 0.000]"
23.72,23.76,Rei,0.9970779418945312,Rei,[0.997],"[0.000, 0.000, 0.997, 0.000, 0.000, 0.000, 0.000]"
23.76,23.8,Rei,0.9972153902053833,Rei,[0.997],"[0.000, 0.000, 0.997, 0.000, 0.000, 0.000, 0.000]"
23.8,23.84,Rei,0.9973737001419067,Rei,[0.997],"[0.000, 0.000, 0.997, 0.000, 0.000, 0.000, 0.000]"
23.84,23.88,Rei,0.9975396394729614,Rei,[0.998],"[0.000, 0.000, 0.998, 0.000, 0.000, 0.000, 0.000]"
23.88,23.92,Rei,0.9977018237113953,Rei,[0.998],"[0.000, 0.000, 0.998, 0.000, 0.000, 0.000, 0.000]"
23.92,23.96,Rei,0.9978510141372681,Rei,[0.998],"[0.000, 0.000, 0.998, 0.000, 0.000, 0.000, 0.000]"
23.96,24.0,Rei,0.997978150844574,Rei,[0.998],"[0.000, 0.000, 0.998, 0.000, 0.000, 0.000, 0.000]"
24.0,24.04,Rei,0.9980744123458862,Rei,[0.998],"[0.001, 0.000, 0.998, 0.000, 0.000, 0.000, 0.000]"
24.04,24.08,Rei,0.9981312155723572,Rei,[0.998],"[0.001, 0.000, 0.998, 0.000, 0.000, 0.000, 0.000]"
24.08,24.12,Rei,0.9981423616409302,Rei,[0.998],"[0.001, 0.000, 0.998, 0.000, 0.000, 0.000, 0.000]"
24.12,24.16,Rei,0.9981005787849426,Rei,[0.998],"[0.001, 0.000, 0.998, 0.000, 0.000, 0.000, 0.000]"
24.16,24.2,Rei,0.9979937076568604,Rei,[0.998],"[0.001, 0.000, 0.998, 0.000, 0.000, 0.000, 0.000]"
24.2,24.24,Rei,0.9978020787239075,Rei,[0.998],"[0.001, 0.000, 0.998, 0.000, 0.000, 0.000, 0.000]"
24.24,24.28,Rei,0.9974889755249023,Rei,[0.997],"[0.001, 0.000, 0.997, 0.000, 0.000, 0.000, 0.000]"
24.28,24.32,Rei,0.9969953298568726,Rei,[0.997],"[0.001, 0.000, 0.997, 0.000, 0.000, 0.000, 0.000]"
24.32,24.36,Rei,0.9962217807769775,Rei,[0.996],"[0.001, 0.000, 0.996, 0.000, 0.000, 0.000, 0.000]"
24.36,24.4,Rei,0.9949942231178284,Rei,[0.995],"[0.001, 0.000, 0.995, 0.000, 0.000, 0.000, 0.000]"
24.4,24.44,Rei,0.9930069446563721,Rei,[0.993],"[0.002, 0.000, 0.993, 0.000, 0.000, 0.000, 0.000]"
24.44,24.48,Rei,0.9897067546844482,Rei,[0.990],"[0.002, 0.000, 0.990, 0.000, 0.000, 0.000, 0.000]"
24.48,24.52,Rei,0.9840723872184753,Rei,[0.984],"[0.003, 0.000, 0.984, 0.000, 0.000, 0.000, 0.000]"
24.52,24.56,Rei,0.9741976857185364,Rei,[0.974],"[0.004, 0.000, 0.974, 0.000, 0.000, 0.000, 0.000]"
24.56,24.6,Rei,0.9565283060073853,Rei,[0.957],"[0.005, 0.000, 0.957, 0.000, 0.000, 0.000, 0.000]"
24.6,24.64,Rei,0.9248332977294922,Rei,[0.925],"[0.006, 0.000, 0.925, 0.000, 0.000, 0.000, 0.000]"
24.64,24.68,Rei,0.8690683841705322,Rei,[0.869],"[0.009, 0.000, 0.869, 0.000, 0.000, 0.000, 0.000]"
24.68,24.72,Rei,0.7764610052108765,Rei,[0.776],"[0.012, 0.000, 0.776, 0.000, 0.000, 0.000, 0.000]"
24.72,24.76,Rei,0.6396136283874512,Rei,[0.640],"[0.018, 0.000, 0.640, 0.000, 0.000, 0.000, 0.000]"
24.76,24.8,silence,1.3197073712944984e-05,,[],"[0.026, 0.000, 0.471, 0.000, 0.000, 0.000, 0.000]"
24.8,24.84,silence,1.9247696400270797e-05,,[],"[0.041, 0.000, 0.308, 0.000, 0.000, 0.000, 0.000]"
24.84,24.88,silence,2.7715679607354105e-05,,[],"[0.064, 0.000, 0.181, 0.000, 0.000, 0.000, 0.000]"
24.88,24.92,silence,3.917448702850379e-05,,[],"[0.102, 0.000, 0.100, 0.000, 0.000, 0.000, 0.000]"
24.92,24.96,silence,5.415544001152739e-05,,[],"[0.161, 0.000, 0.054, 0.000, 0.000, 0.000, 0.000]"
24.96,25.0,silence,7.303443271666765e-05,,[],"[0.248, 0.000, 0.029, 0.000, 0.000, 0.000, 0.000]"
25.0,25.04,silence,9.595973824616522e-05,,[],"[0.367, 0.000, 0.015, 0.000, 0.000, 0.000, 0.000]"
25.04,25.08,silence,0.00012279899965506047,,[],"[0.508, 0.000, 0.008, 0.000, 0.000, 0.000, 0.000]"
25.08,25.12,Gaeul,0.6515480279922485,Gaeul,[0.652],"[0.652, 0.000, 0.005, 0.000, 0.000, 0.000, 0.000]"
25.12,25.16,Gaeul,0.7738736271858215,Gaeul,[0.774],"[0.774, 0.000, 0.003, 0.000, 0.000, 0.000, 0.000]"
25.16,25.2,Gaeul,0.8633659482002258,Gaeul,[0.863],"[0.863, 0.000, 0.002, 0.000, 0.000, 0.000, 0.000]"
25.2,25.24,Gaeul,0.9213135838508606,Gaeul,[0.921],"[0.921, 0.000, 0.001, 0.000, 0.000, 0.000, 0.000]"
25.24,25.28,Gaeul,0.9558826088905334,Gaeul,[0.956],"[0.956, 0.000, 0.001, 0.000, 0.000, 0.000, 0.000]"
25.28,25.32,Gaeul,0.975561797618866,Gaeul,[0.976],"[0.976, 0.000, 0.000, 0.000, 0.000, 0.000, 0.000]"
25.32,25.36,Gaeul,0.986506462097168,Gaeul,[0.987],"[0.987, 0.000, 0.000, 0.000, 0.000, 0.000, 0.000]"
25.36,25.4,Gaeul,0.9925164580345154,Gaeul,[0.993],"[0.993, 0.000, 0.000, 0.000, 0.000, 0.000, 0.000]"
25.4,25.44,Gaeul,0.9958091974258423,Gaeul,[0.996],"[0.996, 0.000, 0.000, 0.000, 0.000, 0.000, 0.000]"
25.44,25.48,Gaeul,0.9976176619529724,Gaeul,[0.998],"[0.998, 0.000, 0.000, 0.000, 0.000, 0.000, 0.000]"
25.48,25.52,Gaeul,0.9986211061477661,Gaeul,[0.999],"[0.999, 0.000, 0.000, 0.000, 0.000, 0.000, 0.000]"
25.52,25.56,Gaeul,0.9991862177848816,Gaeul,[0.999],"[0.999, 0.000, 0.000, 0.000, 0.000, 0.000, 0.000]"
25.56,25.6,Gaeul,0.9995104074478149,Gaeul,[1.000],"[1.000, 0.000, 0.000, 0.000, 0.000, 0.000, 0.000]"
25.6,25.64,Gaeul,0.9996999502182007,Gaeul,[1.000],"[1.000, 0.000, 0.000, 0.000, 0.000, 0.000, 0.000]"
25.64,25.68,Gaeul,0.9998127818107605,Gaeul,[1.000],"[1.000, 0.000, 0.000, 0.000, 0.000, 0.000, 0.000]"
25.68,25.72,Gaeul,0.9998811483383179,Gaeul,[1.000],"[1.000, 0.000, 0.000, 0.000, 0.000, 0.000, 0.000]"
25.72,25.76,Gaeul,0.999923586845398,Gaeul,[1.000],"[1.000, 0.000, 0.000, 0.000, 0.000, 0.000, 0.000]"
25.76,25.8,Gaeul,0.9999501705169678,Gaeul,[1.000],"[1.000, 0.000, 0.000, 0.000, 0.000, 0.000, 0.000]"
25.8,25.84,Gaeul,0.999967098236084,Gaeul,[1.000],"[1.000, 0.000, 0.000, 0.000, 0.000, 0.000, 0.000]"
25.84,25.88,Gaeul,0.9999780654907227,Gaeul,[1.000],"[1.000, 0.000, 0.000, 0.000, 0.000, 0.000, 0.000]"
25.88,25.92,Gaeul,0.9999852180480957,Gaeul,[1.000],"[1.000, 0.000, 0.000, 0.000, 0.000, 0.000, 0.001]"
25.92,25.96,Gaeul,0.9999898672103882,Gaeul,[1.000],"[1.000, 0.000, 0.000, 0.000, 0.000, 0.000, 0.001]"
25.96,26.0,Gaeul,0.999993085861206,Gaeul,[1.000],"[1.000, 0.000, 0.000, 0.000, 0.000, 0.000, 0.001]"
26.0,26.04,Gaeul,0.999995231628418,Gaeul,[1.000],"[1.000, 0.000, 0.000, 0.000, 0.000, 0.000, 0.001]"
26.04,26.08,Gaeul,0.9999966621398926,Gaeul,[1.000],"[1.000, 0.000, 0.000, 0.000, 0.000, 0.000, 0.001]"
26.08,26.12,Gaeul,0.999997615814209,Gaeul,[1.000],"[1.000, 0.000, 0.000, 0.000, 0.000, 0.000, 0.000]"
26.12,26.16,Gaeul,0.9999983310699463,Gaeul,[1.000],"[1.000, 0.000, 0.000, 0.000, 0.000, 0.000, 0.000]"
26.16,26.2,Gaeul,0.999998927116394,Gaeul,[1.000],"[1.000, 0.000, 0.000, 0.000, 0.000, 0.000, 0.000]"
26.2,26.24,Gaeul,0.9999992847442627,Gaeul,[1.000],"[1.000, 0.000, 0.000, 0.000, 0.000, 0.000, 0.000]"
26.24,26.28,Gaeul,0.9999995231628418,Gaeul,[1.000],"[1.000, 0.000, 0.000, 0.000, 0.000, 0.000, 0.000]"
26.28,26.32,Gaeul,0.9999996423721313,Gaeul,[1.000],"[1.000, 0.000, 0.000, 0.000, 0.000, 0.000, 0.000]"
26.32,26.36,Gaeul,0.9999997615814209,Gaeul,[1.000],"[1.000, 0.000, 0.000, 0.000, 0.000, 0.000, 0.000]"
26.36,26.4,Gaeul,0.9999998807907104,Gaeul,[1.000],"[1.000, 0.000, 0.000, 0.000, 0.000, 0.000, 0.000]"
26.4,26.44,Gaeul,0.9999998807907104,Gaeul,[1.000],"[1.000, 0.000, 0.000, 0.000, 0.000, 0.000, 0.000]"
26.44,26.48,Gaeul,1.0,Gaeul,[1.000],"[1.000, 0.000, 0.000, 0.000, 0.000, 0.000, 0.000]"
26.48,26.52,Gaeul,1.0,Gaeul,[1.000],"[1.000, 0.000, 0.000, 0.000, 0.000, 0.000, 0.000]"
26.52,26.56,Gaeul,1.0,Gaeul,[1.000],"[1.000, 0.000, 0.000, 0.000, 0.000, 0.000, 0.000]"
26.56,26.6,Gaeul,1.0,Gaeul,[1.000],"[1.000, 0.000, 0.000, 0.000, 0.000, 0.000, 0.000]"
26.6,26.64,Gaeul,1.0,Gaeul,[1.000],"[1.000, 0.000, 0.000, 0.000, 0.000, 0.000, 0.000]"
26.64,26.68,Gaeul,1.0,Gaeul,[1.000],"[1.000, 0.000, 0.000, 0.000, 0.000, 0.000, 0.000]"
26.68,26.72,Gaeul,1.0,Gaeul,[1.000],"[1.000, 0.000, 0.000, 0.000, 0.000, 0.000, 0.000]"
26.72,26.76,Gaeul,1.0,Gaeul,[1.000],"[1.000, 0.000, 0.000, 0.000, 0.000, 0.000, 0.000]"
26.76,26.8,Gaeul,1.0,Gaeul,[1.000],"[1.000, 0.000, 0.000, 0.000, 0.000, 0.000, 0.000]"
26.8,26.84,Gaeul,1.0,Gaeul,[1.000],"[1.000, 0.000, 0.000, 0.000, 0.000, 0.000, 0.000]"
26.84,26.88,Gaeul,1.0,Gaeul,[1.000],"[1.000, 0.000, 0.000, 0.000, 0.000, 0.000, 0.000]"
26.88,26.92,Gaeul,1.0,Gaeul,[1.000],"[1.000, 0.000, 0.000, 0.000, 0.000, 0.000, 0.000]"
26.92,26.96,Gaeul,1.0,Gaeul,[1.000],"[1.000, 0.000, 0.000, 0.000, 0.000, 0.000, 0.000]"
26.96,27.0,Gaeul,1.0,Gaeul,[1.000],"[1.000, 0.000, 0.000, 0.000, 0.000, 0.000, 0.000]"
27.0,27.04,Gaeul,1.0,Gaeul,[1.000],"[1.000, 0.000, 0.000, 0.000, 0.000, 0.000, 0.000]"
27.04,27.08,Gaeul,1.0,Gaeul,[1.000],"[1.000, 0.000, 0.000, 0.000, 0.000, 0.000, 0.000]"
27.08,27.12,Gaeul,1.0,Gaeul,[1.000],"[1.000, 0.000, 0.000, 0.000, 0.000, 0.000, 0.000]"
27.12,27.16,Gaeul,1.0,Gaeul,[1.000],"[1.000, 0.000, 0.000, 0.000, 0.000, 0.000, 0.000]"
27.16,27.2,Gaeul,1.0,Gaeul,[1.000],"[1.000, 0.000, 0.000, 0.000, 0.000, 0.000, 0.000]"
27.2,27.24,Gaeul,1.0,Gaeul,[1.000],"[1.000, 0.000, 0.000, 0.000, 0.000, 0.000, 0.000]"
27.24,27.28,Gaeul,1.0,Gaeul,[1.000],"[1.000, 0.000, 0.000, 0.000, 0.000, 0.000, 0.000]"
27.28,27.32,Gaeul,1.0,Gaeul,[1.000],"[1.000, 0.000, 0.000, 0.000, 0.000, 0.000, 0.000]"
27.32,27.36,Gaeul,1.0,Gaeul,[1.000],"[1.000, 0.000, 0.000, 0.000, 0.000, 0.000, 0.000]"
27.36,27.4,Gaeul,1.0,Gaeul,[1.000],"[1.000, 0.000, 0.000, 0.000, 0.000, 0.000, 0.000]"
27.4,27.44,Gaeul,1.0,Gaeul,[1.000],"[1.000, 0.000, 0.000, 0.000, 0.000, 0.000, 0.000]"
27.44,27.48,Gaeul,1.0,Gaeul,[1.000],"[1.000, 0.000, 0.000, 0.000, 0.000, 0.000, 0.000]"
27.48,27.52,Gaeul,1.0,Gaeul,[1.000],"[1.000, 0.000, 0.000, 0.000, 0.000, 0.000, 0.000]"
27.52,27.56,Gaeul,1.0,Gaeul,[1.000],"[1.000, 0.000, 0.000, 0.000, 0.000, 0.000, 0.000]"
27.56,27.6,Gaeul,1.0,Gaeul,[1.000],"[1.000, 0.000, 0.000, 0.000, 0.000, 0.000, 0.000]"
27.6,27.64,Gaeul,1.0,Gaeul,[1.000],"[1.000, 0.000, 0.000, 0.000, 0.000, 0.000, 0.000]"
27.64,27.68,Gaeul,1.0,Gaeul,[1.000],"[1.000, 0.000, 0.000, 0.000, 0.000, 0.000, 0.000]"
27.68,27.72,Gaeul,1.0,Gaeul,[1.000],"[1.000, 0.000, 0.000, 0.000, 0.000, 0.000, 0.000]"
27.72,27.76,Gaeul,1.0,Gaeul,[1.000],"[1.000, 0.000, 0.000, 0.000, 0.000, 0.000, 0.000]"
27.76,27.8,Gaeul,1.0,Gaeul,[1.000],"[1.000, 0.000, 0.000, 0.000, 0.000, 0.000, 0.000]"
27.8,27.84,Gaeul,1.0,Gaeul,[1.000],"[1.000, 0.000, 0.000, 0.000, 0.000, 0.000, 0.000]"
27.84,27.88,Gaeul,1.0,Gaeul,[1.000],"[1.000, 0.000, 0.000, 0.000, 0.000, 0.000, 0.000]"
27.88,27.92,Gaeul,1.0,Gaeul,[1.000],"[1.000, 0.000, 0.000, 0.000, 0.000, 0.000, 0.000]"
27.92,27.96,Gaeul,1.0,Gaeul,[1.000],"[1.000, 0.000, 0.000, 0.000, 0.000, 0.000, 0.000]"
27.96,28.0,Gaeul,1.0,Gaeul,[1.000],"[1.000, 0.000, 0.000, 0.000, 0.000, 0.000, 0.000]"
28.0,28.04,Gaeul,1.0,Gaeul,[1.000],"[1.000, 0.000, 0.000, 0.000, 0.000, 0.000, 0.000]"
28.04,28.08,Gaeul,1.0,Gaeul,[1.000],"[1.000, 0.000, 0.000, 0.000, 0.000, 0.000, 0.000]"
28.08,28.12,Gaeul,1.0,Gaeul,[1.000],"[1.000, 0.000, 0.000, 0.000, 0.000, 0.000, 0.000]"
28.12,28.16,Gaeul,1.0,Gaeul,[1.000],"[1.000, 0.000, 0.000, 0.000, 0.000, 0.000, 0.000]"
28.16,28.2,Gaeul,1.0,Gaeul,[1.000],"[1.000, 0.000, 0.000, 0.000, 0.000, 0.000, 0.000]"
28.2,28.24,Gaeul,1.0,Gaeul,[1.000],"[1.000, 0.000, 0.000, 0.000, 0.000, 0.000, 0.000]"
28.24,28.28,Gaeul,1.0,Gaeul,[1.000],"[1.000, 0.000, 0.000, 0.000, 0.000, 0.000, 0.000]"
28.28,28.32,Gaeul,1.0,Gaeul,[1.000],"[1.000, 0.000, 0.000, 0.000, 0.000, 0.000, 0.000]"
28.32,28.36,Gaeul,1.0,Gaeul,[1.000],"[1.000, 0.000, 0.000, 0.000, 0.000, 0.000, 0.000]"
28.36,28.4,Gaeul,1.0,Gaeul,[1.000],"[1.000, 0.000, 0.000, 0.000, 0.000, 0.000, 0.000]"
28.4,28.44,Gaeul,1.0,Gaeul,[1.000],"[1.000, 0.000, 0.000, 0.000, 0.000, 0.000, 0.000]"
28.44,28.48,Gaeul,1.0,Gaeul,[1.000],"[1.000, 0.000, 0.000, 0.000, 0.000, 0.000, 0.000]"
28.48,28.52,Gaeul,1.0,Gaeul,[1.000],"[1.000, 0.000, 0.000, 0.000, 0.000, 0.000, 0.000]"
28.52,28.56,Gaeul,1.0,Gaeul,[1.000],"[1.000, 0.000, 0.000, 0.000, 0.000, 0.000, 0.000]"
28.56,28.6,Gaeul,1.0,Gaeul,[1.000],"[1.000, 0.000, 0.000, 0.000, 0.000, 0.000, 0.000]"
28.6,28.64,Gaeul,1.0,Gaeul,[1.000],"[1.000, 0.000, 0.000, 0.000, 0.000, 0.000, 0.000]"
28.64,28.68,Gaeul,1.0,Gaeul,[1.000],"[1.000, 0.000, 0.000, 0.000, 0.000, 0.000, 0.000]"
28.68,28.72,Gaeul,1.0,Gaeul,[1.000],"[1.000, 0.000, 0.000, 0.000, 0.000, 0.000, 0.000]"
28.72,28.76,Gaeul,1.0,Gaeul,[1.000],"[1.000, 0.000, 0.000, 0.000, 0.000, 0.000, 0.000]"
28.76,28.8,Gaeul,1.0,Gaeul,[1.000],"[1.000, 0.000, 0.000, 0.000, 0.000, 0.000, 0.000]"
28.8,28.84,Gaeul,1.0,Gaeul,[1.000],"[1.000, 0.000, 0.000, 0.000, 0.000, 0.000, 0.000]"
28.84,28.88,Gaeul,1.0,Gaeul,[1.000],"[1.000, 0.000, 0.000, 0.000, 0.000, 0.000, 0.000]"
28.88,28.92,Gaeul,1.0,Gaeul,[1.000],"[1.000, 0.000, 0.000, 0.000, 0.000, 0.000, 0.000]"
28.92,28.96,Gaeul,1.0,Gaeul,[1.000],"[1.000, 0.000, 0.000, 0.000, 0.000, 0.000, 0.000]"
28.96,29.0,Gaeul,1.0,Gaeul,[1.000],"[1.000, 0.000, 0.000, 0.000, 0.000, 0.000, 0.000]"
29.0,29.04,Gaeul,1.0,Gaeul,[1.000],"[1.000, 0.000, 0.000, 0.000, 0.000, 0.000, 0.000]"
29.04,29.08,Gaeul,1.0,Gaeul,[1.000],"[1.000, 0.000, 0.000, 0.000, 0.000, 0.000, 0.000]"
29.08,29.12,Gaeul,1.0,Gaeul,[1.000],"[1.000, 0.000, 0.000, 0.000, 0.000, 0.000, 0.000]"
29.12,29.16,Gaeul,1.0,Gaeul,[1.000],"[1.000, 0.000, 0.000, 0.000, 0.000, 0.000, 0.000]"
29.16,29.2,Gaeul,1.0,Gaeul,[1.000],"[1.000, 0.000, 0.000, 0.000, 0.000, 0.000, 0.000]"
29.2,29.24,Gaeul,1.0,Gaeul,[1.000],"[1.000, 0.000, 0.000, 0.000, 0.000, 0.000, 0.000]"
29.24,29.28,Gaeul,1.0,Gaeul,[1.000],"[1.000, 0.000, 0.000, 0.000, 0.000, 0.000, 0.000]"
29.28,29.32,Gaeul,1.0,Gaeul,[1.000],"[1.000, 0.000, 0.000, 0.000, 0.000, 0.000, 0.000]"
29.32,29.36,Gaeul,1.0,Gaeul,[1.000],"[1.000, 0.000, 0.000, 0.000, 0.000, 0.000, 0.000]"
29.36,29.4,Gaeul,1.0,Gaeul,[1.000],"[1.000, 0.000, 0.000, 0.000, 0.000, 0.000, 0.000]"
29.4,29.44,Gaeul,1.0,Gaeul,[1.000],"[1.000, 0.000, 0.000, 0.000, 0.000, 0.000, 0.000]"
29.44,29.48,Gaeul,1.0,Gaeul,[1.000],"[1.000, 0.000, 0.000, 0.000, 0.000, 0.000, 0.000]"
29.48,29.52,Gaeul,1.0,Gaeul,[1.000],"[1.000, 0.000, 0.000, 0.000, 0.000, 0.000, 0.000]"
29.52,29.56,Gaeul,1.0,Gaeul,[1.000],"[1.000, 0.000, 0.000, 0.000, 0.000, 0.000, 0.000]"
29.56,29.6,Gaeul,1.0,Gaeul,[1.000],"[1.000, 0.000, 0.000, 0.000, 0.000, 0.000, 0.000]"
29.6,29.64,Gaeul,1.0,Gaeul,[1.000],"[1.000, 0.000, 0.000, 0.000, 0.000, 0.000, 0.000]"
29.64,29.68,Gaeul,1.0,Gaeul,[1.000],"[1.000, 0.000, 0.000, 0.000, 0.000, 0.000, 0.000]"
29.68,29.72,Gaeul,1.0,Gaeul,[1.000],"[1.000, 0.000, 0.000, 0.000, 0.000, 0.000, 0.000]"
29.72,29.76,Gaeul,1.0,Gaeul,[1.000],"[1.000, 0.000, 0.000, 0.000, 0.000, 0.000, 0.000]"
29.76,29.8,Gaeul,0.9999998807907104,Gaeul,[1.000],"[1.000, 0.000, 0.000, 0.000, 0.000, 0.000, 0.000]"
29.8,29.84,Gaeul,0.9999995231628418,Gaeul,[1.000],"[1.000, 0.000, 0.000, 0.000, 0.000, 0.000, 0.000]"
29.84,29.88,Gaeul,0.9999977350234985,Gaeul,[1.000],"[1.000, 0.000, 0.000, 0.000, 0.000, 0.000, 0.000]"
29.88,29.92,Gaeul,0.9999877214431763,Gaeul,[1.000],"[1.000, 0.000, 0.000, 0.000, 0.000, 0.000, 0.000]"
29.92,29.96,Gaeul,0.9999362230300903,Gaeul,[1.000],"[1.000, 0.000, 0.000, 0.000, 0.000, 0.000, 0.000]"
29.96,30.0,Gaeul,0.9996802806854248,Gaeul,[1.000],"[1.000, 0.000, 0.000, 0.000, 0.000, 0.000, 0.000]"
30.0,30.04,Gaeul,0.9984540939331055,Gaeul,[0.998],"[0.998, 0.000, 0.000, 0.000, 0.000, 0.000, 0.000]"
30.04,30.08,Gaeul,0.9928227663040161,Gaeul,[0.993],"[0.993, 0.000, 0.000, 0.000, 0.000, 0.000, 0.000]"
30.08,30.12,Gaeul,0.9686058163642883,Gaeul,[0.969],"[0.969, 0.000, 0.000, 0.000, 0.000, 0.000, 0.000]"
30.12,30.16,Gaeul,0.8780059814453125,Gaeul,[0.878],"[0.878, 0.000, 0.000, 0.000, 0.000, 0.000, 0.001]"
30.16,30.2,Gaeul,0.6385442614555359,Gaeul,[0.639],"[0.639, 0.000, 0.000, 0.000, 0.000, 0.000, 0.002]"
30.2,30.24,silence,0.0029292083345353603,,[],"[0.315, 0.000, 0.000, 0.000, 0.000, 0.000, 0.003]"
30.24,30.28,silence,0.005794658791273832,,[],"[0.114, 0.000, 0.000, 0.000, 0.000, 0.000, 0.006]"
30.28,30.32,silence,0.011535020545125008,,[],"[0.037, 0.000, 0.000, 0.000, 0.000, 0.000, 0.012]"
30.32,30.36,silence,0.02283196896314621,,[],"[0.012, 0.000, 0.000, 0.000, 0.000, 0.000, 0.023]"
30.36,30.4,silence,0.04425296559929848,,[],"[0.005, 0.000, 0.000, 0.000, 0.000, 0.000, 0.044]"
30.4,30.44,silence,0.08252178132534027,,[],"[0.002, 0.000, 0.000, 0.000, 0.000, 0.000, 0.083]"
30.44,30.48,silence,0.14509448409080505,,[],"[0.001, 0.000, 0.000, 0.000, 0.000, 0.000, 0.145]"
30.48,30.52,silence,0.23572982847690582,,[],"[0.000, 0.000, 0.000, 0.000, 0.000, 0.000, 0.236]"
30.52,30.56,silence,0.34885093569755554,,[],"[0.000, 0.000, 0.000, 0.000, 0.000, 0.000, 0.349]"
30.56,30.6,silence,0.46914106607437134,,[],"[0.000, 0.000, 0.000, 0.000, 0.000, 0.000, 0.469]"
30.6,30.64,silence,0.578956127166748,,[],"[0.000, 0.000, 0.000, 0.000, 0.000, 0.000, 0.579]"
30.64,30.68,silence,0.6672603487968445,silence,[0.667],"[0.000, 0.000, 0.000, 0.000, 0.000, 0.000, 0.667]"
30.68,30.72,silence,0.7318031191825867,silence,[0.732],"[0.000, 0.000, 0.000, 0.000, 0.000, 0.000, 0.732]"
30.72,30.76,silence,0.7753489017486572,silence,[0.775],"[0.000, 0.000, 0.000, 0.000, 0.000, 0.000, 0.775]"
30.76,30.8,silence,0.801984965801239,silence,[0.802],"[0.000, 0.000, 0.000, 0.000, 0.000, 0.000, 0.802]"
30.8,30.84,silence,0.8150796890258789,silence,[0.815],"[0.001, 0.000, 0.000, 0.000, 0.000, 0.000, 0.815]"
30.84,30.88,silence,0.8163744211196899,silence,[0.816],"[0.001, 0.000, 0.000, 0.000, 0.000, 0.000, 0.816]"
30.88,30.92,silence,0.8062873482704163,silence,[0.806],"[0.003, 0.000, 0.000, 0.000, 0.000, 0.000, 0.806]"
30.92,30.96,silence,0.7842651009559631,silence,[0.784],"[0.009, 0.000, 0.000, 0.000, 0.000, 0.000, 0.784]"
30.96,31.0,silence,0.7487116456031799,silence,[0.749],"[0.025, 0.000, 0.000, 0.000, 0.000, 0.000, 0.749]"
31.0,31.04,silence,0.6974714994430542,silence,[0.697],"[0.075, 0.000, 0.000, 0.000, 0.000, 0.000, 0.697]"
31.04,31.08,silence,0.6288118362426758,silence,[0.629],"[0.211, 0.000, 0.000, 0.000, 0.000, 0.000, 0.629]"
31.08,31.12,silence,0.5432721972465515,,[],"[0.483, 0.000, 0.000, 0.000, 0.000, 0.000, 0.543]"
31.12,31.16,Gaeul,0.769856333732605,Gaeul,[0.770],"[0.770, 0.000, 0.000, 0.000, 0.000, 0.000, 0.445]"
31.16,31.2,Gaeul,0.9238351583480835,Gaeul,[0.924],"[0.924, 0.000, 0.000, 0.000, 0.000, 0.000, 0.344]"
31.2,31.24,Gaeul,0.977543294429779,Gaeul,[0.978],"[0.978, 0.000, 0.000, 0.000, 0.000, 0.000, 0.251]"
31.24,31.28,Gaeul,0.9934346675872803,Gaeul,[0.993],"[0.993, 0.000, 0.000, 0.000, 0.000, 0.000, 0.174]"
31.28,31.32,Gaeul,0.9979998469352722,Gaeul,[0.998],"[0.998, 0.000, 0.000, 0.000, 0.000, 0.000, 0.117]"
31.32,31.36,Gaeul,0.9993502497673035,Gaeul,[0.999],"[0.999, 0.000, 0.000, 0.000, 0.000, 0.000, 0.077]"
31.36,31.4,Gaeul,0.9997712969779968,Gaeul,[1.000],"[1.000, 0.000, 0.000, 0.000, 0.000, 0.000, 0.050]"
31.4,31.44,Gaeul,0.9999117851257324,Gaeul,[1.000],"[1.000, 0.000, 0.000, 0.000, 0.000, 0.000, 0.033]"
31.44,31.48,Gaeul,0.999962329864502,Gaeul,[1.000],"[1.000, 0.000, 0.000, 0.000, 0.000, 0.000, 0.022]"
31.48,31.52,Gaeul,0.9999819993972778,Gaeul,[1.000],"[1.000, 0.000, 0.000, 0.000, 0.000, 0.000, 0.016]"
31.52,31.56,Gaeul,0.9999903440475464,Gaeul,[1.000],"[1.000, 0.000, 0.000, 0.000, 0.000, 0.000, 0.011]"
31.56,31.6,Gaeul,0.9999940395355225,Gaeul,[1.000],"[1.000, 0.000, 0.000, 0.000, 0.000, 0.000, 0.009]"
31.6,31.64,Gaeul,0.9999959468841553,Gaeul,[1.000],"[1.000, 0.000, 0.000, 0.000, 0.000, 0.000, 0.007]"
31.64,31.68,Gaeul,0.9999967813491821,Gaeul,[1.000],"[1.000, 0.000, 0.000, 0.000, 0.000, 0.000, 0.006]"
31.68,31.72,Gaeul,0.9999970197677612,Gaeul,[1.000],"[1.000, 0.000, 0.000, 0.000, 0.000, 0.000, 0.006]"
31.72,31.76,Gaeul,0.9999967813491821,Gaeul,[1.000],"[1.000, 0.000, 0.000, 0.000, 0.000, 0.000, 0.006]"
31.76,31.8,Gaeul,0.9999960660934448,Gaeul,[1.000],"[1.000, 0.000, 0.000, 0.000, 0.000, 0.000, 0.006]"
31.8,31.84,Gaeul,0.9999943971633911,Gaeul,[1.000],"[1.000, 0.000, 0.000, 0.000, 0.000, 0.000, 0.007]"
31.84,31.88,Gaeul,0.999990701675415,Gaeul,[1.000],"[1.000, 0.000, 0.000, 0.000, 0.000, 0.000, 0.008]"
31.88,31.92,Gaeul,0.9999822378158569,Gaeul,[1.000],"[1.000, 0.000, 0.000, 0.000, 0.000, 0.000, 0.010]"
31.92,31.96,Gaeul,0.9999613761901855,Gaeul,[1.000],"[1.000, 0.000, 0.000, 0.000, 0.000, 0.000, 0.014]"
31.96,32.0,Gaeul,0.9999059438705444,Gaeul,[1.000],"[1.000, 0.000, 0.000, 0.000, 0.000, 0.000, 0.020]"
32.0,32.04,Gaeul,0.9997469782829285,Gaeul,[1.000],"[1.000, 0.000, 0.000, 0.000, 0.000, 0.000, 0.030]"
32.04,32.08,Gaeul,0.9992616772651672,Gaeul,[0.999],"[0.999, 0.000, 0.000, 0.000, 0.000, 0.000, 0.046]"
32.08,32.12,Gaeul,0.997702419757843,Gaeul,[0.998],"[0.998, 0.000, 0.000, 0.000, 0.000, 0.000, 0.072]"
32.12,32.16,Gaeul,0.9925060868263245,Gaeul,[0.993],"[0.993, 0.000, 0.000, 0.000, 0.000, 0.000, 0.113]"
32.16,32.2,Gaeul,0.9750146865844727,Gaeul,[0.975],"[0.975, 0.000, 0.000, 0.000, 0.000, 0.000, 0.174]"
32.2,32.24,Gaeul,0.9185404181480408,Gaeul,[0.919],"[0.919, 0.000, 0.000, 0.000, 0.000, 0.000, 0.259]"
32.24,32.28,Gaeul,0.7641618847846985,Gaeul,[0.764],"[0.764, 0.000, 0.000, 0.000, 0.000, 0.000, 0.368]"
32.28,32.32,silence,0.49111101031303406,,[],"[0.484, 0.000, 0.000, 0.000, 0.000, 0.000, 0.491]"
32.32,32.36,silence,0.6138768196105957,,[],"[0.217, 0.000, 0.000, 0.000, 0.000, 0.000, 0.614]"
32.36,32.4,silence,0.721908450126648,silence,[0.722],"[0.078, 0.000, 0.000, 0.000, 0.000, 0.000, 0.722]"
32.4,32.44,silence,0.8071634769439697,silence,[0.807],"[0.026, 0.000, 0.000, 0.000, 0.000, 0.000, 0.807]"
32.44,32.48,silence,0.8690654039382935,silence,[0.869],"[0.009, 0.000, 0.000, 0.000, 0.000, 0.000, 0.869]"
32.48,32.52,silence,0.9116207361221313,silence,[0.912],"[0.003, 0.000, 0.000, 0.000, 0.000, 0.000, 0.912]"
32.52,32.56,silence,0.9399280548095703,silence,[0.940],"[0.001, 0.000, 0.000, 0.000, 0.000, 0.000, 0.940]"
32.56,32.6,silence,0.9584643840789795,silence,[0.958],"[0.001, 0.000, 0.000, 0.000, 0.000, 0.000, 0.958]"
32.6,32.64,silence,0.9705722332000732,silence,[0.971],"[0.000, 0.000, 0.000, 0.000, 0.000, 0.000, 0.971]"
32.64,32.68,silence,0.9785841107368469,silence,[0.979],"[0.000, 0.000, 0.000, 0.000, 0.000, 0.000, 0.979]"
32.68,32.72,silence,0.9839923977851868,silence,[0.984],"[0.000, 0.000, 0.000, 0.000, 0.000, 0.000, 0.984]"
32.72,32.76,silence,0.9877289533615112,silence,[0.988],"[0.000, 0.000, 0.000, 0.000, 0.000, 0.000, 0.988]"
32.76,32.8,silence,0.9903604984283447,silence,[0.990],"[0.000, 0.000, 0.000, 0.000, 0.000, 0.000, 0.990]"
32.8,32.84,silence,0.9922370314598083,silence,[0.992],"[0.000, 0.000, 0.000, 0.000, 0.000, 0.000, 0.992]"
32.84,32.88,silence,0.9935803413391113,silence,[0.994],"[0.000, 0.000, 0.000, 0.000, 0.000, 0.000, 0.994]"
32.88,32.92,silence,0.9945313334465027,silence,[0.995],"[0.000, 0.000, 0.000, 0.000, 0.000, 0.000, 0.995]"
32.92,32.96,silence,0.9951794147491455,silence,[0.995],"[0.000, 0.000, 0.000, 0.000, 0.000, 0.000, 0.995]"
32.96,33.0,silence,0.9955857992172241,silence,[0.996],"[0.000, 0.000, 0.000, 0.000, 0.000, 0.000, 0.996]"
33.0,33.04,silence,0.9957894682884216,silence,[0.996],"[0.000, 0.000, 0.000, 0.000, 0.000, 0.000, 0.996]"
33.04,33.08,silence,0.9958066940307617,silence,[0.996],"[0.000, 0.000, 0.000, 0.000, 0.000, 0.000, 0.996]"
33.08,33.12,silence,0.9956257343292236,silence,[0.996],"[0.000, 0.000, 0.000, 0.000, 0.000, 0.000, 0.996]"
33.12,33.16,silence,0.9952099919319153,silence,[0.995],"[0.000, 0.000, 0.000, 0.000, 0.000, 0.000, 0.995]"
33.16,33.2,silence,0.9944842457771301,silence,[0.994],"[0.000, 0.000, 0.000, 0.000, 0.000, 0.000, 0.994]"
33.2,33.24,silence,0.9933157563209534,silence,[0.993],"[0.000, 0.000, 0.000, 0.000, 0.000, 0.000, 0.993]"
33.24,33.28,silence,0.9914793968200684,silence,[0.991],"[0.000, 0.000, 0.000, 0.000, 0.000, 0.000, 0.991]"
33.28,33.32,silence,0.988598108291626,silence,[0.989],"[0.000, 0.000, 0.000, 0.000, 0.000, 0.000, 0.989]"
33.32,33.36,silence,0.984010636806488,silence,[0.984],"[0.000, 0.000, 0.000, 0.000, 0.000, 0.000, 0.984]"
33.36,33.4,silence,0.9765401482582092,silence,[0.977],"[0.000, 0.000, 0.000, 0.000, 0.000, 0.000, 0.977]"
33.4,33.44,silence,0.9640910029411316,silence,[0.964],"[0.000, 0.000, 0.000, 0.000, 0.000, 0.000, 0.964]"
33.44,33.48,silence,0.9428813457489014,silence,[0.943],"[0.000, 0.000, 0.000, 0.000, 0.000, 0.000, 0.943]"
33.48,33.52,silence,0.9060547947883606,silence,[0.906],"[0.000, 0.000, 0.000, 0.000, 0.000, 0.000, 0.906]"
33.52,33.56,silence,0.8424204587936401,silence,[0.842],"[0.000, 0.000, 0.000, 0.000, 0.000, 0.000, 0.842]"
33.56,33.6,silence,0.737663745880127,silence,[0.738],"[0.000, 0.000, 0.000, 0.000, 0.000, 0.000, 0.738]"
33.6,33.64,silence,0.5843293070793152,silence,[0.584],"[0.000, 0.000, 0.000, 0.000, 0.000, 0.000, 0.584]"
33.64,33.68,silence,0.4011828303337097,,[],"[0.000, 0.001, 0.000, 0.000, 0.000, 0.000, 0.401]"
33.68,33.72,silence,0.23418065905570984,,[],"[0.000, 0.004, 0.000, 0.000, 0.000, 0.000, 0.234]"
33.72,33.76,silence,0.11860699951648712,,[],"[0.000, 0.014, 0.000, 0.000, 0.000, 0.000, 0.119]"
33.76,33.8,silence,0.054381441324949265,,[],"[0.000, 0.055, 0.000, 0.000, 0.000, 0.000, 0.054]"
33.8,33.84,silence,0.02350390888750553,,[],"[0.000, 0.194, 0.000, 0.000, 0.000, 0.000, 0.024]"
33.84,33.88,silence,0.009848573245108128,,[],"[0.000, 0.499, 0.000, 0.000, 0.000, 0.000, 0.010]"
33.88,33.92,Yujin,0.8034520745277405,Yujin,[0.803],"[0.000, 0.803, 0.000, 0.000, 0.000, 0.000, 0.004]"
33.92,33.96,Yujin,0.9424437284469604,Yujin,[0.942],"[0.000, 0.942, 0.000, 0.000, 0.000, 0.000, 0.002]"
33.96,34.0,Yujin,0.9843903183937073,Yujin,[0.984],"[0.000, 0.984, 0.000, 0.000, 0.000, 0.000, 0.001]"
34.0,34.04,Yujin,0.9956784844398499,Yujin,[0.996],"[0.000, 0.996, 0.000, 0.000, 0.000, 0.000, 0.000]"
34.04,34.08,Yujin,0.9987346529960632,Yujin,[0.999],"[0.000, 0.999, 0.000, 0.000, 0.000, 0.000, 0.000]"
34.08,34.12,Yujin,0.9996021389961243,Yujin,[1.000],"[0.000, 1.000, 0.000, 0.000, 0.000, 0.000, 0.000]"
34.12,34.16,Yujin,0.9998643398284912,Yujin,[1.000],"[0.000, 1.000, 0.000, 0.000, 0.000, 0.000, 0.000]"
34.16,34.2,Yujin,0.9999494552612305,Yujin,[1.000],"[0.000, 1.000, 0.000, 0.000, 0.000, 0.000, 0.000]"
34.2,34.24,Yujin,0.9999792575836182,Yujin,[1.000],"[0.000, 1.000, 0.000, 0.000, 0.000, 0.000, 0.000]"
34.24,34.28,Yujin,0.9999905824661255,Yujin,[1.000],"[0.000, 1.000, 0.000, 0.000, 0.000, 0.000, 0.000]"
34.28,34.32,Yujin,0.999995231628418,Yujin,[1.000],"[0.000, 1.000, 0.000, 0.000, 0.000, 0.000, 0.000]"
34.32,34.36,Yujin,0.9999972581863403,Yujin,[1.000],"[0.000, 1.000, 0.000, 0.000, 0.000, 0.000, 0.000]"
34.36,34.4,Yujin,0.9999983310699463,Yujin,[1.000],"[0.000, 1.000, 0.000, 0.000, 0.000, 0.000, 0.000]"
34.4,34.44,Yujin,0.9999988079071045,Yujin,[1.000],"[0.000, 1.000, 0.000, 0.000, 0.000, 0.000, 0.000]"
34.44,34.48,Yujin,0.9999990463256836,Yujin,[1.000],"[0.000, 1.000, 0.000, 0.000, 0.000, 0.000, 0.000]"
34.48,34.52,Yujin,0.9999991655349731,Yujin,[1.000],"[0.000, 1.000, 0.000, 0.000, 0.000, 0.000, 0.000]"
34.52,34.56,Yujin,0.9999992847442627,Yujin,[1.000],"[0.000, 1.000, 0.000, 0.000, 0.000, 0.000, 0.000]"
34.56,34.6,Yujin,0.9999992847442627,Yujin,[1.000],"[0.000, 1.000, 0.000, 0.000, 0.000, 0.000, 0.000]"
34.6,34.64,Yujin,0.9999992847442627,Yujin,[1.000],"[0.000, 1.000, 0.000, 0.000, 0.000, 0.000, 0.000]"
34.64,34.68,Yujin,0.9999991655349731,Yujin,[1.000],"[0.000, 1.000, 0.000, 0.000, 0.000, 0.000, 0.000]"
34.68,34.72,Yujin,0.999998927116394,Yujin,[1.000],"[0.000, 1.000, 0.000, 0.000, 0.000, 0.000, 0.000]"
34.72,34.76,Yujin,0.9999988079071045,Yujin,[1.000],"[0.000, 1.000, 0.000, 0.000, 0.000, 0.000, 0.000]"
34.76,34.8,Yujin,0.9999985694885254,Yujin,[1.000],"[0.000, 1.000, 0.000, 0.000, 0.000, 0.000, 0.000]"
34.8,34.84,Yujin,0.9999983310699463,Yujin,[1.000],"[0.000, 1.000, 0.000, 0.000, 0.000, 0.000, 0.000]"
34.84,34.88,Yujin,0.9999979734420776,Yujin,[1.000],"[0.000, 1.000, 0.000, 0.000, 0.000, 0.000, 0.000]"
34.88,34.92,Yujin,0.999997615814209,Yujin,[1.000],"[0.000, 1.000, 0.000, 0.000, 0.000, 0.000, 0.000]"
34.92,34.96,Yujin,0.9999973773956299,Yujin,[1.000],"[0.000, 1.000, 0.000, 0.000, 0.000, 0.000, 0.000]"
34.96,35.0,Yujin,0.9999971389770508,Yujin,[1.000],"[0.000, 1.000, 0.000, 0.000, 0.000, 0.000, 0.000]"
35.0,35.04,Yujin,0.9999969005584717,Yujin,[1.000],"[0.000, 1.000, 0.000, 0.000, 0.000, 0.000, 0.000]"
35.04,35.08,Yujin,0.9999967813491821,Yujin,[1.000],"[0.000, 1.000, 0.000, 0.000, 0.000, 0.000, 0.000]"
35.08,35.12,Yujin,0.9999966621398926,Yujin,[1.000],"[0.000, 1.000, 0.000, 0.000, 0.000, 0.000, 0.000]"
35.12,35.16,Yujin,0.9999966621398926,Yujin,[1.000],"[0.000, 1.000, 0.000, 0.000, 0.000, 0.000, 0.000]"
35.16,35.2,Yujin,0.9999967813491821,Yujin,[1.000],"[0.000, 1.000, 0.000, 0.000, 0.000, 0.000, 0.000]"
35.2,35.24,Yujin,0.9999969005584717,Yujin,[1.000],"[0.000, 1.000, 0.000, 0.000, 0.000, 0.000, 0.000]"
35.24,35.28,Yujin,0.9999971389770508,Yujin,[1.000],"[0.000, 1.000, 0.000, 0.000, 0.000, 0.000, 0.000]"
35.28,35.32,Yujin,0.9999973773956299,Yujin,[1.000],"[0.000, 1.000, 0.000, 0.000, 0.000, 0.000, 0.000]"
35.32,35.36,Yujin,0.999997615814209,Yujin,[1.000],"[0.000, 1.000, 0.000, 0.000, 0.000, 0.000, 0.000]"
35.36,35.4,Yujin,0.9999979734420776,Yujin,[1.000],"[0.000, 1.000, 0.000, 0.000, 0.000, 0.000, 0.000]"
35.4,35.44,Yujin,0.9999982118606567,Yujin,[1.000],"[0.000, 1.000, 0.000, 0.000, 0.000, 0.000, 0.000]"
35.44,35.48,Yujin,0.9999984502792358,Yujin,[1.000],"[0.000, 1.000, 0.000, 0.000, 0.000, 0.000, 0.000]"
35.48,35.52,Yujin,0.9999986886978149,Yujin,[1.000],"[0.000, 1.000, 0.000, 0.000, 0.000, 0.000, 0.000]"
35.52,35.56,Yujin,0.999998927116394,Yujin,[1.000],"[0.000, 1.000, 0.000, 0.000, 0.000, 0.000, 0.000]"
35.56,35.6,Yujin,0.9999990463256836,Yujin,[1.000],"[0.000, 1.000, 0.000, 0.000, 0.000, 0.000, 0.000]"
35.6,35.64,Yujin,0.9999991655349731,Yujin,[1.000],"[0.000, 1.000, 0.000, 0.000, 0.000, 0.000, 0.000]"
35.64,35.68,Yujin,0.9999992847442627,Yujin,[1.000],"[0.000, 1.000, 0.000, 0.000, 0.000, 0.000, 0.000]"
35.68,35.72,Yujin,0.9999992847442627,Yujin,[1.000],"[0.000, 1.000, 0.000, 0.000, 0.000, 0.000, 0.000]"
35.72,35.76,Yujin,0.9999994039535522,Yujin,[1.000],"[0.000, 1.000, 0.000, 0.000, 0.000, 0.000, 0.000]"
35.76,35.8,Yujin,0.9999994039535522,Yujin,[1.000],"[0.000, 1.000, 0.000, 0.000, 0.000, 0.000, 0.000]"
35.8,35.84,Yujin,0.9999994039535522,Yujin,[1.000],"[0.000, 1.000, 0.000, 0.000, 0.000, 0.000, 0.000]"
35.84,35.88,Yujin,0.9999994039535522,Yujin,[1.000],"[0.000, 1.000, 0.000, 0.000, 0.000, 0.000, 0.000]"
35.88,35.92,Yujin,0.9999994039535522,Yujin,[1.000],"[0.000, 1.000, 0.000, 0.000, 0.000, 0.000, 0.000]"
35.92,35.96,Yujin,0.9999994039535522,Yujin,[1.000],"[0.000, 1.000, 0.000, 0.000, 0.000, 0.000, 0.000]"
35.96,36.0,Yujin,0.9999992847442627,Yujin,[1.000],"[0.000, 1.000, 0.000, 0.000, 0.000, 0.000, 0.000]"
36.0,36.04,Yujin,0.9999992847442627,Yujin,[1.000],"[0.000, 1.000, 0.000, 0.000, 0.000, 0.000, 0.000]"
36.04,36.08,Yujin,0.9999991655349731,Yujin,[1.000],"[0.000, 1.000, 0.000, 0.000, 0.000, 0.000, 0.000]"
36.08,36.12,Yujin,0.9999990463256836,Yujin,[1.000],"[0.000, 1.000, 0.000, 0.000, 0.000, 0.000, 0.000]"
36.12,36.16,Yujin,0.999998927116394,Yujin,[1.000],"[0.000, 1.000, 0.000, 0.000, 0.000, 0.000, 0.000]"
36.16,36.2,Yujin,0.9999988079071045,Yujin,[1.000],"[0.000, 1.000, 0.000, 0.000, 0.000, 0.000, 0.000]"
36.2,36.24,Yujin,0.9999985694885254,Yujin,[1.000],"[0.000, 1.000, 0.000, 0.000, 0.000, 0.000, 0.000]"
36.24,36.28,Yujin,0.9999984502792358,Yujin,[1.000],"[0.000, 1.000, 0.000, 0.000, 0.000, 0.000, 0.000]"
36.28,36.32,Yujin,0.9999982118606567,Yujin,[1.000],"[0.000, 1.000, 0.000, 0.000, 0.000, 0.000, 0.000]"
36.32,36.36,Yujin,0.9999979734420776,Yujin,[1.000],"[0.000, 1.000, 0.000, 0.000, 0.000, 0.000, 0.000]"
36.36,36.4,Yujin,0.999997615814209,Yujin,[1.000],"[0.000, 1.000, 0.000, 0.000, 0.000, 0.000, 0.000]"
36.4,36.44,Yujin,0.9999973773956299,Yujin,[1.000],"[0.000, 1.000, 0.000, 0.000, 0.000, 0.000, 0.000]"
36.44,36.48,Yujin,0.9999971389770508,Yujin,[1.000],"[0.000, 1.000, 0.000, 0.000, 0.000, 0.000, 0.000]"
36.48,36.52,Yujin,0.9999969005584717,Yujin,[1.000],"[0.000, 1.000, 0.000, 0.000, 0.000, 0.000, 0.000]"
36.52,36.56,Yujin,0.999996542930603,Yujin,[1.000],"[0.000, 1.000, 0.000, 0.000, 0.000, 0.000, 0.000]"
36.56,36.6,Yujin,0.9999963045120239,Yujin,[1.000],"[0.000, 1.000, 0.000, 0.000, 0.000, 0.000, 0.000]"
36.6,36.64,Yujin,0.9999960660934448,Yujin,[1.000],"[0.000, 1.000, 0.000, 0.000, 0.000, 0.000, 0.000]"
36.64,36.68,Yujin,0.9999958276748657,Yujin,[1.000],"[0.000, 1.000, 0.000, 0.000, 0.000, 0.000, 0.000]"
36.68,36.72,Yujin,0.9999955892562866,Yujin,[1.000],"[0.000, 1.000, 0.000, 0.000, 0.000, 0.000, 0.000]"
36.72,36.76,Yujin,0.9999953508377075,Yujin,[1.000],"[0.000, 1.000, 0.000, 0.000, 0.000, 0.000, 0.000]"
36.76,36.8,Yujin,0.9999951124191284,Yujin,[1.000],"[0.000, 1.000, 0.000, 0.000, 0.000, 0.000, 0.000]"
36.8,36.84,Yujin,0.9999948740005493,Yujin,[1.000],"[0.000, 1.000, 0.000, 0.000, 0.000, 0.000, 0.000]"
36.84,36.88,Yujin,0.9999946355819702,Yujin,[1.000],"[0.000, 1.000, 0.000, 0.000, 0.000, 0.000, 0.000]"
36.88,36.92,Yujin,0.9999942779541016,Yujin,[1.000],"[0.000, 1.000, 0.000, 0.000, 0.000, 0.000, 0.000]"
36.92,36.96,Yujin,0.9999939203262329,Yujin,[1.000],"[0.000, 1.000, 0.000, 0.000, 0.000, 0.000, 0.000]"
36.96,37.0,Yujin,0.9999935626983643,Yujin,[1.000],"[0.000, 1.000, 0.000, 0.000, 0.000, 0.000, 0.000]"
37.0,37.04,Yujin,0.9999929666519165,Yujin,[1.000],"[0.000, 1.000, 0.000, 0.000, 0.000, 0.000, 0.000]"
37.04,37.08,Yujin,0.9999924898147583,Yujin,[1.000],"[0.000, 1.000, 0.000, 0.000, 0.000, 0.000, 0.000]"
37.08,37.12,Yujin,0.999991774559021,Yujin,[1.000],"[0.000, 1.000, 0.000, 0.000, 0.000, 0.000, 0.000]"
37.12,37.16,Yujin,0.9999909400939941,Yujin,[1.000],"[0.000, 1.000, 0.000, 0.000, 0.000, 0.000, 0.000]"
37.16,37.2,Yujin,0.9999899864196777,Yujin,[1.000],"[0.000, 1.000, 0.000, 0.000, 0.000, 0.000, 0.000]"
37.2,37.24,Yujin,0.9999887943267822,Yujin,[1.000],"[0.000, 1.000, 0.000, 0.000, 0.000, 0.000, 0.000]"
37.24,37.28,Yujin,0.9999872446060181,Yujin,[1.000],"[0.000, 1.000, 0.000, 0.000, 0.000, 0.000, 0.000]"
37.28,37.32,Yujin,0.9999852180480957,Yujin,[1.000],"[0.000, 1.000, 0.000, 0.000, 0.000, 0.000, 0.000]"
37.32,37.36,Yujin,0.9999825954437256,Yujin,[1.000],"[0.000, 1.000, 0.000, 0.000, 0.000, 0.000, 0.000]"
37.36,37.4,Yujin,0.9999792575836182,Yujin,[1.000],"[0.000, 1.000, 0.000, 0.000, 0.000, 0.000, 0.000]"
37.4,37.44,Yujin,0.9999748468399048,Yujin,[1.000],"[0.000, 1.000, 0.000, 0.000, 0.000, 0.000, 0.000]"
37.44,37.48,Yujin,0.9999691247940063,Yujin,[1.000],"[0.000, 1.000, 0.000, 0.000, 0.000, 0.000, 0.000]"
37.48,37.52,Yujin,0.9999614953994751,Yujin,[1.000],"[0.000, 1.000, 0.000, 0.000, 0.000, 0.000, 0.000]"
37.52,37.56,Yujin,0.9999512434005737,Yujin,[1.000],"[0.000, 1.000, 0.000, 0.000, 0.000, 0.000, 0.000]"
37.56,37.6,Yujin,0.9999376535415649,Yujin,[1.000],"[0.000, 1.000, 0.000, 0.000, 0.000, 0.000, 0.000]"
37.6,37.64,Yujin,0.9999192953109741,Yujin,[1.000],"[0.000, 1.000, 0.000, 0.000, 0.000, 0.000, 0.000]"
37.64,37.68,Yujin,0.9998946189880371,Yujin,[1.000],"[0.000, 1.000, 0.000, 0.000, 0.000, 0.000, 0.000]"
37.68,37.72,Yujin,0.999861478805542,Yujin,[1.000],"[0.000, 1.000, 0.000, 0.000, 0.000, 0.000, 0.000]"
37.72,37.76,Yujin,0.9998176693916321,Yujin,[1.000],"[0.000, 1.000, 0.000, 0.000, 0.000, 0.000, 0.000]"
37.76,37.8,Yujin,0.9997598528862,Yujin,[1.000],"[0.000, 1.000, 0.000, 0.000, 0.000, 0.000, 0.000]"
37.8,37.84,Yujin,0.99968421459198,Yujin,[1.000],"[0.000, 1.000, 0.000, 0.000, 0.000, 0.000, 0.000]"
37.84,37.88,Yujin,0.9995847344398499,Yujin,[1.000],"[0.000, 1.000, 0.000, 0.000, 0.000, 0.000, 0.000]"
37.88,37.92,Yujin,0.999454915523529,Yujin,[0.999],"[0.000, 0.999, 0.000, 0.000, 0.000, 0.000, 0.000]"
37.92,37.96,Yujin,0.9992859959602356,Yujin,[0.999],"[0.000, 0.999, 0.000, 0.000, 0.000, 0.000, 0.000]"
37.96,38.0,Yujin,0.9990671277046204,Yujin,[0.999],"[0.000, 0.999, 0.000, 0.000, 0.000, 0.000, 0.000]"
38.0,38.04,Yujin,0.9987862706184387,Yujin,[0.999],"[0.000, 0.999, 0.000, 0.000, 0.000, 0.000, 0.000]"
38.04,38.08,Yujin,0.9984309077262878,Yujin,[0.998],"[0.000, 0.998, 0.000, 0.000, 0.000, 0.000, 0.000]"
38.08,38.12,Yujin,0.9979871511459351,Yujin,[0.998],"[0.000, 0.998, 0.000, 0.000, 0.000, 0.000, 0.000]"
38.12,38.16,Yujin,0.9974385499954224,Yujin,[0.997],"[0.000, 0.997, 0.000, 0.000, 0.000, 0.000, 0.000]"
38.16,38.2,Yujin,0.9967700242996216,Yujin,[0.997],"[0.000, 0.997, 0.000, 0.000, 0.001, 0.000, 0.000]"
38.2,38.24,Yujin,0.9959610104560852,Yujin,[0.996],"[0.000, 0.996, 0.000, 0.000, 0.001, 0.000, 0.000]"
38.24,38.28,Yujin,0.9949854612350464,Yujin,[0.995],"[0.000, 0.995, 0.000, 0.000, 0.001, 0.000, 0.000]"
38.28,38.32,Yujin,0.9938116073608398,Yujin,[0.994],"[0.000, 0.994, 0.000, 0.000, 0.001, 0.000, 0.001]"
38.32,38.36,Yujin,0.992389976978302,Yujin,[0.992],"[0.000, 0.992, 0.000, 0.000, 0.001, 0.000, 0.001]"
38.36,38.4,Yujin,0.9906662106513977,Yujin,[0.991],"[0.000, 0.991, 0.000, 0.000, 0.001, 0.000, 0.001]"
38.4,38.44,Yujin,0.9885922074317932,Yujin,[0.989],"[0.000, 0.989, 0.000, 0.000, 0.001, 0.000, 0.001]"
38.44,38.48,Yujin,0.9861300587654114,Yujin,[0.986],"[0.000, 0.986, 0.000, 0.000, 0.001, 0.000, 0.002]"
38.48,38.52,Yujin,0.9832906723022461,Yujin,[0.983],"[0.000, 0.983, 0.000, 0.000, 0.001, 0.000, 0.002]"
38.52,38.56,Yujin,0.9801310300827026,Yujin,[0.980],"[0.000, 0.980, 0.000, 0.000, 0.001, 0.000, 0.003]"
38.56,38.6,Yujin,0.9767877459526062,Yujin,[0.977],"[0.000, 0.977, 0.000, 0.000, 0.001, 0.000, 0.004]"
38.6,38.64,Yujin,0.9734082221984863,Yujin,[0.973],"[0.000, 0.973, 0.000, 0.000, 0.001, 0.000, 0.005]"
38.64,38.68,Yujin,0.970170795917511,Yujin,[0.970],"[0.000, 0.970, 0.000, 0.000, 0.001, 0.000, 0.007]"
38.68,38.72,Yujin,0.9672548770904541,Yujin,[0.967],"[0.000, 0.967, 0.000, 0.000, 0.001, 0.001, 0.009]"
38.72,38.76,Yujin,0.9648686051368713,Yujin,[0.965],"[0.000, 0.965, 0.000, 0.000, 0.001, 0.001, 0.011]"
38.76,38.8,Yujin,0.9632872939109802,Yujin,[0.963],"[0.000, 0.963, 0.000, 0.000, 0.001, 0.001, 0.013]"
38.8,38.84,Yujin,0.9627184867858887,Yujin,[0.963],"[0.000, 0.963, 0.000, 0.000, 0.001, 0.001, 0.015]"
38.84,38.88,Yujin,0.9632577300071716,Yujin,[0.963],"[0.000, 0.963, 0.000, 0.000, 0.001, 0.001, 0.017]"
38.88,38.92,Yujin,0.9648607969284058,Yujin,[0.965],"[0.000, 0.965, 0.000, 0.000, 0.001, 0.001, 0.018]"
38.92,38.96,Yujin,0.9673306345939636,Yujin,[0.967],"[0.000, 0.967, 0.000, 0.000, 0.001, 0.001, 0.019]"
38.96,39.0,Yujin,0.9704205989837646,Yujin,[0.970],"[0.000, 0.970, 0.000, 0.000, 0.001, 0.001, 0.019]"
39.0,39.04,Yujin,0.9738984704017639,Yujin,[0.974],"[0.000, 0.974, 0.000, 0.000, 0.000, 0.001, 0.019]"
39.04,39.08,Yujin,0.9774932861328125,Yujin,[0.977],"[0.000, 0.977, 0.000, 0.000, 0.000, 0.001, 0.018]"
39.08,39.12,Yujin,0.980983555316925,Yujin,[0.981],"[0.000, 0.981, 0.000, 0.000, 0.000, 0.000, 0.017]"
39.12,39.16,Yujin,0.9842202067375183,Yujin,[0.984],"[0.000, 0.984, 0.000, 0.000, 0.000, 0.000, 0.016]"
39.16,39.2,Yujin,0.9871054887771606,Yujin,[0.987],"[0.000, 0.987, 0.000, 0.000, 0.000, 0.000, 0.014]"
39.2,39.24,Yujin,0.989585816860199,Yujin,[0.990],"[0.000, 0.990, 0.000, 0.000, 0.000, 0.000, 0.012]"
39.24,39.28,Yujin,0.9916579127311707,Yujin,[0.992],"[0.000, 0.992, 0.000, 0.000, 0.000, 0.000, 0.011]"
39.28,39.32,Yujin,0.9933634996414185,Yujin,[0.993],"[0.000, 0.993, 0.000, 0.000, 0.000, 0.000, 0.009]"
39.32,39.36,Yujin,0.994750440120697,Yujin,[0.995],"[0.000, 0.995, 0.000, 0.000, 0.000, 0.000, 0.008]"
39.36,39.4,Yujin,0.9958613514900208,Yujin,[0.996],"[0.000, 0.996, 0.000, 0.000, 0.000, 0.000, 0.006]"
39.4,39.44,Yujin,0.9967363476753235,Yujin,[0.997],"[0.000, 0.997, 0.000, 0.000, 0.000, 0.000, 0.005]"
39.44,39.48,Yujin,0.9974156618118286,Yujin,[0.997],"[0.000, 0.997, 0.000, 0.000, 0.000, 0.000, 0.004]"
39.48,39.52,Yujin,0.9979337453842163,Yujin,[0.998],"[0.000, 0.998, 0.000, 0.000, 0.000, 0.000, 0.004]"
39.52,39.56,Yujin,0.9983212351799011,Yujin,[0.998],"[0.000, 0.998, 0.000, 0.000, 0.000, 0.000, 0.003]"
39.56,39.6,Yujin,0.9986024498939514,Yujin,[0.999],"[0.000, 0.999, 0.000, 0.000, 0.000, 0.000, 0.003]"
39.6,39.64,Yujin,0.998796820640564,Yujin,[0.999],"[0.000, 0.999, 0.000, 0.000, 0.000, 0.000, 0.002]"
39.64,39.68,Yujin,0.9989199638366699,Yujin,[0.999],"[0.000, 0.999, 0.000, 0.000, 0.000, 0.000, 0.002]"
39.68,39.72,Yujin,0.9989840388298035,Yujin,[0.999],"[0.000, 0.999, 0.000, 0.000, 0.000, 0.000, 0.002]"
39.72,39.76,Yujin,0.9989927411079407,Yujin,[0.999],"[0.000, 0.999, 0.000, 0.000, 0.000, 0.000, 0.001]"
39.76,39.8,Yujin,0.9989418387413025,Yujin,[0.999],"[0.000, 0.999, 0.000, 0.000, 0.000, 0.000, 0.001]"
39.8,39.84,Yujin,0.9988143444061279,Yujin,[0.999],"[0.000, 0.999, 0.000, 0.000, 0.000, 0.000, 0.001]"
39.84,39.88,Yujin,0.9985729455947876,Yujin,[0.999],"[0.000, 0.999, 0.000, 0.000, 0.000, 0.000, 0.001]"
39.88,39.92,Yujin,0.9981441497802734,Yujin,[0.998],"[0.000, 0.998, 0.000, 0.000, 0.000, 0.000, 0.001]"
39.92,39.96,Yujin,0.9973741769790649,Yujin,[0.997],"[0.000, 0.997, 0.000, 0.000, 0.000, 0.000, 0.001]"
39.96,40.0,Yujin,0.995945155620575,Yujin,[0.996],"[0.000, 0.996, 0.000, 0.000, 0.000, 0.000, 0.002]"
40.0,40.04,Yujin,0.9931575655937195,Yujin,[0.993],"[0.000, 0.993, 0.000, 0.000, 0.000, 0.000, 0.002]"
40.04,40.08,Yujin,0.9873999357223511,Yujin,[0.987],"[0.000, 0.987, 0.000, 0.000, 0.000, 0.000, 0.002]"
40.08,40.12,Yujin,0.9748153686523438,Yujin,[0.975],"[0.000, 0.975, 0.000, 0.000, 0.000, 0.000, 0.003]"
40.12,40.16,Yujin,0.9460088610649109,Yujin,[0.946],"[0.000, 0.946, 0.000, 0.000, 0.000, 0.000, 0.003]"
40.16,40.2,Yujin,0.8793101906776428,Yujin,[0.879],"[0.000, 0.879, 0.000, 0.000, 0.000, 0.000, 0.004]"
40.2,40.24,Yujin,0.7364320158958435,Yujin,[0.736],"[0.000, 0.736, 0.000, 0.000, 0.000, 0.000, 0.005]"
40.24,40.28,silence,0.006927852984517813,,[],"[0.000, 0.499, 0.000, 0.000, 0.000, 0.000, 0.007]"
40.28,40.32,silence,0.008822713978588581,,[],"[0.000, 0.249, 0.000, 0.000, 0.000, 0.000, 0.009]"
40.32,40.36,silence,0.01107594184577465,,[],"[0.000, 0.094, 0.000, 0.000, 0.000, 0.000, 0.011]"
40.36,40.4,silence,0.013616953045129776,,[],"[0.000, 0.030, 0.000, 0.001, 0.000, 0.000, 0.014]"
40.4,40.44,silence,0.016309598460793495,,[],"[0.000, 0.009, 0.000, 0.001, 0.000, 0.000, 0.016]"
40.44,40.48,silence,0.018955979496240616,,[],"[0.000, 0.002, 0.000, 0.002, 0.000, 0.000, 0.019]"
40.48,40.52,silence,0.021310167387127876,,[],"[0.000, 0.001, 0.000, 0.004, 0.000, 0.000, 0.021]"
40.52,40.56,silence,0.023104127496480942,,[],"[0.000, 0.000, 0.000, 0.009, 0.000, 0.000, 0.023]"
40.56,40.6,silence,0.02412009984254837,,[],"[0.000, 0.000, 0.000, 0.019, 0.000, 0.000, 0.024]"
40.6,40.64,silence,0.02423020452260971,,[],"[0.000, 0.000, 0.000, 0.044, 0.000, 0.000, 0.024]"
40.64,40.68,silence,0.023419417440891266,,[],"[0.000, 0.000, 0.000, 0.099, 0.000, 0.000, 0.023]"
40.68,40.72,silence,0.021755937486886978,,[],"[0.000, 0.000, 0.000, 0.215, 0.000, 0.000, 0.022]"
40.72,40.76,silence,0.01941167190670967,,[],"[0.000, 0.000, 0.000, 0.410, 0.000, 0.000, 0.019]"
40.76,40.8,Wonyoung,0.6428955793380737,Wonyoung,[0.643],"[0.000, 0.000, 0.000, 0.643, 0.000, 0.000, 0.017]"
40.8,40.84,Wonyoung,0.8256209492683411,Wonyoung,[0.826],"[0.000, 0.000, 0.000, 0.826, 0.000, 0.000, 0.014]"
40.84,40.88,Wonyoung,0.9264065027236938,Wonyoung,[0.926],"[0.000, 0.000, 0.000, 0.926, 0.000, 0.000, 0.011]"
40.88,40.92,Wonyoung,0.9712571501731873,Wonyoung,[0.971],"[0.000, 0.000, 0.000, 0.971, 0.000, 0.000, 0.008]"
40.92,40.96,Wonyoung,0.9891809821128845,Wonyoung,[0.989],"[0.000, 0.000, 0.000, 0.989, 0.000, 0.000, 0.006]"
40.96,41.0,Wonyoung,0.9959976673126221,Wonyoung,[0.996],"[0.000, 0.000, 0.000, 0.996, 0.000, 0.000, 0.004]"
41.0,41.04,Wonyoung,0.9985312223434448,Wonyoung,[0.999],"[0.000, 0.000, 0.000, 0.999, 0.000, 0.000, 0.003]"
41.04,41.08,Wonyoung,0.999461829662323,Wonyoung,[0.999],"[0.000, 0.000, 0.000, 0.999, 0.000, 0.000, 0.002]"
41.08,41.12,Wonyoung,0.9998016953468323,Wonyoung,[1.000],"[0.000, 0.000, 0.000, 1.000, 0.000, 0.000, 0.001]"
41.12,41.16,Wonyoung,0.999925971031189,Wonyoung,[1.000],"[0.000, 0.000, 0.000, 1.000, 0.000, 0.000, 0.001]"
41.16,41.2,Wonyoung,0.9999719858169556,Wonyoung,[1.000],"[0.000, 0.000, 0.000, 1.000, 0.000, 0.000, 0.001]"
41.2,41.24,Wonyoung,0.9999891519546509,Wonyoung,[1.000],"[0.000, 0.000, 0.000, 1.000, 0.000, 0.000, 0.000]"
41.24,41.28,Wonyoung,0.9999955892562866,Wonyoung,[1.000],"[0.000, 0.000, 0.000, 1.000, 0.000, 0.000, 0.000]"
41.28,41.32,Wonyoung,0.9999982118606567,Wonyoung,[1.000],"[0.000, 0.000, 0.000, 1.000, 0.000, 0.000, 0.000]"
41.32,41.36,Wonyoung,0.9999991655349731,Wonyoung,[1.000],"[0.000, 0.000, 0.000, 1.000, 0.000, 0.000, 0.000]"
41.36,41.4,Wonyoung,0.9999996423721313,Wonyoung,[1.000],"[0.000, 0.000, 0.000, 1.000, 0.000, 0.000, 0.000]"
41.4,41.44,Wonyoung,0.9999998807907104,Wonyoung,[1.000],"[0.000, 0.000, 0.000, 1.000, 0.000, 0.000, 0.000]"
41.44,41.48,Wonyoung,0.9999998807907104,Wonyoung,[1.000],"[0.000, 0.000, 0.000, 1.000, 0.000, 0.000, 0.000]"
41.48,41.52,Wonyoung,1.0,Wonyoung,[1.000],"[0.000, 0.000, 0.000, 1.000, 0.000, 0.000, 0.000]"
41.52,41.56,Wonyoung,1.0,Wonyoung,[1.000],"[0.000, 0.000, 0.000, 1.000, 0.000, 0.000, 0.000]"
41.56,41.6,Wonyoung,1.0,Wonyoung,[1.000],"[0.000, 0.000, 0.000, 1.000, 0.000, 0.000, 0.000]"
41.6,41.64,Wonyoung,1.0,Wonyoung,[1.000],"[0.000, 0.000, 0.000, 1.000, 0.000, 0.000, 0.000]"
41.64,41.68,Wonyoung,1.0,Wonyoung,[1.000],"[0.000, 0.000, 0.000, 1.000, 0.000, 0.000, 0.000]"
41.68,41.72,Wonyoung,1.0,Wonyoung,[1.000],"[0.000, 0.000, 0.000, 1.000, 0.000, 0.000, 0.000]"
41.72,41.76,Wonyoung,1.0,Wonyoung,[1.000],"[0.000, 0.000, 0.000, 1.000, 0.000, 0.000, 0.000]"
41.76,41.8,Wonyoung,1.0,Wonyoung,[1.000],"[0.000, 0.000, 0.000, 1.000, 0.000, 0.000, 0.000]"
41.8,41.84,Wonyoung,1.0,Wonyoung,[1.000],"[0.000, 0.000, 0.000, 1.000, 0.000, 0.000, 0.000]"
41.84,41.88,Wonyoung,1.0,Wonyoung,[1.000],"[0.000, 0.000, 0.000, 1.000, 0.000, 0.000, 0.000]"
41.88,41.92,Wonyoung,1.0,Wonyoung,[1.000],"[0.000, 0.000, 0.000, 1.000, 0.000, 0.000, 0.000]"
41.92,41.96,Wonyoung,1.0,Wonyoung,[1.000],"[0.000, 0.000, 0.000, 1.000, 0.000, 0.000, 0.000]"
41.96,42.0,Wonyoung,1.0,Wonyoung,[1.000],"[0.000, 0.000, 0.000, 1.000, 0.000, 0.000, 0.000]"
42.0,42.04,Wonyoung,1.0,Wonyoung,[1.000],"[0.000, 0.000, 0.000, 1.000, 0.000, 0.000, 0.000]"
42.04,42.08,Wonyoung,1.0,Wonyoung,[1.000],"[0.000, 0.000, 0.000, 1.000, 0.000, 0.000, 0.000]"
42.08,42.12,Wonyoung,1.0,Wonyoung,[1.000],"[0.000, 0.000, 0.000, 1.000, 0.000, 0.000, 0.000]"
42.12,42.16,Wonyoung,1.0,Wonyoung,[1.000],"[0.000, 0.000, 0.000, 1.000, 0.000, 0.000, 0.000]"
42.16,42.2,Wonyoung,0.9999998807907104,Wonyoung,[1.000],"[0.000, 0.000, 0.000, 1.000, 0.000, 0.000, 0.000]"
42.2,42.24,Wonyoung,0.9999998807907104,Wonyoung,[1.000],"[0.000, 0.000, 0.000, 1.000, 0.000, 0.000, 0.000]"
42.24,42.28,Wonyoung,0.9999997615814209,Wonyoung,[1.000],"[0.000, 0.000, 0.000, 1.000, 0.000, 0.000, 0.000]"
42.28,42.32,Wonyoung,0.9999996423721313,Wonyoung,[1.000],"[0.000, 0.000, 0.000, 1.000, 0.000, 0.000, 0.000]"
42.32,42.36,Wonyoung,0.9999994039535522,Wonyoung,[1.000],"[0.000, 0.000, 0.000, 1.000, 0.000, 0.000, 0.000]"
42.36,42.4,Wonyoung,0.9999990463256836,Wonyoung,[1.000],"[0.000, 0.000, 0.000, 1.000, 0.000, 0.000, 0.000]"
42.4,42.44,Wonyoung,0.9999983310699463,Wonyoung,[1.000],"[0.000, 0.000, 0.000, 1.000, 0.000, 0.000, 0.000]"
42.44,42.48,Wonyoung,0.9999973773956299,Wonyoung,[1.000],"[0.000, 0.000, 0.000, 1.000, 0.000, 0.000, 0.000]"
42.48,42.52,Wonyoung,0.9999958276748657,Wonyoung,[1.000],"[0.000, 0.000, 0.000, 1.000, 0.000, 0.000, 0.000]"
42.52,42.56,Wonyoung,0.9999934434890747,Wonyoung,[1.000],"[0.000, 0.000, 0.000, 1.000, 0.000, 0.000, 0.000]"
42.56,42.6,Wonyoung,0.9999899864196777,Wonyoung,[1.000],"[0.000, 0.000, 0.000, 1.000, 0.000, 0.000, 0.001]"
42.6,42.64,Wonyoung,0.9999853372573853,Wonyoung,[1.000],"[0.000, 0.000, 0.000, 1.000, 0.000, 0.000, 0.001]"
42.64,42.68,Wonyoung,0.9999791383743286,Wonyoung,[1.000],"[0.000, 0.000, 0.000, 1.000, 0.000, 0.000, 0.001]"
42.68,42.72,Wonyoung,0.9999713897705078,Wonyoung,[1.000],"[0.000, 0.000, 0.000, 1.000, 0.000, 0.000, 0.001]"
42.72,42.76,Wonyoung,0.9999628067016602,Wonyoung,[1.000],"[0.000, 0.000, 0.000, 1.000, 0.000, 0.000, 0.001]"
42.76,42.8,Wonyoung,0.9999538660049438,Wonyoung,[1.000],"[0.000, 0.000, 0.000, 1.000, 0.000, 0.000, 0.001]"
42.8,42.84,Wonyoung,0.9999456405639648,Wonyoung,[1.000],"[0.000, 0.000, 0.000, 1.000, 0.000, 0.000, 0.000]"
42.84,42.88,Wonyoung,0.9999392032623291,Wonyoung,[1.000],"[0.000, 0.000, 0.000, 1.000, 0.000, 0.000, 0.000]"
42.88,42.92,Wonyoung,0.9999347925186157,Wonyoung,[1.000],"[0.000, 0.000, 0.000, 1.000, 0.000, 0.000, 0.000]"
42.92,42.96,Wonyoung,0.9999325275421143,Wonyoung,[1.000],"[0.000, 0.000, 0.000, 1.000, 0.000, 0.000, 0.000]"
42.96,43.0,Wonyoung,0.9999324083328247,Wonyoung,[1.000],"[0.000, 0.000, 0.000, 1.000, 0.000, 0.000, 0.000]"
43.0,43.04,Wonyoung,0.9999337196350098,Wonyoung,[1.000],"[0.000, 0.000, 0.000, 1.000, 0.000, 0.000, 0.000]"
43.04,43.08,Wonyoung,0.9999361038208008,Wonyoung,[1.000],"[0.000, 0.000, 0.000, 1.000, 0.000, 0.000, 0.000]"
43.08,43.12,Wonyoung,0.9999392032623291,Wonyoung,[1.000],"[0.000, 0.000, 0.000, 1.000, 0.000, 0.000, 0.000]"
43.12,43.16,Wonyoung,0.9999425411224365,Wonyoung,[1.000],"[0.000, 0.000, 0.000, 1.000, 0.000, 0.000, 0.000]"
43.16,43.2,Wonyoung,0.9999456405639648,Wonyoung,[1.000],"[0.000, 0.000, 0.000, 1.000, 0.000, 0.000, 0.000]"
43.2,43.24,Wonyoung,0.999948263168335,Wonyoung,[1.000],"[0.000, 0.000, 0.000, 1.000, 0.000, 0.000, 0.000]"
43.24,43.28,Wonyoung,0.9999498128890991,Wonyoung,[1.000],"[0.000, 0.000, 0.000, 1.000, 0.000, 0.000, 0.000]"
43.28,43.32,Wonyoung,0.9999496936798096,Wonyoung,[1.000],"[0.000, 0.000, 0.000, 1.000, 0.000, 0.000, 0.000]"
43.32,43.36,Wonyoung,0.9999475479125977,Wonyoung,[1.000],"[0.000, 0.000, 0.000, 1.000, 0.000, 0.000, 0.000]"
43.36,43.4,Wonyoung,0.9999426603317261,Wonyoung,[1.000],"[0.000, 0.000, 0.000, 1.000, 0.000, 0.000, 0.000]"
43.4,43.44,Wonyoung,0.999934196472168,Wonyoung,[1.000],"[0.000, 0.000, 0.000, 1.000, 0.000, 0.000, 0.000]"
43.44,43.48,Wonyoung,0.9999204874038696,Wonyoung,[1.000],"[0.000, 0.000, 0.000, 1.000, 0.000, 0.000, 0.000]"
43.48,43.52,Wonyoung,0.9998984336853027,Wonyoung,[1.000],"[0.000, 0.000, 0.000, 1.000, 0.000, 0.000, 0.000]"
43.52,43.56,Wonyoung,0.9998621940612793,Wonyoung,[1.000],"[0.000, 0.000, 0.000, 1.000, 0.000, 0.000, 0.000]"
43.56,43.6,Wonyoung,0.9998012185096741,Wonyoung,[1.000],"[0.000, 0.000, 0.000, 1.000, 0.000, 0.000, 0.000]"
43.6,43.64,Wonyoung,0.9996957778930664,Wonyoung,[1.000],"[0.000, 0.000, 0.000, 1.000, 0.000, 0.000, 0.000]"
43.64,43.68,Wonyoung,0.9995076656341553,Wonyoung,[1.000],"[0.000, 0.000, 0.000, 1.000, 0.000, 0.000, 0.001]"
43.68,43.72,Wonyoung,0.9991604089736938,Wonyoung,[0.999],"[0.000, 0.000, 0.000, 0.999, 0.000, 0.000, 0.001]"
43.72,43.76,Wonyoung,0.9984936714172363,Wonyoung,[0.998],"[0.000, 0.000, 0.000, 0.998, 0.000, 0.000, 0.001]"
43.76,43.8,Wonyoung,0.9971714615821838,Wonyoung,[0.997],"[0.000, 0.000, 0.000, 0.997, 0.000, 0.000, 0.002]"
43.8,43.84,Wonyoung,0.9944643378257751,Wonyoung,[0.994],"[0.000, 0.000, 0.000, 0.994, 0.000, 0.000, 0.003]"
43.84,43.88,Wonyoung,0.9887674450874329,Wonyoung,[0.989],"[0.000, 0.000, 0.000, 0.989, 0.000, 0.000, 0.005]"
43.88,43.92,Wonyoung,0.9765545129776001,Wonyoung,[0.977],"[0.000, 0.000, 0.000, 0.977, 0.000, 0.000, 0.008]"
43.92,43.96,Wonyoung,0.9503799080848694,Wonyoung,[0.950],"[0.000, 0.000, 0.000, 0.950, 0.000, 0.000, 0.013]"
43.96,44.0,Wonyoung,0.8959452509880066,Wonyoung,[0.896],"[0.000, 0.000, 0.000, 0.896, 0.000, 0.000, 0.021]"
44.0,44.04,Wonyoung,0.7921918034553528,Wonyoung,[0.792],"[0.000, 0.000, 0.000, 0.792, 0.000, 0.000, 0.035]"
44.04,44.08,Wonyoung,0.6268506646156311,Wonyoung,[0.627],"[0.000, 0.000, 0.000, 0.627, 0.000, 0.000, 0.057]"
44.08,44.12,silence,0.09093687683343887,,[],"[0.000, 0.000, 0.000, 0.427, 0.000, 0.000, 0.091]"
44.12,44.16,silence,0.14019615948200226,,[],"[0.000, 0.000, 0.000, 0.251, 0.000, 0.000, 0.140]"
44.16,44.2,silence,0.20634789764881134,,[],"[0.000, 0.000, 0.000, 0.134, 0.000, 0.000, 0.206]"
44.2,44.24,silence,0.287261962890625,,[],"[0.000, 0.000, 0.000, 0.069, 0.000, 0.000, 0.287]"
44.24,44.28,silence,0.37651512026786804,,[],"[0.000, 0.000, 0.000, 0.036, 0.000, 0.000, 0.377]"
44.28,44.32,silence,0.46517878770828247,,[],"[0.000, 0.000, 0.000, 0.020, 0.000, 0.000, 0.465]"
44.32,44.36,silence,0.5448840260505676,,[],"[0.000, 0.000, 0.000, 0.011, 0.000, 0.000, 0.545]"
44.36,44.4,silence,0.6103418469429016,,[],"[0.000, 0.000, 0.000, 0.007, 0.000, 0.000, 0.610]"
44.4,44.44,silence,0.6597317457199097,silence,[0.660],"[0.000, 0.000, 0.000, 0.005, 0.000, 0.000, 0.660]"
44.44,44.48,silence,0.693476140499115,silence,[0.693],"[0.000, 0.000, 0.000, 0.003, 0.000, 0.000, 0.693]"
44.48,44.52,silence,0.7128003239631653,silence,[0.713],"[0.000, 0.000, 0.000, 0.003, 0.000, 0.000, 0.713]"
44.52,44.56,silence,0.7186634540557861,silence,[0.719],"[0.000, 0.000, 0.000, 0.002, 0.000, 0.000, 0.719]"
44.56,44.6,silence,0.711230993270874,silence,[0.711],"[0.000, 0.000, 0.000, 0.002, 0.000, 0.000, 0.711]"
44.6,44.64,silence,0.6901083588600159,silence,[0.690],"[0.000, 0.000, 0.000, 0.003, 0.000, 0.000, 0.690]"
44.64,44.68,silence,0.6540504097938538,silence,[0.654],"[0.000, 0.000, 0.000, 0.004, 0.000, 0.000, 0.654]"
44.68,44.72,silence,0.6016132831573486,silence,[0.602],"[0.000, 0.000, 0.000, 0.005, 0.000, 0.000, 0.602]"
44.72,44.76,silence,0.5324780941009521,,[],"[0.000, 0.000, 0.000, 0.008, 0.000, 0.000, 0.532]"
44.76,44.8,silence,0.44905951619148254,,[],"[0.000, 0.000, 0.000, 0.014, 0.000, 0.000, 0.449]"
44.8,44.84,silence,0.3573753237724304,,[],"[0.000, 0.000, 0.000, 0.027, 0.000, 0.000, 0.357]"
44.84,44.88,silence,0.2666759788990021,,[],"[0.000, 0.000, 0.000, 0.056, 0.000, 0.000, 0.267]"
44.88,44.92,silence,0.18653300404548645,,[],"[0.000, 0.000, 0.000, 0.120, 0.000, 0.000, 0.187]"
44.92,44.96,silence,0.12327415496110916,,[],"[0.000, 0.000, 0.000, 0.249, 0.000, 0.000, 0.123]"
44.96,45.0,silence,0.07797776162624359,,[],"[0.000, 0.000, 0.000, 0.458, 0.000, 0.000, 0.078]"
45.0,45.04,Wonyoung,0.6889508366584778,Wonyoung,[0.689],"[0.000, 0.000, 0.000, 0.689, 0.000, 0.000, 0.048]"
45.04,45.08,Wonyoung,0.8548641204833984,Wonyoung,[0.855],"[0.000, 0.000, 0.000, 0.855, 0.000, 0.000, 0.029]"
45.08,45.12,Wonyoung,0.93977952003479,Wonyoung,[0.940],"[0.000, 0.000, 0.000, 0.940, 0.000, 0.000, 0.017]"
45.12,45.16,Wonyoung,0.9759365320205688,Wonyoung,[0.976],"[0.000, 0.000, 0.000, 0.976, 0.000, 0.000, 0.011]"
45.16,45.2,Wonyoung,0.9902703762054443,Wonyoung,[0.990],"[0.000, 0.000, 0.000, 0.990, 0.000, 0.000, 0.007]"
45.2,45.24,Wonyoung,0.9959102869033813,Wonyoung,[0.996],"[0.000, 0.000, 0.000, 0.996, 0.000, 0.000, 0.004]"
45.24,45.28,Wonyoung,0.9981908202171326,Wonyoung,[0.998],"[0.000, 0.000, 0.000, 0.998, 0.000, 0.000, 0.003]"
45.28,45.32,Wonyoung,0.9991528987884521,Wonyoung,[0.999],"[0.000, 0.000, 0.000, 0.999, 0.000, 0.000, 0.002]"
45.32,45.36,Wonyoung,0.9995781779289246,Wonyoung,[1.000],"[0.000, 0.000, 0.000, 1.000, 0.000, 0.000, 0.001]"
45.36,45.4,Wonyoung,0.9997749924659729,Wonyoung,[1.000],"[0.000, 0.000, 0.000, 1.000, 0.000, 0.000, 0.001]"
45.4,45.44,Wonyoung,0.9998704195022583,Wonyoung,[1.000],"[0.000, 0.000, 0.000, 1.000, 0.000, 0.000, 0.001]"
45.44,45.48,Wonyoung,0.999919056892395,Wonyoung,[1.000],"[0.000, 0.000, 0.000, 1.000, 0.000, 0.000, 0.001]"
45.48,45.52,Wonyoung,0.9999450445175171,Wonyoung,[1.000],"[0.000, 0.000, 0.000, 1.000, 0.000, 0.000, 0.000]"
45.52,45.56,Wonyoung,0.9999593496322632,Wonyoung,[1.000],"[0.000, 0.000, 0.000, 1.000, 0.000, 0.000, 0.000]"
45.56,45.6,Wonyoung,0.999967098236084,Wonyoung,[1.000],"[0.000, 0.000, 0.000, 1.000, 0.000, 0.000, 0.000]"
45.6,45.64,Wonyoung,0.9999709129333496,Wonyoung,[1.000],"[0.000, 0.000, 0.000, 1.000, 0.000, 0.000, 0.000]"
45.64,45.68,Wonyoung,0.9999719858169556,Wonyoung,[1.000],"[0.000, 0.000, 0.000, 1.000, 0.000, 0.000, 0.000]"
45.68,45.72,Wonyoung,0.9999706745147705,Wonyoung,[1.000],"[0.000, 0.000, 0.000, 1.000, 0.000, 0.000, 0.000]"
45.72,45.76,Wonyoung,0.9999667406082153,Wonyoung,[1.000],"[0.000, 0.000, 0.000, 1.000, 0.000, 0.000, 0.000]"
45.76,45.8,Wonyoung,0.9999598264694214,Wonyoung,[1.000],"[0.000, 0.000, 0.000, 1.000, 0.000, 0.000, 0.000]"
45.8,45.84,Wonyoung,0.9999483823776245,Wonyoung,[1.000],"[0.000, 0.000, 0.000, 1.000, 0.000, 0.000, 0.000]"
45.84,45.88,Wonyoung,0.9999305009841919,Wonyoung,[1.000],"[0.000, 0.000, 0.000, 1.000, 0.000, 0.000, 0.000]"
45.88,45.92,Wonyoung,0.9999022483825684,Wonyoung,[1.000],"[0.000, 0.000, 0.000, 1.000, 0.000, 0.000, 0.000]"
45.92,45.96,Wonyoung,0.9998581409454346,Wonyoung,[1.000],"[0.000, 0.000, 0.000, 1.000, 0.000, 0.000, 0.001]"
45.96,46.0,Wonyoung,0.9997895359992981,Wonyoung,[1.000],"[0.000, 0.000, 0.000, 1.000, 0.000, 0.000, 0.001]"
46.0,46.04,Wonyoung,0.9996833801269531,Wonyoung,[1.000],"[0.000, 0.000, 0.000, 1.000, 0.000, 0.000, 0.001]"
46.04,46.08,Wonyoung,0.9995200634002686,Wonyoung,[1.000],"[0.000, 0.000, 0.000, 1.000, 0.000, 0.000, 0.001]"
46.08,46.12,Wonyoung,0.9992714524269104,Wonyoung,[0.999],"[0.000, 0.000, 0.000, 0.999, 0.001, 0.000, 0.001]"
46.12,46.16,Wonyoung,0.9988977909088135,Wonyoung,[0.999],"[0.000, 0.000, 0.000, 0.999, 0.001, 0.000, 0.001]"
46.16,46.2,Wonyoung,0.998346209526062,Wonyoung,[0.998],"[0.000, 0.000, 0.000, 0.998, 0.001, 0.000, 0.002]"
46.2,46.24,Wonyoung,0.9975519776344299,Wonyoung,[0.998],"[0.000, 0.000, 0.000, 0.998, 0.001, 0.000, 0.002]"
46.24,46.28,Wonyoung,0.9964445233345032,Wonyoung,[0.996],"[0.000, 0.000, 0.000, 0.996, 0.001, 0.000, 0.002]"
46.28,46.32,Wonyoung,0.9949513673782349,Wonyoung,[0.995],"[0.000, 0.000, 0.000, 0.995, 0.001, 0.000, 0.002]"
46.32,46.36,Wonyoung,0.9930087327957153,Wonyoung,[0.993],"[0.000, 0.000, 0.000, 0.993, 0.001, 0.000, 0.003]"
46.36,46.4,Wonyoung,0.9905763864517212,Wonyoung,[0.991],"[0.000, 0.000, 0.000, 0.991, 0.001, 0.000, 0.003]"
46.4,46.44,Wonyoung,0.9876432418823242,Wonyoung,[0.988],"[0.000, 0.000, 0.000, 0.988, 0.001, 0.000, 0.003]"
46.44,46.48,Wonyoung,0.9842259287834167,Wonyoung,[0.984],"[0.001, 0.000, 0.000, 0.984, 0.001, 0.000, 0.004]"
46.48,46.52,Wonyoung,0.9803398251533508,Wonyoung,[0.980],"[0.001, 0.000, 0.000, 0.980, 0.001, 0.000, 0.004]"
46.52,46.56,Wonyoung,0.9760504364967346,Wonyoung,[0.976],"[0.001, 0.000, 0.000, 0.976, 0.001, 0.000, 0.005]"
46.56,46.6,Wonyoung,0.971428632736206,Wonyoung,[0.971],"[0.001, 0.000, 0.000, 0.971, 0.001, 0.000, 0.005]"
46.6,46.64,Wonyoung,0.9666093587875366,Wonyoung,[0.967],"[0.001, 0.000, 0.000, 0.967, 0.001, 0.000, 0.006]"
46.64,46.68,Wonyoung,0.9617441892623901,Wonyoung,[0.962],"[0.001, 0.000, 0.000, 0.962, 0.001, 0.000, 0.006]"
46.68,46.72,Wonyoung,0.9570773839950562,Wonyoung,[0.957],"[0.001, 0.000, 0.000, 0.957, 0.001, 0.000, 0.007]"
46.72,46.76,Wonyoung,0.9529234766960144,Wonyoung,[0.953],"[0.001, 0.000, 0.000, 0.953, 0.001, 0.000, 0.007]"
46.76,46.8,Wonyoung,0.9496253728866577,Wonyoung,[0.950],"[0.001, 0.000, 0.000, 0.950, 0.000, 0.000, 0.008]"
46.8,46.84,Wonyoung,0.9473937749862671,Wonyoung,[0.947],"[0.001, 0.000, 0.000, 0.947, 0.000, 0.000, 0.009]"
46.84,46.88,Wonyoung,0.946357250213623,Wonyoung,[0.946],"[0.000, 0.000, 0.000, 0.946, 0.000, 0.000, 0.009]"
46.88,46.92,Wonyoung,0.9466052055358887,Wonyoung,[0.947],"[0.000, 0.000, 0.000, 0.947, 0.000, 0.000, 0.010]"
46.92,46.96,Wonyoung,0.9481697678565979,Wonyoung,[0.948],"[0.000, 0.000, 0.000, 0.948, 0.000, 0.000, 0.010]"
46.96,47.0,Wonyoung,0.9510248899459839,Wonyoung,[0.951],"[0.000, 0.000, 0.000, 0.951, 0.000, 0.000, 0.011]"
47.0,47.04,Wonyoung,0.9549700617790222,Wonyoung,[0.955],"[0.000, 0.000, 0.000, 0.955, 0.000, 0.000, 0.011]"
47.04,47.08,Wonyoung,0.959733784198761,Wonyoung,[0.960],"[0.000, 0.000, 0.000, 0.960, 0.000, 0.000, 0.011]"
47.08,47.12,Wonyoung,0.9650102257728577,Wonyoung,[0.965],"[0.000, 0.000, 0.000, 0.965, 0.000, 0.000, 0.010]"
47.12,47.16,Wonyoung,0.9704551100730896,Wonyoung,[0.970],"[0.000, 0.000, 0.000, 0.970, 0.000, 0.000, 0.010]"
47.16,47.2,Wonyoung,0.9757565259933472,Wonyoung,[0.976],"[0.000, 0.000, 0.000, 0.976, 0.000, 0.000, 0.009]"
47.2,47.24,Wonyoung,0.9806416630744934,Wonyoung,[0.981],"[0.000, 0.000, 0.000, 0.981, 0.000, 0.000, 0.008]"
47.24,47.28,Wonyoung,0.9849272966384888,Wonyoung,[0.985],"[0.000, 0.000, 0.000, 0.985, 0.000, 0.000, 0.007]"
47.28,47.32,Wonyoung,0.9885170459747314,Wonyoung,[0.989],"[0.000, 0.000, 0.000, 0.989, 0.000, 0.000, 0.007]"
47.32,47.36,Wonyoung,0.9914103150367737,Wonyoung,[0.991],"[0.000, 0.000, 0.000, 0.991, 0.000, 0.000, 0.006]"
47.36,47.4,Wonyoung,0.9936641454696655,Wonyoung,[0.994],"[0.000, 0.000, 0.000, 0.994, 0.000, 0.000, 0.005]"
47.4,47.44,Wonyoung,0.9953745007514954,Wonyoung,[0.995],"[0.000, 0.000, 0.000, 0.995, 0.000, 0.000, 0.004]"
47.44,47.48,Wonyoung,0.9966461062431335,Wonyoung,[0.997],"[0.000, 0.000, 0.000, 0.997, 0.000, 0.000, 0.003]"
47.48,47.52,Wonyoung,0.9975799322128296,Wonyoung,[0.998],"[0.000, 0.000, 0.000, 0.998, 0.000, 0.000, 0.003]"
47.52,47.56,Wonyoung,0.9982594847679138,Wonyoung,[0.998],"[0.000, 0.000, 0.000, 0.998, 0.000, 0.000, 0.002]"
47.56,47.6,Wonyoung,0.9987493753433228,Wonyoung,[0.999],"[0.000, 0.000, 0.000, 0.999, 0.000, 0.000, 0.002]"
47.6,47.64,Wonyoung,0.999099850654602,Wonyoung,[0.999],"[0.000, 0.000, 0.000, 0.999, 0.000, 0.000, 0.001]"
47.64,47.68,Wonyoung,0.9993492960929871,Wonyoung,[0.999],"[0.000, 0.000, 0.000, 0.999, 0.000, 0.000, 0.001]"
47.68,47.72,Wonyoung,0.9995275735855103,Wonyoung,[1.000],"[0.000, 0.000, 0.000, 1.000, 0.000, 0.000, 0.001]"
47.72,47.76,Wonyoung,0.99965500831604,Wonyoung,[1.000],"[0.000, 0.000, 0.000, 1.000, 0.000, 0.000, 0.001]"
47.76,47.8,Wonyoung,0.9997463822364807,Wonyoung,[1.000],"[0.000, 0.000, 0.000, 1.000, 0.000, 0.000, 0.001]"
47.8,47.84,Wonyoung,0.9998124241828918,Wonyoung,[1.000],"[0.000, 0.000, 0.000, 1.000, 0.000, 0.000, 0.000]"
47.84,47.88,Wonyoung,0.9998606443405151,Wonyoung,[1.000],"[0.000, 0.000, 0.000, 1.000, 0.000, 0.000, 0.000]"
47.88,47.92,Wonyoung,0.9998959302902222,Wonyoung,[1.000],"[0.000, 0.000, 0.000, 1.000, 0.000, 0.000, 0.000]"
47.92,47.96,Wonyoung,0.9999217987060547,Wonyoung,[1.000],"[0.000, 0.000, 0.000, 1.000, 0.000, 0.000, 0.000]"
47.96,48.0,Wonyoung,0.9999407529830933,Wonyoung,[1.000],"[0.000, 0.000, 0.000, 1.000, 0.000, 0.000, 0.000]"
48.0,48.04,Wonyoung,0.9999545812606812,Wonyoung,[1.000],"[0.000, 0.000, 0.000, 1.000, 0.000, 0.000, 0.000]"
48.04,48.08,Wonyoung,0.9999648332595825,Wonyoung,[1.000],"[0.000, 0.000, 0.000, 1.000, 0.000, 0.000, 0.000]"
48.08,48.12,Wonyoung,0.9999724626541138,Wonyoung,[1.000],"[0.000, 0.000, 0.000, 1.000, 0.000, 0.000, 0.000]"
48.12,48.16,Wonyoung,0.9999780654907227,Wonyoung,[1.000],"[0.000, 0.000, 0.000, 1.000, 0.000, 0.000, 0.000]"
48.16,48.2,Wonyoung,0.9999822378158569,Wonyoung,[1.000],"[0.000, 0.000, 0.000, 1.000, 0.000, 0.000, 0.000]"
48.2,48.24,Wonyoung,0.9999854564666748,Wonyoung,[1.000],"[0.000, 0.000, 0.000, 1.000, 0.000, 0.000, 0.000]"
48.24,48.28,Wonyoung,0.9999877214431763,Wonyoung,[1.000],"[0.000, 0.000, 0.000, 1.000, 0.000, 0.000, 0.000]"
48.28,48.32,Wonyoung,0.9999895095825195,Wonyoung,[1.000],"[0.000, 0.000, 0.000, 1.000, 0.000, 0.000, 0.000]"
48.32,48.36,Wonyoung,0.999990701675415,Wonyoung,[1.000],"[0.000, 0.000, 0.000, 1.000, 0.000, 0.000, 0.000]"
48.36,48.4,Wonyoung,0.9999915361404419,Wonyoung,[1.000],"[0.000, 0.000, 0.000, 1.000, 0.000, 0.000, 0.000]"
48.4,48.44,Wonyoung,0.9999920129776001,Wonyoung,[1.000],"[0.000, 0.000, 0.000, 1.000, 0.000, 0.000, 0.000]"
48.44,48.48,Wonyoung,0.9999922513961792,Wonyoung,[1.000],"[0.000, 0.000, 0.000, 1.000, 0.000, 0.000, 0.000]"
48.48,48.52,Wonyoung,0.9999921321868896,Wonyoung,[1.000],"[0.000, 0.000, 0.000, 1.000, 0.000, 0.000, 0.000]"
48.52,48.56,Wonyoung,0.9999915361404419,Wonyoung,[1.000],"[0.000, 0.000, 0.000, 1.000, 0.000, 0.000, 0.000]"
48.56,48.6,Wonyoung,0.9999904632568359,Wonyoung,[1.000],"[0.000, 0.000, 0.000, 1.000, 0.000, 0.000, 0.000]"
48.6,48.64,Wonyoung,0.9999887943267822,Wonyoung,[1.000],"[0.000, 0.000, 0.000, 1.000, 0.000, 0.000, 0.000]"
48.64,48.68,Wonyoung,0.9999858140945435,Wonyoung,[1.000],"[0.000, 0.000, 0.000, 1.000, 0.000, 0.000, 0.000]"
48.68,48.72,Wonyoung,0.999981164932251,Wonyoung,[1.000],"[0.000, 0.000, 0.000, 1.000, 0.000, 0.000, 0.000]"
48.72,48.76,Wonyoung,0.9999730587005615,Wonyoung,[1.000],"[0.000, 0.000, 0.000, 1.000, 0.000, 0.000, 0.000]"
48.76,48.8,Wonyoung,0.9999587535858154,Wonyoung,[1.000],"[0.000, 0.000, 0.000, 1.000, 0.000, 0.000, 0.000]"
48.8,48.84,Wonyoung,0.9999324083328247,Wonyoung,[1.000],"[0.000, 0.000, 0.000, 1.000, 0.000, 0.000, 0.000]"
48.84,48.88,Wonyoung,0.9998811483383179,Wonyoung,[1.000],"[0.000, 0.000, 0.000, 1.000, 0.000, 0.000, 0.000]"
48.88,48.92,Wonyoung,0.9997761845588684,Wonyoung,[1.000],"[0.000, 0.000, 0.000, 1.000, 0.000, 0.001, 0.000]"
48.92,48.96,Wonyoung,0.9995502829551697,Wonyoung,[1.000],"[0.000, 0.000, 0.000, 1.000, 0.000, 0.002, 0.000]"
48.96,49.0,Wonyoung,0.9990403056144714,Wonyoung,[0.999],"[0.000, 0.000, 0.000, 0.999, 0.000, 0.004, 0.000]"
49.0,49.04,Wonyoung,0.9978380799293518,Wonyoung,[0.998],"[0.000, 0.000, 0.000, 0.998, 0.000, 0.009, 0.000]"
49.04,49.08,Wonyoung,0.9948939085006714,Wonyoung,[0.995],"[0.000, 0.000, 0.000, 0.995, 0.000, 0.020, 0.000]"
49.08,49.12,Wonyoung,0.9874657988548279,Wonyoung,[0.987],"[0.000, 0.000, 0.000, 0.987, 0.000, 0.044, 0.000]"
49.12,49.16,Wonyoung,0.9684911966323853,Wonyoung,[0.968],"[0.000, 0.000, 0.000, 0.968, 0.000, 0.092, 0.000]"
49.16,49.2,Wonyoung,0.9209476113319397,Wonyoung,[0.921],"[0.000, 0.000, 0.000, 0.921, 0.000, 0.185, 0.000]"
49.2,49.24,Wonyoung,0.812007486820221,Wonyoung,[0.812],"[0.000, 0.000, 0.000, 0.812, 0.000, 0.335, 0.000]"
49.24,49.28,Wonyoung,0.6120939254760742,Wonyoung,[0.612],"[0.000, 0.000, 0.000, 0.612, 0.000, 0.527, 0.000]"
49.28,49.32,Leeseo,0.7073094844818115,Leeseo,[0.707],"[0.000, 0.000, 0.000, 0.364, 0.000, 0.707, 0.000]"
49.32,49.36,Leeseo,0.8376440405845642,Leeseo,[0.838],"[0.000, 0.000, 0.000, 0.172, 0.000, 0.838, 0.000]"
49.36,49.4,Leeseo,0.9151185154914856,Leeseo,[0.915],"[0.000, 0.000, 0.000, 0.070, 0.000, 0.915, 0.000]"
49.4,49.44,Leeseo,0.9564692378044128,Leeseo,[0.956],"[0.000, 0.000, 0.000, 0.027, 0.000, 0.956, 0.000]"
49.44,49.48,Leeseo,0.9775471687316895,Leeseo,[0.978],"[0.000, 0.000, 0.000, 0.011, 0.000, 0.978, 0.000]"
49.48,49.52,Leeseo,0.9881796836853027,Leeseo,[0.988],"[0.000, 0.000, 0.000, 0.004, 0.000, 0.988, 0.000]"
49.52,49.56,Leeseo,0.9935951828956604,Leeseo,[0.994],"[0.000, 0.000, 0.000, 0.002, 0.000, 0.994, 0.000]"
49.56,49.6,Leeseo,0.9964039325714111,Leeseo,[0.996],"[0.000, 0.000, 0.000, 0.001, 0.000, 0.996, 0.000]"
49.6,49.64,Leeseo,0.997892439365387,Leeseo,[0.998],"[0.000, 0.000, 0.000, 0.000, 0.000, 0.998, 0.000]"
49.64,49.68,Leeseo,0.9987015724182129,Leeseo,[0.999],"[0.000, 0.000, 0.000, 0.000, 0.000, 0.999, 0.000]"
49.68,49.72,Leeseo,0.9991546869277954,Leeseo,[0.999],"[0.000, 0.000, 0.000, 0.000, 0.000, 0.999, 0.000]"
49.72,49.76,Leeseo,0.9994155168533325,Leeseo,[0.999],"[0.000, 0.000, 0.000, 0.000, 0.000, 0.999, 0.000]"
49.76,49.8,Leeseo,0.9995694756507874,Leeseo,[1.000],"[0.000, 0.000, 0.000, 0.000, 0.000, 1.000, 0.000]"
49.8,49.84,Leeseo,0.9996620416641235,Leeseo,[1.000],"[0.000, 0.000, 0.000, 0.000, 0.000, 1.000, 0.000]"
49.84,49.88,Leeseo,0.9997166991233826,Leeseo,[1.000],"[0.000, 0.000, 0.000, 0.000, 0.000, 1.000, 0.000]"
49.88,49.92,Leeseo,0.9997463822364807,Leeseo,[1.000],"[0.000, 0.000, 0.000, 0.000, 0.000, 1.000, 0.000]"
49.92,49.96,Leeseo,0.9997574687004089,Leeseo,[1.000],"[0.000, 0.000, 0.000, 0.000, 0.000, 1.000, 0.000]"
49.96,50.0,Leeseo,0.999752938747406,Leeseo,[1.000],"[0.000, 0.000, 0.000, 0.000, 0.000, 1.000, 0.000]"
50.0,50.04,Leeseo,0.9997335076332092,Leeseo,[1.000],"[0.000, 0.000, 0.000, 0.000, 0.000, 1.000, 0.000]"
50.04,50.08,Leeseo,0.999697208404541,Leeseo,[1.000],"[0.000, 0.000, 0.000, 0.000, 0.000, 1.000, 0.000]"
50.08,50.12,Leeseo,0.9996401071548462,Leeseo,[1.000],"[0.000, 0.000, 0.000, 0.000, 0.000, 1.000, 0.000]"
50.12,50.16,Leeseo,0.9995552897453308,Leeseo,[1.000],"[0.000, 0.000, 0.000, 0.000, 0.000, 1.000, 0.000]"
50.16,50.2,Leeseo,0.9994328618049622,Leeseo,[0.999],"[0.000, 0.000, 0.000, 0.000, 0.000, 0.999, 0.000]"
50.2,50.24,Leeseo,0.9992613196372986,Leeseo,[0.999],"[0.000, 0.000, 0.000, 0.000, 0.000, 0.999, 0.000]"
50.24,50.28,Leeseo,0.9990262985229492,Leeseo,[0.999],"[0.000, 0.000, 0.000, 0.000, 0.000, 0.999, 0.000]"
50.28,50.32,Leeseo,0.9987130165100098,Leeseo,[0.999],"[0.000, 0.000, 0.000, 0.000, 0.000, 0.999, 0.000]"
50.32,50.36,Leeseo,0.9983091354370117,Leeseo,[0.998],"[0.000, 0.000, 0.000, 0.000, 0.000, 0.998, 0.000]"
50.36,50.4,Leeseo,0.997810423374176,Leeseo,[0.998],"[0.000, 0.000, 0.000, 0.000, 0.000, 0.998, 0.000]"
50.4,50.44,Leeseo,0.9972207546234131,Leeseo,[0.997],"[0.000, 0.000, 0.000, 0.000, 0.000, 0.997, 0.000]"
50.44,50.48,Leeseo,0.9965493679046631,Leeseo,[0.997],"[0.000, 0.000, 0.000, 0.000, 0.000, 0.997, 0.000]"
50.48,50.52,Leeseo,0.9958125948905945,Leeseo,[0.996],"[0.000, 0.000, 0.000, 0.000, 0.000, 0.996, 0.000]"
50.52,50.56,Leeseo,0.995039165019989,Leeseo,[0.995],"[0.000, 0.000, 0.000, 0.000, 0.000, 0.995, 0.000]"
50.56,50.6,Leeseo,0.9942647814750671,Leeseo,[0.994],"[0.000, 0.000, 0.000, 0.000, 0.000, 0.994, 0.000]"
50.6,50.64,Leeseo,0.9935296177864075,Leeseo,[0.994],"[0.000, 0.000, 0.000, 0.000, 0.000, 0.994, 0.000]"
50.64,50.68,Leeseo,0.9928848147392273,Leeseo,[0.993],"[0.000, 0.000, 0.000, 0.000, 0.000, 0.993, 0.000]"
50.68,50.72,Leeseo,0.9923970103263855,Leeseo,[0.992],"[0.000, 0.000, 0.000, 0.000, 0.000, 0.992, 0.000]"
50.72,50.76,Leeseo,0.9921262264251709,Leeseo,[0.992],"[0.000, 0.000, 0.000, 0.000, 0.000, 0.992, 0.000]"
50.76,50.8,Leeseo,0.9921122789382935,Leeseo,[0.992],"[0.000, 0.000, 0.000, 0.000, 0.000, 0.992, 0.000]"
50.8,50.84,Leeseo,0.9923601746559143,Leeseo,[0.992],"[0.000, 0.000, 0.000, 0.000, 0.000, 0.992, 0.000]"
50.84,50.88,Leeseo,0.9928568601608276,Leeseo,[0.993],"[0.000, 0.000, 0.000, 0.000, 0.000, 0.993, 0.000]"
50.88,50.92,Leeseo,0.9935546517372131,Leeseo,[0.994],"[0.000, 0.000, 0.000, 0.000, 0.000, 0.994, 0.000]"
50.92,50.96,Leeseo,0.9943819642066956,Leeseo,[0.994],"[0.000, 0.000, 0.000, 0.000, 0.000, 0.994, 0.000]"
50.96,51.0,Leeseo,0.9952627420425415,Leeseo,[0.995],"[0.000, 0.000, 0.000, 0.000, 0.000, 0.995, 0.000]"
51.0,51.04,Leeseo,0.9961259961128235,Leeseo,[0.996],"[0.000, 0.000, 0.000, 0.000, 0.000, 0.996, 0.000]"
51.04,51.08,Leeseo,0.9969203472137451,Leeseo,[0.997],"[0.000, 0.000, 0.000, 0.000, 0.000, 0.997, 0.000]"
51.08,51.12,Leeseo,0.9976122379302979,Leeseo,[0.998],"[0.000, 0.000, 0.000, 0.000, 0.000, 0.998, 0.000]"
51.12,51.16,Leeseo,0.9981873631477356,Leeseo,[0.998],"[0.000, 0.000, 0.000, 0.000, 0.000, 0.998, 0.000]"
51.16,51.2,Leeseo,0.998647153377533,Leeseo,[0.999],"[0.000, 0.000, 0.000, 0.000, 0.000, 0.999, 0.000]"
51.2,51.24,Leeseo,0.9990034699440002,Leeseo,[0.999],"[0.000, 0.000, 0.000, 0.000, 0.000, 0.999, 0.000]"
51.24,51.28,Leeseo,0.9992724061012268,Leeseo,[0.999],"[0.000, 0.000, 0.000, 0.000, 0.000, 0.999, 0.000]"
51.28,51.32,Leeseo,0.9994707703590393,Leeseo,[0.999],"[0.000, 0.000, 0.000, 0.000, 0.000, 0.999, 0.000]"
51.32,51.36,Leeseo,0.9996139407157898,Leeseo,[1.000],"[0.000, 0.000, 0.000, 0.000, 0.000, 1.000, 0.000]"
51.36,51.4,Leeseo,0.9997159838676453,Leeseo,[1.000],"[0.000, 0.000, 0.000, 0.000, 0.000, 1.000, 0.000]"
51.4,51.44,Leeseo,0.9997883439064026,Leeseo,[1.000],"[0.000, 0.000, 0.000, 0.000, 0.000, 1.000, 0.000]"
51.44,51.48,Leeseo,0.9998389482498169,Leeseo,[1.000],"[0.000, 0.000, 0.000, 0.000, 0.000, 1.000, 0.000]"
51.48,51.52,Leeseo,0.9998742341995239,Leeseo,[1.000],"[0.000, 0.000, 0.000, 0.000, 0.000, 1.000, 0.000]"
51.52,51.56,Leeseo,0.9998985528945923,Leeseo,[1.000],"[0.000, 0.000, 0.000, 0.000, 0.000, 1.000, 0.000]"
51.56,51.6,Leeseo,0.9999151229858398,Leeseo,[1.000],"[0.000, 0.000, 0.000, 0.000, 0.000, 1.000, 0.000]"
51.6,51.64,Leeseo,0.9999258518218994,Leeseo,[1.000],"[0.000, 0.000, 0.000, 0.000, 0.000, 1.000, 0.000]"
51.64,51.68,Leeseo,0.9999319314956665,Leeseo,[1.000],"[0.000, 0.000, 0.000, 0.000, 0.000, 1.000, 0.000]"
51.68,51.72,Leeseo,0.9999340772628784,Leeseo,[1.000],"[0.000, 0.000, 0.000, 0.000, 0.000, 1.000, 0.000]"
51.72,51.76,Leeseo,0.9999322891235352,Leeseo,[1.000],"[0.000, 0.000, 0.000, 0.000, 0.000, 1.000, 0.000]"
51.76,51.8,Leeseo,0.9999263286590576,Leeseo,[1.000],"[0.000, 0.000, 0.000, 0.000, 0.000, 1.000, 0.000]"
51.8,51.84,Leeseo,0.9999148845672607,Leeseo,[1.000],"[0.000, 0.000, 0.000, 0.000, 0.000, 1.000, 0.000]"
51.84,51.88,Leeseo,0.9998956918716431,Leeseo,[1.000],"[0.000, 0.000, 0.000, 0.000, 0.000, 1.000, 0.000]"
51.88,51.92,Leeseo,0.9998645782470703,Leeseo,[1.000],"[0.000, 0.000, 0.000, 0.000, 0.000, 1.000, 0.000]"
51.92,51.96,Leeseo,0.9998136162757874,Leeseo,[1.000],"[0.000, 0.000, 0.000, 0.000, 0.000, 1.000, 0.000]"
51.96,52.0,Leeseo,0.9997289776802063,Leeseo,[1.000],"[0.000, 0.000, 0.000, 0.000, 0.000, 1.000, 0.000]"
52.0,52.04,Leeseo,0.9995848536491394,Leeseo,[1.000],"[0.000, 0.000, 0.000, 0.000, 0.000, 1.000, 0.000]"
52.04,52.08,Leeseo,0.9993311166763306,Leeseo,[0.999],"[0.000, 0.000, 0.000, 0.000, 0.000, 0.999, 0.000]"
52.08,52.12,Leeseo,0.9988688826560974,Leeseo,[0.999],"[0.000, 0.000, 0.000, 0.000, 0.000, 0.999, 0.000]"
52.12,52.16,Leeseo,0.998004138469696,Leeseo,[0.998],"[0.000, 0.000, 0.000, 0.000, 0.000, 0.998, 0.000]"
52.16,52.2,Leeseo,0.9963427186012268,Leeseo,[0.996],"[0.000, 0.000, 0.000, 0.000, 0.000, 0.996, 0.000]"
52.2,52.24,Leeseo,0.993066668510437,Leeseo,[0.993],"[0.000, 0.000, 0.000, 0.000, 0.000, 0.993, 0.000]"
52.24,52.28,Leeseo,0.9864708781242371,Leeseo,[0.986],"[0.000, 0.000, 0.000, 0.000, 0.000, 0.986, 0.000]"
52.28,52.32,Leeseo,0.9731186628341675,Leeseo,[0.973],"[0.000, 0.000, 0.000, 0.000, 0.000, 0.973, 0.001]"
52.32,52.36,Leeseo,0.9465309977531433,Leeseo,[0.947],"[0.000, 0.000, 0.000, 0.000, 0.000, 0.947, 0.001]"
52.36,52.4,Leeseo,0.895979106426239,Leeseo,[0.896],"[0.000, 0.000, 0.000, 0.000, 0.000, 0.896, 0.003]"
52.4,52.44,Leeseo,0.8084170818328857,Leeseo,[0.808],"[0.000, 0.000, 0.000, 0.000, 0.000, 0.808, 0.005]"
52.44,52.48,Leeseo,0.6783783435821533,Leeseo,[0.678],"[0.000, 0.000, 0.000, 0.000, 0.000, 0.678, 0.011]"
52.48,52.52,silence,0.020638011395931244,,[],"[0.000, 0.000, 0.000, 0.000, 0.000, 0.522, 0.021]"
52.52,52.56,silence,0.038419317454099655,,[],"[0.000, 0.000, 0.000, 0.000, 0.000, 0.371, 0.038]"
52.56,52.6,silence,0.06742735952138901,,[],"[0.000, 0.000, 0.000, 0.000, 0.000, 0.253, 0.067]"
52.6,52.64,silence,0.11027683317661285,,[],"[0.000, 0.000, 0.000, 0.000, 0.000, 0.172, 0.110]"
52.64,52.68,silence,0.16673381626605988,,[],"[0.000, 0.000, 0.000, 0.000, 0.000, 0.121, 0.167]"
52.68,52.72,silence,0.23255079984664917,,[],"[0.000, 0.000, 0.000, 0.000, 0.000, 0.090, 0.233]"
52.72,52.76,silence,0.30020684003829956,,[],"[0.000, 0.000, 0.000, 0.000, 0.000, 0.071, 0.300]"
52.76,52.8,silence,0.3614506721496582,,[],"[0.000, 0.000, 0.000, 0.000, 0.000, 0.061, 0.361]"
52.8,52.84,silence,0.4101085364818573,,[],"[0.000, 0.000, 0.000, 0.000, 0.000, 0.056, 0.410]"
52.84,52.88,silence,0.44280266761779785,,[],"[0.000, 0.000, 0.000, 0.000, 0.000, 0.056, 0.443]"
52.88,52.92,silence,0.4581284523010254,,[],"[0.000, 0.000, 0.000, 0.000, 0.000, 0.060, 0.458]"
52.92,52.96,silence,0.4561581611633301,,[],"[0.000, 0.000, 0.000, 0.000, 0.000, 0.070, 0.456]"
52.96,53.0,silence,0.43722793459892273,,[],"[0.000, 0.000, 0.000, 0.000, 0.000, 0.088, 0.437]"
53.0,53.04,silence,0.40230271220207214,,[],"[0.000, 0.000, 0.000, 0.000, 0.000, 0.118, 0.402]"
53.04,53.08,silence,0.3536166846752167,,[],"[0.000, 0.000, 0.000, 0.000, 0.000, 0.167, 0.354]"
53.08,53.12,silence,0.29535582661628723,,[],"[0.000, 0.000, 0.000, 0.000, 0.000, 0.244, 0.295]"
53.12,53.16,silence,0.23337693512439728,,[],"[0.000, 0.000, 0.000, 0.000, 0.000, 0.357, 0.233]"
53.16,53.2,silence,0.17404590547084808,,[],"[0.000, 0.000, 0.000, 0.000, 0.000, 0.502, 0.174]"
53.2,53.24,Leeseo,0.6575663089752197,Leeseo,[0.658],"[0.000, 0.000, 0.000, 0.000, 0.000, 0.658, 0.123]"
53.24,53.28,Leeseo,0.7922351956367493,Leeseo,[0.792],"[0.000, 0.000, 0.000, 0.000, 0.000, 0.792, 0.082]"
53.28,53.32,Leeseo,0.8864673972129822,Leeseo,[0.886],"[0.000, 0.000, 0.000, 0.000, 0.000, 0.886, 0.052]"
53.32,53.36,Leeseo,0.9422773122787476,Leeseo,[0.942],"[0.000, 0.000, 0.000, 0.000, 0.000, 0.942, 0.032]"
53.36,53.4,Leeseo,0.9718908071517944,Leeseo,[0.972],"[0.000, 0.000, 0.000, 0.000, 0.000, 0.972, 0.019]"
53.4,53.44,Leeseo,0.9866001009941101,Leeseo,[0.987],"[0.000, 0.000, 0.000, 0.000, 0.000, 0.987, 0.011]"
53.44,53.48,Leeseo,0.9936507344245911,Leeseo,[0.994],"[0.000, 0.000, 0.000, 0.000, 0.000, 0.994, 0.007]"
53.48,53.52,Leeseo,0.9969781637191772,Leeseo,[0.997],"[0.000, 0.000, 0.000, 0.000, 0.000, 0.997, 0.004]"
53.52,53.56,Leeseo,0.9985449314117432,Leeseo,[0.999],"[0.000, 0.000, 0.000, 0.000, 0.000, 0.999, 0.002]"
53.56,53.6,Leeseo,0.9992867112159729,Leeseo,[0.999],"[0.000, 0.000, 0.000, 0.000, 0.000, 0.999, 0.001]"
53.6,53.64,Leeseo,0.9996418952941895,Leeseo,[1.000],"[0.000, 0.000, 0.000, 0.000, 0.000, 1.000, 0.001]"
53.64,53.68,Leeseo,0.9998152852058411,Leeseo,[1.000],"[0.000, 0.000, 0.000, 0.000, 0.000, 1.000, 0.000]"
53.68,53.72,Leeseo,0.9999017715454102,Leeseo,[1.000],"[0.000, 0.000, 0.000, 0.000, 0.000, 1.000, 0.000]"
53.72,53.76,Leeseo,0.9999459981918335,Leeseo,[1.000],"[0.000, 0.000, 0.000, 0.000, 0.000, 1.000, 0.000]"
53.76,53.8,Leeseo,0.9999693632125854,Leeseo,[1.000],"[0.000, 0.000, 0.000, 0.000, 0.000, 1.000, 0.000]"
53.8,53.84,Leeseo,0.9999819993972778,Leeseo,[1.000],"[0.000, 0.000, 0.000, 0.000, 0.000, 1.000, 0.000]"
53.84,53.88,Leeseo,0.9999889135360718,Leeseo,[1.000],"[0.000, 0.000, 0.000, 0.000, 0.000, 1.000, 0.000]"
53.88,53.92,Leeseo,0.9999929666519165,Leeseo,[1.000],"[0.000, 0.000, 0.000, 0.000, 0.000, 1.000, 0.000]"
53.92,53.96,Leeseo,0.9999953508377075,Leeseo,[1.000],"[0.000, 0.000, 0.000, 0.000, 0.000, 1.000, 0.000]"
53.96,54.0,Leeseo,0.9999967813491821,Leeseo,[1.000],"[0.000, 0.000, 0.000, 0.000, 0.000, 1.000, 0.000]"
54.0,54.04,Leeseo,0.9999977350234985,Leeseo,[1.000],"[0.000, 0.000, 0.000, 0.000, 0.000, 1.000, 0.000]"
54.04,54.08,Leeseo,0.9999983310699463,Leeseo,[1.000],"[0.000, 0.000, 0.000, 0.000, 0.000, 1.000, 0.000]"
54.08,54.12,Leeseo,0.9999986886978149,Leeseo,[1.000],"[0.000, 0.000, 0.000, 0.000, 0.000, 1.000, 0.000]"
54.12,54.16,Leeseo,0.9999990463256836,Leeseo,[1.000],"[0.000, 0.000, 0.000, 0.000, 0.000, 1.000, 0.000]"
54.16,54.2,Leeseo,0.9999991655349731,Leeseo,[1.000],"[0.000, 0.000, 0.000, 0.000, 0.000, 1.000, 0.000]"
54.2,54.24,Leeseo,0.9999992847442627,Leeseo,[1.000],"[0.000, 0.000, 0.000, 0.000, 0.000, 1.000, 0.000]"
54.24,54.28,Leeseo,0.9999994039535522,Leeseo,[1.000],"[0.000, 0.000, 0.000, 0.000, 0.000, 1.000, 0.000]"
54.28,54.32,Leeseo,0.9999995231628418,Leeseo,[1.000],"[0.000, 0.000, 0.000, 0.000, 0.000, 1.000, 0.000]"
54.32,54.36,Leeseo,0.9999996423721313,Leeseo,[1.000],"[0.000, 0.000, 0.000, 0.000, 0.000, 1.000, 0.000]"
54.36,54.4,Leeseo,0.9999996423721313,Leeseo,[1.000],"[0.000, 0.000, 0.000, 0.000, 0.000, 1.000, 0.000]"
54.4,54.44,Leeseo,0.9999996423721313,Leeseo,[1.000],"[0.000, 0.000, 0.000, 0.000, 0.000, 1.000, 0.000]"
54.44,54.48,Leeseo,0.9999996423721313,Leeseo,[1.000],"[0.000, 0.000, 0.000, 0.000, 0.000, 1.000, 0.000]"
54.48,54.52,Leeseo,0.9999997615814209,Leeseo,[1.000],"[0.000, 0.000, 0.000, 0.000, 0.000, 1.000, 0.000]"
54.52,54.56,Leeseo,0.9999997615814209,Leeseo,[1.000],"[0.000, 0.000, 0.000, 0.000, 0.000, 1.000, 0.000]"
54.56,54.6,Leeseo,0.9999997615814209,Leeseo,[1.000],"[0.000, 0.000, 0.000, 0.000, 0.000, 1.000, 0.000]"
54.6,54.64,Leeseo,0.9999997615814209,Leeseo,[1.000],"[0.000, 0.000, 0.000, 0.000, 0.000, 1.000, 0.000]"
54.64,54.68,Leeseo,0.9999997615814209,Leeseo,[1.000],"[0.000, 0.000, 0.000, 0.000, 0.000, 1.000, 0.000]"
54.68,54.72,Leeseo,0.9999996423721313,Leeseo,[1.000],"[0.000, 0.000, 0.000, 0.000, 0.000, 1.000, 0.000]"
54.72,54.76,Leeseo,0.9999996423721313,Leeseo,[1.000],"[0.000, 0.000, 0.000, 0.000, 0.000, 1.000, 0.000]"
54.76,54.8,Leeseo,0.9999995231628418,Leeseo,[1.000],"[0.000, 0.000, 0.000, 0.000, 0.000, 1.000, 0.000]"
54.8,54.84,Leeseo,0.9999995231628418,Leeseo,[1.000],"[0.000, 0.000, 0.000, 0.000, 0.000, 1.000, 0.000]"
54.84,54.88,Leeseo,0.9999994039535522,Leeseo,[1.000],"[0.000, 0.000, 0.000, 0.000, 0.000, 1.000, 0.000]"
54.88,54.92,Leeseo,0.9999991655349731,Leeseo,[1.000],"[0.000, 0.000, 0.000, 0.000, 0.000, 1.000, 0.000]"
54.92,54.96,Leeseo,0.999998927116394,Leeseo,[1.000],"[0.000, 0.000, 0.000, 0.000, 0.000, 1.000, 0.000]"
54.96,55.0,Leeseo,0.9999984502792358,Leeseo,[1.000],"[0.000, 0.000, 0.000, 0.000, 0.000, 1.000, 0.000]"
55.0,55.04,Leeseo,0.9999979734420776,Leeseo,[1.000],"[0.000, 0.000, 0.000, 0.000, 0.000, 1.000, 0.000]"
55.04,55.08,Leeseo,0.9999971389770508,Leeseo,[1.000],"[0.000, 0.000, 0.000, 0.000, 0.000, 1.000, 0.000]"
55.08,55.12,Leeseo,0.9999960660934448,Leeseo,[1.000],"[0.000, 0.000, 0.000, 0.000, 0.000, 1.000, 0.000]"
55.12,55.16,Leeseo,0.9999946355819702,Leeseo,[1.000],"[0.000, 0.000, 0.000, 0.000, 0.000, 1.000, 0.000]"
55.16,55.2,Leeseo,0.9999924898147583,Leeseo,[1.000],"[0.000, 0.000, 0.000, 0.000, 0.000, 1.000, 0.000]"
55.2,55.24,Leeseo,0.9999896287918091,Leeseo,[1.000],"[0.000, 0.000, 0.000, 0.000, 0.000, 1.000, 0.000]"
55.24,55.28,Leeseo,0.999985933303833,Leeseo,[1.000],"[0.000, 0.000, 0.000, 0.000, 0.000, 1.000, 0.000]"
55.28,55.32,Leeseo,0.999981164932251,Leeseo,[1.000],"[0.000, 0.000, 0.000, 0.000, 0.000, 1.000, 0.000]"
55.32,55.36,Leeseo,0.9999750852584839,Leeseo,[1.000],"[0.000, 0.000, 0.000, 0.000, 0.000, 1.000, 0.000]"
55.36,55.4,Leeseo,0.9999678134918213,Leeseo,[1.000],"[0.000, 0.000, 0.000, 0.000, 0.000, 1.000, 0.000]"
55.4,55.44,Leeseo,0.9999591112136841,Leeseo,[1.000],"[0.000, 0.000, 0.000, 0.000, 0.000, 1.000, 0.000]"
55.44,55.48,Leeseo,0.9999492168426514,Leeseo,[1.000],"[0.000, 0.000, 0.000, 0.000, 0.000, 1.000, 0.000]"
55.48,55.52,Leeseo,0.9999382495880127,Leeseo,[1.000],"[0.000, 0.000, 0.000, 0.000, 0.000, 1.000, 0.000]"
55.52,55.56,Leeseo,0.9999263286590576,Leeseo,[1.000],"[0.000, 0.000, 0.000, 0.000, 0.000, 1.000, 0.000]"
55.56,55.6,Leeseo,0.9999140501022339,Leeseo,[1.000],"[0.000, 0.000, 0.000, 0.000, 0.000, 1.000, 0.000]"
55.6,55.64,Leeseo,0.9999018907546997,Leeseo,[1.000],"[0.000, 0.000, 0.000, 0.000, 0.000, 1.000, 0.000]"
55.64,55.68,Leeseo,0.9998905658721924,Leeseo,[1.000],"[0.000, 0.000, 0.000, 0.000, 0.000, 1.000, 0.000]"
55.68,55.72,Leeseo,0.9998806715011597,Leeseo,[1.000],"[0.000, 0.000, 0.000, 0.000, 0.000, 1.000, 0.000]"
55.72,55.76,Leeseo,0.9998728036880493,Leeseo,[1.000],"[0.000, 0.000, 0.000, 0.000, 0.000, 1.000, 0.000]"
55.76,55.8,Leeseo,0.9998672008514404,Leeseo,[1.000],"[0.000, 0.000, 0.000, 0.000, 0.000, 1.000, 0.000]"
55.8,55.84,Leeseo,0.9998636245727539,Leeseo,[1.000],"[0.000, 0.000, 0.000, 0.000, 0.000, 1.000, 0.000]"
55.84,55.88,Leeseo,0.9998620748519897,Leeseo,[1.000],"[0.000, 0.000, 0.000, 0.000, 0.000, 1.000, 0.000]"
55.88,55.92,Leeseo,0.9998623132705688,Leeseo,[1.000],"[0.000, 0.000, 0.000, 0.000, 0.000, 1.000, 0.000]"
55.92,55.96,Leeseo,0.9998643398284912,Leeseo,[1.000],"[0.000, 0.000, 0.000, 0.000, 0.000, 1.000, 0.000]"
55.96,56.0,Leeseo,0.9998674392700195,Leeseo,[1.000],"[0.000, 0.000, 0.000, 0.000, 0.000, 1.000, 0.000]"
56.0,56.04,Leeseo,0.9998713731765747,Leeseo,[1.000],"[0.000, 0.000, 0.000, 0.000, 0.000, 1.000, 0.000]"
56.04,56.08,Leeseo,0.9998751878738403,Leeseo,[1.000],"[0.000, 0.000, 0.000, 0.000, 0.000, 1.000, 0.000]"
56.08,56.12,Leeseo,0.9998785257339478,Leeseo,[1.000],"[0.000, 0.000, 0.000, 0.000, 0.000, 1.000, 0.000]"
56.12,56.16,Leeseo,0.9998810291290283,Leeseo,[1.000],"[0.000, 0.000, 0.000, 0.000, 0.000, 1.000, 0.000]"
56.16,56.2,Leeseo,0.9998823404312134,Leeseo,[1.000],"[0.000, 0.000, 0.000, 0.000, 0.000, 1.000, 0.000]"
56.2,56.24,Leeseo,0.9998824596405029,Leeseo,[1.000],"[0.000, 0.000, 0.000, 0.000, 0.000, 1.000, 0.000]"
56.24,56.28,Leeseo,0.9998812675476074,Leeseo,[1.000],"[0.000, 0.000, 0.000, 0.000, 0.000, 1.000, 0.000]"
56.28,56.32,Leeseo,0.9998785257339478,Leeseo,[1.000],"[0.000, 0.000, 0.000, 0.000, 0.000, 1.000, 0.000]"
56.32,56.36,Leeseo,0.9998739957809448,Leeseo,[1.000],"[0.000, 0.000, 0.000, 0.000, 0.000, 1.000, 0.000]"
56.36,56.4,Leeseo,0.9998675584793091,Leeseo,[1.000],"[0.000, 0.000, 0.000, 0.000, 0.000, 1.000, 0.000]"
56.4,56.44,Leeseo,0.9998583793640137,Leeseo,[1.000],"[0.000, 0.000, 0.000, 0.000, 0.000, 1.000, 0.000]"
56.44,56.48,Leeseo,0.9998458623886108,Leeseo,[1.000],"[0.000, 0.000, 0.000, 0.000, 0.000, 1.000, 0.000]"
56.48,56.52,Leeseo,0.9998292922973633,Leeseo,[1.000],"[0.000, 0.000, 0.000, 0.000, 0.000, 1.000, 0.000]"
56.52,56.56,Leeseo,0.9998076558113098,Leeseo,[1.000],"[0.000, 0.000, 0.000, 0.000, 0.000, 1.000, 0.000]"
56.56,56.6,Leeseo,0.9997801184654236,Leeseo,[1.000],"[0.000, 0.000, 0.000, 0.000, 0.000, 1.000, 0.000]"
56.6,56.64,Leeseo,0.9997455477714539,Leeseo,[1.000],"[0.000, 0.000, 0.000, 0.000, 0.000, 1.000, 0.000]"
56.64,56.68,Leeseo,0.999702513217926,Leeseo,[1.000],"[0.000, 0.000, 0.000, 0.000, 0.000, 1.000, 0.000]"
56.68,56.72,Leeseo,0.9996492862701416,Leeseo,[1.000],"[0.000, 0.000, 0.000, 0.000, 0.000, 1.000, 0.000]"
56.72,56.76,Leeseo,0.9995836615562439,Leeseo,[1.000],"[0.000, 0.000, 0.000, 0.000, 0.000, 1.000, 0.000]"
56.76,56.8,Leeseo,0.9995018243789673,Leeseo,[1.000],"[0.000, 0.000, 0.000, 0.000, 0.000, 1.000, 0.000]"
56.8,56.84,Leeseo,0.9993972778320312,Leeseo,[0.999],"[0.000, 0.000, 0.000, 0.000, 0.000, 0.999, 0.000]"
56.84,56.88,Leeseo,0.9992614388465881,Leeseo,[0.999],"[0.000, 0.000, 0.000, 0.000, 0.000, 0.999, 0.000]"
56.88,56.92,Leeseo,0.9990838766098022,Leeseo,[0.999],"[0.000, 0.000, 0.000, 0.000, 0.000, 0.999, 0.000]"
56.92,56.96,Leeseo,0.9988491535186768,Leeseo,[0.999],"[0.000, 0.000, 0.000, 0.000, 0.000, 0.999, 0.000]"
56.96,57.0,Leeseo,0.9985346794128418,Leeseo,[0.999],"[0.000, 0.000, 0.000, 0.000, 0.000, 0.999, 0.000]"
57.0,57.04,Leeseo,0.9981108903884888,Leeseo,[0.998],"[0.000, 0.000, 0.000, 0.000, 0.000, 0.998, 0.000]"
57.04,57.08,Leeseo,0.9975394010543823,Leeseo,[0.998],"[0.000, 0.000, 0.000, 0.000, 0.000, 0.998, 0.000]"
57.08,57.12,Leeseo,0.996769905090332,Leeseo,[0.997],"[0.000, 0.000, 0.000, 0.000, 0.000, 0.997, 0.001]"
57.12,57.16,Leeseo,0.9957400560379028,Leeseo,[0.996],"[0.000, 0.000, 0.000, 0.000, 0.000, 0.996, 0.001]"
57.16,57.2,Leeseo,0.9943681359291077,Leeseo,[0.994],"[0.000, 0.000, 0.000, 0.000, 0.000, 0.994, 0.001]"
57.2,57.24,Leeseo,0.9925577640533447,Leeseo,[0.993],"[0.000, 0.000, 0.000, 0.000, 0.000, 0.993, 0.001]"
57.24,57.28,Leeseo,0.9901989698410034,Leeseo,[0.990],"[0.000, 0.000, 0.000, 0.000, 0.000, 0.990, 0.001]"
57.28,57.32,Leeseo,0.9871723055839539,Leeseo,[0.987],"[0.000, 0.000, 0.000, 0.000, 0.000, 0.987, 0.002]"
57.32,57.36,Leeseo,0.9833364486694336,Leeseo,[0.983],"[0.000, 0.000, 0.000, 0.000, 0.000, 0.983, 0.002]"
57.36,57.4,Leeseo,0.9785991907119751,Leeseo,[0.979],"[0.000, 0.000, 0.000, 0.000, 0.000, 0.979, 0.003]"
57.4,57.44,Leeseo,0.9729527831077576,Leeseo,[0.973],"[0.000, 0.000, 0.000, 0.000, 0.001, 0.973, 0.003]"
57.44,57.48,Leeseo,0.9665268063545227,Leeseo,[0.967],"[0.000, 0.000, 0.000, 0.000, 0.001, 0.967, 0.004]"
57.48,57.52,Leeseo,0.9596087336540222,Leeseo,[0.960],"[0.000, 0.000, 0.000, 0.000, 0.002, 0.960, 0.005]"
57.52,57.56,Leeseo,0.9525851011276245,Leeseo,[0.953],"[0.000, 0.000, 0.000, 0.000, 0.004, 0.953, 0.005]"
57.56,57.6,Leeseo,0.9459454417228699,Leeseo,[0.946],"[0.000, 0.000, 0.000, 0.000, 0.006, 0.946, 0.006]"
57.6,57.64,Leeseo,0.940253496170044,Leeseo,[0.940],"[0.000, 0.000, 0.000, 0.000, 0.011, 0.940, 0.007]"
57.64,57.68,Leeseo,0.9360703825950623,Leeseo,[0.936],"[0.000, 0.000, 0.000, 0.000, 0.018, 0.936, 0.007]"
57.68,57.72,Leeseo,0.9339130520820618,Leeseo,[0.934],"[0.000, 0.000, 0.000, 0.000, 0.030, 0.934, 0.008]"
57.72,57.76,Leeseo,0.9341040253639221,Leeseo,[0.934],"[0.000, 0.000, 0.000, 0.000, 0.050, 0.934, 0.008]"
57.76,57.8,Leeseo,0.9366803169250488,Leeseo,[0.937],"[0.000, 0.000, 0.000, 0.000, 0.081, 0.937, 0.008]"
57.8,57.84,Leeseo,0.9413939714431763,Leeseo,[0.941],"[0.000, 0.000, 0.000, 0.000, 0.127, 0.941, 0.008]"
57.84,57.88,Leeseo,0.9477543830871582,Leeseo,[0.948],"[0.000, 0.000, 0.000, 0.000, 0.191, 0.948, 0.007]"
57.88,57.92,Leeseo,0.955053448677063,Leeseo,[0.955],"[0.000, 0.000, 0.000, 0.000, 0.271, 0.955, 0.007]"
57.92,57.96,Leeseo,0.9625570774078369,Leeseo,[0.963],"[0.000, 0.000, 0.000, 0.000, 0.362, 0.963, 0.006]"
57.96,58.0,Leeseo,0.9697344303131104,Leeseo,[0.970],"[0.000, 0.000, 0.000, 0.000, 0.458, 0.970, 0.005]"
58.0,58.04,Leeseo,0.9761545062065125,Leeseo,[0.976],"[0.000, 0.000, 0.000, 0.000, 0.547, 0.976, 0.005]"
58.04,58.08,Leeseo,0.9815966486930847,Liz|Leeseo,"[0.626, 0.982]","[0.000, 0.000, 0.000, 0.000, 0.626, 0.982, 0.004]"
58.08,58.12,Leeseo,0.986021101474762,Liz|Leeseo,"[0.690, 0.986]","[0.000, 0.000, 0.000, 0.000, 0.690, 0.986, 0.003]"
58.12,58.16,Leeseo,0.9894958138465881,Liz|Leeseo,"[0.740, 0.989]","[0.000, 0.000, 0.000, 0.000, 0.740, 0.989, 0.003]"
58.16,58.2,Leeseo,0.9921521544456482,Liz|Leeseo,"[0.777, 0.992]","[0.000, 0.000, 0.000, 0.000, 0.777, 0.992, 0.003]"
58.2,58.24,Leeseo,0.9941262006759644,Liz|Leeseo,"[0.804, 0.994]","[0.000, 0.000, 0.000, 0.000, 0.804, 0.994, 0.002]"
58.24,58.28,Leeseo,0.9955549836158752,Liz|Leeseo,"[0.824, 0.996]","[0.000, 0.000, 0.000, 0.000, 0.824, 0.996, 0.002]"
58.28,58.32,Leeseo,0.9965645670890808,Liz|Leeseo,"[0.836, 0.997]","[0.000, 0.000, 0.000, 0.000, 0.836, 0.997, 0.002]"
58.32,58.36,Leeseo,0.9972641468048096,Liz|Leeseo,"[0.843, 0.997]","[0.000, 0.000, 0.000, 0.000, 0.843, 0.997, 0.002]"
58.36,58.4,Leeseo,0.9977341890335083,Liz|Leeseo,"[0.845, 0.998]","[0.000, 0.000, 0.000, 0.000, 0.845, 0.998, 0.001]"
58.4,58.44,Leeseo,0.9980348944664001,Liz|Leeseo,"[0.843, 0.998]","[0.000, 0.000, 0.000, 0.000, 0.843, 0.998, 0.001]"
58.44,58.48,Leeseo,0.9982043504714966,Liz|Leeseo,"[0.835, 0.998]","[0.000, 0.000, 0.000, 0.000, 0.835, 0.998, 0.001]"
58.48,58.52,Leeseo,0.9982606768608093,Liz|Leeseo,"[0.823, 0.998]","[0.000, 0.000, 0.000, 0.000, 0.823, 0.998, 0.001]"
58.52,58.56,Leeseo,0.998204231262207,Liz|Leeseo,"[0.804, 0.998]","[0.000, 0.000, 0.000, 0.000, 0.804, 0.998, 0.001]"
58.56,58.6,Leeseo,0.9980181455612183,Liz|Leeseo,"[0.779, 0.998]","[0.000, 0.000, 0.000, 0.000, 0.779, 0.998, 0.002]"
58.6,58.64,Leeseo,0.9976576566696167,Liz|Leeseo,"[0.747, 0.998]","[0.000, 0.000, 0.000, 0.000, 0.747, 0.998, 0.002]"
58.64,58.68,Leeseo,0.9970285296440125,Liz|Leeseo,"[0.706, 0.997]","[0.000, 0.000, 0.000, 0.000, 0.706, 0.997, 0.002]"
58.68,58.72,Leeseo,0.9959444403648376,Liz|Leeseo,"[0.655, 0.996]","[0.000, 0.000, 0.000, 0.000, 0.655, 0.996, 0.002]"
58.72,58.76,Leeseo,0.9940419793128967,Liz|Leeseo,"[0.594, 0.994]","[0.000, 0.000, 0.000, 0.000, 0.594, 0.994, 0.003]"
58.76,58.8,Leeseo,0.9905632734298706,Leeseo,[0.991],"[0.000, 0.000, 0.000, 0.000, 0.524, 0.991, 0.004]"
58.8,58.84,Leeseo,0.9838686585426331,Leeseo,[0.984],"[0.000, 0.000, 0.000, 0.000, 0.447, 0.984, 0.004]"
58.84,58.88,Leeseo,0.9702274799346924,Leeseo,[0.970],"[0.000, 0.000, 0.000, 0.000, 0.366, 0.970, 0.006]"
58.88,58.92,Leeseo,0.9411113262176514,Leeseo,[0.941],"[0.000, 0.000, 0.000, 0.000, 0.287, 0.941, 0.007]"
58.92,58.96,Leeseo,0.8778680562973022,Leeseo,[0.878],"[0.000, 0.001, 0.000, 0.000, 0.213, 0.878, 0.008]"
58.96,59.0,Leeseo,0.7478797435760498,Leeseo,[0.748],"[0.000, 0.001, 0.000, 0.000, 0.151, 0.748, 0.010]"
59.0,59.04,silence,0.011791404336690903,,[],"[0.000, 0.001, 0.000, 0.000, 0.102, 0.529, 0.012]"
59.04,59.08,silence,0.013638265430927277,,[],"[0.000, 0.002, 0.000, 0.000, 0.065, 0.281, 0.014]"
59.08,59.12,silence,0.015378108248114586,,[],"[0.000, 0.003, 0.000, 0.000, 0.040, 0.112, 0.015]"
59.12,59.16,silence,0.01685761660337448,,[],"[0.000, 0.006, 0.000, 0.000, 0.024, 0.037, 0.017]"
59.16,59.2,silence,0.017921531572937965,,[],"[0.000, 0.010, 0.000, 0.000, 0.014, 0.011, 0.018]"
59.2,59.24,silence,0.01843896135687828,,[],"[0.000, 0.020, 0.000, 0.000, 0.008, 0.003, 0.018]"
59.24,59.28,silence,0.018342645838856697,,[],"[0.000, 0.040, 0.000, 0.000, 0.004, 0.001, 0.018]"
59.28,59.32,silence,0.0176417026668787,,[],"[0.000, 0.082, 0.000, 0.000, 0.002, 0.000, 0.018]"
59.32,59.36,silence,0.01641615480184555,,[],"[0.000, 0.167, 0.000, 0.000, 0.001, 0.000, 0.016]"
59.36,59.4,silence,0.014818958938121796,,[],"[0.000, 0.319, 0.000, 0.000, 0.001, 0.000, 0.015]"
59.4,59.44,silence,0.013015619479119778,,[],"[0.000, 0.531, 0.000, 0.000, 0.000, 0.000, 0.013]"
59.44,59.48,Yujin,0.7354968786239624,Yujin,[0.735],"[0.000, 0.735, 0.000, 0.000, 0.000, 0.000, 0.011]"
59.48,59.52,Yujin,0.873901903629303,Yujin,[0.874],"[0.000, 0.874, 0.000, 0.000, 0.000, 0.000, 0.009]"
59.52,59.56,Yujin,0.9455387592315674,Yujin,[0.946],"[0.000, 0.946, 0.000, 0.000, 0.000, 0.000, 0.008]"
59.56,59.6,Yujin,0.9774342775344849,Yujin,[0.977],"[0.000, 0.977, 0.000, 0.000, 0.000, 0.000, 0.006]"
59.6,59.64,Yujin,0.990715742111206,Yujin,[0.991],"[0.000, 0.991, 0.000, 0.000, 0.000, 0.000, 0.005]"
59.64,59.68,Yujin,0.996127188205719,Yujin,[0.996],"[0.000, 0.996, 0.000, 0.000, 0.000, 0.000, 0.004]"
59.68,59.72,Yujin,0.9983409643173218,Yujin,[0.998],"[0.000, 0.998, 0.000, 0.000, 0.000, 0.000, 0.003]"
59.72,59.76,Yujin,0.9992642998695374,Yujin,[0.999],"[0.000, 0.999, 0.000, 0.000, 0.000, 0.000, 0.002]"
59.76,59.8,Yujin,0.9996600151062012,Yujin,[1.000],"[0.000, 1.000, 0.000, 0.000, 0.000, 0.000, 0.002]"
59.8,59.84,Yujin,0.9998353719711304,Yujin,[1.000],"[0.000, 1.000, 0.000, 0.000, 0.000, 0.000, 0.002]"
59.84,59.88,Yujin,0.9999159574508667,Yujin,[1.000],"[0.000, 1.000, 0.000, 0.000, 0.000, 0.000, 0.001]"
59.88,59.92,Yujin,0.9999544620513916,Yujin,[1.000],"[0.000, 1.000, 0.000, 0.000, 0.000, 0.000, 0.001]"
59.92,59.96,Yujin,0.9999737739562988,Yujin,[1.000],"[0.000, 1.000, 0.000, 0.000, 0.000, 0.000, 0.001]"
59.96,60.0,Yujin,0.9999837875366211,Yujin,[1.000],"[0.000, 1.000, 0.000, 0.000, 0.000, 0.000, 0.001]"
60.0,60.04,Yujin,0.9999892711639404,Yujin,[1.000],"[0.000, 1.000, 0.000, 0.000, 0.000, 0.000, 0.000]"
60.04,60.08,Yujin,0.9999923706054688,Yujin,[1.000],"[0.000, 1.000, 0.000, 0.000, 0.000, 0.000, 0.000]"
60.08,60.12,Yujin,0.9999940395355225,Yujin,[1.000],"[0.000, 1.000, 0.000, 0.000, 0.000, 0.000, 0.000]"
60.12,60.16,Yujin,0.9999949932098389,Yujin,[1.000],"[0.000, 1.000, 0.000, 0.000, 0.000, 0.000, 0.000]"
60.16,60.2,Yujin,0.9999954700469971,Yujin,[1.000],"[0.000, 1.000, 0.000, 0.000, 0.000, 0.000, 0.000]"
60.2,60.24,Yujin,0.9999955892562866,Yujin,[1.000],"[0.000, 1.000, 0.000, 0.000, 0.000, 0.000, 0.000]"
60.24,60.28,Yujin,0.999995231628418,Yujin,[1.000],"[0.000, 1.000, 0.000, 0.000, 0.000, 0.000, 0.000]"
60.28,60.32,Yujin,0.9999945163726807,Yujin,[1.000],"[0.000, 1.000, 0.000, 0.000, 0.000, 0.000, 0.000]"
60.32,60.36,Yujin,0.9999933242797852,Yujin,[1.000],"[0.000, 1.000, 0.000, 0.000, 0.000, 0.000, 0.000]"
60.36,60.4,Yujin,0.9999914169311523,Yujin,[1.000],"[0.000, 1.000, 0.000, 0.000, 0.000, 0.000, 0.000]"
60.4,60.44,Yujin,0.9999881982803345,Yujin,[1.000],"[0.000, 1.000, 0.000, 0.000, 0.000, 0.000, 0.000]"
60.44,60.48,Yujin,0.9999833106994629,Yujin,[1.000],"[0.000, 1.000, 0.000, 0.000, 0.000, 0.000, 0.000]"
60.48,60.52,Yujin,0.999975323677063,Yujin,[1.000],"[0.000, 1.000, 0.000, 0.000, 0.000, 0.000, 0.000]"
60.52,60.56,Yujin,0.9999628067016602,Yujin,[1.000],"[0.000, 1.000, 0.000, 0.000, 0.000, 0.000, 0.000]"
60.56,60.6,Yujin,0.9999430179595947,Yujin,[1.000],"[0.000, 1.000, 0.000, 0.000, 0.000, 0.000, 0.000]"
60.6,60.64,Yujin,0.9999125003814697,Yujin,[1.000],"[0.000, 1.000, 0.000, 0.000, 0.000, 0.000, 0.000]"
60.64,60.68,Yujin,0.9998664855957031,Yujin,[1.000],"[0.000, 1.000, 0.000, 0.000, 0.000, 0.000, 0.000]"
60.68,60.72,Yujin,0.9997994303703308,Yujin,[1.000],"[0.000, 1.000, 0.000, 0.000, 0.000, 0.000, 0.000]"
60.72,60.76,Yujin,0.9997051358222961,Yujin,[1.000],"[0.000, 1.000, 0.000, 0.000, 0.000, 0.000, 0.000]"
60.76,60.8,Yujin,0.9995786547660828,Yujin,[1.000],"[0.000, 1.000, 0.000, 0.000, 0.001, 0.000, 0.001]"
60.8,60.84,Yujin,0.9994168281555176,Yujin,[0.999],"[0.000, 0.999, 0.000, 0.000, 0.001, 0.000, 0.001]"
60.84,60.88,Yujin,0.9992194175720215,Yujin,[0.999],"[0.000, 0.999, 0.000, 0.000, 0.001, 0.000, 0.001]"
60.88,60.92,Yujin,0.9989925026893616,Yujin,[0.999],"[0.000, 0.999, 0.000, 0.000, 0.001, 0.000, 0.001]"
60.92,60.96,Yujin,0.9987490177154541,Yujin,[0.999],"[0.000, 0.999, 0.000, 0.000, 0.001, 0.000, 0.001]"
60.96,61.0,Yujin,0.9985098242759705,Yujin,[0.999],"[0.000, 0.999, 0.000, 0.000, 0.002, 0.000, 0.001]"
61.0,61.04,Yujin,0.9983021020889282,Yujin,[0.998],"[0.000, 0.998, 0.000, 0.000, 0.002, 0.000, 0.001]"
61.04,61.08,Yujin,0.9981524348258972,Yujin,[0.998],"[0.000, 0.998, 0.000, 0.000, 0.002, 0.000, 0.001]"
61.08,61.12,Yujin,0.9980785846710205,Yujin,[0.998],"[0.000, 0.998, 0.000, 0.000, 0.002, 0.000, 0.001]"
61.12,61.16,Yujin,0.9980862140655518,Yujin,[0.998],"[0.000, 0.998, 0.000, 0.000, 0.002, 0.000, 0.001]"
61.16,61.2,Yujin,0.9981689453125,Yujin,[0.998],"[0.000, 0.998, 0.000, 0.000, 0.002, 0.000, 0.001]"
61.2,61.24,Yujin,0.998314380645752,Yujin,[0.998],"[0.000, 0.998, 0.000, 0.000, 0.002, 0.000, 0.001]"
61.24,61.28,Yujin,0.9985047578811646,Yujin,[0.999],"[0.000, 0.999, 0.000, 0.000, 0.002, 0.000, 0.001]"
61.28,61.32,Yujin,0.9987194538116455,Yujin,[0.999],"[0.000, 0.999, 0.000, 0.000, 0.002, 0.000, 0.001]"
61.32,61.36,Yujin,0.9989385008811951,Yujin,[0.999],"[0.000, 0.999, 0.000, 0.000, 0.002, 0.000, 0.001]"
61.36,61.4,Yujin,0.9991480112075806,Yujin,[0.999],"[0.000, 0.999, 0.000, 0.000, 0.002, 0.000, 0.001]"
61.4,61.44,Yujin,0.9993364214897156,Yujin,[0.999],"[0.000, 0.999, 0.000, 0.000, 0.002, 0.000, 0.001]"
61.44,61.48,Yujin,0.9994977712631226,Yujin,[0.999],"[0.000, 0.999, 0.000, 0.000, 0.001, 0.000, 0.001]"
61.48,61.52,Yujin,0.999630331993103,Yujin,[1.000],"[0.000, 1.000, 0.000, 0.000, 0.001, 0.000, 0.001]"
61.52,61.56,Yujin,0.9997345805168152,Yujin,[1.000],"[0.000, 1.000, 0.000, 0.000, 0.001, 0.000, 0.001]"
61.56,61.6,Yujin,0.9998132586479187,Yujin,[1.000],"[0.000, 1.000, 0.000, 0.000, 0.001, 0.000, 0.000]"
61.6,61.64,Yujin,0.9998705387115479,Yujin,[1.000],"[0.000, 1.000, 0.000, 0.000, 0.001, 0.000, 0.000]"
61.64,61.68,Yujin,0.9999111890792847,Yujin,[1.000],"[0.000, 1.000, 0.000, 0.000, 0.000, 0.000, 0.000]"
61.68,61.72,Yujin,0.9999393224716187,Yujin,[1.000],"[0.000, 1.000, 0.000, 0.000, 0.000, 0.000, 0.000]"
61.72,61.76,Yujin,0.9999585151672363,Yujin,[1.000],"[0.000, 1.000, 0.000, 0.000, 0.000, 0.000, 0.000]"
61.76,61.8,Yujin,0.9999712705612183,Yujin,[1.000],"[0.000, 1.000, 0.000, 0.000, 0.000, 0.000, 0.000]"
61.8,61.84,Yujin,0.9999797344207764,Yujin,[1.000],"[0.000, 1.000, 0.000, 0.000, 0.000, 0.000, 0.000]"
61.84,61.88,Yujin,0.9999854564666748,Yujin,[1.000],"[0.000, 1.000, 0.000, 0.000, 0.000, 0.000, 0.000]"
61.88,61.92,Yujin,0.9999892711639404,Yujin,[1.000],"[0.000, 1.000, 0.000, 0.000, 0.000, 0.000, 0.000]"
61.92,61.96,Yujin,0.999991774559021,Yujin,[1.000],"[0.000, 1.000, 0.000, 0.000, 0.000, 0.000, 0.000]"
61.96,62.0,Yujin,0.9999934434890747,Yujin,[1.000],"[0.000, 1.000, 0.000, 0.000, 0.000, 0.000, 0.000]"
62.0,62.04,Yujin,0.9999946355819702,Yujin,[1.000],"[0.000, 1.000, 0.000, 0.000, 0.000, 0.000, 0.000]"
62.04,62.08,Yujin,0.9999953508377075,Yujin,[1.000],"[0.000, 1.000, 0.000, 0.000, 0.000, 0.000, 0.000]"
62.08,62.12,Yujin,0.9999958276748657,Yujin,[1.000],"[0.000, 1.000, 0.000, 0.000, 0.000, 0.000, 0.000]"
62.12,62.16,Yujin,0.9999960660934448,Yujin,[1.000],"[0.000, 1.000, 0.000, 0.000, 0.000, 0.000, 0.000]"
62.16,62.2,Yujin,0.9999960660934448,Yujin,[1.000],"[0.000, 1.000, 0.000, 0.000, 0.000, 0.000, 0.000]"
62.2,62.24,Yujin,0.9999960660934448,Yujin,[1.000],"[0.000, 1.000, 0.000, 0.000, 0.000, 0.000, 0.000]"
62.24,62.28,Yujin,0.9999958276748657,Yujin,[1.000],"[0.000, 1.000, 0.000, 0.000, 0.000, 0.000, 0.000]"
62.28,62.32,Yujin,0.9999953508377075,Yujin,[1.000],"[0.000, 1.000, 0.000, 0.000, 0.000, 0.000, 0.000]"
62.32,62.36,Yujin,0.9999946355819702,Yujin,[1.000],"[0.000, 1.000, 0.000, 0.000, 0.000, 0.000, 0.000]"
62.36,62.4,Yujin,0.9999936819076538,Yujin,[1.000],"[0.000, 1.000, 0.000, 0.000, 0.000, 0.000, 0.000]"
62.4,62.44,Yujin,0.9999921321868896,Yujin,[1.000],"[0.000, 1.000, 0.000, 0.000, 0.000, 0.000, 0.000]"
62.44,62.48,Yujin,0.9999901056289673,Yujin,[1.000],"[0.000, 1.000, 0.000, 0.000, 0.000, 0.000, 0.000]"
62.48,62.52,Yujin,0.9999871253967285,Yujin,[1.000],"[0.000, 1.000, 0.000, 0.000, 0.000, 0.000, 0.000]"
62.52,62.56,Yujin,0.9999829530715942,Yujin,[1.000],"[0.000, 1.000, 0.000, 0.000, 0.000, 0.000, 0.000]"
62.56,62.6,Yujin,0.9999768733978271,Yujin,[1.000],"[0.000, 1.000, 0.000, 0.000, 0.000, 0.000, 0.000]"
62.6,62.64,Yujin,0.9999681711196899,Yujin,[1.000],"[0.000, 1.000, 0.000, 0.000, 0.000, 0.000, 0.000]"
62.64,62.68,Yujin,0.9999556541442871,Yujin,[1.000],"[0.000, 1.000, 0.000, 0.000, 0.000, 0.000, 0.000]"
62.68,62.72,Yujin,0.9999377727508545,Yujin,[1.000],"[0.000, 1.000, 0.000, 0.000, 0.000, 0.000, 0.000]"
62.72,62.76,Yujin,0.9999121427536011,Yujin,[1.000],"[0.000, 1.000, 0.000, 0.000, 0.000, 0.000, 0.000]"
62.76,62.8,Yujin,0.9998757839202881,Yujin,[1.000],"[0.000, 1.000, 0.000, 0.000, 0.000, 0.000, 0.000]"
62.8,62.84,Yujin,0.9998251795768738,Yujin,[1.000],"[0.000, 1.000, 0.000, 0.000, 0.000, 0.000, 0.000]"
62.84,62.88,Yujin,0.9997557997703552,Yujin,[1.000],"[0.000, 1.000, 0.000, 0.000, 0.000, 0.000, 0.000]"
62.88,62.92,Yujin,0.9996625185012817,Yujin,[1.000],"[0.000, 1.000, 0.000, 0.000, 0.000, 0.000, 0.000]"
62.92,62.96,Yujin,0.999539852142334,Yujin,[1.000],"[0.000, 1.000, 0.000, 0.000, 0.000, 0.000, 0.000]"
62.96,63.0,Yujin,0.9993823766708374,Yujin,[0.999],"[0.000, 0.999, 0.000, 0.000, 0.000, 0.000, 0.000]"
63.0,63.04,Yujin,0.9991840720176697,Yujin,[0.999],"[0.000, 0.999, 0.000, 0.000, 0.000, 0.000, 0.000]"
63.04,63.08,Yujin,0.99893718957901,Yujin,[0.999],"[0.000, 0.999, 0.000, 0.000, 0.000, 0.000, 0.000]"
63.08,63.12,Yujin,0.9986333250999451,Yujin,[0.999],"[0.000, 0.999, 0.000, 0.000, 0.000, 0.000, 0.000]"
63.12,63.16,Yujin,0.9982631802558899,Yujin,[0.998],"[0.000, 0.998, 0.000, 0.000, 0.000, 0.000, 0.000]"
63.16,63.2,Yujin,0.9978190660476685,Yujin,[0.998],"[0.000, 0.998, 0.000, 0.000, 0.000, 0.000, 0.000]"
63.2,63.24,Yujin,0.9972931742668152,Yujin,[0.997],"[0.000, 0.997, 0.000, 0.000, 0.000, 0.000, 0.000]"
63.24,63.28,Yujin,0.9966797828674316,Yujin,[0.997],"[0.000, 0.997, 0.000, 0.000, 0.000, 0.000, 0.000]"
63.28,63.32,Yujin,0.9959738850593567,Yujin,[0.996],"[0.000, 0.996, 0.000, 0.000, 0.001, 0.000, 0.001]"
63.32,63.36,Yujin,0.9951717257499695,Yujin,[0.995],"[0.000, 0.995, 0.000, 0.001, 0.001, 0.000, 0.001]"
63.36,63.4,Yujin,0.9942785501480103,Yujin,[0.994],"[0.000, 0.994, 0.000, 0.001, 0.001, 0.000, 0.001]"
63.4,63.44,Yujin,0.9933157563209534,Yujin,[0.993],"[0.000, 0.993, 0.000, 0.001, 0.001, 0.000, 0.001]"
63.44,63.48,Yujin,0.9922897219657898,Yujin,[0.992],"[0.000, 0.992, 0.000, 0.001, 0.001, 0.000, 0.001]"
63.48,63.52,Yujin,0.9911994338035583,Yujin,[0.991],"[0.000, 0.991, 0.000, 0.001, 0.002, 0.000, 0.001]"
63.52,63.56,Yujin,0.9900548458099365,Yujin,[0.990],"[0.000, 0.990, 0.000, 0.001, 0.002, 0.000, 0.001]"
63.56,63.6,Yujin,0.9889088273048401,Yujin,[0.989],"[0.000, 0.989, 0.000, 0.000, 0.002, 0.000, 0.001]"
63.6,63.64,Yujin,0.98784339427948,Yujin,[0.988],"[0.000, 0.988, 0.000, 0.000, 0.002, 0.000, 0.002]"
63.64,63.68,Yujin,0.9869460463523865,Yujin,[0.987],"[0.000, 0.987, 0.000, 0.000, 0.002, 0.000, 0.002]"
63.68,63.72,Yujin,0.9863172173500061,Yujin,[0.986],"[0.000, 0.986, 0.000, 0.000, 0.001, 0.000, 0.002]"
63.72,63.76,Yujin,0.9860506653785706,Yujin,[0.986],"[0.000, 0.986, 0.000, 0.000, 0.001, 0.000, 0.002]"
63.76,63.8,Yujin,0.9862161874771118,Yujin,[0.986],"[0.000, 0.986, 0.000, 0.000, 0.001, 0.000, 0.003]"
63.8,63.84,Yujin,0.9868434071540833,Yujin,[0.987],"[0.000, 0.987, 0.000, 0.000, 0.001, 0.000, 0.003]"
63.84,63.88,Yujin,0.9879075884819031,Yujin,[0.988],"[0.000, 0.988, 0.000, 0.000, 0.001, 0.000, 0.003]"
63.88,63.92,Yujin,0.9893431663513184,Yujin,[0.989],"[0.000, 0.989, 0.000, 0.000, 0.000, 0.000, 0.003]"
63.92,63.96,Yujin,0.9910261034965515,Yujin,[0.991],"[0.000, 0.991, 0.000, 0.000, 0.000, 0.000, 0.003]"
63.96,64.0,Yujin,0.9928027987480164,Yujin,[0.993],"[0.000, 0.993, 0.000, 0.000, 0.000, 0.000, 0.003]"
64.0,64.04,Yujin,0.9945158362388611,Yujin,[0.995],"[0.000, 0.995, 0.000, 0.000, 0.000, 0.000, 0.002]"
64.04,64.08,Yujin,0.9960336089134216,Yujin,[0.996],"[0.000, 0.996, 0.000, 0.000, 0.000, 0.000, 0.002]"
64.08,64.12,Yujin,0.9972756505012512,Yujin,[0.997],"[0.000, 0.997, 0.000, 0.000, 0.000, 0.000, 0.002]"
64.12,64.16,Yujin,0.998218834400177,Yujin,[0.998],"[0.000, 0.998, 0.000, 0.000, 0.000, 0.000, 0.001]"
64.16,64.2,Yujin,0.9988886713981628,Yujin,[0.999],"[0.000, 0.999, 0.000, 0.000, 0.000, 0.000, 0.001]"
64.2,64.24,Yujin,0.9993355870246887,Yujin,[0.999],"[0.000, 0.999, 0.000, 0.000, 0.000, 0.000, 0.001]"
64.24,64.28,Yujin,0.9996175765991211,Yujin,[1.000],"[0.000, 1.000, 0.000, 0.000, 0.000, 0.000, 0.001]"
64.28,64.32,Yujin,0.9997871518135071,Yujin,[1.000],"[0.000, 1.000, 0.000, 0.000, 0.000, 0.000, 0.001]"
64.32,64.36,Yujin,0.9998846054077148,Yujin,[1.000],"[0.000, 1.000, 0.000, 0.000, 0.000, 0.000, 0.000]"
64.36,64.4,Yujin,0.9999387264251709,Yujin,[1.000],"[0.000, 1.000, 0.000, 0.000, 0.000, 0.000, 0.000]"
64.4,64.44,Yujin,0.9999676942825317,Yujin,[1.000],"[0.000, 1.000, 0.000, 0.000, 0.000, 0.000, 0.000]"
64.44,64.48,Yujin,0.9999830722808838,Yujin,[1.000],"[0.000, 1.000, 0.000, 0.000, 0.000, 0.000, 0.000]"
64.48,64.52,Yujin,0.9999909400939941,Yujin,[1.000],"[0.000, 1.000, 0.000, 0.000, 0.000, 0.000, 0.000]"
64.52,64.56,Yujin,0.9999951124191284,Yujin,[1.000],"[0.000, 1.000, 0.000, 0.000, 0.000, 0.000, 0.000]"
64.56,64.6,Yujin,0.9999972581863403,Yujin,[1.000],"[0.000, 1.000, 0.000, 0.000, 0.000, 0.000, 0.000]"
64.6,64.64,Yujin,0.9999984502792358,Yujin,[1.000],"[0.000, 1.000, 0.000, 0.000, 0.000, 0.000, 0.000]"
64.64,64.68,Yujin,0.9999990463256836,Yujin,[1.000],"[0.000, 1.000, 0.000, 0.000, 0.000, 0.000, 0.000]"
64.68,64.72,Yujin,0.9999994039535522,Yujin,[1.000],"[0.000, 1.000, 0.000, 0.000, 0.000, 0.000, 0.000]"
64.72,64.76,Yujin,0.9999996423721313,Yujin,[1.000],"[0.000, 1.000, 0.000, 0.000, 0.000, 0.000, 0.000]"
64.76,64.8,Yujin,0.9999997615814209,Yujin,[1.000],"[0.000, 1.000, 0.000, 0.000, 0.000, 0.000, 0.000]"
64.8,64.84,Yujin,0.9999997615814209,Yujin,[1.000],"[0.000, 1.000, 0.000, 0.000, 0.000, 0.000, 0.000]"
64.84,64.88,Yujin,0.9999998807907104,Yujin,[1.000],"[0.000, 1.000, 0.000, 0.000, 0.000, 0.000, 0.000]"
64.88,64.92,Yujin,0.9999998807907104,Yujin,[1.000],"[0.000, 1.000, 0.000, 0.000, 0.000, 0.000, 0.000]"
64.92,64.96,Yujin,0.9999998807907104,Yujin,[1.000],"[0.000, 1.000, 0.000, 0.000, 0.000, 0.000, 0.000]"
64.96,65.0,Yujin,0.9999998807907104,Yujin,[1.000],"[0.000, 1.000, 0.000, 0.000, 0.000, 0.000, 0.000]"
65.0,65.04,Yujin,0.9999998807907104,Yujin,[1.000],"[0.000, 1.000, 0.000, 0.000, 0.000, 0.000, 0.000]"
65.04,65.08,Yujin,0.9999998807907104,Yujin,[1.000],"[0.000, 1.000, 0.000, 0.000, 0.000, 0.000, 0.000]"
65.08,65.12,Yujin,0.9999998807907104,Yujin,[1.000],"[0.000, 1.000, 0.000, 0.000, 0.000, 0.000, 0.000]"
65.12,65.16,Yujin,0.9999997615814209,Yujin,[1.000],"[0.000, 1.000, 0.000, 0.000, 0.000, 0.000, 0.000]"
65.16,65.2,Yujin,0.9999997615814209,Yujin,[1.000],"[0.000, 1.000, 0.000, 0.000, 0.000, 0.000, 0.000]"
65.2,65.24,Yujin,0.9999996423721313,Yujin,[1.000],"[0.000, 1.000, 0.000, 0.000, 0.000, 0.000, 0.000]"
65.24,65.28,Yujin,0.9999995231628418,Yujin,[1.000],"[0.000, 1.000, 0.000, 0.000, 0.000, 0.000, 0.000]"
65.28,65.32,Yujin,0.9999992847442627,Yujin,[1.000],"[0.000, 1.000, 0.000, 0.000, 0.000, 0.000, 0.000]"
65.32,65.36,Yujin,0.9999988079071045,Yujin,[1.000],"[0.000, 1.000, 0.000, 0.000, 0.000, 0.000, 0.000]"
65.36,65.4,Yujin,0.9999982118606567,Yujin,[1.000],"[0.000, 1.000, 0.000, 0.000, 0.000, 0.000, 0.000]"
65.4,65.44,Yujin,0.9999970197677612,Yujin,[1.000],"[0.000, 1.000, 0.000, 0.000, 0.000, 0.000, 0.000]"
65.44,65.48,Yujin,0.9999951124191284,Yujin,[1.000],"[0.000, 1.000, 0.000, 0.000, 0.000, 0.000, 0.000]"
65.48,65.52,Yujin,0.9999916553497314,Yujin,[1.000],"[0.000, 1.000, 0.000, 0.000, 0.000, 0.000, 0.000]"
65.52,65.56,Yujin,0.9999858140945435,Yujin,[1.000],"[0.000, 1.000, 0.000, 0.000, 0.000, 0.000, 0.000]"
65.56,65.6,Yujin,0.9999759197235107,Yujin,[1.000],"[0.000, 1.000, 0.000, 0.000, 0.000, 0.000, 0.000]"
65.6,65.64,Yujin,0.9999592304229736,Yujin,[1.000],"[0.000, 1.000, 0.000, 0.000, 0.000, 0.000, 0.000]"
65.64,65.68,Yujin,0.9999313354492188,Yujin,[1.000],"[0.000, 1.000, 0.000, 0.000, 0.000, 0.000, 0.000]"
65.68,65.72,Yujin,0.9998857975006104,Yujin,[1.000],"[0.000, 1.000, 0.000, 0.000, 0.000, 0.000, 0.000]"
65.72,65.76,Yujin,0.9998131394386292,Yujin,[1.000],"[0.000, 1.000, 0.000, 0.000, 0.000, 0.000, 0.000]"
65.76,65.8,Yujin,0.999700665473938,Yujin,[1.000],"[0.000, 1.000, 0.000, 0.000, 0.000, 0.000, 0.001]"
65.8,65.84,Yujin,0.999531626701355,Yujin,[1.000],"[0.000, 1.000, 0.000, 0.000, 0.000, 0.000, 0.001]"
65.84,65.88,Yujin,0.9992861151695251,Yujin,[0.999],"[0.000, 0.999, 0.000, 0.000, 0.001, 0.000, 0.001]"
65.88,65.92,Yujin,0.9989401698112488,Yujin,[0.999],"[0.000, 0.999, 0.000, 0.000, 0.001, 0.000, 0.001]"
65.92,65.96,Yujin,0.9984697699546814,Yujin,[0.998],"[0.000, 0.998, 0.000, 0.000, 0.001, 0.000, 0.001]"
65.96,66.0,Yujin,0.9978516101837158,Yujin,[0.998],"[0.000, 0.998, 0.000, 0.000, 0.001, 0.000, 0.002]"
66.0,66.04,Yujin,0.9970647692680359,Yujin,[0.997],"[0.000, 0.997, 0.000, 0.000, 0.001, 0.000, 0.002]"
66.04,66.08,Yujin,0.9960909485816956,Yujin,[0.996],"[0.000, 0.996, 0.000, 0.000, 0.001, 0.000, 0.003]"
66.08,66.12,Yujin,0.9949131011962891,Yujin,[0.995],"[0.000, 0.995, 0.000, 0.000, 0.001, 0.000, 0.003]"
66.12,66.16,Yujin,0.9935230016708374,Yujin,[0.994],"[0.000, 0.994, 0.000, 0.000, 0.002, 0.000, 0.003]"
66.16,66.2,Yujin,0.9919306635856628,Yujin,[0.992],"[0.000, 0.992, 0.000, 0.000, 0.002, 0.000, 0.004]"
66.2,66.24,Yujin,0.9901636242866516,Yujin,[0.990],"[0.000, 0.990, 0.000, 0.000, 0.002, 0.000, 0.004]"
66.24,66.28,Yujin,0.9882716536521912,Yujin,[0.988],"[0.000, 0.988, 0.000, 0.000, 0.002, 0.000, 0.004]"
66.28,66.32,Yujin,0.9863004684448242,Yujin,[0.986],"[0.000, 0.986, 0.000, 0.000, 0.002, 0.000, 0.004]"
66.32,66.36,Yujin,0.9842804670333862,Yujin,[0.984],"[0.000, 0.984, 0.000, 0.000, 0.002, 0.000, 0.005]"
66.36,66.4,Yujin,0.9822646379470825,Yujin,[0.982],"[0.000, 0.982, 0.000, 0.000, 0.002, 0.000, 0.005]"
66.4,66.44,Yujin,0.9803068041801453,Yujin,[0.980],"[0.000, 0.980, 0.000, 0.001, 0.002, 0.000, 0.005]"
66.44,66.48,Yujin,0.978429913520813,Yujin,[0.978],"[0.000, 0.978, 0.000, 0.001, 0.002, 0.000, 0.005]"
66.48,66.52,Yujin,0.9766358733177185,Yujin,[0.977],"[0.000, 0.977, 0.000, 0.001, 0.003, 0.000, 0.005]"
66.52,66.56,Yujin,0.9748923182487488,Yujin,[0.975],"[0.000, 0.975, 0.000, 0.001, 0.003, 0.000, 0.005]"
66.56,66.6,Yujin,0.9731402397155762,Yujin,[0.973],"[0.000, 0.973, 0.000, 0.001, 0.003, 0.000, 0.005]"
66.6,66.64,Yujin,0.9712774753570557,Yujin,[0.971],"[0.000, 0.971, 0.000, 0.001, 0.003, 0.000, 0.005]"
66.64,66.68,Yujin,0.9691765904426575,Yujin,[0.969],"[0.000, 0.969, 0.000, 0.001, 0.003, 0.000, 0.005]"
66.68,66.72,Yujin,0.9666711688041687,Yujin,[0.967],"[0.000, 0.967, 0.000, 0.001, 0.003, 0.000, 0.006]"
66.72,66.76,Yujin,0.9635326862335205,Yujin,[0.964],"[0.000, 0.964, 0.000, 0.002, 0.003, 0.000, 0.006]"
66.76,66.8,Yujin,0.9594367742538452,Yujin,[0.959],"[0.000, 0.959, 0.000, 0.002, 0.002, 0.000, 0.006]"
66.8,66.84,Yujin,0.9539528489112854,Yujin,[0.954],"[0.000, 0.954, 0.000, 0.002, 0.002, 0.000, 0.007]"
66.84,66.88,Yujin,0.9465198516845703,Yujin,[0.947],"[0.000, 0.947, 0.000, 0.002, 0.002, 0.000, 0.007]"
66.88,66.92,Yujin,0.9363632798194885,Yujin,[0.936],"[0.000, 0.936, 0.000, 0.002, 0.002, 0.000, 0.008]"
66.92,66.96,Yujin,0.9224091172218323,Yujin,[0.922],"[0.000, 0.922, 0.000, 0.001, 0.002, 0.000, 0.009]"
66.96,67.0,Yujin,0.9031203389167786,Yujin,[0.903],"[0.000, 0.903, 0.000, 0.001, 0.002, 0.000, 0.011]"
67.0,67.04,Yujin,0.876388430595398,Yujin,[0.876],"[0.000, 0.876, 0.000, 0.001, 0.002, 0.000, 0.013]"
67.04,67.08,Yujin,0.8392530679702759,Yujin,[0.839],"[0.000, 0.839, 0.000, 0.001, 0.002, 0.000, 0.015]"
67.08,67.12,Yujin,0.7879719734191895,Yujin,[0.788],"[0.000, 0.788, 0.000, 0.001, 0.002, 0.000, 0.018]"
67.12,67.16,Yujin,0.718926191329956,Yujin,[0.719],"[0.000, 0.719, 0.000, 0.001, 0.002, 0.000, 0.022]"
67.16,67.2,Yujin,0.630475640296936,Yujin,[0.630],"[0.000, 0.630, 0.000, 0.001, 0.002, 0.000, 0.027]"
67.2,67.24,silence,0.033416759222745895,,[],"[0.000, 0.526, 0.000, 0.001, 0.002, 0.000, 0.033]"
67.24,67.28,silence,0.04071871191263199,,[],"[0.000, 0.413, 0.000, 0.001, 0.003, 0.000, 0.041]"
67.28,67.32,silence,0.049058228731155396,,[],"[0.000, 0.304, 0.000, 0.001, 0.003, 0.000, 0.049]"
67.32,67.36,silence,0.05820661410689354,,[],"[0.000, 0.210, 0.000, 0.001, 0.004, 0.000, 0.058]"
67.36,67.4,silence,0.06779244542121887,,[],"[0.000, 0.138, 0.000, 0.001, 0.005, 0.000, 0.068]"
67.4,67.44,silence,0.07719223201274872,,[],"[0.000, 0.087, 0.000, 0.001, 0.007, 0.000, 0.077]"
67.44,67.48,silence,0.08571120351552963,,[],"[0.000, 0.053, 0.000, 0.000, 0.009, 0.000, 0.086]"
67.48,67.52,silence,0.09262478351593018,,[],"[0.000, 0.031, 0.000, 0.000, 0.013, 0.000, 0.093]"
67.52,67.56,silence,0.09724659472703934,,[],"[0.000, 0.018, 0.000, 0.000, 0.019, 0.000, 0.097]"
67.56,67.6,silence,0.09909834712743759,,[],"[0.000, 0.010, 0.000, 0.000, 0.028, 0.000, 0.099]"
67.6,67.64,silence,0.09795695543289185,,[],"[0.000, 0.006, 0.000, 0.000, 0.044, 0.000, 0.098]"
67.64,67.68,silence,0.09390658885240555,,[],"[0.000, 0.003, 0.000, 0.000, 0.068, 0.000, 0.094]"
67.68,67.72,silence,0.08731473237276077,,[],"[0.000, 0.002, 0.000, 0.000, 0.108, 0.000, 0.087]"
67.72,67.76,silence,0.0788571834564209,,[],"[0.000, 0.001, 0.000, 0.000, 0.169, 0.000, 0.079]"
67.76,67.8,silence,0.06930864602327347,,[],"[0.000, 0.001, 0.000, 0.000, 0.259, 0.000, 0.069]"
67.8,67.84,silence,0.05945298448204994,,[],"[0.000, 0.000, 0.000, 0.000, 0.377, 0.000, 0.059]"
67.84,67.88,silence,0.049918048083782196,,[],"[0.000, 0.000, 0.000, 0.000, 0.515, 0.000, 0.050]"
67.88,67.92,Liz,0.6501811146736145,Liz,[0.650],"[0.000, 0.000, 0.000, 0.000, 0.650, 0.000, 0.041]"
67.92,67.96,Liz,0.7643524408340454,Liz,[0.764],"[0.000, 0.000, 0.000, 0.000, 0.764, 0.000, 0.033]"
67.96,68.0,Liz,0.8485010266304016,Liz,[0.849],"[0.000, 0.000, 0.000, 0.000, 0.849, 0.000, 0.027]"
68.0,68.04,Liz,0.9049786329269409,Liz,[0.905],"[0.000, 0.000, 0.000, 0.000, 0.905, 0.000, 0.021]"
68.04,68.08,Liz,0.9407596588134766,Liz,[0.941],"[0.000, 0.000, 0.000, 0.000, 0.941, 0.000, 0.017]"
68.08,68.12,Liz,0.9627543687820435,Liz,[0.963],"[0.000, 0.000, 0.000, 0.000, 0.963, 0.000, 0.013]"
68.12,68.16,Liz,0.9760921597480774,Liz,[0.976],"[0.000, 0.000, 0.000, 0.000, 0.976, 0.000, 0.011]"
68.16,68.2,Liz,0.9841907620429993,Liz,[0.984],"[0.000, 0.000, 0.000, 0.000, 0.984, 0.000, 0.009]"
68.2,68.24,Liz,0.9891665577888489,Liz,[0.989],"[0.000, 0.000, 0.000, 0.000, 0.989, 0.000, 0.007]"
68.24,68.28,Liz,0.9922647476196289,Liz,[0.992],"[0.000, 0.000, 0.000, 0.000, 0.992, 0.000, 0.006]"
68.28,68.32,Liz,0.9942153096199036,Liz,[0.994],"[0.000, 0.000, 0.000, 0.000, 0.994, 0.000, 0.005]"
68.32,68.36,Liz,0.9954482913017273,Liz,[0.995],"[0.000, 0.000, 0.000, 0.000, 0.995, 0.000, 0.004]"
68.36,68.4,Liz,0.9962167143821716,Liz,[0.996],"[0.000, 0.000, 0.000, 0.000, 0.996, 0.000, 0.004]"
68.4,68.44,Liz,0.996669352054596,Liz,[0.997],"[0.000, 0.000, 0.000, 0.000, 0.997, 0.000, 0.004]"
68.44,68.48,Liz,0.9968888163566589,Liz,[0.997],"[0.000, 0.000, 0.000, 0.000, 0.997, 0.000, 0.004]"
68.48,68.52,Liz,0.9969179630279541,Liz,[0.997],"[0.000, 0.000, 0.000, 0.000, 0.997, 0.000, 0.004]"
68.52,68.56,Liz,0.9967660903930664,Liz,[0.997],"[0.000, 0.000, 0.000, 0.000, 0.997, 0.000, 0.004]"
68.56,68.6,Liz,0.9964208602905273,Liz,[0.996],"[0.000, 0.000, 0.000, 0.000, 0.996, 0.000, 0.004]"
68.6,68.64,Liz,0.995844304561615,Liz,[0.996],"[0.000, 0.000, 0.000, 0.000, 0.996, 0.000, 0.004]"
68.64,68.68,Liz,0.9949630498886108,Liz,[0.995],"[0.000, 0.000, 0.000, 0.000, 0.995, 0.000, 0.005]"
68.68,68.72,Liz,0.9936562180519104,Liz,[0.994],"[0.000, 0.000, 0.000, 0.000, 0.994, 0.000, 0.006]"
68.72,68.76,Liz,0.9917452931404114,Liz,[0.992],"[0.000, 0.000, 0.000, 0.000, 0.992, 0.000, 0.007]"
68.76,68.8,Liz,0.9889714121818542,Liz,[0.989],"[0.000, 0.000, 0.000, 0.000, 0.989, 0.000, 0.009]"
68.8,68.84,Liz,0.9849920272827148,Liz,[0.985],"[0.000, 0.000, 0.000, 0.000, 0.985, 0.000, 0.011]"
68.84,68.88,Liz,0.9793689846992493,Liz,[0.979],"[0.000, 0.000, 0.000, 0.000, 0.979, 0.000, 0.014]"
68.88,68.92,Liz,0.9715881943702698,Liz,[0.972],"[0.000, 0.000, 0.000, 0.000, 0.972, 0.000, 0.017]"
68.92,68.96,Liz,0.9611377120018005,Liz,[0.961],"[0.000, 0.000, 0.000, 0.000, 0.961, 0.000, 0.021]"
68.96,69.0,Liz,0.9476114511489868,Liz,[0.948],"[0.000, 0.000, 0.000, 0.000, 0.948, 0.000, 0.027]"
69.0,69.04,Liz,0.9308089017868042,Liz,[0.931],"[0.000, 0.000, 0.000, 0.000, 0.931, 0.000, 0.033]"
69.04,69.08,Liz,0.9109987616539001,Liz,[0.911],"[0.000, 0.000, 0.000, 0.000, 0.911, 0.000, 0.041]"
69.08,69.12,Liz,0.8889007568359375,Liz,[0.889],"[0.000, 0.000, 0.000, 0.000, 0.889, 0.000, 0.049]"
69.12,69.16,Liz,0.8657336831092834,Liz,[0.866],"[0.000, 0.000, 0.000, 0.000, 0.866, 0.000, 0.057]"
69.16,69.2,Liz,0.8430598378181458,Liz,[0.843],"[0.000, 0.000, 0.000, 0.000, 0.843, 0.000, 0.065]"
69.2,69.24,Liz,0.8226701021194458,Liz,[0.823],"[0.000, 0.000, 0.000, 0.000, 0.823, 0.000, 0.073]"
69.24,69.28,Liz,0.806205689907074,Liz,[0.806],"[0.000, 0.000, 0.000, 0.000, 0.806, 0.000, 0.079]"
69.28,69.32,Liz,0.7951460480690002,Liz,[0.795],"[0.000, 0.000, 0.000, 0.000, 0.795, 0.000, 0.084]"
69.32,69.36,Liz,0.79050612449646,Liz,[0.791],"[0.000, 0.000, 0.000, 0.000, 0.791, 0.000, 0.085]"
69.36,69.4,Liz,0.7929532527923584,Liz,[0.793],"[0.000, 0.000, 0.000, 0.000, 0.793, 0.000, 0.085]"
69.4,69.44,Liz,0.802142858505249,Liz,[0.802],"[0.000, 0.000, 0.000, 0.000, 0.802, 0.000, 0.081]"
69.44,69.48,Liz,0.8171437978744507,Liz,[0.817],"[0.000, 0.000, 0.000, 0.000, 0.817, 0.000, 0.076]"
69.48,69.52,Liz,0.8365570306777954,Liz,[0.837],"[0.000, 0.000, 0.000, 0.000, 0.837, 0.000, 0.069]"
69.52,69.56,Liz,0.858778715133667,Liz,[0.859],"[0.000, 0.000, 0.000, 0.000, 0.859, 0.000, 0.060]"
69.56,69.6,Liz,0.8821839094161987,Liz,[0.882],"[0.000, 0.000, 0.000, 0.000, 0.882, 0.000, 0.052]"
69.6,69.64,Liz,0.905044436454773,Liz,[0.905],"[0.000, 0.000, 0.000, 0.000, 0.905, 0.000, 0.043]"
69.64,69.68,Liz,0.9259329438209534,Liz,[0.926],"[0.000, 0.000, 0.000, 0.000, 0.926, 0.000, 0.035]"
69.68,69.72,Liz,0.9439463019371033,Liz,[0.944],"[0.000, 0.000, 0.000, 0.000, 0.944, 0.000, 0.028]"
69.72,69.76,Liz,0.9587094783782959,Liz,[0.959],"[0.000, 0.000, 0.000, 0.000, 0.959, 0.000, 0.022]"
69.76,69.8,Liz,0.9703052639961243,Liz,[0.970],"[0.000, 0.000, 0.000, 0.000, 0.970, 0.000, 0.017]"
69.8,69.84,Liz,0.9790672659873962,Liz,[0.979],"[0.000, 0.000, 0.000, 0.000, 0.979, 0.000, 0.013]"
69.84,69.88,Liz,0.9854684472084045,Liz,[0.985],"[0.000, 0.000, 0.000, 0.000, 0.985, 0.000, 0.009]"
69.88,69.92,Liz,0.99001544713974,Liz,[0.990],"[0.000, 0.000, 0.000, 0.000, 0.990, 0.000, 0.007]"
69.92,69.96,Liz,0.9931788444519043,Liz,[0.993],"[0.000, 0.000, 0.000, 0.000, 0.993, 0.000, 0.005]"
69.96,70.0,Liz,0.9953485131263733,Liz,[0.995],"[0.000, 0.000, 0.000, 0.000, 0.995, 0.000, 0.004]"
70.0,70.04,Liz,0.996825098991394,Liz,[0.997],"[0.000, 0.000, 0.000, 0.000, 0.997, 0.000, 0.003]"
70.04,70.08,Liz,0.9978253841400146,Liz,[0.998],"[0.000, 0.000, 0.000, 0.000, 0.998, 0.000, 0.002]"
70.08,70.12,Liz,0.9985016584396362,Liz,[0.999],"[0.000, 0.000, 0.000, 0.000, 0.999, 0.000, 0.002]"
70.12,70.16,Liz,0.998960018157959,Liz,[0.999],"[0.000, 0.000, 0.000, 0.000, 0.999, 0.000, 0.001]"
70.16,70.2,Liz,0.9992715716362,Liz,[0.999],"[0.000, 0.000, 0.000, 0.000, 0.999, 0.000, 0.001]"
70.2,70.24,Liz,0.9994840621948242,Liz,[0.999],"[0.000, 0.000, 0.000, 0.000, 0.999, 0.000, 0.001]"
70.24,70.28,Liz,0.9996299743652344,Liz,[1.000],"[0.000, 0.000, 0.000, 0.000, 1.000, 0.000, 0.001]"
70.28,70.32,Liz,0.9997311234474182,Liz,[1.000],"[0.000, 0.000, 0.000, 0.000, 1.000, 0.000, 0.001]"
70.32,70.36,Liz,0.9998021721839905,Liz,[1.000],"[0.000, 0.000, 0.000, 0.000, 1.000, 0.000, 0.000]"
70.36,70.4,Liz,0.9998522996902466,Liz,[1.000],"[0.000, 0.000, 0.000, 0.000, 1.000, 0.000, 0.000]"
70.4,70.44,Liz,0.9998881816864014,Liz,[1.000],"[0.000, 0.000, 0.000, 0.000, 1.000, 0.000, 0.000]"
70.44,70.48,Liz,0.9999141693115234,Liz,[1.000],"[0.000, 0.000, 0.000, 0.000, 1.000, 0.000, 0.000]"
70.48,70.52,Liz,0.9999330043792725,Liz,[1.000],"[0.000, 0.000, 0.000, 0.000, 1.000, 0.000, 0.000]"
70.52,70.56,Liz,0.9999470710754395,Liz,[1.000],"[0.000, 0.000, 0.000, 0.000, 1.000, 0.000, 0.000]"
70.56,70.6,Liz,0.9999576807022095,Liz,[1.000],"[0.000, 0.000, 0.000, 0.000, 1.000, 0.000, 0.000]"
70.6,70.64,Liz,0.9999657869338989,Liz,[1.000],"[0.000, 0.000, 0.000, 0.000, 1.000, 0.000, 0.000]"
70.64,70.68,Liz,0.9999721050262451,Liz,[1.000],"[0.000, 0.000, 0.000, 0.000, 1.000, 0.000, 0.000]"
70.68,70.72,Liz,0.9999769926071167,Liz,[1.000],"[0.000, 0.000, 0.000, 0.000, 1.000, 0.000, 0.000]"
70.72,70.76,Liz,0.9999808073043823,Liz,[1.000],"[0.000, 0.000, 0.000, 0.000, 1.000, 0.000, 0.000]"
70.76,70.8,Liz,0.9999839067459106,Liz,[1.000],"[0.000, 0.000, 0.000, 0.000, 1.000, 0.000, 0.000]"
70.8,70.84,Liz,0.9999865293502808,Liz,[1.000],"[0.000, 0.000, 0.000, 0.000, 1.000, 0.000, 0.000]"
70.84,70.88,Liz,0.9999885559082031,Liz,[1.000],"[0.000, 0.000, 0.000, 0.000, 1.000, 0.000, 0.000]"
70.88,70.92,Liz,0.9999902248382568,Liz,[1.000],"[0.000, 0.000, 0.000, 0.000, 1.000, 0.000, 0.000]"
70.92,70.96,Liz,0.9999916553497314,Liz,[1.000],"[0.000, 0.000, 0.000, 0.000, 1.000, 0.000, 0.000]"
70.96,71.0,Liz,0.999992847442627,Liz,[1.000],"[0.000, 0.000, 0.000, 0.000, 1.000, 0.000, 0.000]"
71.0,71.04,Liz,0.9999936819076538,Liz,[1.000],"[0.000, 0.000, 0.000, 0.000, 1.000, 0.000, 0.000]"
71.04,71.08,Liz,0.9999945163726807,Liz,[1.000],"[0.000, 0.000, 0.000, 0.000, 1.000, 0.000, 0.000]"
71.08,71.12,Liz,0.9999951124191284,Liz,[1.000],"[0.000, 0.000, 0.000, 0.000, 1.000, 0.000, 0.000]"
71.12,71.16,Liz,0.9999954700469971,Liz,[1.000],"[0.000, 0.000, 0.000, 0.000, 1.000, 0.000, 0.000]"
71.16,71.2,Liz,0.9999958276748657,Liz,[1.000],"[0.000, 0.000, 0.000, 0.000, 1.000, 0.000, 0.000]"
71.2,71.24,Liz,0.9999960660934448,Liz,[1.000],"[0.000, 0.000, 0.000, 0.000, 1.000, 0.000, 0.000]"
71.24,71.28,Liz,0.9999961853027344,Liz,[1.000],"[0.000, 0.000, 0.000, 0.000, 1.000, 0.000, 0.000]"
71.28,71.32,Liz,0.9999961853027344,Liz,[1.000],"[0.000, 0.000, 0.000, 0.000, 1.000, 0.000, 0.000]"
71.32,71.36,Liz,0.9999959468841553,Liz,[1.000],"[0.000, 0.000, 0.000, 0.000, 1.000, 0.000, 0.000]"
71.36,71.4,Liz,0.9999957084655762,Liz,[1.000],"[0.000, 0.000, 0.000, 0.000, 1.000, 0.000, 0.000]"
71.4,71.44,Liz,0.9999951124191284,Liz,[1.000],"[0.000, 0.000, 0.000, 0.000, 1.000, 0.000, 0.000]"
71.44,71.48,Liz,0.9999943971633911,Liz,[1.000],"[0.000, 0.000, 0.000, 0.000, 1.000, 0.000, 0.000]"
71.48,71.52,Liz,0.9999932050704956,Liz,[1.000],"[0.000, 0.000, 0.000, 0.000, 1.000, 0.000, 0.000]"
71.52,71.56,Liz,0.9999915361404419,Liz,[1.000],"[0.000, 0.000, 0.000, 0.000, 1.000, 0.000, 0.000]"
71.56,71.6,Liz,0.9999891519546509,Liz,[1.000],"[0.000, 0.000, 0.000, 0.000, 1.000, 0.000, 0.000]"
71.6,71.64,Liz,0.9999855756759644,Liz,[1.000],"[0.000, 0.000, 0.000, 0.000, 1.000, 0.000, 0.000]"
71.64,71.68,Liz,0.9999802112579346,Liz,[1.000],"[0.000, 0.000, 0.000, 0.000, 1.000, 0.000, 0.000]"
71.68,71.72,Liz,0.9999719858169556,Liz,[1.000],"[0.000, 0.000, 0.000, 0.000, 1.000, 0.000, 0.000]"
71.72,71.76,Liz,0.9999595880508423,Liz,[1.000],"[0.000, 0.000, 0.000, 0.000, 1.000, 0.000, 0.000]"
71.76,71.8,Liz,0.9999406337738037,Liz,[1.000],"[0.000, 0.000, 0.000, 0.000, 1.000, 0.000, 0.000]"
71.8,71.84,Liz,0.9999115467071533,Liz,[1.000],"[0.000, 0.000, 0.000, 0.000, 1.000, 0.000, 0.000]"
71.84,71.88,Liz,0.9998675584793091,Liz,[1.000],"[0.000, 0.000, 0.000, 0.000, 1.000, 0.000, 0.000]"
71.88,71.92,Liz,0.99980229139328,Liz,[1.000],"[0.000, 0.000, 0.000, 0.000, 1.000, 0.000, 0.000]"
71.92,71.96,Liz,0.9997079968452454,Liz,[1.000],"[0.000, 0.000, 0.000, 0.000, 1.000, 0.000, 0.000]"
71.96,72.0,Liz,0.9995761513710022,Liz,[1.000],"[0.000, 0.000, 0.000, 0.000, 1.000, 0.000, 0.001]"
72.0,72.04,Liz,0.9993973970413208,Liz,[0.999],"[0.000, 0.000, 0.000, 0.000, 0.999, 0.000, 0.001]"
72.04,72.08,Liz,0.9991635084152222,Liz,[0.999],"[0.000, 0.000, 0.000, 0.000, 0.999, 0.000, 0.001]"
72.08,72.12,Liz,0.9988695979118347,Liz,[0.999],"[0.000, 0.000, 0.000, 0.000, 0.999, 0.000, 0.001]"
72.12,72.16,Liz,0.9985185265541077,Liz,[0.999],"[0.000, 0.000, 0.000, 0.000, 0.999, 0.000, 0.001]"
72.16,72.2,Liz,0.9981207251548767,Liz,[0.998],"[0.000, 0.000, 0.000, 0.000, 0.998, 0.000, 0.001]"
72.2,72.24,Liz,0.9976959824562073,Liz,[0.998],"[0.000, 0.000, 0.000, 0.000, 0.998, 0.000, 0.001]"
72.24,72.28,Liz,0.9972735047340393,Liz,[0.997],"[0.000, 0.000, 0.000, 0.000, 0.997, 0.000, 0.001]"
72.28,72.32,Liz,0.9968895316123962,Liz,[0.997],"[0.000, 0.000, 0.000, 0.000, 0.997, 0.000, 0.002]"
72.32,72.36,Liz,0.9965798258781433,Liz,[0.997],"[0.000, 0.000, 0.000, 0.000, 0.997, 0.000, 0.002]"
72.36,72.4,Liz,0.9963770508766174,Liz,[0.996],"[0.000, 0.000, 0.000, 0.000, 0.996, 0.000, 0.002]"
72.4,72.44,Liz,0.9963059425354004,Liz,[0.996],"[0.000, 0.000, 0.000, 0.000, 0.996, 0.000, 0.002]"
72.44,72.48,Liz,0.9963749051094055,Liz,[0.996],"[0.000, 0.000, 0.000, 0.000, 0.996, 0.000, 0.002]"
72.48,72.52,Liz,0.9965705871582031,Liz,[0.997],"[0.000, 0.000, 0.000, 0.000, 0.997, 0.000, 0.002]"
72.52,72.56,Liz,0.9968618154525757,Liz,[0.997],"[0.000, 0.000, 0.000, 0.000, 0.997, 0.000, 0.002]"
72.56,72.6,Liz,0.9972108006477356,Liz,[0.997],"[0.000, 0.000, 0.000, 0.000, 0.997, 0.000, 0.002]"
72.6,72.64,Liz,0.9975801706314087,Liz,[0.998],"[0.000, 0.000, 0.000, 0.000, 0.998, 0.000, 0.001]"
72.64,72.68,Liz,0.99793940782547,Liz,[0.998],"[0.000, 0.000, 0.000, 0.000, 0.998, 0.000, 0.001]"
72.68,72.72,Liz,0.9982712268829346,Liz,[0.998],"[0.000, 0.000, 0.000, 0.000, 0.998, 0.000, 0.001]"
72.72,72.76,Liz,0.9985641837120056,Liz,[0.999],"[0.000, 0.000, 0.000, 0.000, 0.999, 0.000, 0.001]"
72.76,72.8,Liz,0.998813271522522,Liz,[0.999],"[0.000, 0.000, 0.000, 0.000, 0.999, 0.000, 0.001]"
72.8,72.84,Liz,0.9990184307098389,Liz,[0.999],"[0.000, 0.000, 0.000, 0.000, 0.999, 0.000, 0.001]"
72.84,72.88,Liz,0.9991834759712219,Liz,[0.999],"[0.000, 0.000, 0.000, 0.000, 0.999, 0.000, 0.001]"
72.88,72.92,Liz,0.9993137121200562,Liz,[0.999],"[0.000, 0.000, 0.000, 0.000, 0.999, 0.000, 0.001]"
72.92,72.96,Liz,0.9994157552719116,Liz,[0.999],"[0.000, 0.000, 0.000, 0.000, 0.999, 0.000, 0.001]"
72.96,73.0,Liz,0.999495267868042,Liz,[0.999],"[0.000, 0.000, 0.000, 0.000, 0.999, 0.000, 0.000]"
73.0,73.04,Liz,0.9995564818382263,Liz,[1.000],"[0.000, 0.000, 0.000, 0.000, 1.000, 0.000, 0.000]"
73.04,73.08,Liz,0.9996030926704407,Liz,[1.000],"[0.000, 0.000, 0.000, 0.000, 1.000, 0.000, 0.000]"
73.08,73.12,Liz,0.9996381998062134,Liz,[1.000],"[0.000, 0.000, 0.000, 0.000, 1.000, 0.000, 0.000]"
73.12,73.16,Liz,0.999664306640625,Liz,[1.000],"[0.000, 0.000, 0.000, 0.000, 1.000, 0.000, 0.000]"
73.16,73.2,Liz,0.9996834993362427,Liz,[1.000],"[0.000, 0.000, 0.000, 0.000, 1.000, 0.000, 0.000]"
73.2,73.24,Liz,0.9996974468231201,Liz,[1.000],"[0.000, 0.000, 0.000, 0.000, 1.000, 0.000, 0.000]"
73.24,73.28,Liz,0.9997075200080872,Liz,[1.000],"[0.000, 0.000, 0.000, 0.000, 1.000, 0.000, 0.000]"
73.28,73.32,Liz,0.9997147917747498,Liz,[1.000],"[0.000, 0.000, 0.000, 0.000, 1.000, 0.000, 0.000]"
73.32,73.36,Liz,0.9997201561927795,Liz,[1.000],"[0.000, 0.000, 0.000, 0.000, 1.000, 0.000, 0.000]"
73.36,73.4,Liz,0.9997238516807556,Liz,[1.000],"[0.000, 0.000, 0.000, 0.000, 1.000, 0.000, 0.000]"
73.4,73.44,Liz,0.9997254014015198,Liz,[1.000],"[0.000, 0.000, 0.000, 0.000, 1.000, 0.000, 0.000]"
73.44,73.48,Liz,0.9997240900993347,Liz,[1.000],"[0.000, 0.000, 0.000, 0.000, 1.000, 0.000, 0.000]"
73.48,73.52,Liz,0.9997187256813049,Liz,[1.000],"[0.000, 0.000, 0.000, 0.000, 1.000, 0.000, 0.000]"
73.52,73.56,Liz,0.9997082352638245,Liz,[1.000],"[0.000, 0.000, 0.000, 0.000, 1.000, 0.000, 0.000]"
73.56,73.6,Liz,0.9996908903121948,Liz,[1.000],"[0.000, 0.000, 0.000, 0.000, 1.000, 0.000, 0.000]"
73.6,73.64,Liz,0.9996651411056519,Liz,[1.000],"[0.000, 0.000, 0.000, 0.000, 1.000, 0.000, 0.000]"
73.64,73.68,Liz,0.9996280670166016,Liz,[1.000],"[0.000, 0.000, 0.000, 0.000, 1.000, 0.000, 0.001]"
73.68,73.72,Liz,0.9995761513710022,Liz,[1.000],"[0.000, 0.000, 0.000, 0.000, 1.000, 0.000, 0.001]"
73.72,73.76,Liz,0.9995039701461792,Liz,[1.000],"[0.000, 0.000, 0.000, 0.000, 1.000, 0.000, 0.001]"
73.76,73.8,Liz,0.9994035959243774,Liz,[0.999],"[0.000, 0.000, 0.000, 0.000, 0.999, 0.000, 0.001]"
73.8,73.84,Liz,0.9992637038230896,Liz,[0.999],"[0.000, 0.000, 0.000, 0.000, 0.999, 0.000, 0.001]"
73.84,73.88,Liz,0.9990673661231995,Liz,[0.999],"[0.000, 0.000, 0.000, 0.000, 0.999, 0.000, 0.001]"
73.88,73.92,Liz,0.9987899661064148,Liz,[0.999],"[0.000, 0.000, 0.000, 0.000, 0.999, 0.000, 0.002]"
73.92,73.96,Liz,0.9983953833580017,Liz,[0.998],"[0.000, 0.000, 0.000, 0.000, 0.998, 0.000, 0.002]"
73.96,74.0,Liz,0.9978354573249817,Liz,[0.998],"[0.000, 0.000, 0.000, 0.000, 0.998, 0.000, 0.002]"
74.0,74.04,Liz,0.9970459342002869,Liz,[0.997],"[0.000, 0.000, 0.000, 0.000, 0.997, 0.000, 0.003]"
74.04,74.08,Liz,0.9959436058998108,Liz,[0.996],"[0.000, 0.000, 0.000, 0.000, 0.996, 0.000, 0.003]"
74.08,74.12,Liz,0.9944247007369995,Liz,[0.994],"[0.000, 0.000, 0.000, 0.000, 0.994, 0.000, 0.004]"
74.12,74.16,Liz,0.9923645257949829,Liz,[0.992],"[0.000, 0.000, 0.000, 0.000, 0.992, 0.000, 0.005]"
74.16,74.2,Liz,0.9896389245986938,Liz,[0.990],"[0.000, 0.000, 0.000, 0.000, 0.990, 0.000, 0.005]"
74.2,74.24,Liz,0.9861422181129456,Liz,[0.986],"[0.000, 0.000, 0.000, 0.000, 0.986, 0.000, 0.006]"
74.24,74.28,Liz,0.9818183779716492,Liz,[0.982],"[0.000, 0.000, 0.000, 0.000, 0.982, 0.000, 0.006]"
74.28,74.32,Liz,0.9766885638237,Liz,[0.977],"[0.000, 0.000, 0.000, 0.000, 0.977, 0.000, 0.006]"
74.32,74.36,Liz,0.9709187746047974,Liz,[0.971],"[0.000, 0.000, 0.000, 0.000, 0.971, 0.000, 0.006]"
74.36,74.4,Liz,0.9648655652999878,Liz,[0.965],"[0.000, 0.000, 0.000, 0.000, 0.965, 0.000, 0.006]"
74.4,74.44,Liz,0.95905601978302,Liz,[0.959],"[0.000, 0.000, 0.000, 0.000, 0.959, 0.000, 0.006]"
74.44,74.48,Liz,0.9540737867355347,Liz,[0.954],"[0.000, 0.000, 0.000, 0.000, 0.954, 0.000, 0.005]"
74.48,74.52,Liz,0.9504806995391846,Liz,[0.950],"[0.000, 0.000, 0.000, 0.000, 0.950, 0.000, 0.004]"
74.52,74.56,Liz,0.948738694190979,Liz,[0.949],"[0.000, 0.000, 0.000, 0.000, 0.949, 0.000, 0.004]"
74.56,74.6,Liz,0.9490566253662109,Liz,[0.949],"[0.000, 0.000, 0.000, 0.000, 0.949, 0.000, 0.003]"
74.6,74.64,Liz,0.9513835906982422,Liz,[0.951],"[0.000, 0.000, 0.000, 0.000, 0.951, 0.000, 0.002]"
74.64,74.68,Liz,0.9554124474525452,Liz,[0.955],"[0.000, 0.000, 0.000, 0.000, 0.955, 0.000, 0.002]"
74.68,74.72,Liz,0.960607647895813,Liz,[0.961],"[0.000, 0.000, 0.000, 0.000, 0.961, 0.000, 0.001]"
74.72,74.76,Liz,0.9663822650909424,Liz,[0.966],"[0.000, 0.000, 0.000, 0.000, 0.966, 0.000, 0.001]"
74.76,74.8,Liz,0.9721885919570923,Liz,[0.972],"[0.000, 0.000, 0.000, 0.000, 0.972, 0.000, 0.001]"
74.8,74.84,Liz,0.9775915145874023,Liz,[0.978],"[0.000, 0.000, 0.000, 0.000, 0.978, 0.000, 0.000]"
74.84,74.88,Liz,0.9823259711265564,Liz,[0.982],"[0.000, 0.000, 0.000, 0.000, 0.982, 0.000, 0.000]"
74.88,74.92,Liz,0.9862591028213501,Liz,[0.986],"[0.000, 0.000, 0.000, 0.000, 0.986, 0.000, 0.000]"
74.92,74.96,Liz,0.9893897175788879,Liz,[0.989],"[0.000, 0.000, 0.000, 0.000, 0.989, 0.000, 0.000]"
74.96,75.0,Liz,0.9917957186698914,Liz,[0.992],"[0.000, 0.000, 0.000, 0.000, 0.992, 0.000, 0.000]"
75.0,75.04,Liz,0.9935935139656067,Liz,[0.994],"[0.000, 0.000, 0.000, 0.000, 0.994, 0.000, 0.000]"
75.04,75.08,Liz,0.9949038028717041,Liz,[0.995],"[0.000, 0.000, 0.000, 0.000, 0.995, 0.000, 0.000]"
75.08,75.12,Liz,0.9958335161209106,Liz,[0.996],"[0.000, 0.000, 0.000, 0.000, 0.996, 0.000, 0.000]"
75.12,75.16,Liz,0.9964678287506104,Liz,[0.996],"[0.000, 0.000, 0.000, 0.000, 0.996, 0.000, 0.000]"
75.16,75.2,Liz,0.9968658089637756,Liz,[0.997],"[0.000, 0.000, 0.000, 0.000, 0.997, 0.000, 0.000]"
75.2,75.24,Liz,0.9970677495002747,Liz,[0.997],"[0.000, 0.000, 0.000, 0.000, 0.997, 0.000, 0.000]"
75.24,75.28,Liz,0.9970890879631042,Liz,[0.997],"[0.000, 0.000, 0.000, 0.000, 0.997, 0.000, 0.000]"
75.28,75.32,Liz,0.9969189167022705,Liz,[0.997],"[0.000, 0.000, 0.000, 0.000, 0.997, 0.000, 0.000]"
75.32,75.36,Liz,0.996508777141571,Liz,[0.997],"[0.000, 0.000, 0.000, 0.000, 0.997, 0.000, 0.000]"
75.36,75.4,Liz,0.9957589507102966,Liz,[0.996],"[0.000, 0.000, 0.000, 0.000, 0.996, 0.000, 0.000]"
75.4,75.44,Liz,0.9944842457771301,Liz,[0.994],"[0.000, 0.000, 0.000, 0.000, 0.994, 0.000, 0.000]"
75.44,75.48,Liz,0.9923549890518188,Liz,[0.992],"[0.000, 0.000, 0.000, 0.000, 0.992, 0.000, 0.000]"
75.48,75.52,Liz,0.9887641668319702,Liz,[0.989],"[0.000, 0.000, 0.000, 0.000, 0.989, 0.000, 0.000]"
75.52,75.56,Liz,0.982617199420929,Liz,[0.983],"[0.000, 0.000, 0.000, 0.000, 0.983, 0.000, 0.000]"
75.56,75.6,Liz,0.9719178080558777,Liz,[0.972],"[0.000, 0.000, 0.000, 0.000, 0.972, 0.000, 0.000]"
75.6,75.64,Liz,0.9530904293060303,Liz,[0.953],"[0.000, 0.000, 0.001, 0.000, 0.953, 0.000, 0.000]"
75.64,75.68,Liz,0.9200648069381714,Liz,[0.920],"[0.000, 0.000, 0.001, 0.000, 0.920, 0.000, 0.000]"
75.68,75.72,Liz,0.8635783791542053,Liz,[0.864],"[0.000, 0.000, 0.002, 0.000, 0.864, 0.000, 0.000]"
75.72,75.76,Liz,0.7727810740470886,Liz,[0.773],"[0.000, 0.000, 0.004, 0.000, 0.773, 0.000, 0.000]"
75.76,75.8,Liz,0.642225980758667,Liz,[0.642],"[0.000, 0.000, 0.007, 0.000, 0.642, 0.000, 0.000]"
75.8,75.84,silence,0.0004189733590465039,,[],"[0.000, 0.000, 0.012, 0.000, 0.483, 0.000, 0.000]"
75.84,75.88,silence,0.0005770879215560853,,[],"[0.000, 0.000, 0.022, 0.000, 0.326, 0.000, 0.001]"
75.88,75.92,silence,0.0007898272015154362,,[],"[0.000, 0.000, 0.040, 0.000, 0.199, 0.000, 0.001]"
75.92,75.96,silence,0.001071187318302691,,[],"[0.000, 0.000, 0.072, 0.000, 0.112, 0.000, 0.001]"
75.96,76.0,silence,0.0014366570394486189,,[],"[0.000, 0.000, 0.125, 0.000, 0.061, 0.000, 0.001]"
76.0,76.04,silence,0.0019015534780919552,,[],"[0.000, 0.000, 0.208, 0.000, 0.032, 0.000, 0.002]"
76.04,76.08,silence,0.0024797453079372644,,[],"[0.000, 0.000, 0.324, 0.000, 0.017, 0.000, 0.002]"
76.08,76.12,silence,0.003183878492563963,,[],"[0.000, 0.000, 0.464, 0.000, 0.009, 0.000, 0.003]"
76.12,76.16,silence,0.004027811344712973,,[],"[0.000, 0.000, 0.607, 0.000, 0.005, 0.000, 0.004]"
76.16,76.2,Rei,0.7308291792869568,Rei,[0.731],"[0.000, 0.000, 0.731, 0.000, 0.003, 0.000, 0.005]"
76.2,76.24,Rei,0.8244422078132629,Rei,[0.824],"[0.000, 0.000, 0.824, 0.000, 0.001, 0.000, 0.006]"
76.24,76.28,Rei,0.8881915807723999,Rei,[0.888],"[0.000, 0.000, 0.888, 0.000, 0.001, 0.000, 0.008]"
76.28,76.32,Rei,0.9290030002593994,Rei,[0.929],"[0.000, 0.000, 0.929, 0.000, 0.000, 0.000, 0.009]"
76.32,76.36,Rei,0.9544547200202942,Rei,[0.954],"[0.000, 0.000, 0.954, 0.000, 0.000, 0.000, 0.011]"
76.36,76.4,Rei,0.9703108668327332,Rei,[0.970],"[0.000, 0.000, 0.970, 0.000, 0.000, 0.000, 0.012]"
76.4,76.44,Rei,0.9802792072296143,Rei,[0.980],"[0.000, 0.000, 0.980, 0.000, 0.000, 0.000, 0.014]"
76.44,76.48,Rei,0.9866292476654053,Rei,[0.987],"[0.000, 0.000, 0.987, 0.000, 0.000, 0.000, 0.016]"
76.48,76.52,Rei,0.9907446503639221,Rei,[0.991],"[0.000, 0.000, 0.991, 0.000, 0.000, 0.000, 0.018]"
76.52,76.56,Rei,0.9934689998626709,Rei,[0.993],"[0.000, 0.000, 0.993, 0.000, 0.000, 0.000, 0.019]"
76.56,76.6,Rei,0.9953141212463379,Rei,[0.995],"[0.000, 0.000, 0.995, 0.000, 0.000, 0.000, 0.021]"
76.6,76.64,Rei,0.9965960383415222,Rei,[0.997],"[0.000, 0.000, 0.997, 0.000, 0.000, 0.000, 0.022]"
76.64,76.68,Rei,0.9975098371505737,Rei,[0.998],"[0.000, 0.000, 0.998, 0.000, 0.000, 0.000, 0.023]"
76.68,76.72,Rei,0.998173713684082,Rei,[0.998],"[0.000, 0.000, 0.998, 0.000, 0.000, 0.000, 0.023]"
76.72,76.76,Rei,0.9986634254455566,Rei,[0.999],"[0.000, 0.000, 0.999, 0.000, 0.000, 0.000, 0.022]"
76.76,76.8,Rei,0.9990298748016357,Rei,[0.999],"[0.000, 0.000, 0.999, 0.000, 0.000, 0.000, 0.021]"
76.8,76.84,Rei,0.9993051290512085,Rei,[0.999],"[0.000, 0.000, 0.999, 0.000, 0.000, 0.000, 0.020]"
76.84,76.88,Rei,0.999510645866394,Rei,[1.000],"[0.000, 0.000, 1.000, 0.000, 0.000, 0.000, 0.018]"
76.88,76.92,Rei,0.9996621608734131,Rei,[1.000],"[0.000, 0.000, 1.000, 0.000, 0.000, 0.000, 0.015]"
76.92,76.96,Rei,0.999771773815155,Rei,[1.000],"[0.000, 0.000, 1.000, 0.000, 0.000, 0.000, 0.013]"
76.96,77.0,Rei,0.9998492002487183,Rei,[1.000],"[0.000, 0.000, 1.000, 0.000, 0.000, 0.000, 0.011]"
77.0,77.04,Rei,0.9999027252197266,Rei,[1.000],"[0.000, 0.000, 1.000, 0.000, 0.000, 0.000, 0.008]"
77.04,77.08,Rei,0.9999384880065918,Rei,[1.000],"[0.000, 0.000, 1.000, 0.000, 0.000, 0.000, 0.007]"
77.08,77.12,Rei,0.9999617338180542,Rei,[1.000],"[0.000, 0.000, 1.000, 0.000, 0.000, 0.000, 0.005]"
77.12,77.16,Rei,0.999976634979248,Rei,[1.000],"[0.000, 0.000, 1.000, 0.000, 0.000, 0.000, 0.004]"
77.16,77.2,Rei,0.9999858140945435,Rei,[1.000],"[0.000, 0.000, 1.000, 0.000, 0.000, 0.000, 0.003]"
77.2,77.24,Rei,0.9999915361404419,Rei,[1.000],"[0.000, 0.000, 1.000, 0.000, 0.000, 0.000, 0.002]"
77.24,77.28,Rei,0.9999948740005493,Rei,[1.000],"[0.000, 0.000, 1.000, 0.000, 0.000, 0.000, 0.001]"
77.28,77.32,Rei,0.9999970197677612,Rei,[1.000],"[0.000, 0.000, 1.000, 0.000, 0.000, 0.000, 0.001]"
77.32,77.36,Rei,0.9999982118606567,Rei,[1.000],"[0.000, 0.000, 1.000, 0.000, 0.000, 0.000, 0.001]"
77.36,77.4,Rei,0.999998927116394,Rei,[1.000],"[0.000, 0.000, 1.000, 0.000, 0.000, 0.000, 0.000]"
77.4,77.44,Rei,0.9999994039535522,Rei,[1.000],"[0.000, 0.000, 1.000, 0.000, 0.000, 0.000, 0.000]"
77.44,77.48,Rei,0.9999996423721313,Rei,[1.000],"[0.000, 0.000, 1.000, 0.000, 0.000, 0.000, 0.000]"
77.48,77.52,Rei,0.9999997615814209,Rei,[1.000],"[0.000, 0.000, 1.000, 0.000, 0.000, 0.000, 0.000]"
77.52,77.56,Rei,0.9999998807907104,Rei,[1.000],"[0.000, 0.000, 1.000, 0.000, 0.000, 0.000, 0.000]"
77.56,77.6,Rei,0.9999998807907104,Rei,[1.000],"[0.000, 0.000, 1.000, 0.000, 0.000, 0.000, 0.000]"
77.6,77.64,Rei,1.0,Rei,[1.000],"[0.000, 0.000, 1.000, 0.000, 0.000, 0.000, 0.000]"
77.64,77.68,Rei,1.0,Rei,[1.000],"[0.000, 0.000, 1.000, 0.000, 0.000, 0.000, 0.000]"
77.68,77.72,Rei,1.0,Rei,[1.000],"[0.000, 0.000, 1.000, 0.000, 0.000, 0.000, 0.000]"
77.72,77.76,Rei,1.0,Rei,[1.000],"[0.000, 0.000, 1.000, 0.000, 0.000, 0.000, 0.000]"
77.76,77.8,Rei,1.0,Rei,[1.000],"[0.000, 0.000, 1.000, 0.000, 0.000, 0.000, 0.000]"
77.8,77.84,Rei,1.0,Rei,[1.000],"[0.000, 0.000, 1.000, 0.000, 0.000, 0.000, 0.000]"
77.84,77.88,Rei,1.0,Rei,[1.000],"[0.000, 0.000, 1.000, 0.000, 0.000, 0.000, 0.000]"
77.88,77.92,Rei,1.0,Rei,[1.000],"[0.000, 0.000, 1.000, 0.000, 0.000, 0.000, 0.000]"
77.92,77.96,Rei,1.0,Rei,[1.000],"[0.000, 0.000, 1.000, 0.000, 0.000, 0.000, 0.000]"
77.96,78.0,Rei,1.0,Rei,[1.000],"[0.000, 0.000, 1.000, 0.000, 0.000, 0.000, 0.000]"
78.0,78.04,Rei,1.0,Rei,[1.000],"[0.000, 0.000, 1.000, 0.000, 0.000, 0.000, 0.000]"
78.04,78.08,Rei,1.0,Rei,[1.000],"[0.000, 0.000, 1.000, 0.000, 0.000, 0.000, 0.000]"
78.08,78.12,Rei,1.0,Rei,[1.000],"[0.000, 0.000, 1.000, 0.000, 0.000, 0.000, 0.000]"
78.12,78.16,Rei,1.0,Rei,[1.000],"[0.000, 0.000, 1.000, 0.000, 0.000, 0.000, 0.000]"
78.16,78.2,Rei,1.0,Rei,[1.000],"[0.000, 0.000, 1.000, 0.000, 0.000, 0.000, 0.000]"
78.2,78.24,Rei,1.0,Rei,[1.000],"[0.000, 0.000, 1.000, 0.000, 0.000, 0.000, 0.000]"
78.24,78.28,Rei,1.0,Rei,[1.000],"[0.000, 0.000, 1.000, 0.000, 0.000, 0.000, 0.000]"
78.28,78.32,Rei,1.0,Rei,[1.000],"[0.000, 0.000, 1.000, 0.000, 0.000, 0.000, 0.000]"
78.32,78.36,Rei,1.0,Rei,[1.000],"[0.000, 0.000, 1.000, 0.000, 0.000, 0.000, 0.000]"
78.36,78.4,Rei,1.0,Rei,[1.000],"[0.000, 0.000, 1.000, 0.000, 0.000, 0.000, 0.000]"
78.4,78.44,Rei,1.0,Rei,[1.000],"[0.000, 0.000, 1.000, 0.000, 0.000, 0.000, 0.000]"
78.44,78.48,Rei,1.0,Rei,[1.000],"[0.000, 0.000, 1.000, 0.000, 0.000, 0.000, 0.000]"
78.48,78.52,Rei,1.0,Rei,[1.000],"[0.000, 0.000, 1.000, 0.000, 0.000, 0.000, 0.000]"
78.52,78.56,Rei,1.0,Rei,[1.000],"[0.000, 0.000, 1.000, 0.000, 0.000, 0.000, 0.000]"
78.56,78.6,Rei,1.0,Rei,[1.000],"[0.000, 0.000, 1.000, 0.000, 0.000, 0.000, 0.000]"
78.6,78.64,Rei,1.0,Rei,[1.000],"[0.000, 0.000, 1.000, 0.000, 0.000, 0.000, 0.000]"
78.64,78.68,Rei,1.0,Rei,[1.000],"[0.000, 0.000, 1.000, 0.000, 0.000, 0.000, 0.000]"
78.68,78.72,Rei,1.0,Rei,[1.000],"[0.000, 0.000, 1.000, 0.000, 0.000, 0.000, 0.000]"
78.72,78.76,Rei,0.9999998807907104,Rei,[1.000],"[0.000, 0.000, 1.000, 0.000, 0.000, 0.000, 0.000]"
78.76,78.8,Rei,0.9999998807907104,Rei,[1.000],"[0.000, 0.000, 1.000, 0.000, 0.000, 0.000, 0.000]"
78.8,78.84,Rei,0.9999998807907104,Rei,[1.000],"[0.000, 0.000, 1.000, 0.000, 0.000, 0.000, 0.000]"
78.84,78.88,Rei,0.9999997615814209,Rei,[1.000],"[0.000, 0.000, 1.000, 0.000, 0.000, 0.000, 0.000]"
78.88,78.92,Rei,0.9999996423721313,Rei,[1.000],"[0.000, 0.000, 1.000, 0.000, 0.000, 0.000, 0.000]"
78.92,78.96,Rei,0.9999994039535522,Rei,[1.000],"[0.000, 0.000, 1.000, 0.000, 0.000, 0.000, 0.000]"
78.96,79.0,Rei,0.9999990463256836,Rei,[1.000],"[0.000, 0.000, 1.000, 0.000, 0.000, 0.000, 0.000]"
79.0,79.04,Rei,0.9999985694885254,Rei,[1.000],"[0.000, 0.000, 1.000, 0.000, 0.000, 0.000, 0.000]"
79.04,79.08,Rei,0.9999979734420776,Rei,[1.000],"[0.000, 0.000, 1.000, 0.000, 0.000, 0.000, 0.001]"
79.08,79.12,Rei,0.9999969005584717,Rei,[1.000],"[0.000, 0.000, 1.000, 0.000, 0.000, 0.000, 0.001]"
79.12,79.16,Rei,0.9999954700469971,Rei,[1.000],"[0.000, 0.000, 1.000, 0.000, 0.000, 0.000, 0.001]"
79.16,79.2,Rei,0.9999933242797852,Rei,[1.000],"[0.000, 0.000, 1.000, 0.000, 0.000, 0.000, 0.001]"
79.2,79.24,Rei,0.9999903440475464,Rei,[1.000],"[0.000, 0.000, 1.000, 0.000, 0.000, 0.000, 0.002]"
79.24,79.28,Rei,0.9999862909317017,Rei,[1.000],"[0.000, 0.000, 1.000, 0.000, 0.000, 0.000, 0.002]"
79.28,79.32,Rei,0.9999806880950928,Rei,[1.000],"[0.000, 0.000, 1.000, 0.000, 0.000, 0.000, 0.002]"
79.32,79.36,Rei,0.999972939491272,Rei,[1.000],"[0.000, 0.000, 1.000, 0.000, 0.000, 0.000, 0.003]"
79.36,79.4,Rei,0.999962568283081,Rei,[1.000],"[0.000, 0.000, 1.000, 0.000, 0.000, 0.000, 0.004]"
79.4,79.44,Rei,0.9999486207962036,Rei,[1.000],"[0.000, 0.000, 1.000, 0.000, 0.000, 0.000, 0.004]"
79.44,79.48,Rei,0.999929666519165,Rei,[1.000],"[0.000, 0.000, 1.000, 0.000, 0.000, 0.000, 0.005]"
79.48,79.52,Rei,0.9999037981033325,Rei,[1.000],"[0.000, 0.000, 1.000, 0.000, 0.000, 0.000, 0.006]"
79.52,79.56,Rei,0.9998683929443359,Rei,[1.000],"[0.000, 0.000, 1.000, 0.000, 0.000, 0.000, 0.006]"
79.56,79.6,Rei,0.9998200535774231,Rei,[1.000],"[0.000, 0.000, 1.000, 0.000, 0.000, 0.000, 0.007]"
79.6,79.64,Rei,0.9997538924217224,Rei,[1.000],"[0.000, 0.000, 1.000, 0.000, 0.000, 0.000, 0.008]"
79.64,79.68,Rei,0.9996639490127563,Rei,[1.000],"[0.000, 0.000, 1.000, 0.000, 0.000, 0.000, 0.008]"
79.68,79.72,Rei,0.999542236328125,Rei,[1.000],"[0.000, 0.000, 1.000, 0.000, 0.000, 0.000, 0.009]"
79.72,79.76,Rei,0.9993792772293091,Rei,[0.999],"[0.000, 0.000, 0.999, 0.000, 0.000, 0.000, 0.009]"
79.76,79.8,Rei,0.9991648197174072,Rei,[0.999],"[0.000, 0.000, 0.999, 0.000, 0.000, 0.000, 0.009]"
79.8,79.84,Rei,0.9988861680030823,Rei,[0.999],"[0.000, 0.000, 0.999, 0.000, 0.000, 0.000, 0.009]"
79.84,79.88,Rei,0.9985309839248657,Rei,[0.999],"[0.000, 0.000, 0.999, 0.000, 0.000, 0.000, 0.009]"
79.88,79.92,Rei,0.9980884194374084,Rei,[0.998],"[0.000, 0.000, 0.998, 0.000, 0.000, 0.000, 0.009]"
79.92,79.96,Rei,0.9975537657737732,Rei,[0.998],"[0.000, 0.000, 0.998, 0.000, 0.000, 0.000, 0.009]"
79.96,80.0,Rei,0.996935248374939,Rei,[0.997],"[0.000, 0.000, 0.997, 0.000, 0.000, 0.000, 0.008]"
80.0,80.04,Rei,0.9962571859359741,Rei,[0.996],"[0.000, 0.000, 0.996, 0.000, 0.000, 0.000, 0.008]"
80.04,80.08,Rei,0.995561957359314,Rei,[0.996],"[0.000, 0.000, 0.996, 0.000, 0.000, 0.000, 0.007]"
80.08,80.12,Rei,0.9949164390563965,Rei,[0.995],"[0.000, 0.000, 0.995, 0.000, 0.000, 0.000, 0.006]"
80.12,80.16,Rei,0.9944004416465759,Rei,[0.994],"[0.000, 0.000, 0.994, 0.000, 0.000, 0.000, 0.006]"
80.16,80.2,Rei,0.9940922856330872,Rei,[0.994],"[0.000, 0.000, 0.994, 0.000, 0.000, 0.000, 0.005]"
80.2,80.24,Rei,0.994045078754425,Rei,[0.994],"[0.000, 0.000, 0.994, 0.000, 0.000, 0.000, 0.004]"
80.24,80.28,Rei,0.9942795038223267,Rei,[0.994],"[0.000, 0.000, 0.994, 0.000, 0.000, 0.000, 0.004]"
80.28,80.32,Rei,0.994766116142273,Rei,[0.995],"[0.000, 0.000, 0.995, 0.000, 0.000, 0.000, 0.003]"
80.32,80.36,Rei,0.9954308271408081,Rei,[0.995],"[0.000, 0.000, 0.995, 0.000, 0.000, 0.000, 0.003]"
80.36,80.4,Rei,0.9961816072463989,Rei,[0.996],"[0.000, 0.000, 0.996, 0.000, 0.000, 0.000, 0.002]"
80.4,80.44,Rei,0.9969335794448853,Rei,[0.997],"[0.000, 0.000, 0.997, 0.000, 0.000, 0.000, 0.002]"
80.44,80.48,Rei,0.9976224303245544,Rei,[0.998],"[0.000, 0.000, 0.998, 0.000, 0.000, 0.000, 0.001]"
80.48,80.52,Rei,0.9982072114944458,Rei,[0.998],"[0.000, 0.000, 0.998, 0.000, 0.000, 0.000, 0.001]"
80.52,80.56,Rei,0.9986714124679565,Rei,[0.999],"[0.000, 0.000, 0.999, 0.000, 0.000, 0.000, 0.001]"
80.56,80.6,Rei,0.9990227222442627,Rei,[0.999],"[0.000, 0.000, 0.999, 0.000, 0.000, 0.000, 0.001]"
80.6,80.64,Rei,0.9992795586585999,Rei,[0.999],"[0.000, 0.000, 0.999, 0.000, 0.000, 0.000, 0.001]"
80.64,80.68,Rei,0.9994636178016663,Rei,[0.999],"[0.000, 0.000, 0.999, 0.000, 0.000, 0.000, 0.001]"
80.68,80.72,Rei,0.9995940327644348,Rei,[1.000],"[0.000, 0.000, 1.000, 0.000, 0.000, 0.000, 0.001]"
80.72,80.76,Rei,0.9996858835220337,Rei,[1.000],"[0.000, 0.000, 1.000, 0.000, 0.000, 0.000, 0.001]"
80.76,80.8,Rei,0.9997506737709045,Rei,[1.000],"[0.000, 0.000, 1.000, 0.000, 0.000, 0.000, 0.000]"
80.8,80.84,Rei,0.9997966885566711,Rei,[1.000],"[0.000, 0.000, 1.000, 0.000, 0.000, 0.000, 0.000]"
80.84,80.88,Rei,0.9998291730880737,Rei,[1.000],"[0.000, 0.000, 1.000, 0.000, 0.000, 0.000, 0.000]"
80.88,80.92,Rei,0.9998519420623779,Rei,[1.000],"[0.000, 0.000, 1.000, 0.000, 0.000, 0.000, 0.000]"
80.92,80.96,Rei,0.9998680353164673,Rei,[1.000],"[0.000, 0.000, 1.000, 0.000, 0.000, 0.000, 0.000]"
80.96,81.0,Rei,0.9998794794082642,Rei,[1.000],"[0.000, 0.000, 1.000, 0.000, 0.000, 0.000, 0.000]"
81.0,81.04,Rei,0.9998878240585327,Rei,[1.000],"[0.000, 0.000, 1.000, 0.000, 0.000, 0.000, 0.000]"
81.04,81.08,Rei,0.9998941421508789,Rei,[1.000],"[0.000, 0.000, 1.000, 0.000, 0.000, 0.000, 0.000]"
81.08,81.12,Rei,0.9998993873596191,Rei,[1.000],"[0.000, 0.000, 1.000, 0.000, 0.000, 0.000, 0.000]"
81.12,81.16,Rei,0.9999041557312012,Rei,[1.000],"[0.000, 0.000, 1.000, 0.000, 0.000, 0.000, 0.000]"
81.16,81.2,Rei,0.9999091625213623,Rei,[1.000],"[0.000, 0.000, 1.000, 0.000, 0.000, 0.000, 0.000]"
81.2,81.24,Rei,0.9999150037765503,Rei,[1.000],"[0.000, 0.000, 1.000, 0.000, 0.000, 0.000, 0.000]"
81.24,81.28,Rei,0.9999216794967651,Rei,[1.000],"[0.000, 0.000, 1.000, 0.000, 0.000, 0.000, 0.000]"
81.28,81.32,Rei,0.9999294281005859,Rei,[1.000],"[0.000, 0.000, 1.000, 0.000, 0.000, 0.000, 0.000]"
81.32,81.36,Rei,0.999937891960144,Rei,[1.000],"[0.000, 0.000, 1.000, 0.000, 0.000, 0.000, 0.000]"
81.36,81.4,Rei,0.9999468326568604,Rei,[1.000],"[0.000, 0.000, 1.000, 0.000, 0.000, 0.000, 0.000]"
81.4,81.44,Rei,0.9999556541442871,Rei,[1.000],"[0.000, 0.000, 1.000, 0.000, 0.000, 0.000, 0.000]"
81.44,81.48,Rei,0.9999639987945557,Rei,[1.000],"[0.000, 0.000, 1.000, 0.000, 0.000, 0.000, 0.000]"
81.48,81.52,Rei,0.9999716281890869,Rei,[1.000],"[0.000, 0.000, 1.000, 0.000, 0.000, 0.000, 0.000]"
81.52,81.56,Rei,0.9999781847000122,Rei,[1.000],"[0.000, 0.000, 1.000, 0.000, 0.000, 0.000, 0.000]"
81.56,81.6,Rei,0.9999836683273315,Rei,[1.000],"[0.000, 0.000, 1.000, 0.000, 0.000, 0.000, 0.000]"
81.6,81.64,Rei,0.9999880790710449,Rei,[1.000],"[0.000, 0.000, 1.000, 0.000, 0.000, 0.000, 0.000]"
81.64,81.68,Rei,0.9999914169311523,Rei,[1.000],"[0.000, 0.000, 1.000, 0.000, 0.000, 0.000, 0.000]"
81.68,81.72,Rei,0.9999939203262329,Rei,[1.000],"[0.000, 0.000, 1.000, 0.000, 0.000, 0.000, 0.000]"
81.72,81.76,Rei,0.9999957084655762,Rei,[1.000],"[0.000, 0.000, 1.000, 0.000, 0.000, 0.000, 0.000]"
81.76,81.8,Rei,0.9999970197677612,Rei,[1.000],"[0.000, 0.000, 1.000, 0.000, 0.000, 0.000, 0.000]"
81.8,81.84,Rei,0.9999979734420776,Rei,[1.000],"[0.000, 0.000, 1.000, 0.000, 0.000, 0.000, 0.000]"
81.84,81.88,Rei,0.9999985694885254,Rei,[1.000],"[0.000, 0.000, 1.000, 0.000, 0.000, 0.000, 0.000]"
81.88,81.92,Rei,0.9999990463256836,Rei,[1.000],"[0.000, 0.000, 1.000, 0.000, 0.000, 0.000, 0.000]"
81.92,81.96,Rei,0.9999992847442627,Rei,[1.000],"[0.000, 0.000, 1.000, 0.000, 0.000, 0.000, 0.000]"
81.96,82.0,Rei,0.9999995231628418,Rei,[1.000],"[0.000, 0.000, 1.000, 0.000, 0.000, 0.000, 0.000]"
82.0,82.04,Rei,0.9999996423721313,Rei,[1.000],"[0.000, 0.000, 1.000, 0.000, 0.000, 0.000, 0.000]"
82.04,82.08,Rei,0.9999997615814209,Rei,[1.000],"[0.000, 0.000, 1.000, 0.000, 0.000, 0.000, 0.000]"
82.08,82.12,Rei,0.9999997615814209,Rei,[1.000],"[0.000, 0.000, 1.000, 0.000, 0.000, 0.000, 0.000]"
82.12,82.16,Rei,0.9999998807907104,Rei,[1.000],"[0.000, 0.000, 1.000, 0.000, 0.000, 0.000, 0.000]"
82.16,82.2,Rei,0.9999998807907104,Rei,[1.000],"[0.000, 0.000, 1.000, 0.000, 0.000, 0.000, 0.000]"
82.2,82.24,Rei,0.9999998807907104,Rei,[1.000],"[0.000, 0.000, 1.000, 0.000, 0.000, 0.000, 0.000]"
82.24,82.28,Rei,0.9999998807907104,Rei,[1.000],"[0.000, 0.000, 1.000, 0.000, 0.000, 0.000, 0.000]"
82.28,82.32,Rei,0.9999998807907104,Rei,[1.000],"[0.000, 0.000, 1.000, 0.000, 0.000, 0.000, 0.000]"
82.32,82.36,Rei,0.9999998807907104,Rei,[1.000],"[0.000, 0.000, 1.000, 0.000, 0.000, 0.000, 0.000]"
82.36,82.4,Rei,0.9999997615814209,Rei,[1.000],"[0.000, 0.000, 1.000, 0.000, 0.000, 0.000, 0.000]"
82.4,82.44,Rei,0.9999997615814209,Rei,[1.000],"[0.000, 0.000, 1.000, 0.000, 0.000, 0.000, 0.000]"
82.44,82.48,Rei,0.9999996423721313,Rei,[1.000],"[0.000, 0.000, 1.000, 0.000, 0.000, 0.000, 0.000]"
82.48,82.52,Rei,0.9999995231628418,Rei,[1.000],"[0.000, 0.000, 1.000, 0.000, 0.000, 0.000, 0.000]"
82.52,82.56,Rei,0.9999992847442627,Rei,[1.000],"[0.000, 0.000, 1.000, 0.000, 0.000, 0.000, 0.000]"
82.56,82.6,Rei,0.9999990463256836,Rei,[1.000],"[0.000, 0.000, 1.000, 0.000, 0.000, 0.000, 0.000]"
82.6,82.64,Rei,0.9999984502792358,Rei,[1.000],"[0.000, 0.000, 1.000, 0.000, 0.000, 0.000, 0.000]"
82.64,82.68,Rei,0.9999974966049194,Rei,[1.000],"[0.000, 0.000, 1.000, 0.000, 0.000, 0.000, 0.000]"
82.68,82.72,Rei,0.9999960660934448,Rei,[1.000],"[0.000, 0.000, 1.000, 0.000, 0.000, 0.000, 0.000]"
82.72,82.76,Rei,0.9999938011169434,Rei,[1.000],"[0.000, 0.000, 1.000, 0.000, 0.000, 0.000, 0.000]"
82.76,82.8,Rei,0.9999903440475464,Rei,[1.000],"[0.000, 0.000, 1.000, 0.000, 0.000, 0.000, 0.000]"
82.8,82.84,Rei,0.9999850988388062,Rei,[1.000],"[0.000, 0.000, 1.000, 0.000, 0.000, 0.000, 0.000]"
82.84,82.88,Rei,0.999977707862854,Rei,[1.000],"[0.000, 0.000, 1.000, 0.000, 0.000, 0.000, 0.000]"
82.88,82.92,Rei,0.9999675750732422,Rei,[1.000],"[0.000, 0.000, 1.000, 0.000, 0.000, 0.000, 0.000]"
82.92,82.96,Rei,0.999954342842102,Rei,[1.000],"[0.000, 0.000, 1.000, 0.000, 0.000, 0.000, 0.000]"
82.96,83.0,Rei,0.9999377727508545,Rei,[1.000],"[0.000, 0.000, 1.000, 0.000, 0.000, 0.000, 0.000]"
83.0,83.04,Rei,0.9999184608459473,Rei,[1.000],"[0.000, 0.000, 1.000, 0.000, 0.000, 0.000, 0.000]"
83.04,83.08,Rei,0.9998968839645386,Rei,[1.000],"[0.000, 0.000, 1.000, 0.000, 0.000, 0.000, 0.000]"
83.08,83.12,Rei,0.9998741149902344,Rei,[1.000],"[0.000, 0.000, 1.000, 0.000, 0.000, 0.000, 0.000]"
83.12,83.16,Rei,0.9998511075973511,Rei,[1.000],"[0.000, 0.000, 1.000, 0.000, 0.000, 0.000, 0.000]"
83.16,83.2,Rei,0.9998283386230469,Rei,[1.000],"[0.000, 0.000, 1.000, 0.000, 0.000, 0.000, 0.000]"
83.2,83.24,Rei,0.999805748462677,Rei,[1.000],"[0.000, 0.000, 1.000, 0.000, 0.000, 0.000, 0.000]"
83.24,83.28,Rei,0.9997826218605042,Rei,[1.000],"[0.000, 0.000, 1.000, 0.000, 0.000, 0.000, 0.000]"
83.28,83.32,Rei,0.9997579455375671,Rei,[1.000],"[0.000, 0.000, 1.000, 0.000, 0.000, 0.000, 0.000]"
83.32,83.36,Rei,0.9997304081916809,Rei,[1.000],"[0.000, 0.000, 1.000, 0.000, 0.000, 0.000, 0.000]"
83.36,83.4,Rei,0.9996978044509888,Rei,[1.000],"[0.000, 0.000, 1.000, 0.000, 0.000, 0.000, 0.000]"
83.4,83.44,Rei,0.9996577501296997,Rei,[1.000],"[0.000, 0.000, 1.000, 0.000, 0.000, 0.000, 0.000]"
83.44,83.48,Rei,0.999607264995575,Rei,[1.000],"[0.000, 0.000, 1.000, 0.000, 0.000, 0.000, 0.000]"
83.48,83.52,Rei,0.9995428323745728,Rei,[1.000],"[0.000, 0.000, 1.000, 0.000, 0.000, 0.000, 0.000]"
83.52,83.56,Rei,0.9994600415229797,Rei,[0.999],"[0.000, 0.000, 0.999, 0.000, 0.000, 0.000, 0.001]"
83.56,83.6,Rei,0.9993522763252258,Rei,[0.999],"[0.000, 0.000, 0.999, 0.000, 0.000, 0.000, 0.001]"
83.6,83.64,Rei,0.9992117881774902,Rei,[0.999],"[0.000, 0.000, 0.999, 0.000, 0.000, 0.000, 0.001]"
83.64,83.68,Rei,0.9990277290344238,Rei,[0.999],"[0.000, 0.000, 0.999, 0.000, 0.000, 0.000, 0.001]"
83.68,83.72,Rei,0.9987857937812805,Rei,[0.999],"[0.000, 0.000, 0.999, 0.000, 0.000, 0.000, 0.001]"
83.72,83.76,Rei,0.9984673857688904,Rei,[0.998],"[0.000, 0.000, 0.998, 0.000, 0.000, 0.000, 0.002]"
83.76,83.8,Rei,0.9980499744415283,Rei,[0.998],"[0.000, 0.000, 0.998, 0.000, 0.000, 0.000, 0.002]"
83.8,83.84,Rei,0.9975050091743469,Rei,[0.998],"[0.000, 0.000, 0.998, 0.000, 0.000, 0.000, 0.003]"
83.84,83.88,Rei,0.9968039989471436,Rei,[0.997],"[0.000, 0.000, 0.997, 0.000, 0.000, 0.000, 0.004]"
83.88,83.92,Rei,0.9959171414375305,Rei,[0.996],"[0.000, 0.000, 0.996, 0.000, 0.000, 0.000, 0.005]"
83.92,83.96,Rei,0.9948192238807678,Rei,[0.995],"[0.000, 0.000, 0.995, 0.000, 0.000, 0.000, 0.006]"
83.96,84.0,Rei,0.993500292301178,Rei,[0.994],"[0.000, 0.000, 0.994, 0.000, 0.000, 0.000, 0.007]"
84.0,84.04,Rei,0.9919841885566711,Rei,[0.992],"[0.000, 0.000, 0.992, 0.000, 0.000, 0.000, 0.009]"
84.04,84.08,Rei,0.9903438091278076,Rei,[0.990],"[0.000, 0.000, 0.990, 0.000, 0.000, 0.000, 0.011]"
84.08,84.12,Rei,0.9887099862098694,Rei,[0.989],"[0.000, 0.000, 0.989, 0.000, 0.000, 0.000, 0.013]"
84.12,84.16,Rei,0.9872698783874512,Rei,[0.987],"[0.000, 0.000, 0.987, 0.000, 0.000, 0.000, 0.015]"
84.16,84.2,Rei,0.986236572265625,Rei,[0.986],"[0.000, 0.000, 0.986, 0.000, 0.000, 0.000, 0.016]"
84.2,84.24,Rei,0.9858113527297974,Rei,[0.986],"[0.000, 0.000, 0.986, 0.000, 0.000, 0.000, 0.018]"
84.24,84.28,Rei,0.9861251711845398,Rei,[0.986],"[0.000, 0.000, 0.986, 0.000, 0.000, 0.000, 0.019]"
84.28,84.32,Rei,0.9871898293495178,Rei,[0.987],"[0.000, 0.000, 0.987, 0.000, 0.000, 0.000, 0.019]"
84.32,84.36,Rei,0.9888745546340942,Rei,[0.989],"[0.000, 0.000, 0.989, 0.000, 0.000, 0.000, 0.018]"
84.36,84.4,Rei,0.9909372925758362,Rei,[0.991],"[0.000, 0.000, 0.991, 0.000, 0.000, 0.000, 0.016]"
84.4,84.44,Rei,0.9930852651596069,Rei,[0.993],"[0.000, 0.000, 0.993, 0.000, 0.000, 0.000, 0.015]"
84.44,84.48,Rei,0.9950548410415649,Rei,[0.995],"[0.000, 0.000, 0.995, 0.000, 0.000, 0.000, 0.012]"
84.48,84.52,Rei,0.9966806769371033,Rei,[0.997],"[0.000, 0.000, 0.997, 0.000, 0.000, 0.000, 0.010]"
84.52,84.56,Rei,0.9979052543640137,Rei,[0.998],"[0.000, 0.000, 0.998, 0.000, 0.000, 0.000, 0.008]"
84.56,84.6,Rei,0.9987545013427734,Rei,[0.999],"[0.000, 0.000, 0.999, 0.000, 0.000, 0.000, 0.006]"
84.6,84.64,Rei,0.9993013143539429,Rei,[0.999],"[0.000, 0.000, 0.999, 0.000, 0.000, 0.000, 0.004]"
84.64,84.68,Rei,0.9996289014816284,Rei,[1.000],"[0.000, 0.000, 1.000, 0.000, 0.000, 0.000, 0.003]"
84.68,84.72,Rei,0.9998125433921814,Rei,[1.000],"[0.000, 0.000, 1.000, 0.000, 0.000, 0.000, 0.002]"
84.72,84.76,Rei,0.999909520149231,Rei,[1.000],"[0.000, 0.000, 1.000, 0.000, 0.000, 0.000, 0.002]"
84.76,84.8,Rei,0.9999580383300781,Rei,[1.000],"[0.000, 0.000, 1.000, 0.000, 0.000, 0.000, 0.001]"
84.8,84.84,Rei,0.999981164932251,Rei,[1.000],"[0.000, 0.000, 1.000, 0.000, 0.000, 0.000, 0.001]"
84.84,84.88,Rei,0.999991774559021,Rei,[1.000],"[0.000, 0.000, 1.000, 0.000, 0.000, 0.000, 0.001]"
84.88,84.92,Rei,0.999996542930603,Rei,[1.000],"[0.000, 0.000, 1.000, 0.000, 0.000, 0.000, 0.000]"
84.92,84.96,Rei,0.9999985694885254,Rei,[1.000],"[0.000, 0.000, 1.000, 0.000, 0.000, 0.000, 0.000]"
84.96,85.0,Rei,0.9999994039535522,Rei,[1.000],"[0.000, 0.000, 1.000, 0.000, 0.000, 0.000, 0.000]"
85.0,85.04,Rei,0.9999997615814209,Rei,[1.000],"[0.000, 0.000, 1.000, 0.000, 0.000, 0.000, 0.000]"
85.04,85.08,Rei,0.9999998807907104,Rei,[1.000],"[0.000, 0.000, 1.000, 0.000, 0.000, 0.000, 0.000]"
85.08,85.12,Rei,1.0,Rei,[1.000],"[0.000, 0.000, 1.000, 0.000, 0.000, 0.000, 0.000]"
85.12,85.16,Rei,1.0,Rei,[1.000],"[0.000, 0.000, 1.000, 0.000, 0.000, 0.000, 0.000]"
85.16,85.2,Rei,1.0,Rei,[1.000],"[0.000, 0.000, 1.000, 0.000, 0.000, 0.000, 0.000]"
85.2,85.24,Rei,1.0,Rei,[1.000],"[0.000, 0.000, 1.000, 0.000, 0.000, 0.000, 0.000]"
85.24,85.28,Rei,1.0,Rei,[1.000],"[0.000, 0.000, 1.000, 0.000, 0.000, 0.000, 0.000]"
85.28,85.32,Rei,1.0,Rei,[1.000],"[0.000, 0.000, 1.000, 0.000, 0.000, 0.000, 0.000]"
85.32,85.36,Rei,1.0,Rei,[1.000],"[0.000, 0.000, 1.000, 0.000, 0.000, 0.000, 0.000]"
85.36,85.4,Rei,1.0,Rei,[1.000],"[0.000, 0.000, 1.000, 0.000, 0.000, 0.000, 0.000]"
85.4,85.44,Rei,1.0,Rei,[1.000],"[0.000, 0.000, 1.000, 0.000, 0.000, 0.000, 0.000]"
85.44,85.48,Rei,1.0,Rei,[1.000],"[0.000, 0.000, 1.000, 0.000, 0.000, 0.000, 0.000]"
85.48,85.52,Rei,1.0,Rei,[1.000],"[0.000, 0.000, 1.000, 0.000, 0.000, 0.000, 0.000]"
85.52,85.56,Rei,1.0,Rei,[1.000],"[0.000, 0.000, 1.000, 0.000, 0.000, 0.000, 0.000]"
85.56,85.6,Rei,1.0,Rei,[1.000],"[0.000, 0.000, 1.000, 0.000, 0.000, 0.000, 0.000]"
85.6,85.64,Rei,1.0,Rei,[1.000],"[0.000, 0.000, 1.000, 0.000, 0.000, 0.000, 0.000]"
85.64,85.68,Rei,1.0,Rei,[1.000],"[0.000, 0.000, 1.000, 0.000, 0.000, 0.000, 0.000]"
85.68,85.72,Rei,1.0,Rei,[1.000],"[0.000, 0.000, 1.000, 0.000, 0.000, 0.000, 0.000]"
85.72,85.76,Rei,1.0,Rei,[1.000],"[0.000, 0.000, 1.000, 0.000, 0.000, 0.000, 0.000]"
85.76,85.8,Rei,1.0,Rei,[1.000],"[0.000, 0.000, 1.000, 0.000, 0.000, 0.000, 0.000]"
85.8,85.84,Rei,1.0,Rei,[1.000],"[0.000, 0.000, 1.000, 0.000, 0.000, 0.000, 0.000]"
85.84,85.88,Rei,1.0,Rei,[1.000],"[0.000, 0.000, 1.000, 0.000, 0.000, 0.000, 0.000]"
85.88,85.92,Rei,1.0,Rei,[1.000],"[0.000, 0.000, 1.000, 0.000, 0.000, 0.000, 0.000]"
85.92,85.96,Rei,1.0,Rei,[1.000],"[0.000, 0.000, 1.000, 0.000, 0.000, 0.000, 0.000]"
85.96,86.0,Rei,1.0,Rei,[1.000],"[0.000, 0.000, 1.000, 0.000, 0.000, 0.000, 0.000]"
86.0,86.04,Rei,1.0,Rei,[1.000],"[0.000, 0.000, 1.000, 0.000, 0.000, 0.000, 0.000]"
86.04,86.08,Rei,1.0,Rei,[1.000],"[0.000, 0.000, 1.000, 0.000, 0.000, 0.000, 0.000]"
86.08,86.12,Rei,1.0,Rei,[1.000],"[0.000, 0.000, 1.000, 0.000, 0.000, 0.000, 0.000]"
86.12,86.16,Rei,1.0,Rei,[1.000],"[0.000, 0.000, 1.000, 0.000, 0.000, 0.000, 0.000]"
86.16,86.2,Rei,1.0,Rei,[1.000],"[0.000, 0.000, 1.000, 0.000, 0.000, 0.000, 0.000]"
86.2,86.24,Rei,1.0,Rei,[1.000],"[0.000, 0.000, 1.000, 0.000, 0.000, 0.000, 0.000]"
86.24,86.28,Rei,1.0,Rei,[1.000],"[0.000, 0.000, 1.000, 0.000, 0.000, 0.000, 0.000]"
86.28,86.32,Rei,1.0,Rei,[1.000],"[0.000, 0.000, 1.000, 0.000, 0.000, 0.000, 0.000]"
86.32,86.36,Rei,1.0,Rei,[1.000],"[0.000, 0.000, 1.000, 0.000, 0.000, 0.000, 0.000]"
86.36,86.4,Rei,1.0,Rei,[1.000],"[0.000, 0.000, 1.000, 0.000, 0.000, 0.000, 0.000]"
86.4,86.44,Rei,1.0,Rei,[1.000],"[0.000, 0.000, 1.000, 0.000, 0.000, 0.000, 0.000]"
86.44,86.48,Rei,1.0,Rei,[1.000],"[0.000, 0.000, 1.000, 0.000, 0.000, 0.000, 0.000]"
86.48,86.52,Rei,1.0,Rei,[1.000],"[0.000, 0.000, 1.000, 0.000, 0.000, 0.000, 0.000]"
86.52,86.56,Rei,1.0,Rei,[1.000],"[0.000, 0.000, 1.000, 0.000, 0.000, 0.000, 0.000]"
86.56,86.6,Rei,1.0,Rei,[1.000],"[0.000, 0.000, 1.000, 0.000, 0.000, 0.000, 0.000]"
86.6,86.64,Rei,1.0,Rei,[1.000],"[0.000, 0.000, 1.000, 0.000, 0.000, 0.000, 0.000]"
86.64,86.68,Rei,1.0,Rei,[1.000],"[0.000, 0.000, 1.000, 0.000, 0.000, 0.000, 0.000]"
86.68,86.72,Rei,1.0,Rei,[1.000],"[0.000, 0.000, 1.000, 0.000, 0.000, 0.000, 0.000]"
86.72,86.76,Rei,1.0,Rei,[1.000],"[0.000, 0.000, 1.000, 0.000, 0.000, 0.000, 0.000]"
86.76,86.8,Rei,1.0,Rei,[1.000],"[0.000, 0.000, 1.000, 0.000, 0.000, 0.000, 0.000]"
86.8,86.84,Rei,1.0,Rei,[1.000],"[0.000, 0.000, 1.000, 0.000, 0.000, 0.000, 0.000]"
86.84,86.88,Rei,1.0,Rei,[1.000],"[0.000, 0.000, 1.000, 0.000, 0.000, 0.000, 0.000]"
86.88,86.92,Rei,1.0,Rei,[1.000],"[0.000, 0.000, 1.000, 0.000, 0.000, 0.000, 0.000]"
86.92,86.96,Rei,1.0,Rei,[1.000],"[0.000, 0.000, 1.000, 0.000, 0.000, 0.000, 0.000]"
86.96,87.0,Rei,1.0,Rei,[1.000],"[0.000, 0.000, 1.000, 0.000, 0.000, 0.000, 0.000]"
87.0,87.04,Rei,1.0,Rei,[1.000],"[0.000, 0.000, 1.000, 0.000, 0.000, 0.000, 0.000]"
87.04,87.08,Rei,1.0,Rei,[1.000],"[0.000, 0.000, 1.000, 0.000, 0.000, 0.000, 0.000]"
87.08,87.12,Rei,1.0,Rei,[1.000],"[0.000, 0.000, 1.000, 0.000, 0.000, 0.000, 0.000]"
87.12,87.16,Rei,1.0,Rei,[1.000],"[0.000, 0.000, 1.000, 0.000, 0.000, 0.000, 0.000]"
87.16,87.2,Rei,1.0,Rei,[1.000],"[0.000, 0.000, 1.000, 0.000, 0.000, 0.000, 0.000]"
87.2,87.24,Rei,1.0,Rei,[1.000],"[0.000, 0.000, 1.000, 0.000, 0.000, 0.000, 0.000]"
87.24,87.28,Rei,1.0,Rei,[1.000],"[0.000, 0.000, 1.000, 0.000, 0.000, 0.000, 0.000]"
87.28,87.32,Rei,1.0,Rei,[1.000],"[0.000, 0.000, 1.000, 0.000, 0.000, 0.000, 0.000]"
87.32,87.36,Rei,1.0,Rei,[1.000],"[0.000, 0.000, 1.000, 0.000, 0.000, 0.000, 0.000]"
87.36,87.4,Rei,1.0,Rei,[1.000],"[0.000, 0.000, 1.000, 0.000, 0.000, 0.000, 0.000]"
87.4,87.44,Rei,1.0,Rei,[1.000],"[0.000, 0.000, 1.000, 0.000, 0.000, 0.000, 0.000]"
87.44,87.48,Rei,1.0,Rei,[1.000],"[0.000, 0.000, 1.000, 0.000, 0.000, 0.000, 0.000]"
87.48,87.52,Rei,1.0,Rei,[1.000],"[0.000, 0.000, 1.000, 0.000, 0.000, 0.000, 0.000]"
87.52,87.56,Rei,1.0,Rei,[1.000],"[0.000, 0.000, 1.000, 0.000, 0.000, 0.000, 0.000]"
87.56,87.6,Rei,1.0,Rei,[1.000],"[0.000, 0.000, 1.000, 0.000, 0.000, 0.000, 0.000]"
87.6,87.64,Rei,1.0,Rei,[1.000],"[0.000, 0.000, 1.000, 0.000, 0.000, 0.000, 0.000]"
87.64,87.68,Rei,1.0,Rei,[1.000],"[0.000, 0.000, 1.000, 0.000, 0.000, 0.000, 0.000]"
87.68,87.72,Rei,1.0,Rei,[1.000],"[0.000, 0.000, 1.000, 0.000, 0.000, 0.000, 0.000]"
87.72,87.76,Rei,1.0,Rei,[1.000],"[0.000, 0.000, 1.000, 0.000, 0.000, 0.000, 0.000]"
87.76,87.8,Rei,1.0,Rei,[1.000],"[0.000, 0.000, 1.000, 0.000, 0.000, 0.000, 0.000]"
87.8,87.84,Rei,1.0,Rei,[1.000],"[0.000, 0.000, 1.000, 0.000, 0.000, 0.000, 0.000]"
87.84,87.88,Rei,1.0,Rei,[1.000],"[0.000, 0.000, 1.000, 0.000, 0.000, 0.000, 0.000]"
87.88,87.92,Rei,1.0,Rei,[1.000],"[0.000, 0.000, 1.000, 0.000, 0.000, 0.000, 0.000]"
87.92,87.96,Rei,1.0,Rei,[1.000],"[0.000, 0.000, 1.000, 0.000, 0.000, 0.000, 0.000]"
87.96,88.0,Rei,1.0,Rei,[1.000],"[0.000, 0.000, 1.000, 0.000, 0.000, 0.000, 0.000]"
88.0,88.04,Rei,1.0,Rei,[1.000],"[0.000, 0.000, 1.000, 0.000, 0.000, 0.000, 0.000]"
88.04,88.08,Rei,1.0,Rei,[1.000],"[0.000, 0.000, 1.000, 0.000, 0.000, 0.000, 0.000]"
88.08,88.12,Rei,0.9999998807907104,Rei,[1.000],"[0.000, 0.000, 1.000, 0.000, 0.000, 0.000, 0.000]"
88.12,88.16,Rei,0.9999998807907104,Rei,[1.000],"[0.000, 0.000, 1.000, 0.000, 0.000, 0.000, 0.000]"
88.16,88.2,Rei,0.9999998807907104,Rei,[1.000],"[0.000, 0.000, 1.000, 0.000, 0.000, 0.000, 0.000]"
88.2,88.24,Rei,0.9999998807907104,Rei,[1.000],"[0.000, 0.000, 1.000, 0.000, 0.000, 0.000, 0.000]"
88.24,88.28,Rei,0.9999998807907104,Rei,[1.000],"[0.000, 0.000, 1.000, 0.000, 0.000, 0.000, 0.000]"
88.28,88.32,Rei,0.9999998807907104,Rei,[1.000],"[0.000, 0.000, 1.000, 0.000, 0.000, 0.000, 0.000]"
88.32,88.36,Rei,0.9999998807907104,Rei,[1.000],"[0.000, 0.000, 1.000, 0.000, 0.000, 0.000, 0.000]"
88.36,88.4,Rei,0.9999998807907104,Rei,[1.000],"[0.000, 0.000, 1.000, 0.000, 0.000, 0.000, 0.000]"
88.4,88.44,Rei,0.9999998807907104,Rei,[1.000],"[0.000, 0.000, 1.000, 0.000, 0.000, 0.000, 0.000]"
88.44,88.48,Rei,1.0,Rei,[1.000],"[0.000, 0.000, 1.000, 0.000, 0.000, 0.000, 0.000]"
88.48,88.52,Rei,1.0,Rei,[1.000],"[0.000, 0.000, 1.000, 0.000, 0.000, 0.000, 0.000]"
88.52,88.56,Rei,1.0,Rei,[1.000],"[0.000, 0.000, 1.000, 0.000, 0.000, 0.000, 0.000]"
88.56,88.6,Rei,1.0,Rei,[1.000],"[0.000, 0.000, 1.000, 0.000, 0.000, 0.000, 0.000]"
88.6,88.64,Rei,1.0,Rei,[1.000],"[0.000, 0.000, 1.000, 0.000, 0.000, 0.000, 0.000]"
88.64,88.68,Rei,1.0,Rei,[1.000],"[0.000, 0.000, 1.000, 0.000, 0.000, 0.000, 0.000]"
88.68,88.72,Rei,1.0,Rei,[1.000],"[0.000, 0.000, 1.000, 0.000, 0.000, 0.000, 0.000]"
88.72,88.76,Rei,1.0,Rei,[1.000],"[0.000, 0.000, 1.000, 0.000, 0.000, 0.000, 0.000]"
88.76,88.8,Rei,1.0,Rei,[1.000],"[0.000, 0.000, 1.000, 0.000, 0.000, 0.000, 0.000]"
88.8,88.84,Rei,1.0,Rei,[1.000],"[0.000, 0.000, 1.000, 0.000, 0.000, 0.000, 0.000]"
88.84,88.88,Rei,1.0,Rei,[1.000],"[0.000, 0.000, 1.000, 0.000, 0.000, 0.000, 0.000]"
88.88,88.92,Rei,1.0,Rei,[1.000],"[0.000, 0.000, 1.000, 0.000, 0.000, 0.000, 0.000]"
88.92,88.96,Rei,1.0,Rei,[1.000],"[0.000, 0.000, 1.000, 0.000, 0.000, 0.000, 0.000]"
88.96,89.0,Rei,1.0,Rei,[1.000],"[0.000, 0.000, 1.000, 0.000, 0.000, 0.000, 0.000]"
89.0,89.04,Rei,1.0,Rei,[1.000],"[0.000, 0.000, 1.000, 0.000, 0.000, 0.000, 0.000]"
89.04,89.08,Rei,1.0,Rei,[1.000],"[0.000, 0.000, 1.000, 0.000, 0.000, 0.000, 0.000]"
89.08,89.12,Rei,1.0,Rei,[1.000],"[0.000, 0.000, 1.000, 0.000, 0.000, 0.000, 0.000]"
89.12,89.16,Rei,1.0,Rei,[1.000],"[0.000, 0.000, 1.000, 0.000, 0.000, 0.000, 0.000]"
89.16,89.2,Rei,1.0,Rei,[1.000],"[0.000, 0.000, 1.000, 0.000, 0.000, 0.000, 0.000]"
89.2,89.24,Rei,1.0,Rei,[1.000],"[0.000, 0.000, 1.000, 0.000, 0.000, 0.000, 0.000]"
89.24,89.28,Rei,1.0,Rei,[1.000],"[0.000, 0.000, 1.000, 0.000, 0.000, 0.000, 0.000]"
89.28,89.32,Rei,1.0,Rei,[1.000],"[0.000, 0.000, 1.000, 0.000, 0.000, 0.000, 0.000]"
89.32,89.36,Rei,1.0,Rei,[1.000],"[0.000, 0.000, 1.000, 0.000, 0.000, 0.000, 0.000]"
89.36,89.4,Rei,1.0,Rei,[1.000],"[0.000, 0.000, 1.000, 0.000, 0.000, 0.000, 0.000]"
89.4,89.44,Rei,1.0,Rei,[1.000],"[0.000, 0.000, 1.000, 0.000, 0.000, 0.000, 0.000]"
89.44,89.48,Rei,1.0,Rei,[1.000],"[0.000, 0.000, 1.000, 0.000, 0.000, 0.000, 0.000]"
89.48,89.52,Rei,1.0,Rei,[1.000],"[0.000, 0.000, 1.000, 0.000, 0.000, 0.000, 0.000]"
89.52,89.56,Rei,1.0,Rei,[1.000],"[0.000, 0.000, 1.000, 0.000, 0.000, 0.000, 0.000]"
89.56,89.6,Rei,1.0,Rei,[1.000],"[0.000, 0.000, 1.000, 0.000, 0.000, 0.000, 0.000]"
89.6,89.64,Rei,1.0,Rei,[1.000],"[0.000, 0.000, 1.000, 0.000, 0.000, 0.000, 0.000]"
89.64,89.68,Rei,1.0,Rei,[1.000],"[0.000, 0.000, 1.000, 0.000, 0.000, 0.000, 0.000]"
89.68,89.72,Rei,1.0,Rei,[1.000],"[0.000, 0.000, 1.000, 0.000, 0.000, 0.000, 0.000]"
89.72,89.76,Rei,1.0,Rei,[1.000],"[0.000, 0.000, 1.000, 0.000, 0.000, 0.000, 0.000]"
89.76,89.8,Rei,1.0,Rei,[1.000],"[0.000, 0.000, 1.000, 0.000, 0.000, 0.000, 0.000]"
89.8,89.84,Rei,1.0,Rei,[1.000],"[0.000, 0.000, 1.000, 0.000, 0.000, 0.000, 0.000]"
89.84,89.88,Rei,1.0,Rei,[1.000],"[0.000, 0.000, 1.000, 0.000, 0.000, 0.000, 0.000]"
89.88,89.92,Rei,1.0,Rei,[1.000],"[0.000, 0.000, 1.000, 0.000, 0.000, 0.000, 0.000]"
89.92,89.96,Rei,1.0,Rei,[1.000],"[0.000, 0.000, 1.000, 0.000, 0.000, 0.000, 0.000]"
89.96,90.0,Rei,1.0,Rei,[1.000],"[0.000, 0.000, 1.000, 0.000, 0.000, 0.000, 0.000]"
90.0,90.04,Rei,1.0,Rei,[1.000],"[0.000, 0.000, 1.000, 0.000, 0.000, 0.000, 0.000]"
90.04,90.08,Rei,1.0,Rei,[1.000],"[0.000, 0.000, 1.000, 0.000, 0.000, 0.000, 0.000]"
90.08,90.12,Rei,1.0,Rei,[1.000],"[0.000, 0.000, 1.000, 0.000, 0.000, 0.000, 0.000]"
90.12,90.16,Rei,1.0,Rei,[1.000],"[0.000, 0.000, 1.000, 0.000, 0.000, 0.000, 0.000]"
90.16,90.2,Rei,1.0,Rei,[1.000],"[0.000, 0.000, 1.000, 0.000, 0.000, 0.000, 0.000]"
90.2,90.24,Rei,1.0,Rei,[1.000],"[0.000, 0.000, 1.000, 0.000, 0.000, 0.000, 0.000]"
90.24,90.28,Rei,1.0,Rei,[1.000],"[0.000, 0.000, 1.000, 0.000, 0.000, 0.000, 0.000]"
90.28,90.32,Rei,1.0,Rei,[1.000],"[0.000, 0.000, 1.000, 0.000, 0.000, 0.000, 0.000]"
90.32,90.36,Rei,1.0,Rei,[1.000],"[0.000, 0.000, 1.000, 0.000, 0.000, 0.000, 0.000]"
90.36,90.4,Rei,1.0,Rei,[1.000],"[0.000, 0.000, 1.000, 0.000, 0.000, 0.000, 0.000]"
90.4,90.44,Rei,1.0,Rei,[1.000],"[0.000, 0.000, 1.000, 0.000, 0.000, 0.000, 0.000]"
90.44,90.48,Rei,1.0,Rei,[1.000],"[0.000, 0.000, 1.000, 0.000, 0.000, 0.000, 0.000]"
90.48,90.52,Rei,1.0,Rei,[1.000],"[0.000, 0.000, 1.000, 0.000, 0.000, 0.000, 0.000]"
90.52,90.56,Rei,1.0,Rei,[1.000],"[0.000, 0.000, 1.000, 0.000, 0.000, 0.000, 0.000]"
90.56,90.6,Rei,1.0,Rei,[1.000],"[0.000, 0.000, 1.000, 0.000, 0.000, 0.000, 0.000]"
90.6,90.64,Rei,1.0,Rei,[1.000],"[0.000, 0.000, 1.000, 0.000, 0.000, 0.000, 0.000]"
90.64,90.68,Rei,1.0,Rei,[1.000],"[0.000, 0.000, 1.000, 0.000, 0.000, 0.000, 0.000]"
90.68,90.72,Rei,1.0,Rei,[1.000],"[0.000, 0.000, 1.000, 0.000, 0.000, 0.000, 0.000]"
90.72,90.76,Rei,1.0,Rei,[1.000],"[0.000, 0.000, 1.000, 0.000, 0.000, 0.000, 0.000]"
90.76,90.8,Rei,1.0,Rei,[1.000],"[0.000, 0.000, 1.000, 0.000, 0.000, 0.000, 0.000]"
90.8,90.84,Rei,1.0,Rei,[1.000],"[0.000, 0.000, 1.000, 0.000, 0.000, 0.000, 0.000]"
90.84,90.88,Rei,1.0,Rei,[1.000],"[0.000, 0.000, 1.000, 0.000, 0.000, 0.000, 0.000]"
90.88,90.92,Rei,1.0,Rei,[1.000],"[0.000, 0.000, 1.000, 0.000, 0.000, 0.000, 0.000]"
90.92,90.96,Rei,1.0,Rei,[1.000],"[0.000, 0.000, 1.000, 0.000, 0.000, 0.000, 0.000]"
90.96,91.0,Rei,1.0,Rei,[1.000],"[0.000, 0.000, 1.000, 0.000, 0.000, 0.000, 0.000]"
91.0,91.04,Rei,1.0,Rei,[1.000],"[0.000, 0.000, 1.000, 0.000, 0.000, 0.000, 0.000]"
91.04,91.08,Rei,1.0,Rei,[1.000],"[0.000, 0.000, 1.000, 0.000, 0.000, 0.000, 0.000]"
91.08,91.12,Rei,1.0,Rei,[1.000],"[0.000, 0.000, 1.000, 0.000, 0.000, 0.000, 0.000]"
91.12,91.16,Rei,1.0,Rei,[1.000],"[0.000, 0.000, 1.000, 0.000, 0.000, 0.000, 0.000]"
91.16,91.2,Rei,1.0,Rei,[1.000],"[0.000, 0.000, 1.000, 0.000, 0.000, 0.000, 0.000]"
91.2,91.24,Rei,1.0,Rei,[1.000],"[0.000, 0.000, 1.000, 0.000, 0.000, 0.000, 0.000]"
91.24,91.28,Rei,1.0,Rei,[1.000],"[0.000, 0.000, 1.000, 0.000, 0.000, 0.000, 0.000]"
91.28,91.32,Rei,1.0,Rei,[1.000],"[0.000, 0.000, 1.000, 0.000, 0.000, 0.000, 0.000]"
91.32,91.36,Rei,1.0,Rei,[1.000],"[0.000, 0.000, 1.000, 0.000, 0.000, 0.000, 0.000]"
91.36,91.4,Rei,1.0,Rei,[1.000],"[0.000, 0.000, 1.000, 0.000, 0.000, 0.000, 0.000]"
91.4,91.44,Rei,1.0,Rei,[1.000],"[0.000, 0.000, 1.000, 0.000, 0.000, 0.000, 0.000]"
91.44,91.48,Rei,1.0,Rei,[1.000],"[0.000, 0.000, 1.000, 0.000, 0.000, 0.000, 0.000]"
91.48,91.52,Rei,1.0,Rei,[1.000],"[0.000, 0.000, 1.000, 0.000, 0.000, 0.000, 0.000]"
91.52,91.56,Rei,1.0,Rei,[1.000],"[0.000, 0.000, 1.000, 0.000, 0.000, 0.000, 0.000]"
91.56,91.6,Rei,1.0,Rei,[1.000],"[0.000, 0.000, 1.000, 0.000, 0.000, 0.000, 0.000]"
91.6,91.64,Rei,1.0,Rei,[1.000],"[0.000, 0.000, 1.000, 0.000, 0.000, 0.000, 0.000]"
91.64,91.68,Rei,1.0,Rei,[1.000],"[0.000, 0.000, 1.000, 0.000, 0.000, 0.000, 0.000]"
91.68,91.72,Rei,1.0,Rei,[1.000],"[0.000, 0.000, 1.000, 0.000, 0.000, 0.000, 0.000]"
91.72,91.76,Rei,0.9999998807907104,Rei,[1.000],"[0.000, 0.000, 1.000, 0.000, 0.000, 0.000, 0.000]"
91.76,91.8,Rei,0.9999996423721313,Rei,[1.000],"[0.000, 0.000, 1.000, 0.000, 0.000, 0.000, 0.000]"
91.8,91.84,Rei,0.999998927116394,Rei,[1.000],"[0.000, 0.000, 1.000, 0.000, 0.000, 0.000, 0.000]"
91.84,91.88,Rei,0.9999969005584717,Rei,[1.000],"[0.000, 0.000, 1.000, 0.000, 0.000, 0.000, 0.000]"
91.88,91.92,Rei,0.9999903440475464,Rei,[1.000],"[0.000, 0.000, 1.000, 0.000, 0.000, 0.000, 0.000]"
91.92,91.96,Rei,0.9999680519104004,Rei,[1.000],"[0.000, 0.000, 1.000, 0.000, 0.000, 0.000, 0.000]"
91.96,92.0,Rei,0.9998891353607178,Rei,[1.000],"[0.000, 0.000, 1.000, 0.000, 0.000, 0.000, 0.000]"
92.0,92.04,Rei,0.9995989203453064,Rei,[1.000],"[0.000, 0.000, 1.000, 0.000, 0.000, 0.000, 0.000]"
92.04,92.08,Rei,0.998492956161499,Rei,[0.998],"[0.000, 0.000, 0.998, 0.000, 0.000, 0.000, 0.000]"
92.08,92.12,Rei,0.9941685199737549,Rei,[0.994],"[0.000, 0.000, 0.994, 0.000, 0.000, 0.000, 0.000]"
92.12,92.16,Rei,0.977159321308136,Rei,[0.977],"[0.000, 0.000, 0.977, 0.000, 0.000, 0.000, 0.000]"
92.16,92.2,Rei,0.9135082960128784,Rei,[0.914],"[0.000, 0.000, 0.914, 0.000, 0.000, 0.000, 0.000]"
92.2,92.24,Rei,0.7213194966316223,Rei,[0.721],"[0.000, 0.000, 0.721, 0.000, 0.000, 0.000, 0.000]"
92.24,92.28,silence,0.00036904620355926454,,[],"[0.000, 0.000, 0.389, 0.000, 0.000, 0.002, 0.000]"
92.28,92.32,silence,0.00045536382822319865,,[],"[0.000, 0.000, 0.136, 0.000, 0.000, 0.015, 0.000]"
92.32,92.36,silence,0.0005379591602832079,,[],"[0.000, 0.000, 0.039, 0.000, 0.000, 0.079, 0.001]"
92.36,92.4,silence,0.0006093400297686458,,[],"[0.000, 0.000, 0.010, 0.000, 0.000, 0.318, 0.001]"
92.4,92.44,Leeseo,0.7034361958503723,Leeseo,[0.703],"[0.000, 0.000, 0.003, 0.000, 0.000, 0.703, 0.001]"
92.44,92.48,Leeseo,0.9180550575256348,Leeseo,[0.918],"[0.000, 0.000, 0.001, 0.000, 0.000, 0.918, 0.001]"
92.48,92.52,Leeseo,0.9799526333808899,Leeseo,[0.980],"[0.000, 0.000, 0.000, 0.000, 0.000, 0.980, 0.001]"
92.52,92.56,Leeseo,0.994927167892456,Leeseo,[0.995],"[0.000, 0.000, 0.000, 0.000, 0.000, 0.995, 0.001]"
92.56,92.6,Leeseo,0.9986157417297363,Leeseo,[0.999],"[0.000, 0.000, 0.000, 0.000, 0.000, 0.999, 0.001]"
92.6,92.64,Leeseo,0.9995880722999573,Leeseo,[1.000],"[0.000, 0.000, 0.000, 0.000, 0.000, 1.000, 0.001]"
92.64,92.68,Leeseo,0.9998658895492554,Leeseo,[1.000],"[0.000, 0.000, 0.000, 0.000, 0.000, 1.000, 0.001]"
92.68,92.72,Leeseo,0.9999523162841797,Leeseo,[1.000],"[0.000, 0.000, 0.000, 0.000, 0.000, 1.000, 0.000]"
92.72,92.76,Leeseo,0.9999814033508301,Leeseo,[1.000],"[0.000, 0.000, 0.000, 0.000, 0.000, 1.000, 0.000]"
92.76,92.8,Leeseo,0.9999921321868896,Leeseo,[1.000],"[0.000, 0.000, 0.000, 0.000, 0.000, 1.000, 0.000]"
92.8,92.84,Leeseo,0.9999963045120239,Leeseo,[1.000],"[0.000, 0.000, 0.000, 0.000, 0.000, 1.000, 0.000]"
92.84,92.88,Leeseo,0.9999982118606567,Leeseo,[1.000],"[0.000, 0.000, 0.000, 0.000, 0.000, 1.000, 0.000]"
92.88,92.92,Leeseo,0.9999990463256836,Leeseo,[1.000],"[0.000, 0.000, 0.000, 0.000, 0.000, 1.000, 0.000]"
92.92,92.96,Leeseo,0.9999994039535522,Leeseo,[1.000],"[0.000, 0.000, 0.000, 0.000, 0.000, 1.000, 0.000]"
92.96,93.0,Leeseo,0.9999996423721313,Leeseo,[1.000],"[0.000, 0.000, 0.000, 0.000, 0.000, 1.000, 0.000]"
93.0,93.04,Leeseo,0.9999997615814209,Leeseo,[1.000],"[0.000, 0.000, 0.000, 0.000, 0.000, 1.000, 0.000]"
93.04,93.08,Leeseo,0.9999997615814209,Leeseo,[1.000],"[0.000, 0.000, 0.000, 0.000, 0.000, 1.000, 0.000]"
93.08,93.12,Leeseo,0.9999998807907104,Leeseo,[1.000],"[0.000, 0.000, 0.000, 0.000, 0.000, 1.000, 0.000]"
93.12,93.16,Leeseo,0.9999998807907104,Leeseo,[1.000],"[0.000, 0.000, 0.000, 0.000, 0.000, 1.000, 0.000]"
93.16,93.2,Leeseo,0.9999998807907104,Leeseo,[1.000],"[0.000, 0.000, 0.000, 0.000, 0.000, 1.000, 0.000]"
93.2,93.24,Leeseo,0.9999998807907104,Leeseo,[1.000],"[0.000, 0.000, 0.000, 0.000, 0.000, 1.000, 0.000]"
93.24,93.28,Leeseo,0.9999998807907104,Leeseo,[1.000],"[0.000, 0.000, 0.000, 0.000, 0.000, 1.000, 0.000]"
93.28,93.32,Leeseo,0.9999998807907104,Leeseo,[1.000],"[0.000, 0.000, 0.000, 0.000, 0.000, 1.000, 0.000]"
93.32,93.36,Leeseo,0.9999998807907104,Leeseo,[1.000],"[0.000, 0.000, 0.000, 0.000, 0.000, 1.000, 0.000]"
93.36,93.4,Leeseo,0.9999998807907104,Leeseo,[1.000],"[0.000, 0.000, 0.000, 0.000, 0.000, 1.000, 0.000]"
93.4,93.44,Leeseo,0.9999998807907104,Leeseo,[1.000],"[0.000, 0.000, 0.000, 0.000, 0.000, 1.000, 0.000]"
93.44,93.48,Leeseo,0.9999998807907104,Leeseo,[1.000],"[0.000, 0.000, 0.000, 0.000, 0.000, 1.000, 0.000]"
93.48,93.52,Leeseo,0.9999998807907104,Leeseo,[1.000],"[0.000, 0.000, 0.000, 0.000, 0.000, 1.000, 0.000]"
93.52,93.56,Leeseo,0.9999998807907104,Leeseo,[1.000],"[0.000, 0.000, 0.000, 0.000, 0.000, 1.000, 0.000]"
93.56,93.6,Leeseo,0.9999998807907104,Leeseo,[1.000],"[0.000, 0.000, 0.000, 0.000, 0.000, 1.000, 0.000]"
93.6,93.64,Leeseo,0.9999997615814209,Leeseo,[1.000],"[0.000, 0.000, 0.000, 0.000, 0.000, 1.000, 0.000]"
93.64,93.68,Leeseo,0.9999997615814209,Leeseo,[1.000],"[0.000, 0.000, 0.000, 0.000, 0.000, 1.000, 0.000]"
93.68,93.72,Leeseo,0.9999997615814209,Leeseo,[1.000],"[0.000, 0.000, 0.000, 0.000, 0.000, 1.000, 0.000]"
93.72,93.76,Leeseo,0.9999997615814209,Leeseo,[1.000],"[0.000, 0.000, 0.000, 0.000, 0.000, 1.000, 0.000]"
93.76,93.8,Leeseo,0.9999997615814209,Leeseo,[1.000],"[0.000, 0.000, 0.000, 0.000, 0.000, 1.000, 0.000]"
93.8,93.84,Leeseo,0.9999997615814209,Leeseo,[1.000],"[0.000, 0.000, 0.000, 0.000, 0.000, 1.000, 0.000]"
93.84,93.88,Leeseo,0.9999997615814209,Leeseo,[1.000],"[0.000, 0.000, 0.000, 0.000, 0.000, 1.000, 0.000]"
93.88,93.92,Leeseo,0.9999996423721313,Leeseo,[1.000],"[0.000, 0.000, 0.000, 0.000, 0.000, 1.000, 0.000]"
93.92,93.96,Leeseo,0.9999996423721313,Leeseo,[1.000],"[0.000, 0.000, 0.000, 0.000, 0.000, 1.000, 0.000]"
93.96,94.0,Leeseo,0.9999996423721313,Leeseo,[1.000],"[0.000, 0.000, 0.000, 0.000, 0.000, 1.000, 0.000]"
94.0,94.04,Leeseo,0.9999996423721313,Leeseo,[1.000],"[0.000, 0.000, 0.000, 0.000, 0.000, 1.000, 0.000]"
94.04,94.08,Leeseo,0.9999995231628418,Leeseo,[1.000],"[0.000, 0.000, 0.000, 0.000, 0.000, 1.000, 0.000]"
94.08,94.12,Leeseo,0.9999995231628418,Leeseo,[1.000],"[0.000, 0.000, 0.000, 0.000, 0.000, 1.000, 0.000]"
94.12,94.16,Leeseo,0.9999994039535522,Leeseo,[1.000],"[0.000, 0.000, 0.000, 0.000, 0.000, 1.000, 0.000]"
94.16,94.2,Leeseo,0.9999992847442627,Leeseo,[1.000],"[0.000, 0.000, 0.000, 0.000, 0.000, 1.000, 0.000]"
94.2,94.24,Leeseo,0.9999992847442627,Leeseo,[1.000],"[0.000, 0.000, 0.000, 0.000, 0.000, 1.000, 0.000]"
94.24,94.28,Leeseo,0.9999991655349731,Leeseo,[1.000],"[0.000, 0.000, 0.000, 0.000, 0.000, 1.000, 0.000]"
94.28,94.32,Leeseo,0.9999990463256836,Leeseo,[1.000],"[0.000, 0.000, 0.000, 0.000, 0.000, 1.000, 0.000]"
94.32,94.36,Leeseo,0.999998927116394,Leeseo,[1.000],"[0.000, 0.000, 0.000, 0.000, 0.000, 1.000, 0.000]"
94.36,94.4,Leeseo,0.9999988079071045,Leeseo,[1.000],"[0.000, 0.000, 0.000, 0.000, 0.000, 1.000, 0.000]"
94.4,94.44,Leeseo,0.9999986886978149,Leeseo,[1.000],"[0.000, 0.000, 0.000, 0.000, 0.000, 1.000, 0.000]"
94.44,94.48,Leeseo,0.9999985694885254,Leeseo,[1.000],"[0.000, 0.000, 0.000, 0.000, 0.000, 1.000, 0.000]"
94.48,94.52,Leeseo,0.9999984502792358,Leeseo,[1.000],"[0.000, 0.000, 0.000, 0.000, 0.000, 1.000, 0.000]"
94.52,94.56,Leeseo,0.9999983310699463,Leeseo,[1.000],"[0.000, 0.000, 0.000, 0.000, 0.000, 1.000, 0.000]"
94.56,94.6,Leeseo,0.9999982118606567,Leeseo,[1.000],"[0.000, 0.000, 0.000, 0.000, 0.000, 1.000, 0.000]"
94.6,94.64,Leeseo,0.9999982118606567,Leeseo,[1.000],"[0.000, 0.000, 0.000, 0.000, 0.000, 1.000, 0.000]"
94.64,94.68,Leeseo,0.9999980926513672,Leeseo,[1.000],"[0.000, 0.000, 0.000, 0.000, 0.000, 1.000, 0.000]"
94.68,94.72,Leeseo,0.9999979734420776,Leeseo,[1.000],"[0.000, 0.000, 0.000, 0.000, 0.000, 1.000, 0.000]"
94.72,94.76,Leeseo,0.9999978542327881,Leeseo,[1.000],"[0.000, 0.000, 0.000, 0.000, 0.000, 1.000, 0.000]"
94.76,94.8,Leeseo,0.9999977350234985,Leeseo,[1.000],"[0.000, 0.000, 0.000, 0.000, 0.000, 1.000, 0.000]"
94.8,94.84,Leeseo,0.999997615814209,Leeseo,[1.000],"[0.000, 0.000, 0.000, 0.000, 0.000, 1.000, 0.000]"
94.84,94.88,Leeseo,0.9999972581863403,Leeseo,[1.000],"[0.000, 0.000, 0.000, 0.000, 0.000, 1.000, 0.000]"
94.88,94.92,Leeseo,0.9999969005584717,Leeseo,[1.000],"[0.000, 0.000, 0.000, 0.000, 0.000, 1.000, 0.000]"
94.92,94.96,Leeseo,0.9999964237213135,Leeseo,[1.000],"[0.000, 0.000, 0.000, 0.000, 0.000, 1.000, 0.000]"
94.96,95.0,Leeseo,0.9999958276748657,Leeseo,[1.000],"[0.000, 0.000, 0.000, 0.000, 0.000, 1.000, 0.000]"
95.0,95.04,Leeseo,0.9999949932098389,Leeseo,[1.000],"[0.000, 0.000, 0.000, 0.000, 0.000, 1.000, 0.000]"
95.04,95.08,Leeseo,0.9999936819076538,Leeseo,[1.000],"[0.000, 0.000, 0.000, 0.000, 0.000, 1.000, 0.000]"
95.08,95.12,Leeseo,0.9999918937683105,Leeseo,[1.000],"[0.000, 0.000, 0.000, 0.000, 0.000, 1.000, 0.000]"
95.12,95.16,Leeseo,0.99998939037323,Leeseo,[1.000],"[0.000, 0.000, 0.000, 0.000, 0.000, 1.000, 0.000]"
95.16,95.2,Leeseo,0.9999855756759644,Leeseo,[1.000],"[0.000, 0.000, 0.000, 0.000, 0.000, 1.000, 0.000]"
95.2,95.24,Leeseo,0.999980092048645,Leeseo,[1.000],"[0.000, 0.000, 0.000, 0.000, 0.000, 1.000, 0.000]"
95.24,95.28,Leeseo,0.9999719858169556,Leeseo,[1.000],"[0.000, 0.000, 0.000, 0.000, 0.000, 1.000, 0.000]"
95.28,95.32,Leeseo,0.9999598264694214,Leeseo,[1.000],"[0.000, 0.000, 0.000, 0.000, 0.000, 1.000, 0.000]"
95.32,95.36,Leeseo,0.9999417066574097,Leeseo,[1.000],"[0.000, 0.000, 0.000, 0.000, 0.000, 1.000, 0.000]"
95.36,95.4,Leeseo,0.9999148845672607,Leeseo,[1.000],"[0.000, 0.000, 0.000, 0.000, 0.000, 1.000, 0.000]"
95.4,95.44,Leeseo,0.9998749494552612,Leeseo,[1.000],"[0.000, 0.000, 0.000, 0.000, 0.000, 1.000, 0.000]"
95.44,95.48,Leeseo,0.9998157620429993,Leeseo,[1.000],"[0.000, 0.000, 0.000, 0.000, 0.000, 1.000, 0.000]"
95.48,95.52,Leeseo,0.9997275471687317,Leeseo,[1.000],"[0.000, 0.000, 0.000, 0.000, 0.000, 1.000, 0.000]"
95.52,95.56,Leeseo,0.9995957016944885,Leeseo,[1.000],"[0.000, 0.000, 0.000, 0.000, 0.000, 1.000, 0.000]"
95.56,95.6,Leeseo,0.9993993043899536,Leeseo,[0.999],"[0.000, 0.000, 0.000, 0.000, 0.000, 0.999, 0.001]"
95.6,95.64,Leeseo,0.9991101622581482,Leeseo,[0.999],"[0.000, 0.000, 0.000, 0.000, 0.000, 0.999, 0.001]"
95.64,95.68,Leeseo,0.9986887574195862,Leeseo,[0.999],"[0.000, 0.000, 0.000, 0.000, 0.000, 0.999, 0.001]"
95.68,95.72,Leeseo,0.9980918765068054,Leeseo,[0.998],"[0.000, 0.000, 0.000, 0.000, 0.000, 0.998, 0.002]"
95.72,95.76,Leeseo,0.9972860813140869,Leeseo,[0.997],"[0.000, 0.000, 0.000, 0.000, 0.000, 0.997, 0.002]"
95.76,95.8,Leeseo,0.9962711334228516,Leeseo,[0.996],"[0.000, 0.000, 0.000, 0.000, 0.000, 0.996, 0.003]"
95.8,95.84,Leeseo,0.9951044321060181,Leeseo,[0.995],"[0.000, 0.000, 0.000, 0.000, 0.000, 0.995, 0.005]"
95.84,95.88,Leeseo,0.9939283132553101,Leeseo,[0.994],"[0.000, 0.000, 0.000, 0.000, 0.000, 0.994, 0.006]"
95.88,95.92,Leeseo,0.9929670095443726,Leeseo,[0.993],"[0.000, 0.000, 0.000, 0.000, 0.000, 0.993, 0.008]"
95.92,95.96,Leeseo,0.9924572706222534,Leeseo,[0.992],"[0.000, 0.000, 0.000, 0.000, 0.000, 0.992, 0.009]"
95.96,96.0,Leeseo,0.9925745725631714,Leeseo,[0.993],"[0.000, 0.000, 0.000, 0.000, 0.000, 0.993, 0.010]"
96.0,96.04,Leeseo,0.9933419823646545,Leeseo,[0.993],"[0.000, 0.000, 0.000, 0.000, 0.000, 0.993, 0.011]"
96.04,96.08,Leeseo,0.9945918917655945,Leeseo,[0.995],"[0.000, 0.000, 0.000, 0.000, 0.000, 0.995, 0.011]"
96.08,96.12,Leeseo,0.9960338473320007,Leeseo,[0.996],"[0.000, 0.000, 0.000, 0.000, 0.000, 0.996, 0.010]"
96.12,96.16,Leeseo,0.9973776340484619,Leeseo,[0.997],"[0.000, 0.000, 0.000, 0.000, 0.000, 0.997, 0.009]"
96.16,96.2,Leeseo,0.9984341263771057,Leeseo,[0.998],"[0.000, 0.000, 0.000, 0.000, 0.000, 0.998, 0.007]"
96.2,96.24,Leeseo,0.9991534948348999,Leeseo,[0.999],"[0.000, 0.000, 0.000, 0.000, 0.000, 0.999, 0.006]"
96.24,96.28,Leeseo,0.999583899974823,Leeseo,[1.000],"[0.000, 0.000, 0.000, 0.000, 0.000, 1.000, 0.004]"
96.28,96.32,Leeseo,0.9998131394386292,Leeseo,[1.000],"[0.000, 0.000, 0.000, 0.000, 0.000, 1.000, 0.003]"
96.32,96.36,Leeseo,0.9999229907989502,Leeseo,[1.000],"[0.000, 0.000, 0.000, 0.000, 0.000, 1.000, 0.002]"
96.36,96.4,Leeseo,0.9999706745147705,Leeseo,[1.000],"[0.000, 0.000, 0.000, 0.000, 0.000, 1.000, 0.001]"
96.4,96.44,Leeseo,0.9999895095825195,Leeseo,[1.000],"[0.000, 0.000, 0.000, 0.000, 0.000, 1.000, 0.001]"
96.44,96.48,Leeseo,0.9999964237213135,Leeseo,[1.000],"[0.000, 0.000, 0.000, 0.000, 0.000, 1.000, 0.000]"
96.48,96.52,Leeseo,0.999998927116394,Leeseo,[1.000],"[0.000, 0.000, 0.000, 0.000, 0.000, 1.000, 0.000]"
96.52,96.56,Leeseo,0.9999996423721313,Leeseo,[1.000],"[0.000, 0.000, 0.000, 0.000, 0.000, 1.000, 0.000]"
96.56,96.6,Leeseo,0.9999998807907104,Leeseo,[1.000],"[0.000, 0.000, 0.000, 0.000, 0.000, 1.000, 0.000]"
96.6,96.64,Leeseo,1.0,Leeseo,[1.000],"[0.000, 0.000, 0.000, 0.000, 0.000, 1.000, 0.000]"
96.64,96.68,Leeseo,1.0,Leeseo,[1.000],"[0.000, 0.000, 0.000, 0.000, 0.000, 1.000, 0.000]"
96.68,96.72,Leeseo,1.0,Leeseo,[1.000],"[0.000, 0.000, 0.000, 0.000, 0.000, 1.000, 0.000]"
96.72,96.76,Leeseo,1.0,Leeseo,[1.000],"[0.000, 0.000, 0.000, 0.000, 0.000, 1.000, 0.000]"
96.76,96.8,Leeseo,1.0,Leeseo,[1.000],"[0.000, 0.000, 0.000, 0.000, 0.000, 1.000, 0.000]"
96.8,96.84,Leeseo,1.0,Leeseo,[1.000],"[0.000, 0.000, 0.000, 0.000, 0.000, 1.000, 0.000]"
96.84,96.88,Leeseo,1.0,Leeseo,[1.000],"[0.000, 0.000, 0.000, 0.000, 0.000, 1.000, 0.000]"
96.88,96.92,Leeseo,1.0,Leeseo,[1.000],"[0.000, 0.000, 0.000, 0.000, 0.000, 1.000, 0.000]"
96.92,96.96,Leeseo,1.0,Leeseo,[1.000],"[0.000, 0.000, 0.000, 0.000, 0.000, 1.000, 0.000]"
96.96,97.0,Leeseo,1.0,Leeseo,[1.000],"[0.000, 0.000, 0.000, 0.000, 0.000, 1.000, 0.000]"
97.0,97.04,Leeseo,1.0,Leeseo,[1.000],"[0.000, 0.000, 0.000, 0.000, 0.000, 1.000, 0.000]"
97.04,97.08,Leeseo,1.0,Leeseo,[1.000],"[0.000, 0.000, 0.000, 0.000, 0.000, 1.000, 0.000]"
97.08,97.12,Leeseo,1.0,Leeseo,[1.000],"[0.000, 0.000, 0.000, 0.000, 0.000, 1.000, 0.000]"
97.12,97.16,Leeseo,1.0,Leeseo,[1.000],"[0.000, 0.000, 0.000, 0.000, 0.000, 1.000, 0.000]"
97.16,97.2,Leeseo,1.0,Leeseo,[1.000],"[0.000, 0.000, 0.000, 0.000, 0.000, 1.000, 0.000]"
97.2,97.24,Leeseo,1.0,Leeseo,[1.000],"[0.000, 0.000, 0.000, 0.000, 0.000, 1.000, 0.000]"
97.24,97.28,Leeseo,1.0,Leeseo,[1.000],"[0.000, 0.000, 0.000, 0.000, 0.000, 1.000, 0.000]"
97.28,97.32,Leeseo,1.0,Leeseo,[1.000],"[0.000, 0.000, 0.000, 0.000, 0.000, 1.000, 0.000]"
97.32,97.36,Leeseo,1.0,Leeseo,[1.000],"[0.000, 0.000, 0.000, 0.000, 0.000, 1.000, 0.000]"
97.36,97.4,Leeseo,1.0,Leeseo,[1.000],"[0.000, 0.000, 0.000, 0.000, 0.000, 1.000, 0.000]"
97.4,97.44,Leeseo,1.0,Leeseo,[1.000],"[0.000, 0.000, 0.000, 0.000, 0.000, 1.000, 0.000]"
97.44,97.48,Leeseo,1.0,Leeseo,[1.000],"[0.000, 0.000, 0.000, 0.000, 0.000, 1.000, 0.000]"
97.48,97.52,Leeseo,1.0,Leeseo,[1.000],"[0.000, 0.000, 0.000, 0.000, 0.000, 1.000, 0.000]"
97.52,97.56,Leeseo,1.0,Leeseo,[1.000],"[0.000, 0.000, 0.000, 0.000, 0.000, 1.000, 0.000]"
97.56,97.6,Leeseo,1.0,Leeseo,[1.000],"[0.000, 0.000, 0.000, 0.000, 0.000, 1.000, 0.000]"
97.6,97.64,Leeseo,1.0,Leeseo,[1.000],"[0.000, 0.000, 0.000, 0.000, 0.000, 1.000, 0.000]"
97.64,97.68,Leeseo,1.0,Leeseo,[1.000],"[0.000, 0.000, 0.000, 0.000, 0.000, 1.000, 0.000]"
97.68,97.72,Leeseo,1.0,Leeseo,[1.000],"[0.000, 0.000, 0.000, 0.000, 0.000, 1.000, 0.000]"
97.72,97.76,Leeseo,1.0,Leeseo,[1.000],"[0.000, 0.000, 0.000, 0.000, 0.000, 1.000, 0.000]"
97.76,97.8,Leeseo,1.0,Leeseo,[1.000],"[0.000, 0.000, 0.000, 0.000, 0.000, 1.000, 0.000]"
97.8,97.84,Leeseo,1.0,Leeseo,[1.000],"[0.000, 0.000, 0.000, 0.000, 0.000, 1.000, 0.000]"
97.84,97.88,Leeseo,1.0,Leeseo,[1.000],"[0.000, 0.000, 0.000, 0.000, 0.000, 1.000, 0.000]"
97.88,97.92,Leeseo,1.0,Leeseo,[1.000],"[0.000, 0.000, 0.000, 0.000, 0.000, 1.000, 0.000]"
97.92,97.96,Leeseo,1.0,Leeseo,[1.000],"[0.000, 0.000, 0.000, 0.000, 0.000, 1.000, 0.000]"
97.96,98.0,Leeseo,1.0,Leeseo,[1.000],"[0.000, 0.000, 0.000, 0.000, 0.000, 1.000, 0.000]"
98.0,98.04,Leeseo,1.0,Leeseo,[1.000],"[0.000, 0.000, 0.000, 0.000, 0.000, 1.000, 0.000]"
98.04,98.08,Leeseo,1.0,Leeseo,[1.000],"[0.000, 0.000, 0.000, 0.000, 0.000, 1.000, 0.000]"
98.08,98.12,Leeseo,1.0,Leeseo,[1.000],"[0.000, 0.000, 0.000, 0.000, 0.000, 1.000, 0.000]"
98.12,98.16,Leeseo,1.0,Leeseo,[1.000],"[0.000, 0.000, 0.000, 0.000, 0.000, 1.000, 0.000]"
98.16,98.2,Leeseo,1.0,Leeseo,[1.000],"[0.000, 0.000, 0.000, 0.000, 0.000, 1.000, 0.000]"
98.2,98.24,Leeseo,1.0,Leeseo,[1.000],"[0.000, 0.000, 0.000, 0.000, 0.000, 1.000, 0.000]"
98.24,98.28,Leeseo,1.0,Leeseo,[1.000],"[0.000, 0.000, 0.000, 0.000, 0.000, 1.000, 0.000]"
98.28,98.32,Leeseo,1.0,Leeseo,[1.000],"[0.000, 0.000, 0.000, 0.000, 0.000, 1.000, 0.000]"
98.32,98.36,Leeseo,1.0,Leeseo,[1.000],"[0.000, 0.000, 0.000, 0.000, 0.000, 1.000, 0.000]"
98.36,98.4,Leeseo,1.0,Leeseo,[1.000],"[0.000, 0.000, 0.000, 0.000, 0.000, 1.000, 0.000]"
98.4,98.44,Leeseo,1.0,Leeseo,[1.000],"[0.000, 0.000, 0.000, 0.000, 0.000, 1.000, 0.000]"
98.44,98.48,Leeseo,1.0,Leeseo,[1.000],"[0.000, 0.000, 0.000, 0.000, 0.000, 1.000, 0.000]"
98.48,98.52,Leeseo,1.0,Leeseo,[1.000],"[0.000, 0.000, 0.000, 0.000, 0.000, 1.000, 0.000]"
98.52,98.56,Leeseo,1.0,Leeseo,[1.000],"[0.000, 0.000, 0.000, 0.000, 0.000, 1.000, 0.000]"
98.56,98.6,Leeseo,1.0,Leeseo,[1.000],"[0.000, 0.000, 0.000, 0.000, 0.000, 1.000, 0.000]"
98.6,98.64,Leeseo,1.0,Leeseo,[1.000],"[0.000, 0.000, 0.000, 0.000, 0.000, 1.000, 0.000]"
98.64,98.68,Leeseo,1.0,Leeseo,[1.000],"[0.000, 0.000, 0.000, 0.000, 0.000, 1.000, 0.000]"
98.68,98.72,Leeseo,1.0,Leeseo,[1.000],"[0.000, 0.000, 0.000, 0.000, 0.000, 1.000, 0.000]"
98.72,98.76,Leeseo,1.0,Leeseo,[1.000],"[0.000, 0.000, 0.000, 0.000, 0.000, 1.000, 0.000]"
98.76,98.8,Leeseo,1.0,Leeseo,[1.000],"[0.000, 0.000, 0.000, 0.000, 0.000, 1.000, 0.000]"
98.8,98.84,Leeseo,1.0,Leeseo,[1.000],"[0.000, 0.000, 0.000, 0.000, 0.000, 1.000, 0.000]"
98.84,98.88,Leeseo,1.0,Leeseo,[1.000],"[0.000, 0.000, 0.000, 0.000, 0.000, 1.000, 0.000]"
98.88,98.92,Leeseo,1.0,Leeseo,[1.000],"[0.000, 0.000, 0.000, 0.000, 0.000, 1.000, 0.000]"
98.92,98.96,Leeseo,1.0,Leeseo,[1.000],"[0.000, 0.000, 0.000, 0.000, 0.000, 1.000, 0.000]"
98.96,99.0,Leeseo,1.0,Leeseo,[1.000],"[0.000, 0.000, 0.000, 0.000, 0.000, 1.000, 0.000]"
99.0,99.04,Leeseo,1.0,Leeseo,[1.000],"[0.000, 0.000, 0.000, 0.000, 0.000, 1.000, 0.000]"
99.04,99.08,Leeseo,1.0,Leeseo,[1.000],"[0.000, 0.000, 0.000, 0.000, 0.000, 1.000, 0.000]"
99.08,99.12,Leeseo,0.9999998807907104,Leeseo,[1.000],"[0.000, 0.000, 0.000, 0.000, 0.000, 1.000, 0.000]"
99.12,99.16,Leeseo,0.9999998807907104,Leeseo,[1.000],"[0.000, 0.000, 0.000, 0.000, 0.000, 1.000, 0.000]"
99.16,99.2,Leeseo,0.9999997615814209,Leeseo,[1.000],"[0.000, 0.000, 0.000, 0.000, 0.000, 1.000, 0.000]"
99.2,99.24,Leeseo,0.9999996423721313,Leeseo,[1.000],"[0.000, 0.000, 0.000, 0.000, 0.000, 1.000, 0.000]"
99.24,99.28,Leeseo,0.9999994039535522,Leeseo,[1.000],"[0.000, 0.000, 0.000, 0.000, 0.000, 1.000, 0.000]"
99.28,99.32,Leeseo,0.9999991655349731,Leeseo,[1.000],"[0.000, 0.000, 0.000, 0.000, 0.000, 1.000, 0.000]"
99.32,99.36,Leeseo,0.9999986886978149,Leeseo,[1.000],"[0.000, 0.000, 0.000, 0.000, 0.000, 1.000, 0.000]"
99.36,99.4,Leeseo,0.9999980926513672,Leeseo,[1.000],"[0.000, 0.000, 0.000, 0.000, 0.000, 1.000, 0.000]"
99.4,99.44,Leeseo,0.9999971389770508,Leeseo,[1.000],"[0.000, 0.000, 0.000, 0.000, 0.000, 1.000, 0.000]"
99.44,99.48,Leeseo,0.9999955892562866,Leeseo,[1.000],"[0.000, 0.000, 0.000, 0.000, 0.000, 1.000, 0.000]"
99.48,99.52,Leeseo,0.9999932050704956,Leeseo,[1.000],"[0.000, 0.000, 0.000, 0.000, 0.000, 1.000, 0.000]"
99.52,99.56,Leeseo,0.9999895095825195,Leeseo,[1.000],"[0.000, 0.000, 0.000, 0.000, 0.000, 1.000, 0.000]"
99.56,99.6,Leeseo,0.999983549118042,Leeseo,[1.000],"[0.000, 0.000, 0.000, 0.000, 0.000, 1.000, 0.000]"
99.6,99.64,Leeseo,0.999974250793457,Leeseo,[1.000],"[0.000, 0.000, 0.000, 0.000, 0.000, 1.000, 0.000]"
99.64,99.68,Leeseo,0.9999594688415527,Leeseo,[1.000],"[0.000, 0.000, 0.000, 0.000, 0.000, 1.000, 0.001]"
99.68,99.72,Leeseo,0.9999353885650635,Leeseo,[1.000],"[0.000, 0.000, 0.000, 0.000, 0.000, 1.000, 0.001]"
99.72,99.76,Leeseo,0.9998965263366699,Leeseo,[1.000],"[0.000, 0.000, 0.000, 0.000, 0.000, 1.000, 0.001]"
99.76,99.8,Leeseo,0.9998331069946289,Leeseo,[1.000],"[0.000, 0.000, 0.000, 0.000, 0.000, 1.000, 0.001]"
99.8,99.84,Leeseo,0.9997288584709167,Leeseo,[1.000],"[0.000, 0.000, 0.000, 0.000, 0.000, 1.000, 0.001]"
99.84,99.88,Leeseo,0.9995567202568054,Leeseo,[1.000],"[0.000, 0.000, 0.000, 0.000, 0.000, 1.000, 0.002]"
99.88,99.92,Leeseo,0.9992733597755432,Leeseo,[0.999],"[0.000, 0.000, 0.000, 0.000, 0.000, 0.999, 0.002]"
99.92,99.96,Leeseo,0.9988114833831787,Leeseo,[0.999],"[0.000, 0.000, 0.000, 0.001, 0.000, 0.999, 0.002]"
99.96,100.0,Leeseo,0.9980666041374207,Leeseo,[0.998],"[0.000, 0.000, 0.000, 0.001, 0.000, 0.998, 0.003]"
100.0,100.04,Leeseo,0.9968819618225098,Leeseo,[0.997],"[0.000, 0.000, 0.000, 0.001, 0.000, 0.997, 0.003]"
100.04,100.08,Leeseo,0.995029628276825,Leeseo,[0.995],"[0.000, 0.000, 0.000, 0.001, 0.000, 0.995, 0.004]"
100.08,100.12,Leeseo,0.9922071099281311,Leeseo,[0.992],"[0.000, 0.000, 0.000, 0.001, 0.000, 0.992, 0.005]"
100.12,100.16,Leeseo,0.9880550503730774,Leeseo,[0.988],"[0.000, 0.000, 0.000, 0.001, 0.000, 0.988, 0.006]"
100.16,100.2,Leeseo,0.9822368025779724,Leeseo,[0.982],"[0.000, 0.000, 0.000, 0.001, 0.000, 0.982, 0.007]"
100.2,100.24,Leeseo,0.9745988249778748,Leeseo,[0.975],"[0.000, 0.000, 0.000, 0.001, 0.000, 0.975, 0.008]"
100.24,100.28,Leeseo,0.9653422832489014,Leeseo,[0.965],"[0.000, 0.000, 0.000, 0.001, 0.000, 0.965, 0.009]"
100.28,100.32,Leeseo,0.9552467465400696,Leeseo,[0.955],"[0.000, 0.000, 0.000, 0.000, 0.000, 0.955, 0.010]"
100.32,100.36,Leeseo,0.9456535577774048,Leeseo,[0.946],"[0.000, 0.000, 0.000, 0.000, 0.000, 0.946, 0.011]"
100.36,100.4,Leeseo,0.9382038116455078,Leeseo,[0.938],"[0.000, 0.000, 0.000, 0.000, 0.000, 0.938, 0.011]"
100.4,100.44,Leeseo,0.9345599412918091,Leeseo,[0.935],"[0.000, 0.000, 0.000, 0.000, 0.000, 0.935, 0.012]"
100.44,100.48,Leeseo,0.9357864856719971,Leeseo,[0.936],"[0.000, 0.000, 0.000, 0.000, 0.000, 0.936, 0.012]"
100.48,100.52,Leeseo,0.942003071308136,Leeseo,[0.942],"[0.000, 0.000, 0.000, 0.000, 0.000, 0.942, 0.011]"
100.52,100.56,Leeseo,0.9522318840026855,Leeseo,[0.952],"[0.000, 0.000, 0.000, 0.000, 0.000, 0.952, 0.010]"
100.56,100.6,Leeseo,0.9644867181777954,Leeseo,[0.964],"[0.000, 0.000, 0.000, 0.000, 0.000, 0.964, 0.009]"
100.6,100.64,Leeseo,0.9763790965080261,Leeseo,[0.976],"[0.000, 0.000, 0.000, 0.000, 0.000, 0.976, 0.007]"
100.64,100.68,Leeseo,0.9860225915908813,Leeseo,[0.986],"[0.000, 0.000, 0.000, 0.000, 0.000, 0.986, 0.006]"
100.68,100.72,Leeseo,0.9926531314849854,Leeseo,[0.993],"[0.000, 0.000, 0.000, 0.000, 0.000, 0.993, 0.004]"
100.72,100.76,Leeseo,0.9965806603431702,Leeseo,[0.997],"[0.000, 0.000, 0.000, 0.000, 0.000, 0.997, 0.003]"
100.76,100.8,Leeseo,0.9985886216163635,Leeseo,[0.999],"[0.000, 0.000, 0.000, 0.000, 0.000, 0.999, 0.002]"
100.8,100.84,Leeseo,0.9994816184043884,Leeseo,[0.999],"[0.000, 0.000, 0.000, 0.000, 0.000, 0.999, 0.001]"
100.84,100.88,Leeseo,0.9998296499252319,Leeseo,[1.000],"[0.000, 0.000, 0.000, 0.000, 0.000, 1.000, 0.001]"
100.88,100.92,Leeseo,0.99994957447052,Leeseo,[1.000],"[0.000, 0.000, 0.000, 0.000, 0.000, 1.000, 0.000]"
100.92,100.96,Leeseo,0.9999865293502808,Leeseo,[1.000],"[0.000, 0.000, 0.000, 0.000, 0.000, 1.000, 0.000]"
100.96,101.0,Leeseo,0.9999966621398926,Leeseo,[1.000],"[0.000, 0.000, 0.000, 0.000, 0.000, 1.000, 0.000]"
101.0,101.04,Leeseo,0.9999992847442627,Leeseo,[1.000],"[0.000, 0.000, 0.000, 0.000, 0.000, 1.000, 0.000]"
101.04,101.08,Leeseo,0.9999998807907104,Leeseo,[1.000],"[0.000, 0.000, 0.000, 0.000, 0.000, 1.000, 0.000]"
101.08,101.12,Leeseo,1.0,Leeseo,[1.000],"[0.000, 0.000, 0.000, 0.000, 0.000, 1.000, 0.000]"
101.12,101.16,Leeseo,1.0,Leeseo,[1.000],"[0.000, 0.000, 0.000, 0.000, 0.000, 1.000, 0.000]"
101.16,101.2,Leeseo,1.0,Leeseo,[1.000],"[0.000, 0.000, 0.000, 0.000, 0.000, 1.000, 0.000]"
101.2,101.24,Leeseo,1.0,Leeseo,[1.000],"[0.000, 0.000, 0.000, 0.000, 0.000, 1.000, 0.000]"
101.24,101.28,Leeseo,1.0,Leeseo,[1.000],"[0.000, 0.000, 0.000, 0.000, 0.000, 1.000, 0.000]"
101.28,101.32,Leeseo,1.0,Leeseo,[1.000],"[0.000, 0.000, 0.000, 0.000, 0.000, 1.000, 0.000]"
101.32,101.36,Leeseo,1.0,Leeseo,[1.000],"[0.000, 0.000, 0.000, 0.000, 0.000, 1.000, 0.000]"
101.36,101.4,Leeseo,1.0,Leeseo,[1.000],"[0.000, 0.000, 0.000, 0.000, 0.000, 1.000, 0.000]"
101.4,101.44,Leeseo,1.0,Leeseo,[1.000],"[0.000, 0.000, 0.000, 0.000, 0.000, 1.000, 0.000]"
101.44,101.48,Leeseo,1.0,Leeseo,[1.000],"[0.000, 0.000, 0.000, 0.000, 0.000, 1.000, 0.000]"
101.48,101.52,Leeseo,1.0,Leeseo,[1.000],"[0.000, 0.000, 0.000, 0.000, 0.000, 1.000, 0.000]"
101.52,101.56,Leeseo,1.0,Leeseo,[1.000],"[0.000, 0.000, 0.000, 0.000, 0.000, 1.000, 0.000]"
101.56,101.6,Leeseo,1.0,Leeseo,[1.000],"[0.000, 0.000, 0.000, 0.000, 0.000, 1.000, 0.000]"
101.6,101.64,Leeseo,1.0,Leeseo,[1.000],"[0.000, 0.000, 0.000, 0.000, 0.000, 1.000, 0.000]"
101.64,101.68,Leeseo,1.0,Leeseo,[1.000],"[0.000, 0.000, 0.000, 0.000, 0.000, 1.000, 0.000]"
101.68,101.72,Leeseo,1.0,Leeseo,[1.000],"[0.000, 0.000, 0.000, 0.000, 0.000, 1.000, 0.000]"
101.72,101.76,Leeseo,1.0,Leeseo,[1.000],"[0.000, 0.000, 0.000, 0.000, 0.000, 1.000, 0.000]"
101.76,101.8,Leeseo,1.0,Leeseo,[1.000],"[0.000, 0.000, 0.000, 0.000, 0.000, 1.000, 0.000]"
101.8,101.84,Leeseo,1.0,Leeseo,[1.000],"[0.000, 0.000, 0.000, 0.000, 0.000, 1.000, 0.000]"
101.84,101.88,Leeseo,1.0,Leeseo,[1.000],"[0.000, 0.000, 0.000, 0.000, 0.000, 1.000, 0.000]"
101.88,101.92,Leeseo,1.0,Leeseo,[1.000],"[0.000, 0.000, 0.000, 0.000, 0.000, 1.000, 0.000]"
101.92,101.96,Leeseo,1.0,Leeseo,[1.000],"[0.000, 0.000, 0.000, 0.000, 0.000, 1.000, 0.000]"
101.96,102.0,Leeseo,1.0,Leeseo,[1.000],"[0.000, 0.000, 0.000, 0.000, 0.000, 1.000, 0.000]"
102.0,102.04,Leeseo,1.0,Leeseo,[1.000],"[0.000, 0.000, 0.000, 0.000, 0.000, 1.000, 0.000]"
102.04,102.08,Leeseo,1.0,Leeseo,[1.000],"[0.000, 0.000, 0.000, 0.000, 0.000, 1.000, 0.000]"
102.08,102.12,Leeseo,1.0,Leeseo,[1.000],"[0.000, 0.000, 0.000, 0.000, 0.000, 1.000, 0.000]"
102.12,102.16,Leeseo,1.0,Leeseo,[1.000],"[0.000, 0.000, 0.000, 0.000, 0.000, 1.000, 0.000]"
102.16,102.2,Leeseo,1.0,Leeseo,[1.000],"[0.000, 0.000, 0.000, 0.000, 0.000, 1.000, 0.000]"
102.2,102.24,Leeseo,1.0,Leeseo,[1.000],"[0.000, 0.000, 0.000, 0.000, 0.000, 1.000, 0.000]"
102.24,102.28,Leeseo,1.0,Leeseo,[1.000],"[0.000, 0.000, 0.000, 0.000, 0.000, 1.000, 0.000]"
102.28,102.32,Leeseo,1.0,Leeseo,[1.000],"[0.000, 0.000, 0.000, 0.000, 0.000, 1.000, 0.000]"
102.32,102.36,Leeseo,1.0,Leeseo,[1.000],"[0.000, 0.000, 0.000, 0.000, 0.000, 1.000, 0.000]"
102.36,102.4,Leeseo,1.0,Leeseo,[1.000],"[0.000, 0.000, 0.000, 0.000, 0.000, 1.000, 0.000]"
102.4,102.44,Leeseo,1.0,Leeseo,[1.000],"[0.000, 0.000, 0.000, 0.000, 0.000, 1.000, 0.000]"
102.44,102.48,Leeseo,1.0,Leeseo,[1.000],"[0.000, 0.000, 0.000, 0.000, 0.000, 1.000, 0.000]"
102.48,102.52,Leeseo,1.0,Leeseo,[1.000],"[0.000, 0.000, 0.000, 0.000, 0.000, 1.000, 0.000]"
102.52,102.56,Leeseo,1.0,Leeseo,[1.000],"[0.000, 0.000, 0.000, 0.000, 0.000, 1.000, 0.000]"
102.56,102.6,Leeseo,1.0,Leeseo,[1.000],"[0.000, 0.000, 0.000, 0.000, 0.000, 1.000, 0.000]"
102.6,102.64,Leeseo,1.0,Leeseo,[1.000],"[0.000, 0.000, 0.000, 0.000, 0.000, 1.000, 0.000]"
102.64,102.68,Leeseo,1.0,Leeseo,[1.000],"[0.000, 0.000, 0.000, 0.000, 0.000, 1.000, 0.000]"
102.68,102.72,Leeseo,1.0,Leeseo,[1.000],"[0.000, 0.000, 0.000, 0.000, 0.000, 1.000, 0.000]"
102.72,102.76,Leeseo,1.0,Leeseo,[1.000],"[0.000, 0.000, 0.000, 0.000, 0.000, 1.000, 0.000]"
102.76,102.8,Leeseo,1.0,Leeseo,[1.000],"[0.000, 0.000, 0.000, 0.000, 0.000, 1.000, 0.000]"
102.8,102.84,Leeseo,0.9999998807907104,Leeseo,[1.000],"[0.000, 0.000, 0.000, 0.000, 0.000, 1.000, 0.000]"
102.84,102.88,Leeseo,0.9999998807907104,Leeseo,[1.000],"[0.000, 0.000, 0.000, 0.000, 0.000, 1.000, 0.000]"
102.88,102.92,Leeseo,0.9999998807907104,Leeseo,[1.000],"[0.000, 0.000, 0.000, 0.000, 0.000, 1.000, 0.000]"
102.92,102.96,Leeseo,0.9999997615814209,Leeseo,[1.000],"[0.000, 0.000, 0.000, 0.000, 0.000, 1.000, 0.000]"
102.96,103.0,Leeseo,0.9999997615814209,Leeseo,[1.000],"[0.000, 0.000, 0.000, 0.000, 0.000, 1.000, 0.000]"
103.0,103.04,Leeseo,0.9999996423721313,Leeseo,[1.000],"[0.000, 0.000, 0.000, 0.000, 0.000, 1.000, 0.000]"
103.04,103.08,Leeseo,0.9999995231628418,Leeseo,[1.000],"[0.000, 0.000, 0.000, 0.000, 0.000, 1.000, 0.000]"
103.08,103.12,Leeseo,0.9999995231628418,Leeseo,[1.000],"[0.000, 0.000, 0.000, 0.000, 0.000, 1.000, 0.000]"
103.12,103.16,Leeseo,0.9999994039535522,Leeseo,[1.000],"[0.000, 0.000, 0.000, 0.000, 0.000, 1.000, 0.000]"
103.16,103.2,Leeseo,0.9999994039535522,Leeseo,[1.000],"[0.000, 0.000, 0.000, 0.000, 0.000, 1.000, 0.000]"
103.2,103.24,Leeseo,0.9999992847442627,Leeseo,[1.000],"[0.000, 0.000, 0.000, 0.000, 0.000, 1.000, 0.000]"
103.24,103.28,Leeseo,0.9999994039535522,Leeseo,[1.000],"[0.000, 0.000, 0.000, 0.000, 0.000, 1.000, 0.000]"
103.28,103.32,Leeseo,0.9999994039535522,Leeseo,[1.000],"[0.000, 0.000, 0.000, 0.000, 0.000, 1.000, 0.000]"
103.32,103.36,Leeseo,0.9999994039535522,Leeseo,[1.000],"[0.000, 0.000, 0.000, 0.000, 0.000, 1.000, 0.000]"
103.36,103.4,Leeseo,0.9999995231628418,Leeseo,[1.000],"[0.000, 0.000, 0.000, 0.000, 0.000, 1.000, 0.000]"
103.4,103.44,Leeseo,0.9999995231628418,Leeseo,[1.000],"[0.000, 0.000, 0.000, 0.000, 0.000, 1.000, 0.000]"
103.44,103.48,Leeseo,0.9999996423721313,Leeseo,[1.000],"[0.000, 0.000, 0.000, 0.000, 0.000, 1.000, 0.000]"
103.48,103.52,Leeseo,0.9999997615814209,Leeseo,[1.000],"[0.000, 0.000, 0.000, 0.000, 0.000, 1.000, 0.000]"
103.52,103.56,Leeseo,0.9999997615814209,Leeseo,[1.000],"[0.000, 0.000, 0.000, 0.000, 0.000, 1.000, 0.000]"
103.56,103.6,Leeseo,0.9999997615814209,Leeseo,[1.000],"[0.000, 0.000, 0.000, 0.000, 0.000, 1.000, 0.000]"
103.6,103.64,Leeseo,0.9999998807907104,Leeseo,[1.000],"[0.000, 0.000, 0.000, 0.000, 0.000, 1.000, 0.000]"
103.64,103.68,Leeseo,0.9999998807907104,Leeseo,[1.000],"[0.000, 0.000, 0.000, 0.000, 0.000, 1.000, 0.000]"
103.68,103.72,Leeseo,0.9999998807907104,Leeseo,[1.000],"[0.000, 0.000, 0.000, 0.000, 0.000, 1.000, 0.000]"
103.72,103.76,Leeseo,0.9999998807907104,Leeseo,[1.000],"[0.000, 0.000, 0.000, 0.000, 0.000, 1.000, 0.000]"
103.76,103.8,Leeseo,0.9999998807907104,Leeseo,[1.000],"[0.000, 0.000, 0.000, 0.000, 0.000, 1.000, 0.000]"
103.8,103.84,Leeseo,1.0,Leeseo,[1.000],"[0.000, 0.000, 0.000, 0.000, 0.000, 1.000, 0.000]"
103.84,103.88,Leeseo,1.0,Leeseo,[1.000],"[0.000, 0.000, 0.000, 0.000, 0.000, 1.000, 0.000]"
103.88,103.92,Leeseo,1.0,Leeseo,[1.000],"[0.000, 0.000, 0.000, 0.000, 0.000, 1.000, 0.000]"
103.92,103.96,Leeseo,1.0,Leeseo,[1.000],"[0.000, 0.000, 0.000, 0.000, 0.000, 1.000, 0.000]"
103.96,104.0,Leeseo,0.9999998807907104,Leeseo,[1.000],"[0.000, 0.000, 0.000, 0.000, 0.000, 1.000, 0.000]"
104.0,104.04,Leeseo,0.9999998807907104,Leeseo,[1.000],"[0.000, 0.000, 0.000, 0.000, 0.000, 1.000, 0.000]"
104.04,104.08,Leeseo,0.9999998807907104,Leeseo,[1.000],"[0.000, 0.000, 0.000, 0.000, 0.000, 1.000, 0.000]"
104.08,104.12,Leeseo,0.9999998807907104,Leeseo,[1.000],"[0.000, 0.000, 0.000, 0.000, 0.000, 1.000, 0.000]"
104.12,104.16,Leeseo,0.9999997615814209,Leeseo,[1.000],"[0.000, 0.000, 0.000, 0.000, 0.000, 1.000, 0.000]"
104.16,104.2,Leeseo,0.9999997615814209,Leeseo,[1.000],"[0.000, 0.000, 0.000, 0.000, 0.000, 1.000, 0.000]"
104.2,104.24,Leeseo,0.9999996423721313,Leeseo,[1.000],"[0.000, 0.000, 0.000, 0.000, 0.000, 1.000, 0.000]"
104.24,104.28,Leeseo,0.9999994039535522,Leeseo,[1.000],"[0.000, 0.000, 0.000, 0.000, 0.000, 1.000, 0.000]"
104.28,104.32,Leeseo,0.9999990463256836,Leeseo,[1.000],"[0.000, 0.000, 0.000, 0.000, 0.000, 1.000, 0.000]"
104.32,104.36,Leeseo,0.9999985694885254,Leeseo,[1.000],"[0.000, 0.000, 0.000, 0.000, 0.000, 1.000, 0.000]"
104.36,104.4,Leeseo,0.9999977350234985,Leeseo,[1.000],"[0.000, 0.000, 0.000, 0.000, 0.000, 1.000, 0.000]"
104.4,104.44,Leeseo,0.9999963045120239,Leeseo,[1.000],"[0.000, 0.000, 0.000, 0.000, 0.000, 1.000, 0.000]"
104.44,104.48,Leeseo,0.9999942779541016,Leeseo,[1.000],"[0.000, 0.000, 0.000, 0.000, 0.000, 1.000, 0.000]"
104.48,104.52,Leeseo,0.9999909400939941,Leeseo,[1.000],"[0.000, 0.000, 0.000, 0.000, 0.000, 1.000, 0.000]"
104.52,104.56,Leeseo,0.999985933303833,Leeseo,[1.000],"[0.000, 0.000, 0.000, 0.000, 0.000, 1.000, 0.000]"
104.56,104.6,Leeseo,0.9999781847000122,Leeseo,[1.000],"[0.000, 0.000, 0.000, 0.000, 0.000, 1.000, 0.001]"
104.6,104.64,Leeseo,0.9999661445617676,Leeseo,[1.000],"[0.000, 0.000, 0.000, 0.000, 0.000, 1.000, 0.001]"
104.64,104.68,Leeseo,0.9999477863311768,Leeseo,[1.000],"[0.000, 0.000, 0.000, 0.000, 0.000, 1.000, 0.001]"
104.68,104.72,Leeseo,0.9999197721481323,Leeseo,[1.000],"[0.000, 0.000, 0.000, 0.000, 0.000, 1.000, 0.001]"
104.72,104.76,Leeseo,0.9998778104782104,Leeseo,[1.000],"[0.000, 0.000, 0.000, 0.000, 0.000, 1.000, 0.001]"
104.76,104.8,Leeseo,0.999816358089447,Leeseo,[1.000],"[0.000, 0.000, 0.000, 0.000, 0.000, 1.000, 0.001]"
104.8,104.84,Leeseo,0.9997287392616272,Leeseo,[1.000],"[0.000, 0.000, 0.000, 0.000, 0.000, 1.000, 0.002]"
104.84,104.88,Leeseo,0.9996084570884705,Leeseo,[1.000],"[0.000, 0.000, 0.000, 0.000, 0.000, 1.000, 0.002]"
104.88,104.92,Leeseo,0.9994518160820007,Leeseo,[0.999],"[0.000, 0.000, 0.000, 0.000, 0.000, 0.999, 0.002]"
104.92,104.96,Leeseo,0.9992604851722717,Leeseo,[0.999],"[0.000, 0.000, 0.000, 0.000, 0.000, 0.999, 0.003]"
104.96,105.0,Leeseo,0.999045193195343,Leeseo,[0.999],"[0.000, 0.000, 0.000, 0.000, 0.000, 0.999, 0.003]"
105.0,105.04,Leeseo,0.998826801776886,Leeseo,[0.999],"[0.000, 0.000, 0.000, 0.000, 0.000, 0.999, 0.003]"
105.04,105.08,Leeseo,0.9986327290534973,Leeseo,[0.999],"[0.000, 0.000, 0.000, 0.000, 0.000, 0.999, 0.003]"
105.08,105.12,Leeseo,0.998492956161499,Leeseo,[0.998],"[0.000, 0.000, 0.000, 0.000, 0.000, 0.998, 0.004]"
105.12,105.16,Leeseo,0.9984307885169983,Leeseo,[0.998],"[0.000, 0.000, 0.000, 0.000, 0.000, 0.998, 0.003]"
105.16,105.2,Leeseo,0.9984592199325562,Leeseo,[0.998],"[0.000, 0.000, 0.000, 0.000, 0.000, 0.998, 0.003]"
105.2,105.24,Leeseo,0.9985777139663696,Leeseo,[0.999],"[0.000, 0.000, 0.000, 0.000, 0.000, 0.999, 0.003]"
105.24,105.28,Leeseo,0.998770534992218,Leeseo,[0.999],"[0.000, 0.000, 0.000, 0.000, 0.000, 0.999, 0.003]"
105.28,105.32,Leeseo,0.9990069270133972,Leeseo,[0.999],"[0.000, 0.000, 0.000, 0.000, 0.000, 0.999, 0.002]"
105.32,105.36,Leeseo,0.9992488026618958,Leeseo,[0.999],"[0.000, 0.000, 0.000, 0.000, 0.000, 0.999, 0.002]"
105.36,105.4,Leeseo,0.9994655251502991,Leeseo,[0.999],"[0.000, 0.000, 0.000, 0.000, 0.000, 0.999, 0.001]"
105.4,105.44,Leeseo,0.9996395111083984,Leeseo,[1.000],"[0.000, 0.000, 0.000, 0.000, 0.000, 1.000, 0.001]"
105.44,105.48,Leeseo,0.9997678399085999,Leeseo,[1.000],"[0.000, 0.000, 0.000, 0.000, 0.000, 1.000, 0.001]"
105.48,105.52,Leeseo,0.9998559951782227,Leeseo,[1.000],"[0.000, 0.000, 0.000, 0.000, 0.000, 1.000, 0.000]"
105.52,105.56,Leeseo,0.9999133348464966,Leeseo,[1.000],"[0.000, 0.000, 0.000, 0.000, 0.000, 1.000, 0.000]"
105.56,105.6,Leeseo,0.9999489784240723,Leeseo,[1.000],"[0.000, 0.000, 0.000, 0.000, 0.000, 1.000, 0.000]"
105.6,105.64,Leeseo,0.9999703168869019,Leeseo,[1.000],"[0.000, 0.000, 0.000, 0.000, 0.000, 1.000, 0.000]"
105.64,105.68,Leeseo,0.9999828338623047,Leeseo,[1.000],"[0.000, 0.000, 0.000, 0.000, 0.000, 1.000, 0.000]"
105.68,105.72,Leeseo,0.9999899864196777,Leeseo,[1.000],"[0.000, 0.000, 0.000, 0.000, 0.000, 1.000, 0.000]"
105.72,105.76,Leeseo,0.999994158744812,Leeseo,[1.000],"[0.000, 0.000, 0.000, 0.000, 0.000, 1.000, 0.000]"
105.76,105.8,Leeseo,0.999996542930603,Leeseo,[1.000],"[0.000, 0.000, 0.000, 0.000, 0.000, 1.000, 0.000]"
105.8,105.84,Leeseo,0.9999978542327881,Leeseo,[1.000],"[0.000, 0.000, 0.000, 0.000, 0.000, 1.000, 0.000]"
105.84,105.88,Leeseo,0.9999986886978149,Leeseo,[1.000],"[0.000, 0.000, 0.000, 0.000, 0.000, 1.000, 0.000]"
105.88,105.92,Leeseo,0.9999990463256836,Leeseo,[1.000],"[0.000, 0.000, 0.000, 0.000, 0.000, 1.000, 0.000]"
105.92,105.96,Leeseo,0.9999994039535522,Leeseo,[1.000],"[0.000, 0.000, 0.000, 0.000, 0.000, 1.000, 0.000]"
105.96,106.0,Leeseo,0.9999995231628418,Leeseo,[1.000],"[0.000, 0.000, 0.000, 0.000, 0.000, 1.000, 0.000]"
106.0,106.04,Leeseo,0.9999996423721313,Leeseo,[1.000],"[0.000, 0.000, 0.000, 0.000, 0.000, 1.000, 0.000]"
106.04,106.08,Leeseo,0.9999997615814209,Leeseo,[1.000],"[0.000, 0.000, 0.000, 0.000, 0.000, 1.000, 0.000]"
106.08,106.12,Leeseo,0.9999997615814209,Leeseo,[1.000],"[0.000, 0.000, 0.000, 0.000, 0.000, 1.000, 0.000]"
106.12,106.16,Leeseo,0.9999997615814209,Leeseo,[1.000],"[0.000, 0.000, 0.000, 0.000, 0.000, 1.000, 0.000]"
106.16,106.2,Leeseo,0.9999997615814209,Leeseo,[1.000],"[0.000, 0.000, 0.000, 0.000, 0.000, 1.000, 0.000]"
106.2,106.24,Leeseo,0.9999997615814209,Leeseo,[1.000],"[0.000, 0.000, 0.000, 0.000, 0.000, 1.000, 0.000]"
106.24,106.28,Leeseo,0.9999997615814209,Leeseo,[1.000],"[0.000, 0.000, 0.000, 0.000, 0.000, 1.000, 0.000]"
106.28,106.32,Leeseo,0.9999997615814209,Leeseo,[1.000],"[0.000, 0.000, 0.000, 0.000, 0.000, 1.000, 0.000]"
106.32,106.36,Leeseo,0.9999996423721313,Leeseo,[1.000],"[0.000, 0.000, 0.000, 0.000, 0.000, 1.000, 0.000]"
106.36,106.4,Leeseo,0.9999996423721313,Leeseo,[1.000],"[0.000, 0.000, 0.000, 0.000, 0.000, 1.000, 0.000]"
106.4,106.44,Leeseo,0.9999995231628418,Leeseo,[1.000],"[0.000, 0.000, 0.000, 0.000, 0.000, 1.000, 0.000]"
106.44,106.48,Leeseo,0.9999992847442627,Leeseo,[1.000],"[0.000, 0.000, 0.000, 0.000, 0.000, 1.000, 0.000]"
106.48,106.52,Leeseo,0.9999990463256836,Leeseo,[1.000],"[0.000, 0.000, 0.000, 0.000, 0.000, 1.000, 0.000]"
106.52,106.56,Leeseo,0.9999985694885254,Leeseo,[1.000],"[0.000, 0.000, 0.000, 0.000, 0.000, 1.000, 0.000]"
106.56,106.6,Leeseo,0.9999978542327881,Leeseo,[1.000],"[0.000, 0.000, 0.000, 0.000, 0.000, 1.000, 0.000]"
106.6,106.64,Leeseo,0.9999966621398926,Leeseo,[1.000],"[0.000, 0.000, 0.000, 0.000, 0.000, 1.000, 0.000]"
106.64,106.68,Leeseo,0.9999949932098389,Leeseo,[1.000],"[0.000, 0.000, 0.000, 0.000, 0.000, 1.000, 0.000]"
106.68,106.72,Leeseo,0.9999923706054688,Leeseo,[1.000],"[0.000, 0.000, 0.000, 0.000, 0.000, 1.000, 0.000]"
106.72,106.76,Leeseo,0.9999884366989136,Leeseo,[1.000],"[0.000, 0.000, 0.000, 0.000, 0.000, 1.000, 0.000]"
106.76,106.8,Leeseo,0.9999825954437256,Leeseo,[1.000],"[0.000, 0.000, 0.000, 0.000, 0.000, 1.000, 0.000]"
106.8,106.84,Leeseo,0.9999741315841675,Leeseo,[1.000],"[0.000, 0.000, 0.000, 0.000, 0.000, 1.000, 0.000]"
106.84,106.88,Leeseo,0.9999619722366333,Leeseo,[1.000],"[0.000, 0.000, 0.000, 0.000, 0.000, 1.000, 0.000]"
106.88,106.92,Leeseo,0.9999452829360962,Leeseo,[1.000],"[0.000, 0.000, 0.000, 0.000, 0.000, 1.000, 0.000]"
106.92,106.96,Leeseo,0.9999229907989502,Leeseo,[1.000],"[0.000, 0.000, 0.000, 0.000, 0.000, 1.000, 0.001]"
106.96,107.0,Leeseo,0.9998949766159058,Leeseo,[1.000],"[0.000, 0.000, 0.000, 0.000, 0.000, 1.000, 0.001]"
107.0,107.04,Leeseo,0.9998615980148315,Leeseo,[1.000],"[0.000, 0.000, 0.000, 0.000, 0.000, 1.000, 0.001]"
107.04,107.08,Leeseo,0.9998242259025574,Leeseo,[1.000],"[0.000, 0.000, 0.000, 0.000, 0.000, 1.000, 0.001]"
107.08,107.12,Leeseo,0.9997857213020325,Leeseo,[1.000],"[0.000, 0.000, 0.000, 0.000, 0.000, 1.000, 0.001]"
107.12,107.16,Leeseo,0.9997499585151672,Leeseo,[1.000],"[0.000, 0.000, 0.000, 0.000, 0.000, 1.000, 0.001]"
107.16,107.2,Leeseo,0.9997207522392273,Leeseo,[1.000],"[0.000, 0.000, 0.000, 0.000, 0.000, 1.000, 0.001]"
107.2,107.24,Leeseo,0.9997014403343201,Leeseo,[1.000],"[0.000, 0.000, 0.000, 0.000, 0.000, 1.000, 0.001]"
107.24,107.28,Leeseo,0.9996938705444336,Leeseo,[1.000],"[0.000, 0.000, 0.000, 0.000, 0.000, 1.000, 0.001]"
107.28,107.32,Leeseo,0.9996978044509888,Leeseo,[1.000],"[0.000, 0.000, 0.000, 0.000, 0.000, 1.000, 0.001]"
107.32,107.36,Leeseo,0.9997113347053528,Leeseo,[1.000],"[0.000, 0.000, 0.000, 0.000, 0.000, 1.000, 0.001]"
107.36,107.4,Leeseo,0.9997318387031555,Leeseo,[1.000],"[0.000, 0.000, 0.000, 0.000, 0.000, 1.000, 0.001]"
107.4,107.44,Leeseo,0.9997562766075134,Leeseo,[1.000],"[0.000, 0.000, 0.000, 0.000, 0.000, 1.000, 0.001]"
107.44,107.48,Leeseo,0.9997822642326355,Leeseo,[1.000],"[0.000, 0.000, 0.000, 0.000, 0.000, 1.000, 0.001]"
107.48,107.52,Leeseo,0.9998077750205994,Leeseo,[1.000],"[0.000, 0.000, 0.000, 0.000, 0.000, 1.000, 0.001]"
107.52,107.56,Leeseo,0.9998315572738647,Leeseo,[1.000],"[0.000, 0.000, 0.000, 0.000, 0.000, 1.000, 0.001]"
107.56,107.6,Leeseo,0.9998528957366943,Leeseo,[1.000],"[0.000, 0.000, 0.000, 0.000, 0.000, 1.000, 0.001]"
107.6,107.64,Leeseo,0.9998716115951538,Leeseo,[1.000],"[0.000, 0.000, 0.000, 0.000, 0.000, 1.000, 0.001]"
107.64,107.68,Leeseo,0.9998878240585327,Leeseo,[1.000],"[0.000, 0.000, 0.000, 0.000, 0.000, 1.000, 0.001]"
107.68,107.72,Leeseo,0.9999017715454102,Leeseo,[1.000],"[0.000, 0.000, 0.000, 0.000, 0.000, 1.000, 0.001]"
107.72,107.76,Leeseo,0.9999135732650757,Leeseo,[1.000],"[0.000, 0.000, 0.000, 0.000, 0.000, 1.000, 0.001]"
107.76,107.8,Leeseo,0.9999234676361084,Leeseo,[1.000],"[0.000, 0.000, 0.000, 0.000, 0.000, 1.000, 0.001]"
107.8,107.84,Leeseo,0.9999319314956665,Leeseo,[1.000],"[0.000, 0.000, 0.000, 0.000, 0.000, 1.000, 0.002]"
107.84,107.88,Leeseo,0.9999388456344604,Leeseo,[1.000],"[0.000, 0.000, 0.000, 0.000, 0.000, 1.000, 0.002]"
107.88,107.92,Leeseo,0.9999446868896484,Leeseo,[1.000],"[0.000, 0.000, 0.000, 0.000, 0.000, 1.000, 0.002]"
107.92,107.96,Leeseo,0.9999494552612305,Leeseo,[1.000],"[0.000, 0.000, 0.000, 0.000, 0.000, 1.000, 0.002]"
107.96,108.0,Leeseo,0.9999535083770752,Leeseo,[1.000],"[0.000, 0.000, 0.000, 0.000, 0.000, 1.000, 0.002]"
108.0,108.04,Leeseo,0.9999567270278931,Leeseo,[1.000],"[0.000, 0.000, 0.000, 0.000, 0.000, 1.000, 0.002]"
108.04,108.08,Leeseo,0.9999594688415527,Leeseo,[1.000],"[0.000, 0.000, 0.000, 0.000, 0.000, 1.000, 0.002]"
108.08,108.12,Leeseo,0.9999617338180542,Leeseo,[1.000],"[0.000, 0.000, 0.000, 0.000, 0.000, 1.000, 0.002]"
108.12,108.16,Leeseo,0.9999634027481079,Leeseo,[1.000],"[0.000, 0.000, 0.000, 0.000, 0.000, 1.000, 0.002]"
108.16,108.2,Leeseo,0.9999645948410034,Leeseo,[1.000],"[0.000, 0.000, 0.000, 0.000, 0.000, 1.000, 0.002]"
108.2,108.24,Leeseo,0.9999654293060303,Leeseo,[1.000],"[0.000, 0.000, 0.000, 0.000, 0.000, 1.000, 0.002]"
108.24,108.28,Leeseo,0.9999657869338989,Leeseo,[1.000],"[0.000, 0.000, 0.000, 0.000, 0.000, 1.000, 0.002]"
108.28,108.32,Leeseo,0.9999659061431885,Leeseo,[1.000],"[0.000, 0.000, 0.000, 0.000, 0.000, 1.000, 0.002]"
108.32,108.36,Leeseo,0.9999656677246094,Leeseo,[1.000],"[0.000, 0.000, 0.000, 0.000, 0.000, 1.000, 0.002]"
108.36,108.4,Leeseo,0.9999650716781616,Leeseo,[1.000],"[0.000, 0.000, 0.000, 0.000, 0.000, 1.000, 0.002]"
108.4,108.44,Leeseo,0.9999641180038452,Leeseo,[1.000],"[0.000, 0.000, 0.000, 0.000, 0.000, 1.000, 0.002]"
108.44,108.48,Leeseo,0.999962568283081,Leeseo,[1.000],"[0.000, 0.000, 0.000, 0.000, 0.000, 1.000, 0.002]"
108.48,108.52,Leeseo,0.99996018409729,Leeseo,[1.000],"[0.000, 0.000, 0.000, 0.000, 0.000, 1.000, 0.002]"
108.52,108.56,Leeseo,0.9999567270278931,Leeseo,[1.000],"[0.000, 0.000, 0.000, 0.000, 0.000, 1.000, 0.002]"
108.56,108.6,Leeseo,0.9999514818191528,Leeseo,[1.000],"[0.000, 0.000, 0.000, 0.000, 0.000, 1.000, 0.002]"
108.6,108.64,Leeseo,0.9999439716339111,Leeseo,[1.000],"[0.000, 0.000, 0.000, 0.000, 0.000, 1.000, 0.002]"
108.64,108.68,Leeseo,0.999933123588562,Leeseo,[1.000],"[0.000, 0.000, 0.000, 0.000, 0.000, 1.000, 0.002]"
108.68,108.72,Leeseo,0.9999172687530518,Leeseo,[1.000],"[0.000, 0.000, 0.000, 0.000, 0.000, 1.000, 0.002]"
108.72,108.76,Leeseo,0.9998936653137207,Leeseo,[1.000],"[0.000, 0.000, 0.000, 0.000, 0.000, 1.000, 0.002]"
108.76,108.8,Leeseo,0.9998579025268555,Leeseo,[1.000],"[0.001, 0.000, 0.000, 0.000, 0.000, 1.000, 0.002]"
108.8,108.84,Leeseo,0.9998028874397278,Leeseo,[1.000],"[0.001, 0.000, 0.000, 0.000, 0.000, 1.000, 0.002]"
108.84,108.88,Leeseo,0.9997157454490662,Leeseo,[1.000],"[0.003, 0.000, 0.000, 0.000, 0.000, 1.000, 0.002]"
108.88,108.92,Leeseo,0.999573290348053,Leeseo,[1.000],"[0.005, 0.000, 0.000, 0.000, 0.000, 1.000, 0.001]"
108.92,108.96,Leeseo,0.9993318915367126,Leeseo,[0.999],"[0.011, 0.000, 0.000, 0.000, 0.000, 0.999, 0.001]"
108.96,109.0,Leeseo,0.9989073276519775,Leeseo,[0.999],"[0.023, 0.000, 0.000, 0.000, 0.000, 0.999, 0.001]"
109.0,109.04,Leeseo,0.9981332421302795,Leeseo,[0.998],"[0.047, 0.000, 0.000, 0.000, 0.000, 0.998, 0.001]"
109.04,109.08,Leeseo,0.99666827917099,Leeseo,[0.997],"[0.092, 0.000, 0.000, 0.000, 0.000, 0.997, 0.001]"
109.08,109.12,Leeseo,0.9937877655029297,Leeseo,[0.994],"[0.171, 0.000, 0.000, 0.000, 0.000, 0.994, 0.001]"
109.12,109.16,Leeseo,0.9879192113876343,Leeseo,[0.988],"[0.292, 0.000, 0.000, 0.000, 0.000, 0.988, 0.001]"
109.16,109.2,Leeseo,0.9756254553794861,Leeseo,[0.976],"[0.448, 0.000, 0.000, 0.000, 0.000, 0.976, 0.001]"
109.2,109.24,Leeseo,0.9494826793670654,Leeseo,[0.949],"[0.609, 0.000, 0.000, 0.000, 0.000, 0.949, 0.001]"
109.24,109.28,Leeseo,0.8945881724357605,Gaeul|Leeseo,"[0.746, 0.895]","[0.746, 0.000, 0.000, 0.000, 0.000, 0.895, 0.001]"
109.28,109.32,Gaeul,0.8426720499992371,Gaeul|Leeseo,"[0.843, 0.787]","[0.843, 0.000, 0.000, 0.000, 0.000, 0.787, 0.001]"
109.32,109.36,Gaeul,0.9047396183013916,Gaeul|Leeseo,"[0.905, 0.611]","[0.905, 0.000, 0.000, 0.000, 0.000, 0.611, 0.001]"
109.36,109.4,Gaeul,0.942327082157135,Gaeul,[0.942],"[0.942, 0.000, 0.000, 0.000, 0.000, 0.395, 0.001]"
109.4,109.44,Gaeul,0.9646110534667969,Gaeul,[0.965],"[0.965, 0.000, 0.000, 0.000, 0.000, 0.213, 0.001]"
109.44,109.48,Gaeul,0.9778128862380981,Gaeul,[0.978],"[0.978, 0.000, 0.000, 0.000, 0.000, 0.101, 0.001]"
109.48,109.52,Gaeul,0.9857147336006165,Gaeul,[0.986],"[0.986, 0.000, 0.000, 0.000, 0.000, 0.045, 0.001]"
109.52,109.56,Gaeul,0.9905257225036621,Gaeul,[0.991],"[0.991, 0.000, 0.000, 0.000, 0.000, 0.020, 0.000]"
109.56,109.6,Gaeul,0.9935387969017029,Gaeul,[0.994],"[0.994, 0.000, 0.000, 0.000, 0.000, 0.009, 0.000]"
109.6,109.64,Gaeul,0.9954842329025269,Gaeul,[0.995],"[0.995, 0.000, 0.000, 0.000, 0.000, 0.004, 0.000]"
109.64,109.68,Gaeul,0.9967811107635498,Gaeul,[0.997],"[0.997, 0.000, 0.000, 0.000, 0.000, 0.002, 0.000]"
109.68,109.72,Gaeul,0.9976755976676941,Gaeul,[0.998],"[0.998, 0.000, 0.000, 0.000, 0.000, 0.001, 0.000]"
109.72,109.76,Gaeul,0.9983102083206177,Gaeul,[0.998],"[0.998, 0.000, 0.000, 0.000, 0.000, 0.001, 0.000]"
109.76,109.8,Gaeul,0.9987697005271912,Gaeul,[0.999],"[0.999, 0.000, 0.000, 0.000, 0.000, 0.000, 0.000]"
109.8,109.84,Gaeul,0.9991067051887512,Gaeul,[0.999],"[0.999, 0.000, 0.000, 0.000, 0.000, 0.000, 0.000]"
109.84,109.88,Gaeul,0.9993558526039124,Gaeul,[0.999],"[0.999, 0.000, 0.000, 0.000, 0.000, 0.000, 0.000]"
109.88,109.92,Gaeul,0.9995405673980713,Gaeul,[1.000],"[1.000, 0.000, 0.000, 0.000, 0.000, 0.000, 0.000]"
109.92,109.96,Gaeul,0.9996769428253174,Gaeul,[1.000],"[1.000, 0.000, 0.000, 0.000, 0.000, 0.000, 0.000]"
109.96,110.0,Gaeul,0.999776303768158,Gaeul,[1.000],"[1.000, 0.000, 0.000, 0.000, 0.000, 0.000, 0.000]"
110.0,110.04,Gaeul,0.999847412109375,Gaeul,[1.000],"[1.000, 0.000, 0.000, 0.000, 0.000, 0.000, 0.000]"
110.04,110.08,Gaeul,0.999897837638855,Gaeul,[1.000],"[1.000, 0.000, 0.000, 0.000, 0.000, 0.000, 0.000]"
110.08,110.12,Gaeul,0.9999327659606934,Gaeul,[1.000],"[1.000, 0.000, 0.000, 0.000, 0.000, 0.000, 0.000]"
110.12,110.16,Gaeul,0.9999566078186035,Gaeul,[1.000],"[1.000, 0.000, 0.000, 0.000, 0.000, 0.000, 0.000]"
110.16,110.2,Gaeul,0.9999725818634033,Gaeul,[1.000],"[1.000, 0.000, 0.000, 0.000, 0.000, 0.000, 0.000]"
110.2,110.24,Gaeul,0.9999829530715942,Gaeul,[1.000],"[1.000, 0.000, 0.000, 0.000, 0.000, 0.000, 0.000]"
110.24,110.28,Gaeul,0.9999896287918091,Gaeul,[1.000],"[1.000, 0.000, 0.000, 0.000, 0.000, 0.000, 0.000]"
110.28,110.32,Gaeul,0.9999938011169434,Gaeul,[1.000],"[1.000, 0.000, 0.000, 0.000, 0.000, 0.000, 0.000]"
110.32,110.36,Gaeul,0.9999963045120239,Gaeul,[1.000],"[1.000, 0.000, 0.000, 0.000, 0.000, 0.000, 0.000]"
110.36,110.4,Gaeul,0.9999978542327881,Gaeul,[1.000],"[1.000, 0.000, 0.000, 0.000, 0.000, 0.000, 0.000]"
110.4,110.44,Gaeul,0.9999988079071045,Gaeul,[1.000],"[1.000, 0.000, 0.000, 0.000, 0.000, 0.000, 0.000]"
110.44,110.48,Gaeul,0.9999992847442627,Gaeul,[1.000],"[1.000, 0.000, 0.000, 0.000, 0.000, 0.000, 0.000]"
110.48,110.52,Gaeul,0.9999996423721313,Gaeul,[1.000],"[1.000, 0.000, 0.000, 0.000, 0.000, 0.000, 0.000]"
110.52,110.56,Gaeul,0.9999997615814209,Gaeul,[1.000],"[1.000, 0.000, 0.000, 0.000, 0.000, 0.000, 0.000]"
110.56,110.6,Gaeul,0.9999998807907104,Gaeul,[1.000],"[1.000, 0.000, 0.000, 0.000, 0.000, 0.000, 0.000]"
110.6,110.64,Gaeul,0.9999998807907104,Gaeul,[1.000],"[1.000, 0.000, 0.000, 0.000, 0.000, 0.000, 0.000]"
110.64,110.68,Gaeul,1.0,Gaeul,[1.000],"[1.000, 0.000, 0.000, 0.000, 0.000, 0.000, 0.000]"
110.68,110.72,Gaeul,1.0,Gaeul,[1.000],"[1.000, 0.000, 0.000, 0.000, 0.000, 0.000, 0.000]"
110.72,110.76,Gaeul,1.0,Gaeul,[1.000],"[1.000, 0.000, 0.000, 0.000, 0.000, 0.000, 0.000]"
110.76,110.8,Gaeul,1.0,Gaeul,[1.000],"[1.000, 0.000, 0.000, 0.000, 0.000, 0.000, 0.000]"
110.8,110.84,Gaeul,1.0,Gaeul,[1.000],"[1.000, 0.000, 0.000, 0.000, 0.000, 0.000, 0.000]"
110.84,110.88,Gaeul,1.0,Gaeul,[1.000],"[1.000, 0.000, 0.000, 0.000, 0.000, 0.000, 0.000]"
110.88,110.92,Gaeul,1.0,Gaeul,[1.000],"[1.000, 0.000, 0.000, 0.000, 0.000, 0.000, 0.000]"
110.92,110.96,Gaeul,1.0,Gaeul,[1.000],"[1.000, 0.000, 0.000, 0.000, 0.000, 0.000, 0.000]"
110.96,111.0,Gaeul,1.0,Gaeul,[1.000],"[1.000, 0.000, 0.000, 0.000, 0.000, 0.000, 0.000]"
111.0,111.04,Gaeul,1.0,Gaeul,[1.000],"[1.000, 0.000, 0.000, 0.000, 0.000, 0.000, 0.000]"
111.04,111.08,Gaeul,1.0,Gaeul,[1.000],"[1.000, 0.000, 0.000, 0.000, 0.000, 0.000, 0.000]"
111.08,111.12,Gaeul,1.0,Gaeul,[1.000],"[1.000, 0.000, 0.000, 0.000, 0.000, 0.000, 0.000]"
111.12,111.16,Gaeul,1.0,Gaeul,[1.000],"[1.000, 0.000, 0.000, 0.000, 0.000, 0.000, 0.000]"
111.16,111.2,Gaeul,1.0,Gaeul,[1.000],"[1.000, 0.000, 0.000, 0.000, 0.000, 0.000, 0.000]"
111.2,111.24,Gaeul,1.0,Gaeul,[1.000],"[1.000, 0.000, 0.000, 0.000, 0.000, 0.000, 0.000]"
111.24,111.28,Gaeul,1.0,Gaeul,[1.000],"[1.000, 0.000, 0.000, 0.000, 0.000, 0.000, 0.000]"
111.28,111.32,Gaeul,1.0,Gaeul,[1.000],"[1.000, 0.000, 0.000, 0.000, 0.000, 0.000, 0.000]"
111.32,111.36,Gaeul,1.0,Gaeul,[1.000],"[1.000, 0.000, 0.000, 0.000, 0.000, 0.000, 0.000]"
111.36,111.4,Gaeul,1.0,Gaeul,[1.000],"[1.000, 0.000, 0.000, 0.000, 0.000, 0.000, 0.000]"
111.4,111.44,Gaeul,1.0,Gaeul,[1.000],"[1.000, 0.000, 0.000, 0.000, 0.000, 0.000, 0.000]"
111.44,111.48,Gaeul,1.0,Gaeul,[1.000],"[1.000, 0.000, 0.000, 0.000, 0.000, 0.000, 0.000]"
111.48,111.52,Gaeul,1.0,Gaeul,[1.000],"[1.000, 0.000, 0.000, 0.000, 0.000, 0.000, 0.000]"
111.52,111.56,Gaeul,1.0,Gaeul,[1.000],"[1.000, 0.000, 0.000, 0.000, 0.000, 0.000, 0.000]"
111.56,111.6,Gaeul,1.0,Gaeul,[1.000],"[1.000, 0.000, 0.000, 0.000, 0.000, 0.000, 0.000]"
111.6,111.64,Gaeul,1.0,Gaeul,[1.000],"[1.000, 0.000, 0.000, 0.000, 0.000, 0.000, 0.000]"
111.64,111.68,Gaeul,1.0,Gaeul,[1.000],"[1.000, 0.000, 0.000, 0.000, 0.000, 0.000, 0.000]"
111.68,111.72,Gaeul,1.0,Gaeul,[1.000],"[1.000, 0.000, 0.000, 0.000, 0.000, 0.000, 0.000]"
111.72,111.76,Gaeul,1.0,Gaeul,[1.000],"[1.000, 0.000, 0.000, 0.000, 0.000, 0.000, 0.000]"
111.76,111.8,Gaeul,1.0,Gaeul,[1.000],"[1.000, 0.000, 0.000, 0.000, 0.000, 0.000, 0.000]"
111.8,111.84,Gaeul,1.0,Gaeul,[1.000],"[1.000, 0.000, 0.000, 0.000, 0.000, 0.000, 0.000]"
111.84,111.88,Gaeul,1.0,Gaeul,[1.000],"[1.000, 0.000, 0.000, 0.000, 0.000, 0.000, 0.000]"
111.88,111.92,Gaeul,1.0,Gaeul,[1.000],"[1.000, 0.000, 0.000, 0.000, 0.000, 0.000, 0.000]"
111.92,111.96,Gaeul,1.0,Gaeul,[1.000],"[1.000, 0.000, 0.000, 0.000, 0.000, 0.000, 0.000]"
111.96,112.0,Gaeul,1.0,Gaeul,[1.000],"[1.000, 0.000, 0.000, 0.000, 0.000, 0.000, 0.000]"
112.0,112.04,Gaeul,1.0,Gaeul,[1.000],"[1.000, 0.000, 0.000, 0.000, 0.000, 0.000, 0.000]"
112.04,112.08,Gaeul,1.0,Gaeul,[1.000],"[1.000, 0.000, 0.000, 0.000, 0.000, 0.000, 0.000]"
112.08,112.12,Gaeul,1.0,Gaeul,[1.000],"[1.000, 0.000, 0.000, 0.000, 0.000, 0.000, 0.000]"
112.12,112.16,Gaeul,1.0,Gaeul,[1.000],"[1.000, 0.000, 0.000, 0.000, 0.000, 0.000, 0.000]"
112.16,112.2,Gaeul,1.0,Gaeul,[1.000],"[1.000, 0.000, 0.000, 0.000, 0.000, 0.000, 0.000]"
112.2,112.24,Gaeul,1.0,Gaeul,[1.000],"[1.000, 0.000, 0.000, 0.000, 0.000, 0.000, 0.000]"
112.24,112.28,Gaeul,1.0,Gaeul,[1.000],"[1.000, 0.000, 0.000, 0.000, 0.000, 0.000, 0.000]"
112.28,112.32,Gaeul,1.0,Gaeul,[1.000],"[1.000, 0.000, 0.000, 0.000, 0.000, 0.000, 0.000]"
112.32,112.36,Gaeul,1.0,Gaeul,[1.000],"[1.000, 0.000, 0.000, 0.000, 0.000, 0.000, 0.000]"
112.36,112.4,Gaeul,1.0,Gaeul,[1.000],"[1.000, 0.000, 0.000, 0.000, 0.000, 0.000, 0.000]"
112.4,112.44,Gaeul,1.0,Gaeul,[1.000],"[1.000, 0.000, 0.000, 0.000, 0.000, 0.000, 0.000]"
112.44,112.48,Gaeul,1.0,Gaeul,[1.000],"[1.000, 0.000, 0.000, 0.000, 0.000, 0.000, 0.000]"
112.48,112.52,Gaeul,1.0,Gaeul,[1.000],"[1.000, 0.000, 0.000, 0.000, 0.000, 0.000, 0.000]"
112.52,112.56,Gaeul,1.0,Gaeul,[1.000],"[1.000, 0.000, 0.000, 0.000, 0.000, 0.000, 0.000]"
112.56,112.6,Gaeul,1.0,Gaeul,[1.000],"[1.000, 0.000, 0.000, 0.000, 0.000, 0.000, 0.000]"
112.6,112.64,Gaeul,1.0,Gaeul,[1.000],"[1.000, 0.000, 0.000, 0.000, 0.000, 0.000, 0.000]"
112.64,112.68,Gaeul,1.0,Gaeul,[1.000],"[1.000, 0.000, 0.000, 0.000, 0.000, 0.000, 0.000]"
112.68,112.72,Gaeul,1.0,Gaeul,[1.000],"[1.000, 0.000, 0.000, 0.000, 0.000, 0.000, 0.000]"
112.72,112.76,Gaeul,1.0,Gaeul,[1.000],"[1.000, 0.000, 0.000, 0.000, 0.000, 0.000, 0.000]"
112.76,112.8,Gaeul,1.0,Gaeul,[1.000],"[1.000, 0.000, 0.000, 0.000, 0.000, 0.000, 0.000]"
112.8,112.84,Gaeul,1.0,Gaeul,[1.000],"[1.000, 0.000, 0.000, 0.000, 0.000, 0.000, 0.000]"
112.84,112.88,Gaeul,1.0,Gaeul,[1.000],"[1.000, 0.000, 0.000, 0.000, 0.000, 0.000, 0.000]"
112.88,112.92,Gaeul,1.0,Gaeul,[1.000],"[1.000, 0.000, 0.000, 0.000, 0.000, 0.000, 0.000]"
112.92,112.96,Gaeul,1.0,Gaeul,[1.000],"[1.000, 0.000, 0.000, 0.000, 0.000, 0.000, 0.000]"
112.96,113.0,Gaeul,1.0,Gaeul,[1.000],"[1.000, 0.000, 0.000, 0.000, 0.000, 0.000, 0.000]"
113.0,113.04,Gaeul,1.0,Gaeul,[1.000],"[1.000, 0.000, 0.000, 0.000, 0.000, 0.000, 0.000]"
113.04,113.08,Gaeul,0.9999998807907104,Gaeul,[1.000],"[1.000, 0.000, 0.000, 0.000, 0.000, 0.000, 0.000]"
113.08,113.12,Gaeul,0.9999997615814209,Gaeul,[1.000],"[1.000, 0.000, 0.000, 0.000, 0.000, 0.000, 0.000]"
113.12,113.16,Gaeul,0.9999994039535522,Gaeul,[1.000],"[1.000, 0.000, 0.000, 0.000, 0.000, 0.000, 0.000]"
113.16,113.2,Gaeul,0.9999983310699463,Gaeul,[1.000],"[1.000, 0.000, 0.000, 0.000, 0.000, 0.000, 0.000]"
113.2,113.24,Gaeul,0.9999957084655762,Gaeul,[1.000],"[1.000, 0.000, 0.000, 0.000, 0.000, 0.000, 0.000]"
113.24,113.28,Gaeul,0.9999890327453613,Gaeul,[1.000],"[1.000, 0.000, 0.000, 0.000, 0.000, 0.000, 0.000]"
113.28,113.32,Gaeul,0.9999711513519287,Gaeul,[1.000],"[1.000, 0.000, 0.000, 0.000, 0.000, 0.000, 0.001]"
113.32,113.36,Gaeul,0.9999239444732666,Gaeul,[1.000],"[1.000, 0.000, 0.000, 0.000, 0.000, 0.000, 0.001]"
113.36,113.4,Gaeul,0.999798595905304,Gaeul,[1.000],"[1.000, 0.000, 0.000, 0.000, 0.000, 0.000, 0.001]"
113.4,113.44,Gaeul,0.9994632601737976,Gaeul,[0.999],"[0.999, 0.000, 0.000, 0.000, 0.000, 0.000, 0.002]"
113.44,113.48,Gaeul,0.9985668063163757,Gaeul,[0.999],"[0.999, 0.000, 0.000, 0.000, 0.000, 0.000, 0.003]"
113.48,113.52,Gaeul,0.996181845664978,Gaeul,[0.996],"[0.996, 0.000, 0.000, 0.000, 0.000, 0.000, 0.004]"
113.52,113.56,Gaeul,0.9899185299873352,Gaeul,[0.990],"[0.990, 0.000, 0.000, 0.000, 0.000, 0.000, 0.006]"
113.56,113.6,Gaeul,0.9738762974739075,Gaeul,[0.974],"[0.974, 0.000, 0.000, 0.000, 0.000, 0.000, 0.009]"
113.6,113.64,Gaeul,0.9346815347671509,Gaeul,[0.935],"[0.935, 0.000, 0.000, 0.000, 0.000, 0.000, 0.014]"
113.64,113.68,Gaeul,0.8477169275283813,Gaeul,[0.848],"[0.848, 0.000, 0.000, 0.000, 0.000, 0.000, 0.021]"
113.68,113.72,Gaeul,0.6884157061576843,Gaeul,[0.688],"[0.688, 0.000, 0.000, 0.000, 0.000, 0.000, 0.031]"
113.72,113.76,silence,0.048326943069696426,,[],"[0.474, 0.000, 0.000, 0.000, 0.000, 0.000, 0.048]"
113.76,113.8,silence,0.07396194338798523,,[],"[0.277, 0.000, 0.000, 0.000, 0.000, 0.000, 0.074]"
113.8,113.84,silence,0.11160633713006973,,[],"[0.146, 0.000, 0.000, 0.000, 0.000, 0.000, 0.112]"
113.84,113.88,silence,0.16408134996891022,,[],"[0.075, 0.000, 0.000, 0.000, 0.000, 0.000, 0.164]"
113.88,113.92,silence,0.23233410716056824,,[],"[0.039, 0.000, 0.000, 0.000, 0.000, 0.000, 0.232]"
113.92,113.96,silence,0.31371843814849854,,[],"[0.022, 0.000, 0.000, 0.000, 0.000, 0.000, 0.314]"
113.96,114.0,silence,0.40180644392967224,,[],"[0.014, 0.000, 0.000, 0.000, 0.000, 0.000, 0.402]"
114.0,114.04,silence,0.48833101987838745,,[],"[0.009, 0.000, 0.000, 0.000, 0.000, 0.000, 0.488]"
114.04,114.08,silence,0.565719723701477,,[],"[0.007, 0.000, 0.000, 0.000, 0.000, 0.000, 0.566]"
114.08,114.12,silence,0.6290095448493958,silence,[0.629],"[0.006, 0.000, 0.000, 0.000, 0.000, 0.000, 0.629]"
114.12,114.16,silence,0.6766970753669739,silence,[0.677],"[0.006, 0.000, 0.000, 0.000, 0.000, 0.000, 0.677]"
114.16,114.2,silence,0.7092486023902893,silence,[0.709],"[0.006, 0.000, 0.000, 0.000, 0.000, 0.000, 0.709]"
114.2,114.24,silence,0.7278844714164734,silence,[0.728],"[0.007, 0.000, 0.000, 0.000, 0.000, 0.000, 0.728]"
114.24,114.28,silence,0.733665943145752,silence,[0.734],"[0.010, 0.000, 0.000, 0.000, 0.000, 0.000, 0.734]"
114.28,114.32,silence,0.7273412942886353,silence,[0.727],"[0.016, 0.000, 0.000, 0.000, 0.000, 0.000, 0.727]"
114.32,114.36,silence,0.7083982229232788,silence,[0.708],"[0.028, 0.000, 0.000, 0.000, 0.000, 0.000, 0.708]"
114.36,114.4,silence,0.6758396029472351,silence,[0.676],"[0.055, 0.000, 0.000, 0.000, 0.000, 0.000, 0.676]"
114.4,114.44,silence,0.6287129521369934,silence,[0.629],"[0.112, 0.000, 0.000, 0.000, 0.000, 0.000, 0.629]"
114.44,114.48,silence,0.5668978095054626,,[],"[0.233, 0.000, 0.000, 0.000, 0.000, 0.000, 0.567]"
114.48,114.52,silence,0.4920332431793213,,[],"[0.442, 0.000, 0.000, 0.000, 0.000, 0.000, 0.492]"
114.52,114.56,Gaeul,0.6868435144424438,Gaeul,[0.687],"[0.687, 0.000, 0.000, 0.000, 0.000, 0.000, 0.408]"
114.56,114.6,Gaeul,0.8646209836006165,Gaeul,[0.865],"[0.865, 0.000, 0.000, 0.000, 0.000, 0.000, 0.323]"
114.6,114.64,Gaeul,0.9505613446235657,Gaeul,[0.951],"[0.951, 0.000, 0.000, 0.000, 0.000, 0.000, 0.244]"
114.64,114.68,Gaeul,0.9832981824874878,Gaeul,[0.983],"[0.983, 0.000, 0.000, 0.000, 0.000, 0.000, 0.176]"
114.68,114.72,Gaeul,0.9944842457771301,Gaeul,[0.994],"[0.994, 0.000, 0.000, 0.000, 0.000, 0.000, 0.123]"
114.72,114.76,Gaeul,0.9981607794761658,Gaeul,[0.998],"[0.998, 0.000, 0.000, 0.000, 0.000, 0.000, 0.084]"
114.76,114.8,Gaeul,0.9993661046028137,Gaeul,[0.999],"[0.999, 0.000, 0.000, 0.000, 0.000, 0.000, 0.056]"
114.8,114.84,Gaeul,0.9997701048851013,Gaeul,[1.000],"[1.000, 0.000, 0.000, 0.000, 0.000, 0.000, 0.038]"
114.84,114.88,Gaeul,0.9999111890792847,Gaeul,[1.000],"[1.000, 0.000, 0.000, 0.000, 0.000, 0.000, 0.026]"
114.88,114.92,Gaeul,0.9999632835388184,Gaeul,[1.000],"[1.000, 0.000, 0.000, 0.000, 0.000, 0.000, 0.017]"
114.92,114.96,Gaeul,0.999983549118042,Gaeul,[1.000],"[1.000, 0.000, 0.000, 0.000, 0.000, 0.000, 0.012]"
114.96,115.0,Gaeul,0.9999918937683105,Gaeul,[1.000],"[1.000, 0.000, 0.000, 0.000, 0.000, 0.000, 0.009]"
115.0,115.04,Gaeul,0.9999955892562866,Gaeul,[1.000],"[1.000, 0.000, 0.000, 0.000, 0.000, 0.000, 0.006]"
115.04,115.08,Gaeul,0.9999973773956299,Gaeul,[1.000],"[1.000, 0.000, 0.000, 0.000, 0.000, 0.000, 0.005]"
115.08,115.12,Gaeul,0.9999982118606567,Gaeul,[1.000],"[1.000, 0.000, 0.000, 0.000, 0.000, 0.000, 0.004]"
115.12,115.16,Gaeul,0.9999985694885254,Gaeul,[1.000],"[1.000, 0.000, 0.000, 0.000, 0.000, 0.000, 0.003]"
115.16,115.2,Gaeul,0.9999986886978149,Gaeul,[1.000],"[1.000, 0.000, 0.000, 0.000, 0.000, 0.000, 0.003]"
115.2,115.24,Gaeul,0.9999986886978149,Gaeul,[1.000],"[1.000, 0.000, 0.000, 0.000, 0.000, 0.000, 0.002]"
115.24,115.28,Gaeul,0.9999984502792358,Gaeul,[1.000],"[1.000, 0.000, 0.000, 0.000, 0.000, 0.000, 0.002]"
115.28,115.32,Gaeul,0.9999978542327881,Gaeul,[1.000],"[1.000, 0.000, 0.000, 0.000, 0.000, 0.000, 0.002]"
115.32,115.36,Gaeul,0.9999966621398926,Gaeul,[1.000],"[1.000, 0.000, 0.000, 0.000, 0.000, 0.000, 0.002]"
115.36,115.4,Gaeul,0.9999940395355225,Gaeul,[1.000],"[1.000, 0.000, 0.000, 0.000, 0.000, 0.000, 0.003]"
115.4,115.44,Gaeul,0.9999878406524658,Gaeul,[1.000],"[1.000, 0.000, 0.000, 0.000, 0.000, 0.000, 0.003]"
115.44,115.48,Gaeul,0.9999724626541138,Gaeul,[1.000],"[1.000, 0.000, 0.000, 0.000, 0.000, 0.000, 0.004]"
115.48,115.52,Gaeul,0.9999316930770874,Gaeul,[1.000],"[1.000, 0.000, 0.000, 0.000, 0.000, 0.000, 0.005]"
115.52,115.56,Gaeul,0.999815046787262,Gaeul,[1.000],"[1.000, 0.000, 0.000, 0.000, 0.000, 0.000, 0.006]"
115.56,115.6,Gaeul,0.9994627833366394,Gaeul,[0.999],"[0.999, 0.000, 0.000, 0.000, 0.000, 0.000, 0.009]"
115.6,115.64,Gaeul,0.9983501434326172,Gaeul,[0.998],"[0.998, 0.000, 0.000, 0.000, 0.000, 0.000, 0.012]"
115.64,115.68,Gaeul,0.994719386100769,Gaeul,[0.995],"[0.995, 0.000, 0.000, 0.000, 0.000, 0.000, 0.018]"
115.68,115.72,Gaeul,0.9827088117599487,Gaeul,[0.983],"[0.983, 0.000, 0.000, 0.000, 0.000, 0.000, 0.027]"
115.72,115.76,Gaeul,0.9439386129379272,Gaeul,[0.944],"[0.944, 0.000, 0.000, 0.000, 0.000, 0.000, 0.040]"
115.76,115.8,Gaeul,0.8321385979652405,Gaeul,[0.832],"[0.832, 0.000, 0.000, 0.000, 0.000, 0.000, 0.061]"
115.8,115.84,Gaeul,0.5945172905921936,Gaeul,[0.595],"[0.595, 0.000, 0.000, 0.000, 0.000, 0.000, 0.093]"
115.84,115.88,silence,0.14149615168571472,,[],"[0.306, 0.000, 0.000, 0.000, 0.000, 0.000, 0.141]"
115.88,115.92,silence,0.21194525063037872,,[],"[0.119, 0.000, 0.000, 0.000, 0.000, 0.000, 0.212]"
115.92,115.96,silence,0.307198703289032,,[],"[0.041, 0.000, 0.000, 0.000, 0.000, 0.000, 0.307]"
115.96,116.0,silence,0.4240860939025879,,[],"[0.014, 0.000, 0.000, 0.000, 0.000, 0.000, 0.424]"
116.0,116.04,silence,0.5514787435531616,,[],"[0.005, 0.000, 0.000, 0.000, 0.000, 0.000, 0.551]"
116.04,116.08,silence,0.6729984879493713,silence,[0.673],"[0.002, 0.000, 0.000, 0.000, 0.000, 0.000, 0.673]"
116.08,116.12,silence,0.7748382687568665,silence,[0.775],"[0.001, 0.000, 0.000, 0.000, 0.000, 0.000, 0.775]"
116.12,116.16,silence,0.8512036800384521,silence,[0.851],"[0.000, 0.000, 0.000, 0.000, 0.000, 0.000, 0.851]"
116.16,116.2,silence,0.9038383960723877,silence,[0.904],"[0.000, 0.000, 0.000, 0.000, 0.000, 0.000, 0.904]"
116.2,116.24,silence,0.9381427764892578,silence,[0.938],"[0.000, 0.000, 0.000, 0.000, 0.000, 0.000, 0.938]"
116.24,116.28,silence,0.959827721118927,silence,[0.960],"[0.000, 0.000, 0.000, 0.000, 0.000, 0.000, 0.960]"
116.28,116.32,silence,0.9733471870422363,silence,[0.973],"[0.000, 0.000, 0.000, 0.000, 0.000, 0.000, 0.973]"
116.32,116.36,silence,0.9817721843719482,silence,[0.982],"[0.000, 0.000, 0.000, 0.000, 0.000, 0.000, 0.982]"
116.36,116.4,silence,0.9870390295982361,silence,[0.987],"[0.000, 0.000, 0.000, 0.000, 0.000, 0.000, 0.987]"
116.4,116.44,silence,0.9903443455696106,silence,[0.990],"[0.000, 0.000, 0.000, 0.000, 0.000, 0.000, 0.990]"
116.44,116.48,silence,0.9924097061157227,silence,[0.992],"[0.000, 0.000, 0.000, 0.000, 0.000, 0.000, 0.992]"
116.48,116.52,silence,0.9936597943305969,silence,[0.994],"[0.000, 0.000, 0.000, 0.000, 0.000, 0.000, 0.994]"
116.52,116.56,silence,0.9943453073501587,silence,[0.994],"[0.000, 0.000, 0.000, 0.000, 0.000, 0.000, 0.994]"
116.56,116.6,silence,0.9945932030677795,silence,[0.995],"[0.000, 0.000, 0.000, 0.000, 0.000, 0.000, 0.995]"
116.6,116.64,silence,0.9944420456886292,silence,[0.994],"[0.000, 0.000, 0.000, 0.000, 0.000, 0.000, 0.994]"
116.64,116.68,silence,0.9938499927520752,silence,[0.994],"[0.000, 0.000, 0.000, 0.000, 0.000, 0.000, 0.994]"
116.68,116.72,silence,0.9926769733428955,silence,[0.993],"[0.000, 0.000, 0.000, 0.000, 0.000, 0.000, 0.993]"
116.72,116.76,silence,0.9906297326087952,silence,[0.991],"[0.000, 0.000, 0.000, 0.000, 0.000, 0.000, 0.991]"
116.76,116.8,silence,0.9871419668197632,silence,[0.987],"[0.000, 0.000, 0.000, 0.000, 0.000, 0.000, 0.987]"
116.8,116.84,silence,0.9811298251152039,silence,[0.981],"[0.000, 0.000, 0.000, 0.000, 0.000, 0.000, 0.981]"
116.84,116.88,silence,0.9705550074577332,silence,[0.971],"[0.000, 0.000, 0.000, 0.000, 0.000, 0.000, 0.971]"
116.88,116.92,silence,0.9516061544418335,silence,[0.952],"[0.000, 0.000, 0.000, 0.000, 0.000, 0.000, 0.952]"
116.92,116.96,silence,0.9172448515892029,silence,[0.917],"[0.000, 0.000, 0.000, 0.000, 0.000, 0.000, 0.917]"
116.96,117.0,silence,0.8556675910949707,silence,[0.856],"[0.000, 0.000, 0.000, 0.000, 0.000, 0.000, 0.856]"
117.0,117.04,silence,0.7515122294425964,silence,[0.752],"[0.000, 0.000, 0.000, 0.000, 0.000, 0.000, 0.752]"
117.04,117.08,silence,0.5968644618988037,silence,[0.597],"[0.000, 0.000, 0.000, 0.000, 0.000, 0.000, 0.597]"
117.08,117.12,silence,0.4116303324699402,,[],"[0.000, 0.002, 0.000, 0.000, 0.000, 0.000, 0.412]"
117.12,117.16,silence,0.24315078556537628,,[],"[0.000, 0.011, 0.000, 0.000, 0.000, 0.000, 0.243]"
117.16,117.2,silence,0.12611927092075348,,[],"[0.000, 0.066, 0.000, 0.000, 0.000, 0.000, 0.126]"
117.2,117.24,silence,0.0599440298974514,,[],"[0.000, 0.312, 0.000, 0.000, 0.000, 0.000, 0.060]"
117.24,117.28,Yujin,0.7392468452453613,Yujin,[0.739],"[0.000, 0.739, 0.000, 0.000, 0.000, 0.000, 0.027]"
117.28,117.32,Yujin,0.9444906711578369,Yujin,[0.944],"[0.000, 0.944, 0.000, 0.000, 0.000, 0.000, 0.012]"
117.32,117.36,Yujin,0.9897654056549072,Yujin,[0.990],"[0.000, 0.990, 0.000, 0.000, 0.000, 0.000, 0.005]"
117.36,117.4,Yujin,0.9980521202087402,Yujin,[0.998],"[0.000, 0.998, 0.000, 0.000, 0.000, 0.000, 0.002]"
117.4,117.44,Yujin,0.999601423740387,Yujin,[1.000],"[0.000, 1.000, 0.000, 0.000, 0.000, 0.000, 0.001]"
117.44,117.48,Yujin,0.9999109506607056,Yujin,[1.000],"[0.000, 1.000, 0.000, 0.000, 0.000, 0.000, 0.000]"
117.48,117.52,Yujin,0.9999781847000122,Yujin,[1.000],"[0.000, 1.000, 0.000, 0.000, 0.000, 0.000, 0.000]"
117.52,117.56,Yujin,0.9999940395355225,Yujin,[1.000],"[0.000, 1.000, 0.000, 0.000, 0.000, 0.000, 0.000]"
117.56,117.6,Yujin,0.9999982118606567,Yujin,[1.000],"[0.000, 1.000, 0.000, 0.000, 0.000, 0.000, 0.000]"
117.6,117.64,Yujin,0.9999994039535522,Yujin,[1.000],"[0.000, 1.000, 0.000, 0.000, 0.000, 0.000, 0.000]"
117.64,117.68,Yujin,0.9999997615814209,Yujin,[1.000],"[0.000, 1.000, 0.000, 0.000, 0.000, 0.000, 0.000]"
117.68,117.72,Yujin,0.9999998807907104,Yujin,[1.000],"[0.000, 1.000, 0.000, 0.000, 0.000, 0.000, 0.000]"
117.72,117.76,Yujin,1.0,Yujin,[1.000],"[0.000, 1.000, 0.000, 0.000, 0.000, 0.000, 0.000]"
117.76,117.8,Yujin,1.0,Yujin,[1.000],"[0.000, 1.000, 0.000, 0.000, 0.000, 0.000, 0.000]"
117.8,117.84,Yujin,1.0,Yujin,[1.000],"[0.000, 1.000, 0.000, 0.000, 0.000, 0.000, 0.000]"
117.84,117.88,Yujin,1.0,Yujin,[1.000],"[0.000, 1.000, 0.000, 0.000, 0.000, 0.000, 0.000]"
117.88,117.92,Yujin,1.0,Yujin,[1.000],"[0.000, 1.000, 0.000, 0.000, 0.000, 0.000, 0.000]"
117.92,117.96,Yujin,1.0,Yujin,[1.000],"[0.000, 1.000, 0.000, 0.000, 0.000, 0.000, 0.000]"
117.96,118.0,Yujin,1.0,Yujin,[1.000],"[0.000, 1.000, 0.000, 0.000, 0.000, 0.000, 0.000]"
118.0,118.04,Yujin,1.0,Yujin,[1.000],"[0.000, 1.000, 0.000, 0.000, 0.000, 0.000, 0.000]"
118.04,118.08,Yujin,1.0,Yujin,[1.000],"[0.000, 1.000, 0.000, 0.000, 0.000, 0.000, 0.000]"
118.08,118.12,Yujin,1.0,Yujin,[1.000],"[0.000, 1.000, 0.000, 0.000, 0.000, 0.000, 0.000]"
118.12,118.16,Yujin,1.0,Yujin,[1.000],"[0.000, 1.000, 0.000, 0.000, 0.000, 0.000, 0.000]"
118.16,118.2,Yujin,1.0,Yujin,[1.000],"[0.000, 1.000, 0.000, 0.000, 0.000, 0.000, 0.000]"
118.2,118.24,Yujin,1.0,Yujin,[1.000],"[0.000, 1.000, 0.000, 0.000, 0.000, 0.000, 0.000]"
118.24,118.28,Yujin,1.0,Yujin,[1.000],"[0.000, 1.000, 0.000, 0.000, 0.000, 0.000, 0.000]"
118.28,118.32,Yujin,1.0,Yujin,[1.000],"[0.000, 1.000, 0.000, 0.000, 0.000, 0.000, 0.000]"
118.32,118.36,Yujin,1.0,Yujin,[1.000],"[0.000, 1.000, 0.000, 0.000, 0.000, 0.000, 0.000]"
118.36,118.4,Yujin,1.0,Yujin,[1.000],"[0.000, 1.000, 0.000, 0.000, 0.000, 0.000, 0.000]"
118.4,118.44,Yujin,1.0,Yujin,[1.000],"[0.000, 1.000, 0.000, 0.000, 0.000, 0.000, 0.000]"
118.44,118.48,Yujin,1.0,Yujin,[1.000],"[0.000, 1.000, 0.000, 0.000, 0.000, 0.000, 0.000]"
118.48,118.52,Yujin,1.0,Yujin,[1.000],"[0.000, 1.000, 0.000, 0.000, 0.000, 0.000, 0.000]"
118.52,118.56,Yujin,1.0,Yujin,[1.000],"[0.000, 1.000, 0.000, 0.000, 0.000, 0.000, 0.000]"
118.56,118.6,Yujin,1.0,Yujin,[1.000],"[0.000, 1.000, 0.000, 0.000, 0.000, 0.000, 0.000]"
118.6,118.64,Yujin,1.0,Yujin,[1.000],"[0.000, 1.000, 0.000, 0.000, 0.000, 0.000, 0.000]"
118.64,118.68,Yujin,1.0,Yujin,[1.000],"[0.000, 1.000, 0.000, 0.000, 0.000, 0.000, 0.000]"
118.68,118.72,Yujin,1.0,Yujin,[1.000],"[0.000, 1.000, 0.000, 0.000, 0.000, 0.000, 0.000]"
118.72,118.76,Yujin,1.0,Yujin,[1.000],"[0.000, 1.000, 0.000, 0.000, 0.000, 0.000, 0.000]"
118.76,118.8,Yujin,1.0,Yujin,[1.000],"[0.000, 1.000, 0.000, 0.000, 0.000, 0.000, 0.000]"
118.8,118.84,Yujin,1.0,Yujin,[1.000],"[0.000, 1.000, 0.000, 0.000, 0.000, 0.000, 0.000]"
118.84,118.88,Yujin,1.0,Yujin,[1.000],"[0.000, 1.000, 0.000, 0.000, 0.000, 0.000, 0.000]"
118.88,118.92,Yujin,1.0,Yujin,[1.000],"[0.000, 1.000, 0.000, 0.000, 0.000, 0.000, 0.000]"
118.92,118.96,Yujin,1.0,Yujin,[1.000],"[0.000, 1.000, 0.000, 0.000, 0.000, 0.000, 0.000]"
118.96,119.0,Yujin,1.0,Yujin,[1.000],"[0.000, 1.000, 0.000, 0.000, 0.000, 0.000, 0.000]"
119.0,119.04,Yujin,1.0,Yujin,[1.000],"[0.000, 1.000, 0.000, 0.000, 0.000, 0.000, 0.000]"
119.04,119.08,Yujin,1.0,Yujin,[1.000],"[0.000, 1.000, 0.000, 0.000, 0.000, 0.000, 0.000]"
119.08,119.12,Yujin,1.0,Yujin,[1.000],"[0.000, 1.000, 0.000, 0.000, 0.000, 0.000, 0.000]"
119.12,119.16,Yujin,1.0,Yujin,[1.000],"[0.000, 1.000, 0.000, 0.000, 0.000, 0.000, 0.000]"
119.16,119.2,Yujin,1.0,Yujin,[1.000],"[0.000, 1.000, 0.000, 0.000, 0.000, 0.000, 0.000]"
119.2,119.24,Yujin,1.0,Yujin,[1.000],"[0.000, 1.000, 0.000, 0.000, 0.000, 0.000, 0.000]"
119.24,119.28,Yujin,1.0,Yujin,[1.000],"[0.000, 1.000, 0.000, 0.000, 0.000, 0.000, 0.000]"
119.28,119.32,Yujin,1.0,Yujin,[1.000],"[0.000, 1.000, 0.000, 0.000, 0.000, 0.000, 0.000]"
119.32,119.36,Yujin,1.0,Yujin,[1.000],"[0.000, 1.000, 0.000, 0.000, 0.000, 0.000, 0.000]"
119.36,119.4,Yujin,0.9999998807907104,Yujin,[1.000],"[0.000, 1.000, 0.000, 0.000, 0.000, 0.000, 0.000]"
119.4,119.44,Yujin,0.9999998807907104,Yujin,[1.000],"[0.000, 1.000, 0.000, 0.000, 0.000, 0.000, 0.000]"
119.44,119.48,Yujin,0.9999998807907104,Yujin,[1.000],"[0.000, 1.000, 0.000, 0.000, 0.000, 0.000, 0.000]"
119.48,119.52,Yujin,0.9999998807907104,Yujin,[1.000],"[0.000, 1.000, 0.000, 0.000, 0.000, 0.000, 0.000]"
119.52,119.56,Yujin,0.9999998807907104,Yujin,[1.000],"[0.000, 1.000, 0.000, 0.000, 0.000, 0.000, 0.000]"
119.56,119.6,Yujin,0.9999997615814209,Yujin,[1.000],"[0.000, 1.000, 0.000, 0.000, 0.000, 0.000, 0.000]"
119.6,119.64,Yujin,0.9999996423721313,Yujin,[1.000],"[0.000, 1.000, 0.000, 0.000, 0.000, 0.000, 0.000]"
119.64,119.68,Yujin,0.9999995231628418,Yujin,[1.000],"[0.000, 1.000, 0.000, 0.000, 0.000, 0.000, 0.000]"
119.68,119.72,Yujin,0.9999994039535522,Yujin,[1.000],"[0.000, 1.000, 0.000, 0.000, 0.000, 0.000, 0.000]"
119.72,119.76,Yujin,0.9999992847442627,Yujin,[1.000],"[0.000, 1.000, 0.000, 0.000, 0.000, 0.000, 0.000]"
119.76,119.8,Yujin,0.9999990463256836,Yujin,[1.000],"[0.000, 1.000, 0.000, 0.000, 0.000, 0.000, 0.000]"
119.8,119.84,Yujin,0.9999988079071045,Yujin,[1.000],"[0.000, 1.000, 0.000, 0.000, 0.000, 0.000, 0.000]"
119.84,119.88,Yujin,0.9999984502792358,Yujin,[1.000],"[0.000, 1.000, 0.000, 0.000, 0.000, 0.000, 0.000]"
119.88,119.92,Yujin,0.9999982118606567,Yujin,[1.000],"[0.000, 1.000, 0.000, 0.000, 0.000, 0.000, 0.000]"
119.92,119.96,Yujin,0.9999979734420776,Yujin,[1.000],"[0.000, 1.000, 0.000, 0.000, 0.000, 0.000, 0.000]"
119.96,120.0,Yujin,0.999997615814209,Yujin,[1.000],"[0.000, 1.000, 0.000, 0.000, 0.000, 0.000, 0.000]"
120.0,120.04,Yujin,0.9999974966049194,Yujin,[1.000],"[0.000, 1.000, 0.000, 0.000, 0.000, 0.000, 0.000]"
120.04,120.08,Yujin,0.9999972581863403,Yujin,[1.000],"[0.000, 1.000, 0.000, 0.000, 0.000, 0.000, 0.000]"
120.08,120.12,Yujin,0.9999971389770508,Yujin,[1.000],"[0.000, 1.000, 0.000, 0.000, 0.000, 0.000, 0.000]"
120.12,120.16,Yujin,0.9999970197677612,Yujin,[1.000],"[0.000, 1.000, 0.000, 0.000, 0.000, 0.000, 0.000]"
120.16,120.2,Yujin,0.9999969005584717,Yujin,[1.000],"[0.000, 1.000, 0.000, 0.000, 0.000, 0.000, 0.000]"
120.2,120.24,Yujin,0.9999969005584717,Yujin,[1.000],"[0.000, 1.000, 0.000, 0.000, 0.000, 0.000, 0.000]"
120.24,120.28,Yujin,0.9999970197677612,Yujin,[1.000],"[0.000, 1.000, 0.000, 0.000, 0.000, 0.000, 0.000]"
120.28,120.32,Yujin,0.9999971389770508,Yujin,[1.000],"[0.000, 1.000, 0.000, 0.000, 0.000, 0.000, 0.000]"
120.32,120.36,Yujin,0.9999972581863403,Yujin,[1.000],"[0.000, 1.000, 0.000, 0.000, 0.000, 0.000, 0.000]"
120.36,120.4,Yujin,0.999997615814209,Yujin,[1.000],"[0.000, 1.000, 0.000, 0.000, 0.000, 0.000, 0.000]"
120.4,120.44,Yujin,0.9999978542327881,Yujin,[1.000],"[0.000, 1.000, 0.000, 0.000, 0.000, 0.000, 0.000]"
120.44,120.48,Yujin,0.9999982118606567,Yujin,[1.000],"[0.000, 1.000, 0.000, 0.000, 0.000, 0.000, 0.000]"
120.48,120.52,Yujin,0.9999984502792358,Yujin,[1.000],"[0.000, 1.000, 0.000, 0.000, 0.000, 0.000, 0.000]"
120.52,120.56,Yujin,0.9999988079071045,Yujin,[1.000],"[0.000, 1.000, 0.000, 0.000, 0.000, 0.000, 0.000]"
120.56,120.6,Yujin,0.9999990463256836,Yujin,[1.000],"[0.000, 1.000, 0.000, 0.000, 0.000, 0.000, 0.000]"
120.6,120.64,Yujin,0.9999992847442627,Yujin,[1.000],"[0.000, 1.000, 0.000, 0.000, 0.000, 0.000, 0.000]"
120.64,120.68,Yujin,0.9999994039535522,Yujin,[1.000],"[0.000, 1.000, 0.000, 0.000, 0.000, 0.000, 0.000]"
120.68,120.72,Yujin,0.9999995231628418,Yujin,[1.000],"[0.000, 1.000, 0.000, 0.000, 0.000, 0.000, 0.000]"
120.72,120.76,Yujin,0.9999996423721313,Yujin,[1.000],"[0.000, 1.000, 0.000, 0.000, 0.000, 0.000, 0.000]"
120.76,120.8,Yujin,0.9999997615814209,Yujin,[1.000],"[0.000, 1.000, 0.000, 0.000, 0.000, 0.000, 0.000]"
120.8,120.84,Yujin,0.9999997615814209,Yujin,[1.000],"[0.000, 1.000, 0.000, 0.000, 0.000, 0.000, 0.000]"
120.84,120.88,Yujin,0.9999998807907104,Yujin,[1.000],"[0.000, 1.000, 0.000, 0.000, 0.000, 0.000, 0.000]"
120.88,120.92,Yujin,0.9999998807907104,Yujin,[1.000],"[0.000, 1.000, 0.000, 0.000, 0.000, 0.000, 0.000]"
120.92,120.96,Yujin,0.9999998807907104,Yujin,[1.000],"[0.000, 1.000, 0.000, 0.000, 0.000, 0.000, 0.000]"
120.96,121.0,Yujin,0.9999998807907104,Yujin,[1.000],"[0.000, 1.000, 0.000, 0.000, 0.000, 0.000, 0.000]"
121.0,121.04,Yujin,0.9999998807907104,Yujin,[1.000],"[0.000, 1.000, 0.000, 0.000, 0.000, 0.000, 0.000]"
121.04,121.08,Yujin,0.9999998807907104,Yujin,[1.000],"[0.000, 1.000, 0.000, 0.000, 0.000, 0.000, 0.000]"
121.08,121.12,Yujin,0.9999998807907104,Yujin,[1.000],"[0.000, 1.000, 0.000, 0.000, 0.000, 0.000, 0.000]"
121.12,121.16,Yujin,0.9999998807907104,Yujin,[1.000],"[0.000, 1.000, 0.000, 0.000, 0.000, 0.000, 0.000]"
121.16,121.2,Yujin,0.9999998807907104,Yujin,[1.000],"[0.000, 1.000, 0.000, 0.000, 0.000, 0.000, 0.000]"
121.2,121.24,Yujin,0.9999998807907104,Yujin,[1.000],"[0.000, 1.000, 0.000, 0.000, 0.000, 0.000, 0.000]"
121.24,121.28,Yujin,0.9999998807907104,Yujin,[1.000],"[0.000, 1.000, 0.000, 0.000, 0.000, 0.000, 0.000]"
121.28,121.32,Yujin,0.9999998807907104,Yujin,[1.000],"[0.000, 1.000, 0.000, 0.000, 0.000, 0.000, 0.000]"
121.32,121.36,Yujin,0.9999998807907104,Yujin,[1.000],"[0.000, 1.000, 0.000, 0.000, 0.000, 0.000, 0.000]"
121.36,121.4,Yujin,0.9999998807907104,Yujin,[1.000],"[0.000, 1.000, 0.000, 0.000, 0.000, 0.000, 0.000]"
121.4,121.44,Yujin,0.9999997615814209,Yujin,[1.000],"[0.000, 1.000, 0.000, 0.000, 0.000, 0.000, 0.000]"
121.44,121.48,Yujin,0.9999997615814209,Yujin,[1.000],"[0.000, 1.000, 0.000, 0.000, 0.000, 0.000, 0.000]"
121.48,121.52,Yujin,0.9999995231628418,Yujin,[1.000],"[0.000, 1.000, 0.000, 0.000, 0.000, 0.000, 0.000]"
121.52,121.56,Yujin,0.9999992847442627,Yujin,[1.000],"[0.000, 1.000, 0.000, 0.000, 0.000, 0.000, 0.000]"
121.56,121.6,Yujin,0.999998927116394,Yujin,[1.000],"[0.000, 1.000, 0.000, 0.000, 0.000, 0.000, 0.000]"
121.6,121.64,Yujin,0.9999982118606567,Yujin,[1.000],"[0.000, 1.000, 0.000, 0.000, 0.000, 0.000, 0.000]"
121.64,121.68,Yujin,0.9999970197677612,Yujin,[1.000],"[0.000, 1.000, 0.000, 0.000, 0.000, 0.000, 0.000]"
121.68,121.72,Yujin,0.9999948740005493,Yujin,[1.000],"[0.000, 1.000, 0.000, 0.000, 0.000, 0.000, 0.000]"
121.72,121.76,Yujin,0.999990701675415,Yujin,[1.000],"[0.000, 1.000, 0.000, 0.000, 0.000, 0.000, 0.000]"
121.76,121.8,Yujin,0.9999828338623047,Yujin,[1.000],"[0.000, 1.000, 0.000, 0.000, 0.000, 0.000, 0.000]"
121.8,121.84,Yujin,0.9999673366546631,Yujin,[1.000],"[0.000, 1.000, 0.000, 0.000, 0.000, 0.000, 0.000]"
121.84,121.88,Yujin,0.9999361038208008,Yujin,[1.000],"[0.000, 1.000, 0.000, 0.000, 0.000, 0.000, 0.000]"
121.88,121.92,Yujin,0.9998724460601807,Yujin,[1.000],"[0.000, 1.000, 0.000, 0.000, 0.000, 0.000, 0.000]"
121.92,121.96,Yujin,0.9997418522834778,Yujin,[1.000],"[0.000, 1.000, 0.000, 0.000, 0.000, 0.000, 0.000]"
121.96,122.0,Yujin,0.9994753003120422,Yujin,[0.999],"[0.000, 0.999, 0.000, 0.000, 0.000, 0.000, 0.000]"
122.0,122.04,Yujin,0.9989407658576965,Yujin,[0.999],"[0.000, 0.999, 0.000, 0.000, 0.000, 0.000, 0.001]"
122.04,122.08,Yujin,0.9978989362716675,Yujin,[0.998],"[0.000, 0.998, 0.000, 0.000, 0.000, 0.000, 0.001]"
122.08,122.12,Yujin,0.9959442019462585,Yujin,[0.996],"[0.000, 0.996, 0.000, 0.000, 0.000, 0.000, 0.001]"
122.12,122.16,Yujin,0.9924529194831848,Yujin,[0.992],"[0.000, 0.992, 0.000, 0.000, 0.000, 0.000, 0.002]"
122.16,122.2,Yujin,0.9865657687187195,Yujin,[0.987],"[0.000, 0.987, 0.000, 0.000, 0.000, 0.000, 0.003]"
122.2,122.24,Yujin,0.9773052930831909,Yujin,[0.977],"[0.000, 0.977, 0.000, 0.000, 0.000, 0.000, 0.004]"
122.24,122.28,Yujin,0.9638568162918091,Yujin,[0.964],"[0.000, 0.964, 0.000, 0.000, 0.000, 0.000, 0.005]"
122.28,122.32,Yujin,0.9459652304649353,Yujin,[0.946],"[0.000, 0.946, 0.000, 0.000, 0.000, 0.000, 0.007]"
122.32,122.36,Yujin,0.9243103265762329,Yujin,[0.924],"[0.000, 0.924, 0.000, 0.000, 0.000, 0.000, 0.009]"
122.36,122.4,Yujin,0.9006592631340027,Yujin,[0.901],"[0.000, 0.901, 0.000, 0.000, 0.000, 0.000, 0.011]"
122.4,122.44,Yujin,0.8777361512184143,Yujin,[0.878],"[0.000, 0.878, 0.000, 0.000, 0.000, 0.000, 0.013]"
122.44,122.48,Yujin,0.8584139347076416,Yujin,[0.858],"[0.000, 0.858, 0.000, 0.000, 0.000, 0.000, 0.015]"
122.48,122.52,Yujin,0.8450368642807007,Yujin,[0.845],"[0.000, 0.845, 0.000, 0.000, 0.000, 0.000, 0.016]"
122.52,122.56,Yujin,0.8388797044754028,Yujin,[0.839],"[0.000, 0.839, 0.000, 0.000, 0.000, 0.000, 0.017]"
122.56,122.6,Yujin,0.8406083583831787,Yujin,[0.841],"[0.000, 0.841, 0.000, 0.000, 0.000, 0.000, 0.018]"
122.6,122.64,Yujin,0.8498684763908386,Yujin,[0.850],"[0.000, 0.850, 0.000, 0.000, 0.000, 0.000, 0.017]"
122.64,122.68,Yujin,0.8654664754867554,Yujin,[0.865],"[0.000, 0.865, 0.000, 0.000, 0.000, 0.000, 0.017]"
122.68,122.72,Yujin,0.8852376937866211,Yujin,[0.885],"[0.000, 0.885, 0.000, 0.000, 0.000, 0.000, 0.015]"
122.72,122.76,Yujin,0.9066407084465027,Yujin,[0.907],"[0.000, 0.907, 0.000, 0.000, 0.000, 0.000, 0.014]"
122.76,122.8,Yujin,0.9274230003356934,Yujin,[0.927],"[0.000, 0.927, 0.000, 0.000, 0.000, 0.000, 0.012]"
122.8,122.84,Yujin,0.9459652304649353,Yujin,[0.946],"[0.000, 0.946, 0.000, 0.000, 0.000, 0.000, 0.011]"
122.84,122.88,Yujin,0.9613747596740723,Yujin,[0.961],"[0.000, 0.961, 0.000, 0.000, 0.000, 0.000, 0.009]"
122.88,122.92,Yujin,0.9733802080154419,Yujin,[0.973],"[0.000, 0.973, 0.000, 0.000, 0.000, 0.000, 0.007]"
122.92,122.96,Yujin,0.9822378754615784,Yujin,[0.982],"[0.000, 0.982, 0.000, 0.000, 0.000, 0.000, 0.006]"
122.96,123.0,Yujin,0.9884524941444397,Yujin,[0.988],"[0.000, 0.988, 0.000, 0.000, 0.000, 0.000, 0.005]"
123.0,123.04,Yujin,0.9926146268844604,Yujin,[0.993],"[0.000, 0.993, 0.000, 0.000, 0.000, 0.000, 0.004]"
123.04,123.08,Yujin,0.9952918291091919,Yujin,[0.995],"[0.000, 0.995, 0.000, 0.000, 0.000, 0.000, 0.003]"
123.08,123.12,Yujin,0.9969692826271057,Yujin,[0.997],"[0.000, 0.997, 0.000, 0.000, 0.000, 0.000, 0.002]"
123.12,123.16,Yujin,0.998009979724884,Yujin,[0.998],"[0.000, 0.998, 0.000, 0.000, 0.000, 0.000, 0.002]"
123.16,123.2,Yujin,0.9986544847488403,Yujin,[0.999],"[0.000, 0.999, 0.000, 0.000, 0.000, 0.000, 0.001]"
123.2,123.24,Yujin,0.9990532994270325,Yujin,[0.999],"[0.000, 0.999, 0.000, 0.000, 0.000, 0.000, 0.001]"
123.24,123.28,Yujin,0.9993003606796265,Yujin,[0.999],"[0.000, 0.999, 0.000, 0.000, 0.000, 0.000, 0.001]"
123.28,123.32,Yujin,0.9994520545005798,Yujin,[0.999],"[0.000, 0.999, 0.000, 0.000, 0.000, 0.000, 0.001]"
123.32,123.36,Yujin,0.9995418787002563,Yujin,[1.000],"[0.000, 1.000, 0.000, 0.000, 0.000, 0.000, 0.001]"
123.36,123.4,Yujin,0.9995881915092468,Yujin,[1.000],"[0.000, 1.000, 0.000, 0.000, 0.000, 0.000, 0.001]"
123.4,123.44,Yujin,0.9995972514152527,Yujin,[1.000],"[0.000, 1.000, 0.000, 0.000, 0.000, 0.000, 0.001]"
123.44,123.48,Yujin,0.9995658993721008,Yujin,[1.000],"[0.000, 1.000, 0.000, 0.000, 0.000, 0.000, 0.001]"
123.48,123.52,Yujin,0.9994803071022034,Yujin,[0.999],"[0.000, 0.999, 0.000, 0.000, 0.000, 0.000, 0.001]"
123.52,123.56,Yujin,0.9993056058883667,Yujin,[0.999],"[0.000, 0.999, 0.000, 0.000, 0.000, 0.000, 0.001]"
123.56,123.6,Yujin,0.9989612102508545,Yujin,[0.999],"[0.000, 0.999, 0.000, 0.000, 0.000, 0.000, 0.001]"
123.6,123.64,Yujin,0.9982553124427795,Yujin,[0.998],"[0.000, 0.998, 0.000, 0.000, 0.000, 0.000, 0.001]"
123.64,123.68,Yujin,0.9967111349105835,Yujin,[0.997],"[0.000, 0.997, 0.000, 0.000, 0.000, 0.000, 0.001]"
123.68,123.72,Yujin,0.9930625557899475,Yujin,[0.993],"[0.000, 0.993, 0.000, 0.000, 0.000, 0.000, 0.001]"
123.72,123.76,Yujin,0.9837257266044617,Yujin,[0.984],"[0.000, 0.984, 0.000, 0.000, 0.000, 0.000, 0.001]"
123.76,123.8,Yujin,0.958198070526123,Yujin,[0.958],"[0.000, 0.958, 0.000, 0.000, 0.000, 0.000, 0.002]"
123.8,123.84,Yujin,0.8869817852973938,Yujin,[0.887],"[0.000, 0.887, 0.000, 0.000, 0.000, 0.000, 0.002]"
123.84,123.88,Yujin,0.7092562317848206,Yujin,[0.709],"[0.000, 0.709, 0.000, 0.000, 0.000, 0.000, 0.002]"
123.88,123.92,silence,0.0029649154748767614,,[],"[0.000, 0.409, 0.000, 0.000, 0.000, 0.000, 0.003]"
123.92,123.96,silence,0.0035773320123553276,,[],"[0.000, 0.154, 0.000, 0.000, 0.000, 0.000, 0.004]"
123.96,124.0,silence,0.004216885194182396,,[],"[0.000, 0.042, 0.000, 0.001, 0.000, 0.000, 0.004]"
124.0,124.04,silence,0.004827945958822966,,[],"[0.000, 0.010, 0.000, 0.001, 0.000, 0.000, 0.005]"
124.04,124.08,silence,0.005343443714082241,,[],"[0.000, 0.002, 0.000, 0.003, 0.000, 0.000, 0.005]"
124.08,124.12,silence,0.005698845721781254,,[],"[0.000, 0.000, 0.000, 0.008, 0.000, 0.000, 0.006]"
124.12,124.16,silence,0.005849885754287243,,[],"[0.000, 0.000, 0.000, 0.020, 0.000, 0.000, 0.006]"
124.16,124.2,silence,0.005770474672317505,,[],"[0.000, 0.000, 0.000, 0.054, 0.000, 0.000, 0.006]"
124.2,124.24,silence,0.0054647368378937244,,[],"[0.000, 0.000, 0.000, 0.146, 0.000, 0.000, 0.005]"
124.24,124.28,silence,0.004967838060110807,,[],"[0.000, 0.000, 0.000, 0.354, 0.000, 0.000, 0.005]"
124.28,124.32,Wonyoung,0.6488800048828125,Wonyoung,[0.649],"[0.000, 0.000, 0.000, 0.649, 0.000, 0.000, 0.004]"
124.32,124.36,Wonyoung,0.8672908544540405,Wonyoung,[0.867],"[0.000, 0.000, 0.000, 0.867, 0.000, 0.000, 0.004]"
124.36,124.4,Wonyoung,0.9600763916969299,Wonyoung,[0.960],"[0.000, 0.000, 0.000, 0.960, 0.000, 0.000, 0.003]"
124.4,124.44,Wonyoung,0.9891815781593323,Wonyoung,[0.989],"[0.000, 0.000, 0.000, 0.989, 0.000, 0.000, 0.002]"
124.44,124.48,Wonyoung,0.9972015619277954,Wonyoung,[0.997],"[0.000, 0.000, 0.000, 0.997, 0.000, 0.000, 0.002]"
124.48,124.52,Wonyoung,0.999291181564331,Wonyoung,[0.999],"[0.000, 0.000, 0.000, 0.999, 0.000, 0.000, 0.001]"
124.52,124.56,Wonyoung,0.9998213648796082,Wonyoung,[1.000],"[0.000, 0.000, 0.000, 1.000, 0.000, 0.000, 0.001]"
124.56,124.6,Wonyoung,0.9999545812606812,Wonyoung,[1.000],"[0.000, 0.000, 0.000, 1.000, 0.000, 0.000, 0.001]"
124.6,124.64,Wonyoung,0.9999881982803345,Wonyoung,[1.000],"[0.000, 0.000, 0.000, 1.000, 0.000, 0.000, 0.000]"
124.64,124.68,Wonyoung,0.9999967813491821,Wonyoung,[1.000],"[0.000, 0.000, 0.000, 1.000, 0.000, 0.000, 0.000]"
124.68,124.72,Wonyoung,0.9999991655349731,Wonyoung,[1.000],"[0.000, 0.000, 0.000, 1.000, 0.000, 0.000, 0.000]"
124.72,124.76,Wonyoung,0.9999997615814209,Wonyoung,[1.000],"[0.000, 0.000, 0.000, 1.000, 0.000, 0.000, 0.000]"
124.76,124.8,Wonyoung,0.9999998807907104,Wonyoung,[1.000],"[0.000, 0.000, 0.000, 1.000, 0.000, 0.000, 0.000]"
124.8,124.84,Wonyoung,1.0,Wonyoung,[1.000],"[0.000, 0.000, 0.000, 1.000, 0.000, 0.000, 0.000]"
124.84,124.88,Wonyoung,1.0,Wonyoung,[1.000],"[0.000, 0.000, 0.000, 1.000, 0.000, 0.000, 0.000]"
124.88,124.92,Wonyoung,1.0,Wonyoung,[1.000],"[0.000, 0.000, 0.000, 1.000, 0.000, 0.000, 0.000]"
124.92,124.96,Wonyoung,1.0,Wonyoung,[1.000],"[0.000, 0.000, 0.000, 1.000, 0.000, 0.000, 0.000]"
124.96,125.0,Wonyoung,1.0,Wonyoung,[1.000],"[0.000, 0.000, 0.000, 1.000, 0.000, 0.000, 0.000]"
125.0,125.04,Wonyoung,1.0,Wonyoung,[1.000],"[0.000, 0.000, 0.000, 1.000, 0.000, 0.000, 0.000]"
125.04,125.08,Wonyoung,1.0,Wonyoung,[1.000],"[0.000, 0.000, 0.000, 1.000, 0.000, 0.000, 0.000]"
125.08,125.12,Wonyoung,1.0,Wonyoung,[1.000],"[0.000, 0.000, 0.000, 1.000, 0.000, 0.000, 0.000]"
125.12,125.16,Wonyoung,1.0,Wonyoung,[1.000],"[0.000, 0.000, 0.000, 1.000, 0.000, 0.000, 0.000]"
125.16,125.2,Wonyoung,1.0,Wonyoung,[1.000],"[0.000, 0.000, 0.000, 1.000, 0.000, 0.000, 0.000]"
125.2,125.24,Wonyoung,1.0,Wonyoung,[1.000],"[0.000, 0.000, 0.000, 1.000, 0.000, 0.000, 0.000]"
125.24,125.28,Wonyoung,1.0,Wonyoung,[1.000],"[0.000, 0.000, 0.000, 1.000, 0.000, 0.000, 0.000]"
125.28,125.32,Wonyoung,1.0,Wonyoung,[1.000],"[0.000, 0.000, 0.000, 1.000, 0.000, 0.000, 0.000]"
125.32,125.36,Wonyoung,1.0,Wonyoung,[1.000],"[0.000, 0.000, 0.000, 1.000, 0.000, 0.000, 0.000]"
125.36,125.4,Wonyoung,1.0,Wonyoung,[1.000],"[0.000, 0.000, 0.000, 1.000, 0.000, 0.000, 0.000]"
125.4,125.44,Wonyoung,1.0,Wonyoung,[1.000],"[0.000, 0.000, 0.000, 1.000, 0.000, 0.000, 0.000]"
125.44,125.48,Wonyoung,1.0,Wonyoung,[1.000],"[0.000, 0.000, 0.000, 1.000, 0.000, 0.000, 0.000]"
125.48,125.52,Wonyoung,1.0,Wonyoung,[1.000],"[0.000, 0.000, 0.000, 1.000, 0.000, 0.000, 0.000]"
125.52,125.56,Wonyoung,1.0,Wonyoung,[1.000],"[0.000, 0.000, 0.000, 1.000, 0.000, 0.000, 0.000]"
125.56,125.6,Wonyoung,1.0,Wonyoung,[1.000],"[0.000, 0.000, 0.000, 1.000, 0.000, 0.000, 0.000]"
125.6,125.64,Wonyoung,0.9999998807907104,Wonyoung,[1.000],"[0.000, 0.000, 0.000, 1.000, 0.000, 0.000, 0.000]"
125.64,125.68,Wonyoung,0.9999998807907104,Wonyoung,[1.000],"[0.000, 0.000, 0.000, 1.000, 0.000, 0.000, 0.000]"
125.68,125.72,Wonyoung,0.9999997615814209,Wonyoung,[1.000],"[0.000, 0.000, 0.000, 1.000, 0.000, 0.000, 0.001]"
125.72,125.76,Wonyoung,0.9999996423721313,Wonyoung,[1.000],"[0.000, 0.000, 0.000, 1.000, 0.000, 0.000, 0.001]"
125.76,125.8,Wonyoung,0.9999994039535522,Wonyoung,[1.000],"[0.000, 0.000, 0.000, 1.000, 0.000, 0.000, 0.001]"
125.8,125.84,Wonyoung,0.9999990463256836,Wonyoung,[1.000],"[0.000, 0.000, 0.000, 1.000, 0.000, 0.000, 0.001]"
125.84,125.88,Wonyoung,0.9999986886978149,Wonyoung,[1.000],"[0.000, 0.000, 0.000, 1.000, 0.000, 0.000, 0.001]"
125.88,125.92,Wonyoung,0.9999983310699463,Wonyoung,[1.000],"[0.000, 0.000, 0.000, 1.000, 0.000, 0.000, 0.001]"
125.92,125.96,Wonyoung,0.9999978542327881,Wonyoung,[1.000],"[0.000, 0.000, 0.000, 1.000, 0.000, 0.000, 0.001]"
125.96,126.0,Wonyoung,0.9999974966049194,Wonyoung,[1.000],"[0.000, 0.000, 0.000, 1.000, 0.000, 0.000, 0.001]"
126.0,126.04,Wonyoung,0.9999970197677612,Wonyoung,[1.000],"[0.000, 0.000, 0.000, 1.000, 0.000, 0.000, 0.001]"
126.04,126.08,Wonyoung,0.9999967813491821,Wonyoung,[1.000],"[0.000, 0.000, 0.000, 1.000, 0.000, 0.000, 0.000]"
126.08,126.12,Wonyoung,0.999996542930603,Wonyoung,[1.000],"[0.000, 0.000, 0.000, 1.000, 0.000, 0.000, 0.000]"
126.12,126.16,Wonyoung,0.9999964237213135,Wonyoung,[1.000],"[0.000, 0.000, 0.000, 1.000, 0.000, 0.000, 0.000]"
126.16,126.2,Wonyoung,0.9999964237213135,Wonyoung,[1.000],"[0.000, 0.000, 0.000, 1.000, 0.000, 0.000, 0.000]"
126.2,126.24,Wonyoung,0.9999966621398926,Wonyoung,[1.000],"[0.000, 0.000, 0.000, 1.000, 0.000, 0.000, 0.000]"
126.24,126.28,Wonyoung,0.9999969005584717,Wonyoung,[1.000],"[0.000, 0.000, 0.000, 1.000, 0.000, 0.000, 0.000]"
126.28,126.32,Wonyoung,0.9999972581863403,Wonyoung,[1.000],"[0.000, 0.000, 0.000, 1.000, 0.000, 0.000, 0.000]"
126.32,126.36,Wonyoung,0.999997615814209,Wonyoung,[1.000],"[0.000, 0.000, 0.000, 1.000, 0.000, 0.000, 0.000]"
126.36,126.4,Wonyoung,0.9999979734420776,Wonyoung,[1.000],"[0.000, 0.000, 0.000, 1.000, 0.000, 0.000, 0.000]"
126.4,126.44,Wonyoung,0.9999983310699463,Wonyoung,[1.000],"[0.000, 0.000, 0.000, 1.000, 0.000, 0.000, 0.000]"
126.44,126.48,Wonyoung,0.9999985694885254,Wonyoung,[1.000],"[0.000, 0.000, 0.000, 1.000, 0.000, 0.000, 0.000]"
126.48,126.52,Wonyoung,0.9999988079071045,Wonyoung,[1.000],"[0.000, 0.000, 0.000, 1.000, 0.000, 0.000, 0.000]"
126.52,126.56,Wonyoung,0.9999990463256836,Wonyoung,[1.000],"[0.000, 0.000, 0.000, 1.000, 0.000, 0.000, 0.000]"
126.56,126.6,Wonyoung,0.9999991655349731,Wonyoung,[1.000],"[0.000, 0.000, 0.000, 1.000, 0.000, 0.000, 0.000]"
126.6,126.64,Wonyoung,0.9999992847442627,Wonyoung,[1.000],"[0.000, 0.000, 0.000, 1.000, 0.000, 0.000, 0.000]"
126.64,126.68,Wonyoung,0.9999992847442627,Wonyoung,[1.000],"[0.000, 0.000, 0.000, 1.000, 0.000, 0.000, 0.000]"
126.68,126.72,Wonyoung,0.9999992847442627,Wonyoung,[1.000],"[0.000, 0.000, 0.000, 1.000, 0.000, 0.000, 0.000]"
126.72,126.76,Wonyoung,0.9999992847442627,Wonyoung,[1.000],"[0.000, 0.000, 0.000, 1.000, 0.000, 0.000, 0.000]"
126.76,126.8,Wonyoung,0.9999992847442627,Wonyoung,[1.000],"[0.000, 0.000, 0.000, 1.000, 0.000, 0.000, 0.000]"
126.8,126.84,Wonyoung,0.9999990463256836,Wonyoung,[1.000],"[0.000, 0.000, 0.000, 1.000, 0.000, 0.000, 0.000]"
126.84,126.88,Wonyoung,0.9999988079071045,Wonyoung,[1.000],"[0.000, 0.000, 0.000, 1.000, 0.000, 0.000, 0.000]"
126.88,126.92,Wonyoung,0.9999983310699463,Wonyoung,[1.000],"[0.000, 0.000, 0.000, 1.000, 0.000, 0.000, 0.000]"
126.92,126.96,Wonyoung,0.999997615814209,Wonyoung,[1.000],"[0.000, 0.000, 0.000, 1.000, 0.000, 0.000, 0.000]"
126.96,127.0,Wonyoung,0.9999960660934448,Wonyoung,[1.000],"[0.000, 0.000, 0.000, 1.000, 0.000, 0.000, 0.000]"
127.0,127.04,Wonyoung,0.999993085861206,Wonyoung,[1.000],"[0.000, 0.000, 0.000, 1.000, 0.000, 0.000, 0.000]"
127.04,127.08,Wonyoung,0.9999868869781494,Wonyoung,[1.000],"[0.000, 0.000, 0.000, 1.000, 0.000, 0.000, 0.000]"
127.08,127.12,Wonyoung,0.9999730587005615,Wonyoung,[1.000],"[0.000, 0.000, 0.000, 1.000, 0.000, 0.000, 0.000]"
127.12,127.16,Wonyoung,0.9999406337738037,Wonyoung,[1.000],"[0.000, 0.000, 0.000, 1.000, 0.000, 0.000, 0.000]"
127.16,127.2,Wonyoung,0.999860405921936,Wonyoung,[1.000],"[0.000, 0.000, 0.000, 1.000, 0.000, 0.000, 0.000]"
127.2,127.24,Wonyoung,0.9996532201766968,Wonyoung,[1.000],"[0.000, 0.000, 0.000, 1.000, 0.000, 0.000, 0.000]"
127.24,127.28,Wonyoung,0.9990997314453125,Wonyoung,[0.999],"[0.000, 0.000, 0.000, 0.999, 0.000, 0.000, 0.000]"
127.28,127.32,Wonyoung,0.9975850582122803,Wonyoung,[0.998],"[0.000, 0.000, 0.000, 0.998, 0.000, 0.000, 0.000]"
127.32,127.36,Wonyoung,0.9933819770812988,Wonyoung,[0.993],"[0.000, 0.000, 0.000, 0.993, 0.000, 0.000, 0.000]"
127.36,127.4,Wonyoung,0.981751024723053,Wonyoung,[0.982],"[0.000, 0.000, 0.000, 0.982, 0.000, 0.000, 0.000]"
127.4,127.44,Wonyoung,0.950505793094635,Wonyoung,[0.951],"[0.000, 0.000, 0.000, 0.951, 0.000, 0.000, 0.000]"
127.44,127.48,Wonyoung,0.8733975887298584,Wonyoung,[0.873],"[0.000, 0.000, 0.000, 0.873, 0.000, 0.000, 0.001]"
127.48,127.52,Wonyoung,0.7163534164428711,Wonyoung,[0.716],"[0.000, 0.000, 0.000, 0.716, 0.000, 0.000, 0.001]"
127.52,127.56,silence,0.0022782364394515753,,[],"[0.000, 0.000, 0.000, 0.488, 0.000, 0.000, 0.002]"
127.56,127.6,silence,0.004118801560252905,,[],"[0.000, 0.000, 0.000, 0.273, 0.000, 0.000, 0.004]"
127.6,127.64,silence,0.007430084515362978,,[],"[0.000, 0.000, 0.000, 0.135, 0.000, 0.000, 0.007]"
127.64,127.68,silence,0.013245213776826859,,[],"[0.000, 0.000, 0.000, 0.065, 0.000, 0.000, 0.013]"
127.68,127.72,silence,0.023106127977371216,,[],"[0.000, 0.000, 0.000, 0.032, 0.000, 0.000, 0.023]"
127.72,127.76,silence,0.039056237787008286,,[],"[0.000, 0.000, 0.000, 0.017, 0.000, 0.000, 0.039]"
127.76,127.8,silence,0.06332170218229294,,[],"[0.000, 0.000, 0.000, 0.010, 0.000, 0.000, 0.063]"
127.8,127.84,silence,0.0974724143743515,,[],"[0.000, 0.000, 0.000, 0.006, 0.000, 0.000, 0.097]"
127.84,127.88,silence,0.1412881463766098,,[],"[0.000, 0.000, 0.000, 0.005, 0.000, 0.000, 0.141]"
127.88,127.92,silence,0.19192461669445038,,[],"[0.000, 0.000, 0.000, 0.004, 0.000, 0.000, 0.192]"
127.92,127.96,silence,0.24438782036304474,,[],"[0.000, 0.000, 0.000, 0.004, 0.000, 0.000, 0.244]"
127.96,128.0,silence,0.2929043769836426,,[],"[0.000, 0.000, 0.000, 0.004, 0.000, 0.000, 0.293]"
128.0,128.04,silence,0.3323744535446167,,[],"[0.000, 0.000, 0.000, 0.004, 0.000, 0.000, 0.332]"
128.04,128.08,silence,0.3592403829097748,,[],"[0.000, 0.000, 0.000, 0.006, 0.000, 0.000, 0.359]"
128.08,128.12,silence,0.3714430034160614,,[],"[0.000, 0.000, 0.000, 0.009, 0.000, 0.000, 0.371]"
128.12,128.16,silence,0.3684888780117035,,[],"[0.000, 0.000, 0.000, 0.016, 0.000, 0.000, 0.368]"
128.16,128.2,silence,0.3511948585510254,,[],"[0.000, 0.000, 0.000, 0.029, 0.000, 0.000, 0.351]"
128.2,128.24,silence,0.3214094638824463,,[],"[0.000, 0.000, 0.000, 0.059, 0.000, 0.000, 0.321]"
128.24,128.28,silence,0.28200992941856384,,[],"[0.000, 0.000, 0.000, 0.124, 0.000, 0.000, 0.282]"
128.28,128.32,silence,0.23701898753643036,,[],"[0.000, 0.000, 0.000, 0.254, 0.000, 0.000, 0.237]"
128.32,128.36,silence,0.19108884036540985,,[],"[0.000, 0.000, 0.000, 0.462, 0.000, 0.000, 0.191]"
128.36,128.4,Wonyoung,0.6900210976600647,Wonyoung,[0.690],"[0.000, 0.000, 0.000, 0.690, 0.000, 0.000, 0.148]"
128.4,128.44,Wonyoung,0.8542971611022949,Wonyoung,[0.854],"[0.000, 0.000, 0.000, 0.854, 0.000, 0.000, 0.111]"
128.44,128.48,Wonyoung,0.9391502141952515,Wonyoung,[0.939],"[0.000, 0.000, 0.000, 0.939, 0.000, 0.000, 0.082]"
128.48,128.52,Wonyoung,0.9755875468254089,Wonyoung,[0.976],"[0.000, 0.000, 0.000, 0.976, 0.000, 0.000, 0.059]"
128.52,128.56,Wonyoung,0.9901400208473206,Wonyoung,[0.990],"[0.000, 0.000, 0.000, 0.990, 0.000, 0.000, 0.042]"
128.56,128.6,Wonyoung,0.9958886504173279,Wonyoung,[0.996],"[0.000, 0.000, 0.000, 0.996, 0.000, 0.000, 0.029]"
128.6,128.64,Wonyoung,0.9982051849365234,Wonyoung,[0.998],"[0.000, 0.000, 0.000, 0.998, 0.000, 0.000, 0.021]"
128.64,128.68,Wonyoung,0.9991727471351624,Wonyoung,[0.999],"[0.000, 0.000, 0.000, 0.999, 0.000, 0.000, 0.015]"
128.68,128.72,Wonyoung,0.9995953440666199,Wonyoung,[1.000],"[0.000, 0.000, 0.000, 1.000, 0.000, 0.000, 0.011]"
128.72,128.76,Wonyoung,0.9997895359992981,Wonyoung,[1.000],"[0.000, 0.000, 0.000, 1.000, 0.000, 0.000, 0.008]"
128.76,128.8,Wonyoung,0.9998836517333984,Wonyoung,[1.000],"[0.000, 0.000, 0.000, 1.000, 0.000, 0.000, 0.006]"
128.8,128.84,Wonyoung,0.9999316930770874,Wonyoung,[1.000],"[0.000, 0.000, 0.000, 1.000, 0.000, 0.000, 0.005]"
128.84,128.88,Wonyoung,0.9999573230743408,Wonyoung,[1.000],"[0.000, 0.000, 0.000, 1.000, 0.000, 0.000, 0.004]"
128.88,128.92,Wonyoung,0.9999716281890869,Wonyoung,[1.000],"[0.000, 0.000, 0.000, 1.000, 0.000, 0.000, 0.003]"
128.92,128.96,Wonyoung,0.9999799728393555,Wonyoung,[1.000],"[0.000, 0.000, 0.000, 1.000, 0.000, 0.000, 0.002]"
128.96,129.0,Wonyoung,0.9999849796295166,Wonyoung,[1.000],"[0.000, 0.000, 0.000, 1.000, 0.000, 0.000, 0.002]"
129.0,129.04,Wonyoung,0.9999879598617554,Wonyoung,[1.000],"[0.000, 0.000, 0.000, 1.000, 0.000, 0.000, 0.002]"
129.04,129.08,Wonyoung,0.9999897480010986,Wonyoung,[1.000],"[0.000, 0.000, 0.000, 1.000, 0.000, 0.000, 0.001]"
129.08,129.12,Wonyoung,0.9999908208847046,Wonyoung,[1.000],"[0.000, 0.000, 0.000, 1.000, 0.000, 0.000, 0.001]"
129.12,129.16,Wonyoung,0.9999911785125732,Wonyoung,[1.000],"[0.000, 0.000, 0.000, 1.000, 0.000, 0.000, 0.001]"
129.16,129.2,Wonyoung,0.9999910593032837,Wonyoung,[1.000],"[0.000, 0.000, 0.000, 1.000, 0.000, 0.000, 0.001]"
129.2,129.24,Wonyoung,0.9999904632568359,Wonyoung,[1.000],"[0.000, 0.000, 0.000, 1.000, 0.000, 0.000, 0.001]"
129.24,129.28,Wonyoung,0.9999892711639404,Wonyoung,[1.000],"[0.000, 0.000, 0.000, 1.000, 0.000, 0.000, 0.001]"
129.28,129.32,Wonyoung,0.9999873638153076,Wonyoung,[1.000],"[0.000, 0.000, 0.000, 1.000, 0.000, 0.000, 0.001]"
129.32,129.36,Wonyoung,0.999984622001648,Wonyoung,[1.000],"[0.000, 0.000, 0.000, 1.000, 0.000, 0.000, 0.000]"
129.36,129.4,Wonyoung,0.9999805688858032,Wonyoung,[1.000],"[0.000, 0.000, 0.000, 1.000, 0.000, 0.000, 0.000]"
129.4,129.44,Wonyoung,0.9999748468399048,Wonyoung,[1.000],"[0.000, 0.000, 0.000, 1.000, 0.000, 0.000, 0.000]"
129.44,129.48,Wonyoung,0.9999668598175049,Wonyoung,[1.000],"[0.000, 0.000, 0.000, 1.000, 0.000, 0.000, 0.000]"
129.48,129.52,Wonyoung,0.9999557733535767,Wonyoung,[1.000],"[0.000, 0.000, 0.000, 1.000, 0.000, 0.000, 0.000]"
129.52,129.56,Wonyoung,0.9999406337738037,Wonyoung,[1.000],"[0.000, 0.000, 0.000, 1.000, 0.000, 0.000, 0.000]"
129.56,129.6,Wonyoung,0.9999198913574219,Wonyoung,[1.000],"[0.000, 0.000, 0.000, 1.000, 0.000, 0.000, 0.000]"
129.6,129.64,Wonyoung,0.9998916387557983,Wonyoung,[1.000],"[0.000, 0.000, 0.000, 1.000, 0.000, 0.000, 0.000]"
129.64,129.68,Wonyoung,0.999853253364563,Wonyoung,[1.000],"[0.000, 0.000, 0.000, 1.000, 0.000, 0.000, 0.000]"
129.68,129.72,Wonyoung,0.9998016953468323,Wonyoung,[1.000],"[0.000, 0.000, 0.000, 1.000, 0.000, 0.000, 0.000]"
129.72,129.76,Wonyoung,0.9997331500053406,Wonyoung,[1.000],"[0.000, 0.000, 0.000, 1.000, 0.000, 0.000, 0.000]"
129.76,129.8,Wonyoung,0.9996429681777954,Wonyoung,[1.000],"[0.000, 0.000, 0.000, 1.000, 0.000, 0.000, 0.000]"
129.8,129.84,Wonyoung,0.9995248317718506,Wonyoung,[1.000],"[0.000, 0.000, 0.000, 1.000, 0.000, 0.000, 0.000]"
129.84,129.88,Wonyoung,0.9993717074394226,Wonyoung,[0.999],"[0.000, 0.000, 0.000, 0.999, 0.000, 0.000, 0.000]"
129.88,129.92,Wonyoung,0.9991751313209534,Wonyoung,[0.999],"[0.000, 0.000, 0.000, 0.999, 0.000, 0.000, 0.000]"
129.92,129.96,Wonyoung,0.9989252686500549,Wonyoung,[0.999],"[0.000, 0.000, 0.000, 0.999, 0.000, 0.000, 0.000]"
129.96,130.0,Wonyoung,0.9986132383346558,Wonyoung,[0.999],"[0.000, 0.000, 0.000, 0.999, 0.000, 0.000, 0.000]"
130.0,130.04,Wonyoung,0.9982312321662903,Wonyoung,[0.998],"[0.000, 0.000, 0.000, 0.998, 0.000, 0.000, 0.000]"
130.04,130.08,Wonyoung,0.9977743029594421,Wonyoung,[0.998],"[0.000, 0.000, 0.000, 0.998, 0.000, 0.000, 0.000]"
130.08,130.12,Wonyoung,0.9972431659698486,Wonyoung,[0.997],"[0.000, 0.000, 0.000, 0.997, 0.000, 0.000, 0.000]"
130.12,130.16,Wonyoung,0.996648371219635,Wonyoung,[0.997],"[0.000, 0.000, 0.000, 0.997, 0.000, 0.000, 0.000]"
130.16,130.2,Wonyoung,0.9960113763809204,Wonyoung,[0.996],"[0.000, 0.000, 0.000, 0.996, 0.000, 0.000, 0.001]"
130.2,130.24,Wonyoung,0.9953685998916626,Wonyoung,[0.995],"[0.000, 0.000, 0.000, 0.995, 0.000, 0.000, 0.001]"
130.24,130.28,Wonyoung,0.9947729706764221,Wonyoung,[0.995],"[0.000, 0.000, 0.000, 0.995, 0.000, 0.000, 0.001]"
130.28,130.32,Wonyoung,0.9942816495895386,Wonyoung,[0.994],"[0.000, 0.000, 0.000, 0.994, 0.000, 0.000, 0.001]"
130.32,130.36,Wonyoung,0.9939640164375305,Wonyoung,[0.994],"[0.000, 0.000, 0.000, 0.994, 0.000, 0.000, 0.001]"
130.36,130.4,Wonyoung,0.9938708543777466,Wonyoung,[0.994],"[0.000, 0.000, 0.000, 0.994, 0.000, 0.000, 0.001]"
130.4,130.44,Wonyoung,0.994027853012085,Wonyoung,[0.994],"[0.000, 0.000, 0.000, 0.994, 0.000, 0.000, 0.001]"
130.44,130.48,Wonyoung,0.9944279193878174,Wonyoung,[0.994],"[0.000, 0.000, 0.000, 0.994, 0.000, 0.000, 0.002]"
130.48,130.52,Wonyoung,0.9950301647186279,Wonyoung,[0.995],"[0.000, 0.000, 0.000, 0.995, 0.000, 0.000, 0.002]"
130.52,130.56,Wonyoung,0.9957679510116577,Wonyoung,[0.996],"[0.000, 0.000, 0.000, 0.996, 0.000, 0.000, 0.002]"
130.56,130.6,Wonyoung,0.9965587258338928,Wonyoung,[0.997],"[0.000, 0.000, 0.000, 0.997, 0.000, 0.000, 0.002]"
130.6,130.64,Wonyoung,0.9973210692405701,Wonyoung,[0.997],"[0.000, 0.000, 0.000, 0.997, 0.000, 0.000, 0.002]"
130.64,130.68,Wonyoung,0.9979954957962036,Wonyoung,[0.998],"[0.000, 0.000, 0.000, 0.998, 0.000, 0.000, 0.003]"
130.68,130.72,Wonyoung,0.9985499978065491,Wonyoung,[0.999],"[0.000, 0.000, 0.000, 0.999, 0.000, 0.000, 0.002]"
130.72,130.76,Wonyoung,0.9989795088768005,Wonyoung,[0.999],"[0.000, 0.000, 0.000, 0.999, 0.000, 0.000, 0.002]"
130.76,130.8,Wonyoung,0.999297022819519,Wonyoung,[0.999],"[0.000, 0.000, 0.000, 0.999, 0.000, 0.000, 0.002]"
130.8,130.84,Wonyoung,0.9995225667953491,Wonyoung,[1.000],"[0.000, 0.000, 0.000, 1.000, 0.000, 0.000, 0.002]"
130.84,130.88,Wonyoung,0.9996781349182129,Wonyoung,[1.000],"[0.000, 0.000, 0.000, 1.000, 0.000, 0.000, 0.002]"
130.88,130.92,Wonyoung,0.9997832179069519,Wonyoung,[1.000],"[0.000, 0.000, 0.000, 1.000, 0.000, 0.000, 0.001]"
130.92,130.96,Wonyoung,0.9998531341552734,Wonyoung,[1.000],"[0.000, 0.000, 0.000, 1.000, 0.000, 0.000, 0.001]"
130.96,131.0,Wonyoung,0.9998997449874878,Wonyoung,[1.000],"[0.000, 0.000, 0.000, 1.000, 0.000, 0.000, 0.001]"
131.0,131.04,Wonyoung,0.9999308586120605,Wonyoung,[1.000],"[0.000, 0.000, 0.000, 1.000, 0.000, 0.000, 0.001]"
131.04,131.08,Wonyoung,0.9999516010284424,Wonyoung,[1.000],"[0.000, 0.000, 0.000, 1.000, 0.000, 0.000, 0.001]"
131.08,131.12,Wonyoung,0.9999656677246094,Wonyoung,[1.000],"[0.000, 0.000, 0.000, 1.000, 0.000, 0.000, 0.000]"
131.12,131.16,Wonyoung,0.9999750852584839,Wonyoung,[1.000],"[0.000, 0.000, 0.000, 1.000, 0.000, 0.000, 0.000]"
131.16,131.2,Wonyoung,0.9999815225601196,Wonyoung,[1.000],"[0.000, 0.000, 0.000, 1.000, 0.000, 0.000, 0.000]"
131.2,131.24,Wonyoung,0.999985933303833,Wonyoung,[1.000],"[0.000, 0.000, 0.000, 1.000, 0.000, 0.000, 0.000]"
131.24,131.28,Wonyoung,0.9999890327453613,Wonyoung,[1.000],"[0.000, 0.000, 0.000, 1.000, 0.000, 0.000, 0.000]"
131.28,131.32,Wonyoung,0.9999912977218628,Wonyoung,[1.000],"[0.000, 0.000, 0.000, 1.000, 0.000, 0.000, 0.000]"
131.32,131.36,Wonyoung,0.999992847442627,Wonyoung,[1.000],"[0.000, 0.000, 0.000, 1.000, 0.000, 0.000, 0.000]"
131.36,131.4,Wonyoung,0.9999940395355225,Wonyoung,[1.000],"[0.000, 0.000, 0.000, 1.000, 0.000, 0.000, 0.000]"
131.4,131.44,Wonyoung,0.9999948740005493,Wonyoung,[1.000],"[0.000, 0.000, 0.000, 1.000, 0.000, 0.000, 0.000]"
131.44,131.48,Wonyoung,0.9999954700469971,Wonyoung,[1.000],"[0.000, 0.000, 0.000, 1.000, 0.000, 0.000, 0.000]"
131.48,131.52,Wonyoung,0.9999958276748657,Wonyoung,[1.000],"[0.000, 0.000, 0.000, 1.000, 0.000, 0.000, 0.000]"
131.52,131.56,Wonyoung,0.9999960660934448,Wonyoung,[1.000],"[0.000, 0.000, 0.000, 1.000, 0.000, 0.000, 0.000]"
131.56,131.6,Wonyoung,0.9999963045120239,Wonyoung,[1.000],"[0.000, 0.000, 0.000, 1.000, 0.000, 0.000, 0.000]"
131.6,131.64,Wonyoung,0.9999963045120239,Wonyoung,[1.000],"[0.000, 0.000, 0.000, 1.000, 0.000, 0.000, 0.000]"
131.64,131.68,Wonyoung,0.9999963045120239,Wonyoung,[1.000],"[0.000, 0.000, 0.000, 1.000, 0.000, 0.000, 0.000]"
131.68,131.72,Wonyoung,0.9999961853027344,Wonyoung,[1.000],"[0.000, 0.000, 0.000, 1.000, 0.000, 0.000, 0.000]"
131.72,131.76,Wonyoung,0.9999959468841553,Wonyoung,[1.000],"[0.000, 0.000, 0.000, 1.000, 0.000, 0.000, 0.000]"
131.76,131.8,Wonyoung,0.9999957084655762,Wonyoung,[1.000],"[0.000, 0.000, 0.000, 1.000, 0.000, 0.000, 0.000]"
131.8,131.84,Wonyoung,0.999995231628418,Wonyoung,[1.000],"[0.000, 0.000, 0.000, 1.000, 0.000, 0.000, 0.000]"
131.84,131.88,Wonyoung,0.9999946355819702,Wonyoung,[1.000],"[0.000, 0.000, 0.000, 1.000, 0.000, 0.000, 0.000]"
131.88,131.92,Wonyoung,0.9999938011169434,Wonyoung,[1.000],"[0.000, 0.000, 0.000, 1.000, 0.000, 0.000, 0.000]"
131.92,131.96,Wonyoung,0.9999926090240479,Wonyoung,[1.000],"[0.000, 0.000, 0.000, 1.000, 0.000, 0.000, 0.000]"
131.96,132.0,Wonyoung,0.9999910593032837,Wonyoung,[1.000],"[0.000, 0.000, 0.000, 1.000, 0.000, 0.000, 0.000]"
132.0,132.04,Wonyoung,0.9999887943267822,Wonyoung,[1.000],"[0.000, 0.000, 0.000, 1.000, 0.000, 0.000, 0.000]"
132.04,132.08,Wonyoung,0.9999855756759644,Wonyoung,[1.000],"[0.000, 0.000, 0.000, 1.000, 0.000, 0.000, 0.000]"
132.08,132.12,Wonyoung,0.9999806880950928,Wonyoung,[1.000],"[0.000, 0.000, 0.000, 1.000, 0.000, 0.000, 0.000]"
132.12,132.16,Wonyoung,0.9999731779098511,Wonyoung,[1.000],"[0.000, 0.000, 0.000, 1.000, 0.000, 0.000, 0.000]"
132.16,132.2,Wonyoung,0.9999607801437378,Wonyoung,[1.000],"[0.000, 0.000, 0.000, 1.000, 0.000, 0.000, 0.000]"
132.2,132.24,Wonyoung,0.9999399185180664,Wonyoung,[1.000],"[0.000, 0.000, 0.000, 1.000, 0.000, 0.000, 0.000]"
132.24,132.28,Wonyoung,0.9999024868011475,Wonyoung,[1.000],"[0.000, 0.000, 0.000, 1.000, 0.000, 0.000, 0.000]"
132.28,132.32,Wonyoung,0.999832272529602,Wonyoung,[1.000],"[0.000, 0.000, 0.000, 1.000, 0.000, 0.000, 0.000]"
132.32,132.36,Wonyoung,0.9996935129165649,Wonyoung,[1.000],"[0.000, 0.000, 0.000, 1.000, 0.000, 0.000, 0.000]"
132.36,132.4,Wonyoung,0.9994046688079834,Wonyoung,[0.999],"[0.000, 0.000, 0.000, 0.999, 0.000, 0.000, 0.000]"
132.4,132.44,Wonyoung,0.9987722039222717,Wonyoung,[0.999],"[0.000, 0.000, 0.000, 0.999, 0.000, 0.000, 0.000]"
132.44,132.48,Wonyoung,0.9973177313804626,Wonyoung,[0.997],"[0.000, 0.000, 0.000, 0.997, 0.000, 0.000, 0.000]"
132.48,132.52,Wonyoung,0.9938176274299622,Wonyoung,[0.994],"[0.000, 0.000, 0.000, 0.994, 0.000, 0.001, 0.000]"
132.52,132.56,Wonyoung,0.985064685344696,Wonyoung,[0.985],"[0.000, 0.000, 0.000, 0.985, 0.000, 0.002, 0.000]"
132.56,132.6,Wonyoung,0.9626273512840271,Wonyoung,[0.963],"[0.000, 0.000, 0.000, 0.963, 0.000, 0.005, 0.000]"
132.6,132.64,Wonyoung,0.9058498740196228,Wonyoung,[0.906],"[0.000, 0.000, 0.000, 0.906, 0.000, 0.013, 0.000]"
132.64,132.68,Wonyoung,0.775397777557373,Wonyoung,[0.775],"[0.000, 0.000, 0.000, 0.775, 0.000, 0.032, 0.000]"
132.68,132.72,silence,0.0004250018682796508,,[],"[0.000, 0.000, 0.000, 0.545, 0.000, 0.079, 0.000]"
132.72,132.76,silence,0.00043426090269349515,,[],"[0.000, 0.000, 0.000, 0.286, 0.000, 0.181, 0.000]"
132.76,132.8,silence,0.0004379476886242628,,[],"[0.000, 0.000, 0.000, 0.116, 0.000, 0.362, 0.000]"
132.8,132.84,silence,0.00043494091369211674,,[],"[0.000, 0.000, 0.000, 0.040, 0.000, 0.590, 0.000]"
132.84,132.88,Leeseo,0.7844698429107666,Leeseo,[0.784],"[0.000, 0.000, 0.000, 0.013, 0.000, 0.784, 0.000]"
132.88,132.92,Leeseo,0.9012648463249207,Leeseo,[0.901],"[0.000, 0.000, 0.000, 0.004, 0.000, 0.901, 0.000]"
132.92,132.96,Leeseo,0.9578161835670471,Leeseo,[0.958],"[0.000, 0.000, 0.000, 0.001, 0.000, 0.958, 0.000]"
132.96,133.0,Leeseo,0.9824256896972656,Leeseo,[0.982],"[0.000, 0.000, 0.000, 0.000, 0.000, 0.982, 0.000]"
133.0,133.04,Leeseo,0.9926885962486267,Leeseo,[0.993],"[0.000, 0.000, 0.000, 0.000, 0.000, 0.993, 0.000]"
133.04,133.08,Leeseo,0.9969267249107361,Leeseo,[0.997],"[0.000, 0.000, 0.000, 0.000, 0.000, 0.997, 0.000]"
133.08,133.12,Leeseo,0.9986850619316101,Leeseo,[0.999],"[0.000, 0.000, 0.000, 0.000, 0.000, 0.999, 0.000]"
133.12,133.16,Leeseo,0.9994224309921265,Leeseo,[0.999],"[0.000, 0.000, 0.000, 0.000, 0.000, 0.999, 0.000]"
133.16,133.2,Leeseo,0.9997367262840271,Leeseo,[1.000],"[0.000, 0.000, 0.000, 0.000, 0.000, 1.000, 0.000]"
133.2,133.24,Leeseo,0.9998742341995239,Leeseo,[1.000],"[0.000, 0.000, 0.000, 0.000, 0.000, 1.000, 0.000]"
133.24,133.28,Leeseo,0.9999364614486694,Leeseo,[1.000],"[0.000, 0.000, 0.000, 0.000, 0.000, 1.000, 0.000]"
133.28,133.32,Leeseo,0.9999657869338989,Leeseo,[1.000],"[0.000, 0.000, 0.000, 0.000, 0.000, 1.000, 0.000]"
133.32,133.36,Leeseo,0.9999803304672241,Leeseo,[1.000],"[0.000, 0.000, 0.000, 0.000, 0.000, 1.000, 0.000]"
133.36,133.4,Leeseo,0.9999878406524658,Leeseo,[1.000],"[0.000, 0.000, 0.000, 0.000, 0.000, 1.000, 0.000]"
133.4,133.44,Leeseo,0.9999918937683105,Leeseo,[1.000],"[0.000, 0.000, 0.000, 0.000, 0.000, 1.000, 0.000]"
133.44,133.48,Leeseo,0.999994158744812,Leeseo,[1.000],"[0.000, 0.000, 0.000, 0.000, 0.000, 1.000, 0.000]"
133.48,133.52,Leeseo,0.9999955892562866,Leeseo,[1.000],"[0.000, 0.000, 0.000, 0.000, 0.000, 1.000, 0.000]"
133.52,133.56,Leeseo,0.9999963045120239,Leeseo,[1.000],"[0.000, 0.000, 0.000, 0.000, 0.000, 1.000, 0.000]"
133.56,133.6,Leeseo,0.9999966621398926,Leeseo,[1.000],"[0.000, 0.000, 0.000, 0.000, 0.000, 1.000, 0.000]"
133.6,133.64,Leeseo,0.9999969005584717,Leeseo,[1.000],"[0.000, 0.000, 0.000, 0.000, 0.000, 1.000, 0.000]"
133.64,133.68,Leeseo,0.9999969005584717,Leeseo,[1.000],"[0.000, 0.000, 0.000, 0.000, 0.000, 1.000, 0.000]"
133.68,133.72,Leeseo,0.9999966621398926,Leeseo,[1.000],"[0.000, 0.000, 0.000, 0.000, 0.000, 1.000, 0.000]"
133.72,133.76,Leeseo,0.9999963045120239,Leeseo,[1.000],"[0.000, 0.000, 0.000, 0.000, 0.000, 1.000, 0.000]"
133.76,133.8,Leeseo,0.9999958276748657,Leeseo,[1.000],"[0.000, 0.000, 0.000, 0.000, 0.000, 1.000, 0.000]"
133.8,133.84,Leeseo,0.9999951124191284,Leeseo,[1.000],"[0.000, 0.000, 0.000, 0.000, 0.000, 1.000, 0.000]"
133.84,133.88,Leeseo,0.9999943971633911,Leeseo,[1.000],"[0.000, 0.000, 0.000, 0.000, 0.000, 1.000, 0.000]"
133.88,133.92,Leeseo,0.9999933242797852,Leeseo,[1.000],"[0.000, 0.000, 0.000, 0.000, 0.000, 1.000, 0.000]"
133.92,133.96,Leeseo,0.9999922513961792,Leeseo,[1.000],"[0.000, 0.000, 0.000, 0.000, 0.000, 1.000, 0.000]"
133.96,134.0,Leeseo,0.9999909400939941,Leeseo,[1.000],"[0.000, 0.000, 0.000, 0.000, 0.000, 1.000, 0.000]"
134.0,134.04,Leeseo,0.9999895095825195,Leeseo,[1.000],"[0.000, 0.000, 0.000, 0.000, 0.000, 1.000, 0.000]"
134.04,134.08,Leeseo,0.9999878406524658,Leeseo,[1.000],"[0.000, 0.000, 0.000, 0.000, 0.000, 1.000, 0.000]"
134.08,134.12,Leeseo,0.9999862909317017,Leeseo,[1.000],"[0.000, 0.000, 0.000, 0.000, 0.000, 1.000, 0.000]"
134.12,134.16,Leeseo,0.9999845027923584,Leeseo,[1.000],"[0.000, 0.000, 0.000, 0.000, 0.000, 1.000, 0.000]"
134.16,134.2,Leeseo,0.9999828338623047,Leeseo,[1.000],"[0.000, 0.000, 0.000, 0.000, 0.000, 1.000, 0.000]"
134.2,134.24,Leeseo,0.9999812841415405,Leeseo,[1.000],"[0.000, 0.000, 0.000, 0.000, 0.000, 1.000, 0.000]"
134.24,134.28,Leeseo,0.9999797344207764,Leeseo,[1.000],"[0.000, 0.000, 0.000, 0.000, 0.000, 1.000, 0.000]"
134.28,134.32,Leeseo,0.9999784231185913,Leeseo,[1.000],"[0.000, 0.000, 0.000, 0.000, 0.000, 1.000, 0.000]"
134.32,134.36,Leeseo,0.9999774694442749,Leeseo,[1.000],"[0.000, 0.000, 0.000, 0.000, 0.000, 1.000, 0.000]"
134.36,134.4,Leeseo,0.9999768733978271,Leeseo,[1.000],"[0.000, 0.000, 0.000, 0.000, 0.000, 1.000, 0.000]"
134.4,134.44,Leeseo,0.999976634979248,Leeseo,[1.000],"[0.000, 0.000, 0.000, 0.000, 0.000, 1.000, 0.000]"
134.44,134.48,Leeseo,0.9999768733978271,Leeseo,[1.000],"[0.000, 0.000, 0.000, 0.000, 0.000, 1.000, 0.000]"
134.48,134.52,Leeseo,0.9999773502349854,Leeseo,[1.000],"[0.000, 0.000, 0.000, 0.000, 0.000, 1.000, 0.000]"
134.52,134.56,Leeseo,0.9999781847000122,Leeseo,[1.000],"[0.000, 0.000, 0.000, 0.000, 0.000, 1.000, 0.000]"
134.56,134.6,Leeseo,0.9999792575836182,Leeseo,[1.000],"[0.000, 0.000, 0.000, 0.000, 0.000, 1.000, 0.000]"
134.6,134.64,Leeseo,0.9999803304672241,Leeseo,[1.000],"[0.000, 0.000, 0.000, 0.000, 0.000, 1.000, 0.000]"
134.64,134.68,Leeseo,0.9999815225601196,Leeseo,[1.000],"[0.000, 0.000, 0.000, 0.000, 0.000, 1.000, 0.000]"
134.68,134.72,Leeseo,0.9999827146530151,Leeseo,[1.000],"[0.000, 0.000, 0.000, 0.000, 0.000, 1.000, 0.000]"
134.72,134.76,Leeseo,0.9999836683273315,Leeseo,[1.000],"[0.000, 0.000, 0.000, 0.000, 0.000, 1.000, 0.000]"
134.76,134.8,Leeseo,0.9999843835830688,Leeseo,[1.000],"[0.000, 0.000, 0.000, 0.000, 0.000, 1.000, 0.000]"
134.8,134.84,Leeseo,0.9999847412109375,Leeseo,[1.000],"[0.000, 0.000, 0.000, 0.000, 0.000, 1.000, 0.000]"
134.84,134.88,Leeseo,0.9999847412109375,Leeseo,[1.000],"[0.000, 0.000, 0.000, 0.000, 0.000, 1.000, 0.000]"
134.88,134.92,Leeseo,0.9999843835830688,Leeseo,[1.000],"[0.000, 0.000, 0.000, 0.000, 0.000, 1.000, 0.000]"
134.92,134.96,Leeseo,0.9999833106994629,Leeseo,[1.000],"[0.000, 0.000, 0.000, 0.000, 0.000, 1.000, 0.000]"
134.96,135.0,Leeseo,0.9999815225601196,Leeseo,[1.000],"[0.000, 0.000, 0.000, 0.000, 0.000, 1.000, 0.000]"
135.0,135.04,Leeseo,0.99997878074646,Leeseo,[1.000],"[0.000, 0.000, 0.000, 0.000, 0.000, 1.000, 0.000]"
135.04,135.08,Leeseo,0.9999743700027466,Leeseo,[1.000],"[0.000, 0.000, 0.000, 0.000, 0.000, 1.000, 0.000]"
135.08,135.12,Leeseo,0.9999675750732422,Leeseo,[1.000],"[0.000, 0.000, 0.000, 0.000, 0.000, 1.000, 0.000]"
135.12,135.16,Leeseo,0.9999568462371826,Leeseo,[1.000],"[0.000, 0.000, 0.000, 0.000, 0.000, 1.000, 0.000]"
135.16,135.2,Leeseo,0.9999395608901978,Leeseo,[1.000],"[0.000, 0.000, 0.000, 0.000, 0.000, 1.000, 0.000]"
135.2,135.24,Leeseo,0.9999111890792847,Leeseo,[1.000],"[0.000, 0.000, 0.000, 0.000, 0.000, 1.000, 0.000]"
135.24,135.28,Leeseo,0.9998636245727539,Leeseo,[1.000],"[0.000, 0.000, 0.000, 0.000, 0.000, 1.000, 0.000]"
135.28,135.32,Leeseo,0.9997815489768982,Leeseo,[1.000],"[0.000, 0.000, 0.000, 0.000, 0.000, 1.000, 0.000]"
135.32,135.36,Leeseo,0.9996355772018433,Leeseo,[1.000],"[0.000, 0.000, 0.000, 0.000, 0.000, 1.000, 0.000]"
135.36,135.4,Leeseo,0.9993670582771301,Leeseo,[0.999],"[0.000, 0.000, 0.000, 0.000, 0.000, 0.999, 0.000]"
135.4,135.44,Leeseo,0.9988558292388916,Leeseo,[0.999],"[0.000, 0.000, 0.000, 0.000, 0.000, 0.999, 0.000]"
135.44,135.48,Leeseo,0.9978487491607666,Leeseo,[0.998],"[0.000, 0.000, 0.000, 0.000, 0.000, 0.998, 0.000]"
135.48,135.52,Leeseo,0.9958001971244812,Leeseo,[0.996],"[0.000, 0.000, 0.000, 0.000, 0.000, 0.996, 0.000]"
135.52,135.56,Leeseo,0.9915129542350769,Leeseo,[0.992],"[0.000, 0.000, 0.000, 0.000, 0.000, 0.992, 0.001]"
135.56,135.6,Leeseo,0.9823504686355591,Leeseo,[0.982],"[0.000, 0.000, 0.000, 0.000, 0.000, 0.982, 0.001]"
135.6,135.64,Leeseo,0.9626235961914062,Leeseo,[0.963],"[0.000, 0.000, 0.000, 0.000, 0.000, 0.963, 0.002]"
135.64,135.68,Leeseo,0.9207490086555481,Leeseo,[0.921],"[0.000, 0.000, 0.000, 0.000, 0.000, 0.921, 0.003]"
135.68,135.72,Leeseo,0.8368053436279297,Leeseo,[0.837],"[0.000, 0.000, 0.000, 0.000, 0.000, 0.837, 0.006]"
135.72,135.76,Leeseo,0.6897623538970947,Leeseo,[0.690],"[0.000, 0.000, 0.000, 0.000, 0.000, 0.690, 0.012]"
135.76,135.8,silence,0.022452091798186302,,[],"[0.000, 0.000, 0.000, 0.000, 0.000, 0.488, 0.022]"
135.8,135.84,silence,0.043066151440143585,,[],"[0.000, 0.000, 0.000, 0.000, 0.000, 0.289, 0.043]"
135.84,135.88,silence,0.0813424214720726,,[],"[0.000, 0.000, 0.000, 0.000, 0.000, 0.149, 0.081]"
135.88,135.92,silence,0.14795158803462982,,[],"[0.000, 0.000, 0.000, 0.000, 0.000, 0.071, 0.148]"
135.92,135.96,silence,0.2517564594745636,,[],"[0.000, 0.000, 0.000, 0.000, 0.000, 0.033, 0.252]"
135.96,136.0,silence,0.38979122042655945,,[],"[0.000, 0.000, 0.000, 0.000, 0.000, 0.016, 0.390]"
136.0,136.04,silence,0.5410847067832947,,[],"[0.000, 0.000, 0.000, 0.000, 0.000, 0.008, 0.541]"
136.04,136.08,silence,0.67756587266922,silence,[0.678],"[0.000, 0.000, 0.000, 0.000, 0.000, 0.004, 0.678]"
136.08,136.12,silence,0.782170832157135,silence,[0.782],"[0.000, 0.000, 0.000, 0.000, 0.000, 0.002, 0.782]"
136.12,136.16,silence,0.8536562919616699,silence,[0.854],"[0.000, 0.000, 0.000, 0.000, 0.000, 0.002, 0.854]"
136.16,136.2,silence,0.8993682265281677,silence,[0.899],"[0.000, 0.000, 0.000, 0.000, 0.000, 0.001, 0.899]"
136.2,136.24,silence,0.9276522397994995,silence,[0.928],"[0.000, 0.000, 0.000, 0.000, 0.000, 0.001, 0.928]"
136.24,136.28,silence,0.944826066493988,silence,[0.945],"[0.000, 0.000, 0.000, 0.000, 0.000, 0.001, 0.945]"
136.28,136.32,silence,0.9549461603164673,silence,[0.955],"[0.000, 0.000, 0.000, 0.000, 0.000, 0.001, 0.955]"
136.32,136.36,silence,0.960370659828186,silence,[0.960],"[0.000, 0.000, 0.000, 0.000, 0.000, 0.001, 0.960]"
136.36,136.4,silence,0.9622977375984192,silence,[0.962],"[0.000, 0.000, 0.000, 0.000, 0.000, 0.001, 0.962]"
136.4,136.44,silence,0.96109539270401,silence,[0.961],"[0.000, 0.000, 0.000, 0.000, 0.000, 0.001, 0.961]"
136.44,136.48,silence,0.9563716053962708,silence,[0.956],"[0.000, 0.000, 0.000, 0.000, 0.000, 0.001, 0.956]"
136.48,136.52,silence,0.946799099445343,silence,[0.947],"[0.000, 0.000, 0.000, 0.000, 0.000, 0.003, 0.947]"
136.52,136.56,silence,0.9295875430107117,silence,[0.930],"[0.000, 0.000, 0.000, 0.000, 0.000, 0.005, 0.930]"
136.56,136.6,silence,0.8994593620300293,silence,[0.899],"[0.000, 0.000, 0.000, 0.000, 0.000, 0.010, 0.899]"
136.6,136.64,silence,0.8472177386283875,silence,[0.847],"[0.000, 0.000, 0.000, 0.000, 0.000, 0.025, 0.847]"
136.64,136.68,silence,0.7593135833740234,silence,[0.759],"[0.000, 0.000, 0.000, 0.000, 0.000, 0.066, 0.759]"
136.68,136.72,silence,0.6234106421470642,silence,[0.623],"[0.000, 0.000, 0.000, 0.000, 0.000, 0.177, 0.623]"
136.72,136.76,silence,0.44666051864624023,,[],"[0.000, 0.000, 0.000, 0.000, 0.000, 0.421, 0.447]"
136.76,136.8,Leeseo,0.729245662689209,Leeseo,[0.729],"[0.000, 0.000, 0.000, 0.000, 0.000, 0.729, 0.270]"
136.8,136.84,Leeseo,0.9149906635284424,Leeseo,[0.915],"[0.000, 0.000, 0.000, 0.000, 0.000, 0.915, 0.138]"
136.84,136.88,Leeseo,0.9786105155944824,Leeseo,[0.979],"[0.000, 0.000, 0.000, 0.000, 0.000, 0.979, 0.062]"
136.88,136.92,Leeseo,0.9951239228248596,Leeseo,[0.995],"[0.000, 0.000, 0.000, 0.000, 0.000, 0.995, 0.026]"
136.92,136.96,Leeseo,0.9989407658576965,Leeseo,[0.999],"[0.000, 0.000, 0.000, 0.000, 0.000, 0.999, 0.010]"
136.96,137.0,Leeseo,0.9997757077217102,Leeseo,[1.000],"[0.000, 0.000, 0.000, 0.000, 0.000, 1.000, 0.004]"
137.0,137.04,Leeseo,0.999953031539917,Leeseo,[1.000],"[0.000, 0.000, 0.000, 0.000, 0.000, 1.000, 0.001]"
137.04,137.08,Leeseo,0.9999901056289673,Leeseo,[1.000],"[0.000, 0.000, 0.000, 0.000, 0.000, 1.000, 0.001]"
137.08,137.12,Leeseo,0.9999978542327881,Leeseo,[1.000],"[0.000, 0.000, 0.000, 0.000, 0.000, 1.000, 0.000]"
137.12,137.16,Leeseo,0.9999995231628418,Leeseo,[1.000],"[0.000, 0.000, 0.000, 0.000, 0.000, 1.000, 0.000]"
137.16,137.2,Leeseo,0.9999998807907104,Leeseo,[1.000],"[0.000, 0.000, 0.000, 0.000, 0.000, 1.000, 0.000]"
137.2,137.24,Leeseo,1.0,Leeseo,[1.000],"[0.000, 0.000, 0.000, 0.000, 0.000, 1.000, 0.000]"
137.24,137.28,Leeseo,1.0,Leeseo,[1.000],"[0.000, 0.000, 0.000, 0.000, 0.000, 1.000, 0.000]"
137.28,137.32,Leeseo,1.0,Leeseo,[1.000],"[0.000, 0.000, 0.000, 0.000, 0.000, 1.000, 0.000]"
137.32,137.36,Leeseo,1.0,Leeseo,[1.000],"[0.000, 0.000, 0.000, 0.000, 0.000, 1.000, 0.000]"
137.36,137.4,Leeseo,1.0,Leeseo,[1.000],"[0.000, 0.000, 0.000, 0.000, 0.000, 1.000, 0.000]"
137.4,137.44,Leeseo,1.0,Leeseo,[1.000],"[0.000, 0.000, 0.000, 0.000, 0.000, 1.000, 0.000]"
137.44,137.48,Leeseo,1.0,Leeseo,[1.000],"[0.000, 0.000, 0.000, 0.000, 0.000, 1.000, 0.000]"
137.48,137.52,Leeseo,1.0,Leeseo,[1.000],"[0.000, 0.000, 0.000, 0.000, 0.000, 1.000, 0.000]"
137.52,137.56,Leeseo,1.0,Leeseo,[1.000],"[0.000, 0.000, 0.000, 0.000, 0.000, 1.000, 0.000]"
137.56,137.6,Leeseo,1.0,Leeseo,[1.000],"[0.000, 0.000, 0.000, 0.000, 0.000, 1.000, 0.000]"
137.6,137.64,Leeseo,1.0,Leeseo,[1.000],"[0.000, 0.000, 0.000, 0.000, 0.000, 1.000, 0.000]"
137.64,137.68,Leeseo,1.0,Leeseo,[1.000],"[0.000, 0.000, 0.000, 0.000, 0.000, 1.000, 0.000]"
137.68,137.72,Leeseo,1.0,Leeseo,[1.000],"[0.000, 0.000, 0.000, 0.000, 0.000, 1.000, 0.000]"
137.72,137.76,Leeseo,1.0,Leeseo,[1.000],"[0.000, 0.000, 0.000, 0.000, 0.000, 1.000, 0.000]"
137.76,137.8,Leeseo,1.0,Leeseo,[1.000],"[0.000, 0.000, 0.000, 0.000, 0.000, 1.000, 0.000]"
137.8,137.84,Leeseo,1.0,Leeseo,[1.000],"[0.000, 0.000, 0.000, 0.000, 0.000, 1.000, 0.000]"
137.84,137.88,Leeseo,1.0,Leeseo,[1.000],"[0.000, 0.000, 0.000, 0.000, 0.000, 1.000, 0.000]"
137.88,137.92,Leeseo,1.0,Leeseo,[1.000],"[0.000, 0.000, 0.000, 0.000, 0.000, 1.000, 0.000]"
137.92,137.96,Leeseo,1.0,Leeseo,[1.000],"[0.000, 0.000, 0.000, 0.000, 0.000, 1.000, 0.000]"
137.96,138.0,Leeseo,1.0,Leeseo,[1.000],"[0.000, 0.000, 0.000, 0.000, 0.000, 1.000, 0.000]"
138.0,138.04,Leeseo,1.0,Leeseo,[1.000],"[0.000, 0.000, 0.000, 0.000, 0.000, 1.000, 0.000]"
138.04,138.08,Leeseo,1.0,Leeseo,[1.000],"[0.000, 0.000, 0.000, 0.000, 0.000, 1.000, 0.000]"
138.08,138.12,Leeseo,1.0,Leeseo,[1.000],"[0.000, 0.000, 0.000, 0.000, 0.000, 1.000, 0.000]"
138.12,138.16,Leeseo,1.0,Leeseo,[1.000],"[0.000, 0.000, 0.000, 0.000, 0.000, 1.000, 0.000]"
138.16,138.2,Leeseo,1.0,Leeseo,[1.000],"[0.000, 0.000, 0.000, 0.000, 0.000, 1.000, 0.000]"
138.2,138.24,Leeseo,1.0,Leeseo,[1.000],"[0.000, 0.000, 0.000, 0.000, 0.000, 1.000, 0.000]"
138.24,138.28,Leeseo,1.0,Leeseo,[1.000],"[0.000, 0.000, 0.000, 0.000, 0.000, 1.000, 0.000]"
138.28,138.32,Leeseo,1.0,Leeseo,[1.000],"[0.000, 0.000, 0.000, 0.000, 0.000, 1.000, 0.000]"
138.32,138.36,Leeseo,1.0,Leeseo,[1.000],"[0.000, 0.000, 0.000, 0.000, 0.000, 1.000, 0.000]"
138.36,138.4,Leeseo,1.0,Leeseo,[1.000],"[0.000, 0.000, 0.000, 0.000, 0.000, 1.000, 0.000]"
138.4,138.44,Leeseo,1.0,Leeseo,[1.000],"[0.000, 0.000, 0.000, 0.000, 0.000, 1.000, 0.000]"
138.44,138.48,Leeseo,1.0,Leeseo,[1.000],"[0.000, 0.000, 0.000, 0.000, 0.000, 1.000, 0.000]"
138.48,138.52,Leeseo,1.0,Leeseo,[1.000],"[0.000, 0.000, 0.000, 0.000, 0.000, 1.000, 0.000]"
138.52,138.56,Leeseo,1.0,Leeseo,[1.000],"[0.000, 0.000, 0.000, 0.000, 0.000, 1.000, 0.000]"
138.56,138.6,Leeseo,1.0,Leeseo,[1.000],"[0.000, 0.000, 0.000, 0.000, 0.000, 1.000, 0.000]"
138.6,138.64,Leeseo,1.0,Leeseo,[1.000],"[0.000, 0.000, 0.000, 0.000, 0.000, 1.000, 0.000]"
138.64,138.68,Leeseo,1.0,Leeseo,[1.000],"[0.000, 0.000, 0.000, 0.000, 0.000, 1.000, 0.000]"
138.68,138.72,Leeseo,1.0,Leeseo,[1.000],"[0.000, 0.000, 0.000, 0.000, 0.000, 1.000, 0.000]"
138.72,138.76,Leeseo,1.0,Leeseo,[1.000],"[0.000, 0.000, 0.000, 0.000, 0.000, 1.000, 0.000]"
138.76,138.8,Leeseo,1.0,Leeseo,[1.000],"[0.000, 0.000, 0.000, 0.000, 0.000, 1.000, 0.000]"
138.8,138.84,Leeseo,1.0,Leeseo,[1.000],"[0.000, 0.000, 0.000, 0.000, 0.000, 1.000, 0.000]"
138.84,138.88,Leeseo,1.0,Leeseo,[1.000],"[0.000, 0.000, 0.000, 0.000, 0.000, 1.000, 0.000]"
138.88,138.92,Leeseo,1.0,Leeseo,[1.000],"[0.000, 0.000, 0.000, 0.000, 0.000, 1.000, 0.000]"
138.92,138.96,Leeseo,1.0,Leeseo,[1.000],"[0.000, 0.000, 0.000, 0.000, 0.000, 1.000, 0.000]"
138.96,139.0,Leeseo,1.0,Leeseo,[1.000],"[0.000, 0.000, 0.000, 0.000, 0.000, 1.000, 0.000]"
139.0,139.04,Leeseo,0.9999998807907104,Leeseo,[1.000],"[0.000, 0.000, 0.000, 0.000, 0.000, 1.000, 0.000]"
139.04,139.08,Leeseo,0.9999998807907104,Leeseo,[1.000],"[0.000, 0.000, 0.000, 0.000, 0.000, 1.000, 0.000]"
139.08,139.12,Leeseo,0.9999998807907104,Leeseo,[1.000],"[0.000, 0.000, 0.000, 0.000, 0.000, 1.000, 0.000]"
139.12,139.16,Leeseo,0.9999997615814209,Leeseo,[1.000],"[0.000, 0.000, 0.000, 0.000, 0.000, 1.000, 0.000]"
139.16,139.2,Leeseo,0.9999996423721313,Leeseo,[1.000],"[0.000, 0.000, 0.000, 0.000, 0.000, 1.000, 0.000]"
139.2,139.24,Leeseo,0.9999995231628418,Leeseo,[1.000],"[0.000, 0.000, 0.000, 0.000, 0.000, 1.000, 0.000]"
139.24,139.28,Leeseo,0.9999995231628418,Leeseo,[1.000],"[0.000, 0.000, 0.000, 0.000, 0.000, 1.000, 0.000]"
139.28,139.32,Leeseo,0.9999994039535522,Leeseo,[1.000],"[0.000, 0.000, 0.000, 0.000, 0.000, 1.000, 0.000]"
139.32,139.36,Leeseo,0.9999992847442627,Leeseo,[1.000],"[0.000, 0.000, 0.000, 0.000, 0.000, 1.000, 0.000]"
139.36,139.4,Leeseo,0.9999992847442627,Leeseo,[1.000],"[0.000, 0.000, 0.000, 0.000, 0.000, 1.000, 0.000]"
139.4,139.44,Leeseo,0.9999991655349731,Leeseo,[1.000],"[0.000, 0.000, 0.000, 0.000, 0.000, 1.000, 0.000]"
139.44,139.48,Leeseo,0.9999992847442627,Leeseo,[1.000],"[0.000, 0.000, 0.000, 0.000, 0.000, 1.000, 0.000]"
139.48,139.52,Leeseo,0.9999992847442627,Leeseo,[1.000],"[0.000, 0.000, 0.000, 0.000, 0.000, 1.000, 0.000]"
139.52,139.56,Leeseo,0.9999992847442627,Leeseo,[1.000],"[0.000, 0.000, 0.000, 0.000, 0.000, 1.000, 0.000]"
139.56,139.6,Leeseo,0.9999994039535522,Leeseo,[1.000],"[0.000, 0.000, 0.000, 0.000, 0.000, 1.000, 0.000]"
139.6,139.64,Leeseo,0.9999995231628418,Leeseo,[1.000],"[0.000, 0.000, 0.000, 0.000, 0.000, 1.000, 0.000]"
139.64,139.68,Leeseo,0.9999996423721313,Leeseo,[1.000],"[0.000, 0.000, 0.000, 0.000, 0.000, 1.000, 0.000]"
139.68,139.72,Leeseo,0.9999996423721313,Leeseo,[1.000],"[0.000, 0.000, 0.000, 0.000, 0.000, 1.000, 0.000]"
139.72,139.76,Leeseo,0.9999997615814209,Leeseo,[1.000],"[0.000, 0.000, 0.000, 0.000, 0.000, 1.000, 0.000]"
139.76,139.8,Leeseo,0.9999997615814209,Leeseo,[1.000],"[0.000, 0.000, 0.000, 0.000, 0.000, 1.000, 0.000]"
139.8,139.84,Leeseo,0.9999998807907104,Leeseo,[1.000],"[0.000, 0.000, 0.000, 0.000, 0.000, 1.000, 0.000]"
139.84,139.88,Leeseo,0.9999998807907104,Leeseo,[1.000],"[0.000, 0.000, 0.000, 0.000, 0.000, 1.000, 0.000]"
139.88,139.92,Leeseo,0.9999998807907104,Leeseo,[1.000],"[0.000, 0.000, 0.000, 0.000, 0.000, 1.000, 0.000]"
139.92,139.96,Leeseo,1.0,Leeseo,[1.000],"[0.000, 0.000, 0.000, 0.000, 0.000, 1.000, 0.000]"
139.96,140.0,Leeseo,1.0,Leeseo,[1.000],"[0.000, 0.000, 0.000, 0.000, 0.000, 1.000, 0.000]"
140.0,140.04,Leeseo,1.0,Leeseo,[1.000],"[0.000, 0.000, 0.000, 0.000, 0.000, 1.000, 0.000]"
140.04,140.08,Leeseo,1.0,Leeseo,[1.000],"[0.000, 0.000, 0.000, 0.000, 0.000, 1.000, 0.000]"
140.08,140.12,Leeseo,1.0,Leeseo,[1.000],"[0.000, 0.000, 0.000, 0.000, 0.000, 1.000, 0.000]"
140.12,140.16,Leeseo,1.0,Leeseo,[1.000],"[0.000, 0.000, 0.000, 0.000, 0.000, 1.000, 0.000]"
140.16,140.2,Leeseo,1.0,Leeseo,[1.000],"[0.000, 0.000, 0.000, 0.000, 0.000, 1.000, 0.000]"
140.2,140.24,Leeseo,1.0,Leeseo,[1.000],"[0.000, 0.000, 0.000, 0.000, 0.000, 1.000, 0.000]"
140.24,140.28,Leeseo,1.0,Leeseo,[1.000],"[0.000, 0.000, 0.000, 0.000, 0.000, 1.000, 0.000]"
140.28,140.32,Leeseo,1.0,Leeseo,[1.000],"[0.000, 0.000, 0.000, 0.000, 0.000, 1.000, 0.000]"
140.32,140.36,Leeseo,1.0,Leeseo,[1.000],"[0.000, 0.000, 0.000, 0.000, 0.000, 1.000, 0.000]"
140.36,140.4,Leeseo,1.0,Leeseo,[1.000],"[0.000, 0.000, 0.000, 0.000, 0.000, 1.000, 0.000]"
140.4,140.44,Leeseo,1.0,Leeseo,[1.000],"[0.000, 0.000, 0.000, 0.000, 0.000, 1.000, 0.000]"
140.44,140.48,Leeseo,1.0,Leeseo,[1.000],"[0.000, 0.000, 0.000, 0.000, 0.000, 1.000, 0.000]"
140.48,140.52,Leeseo,1.0,Leeseo,[1.000],"[0.000, 0.000, 0.000, 0.000, 0.000, 1.000, 0.000]"
140.52,140.56,Leeseo,1.0,Leeseo,[1.000],"[0.000, 0.000, 0.000, 0.000, 0.000, 1.000, 0.000]"
140.56,140.6,Leeseo,1.0,Leeseo,[1.000],"[0.000, 0.000, 0.000, 0.000, 0.000, 1.000, 0.000]"
140.6,140.64,Leeseo,1.0,Leeseo,[1.000],"[0.000, 0.000, 0.000, 0.000, 0.000, 1.000, 0.000]"
140.64,140.68,Leeseo,1.0,Leeseo,[1.000],"[0.000, 0.000, 0.000, 0.000, 0.000, 1.000, 0.000]"
140.68,140.72,Leeseo,0.9999998807907104,Leeseo,[1.000],"[0.000, 0.000, 0.000, 0.000, 0.000, 1.000, 0.000]"
140.72,140.76,Leeseo,0.9999998807907104,Leeseo,[1.000],"[0.000, 0.000, 0.000, 0.000, 0.000, 1.000, 0.000]"
140.76,140.8,Leeseo,0.9999997615814209,Leeseo,[1.000],"[0.000, 0.000, 0.000, 0.000, 0.000, 1.000, 0.000]"
140.8,140.84,Leeseo,0.9999995231628418,Leeseo,[1.000],"[0.000, 0.000, 0.000, 0.000, 0.000, 1.000, 0.000]"
140.84,140.88,Leeseo,0.9999991655349731,Leeseo,[1.000],"[0.000, 0.000, 0.000, 0.000, 0.000, 1.000, 0.000]"
140.88,140.92,Leeseo,0.9999983310699463,Leeseo,[1.000],"[0.000, 0.000, 0.000, 0.000, 0.000, 1.000, 0.000]"
140.92,140.96,Leeseo,0.9999969005584717,Leeseo,[1.000],"[0.000, 0.000, 0.000, 0.000, 0.000, 1.000, 0.000]"
140.96,141.0,Leeseo,0.9999940395355225,Leeseo,[1.000],"[0.000, 0.000, 0.000, 0.000, 0.000, 1.000, 0.001]"
141.0,141.04,Leeseo,0.9999885559082031,Leeseo,[1.000],"[0.000, 0.000, 0.000, 0.000, 0.000, 1.000, 0.001]"
141.04,141.08,Leeseo,0.9999785423278809,Leeseo,[1.000],"[0.000, 0.000, 0.000, 0.000, 0.000, 1.000, 0.001]"
141.08,141.12,Leeseo,0.99996018409729,Leeseo,[1.000],"[0.000, 0.000, 0.000, 0.000, 0.000, 1.000, 0.001]"
141.12,141.16,Leeseo,0.9999279975891113,Leeseo,[1.000],"[0.000, 0.000, 0.000, 0.000, 0.000, 1.000, 0.001]"
141.16,141.2,Leeseo,0.9998737573623657,Leeseo,[1.000],"[0.000, 0.000, 0.000, 0.000, 0.001, 1.000, 0.002]"
141.2,141.24,Leeseo,0.9997866749763489,Leeseo,[1.000],"[0.000, 0.000, 0.000, 0.000, 0.002, 1.000, 0.002]"
141.24,141.28,Leeseo,0.9996527433395386,Leeseo,[1.000],"[0.000, 0.000, 0.000, 0.000, 0.004, 1.000, 0.002]"
141.28,141.32,Leeseo,0.999455988407135,Leeseo,[0.999],"[0.000, 0.000, 0.000, 0.000, 0.007, 0.999, 0.003]"
141.32,141.36,Leeseo,0.9991807341575623,Leeseo,[0.999],"[0.000, 0.000, 0.000, 0.000, 0.012, 0.999, 0.003]"
141.36,141.4,Leeseo,0.9988148212432861,Leeseo,[0.999],"[0.000, 0.000, 0.000, 0.000, 0.022, 0.999, 0.003]"
141.4,141.44,Leeseo,0.9983516931533813,Leeseo,[0.998],"[0.000, 0.000, 0.000, 0.000, 0.039, 0.998, 0.003]"
141.44,141.48,Leeseo,0.9978002905845642,Leeseo,[0.998],"[0.000, 0.000, 0.000, 0.000, 0.065, 0.998, 0.003]"
141.48,141.52,Leeseo,0.997184693813324,Leeseo,[0.997],"[0.000, 0.000, 0.000, 0.000, 0.103, 0.997, 0.003]"
141.52,141.56,Leeseo,0.9965375661849976,Leeseo,[0.997],"[0.000, 0.000, 0.000, 0.000, 0.155, 0.997, 0.003]"
141.56,141.6,Leeseo,0.995893120765686,Leeseo,[0.996],"[0.000, 0.000, 0.000, 0.000, 0.219, 0.996, 0.003]"
141.6,141.64,Leeseo,0.9952785968780518,Leeseo,[0.995],"[0.000, 0.000, 0.000, 0.000, 0.291, 0.995, 0.003]"
141.64,141.68,Leeseo,0.9947082996368408,Leeseo,[0.995],"[0.000, 0.000, 0.000, 0.000, 0.365, 0.995, 0.003]"
141.68,141.72,Leeseo,0.9941734671592712,Leeseo,[0.994],"[0.000, 0.000, 0.000, 0.000, 0.434, 0.994, 0.002]"
141.72,141.76,Leeseo,0.9936357736587524,Leeseo,[0.994],"[0.000, 0.000, 0.000, 0.000, 0.496, 0.994, 0.002]"
141.76,141.8,Leeseo,0.9930360913276672,Leeseo,[0.993],"[0.000, 0.000, 0.000, 0.000, 0.548, 0.993, 0.002]"
141.8,141.84,Leeseo,0.9923011064529419,Leeseo,[0.992],"[0.000, 0.000, 0.000, 0.000, 0.589, 0.992, 0.002]"
141.84,141.88,Leeseo,0.991324782371521,Liz|Leeseo,"[0.621, 0.991]","[0.000, 0.000, 0.000, 0.000, 0.621, 0.991, 0.002]"
141.88,141.92,Leeseo,0.9899759888648987,Liz|Leeseo,"[0.642, 0.990]","[0.000, 0.000, 0.000, 0.000, 0.642, 0.990, 0.002]"
141.92,141.96,Leeseo,0.9880542159080505,Liz|Leeseo,"[0.656, 0.988]","[0.000, 0.000, 0.000, 0.000, 0.656, 0.988, 0.002]"
141.96,142.0,Leeseo,0.9852573275566101,Liz|Leeseo,"[0.661, 0.985]","[0.000, 0.000, 0.000, 0.000, 0.661, 0.985, 0.002]"
142.0,142.04,Leeseo,0.9810667037963867,Liz|Leeseo,"[0.659, 0.981]","[0.000, 0.000, 0.000, 0.000, 0.659, 0.981, 0.002]"
142.04,142.08,Leeseo,0.9746339321136475,Liz|Leeseo,"[0.648, 0.975]","[0.000, 0.000, 0.000, 0.000, 0.648, 0.975, 0.002]"
142.08,142.12,Leeseo,0.964597761631012,Liz|Leeseo,"[0.628, 0.965]","[0.000, 0.000, 0.000, 0.000, 0.628, 0.965, 0.002]"
142.12,142.16,Leeseo,0.9486594200134277,Liz|Leeseo,"[0.599, 0.949]","[0.000, 0.001, 0.000, 0.000, 0.599, 0.949, 0.003]"
142.16,142.2,Leeseo,0.9230491518974304,Leeseo,[0.923],"[0.000, 0.001, 0.000, 0.000, 0.561, 0.923, 0.003]"
142.2,142.24,Leeseo,0.8818072080612183,Leeseo,[0.882],"[0.000, 0.001, 0.000, 0.000, 0.514, 0.882, 0.004]"
142.24,142.28,Leeseo,0.8166030645370483,Leeseo,[0.817],"[0.000, 0.001, 0.000, 0.000, 0.459, 0.817, 0.005]"
142.28,142.32,Leeseo,0.7186612486839294,Leeseo,[0.719],"[0.000, 0.001, 0.000, 0.000, 0.397, 0.719, 0.006]"
142.32,142.36,Leeseo,0.585101306438446,Leeseo,[0.585],"[0.000, 0.001, 0.000, 0.000, 0.332, 0.585, 0.008]"
142.36,142.4,silence,0.009729256853461266,,[],"[0.000, 0.001, 0.000, 0.000, 0.266, 0.429, 0.010]"
142.4,142.44,silence,0.01214386336505413,,[],"[0.000, 0.001, 0.000, 0.000, 0.203, 0.279, 0.012]"
142.44,142.48,silence,0.015061141923069954,,[],"[0.000, 0.001, 0.000, 0.000, 0.149, 0.161, 0.015]"
142.48,142.52,silence,0.01848408207297325,,[],"[0.000, 0.002, 0.000, 0.000, 0.103, 0.085, 0.018]"
142.52,142.56,silence,0.022360647097229958,,[],"[0.000, 0.002, 0.000, 0.000, 0.068, 0.042, 0.022]"
142.56,142.6,silence,0.026572784408926964,,[],"[0.000, 0.002, 0.000, 0.000, 0.043, 0.020, 0.027]"
142.6,142.64,silence,0.030951306223869324,,[],"[0.000, 0.003, 0.000, 0.000, 0.026, 0.009, 0.031]"
142.64,142.68,silence,0.03524439036846161,,[],"[0.000, 0.005, 0.000, 0.000, 0.015, 0.004, 0.035]"
142.68,142.72,silence,0.03915960341691971,,[],"[0.000, 0.007, 0.000, 0.000, 0.008, 0.002, 0.039]"
142.72,142.76,silence,0.04240327328443527,,[],"[0.000, 0.012, 0.000, 0.000, 0.004, 0.001, 0.042]"
142.76,142.8,silence,0.04468748718500137,,[],"[0.000, 0.019, 0.000, 0.000, 0.002, 0.000, 0.045]"
142.8,142.84,silence,0.04581548646092415,,[],"[0.000, 0.033, 0.000, 0.000, 0.001, 0.000, 0.046]"
142.84,142.88,silence,0.04570695385336876,,[],"[0.000, 0.059, 0.000, 0.000, 0.001, 0.000, 0.046]"
142.88,142.92,silence,0.04440782964229584,,[],"[0.000, 0.107, 0.000, 0.000, 0.000, 0.000, 0.044]"
142.92,142.96,silence,0.042050641030073166,,[],"[0.000, 0.189, 0.000, 0.000, 0.000, 0.000, 0.042]"
142.96,143.0,silence,0.03883496671915054,,[],"[0.000, 0.317, 0.000, 0.000, 0.000, 0.000, 0.039]"
143.0,143.04,silence,0.035015977919101715,,[],"[0.000, 0.486, 0.000, 0.000, 0.000, 0.000, 0.035]"
143.04,143.08,Yujin,0.6619762182235718,Yujin,[0.662],"[0.000, 0.662, 0.000, 0.000, 0.000, 0.000, 0.031]"
143.08,143.12,Yujin,0.8035368323326111,Yujin,[0.804],"[0.000, 0.804, 0.000, 0.000, 0.000, 0.000, 0.027]"
143.12,143.16,Yujin,0.8956292867660522,Yujin,[0.896],"[0.000, 0.896, 0.000, 0.000, 0.000, 0.000, 0.022]"
143.16,143.2,Yujin,0.9474166631698608,Yujin,[0.947],"[0.000, 0.947, 0.000, 0.000, 0.000, 0.000, 0.019]"
143.2,143.24,Yujin,0.974149763584137,Yujin,[0.974],"[0.000, 0.974, 0.000, 0.000, 0.000, 0.000, 0.015]"
143.24,143.28,Yujin,0.987349808216095,Yujin,[0.987],"[0.000, 0.987, 0.000, 0.000, 0.000, 0.000, 0.012]"
143.28,143.32,Yujin,0.993746280670166,Yujin,[0.994],"[0.000, 0.994, 0.000, 0.000, 0.000, 0.000, 0.010]"
143.32,143.36,Yujin,0.9968441724777222,Yujin,[0.997],"[0.000, 0.997, 0.000, 0.000, 0.000, 0.000, 0.008]"
143.36,143.4,Yujin,0.9983605742454529,Yujin,[0.998],"[0.000, 0.998, 0.000, 0.000, 0.000, 0.000, 0.006]"
143.4,143.44,Yujin,0.999116837978363,Yujin,[0.999],"[0.000, 0.999, 0.000, 0.000, 0.000, 0.000, 0.005]"
143.44,143.48,Yujin,0.9995040893554688,Yujin,[1.000],"[0.000, 1.000, 0.000, 0.000, 0.000, 0.000, 0.004]"
143.48,143.52,Yujin,0.9997081160545349,Yujin,[1.000],"[0.000, 1.000, 0.000, 0.000, 0.000, 0.000, 0.003]"
143.52,143.56,Yujin,0.9998192191123962,Yujin,[1.000],"[0.000, 1.000, 0.000, 0.000, 0.000, 0.000, 0.002]"
143.56,143.6,Yujin,0.9998815059661865,Yujin,[1.000],"[0.000, 1.000, 0.000, 0.000, 0.000, 0.000, 0.002]"
143.6,143.64,Yujin,0.9999176263809204,Yujin,[1.000],"[0.000, 1.000, 0.000, 0.000, 0.000, 0.000, 0.002]"
143.64,143.68,Yujin,0.99993896484375,Yujin,[1.000],"[0.000, 1.000, 0.000, 0.000, 0.000, 0.000, 0.002]"
143.68,143.72,Yujin,0.9999518394470215,Yujin,[1.000],"[0.000, 1.000, 0.000, 0.000, 0.000, 0.000, 0.002]"
143.72,143.76,Yujin,0.9999594688415527,Yujin,[1.000],"[0.000, 1.000, 0.000, 0.000, 0.000, 0.000, 0.001]"
143.76,143.8,Yujin,0.9999637603759766,Yujin,[1.000],"[0.000, 1.000, 0.000, 0.000, 0.000, 0.000, 0.001]"
143.8,143.84,Yujin,0.9999656677246094,Yujin,[1.000],"[0.000, 1.000, 0.000, 0.000, 0.000, 0.000, 0.001]"
143.84,143.88,Yujin,0.9999655485153198,Yujin,[1.000],"[0.000, 1.000, 0.000, 0.000, 0.000, 0.000, 0.002]"
143.88,143.92,Yujin,0.9999637603759766,Yujin,[1.000],"[0.000, 1.000, 0.000, 0.000, 0.000, 0.000, 0.002]"
143.92,143.96,Yujin,0.9999599456787109,Yujin,[1.000],"[0.000, 1.000, 0.000, 0.000, 0.000, 0.000, 0.002]"
143.96,144.0,Yujin,0.9999538660049438,Yujin,[1.000],"[0.000, 1.000, 0.000, 0.000, 0.000, 0.000, 0.002]"
144.0,144.04,Yujin,0.9999451637268066,Yujin,[1.000],"[0.000, 1.000, 0.000, 0.000, 0.000, 0.000, 0.003]"
144.04,144.08,Yujin,0.9999330043792725,Yujin,[1.000],"[0.000, 1.000, 0.000, 0.000, 0.000, 0.000, 0.003]"
144.08,144.12,Yujin,0.999916672706604,Yujin,[1.000],"[0.000, 1.000, 0.000, 0.000, 0.000, 0.000, 0.004]"
144.12,144.16,Yujin,0.9998950958251953,Yujin,[1.000],"[0.000, 1.000, 0.000, 0.000, 0.000, 0.000, 0.005]"
144.16,144.2,Yujin,0.9998672008514404,Yujin,[1.000],"[0.000, 1.000, 0.000, 0.000, 0.000, 0.000, 0.006]"
144.2,144.24,Yujin,0.9998313188552856,Yujin,[1.000],"[0.000, 1.000, 0.000, 0.000, 0.000, 0.000, 0.007]"
144.24,144.28,Yujin,0.9997853636741638,Yujin,[1.000],"[0.000, 1.000, 0.000, 0.000, 0.000, 0.000, 0.008]"
144.28,144.32,Yujin,0.9997273087501526,Yujin,[1.000],"[0.000, 1.000, 0.000, 0.000, 0.000, 0.000, 0.009]"
144.32,144.36,Yujin,0.99965500831604,Yujin,[1.000],"[0.000, 1.000, 0.000, 0.000, 0.000, 0.000, 0.011]"
144.36,144.4,Yujin,0.9995664954185486,Yujin,[1.000],"[0.000, 1.000, 0.000, 0.000, 0.000, 0.000, 0.013]"
144.4,144.44,Yujin,0.9994603991508484,Yujin,[0.999],"[0.000, 0.999, 0.000, 0.000, 0.000, 0.000, 0.015]"
144.44,144.48,Yujin,0.9993358254432678,Yujin,[0.999],"[0.000, 0.999, 0.000, 0.000, 0.000, 0.000, 0.017]"
144.48,144.52,Yujin,0.9991921782493591,Yujin,[0.999],"[0.000, 0.999, 0.000, 0.000, 0.000, 0.000, 0.018]"
144.52,144.56,Yujin,0.9990298748016357,Yujin,[0.999],"[0.000, 0.999, 0.000, 0.000, 0.000, 0.000, 0.020]"
144.56,144.6,Yujin,0.9988501071929932,Yujin,[0.999],"[0.000, 0.999, 0.000, 0.000, 0.000, 0.000, 0.022]"
144.6,144.64,Yujin,0.9986562728881836,Yujin,[0.999],"[0.000, 0.999, 0.000, 0.000, 0.000, 0.000, 0.023]"
144.64,144.68,Yujin,0.9984532594680786,Yujin,[0.998],"[0.000, 0.998, 0.000, 0.000, 0.000, 0.000, 0.023]"
144.68,144.72,Yujin,0.9982492923736572,Yujin,[0.998],"[0.000, 0.998, 0.000, 0.000, 0.000, 0.000, 0.024]"
144.72,144.76,Yujin,0.9980546236038208,Yujin,[0.998],"[0.000, 0.998, 0.000, 0.000, 0.000, 0.000, 0.023]"
144.76,144.8,Yujin,0.997880220413208,Yujin,[0.998],"[0.000, 0.998, 0.000, 0.000, 0.000, 0.000, 0.023]"
144.8,144.84,Yujin,0.9977366924285889,Yujin,[0.998],"[0.000, 0.998, 0.000, 0.000, 0.000, 0.000, 0.022]"
144.84,144.88,Yujin,0.997632622718811,Yujin,[0.998],"[0.000, 0.998, 0.000, 0.000, 0.000, 0.000, 0.020]"
144.88,144.92,Yujin,0.997572124004364,Yujin,[0.998],"[0.000, 0.998, 0.000, 0.000, 0.000, 0.000, 0.018]"
144.92,144.96,Yujin,0.9975549578666687,Yujin,[0.998],"[0.000, 0.998, 0.000, 0.000, 0.000, 0.000, 0.016]"
144.96,145.0,Yujin,0.9975791573524475,Yujin,[0.998],"[0.000, 0.998, 0.000, 0.000, 0.000, 0.000, 0.015]"
145.0,145.04,Yujin,0.9976436495780945,Yujin,[0.998],"[0.000, 0.998, 0.000, 0.000, 0.000, 0.000, 0.013]"
145.04,145.08,Yujin,0.9977461695671082,Yujin,[0.998],"[0.000, 0.998, 0.000, 0.000, 0.000, 0.000, 0.011]"
145.08,145.12,Yujin,0.9978809952735901,Yujin,[0.998],"[0.000, 0.998, 0.000, 0.000, 0.000, 0.000, 0.009]"
145.12,145.16,Yujin,0.9980411529541016,Yujin,[0.998],"[0.000, 0.998, 0.000, 0.000, 0.000, 0.000, 0.007]"
145.16,145.2,Yujin,0.9982165694236755,Yujin,[0.998],"[0.000, 0.998, 0.000, 0.000, 0.000, 0.000, 0.006]"
145.2,145.24,Yujin,0.9983951449394226,Yujin,[0.998],"[0.000, 0.998, 0.000, 0.000, 0.000, 0.000, 0.005]"
145.24,145.28,Yujin,0.9985687732696533,Yujin,[0.999],"[0.000, 0.999, 0.000, 0.000, 0.000, 0.000, 0.004]"
145.28,145.32,Yujin,0.9987354874610901,Yujin,[0.999],"[0.000, 0.999, 0.000, 0.000, 0.000, 0.000, 0.003]"
145.32,145.36,Yujin,0.9988935589790344,Yujin,[0.999],"[0.000, 0.999, 0.000, 0.000, 0.000, 0.000, 0.002]"
145.36,145.4,Yujin,0.9990392923355103,Yujin,[0.999],"[0.000, 0.999, 0.000, 0.000, 0.000, 0.000, 0.002]"
145.4,145.44,Yujin,0.9991695880889893,Yujin,[0.999],"[0.000, 0.999, 0.000, 0.000, 0.000, 0.000, 0.001]"
145.44,145.48,Yujin,0.9992823004722595,Yujin,[0.999],"[0.000, 0.999, 0.000, 0.000, 0.000, 0.000, 0.001]"
145.48,145.52,Yujin,0.9993771910667419,Yujin,[0.999],"[0.000, 0.999, 0.000, 0.000, 0.000, 0.000, 0.001]"
145.52,145.56,Yujin,0.9994556307792664,Yujin,[0.999],"[0.000, 0.999, 0.000, 0.000, 0.000, 0.000, 0.001]"
145.56,145.6,Yujin,0.9995198249816895,Yujin,[1.000],"[0.000, 1.000, 0.000, 0.000, 0.000, 0.000, 0.000]"
145.6,145.64,Yujin,0.9995724558830261,Yujin,[1.000],"[0.000, 1.000, 0.000, 0.000, 0.000, 0.000, 0.000]"
145.64,145.68,Yujin,0.999614953994751,Yujin,[1.000],"[0.000, 1.000, 0.000, 0.000, 0.000, 0.000, 0.000]"
145.68,145.72,Yujin,0.999648928642273,Yujin,[1.000],"[0.000, 1.000, 0.000, 0.000, 0.000, 0.000, 0.000]"
145.72,145.76,Yujin,0.9996752738952637,Yujin,[1.000],"[0.000, 1.000, 0.000, 0.000, 0.000, 0.000, 0.000]"
145.76,145.8,Yujin,0.9996943473815918,Yujin,[1.000],"[0.000, 1.000, 0.000, 0.000, 0.000, 0.000, 0.000]"
145.8,145.84,Yujin,0.9997069239616394,Yujin,[1.000],"[0.000, 1.000, 0.000, 0.000, 0.000, 0.000, 0.000]"
145.84,145.88,Yujin,0.9997133612632751,Yujin,[1.000],"[0.000, 1.000, 0.000, 0.000, 0.000, 0.000, 0.000]"
145.88,145.92,Yujin,0.9997138381004333,Yujin,[1.000],"[0.000, 1.000, 0.000, 0.000, 0.000, 0.000, 0.000]"
145.92,145.96,Yujin,0.9997087121009827,Yujin,[1.000],"[0.000, 1.000, 0.000, 0.000, 0.000, 0.000, 0.000]"
145.96,146.0,Yujin,0.9996979236602783,Yujin,[1.000],"[0.000, 1.000, 0.000, 0.000, 0.000, 0.000, 0.000]"
146.0,146.04,Yujin,0.9996819496154785,Yujin,[1.000],"[0.000, 1.000, 0.000, 0.000, 0.000, 0.000, 0.000]"
146.04,146.08,Yujin,0.9996610879898071,Yujin,[1.000],"[0.000, 1.000, 0.000, 0.000, 0.000, 0.000, 0.000]"
146.08,146.12,Yujin,0.9996352195739746,Yujin,[1.000],"[0.000, 1.000, 0.000, 0.000, 0.000, 0.000, 0.000]"
146.12,146.16,Yujin,0.9996048808097839,Yujin,[1.000],"[0.000, 1.000, 0.000, 0.000, 0.000, 0.000, 0.000]"
146.16,146.2,Yujin,0.9995715022087097,Yujin,[1.000],"[0.000, 1.000, 0.000, 0.000, 0.000, 0.000, 0.000]"
146.2,146.24,Yujin,0.9995375871658325,Yujin,[1.000],"[0.000, 1.000, 0.000, 0.000, 0.000, 0.000, 0.000]"
146.24,146.28,Yujin,0.9995065927505493,Yujin,[1.000],"[0.000, 1.000, 0.000, 0.000, 0.000, 0.000, 0.000]"
146.28,146.32,Yujin,0.999480664730072,Yujin,[0.999],"[0.000, 0.999, 0.000, 0.000, 0.000, 0.000, 0.000]"
146.32,146.36,Yujin,0.9994609951972961,Yujin,[0.999],"[0.000, 0.999, 0.000, 0.000, 0.000, 0.000, 0.000]"
146.36,146.4,Yujin,0.9994483590126038,Yujin,[0.999],"[0.000, 0.999, 0.000, 0.000, 0.000, 0.000, 0.000]"
146.4,146.44,Yujin,0.999442994594574,Yujin,[0.999],"[0.000, 0.999, 0.000, 0.000, 0.000, 0.000, 0.000]"
146.44,146.48,Yujin,0.9994446635246277,Yujin,[0.999],"[0.000, 0.999, 0.000, 0.000, 0.000, 0.000, 0.000]"
146.48,146.52,Yujin,0.9994527697563171,Yujin,[0.999],"[0.000, 0.999, 0.000, 0.000, 0.000, 0.000, 0.000]"
146.52,146.56,Yujin,0.9994639754295349,Yujin,[0.999],"[0.000, 0.999, 0.000, 0.000, 0.000, 0.000, 0.000]"
146.56,146.6,Yujin,0.99947589635849,Yujin,[0.999],"[0.000, 0.999, 0.000, 0.000, 0.000, 0.000, 0.000]"
146.6,146.64,Yujin,0.9994868040084839,Yujin,[0.999],"[0.000, 0.999, 0.000, 0.000, 0.000, 0.000, 0.000]"
146.64,146.68,Yujin,0.9994968175888062,Yujin,[0.999],"[0.000, 0.999, 0.000, 0.000, 0.000, 0.000, 0.000]"
146.68,146.72,Yujin,0.999506950378418,Yujin,[1.000],"[0.000, 1.000, 0.000, 0.000, 0.000, 0.000, 0.000]"
146.72,146.76,Yujin,0.999518632888794,Yujin,[1.000],"[0.000, 1.000, 0.000, 0.000, 0.000, 0.000, 0.000]"
146.76,146.8,Yujin,0.9995326995849609,Yujin,[1.000],"[0.000, 1.000, 0.000, 0.000, 0.000, 0.000, 0.000]"
146.8,146.84,Yujin,0.9995487332344055,Yujin,[1.000],"[0.000, 1.000, 0.000, 0.000, 0.000, 0.000, 0.001]"
146.84,146.88,Yujin,0.9995670914649963,Yujin,[1.000],"[0.000, 1.000, 0.000, 0.000, 0.000, 0.000, 0.001]"
146.88,146.92,Yujin,0.999588668346405,Yujin,[1.000],"[0.000, 1.000, 0.000, 0.000, 0.000, 0.000, 0.001]"
146.92,146.96,Yujin,0.9996137022972107,Yujin,[1.000],"[0.000, 1.000, 0.000, 0.000, 0.000, 0.000, 0.001]"
146.96,147.0,Yujin,0.9996417760848999,Yujin,[1.000],"[0.000, 1.000, 0.000, 0.000, 0.000, 0.000, 0.001]"
147.0,147.04,Yujin,0.9996722936630249,Yujin,[1.000],"[0.000, 1.000, 0.000, 0.000, 0.000, 0.000, 0.001]"
147.04,147.08,Yujin,0.9997040629386902,Yujin,[1.000],"[0.000, 1.000, 0.000, 0.000, 0.000, 0.000, 0.001]"
147.08,147.12,Yujin,0.9997366070747375,Yujin,[1.000],"[0.000, 1.000, 0.000, 0.000, 0.000, 0.000, 0.001]"
147.12,147.16,Yujin,0.9997690320014954,Yujin,[1.000],"[0.000, 1.000, 0.000, 0.000, 0.000, 0.000, 0.000]"
147.16,147.2,Yujin,0.9998008608818054,Yujin,[1.000],"[0.000, 1.000, 0.000, 0.000, 0.000, 0.000, 0.000]"
147.2,147.24,Yujin,0.9998316764831543,Yujin,[1.000],"[0.000, 1.000, 0.000, 0.000, 0.000, 0.000, 0.000]"
147.24,147.28,Yujin,0.9998611211776733,Yujin,[1.000],"[0.000, 1.000, 0.000, 0.000, 0.000, 0.000, 0.000]"
147.28,147.32,Yujin,0.9998883008956909,Yujin,[1.000],"[0.000, 1.000, 0.000, 0.000, 0.000, 0.000, 0.000]"
147.32,147.36,Yujin,0.9999122619628906,Yujin,[1.000],"[0.000, 1.000, 0.000, 0.000, 0.000, 0.000, 0.000]"
147.36,147.4,Yujin,0.9999330043792725,Yujin,[1.000],"[0.000, 1.000, 0.000, 0.000, 0.000, 0.000, 0.000]"
147.4,147.44,Yujin,0.9999502897262573,Yujin,[1.000],"[0.000, 1.000, 0.000, 0.000, 0.000, 0.000, 0.000]"
147.44,147.48,Yujin,0.9999643564224243,Yujin,[1.000],"[0.000, 1.000, 0.000, 0.000, 0.000, 0.000, 0.000]"
147.48,147.52,Yujin,0.999975323677063,Yujin,[1.000],"[0.000, 1.000, 0.000, 0.000, 0.000, 0.000, 0.000]"
147.52,147.56,Yujin,0.999983549118042,Yujin,[1.000],"[0.000, 1.000, 0.000, 0.000, 0.000, 0.000, 0.000]"
147.56,147.6,Yujin,0.99998939037323,Yujin,[1.000],"[0.000, 1.000, 0.000, 0.000, 0.000, 0.000, 0.000]"
147.6,147.64,Yujin,0.9999934434890747,Yujin,[1.000],"[0.000, 1.000, 0.000, 0.000, 0.000, 0.000, 0.000]"
147.64,147.68,Yujin,0.9999959468841553,Yujin,[1.000],"[0.000, 1.000, 0.000, 0.000, 0.000, 0.000, 0.000]"
147.68,147.72,Yujin,0.999997615814209,Yujin,[1.000],"[0.000, 1.000, 0.000, 0.000, 0.000, 0.000, 0.000]"
147.72,147.76,Yujin,0.9999986886978149,Yujin,[1.000],"[0.000, 1.000, 0.000, 0.000, 0.000, 0.000, 0.000]"
147.76,147.8,Yujin,0.9999992847442627,Yujin,[1.000],"[0.000, 1.000, 0.000, 0.000, 0.000, 0.000, 0.000]"
147.8,147.84,Yujin,0.9999995231628418,Yujin,[1.000],"[0.000, 1.000, 0.000, 0.000, 0.000, 0.000, 0.000]"
147.84,147.88,Yujin,0.9999997615814209,Yujin,[1.000],"[0.000, 1.000, 0.000, 0.000, 0.000, 0.000, 0.000]"
147.88,147.92,Yujin,0.9999998807907104,Yujin,[1.000],"[0.000, 1.000, 0.000, 0.000, 0.000, 0.000, 0.000]"
147.92,147.96,Yujin,0.9999998807907104,Yujin,[1.000],"[0.000, 1.000, 0.000, 0.000, 0.000, 0.000, 0.000]"
147.96,148.0,Yujin,1.0,Yujin,[1.000],"[0.000, 1.000, 0.000, 0.000, 0.000, 0.000, 0.000]"
148.0,148.04,Yujin,1.0,Yujin,[1.000],"[0.000, 1.000, 0.000, 0.000, 0.000, 0.000, 0.000]"
148.04,148.08,Yujin,1.0,Yujin,[1.000],"[0.000, 1.000, 0.000, 0.000, 0.000, 0.000, 0.000]"
148.08,148.12,Yujin,1.0,Yujin,[1.000],"[0.000, 1.000, 0.000, 0.000, 0.000, 0.000, 0.000]"
148.12,148.16,Yujin,1.0,Yujin,[1.000],"[0.000, 1.000, 0.000, 0.000, 0.000, 0.000, 0.000]"
148.16,148.2,Yujin,1.0,Yujin,[1.000],"[0.000, 1.000, 0.000, 0.000, 0.000, 0.000, 0.000]"
148.2,148.24,Yujin,1.0,Yujin,[1.000],"[0.000, 1.000, 0.000, 0.000, 0.000, 0.000, 0.000]"
148.24,148.28,Yujin,1.0,Yujin,[1.000],"[0.000, 1.000, 0.000, 0.000, 0.000, 0.000, 0.000]"
148.28,148.32,Yujin,1.0,Yujin,[1.000],"[0.000, 1.000, 0.000, 0.000, 0.000, 0.000, 0.000]"
148.32,148.36,Yujin,1.0,Yujin,[1.000],"[0.000, 1.000, 0.000, 0.000, 0.000, 0.000, 0.000]"
148.36,148.4,Yujin,1.0,Yujin,[1.000],"[0.000, 1.000, 0.000, 0.000, 0.000, 0.000, 0.000]"
148.4,148.44,Yujin,1.0,Yujin,[1.000],"[0.000, 1.000, 0.000, 0.000, 0.000, 0.000, 0.000]"
148.44,148.48,Yujin,1.0,Yujin,[1.000],"[0.000, 1.000, 0.000, 0.000, 0.000, 0.000, 0.000]"
148.48,148.52,Yujin,1.0,Yujin,[1.000],"[0.000, 1.000, 0.000, 0.000, 0.000, 0.000, 0.000]"
148.52,148.56,Yujin,1.0,Yujin,[1.000],"[0.000, 1.000, 0.000, 0.000, 0.000, 0.000, 0.000]"
148.56,148.6,Yujin,1.0,Yujin,[1.000],"[0.000, 1.000, 0.000, 0.000, 0.000, 0.000, 0.000]"
148.6,148.64,Yujin,1.0,Yujin,[1.000],"[0.000, 1.000, 0.000, 0.000, 0.000, 0.000, 0.000]"
148.64,148.68,Yujin,1.0,Yujin,[1.000],"[0.000, 1.000, 0.000, 0.000, 0.000, 0.000, 0.000]"
148.68,148.72,Yujin,1.0,Yujin,[1.000],"[0.000, 1.000, 0.000, 0.000, 0.000, 0.000, 0.000]"
148.72,148.76,Yujin,1.0,Yujin,[1.000],"[0.000, 1.000, 0.000, 0.000, 0.000, 0.000, 0.000]"
148.76,148.8,Yujin,1.0,Yujin,[1.000],"[0.000, 1.000, 0.000, 0.000, 0.000, 0.000, 0.000]"
148.8,148.84,Yujin,1.0,Yujin,[1.000],"[0.000, 1.000, 0.000, 0.000, 0.000, 0.000, 0.000]"
148.84,148.88,Yujin,1.0,Yujin,[1.000],"[0.000, 1.000, 0.000, 0.000, 0.000, 0.000, 0.000]"
148.88,148.92,Yujin,1.0,Yujin,[1.000],"[0.000, 1.000, 0.000, 0.000, 0.000, 0.000, 0.000]"
148.92,148.96,Yujin,1.0,Yujin,[1.000],"[0.000, 1.000, 0.000, 0.000, 0.000, 0.000, 0.000]"
148.96,149.0,Yujin,1.0,Yujin,[1.000],"[0.000, 1.000, 0.000, 0.000, 0.000, 0.000, 0.000]"
149.0,149.04,Yujin,0.9999998807907104,Yujin,[1.000],"[0.000, 1.000, 0.000, 0.000, 0.000, 0.000, 0.000]"
149.04,149.08,Yujin,0.9999996423721313,Yujin,[1.000],"[0.000, 1.000, 0.000, 0.000, 0.000, 0.000, 0.000]"
149.08,149.12,Yujin,0.9999991655349731,Yujin,[1.000],"[0.000, 1.000, 0.000, 0.000, 0.000, 0.000, 0.000]"
149.12,149.16,Yujin,0.9999977350234985,Yujin,[1.000],"[0.000, 1.000, 0.000, 0.000, 0.000, 0.000, 0.000]"
149.16,149.2,Yujin,0.999994158744812,Yujin,[1.000],"[0.000, 1.000, 0.000, 0.000, 0.000, 0.000, 0.000]"
149.2,149.24,Yujin,0.999984860420227,Yujin,[1.000],"[0.000, 1.000, 0.000, 0.000, 0.000, 0.000, 0.000]"
149.24,149.28,Yujin,0.999961256980896,Yujin,[1.000],"[0.000, 1.000, 0.000, 0.000, 0.000, 0.000, 0.000]"
149.28,149.32,Yujin,0.9999035596847534,Yujin,[1.000],"[0.000, 1.000, 0.000, 0.000, 0.000, 0.000, 0.000]"
149.32,149.36,Yujin,0.9997687935829163,Yujin,[1.000],"[0.000, 1.000, 0.000, 0.000, 0.000, 0.000, 0.001]"
149.36,149.4,Yujin,0.9994686245918274,Yujin,[0.999],"[0.000, 0.999, 0.000, 0.000, 0.000, 0.000, 0.001]"
149.4,149.44,Yujin,0.9988380074501038,Yujin,[0.999],"[0.000, 0.999, 0.000, 0.000, 0.000, 0.000, 0.002]"
149.44,149.48,Yujin,0.9975959658622742,Yujin,[0.998],"[0.000, 0.998, 0.000, 0.000, 0.000, 0.000, 0.003]"
149.48,149.52,Yujin,0.9953140020370483,Yujin,[0.995],"[0.000, 0.995, 0.000, 0.000, 0.000, 0.000, 0.005]"
149.52,149.56,Yujin,0.9914295077323914,Yujin,[0.991],"[0.000, 0.991, 0.000, 0.000, 0.000, 0.000, 0.007]"
149.56,149.6,Yujin,0.985355794429779,Yujin,[0.985],"[0.000, 0.985, 0.000, 0.000, 0.000, 0.000, 0.010]"
149.6,149.64,Yujin,0.9766901135444641,Yujin,[0.977],"[0.000, 0.977, 0.000, 0.000, 0.000, 0.000, 0.014]"
149.64,149.68,Yujin,0.9655587077140808,Yujin,[0.966],"[0.000, 0.966, 0.000, 0.000, 0.000, 0.000, 0.017]"
149.68,149.72,Yujin,0.9527606964111328,Yujin,[0.953],"[0.000, 0.953, 0.000, 0.000, 0.001, 0.000, 0.021]"
149.72,149.76,Yujin,0.9396317005157471,Yujin,[0.940],"[0.000, 0.940, 0.000, 0.000, 0.001, 0.000, 0.024]"
149.76,149.8,Yujin,0.9276778697967529,Yujin,[0.928],"[0.000, 0.928, 0.000, 0.000, 0.001, 0.000, 0.027]"
149.8,149.84,Yujin,0.9180906414985657,Yujin,[0.918],"[0.000, 0.918, 0.000, 0.000, 0.001, 0.000, 0.029]"
149.84,149.88,Yujin,0.9115927815437317,Yujin,[0.912],"[0.000, 0.912, 0.000, 0.000, 0.001, 0.000, 0.030]"
149.88,149.92,Yujin,0.9084651470184326,Yujin,[0.908],"[0.000, 0.908, 0.000, 0.000, 0.001, 0.000, 0.030]"
149.92,149.96,Yujin,0.9085142016410828,Yujin,[0.909],"[0.000, 0.909, 0.000, 0.000, 0.001, 0.000, 0.030]"
149.96,150.0,Yujin,0.9109963178634644,Yujin,[0.911],"[0.000, 0.911, 0.000, 0.000, 0.001, 0.000, 0.028]"
150.0,150.04,Yujin,0.9149987697601318,Yujin,[0.915],"[0.000, 0.915, 0.000, 0.000, 0.001, 0.000, 0.027]"
150.04,150.08,Yujin,0.9196654558181763,Yujin,[0.920],"[0.000, 0.920, 0.000, 0.000, 0.001, 0.000, 0.025]"
150.08,150.12,Yujin,0.9242976307868958,Yujin,[0.924],"[0.000, 0.924, 0.000, 0.000, 0.001, 0.000, 0.023]"
150.12,150.16,Yujin,0.9282795786857605,Yujin,[0.928],"[0.000, 0.928, 0.000, 0.000, 0.001, 0.000, 0.022]"
150.16,150.2,Yujin,0.9311192631721497,Yujin,[0.931],"[0.000, 0.931, 0.000, 0.000, 0.001, 0.000, 0.020]"
150.2,150.24,Yujin,0.9324535727500916,Yujin,[0.932],"[0.000, 0.932, 0.000, 0.000, 0.001, 0.000, 0.019]"
150.24,150.28,Yujin,0.9319673180580139,Yujin,[0.932],"[0.000, 0.932, 0.000, 0.000, 0.001, 0.000, 0.019]"
150.28,150.32,Yujin,0.9292443990707397,Yujin,[0.929],"[0.000, 0.929, 0.000, 0.000, 0.001, 0.000, 0.019]"
150.32,150.36,Yujin,0.9237983226776123,Yujin,[0.924],"[0.000, 0.924, 0.000, 0.000, 0.001, 0.000, 0.019]"
150.36,150.4,Yujin,0.9149137139320374,Yujin,[0.915],"[0.000, 0.915, 0.000, 0.000, 0.001, 0.000, 0.019]"
150.4,150.44,Yujin,0.9014908671379089,Yujin,[0.901],"[0.000, 0.901, 0.000, 0.000, 0.001, 0.000, 0.020]"
150.44,150.48,Yujin,0.8819137215614319,Yujin,[0.882],"[0.000, 0.882, 0.000, 0.000, 0.001, 0.000, 0.022]"
150.48,150.52,Yujin,0.853891134262085,Yujin,[0.854],"[0.000, 0.854, 0.000, 0.000, 0.001, 0.000, 0.025]"
150.52,150.56,Yujin,0.8143686652183533,Yujin,[0.814],"[0.000, 0.814, 0.000, 0.000, 0.001, 0.000, 0.028]"
150.56,150.6,Yujin,0.759704053401947,Yujin,[0.760],"[0.000, 0.760, 0.000, 0.000, 0.001, 0.000, 0.032]"
150.6,150.64,Yujin,0.6869616508483887,Yujin,[0.687],"[0.000, 0.687, 0.000, 0.000, 0.002, 0.000, 0.038]"
150.64,150.68,Yujin,0.5959445238113403,Yujin,[0.596],"[0.000, 0.596, 0.000, 0.000, 0.002, 0.000, 0.044]"
150.68,150.72,silence,0.05197187513113022,,[],"[0.000, 0.491, 0.000, 0.000, 0.003, 0.000, 0.052]"
150.72,150.76,silence,0.06081824377179146,,[],"[0.000, 0.382, 0.000, 0.000, 0.003, 0.000, 0.061]"
150.76,150.8,silence,0.07036622613668442,,[],"[0.000, 0.281, 0.000, 0.000, 0.004, 0.000, 0.070]"
150.8,150.84,silence,0.08009009808301926,,[],"[0.000, 0.195, 0.000, 0.000, 0.006, 0.000, 0.080]"
150.84,150.88,silence,0.08929046243429184,,[],"[0.000, 0.129, 0.000, 0.000, 0.008, 0.000, 0.089]"
150.88,150.92,silence,0.09714027494192123,,[],"[0.000, 0.083, 0.000, 0.000, 0.011, 0.000, 0.097]"
150.92,150.96,silence,0.10293111205101013,,[],"[0.000, 0.052, 0.000, 0.000, 0.017, 0.000, 0.103]"
150.96,151.0,silence,0.10608400404453278,,[],"[0.000, 0.031, 0.000, 0.000, 0.025, 0.000, 0.106]"
151.0,151.04,silence,0.10631626844406128,,[],"[0.001, 0.019, 0.000, 0.000, 0.039, 0.000, 0.106]"
151.04,151.08,silence,0.1035786047577858,,[],"[0.001, 0.011, 0.000, 0.000, 0.061, 0.000, 0.104]"
151.08,151.12,silence,0.09807121753692627,,[],"[0.001, 0.007, 0.000, 0.000, 0.094, 0.000, 0.098]"
151.12,151.16,silence,0.09027310460805893,,[],"[0.001, 0.004, 0.000, 0.000, 0.146, 0.000, 0.090]"
151.16,151.2,silence,0.08089346438646317,,[],"[0.001, 0.002, 0.000, 0.000, 0.220, 0.000, 0.081]"
151.2,151.24,silence,0.07069159299135208,,[],"[0.001, 0.002, 0.000, 0.000, 0.318, 0.000, 0.071]"
151.24,151.28,silence,0.06040098890662193,,[],"[0.002, 0.001, 0.000, 0.000, 0.437, 0.000, 0.060]"
151.28,151.32,silence,0.05060278996825218,,[],"[0.002, 0.001, 0.000, 0.000, 0.563, 0.000, 0.051]"
151.32,151.36,Liz,0.6810852289199829,Liz,[0.681],"[0.002, 0.000, 0.000, 0.000, 0.681, 0.000, 0.042]"
151.36,151.4,Liz,0.7790093421936035,Liz,[0.779],"[0.002, 0.000, 0.000, 0.000, 0.779, 0.000, 0.034]"
151.4,151.44,Liz,0.852511465549469,Liz,[0.853],"[0.002, 0.000, 0.000, 0.000, 0.853, 0.000, 0.027]"
151.44,151.48,Liz,0.9037261009216309,Liz,[0.904],"[0.002, 0.000, 0.000, 0.000, 0.904, 0.000, 0.021]"
151.48,151.52,Liz,0.9377434849739075,Liz,[0.938],"[0.001, 0.000, 0.000, 0.000, 0.938, 0.000, 0.017]"
151.52,151.56,Liz,0.9597309231758118,Liz,[0.960],"[0.001, 0.000, 0.000, 0.000, 0.960, 0.000, 0.013]"
151.56,151.6,Liz,0.9737618565559387,Liz,[0.974],"[0.001, 0.000, 0.000, 0.000, 0.974, 0.000, 0.010]"
151.6,151.64,Liz,0.9826708436012268,Liz,[0.983],"[0.001, 0.000, 0.000, 0.000, 0.983, 0.000, 0.008]"
151.64,151.68,Liz,0.9883484840393066,Liz,[0.988],"[0.001, 0.000, 0.000, 0.000, 0.988, 0.000, 0.007]"
151.68,151.72,Liz,0.9919989705085754,Liz,[0.992],"[0.001, 0.000, 0.000, 0.000, 0.992, 0.000, 0.005]"
151.72,151.76,Liz,0.9943722486495972,Liz,[0.994],"[0.001, 0.000, 0.000, 0.000, 0.994, 0.000, 0.004]"
151.76,151.8,Liz,0.9959312081336975,Liz,[0.996],"[0.001, 0.000, 0.000, 0.000, 0.996, 0.000, 0.004]"
151.8,151.84,Liz,0.9969680905342102,Liz,[0.997],"[0.001, 0.000, 0.000, 0.000, 0.997, 0.000, 0.003]"
151.84,151.88,Liz,0.997666597366333,Liz,[0.998],"[0.001, 0.000, 0.000, 0.000, 0.998, 0.000, 0.003]"
151.88,151.92,Liz,0.9981441497802734,Liz,[0.998],"[0.001, 0.000, 0.000, 0.000, 0.998, 0.000, 0.003]"
151.92,151.96,Liz,0.9984723925590515,Liz,[0.998],"[0.000, 0.000, 0.000, 0.000, 0.998, 0.000, 0.002]"
151.96,152.0,Liz,0.9986961483955383,Liz,[0.999],"[0.000, 0.000, 0.000, 0.000, 0.999, 0.000, 0.002]"
152.0,152.04,Liz,0.9988465309143066,Liz,[0.999],"[0.000, 0.000, 0.000, 0.000, 0.999, 0.000, 0.002]"
152.04,152.08,Liz,0.9989462494850159,Liz,[0.999],"[0.000, 0.000, 0.000, 0.000, 0.999, 0.000, 0.002]"
152.08,152.12,Liz,0.9990097284317017,Liz,[0.999],"[0.000, 0.000, 0.000, 0.000, 0.999, 0.000, 0.003]"
152.12,152.16,Liz,0.999046266078949,Liz,[0.999],"[0.000, 0.000, 0.000, 0.000, 0.999, 0.000, 0.003]"
152.16,152.2,Liz,0.9990622401237488,Liz,[0.999],"[0.000, 0.000, 0.000, 0.000, 0.999, 0.000, 0.003]"
152.2,152.24,Liz,0.9990623593330383,Liz,[0.999],"[0.000, 0.000, 0.000, 0.000, 0.999, 0.000, 0.003]"
152.24,152.28,Liz,0.9990500807762146,Liz,[0.999],"[0.000, 0.000, 0.000, 0.000, 0.999, 0.000, 0.004]"
152.28,152.32,Liz,0.9990295171737671,Liz,[0.999],"[0.000, 0.000, 0.000, 0.000, 0.999, 0.000, 0.004]"
152.32,152.36,Liz,0.999004065990448,Liz,[0.999],"[0.000, 0.000, 0.000, 0.000, 0.999, 0.000, 0.005]"
152.36,152.4,Liz,0.9989781379699707,Liz,[0.999],"[0.000, 0.000, 0.000, 0.000, 0.999, 0.000, 0.006]"
152.4,152.44,Liz,0.9989563226699829,Liz,[0.999],"[0.000, 0.000, 0.000, 0.000, 0.999, 0.000, 0.006]"
152.44,152.48,Liz,0.9989455342292786,Liz,[0.999],"[0.000, 0.000, 0.000, 0.000, 0.999, 0.000, 0.007]"
152.48,152.52,Liz,0.9989500641822815,Liz,[0.999],"[0.000, 0.000, 0.000, 0.000, 0.999, 0.000, 0.008]"
152.52,152.56,Liz,0.9989732503890991,Liz,[0.999],"[0.000, 0.000, 0.000, 0.000, 0.999, 0.000, 0.009]"
152.56,152.6,Liz,0.9990153312683105,Liz,[0.999],"[0.000, 0.000, 0.000, 0.000, 0.999, 0.000, 0.009]"
152.6,152.64,Liz,0.99907386302948,Liz,[0.999],"[0.000, 0.000, 0.000, 0.000, 0.999, 0.000, 0.010]"
152.64,152.68,Liz,0.9991456270217896,Liz,[0.999],"[0.000, 0.000, 0.000, 0.000, 0.999, 0.000, 0.010]"
152.68,152.72,Liz,0.999226450920105,Liz,[0.999],"[0.000, 0.000, 0.000, 0.000, 0.999, 0.000, 0.010]"
152.72,152.76,Liz,0.9993116855621338,Liz,[0.999],"[0.000, 0.000, 0.000, 0.000, 0.999, 0.000, 0.010]"
152.76,152.8,Liz,0.9993969202041626,Liz,[0.999],"[0.000, 0.000, 0.000, 0.000, 0.999, 0.000, 0.010]"
152.8,152.84,Liz,0.9994791150093079,Liz,[0.999],"[0.000, 0.000, 0.000, 0.000, 0.999, 0.000, 0.009]"
152.84,152.88,Liz,0.9995552897453308,Liz,[1.000],"[0.000, 0.000, 0.000, 0.000, 1.000, 0.000, 0.009]"
152.88,152.92,Liz,0.9996232986450195,Liz,[1.000],"[0.000, 0.000, 0.000, 0.000, 1.000, 0.000, 0.008]"
152.92,152.96,Liz,0.9996824264526367,Liz,[1.000],"[0.000, 0.000, 0.000, 0.000, 1.000, 0.000, 0.008]"
152.96,153.0,Liz,0.9997327923774719,Liz,[1.000],"[0.000, 0.000, 0.000, 0.000, 1.000, 0.000, 0.007]"
153.0,153.04,Liz,0.9997754693031311,Liz,[1.000],"[0.000, 0.000, 0.000, 0.000, 1.000, 0.000, 0.006]"
153.04,153.08,Liz,0.9998114705085754,Liz,[1.000],"[0.000, 0.000, 0.000, 0.000, 1.000, 0.000, 0.006]"
153.08,153.12,Liz,0.9998416900634766,Liz,[1.000],"[0.000, 0.000, 0.000, 0.000, 1.000, 0.000, 0.005]"
153.12,153.16,Liz,0.9998670816421509,Liz,[1.000],"[0.000, 0.000, 0.000, 0.000, 1.000, 0.000, 0.004]"
153.16,153.2,Liz,0.9998884201049805,Liz,[1.000],"[0.000, 0.000, 0.000, 0.000, 1.000, 0.000, 0.004]"
153.2,153.24,Liz,0.999906063079834,Liz,[1.000],"[0.000, 0.000, 0.000, 0.000, 1.000, 0.000, 0.003]"
153.24,153.28,Liz,0.9999207258224487,Liz,[1.000],"[0.000, 0.000, 0.000, 0.000, 1.000, 0.000, 0.003]"
153.28,153.32,Liz,0.9999326467514038,Liz,[1.000],"[0.000, 0.000, 0.000, 0.000, 1.000, 0.000, 0.002]"
153.32,153.36,Liz,0.9999420642852783,Liz,[1.000],"[0.000, 0.000, 0.000, 0.000, 1.000, 0.000, 0.002]"
153.36,153.4,Liz,0.99994957447052,Liz,[1.000],"[0.000, 0.000, 0.000, 0.000, 1.000, 0.000, 0.002]"
153.4,153.44,Liz,0.9999552965164185,Liz,[1.000],"[0.000, 0.000, 0.000, 0.000, 1.000, 0.000, 0.001]"
153.44,153.48,Liz,0.9999597072601318,Liz,[1.000],"[0.000, 0.000, 0.000, 0.000, 1.000, 0.000, 0.001]"
153.48,153.52,Liz,0.9999630451202393,Liz,[1.000],"[0.000, 0.000, 0.000, 0.000, 1.000, 0.000, 0.001]"
153.52,153.56,Liz,0.9999656677246094,Liz,[1.000],"[0.000, 0.000, 0.000, 0.000, 1.000, 0.000, 0.001]"
153.56,153.6,Liz,0.9999675750732422,Liz,[1.000],"[0.000, 0.000, 0.000, 0.000, 1.000, 0.000, 0.001]"
153.6,153.64,Liz,0.9999692440032959,Liz,[1.000],"[0.000, 0.000, 0.000, 0.000, 1.000, 0.000, 0.001]"
153.64,153.68,Liz,0.999970555305481,Liz,[1.000],"[0.000, 0.000, 0.000, 0.000, 1.000, 0.000, 0.001]"
153.68,153.72,Liz,0.9999717473983765,Liz,[1.000],"[0.000, 0.000, 0.000, 0.000, 1.000, 0.000, 0.000]"
153.72,153.76,Liz,0.9999727010726929,Liz,[1.000],"[0.000, 0.000, 0.000, 0.000, 1.000, 0.000, 0.000]"
153.76,153.8,Liz,0.9999736547470093,Liz,[1.000],"[0.000, 0.000, 0.000, 0.000, 1.000, 0.000, 0.000]"
153.8,153.84,Liz,0.9999746084213257,Liz,[1.000],"[0.000, 0.000, 0.000, 0.000, 1.000, 0.000, 0.000]"
153.84,153.88,Liz,0.9999755620956421,Liz,[1.000],"[0.000, 0.000, 0.000, 0.000, 1.000, 0.000, 0.000]"
153.88,153.92,Liz,0.999976634979248,Liz,[1.000],"[0.000, 0.000, 0.000, 0.000, 1.000, 0.000, 0.000]"
153.92,153.96,Liz,0.999977707862854,Liz,[1.000],"[0.000, 0.000, 0.000, 0.000, 1.000, 0.000, 0.000]"
153.96,154.0,Liz,0.9999791383743286,Liz,[1.000],"[0.000, 0.000, 0.000, 0.000, 1.000, 0.000, 0.000]"
154.0,154.04,Liz,0.9999806880950928,Liz,[1.000],"[0.000, 0.000, 0.000, 0.000, 1.000, 0.000, 0.000]"
154.04,154.08,Liz,0.9999823570251465,Liz,[1.000],"[0.000, 0.000, 0.000, 0.000, 1.000, 0.000, 0.000]"
154.08,154.12,Liz,0.9999840259552002,Liz,[1.000],"[0.000, 0.000, 0.000, 0.000, 1.000, 0.000, 0.000]"
154.12,154.16,Liz,0.9999858140945435,Liz,[1.000],"[0.000, 0.000, 0.000, 0.000, 1.000, 0.000, 0.000]"
154.16,154.2,Liz,0.9999873638153076,Liz,[1.000],"[0.000, 0.000, 0.000, 0.000, 1.000, 0.000, 0.000]"
154.2,154.24,Liz,0.9999890327453613,Liz,[1.000],"[0.000, 0.000, 0.000, 0.000, 1.000, 0.000, 0.000]"
154.24,154.28,Liz,0.9999904632568359,Liz,[1.000],"[0.000, 0.000, 0.000, 0.000, 1.000, 0.000, 0.000]"
154.28,154.32,Liz,0.9999916553497314,Liz,[1.000],"[0.000, 0.000, 0.000, 0.000, 1.000, 0.000, 0.000]"
154.32,154.36,Liz,0.999992847442627,Liz,[1.000],"[0.000, 0.000, 0.000, 0.000, 1.000, 0.000, 0.000]"
154.36,154.4,Liz,0.9999938011169434,Liz,[1.000],"[0.000, 0.000, 0.000, 0.000, 1.000, 0.000, 0.000]"
154.4,154.44,Liz,0.9999946355819702,Liz,[1.000],"[0.000, 0.000, 0.000, 0.000, 1.000, 0.000, 0.000]"
154.44,154.48,Liz,0.9999953508377075,Liz,[1.000],"[0.000, 0.000, 0.000, 0.000, 1.000, 0.000, 0.000]"
154.48,154.52,Liz,0.9999959468841553,Liz,[1.000],"[0.000, 0.000, 0.000, 0.000, 1.000, 0.000, 0.000]"
154.52,154.56,Liz,0.9999964237213135,Liz,[1.000],"[0.000, 0.000, 0.000, 0.000, 1.000, 0.000, 0.000]"
154.56,154.6,Liz,0.9999967813491821,Liz,[1.000],"[0.000, 0.000, 0.000, 0.000, 1.000, 0.000, 0.000]"
154.6,154.64,Liz,0.9999970197677612,Liz,[1.000],"[0.000, 0.000, 0.000, 0.000, 1.000, 0.000, 0.000]"
154.64,154.68,Liz,0.9999971389770508,Liz,[1.000],"[0.000, 0.000, 0.000, 0.000, 1.000, 0.000, 0.000]"
154.68,154.72,Liz,0.9999972581863403,Liz,[1.000],"[0.000, 0.000, 0.000, 0.000, 1.000, 0.000, 0.000]"
154.72,154.76,Liz,0.9999973773956299,Liz,[1.000],"[0.000, 0.000, 0.000, 0.000, 1.000, 0.000, 0.000]"
154.76,154.8,Liz,0.9999972581863403,Liz,[1.000],"[0.000, 0.000, 0.000, 0.000, 1.000, 0.000, 0.000]"
154.8,154.84,Liz,0.9999971389770508,Liz,[1.000],"[0.000, 0.000, 0.000, 0.000, 1.000, 0.000, 0.000]"
154.84,154.88,Liz,0.9999967813491821,Liz,[1.000],"[0.000, 0.000, 0.000, 0.000, 1.000, 0.000, 0.000]"
154.88,154.92,Liz,0.9999963045120239,Liz,[1.000],"[0.000, 0.000, 0.000, 0.000, 1.000, 0.000, 0.000]"
154.92,154.96,Liz,0.9999955892562866,Liz,[1.000],"[0.000, 0.000, 0.000, 0.000, 1.000, 0.000, 0.000]"
154.96,155.0,Liz,0.9999943971633911,Liz,[1.000],"[0.000, 0.000, 0.000, 0.000, 1.000, 0.000, 0.000]"
155.0,155.04,Liz,0.9999926090240479,Liz,[1.000],"[0.000, 0.000, 0.000, 0.000, 1.000, 0.000, 0.000]"
155.04,155.08,Liz,0.9999898672103882,Liz,[1.000],"[0.000, 0.000, 0.000, 0.000, 1.000, 0.000, 0.000]"
155.08,155.12,Liz,0.9999855756759644,Liz,[1.000],"[0.000, 0.000, 0.000, 0.000, 1.000, 0.000, 0.000]"
155.12,155.16,Liz,0.9999785423278809,Liz,[1.000],"[0.000, 0.000, 0.000, 0.000, 1.000, 0.000, 0.000]"
155.16,155.2,Liz,0.9999673366546631,Liz,[1.000],"[0.000, 0.000, 0.000, 0.000, 1.000, 0.000, 0.000]"
155.2,155.24,Liz,0.9999489784240723,Liz,[1.000],"[0.000, 0.000, 0.000, 0.000, 1.000, 0.000, 0.000]"
155.24,155.28,Liz,0.9999188184738159,Liz,[1.000],"[0.000, 0.000, 0.000, 0.000, 1.000, 0.000, 0.001]"
155.28,155.32,Liz,0.9998699426651001,Liz,[1.000],"[0.000, 0.000, 0.000, 0.000, 1.000, 0.000, 0.001]"
155.32,155.36,Liz,0.9997928738594055,Liz,[1.000],"[0.000, 0.000, 0.000, 0.000, 1.000, 0.000, 0.001]"
155.36,155.4,Liz,0.9996751546859741,Liz,[1.000],"[0.000, 0.000, 0.000, 0.000, 1.000, 0.000, 0.001]"
155.4,155.44,Liz,0.9995031356811523,Liz,[1.000],"[0.000, 0.000, 0.000, 0.000, 1.000, 0.000, 0.002]"
155.44,155.48,Liz,0.9992663264274597,Liz,[0.999],"[0.000, 0.000, 0.000, 0.000, 0.999, 0.000, 0.002]"
155.48,155.52,Liz,0.998961329460144,Liz,[0.999],"[0.000, 0.000, 0.000, 0.000, 0.999, 0.000, 0.002]"
155.52,155.56,Liz,0.9985970854759216,Liz,[0.999],"[0.000, 0.000, 0.000, 0.000, 0.999, 0.000, 0.003]"
155.56,155.6,Liz,0.9981990456581116,Liz,[0.998],"[0.000, 0.000, 0.000, 0.000, 0.998, 0.000, 0.004]"
155.6,155.64,Liz,0.9978116154670715,Liz,[0.998],"[0.000, 0.000, 0.000, 0.000, 0.998, 0.000, 0.004]"
155.64,155.68,Liz,0.9974890947341919,Liz,[0.997],"[0.000, 0.000, 0.000, 0.000, 0.997, 0.000, 0.005]"
155.68,155.72,Liz,0.9972853660583496,Liz,[0.997],"[0.000, 0.000, 0.000, 0.000, 0.997, 0.000, 0.006]"
155.72,155.76,Liz,0.9972363114356995,Liz,[0.997],"[0.000, 0.000, 0.000, 0.000, 0.997, 0.000, 0.006]"
155.76,155.8,Liz,0.9973487854003906,Liz,[0.997],"[0.000, 0.000, 0.000, 0.000, 0.997, 0.000, 0.007]"
155.8,155.84,Liz,0.9975956082344055,Liz,[0.998],"[0.000, 0.000, 0.000, 0.000, 0.998, 0.000, 0.007]"
155.84,155.88,Liz,0.9979310035705566,Liz,[0.998],"[0.000, 0.000, 0.000, 0.000, 0.998, 0.000, 0.007]"
155.88,155.92,Liz,0.9983047246932983,Liz,[0.998],"[0.000, 0.000, 0.000, 0.000, 0.998, 0.000, 0.007]"
155.92,155.96,Liz,0.9986709356307983,Liz,[0.999],"[0.000, 0.000, 0.000, 0.000, 0.999, 0.000, 0.007]"
155.96,156.0,Liz,0.998997151851654,Liz,[0.999],"[0.000, 0.000, 0.000, 0.000, 0.999, 0.000, 0.006]"
156.0,156.04,Liz,0.9992668032646179,Liz,[0.999],"[0.000, 0.000, 0.000, 0.000, 0.999, 0.000, 0.006]"
156.04,156.08,Liz,0.9994770884513855,Liz,[0.999],"[0.000, 0.000, 0.000, 0.000, 0.999, 0.000, 0.005]"
156.08,156.12,Liz,0.9996329545974731,Liz,[1.000],"[0.000, 0.000, 0.000, 0.000, 1.000, 0.000, 0.005]"
156.12,156.16,Liz,0.999744713306427,Liz,[1.000],"[0.000, 0.000, 0.000, 0.000, 1.000, 0.000, 0.004]"
156.16,156.2,Liz,0.9998229146003723,Liz,[1.000],"[0.000, 0.000, 0.000, 0.000, 1.000, 0.000, 0.004]"
156.2,156.24,Liz,0.9998767375946045,Liz,[1.000],"[0.000, 0.000, 0.000, 0.000, 1.000, 0.000, 0.003]"
156.24,156.28,Liz,0.9999134540557861,Liz,[1.000],"[0.000, 0.000, 0.000, 0.000, 1.000, 0.000, 0.003]"
156.28,156.32,Liz,0.9999382495880127,Liz,[1.000],"[0.000, 0.000, 0.000, 0.000, 1.000, 0.000, 0.002]"
156.32,156.36,Liz,0.9999549388885498,Liz,[1.000],"[0.000, 0.000, 0.000, 0.000, 1.000, 0.000, 0.002]"
156.36,156.4,Liz,0.9999661445617676,Liz,[1.000],"[0.000, 0.000, 0.000, 0.000, 1.000, 0.000, 0.002]"
156.4,156.44,Liz,0.9999737739562988,Liz,[1.000],"[0.000, 0.000, 0.000, 0.000, 1.000, 0.000, 0.002]"
156.44,156.48,Liz,0.9999790191650391,Liz,[1.000],"[0.000, 0.000, 0.000, 0.000, 1.000, 0.000, 0.001]"
156.48,156.52,Liz,0.999982476234436,Liz,[1.000],"[0.000, 0.000, 0.000, 0.000, 1.000, 0.000, 0.001]"
156.52,156.56,Liz,0.9999847412109375,Liz,[1.000],"[0.000, 0.000, 0.000, 0.000, 1.000, 0.000, 0.001]"
156.56,156.6,Liz,0.9999860525131226,Liz,[1.000],"[0.000, 0.000, 0.000, 0.000, 1.000, 0.000, 0.001]"
156.6,156.64,Liz,0.9999866485595703,Liz,[1.000],"[0.000, 0.000, 0.000, 0.000, 1.000, 0.000, 0.001]"
156.64,156.68,Liz,0.9999866485595703,Liz,[1.000],"[0.000, 0.000, 0.000, 0.000, 1.000, 0.000, 0.001]"
156.68,156.72,Liz,0.9999860525131226,Liz,[1.000],"[0.000, 0.000, 0.000, 0.000, 1.000, 0.000, 0.001]"
156.72,156.76,Liz,0.9999847412109375,Liz,[1.000],"[0.000, 0.000, 0.000, 0.000, 1.000, 0.000, 0.001]"
156.76,156.8,Liz,0.9999825954437256,Liz,[1.000],"[0.000, 0.000, 0.000, 0.000, 1.000, 0.000, 0.001]"
156.8,156.84,Liz,0.9999794960021973,Liz,[1.000],"[0.000, 0.000, 0.000, 0.000, 1.000, 0.000, 0.001]"
156.84,156.88,Liz,0.9999750852584839,Liz,[1.000],"[0.000, 0.000, 0.000, 0.000, 1.000, 0.000, 0.001]"
156.88,156.92,Liz,0.9999692440032959,Liz,[1.000],"[0.000, 0.000, 0.000, 0.000, 1.000, 0.000, 0.001]"
156.92,156.96,Liz,0.999961256980896,Liz,[1.000],"[0.000, 0.000, 0.000, 0.000, 1.000, 0.000, 0.001]"
156.96,157.0,Liz,0.9999504089355469,Liz,[1.000],"[0.000, 0.000, 0.000, 0.000, 1.000, 0.000, 0.002]"
157.0,157.04,Liz,0.9999358654022217,Liz,[1.000],"[0.000, 0.000, 0.000, 0.000, 1.000, 0.000, 0.002]"
157.04,157.08,Liz,0.9999161958694458,Liz,[1.000],"[0.000, 0.000, 0.000, 0.000, 1.000, 0.000, 0.002]"
157.08,157.12,Liz,0.9998898506164551,Liz,[1.000],"[0.000, 0.000, 0.000, 0.000, 1.000, 0.000, 0.002]"
157.12,157.16,Liz,0.999854564666748,Liz,[1.000],"[0.000, 0.000, 0.000, 0.000, 1.000, 0.000, 0.003]"
157.16,157.2,Liz,0.9998076558113098,Liz,[1.000],"[0.000, 0.000, 0.000, 0.000, 1.000, 0.000, 0.003]"
157.2,157.24,Liz,0.9997462630271912,Liz,[1.000],"[0.000, 0.000, 0.000, 0.000, 1.000, 0.000, 0.003]"
157.24,157.28,Liz,0.9996668100357056,Liz,[1.000],"[0.000, 0.000, 0.000, 0.000, 1.000, 0.000, 0.004]"
157.28,157.32,Liz,0.9995645880699158,Liz,[1.000],"[0.000, 0.000, 0.000, 0.000, 1.000, 0.000, 0.005]"
157.32,157.36,Liz,0.9994331002235413,Liz,[0.999],"[0.000, 0.000, 0.000, 0.000, 0.999, 0.000, 0.005]"
157.36,157.4,Liz,0.999264657497406,Liz,[0.999],"[0.000, 0.000, 0.000, 0.000, 0.999, 0.000, 0.006]"
157.4,157.44,Liz,0.99904865026474,Liz,[0.999],"[0.000, 0.000, 0.000, 0.000, 0.999, 0.000, 0.007]"
157.44,157.48,Liz,0.9987702965736389,Liz,[0.999],"[0.000, 0.000, 0.000, 0.000, 0.999, 0.000, 0.008]"
157.48,157.52,Liz,0.9984090924263,Liz,[0.998],"[0.000, 0.000, 0.000, 0.000, 0.998, 0.000, 0.009]"
157.52,157.56,Liz,0.9979398846626282,Liz,[0.998],"[0.000, 0.000, 0.000, 0.000, 0.998, 0.000, 0.011]"
157.56,157.6,Liz,0.9973323345184326,Liz,[0.997],"[0.000, 0.000, 0.000, 0.000, 0.997, 0.000, 0.012]"
157.6,157.64,Liz,0.9965434670448303,Liz,[0.997],"[0.000, 0.000, 0.000, 0.000, 0.997, 0.000, 0.014]"
157.64,157.68,Liz,0.9955214262008667,Liz,[0.996],"[0.000, 0.000, 0.000, 0.000, 0.996, 0.001, 0.015]"
157.68,157.72,Liz,0.9942013621330261,Liz,[0.994],"[0.000, 0.000, 0.000, 0.000, 0.994, 0.001, 0.017]"
157.72,157.76,Liz,0.9925096035003662,Liz,[0.993],"[0.000, 0.001, 0.000, 0.001, 0.993, 0.001, 0.019]"
157.76,157.8,Liz,0.9903644919395447,Liz,[0.990],"[0.001, 0.001, 0.000, 0.001, 0.990, 0.001, 0.021]"
157.8,157.84,Liz,0.9876898527145386,Liz,[0.988],"[0.001, 0.001, 0.000, 0.001, 0.988, 0.001, 0.022]"
157.84,157.88,Liz,0.9844236969947815,Liz,[0.984],"[0.001, 0.001, 0.000, 0.001, 0.984, 0.001, 0.024]"
157.88,157.92,Liz,0.9805205464363098,Liz,[0.981],"[0.001, 0.001, 0.000, 0.002, 0.981, 0.001, 0.025]"
157.92,157.96,Liz,0.9759677648544312,Liz,[0.976],"[0.001, 0.002, 0.000, 0.002, 0.976, 0.001, 0.026]"
157.96,158.0,Liz,0.9708064198493958,Liz,[0.971],"[0.001, 0.002, 0.000, 0.003, 0.971, 0.001, 0.027]"
158.0,158.04,Liz,0.9651588797569275,Liz,[0.965],"[0.001, 0.002, 0.000, 0.004, 0.965, 0.001, 0.027]"
158.04,158.08,Liz,0.9592039585113525,Liz,[0.959],"[0.001, 0.003, 0.000, 0.005, 0.959, 0.001, 0.027]"
158.08,158.12,Liz,0.9531954526901245,Liz,[0.953],"[0.001, 0.003, 0.000, 0.007, 0.953, 0.000, 0.027]"
158.12,158.16,Liz,0.9473788738250732,Liz,[0.947],"[0.001, 0.003, 0.000, 0.008, 0.947, 0.000, 0.027]"
158.16,158.2,Liz,0.9419316649436951,Liz,[0.942],"[0.001, 0.004, 0.000, 0.010, 0.942, 0.000, 0.026]"
158.2,158.24,Liz,0.9369053244590759,Liz,[0.937],"[0.001, 0.004, 0.000, 0.012, 0.937, 0.000, 0.025]"
158.24,158.28,Liz,0.9323738813400269,Liz,[0.932],"[0.001, 0.005, 0.000, 0.014, 0.932, 0.000, 0.024]"
158.28,158.32,Liz,0.9283257722854614,Liz,[0.928],"[0.001, 0.005, 0.000, 0.015, 0.928, 0.000, 0.023]"
158.32,158.36,Liz,0.924724817276001,Liz,[0.925],"[0.001, 0.005, 0.001, 0.017, 0.925, 0.000, 0.021]"
158.36,158.4,Liz,0.9215055704116821,Liz,[0.922],"[0.001, 0.006, 0.001, 0.018, 0.922, 0.000, 0.019]"
158.4,158.44,Liz,0.9185633659362793,Liz,[0.919],"[0.001, 0.006, 0.001, 0.018, 0.919, 0.000, 0.018]"
158.44,158.48,Liz,0.9158114790916443,Liz,[0.916],"[0.001, 0.006, 0.001, 0.019, 0.916, 0.000, 0.016]"
158.48,158.52,Liz,0.9131840467453003,Liz,[0.913],"[0.001, 0.006, 0.002, 0.018, 0.913, 0.000, 0.014]"
158.52,158.56,Liz,0.9106273651123047,Liz,[0.911],"[0.001, 0.006, 0.003, 0.017, 0.911, 0.000, 0.013]"
158.56,158.6,Liz,0.908061146736145,Liz,[0.908],"[0.001, 0.006, 0.004, 0.016, 0.908, 0.000, 0.011]"
158.6,158.64,Liz,0.9053763747215271,Liz,[0.905],"[0.001, 0.006, 0.006, 0.015, 0.905, 0.000, 0.010]"
158.64,158.68,Liz,0.9023458957672119,Liz,[0.902],"[0.001, 0.005, 0.008, 0.013, 0.902, 0.000, 0.009]"
158.68,158.72,Liz,0.8987082839012146,Liz,[0.899],"[0.001, 0.005, 0.013, 0.011, 0.899, 0.000, 0.008]"
158.72,158.76,Liz,0.8941872715950012,Liz,[0.894],"[0.001, 0.005, 0.021, 0.009, 0.894, 0.000, 0.007]"
158.76,158.8,Liz,0.8885206580162048,Liz,[0.889],"[0.001, 0.004, 0.033, 0.008, 0.889, 0.000, 0.006]"
158.8,158.84,Liz,0.8811983466148376,Liz,[0.881],"[0.001, 0.004, 0.054, 0.006, 0.881, 0.000, 0.005]"
158.84,158.88,Liz,0.8716764450073242,Liz,[0.872],"[0.001, 0.003, 0.087, 0.005, 0.872, 0.000, 0.004]"
158.88,158.92,Liz,0.8595618009567261,Liz,[0.860],"[0.001, 0.003, 0.140, 0.004, 0.860, 0.000, 0.004]"
158.92,158.96,Liz,0.8445093631744385,Liz,[0.845],"[0.001, 0.002, 0.218, 0.003, 0.845, 0.000, 0.003]"
158.96,159.0,Liz,0.8260483741760254,Liz,[0.826],"[0.001, 0.002, 0.327, 0.003, 0.826, 0.000, 0.003]"
159.0,159.04,Liz,0.8035920262336731,Liz,[0.804],"[0.000, 0.001, 0.459, 0.002, 0.804, 0.000, 0.002]"
159.04,159.08,Liz,0.7764231562614441,Liz,[0.776],"[0.000, 0.001, 0.598, 0.002, 0.776, 0.000, 0.002]"
159.08,159.12,Liz,0.7439050674438477,Rei|Liz,"[0.723, 0.744]","[0.000, 0.001, 0.723, 0.001, 0.744, 0.000, 0.002]"
159.12,159.16,Rei,0.8189220428466797,Rei|Liz,"[0.819, 0.706]","[0.000, 0.001, 0.819, 0.001, 0.706, 0.000, 0.002]"
159.16,159.2,Rei,0.8857830166816711,Rei|Liz,"[0.886, 0.661]","[0.000, 0.000, 0.886, 0.001, 0.661, 0.000, 0.001]"
159.2,159.24,Rei,0.9289979338645935,Rei|Liz,"[0.929, 0.611]","[0.000, 0.000, 0.929, 0.001, 0.611, 0.000, 0.001]"
159.24,159.28,Rei,0.9558272957801819,Rei,[0.956],"[0.000, 0.000, 0.956, 0.001, 0.556, 0.000, 0.001]"
159.28,159.32,Rei,0.9722000956535339,Rei,[0.972],"[0.000, 0.000, 0.972, 0.001, 0.496, 0.000, 0.001]"
159.32,159.36,Rei,0.9821841716766357,Rei,[0.982],"[0.000, 0.000, 0.982, 0.000, 0.435, 0.000, 0.001]"
159.36,159.4,Rei,0.9883216023445129,Rei,[0.988],"[0.000, 0.000, 0.988, 0.000, 0.375, 0.000, 0.001]"
159.4,159.44,Rei,0.9921509027481079,Rei,[0.992],"[0.000, 0.000, 0.992, 0.000, 0.318, 0.000, 0.001]"
159.44,159.48,Rei,0.9945846199989319,Rei,[0.995],"[0.000, 0.000, 0.995, 0.000, 0.266, 0.000, 0.001]"
159.48,159.52,Rei,0.9961632490158081,Rei,[0.996],"[0.000, 0.000, 0.996, 0.000, 0.221, 0.000, 0.001]"
159.52,159.56,Rei,0.9972048401832581,Rei,[0.997],"[0.000, 0.000, 0.997, 0.000, 0.183, 0.000, 0.001]"
159.56,159.6,Rei,0.9979053735733032,Rei,[0.998],"[0.000, 0.000, 0.998, 0.000, 0.151, 0.000, 0.001]"
159.6,159.64,Rei,0.9983841180801392,Rei,[0.998],"[0.000, 0.000, 0.998, 0.000, 0.125, 0.000, 0.001]"
159.64,159.68,Rei,0.998714804649353,Rei,[0.999],"[0.000, 0.000, 0.999, 0.000, 0.104, 0.000, 0.000]"
159.68,159.72,Rei,0.9989446997642517,Rei,[0.999],"[0.000, 0.000, 0.999, 0.000, 0.088, 0.000, 0.000]"
159.72,159.76,Rei,0.9991055130958557,Rei,[0.999],"[0.000, 0.000, 0.999, 0.000, 0.075, 0.000, 0.000]"
159.76,159.8,Rei,0.9992178678512573,Rei,[0.999],"[0.000, 0.000, 0.999, 0.000, 0.065, 0.000, 0.000]"
159.8,159.84,Rei,0.999294638633728,Rei,[0.999],"[0.000, 0.000, 0.999, 0.000, 0.058, 0.000, 0.000]"
159.84,159.88,Rei,0.999344527721405,Rei,[0.999],"[0.000, 0.000, 0.999, 0.000, 0.052, 0.000, 0.000]"
159.88,159.92,Rei,0.9993733763694763,Rei,[0.999],"[0.000, 0.000, 0.999, 0.000, 0.049, 0.000, 0.000]"
159.92,159.96,Rei,0.999384880065918,Rei,[0.999],"[0.000, 0.000, 0.999, 0.000, 0.046, 0.000, 0.000]"
159.96,160.0,Rei,0.9993829727172852,Rei,[0.999],"[0.000, 0.000, 0.999, 0.000, 0.046, 0.000, 0.000]"
160.0,160.04,Rei,0.9993701577186584,Rei,[0.999],"[0.000, 0.000, 0.999, 0.000, 0.046, 0.000, 0.000]"
160.04,160.08,Rei,0.9993477463722229,Rei,[0.999],"[0.000, 0.000, 0.999, 0.000, 0.048, 0.000, 0.000]"
160.08,160.12,Rei,0.9993159770965576,Rei,[0.999],"[0.000, 0.000, 0.999, 0.000, 0.051, 0.000, 0.000]"
160.12,160.16,Rei,0.9992744326591492,Rei,[0.999],"[0.000, 0.000, 0.999, 0.000, 0.056, 0.000, 0.000]"
160.16,160.2,Rei,0.9992227554321289,Rei,[0.999],"[0.000, 0.000, 0.999, 0.000, 0.063, 0.000, 0.000]"
160.2,160.24,Rei,0.9991616010665894,Rei,[0.999],"[0.000, 0.000, 0.999, 0.000, 0.072, 0.000, 0.000]"
160.24,160.28,Rei,0.9990941286087036,Rei,[0.999],"[0.000, 0.000, 0.999, 0.000, 0.086, 0.000, 0.000]"
160.28,160.32,Rei,0.9990247488021851,Rei,[0.999],"[0.000, 0.000, 0.999, 0.000, 0.104, 0.000, 0.000]"
160.32,160.36,Rei,0.9989567995071411,Rei,[0.999],"[0.000, 0.000, 0.999, 0.000, 0.129, 0.000, 0.000]"
160.36,160.4,Rei,0.9988945126533508,Rei,[0.999],"[0.000, 0.000, 0.999, 0.000, 0.162, 0.000, 0.000]"
160.4,160.44,Rei,0.9988418221473694,Rei,[0.999],"[0.000, 0.000, 0.999, 0.000, 0.205, 0.000, 0.000]"
160.44,160.48,Rei,0.998805046081543,Rei,[0.999],"[0.000, 0.000, 0.999, 0.000, 0.260, 0.000, 0.000]"
160.48,160.52,Rei,0.9987912774085999,Rei,[0.999],"[0.000, 0.000, 0.999, 0.000, 0.325, 0.000, 0.000]"
160.52,160.56,Rei,0.9988079071044922,Rei,[0.999],"[0.000, 0.000, 0.999, 0.000, 0.401, 0.000, 0.000]"
160.56,160.6,Rei,0.9988583326339722,Rei,[0.999],"[0.000, 0.000, 0.999, 0.000, 0.481, 0.000, 0.000]"
160.6,160.64,Rei,0.9989407658576965,Rei,[0.999],"[0.000, 0.000, 0.999, 0.000, 0.563, 0.000, 0.000]"
160.64,160.68,Rei,0.9990490078926086,Rei|Liz,"[0.999, 0.640]","[0.000, 0.000, 0.999, 0.000, 0.640, 0.000, 0.000]"
160.68,160.72,Rei,0.9991748929023743,Rei|Liz,"[0.999, 0.708]","[0.000, 0.000, 0.999, 0.000, 0.708, 0.000, 0.000]"
160.72,160.76,Rei,0.9993075132369995,Rei|Liz,"[0.999, 0.766]","[0.000, 0.000, 0.999, 0.000, 0.766, 0.000, 0.000]"
160.76,160.8,Rei,0.9994370341300964,Rei|Liz,"[0.999, 0.813]","[0.000, 0.000, 0.999, 0.000, 0.813, 0.000, 0.000]"
160.8,160.84,Rei,0.9995548129081726,Rei|Liz,"[1.000, 0.850]","[0.000, 0.000, 1.000, 0.000, 0.850, 0.000, 0.000]"
160.84,160.88,Rei,0.9996559619903564,Rei|Liz,"[1.000, 0.879]","[0.000, 0.000, 1.000, 0.000, 0.879, 0.000, 0.000]"
160.88,160.92,Rei,0.9997392296791077,Rei|Liz,"[1.000, 0.902]","[0.000, 0.000, 1.000, 0.000, 0.902, 0.000, 0.000]"
160.92,160.96,Rei,0.9998051524162292,Rei|Liz,"[1.000, 0.919]","[0.000, 0.000, 1.000, 0.000, 0.919, 0.000, 0.000]"
160.96,161.0,Rei,0.9998557567596436,Rei|Liz,"[1.000, 0.932]","[0.000, 0.000, 1.000, 0.000, 0.932, 0.000, 0.000]"
161.0,161.04,Rei,0.9998936653137207,Rei|Liz,"[1.000, 0.942]","[0.000, 0.000, 1.000, 0.000, 0.942, 0.000, 0.000]"
161.04,161.08,Rei,0.9999215602874756,Rei|Liz,"[1.000, 0.949]","[0.000, 0.000, 1.000, 0.000, 0.949, 0.000, 0.000]"
161.08,161.12,Rei,0.9999418258666992,Rei|Liz,"[1.000, 0.955]","[0.000, 0.000, 1.000, 0.000, 0.955, 0.000, 0.000]"
161.12,161.16,Rei,0.9999562501907349,Rei|Liz,"[1.000, 0.960]","[0.000, 0.000, 1.000, 0.000, 0.960, 0.000, 0.000]"
161.16,161.2,Rei,0.9999665021896362,Rei|Liz,"[1.000, 0.963]","[0.000, 0.000, 1.000, 0.000, 0.963, 0.000, 0.000]"
161.2,161.24,Rei,0.9999737739562988,Rei|Liz,"[1.000, 0.966]","[0.000, 0.000, 1.000, 0.000, 0.966, 0.000, 0.000]"
161.24,161.28,Rei,0.9999790191650391,Rei|Liz,"[1.000, 0.968]","[0.000, 0.000, 1.000, 0.000, 0.968, 0.000, 0.000]"
161.28,161.32,Rei,0.9999825954437256,Rei|Liz,"[1.000, 0.970]","[0.000, 0.000, 1.000, 0.000, 0.970, 0.000, 0.000]"
161.32,161.36,Rei,0.9999850988388062,Rei|Liz,"[1.000, 0.971]","[0.000, 0.000, 1.000, 0.000, 0.971, 0.000, 0.000]"
161.36,161.4,Rei,0.9999868869781494,Rei|Liz,"[1.000, 0.972]","[0.000, 0.000, 1.000, 0.000, 0.972, 0.000, 0.000]"
161.4,161.44,Rei,0.9999879598617554,Rei|Liz,"[1.000, 0.972]","[0.000, 0.000, 1.000, 0.000, 0.972, 0.000, 0.000]"
161.44,161.48,Rei,0.9999885559082031,Rei|Liz,"[1.000, 0.973]","[0.000, 0.000, 1.000, 0.000, 0.973, 0.000, 0.000]"
161.48,161.52,Rei,0.9999886751174927,Rei|Liz,"[1.000, 0.973]","[0.000, 0.000, 1.000, 0.000, 0.973, 0.000, 0.000]"
161.52,161.56,Rei,0.9999884366989136,Rei|Liz,"[1.000, 0.972]","[0.000, 0.000, 1.000, 0.000, 0.972, 0.000, 0.000]"
161.56,161.6,Rei,0.9999877214431763,Rei|Liz,"[1.000, 0.972]","[0.000, 0.000, 1.000, 0.000, 0.972, 0.000, 0.000]"
161.6,161.64,Rei,0.9999865293502808,Rei|Liz,"[1.000, 0.971]","[0.000, 0.000, 1.000, 0.000, 0.971, 0.000, 0.000]"
161.64,161.68,Rei,0.9999847412109375,Rei|Liz,"[1.000, 0.969]","[0.000, 0.000, 1.000, 0.000, 0.969, 0.000, 0.000]"
161.68,161.72,Rei,0.9999821186065674,Rei|Liz,"[1.000, 0.968]","[0.000, 0.000, 1.000, 0.000, 0.968, 0.000, 0.000]"
161.72,161.76,Rei,0.9999785423278809,Rei|Liz,"[1.000, 0.966]","[0.000, 0.000, 1.000, 0.000, 0.966, 0.000, 0.000]"
161.76,161.8,Rei,0.9999735355377197,Rei|Liz,"[1.000, 0.963]","[0.000, 0.000, 1.000, 0.000, 0.963, 0.000, 0.000]"
161.8,161.84,Rei,0.9999668598175049,Rei|Liz,"[1.000, 0.960]","[0.000, 0.000, 1.000, 0.000, 0.960, 0.000, 0.000]"
161.84,161.88,Rei,0.999957799911499,Rei|Liz,"[1.000, 0.956]","[0.000, 0.000, 1.000, 0.000, 0.956, 0.000, 0.000]"
161.88,161.92,Rei,0.9999455213546753,Rei|Liz,"[1.000, 0.952]","[0.000, 0.001, 1.000, 0.000, 0.952, 0.000, 0.000]"
161.92,161.96,Rei,0.9999289512634277,Rei|Liz,"[1.000, 0.947]","[0.000, 0.001, 1.000, 0.000, 0.947, 0.000, 0.000]"
161.96,162.0,Rei,0.9999067783355713,Rei|Liz,"[1.000, 0.942]","[0.000, 0.002, 1.000, 0.000, 0.942, 0.000, 0.000]"
162.0,162.04,Rei,0.9998769760131836,Rei|Liz,"[1.000, 0.935]","[0.000, 0.003, 1.000, 0.000, 0.935, 0.000, 0.000]"
162.04,162.08,Rei,0.9998372793197632,Rei|Liz,"[1.000, 0.928]","[0.000, 0.005, 1.000, 0.000, 0.928, 0.000, 0.000]"
162.08,162.12,Rei,0.9997850060462952,Rei|Liz,"[1.000, 0.920]","[0.000, 0.009, 1.000, 0.000, 0.920, 0.000, 0.000]"
162.12,162.16,Rei,0.9997166991233826,Rei|Liz,"[1.000, 0.911]","[0.000, 0.015, 1.000, 0.000, 0.911, 0.000, 0.000]"
162.16,162.2,Rei,0.9996285438537598,Rei|Liz,"[1.000, 0.902]","[0.000, 0.025, 1.000, 0.000, 0.902, 0.000, 0.000]"
162.2,162.24,Rei,0.9995150566101074,Rei|Liz,"[1.000, 0.891]","[0.000, 0.040, 1.000, 0.000, 0.891, 0.000, 0.000]"
162.24,162.28,Rei,0.9993682503700256,Rei|Liz,"[0.999, 0.880]","[0.000, 0.062, 0.999, 0.000, 0.880, 0.000, 0.000]"
162.28,162.32,Rei,0.9991777539253235,Rei|Liz,"[0.999, 0.868]","[0.000, 0.094, 0.999, 0.000, 0.868, 0.000, 0.000]"
162.32,162.36,Rei,0.9989305138587952,Rei|Liz,"[0.999, 0.855]","[0.000, 0.137, 0.999, 0.000, 0.855, 0.000, 0.000]"
162.36,162.4,Rei,0.9986094236373901,Rei|Liz,"[0.999, 0.841]","[0.000, 0.192, 0.999, 0.000, 0.841, 0.000, 0.000]"
162.4,162.44,Rei,0.9981921315193176,Rei|Liz,"[0.998, 0.827]","[0.000, 0.257, 0.998, 0.000, 0.827, 0.000, 0.000]"
162.44,162.48,Rei,0.9976497292518616,Rei|Liz,"[0.998, 0.810]","[0.000, 0.328, 0.998, 0.000, 0.810, 0.000, 0.000]"
162.48,162.52,Rei,0.9969411492347717,Rei|Liz,"[0.997, 0.793]","[0.000, 0.400, 0.997, 0.000, 0.793, 0.000, 0.000]"
162.52,162.56,Rei,0.9960032105445862,Rei|Liz,"[0.996, 0.773]","[0.000, 0.468, 0.996, 0.000, 0.773, 0.000, 0.000]"
162.56,162.6,Rei,0.9947422742843628,Rei|Liz,"[0.995, 0.752]","[0.000, 0.529, 0.995, 0.000, 0.752, 0.000, 0.000]"
162.6,162.64,Rei,0.9930363297462463,Rei|Liz,"[0.993, 0.728]","[0.000, 0.581, 0.993, 0.000, 0.728, 0.000, 0.001]"
162.64,162.68,Rei,0.9907205104827881,Rei|Liz,"[0.991, 0.701]","[0.000, 0.623, 0.991, 0.000, 0.701, 0.000, 0.001]"
162.68,162.72,Rei,0.9875732064247131,Rei|Liz,"[0.988, 0.673]","[0.000, 0.657, 0.988, 0.000, 0.673, 0.000, 0.001]"
162.72,162.76,Rei,0.9833143949508667,Yujin|Rei,"[0.683, 0.983]","[0.000, 0.683, 0.983, 0.001, 0.642, 0.000, 0.001]"
162.76,162.8,Rei,0.9775886535644531,Yujin|Rei,"[0.704, 0.978]","[0.000, 0.704, 0.978, 0.001, 0.610, 0.000, 0.001]"
162.8,162.84,Rei,0.9699791073799133,Yujin|Rei,"[0.718, 0.970]","[0.000, 0.718, 0.970, 0.001, 0.575, 0.000, 0.002]"
162.84,162.88,Rei,0.9601005911827087,Yujin|Rei,"[0.729, 0.960]","[0.000, 0.729, 0.960, 0.001, 0.539, 0.000, 0.002]"
162.88,162.92,Rei,0.9476898908615112,Yujin|Rei,"[0.735, 0.948]","[0.000, 0.735, 0.948, 0.002, 0.501, 0.000, 0.003]"
162.92,162.96,Rei,0.9327270984649658,Yujin|Rei,"[0.738, 0.933]","[0.000, 0.738, 0.933, 0.002, 0.462, 0.000, 0.003]"
162.96,163.0,Rei,0.9155997633934021,Yujin|Rei,"[0.738, 0.916]","[0.000, 0.738, 0.916, 0.002, 0.422, 0.000, 0.004]"
163.0,163.04,Rei,0.8972119688987732,Yujin|Rei,"[0.736, 0.897]","[0.000, 0.736, 0.897, 0.002, 0.383, 0.000, 0.004]"
163.04,163.08,Rei,0.8788681030273438,Yujin|Rei,"[0.732, 0.879]","[0.000, 0.732, 0.879, 0.003, 0.344, 0.000, 0.005]"
163.08,163.12,Rei,0.8622656464576721,Yujin|Rei,"[0.726, 0.862]","[0.000, 0.726, 0.862, 0.003, 0.306, 0.000, 0.005]"
163.12,163.16,Rei,0.8492876887321472,Yujin|Rei,"[0.719, 0.849]","[0.000, 0.719, 0.849, 0.003, 0.270, 0.000, 0.005]"
163.16,163.2,Rei,0.8416314721107483,Yujin|Rei,"[0.712, 0.842]","[0.000, 0.712, 0.842, 0.004, 0.235, 0.000, 0.005]"
163.2,163.24,Rei,0.8402814865112305,Yujin|Rei,"[0.705, 0.840]","[0.000, 0.705, 0.840, 0.004, 0.203, 0.000, 0.005]"
163.24,163.28,Rei,0.8455209732055664,Yujin|Rei,"[0.698, 0.846]","[0.000, 0.698, 0.846, 0.004, 0.172, 0.000, 0.005]"
163.28,163.32,Rei,0.8569624423980713,Yujin|Rei,"[0.691, 0.857]","[0.000, 0.691, 0.857, 0.004, 0.144, 0.000, 0.005]"
163.32,163.36,Rei,0.8733973503112793,Yujin|Rei,"[0.685, 0.873]","[0.000, 0.685, 0.873, 0.004, 0.119, 0.000, 0.005]"
163.36,163.4,Rei,0.892975389957428,Yujin|Rei,"[0.680, 0.893]","[0.000, 0.680, 0.893, 0.004, 0.097, 0.000, 0.005]"
163.4,163.44,Rei,0.9135632514953613,Yujin|Rei,"[0.675, 0.914]","[0.000, 0.675, 0.914, 0.003, 0.078, 0.000, 0.004]"
163.44,163.48,Rei,0.9332759380340576,Yujin|Rei,"[0.670, 0.933]","[0.000, 0.670, 0.933, 0.003, 0.062, 0.000, 0.004]"
163.48,163.52,Rei,0.9506619572639465,Yujin|Rei,"[0.665, 0.951]","[0.000, 0.665, 0.951, 0.003, 0.048, 0.000, 0.004]"
163.52,163.56,Rei,0.9648897647857666,Yujin|Rei,"[0.657, 0.965]","[0.000, 0.657, 0.965, 0.003, 0.037, 0.000, 0.003]"
163.56,163.6,Rei,0.975814163684845,Yujin|Rei,"[0.646, 0.976]","[0.000, 0.646, 0.976, 0.002, 0.028, 0.000, 0.003]"
163.6,163.64,Rei,0.9838027954101562,Yujin|Rei,"[0.630, 0.984]","[0.000, 0.630, 0.984, 0.002, 0.021, 0.000, 0.002]"
163.64,163.68,Rei,0.9893882274627686,Yujin|Rei,"[0.608, 0.989]","[0.000, 0.608, 0.989, 0.002, 0.015, 0.000, 0.002]"
163.68,163.72,Rei,0.9931485056877136,Rei,[0.993],"[0.000, 0.577, 0.993, 0.001, 0.011, 0.000, 0.002]"
163.72,163.76,Rei,0.995613694190979,Rei,[0.996],"[0.000, 0.537, 0.996, 0.001, 0.008, 0.000, 0.001]"
163.76,163.8,Rei,0.9971959590911865,Rei,[0.997],"[0.000, 0.487, 0.997, 0.001, 0.006, 0.000, 0.001]"
163.8,163.84,Rei,0.9981978535652161,Rei,[0.998],"[0.000, 0.425, 0.998, 0.001, 0.004, 0.000, 0.001]"
163.84,163.88,Rei,0.9988279938697815,Rei,[0.999],"[0.000, 0.355, 0.999, 0.001, 0.003, 0.000, 0.001]"
163.88,163.92,Rei,0.9992251396179199,Rei,[0.999],"[0.000, 0.279, 0.999, 0.001, 0.002, 0.000, 0.001]"
163.92,163.96,Rei,0.9994768500328064,Rei,[0.999],"[0.000, 0.205, 0.999, 0.000, 0.001, 0.000, 0.001]"
163.96,164.0,Rei,0.9996379613876343,Rei,[1.000],"[0.000, 0.139, 1.000, 0.000, 0.001, 0.000, 0.000]"
164.0,164.04,Rei,0.9997429251670837,Rei,[1.000],"[0.000, 0.087, 1.000, 0.000, 0.000, 0.000, 0.000]"
164.04,164.08,Rei,0.9998124241828918,Rei,[1.000],"[0.000, 0.051, 1.000, 0.000, 0.000, 0.000, 0.000]"
164.08,164.12,Rei,0.9998594522476196,Rei,[1.000],"[0.000, 0.027, 1.000, 0.000, 0.000, 0.000, 0.000]"
164.12,164.16,Rei,0.9998921155929565,Rei,[1.000],"[0.000, 0.013, 1.000, 0.000, 0.000, 0.000, 0.000]"
164.16,164.2,Rei,0.9999158382415771,Rei,[1.000],"[0.000, 0.006, 1.000, 0.000, 0.000, 0.000, 0.000]"
164.2,164.24,Rei,0.9999336004257202,Rei,[1.000],"[0.000, 0.003, 1.000, 0.000, 0.000, 0.000, 0.000]"
164.24,164.28,Rei,0.9999474287033081,Rei,[1.000],"[0.000, 0.001, 1.000, 0.000, 0.000, 0.000, 0.000]"
164.28,164.32,Rei,0.9999583959579468,Rei,[1.000],"[0.000, 0.000, 1.000, 0.000, 0.000, 0.000, 0.000]"
164.32,164.36,Rei,0.9999672174453735,Rei,[1.000],"[0.000, 0.000, 1.000, 0.000, 0.000, 0.000, 0.000]"
164.36,164.4,Rei,0.9999743700027466,Rei,[1.000],"[0.000, 0.000, 1.000, 0.000, 0.000, 0.000, 0.000]"
164.4,164.44,Rei,0.9999802112579346,Rei,[1.000],"[0.000, 0.000, 1.000, 0.000, 0.000, 0.000, 0.000]"
164.44,164.48,Rei,0.999984860420227,Rei,[1.000],"[0.000, 0.000, 1.000, 0.000, 0.000, 0.000, 0.000]"
164.48,164.52,Rei,0.9999886751174927,Rei,[1.000],"[0.000, 0.000, 1.000, 0.000, 0.000, 0.000, 0.000]"
164.52,164.56,Rei,0.9999916553497314,Rei,[1.000],"[0.000, 0.000, 1.000, 0.000, 0.000, 0.000, 0.000]"
164.56,164.6,Rei,0.9999939203262329,Rei,[1.000],"[0.000, 0.000, 1.000, 0.000, 0.000, 0.000, 0.000]"
164.6,164.64,Rei,0.9999957084655762,Rei,[1.000],"[0.000, 0.000, 1.000, 0.000, 0.000, 0.000, 0.000]"
164.64,164.68,Rei,0.9999970197677612,Rei,[1.000],"[0.000, 0.000, 1.000, 0.000, 0.000, 0.000, 0.000]"
164.68,164.72,Rei,0.9999979734420776,Rei,[1.000],"[0.000, 0.000, 1.000, 0.000, 0.000, 0.000, 0.000]"
164.72,164.76,Rei,0.9999986886978149,Rei,[1.000],"[0.000, 0.000, 1.000, 0.000, 0.000, 0.000, 0.000]"
164.76,164.8,Rei,0.9999991655349731,Rei,[1.000],"[0.000, 0.000, 1.000, 0.000, 0.000, 0.000, 0.000]"
164.8,164.84,Rei,0.9999995231628418,Rei,[1.000],"[0.000, 0.000, 1.000, 0.000, 0.000, 0.000, 0.000]"
164.84,164.88,Rei,0.9999996423721313,Rei,[1.000],"[0.000, 0.000, 1.000, 0.000, 0.000, 0.000, 0.000]"
164.88,164.92,Rei,0.9999997615814209,Rei,[1.000],"[0.000, 0.000, 1.000, 0.000, 0.000, 0.000, 0.000]"
164.92,164.96,Rei,0.9999998807907104,Rei,[1.000],"[0.000, 0.000, 1.000, 0.000, 0.000, 0.000, 0.000]"
164.96,165.0,Rei,0.9999998807907104,Rei,[1.000],"[0.000, 0.000, 1.000, 0.000, 0.000, 0.000, 0.000]"
165.0,165.04,Rei,1.0,Rei,[1.000],"[0.000, 0.000, 1.000, 0.000, 0.000, 0.000, 0.000]"
165.04,165.08,Rei,1.0,Rei,[1.000],"[0.000, 0.000, 1.000, 0.000, 0.000, 0.000, 0.000]"
165.08,165.12,Rei,1.0,Rei,[1.000],"[0.000, 0.000, 1.000, 0.000, 0.000, 0.000, 0.000]"
165.12,165.16,Rei,1.0,Rei,[1.000],"[0.000, 0.000, 1.000, 0.000, 0.000, 0.000, 0.000]"
165.16,165.2,Rei,1.0,Rei,[1.000],"[0.000, 0.000, 1.000, 0.000, 0.000, 0.000, 0.000]"
165.2,165.24,Rei,1.0,Rei,[1.000],"[0.000, 0.000, 1.000, 0.000, 0.000, 0.000, 0.000]"
165.24,165.28,Rei,1.0,Rei,[1.000],"[0.000, 0.000, 1.000, 0.000, 0.000, 0.000, 0.000]"
165.28,165.32,Rei,1.0,Rei,[1.000],"[0.000, 0.000, 1.000, 0.000, 0.000, 0.000, 0.000]"
165.32,165.36,Rei,1.0,Rei,[1.000],"[0.000, 0.000, 1.000, 0.000, 0.000, 0.000, 0.000]"
165.36,165.4,Rei,1.0,Rei,[1.000],"[0.000, 0.000, 1.000, 0.000, 0.000, 0.000, 0.000]"
165.4,165.44,Rei,1.0,Rei,[1.000],"[0.000, 0.000, 1.000, 0.000, 0.000, 0.000, 0.000]"
165.44,165.48,Rei,1.0,Rei,[1.000],"[0.000, 0.000, 1.000, 0.000, 0.000, 0.000, 0.000]"
165.48,165.52,Rei,1.0,Rei,[1.000],"[0.000, 0.000, 1.000, 0.000, 0.000, 0.000, 0.000]"
165.52,165.56,Rei,1.0,Rei,[1.000],"[0.000, 0.000, 1.000, 0.000, 0.000, 0.000, 0.000]"
165.56,165.6,Rei,1.0,Rei,[1.000],"[0.000, 0.000, 1.000, 0.000, 0.000, 0.000, 0.000]"
165.6,165.64,Rei,1.0,Rei,[1.000],"[0.000, 0.000, 1.000, 0.000, 0.000, 0.000, 0.000]"
165.64,165.68,Rei,1.0,Rei,[1.000],"[0.000, 0.000, 1.000, 0.000, 0.000, 0.000, 0.000]"
165.68,165.72,Rei,1.0,Rei,[1.000],"[0.000, 0.000, 1.000, 0.000, 0.000, 0.000, 0.000]"
165.72,165.76,Rei,1.0,Rei,[1.000],"[0.000, 0.000, 1.000, 0.000, 0.000, 0.000, 0.000]"
165.76,165.8,Rei,1.0,Rei,[1.000],"[0.000, 0.000, 1.000, 0.000, 0.000, 0.000, 0.000]"
165.8,165.84,Rei,1.0,Rei,[1.000],"[0.000, 0.000, 1.000, 0.000, 0.000, 0.000, 0.000]"
165.84,165.88,Rei,1.0,Rei,[1.000],"[0.000, 0.000, 1.000, 0.000, 0.000, 0.000, 0.000]"
165.88,165.92,Rei,1.0,Rei,[1.000],"[0.000, 0.000, 1.000, 0.000, 0.000, 0.000, 0.000]"
165.92,165.96,Rei,1.0,Rei,[1.000],"[0.000, 0.000, 1.000, 0.000, 0.000, 0.000, 0.000]"
165.96,166.0,Rei,1.0,Rei,[1.000],"[0.000, 0.000, 1.000, 0.000, 0.000, 0.000, 0.000]"
166.0,166.04,Rei,0.9999998807907104,Rei,[1.000],"[0.000, 0.000, 1.000, 0.000, 0.000, 0.000, 0.000]"
166.04,166.08,Rei,0.9999998807907104,Rei,[1.000],"[0.000, 0.000, 1.000, 0.000, 0.000, 0.000, 0.000]"
166.08,166.12,Rei,0.9999997615814209,Rei,[1.000],"[0.000, 0.000, 1.000, 0.000, 0.000, 0.000, 0.000]"
166.12,166.16,Rei,0.9999996423721313,Rei,[1.000],"[0.000, 0.000, 1.000, 0.000, 0.000, 0.000, 0.000]"
166.16,166.2,Rei,0.9999994039535522,Rei,[1.000],"[0.000, 0.000, 1.000, 0.000, 0.000, 0.000, 0.000]"
166.2,166.24,Rei,0.9999990463256836,Rei,[1.000],"[0.000, 0.000, 1.000, 0.000, 0.000, 0.000, 0.000]"
166.24,166.28,Rei,0.9999982118606567,Rei,[1.000],"[0.000, 0.000, 1.000, 0.000, 0.000, 0.000, 0.000]"
166.28,166.32,Rei,0.9999969005584717,Rei,[1.000],"[0.000, 0.000, 1.000, 0.000, 0.000, 0.000, 0.000]"
166.32,166.36,Rei,0.9999946355819702,Rei,[1.000],"[0.000, 0.000, 1.000, 0.000, 0.000, 0.000, 0.000]"
166.36,166.4,Rei,0.999990701675415,Rei,[1.000],"[0.000, 0.001, 1.000, 0.000, 0.000, 0.000, 0.000]"
166.4,166.44,Rei,0.9999840259552002,Rei,[1.000],"[0.000, 0.003, 1.000, 0.000, 0.000, 0.000, 0.000]"
166.44,166.48,Rei,0.9999724626541138,Rei,[1.000],"[0.000, 0.010, 1.000, 0.000, 0.000, 0.000, 0.000]"
166.48,166.52,Rei,0.999953031539917,Rei,[1.000],"[0.000, 0.035, 1.000, 0.000, 0.000, 0.000, 0.000]"
166.52,166.56,Rei,0.9999209642410278,Rei,[1.000],"[0.000, 0.105, 1.000, 0.000, 0.000, 0.000, 0.000]"
166.56,166.6,Rei,0.9998679161071777,Rei,[1.000],"[0.000, 0.264, 1.000, 0.000, 0.000, 0.000, 0.000]"
166.6,166.64,Rei,0.9997817873954773,Rei,[1.000],"[0.000, 0.499, 1.000, 0.000, 0.000, 0.000, 0.000]"
166.64,166.68,Rei,0.999642014503479,Yujin|Rei,"[0.716, 1.000]","[0.000, 0.716, 1.000, 0.000, 0.000, 0.000, 0.000]"
166.68,166.72,Rei,0.9994171857833862,Yujin|Rei,"[0.852, 0.999]","[0.000, 0.852, 0.999, 0.000, 0.000, 0.000, 0.000]"
166.72,166.76,Rei,0.9990574717521667,Yujin|Rei,"[0.922, 0.999]","[0.000, 0.922, 0.999, 0.000, 0.000, 0.000, 0.000]"
166.76,166.8,Rei,0.9984862804412842,Yujin|Rei,"[0.956, 0.998]","[0.000, 0.956, 0.998, 0.000, 0.000, 0.000, 0.000]"
166.8,166.84,Rei,0.9975829124450684,Yujin|Rei,"[0.973, 0.998]","[0.000, 0.973, 0.998, 0.000, 0.000, 0.000, 0.000]"
166.84,166.88,Rei,0.9961691498756409,Yujin|Rei,"[0.982, 0.996]","[0.000, 0.982, 0.996, 0.000, 0.001, 0.000, 0.000]"
166.88,166.92,Rei,0.9939901828765869,Yujin|Rei,"[0.987, 0.994]","[0.000, 0.987, 0.994, 0.000, 0.001, 0.000, 0.000]"
166.92,166.96,Rei,0.9906893968582153,Yujin|Rei,"[0.989, 0.991]","[0.000, 0.989, 0.991, 0.000, 0.001, 0.000, 0.000]"
166.96,167.0,Yujin,0.9908550977706909,Yujin|Rei,"[0.991, 0.986]","[0.000, 0.991, 0.986, 0.000, 0.002, 0.000, 0.000]"
167.0,167.04,Yujin,0.9916463494300842,Yujin|Rei,"[0.992, 0.979]","[0.000, 0.992, 0.979, 0.000, 0.002, 0.000, 0.001]"
167.04,167.08,Yujin,0.9919694066047668,Yujin|Rei,"[0.992, 0.969]","[0.000, 0.992, 0.969, 0.000, 0.003, 0.000, 0.001]"
167.08,167.12,Yujin,0.9919415712356567,Yujin|Rei,"[0.992, 0.955]","[0.000, 0.992, 0.955, 0.000, 0.004, 0.000, 0.001]"
167.12,167.16,Yujin,0.9916244149208069,Yujin|Rei,"[0.992, 0.938]","[0.000, 0.992, 0.938, 0.000, 0.004, 0.000, 0.001]"
167.16,167.2,Yujin,0.9910518527030945,Yujin|Rei,"[0.991, 0.916]","[0.000, 0.991, 0.916, 0.000, 0.005, 0.000, 0.001]"
167.2,167.24,Yujin,0.9902575016021729,Yujin|Rei,"[0.990, 0.889]","[0.000, 0.990, 0.889, 0.000, 0.005, 0.000, 0.001]"
167.24,167.28,Yujin,0.9892953038215637,Yujin|Rei,"[0.989, 0.859]","[0.000, 0.989, 0.859, 0.000, 0.006, 0.000, 0.001]"
167.28,167.32,Yujin,0.988205075263977,Yujin|Rei,"[0.988, 0.827]","[0.000, 0.988, 0.827, 0.000, 0.006, 0.000, 0.001]"
167.32,167.36,Yujin,0.9869984984397888,Yujin|Rei,"[0.987, 0.795]","[0.000, 0.987, 0.795, 0.000, 0.006, 0.000, 0.001]"
167.36,167.4,Yujin,0.9856647253036499,Yujin|Rei,"[0.986, 0.766]","[0.000, 0.986, 0.766, 0.000, 0.006, 0.000, 0.001]"
167.4,167.44,Yujin,0.9841729402542114,Yujin|Rei,"[0.984, 0.740]","[0.000, 0.984, 0.740, 0.000, 0.006, 0.000, 0.001]"
167.44,167.48,Yujin,0.982492208480835,Yujin|Rei,"[0.982, 0.720]","[0.000, 0.982, 0.720, 0.000, 0.006, 0.000, 0.002]"
167.48,167.52,Yujin,0.9806098341941833,Yujin|Rei,"[0.981, 0.705]","[0.000, 0.981, 0.705, 0.000, 0.006, 0.000, 0.002]"
167.52,167.56,Yujin,0.978501558303833,Yujin|Rei,"[0.979, 0.698]","[0.001, 0.979, 0.698, 0.000, 0.005, 0.000, 0.002]"
167.56,167.6,Yujin,0.9761304259300232,Yujin|Rei,"[0.976, 0.696]","[0.001, 0.976, 0.696, 0.000, 0.005, 0.000, 0.002]"
167.6,167.64,Yujin,0.9734175801277161,Yujin|Rei,"[0.973, 0.700]","[0.001, 0.973, 0.700, 0.000, 0.005, 0.000, 0.002]"
167.64,167.68,Yujin,0.9702739119529724,Yujin|Rei,"[0.970, 0.709]","[0.001, 0.970, 0.709, 0.000, 0.005, 0.000, 0.003]"
167.68,167.72,Yujin,0.9666399955749512,Yujin|Rei,"[0.967, 0.721]","[0.001, 0.967, 0.721, 0.000, 0.004, 0.000, 0.003]"
167.72,167.76,Yujin,0.9624543786048889,Yujin|Rei,"[0.962, 0.735]","[0.001, 0.962, 0.735, 0.000, 0.004, 0.000, 0.003]"
167.76,167.8,Yujin,0.9575633406639099,Yujin|Rei,"[0.958, 0.752]","[0.002, 0.958, 0.752, 0.000, 0.004, 0.000, 0.003]"
167.8,167.84,Yujin,0.9517569541931152,Yujin|Rei,"[0.952, 0.771]","[0.002, 0.952, 0.771, 0.000, 0.003, 0.000, 0.003]"
167.84,167.88,Yujin,0.944793701171875,Yujin|Rei,"[0.945, 0.791]","[0.002, 0.945, 0.791, 0.000, 0.003, 0.000, 0.004]"
167.88,167.92,Yujin,0.9363322257995605,Yujin|Rei,"[0.936, 0.813]","[0.003, 0.936, 0.813, 0.000, 0.003, 0.000, 0.004]"
167.92,167.96,Yujin,0.9259968400001526,Yujin|Rei,"[0.926, 0.834]","[0.003, 0.926, 0.834, 0.000, 0.002, 0.000, 0.004]"
167.96,168.0,Yujin,0.9134074449539185,Yujin|Rei,"[0.913, 0.855]","[0.004, 0.913, 0.855, 0.000, 0.002, 0.000, 0.004]"
168.0,168.04,Yujin,0.8980299234390259,Yujin|Rei,"[0.898, 0.874]","[0.004, 0.898, 0.874, 0.000, 0.002, 0.000, 0.004]"
168.04,168.08,Rei,0.8918967247009277,Yujin|Rei,"[0.879, 0.892]","[0.004, 0.879, 0.892, 0.000, 0.001, 0.000, 0.004]"
168.08,168.12,Rei,0.9076966047286987,Yujin|Rei,"[0.856, 0.908]","[0.005, 0.856, 0.908, 0.000, 0.001, 0.000, 0.004]"
168.12,168.16,Rei,0.9215026497840881,Yujin|Rei,"[0.829, 0.922]","[0.005, 0.829, 0.922, 0.000, 0.001, 0.000, 0.004]"
168.16,168.2,Rei,0.9332723021507263,Yujin|Rei,"[0.796, 0.933]","[0.006, 0.796, 0.933, 0.000, 0.001, 0.000, 0.004]"
168.2,168.24,Rei,0.9431273937225342,Yujin|Rei,"[0.759, 0.943]","[0.006, 0.759, 0.943, 0.000, 0.001, 0.000, 0.004]"
168.24,168.28,Rei,0.9512763619422913,Yujin|Rei,"[0.716, 0.951]","[0.006, 0.716, 0.951, 0.000, 0.001, 0.000, 0.003]"
168.28,168.32,Rei,0.9580098390579224,Yujin|Rei,"[0.669, 0.958]","[0.007, 0.669, 0.958, 0.000, 0.001, 0.000, 0.003]"
168.32,168.36,Rei,0.9636064171791077,Yujin|Rei,"[0.619, 0.964]","[0.007, 0.619, 0.964, 0.000, 0.000, 0.000, 0.003]"
168.36,168.4,Rei,0.9682577848434448,Rei,[0.968],"[0.007, 0.567, 0.968, 0.000, 0.000, 0.000, 0.003]"
168.4,168.44,Rei,0.9721527695655823,Rei,[0.972],"[0.007, 0.514, 0.972, 0.000, 0.000, 0.000, 0.003]"
168.44,168.48,Rei,0.9754464030265808,Rei,[0.975],"[0.007, 0.462, 0.975, 0.000, 0.000, 0.000, 0.002]"
168.48,168.52,Rei,0.9782618284225464,Rei,[0.978],"[0.007, 0.414, 0.978, 0.000, 0.000, 0.000, 0.002]"
168.52,168.56,Rei,0.9807126522064209,Rei,[0.981],"[0.007, 0.371, 0.981, 0.000, 0.000, 0.000, 0.002]"
168.56,168.6,Rei,0.9828788042068481,Rei,[0.983],"[0.006, 0.334, 0.983, 0.000, 0.000, 0.000, 0.002]"
168.6,168.64,Rei,0.9848212599754333,Rei,[0.985],"[0.006, 0.303, 0.985, 0.000, 0.000, 0.000, 0.002]"
168.64,168.68,Rei,0.9865857362747192,Rei,[0.987],"[0.006, 0.277, 0.987, 0.000, 0.000, 0.000, 0.001]"
168.68,168.72,Rei,0.9881852865219116,Rei,[0.988],"[0.005, 0.256, 0.988, 0.000, 0.000, 0.000, 0.001]"
168.72,168.76,Rei,0.9896518588066101,Rei,[0.990],"[0.005, 0.241, 0.990, 0.000, 0.000, 0.000, 0.001]"
168.76,168.8,Rei,0.9909996390342712,Rei,[0.991],"[0.004, 0.231, 0.991, 0.000, 0.000, 0.000, 0.001]"
168.8,168.84,Rei,0.9922356009483337,Rei,[0.992],"[0.003, 0.226, 0.992, 0.000, 0.000, 0.000, 0.001]"
168.84,168.88,Rei,0.9933661818504333,Rei,[0.993],"[0.003, 0.227, 0.993, 0.000, 0.000, 0.000, 0.001]"
168.88,168.92,Rei,0.9943946599960327,Rei,[0.994],"[0.002, 0.232, 0.994, 0.000, 0.000, 0.000, 0.001]"
168.92,168.96,Rei,0.9953112006187439,Rei,[0.995],"[0.002, 0.243, 0.995, 0.000, 0.000, 0.000, 0.001]"
168.96,169.0,Rei,0.9961089491844177,Rei,[0.996],"[0.002, 0.260, 0.996, 0.000, 0.000, 0.000, 0.001]"
169.0,169.04,Rei,0.9967896342277527,Rei,[0.997],"[0.001, 0.282, 0.997, 0.000, 0.000, 0.000, 0.001]"
169.04,169.08,Rei,0.997358500957489,Rei,[0.997],"[0.001, 0.309, 0.997, 0.000, 0.000, 0.000, 0.000]"
169.08,169.12,Rei,0.997825562953949,Rei,[0.998],"[0.001, 0.341, 0.998, 0.000, 0.000, 0.000, 0.000]"
169.12,169.16,Rei,0.9982050657272339,Rei,[0.998],"[0.000, 0.376, 0.998, 0.000, 0.000, 0.000, 0.000]"
169.16,169.2,Rei,0.9985112547874451,Rei,[0.999],"[0.000, 0.414, 0.999, 0.000, 0.000, 0.000, 0.000]"
169.2,169.24,Rei,0.9987585544586182,Rei,[0.999],"[0.000, 0.453, 0.999, 0.000, 0.000, 0.000, 0.000]"
169.24,169.28,Rei,0.9989587068557739,Rei,[0.999],"[0.000, 0.493, 0.999, 0.000, 0.000, 0.000, 0.000]"
169.28,169.32,Rei,0.9991204142570496,Rei,[0.999],"[0.000, 0.531, 0.999, 0.000, 0.000, 0.000, 0.000]"
169.32,169.36,Rei,0.9992507100105286,Rei,[0.999],"[0.000, 0.568, 0.999, 0.000, 0.000, 0.000, 0.000]"
169.36,169.4,Rei,0.9993552565574646,Rei,[0.999],"[0.000, 0.601, 0.999, 0.000, 0.000, 0.000, 0.000]"
169.4,169.44,Rei,0.9994387030601501,Yujin|Rei,"[0.630, 0.999]","[0.000, 0.630, 0.999, 0.000, 0.000, 0.000, 0.000]"
169.44,169.48,Rei,0.9995054006576538,Yujin|Rei,"[0.653, 1.000]","[0.000, 0.653, 1.000, 0.000, 0.000, 0.000, 0.000]"
169.48,169.52,Rei,0.9995577931404114,Yujin|Rei,"[0.671, 1.000]","[0.000, 0.671, 1.000, 0.000, 0.000, 0.000, 0.000]"
169.52,169.56,Rei,0.9995983242988586,Yujin|Rei,"[0.684, 1.000]","[0.000, 0.684, 1.000, 0.000, 0.000, 0.000, 0.000]"
169.56,169.6,Rei,0.9996285438537598,Yujin|Rei,"[0.691, 1.000]","[0.000, 0.691, 1.000, 0.000, 0.000, 0.000, 0.000]"
169.6,169.64,Rei,0.9996516704559326,Yujin|Rei,"[0.694, 1.000]","[0.000, 0.694, 1.000, 0.000, 0.000, 0.000, 0.000]"
169.64,169.68,Rei,0.9996697902679443,Yujin|Rei,"[0.693, 1.000]","[0.000, 0.693, 1.000, 0.000, 0.000, 0.000, 0.000]"
169.68,169.72,Rei,0.9996836185455322,Yujin|Rei,"[0.688, 1.000]","[0.000, 0.688, 1.000, 0.000, 0.000, 0.000, 0.000]"
169.72,169.76,Rei,0.9996935129165649,Yujin|Rei,"[0.679, 1.000]","[0.000, 0.679, 1.000, 0.000, 0.000, 0.000, 0.000]"
169.76,169.8,Rei,0.999699592590332,Yujin|Rei,"[0.666, 1.000]","[0.000, 0.666, 1.000, 0.000, 0.000, 0.000, 0.000]"
169.8,169.84,Rei,0.9997021555900574,Yujin|Rei,"[0.650, 1.000]","[0.000, 0.650, 1.000, 0.000, 0.000, 0.000, 0.000]"
169.84,169.88,Rei,0.9997014403343201,Yujin|Rei,"[0.630, 1.000]","[0.000, 0.630, 1.000, 0.000, 0.000, 0.000, 0.000]"
169.88,169.92,Rei,0.9996974468231201,Yujin|Rei,"[0.607, 1.000]","[0.000, 0.607, 1.000, 0.000, 0.000, 0.000, 0.000]"
169.92,169.96,Rei,0.9996899366378784,Yujin|Rei,"[0.582, 1.000]","[0.000, 0.582, 1.000, 0.000, 0.000, 0.000, 0.000]"
169.96,170.0,Rei,0.9996782541275024,Rei,[1.000],"[0.000, 0.555, 1.000, 0.000, 0.000, 0.000, 0.000]"
170.0,170.04,Rei,0.9996621608734131,Rei,[1.000],"[0.000, 0.527, 1.000, 0.000, 0.000, 0.000, 0.000]"
170.04,170.08,Rei,0.999640941619873,Rei,[1.000],"[0.000, 0.499, 1.000, 0.000, 0.000, 0.000, 0.000]"
170.08,170.12,Rei,0.9996141195297241,Rei,[1.000],"[0.000, 0.473, 1.000, 0.000, 0.000, 0.000, 0.000]"
170.12,170.16,Rei,0.9995818734169006,Rei,[1.000],"[0.000, 0.449, 1.000, 0.000, 0.000, 0.000, 0.000]"
170.16,170.2,Rei,0.9995434880256653,Rei,[1.000],"[0.000, 0.428, 1.000, 0.000, 0.000, 0.000, 0.000]"
170.2,170.24,Rei,0.9994989633560181,Rei,[0.999],"[0.000, 0.410, 0.999, 0.000, 0.000, 0.000, 0.000]"
170.24,170.28,Rei,0.9994476437568665,Rei,[0.999],"[0.000, 0.395, 0.999, 0.000, 0.000, 0.000, 0.000]"
170.28,170.32,Rei,0.9993886947631836,Rei,[0.999],"[0.000, 0.384, 0.999, 0.000, 0.000, 0.000, 0.000]"
170.32,170.36,Rei,0.9993206262588501,Rei,[0.999],"[0.000, 0.377, 0.999, 0.000, 0.000, 0.000, 0.000]"
170.36,170.4,Rei,0.9992427825927734,Rei,[0.999],"[0.000, 0.374, 0.999, 0.000, 0.000, 0.000, 0.000]"
170.4,170.44,Rei,0.9991539716720581,Rei,[0.999],"[0.000, 0.376, 0.999, 0.000, 0.000, 0.000, 0.000]"
170.44,170.48,Rei,0.9990527033805847,Rei,[0.999],"[0.000, 0.381, 0.999, 0.000, 0.000, 0.000, 0.000]"
170.48,170.52,Rei,0.9989362359046936,Rei,[0.999],"[0.000, 0.391, 0.999, 0.000, 0.000, 0.000, 0.000]"
170.52,170.56,Rei,0.9988014698028564,Rei,[0.999],"[0.000, 0.405, 0.999, 0.000, 0.000, 0.000, 0.000]"
170.56,170.6,Rei,0.9986440539360046,Rei,[0.999],"[0.000, 0.422, 0.999, 0.000, 0.000, 0.000, 0.000]"
170.6,170.64,Rei,0.9984571933746338,Rei,[0.998],"[0.000, 0.444, 0.998, 0.000, 0.000, 0.000, 0.000]"
170.64,170.68,Rei,0.9982321858406067,Rei,[0.998],"[0.000, 0.469, 0.998, 0.000, 0.000, 0.000, 0.000]"
170.68,170.72,Rei,0.9979568719863892,Rei,[0.998],"[0.000, 0.496, 0.998, 0.000, 0.000, 0.000, 0.000]"
170.72,170.76,Rei,0.9976086616516113,Rei,[0.998],"[0.000, 0.525, 0.998, 0.000, 0.000, 0.000, 0.000]"
170.76,170.8,Rei,0.9971581697463989,Rei,[0.997],"[0.000, 0.554, 0.997, 0.000, 0.000, 0.000, 0.000]"
170.8,170.84,Rei,0.9965631365776062,Rei,[0.997],"[0.000, 0.583, 0.997, 0.000, 0.000, 0.000, 0.000]"
170.84,170.88,Rei,0.9957553148269653,Rei,[0.996],"[0.000, 0.610, 0.996, 0.000, 0.000, 0.000, 0.000]"
170.88,170.92,Rei,0.9946179986000061,Yujin|Rei,"[0.635, 0.995]","[0.000, 0.635, 0.995, 0.000, 0.000, 0.000, 0.000]"
170.92,170.96,Rei,0.992972731590271,Yujin|Rei,"[0.658, 0.993]","[0.000, 0.658, 0.993, 0.000, 0.000, 0.000, 0.000]"
170.96,171.0,Rei,0.990542471408844,Yujin|Rei,"[0.679, 0.991]","[0.000, 0.679, 0.991, 0.000, 0.000, 0.000, 0.000]"
171.0,171.04,Rei,0.986869752407074,Yujin|Rei,"[0.697, 0.987]","[0.000, 0.697, 0.987, 0.000, 0.000, 0.000, 0.000]"
171.04,171.08,Rei,0.9811990261077881,Yujin|Rei,"[0.715, 0.981]","[0.000, 0.715, 0.981, 0.000, 0.000, 0.000, 0.000]"
171.08,171.12,Rei,0.9722087383270264,Yujin|Rei,"[0.732, 0.972]","[0.000, 0.732, 0.972, 0.000, 0.000, 0.000, 0.000]"
171.12,171.16,Rei,0.9575976133346558,Yujin|Rei,"[0.749, 0.958]","[0.000, 0.749, 0.958, 0.000, 0.000, 0.000, 0.000]"
171.16,171.2,Rei,0.9333244562149048,Yujin|Rei,"[0.766, 0.933]","[0.000, 0.766, 0.933, 0.000, 0.000, 0.000, 0.001]"
171.2,171.24,Rei,0.8924116492271423,Yujin|Rei,"[0.784, 0.892]","[0.000, 0.784, 0.892, 0.000, 0.000, 0.000, 0.001]"
171.24,171.28,Rei,0.8241802453994751,Yujin|Rei,"[0.802, 0.824]","[0.000, 0.802, 0.824, 0.000, 0.000, 0.000, 0.001]"
171.28,171.32,Yujin,0.8210157752037048,Yujin|Rei,"[0.821, 0.716]","[0.000, 0.821, 0.716, 0.000, 0.000, 0.000, 0.001]"
171.32,171.36,Yujin,0.840315043926239,Yujin,[0.840],"[0.000, 0.840, 0.564, 0.000, 0.000, 0.000, 0.001]"
171.36,171.4,Yujin,0.8600537180900574,Yujin,[0.860],"[0.000, 0.860, 0.387, 0.000, 0.000, 0.000, 0.001]"
171.4,171.44,Yujin,0.879960298538208,Yujin,[0.880],"[0.000, 0.880, 0.227, 0.000, 0.000, 0.000, 0.002]"
171.44,171.48,Yujin,0.8995615243911743,Yujin,[0.900],"[0.000, 0.900, 0.115, 0.000, 0.000, 0.000, 0.002]"
171.48,171.52,Yujin,0.9181605577468872,Yujin,[0.918],"[0.000, 0.918, 0.052, 0.000, 0.000, 0.000, 0.002]"
171.52,171.56,Yujin,0.9350612163543701,Yujin,[0.935],"[0.000, 0.935, 0.022, 0.000, 0.000, 0.000, 0.002]"
171.56,171.6,Yujin,0.949735164642334,Yujin,[0.950],"[0.000, 0.950, 0.009, 0.000, 0.000, 0.000, 0.002]"
171.6,171.64,Yujin,0.961908757686615,Yujin,[0.962],"[0.000, 0.962, 0.003, 0.000, 0.000, 0.000, 0.002]"
171.64,171.68,Yujin,0.9716157913208008,Yujin,[0.972],"[0.000, 0.972, 0.001, 0.000, 0.000, 0.000, 0.002]"
171.68,171.72,Yujin,0.9791457653045654,Yujin,[0.979],"[0.000, 0.979, 0.000, 0.000, 0.000, 0.000, 0.001]"
171.72,171.76,Yujin,0.9848476052284241,Yujin,[0.985],"[0.000, 0.985, 0.000, 0.000, 0.000, 0.000, 0.001]"
171.76,171.8,Yujin,0.989081859588623,Yujin,[0.989],"[0.000, 0.989, 0.000, 0.000, 0.000, 0.000, 0.001]"
171.8,171.84,Yujin,0.9921793937683105,Yujin,[0.992],"[0.000, 0.992, 0.000, 0.000, 0.000, 0.000, 0.001]"
171.84,171.88,Yujin,0.9944091439247131,Yujin,[0.994],"[0.000, 0.994, 0.000, 0.000, 0.000, 0.000, 0.001]"
171.88,171.92,Yujin,0.9959986209869385,Yujin,[0.996],"[0.000, 0.996, 0.000, 0.000, 0.000, 0.000, 0.001]"
171.92,171.96,Yujin,0.9971275925636292,Yujin,[0.997],"[0.000, 0.997, 0.000, 0.000, 0.000, 0.000, 0.001]"
171.96,172.0,Yujin,0.9979274272918701,Yujin,[0.998],"[0.000, 0.998, 0.000, 0.000, 0.000, 0.000, 0.000]"
172.0,172.04,Yujin,0.9984909296035767,Yujin,[0.998],"[0.000, 0.998, 0.000, 0.000, 0.000, 0.000, 0.000]"
172.04,172.08,Yujin,0.9988879561424255,Yujin,[0.999],"[0.000, 0.999, 0.000, 0.000, 0.000, 0.000, 0.000]"
172.08,172.12,Yujin,0.9991687536239624,Yujin,[0.999],"[0.000, 0.999, 0.000, 0.000, 0.000, 0.000, 0.000]"
172.12,172.16,Yujin,0.9993677735328674,Yujin,[0.999],"[0.000, 0.999, 0.000, 0.000, 0.000, 0.000, 0.000]"
172.16,172.2,Yujin,0.999509334564209,Yujin,[1.000],"[0.000, 1.000, 0.000, 0.000, 0.000, 0.000, 0.000]"
172.2,172.24,Yujin,0.9996107220649719,Yujin,[1.000],"[0.000, 1.000, 0.000, 0.000, 0.000, 0.000, 0.000]"
172.24,172.28,Yujin,0.9996840953826904,Yujin,[1.000],"[0.000, 1.000, 0.000, 0.000, 0.000, 0.000, 0.000]"
172.28,172.32,Yujin,0.9997373223304749,Yujin,[1.000],"[0.000, 1.000, 0.000, 0.000, 0.000, 0.000, 0.000]"
172.32,172.36,Yujin,0.9997759461402893,Yujin,[1.000],"[0.000, 1.000, 0.000, 0.000, 0.000, 0.000, 0.000]"
172.36,172.4,Yujin,0.9998039603233337,Yujin,[1.000],"[0.000, 1.000, 0.000, 0.000, 0.000, 0.000, 0.000]"
172.4,172.44,Yujin,0.9998238682746887,Yujin,[1.000],"[0.000, 1.000, 0.000, 0.000, 0.000, 0.000, 0.000]"
172.44,172.48,Yujin,0.9998373985290527,Yujin,[1.000],"[0.000, 1.000, 0.000, 0.000, 0.000, 0.000, 0.000]"
172.48,172.52,Yujin,0.9998457431793213,Yujin,[1.000],"[0.000, 1.000, 0.000, 0.000, 0.000, 0.000, 0.000]"
172.52,172.56,Yujin,0.9998493194580078,Yujin,[1.000],"[0.000, 1.000, 0.000, 0.000, 0.000, 0.000, 0.000]"
172.56,172.6,Yujin,0.9998487234115601,Yujin,[1.000],"[0.000, 1.000, 0.000, 0.000, 0.000, 0.000, 0.000]"
172.6,172.64,Yujin,0.999843955039978,Yujin,[1.000],"[0.000, 1.000, 0.000, 0.000, 0.000, 0.000, 0.000]"
172.64,172.68,Yujin,0.9998351335525513,Yujin,[1.000],"[0.000, 1.000, 0.000, 0.000, 0.000, 0.000, 0.000]"
172.68,172.72,Yujin,0.9998217225074768,Yujin,[1.000],"[0.000, 1.000, 0.000, 0.000, 0.001, 0.000, 0.000]"
172.72,172.76,Yujin,0.9998031258583069,Yujin,[1.000],"[0.000, 1.000, 0.000, 0.000, 0.001, 0.000, 0.000]"
172.76,172.8,Yujin,0.9997783303260803,Yujin,[1.000],"[0.000, 1.000, 0.000, 0.000, 0.001, 0.000, 0.000]"
172.8,172.84,Yujin,0.9997463822364807,Yujin,[1.000],"[0.000, 1.000, 0.000, 0.000, 0.001, 0.000, 0.000]"
172.84,172.88,Yujin,0.9997057318687439,Yujin,[1.000],"[0.000, 1.000, 0.000, 0.000, 0.001, 0.000, 0.000]"
172.88,172.92,Yujin,0.9996552467346191,Yujin,[1.000],"[0.000, 1.000, 0.000, 0.000, 0.001, 0.000, 0.000]"
172.92,172.96,Yujin,0.9995934367179871,Yujin,[1.000],"[0.000, 1.000, 0.000, 0.000, 0.001, 0.000, 0.000]"
172.96,173.0,Yujin,0.9995193481445312,Yujin,[1.000],"[0.000, 1.000, 0.000, 0.000, 0.001, 0.000, 0.000]"
173.0,173.04,Yujin,0.9994319081306458,Yujin,[0.999],"[0.000, 0.999, 0.000, 0.000, 0.001, 0.000, 0.000]"
173.04,173.08,Yujin,0.9993308782577515,Yujin,[0.999],"[0.000, 0.999, 0.000, 0.000, 0.001, 0.000, 0.000]"
173.08,173.12,Yujin,0.9992172718048096,Yujin,[0.999],"[0.000, 0.999, 0.000, 0.000, 0.001, 0.000, 0.000]"
173.12,173.16,Yujin,0.9990938901901245,Yujin,[0.999],"[0.000, 0.999, 0.000, 0.000, 0.002, 0.000, 0.000]"
173.16,173.2,Yujin,0.9989651441574097,Yujin,[0.999],"[0.000, 0.999, 0.000, 0.000, 0.002, 0.000, 0.000]"
173.2,173.24,Yujin,0.9988409876823425,Yujin,[0.999],"[0.000, 0.999, 0.000, 0.000, 0.002, 0.000, 0.000]"
173.24,173.28,Yujin,0.9987329840660095,Yujin,[0.999],"[0.000, 0.999, 0.000, 0.000, 0.002, 0.000, 0.000]"
173.28,173.32,Yujin,0.9986515641212463,Yujin,[0.999],"[0.000, 0.999, 0.000, 0.000, 0.002, 0.000, 0.000]"
173.32,173.36,Yujin,0.9986055493354797,Yujin,[0.999],"[0.000, 0.999, 0.000, 0.000, 0.002, 0.000, 0.000]"
173.36,173.4,Yujin,0.9986000657081604,Yujin,[0.999],"[0.000, 0.999, 0.000, 0.000, 0.002, 0.000, 0.000]"
173.4,173.44,Yujin,0.9986341595649719,Yujin,[0.999],"[0.000, 0.999, 0.000, 0.000, 0.002, 0.000, 0.000]"
173.44,173.48,Yujin,0.9987019300460815,Yujin,[0.999],"[0.000, 0.999, 0.000, 0.000, 0.002, 0.000, 0.000]"
173.48,173.52,Yujin,0.9987943172454834,Yujin,[0.999],"[0.000, 0.999, 0.000, 0.000, 0.002, 0.000, 0.000]"
173.52,173.56,Yujin,0.9989023208618164,Yujin,[0.999],"[0.000, 0.999, 0.000, 0.000, 0.002, 0.000, 0.000]"
173.56,173.6,Yujin,0.9990184307098389,Yujin,[0.999],"[0.000, 0.999, 0.000, 0.000, 0.002, 0.000, 0.000]"
173.6,173.64,Yujin,0.9991361498832703,Yujin,[0.999],"[0.000, 0.999, 0.000, 0.000, 0.002, 0.000, 0.000]"
173.64,173.68,Yujin,0.9992496371269226,Yujin,[0.999],"[0.000, 0.999, 0.000, 0.000, 0.002, 0.000, 0.000]"
173.68,173.72,Yujin,0.9993545413017273,Yujin,[0.999],"[0.000, 0.999, 0.000, 0.000, 0.001, 0.000, 0.000]"
173.72,173.76,Yujin,0.9994485974311829,Yujin,[0.999],"[0.000, 0.999, 0.000, 0.000, 0.001, 0.000, 0.000]"
173.76,173.8,Yujin,0.9995303153991699,Yujin,[1.000],"[0.000, 1.000, 0.000, 0.000, 0.001, 0.000, 0.000]"
173.8,173.84,Yujin,0.9995997548103333,Yujin,[1.000],"[0.000, 1.000, 0.000, 0.000, 0.001, 0.000, 0.000]"
173.84,173.88,Yujin,0.9996581077575684,Yujin,[1.000],"[0.000, 1.000, 0.000, 0.000, 0.001, 0.000, 0.000]"
173.88,173.92,Yujin,0.999705970287323,Yujin,[1.000],"[0.000, 1.000, 0.000, 0.000, 0.001, 0.000, 0.000]"
173.92,173.96,Yujin,0.9997443556785583,Yujin,[1.000],"[0.000, 1.000, 0.000, 0.000, 0.001, 0.000, 0.000]"
173.96,174.0,Yujin,0.9997742772102356,Yujin,[1.000],"[0.000, 1.000, 0.000, 0.000, 0.002, 0.000, 0.000]"
174.0,174.04,Yujin,0.9997970461845398,Yujin,[1.000],"[0.000, 1.000, 0.000, 0.000, 0.002, 0.000, 0.000]"
174.04,174.08,Yujin,0.9998138546943665,Yujin,[1.000],"[0.000, 1.000, 0.000, 0.000, 0.002, 0.000, 0.000]"
174.08,174.12,Yujin,0.999825656414032,Yujin,[1.000],"[0.000, 1.000, 0.000, 0.000, 0.003, 0.000, 0.000]"
174.12,174.16,Yujin,0.9998331069946289,Yujin,[1.000],"[0.000, 1.000, 0.000, 0.000, 0.004, 0.000, 0.000]"
174.16,174.2,Yujin,0.9998366832733154,Yujin,[1.000],"[0.000, 1.000, 0.000, 0.000, 0.006, 0.000, 0.000]"
174.2,174.24,Yujin,0.9998364448547363,Yujin,[1.000],"[0.000, 1.000, 0.000, 0.000, 0.009, 0.000, 0.000]"
174.24,174.28,Yujin,0.9998323917388916,Yujin,[1.000],"[0.000, 1.000, 0.000, 0.000, 0.014, 0.000, 0.000]"
174.28,174.32,Yujin,0.9998243451118469,Yujin,[1.000],"[0.000, 1.000, 0.000, 0.000, 0.024, 0.000, 0.000]"
174.32,174.36,Yujin,0.9998120665550232,Yujin,[1.000],"[0.000, 1.000, 0.000, 0.000, 0.040, 0.000, 0.000]"
174.36,174.4,Yujin,0.9997952580451965,Yujin,[1.000],"[0.000, 1.000, 0.000, 0.000, 0.069, 0.000, 0.000]"
174.4,174.44,Yujin,0.9997729659080505,Yujin,[1.000],"[0.000, 1.000, 0.000, 0.000, 0.118, 0.000, 0.000]"
174.44,174.48,Yujin,0.9997439980506897,Yujin,[1.000],"[0.000, 1.000, 0.000, 0.000, 0.197, 0.000, 0.000]"
174.48,174.52,Yujin,0.9997068047523499,Yujin,[1.000],"[0.000, 1.000, 0.000, 0.000, 0.313, 0.000, 0.000]"
174.52,174.56,Yujin,0.9996596574783325,Yujin,[1.000],"[0.000, 1.000, 0.000, 0.000, 0.459, 0.000, 0.000]"
174.56,174.6,Yujin,0.9996007084846497,Yujin,[1.000],"[0.000, 1.000, 0.000, 0.000, 0.610, 0.000, 0.000]"
174.6,174.64,Yujin,0.9995273351669312,Yujin|Liz,"[1.000, 0.740]","[0.000, 1.000, 0.000, 0.000, 0.740, 0.000, 0.000]"
174.64,174.68,Yujin,0.9994364380836487,Yujin|Liz,"[0.999, 0.836]","[0.000, 0.999, 0.000, 0.000, 0.836, 0.000, 0.000]"
174.68,174.72,Yujin,0.999323844909668,Yujin|Liz,"[0.999, 0.899]","[0.000, 0.999, 0.000, 0.000, 0.899, 0.000, 0.000]"
174.72,174.76,Yujin,0.9991840720176697,Yujin|Liz,"[0.999, 0.938]","[0.000, 0.999, 0.000, 0.000, 0.938, 0.000, 0.000]"
174.76,174.8,Yujin,0.9990111589431763,Yujin|Liz,"[0.999, 0.961]","[0.000, 0.999, 0.000, 0.000, 0.961, 0.000, 0.000]"
174.8,174.84,Yujin,0.9987986087799072,Yujin|Liz,"[0.999, 0.975]","[0.000, 0.999, 0.000, 0.000, 0.975, 0.000, 0.000]"
174.84,174.88,Yujin,0.9985376596450806,Yujin|Liz,"[0.999, 0.983]","[0.000, 0.999, 0.000, 0.000, 0.983, 0.000, 0.000]"
174.88,174.92,Yujin,0.9982169270515442,Yujin|Liz,"[0.998, 0.988]","[0.000, 0.998, 0.000, 0.000, 0.988, 0.000, 0.000]"
174.92,174.96,Yujin,0.997820258140564,Yujin|Liz,"[0.998, 0.992]","[0.000, 0.998, 0.000, 0.000, 0.992, 0.000, 0.000]"
174.96,175.0,Yujin,0.9973267316818237,Yujin|Liz,"[0.997, 0.993]","[0.000, 0.997, 0.000, 0.000, 0.993, 0.000, 0.000]"
175.0,175.04,Yujin,0.9967120885848999,Yujin|Liz,"[0.997, 0.995]","[0.000, 0.997, 0.000, 0.000, 0.995, 0.000, 0.000]"
175.04,175.08,Yujin,0.9959410429000854,Yujin|Liz,"[0.996, 0.995]","[0.000, 0.996, 0.000, 0.000, 0.995, 0.000, 0.000]"
175.08,175.12,Liz,0.9957211017608643,Yujin|Liz,"[0.995, 0.996]","[0.000, 0.995, 0.000, 0.000, 0.996, 0.000, 0.000]"
175.12,175.16,Liz,0.9958587288856506,Yujin|Liz,"[0.994, 0.996]","[0.000, 0.994, 0.000, 0.000, 0.996, 0.000, 0.000]"
175.16,175.2,Liz,0.9957839846611023,Yujin|Liz,"[0.992, 0.996]","[0.000, 0.992, 0.000, 0.000, 0.996, 0.000, 0.000]"
175.2,175.24,Liz,0.9955148100852966,Yujin|Liz,"[0.990, 0.996]","[0.000, 0.990, 0.000, 0.000, 0.996, 0.000, 0.000]"
175.24,175.28,Liz,0.9950481057167053,Yujin|Liz,"[0.987, 0.995]","[0.000, 0.987, 0.000, 0.000, 0.995, 0.000, 0.000]"
175.28,175.32,Liz,0.9943708777427673,Yujin|Liz,"[0.983, 0.994]","[0.000, 0.983, 0.000, 0.000, 0.994, 0.000, 0.000]"
175.32,175.36,Liz,0.993462085723877,Yujin|Liz,"[0.976, 0.993]","[0.000, 0.976, 0.000, 0.000, 0.993, 0.000, 0.000]"
175.36,175.4,Liz,0.9922971129417419,Yujin|Liz,"[0.967, 0.992]","[0.000, 0.967, 0.000, 0.000, 0.992, 0.000, 0.000]"
175.4,175.44,Liz,0.9908455014228821,Yujin|Liz,"[0.953, 0.991]","[0.000, 0.953, 0.000, 0.000, 0.991, 0.000, 0.000]"
175.44,175.48,Liz,0.9890598058700562,Yujin|Liz,"[0.932, 0.989]","[0.000, 0.932, 0.000, 0.000, 0.989, 0.000, 0.000]"
175.48,175.52,Liz,0.9869083166122437,Yujin|Liz,"[0.901, 0.987]","[0.000, 0.901, 0.000, 0.000, 0.987, 0.000, 0.000]"
175.52,175.56,Liz,0.9843825697898865,Yujin|Liz,"[0.855, 0.984]","[0.000, 0.855, 0.000, 0.000, 0.984, 0.000, 0.000]"
175.56,175.6,Liz,0.9815131425857544,Yujin|Liz,"[0.789, 0.982]","[0.000, 0.789, 0.000, 0.000, 0.982, 0.000, 0.000]"
175.6,175.64,Liz,0.9783878326416016,Yujin|Liz,"[0.701, 0.978]","[0.000, 0.701, 0.000, 0.000, 0.978, 0.000, 0.000]"
175.64,175.68,Liz,0.9750962853431702,Yujin|Liz,"[0.594, 0.975]","[0.000, 0.594, 0.000, 0.001, 0.975, 0.000, 0.000]"
175.68,175.72,Liz,0.97171550989151,Liz,[0.972],"[0.000, 0.476, 0.000, 0.002, 0.972, 0.000, 0.000]"
175.72,175.76,Liz,0.9682484269142151,Liz,[0.968],"[0.000, 0.361, 0.000, 0.004, 0.968, 0.000, 0.000]"
175.76,175.8,Liz,0.9646835327148438,Liz,[0.965],"[0.000, 0.260, 0.000, 0.009, 0.965, 0.000, 0.000]"
175.8,175.84,Liz,0.9610468745231628,Liz,[0.961],"[0.000, 0.181, 0.000, 0.018, 0.961, 0.000, 0.000]"
175.84,175.88,Liz,0.9573134183883667,Liz,[0.957],"[0.000, 0.123, 0.000, 0.034, 0.957, 0.000, 0.000]"
175.88,175.92,Liz,0.953407883644104,Liz,[0.953],"[0.000, 0.083, 0.000, 0.064, 0.953, 0.000, 0.001]"
175.92,175.96,Liz,0.9492716193199158,Liz,[0.949],"[0.000, 0.056, 0.000, 0.113, 0.949, 0.000, 0.001]"
175.96,176.0,Liz,0.9448513984680176,Liz,[0.945],"[0.000, 0.038, 0.000, 0.184, 0.945, 0.000, 0.001]"
176.0,176.04,Liz,0.940144956111908,Liz,[0.940],"[0.000, 0.027, 0.000, 0.276, 0.940, 0.000, 0.001]"
176.04,176.08,Liz,0.9351948499679565,Liz,[0.935],"[0.000, 0.019, 0.000, 0.382, 0.935, 0.000, 0.002]"
176.08,176.12,Liz,0.9300252199172974,Liz,[0.930],"[0.000, 0.014, 0.000, 0.489, 0.930, 0.000, 0.002]"
176.12,176.16,Liz,0.9246920347213745,Liz,[0.925],"[0.000, 0.010, 0.000, 0.587, 0.925, 0.000, 0.003]"
176.16,176.2,Liz,0.9192125797271729,Wonyoung|Liz,"[0.669, 0.919]","[0.000, 0.008, 0.000, 0.669, 0.919, 0.000, 0.004]"
176.2,176.24,Liz,0.91373211145401,Wonyoung|Liz,"[0.734, 0.914]","[0.000, 0.006, 0.000, 0.734, 0.914, 0.000, 0.005]"
176.24,176.28,Liz,0.9085155129432678,Wonyoung|Liz,"[0.784, 0.909]","[0.000, 0.005, 0.000, 0.784, 0.909, 0.000, 0.005]"
176.28,176.32,Liz,0.9037600755691528,Wonyoung|Liz,"[0.822, 0.904]","[0.000, 0.004, 0.000, 0.822, 0.904, 0.000, 0.006]"
176.32,176.36,Liz,0.8995779752731323,Wonyoung|Liz,"[0.851, 0.900]","[0.000, 0.003, 0.000, 0.851, 0.900, 0.000, 0.007]"
176.36,176.4,Liz,0.8960897326469421,Wonyoung|Liz,"[0.873, 0.896]","[0.000, 0.003, 0.000, 0.873, 0.896, 0.000, 0.007]"
176.4,176.44,Liz,0.8933647871017456,Wonyoung|Liz,"[0.890, 0.893]","[0.000, 0.002, 0.000, 0.890, 0.893, 0.000, 0.008]"
176.44,176.48,Wonyoung,0.9037060737609863,Wonyoung|Liz,"[0.904, 0.891]","[0.000, 0.002, 0.000, 0.904, 0.891, 0.000, 0.008]"
176.48,176.52,Wonyoung,0.9137836694717407,Wonyoung|Liz,"[0.914, 0.890]","[0.000, 0.002, 0.000, 0.914, 0.890, 0.000, 0.008]"
176.52,176.56,Wonyoung,0.9214873313903809,Wonyoung|Liz,"[0.921, 0.890]","[0.000, 0.002, 0.000, 0.921, 0.890, 0.000, 0.008]"
176.56,176.6,Wonyoung,0.9273503422737122,Wonyoung|Liz,"[0.927, 0.891]","[0.001, 0.002, 0.000, 0.927, 0.891, 0.000, 0.008]"
176.6,176.64,Wonyoung,0.9317759275436401,Wonyoung|Liz,"[0.932, 0.893]","[0.001, 0.001, 0.000, 0.932, 0.893, 0.000, 0.008]"
176.64,176.68,Wonyoung,0.9350007772445679,Wonyoung|Liz,"[0.935, 0.896]","[0.001, 0.001, 0.000, 0.935, 0.896, 0.000, 0.008]"
176.68,176.72,Wonyoung,0.9372031092643738,Wonyoung|Liz,"[0.937, 0.900]","[0.001, 0.001, 0.000, 0.937, 0.900, 0.000, 0.007]"
176.72,176.76,Wonyoung,0.9385239481925964,Wonyoung|Liz,"[0.939, 0.905]","[0.001, 0.001, 0.000, 0.939, 0.905, 0.000, 0.007]"
176.76,176.8,Wonyoung,0.9389978051185608,Wonyoung|Liz,"[0.939, 0.910]","[0.001, 0.001, 0.000, 0.939, 0.910, 0.000, 0.006]"
176.8,176.84,Wonyoung,0.9386565089225769,Wonyoung|Liz,"[0.939, 0.915]","[0.001, 0.001, 0.000, 0.939, 0.915, 0.000, 0.006]"
176.84,176.88,Wonyoung,0.9375050067901611,Wonyoung|Liz,"[0.938, 0.920]","[0.002, 0.001, 0.000, 0.938, 0.920, 0.000, 0.005]"
176.88,176.92,Wonyoung,0.9354864358901978,Wonyoung|Liz,"[0.935, 0.926]","[0.002, 0.001, 0.000, 0.935, 0.926, 0.000, 0.005]"
176.92,176.96,Wonyoung,0.9324992895126343,Wonyoung|Liz,"[0.932, 0.932]","[0.002, 0.001, 0.000, 0.932, 0.932, 0.000, 0.004]"
176.96,177.0,Liz,0.9378828406333923,Wonyoung|Liz,"[0.928, 0.938]","[0.002, 0.001, 0.000, 0.928, 0.938, 0.000, 0.004]"
177.0,177.04,Liz,0.9433872699737549,Wonyoung|Liz,"[0.923, 0.943]","[0.003, 0.001, 0.000, 0.923, 0.943, 0.000, 0.003]"
177.04,177.08,Liz,0.9485293626785278,Wonyoung|Liz,"[0.916, 0.949]","[0.003, 0.001, 0.000, 0.916, 0.949, 0.000, 0.003]"
177.08,177.12,Liz,0.9532287120819092,Wonyoung|Liz,"[0.907, 0.953]","[0.003, 0.001, 0.000, 0.907, 0.953, 0.000, 0.002]"
177.12,177.16,Liz,0.9574460387229919,Wonyoung|Liz,"[0.896, 0.957]","[0.004, 0.001, 0.000, 0.896, 0.957, 0.000, 0.002]"
177.16,177.2,Liz,0.9611659049987793,Wonyoung|Liz,"[0.882, 0.961]","[0.004, 0.001, 0.000, 0.882, 0.961, 0.000, 0.002]"
177.2,177.24,Liz,0.9643498063087463,Wonyoung|Liz,"[0.864, 0.964]","[0.004, 0.001, 0.000, 0.864, 0.964, 0.000, 0.002]"
177.24,177.28,Liz,0.9669902920722961,Wonyoung|Liz,"[0.841, 0.967]","[0.004, 0.001, 0.000, 0.841, 0.967, 0.000, 0.002]"
177.28,177.32,Liz,0.9691306948661804,Wonyoung|Liz,"[0.812, 0.969]","[0.005, 0.001, 0.000, 0.812, 0.969, 0.000, 0.001]"
177.32,177.36,Liz,0.9708104133605957,Wonyoung|Liz,"[0.775, 0.971]","[0.004, 0.001, 0.000, 0.775, 0.971, 0.000, 0.001]"
177.36,177.4,Liz,0.972052276134491,Wonyoung|Liz,"[0.729, 0.972]","[0.004, 0.001, 0.000, 0.729, 0.972, 0.000, 0.001]"
177.4,177.44,Liz,0.9728829264640808,Wonyoung|Liz,"[0.672, 0.973]","[0.004, 0.001, 0.000, 0.672, 0.973, 0.000, 0.001]"
177.44,177.48,Liz,0.9733207821846008,Wonyoung|Liz,"[0.606, 0.973]","[0.004, 0.001, 0.000, 0.606, 0.973, 0.000, 0.001]"
177.48,177.52,Liz,0.9733736515045166,Liz,[0.973],"[0.003, 0.001, 0.000, 0.531, 0.973, 0.000, 0.001]"
177.52,177.56,Liz,0.9730409979820251,Liz,[0.973],"[0.003, 0.001, 0.000, 0.452, 0.973, 0.000, 0.001]"
177.56,177.6,Liz,0.9723162651062012,Liz,[0.972],"[0.003, 0.001, 0.000, 0.373, 0.972, 0.000, 0.001]"
177.6,177.64,Liz,0.9711800217628479,Liz,[0.971],"[0.002, 0.001, 0.000, 0.298, 0.971, 0.000, 0.001]"
177.64,177.68,Liz,0.9696177244186401,Liz,[0.970],"[0.002, 0.001, 0.000, 0.233, 0.970, 0.000, 0.001]"
177.68,177.72,Liz,0.9676374793052673,Liz,[0.968],"[0.002, 0.001, 0.000, 0.178, 0.968, 0.000, 0.002]"
177.72,177.76,Liz,0.9652348756790161,Liz,[0.965],"[0.001, 0.001, 0.000, 0.136, 0.965, 0.000, 0.002]"
177.76,177.8,Liz,0.9623778462409973,Liz,[0.962],"[0.001, 0.001, 0.000, 0.103, 0.962, 0.000, 0.002]"
177.8,177.84,Liz,0.9590392708778381,Liz,[0.959],"[0.001, 0.000, 0.000, 0.079, 0.959, 0.000, 0.002]"
177.84,177.88,Liz,0.9551928639411926,Liz,[0.955],"[0.001, 0.000, 0.000, 0.061, 0.955, 0.001, 0.003]"
177.88,177.92,Liz,0.950842559337616,Liz,[0.951],"[0.001, 0.000, 0.000, 0.049, 0.951, 0.001, 0.003]"
177.92,177.96,Liz,0.946022629737854,Liz,[0.946],"[0.001, 0.000, 0.000, 0.040, 0.946, 0.001, 0.004]"
177.96,178.0,Liz,0.9408050179481506,Liz,[0.941],"[0.001, 0.000, 0.000, 0.033, 0.941, 0.001, 0.004]"
178.0,178.04,Liz,0.9353047609329224,Liz,[0.935],"[0.000, 0.000, 0.000, 0.029, 0.935, 0.001, 0.005]"
178.04,178.08,Liz,0.9296212196350098,Liz,[0.930],"[0.000, 0.000, 0.000, 0.026, 0.930, 0.002, 0.006]"
178.08,178.12,Liz,0.9238777160644531,Liz,[0.924],"[0.000, 0.000, 0.000, 0.025, 0.924, 0.002, 0.007]"
178.12,178.16,Liz,0.9182157516479492,Liz,[0.918],"[0.000, 0.000, 0.000, 0.024, 0.918, 0.003, 0.007]"
178.16,178.2,Liz,0.912758469581604,Liz,[0.913],"[0.000, 0.000, 0.000, 0.025, 0.913, 0.004, 0.008]"
178.2,178.24,Liz,0.907630205154419,Liz,[0.908],"[0.000, 0.000, 0.000, 0.026, 0.908, 0.005, 0.009]"
178.24,178.28,Liz,0.9029700756072998,Liz,[0.903],"[0.000, 0.000, 0.000, 0.029, 0.903, 0.006, 0.009]"
178.28,178.32,Liz,0.8989631533622742,Liz,[0.899],"[0.000, 0.000, 0.000, 0.033, 0.899, 0.007, 0.010]"
178.32,178.36,Liz,0.8957006931304932,Liz,[0.896],"[0.000, 0.000, 0.000, 0.039, 0.896, 0.008, 0.010]"
178.36,178.4,Liz,0.8932915329933167,Liz,[0.893],"[0.000, 0.000, 0.000, 0.047, 0.893, 0.009, 0.010]"
178.4,178.44,Liz,0.8918668627738953,Liz,[0.892],"[0.000, 0.000, 0.000, 0.058, 0.892, 0.010, 0.010]"
178.44,178.48,Liz,0.8915448784828186,Liz,[0.892],"[0.000, 0.000, 0.000, 0.073, 0.892, 0.011, 0.010]"
178.48,178.52,Liz,0.892400860786438,Liz,[0.892],"[0.000, 0.000, 0.000, 0.092, 0.892, 0.012, 0.009]"
178.52,178.56,Liz,0.8944821953773499,Liz,[0.894],"[0.000, 0.000, 0.000, 0.117, 0.894, 0.012, 0.008]"
178.56,178.6,Liz,0.8977188467979431,Liz,[0.898],"[0.000, 0.000, 0.000, 0.147, 0.898, 0.013, 0.008]"
178.6,178.64,Liz,0.9019880294799805,Liz,[0.902],"[0.000, 0.000, 0.000, 0.184, 0.902, 0.013, 0.007]"
178.64,178.68,Liz,0.9071065783500671,Liz,[0.907],"[0.000, 0.000, 0.000, 0.226, 0.907, 0.013, 0.006]"
178.68,178.72,Liz,0.9128715991973877,Liz,[0.913],"[0.000, 0.000, 0.000, 0.272, 0.913, 0.013, 0.005]"
178.72,178.76,Liz,0.9191362261772156,Liz,[0.919],"[0.000, 0.000, 0.000, 0.320, 0.919, 0.012, 0.004]"
178.76,178.8,Liz,0.9257056713104248,Liz,[0.926],"[0.000, 0.000, 0.000, 0.369, 0.926, 0.011, 0.003]"
178.8,178.84,Liz,0.9323063492774963,Liz,[0.932],"[0.000, 0.000, 0.000, 0.415, 0.932, 0.010, 0.003]"
178.84,178.88,Liz,0.9388056993484497,Liz,[0.939],"[0.000, 0.000, 0.000, 0.459, 0.939, 0.009, 0.002]"
178.88,178.92,Liz,0.9451161623001099,Liz,[0.945],"[0.000, 0.000, 0.000, 0.498, 0.945, 0.008, 0.002]"
178.92,178.96,Liz,0.9511274099349976,Liz,[0.951],"[0.000, 0.000, 0.000, 0.532, 0.951, 0.006, 0.001]"
178.96,179.0,Liz,0.9567552208900452,Liz,[0.957],"[0.000, 0.000, 0.000, 0.561, 0.957, 0.005, 0.001]"
179.0,179.04,Liz,0.9619385004043579,Liz,[0.962],"[0.000, 0.000, 0.000, 0.585, 0.962, 0.004, 0.001]"
179.04,179.08,Liz,0.9666413068771362,Liz,[0.967],"[0.000, 0.000, 0.000, 0.604, 0.967, 0.003, 0.001]"
179.08,179.12,Liz,0.9708777666091919,Liz,[0.971],"[0.000, 0.000, 0.000, 0.617, 0.971, 0.002, 0.000]"
179.12,179.16,Liz,0.9746689200401306,Wonyoung|Liz,"[0.626, 0.975]","[0.000, 0.000, 0.000, 0.626, 0.975, 0.002, 0.000]"
179.16,179.2,Liz,0.9780125021934509,Wonyoung|Liz,"[0.630, 0.978]","[0.000, 0.000, 0.000, 0.630, 0.978, 0.001, 0.000]"
179.2,179.24,Liz,0.9809393882751465,Wonyoung|Liz,"[0.630, 0.981]","[0.000, 0.000, 0.000, 0.630, 0.981, 0.001, 0.000]"
179.24,179.28,Liz,0.9834930896759033,Wonyoung|Liz,"[0.629, 0.983]","[0.000, 0.000, 0.000, 0.629, 0.983, 0.000, 0.000]"
179.28,179.32,Liz,0.9857100248336792,Wonyoung|Liz,"[0.626, 0.986]","[0.000, 0.000, 0.000, 0.626, 0.986, 0.000, 0.000]"
179.32,179.36,Liz,0.9876132011413574,Wonyoung|Liz,"[0.622, 0.988]","[0.000, 0.000, 0.000, 0.622, 0.988, 0.000, 0.000]"
179.36,179.4,Liz,0.9892361760139465,Wonyoung|Liz,"[0.618, 0.989]","[0.000, 0.000, 0.000, 0.618, 0.989, 0.000, 0.000]"
179.4,179.44,Liz,0.9906160235404968,Wonyoung|Liz,"[0.616, 0.991]","[0.000, 0.000, 0.000, 0.616, 0.991, 0.000, 0.000]"
179.44,179.48,Liz,0.991783618927002,Wonyoung|Liz,"[0.616, 0.992]","[0.000, 0.000, 0.000, 0.616, 0.992, 0.000, 0.000]"
179.48,179.52,Liz,0.9927610158920288,Wonyoung|Liz,"[0.619, 0.993]","[0.000, 0.000, 0.000, 0.619, 0.993, 0.000, 0.000]"
179.52,179.56,Liz,0.9935654997825623,Wonyoung|Liz,"[0.626, 0.994]","[0.000, 0.000, 0.000, 0.626, 0.994, 0.000, 0.000]"
179.56,179.6,Liz,0.9942097663879395,Wonyoung|Liz,"[0.636, 0.994]","[0.000, 0.000, 0.000, 0.636, 0.994, 0.000, 0.000]"
179.6,179.64,Liz,0.9947063326835632,Wonyoung|Liz,"[0.649, 0.995]","[0.000, 0.000, 0.000, 0.649, 0.995, 0.000, 0.000]"
179.64,179.68,Liz,0.9950639605522156,Wonyoung|Liz,"[0.665, 0.995]","[0.000, 0.000, 0.000, 0.665, 0.995, 0.000, 0.000]"
179.68,179.72,Liz,0.9952883720397949,Wonyoung|Liz,"[0.685, 0.995]","[0.000, 0.000, 0.000, 0.685, 0.995, 0.000, 0.000]"
179.72,179.76,Liz,0.9953839182853699,Wonyoung|Liz,"[0.706, 0.995]","[0.000, 0.000, 0.000, 0.706, 0.995, 0.000, 0.000]"
179.76,179.8,Liz,0.9953534603118896,Wonyoung|Liz,"[0.728, 0.995]","[0.001, 0.000, 0.000, 0.728, 0.995, 0.000, 0.000]"
179.8,179.84,Liz,0.9951926469802856,Wonyoung|Liz,"[0.751, 0.995]","[0.001, 0.000, 0.000, 0.751, 0.995, 0.000, 0.000]"
179.84,179.88,Liz,0.9948891401290894,Wonyoung|Liz,"[0.772, 0.995]","[0.001, 0.000, 0.000, 0.772, 0.995, 0.000, 0.000]"
179.88,179.92,Liz,0.9944121241569519,Wonyoung|Liz,"[0.792, 0.994]","[0.001, 0.000, 0.000, 0.792, 0.994, 0.000, 0.000]"
179.92,179.96,Liz,0.9937100410461426,Wonyoung|Liz,"[0.810, 0.994]","[0.001, 0.000, 0.000, 0.810, 0.994, 0.000, 0.000]"
179.96,180.0,Liz,0.9926972985267639,Wonyoung|Liz,"[0.826, 0.993]","[0.001, 0.000, 0.000, 0.826, 0.993, 0.000, 0.000]"
180.0,180.04,Liz,0.9912330508232117,Wonyoung|Liz,"[0.841, 0.991]","[0.001, 0.000, 0.000, 0.841, 0.991, 0.000, 0.000]"
180.04,180.08,Liz,0.9891013503074646,Wonyoung|Liz,"[0.854, 0.989]","[0.001, 0.000, 0.000, 0.854, 0.989, 0.000, 0.000]"
180.08,180.12,Liz,0.9859515428543091,Wonyoung|Liz,"[0.866, 0.986]","[0.001, 0.000, 0.000, 0.866, 0.986, 0.000, 0.000]"
180.12,180.16,Liz,0.9812045097351074,Wonyoung|Liz,"[0.877, 0.981]","[0.001, 0.000, 0.000, 0.877, 0.981, 0.000, 0.000]"
180.16,180.2,Liz,0.9739287495613098,Wonyoung|Liz,"[0.887, 0.974]","[0.000, 0.000, 0.000, 0.887, 0.974, 0.000, 0.000]"
180.2,180.24,Liz,0.9626563787460327,Wonyoung|Liz,"[0.897, 0.963]","[0.000, 0.000, 0.000, 0.897, 0.963, 0.000, 0.000]"
180.24,180.28,Liz,0.9450433254241943,Wonyoung|Liz,"[0.907, 0.945]","[0.000, 0.000, 0.000, 0.907, 0.945, 0.000, 0.000]"
180.28,180.32,Liz,0.9174536466598511,Wonyoung|Liz,"[0.917, 0.917]","[0.000, 0.000, 0.000, 0.917, 0.917, 0.000, 0.000]"
180.32,180.36,Wonyoung,0.9269925951957703,Wonyoung|Liz,"[0.927, 0.875]","[0.000, 0.000, 0.000, 0.927, 0.875, 0.000, 0.000]"
180.36,180.4,Wonyoung,0.9366492033004761,Wonyoung|Liz,"[0.937, 0.811]","[0.000, 0.000, 0.000, 0.937, 0.811, 0.000, 0.000]"
180.4,180.44,Wonyoung,0.9460644721984863,Wonyoung|Liz,"[0.946, 0.720]","[0.000, 0.000, 0.000, 0.946, 0.720, 0.000, 0.000]"
180.44,180.48,Wonyoung,0.9550464153289795,Wonyoung|Liz,"[0.955, 0.601]","[0.000, 0.000, 0.000, 0.955, 0.601, 0.000, 0.000]"
180.48,180.52,Wonyoung,0.963436484336853,Wonyoung,[0.963],"[0.000, 0.000, 0.000, 0.963, 0.464, 0.000, 0.000]"
180.52,180.56,Wonyoung,0.9710119366645813,Wonyoung,[0.971],"[0.000, 0.000, 0.000, 0.971, 0.329, 0.000, 0.000]"
180.56,180.6,Wonyoung,0.9776056408882141,Wonyoung,[0.978],"[0.000, 0.000, 0.000, 0.978, 0.215, 0.000, 0.000]"
180.6,180.64,Wonyoung,0.9831455945968628,Wonyoung,[0.983],"[0.000, 0.000, 0.000, 0.983, 0.132, 0.000, 0.000]"
180.64,180.68,Wonyoung,0.9876651167869568,Wonyoung,[0.988],"[0.000, 0.000, 0.000, 0.988, 0.077, 0.000, 0.000]"
180.68,180.72,Wonyoung,0.9912095069885254,Wonyoung,[0.991],"[0.000, 0.000, 0.000, 0.991, 0.044, 0.000, 0.000]"
180.72,180.76,Wonyoung,0.9938883185386658,Wonyoung,[0.994],"[0.000, 0.000, 0.000, 0.994, 0.025, 0.000, 0.000]"
180.76,180.8,Wonyoung,0.9958418011665344,Wonyoung,[0.996],"[0.000, 0.000, 0.000, 0.996, 0.014, 0.000, 0.000]"
180.8,180.84,Wonyoung,0.9972232580184937,Wonyoung,[0.997],"[0.000, 0.000, 0.000, 0.997, 0.008, 0.000, 0.000]"
180.84,180.88,Wonyoung,0.9981709718704224,Wonyoung,[0.998],"[0.000, 0.000, 0.000, 0.998, 0.004, 0.000, 0.000]"
180.88,180.92,Wonyoung,0.9988052845001221,Wonyoung,[0.999],"[0.000, 0.000, 0.000, 0.999, 0.003, 0.000, 0.000]"
180.92,180.96,Wonyoung,0.9992220401763916,Wonyoung,[0.999],"[0.000, 0.000, 0.000, 0.999, 0.001, 0.000, 0.000]"
180.96,181.0,Wonyoung,0.999492883682251,Wonyoung,[0.999],"[0.000, 0.000, 0.000, 0.999, 0.001, 0.000, 0.000]"
181.0,181.04,Wonyoung,0.9996678829193115,Wonyoung,[1.000],"[0.000, 0.000, 0.000, 1.000, 0.001, 0.000, 0.000]"
181.04,181.08,Wonyoung,0.9997808337211609,Wonyoung,[1.000],"[0.000, 0.000, 0.000, 1.000, 0.000, 0.000, 0.000]"
181.08,181.12,Wonyoung,0.9998540878295898,Wonyoung,[1.000],"[0.000, 0.000, 0.000, 1.000, 0.000, 0.000, 0.000]"
181.12,181.16,Wonyoung,0.9999016523361206,Wonyoung,[1.000],"[0.000, 0.000, 0.000, 1.000, 0.000, 0.000, 0.000]"
181.16,181.2,Wonyoung,0.9999325275421143,Wonyoung,[1.000],"[0.000, 0.000, 0.000, 1.000, 0.000, 0.000, 0.000]"
181.2,181.24,Wonyoung,0.9999526739120483,Wonyoung,[1.000],"[0.000, 0.000, 0.000, 1.000, 0.000, 0.000, 0.000]"
181.24,181.28,Wonyoung,0.999966025352478,Wonyoung,[1.000],"[0.000, 0.000, 0.000, 1.000, 0.000, 0.000, 0.000]"
181.28,181.32,Wonyoung,0.9999747276306152,Wonyoung,[1.000],"[0.000, 0.000, 0.000, 1.000, 0.000, 0.000, 0.000]"
181.32,181.36,Wonyoung,0.9999806880950928,Wonyoung,[1.000],"[0.000, 0.000, 0.000, 1.000, 0.000, 0.000, 0.000]"
181.36,181.4,Wonyoung,0.999984622001648,Wonyoung,[1.000],"[0.000, 0.000, 0.000, 1.000, 0.000, 0.000, 0.000]"
181.4,181.44,Wonyoung,0.9999871253967285,Wonyoung,[1.000],"[0.000, 0.000, 0.000, 1.000, 0.000, 0.000, 0.000]"
181.44,181.48,Wonyoung,0.9999889135360718,Wonyoung,[1.000],"[0.000, 0.000, 0.000, 1.000, 0.000, 0.000, 0.000]"
181.48,181.52,Wonyoung,0.9999898672103882,Wonyoung,[1.000],"[0.000, 0.000, 0.000, 1.000, 0.000, 0.000, 0.000]"
181.52,181.56,Wonyoung,0.9999903440475464,Wonyoung,[1.000],"[0.000, 0.000, 0.000, 1.000, 0.000, 0.000, 0.000]"
181.56,181.6,Wonyoung,0.9999904632568359,Wonyoung,[1.000],"[0.000, 0.000, 0.000, 1.000, 0.000, 0.000, 0.000]"
181.6,181.64,Wonyoung,0.9999901056289673,Wonyoung,[1.000],"[0.000, 0.000, 0.000, 1.000, 0.000, 0.000, 0.000]"
181.64,181.68,Wonyoung,0.9999892711639404,Wonyoung,[1.000],"[0.000, 0.000, 0.000, 1.000, 0.000, 0.000, 0.000]"
181.68,181.72,Wonyoung,0.9999879598617554,Wonyoung,[1.000],"[0.000, 0.000, 0.000, 1.000, 0.000, 0.000, 0.000]"
181.72,181.76,Wonyoung,0.9999860525131226,Wonyoung,[1.000],"[0.000, 0.000, 0.000, 1.000, 0.000, 0.000, 0.000]"
181.76,181.8,Wonyoung,0.9999834299087524,Wonyoung,[1.000],"[0.000, 0.000, 0.000, 1.000, 0.000, 0.000, 0.000]"
181.8,181.84,Wonyoung,0.9999798536300659,Wonyoung,[1.000],"[0.000, 0.000, 0.000, 1.000, 0.000, 0.000, 0.000]"
181.84,181.88,Wonyoung,0.9999750852584839,Wonyoung,[1.000],"[0.000, 0.000, 0.000, 1.000, 0.000, 0.000, 0.000]"
181.88,181.92,Wonyoung,0.9999687671661377,Wonyoung,[1.000],"[0.000, 0.000, 0.000, 1.000, 0.000, 0.000, 0.000]"
181.92,181.96,Wonyoung,0.9999603033065796,Wonyoung,[1.000],"[0.000, 0.000, 0.000, 1.000, 0.000, 0.000, 0.000]"
181.96,182.0,Wonyoung,0.9999489784240723,Wonyoung,[1.000],"[0.000, 0.000, 0.000, 1.000, 0.000, 0.000, 0.000]"
182.0,182.04,Wonyoung,0.9999332427978516,Wonyoung,[1.000],"[0.000, 0.000, 0.000, 1.000, 0.000, 0.000, 0.000]"
182.04,182.08,Wonyoung,0.999910831451416,Wonyoung,[1.000],"[0.000, 0.000, 0.000, 1.000, 0.000, 0.000, 0.000]"
182.08,182.12,Wonyoung,0.9998784065246582,Wonyoung,[1.000],"[0.000, 0.000, 0.000, 1.000, 0.000, 0.000, 0.000]"
182.12,182.16,Wonyoung,0.999829888343811,Wonyoung,[1.000],"[0.000, 0.000, 0.000, 1.000, 0.000, 0.000, 0.000]"
182.16,182.2,Wonyoung,0.9997555613517761,Wonyoung,[1.000],"[0.000, 0.000, 0.000, 1.000, 0.000, 0.000, 0.000]"
182.2,182.24,Wonyoung,0.9996386766433716,Wonyoung,[1.000],"[0.000, 0.000, 0.000, 1.000, 0.000, 0.000, 0.000]"
182.24,182.28,Wonyoung,0.9994509816169739,Wonyoung,[0.999],"[0.000, 0.000, 0.000, 0.999, 0.000, 0.000, 0.001]"
182.28,182.32,Wonyoung,0.9991428852081299,Wonyoung,[0.999],"[0.000, 0.000, 0.000, 0.999, 0.000, 0.000, 0.001]"
182.32,182.36,Wonyoung,0.9986250400543213,Wonyoung,[0.999],"[0.000, 0.000, 0.000, 0.999, 0.000, 0.000, 0.001]"
182.36,182.4,Wonyoung,0.9977335929870605,Wonyoung,[0.998],"[0.000, 0.000, 0.000, 0.998, 0.000, 0.000, 0.001]"
182.4,182.44,Wonyoung,0.996163010597229,Wonyoung,[0.996],"[0.000, 0.000, 0.000, 0.996, 0.000, 0.000, 0.001]"
182.44,182.48,Wonyoung,0.9933352470397949,Wonyoung,[0.993],"[0.000, 0.000, 0.000, 0.993, 0.000, 0.000, 0.001]"
182.48,182.52,Wonyoung,0.9881470799446106,Wonyoung,[0.988],"[0.000, 0.000, 0.000, 0.988, 0.000, 0.000, 0.001]"
182.52,182.56,Wonyoung,0.9785109758377075,Wonyoung,[0.979],"[0.000, 0.000, 0.000, 0.979, 0.000, 0.000, 0.001]"
182.56,182.6,Wonyoung,0.9606102705001831,Wonyoung,[0.961],"[0.000, 0.000, 0.000, 0.961, 0.000, 0.000, 0.001]"
182.6,182.64,Wonyoung,0.9278557300567627,Wonyoung,[0.928],"[0.000, 0.000, 0.000, 0.928, 0.000, 0.000, 0.001]"
182.64,182.68,Wonyoung,0.8701512813568115,Wonyoung,[0.870],"[0.000, 0.000, 0.000, 0.870, 0.000, 0.000, 0.002]"
182.68,182.72,Wonyoung,0.7760192155838013,Wonyoung,[0.776],"[0.001, 0.000, 0.000, 0.776, 0.000, 0.000, 0.002]"
182.72,182.76,Wonyoung,0.6410046219825745,Wonyoung,[0.641],"[0.001, 0.000, 0.000, 0.641, 0.000, 0.000, 0.002]"
182.76,182.8,silence,0.002967146458104253,,[],"[0.002, 0.001, 0.000, 0.480, 0.000, 0.000, 0.003]"
182.8,182.84,silence,0.0035663023591041565,,[],"[0.003, 0.001, 0.000, 0.325, 0.000, 0.000, 0.004]"
182.84,182.88,silence,0.004285500850528479,,[],"[0.005, 0.001, 0.000, 0.203, 0.000, 0.000, 0.004]"
182.88,182.92,silence,0.005130716599524021,,[],"[0.008, 0.002, 0.000, 0.122, 0.000, 0.000, 0.005]"
182.92,182.96,silence,0.006099527236074209,,[],"[0.012, 0.003, 0.000, 0.072, 0.000, 0.000, 0.006]"
182.96,183.0,silence,0.0071776192635297775,,[],"[0.020, 0.004, 0.000, 0.043, 0.000, 0.000, 0.007]"
183.0,183.04,silence,0.00834132544696331,,[],"[0.030, 0.005, 0.000, 0.026, 0.000, 0.000, 0.008]"
183.04,183.08,silence,0.00955349113792181,,[],"[0.046, 0.007, 0.000, 0.017, 0.000, 0.000, 0.010]"
183.08,183.12,silence,0.010767985135316849,,[],"[0.068, 0.008, 0.000, 0.011, 0.000, 0.001, 0.011]"
183.12,183.16,silence,0.011920519173145294,,[],"[0.096, 0.010, 0.000, 0.007, 0.000, 0.001, 0.012]"
183.16,183.2,silence,0.012940611690282822,,[],"[0.133, 0.011, 0.000, 0.005, 0.000, 0.002, 0.013]"
183.2,183.24,silence,0.013766280375421047,,[],"[0.175, 0.013, 0.000, 0.004, 0.000, 0.003, 0.014]"
183.24,183.28,silence,0.01434327196329832,,[],"[0.221, 0.014, 0.001, 0.003, 0.000, 0.005, 0.014]"
183.28,183.32,silence,0.014632821083068848,,[],"[0.268, 0.015, 0.001, 0.003, 0.000, 0.008, 0.015]"
183.32,183.36,silence,0.014618719927966595,,[],"[0.312, 0.015, 0.001, 0.002, 0.001, 0.013, 0.015]"
183.36,183.4,silence,0.01430955808609724,,[],"[0.351, 0.015, 0.001, 0.002, 0.001, 0.020, 0.014]"
183.4,183.44,silence,0.013742520473897457,,[],"[0.380, 0.015, 0.001, 0.002, 0.001, 0.031, 0.014]"
183.44,183.48,silence,0.012965002097189426,,[],"[0.400, 0.014, 0.001, 0.002, 0.001, 0.046, 0.013]"
183.48,183.52,silence,0.012029935605823994,,[],"[0.409, 0.013, 0.001, 0.002, 0.001, 0.067, 0.012]"
183.52,183.56,silence,0.011014063842594624,,[],"[0.409, 0.012, 0.001, 0.002, 0.001, 0.095, 0.011]"
183.56,183.6,silence,0.009986799210309982,,[],"[0.399, 0.011, 0.001, 0.002, 0.002, 0.132, 0.010]"
183.6,183.64,silence,0.008993316441774368,,[],"[0.381, 0.010, 0.000, 0.003, 0.002, 0.178, 0.009]"
183.64,183.68,silence,0.008064714260399342,,[],"[0.358, 0.008, 0.000, 0.003, 0.002, 0.235, 0.008]"
183.68,183.72,silence,0.007220390252768993,,[],"[0.329, 0.007, 0.000, 0.004, 0.002, 0.301, 0.007]"
183.72,183.76,silence,0.006471287924796343,,[],"[0.299, 0.006, 0.000, 0.004, 0.002, 0.375, 0.006]"
183.76,183.8,silence,0.005815290380269289,,[],"[0.267, 0.005, 0.000, 0.005, 0.002, 0.454, 0.006]"
183.8,183.84,silence,0.0052459510043263435,,[],"[0.235, 0.005, 0.000, 0.006, 0.002, 0.534, 0.005]"
183.84,183.88,silence,0.004753812216222286,,[],"[0.204, 0.004, 0.000, 0.007, 0.002, 0.610, 0.005]"
183.88,183.92,Leeseo,0.679858386516571,Leeseo,[0.680],"[0.175, 0.004, 0.000, 0.008, 0.002, 0.680, 0.004]"
183.92,183.96,Leeseo,0.7420372366905212,Leeseo,[0.742],"[0.148, 0.003, 0.000, 0.010, 0.001, 0.742, 0.004]"
183.96,184.0,Leeseo,0.79574054479599,Leeseo,[0.796],"[0.122, 0.003, 0.000, 0.011, 0.001, 0.796, 0.004]"
184.0,184.04,Leeseo,0.8407162427902222,Leeseo,[0.841],"[0.100, 0.002, 0.000, 0.012, 0.001, 0.841, 0.003]"
184.04,184.08,Leeseo,0.877312183380127,Leeseo,[0.877],"[0.080, 0.002, 0.000, 0.013, 0.001, 0.877, 0.003]"
184.08,184.12,Leeseo,0.9063953161239624,Leeseo,[0.906],"[0.063, 0.002, 0.000, 0.014, 0.001, 0.906, 0.003]"
184.12,184.16,Leeseo,0.9290975332260132,Leeseo,[0.929],"[0.049, 0.002, 0.000, 0.015, 0.001, 0.929, 0.003]"
184.16,184.2,Leeseo,0.946485698223114,Leeseo,[0.946],"[0.038, 0.001, 0.000, 0.016, 0.001, 0.946, 0.003]"
184.2,184.24,Leeseo,0.959575355052948,Leeseo,[0.960],"[0.029, 0.001, 0.000, 0.016, 0.001, 0.960, 0.002]"
184.24,184.28,Leeseo,0.969283938407898,Leeseo,[0.969],"[0.021, 0.001, 0.000, 0.017, 0.001, 0.969, 0.002]"
184.28,184.32,Leeseo,0.9764379858970642,Leeseo,[0.976],"[0.015, 0.001, 0.000, 0.017, 0.001, 0.976, 0.002]"
184.32,184.36,Leeseo,0.9817137122154236,Leeseo,[0.982],"[0.011, 0.001, 0.000, 0.017, 0.001, 0.982, 0.002]"
184.36,184.4,Leeseo,0.9856148958206177,Leeseo,[0.986],"[0.008, 0.001, 0.000, 0.017, 0.001, 0.986, 0.002]"
184.4,184.44,Leeseo,0.9885107278823853,Leeseo,[0.989],"[0.005, 0.001, 0.000, 0.016, 0.001, 0.989, 0.002]"
184.44,184.48,Leeseo,0.9906629323959351,Leeseo,[0.991],"[0.003, 0.001, 0.000, 0.016, 0.001, 0.991, 0.001]"
184.48,184.52,Leeseo,0.992266833782196,Leeseo,[0.992],"[0.002, 0.001, 0.000, 0.015, 0.001, 0.992, 0.001]"
184.52,184.56,Leeseo,0.9934735894203186,Leeseo,[0.993],"[0.002, 0.000, 0.000, 0.014, 0.001, 0.993, 0.001]"
184.56,184.6,Leeseo,0.9943880438804626,Leeseo,[0.994],"[0.001, 0.000, 0.000, 0.013, 0.001, 0.994, 0.001]"
184.6,184.64,Leeseo,0.9950847029685974,Leeseo,[0.995],"[0.001, 0.000, 0.000, 0.013, 0.001, 0.995, 0.001]"
184.64,184.68,Leeseo,0.9956170320510864,Leeseo,[0.996],"[0.000, 0.000, 0.000, 0.012, 0.001, 0.996, 0.001]"
184.68,184.72,Leeseo,0.9960238933563232,Leeseo,[0.996],"[0.000, 0.000, 0.000, 0.011, 0.001, 0.996, 0.001]"
184.72,184.76,Leeseo,0.9963363409042358,Leeseo,[0.996],"[0.000, 0.000, 0.000, 0.010, 0.001, 0.996, 0.001]"
184.76,184.8,Leeseo,0.9965761303901672,Leeseo,[0.997],"[0.000, 0.000, 0.000, 0.009, 0.001, 0.997, 0.001]"
184.8,184.84,Leeseo,0.9967568516731262,Leeseo,[0.997],"[0.000, 0.000, 0.000, 0.008, 0.001, 0.997, 0.001]"
184.84,184.88,Leeseo,0.9968855977058411,Leeseo,[0.997],"[0.000, 0.000, 0.000, 0.008, 0.001, 0.997, 0.000]"
184.88,184.92,Leeseo,0.996966540813446,Leeseo,[0.997],"[0.000, 0.000, 0.000, 0.007, 0.001, 0.997, 0.000]"
184.92,184.96,Leeseo,0.9970038533210754,Leeseo,[0.997],"[0.000, 0.000, 0.000, 0.006, 0.001, 0.997, 0.000]"
184.96,185.0,Leeseo,0.997001588344574,Leeseo,[0.997],"[0.000, 0.000, 0.000, 0.006, 0.001, 0.997, 0.000]"
185.0,185.04,Leeseo,0.9969600439071655,Leeseo,[0.997],"[0.000, 0.000, 0.000, 0.005, 0.002, 0.997, 0.000]"
185.04,185.08,Leeseo,0.9968770742416382,Leeseo,[0.997],"[0.000, 0.000, 0.000, 0.005, 0.002, 0.997, 0.000]"
185.08,185.12,Leeseo,0.9967446327209473,Leeseo,[0.997],"[0.000, 0.000, 0.000, 0.004, 0.003, 0.997, 0.000]"
185.12,185.16,Leeseo,0.996548593044281,Leeseo,[0.997],"[0.000, 0.000, 0.000, 0.004, 0.004, 0.997, 0.000]"
185.16,185.2,Leeseo,0.9962669014930725,Leeseo,[0.996],"[0.000, 0.000, 0.000, 0.004, 0.006, 0.996, 0.000]"
185.2,185.24,Leeseo,0.9958710074424744,Leeseo,[0.996],"[0.000, 0.000, 0.000, 0.004, 0.009, 0.996, 0.000]"
185.24,185.28,Leeseo,0.9953267574310303,Leeseo,[0.995],"[0.000, 0.000, 0.000, 0.004, 0.013, 0.995, 0.000]"
185.28,185.32,Leeseo,0.9945899248123169,Leeseo,[0.995],"[0.000, 0.001, 0.000, 0.003, 0.020, 0.995, 0.000]"
185.32,185.36,Leeseo,0.9936007857322693,Leeseo,[0.994],"[0.000, 0.001, 0.000, 0.003, 0.030, 0.994, 0.000]"
185.36,185.4,Leeseo,0.9922768473625183,Leeseo,[0.992],"[0.000, 0.001, 0.000, 0.003, 0.045, 0.992, 0.000]"
185.4,185.44,Leeseo,0.9905043244361877,Leeseo,[0.991],"[0.000, 0.001, 0.000, 0.003, 0.066, 0.991, 0.000]"
185.44,185.48,Leeseo,0.9881284832954407,Leeseo,[0.988],"[0.000, 0.001, 0.000, 0.003, 0.097, 0.988, 0.000]"
185.48,185.52,Leeseo,0.9849408268928528,Leeseo,[0.985],"[0.000, 0.002, 0.000, 0.003, 0.139, 0.985, 0.001]"
185.52,185.56,Leeseo,0.9806622266769409,Leeseo,[0.981],"[0.000, 0.002, 0.000, 0.003, 0.195, 0.981, 0.001]"
185.56,185.6,Leeseo,0.9748978614807129,Leeseo,[0.975],"[0.000, 0.003, 0.000, 0.003, 0.264, 0.975, 0.001]"
185.6,185.64,Leeseo,0.9671267867088318,Leeseo,[0.967],"[0.000, 0.004, 0.000, 0.003, 0.344, 0.967, 0.001]"
185.64,185.68,Leeseo,0.9566447138786316,Leeseo,[0.957],"[0.000, 0.005, 0.000, 0.003, 0.431, 0.957, 0.001]"
185.68,185.72,Leeseo,0.9425994157791138,Leeseo,[0.943],"[0.000, 0.005, 0.000, 0.003, 0.519, 0.943, 0.001]"
185.72,185.76,Leeseo,0.9239143133163452,Leeseo,[0.924],"[0.000, 0.006, 0.000, 0.003, 0.601, 0.924, 0.001]"
185.76,185.8,Leeseo,0.899185061454773,Liz|Leeseo,"[0.673, 0.899]","[0.000, 0.007, 0.000, 0.003, 0.673, 0.899, 0.002]"
185.8,185.84,Leeseo,0.8666887283325195,Liz|Leeseo,"[0.733, 0.867]","[0.000, 0.008, 0.000, 0.003, 0.733, 0.867, 0.002]"
185.84,185.88,Leeseo,0.8248009085655212,Liz|Leeseo,"[0.781, 0.825]","[0.000, 0.008, 0.001, 0.003, 0.781, 0.825, 0.003]"
185.88,185.92,Liz,0.8179718255996704,Liz|Leeseo,"[0.818, 0.772]","[0.000, 0.008, 0.001, 0.002, 0.818, 0.772, 0.003]"
185.92,185.96,Liz,0.8466032147407532,Liz|Leeseo,"[0.847, 0.709]","[0.000, 0.008, 0.001, 0.002, 0.847, 0.709, 0.004]"
185.96,186.0,Liz,0.8682318925857544,Liz|Leeseo,"[0.868, 0.635]","[0.000, 0.007, 0.001, 0.002, 0.868, 0.635, 0.005]"
186.0,186.04,Liz,0.8841201663017273,Liz,[0.884],"[0.000, 0.006, 0.001, 0.002, 0.884, 0.556, 0.005]"
186.04,186.08,Liz,0.895137369632721,Liz,[0.895],"[0.000, 0.005, 0.001, 0.001, 0.895, 0.477, 0.006]"
186.08,186.12,Liz,0.9020459651947021,Liz,[0.902],"[0.000, 0.004, 0.001, 0.001, 0.902, 0.401, 0.007]"
186.12,186.16,Liz,0.9054792523384094,Liz,[0.905],"[0.000, 0.003, 0.001, 0.001, 0.905, 0.334, 0.008]"
186.16,186.2,Liz,0.9058996438980103,Liz,[0.906],"[0.000, 0.002, 0.001, 0.001, 0.906, 0.276, 0.009]"
186.2,186.24,Liz,0.9035335779190063,Liz,[0.904],"[0.000, 0.001, 0.001, 0.001, 0.904, 0.230, 0.010]"
186.24,186.28,Liz,0.898429274559021,Liz,[0.898],"[0.000, 0.001, 0.001, 0.000, 0.898, 0.194, 0.010]"
186.28,186.32,Liz,0.8904144763946533,Liz,[0.890],"[0.000, 0.000, 0.000, 0.000, 0.890, 0.166, 0.011]"
186.32,186.36,Liz,0.8791594505310059,Liz,[0.879],"[0.000, 0.000, 0.000, 0.000, 0.879, 0.147, 0.011]"
186.36,186.4,Liz,0.864328145980835,Liz,[0.864],"[0.000, 0.000, 0.000, 0.000, 0.864, 0.134, 0.011]"
186.4,186.44,Liz,0.8454440236091614,Liz,[0.845],"[0.000, 0.000, 0.000, 0.000, 0.845, 0.127, 0.010]"
186.44,186.48,Liz,0.8217244744300842,Liz,[0.822],"[0.000, 0.000, 0.000, 0.000, 0.822, 0.124, 0.010]"
186.48,186.52,Liz,0.7922899127006531,Liz,[0.792],"[0.000, 0.000, 0.000, 0.000, 0.792, 0.126, 0.009]"
186.52,186.56,Liz,0.7562229633331299,Liz,[0.756],"[0.000, 0.000, 0.000, 0.000, 0.756, 0.134, 0.008]"
186.56,186.6,Liz,0.7124837040901184,Liz,[0.712],"[0.000, 0.000, 0.000, 0.000, 0.712, 0.147, 0.007]"
186.6,186.64,Liz,0.6599053144454956,Liz,[0.660],"[0.000, 0.000, 0.000, 0.000, 0.660, 0.167, 0.006]"
186.64,186.68,Liz,0.5979383587837219,Liz,[0.598],"[0.000, 0.000, 0.000, 0.000, 0.598, 0.196, 0.005]"
186.68,186.72,silence,0.0040732622146606445,,[],"[0.000, 0.000, 0.000, 0.000, 0.528, 0.236, 0.004]"
186.72,186.76,silence,0.003269412787631154,,[],"[0.000, 0.000, 0.000, 0.000, 0.451, 0.289, 0.003]"
186.76,186.8,silence,0.002577197039499879,,[],"[0.000, 0.000, 0.000, 0.000, 0.372, 0.357, 0.003]"
186.8,186.84,silence,0.0019976499024778605,,[],"[0.000, 0.000, 0.000, 0.000, 0.295, 0.439, 0.002]"
186.84,186.88,silence,0.001524485880509019,,[],"[0.000, 0.000, 0.000, 0.000, 0.225, 0.532, 0.002]"
186.88,186.92,Leeseo,0.6298760771751404,Leeseo,[0.630],"[0.000, 0.000, 0.000, 0.000, 0.166, 0.630, 0.001]"
186.92,186.96,Leeseo,0.7225199341773987,Leeseo,[0.723],"[0.000, 0.000, 0.000, 0.000, 0.118, 0.723, 0.001]"
186.96,187.0,Leeseo,0.8020807504653931,Leeseo,[0.802],"[0.000, 0.000, 0.000, 0.000, 0.082, 0.802, 0.001]"
187.0,187.04,Leeseo,0.8644670248031616,Leeseo,[0.864],"[0.000, 0.000, 0.000, 0.000, 0.056, 0.864, 0.000]"
187.04,187.08,Leeseo,0.9098396897315979,Leeseo,[0.910],"[0.000, 0.000, 0.000, 0.000, 0.037, 0.910, 0.000]"
187.08,187.12,Leeseo,0.9410709142684937,Leeseo,[0.941],"[0.000, 0.000, 0.000, 0.000, 0.025, 0.941, 0.000]"
187.12,187.16,Leeseo,0.9618031978607178,Leeseo,[0.962],"[0.000, 0.000, 0.000, 0.000, 0.017, 0.962, 0.000]"
187.16,187.2,Leeseo,0.9752362966537476,Leeseo,[0.975],"[0.000, 0.000, 0.000, 0.000, 0.011, 0.975, 0.000]"
187.2,187.24,Leeseo,0.9838351011276245,Leeseo,[0.984],"[0.000, 0.000, 0.000, 0.000, 0.008, 0.984, 0.000]"
187.24,187.28,Leeseo,0.9893177151679993,Leeseo,[0.989],"[0.000, 0.000, 0.000, 0.000, 0.005, 0.989, 0.000]"
187.28,187.32,Leeseo,0.992821991443634,Leeseo,[0.993],"[0.000, 0.000, 0.000, 0.000, 0.004, 0.993, 0.000]"
187.32,187.36,Leeseo,0.9950778484344482,Leeseo,[0.995],"[0.000, 0.000, 0.000, 0.000, 0.003, 0.995, 0.000]"
187.36,187.4,Leeseo,0.9965443015098572,Leeseo,[0.997],"[0.000, 0.000, 0.000, 0.000, 0.002, 0.997, 0.000]"
187.4,187.44,Leeseo,0.9975078105926514,Leeseo,[0.998],"[0.000, 0.000, 0.000, 0.000, 0.002, 0.998, 0.000]"
187.44,187.48,Leeseo,0.9981479644775391,Leeseo,[0.998],"[0.000, 0.000, 0.000, 0.000, 0.001, 0.998, 0.000]"
187.48,187.52,Leeseo,0.9985781908035278,Leeseo,[0.999],"[0.000, 0.000, 0.000, 0.000, 0.001, 0.999, 0.000]"
187.52,187.56,Leeseo,0.9988699555397034,Leeseo,[0.999],"[0.000, 0.000, 0.000, 0.000, 0.001, 0.999, 0.000]"
187.56,187.6,Leeseo,0.999068558216095,Leeseo,[0.999],"[0.000, 0.000, 0.000, 0.000, 0.001, 0.999, 0.000]"
187.6,187.64,Leeseo,0.9992030262947083,Leeseo,[0.999],"[0.000, 0.000, 0.000, 0.000, 0.001, 0.999, 0.000]"
187.64,187.68,Leeseo,0.9992921352386475,Leeseo,[0.999],"[0.000, 0.000, 0.000, 0.000, 0.001, 0.999, 0.000]"
187.68,187.72,Leeseo,0.9993484616279602,Leeseo,[0.999],"[0.000, 0.000, 0.000, 0.000, 0.001, 0.999, 0.000]"
187.72,187.76,Leeseo,0.9993798732757568,Leeseo,[0.999],"[0.000, 0.000, 0.000, 0.000, 0.001, 0.999, 0.000]"
187.76,187.8,Leeseo,0.9993916749954224,Leeseo,[0.999],"[0.000, 0.000, 0.000, 0.000, 0.001, 0.999, 0.000]"
187.8,187.84,Leeseo,0.9993876218795776,Leeseo,[0.999],"[0.000, 0.000, 0.000, 0.000, 0.001, 0.999, 0.000]"
187.84,187.88,Leeseo,0.9993701577186584,Leeseo,[0.999],"[0.000, 0.000, 0.000, 0.000, 0.001, 0.999, 0.000]"
187.88,187.92,Leeseo,0.999340832233429,Leeseo,[0.999],"[0.000, 0.000, 0.000, 0.000, 0.002, 0.999, 0.000]"
187.92,187.96,Leeseo,0.999300479888916,Leeseo,[0.999],"[0.000, 0.000, 0.000, 0.000, 0.002, 0.999, 0.000]"
187.96,188.0,Leeseo,0.9992479681968689,Leeseo,[0.999],"[0.000, 0.000, 0.000, 0.000, 0.003, 0.999, 0.000]"
188.0,188.04,Leeseo,0.9991826415061951,Leeseo,[0.999],"[0.000, 0.000, 0.000, 0.000, 0.003, 0.999, 0.000]"
188.04,188.08,Leeseo,0.9991033673286438,Leeseo,[0.999],"[0.000, 0.000, 0.000, 0.000, 0.005, 0.999, 0.000]"
188.08,188.12,Leeseo,0.9990084767341614,Leeseo,[0.999],"[0.000, 0.000, 0.000, 0.000, 0.007, 0.999, 0.000]"
188.12,188.16,Leeseo,0.9988964796066284,Leeseo,[0.999],"[0.000, 0.000, 0.000, 0.000, 0.009, 0.999, 0.000]"
188.16,188.2,Leeseo,0.998766303062439,Leeseo,[0.999],"[0.000, 0.000, 0.000, 0.000, 0.013, 0.999, 0.000]"
188.2,188.24,Leeseo,0.9986152648925781,Leeseo,[0.999],"[0.000, 0.000, 0.000, 0.000, 0.019, 0.999, 0.000]"
188.24,188.28,Leeseo,0.9984408020973206,Leeseo,[0.998],"[0.000, 0.000, 0.000, 0.000, 0.027, 0.998, 0.000]"
188.28,188.32,Leeseo,0.9982391595840454,Leeseo,[0.998],"[0.000, 0.000, 0.000, 0.000, 0.038, 0.998, 0.000]"
188.32,188.36,Leeseo,0.9980081915855408,Leeseo,[0.998],"[0.000, 0.000, 0.000, 0.000, 0.053, 0.998, 0.000]"
188.36,188.4,Leeseo,0.9977492690086365,Leeseo,[0.998],"[0.000, 0.000, 0.000, 0.000, 0.073, 0.998, 0.000]"
188.4,188.44,Leeseo,0.997467041015625,Leeseo,[0.997],"[0.000, 0.000, 0.000, 0.000, 0.099, 0.997, 0.000]"
188.44,188.48,Leeseo,0.9971711039543152,Leeseo,[0.997],"[0.000, 0.000, 0.000, 0.000, 0.130, 0.997, 0.000]"
188.48,188.52,Leeseo,0.9968730807304382,Leeseo,[0.997],"[0.000, 0.000, 0.000, 0.000, 0.167, 0.997, 0.001]"
188.52,188.56,Leeseo,0.9965811371803284,Leeseo,[0.997],"[0.000, 0.000, 0.000, 0.000, 0.208, 0.997, 0.001]"
188.56,188.6,Leeseo,0.996310293674469,Leeseo,[0.996],"[0.000, 0.000, 0.000, 0.000, 0.252, 0.996, 0.001]"
188.6,188.64,Leeseo,0.9960793852806091,Leeseo,[0.996],"[0.000, 0.000, 0.000, 0.000, 0.297, 0.996, 0.001]"
188.64,188.68,Leeseo,0.995900571346283,Leeseo,[0.996],"[0.000, 0.000, 0.000, 0.000, 0.340, 0.996, 0.001]"
188.68,188.72,Leeseo,0.9957874417304993,Leeseo,[0.996],"[0.000, 0.000, 0.000, 0.000, 0.381, 0.996, 0.002]"
188.72,188.76,Leeseo,0.9957495927810669,Leeseo,[0.996],"[0.000, 0.000, 0.000, 0.000, 0.417, 0.996, 0.002]"
188.76,188.8,Leeseo,0.995792031288147,Leeseo,[0.996],"[0.000, 0.000, 0.000, 0.001, 0.448, 0.996, 0.002]"
188.8,188.84,Leeseo,0.99591463804245,Leeseo,[0.996],"[0.000, 0.000, 0.000, 0.001, 0.475, 0.996, 0.002]"
188.84,188.88,Leeseo,0.9961124062538147,Leeseo,[0.996],"[0.000, 0.000, 0.000, 0.001, 0.496, 0.996, 0.002]"
188.88,188.92,Leeseo,0.9963709115982056,Leeseo,[0.996],"[0.000, 0.000, 0.000, 0.001, 0.514, 0.996, 0.002]"
188.92,188.96,Leeseo,0.996673583984375,Leeseo,[0.997],"[0.000, 0.000, 0.000, 0.001, 0.528, 0.997, 0.002]"
188.96,189.0,Leeseo,0.9970065951347351,Leeseo,[0.997],"[0.000, 0.000, 0.000, 0.001, 0.539, 0.997, 0.002]"
189.0,189.04,Leeseo,0.9973551034927368,Leeseo,[0.997],"[0.000, 0.000, 0.000, 0.001, 0.546, 0.997, 0.002]"
189.04,189.08,Leeseo,0.9977049231529236,Leeseo,[0.998],"[0.000, 0.000, 0.000, 0.001, 0.551, 0.998, 0.001]"
189.08,189.12,Leeseo,0.9980413913726807,Leeseo,[0.998],"[0.000, 0.000, 0.000, 0.001, 0.555, 0.998, 0.001]"
189.12,189.16,Leeseo,0.9983524084091187,Leeseo,[0.998],"[0.000, 0.000, 0.000, 0.001, 0.556, 0.998, 0.001]"
189.16,189.2,Leeseo,0.9986321330070496,Leeseo,[0.999],"[0.000, 0.000, 0.000, 0.001, 0.557, 0.999, 0.001]"
189.2,189.24,Leeseo,0.9988792538642883,Leeseo,[0.999],"[0.000, 0.000, 0.000, 0.001, 0.557, 0.999, 0.001]"
189.24,189.28,Leeseo,0.999093770980835,Leeseo,[0.999],"[0.000, 0.000, 0.000, 0.001, 0.556, 0.999, 0.001]"
189.28,189.32,Leeseo,0.9992768168449402,Leeseo,[0.999],"[0.000, 0.000, 0.000, 0.001, 0.554, 0.999, 0.001]"
189.32,189.36,Leeseo,0.9994301199913025,Leeseo,[0.999],"[0.000, 0.000, 0.000, 0.000, 0.550, 0.999, 0.001]"
189.36,189.4,Leeseo,0.9995556473731995,Leeseo,[1.000],"[0.000, 0.000, 0.000, 0.000, 0.545, 1.000, 0.000]"
189.4,189.44,Leeseo,0.9996567964553833,Leeseo,[1.000],"[0.000, 0.000, 0.000, 0.000, 0.538, 1.000, 0.000]"
189.44,189.48,Leeseo,0.9997367262840271,Leeseo,[1.000],"[0.000, 0.000, 0.000, 0.000, 0.530, 1.000, 0.000]"
189.48,189.52,Leeseo,0.9997988343238831,Leeseo,[1.000],"[0.000, 0.000, 0.000, 0.000, 0.522, 1.000, 0.000]"
189.52,189.56,Leeseo,0.9998465776443481,Leeseo,[1.000],"[0.000, 0.000, 0.000, 0.000, 0.512, 1.000, 0.000]"
189.56,189.6,Leeseo,0.9998830556869507,Leeseo,[1.000],"[0.000, 0.000, 0.000, 0.000, 0.501, 1.000, 0.000]"
189.6,189.64,Leeseo,0.9999107122421265,Leeseo,[1.000],"[0.000, 0.000, 0.000, 0.000, 0.489, 1.000, 0.000]"
189.64,189.68,Leeseo,0.9999319314956665,Leeseo,[1.000],"[0.000, 0.000, 0.000, 0.000, 0.475, 1.000, 0.000]"
189.68,189.72,Leeseo,0.9999480247497559,Leeseo,[1.000],"[0.000, 0.000, 0.000, 0.000, 0.458, 1.000, 0.000]"
189.72,189.76,Leeseo,0.9999603033065796,Leeseo,[1.000],"[0.000, 0.000, 0.000, 0.000, 0.440, 1.000, 0.000]"
189.76,189.8,Leeseo,0.9999696016311646,Leeseo,[1.000],"[0.000, 0.000, 0.000, 0.000, 0.418, 1.000, 0.000]"
189.8,189.84,Leeseo,0.999976634979248,Leeseo,[1.000],"[0.000, 0.000, 0.000, 0.000, 0.395, 1.000, 0.000]"
189.84,189.88,Leeseo,0.9999818801879883,Leeseo,[1.000],"[0.000, 0.000, 0.000, 0.000, 0.369, 1.000, 0.000]"
189.88,189.92,Leeseo,0.9999858140945435,Leeseo,[1.000],"[0.000, 0.000, 0.000, 0.000, 0.342, 1.000, 0.000]"
189.92,189.96,Leeseo,0.9999887943267822,Leeseo,[1.000],"[0.000, 0.000, 0.000, 0.000, 0.315, 1.000, 0.000]"
189.96,190.0,Leeseo,0.9999909400939941,Leeseo,[1.000],"[0.000, 0.000, 0.000, 0.000, 0.288, 1.000, 0.000]"
190.0,190.04,Leeseo,0.9999926090240479,Leeseo,[1.000],"[0.000, 0.000, 0.000, 0.000, 0.262, 1.000, 0.000]"
190.04,190.08,Leeseo,0.9999938011169434,Leeseo,[1.000],"[0.000, 0.000, 0.000, 0.000, 0.237, 1.000, 0.000]"
190.08,190.12,Leeseo,0.9999946355819702,Leeseo,[1.000],"[0.000, 0.000, 0.000, 0.000, 0.213, 1.000, 0.000]"
190.12,190.16,Leeseo,0.999995231628418,Leeseo,[1.000],"[0.000, 0.000, 0.000, 0.000, 0.190, 1.000, 0.000]"
190.16,190.2,Leeseo,0.9999955892562866,Leeseo,[1.000],"[0.000, 0.000, 0.000, 0.000, 0.169, 1.000, 0.000]"
190.2,190.24,Leeseo,0.9999959468841553,Leeseo,[1.000],"[0.000, 0.000, 0.000, 0.000, 0.149, 1.000, 0.000]"
190.24,190.28,Leeseo,0.9999960660934448,Leeseo,[1.000],"[0.000, 0.000, 0.000, 0.000, 0.130, 1.000, 0.000]"
190.28,190.32,Leeseo,0.9999960660934448,Leeseo,[1.000],"[0.000, 0.000, 0.000, 0.000, 0.113, 1.000, 0.000]"
190.32,190.36,Leeseo,0.9999958276748657,Leeseo,[1.000],"[0.000, 0.000, 0.000, 0.000, 0.098, 1.000, 0.000]"
190.36,190.4,Leeseo,0.9999955892562866,Leeseo,[1.000],"[0.000, 0.000, 0.000, 0.000, 0.084, 1.000, 0.000]"
190.4,190.44,Leeseo,0.9999949932098389,Leeseo,[1.000],"[0.000, 0.000, 0.000, 0.000, 0.071, 1.000, 0.000]"
190.44,190.48,Leeseo,0.999994158744812,Leeseo,[1.000],"[0.000, 0.000, 0.000, 0.000, 0.061, 1.000, 0.000]"
190.48,190.52,Leeseo,0.9999929666519165,Leeseo,[1.000],"[0.000, 0.000, 0.000, 0.000, 0.051, 1.000, 0.000]"
190.52,190.56,Leeseo,0.9999910593032837,Leeseo,[1.000],"[0.000, 0.000, 0.000, 0.000, 0.043, 1.000, 0.000]"
190.56,190.6,Leeseo,0.9999884366989136,Leeseo,[1.000],"[0.000, 0.000, 0.000, 0.000, 0.036, 1.000, 0.000]"
190.6,190.64,Leeseo,0.9999845027923584,Leeseo,[1.000],"[0.000, 0.000, 0.000, 0.000, 0.031, 1.000, 0.000]"
190.64,190.68,Leeseo,0.9999785423278809,Leeseo,[1.000],"[0.000, 0.000, 0.000, 0.000, 0.026, 1.000, 0.000]"
190.68,190.72,Leeseo,0.9999696016311646,Leeseo,[1.000],"[0.000, 0.000, 0.000, 0.000, 0.023, 1.000, 0.000]"
190.72,190.76,Leeseo,0.9999560117721558,Leeseo,[1.000],"[0.000, 0.000, 0.000, 0.000, 0.020, 1.000, 0.000]"
190.76,190.8,Leeseo,0.9999349117279053,Leeseo,[1.000],"[0.000, 0.000, 0.000, 0.000, 0.018, 1.000, 0.000]"
190.8,190.84,Leeseo,0.9999023675918579,Leeseo,[1.000],"[0.000, 0.000, 0.000, 0.000, 0.016, 1.000, 0.001]"
190.84,190.88,Leeseo,0.9998517036437988,Leeseo,[1.000],"[0.000, 0.000, 0.000, 0.000, 0.015, 1.000, 0.001]"
190.88,190.92,Leeseo,0.9997729659080505,Leeseo,[1.000],"[0.000, 0.000, 0.000, 0.000, 0.014, 1.000, 0.001]"
190.92,190.96,Leeseo,0.9996505975723267,Leeseo,[1.000],"[0.000, 0.000, 0.000, 0.000, 0.014, 1.000, 0.001]"
190.96,191.0,Leeseo,0.9994623064994812,Leeseo,[0.999],"[0.000, 0.000, 0.000, 0.000, 0.014, 0.999, 0.001]"
191.0,191.04,Leeseo,0.9991766810417175,Leeseo,[0.999],"[0.000, 0.000, 0.000, 0.000, 0.014, 0.999, 0.001]"
191.04,191.08,Leeseo,0.9987508058547974,Leeseo,[0.999],"[0.000, 0.000, 0.000, 0.000, 0.015, 0.999, 0.002]"
191.08,191.12,Leeseo,0.9981302618980408,Leeseo,[0.998],"[0.000, 0.000, 0.000, 0.000, 0.016, 0.998, 0.002]"
191.12,191.16,Leeseo,0.9972520470619202,Leeseo,[0.997],"[0.000, 0.000, 0.000, 0.000, 0.017, 0.997, 0.002]"
191.16,191.2,Leeseo,0.9960495829582214,Leeseo,[0.996],"[0.000, 0.000, 0.000, 0.000, 0.019, 0.996, 0.003]"
191.2,191.24,Leeseo,0.9944601058959961,Leeseo,[0.994],"[0.000, 0.000, 0.000, 0.000, 0.021, 0.994, 0.003]"
191.24,191.28,Leeseo,0.9924347400665283,Leeseo,[0.992],"[0.000, 0.000, 0.000, 0.000, 0.024, 0.992, 0.004]"
191.28,191.32,Leeseo,0.9899517893791199,Leeseo,[0.990],"[0.000, 0.000, 0.000, 0.000, 0.029, 0.990, 0.004]"
191.32,191.36,Leeseo,0.9870285987854004,Leeseo,[0.987],"[0.000, 0.000, 0.000, 0.000, 0.034, 0.987, 0.005]"
191.36,191.4,Leeseo,0.9837530851364136,Leeseo,[0.984],"[0.000, 0.000, 0.000, 0.000, 0.041, 0.984, 0.005]"
191.4,191.44,Leeseo,0.9802908897399902,Leeseo,[0.980],"[0.000, 0.000, 0.000, 0.000, 0.050, 0.980, 0.006]"
191.44,191.48,Leeseo,0.976880669593811,Leeseo,[0.977],"[0.000, 0.001, 0.000, 0.000, 0.062, 0.977, 0.006]"
191.48,191.52,Leeseo,0.9738174080848694,Leeseo,[0.974],"[0.000, 0.001, 0.000, 0.000, 0.077, 0.974, 0.006]"
191.52,191.56,Leeseo,0.9713846445083618,Leeseo,[0.971],"[0.000, 0.001, 0.000, 0.000, 0.096, 0.971, 0.006]"
191.56,191.6,Leeseo,0.9697946310043335,Leeseo,[0.970],"[0.000, 0.001, 0.000, 0.000, 0.119, 0.970, 0.007]"
191.6,191.64,Leeseo,0.9691051244735718,Leeseo,[0.969],"[0.000, 0.002, 0.000, 0.000, 0.148, 0.969, 0.007]"
191.64,191.68,Leeseo,0.9692390561103821,Leeseo,[0.969],"[0.000, 0.002, 0.000, 0.000, 0.183, 0.969, 0.007]"
191.68,191.72,Leeseo,0.9700126051902771,Leeseo,[0.970],"[0.000, 0.002, 0.000, 0.000, 0.223, 0.970, 0.007]"
191.72,191.76,Leeseo,0.9712259769439697,Leeseo,[0.971],"[0.000, 0.003, 0.000, 0.000, 0.269, 0.971, 0.006]"
191.76,191.8,Leeseo,0.9726510047912598,Leeseo,[0.973],"[0.000, 0.003, 0.000, 0.000, 0.320, 0.973, 0.006]"
191.8,191.84,Leeseo,0.9741214513778687,Leeseo,[0.974],"[0.000, 0.003, 0.000, 0.000, 0.373, 0.974, 0.006]"
191.84,191.88,Leeseo,0.9755228757858276,Leeseo,[0.976],"[0.000, 0.003, 0.000, 0.000, 0.428, 0.976, 0.006]"
191.88,191.92,Leeseo,0.9767176508903503,Leeseo,[0.977],"[0.000, 0.004, 0.000, 0.000, 0.480, 0.977, 0.006]"
191.92,191.96,Leeseo,0.977569043636322,Leeseo,[0.978],"[0.000, 0.004, 0.000, 0.000, 0.528, 0.978, 0.005]"
191.96,192.0,Leeseo,0.9779902696609497,Leeseo,[0.978],"[0.000, 0.004, 0.000, 0.000, 0.569, 0.978, 0.005]"
192.0,192.04,Leeseo,0.9779115319252014,Leeseo,[0.978],"[0.000, 0.004, 0.000, 0.000, 0.602, 0.978, 0.005]"
192.04,192.08,Leeseo,0.9772439002990723,Liz|Leeseo,"[0.628, 0.977]","[0.000, 0.004, 0.000, 0.000, 0.628, 0.977, 0.005]"
192.08,192.12,Leeseo,0.975827693939209,Liz|Leeseo,"[0.647, 0.976]","[0.000, 0.004, 0.000, 0.000, 0.647, 0.976, 0.005]"
192.12,192.16,Leeseo,0.9734092354774475,Liz|Leeseo,"[0.660, 0.973]","[0.000, 0.005, 0.000, 0.000, 0.660, 0.973, 0.005]"
192.16,192.2,Leeseo,0.9695672988891602,Liz|Leeseo,"[0.665, 0.970]","[0.000, 0.005, 0.000, 0.000, 0.665, 0.970, 0.005]"
192.2,192.24,Leeseo,0.9635809063911438,Liz|Leeseo,"[0.663, 0.964]","[0.000, 0.005, 0.000, 0.000, 0.663, 0.964, 0.006]"
192.24,192.28,Leeseo,0.954319179058075,Liz|Leeseo,"[0.653, 0.954]","[0.000, 0.005, 0.000, 0.000, 0.653, 0.954, 0.006]"
192.28,192.32,Leeseo,0.939903736114502,Liz|Leeseo,"[0.635, 0.940]","[0.000, 0.005, 0.000, 0.000, 0.635, 0.940, 0.006]"
192.32,192.36,Leeseo,0.9171591401100159,Liz|Leeseo,"[0.606, 0.917]","[0.000, 0.005, 0.000, 0.000, 0.606, 0.917, 0.007]"
192.36,192.4,Leeseo,0.8810294270515442,Leeseo,[0.881],"[0.000, 0.005, 0.000, 0.000, 0.566, 0.881, 0.007]"
192.4,192.44,Leeseo,0.8238781690597534,Leeseo,[0.824],"[0.000, 0.005, 0.000, 0.000, 0.515, 0.824, 0.008]"
192.44,192.48,Leeseo,0.7363494634628296,Leeseo,[0.736],"[0.000, 0.005, 0.000, 0.000, 0.452, 0.736, 0.008]"
192.48,192.52,Leeseo,0.612195611000061,Leeseo,[0.612],"[0.000, 0.006, 0.000, 0.000, 0.381, 0.612, 0.009]"
192.52,192.56,silence,0.009070055559277534,,[],"[0.000, 0.006, 0.000, 0.000, 0.308, 0.458, 0.009]"
192.56,192.6,silence,0.009561426937580109,,[],"[0.000, 0.007, 0.000, 0.000, 0.236, 0.302, 0.010]"
192.6,192.64,silence,0.01000581681728363,,[],"[0.000, 0.009, 0.000, 0.000, 0.173, 0.175, 0.010]"
192.64,192.68,silence,0.010379464365541935,,[],"[0.000, 0.011, 0.000, 0.000, 0.121, 0.090, 0.010]"
192.68,192.72,silence,0.010657437145709991,,[],"[0.000, 0.014, 0.000, 0.000, 0.081, 0.043, 0.011]"
192.72,192.76,silence,0.010813970118761063,,[],"[0.000, 0.019, 0.000, 0.000, 0.053, 0.019, 0.011]"
192.76,192.8,silence,0.010829787701368332,,[],"[0.000, 0.027, 0.000, 0.000, 0.033, 0.008, 0.011]"
192.8,192.84,silence,0.010685542598366737,,[],"[0.000, 0.039, 0.000, 0.000, 0.021, 0.004, 0.011]"
192.84,192.88,silence,0.010374861769378185,,[],"[0.000, 0.058, 0.000, 0.000, 0.013, 0.002, 0.010]"
192.88,192.92,silence,0.009895240887999535,,[],"[0.000, 0.089, 0.000, 0.000, 0.008, 0.001, 0.010]"
192.92,192.96,silence,0.009257533587515354,,[],"[0.000, 0.136, 0.000, 0.000, 0.005, 0.000, 0.009]"
192.96,193.0,silence,0.008494450710713863,,[],"[0.000, 0.207, 0.000, 0.000, 0.003, 0.000, 0.008]"
193.0,193.04,silence,0.007651238236576319,,[],"[0.000, 0.307, 0.000, 0.000, 0.002, 0.000, 0.008]"
193.04,193.08,silence,0.006771931890398264,,[],"[0.000, 0.432, 0.000, 0.000, 0.001, 0.000, 0.007]"
193.08,193.12,silence,0.00589527003467083,,[],"[0.000, 0.568, 0.000, 0.000, 0.001, 0.000, 0.006]"
193.12,193.16,Yujin,0.6958304643630981,Yujin,[0.696],"[0.000, 0.696, 0.000, 0.000, 0.001, 0.000, 0.005]"
193.16,193.2,Yujin,0.7989935874938965,Yujin,[0.799],"[0.000, 0.799, 0.000, 0.000, 0.001, 0.000, 0.004]"
193.2,193.24,Yujin,0.8730075359344482,Yujin,[0.873],"[0.000, 0.873, 0.000, 0.000, 0.000, 0.000, 0.004]"
193.24,193.28,Yujin,0.9217952489852905,Yujin,[0.922],"[0.000, 0.922, 0.000, 0.000, 0.000, 0.000, 0.003]"
193.28,193.32,Yujin,0.952248215675354,Yujin,[0.952],"[0.000, 0.952, 0.000, 0.000, 0.000, 0.000, 0.002]"
193.32,193.36,Yujin,0.9707381129264832,Yujin,[0.971],"[0.000, 0.971, 0.000, 0.000, 0.000, 0.000, 0.002]"
193.36,193.4,Yujin,0.9818738698959351,Yujin,[0.982],"[0.000, 0.982, 0.000, 0.000, 0.000, 0.000, 0.002]"
193.4,193.44,Yujin,0.9886061549186707,Yujin,[0.989],"[0.000, 0.989, 0.000, 0.000, 0.000, 0.000, 0.001]"
193.44,193.48,Yujin,0.9927151799201965,Yujin,[0.993],"[0.000, 0.993, 0.000, 0.000, 0.000, 0.000, 0.001]"
193.48,193.52,Yujin,0.9952541589736938,Yujin,[0.995],"[0.000, 0.995, 0.000, 0.000, 0.000, 0.000, 0.001]"
193.52,193.56,Yujin,0.9968401193618774,Yujin,[0.997],"[0.000, 0.997, 0.000, 0.000, 0.000, 0.000, 0.001]"
193.56,193.6,Yujin,0.9978415966033936,Yujin,[0.998],"[0.000, 0.998, 0.000, 0.000, 0.000, 0.000, 0.001]"
193.6,193.64,Yujin,0.9984799027442932,Yujin,[0.998],"[0.000, 0.998, 0.000, 0.000, 0.001, 0.000, 0.001]"
193.64,193.68,Yujin,0.998891294002533,Yujin,[0.999],"[0.000, 0.999, 0.000, 0.000, 0.001, 0.000, 0.001]"
193.68,193.72,Yujin,0.9991592168807983,Yujin,[0.999],"[0.000, 0.999, 0.000, 0.000, 0.001, 0.000, 0.000]"
193.72,193.76,Yujin,0.9993342757225037,Yujin,[0.999],"[0.000, 0.999, 0.000, 0.000, 0.002, 0.000, 0.000]"
193.76,193.8,Yujin,0.9994489550590515,Yujin,[0.999],"[0.000, 0.999, 0.000, 0.000, 0.003, 0.000, 0.000]"
193.8,193.84,Yujin,0.9995231628417969,Yujin,[1.000],"[0.000, 1.000, 0.000, 0.000, 0.005, 0.000, 0.000]"
193.84,193.88,Yujin,0.9995692372322083,Yujin,[1.000],"[0.000, 1.000, 0.000, 0.000, 0.007, 0.000, 0.000]"
193.88,193.92,Yujin,0.999594509601593,Yujin,[1.000],"[0.000, 1.000, 0.000, 0.000, 0.011, 0.000, 0.000]"
193.92,193.96,Yujin,0.9996029734611511,Yujin,[1.000],"[0.000, 1.000, 0.000, 0.000, 0.018, 0.000, 0.001]"
193.96,194.0,Yujin,0.9995962977409363,Yujin,[1.000],"[0.000, 1.000, 0.000, 0.000, 0.028, 0.000, 0.001]"
194.0,194.04,Yujin,0.9995748400688171,Yujin,[1.000],"[0.000, 1.000, 0.000, 0.000, 0.045, 0.000, 0.001]"
194.04,194.08,Yujin,0.9995372295379639,Yujin,[1.000],"[0.000, 1.000, 0.000, 0.000, 0.069, 0.000, 0.001]"
194.08,194.12,Yujin,0.9994818568229675,Yujin,[0.999],"[0.000, 0.999, 0.000, 0.000, 0.104, 0.000, 0.001]"
194.12,194.16,Yujin,0.9994059801101685,Yujin,[0.999],"[0.000, 0.999, 0.000, 0.000, 0.153, 0.000, 0.001]"
194.16,194.2,Yujin,0.9993053674697876,Yujin,[0.999],"[0.000, 0.999, 0.000, 0.000, 0.214, 0.000, 0.001]"
194.2,194.24,Yujin,0.9991748929023743,Yujin,[0.999],"[0.000, 0.999, 0.000, 0.000, 0.287, 0.000, 0.001]"
194.24,194.28,Yujin,0.9990079998970032,Yujin,[0.999],"[0.000, 0.999, 0.000, 0.000, 0.367, 0.000, 0.001]"
194.28,194.32,Yujin,0.9987961053848267,Yujin,[0.999],"[0.000, 0.999, 0.000, 0.000, 0.447, 0.000, 0.002]"
194.32,194.36,Yujin,0.9985274076461792,Yujin,[0.999],"[0.000, 0.999, 0.000, 0.000, 0.523, 0.000, 0.002]"
194.36,194.4,Yujin,0.9981876015663147,Yujin,[0.998],"[0.000, 0.998, 0.000, 0.000, 0.591, 0.000, 0.002]"
194.4,194.44,Yujin,0.9977618455886841,Yujin|Liz,"[0.998, 0.650]","[0.000, 0.998, 0.000, 0.000, 0.650, 0.000, 0.002]"
194.44,194.48,Yujin,0.9972339272499084,Yujin|Liz,"[0.997, 0.699]","[0.000, 0.997, 0.000, 0.000, 0.699, 0.000, 0.002]"
194.48,194.52,Yujin,0.9965808987617493,Yujin|Liz,"[0.997, 0.739]","[0.000, 0.997, 0.000, 0.000, 0.739, 0.000, 0.002]"
194.52,194.56,Yujin,0.995780348777771,Yujin|Liz,"[0.996, 0.769]","[0.000, 0.996, 0.000, 0.000, 0.769, 0.000, 0.003]"
194.56,194.6,Yujin,0.9948118925094604,Yujin|Liz,"[0.995, 0.792]","[0.000, 0.995, 0.000, 0.000, 0.792, 0.000, 0.003]"
194.6,194.64,Yujin,0.9936525821685791,Yujin|Liz,"[0.994, 0.809]","[0.000, 0.994, 0.000, 0.000, 0.809, 0.000, 0.003]"
194.64,194.68,Yujin,0.992281973361969,Yujin|Liz,"[0.992, 0.820]","[0.000, 0.992, 0.000, 0.000, 0.820, 0.000, 0.003]"
194.68,194.72,Yujin,0.9906747937202454,Yujin|Liz,"[0.991, 0.826]","[0.000, 0.991, 0.000, 0.000, 0.826, 0.000, 0.003]"
194.72,194.76,Yujin,0.9888161420822144,Yujin|Liz,"[0.989, 0.828]","[0.000, 0.989, 0.000, 0.000, 0.828, 0.000, 0.003]"
194.76,194.8,Yujin,0.9867135286331177,Yujin|Liz,"[0.987, 0.826]","[0.000, 0.987, 0.000, 0.000, 0.826, 0.000, 0.003]"
194.8,194.84,Yujin,0.9843877553939819,Yujin|Liz,"[0.984, 0.820]","[0.000, 0.984, 0.000, 0.000, 0.820, 0.000, 0.003]"
194.84,194.88,Yujin,0.9818816781044006,Yujin|Liz,"[0.982, 0.811]","[0.000, 0.982, 0.000, 0.000, 0.811, 0.000, 0.003]"
194.88,194.92,Yujin,0.9792488813400269,Yujin|Liz,"[0.979, 0.797]","[0.000, 0.979, 0.000, 0.000, 0.797, 0.000, 0.003]"
194.92,194.96,Yujin,0.9765622019767761,Yujin|Liz,"[0.977, 0.779]","[0.000, 0.977, 0.000, 0.000, 0.779, 0.000, 0.004]"
194.96,195.0,Yujin,0.9738986492156982,Yujin|Liz,"[0.974, 0.756]","[0.000, 0.974, 0.000, 0.000, 0.756, 0.000, 0.004]"
195.0,195.04,Yujin,0.9713502526283264,Yujin|Liz,"[0.971, 0.729]","[0.000, 0.971, 0.000, 0.000, 0.729, 0.000, 0.004]"
195.04,195.08,Yujin,0.9690043926239014,Yujin|Liz,"[0.969, 0.698]","[0.000, 0.969, 0.000, 0.000, 0.698, 0.000, 0.004]"
195.08,195.12,Yujin,0.9669532775878906,Yujin|Liz,"[0.967, 0.664]","[0.000, 0.967, 0.000, 0.000, 0.664, 0.000, 0.004]"
195.12,195.16,Yujin,0.9652818441390991,Yujin|Liz,"[0.965, 0.626]","[0.000, 0.965, 0.000, 0.000, 0.626, 0.000, 0.004]"
195.16,195.2,Yujin,0.9640152454376221,Yujin|Liz,"[0.964, 0.588]","[0.000, 0.964, 0.000, 0.000, 0.588, 0.000, 0.004]"
195.2,195.24,Yujin,0.9631342887878418,Yujin,[0.963],"[0.000, 0.963, 0.000, 0.000, 0.549, 0.000, 0.004]"
195.24,195.28,Yujin,0.9625891447067261,Yujin,[0.963],"[0.000, 0.963, 0.000, 0.000, 0.512, 0.000, 0.004]"
195.28,195.32,Yujin,0.9623130559921265,Yujin,[0.962],"[0.000, 0.962, 0.000, 0.000, 0.478, 0.000, 0.005]"
195.32,195.36,Yujin,0.9621951580047607,Yujin,[0.962],"[0.000, 0.962, 0.000, 0.000, 0.447, 0.000, 0.005]"
195.36,195.4,Yujin,0.9621028900146484,Yujin,[0.962],"[0.000, 0.962, 0.000, 0.000, 0.419, 0.000, 0.005]"
195.4,195.44,Yujin,0.9619117379188538,Yujin,[0.962],"[0.000, 0.962, 0.000, 0.001, 0.395, 0.000, 0.006]"
195.44,195.48,Yujin,0.9615122675895691,Yujin,[0.962],"[0.000, 0.962, 0.000, 0.001, 0.374, 0.000, 0.006]"
195.48,195.52,Yujin,0.9608142375946045,Yujin,[0.961],"[0.000, 0.961, 0.000, 0.001, 0.357, 0.000, 0.007]"
195.52,195.56,Yujin,0.9597480893135071,Yujin,[0.960],"[0.000, 0.960, 0.000, 0.001, 0.344, 0.000, 0.007]"
195.56,195.6,Yujin,0.9582894444465637,Yujin,[0.958],"[0.000, 0.958, 0.000, 0.001, 0.336, 0.000, 0.008]"
195.6,195.64,Yujin,0.956453263759613,Yujin,[0.956],"[0.000, 0.956, 0.000, 0.001, 0.333, 0.000, 0.009]"
195.64,195.68,Yujin,0.954245924949646,Yujin,[0.954],"[0.000, 0.954, 0.000, 0.001, 0.336, 0.000, 0.010]"
195.68,195.72,Yujin,0.9516446590423584,Yujin,[0.952],"[0.000, 0.952, 0.000, 0.001, 0.344, 0.000, 0.010]"
195.72,195.76,Yujin,0.948647141456604,Yujin,[0.949],"[0.000, 0.949, 0.000, 0.002, 0.359, 0.000, 0.011]"
195.76,195.8,Yujin,0.9452552199363708,Yujin,[0.945],"[0.000, 0.945, 0.000, 0.002, 0.381, 0.000, 0.011]"
195.8,195.84,Yujin,0.9414100050926208,Yujin,[0.941],"[0.000, 0.941, 0.000, 0.002, 0.410, 0.000, 0.011]"
195.84,195.88,Yujin,0.9370386600494385,Yujin,[0.937],"[0.000, 0.937, 0.000, 0.002, 0.446, 0.000, 0.011]"
195.88,195.92,Yujin,0.9320407509803772,Yujin,[0.932],"[0.000, 0.932, 0.000, 0.002, 0.488, 0.000, 0.011]"
195.92,195.96,Yujin,0.926361083984375,Yujin,[0.926],"[0.000, 0.926, 0.000, 0.002, 0.534, 0.000, 0.010]"
195.96,196.0,Yujin,0.9200116991996765,Yujin,[0.920],"[0.000, 0.920, 0.000, 0.002, 0.582, 0.000, 0.009]"
196.0,196.04,Yujin,0.9130218029022217,Yujin|Liz,"[0.913, 0.631]","[0.000, 0.913, 0.000, 0.002, 0.631, 0.000, 0.009]"
196.04,196.08,Yujin,0.9053351283073425,Yujin|Liz,"[0.905, 0.678]","[0.000, 0.905, 0.000, 0.002, 0.678, 0.000, 0.008]"
196.08,196.12,Yujin,0.8968220353126526,Yujin|Liz,"[0.897, 0.722]","[0.000, 0.897, 0.000, 0.002, 0.722, 0.000, 0.007]"
196.12,196.16,Yujin,0.8875095248222351,Yujin|Liz,"[0.888, 0.762]","[0.000, 0.888, 0.000, 0.002, 0.762, 0.000, 0.006]"
196.16,196.2,Yujin,0.8774828314781189,Yujin|Liz,"[0.877, 0.798]","[0.000, 0.877, 0.000, 0.002, 0.798, 0.000, 0.005]"
196.2,196.24,Yujin,0.8669776916503906,Yujin|Liz,"[0.867, 0.830]","[0.000, 0.867, 0.000, 0.002, 0.830, 0.000, 0.004]"
196.24,196.28,Liz,0.8567352294921875,Yujin|Liz,"[0.856, 0.857]","[0.000, 0.856, 0.000, 0.001, 0.857, 0.000, 0.003]"
196.28,196.32,Liz,0.8797471523284912,Yujin|Liz,"[0.845, 0.880]","[0.000, 0.845, 0.000, 0.001, 0.880, 0.000, 0.003]"
196.32,196.36,Liz,0.8989979028701782,Yujin|Liz,"[0.834, 0.899]","[0.000, 0.834, 0.000, 0.001, 0.899, 0.000, 0.002]"
196.36,196.4,Liz,0.9148134589195251,Yujin|Liz,"[0.822, 0.915]","[0.000, 0.822, 0.000, 0.001, 0.915, 0.000, 0.002]"
196.4,196.44,Liz,0.9275009632110596,Yujin|Liz,"[0.811, 0.928]","[0.000, 0.811, 0.000, 0.001, 0.928, 0.000, 0.002]"
196.44,196.48,Liz,0.9374125599861145,Yujin|Liz,"[0.799, 0.937]","[0.000, 0.799, 0.000, 0.001, 0.937, 0.000, 0.001]"
196.48,196.52,Liz,0.9449381232261658,Yujin|Liz,"[0.788, 0.945]","[0.000, 0.788, 0.000, 0.001, 0.945, 0.000, 0.001]"
196.52,196.56,Liz,0.9504546523094177,Yujin|Liz,"[0.779, 0.950]","[0.000, 0.779, 0.000, 0.001, 0.950, 0.000, 0.001]"
196.56,196.6,Liz,0.9542583227157593,Yujin|Liz,"[0.772, 0.954]","[0.000, 0.772, 0.000, 0.000, 0.954, 0.000, 0.001]"
196.6,196.64,Liz,0.9565565586090088,Yujin|Liz,"[0.767, 0.957]","[0.000, 0.767, 0.000, 0.000, 0.957, 0.000, 0.001]"
196.64,196.68,Liz,0.9575064778327942,Yujin|Liz,"[0.765, 0.958]","[0.000, 0.765, 0.000, 0.000, 0.958, 0.000, 0.001]"
196.68,196.72,Liz,0.9571539163589478,Yujin|Liz,"[0.766, 0.957]","[0.000, 0.766, 0.000, 0.000, 0.957, 0.000, 0.000]"
196.72,196.76,Liz,0.9554470181465149,Yujin|Liz,"[0.772, 0.955]","[0.000, 0.772, 0.000, 0.000, 0.955, 0.000, 0.000]"
196.76,196.8,Liz,0.9522590637207031,Yujin|Liz,"[0.781, 0.952]","[0.000, 0.781, 0.000, 0.000, 0.952, 0.000, 0.000]"
196.8,196.84,Liz,0.9474126696586609,Yujin|Liz,"[0.794, 0.947]","[0.000, 0.794, 0.000, 0.000, 0.947, 0.000, 0.000]"
196.84,196.88,Liz,0.940630316734314,Yujin|Liz,"[0.810, 0.941]","[0.000, 0.810, 0.000, 0.000, 0.941, 0.000, 0.000]"
196.88,196.92,Liz,0.9314577579498291,Yujin|Liz,"[0.829, 0.931]","[0.000, 0.829, 0.000, 0.000, 0.931, 0.000, 0.000]"
196.92,196.96,Liz,0.9192073345184326,Yujin|Liz,"[0.850, 0.919]","[0.000, 0.850, 0.000, 0.000, 0.919, 0.000, 0.000]"
196.96,197.0,Liz,0.9028757810592651,Yujin|Liz,"[0.873, 0.903]","[0.000, 0.873, 0.000, 0.000, 0.903, 0.000, 0.000]"
197.0,197.04,Yujin,0.894872784614563,Yujin|Liz,"[0.895, 0.881]","[0.000, 0.895, 0.000, 0.000, 0.881, 0.000, 0.000]"
197.04,197.08,Yujin,0.9161847829818726,Yujin|Liz,"[0.916, 0.852]","[0.000, 0.916, 0.000, 0.000, 0.852, 0.000, 0.000]"
197.08,197.12,Yujin,0.9354939460754395,Yujin|Liz,"[0.935, 0.814]","[0.000, 0.935, 0.000, 0.000, 0.814, 0.000, 0.000]"
197.12,197.16,Yujin,0.9521336555480957,Yujin|Liz,"[0.952, 0.766]","[0.000, 0.952, 0.000, 0.000, 0.766, 0.000, 0.000]"
197.16,197.2,Yujin,0.9658032655715942,Yujin|Liz,"[0.966, 0.704]","[0.000, 0.966, 0.000, 0.000, 0.704, 0.000, 0.000]"
197.2,197.24,Yujin,0.9765321016311646,Yujin|Liz,"[0.977, 0.628]","[0.000, 0.977, 0.000, 0.000, 0.628, 0.000, 0.000]"
197.24,197.28,Yujin,0.9845427870750427,Yujin,[0.985],"[0.000, 0.985, 0.000, 0.000, 0.541, 0.000, 0.000]"
197.28,197.32,Yujin,0.9902207851409912,Yujin,[0.990],"[0.000, 0.990, 0.000, 0.000, 0.446, 0.000, 0.000]"
197.32,197.36,Yujin,0.9940443634986877,Yujin,[0.994],"[0.000, 0.994, 0.000, 0.000, 0.350, 0.000, 0.000]"
197.36,197.4,Yujin,0.9964956641197205,Yujin,[0.996],"[0.000, 0.996, 0.000, 0.000, 0.262, 0.000, 0.000]"
197.4,197.44,Yujin,0.9979974627494812,Yujin,[0.998],"[0.000, 0.998, 0.000, 0.000, 0.188, 0.000, 0.000]"
197.44,197.48,Yujin,0.9988821148872375,Yujin,[0.999],"[0.000, 0.999, 0.000, 0.000, 0.130, 0.000, 0.000]"
197.48,197.52,Yujin,0.9993867874145508,Yujin,[0.999],"[0.000, 0.999, 0.000, 0.000, 0.087, 0.000, 0.000]"
197.52,197.56,Yujin,0.9996678829193115,Yujin,[1.000],"[0.000, 1.000, 0.000, 0.000, 0.057, 0.000, 0.000]"
197.56,197.6,Yujin,0.9998212456703186,Yujin,[1.000],"[0.000, 1.000, 0.000, 0.000, 0.037, 0.000, 0.000]"
197.6,197.64,Yujin,0.9999037981033325,Yujin,[1.000],"[0.000, 1.000, 0.000, 0.000, 0.024, 0.000, 0.000]"
197.64,197.68,Yujin,0.9999479055404663,Yujin,[1.000],"[0.000, 1.000, 0.000, 0.000, 0.016, 0.000, 0.000]"
197.68,197.72,Yujin,0.9999713897705078,Yujin,[1.000],"[0.000, 1.000, 0.000, 0.000, 0.010, 0.000, 0.000]"
197.72,197.76,Yujin,0.9999839067459106,Yujin,[1.000],"[0.000, 1.000, 0.000, 0.000, 0.007, 0.000, 0.000]"
197.76,197.8,Yujin,0.9999908208847046,Yujin,[1.000],"[0.000, 1.000, 0.000, 0.000, 0.004, 0.000, 0.000]"
197.8,197.84,Yujin,0.9999945163726807,Yujin,[1.000],"[0.000, 1.000, 0.000, 0.000, 0.003, 0.000, 0.000]"
197.84,197.88,Yujin,0.9999966621398926,Yujin,[1.000],"[0.000, 1.000, 0.000, 0.000, 0.002, 0.000, 0.000]"
197.88,197.92,Yujin,0.9999978542327881,Yujin,[1.000],"[0.000, 1.000, 0.000, 0.000, 0.001, 0.000, 0.000]"
197.92,197.96,Yujin,0.9999985694885254,Yujin,[1.000],"[0.000, 1.000, 0.000, 0.000, 0.001, 0.000, 0.000]"
197.96,198.0,Yujin,0.9999990463256836,Yujin,[1.000],"[0.000, 1.000, 0.000, 0.000, 0.001, 0.000, 0.000]"
198.0,198.04,Yujin,0.9999992847442627,Yujin,[1.000],"[0.000, 1.000, 0.000, 0.000, 0.001, 0.000, 0.000]"
198.04,198.08,Yujin,0.9999995231628418,Yujin,[1.000],"[0.000, 1.000, 0.000, 0.000, 0.000, 0.000, 0.000]"
198.08,198.12,Yujin,0.9999996423721313,Yujin,[1.000],"[0.000, 1.000, 0.000, 0.000, 0.000, 0.000, 0.000]"
198.12,198.16,Yujin,0.9999996423721313,Yujin,[1.000],"[0.000, 1.000, 0.000, 0.000, 0.000, 0.000, 0.000]"
198.16,198.2,Yujin,0.9999997615814209,Yujin,[1.000],"[0.000, 1.000, 0.000, 0.000, 0.000, 0.000, 0.000]"
198.2,198.24,Yujin,0.9999997615814209,Yujin,[1.000],"[0.000, 1.000, 0.000, 0.000, 0.000, 0.000, 0.000]"
198.24,198.28,Yujin,0.9999997615814209,Yujin,[1.000],"[0.000, 1.000, 0.000, 0.000, 0.000, 0.000, 0.000]"
198.28,198.32,Yujin,0.9999997615814209,Yujin,[1.000],"[0.000, 1.000, 0.000, 0.000, 0.000, 0.000, 0.000]"
198.32,198.36,Yujin,0.9999997615814209,Yujin,[1.000],"[0.000, 1.000, 0.000, 0.000, 0.000, 0.000, 0.000]"
198.36,198.4,Yujin,0.9999997615814209,Yujin,[1.000],"[0.000, 1.000, 0.000, 0.000, 0.000, 0.000, 0.000]"
198.4,198.44,Yujin,0.9999997615814209,Yujin,[1.000],"[0.000, 1.000, 0.000, 0.000, 0.000, 0.000, 0.000]"
198.44,198.48,Yujin,0.9999997615814209,Yujin,[1.000],"[0.000, 1.000, 0.000, 0.000, 0.000, 0.000, 0.000]"
198.48,198.52,Yujin,0.9999997615814209,Yujin,[1.000],"[0.000, 1.000, 0.000, 0.000, 0.000, 0.000, 0.000]"
198.52,198.56,Yujin,0.9999996423721313,Yujin,[1.000],"[0.000, 1.000, 0.000, 0.000, 0.000, 0.000, 0.000]"
198.56,198.6,Yujin,0.9999996423721313,Yujin,[1.000],"[0.000, 1.000, 0.000, 0.000, 0.000, 0.000, 0.000]"
198.6,198.64,Yujin,0.9999995231628418,Yujin,[1.000],"[0.000, 1.000, 0.000, 0.000, 0.000, 0.000, 0.000]"
198.64,198.68,Yujin,0.9999994039535522,Yujin,[1.000],"[0.000, 1.000, 0.000, 0.000, 0.000, 0.000, 0.000]"
198.68,198.72,Yujin,0.9999991655349731,Yujin,[1.000],"[0.000, 1.000, 0.000, 0.000, 0.000, 0.000, 0.000]"
198.72,198.76,Yujin,0.9999988079071045,Yujin,[1.000],"[0.000, 1.000, 0.000, 0.000, 0.000, 0.000, 0.000]"
198.76,198.8,Yujin,0.9999982118606567,Yujin,[1.000],"[0.000, 1.000, 0.000, 0.000, 0.000, 0.000, 0.000]"
198.8,198.84,Yujin,0.9999973773956299,Yujin,[1.000],"[0.000, 1.000, 0.000, 0.000, 0.000, 0.000, 0.000]"
198.84,198.88,Yujin,0.9999959468841553,Yujin,[1.000],"[0.000, 1.000, 0.000, 0.000, 0.000, 0.000, 0.000]"
198.88,198.92,Yujin,0.9999938011169434,Yujin,[1.000],"[0.000, 1.000, 0.000, 0.000, 0.000, 0.000, 0.000]"
198.92,198.96,Yujin,0.9999901056289673,Yujin,[1.000],"[0.000, 1.000, 0.000, 0.000, 0.000, 0.000, 0.000]"
198.96,199.0,Yujin,0.9999840259552002,Yujin,[1.000],"[0.000, 1.000, 0.000, 0.000, 0.000, 0.000, 0.000]"
199.0,199.04,Yujin,0.9999737739562988,Yujin,[1.000],"[0.000, 1.000, 0.000, 0.000, 0.000, 0.000, 0.000]"
199.04,199.08,Yujin,0.9999563694000244,Yujin,[1.000],"[0.000, 1.000, 0.000, 0.000, 0.000, 0.000, 0.000]"
199.08,199.12,Yujin,0.9999264478683472,Yujin,[1.000],"[0.000, 1.000, 0.000, 0.000, 0.001, 0.000, 0.000]"
199.12,199.16,Yujin,0.9998753070831299,Yujin,[1.000],"[0.000, 1.000, 0.000, 0.000, 0.001, 0.000, 0.000]"
199.16,199.2,Yujin,0.9997877478599548,Yujin,[1.000],"[0.000, 1.000, 0.000, 0.000, 0.001, 0.000, 0.000]"
199.2,199.24,Yujin,0.9996373653411865,Yujin,[1.000],"[0.000, 1.000, 0.000, 0.000, 0.001, 0.000, 0.000]"
199.24,199.28,Yujin,0.9993795156478882,Yujin,[0.999],"[0.000, 0.999, 0.000, 0.000, 0.002, 0.000, 0.001]"
199.28,199.32,Yujin,0.9989400506019592,Yujin,[0.999],"[0.000, 0.999, 0.000, 0.000, 0.002, 0.000, 0.001]"
199.32,199.36,Yujin,0.9981977343559265,Yujin,[0.998],"[0.000, 0.998, 0.000, 0.000, 0.003, 0.000, 0.001]"
199.36,199.4,Yujin,0.9969624876976013,Yujin,[0.997],"[0.000, 0.997, 0.000, 0.000, 0.004, 0.000, 0.002]"
199.4,199.44,Yujin,0.9949501752853394,Yujin,[0.995],"[0.000, 0.995, 0.000, 0.000, 0.005, 0.000, 0.002]"
199.44,199.48,Yujin,0.9917620420455933,Yujin,[0.992],"[0.000, 0.992, 0.000, 0.000, 0.007, 0.000, 0.002]"
199.48,199.52,Yujin,0.9868883490562439,Yujin,[0.987],"[0.000, 0.987, 0.000, 0.000, 0.010, 0.000, 0.003]"
199.52,199.56,Yujin,0.9797300100326538,Yujin,[0.980],"[0.000, 0.980, 0.000, 0.000, 0.015, 0.000, 0.003]"
199.56,199.6,Yujin,0.9696804881095886,Yujin,[0.970],"[0.000, 0.970, 0.000, 0.000, 0.022, 0.000, 0.003]"
199.6,199.64,Yujin,0.9562782049179077,Yujin,[0.956],"[0.000, 0.956, 0.000, 0.000, 0.032, 0.000, 0.003]"
199.64,199.68,Yujin,0.9395058155059814,Yujin,[0.940],"[0.000, 0.940, 0.000, 0.000, 0.047, 0.000, 0.003]"
199.68,199.72,Yujin,0.919968843460083,Yujin,[0.920],"[0.000, 0.920, 0.000, 0.000, 0.069, 0.000, 0.003]"
199.72,199.76,Yujin,0.8988534212112427,Yujin,[0.899],"[0.000, 0.899, 0.000, 0.000, 0.100, 0.000, 0.003]"
199.76,199.8,Yujin,0.8777259588241577,Yujin,[0.878],"[0.000, 0.878, 0.000, 0.000, 0.142, 0.000, 0.002]"
199.8,199.84,Yujin,0.8581515550613403,Yujin,[0.858],"[0.000, 0.858, 0.000, 0.000, 0.197, 0.000, 0.002]"
199.84,199.88,Yujin,0.8413288593292236,Yujin,[0.841],"[0.000, 0.841, 0.000, 0.000, 0.264, 0.000, 0.002]"
199.88,199.92,Yujin,0.8280962705612183,Yujin,[0.828],"[0.000, 0.828, 0.000, 0.000, 0.342, 0.000, 0.001]"
199.92,199.96,Yujin,0.8188248872756958,Yujin,[0.819],"[0.000, 0.819, 0.000, 0.000, 0.427, 0.000, 0.001]"
199.96,200.0,Yujin,0.8135751485824585,Yujin,[0.814],"[0.000, 0.814, 0.000, 0.000, 0.512, 0.000, 0.001]"
200.0,200.04,Yujin,0.8121456503868103,Yujin,[0.812],"[0.000, 0.812, 0.000, 0.000, 0.593, 0.000, 0.001]"
200.04,200.08,Yujin,0.8137996792793274,Yujin|Liz,"[0.814, 0.665]","[0.000, 0.814, 0.000, 0.000, 0.665, 0.000, 0.001]"
200.08,200.12,Yujin,0.8177108764648438,Yujin|Liz,"[0.818, 0.727]","[0.000, 0.818, 0.000, 0.000, 0.727, 0.000, 0.001]"
200.12,200.16,Yujin,0.8229600787162781,Yujin|Liz,"[0.823, 0.779]","[0.000, 0.823, 0.000, 0.000, 0.779, 0.000, 0.000]"
200.16,200.2,Yujin,0.8286463022232056,Yujin|Liz,"[0.829, 0.820]","[0.000, 0.829, 0.000, 0.000, 0.820, 0.000, 0.000]"
200.2,200.24,Liz,0.8517065644264221,Yujin|Liz,"[0.834, 0.852]","[0.000, 0.834, 0.000, 0.000, 0.852, 0.000, 0.000]"
200.24,200.28,Liz,0.8760701417922974,Yujin|Liz,"[0.839, 0.876]","[0.000, 0.839, 0.000, 0.000, 0.876, 0.000, 0.000]"
200.28,200.32,Liz,0.8941619396209717,Yujin|Liz,"[0.841, 0.894]","[0.000, 0.841, 0.000, 0.000, 0.894, 0.000, 0.000]"
200.32,200.36,Liz,0.907157301902771,Yujin|Liz,"[0.842, 0.907]","[0.000, 0.842, 0.000, 0.000, 0.907, 0.000, 0.000]"
200.36,200.4,Liz,0.9160504341125488,Yujin|Liz,"[0.839, 0.916]","[0.000, 0.839, 0.000, 0.000, 0.916, 0.000, 0.000]"
200.4,200.44,Liz,0.9215440154075623,Yujin|Liz,"[0.834, 0.922]","[0.000, 0.834, 0.000, 0.000, 0.922, 0.000, 0.000]"
200.44,200.48,Liz,0.9241162538528442,Yujin|Liz,"[0.824, 0.924]","[0.000, 0.824, 0.000, 0.000, 0.924, 0.000, 0.000]"
200.48,200.52,Liz,0.9239991903305054,Yujin|Liz,"[0.809, 0.924]","[0.000, 0.809, 0.000, 0.000, 0.924, 0.000, 0.000]"
200.52,200.56,Liz,0.9212072491645813,Yujin|Liz,"[0.789, 0.921]","[0.000, 0.789, 0.000, 0.000, 0.921, 0.000, 0.000]"
200.56,200.6,Liz,0.9156087636947632,Yujin|Liz,"[0.763, 0.916]","[0.000, 0.763, 0.000, 0.000, 0.916, 0.000, 0.001]"
200.6,200.64,Liz,0.9069254398345947,Yujin|Liz,"[0.730, 0.907]","[0.000, 0.730, 0.000, 0.000, 0.907, 0.000, 0.001]"
200.64,200.68,Liz,0.8947908878326416,Yujin|Liz,"[0.688, 0.895]","[0.000, 0.688, 0.000, 0.000, 0.895, 0.000, 0.001]"
200.68,200.72,Liz,0.8788449168205261,Yujin|Liz,"[0.639, 0.879]","[0.000, 0.639, 0.000, 0.000, 0.879, 0.000, 0.001]"
200.72,200.76,Liz,0.8589093685150146,Yujin|Liz,"[0.581, 0.859]","[0.000, 0.581, 0.000, 0.000, 0.859, 0.000, 0.002]"
200.76,200.8,Liz,0.8350905179977417,Liz,[0.835],"[0.000, 0.517, 0.000, 0.000, 0.835, 0.000, 0.002]"
200.8,200.84,Liz,0.8078362345695496,Liz,[0.808],"[0.000, 0.446, 0.000, 0.000, 0.808, 0.000, 0.003]"
200.84,200.88,Liz,0.7781156897544861,Liz,[0.778],"[0.000, 0.373, 0.000, 0.000, 0.778, 0.000, 0.004]"
200.88,200.92,Liz,0.7474110126495361,Liz,[0.747],"[0.000, 0.299, 0.000, 0.000, 0.747, 0.000, 0.006]"
200.92,200.96,Liz,0.7177019119262695,Liz,[0.718],"[0.000, 0.230, 0.000, 0.001, 0.718, 0.000, 0.007]"
200.96,201.0,Liz,0.69113689661026,Liz,[0.691],"[0.000, 0.168, 0.000, 0.001, 0.691, 0.000, 0.009]"
201.0,201.04,Liz,0.6698910593986511,Liz,[0.670],"[0.000, 0.118, 0.000, 0.001, 0.670, 0.000, 0.012]"
201.04,201.08,Liz,0.6554127931594849,Liz,[0.655],"[0.000, 0.078, 0.000, 0.001, 0.655, 0.000, 0.014]"
201.08,201.12,Liz,0.6484503746032715,Liz,[0.648],"[0.000, 0.050, 0.000, 0.001, 0.648, 0.000, 0.016]"
201.12,201.16,Liz,0.6493740677833557,Liz,[0.649],"[0.001, 0.030, 0.000, 0.001, 0.649, 0.000, 0.018]"
201.16,201.2,Liz,0.6584182381629944,Liz,[0.658],"[0.001, 0.018, 0.000, 0.001, 0.658, 0.000, 0.019]"
201.2,201.24,Liz,0.6755627989768982,Liz,[0.676],"[0.001, 0.010, 0.000, 0.001, 0.676, 0.000, 0.020]"
201.24,201.28,Liz,0.7003486156463623,Liz,[0.700],"[0.001, 0.005, 0.000, 0.001, 0.700, 0.000, 0.019]"
201.28,201.32,Liz,0.7315450310707092,Liz,[0.732],"[0.001, 0.003, 0.000, 0.001, 0.732, 0.000, 0.018]"
201.32,201.36,Liz,0.7672833800315857,Liz,[0.767],"[0.001, 0.001, 0.000, 0.000, 0.767, 0.000, 0.016]"
201.36,201.4,Liz,0.8053777813911438,Liz,[0.805],"[0.002, 0.001, 0.000, 0.000, 0.805, 0.000, 0.014]"
201.4,201.44,Liz,0.8435364961624146,Liz,[0.844],"[0.002, 0.000, 0.000, 0.000, 0.844, 0.000, 0.012]"
201.44,201.48,Liz,0.8792186975479126,Liz,[0.879],"[0.002, 0.000, 0.000, 0.000, 0.879, 0.000, 0.009]"
201.48,201.52,Liz,0.9103626608848572,Liz,[0.910],"[0.002, 0.000, 0.000, 0.000, 0.910, 0.000, 0.007]"
201.52,201.56,Liz,0.9357085824012756,Liz,[0.936],"[0.002, 0.000, 0.000, 0.000, 0.936, 0.000, 0.006]"
201.56,201.6,Liz,0.9551270604133606,Liz,[0.955],"[0.001, 0.000, 0.000, 0.000, 0.955, 0.000, 0.004]"
201.6,201.64,Liz,0.9692869782447815,Liz,[0.969],"[0.001, 0.000, 0.000, 0.000, 0.969, 0.000, 0.003]"
201.64,201.68,Liz,0.9792255163192749,Liz,[0.979],"[0.001, 0.000, 0.000, 0.000, 0.979, 0.000, 0.002]"
201.68,201.72,Liz,0.9860306978225708,Liz,[0.986],"[0.001, 0.000, 0.000, 0.000, 0.986, 0.000, 0.002]"
201.72,201.76,Liz,0.9906159043312073,Liz,[0.991],"[0.001, 0.000, 0.000, 0.000, 0.991, 0.000, 0.001]"
201.76,201.8,Liz,0.9936802387237549,Liz,[0.994],"[0.001, 0.000, 0.000, 0.000, 0.994, 0.000, 0.001]"
201.8,201.84,Liz,0.9957178235054016,Liz,[0.996],"[0.001, 0.000, 0.000, 0.000, 0.996, 0.000, 0.001]"
201.84,201.88,Liz,0.9970690608024597,Liz,[0.997],"[0.001, 0.000, 0.000, 0.000, 0.997, 0.000, 0.000]"
201.88,201.92,Liz,0.9979656934738159,Liz,[0.998],"[0.001, 0.000, 0.000, 0.000, 0.998, 0.000, 0.000]"
201.92,201.96,Liz,0.9985628724098206,Liz,[0.999],"[0.001, 0.000, 0.000, 0.000, 0.999, 0.000, 0.000]"
201.96,202.0,Liz,0.9989632368087769,Liz,[0.999],"[0.000, 0.000, 0.000, 0.000, 0.999, 0.000, 0.000]"
202.0,202.04,Liz,0.9992341995239258,Liz,[0.999],"[0.000, 0.000, 0.000, 0.000, 0.999, 0.000, 0.000]"
202.04,202.08,Liz,0.9994189739227295,Liz,[0.999],"[0.000, 0.000, 0.000, 0.000, 0.999, 0.000, 0.000]"
202.08,202.12,Liz,0.9995453953742981,Liz,[1.000],"[0.000, 0.000, 0.000, 0.000, 1.000, 0.000, 0.000]"
202.12,202.16,Liz,0.9996325969696045,Liz,[1.000],"[0.000, 0.000, 0.000, 0.000, 1.000, 0.000, 0.000]"
202.16,202.2,Liz,0.9996930360794067,Liz,[1.000],"[0.000, 0.000, 0.000, 0.000, 1.000, 0.000, 0.000]"
202.2,202.24,Liz,0.9997348189353943,Liz,[1.000],"[0.000, 0.000, 0.000, 0.000, 1.000, 0.000, 0.000]"
202.24,202.28,Liz,0.9997640252113342,Liz,[1.000],"[0.000, 0.000, 0.000, 0.000, 1.000, 0.000, 0.000]"
202.28,202.32,Liz,0.9997840523719788,Liz,[1.000],"[0.000, 0.000, 0.000, 0.000, 1.000, 0.000, 0.000]"
202.32,202.36,Liz,0.9997974038124084,Liz,[1.000],"[0.000, 0.000, 0.000, 0.000, 1.000, 0.000, 0.000]"
202.36,202.4,Liz,0.9998055100440979,Liz,[1.000],"[0.000, 0.000, 0.000, 0.000, 1.000, 0.000, 0.000]"
202.4,202.44,Liz,0.9998099207878113,Liz,[1.000],"[0.000, 0.000, 0.000, 0.000, 1.000, 0.000, 0.000]"
202.44,202.48,Liz,0.9998118281364441,Liz,[1.000],"[0.000, 0.000, 0.000, 0.000, 1.000, 0.000, 0.000]"
202.48,202.52,Liz,0.9998121857643127,Liz,[1.000],"[0.000, 0.000, 0.000, 0.000, 1.000, 0.000, 0.000]"
202.52,202.56,Liz,0.999811589717865,Liz,[1.000],"[0.000, 0.000, 0.000, 0.000, 1.000, 0.000, 0.000]"
202.56,202.6,Liz,0.9998102784156799,Liz,[1.000],"[0.000, 0.000, 0.000, 0.000, 1.000, 0.000, 0.000]"
202.6,202.64,Liz,0.9998087286949158,Liz,[1.000],"[0.000, 0.000, 0.000, 0.000, 1.000, 0.000, 0.000]"
202.64,202.68,Liz,0.9998069405555725,Liz,[1.000],"[0.000, 0.000, 0.000, 0.000, 1.000, 0.000, 0.000]"
202.68,202.72,Liz,0.9998047947883606,Liz,[1.000],"[0.000, 0.000, 0.000, 0.000, 1.000, 0.000, 0.000]"
202.72,202.76,Liz,0.99980229139328,Liz,[1.000],"[0.000, 0.000, 0.000, 0.000, 1.000, 0.000, 0.000]"
202.76,202.8,Liz,0.9997993111610413,Liz,[1.000],"[0.000, 0.000, 0.000, 0.000, 1.000, 0.000, 0.000]"
202.8,202.84,Liz,0.9997956156730652,Liz,[1.000],"[0.000, 0.000, 0.000, 0.000, 1.000, 0.000, 0.000]"
202.84,202.88,Liz,0.9997910857200623,Liz,[1.000],"[0.000, 0.000, 0.000, 0.000, 1.000, 0.000, 0.000]"
202.88,202.92,Liz,0.9997853636741638,Liz,[1.000],"[0.000, 0.000, 0.000, 0.000, 1.000, 0.000, 0.000]"
202.92,202.96,Liz,0.9997782111167908,Liz,[1.000],"[0.000, 0.000, 0.000, 0.000, 1.000, 0.000, 0.000]"
202.96,203.0,Liz,0.9997690320014954,Liz,[1.000],"[0.000, 0.000, 0.000, 0.000, 1.000, 0.000, 0.000]"
203.0,203.04,Liz,0.9997569918632507,Liz,[1.000],"[0.000, 0.000, 0.000, 0.000, 1.000, 0.000, 0.001]"
203.04,203.08,Liz,0.9997413754463196,Liz,[1.000],"[0.000, 0.000, 0.000, 0.000, 1.000, 0.000, 0.001]"
203.08,203.12,Liz,0.9997218251228333,Liz,[1.000],"[0.000, 0.000, 0.000, 0.000, 1.000, 0.000, 0.001]"
203.12,203.16,Liz,0.9996981620788574,Liz,[1.000],"[0.000, 0.000, 0.000, 0.000, 1.000, 0.000, 0.001]"
203.16,203.2,Liz,0.9996705055236816,Liz,[1.000],"[0.000, 0.000, 0.000, 0.000, 1.000, 0.000, 0.001]"
203.2,203.24,Liz,0.999639630317688,Liz,[1.000],"[0.000, 0.000, 0.000, 0.000, 1.000, 0.000, 0.001]"
203.24,203.28,Liz,0.9996057152748108,Liz,[1.000],"[0.000, 0.000, 0.000, 0.000, 1.000, 0.000, 0.002]"
203.28,203.32,Liz,0.9995694756507874,Liz,[1.000],"[0.000, 0.000, 0.000, 0.000, 1.000, 0.000, 0.002]"
203.32,203.36,Liz,0.9995325803756714,Liz,[1.000],"[0.000, 0.000, 0.000, 0.000, 1.000, 0.000, 0.003]"
203.36,203.4,Liz,0.9994966983795166,Liz,[0.999],"[0.000, 0.000, 0.000, 0.000, 0.999, 0.000, 0.003]"
203.4,203.44,Liz,0.9994633793830872,Liz,[0.999],"[0.000, 0.000, 0.000, 0.000, 0.999, 0.000, 0.004]"
203.44,203.48,Liz,0.9994340538978577,Liz,[0.999],"[0.000, 0.000, 0.000, 0.000, 0.999, 0.000, 0.004]"
203.48,203.52,Liz,0.9994105100631714,Liz,[0.999],"[0.000, 0.000, 0.000, 0.000, 0.999, 0.000, 0.005]"
203.52,203.56,Liz,0.9993948936462402,Liz,[0.999],"[0.000, 0.000, 0.000, 0.000, 0.999, 0.000, 0.005]"
203.56,203.6,Liz,0.9993909597396851,Liz,[0.999],"[0.000, 0.000, 0.000, 0.000, 0.999, 0.000, 0.006]"
203.6,203.64,Liz,0.9994014501571655,Liz,[0.999],"[0.000, 0.000, 0.000, 0.000, 0.999, 0.000, 0.006]"
203.64,203.68,Liz,0.9994274377822876,Liz,[0.999],"[0.000, 0.000, 0.000, 0.000, 0.999, 0.000, 0.007]"
203.68,203.72,Liz,0.999467670917511,Liz,[0.999],"[0.000, 0.000, 0.000, 0.000, 0.999, 0.000, 0.007]"
203.72,203.76,Liz,0.9995194673538208,Liz,[1.000],"[0.000, 0.000, 0.000, 0.000, 1.000, 0.000, 0.008]"
203.76,203.8,Liz,0.9995778203010559,Liz,[1.000],"[0.000, 0.000, 0.000, 0.000, 1.000, 0.000, 0.008]"
203.8,203.84,Liz,0.9996378421783447,Liz,[1.000],"[0.000, 0.000, 0.000, 0.000, 1.000, 0.000, 0.008]"
203.84,203.88,Liz,0.9996955394744873,Liz,[1.000],"[0.000, 0.000, 0.000, 0.000, 1.000, 0.000, 0.008]"
203.88,203.92,Liz,0.9997485280036926,Liz,[1.000],"[0.000, 0.000, 0.000, 0.000, 1.000, 0.000, 0.007]"
203.92,203.96,Liz,0.9997950196266174,Liz,[1.000],"[0.000, 0.000, 0.000, 0.000, 1.000, 0.000, 0.007]"
203.96,204.0,Liz,0.9998347759246826,Liz,[1.000],"[0.000, 0.000, 0.000, 0.000, 1.000, 0.000, 0.007]"
204.0,204.04,Liz,0.9998679161071777,Liz,[1.000],"[0.000, 0.000, 0.000, 0.000, 1.000, 0.000, 0.006]"
204.04,204.08,Liz,0.9998952150344849,Liz,[1.000],"[0.000, 0.000, 0.000, 0.000, 1.000, 0.000, 0.006]"
204.08,204.12,Liz,0.9999171495437622,Liz,[1.000],"[0.000, 0.000, 0.000, 0.000, 1.000, 0.000, 0.005]"
204.12,204.16,Liz,0.9999347925186157,Liz,[1.000],"[0.000, 0.000, 0.000, 0.000, 1.000, 0.000, 0.005]"
204.16,204.2,Liz,0.9999485015869141,Liz,[1.000],"[0.000, 0.000, 0.000, 0.000, 1.000, 0.000, 0.005]"
204.2,204.24,Liz,0.9999592304229736,Liz,[1.000],"[0.000, 0.000, 0.000, 0.000, 1.000, 0.000, 0.004]"
204.24,204.28,Liz,0.9999675750732422,Liz,[1.000],"[0.000, 0.000, 0.000, 0.000, 1.000, 0.000, 0.004]"
204.28,204.32,Liz,0.9999740123748779,Liz,[1.000],"[0.000, 0.000, 0.000, 0.000, 1.000, 0.000, 0.004]"
204.32,204.36,Liz,0.9999788999557495,Liz,[1.000],"[0.000, 0.000, 0.000, 0.000, 1.000, 0.000, 0.003]"
204.36,204.4,Liz,0.9999827146530151,Liz,[1.000],"[0.000, 0.000, 0.000, 0.000, 1.000, 0.000, 0.003]"
204.4,204.44,Liz,0.9999856948852539,Liz,[1.000],"[0.000, 0.000, 0.000, 0.000, 1.000, 0.000, 0.003]"
204.44,204.48,Liz,0.9999880790710449,Liz,[1.000],"[0.000, 0.000, 0.000, 0.000, 1.000, 0.000, 0.003]"
204.48,204.52,Liz,0.9999897480010986,Liz,[1.000],"[0.000, 0.000, 0.000, 0.000, 1.000, 0.000, 0.003]"
204.52,204.56,Liz,0.9999910593032837,Liz,[1.000],"[0.000, 0.000, 0.000, 0.000, 1.000, 0.000, 0.003]"
204.56,204.6,Liz,0.9999921321868896,Liz,[1.000],"[0.000, 0.000, 0.000, 0.000, 1.000, 0.000, 0.002]"
204.6,204.64,Liz,0.9999929666519165,Liz,[1.000],"[0.000, 0.000, 0.000, 0.000, 1.000, 0.000, 0.002]"
204.64,204.68,Liz,0.9999935626983643,Liz,[1.000],"[0.000, 0.000, 0.000, 0.000, 1.000, 0.000, 0.002]"
204.68,204.72,Liz,0.9999940395355225,Liz,[1.000],"[0.000, 0.000, 0.000, 0.000, 1.000, 0.000, 0.002]"
204.72,204.76,Liz,0.9999943971633911,Liz,[1.000],"[0.000, 0.000, 0.000, 0.000, 1.000, 0.000, 0.002]"
204.76,204.8,Liz,0.9999947547912598,Liz,[1.000],"[0.000, 0.000, 0.000, 0.000, 1.000, 0.000, 0.002]"
204.8,204.84,Liz,0.9999949932098389,Liz,[1.000],"[0.000, 0.000, 0.000, 0.000, 1.000, 0.000, 0.002]"
204.84,204.88,Liz,0.9999951124191284,Liz,[1.000],"[0.000, 0.000, 0.000, 0.000, 1.000, 0.000, 0.002]"
204.88,204.92,Liz,0.999995231628418,Liz,[1.000],"[0.000, 0.000, 0.000, 0.000, 1.000, 0.000, 0.002]"
204.92,204.96,Liz,0.999995231628418,Liz,[1.000],"[0.000, 0.000, 0.000, 0.000, 1.000, 0.000, 0.002]"
204.96,205.0,Liz,0.999995231628418,Liz,[1.000],"[0.000, 0.000, 0.000, 0.000, 1.000, 0.000, 0.001]"
205.0,205.04,Liz,0.9999951124191284,Liz,[1.000],"[0.000, 0.000, 0.000, 0.000, 1.000, 0.000, 0.001]"
205.04,205.08,Liz,0.9999949932098389,Liz,[1.000],"[0.000, 0.000, 0.000, 0.000, 1.000, 0.000, 0.001]"
205.08,205.12,Liz,0.9999947547912598,Liz,[1.000],"[0.000, 0.000, 0.000, 0.000, 1.000, 0.000, 0.001]"
205.12,205.16,Liz,0.9999945163726807,Liz,[1.000],"[0.000, 0.000, 0.000, 0.000, 1.000, 0.000, 0.001]"
205.16,205.2,Liz,0.9999940395355225,Liz,[1.000],"[0.000, 0.000, 0.000, 0.000, 1.000, 0.000, 0.001]"
205.2,205.24,Liz,0.9999936819076538,Liz,[1.000],"[0.000, 0.000, 0.000, 0.000, 1.000, 0.000, 0.001]"
205.24,205.28,Liz,0.999993085861206,Liz,[1.000],"[0.000, 0.000, 0.000, 0.000, 1.000, 0.000, 0.001]"
205.28,205.32,Liz,0.9999923706054688,Liz,[1.000],"[0.000, 0.000, 0.000, 0.000, 1.000, 0.000, 0.001]"
205.32,205.36,Liz,0.9999915361404419,Liz,[1.000],"[0.000, 0.000, 0.000, 0.000, 1.000, 0.000, 0.001]"
205.36,205.4,Liz,0.9999905824661255,Liz,[1.000],"[0.000, 0.000, 0.000, 0.000, 1.000, 0.000, 0.001]"
205.4,205.44,Liz,0.9999895095825195,Liz,[1.000],"[0.000, 0.000, 0.000, 0.000, 1.000, 0.000, 0.001]"
205.44,205.48,Liz,0.999988317489624,Liz,[1.000],"[0.000, 0.000, 0.000, 0.000, 1.000, 0.000, 0.001]"
205.48,205.52,Liz,0.999987006187439,Liz,[1.000],"[0.000, 0.000, 0.000, 0.000, 1.000, 0.000, 0.001]"
205.52,205.56,Liz,0.9999855756759644,Liz,[1.000],"[0.000, 0.000, 0.000, 0.000, 1.000, 0.000, 0.001]"
205.56,205.6,Liz,0.9999840259552002,Liz,[1.000],"[0.000, 0.000, 0.000, 0.000, 1.000, 0.000, 0.001]"
205.6,205.64,Liz,0.999982476234436,Liz,[1.000],"[0.000, 0.000, 0.000, 0.000, 1.000, 0.000, 0.001]"
205.64,205.68,Liz,0.9999809265136719,Liz,[1.000],"[0.000, 0.000, 0.000, 0.000, 1.000, 0.000, 0.001]"
205.68,205.72,Liz,0.9999793767929077,Liz,[1.000],"[0.000, 0.000, 0.000, 0.000, 1.000, 0.000, 0.001]"
205.72,205.76,Liz,0.9999779462814331,Liz,[1.000],"[0.000, 0.000, 0.000, 0.000, 1.000, 0.000, 0.001]"
205.76,205.8,Liz,0.9999765157699585,Liz,[1.000],"[0.000, 0.000, 0.000, 0.000, 1.000, 0.000, 0.001]"
205.8,205.84,Liz,0.999975323677063,Liz,[1.000],"[0.000, 0.000, 0.000, 0.000, 1.000, 0.000, 0.001]"
205.84,205.88,Liz,0.9999744892120361,Liz,[1.000],"[0.000, 0.000, 0.000, 0.000, 1.000, 0.000, 0.001]"
205.88,205.92,Liz,0.9999738931655884,Liz,[1.000],"[0.000, 0.000, 0.000, 0.000, 1.000, 0.000, 0.001]"
205.92,205.96,Liz,0.9999738931655884,Liz,[1.000],"[0.000, 0.000, 0.000, 0.000, 1.000, 0.000, 0.001]"
205.96,206.0,Liz,0.999974250793457,Liz,[1.000],"[0.000, 0.000, 0.000, 0.000, 1.000, 0.000, 0.001]"
206.0,206.04,Liz,0.999975323677063,Liz,[1.000],"[0.000, 0.000, 0.000, 0.000, 1.000, 0.000, 0.001]"
206.04,206.08,Liz,0.9999767541885376,Liz,[1.000],"[0.000, 0.000, 0.000, 0.000, 1.000, 0.000, 0.001]"
206.08,206.12,Liz,0.9999785423278809,Liz,[1.000],"[0.000, 0.000, 0.000, 0.000, 1.000, 0.000, 0.001]"
206.12,206.16,Liz,0.9999805688858032,Liz,[1.000],"[0.000, 0.000, 0.000, 0.000, 1.000, 0.000, 0.001]"
206.16,206.2,Liz,0.9999828338623047,Liz,[1.000],"[0.000, 0.000, 0.000, 0.000, 1.000, 0.000, 0.001]"
206.2,206.24,Liz,0.9999849796295166,Liz,[1.000],"[0.000, 0.000, 0.000, 0.000, 1.000, 0.000, 0.001]"
206.24,206.28,Liz,0.999987006187439,Liz,[1.000],"[0.000, 0.000, 0.000, 0.000, 1.000, 0.000, 0.001]"
206.28,206.32,Liz,0.9999889135360718,Liz,[1.000],"[0.000, 0.000, 0.000, 0.000, 1.000, 0.000, 0.001]"
206.32,206.36,Liz,0.9999905824661255,Liz,[1.000],"[0.000, 0.000, 0.000, 0.000, 1.000, 0.000, 0.001]"
206.36,206.4,Liz,0.9999921321868896,Liz,[1.000],"[0.000, 0.000, 0.000, 0.000, 1.000, 0.000, 0.001]"
206.4,206.44,Liz,0.9999933242797852,Liz,[1.000],"[0.000, 0.000, 0.000, 0.000, 1.000, 0.000, 0.001]"
206.44,206.48,Liz,0.9999942779541016,Liz,[1.000],"[0.000, 0.000, 0.000, 0.000, 1.000, 0.000, 0.001]"
206.48,206.52,Liz,0.9999951124191284,Liz,[1.000],"[0.000, 0.000, 0.000, 0.000, 1.000, 0.000, 0.001]"
206.52,206.56,Liz,0.9999957084655762,Liz,[1.000],"[0.000, 0.000, 0.000, 0.000, 1.000, 0.000, 0.001]"
206.56,206.6,Liz,0.9999963045120239,Liz,[1.000],"[0.000, 0.000, 0.000, 0.000, 1.000, 0.000, 0.000]"
206.6,206.64,Liz,0.9999966621398926,Liz,[1.000],"[0.000, 0.000, 0.000, 0.000, 1.000, 0.000, 0.000]"
206.64,206.68,Liz,0.9999970197677612,Liz,[1.000],"[0.000, 0.000, 0.000, 0.000, 1.000, 0.000, 0.000]"
206.68,206.72,Liz,0.9999972581863403,Liz,[1.000],"[0.000, 0.000, 0.000, 0.000, 1.000, 0.000, 0.000]"
206.72,206.76,Liz,0.9999974966049194,Liz,[1.000],"[0.000, 0.000, 0.000, 0.000, 1.000, 0.000, 0.000]"
206.76,206.8,Liz,0.999997615814209,Liz,[1.000],"[0.000, 0.000, 0.000, 0.000, 1.000, 0.000, 0.000]"
206.8,206.84,Liz,0.999997615814209,Liz,[1.000],"[0.000, 0.000, 0.000, 0.000, 1.000, 0.000, 0.000]"
206.84,206.88,Liz,0.9999977350234985,Liz,[1.000],"[0.000, 0.000, 0.000, 0.000, 1.000, 0.000, 0.000]"
206.88,206.92,Liz,0.9999977350234985,Liz,[1.000],"[0.000, 0.000, 0.000, 0.000, 1.000, 0.000, 0.000]"
206.92,206.96,Liz,0.9999977350234985,Liz,[1.000],"[0.000, 0.000, 0.000, 0.000, 1.000, 0.000, 0.000]"
206.96,207.0,Liz,0.9999977350234985,Liz,[1.000],"[0.000, 0.000, 0.000, 0.000, 1.000, 0.000, 0.000]"
207.0,207.04,Liz,0.9999977350234985,Liz,[1.000],"[0.000, 0.000, 0.000, 0.000, 1.000, 0.000, 0.000]"
207.04,207.08,Liz,0.9999977350234985,Liz,[1.000],"[0.000, 0.000, 0.000, 0.000, 1.000, 0.000, 0.000]"
207.08,207.12,Liz,0.9999977350234985,Liz,[1.000],"[0.000, 0.000, 0.000, 0.000, 1.000, 0.000, 0.000]"
207.12,207.16,Liz,0.9999977350234985,Liz,[1.000],"[0.000, 0.000, 0.000, 0.000, 1.000, 0.000, 0.000]"
207.16,207.2,Liz,0.9999977350234985,Liz,[1.000],"[0.000, 0.000, 0.000, 0.000, 1.000, 0.000, 0.000]"
207.2,207.24,Liz,0.9999977350234985,Liz,[1.000],"[0.000, 0.000, 0.000, 0.000, 1.000, 0.000, 0.000]"
207.24,207.28,Liz,0.9999977350234985,Liz,[1.000],"[0.000, 0.000, 0.000, 0.000, 1.000, 0.000, 0.000]"
207.28,207.32,Liz,0.999997615814209,Liz,[1.000],"[0.000, 0.000, 0.000, 0.000, 1.000, 0.000, 0.000]"
207.32,207.36,Liz,0.999997615814209,Liz,[1.000],"[0.000, 0.000, 0.000, 0.000, 1.000, 0.000, 0.000]"
207.36,207.4,Liz,0.999997615814209,Liz,[1.000],"[0.000, 0.000, 0.000, 0.000, 1.000, 0.000, 0.000]"
207.4,207.44,Liz,0.9999974966049194,Liz,[1.000],"[0.000, 0.000, 0.000, 0.000, 1.000, 0.000, 0.000]"
207.44,207.48,Liz,0.9999973773956299,Liz,[1.000],"[0.000, 0.000, 0.000, 0.000, 1.000, 0.000, 0.000]"
207.48,207.52,Liz,0.9999972581863403,Liz,[1.000],"[0.000, 0.000, 0.000, 0.000, 1.000, 0.000, 0.000]"
207.52,207.56,Liz,0.9999971389770508,Liz,[1.000],"[0.000, 0.000, 0.000, 0.000, 1.000, 0.000, 0.000]"
207.56,207.6,Liz,0.9999970197677612,Liz,[1.000],"[0.000, 0.000, 0.000, 0.000, 1.000, 0.000, 0.000]"
207.6,207.64,Liz,0.9999967813491821,Liz,[1.000],"[0.000, 0.000, 0.000, 0.000, 1.000, 0.000, 0.000]"
207.64,207.68,Liz,0.9999966621398926,Liz,[1.000],"[0.000, 0.000, 0.000, 0.000, 1.000, 0.000, 0.000]"
207.68,207.72,Liz,0.9999964237213135,Liz,[1.000],"[0.000, 0.000, 0.000, 0.000, 1.000, 0.000, 0.000]"
207.72,207.76,Liz,0.9999961853027344,Liz,[1.000],"[0.000, 0.000, 0.000, 0.000, 1.000, 0.000, 0.000]"
207.76,207.8,Liz,0.9999959468841553,Liz,[1.000],"[0.000, 0.000, 0.000, 0.000, 1.000, 0.000, 0.000]"
207.8,207.84,Liz,0.9999955892562866,Liz,[1.000],"[0.000, 0.000, 0.000, 0.000, 1.000, 0.000, 0.000]"
207.84,207.88,Liz,0.999995231628418,Liz,[1.000],"[0.000, 0.000, 0.000, 0.000, 1.000, 0.000, 0.000]"
207.88,207.92,Liz,0.9999948740005493,Liz,[1.000],"[0.000, 0.000, 0.000, 0.000, 1.000, 0.000, 0.000]"
207.92,207.96,Liz,0.9999945163726807,Liz,[1.000],"[0.000, 0.000, 0.000, 0.000, 1.000, 0.000, 0.000]"
207.96,208.0,Liz,0.9999939203262329,Liz,[1.000],"[0.000, 0.000, 0.000, 0.000, 1.000, 0.000, 0.000]"
208.0,208.04,Liz,0.9999933242797852,Liz,[1.000],"[0.000, 0.000, 0.000, 0.000, 1.000, 0.000, 0.000]"
208.04,208.08,Liz,0.9999924898147583,Liz,[1.000],"[0.000, 0.000, 0.000, 0.000, 1.000, 0.000, 0.000]"
208.08,208.12,Liz,0.9999914169311523,Liz,[1.000],"[0.000, 0.000, 0.000, 0.000, 1.000, 0.000, 0.000]"
208.12,208.16,Liz,0.9999902248382568,Liz,[1.000],"[0.000, 0.000, 0.000, 0.000, 1.000, 0.000, 0.000]"
208.16,208.2,Liz,0.9999885559082031,Liz,[1.000],"[0.000, 0.000, 0.000, 0.000, 1.000, 0.000, 0.000]"
208.2,208.24,Liz,0.9999864101409912,Liz,[1.000],"[0.000, 0.000, 0.000, 0.000, 1.000, 0.000, 0.000]"
208.24,208.28,Liz,0.9999836683273315,Liz,[1.000],"[0.000, 0.000, 0.000, 0.000, 1.000, 0.000, 0.000]"
208.28,208.32,Liz,0.9999798536300659,Liz,[1.000],"[0.000, 0.000, 0.000, 0.000, 1.000, 0.000, 0.000]"
208.32,208.36,Liz,0.9999746084213257,Liz,[1.000],"[0.000, 0.000, 0.000, 0.000, 1.000, 0.000, 0.000]"
208.36,208.4,Liz,0.9999673366546631,Liz,[1.000],"[0.000, 0.000, 0.000, 0.000, 1.000, 0.000, 0.000]"
208.4,208.44,Liz,0.9999568462371826,Liz,[1.000],"[0.000, 0.000, 0.000, 0.000, 1.000, 0.000, 0.000]"
208.44,208.48,Liz,0.9999415874481201,Liz,[1.000],"[0.000, 0.000, 0.000, 0.000, 1.000, 0.000, 0.000]"
208.48,208.52,Liz,0.9999185800552368,Liz,[1.000],"[0.000, 0.000, 0.000, 0.000, 1.000, 0.000, 0.000]"
208.52,208.56,Liz,0.9998828172683716,Liz,[1.000],"[0.000, 0.000, 0.000, 0.000, 1.000, 0.000, 0.000]"
208.56,208.6,Liz,0.9998247027397156,Liz,[1.000],"[0.000, 0.000, 0.000, 0.000, 1.000, 0.000, 0.000]"
208.6,208.64,Liz,0.9997263550758362,Liz,[1.000],"[0.000, 0.000, 0.000, 0.000, 1.000, 0.000, 0.000]"
208.64,208.68,Liz,0.9995532631874084,Liz,[1.000],"[0.000, 0.000, 0.000, 0.000, 1.000, 0.000, 0.000]"
208.68,208.72,Liz,0.9992361068725586,Liz,[0.999],"[0.000, 0.000, 0.000, 0.000, 0.999, 0.000, 0.000]"
208.72,208.76,Liz,0.9986305236816406,Liz,[0.999],"[0.000, 0.000, 0.000, 0.000, 0.999, 0.000, 0.000]"
208.76,208.8,Liz,0.9974265694618225,Liz,[0.997],"[0.000, 0.000, 0.000, 0.000, 0.997, 0.000, 0.000]"
208.8,208.84,Liz,0.994937539100647,Liz,[0.995],"[0.000, 0.000, 0.000, 0.000, 0.995, 0.000, 0.000]"
208.84,208.88,Liz,0.989609956741333,Liz,[0.990],"[0.000, 0.000, 0.000, 0.000, 0.990, 0.000, 0.000]"
208.88,208.92,Liz,0.9778324961662292,Liz,[0.978],"[0.000, 0.000, 0.000, 0.000, 0.978, 0.000, 0.000]"
208.92,208.96,Liz,0.9511757493019104,Liz,[0.951],"[0.000, 0.000, 0.000, 0.000, 0.951, 0.000, 0.000]"
208.96,209.0,Liz,0.8913350105285645,Liz,[0.891],"[0.000, 0.000, 0.000, 0.000, 0.891, 0.000, 0.000]"
209.0,209.04,Liz,0.7673802375793457,Liz,[0.767],"[0.000, 0.000, 0.000, 0.000, 0.767, 0.000, 0.000]"
209.04,209.08,silence,0.0007603303529322147,,[],"[0.000, 0.000, 0.000, 0.000, 0.560, 0.000, 0.001]"
209.08,209.12,silence,0.001593024586327374,,[],"[0.000, 0.000, 0.000, 0.000, 0.320, 0.000, 0.002]"
209.12,209.16,silence,0.0034995886962860823,,[],"[0.000, 0.000, 0.000, 0.000, 0.145, 0.000, 0.003]"
209.16,209.2,silence,0.008013001643121243,,[],"[0.000, 0.000, 0.000, 0.000, 0.056, 0.000, 0.008]"
209.2,209.24,silence,0.01898425631225109,,[],"[0.000, 0.000, 0.000, 0.000, 0.020, 0.000, 0.019]"
209.24,209.28,silence,0.04590408131480217,,[],"[0.000, 0.000, 0.000, 0.000, 0.007, 0.000, 0.046]"
209.28,209.32,silence,0.10997144877910614,,[],"[0.000, 0.000, 0.000, 0.000, 0.002, 0.000, 0.110]"
209.32,209.36,silence,0.24574172496795654,,[],"[0.000, 0.000, 0.000, 0.000, 0.001, 0.000, 0.246]"
209.36,209.4,silence,0.46723222732543945,,[],"[0.000, 0.000, 0.000, 0.000, 0.000, 0.000, 0.467]"
209.4,209.44,silence,0.7052155137062073,silence,[0.705],"[0.000, 0.000, 0.000, 0.000, 0.000, 0.000, 0.705]"
209.44,209.48,silence,0.8679777979850769,silence,[0.868],"[0.000, 0.000, 0.000, 0.000, 0.000, 0.000, 0.868]"
209.48,209.52,silence,0.9476949572563171,silence,[0.948],"[0.000, 0.000, 0.000, 0.000, 0.000, 0.000, 0.948]"
209.52,209.56,silence,0.9803367257118225,silence,[0.980],"[0.000, 0.000, 0.000, 0.000, 0.000, 0.000, 0.980]"
209.56,209.6,silence,0.9927173852920532,silence,[0.993],"[0.000, 0.000, 0.000, 0.000, 0.000, 0.000, 0.993]"
209.6,209.64,silence,0.9972943663597107,silence,[0.997],"[0.000, 0.000, 0.000, 0.000, 0.000, 0.000, 0.997]"
209.64,209.68,silence,0.9989814162254333,silence,[0.999],"[0.000, 0.000, 0.000, 0.000, 0.000, 0.000, 0.999]"
209.68,209.72,silence,0.9996088147163391,silence,[1.000],"[0.000, 0.000, 0.000, 0.000, 0.000, 0.000, 1.000]"
209.72,209.76,silence,0.9998459815979004,silence,[1.000],"[0.000, 0.000, 0.000, 0.000, 0.000, 0.000, 1.000]"
209.76,209.8,silence,0.9999376535415649,silence,[1.000],"[0.000, 0.000, 0.000, 0.000, 0.000, 0.000, 1.000]"
209.8,209.84,silence,0.9999738931655884,silence,[1.000],"[0.000, 0.000, 0.000, 0.000, 0.000, 0.000, 1.000]"
209.84,209.88,silence,0.9999885559082031,silence,[1.000],"[0.000, 0.000, 0.000, 0.000, 0.000, 0.000, 1.000]"
209.88,209.92,silence,0.9999948740005493,silence,[1.000],"[0.000, 0.000, 0.000, 0.000, 0.000, 0.000, 1.000]"
209.92,209.96,silence,0.9999974966049194,silence,[1.000],"[0.000, 0.000, 0.000, 0.000, 0.000, 0.000, 1.000]"
209.96,210.0,silence,0.9999988079071045,silence,[1.000],"[0.000, 0.000, 0.000, 0.000, 0.000, 0.000, 1.000]"
210.0,210.04,silence,0.9999994039535522,silence,[1.000],"[0.000, 0.000, 0.000, 0.000, 0.000, 0.000, 1.000]"
210.04,210.08,silence,0.9999996423721313,silence,[1.000],"[0.000, 0.000, 0.000, 0.000, 0.000, 0.000, 1.000]"
210.08,210.12,silence,0.9999997615814209,silence,[1.000],"[0.000, 0.000, 0.000, 0.000, 0.000, 0.000, 1.000]"
210.12,210.16,silence,0.9999998807907104,silence,[1.000],"[0.000, 0.000, 0.000, 0.000, 0.000, 0.000, 1.000]"
210.16,210.2,silence,0.9999998807907104,silence,[1.000],"[0.000, 0.000, 0.000, 0.000, 0.000, 0.000, 1.000]"
210.2,210.24,silence,1.0,silence,[1.000],"[0.000, 0.000, 0.000, 0.000, 0.000, 0.000, 1.000]"
210.24,210.28,silence,1.0,silence,[1.000],"[0.000, 0.000, 0.000, 0.000, 0.000, 0.000, 1.000]"
210.28,210.32,silence,1.0,silence,[1.000],"[0.000, 0.000, 0.000, 0.000, 0.000, 0.000, 1.000]"
210.32,210.36,silence,1.0,silence,[1.000],"[0.000, 0.000, 0.000, 0.000, 0.000, 0.000, 1.000]"
210.36,210.4,silence,1.0,silence,[1.000],"[0.000, 0.000, 0.000, 0.000, 0.000, 0.000, 1.000]"
210.4,210.44,silence,1.0,silence,[1.000],"[0.000, 0.000, 0.000, 0.000, 0.000, 0.000, 1.000]"
210.44,210.48,silence,1.0,silence,[1.000],"[0.000, 0.000, 0.000, 0.000, 0.000, 0.000, 1.000]"
210.48,210.52,silence,1.0,silence,[1.000],"[0.000, 0.000, 0.000, 0.000, 0.000, 0.000, 1.000]"
210.52,210.56,silence,1.0,silence,[1.000],"[0.000, 0.000, 0.000, 0.000, 0.000, 0.000, 1.000]"
210.56,210.6,silence,1.0,silence,[1.000],"[0.000, 0.000, 0.000, 0.000, 0.000, 0.000, 1.000]"
210.6,210.64,silence,1.0,silence,[1.000],"[0.000, 0.000, 0.000, 0.000, 0.000, 0.000, 1.000]"
210.64,210.68,silence,1.0,silence,[1.000],"[0.000, 0.000, 0.000, 0.000, 0.000, 0.000, 1.000]"
210.68,210.72,silence,1.0,silence,[1.000],"[0.000, 0.000, 0.000, 0.000, 0.000, 0.000, 1.000]"
210.72,210.76,silence,1.0,silence,[1.000],"[0.000, 0.000, 0.000, 0.000, 0.000, 0.000, 1.000]"
210.76,210.8,silence,1.0,silence,[1.000],"[0.000, 0.000, 0.000, 0.000, 0.000, 0.000, 1.000]"
210.8,210.84,silence,1.0,silence,[1.000],"[0.000, 0.000, 0.000, 0.000, 0.000, 0.000, 1.000]"
210.84,210.88,silence,1.0,silence,[1.000],"[0.000, 0.000, 0.000, 0.000, 0.000, 0.000, 1.000]"
210.88,210.92,silence,1.0,silence,[1.000],"[0.000, 0.000, 0.000, 0.000, 0.000, 0.000, 1.000]"
210.92,210.96,silence,1.0,silence,[1.000],"[0.000, 0.000, 0.000, 0.000, 0.000, 0.000, 1.000]"
210.96,211.0,silence,1.0,silence,[1.000],"[0.000, 0.000, 0.000, 0.000, 0.000, 0.000, 1.000]"
211.0,211.04,silence,1.0,silence,[1.000],"[0.000, 0.000, 0.000, 0.000, 0.000, 0.000, 1.000]"
211.04,211.08,silence,1.0,silence,[1.000],"[0.000, 0.000, 0.000, 0.000, 0.000, 0.000, 1.000]"
211.08,211.12,silence,1.0,silence,[1.000],"[0.000, 0.000, 0.000, 0.000, 0.000, 0.000, 1.000]"
211.12,211.16,silence,1.0,silence,[1.000],"[0.000, 0.000, 0.000, 0.000, 0.000, 0.000, 1.000]"
211.16,211.2,silence,1.0,silence,[1.000],"[0.000, 0.000, 0.000, 0.000, 0.000, 0.000, 1.000]"
211.2,211.24,silence,1.0,silence,[1.000],"[0.000, 0.000, 0.000, 0.000, 0.000, 0.000, 1.000]"
211.24,211.28,silence,1.0,silence,[1.000],"[0.000, 0.000, 0.000, 0.000, 0.000, 0.000, 1.000]"
211.28,211.32,silence,1.0,silence,[1.000],"[0.000, 0.000, 0.000, 0.000, 0.000, 0.000, 1.000]"
211.32,211.36,silence,1.0,silence,[1.000],"[0.000, 0.000, 0.000, 0.000, 0.000, 0.000, 1.000]"
211.36,211.4,silence,1.0,silence,[1.000],"[0.000, 0.000, 0.000, 0.000, 0.000, 0.000, 1.000]"
211.4,211.44,silence,1.0,silence,[1.000],"[0.000, 0.000, 0.000, 0.000, 0.000, 0.000, 1.000]"
211.44,211.48,silence,1.0,silence,[1.000],"[0.000, 0.000, 0.000, 0.000, 0.000, 0.000, 1.000]"
211.48,211.52,silence,1.0,silence,[1.000],"[0.000, 0.000, 0.000, 0.000, 0.000, 0.000, 1.000]"
211.52,211.56,silence,1.0,silence,[1.000],"[0.000, 0.000, 0.000, 0.000, 0.000, 0.000, 1.000]"
211.56,211.6,silence,1.0,silence,[1.000],"[0.000, 0.000, 0.000, 0.000, 0.000, 0.000, 1.000]"
211.6,211.64,silence,1.0,silence,[1.000],"[0.000, 0.000, 0.000, 0.000, 0.000, 0.000, 1.000]"
211.64,211.68,silence,1.0,silence,[1.000],"[0.000, 0.000, 0.000, 0.000, 0.000, 0.000, 1.000]"
211.68,211.72,silence,1.0,silence,[1.000],"[0.000, 0.000, 0.000, 0.000, 0.000, 0.000, 1.000]"
211.72,211.76,silence,1.0,silence,[1.000],"[0.000, 0.000, 0.000, 0.000, 0.000, 0.000, 1.000]"
211.76,211.8,silence,1.0,silence,[1.000],"[0.000, 0.000, 0.000, 0.000, 0.000, 0.000, 1.000]"
211.8,211.84,silence,1.0,silence,[1.000],"[0.000, 0.000, 0.000, 0.000, 0.000, 0.000, 1.000]"
211.84,211.88,silence,1.0,silence,[1.000],"[0.000, 0.000, 0.000, 0.000, 0.000, 0.000, 1.000]"
211.88,211.92,silence,1.0,silence,[1.000],"[0.000, 0.000, 0.000, 0.000, 0.000, 0.000, 1.000]"
211.92,211.96,silence,1.0,silence,[1.000],"[0.000, 0.000, 0.000, 0.000, 0.000, 0.000, 1.000]"
211.96,212.0,silence,1.0,silence,[1.000],"[0.000, 0.000, 0.000, 0.000, 0.000, 0.000, 1.000]"
212.0,212.04,silence,1.0,silence,[1.000],"[0.000, 0.000, 0.000, 0.000, 0.000, 0.000, 1.000]"
212.04,212.08,silence,1.0,silence,[1.000],"[0.000, 0.000, 0.000, 0.000, 0.000, 0.000, 1.000]"
212.08,212.12,silence,1.0,silence,[1.000],"[0.000, 0.000, 0.000, 0.000, 0.000, 0.000, 1.000]"
212.12,212.16,silence,1.0,silence,[1.000],"[0.000, 0.000, 0.000, 0.000, 0.000, 0.000, 1.000]"
212.16,212.2,silence,1.0,silence,[1.000],"[0.000, 0.000, 0.000, 0.000, 0.000, 0.000, 1.000]"
212.2,212.24,silence,1.0,silence,[1.000],"[0.000, 0.000, 0.000, 0.000, 0.000, 0.000, 1.000]"
212.24,212.28,silence,1.0,silence,[1.000],"[0.000, 0.000, 0.000, 0.000, 0.000, 0.000, 1.000]"
212.28,212.32,silence,1.0,silence,[1.000],"[0.000, 0.000, 0.000, 0.000, 0.000, 0.000, 1.000]"
212.32,212.36,silence,1.0,silence,[1.000],"[0.000, 0.000, 0.000, 0.000, 0.000, 0.000, 1.000]"
212.36,212.4,silence,1.0,silence,[1.000],"[0.000, 0.000, 0.000, 0.000, 0.000, 0.000, 1.000]"
212.4,212.44,silence,1.0,silence,[1.000],"[0.000, 0.000, 0.000, 0.000, 0.000, 0.000, 1.000]"
212.44,212.48,silence,1.0,silence,[1.000],"[0.000, 0.000, 0.000, 0.000, 0.000, 0.000, 1.000]"
212.48,212.52,silence,1.0,silence,[1.000],"[0.000, 0.000, 0.000, 0.000, 0.000, 0.000, 1.000]"
212.52,212.56,silence,1.0,silence,[1.000],"[0.000, 0.000, 0.000, 0.000, 0.000, 0.000, 1.000]"
212.56,212.6,silence,1.0,silence,[1.000],"[0.000, 0.000, 0.000, 0.000, 0.000, 0.000, 1.000]"
212.6,212.64,silence,1.0,silence,[1.000],"[0.000, 0.000, 0.000, 0.000, 0.000, 0.000, 1.000]"
212.64,212.68,silence,1.0,silence,[1.000],"[0.000, 0.000, 0.000, 0.000, 0.000, 0.000, 1.000]"
212.68,212.72,silence,1.0,silence,[1.000],"[0.000, 0.000, 0.000, 0.000, 0.000, 0.000, 1.000]"
212.72,212.76,silence,1.0,silence,[1.000],"[0.000, 0.000, 0.000, 0.000, 0.000, 0.000, 1.000]"
212.76,212.8,silence,1.0,silence,[1.000],"[0.000, 0.000, 0.000, 0.000, 0.000, 0.000, 1.000]"
212.8,212.84,silence,1.0,silence,[1.000],"[0.000, 0.000, 0.000, 0.000, 0.000, 0.000, 1.000]"
212.84,212.88,silence,1.0,silence,[1.000],"[0.000, 0.000, 0.000, 0.000, 0.000, 0.000, 1.000]"
212.88,212.92,silence,1.0,silence,[1.000],"[0.000, 0.000, 0.000, 0.000, 0.000, 0.000, 1.000]"
212.92,212.96,silence,1.0,silence,[1.000],"[0.000, 0.000, 0.000, 0.000, 0.000, 0.000, 1.000]"
212.96,213.0,silence,1.0,silence,[1.000],"[0.000, 0.000, 0.000, 0.000, 0.000, 0.000, 1.000]"
213.0,213.04,silence,1.0,silence,[1.000],"[0.000, 0.000, 0.000, 0.000, 0.000, 0.000, 1.000]"
213.04,213.08,silence,1.0,silence,[1.000],"[0.000, 0.000, 0.000, 0.000, 0.000, 0.000, 1.000]"
213.08,213.12,silence,1.0,silence,[1.000],"[0.000, 0.000, 0.000, 0.000, 0.000, 0.000, 1.000]"
213.12,213.16,silence,1.0,silence,[1.000],"[0.000, 0.000, 0.000, 0.000, 0.000, 0.000, 1.000]"
213.16,213.2,silence,1.0,silence,[1.000],"[0.000, 0.000, 0.000, 0.000, 0.000, 0.000, 1.000]"
213.2,213.24,silence,1.0,silence,[1.000],"[0.000, 0.000, 0.000, 0.000, 0.000, 0.000, 1.000]"
213.24,213.28,silence,1.0,silence,[1.000],"[0.000, 0.000, 0.000, 0.000, 0.000, 0.000, 1.000]"
213.28,213.32,silence,1.0,silence,[1.000],"[0.000, 0.000, 0.000, 0.000, 0.000, 0.000, 1.000]"
213.32,213.36,silence,1.0,silence,[1.000],"[0.000, 0.000, 0.000, 0.000, 0.000, 0.000, 1.000]"
213.36,213.4,silence,1.0,silence,[1.000],"[0.000, 0.000, 0.000, 0.000, 0.000, 0.000, 1.000]"
213.4,213.44,silence,1.0,silence,[1.000],"[0.000, 0.000, 0.000, 0.000, 0.000, 0.000, 1.000]"
213.44,213.48,silence,1.0,silence,[1.000],"[0.000, 0.000, 0.000, 0.000, 0.000, 0.000, 1.000]"
213.48,213.52,silence,1.0,silence,[1.000],"[0.000, 0.000, 0.000, 0.000, 0.000, 0.000, 1.000]"
213.52,213.56,silence,1.0,silence,[1.000],"[0.000, 0.000, 0.000, 0.000, 0.000, 0.000, 1.000]"
213.56,213.6,silence,1.0,silence,[1.000],"[0.000, 0.000, 0.000, 0.000, 0.000, 0.000, 1.000]"
213.6,213.64,silence,1.0,silence,[1.000],"[0.000, 0.000, 0.000, 0.000, 0.000, 0.000, 1.000]"
213.64,213.68,silence,1.0,silence,[1.000],"[0.000, 0.000, 0.000, 0.000, 0.000, 0.000, 1.000]"
213.68,213.72,silence,1.0,silence,[1.000],"[0.000, 0.000, 0.000, 0.000, 0.000, 0.000, 1.000]"
213.72,213.76,silence,1.0,silence,[1.000],"[0.000, 0.000, 0.000, 0.000, 0.000, 0.000, 1.000]"
213.76,213.8,silence,1.0,silence,[1.000],"[0.000, 0.000, 0.000, 0.000, 0.000, 0.000, 1.000]"
213.8,213.84,silence,1.0,silence,[1.000],"[0.000, 0.000, 0.000, 0.000, 0.000, 0.000, 1.000]"
213.84,213.88,silence,1.0,silence,[1.000],"[0.000, 0.000, 0.000, 0.000, 0.000, 0.000, 1.000]"
213.88,213.92,silence,1.0,silence,[1.000],"[0.000, 0.000, 0.000, 0.000, 0.000, 0.000, 1.000]"
213.92,213.96,silence,1.0,silence,[1.000],"[0.000, 0.000, 0.000, 0.000, 0.000, 0.000, 1.000]"
213.96,214.0,silence,1.0,silence,[1.000],"[0.000, 0.000, 0.000, 0.000, 0.000, 0.000, 1.000]"
214.0,214.04,silence,1.0,silence,[1.000],"[0.000, 0.000, 0.000, 0.000, 0.000, 0.000, 1.000]"
214.04,214.08,silence,1.0,silence,[1.000],"[0.000, 0.000, 0.000, 0.000, 0.000, 0.000, 1.000]"
214.08,214.12,silence,1.0,silence,[1.000],"[0.000, 0.000, 0.000, 0.000, 0.000, 0.000, 1.000]"
214.12,214.16,silence,1.0,silence,[1.000],"[0.000, 0.000, 0.000, 0.000, 0.000, 0.000, 1.000]"
214.16,214.2,silence,1.0,silence,[1.000],"[0.000, 0.000, 0.000, 0.000, 0.000, 0.000, 1.000]"
214.2,214.24,silence,1.0,silence,[1.000],"[0.000, 0.000, 0.000, 0.000, 0.000, 0.000, 1.000]"
214.24,214.28,silence,1.0,silence,[1.000],"[0.000, 0.000, 0.000, 0.000, 0.000, 0.000, 1.000]"
214.28,214.32,silence,1.0,silence,[1.000],"[0.000, 0.000, 0.000, 0.000, 0.000, 0.000, 1.000]"
214.32,214.36,silence,1.0,silence,[1.000],"[0.000, 0.000, 0.000, 0.000, 0.000, 0.000, 1.000]"
214.36,214.4,silence,1.0,silence,[1.000],"[0.000, 0.000, 0.000, 0.000, 0.000, 0.000, 1.000]"
214.4,214.44,silence,1.0,silence,[1.000],"[0.000, 0.000, 0.000, 0.000, 0.000, 0.000, 1.000]"
214.44,214.48,silence,1.0,silence,[1.000],"[0.000, 0.000, 0.000, 0.000, 0.000, 0.000, 1.000]"
214.48,214.52,silence,1.0,silence,[1.000],"[0.000, 0.000, 0.000, 0.000, 0.000, 0.000, 1.000]"
214.52,214.56,silence,1.0,silence,[1.000],"[0.000, 0.000, 0.000, 0.000, 0.000, 0.000, 1.000]"
214.56,214.6,silence,1.0,silence,[1.000],"[0.000, 0.000, 0.000, 0.000, 0.000, 0.000, 1.000]"
214.6,214.64,silence,1.0,silence,[1.000],"[0.000, 0.000, 0.000, 0.000, 0.000, 0.000, 1.000]"
214.64,214.68,silence,1.0,silence,[1.000],"[0.000, 0.000, 0.000, 0.000, 0.000, 0.000, 1.000]"
214.68,214.72,silence,1.0,silence,[1.000],"[0.000, 0.000, 0.000, 0.000, 0.000, 0.000, 1.000]"
214.72,214.76,silence,1.0,silence,[1.000],"[0.000, 0.000, 0.000, 0.000, 0.000, 0.000, 1.000]"
214.76,214.8,silence,1.0,silence,[1.000],"[0.000, 0.000, 0.000, 0.000, 0.000, 0.000, 1.000]"
214.8,214.84,silence,1.0,silence,[1.000],"[0.000, 0.000, 0.000, 0.000, 0.000, 0.000, 1.000]"
214.84,214.88,silence,1.0,silence,[1.000],"[0.000, 0.000, 0.000, 0.000, 0.000, 0.000, 1.000]"
214.88,214.92,silence,1.0,silence,[1.000],"[0.000, 0.000, 0.000, 0.000, 0.000, 0.000, 1.000]"
214.92,214.96,silence,1.0,silence,[1.000],"[0.000, 0.000, 0.000, 0.000, 0.000, 0.000, 1.000]"
214.96,215.0,silence,1.0,silence,[1.000],"[0.000, 0.000, 0.000, 0.000, 0.000, 0.000, 1.000]"
215.0,215.04,silence,1.0,silence,[1.000],"[0.000, 0.000, 0.000, 0.000, 0.000, 0.000, 1.000]"
215.04,215.08,silence,1.0,silence,[1.000],"[0.000, 0.000, 0.000, 0.000, 0.000, 0.000, 1.000]"
215.08,215.12,silence,1.0,silence,[1.000],"[0.000, 0.000, 0.000, 0.000, 0.000, 0.000, 1.000]"
215.12,215.16,silence,1.0,silence,[1.000],"[0.000, 0.000, 0.000, 0.000, 0.000, 0.000, 1.000]"
215.16,215.2,silence,1.0,silence,[1.000],"[0.000, 0.000, 0.000, 0.000, 0.000, 0.000, 1.000]"
215.2,215.24,silence,1.0,silence,[1.000],"[0.000, 0.000, 0.000, 0.000, 0.000, 0.000, 1.000]"
215.24,215.28,silence,1.0,silence,[1.000],"[0.000, 0.000, 0.000, 0.000, 0.000, 0.000, 1.000]"
215.28,215.32,silence,1.0,silence,[1.000],"[0.000, 0.000, 0.000, 0.000, 0.000, 0.000, 1.000]"
215.32,215.36,silence,1.0,silence,[1.000],"[0.000, 0.000, 0.000, 0.000, 0.000, 0.000, 1.000]"
215.36,215.4,silence,1.0,silence,[1.000],"[0.000, 0.000, 0.000, 0.000, 0.000, 0.000, 1.000]"
215.4,215.44,silence,1.0,silence,[1.000],"[0.000, 0.000, 0.000, 0.000, 0.000, 0.000, 1.000]"
215.44,215.48,silence,1.0,silence,[1.000],"[0.000, 0.000, 0.000, 0.000, 0.000, 0.000, 1.000]"
215.48,215.52,silence,1.0,silence,[1.000],"[0.000, 0.000, 0.000, 0.000, 0.000, 0.000, 1.000]"
215.52,215.56,silence,1.0,silence,[1.000],"[0.000, 0.000, 0.000, 0.000, 0.000, 0.000, 1.000]"
215.56,215.6,silence,1.0,silence,[1.000],"[0.000, 0.000, 0.000, 0.000, 0.000, 0.000, 1.000]"
215.6,215.64,silence,1.0,silence,[1.000],"[0.000, 0.000, 0.000, 0.000, 0.000, 0.000, 1.000]"
215.64,215.68,silence,1.0,silence,[1.000],"[0.000, 0.000, 0.000, 0.000, 0.000, 0.000, 1.000]"
215.68,215.72,silence,1.0,silence,[1.000],"[0.000, 0.000, 0.000, 0.000, 0.000, 0.000, 1.000]"
215.72,215.76,silence,1.0,silence,[1.000],"[0.000, 0.000, 0.000, 0.000, 0.000, 0.000, 1.000]"
215.76,215.8,silence,1.0,silence,[1.000],"[0.000, 0.000, 0.000, 0.000, 0.000, 0.000, 1.000]"
215.8,215.84,silence,1.0,silence,[1.000],"[0.000, 0.000, 0.000, 0.000, 0.000, 0.000, 1.000]"
215.84,215.88,silence,1.0,silence,[1.000],"[0.000, 0.000, 0.000, 0.000, 0.000, 0.000, 1.000]"
215.88,215.92,silence,1.0,silence,[1.000],"[0.000, 0.000, 0.000, 0.000, 0.000, 0.000, 1.000]"
215.92,215.96,silence,1.0,silence,[1.000],"[0.000, 0.000, 0.000, 0.000, 0.000, 0.000, 1.000]"
215.96,216.0,silence,1.0,silence,[1.000],"[0.000, 0.000, 0.000, 0.000, 0.000, 0.000, 1.000]"
216.0,216.04,silence,1.0,silence,[1.000],"[0.000, 0.000, 0.000, 0.000, 0.000, 0.000, 1.000]"
216.04,216.08,silence,1.0,silence,[1.000],"[0.000, 0.000, 0.000, 0.000, 0.000, 0.000, 1.000]"
216.08,216.12,silence,1.0,silence,[1.000],"[0.000, 0.000, 0.000, 0.000, 0.000, 0.000, 1.000]"
216.12,216.16,silence,1.0,silence,[1.000],"[0.000, 0.000, 0.000, 0.000, 0.000, 0.000, 1.000]"
216.16,216.2,silence,1.0,silence,[1.000],"[0.000, 0.000, 0.000, 0.000, 0.000, 0.000, 1.000]"
216.2,216.24,silence,1.0,silence,[1.000],"[0.000, 0.000, 0.000, 0.000, 0.000, 0.000, 1.000]"
216.24,216.28,silence,1.0,silence,[1.000],"[0.000, 0.000, 0.000, 0.000, 0.000, 0.000, 1.000]"
216.28,216.32,silence,1.0,silence,[1.000],"[0.000, 0.000, 0.000, 0.000, 0.000, 0.000, 1.000]"
216.32,216.36,silence,1.0,silence,[1.000],"[0.000, 0.000, 0.000, 0.000, 0.000, 0.000, 1.000]"
216.36,216.4,silence,1.0,silence,[1.000],"[0.000, 0.000, 0.000, 0.000, 0.000, 0.000, 1.000]"
216.4,216.44,silence,1.0,silence,[1.000],"[0.000, 0.000, 0.000, 0.000, 0.000, 0.000, 1.000]"
216.44,216.48,silence,1.0,silence,[1.000],"[0.000, 0.000, 0.000, 0.000, 0.000, 0.000, 1.000]"
216.48,216.52,silence,1.0,silence,[1.000],"[0.000, 0.000, 0.000, 0.000, 0.000, 0.000, 1.000]"
216.52,216.56,silence,1.0,silence,[1.000],"[0.000, 0.000, 0.000, 0.000, 0.000, 0.000, 1.000]"
216.56,216.6,silence,1.0,silence,[1.000],"[0.000, 0.000, 0.000, 0.000, 0.000, 0.000, 1.000]"
216.6,216.64,silence,1.0,silence,[1.000],"[0.000, 0.000, 0.000, 0.000, 0.000, 0.000, 1.000]"
216.64,216.68,silence,1.0,silence,[1.000],"[0.000, 0.000, 0.000, 0.000, 0.000, 0.000, 1.000]"
216.68,216.72,silence,1.0,silence,[1.000],"[0.000, 0.000, 0.000, 0.000, 0.000, 0.000, 1.000]"
216.72,216.76,silence,1.0,silence,[1.000],"[0.000, 0.000, 0.000, 0.000, 0.000, 0.000, 1.000]"
216.76,216.8,silence,1.0,silence,[1.000],"[0.000, 0.000, 0.000, 0.000, 0.000, 0.000, 1.000]"
216.8,216.84,silence,1.0,silence,[1.000],"[0.000, 0.000, 0.000, 0.000, 0.000, 0.000, 1.000]"
216.84,216.88,silence,1.0,silence,[1.000],"[0.000, 0.000, 0.000, 0.000, 0.000, 0.000, 1.000]"
216.88,216.92,silence,1.0,silence,[1.000],"[0.000, 0.000, 0.000, 0.000, 0.000, 0.000, 1.000]"
216.92,216.96,silence,1.0,silence,[1.000],"[0.000, 0.000, 0.000, 0.000, 0.000, 0.000, 1.000]"
216.96,217.0,silence,1.0,silence,[1.000],"[0.000, 0.000, 0.000, 0.000, 0.000, 0.000, 1.000]"
217.0,217.04,silence,1.0,silence,[1.000],"[0.000, 0.000, 0.000, 0.000, 0.000, 0.000, 1.000]"
217.04,217.08,silence,1.0,silence,[1.000],"[0.000, 0.000, 0.000, 0.000, 0.000, 0.000, 1.000]"
217.08,217.12,silence,1.0,silence,[1.000],"[0.000, 0.000, 0.000, 0.000, 0.000, 0.000, 1.000]"
217.12,217.16,silence,1.0,silence,[1.000],"[0.000, 0.000, 0.000, 0.000, 0.000, 0.000, 1.000]"
217.16,217.2,silence,1.0,silence,[1.000],"[0.000, 0.000, 0.000, 0.000, 0.000, 0.000, 1.000]"
217.2,217.24,silence,1.0,silence,[1.000],"[0.000, 0.000, 0.000, 0.000, 0.000, 0.000, 1.000]"
217.24,217.28,silence,1.0,silence,[1.000],"[0.000, 0.000, 0.000, 0.000, 0.000, 0.000, 1.000]"
217.28,217.32,silence,1.0,silence,[1.000],"[0.000, 0.000, 0.000, 0.000, 0.000, 0.000, 1.000]"
217.32,217.36,silence,1.0,silence,[1.000],"[0.000, 0.000, 0.000, 0.000, 0.000, 0.000, 1.000]"
217.36,217.4,silence,1.0,silence,[1.000],"[0.000, 0.000, 0.000, 0.000, 0.000, 0.000, 1.000]"
217.4,217.44,silence,1.0,silence,[1.000],"[0.000, 0.000, 0.000, 0.000, 0.000, 0.000, 1.000]"
217.44,217.48,silence,1.0,silence,[1.000],"[0.000, 0.000, 0.000, 0.000, 0.000, 0.000, 1.000]"
217.48,217.52,silence,1.0,silence,[1.000],"[0.000, 0.000, 0.000, 0.000, 0.000, 0.000, 1.000]"
217.52,217.56,silence,1.0,silence,[1.000],"[0.000, 0.000, 0.000, 0.000, 0.000, 0.000, 1.000]"
217.56,217.6,silence,1.0,silence,[1.000],"[0.000, 0.000, 0.000, 0.000, 0.000, 0.000, 1.000]"
217.6,217.64,silence,1.0,silence,[1.000],"[0.000, 0.000, 0.000, 0.000, 0.000, 0.000, 1.000]"
217.64,217.68,silence,1.0,silence,[1.000],"[0.000, 0.000, 0.000, 0.000, 0.000, 0.000, 1.000]"
217.68,217.72,silence,1.0,silence,[1.000],"[0.000, 0.000, 0.000, 0.000, 0.000, 0.000, 1.000]"
217.72,217.76,silence,1.0,silence,[1.000],"[0.000, 0.000, 0.000, 0.000, 0.000, 0.000, 1.000]"
217.76,217.8,silence,1.0,silence,[1.000],"[0.000, 0.000, 0.000, 0.000, 0.000, 0.000, 1.000]"
217.8,217.84,silence,1.0,silence,[1.000],"[0.000, 0.000, 0.000, 0.000, 0.000, 0.000, 1.000]"
217.84,217.88,silence,1.0,silence,[1.000],"[0.000, 0.000, 0.000, 0.000, 0.000, 0.000, 1.000]"
217.88,217.92,silence,1.0,silence,[1.000],"[0.000, 0.000, 0.000, 0.000, 0.000, 0.000, 1.000]"
217.92,217.96,silence,1.0,silence,[1.000],"[0.000, 0.000, 0.000, 0.000, 0.000, 0.000, 1.000]"
217.96,218.0,silence,1.0,silence,[1.000],"[0.000, 0.000, 0.000, 0.000, 0.000, 0.000, 1.000]"
218.0,218.04,silence,1.0,silence,[1.000],"[0.000, 0.000, 0.000, 0.000, 0.000, 0.000, 1.000]"
218.04,218.08,silence,1.0,silence,[1.000],"[0.000, 0.000, 0.000, 0.000, 0.000, 0.000, 1.000]"
218.08,218.12,silence,1.0,silence,[1.000],"[0.000, 0.000, 0.000, 0.000, 0.000, 0.000, 1.000]"
218.12,218.16,silence,1.0,silence,[1.000],"[0.000, 0.000, 0.000, 0.000, 0.000, 0.000, 1.000]"
218.16,218.2,silence,1.0,silence,[1.000],"[0.000, 0.000, 0.000, 0.000, 0.000, 0.000, 1.000]"
218.2,218.24,silence,1.0,silence,[1.000],"[0.000, 0.000, 0.000, 0.000, 0.000, 0.000, 1.000]"
218.24,218.28,silence,1.0,silence,[1.000],"[0.000, 0.000, 0.000, 0.000, 0.000, 0.000, 1.000]"
218.28,218.32,silence,1.0,silence,[1.000],"[0.000, 0.000, 0.000, 0.000, 0.000, 0.000, 1.000]"
218.32,218.36,silence,1.0,silence,[1.000],"[0.000, 0.000, 0.000, 0.000, 0.000, 0.000, 1.000]"
218.36,218.4,silence,1.0,silence,[1.000],"[0.000, 0.000, 0.000, 0.000, 0.000, 0.000, 1.000]"
218.4,218.44,silence,1.0,silence,[1.000],"[0.000, 0.000, 0.000, 0.000, 0.000, 0.000, 1.000]"
218.44,218.48,silence,1.0,silence,[1.000],"[0.000, 0.000, 0.000, 0.000, 0.000, 0.000, 1.000]"
218.48,218.52,silence,1.0,silence,[1.000],"[0.000, 0.000, 0.000, 0.000, 0.000, 0.000, 1.000]"
218.52,218.56,silence,1.0,silence,[1.000],"[0.000, 0.000, 0.000, 0.000, 0.000, 0.000, 1.000]"
218.56,218.6,silence,1.0,silence,[1.000],"[0.000, 0.000, 0.000, 0.000, 0.000, 0.000, 1.000]"
218.6,218.64,silence,1.0,silence,[1.000],"[0.000, 0.000, 0.000, 0.000, 0.000, 0.000, 1.000]"
218.64,218.68,silence,1.0,silence,[1.000],"[0.000, 0.000, 0.000, 0.000, 0.000, 0.000, 1.000]"
218.68,218.72,silence,1.0,silence,[1.000],"[0.000, 0.000, 0.000, 0.000, 0.000, 0.000, 1.000]"
218.72,218.76,silence,1.0,silence,[1.000],"[0.000, 0.000, 0.000, 0.000, 0.000, 0.000, 1.000]"
218.76,218.8,silence,1.0,silence,[1.000],"[0.000, 0.000, 0.000, 0.000, 0.000, 0.000, 1.000]"
218.8,218.84,silence,1.0,silence,[1.000],"[0.000, 0.000, 0.000, 0.000, 0.000, 0.000, 1.000]"
218.84,218.88,silence,1.0,silence,[1.000],"[0.000, 0.000, 0.000, 0.000, 0.000, 0.000, 1.000]"
218.88,218.92,silence,1.0,silence,[1.000],"[0.000, 0.000, 0.000, 0.000, 0.000, 0.000, 1.000]"
218.92,218.96,silence,1.0,silence,[1.000],"[0.000, 0.000, 0.000, 0.000, 0.000, 0.000, 1.000]"
218.96,219.0,silence,1.0,silence,[1.000],"[0.000, 0.000, 0.000, 0.000, 0.000, 0.000, 1.000]"
219.0,219.04,silence,1.0,silence,[1.000],"[0.000, 0.000, 0.000, 0.000, 0.000, 0.000, 1.000]"
219.04,219.08,silence,1.0,silence,[1.000],"[0.000, 0.000, 0.000, 0.000, 0.000, 0.000, 1.000]"
219.08,219.12,silence,1.0,silence,[1.000],"[0.000, 0.000, 0.000, 0.000, 0.000, 0.000, 1.000]"
219.12,219.16,silence,1.0,silence,[1.000],"[0.000, 0.000, 0.000, 0.000, 0.000, 0.000, 1.000]"
219.16,219.2,silence,1.0,silence,[1.000],"[0.000, 0.000, 0.000, 0.000, 0.000, 0.000, 1.000]"
219.2,219.24,silence,1.0,silence,[1.000],"[0.000, 0.000, 0.000, 0.000, 0.000, 0.000, 1.000]"
219.24,219.28,silence,1.0,silence,[1.000],"[0.000, 0.000, 0.000, 0.000, 0.000, 0.000, 1.000]"
219.28,219.32,silence,1.0,silence,[1.000],"[0.000, 0.000, 0.000, 0.000, 0.000, 0.000, 1.000]"
219.32,219.36,silence,0.5,silence,[0.500],"[0.500, 0.500, 0.500, 0.500, 0.500, 0.500, 0.500]"
