start_chunk,start_time,end_time,main_label,main_confidence,active_labels,active_confidences,harmonies,harmony_probs,adlibs,adlib_probs,probabilities_main
0,0.0,0.04,silence,1.0,silence,[1.000],,[],Liz,[0.753],"[0.000, 0.000, 0.000, 0.000, 0.000, 0.000, 0.000, 1.000]"
1,0.04,0.08,silence,1.0,silence,[1.000],,[],Liz,[0.744],"[0.000, 0.000, 0.000, 0.000, 0.000, 0.000, 0.000, 1.000]"
2,0.08,0.12,silence,1.0,silence,[1.000],,[],Liz,[0.691],"[0.000, 0.000, 0.000, 0.000, 0.000, 0.000, 0.000, 1.000]"
3,0.12,0.16,silence,1.0,silence,[1.000],,[],,[],"[0.000, 0.000, 0.000, 0.000, 0.000, 0.000, 0.000, 1.000]"
4,0.16,0.2,silence,1.0,silence,[1.000],,[],,[],"[0.000, 0.000, 0.000, 0.000, 0.000, 0.000, 0.000, 1.000]"
5,0.2,0.24,silence,1.0,silence,[1.000],,[],,[],"[0.000, 0.000, 0.000, 0.000, 0.000, 0.000, 0.000, 1.000]"
6,0.24,0.28,silence,1.0,silence,[1.000],,[],,[],"[0.000, 0.000, 0.000, 0.000, 0.000, 0.000, 0.000, 1.000]"
7,0.28,0.32,silence,1.0,silence,[1.000],,[],,[],"[0.000, 0.000, 0.000, 0.000, 0.000, 0.000, 0.000, 1.000]"
8,0.32,0.36,silence,1.0,silence,[1.000],,[],,[],"[0.000, 0.000, 0.000, 0.000, 0.000, 0.000, 0.000, 1.000]"
9,0.36,0.4,silence,1.0,silence,[1.000],,[],,[],"[0.000, 0.000, 0.000, 0.000, 0.000, 0.000, 0.000, 1.000]"
10,0.4,0.44,silence,1.0,silence,[1.000],,[],,[],"[0.000, 0.000, 0.000, 0.000, 0.000, 0.000, 0.000, 1.000]"
11,0.44,0.48,silence,1.0,silence,[1.000],,[],,[],"[0.000, 0.000, 0.000, 0.000, 0.000, 0.000, 0.000, 1.000]"
12,0.48,0.52,silence,1.0,silence,[1.000],,[],,[],"[0.000, 0.000, 0.000, 0.000, 0.000, 0.000, 0.000, 1.000]"
13,0.52,0.56,silence,1.0,silence,[1.000],,[],,[],"[0.000, 0.000, 0.000, 0.000, 0.000, 0.000, 0.000, 1.000]"
14,0.56,0.6,silence,1.0,silence,[1.000],,[],,[],"[0.000, 0.000, 0.000, 0.000, 0.000, 0.000, 0.000, 1.000]"
15,0.6,0.64,silence,1.0,silence,[1.000],,[],,[],"[0.000, 0.000, 0.000, 0.000, 0.000, 0.000, 0.000, 1.000]"
16,0.64,0.68,silence,1.0,silence,[1.000],,[],,[],"[0.000, 0.000, 0.000, 0.000, 0.000, 0.000, 0.000, 1.000]"
17,0.68,0.72,silence,1.0,silence,[1.000],,[],Liz,[0.630],"[0.000, 0.000, 0.000, 0.000, 0.000, 0.000, 0.000, 1.000]"
18,0.72,0.76,silence,0.9999998807907104,silence,[1.000],,[],Liz,[0.745],"[0.000, 0.000, 0.000, 0.000, 0.000, 0.000, 0.000, 1.000]"
19,0.76,0.8,silence,0.9999997615814209,silence,[1.000],,[],Liz,[0.836],"[0.000, 0.000, 0.000, 0.000, 0.000, 0.000, 0.000, 1.000]"
20,0.8,0.84,silence,0.9999994039535522,silence,[1.000],,[],Liz,[0.901],"[0.000, 0.000, 0.000, 0.000, 0.000, 0.000, 0.000, 1.000]"
21,0.84,0.88,silence,0.9999982118606567,silence,[1.000],,[],Liz,[0.942],"[0.000, 0.000, 0.000, 0.000, 0.000, 0.000, 0.000, 1.000]"
22,0.88,0.92,silence,0.9999951124191284,silence,[1.000],,[],Liz,[0.966],"[0.000, 0.000, 0.000, 0.000, 0.000, 0.000, 0.000, 1.000]"
23,0.92,0.96,silence,0.999987006187439,silence,[1.000],,[],Liz,[0.979],"[0.000, 0.000, 0.000, 0.000, 0.000, 0.000, 0.000, 1.000]"
24,0.96,1.0,silence,0.9999675750732422,silence,[1.000],,[],Liz,[0.987],"[0.000, 0.000, 0.000, 0.000, 0.001, 0.000, 0.000, 1.000]"
25,1.0,1.04,silence,0.9999250173568726,silence,[1.000],,[],Liz,[0.992],"[0.000, 0.000, 0.000, 0.000, 0.001, 0.000, 0.000, 1.000]"
26,1.04,1.08,silence,0.9998400211334229,silence,[1.000],,[],Liz,[0.994],"[0.000, 0.000, 0.000, 0.000, 0.002, 0.000, 0.000, 1.000]"
27,1.08,1.12,silence,0.9996854066848755,silence,[1.000],,[],Liz,[0.996],"[0.000, 0.000, 0.000, 0.000, 0.004, 0.000, 0.000, 1.000]"
28,1.12,1.16,silence,0.9994288086891174,silence,[0.999],,[],Liz,[0.997],"[0.000, 0.000, 0.000, 0.000, 0.006, 0.000, 0.000, 0.999]"
29,1.16,1.2,silence,0.9990378618240356,silence,[0.999],,[],Liz,[0.997],"[0.000, 0.000, 0.000, 0.000, 0.010, 0.000, 0.000, 0.999]"
30,1.2,1.24,silence,0.998488187789917,silence,[0.998],,[],Liz,[0.997],"[0.000, 0.000, 0.000, 0.000, 0.014, 0.000, 0.000, 0.998]"
31,1.24,1.28,silence,0.9977820515632629,silence,[0.998],,[],Liz,[0.998],"[0.000, 0.000, 0.000, 0.000, 0.019, 0.000, 0.000, 0.998]"
32,1.28,1.32,silence,0.9969683289527893,silence,[0.997],,[],Liz,[0.998],"[0.000, 0.000, 0.000, 0.000, 0.025, 0.000, 0.000, 0.997]"
33,1.32,1.36,silence,0.996147871017456,silence,[0.996],,[],Liz,[0.998],"[0.000, 0.000, 0.000, 0.000, 0.031, 0.000, 0.000, 0.996]"
34,1.36,1.4,silence,0.9954562187194824,silence,[0.995],,[],Liz,[0.997],"[0.000, 0.000, 0.000, 0.000, 0.037, 0.000, 0.000, 0.995]"
35,1.4,1.44,silence,0.9950206279754639,silence,[0.995],,[],Liz,[0.997],"[0.000, 0.000, 0.000, 0.000, 0.042, 0.000, 0.000, 0.995]"
36,1.44,1.48,silence,0.9949424862861633,silence,[0.995],,[],Liz,[0.996],"[0.000, 0.000, 0.000, 0.000, 0.045, 0.000, 0.000, 0.995]"
37,1.48,1.52,silence,0.9952391386032104,silence,[0.995],,[],Liz,[0.996],"[0.000, 0.000, 0.000, 0.000, 0.047, 0.000, 0.000, 0.995]"
38,1.52,1.56,silence,0.9958531856536865,silence,[0.996],,[],Liz,[0.995],"[0.000, 0.000, 0.000, 0.000, 0.046, 0.000, 0.000, 0.996]"
39,1.56,1.6,silence,0.9966536164283752,silence,[0.997],,[],Liz,[0.993],"[0.000, 0.000, 0.000, 0.000, 0.043, 0.000, 0.000, 0.997]"
40,1.6,1.64,silence,0.9975019097328186,silence,[0.998],,[],Liz,[0.990],"[0.000, 0.000, 0.000, 0.000, 0.039, 0.000, 0.000, 0.998]"
41,1.64,1.68,silence,0.99828040599823,silence,[0.998],,[],Liz,[0.987],"[0.000, 0.000, 0.000, 0.000, 0.033, 0.000, 0.000, 0.998]"
42,1.68,1.72,silence,0.9989141225814819,silence,[0.999],,[],Liz,[0.981],"[0.000, 0.000, 0.000, 0.000, 0.026, 0.000, 0.000, 0.999]"
43,1.72,1.76,silence,0.9993721842765808,silence,[0.999],,[],Liz,[0.973],"[0.000, 0.000, 0.000, 0.000, 0.020, 0.000, 0.000, 0.999]"
44,1.76,1.8,silence,0.9996678829193115,silence,[1.000],,[],Liz,[0.960],"[0.000, 0.000, 0.000, 0.000, 0.014, 0.000, 0.000, 1.000]"
45,1.8,1.84,silence,0.9998396635055542,silence,[1.000],,[],Liz,[0.941],"[0.000, 0.000, 0.000, 0.000, 0.009, 0.000, 0.000, 1.000]"
46,1.84,1.88,silence,0.9999297857284546,silence,[1.000],,[],Liz,[0.911],"[0.000, 0.000, 0.000, 0.000, 0.006, 0.000, 0.000, 1.000]"
47,1.88,1.92,silence,0.9999722242355347,silence,[1.000],,[],Liz,[0.867],"[0.000, 0.000, 0.000, 0.000, 0.003, 0.000, 0.000, 1.000]"
48,1.92,1.96,silence,0.9999899864196777,silence,[1.000],,[],Liz,[0.805],"[0.000, 0.000, 0.000, 0.000, 0.002, 0.000, 0.000, 1.000]"
49,1.96,2.0,silence,0.9999967813491821,silence,[1.000],,[],Liz,[0.722],"[0.000, 0.000, 0.000, 0.000, 0.001, 0.000, 0.000, 1.000]"
50,2.0,2.04,silence,0.9999990463256836,silence,[1.000],,[],Liz,[0.621],"[0.000, 0.000, 0.000, 0.000, 0.000, 0.000, 0.000, 1.000]"
51,2.04,2.08,silence,0.9999997615814209,silence,[1.000],,[],,[],"[0.000, 0.000, 0.000, 0.000, 0.000, 0.000, 0.000, 1.000]"
52,2.08,2.12,silence,0.9999998807907104,silence,[1.000],,[],,[],"[0.000, 0.000, 0.000, 0.000, 0.000, 0.000, 0.000, 1.000]"
53,2.12,2.16,silence,1.0,silence,[1.000],,[],,[],"[0.000, 0.000, 0.000, 0.000, 0.000, 0.000, 0.000, 1.000]"
54,2.16,2.2,silence,1.0,silence,[1.000],,[],,[],"[0.000, 0.000, 0.000, 0.000, 0.000, 0.000, 0.000, 1.000]"
55,2.2,2.24,silence,1.0,silence,[1.000],,[],,[],"[0.000, 0.000, 0.000, 0.000, 0.000, 0.000, 0.000, 1.000]"
56,2.24,2.28,silence,1.0,silence,[1.000],,[],,[],"[0.000, 0.000, 0.000, 0.000, 0.000, 0.000, 0.000, 1.000]"
57,2.28,2.32,silence,1.0,silence,[1.000],,[],,[],"[0.000, 0.000, 0.000, 0.000, 0.000, 0.000, 0.000, 1.000]"
58,2.32,2.36,silence,1.0,silence,[1.000],,[],,[],"[0.000, 0.000, 0.000, 0.000, 0.000, 0.000, 0.000, 1.000]"
59,2.36,2.4,silence,1.0,silence,[1.000],,[],,[],"[0.000, 0.000, 0.000, 0.000, 0.000, 0.000, 0.000, 1.000]"
60,2.4,2.44,silence,1.0,silence,[1.000],,[],,[],"[0.000, 0.000, 0.000, 0.000, 0.000, 0.000, 0.000, 1.000]"
61,2.44,2.48,silence,1.0,silence,[1.000],,[],,[],"[0.000, 0.000, 0.000, 0.000, 0.000, 0.000, 0.000, 1.000]"
62,2.48,2.52,silence,1.0,silence,[1.000],,[],,[],"[0.000, 0.000, 0.000, 0.000, 0.000, 0.000, 0.000, 1.000]"
63,2.52,2.56,silence,1.0,silence,[1.000],,[],,[],"[0.000, 0.000, 0.000, 0.000, 0.000, 0.000, 0.000, 1.000]"
64,2.56,2.6,silence,1.0,silence,[1.000],,[],,[],"[0.000, 0.000, 0.000, 0.000, 0.000, 0.000, 0.000, 1.000]"
65,2.6,2.64,silence,1.0,silence,[1.000],,[],,[],"[0.000, 0.000, 0.000, 0.000, 0.000, 0.000, 0.000, 1.000]"
66,2.64,2.68,silence,1.0,silence,[1.000],,[],,[],"[0.000, 0.000, 0.000, 0.000, 0.000, 0.000, 0.000, 1.000]"
67,2.68,2.72,silence,1.0,silence,[1.000],,[],,[],"[0.000, 0.000, 0.000, 0.000, 0.000, 0.000, 0.000, 1.000]"
68,2.72,2.76,silence,1.0,silence,[1.000],,[],,[],"[0.000, 0.000, 0.000, 0.000, 0.000, 0.000, 0.000, 1.000]"
69,2.76,2.8,silence,1.0,silence,[1.000],,[],,[],"[0.000, 0.000, 0.000, 0.000, 0.000, 0.000, 0.000, 1.000]"
70,2.8,2.84,silence,1.0,silence,[1.000],,[],,[],"[0.000, 0.000, 0.000, 0.000, 0.000, 0.000, 0.000, 1.000]"
71,2.84,2.88,silence,1.0,silence,[1.000],,[],,[],"[0.000, 0.000, 0.000, 0.000, 0.000, 0.000, 0.000, 1.000]"
72,2.88,2.92,silence,1.0,silence,[1.000],,[],,[],"[0.000, 0.000, 0.000, 0.000, 0.000, 0.000, 0.000, 1.000]"
73,2.92,2.96,silence,1.0,silence,[1.000],,[],,[],"[0.000, 0.000, 0.000, 0.000, 0.000, 0.000, 0.000, 1.000]"
74,2.96,3.0,silence,1.0,silence,[1.000],,[],,[],"[0.000, 0.000, 0.000, 0.000, 0.000, 0.000, 0.000, 1.000]"
75,3.0,3.04,silence,1.0,silence,[1.000],,[],,[],"[0.000, 0.000, 0.000, 0.000, 0.000, 0.000, 0.000, 1.000]"
76,3.04,3.08,silence,1.0,silence,[1.000],,[],,[],"[0.000, 0.000, 0.000, 0.000, 0.000, 0.000, 0.000, 1.000]"
77,3.08,3.12,silence,1.0,silence,[1.000],,[],,[],"[0.000, 0.000, 0.000, 0.000, 0.000, 0.000, 0.000, 1.000]"
78,3.12,3.16,silence,1.0,silence,[1.000],,[],,[],"[0.000, 0.000, 0.000, 0.000, 0.000, 0.000, 0.000, 1.000]"
79,3.16,3.2,silence,1.0,silence,[1.000],,[],,[],"[0.000, 0.000, 0.000, 0.000, 0.000, 0.000, 0.000, 1.000]"
80,3.2,3.24,silence,1.0,silence,[1.000],,[],Wonyoung,[0.799],"[0.000, 0.000, 0.000, 0.000, 0.000, 0.000, 0.000, 1.000]"
81,3.24,3.28,silence,1.0,silence,[1.000],,[],Wonyoung|Liz,"[0.934, 0.685]","[0.000, 0.000, 0.000, 0.000, 0.000, 0.000, 0.000, 1.000]"
82,3.28,3.32,silence,1.0,silence,[1.000],,[],Wonyoung|Liz,"[0.981, 0.750]","[0.000, 0.000, 0.000, 0.000, 0.000, 0.000, 0.000, 1.000]"
83,3.32,3.36,silence,0.9999997615814209,silence,[1.000],,[],Wonyoung|Liz,"[0.995, 0.805]","[0.000, 0.000, 0.000, 0.000, 0.000, 0.000, 0.000, 1.000]"
84,3.36,3.4,silence,0.999996542930603,silence,[1.000],,[],Wonyoung|Liz,"[0.999, 0.849]","[0.000, 0.000, 0.000, 0.000, 0.000, 0.000, 0.000, 1.000]"
85,3.4,3.44,silence,0.9999589920043945,silence,[1.000],,[],Wonyoung|Liz,"[1.000, 0.885]","[0.000, 0.000, 0.000, 0.000, 0.000, 0.000, 0.000, 1.000]"
86,3.44,3.48,silence,0.9994968175888062,silence,[0.999],,[],Wonyoung|Liz,"[1.000, 0.912]","[0.000, 0.000, 0.000, 0.000, 0.000, 0.000, 0.000, 0.999]"
87,3.48,3.52,silence,0.9939204454421997,silence,[0.994],,[],Wonyoung|Liz,"[1.000, 0.933]","[0.000, 0.000, 0.000, 0.000, 0.000, 0.000, 0.000, 0.994]"
88,3.52,3.56,silence,0.9330172538757324,silence,[0.933],,[],Wonyoung|Liz,"[1.000, 0.949]","[0.000, 0.000, 0.000, 0.000, 0.000, 0.000, 0.000, 0.933]"
89,3.56,3.6,silence,0.5578528046607971,silence,[0.558],,[],Wonyoung|Liz,"[1.000, 0.961]","[0.000, 0.000, 0.000, 0.000, 0.000, 0.000, 0.000, 0.558]"
90,3.6,3.64,silence,0.11053331941366196,,[],,[],Wonyoung|Liz,"[1.000, 0.970]","[0.000, 0.000, 0.000, 0.000, 0.000, 0.000, 0.000, 0.111]"
91,3.64,3.68,silence,0.013415992259979248,,[],,[],Wonyoung|Liz,"[1.000, 0.977]","[0.000, 0.000, 0.000, 0.001, 0.000, 0.000, 0.000, 0.013]"
92,3.68,3.72,silence,0.0016778844874352217,,[],,[],Wonyoung|Liz,"[1.000, 0.981]","[0.000, 0.000, 0.000, 0.007, 0.000, 0.000, 0.000, 0.002]"
93,3.72,3.76,silence,0.00023878019419498742,,[],,[],Wonyoung|Liz,"[1.000, 0.984]","[0.000, 0.000, 0.000, 0.034, 0.000, 0.000, 0.000, 0.000]"
94,3.76,3.8,silence,3.9591595850652084e-05,,[],,[],Wonyoung|Liz,"[1.000, 0.987]","[0.000, 0.000, 0.000, 0.134, 0.000, 0.000, 0.000, 0.000]"
95,3.8,3.84,silence,7.691597602388356e-06,,[],,[],Wonyoung|Liz,"[1.000, 0.988]","[0.000, 0.000, 0.000, 0.369, 0.000, 0.000, 0.000, 0.000]"
96,3.84,3.88,Wonyoung,0.6529425978660583,Wonyoung,[0.653],,[],Wonyoung|Liz,"[1.000, 0.989]","[0.000, 0.000, 0.000, 0.653, 0.000, 0.000, 0.000, 0.000]"
97,3.88,3.92,Wonyoung,0.8364508748054504,Wonyoung,[0.836],,[],Wonyoung|Liz,"[1.000, 0.990]","[0.000, 0.000, 0.000, 0.836, 0.000, 0.000, 0.000, 0.000]"
98,3.92,3.96,Wonyoung,0.9210442900657654,Wonyoung,[0.921],,[],Wonyoung|Liz,"[1.000, 0.989]","[0.000, 0.000, 0.000, 0.921, 0.000, 0.000, 0.000, 0.000]"
99,3.96,4.0,Wonyoung,0.9570522308349609,Wonyoung,[0.957],,[],Wonyoung|Liz,"[1.000, 0.988]","[0.000, 0.000, 0.000, 0.957, 0.000, 0.000, 0.000, 0.000]"
100,4.0,4.04,Wonyoung,0.9728180170059204,Wonyoung,[0.973],,[],Wonyoung|Liz,"[1.000, 0.985]","[0.000, 0.000, 0.000, 0.973, 0.000, 0.000, 0.000, 0.000]"
101,4.04,4.08,Wonyoung,0.9798174500465393,Wonyoung,[0.980],,[],Wonyoung|Liz,"[1.000, 0.980]","[0.001, 0.000, 0.000, 0.980, 0.000, 0.000, 0.000, 0.000]"
102,4.08,4.12,Wonyoung,0.9824768304824829,Wonyoung,[0.982],,[],Wonyoung|Liz,"[1.000, 0.972]","[0.001, 0.000, 0.000, 0.982, 0.000, 0.000, 0.000, 0.000]"
103,4.12,4.16,Wonyoung,0.9823672771453857,Wonyoung,[0.982],,[],Wonyoung|Liz,"[1.000, 0.957]","[0.001, 0.000, 0.000, 0.982, 0.000, 0.000, 0.000, 0.000]"
104,4.16,4.2,Wonyoung,0.9796991348266602,Wonyoung,[0.980],,[],Wonyoung|Liz,"[1.000, 0.931]","[0.001, 0.000, 0.000, 0.980, 0.000, 0.000, 0.000, 0.000]"
105,4.2,4.24,Wonyoung,0.9736664891242981,Wonyoung,[0.974],,[],Wonyoung|Liz,"[1.000, 0.883]","[0.001, 0.000, 0.000, 0.974, 0.000, 0.000, 0.000, 0.000]"
106,4.24,4.28,Wonyoung,0.9620543718338013,Wonyoung,[0.962],,[],Wonyoung|Liz,"[1.000, 0.800]","[0.001, 0.000, 0.000, 0.962, 0.000, 0.000, 0.000, 0.000]"
107,4.28,4.32,Wonyoung,0.9403834939002991,Wonyoung,[0.940],,[],Wonyoung|Liz,"[1.000, 0.669]","[0.001, 0.000, 0.000, 0.940, 0.000, 0.000, 0.000, 0.000]"
108,4.32,4.36,Wonyoung,0.9003463387489319,Wonyoung,[0.900],,[],Wonyoung,[1.000],"[0.000, 0.000, 0.001, 0.900, 0.000, 0.000, 0.000, 0.000]"
109,4.36,4.4,Wonyoung,0.8282964825630188,Wonyoung,[0.828],,[],Wonyoung,[0.998],"[0.000, 0.000, 0.001, 0.828, 0.000, 0.000, 0.000, 0.000]"
110,4.4,4.44,Wonyoung,0.7088156938552856,Wonyoung,[0.709],,[],Wonyoung,[0.989],"[0.000, 0.000, 0.003, 0.709, 0.000, 0.000, 0.000, 0.000]"
111,4.44,4.48,Wonyoung,0.5399156808853149,Wonyoung,[0.540],,[],Wonyoung,[0.919],"[0.000, 0.000, 0.006, 0.540, 0.000, 0.000, 0.000, 0.000]"
112,4.48,4.52,silence,1.670074885676276e-12,,[],,[],Wonyoung,[0.596],"[0.000, 0.000, 0.014, 0.353, 0.000, 0.000, 0.000, 0.000]"
113,4.52,4.56,silence,7.603621508464609e-13,,[],,[],,[],"[0.000, 0.000, 0.030, 0.198, 0.000, 0.000, 0.000, 0.000]"
114,4.56,4.6,silence,3.443798794310754e-13,,[],,[],,[],"[0.000, 0.000, 0.067, 0.098, 0.000, 0.000, 0.000, 0.000]"
115,4.6,4.64,silence,1.5591049501786913e-13,,[],,[],,[],"[0.000, 0.000, 0.146, 0.046, 0.000, 0.000, 0.000, 0.000]"
116,4.64,4.68,silence,7.094613118556817e-14,,[],,[],,[],"[0.000, 0.000, 0.290, 0.021, 0.000, 0.000, 0.000, 0.000]"
117,4.68,4.72,silence,3.2611435931253e-14,,[],,[],,[],"[0.000, 0.000, 0.496, 0.009, 0.000, 0.000, 0.000, 0.000]"
118,4.72,4.76,Rei,0.7048803567886353,Rei,[0.705],,[],,[],"[0.000, 0.000, 0.705, 0.004, 0.000, 0.000, 0.000, 0.000]"
119,4.76,4.8,Rei,0.8521876335144043,Rei,[0.852],,[],,[],"[0.000, 0.000, 0.852, 0.002, 0.000, 0.000, 0.000, 0.000]"
120,4.8,4.84,Rei,0.932227373123169,Rei,[0.932],,[],,[],"[0.000, 0.000, 0.932, 0.001, 0.000, 0.000, 0.000, 0.000]"
121,4.84,4.88,Rei,0.9698657989501953,Rei,[0.970],,[],,[],"[0.000, 0.000, 0.970, 0.000, 0.000, 0.000, 0.000, 0.000]"
122,4.88,4.92,Rei,0.98655766248703,Rei,[0.987],,[],,[],"[0.000, 0.000, 0.987, 0.000, 0.000, 0.000, 0.000, 0.000]"
123,4.92,4.96,Rei,0.9938673377037048,Rei,[0.994],,[],,[],"[0.000, 0.000, 0.994, 0.000, 0.000, 0.000, 0.000, 0.000]"
124,4.96,5.0,Rei,0.9971056580543518,Rei,[0.997],,[],,[],"[0.000, 0.000, 0.997, 0.000, 0.000, 0.000, 0.000, 0.000]"
125,5.0,5.04,Rei,0.9985760450363159,Rei,[0.999],,[],,[],"[0.000, 0.000, 0.999, 0.000, 0.000, 0.000, 0.000, 0.000]"
126,5.04,5.08,Rei,0.9992653727531433,Rei,[0.999],,[],,[],"[0.000, 0.000, 0.999, 0.000, 0.000, 0.000, 0.000, 0.000]"
127,5.08,5.12,Rei,0.9996005892753601,Rei,[1.000],,[],,[],"[0.000, 0.000, 1.000, 0.000, 0.000, 0.000, 0.000, 0.000]"
128,5.12,5.16,Rei,0.9997702240943909,Rei,[1.000],,[],,[],"[0.000, 0.000, 1.000, 0.000, 0.000, 0.000, 0.000, 0.000]"
129,5.16,5.2,Rei,0.9998601675033569,Rei,[1.000],,[],,[],"[0.000, 0.000, 1.000, 0.000, 0.000, 0.000, 0.000, 0.000]"
130,5.2,5.24,Rei,0.9999098777770996,Rei,[1.000],,[],,[],"[0.000, 0.000, 1.000, 0.000, 0.000, 0.000, 0.000, 0.000]"
131,5.24,5.28,Rei,0.9999387264251709,Rei,[1.000],,[],,[],"[0.000, 0.000, 1.000, 0.000, 0.000, 0.000, 0.000, 0.000]"
132,5.28,5.32,Rei,0.9999560117721558,Rei,[1.000],,[],,[],"[0.000, 0.000, 1.000, 0.000, 0.000, 0.000, 0.000, 0.000]"
133,5.32,5.36,Rei,0.9999668598175049,Rei,[1.000],,[],,[],"[0.000, 0.000, 1.000, 0.000, 0.000, 0.000, 0.000, 0.000]"
134,5.36,5.4,Rei,0.9999738931655884,Rei,[1.000],,[],,[],"[0.000, 0.000, 1.000, 0.000, 0.000, 0.000, 0.000, 0.000]"
135,5.4,5.44,Rei,0.9999785423278809,Rei,[1.000],,[],,[],"[0.000, 0.000, 1.000, 0.000, 0.000, 0.000, 0.000, 0.000]"
136,5.44,5.48,Rei,0.9999817609786987,Rei,[1.000],,[],,[],"[0.000, 0.000, 1.000, 0.000, 0.000, 0.000, 0.000, 0.000]"
137,5.48,5.52,Rei,0.9999840259552002,Rei,[1.000],,[],,[],"[0.000, 0.000, 1.000, 0.000, 0.000, 0.000, 0.000, 0.000]"
138,5.52,5.56,Rei,0.9999854564666748,Rei,[1.000],,[],,[],"[0.000, 0.000, 1.000, 0.000, 0.000, 0.000, 0.000, 0.000]"
139,5.56,5.6,Rei,0.9999864101409912,Rei,[1.000],,[],,[],"[0.000, 0.000, 1.000, 0.000, 0.000, 0.000, 0.000, 0.000]"
140,5.6,5.64,Rei,0.9999868869781494,Rei,[1.000],,[],,[],"[0.000, 0.000, 1.000, 0.000, 0.000, 0.000, 0.000, 0.000]"
141,5.64,5.68,Rei,0.999987006187439,Rei,[1.000],,[],,[],"[0.000, 0.000, 1.000, 0.000, 0.000, 0.000, 0.000, 0.000]"
142,5.68,5.72,Rei,0.9999866485595703,Rei,[1.000],,[],,[],"[0.000, 0.000, 1.000, 0.000, 0.000, 0.000, 0.000, 0.000]"
143,5.72,5.76,Rei,0.999985933303833,Rei,[1.000],,[],,[],"[0.000, 0.000, 1.000, 0.000, 0.000, 0.000, 0.000, 0.000]"
144,5.76,5.8,Rei,0.999984622001648,Rei,[1.000],,[],,[],"[0.000, 0.000, 1.000, 0.000, 0.000, 0.000, 0.000, 0.000]"
145,5.8,5.84,Rei,0.9999825954437256,Rei,[1.000],,[],,[],"[0.000, 0.000, 1.000, 0.000, 0.000, 0.000, 0.000, 0.000]"
146,5.84,5.88,Rei,0.9999792575836182,Rei,[1.000],,[],,[],"[0.000, 0.000, 1.000, 0.000, 0.000, 0.000, 0.000, 0.000]"
147,5.88,5.92,Rei,0.9999737739562988,Rei,[1.000],,[],,[],"[0.000, 0.000, 1.000, 0.000, 0.000, 0.000, 0.000, 0.000]"
148,5.92,5.96,Rei,0.999964714050293,Rei,[1.000],,[],,[],"[0.000, 0.000, 1.000, 0.000, 0.000, 0.000, 0.000, 0.000]"
149,5.96,6.0,Rei,0.9999493360519409,Rei,[1.000],,[],,[],"[0.000, 0.000, 1.000, 0.000, 0.000, 0.000, 0.000, 0.000]"
150,6.0,6.04,Rei,0.9999216794967651,Rei,[1.000],,[],,[],"[0.000, 0.000, 1.000, 0.000, 0.000, 0.000, 0.000, 0.000]"
151,6.04,6.08,Rei,0.9998693466186523,Rei,[1.000],,[],,[],"[0.000, 0.000, 1.000, 0.000, 0.000, 0.000, 0.000, 0.000]"
152,6.08,6.12,Rei,0.9997645020484924,Rei,[1.000],,[],,[],"[0.000, 0.000, 1.000, 0.000, 0.000, 0.000, 0.000, 0.000]"
153,6.12,6.16,Rei,0.9995416402816772,Rei,[1.000],,[],,[],"[0.000, 0.000, 1.000, 0.000, 0.000, 0.000, 0.000, 0.000]"
154,6.16,6.2,Rei,0.9990432858467102,Rei,[0.999],,[],,[],"[0.000, 0.000, 0.999, 0.000, 0.000, 0.000, 0.000, 0.000]"
155,6.2,6.24,Rei,0.9978748559951782,Rei,[0.998],,[],,[],"[0.000, 0.000, 0.998, 0.000, 0.000, 0.000, 0.000, 0.000]"
156,6.24,6.28,Rei,0.99503493309021,Rei,[0.995],,[],,[],"[0.000, 0.000, 0.995, 0.000, 0.000, 0.000, 0.000, 0.000]"
157,6.28,6.32,Rei,0.9879966378211975,Rei,[0.988],,[],,[],"[0.000, 0.000, 0.988, 0.000, 0.000, 0.000, 0.000, 0.000]"
158,6.32,6.36,Rei,0.9706224203109741,Rei,[0.971],,[],,[],"[0.000, 0.000, 0.971, 0.000, 0.000, 0.000, 0.000, 0.000]"
159,6.36,6.4,Rei,0.9294858574867249,Rei,[0.929],,[],,[],"[0.000, 0.000, 0.929, 0.000, 0.000, 0.000, 0.000, 0.000]"
160,6.4,6.44,Rei,0.8417974710464478,Rei,[0.842],,[],,[],"[0.000, 0.000, 0.842, 0.000, 0.000, 0.000, 0.000, 0.000]"
161,6.44,6.48,Rei,0.6879872679710388,Rei,[0.688],,[],,[],"[0.000, 0.000, 0.688, 0.000, 0.000, 0.000, 0.000, 0.000]"
162,6.48,6.52,Rei,0.4877125024795532,Rei,[0.488],,[],,[],"[0.000, 0.000, 0.488, 0.000, 0.000, 0.000, 0.000, 0.000]"
163,6.52,6.56,silence,1.709860725229717e-10,,[],,[],,[],"[0.000, 0.000, 0.303, 0.000, 0.000, 0.000, 0.000, 0.000]"
164,6.56,6.6,silence,2.7530391855101755e-10,,[],,[],,[],"[0.000, 0.000, 0.176, 0.000, 0.000, 0.000, 0.000, 0.000]"
165,6.6,6.64,silence,3.9378267313594506e-10,,[],,[],,[],"[0.000, 0.000, 0.103, 0.000, 0.000, 0.000, 0.000, 0.000]"
166,6.64,6.68,silence,4.949627929740075e-10,,[],,[],,[],"[0.000, 0.000, 0.064, 0.000, 0.000, 0.000, 0.000, 0.000]"
167,6.68,6.72,silence,5.421419979612097e-10,,[],,[],,[],"[0.000, 0.000, 0.043, 0.000, 0.000, 0.000, 0.000, 0.000]"
168,6.72,6.76,silence,5.134356273472918e-10,,[],,[],,[],"[0.000, 0.000, 0.033, 0.000, 0.000, 0.000, 0.000, 0.000]"
169,6.76,6.8,silence,4.177754808765144e-10,,[],,[],,[],"[0.000, 0.000, 0.029, 0.000, 0.000, 0.000, 0.000, 0.000]"
170,6.8,6.84,silence,2.9098307097186193e-10,,[],,[],,[],"[0.000, 0.000, 0.029, 0.000, 0.000, 0.000, 0.000, 0.000]"
171,6.84,6.88,silence,1.7335205493296257e-10,,[],,[],,[],"[0.000, 0.000, 0.034, 0.000, 0.000, 0.000, 0.000, 0.000]"
172,6.88,6.92,silence,8.8218606031365e-11,,[],,[],,[],"[0.000, 0.000, 0.045, 0.000, 0.000, 0.000, 0.000, 0.000]"
173,6.92,6.96,silence,3.837298534481448e-11,,[],,[],,[],"[0.000, 0.000, 0.070, 0.000, 0.000, 0.000, 0.000, 0.000]"
174,6.96,7.0,silence,1.4377087194372695e-11,,[],,[],,[],"[0.000, 0.000, 0.121, 0.000, 0.000, 0.000, 0.000, 0.000]"
175,7.0,7.04,silence,4.663783248481934e-12,,[],,[],,[],"[0.000, 0.000, 0.228, 0.000, 0.000, 0.000, 0.000, 0.000]"
176,7.04,7.08,silence,1.3186581817800636e-12,,[],,[],,[],"[0.000, 0.000, 0.419, 0.000, 0.000, 0.000, 0.000, 0.000]"
177,7.08,7.12,Rei,0.667250394821167,Rei,[0.667],,[],,[],"[0.000, 0.000, 0.667, 0.000, 0.000, 0.000, 0.000, 0.000]"
178,7.12,7.16,Rei,0.8619595766067505,Rei,[0.862],,[],,[],"[0.000, 0.000, 0.862, 0.000, 0.000, 0.000, 0.000, 0.000]"
179,7.16,7.2,Rei,0.9556061625480652,Rei,[0.956],,[],,[],"[0.000, 0.000, 0.956, 0.000, 0.000, 0.000, 0.000, 0.000]"
180,7.2,7.24,Rei,0.9877836108207703,Rei,[0.988],,[],,[],"[0.000, 0.000, 0.988, 0.000, 0.000, 0.000, 0.000, 0.000]"
181,7.24,7.28,Rei,0.9969325065612793,Rei,[0.997],,[],,[],"[0.000, 0.000, 0.997, 0.000, 0.000, 0.000, 0.000, 0.000]"
182,7.28,7.32,Rei,0.9992734789848328,Rei,[0.999],,[],,[],"[0.000, 0.000, 0.999, 0.000, 0.000, 0.000, 0.000, 0.000]"
183,7.32,7.36,Rei,0.9998341798782349,Rei,[1.000],,[],,[],"[0.000, 0.000, 1.000, 0.000, 0.000, 0.000, 0.000, 0.000]"
184,7.36,7.4,Rei,0.9999628067016602,Rei,[1.000],,[],,[],"[0.000, 0.000, 1.000, 0.000, 0.000, 0.000, 0.000, 0.000]"
185,7.4,7.44,Rei,0.9999916553497314,Rei,[1.000],,[],,[],"[0.000, 0.000, 1.000, 0.000, 0.000, 0.000, 0.000, 0.000]"
186,7.44,7.48,Rei,0.9999980926513672,Rei,[1.000],,[],,[],"[0.000, 0.000, 1.000, 0.000, 0.000, 0.000, 0.000, 0.000]"
187,7.48,7.52,Rei,0.9999995231628418,Rei,[1.000],,[],,[],"[0.000, 0.000, 1.000, 0.000, 0.000, 0.000, 0.000, 0.000]"
188,7.52,7.56,Rei,0.9999998807907104,Rei,[1.000],,[],,[],"[0.000, 0.000, 1.000, 0.000, 0.000, 0.000, 0.000, 0.000]"
189,7.56,7.6,Rei,1.0,Rei,[1.000],,[],,[],"[0.000, 0.000, 1.000, 0.000, 0.000, 0.000, 0.000, 0.000]"
190,7.6,7.64,Rei,1.0,Rei,[1.000],,[],,[],"[0.000, 0.000, 1.000, 0.000, 0.000, 0.000, 0.000, 0.000]"
191,7.64,7.68,Rei,1.0,Rei,[1.000],Gaeul,"[0.507, 0.000, 0.000, 0.000, 0.000, 0.007, 0.000]",,[],"[0.000, 0.000, 1.000, 0.000, 0.000, 0.000, 0.000, 0.000]"
192,7.68,7.72,Rei,1.0,Rei,[1.000],Gaeul,"[0.550, 0.000, 0.000, 0.000, 0.000, 0.011, 0.000]",,[],"[0.000, 0.000, 1.000, 0.000, 0.000, 0.000, 0.000, 0.000]"
193,7.72,7.76,Rei,1.0,Rei,[1.000],Gaeul,"[0.593, 0.000, 0.000, 0.000, 0.000, 0.015, 0.000]",,[],"[0.000, 0.000, 1.000, 0.000, 0.000, 0.000, 0.000, 0.000]"
194,7.76,7.8,Rei,1.0,Rei,[1.000],Gaeul,"[0.637, 0.000, 0.000, 0.000, 0.000, 0.021, 0.000]",,[],"[0.000, 0.000, 1.000, 0.000, 0.000, 0.000, 0.000, 0.000]"
195,7.8,7.84,Rei,1.0,Rei,[1.000],Gaeul,"[0.681, 0.000, 0.000, 0.000, 0.000, 0.028, 0.000]",,[],"[0.000, 0.000, 1.000, 0.000, 0.000, 0.000, 0.000, 0.000]"
196,7.84,7.88,Rei,1.0,Rei,[1.000],Gaeul,"[0.726, 0.000, 0.000, 0.000, 0.000, 0.035, 0.000]",,[],"[0.000, 0.000, 1.000, 0.000, 0.000, 0.000, 0.000, 0.000]"
197,7.88,7.92,Rei,1.0,Rei,[1.000],Gaeul,"[0.770, 0.000, 0.000, 0.000, 0.000, 0.043, 0.000]",,[],"[0.000, 0.000, 1.000, 0.000, 0.000, 0.000, 0.000, 0.000]"
198,7.92,7.96,Rei,1.0,Rei,[1.000],Gaeul,"[0.812, 0.000, 0.000, 0.000, 0.000, 0.051, 0.000]",,[],"[0.000, 0.000, 1.000, 0.000, 0.000, 0.000, 0.000, 0.000]"
199,7.96,8.0,Rei,1.0,Rei,[1.000],Gaeul,"[0.850, 0.000, 0.000, 0.000, 0.000, 0.059, 0.000]",,[],"[0.000, 0.000, 1.000, 0.000, 0.000, 0.000, 0.000, 0.000]"
200,8.0,8.04,Rei,1.0,Rei,[1.000],Gaeul,"[0.883, 0.000, 0.000, 0.000, 0.000, 0.065, 0.000]",,[],"[0.000, 0.000, 1.000, 0.000, 0.000, 0.000, 0.000, 0.000]"
201,8.04,8.08,Rei,1.0,Rei,[1.000],Gaeul,"[0.911, 0.000, 0.000, 0.000, 0.000, 0.070, 0.000]",,[],"[0.000, 0.000, 1.000, 0.000, 0.000, 0.000, 0.000, 0.000]"
202,8.08,8.12,Rei,1.0,Rei,[1.000],Gaeul,"[0.933, 0.000, 0.000, 0.000, 0.000, 0.074, 0.000]",,[],"[0.000, 0.000, 1.000, 0.000, 0.000, 0.000, 0.000, 0.000]"
203,8.12,8.16,Rei,1.0,Rei,[1.000],Gaeul,"[0.951, 0.000, 0.000, 0.000, 0.000, 0.077, 0.000]",,[],"[0.000, 0.000, 1.000, 0.000, 0.000, 0.000, 0.000, 0.000]"
204,8.16,8.2,Rei,1.0,Rei,[1.000],Gaeul,"[0.964, 0.000, 0.000, 0.000, 0.000, 0.078, 0.000]",,[],"[0.000, 0.000, 1.000, 0.000, 0.000, 0.000, 0.000, 0.000]"
205,8.2,8.24,Rei,1.0,Rei,[1.000],Gaeul,"[0.974, 0.000, 0.000, 0.000, 0.000, 0.078, 0.000]",,[],"[0.000, 0.000, 1.000, 0.000, 0.000, 0.000, 0.000, 0.000]"
206,8.24,8.28,Rei,1.0,Rei,[1.000],Gaeul,"[0.981, 0.000, 0.000, 0.000, 0.000, 0.078, 0.000]",,[],"[0.000, 0.000, 1.000, 0.000, 0.000, 0.000, 0.000, 0.000]"
207,8.28,8.32,Rei,1.0,Rei,[1.000],Gaeul,"[0.986, 0.000, 0.000, 0.000, 0.000, 0.077, 0.000]",,[],"[0.000, 0.000, 1.000, 0.000, 0.000, 0.000, 0.000, 0.000]"
208,8.32,8.36,Rei,1.0,Rei,[1.000],Gaeul,"[0.990, 0.000, 0.000, 0.000, 0.000, 0.077, 0.000]",,[],"[0.000, 0.000, 1.000, 0.000, 0.000, 0.000, 0.000, 0.000]"
209,8.36,8.4,Rei,1.0,Rei,[1.000],Gaeul,"[0.992, 0.000, 0.000, 0.000, 0.000, 0.076, 0.000]",,[],"[0.000, 0.000, 1.000, 0.000, 0.000, 0.000, 0.000, 0.000]"
210,8.4,8.44,Rei,1.0,Rei,[1.000],Gaeul,"[0.994, 0.000, 0.000, 0.000, 0.000, 0.075, 0.000]",,[],"[0.000, 0.000, 1.000, 0.000, 0.000, 0.000, 0.000, 0.000]"
211,8.44,8.48,Rei,1.0,Rei,[1.000],Gaeul,"[0.995, 0.000, 0.000, 0.000, 0.000, 0.075, 0.000]",,[],"[0.000, 0.000, 1.000, 0.000, 0.000, 0.000, 0.000, 0.000]"
212,8.48,8.52,Rei,1.0,Rei,[1.000],Gaeul,"[0.996, 0.000, 0.000, 0.000, 0.000, 0.074, 0.000]",,[],"[0.000, 0.000, 1.000, 0.000, 0.000, 0.000, 0.000, 0.000]"
213,8.52,8.56,Rei,1.0,Rei,[1.000],Gaeul,"[0.997, 0.000, 0.000, 0.000, 0.000, 0.074, 0.000]",,[],"[0.000, 0.000, 1.000, 0.000, 0.000, 0.000, 0.000, 0.000]"
214,8.56,8.6,Rei,1.0,Rei,[1.000],Gaeul,"[0.997, 0.000, 0.000, 0.000, 0.000, 0.074, 0.000]",,[],"[0.000, 0.000, 1.000, 0.000, 0.000, 0.000, 0.000, 0.000]"
215,8.6,8.64,Rei,1.0,Rei,[1.000],Gaeul,"[0.997, 0.000, 0.000, 0.000, 0.000, 0.074, 0.000]",,[],"[0.000, 0.000, 1.000, 0.000, 0.000, 0.000, 0.000, 0.000]"
216,8.64,8.68,Rei,1.0,Rei,[1.000],Gaeul,"[0.997, 0.000, 0.000, 0.000, 0.000, 0.074, 0.000]",,[],"[0.000, 0.000, 1.000, 0.000, 0.000, 0.000, 0.000, 0.000]"
217,8.68,8.72,Rei,1.0,Rei,[1.000],Gaeul,"[0.997, 0.000, 0.000, 0.000, 0.000, 0.075, 0.000]",,[],"[0.000, 0.000, 1.000, 0.000, 0.000, 0.000, 0.000, 0.000]"
218,8.72,8.76,Rei,1.0,Rei,[1.000],Gaeul,"[0.996, 0.000, 0.000, 0.000, 0.000, 0.074, 0.000]",,[],"[0.000, 0.000, 1.000, 0.000, 0.000, 0.000, 0.000, 0.000]"
219,8.76,8.8,Rei,1.0,Rei,[1.000],Gaeul,"[0.996, 0.000, 0.000, 0.000, 0.000, 0.073, 0.000]",,[],"[0.000, 0.000, 1.000, 0.000, 0.000, 0.000, 0.000, 0.000]"
220,8.8,8.84,Rei,1.0,Rei,[1.000],Gaeul,"[0.995, 0.000, 0.000, 0.000, 0.000, 0.071, 0.000]",,[],"[0.000, 0.000, 1.000, 0.000, 0.000, 0.000, 0.000, 0.000]"
221,8.84,8.88,Rei,1.0,Rei,[1.000],Gaeul,"[0.994, 0.000, 0.000, 0.000, 0.000, 0.068, 0.000]",,[],"[0.000, 0.000, 1.000, 0.000, 0.000, 0.000, 0.000, 0.000]"
222,8.88,8.92,Rei,1.0,Rei,[1.000],Gaeul,"[0.992, 0.000, 0.000, 0.000, 0.000, 0.063, 0.000]",,[],"[0.000, 0.000, 1.000, 0.000, 0.000, 0.000, 0.000, 0.000]"
223,8.92,8.96,Rei,1.0,Rei,[1.000],Gaeul,"[0.990, 0.000, 0.000, 0.000, 0.000, 0.057, 0.000]",,[],"[0.000, 0.000, 1.000, 0.000, 0.000, 0.000, 0.000, 0.000]"
224,8.96,9.0,Rei,1.0,Rei,[1.000],Gaeul,"[0.987, 0.000, 0.000, 0.000, 0.000, 0.050, 0.000]",,[],"[0.000, 0.000, 1.000, 0.000, 0.000, 0.000, 0.000, 0.000]"
225,9.0,9.04,Rei,1.0,Rei,[1.000],Gaeul,"[0.982, 0.000, 0.000, 0.000, 0.000, 0.041, 0.000]",,[],"[0.000, 0.000, 1.000, 0.000, 0.000, 0.000, 0.000, 0.000]"
226,9.04,9.08,Rei,1.0,Rei,[1.000],Gaeul,"[0.975, 0.000, 0.000, 0.000, 0.000, 0.032, 0.000]",,[],"[0.000, 0.000, 1.000, 0.000, 0.000, 0.000, 0.000, 0.000]"
227,9.08,9.12,Rei,1.0,Rei,[1.000],Gaeul,"[0.965, 0.000, 0.000, 0.000, 0.000, 0.024, 0.000]",,[],"[0.000, 0.000, 1.000, 0.000, 0.000, 0.000, 0.000, 0.000]"
228,9.12,9.16,Rei,1.0,Rei,[1.000],Gaeul,"[0.949, 0.000, 0.000, 0.000, 0.000, 0.016, 0.000]",,[],"[0.000, 0.000, 1.000, 0.000, 0.000, 0.000, 0.000, 0.000]"
229,9.16,9.2,Rei,1.0,Rei,[1.000],Gaeul,"[0.924, 0.000, 0.000, 0.000, 0.000, 0.010, 0.000]",,[],"[0.000, 0.000, 1.000, 0.000, 0.000, 0.000, 0.000, 0.000]"
230,9.2,9.24,Rei,1.0,Rei,[1.000],Gaeul,"[0.887, 0.000, 0.000, 0.000, 0.000, 0.006, 0.000]",,[],"[0.000, 0.000, 1.000, 0.000, 0.000, 0.000, 0.000, 0.000]"
231,9.24,9.28,Rei,1.0,Rei,[1.000],Gaeul,"[0.830, 0.000, 0.000, 0.000, 0.000, 0.003, 0.000]",,[],"[0.000, 0.000, 1.000, 0.000, 0.000, 0.000, 0.000, 0.000]"
232,9.28,9.32,Rei,1.0,Rei,[1.000],Gaeul,"[0.749, 0.000, 0.000, 0.000, 0.000, 0.002, 0.000]",,[],"[0.000, 0.000, 1.000, 0.000, 0.000, 0.001, 0.000, 0.000]"
233,9.32,9.36,Rei,1.0,Rei,[1.000],Gaeul,"[0.642, 0.000, 0.000, 0.000, 0.000, 0.001, 0.000]",,[],"[0.000, 0.000, 1.000, 0.000, 0.000, 0.001, 0.000, 0.000]"
234,9.36,9.4,Rei,0.9999998807907104,Rei,[1.000],Gaeul,"[0.516, 0.000, 0.000, 0.000, 0.000, 0.000, 0.000]",,[],"[0.000, 0.000, 1.000, 0.000, 0.000, 0.003, 0.000, 0.000]"
235,9.4,9.44,Rei,0.9999996423721313,Rei,[1.000],,[],,[],"[0.000, 0.000, 1.000, 0.000, 0.000, 0.008, 0.000, 0.000]"
236,9.44,9.48,Rei,0.9999986886978149,Rei,[1.000],,[],,[],"[0.000, 0.000, 1.000, 0.000, 0.000, 0.018, 0.000, 0.000]"
237,9.48,9.52,Rei,0.9999948740005493,Rei,[1.000],,[],,[],"[0.000, 0.000, 1.000, 0.000, 0.000, 0.041, 0.000, 0.000]"
238,9.52,9.56,Rei,0.9999791383743286,Rei,[1.000],,[],,[],"[0.000, 0.000, 1.000, 0.000, 0.000, 0.090, 0.000, 0.000]"
239,9.56,9.6,Rei,0.9999145269393921,Rei,[1.000],,[],,[],"[0.000, 0.000, 1.000, 0.000, 0.000, 0.187, 0.000, 0.000]"
240,9.6,9.64,Rei,0.9996527433395386,Rei,[1.000],,[],,[],"[0.000, 0.000, 1.000, 0.000, 0.000, 0.342, 0.000, 0.000]"
241,9.64,9.68,Rei,0.9986149072647095,Rei|Leeseo,"[0.999, 0.536]",,[],,[],"[0.000, 0.000, 0.999, 0.000, 0.000, 0.536, 0.000, 0.000]"
242,9.68,9.72,Rei,0.9946470856666565,Rei|Leeseo,"[0.995, 0.715]",,[],,[],"[0.000, 0.000, 0.995, 0.000, 0.000, 0.715, 0.000, 0.000]"
243,9.72,9.76,Rei,0.9802653789520264,Rei|Leeseo,"[0.980, 0.842]",,[],,[],"[0.000, 0.000, 0.980, 0.000, 0.000, 0.842, 0.000, 0.000]"
244,9.76,9.8,Rei,0.9328291416168213,Rei|Leeseo,"[0.933, 0.917]",,[],,[],"[0.000, 0.000, 0.933, 0.000, 0.000, 0.917, 0.000, 0.000]"
245,9.8,9.84,Leeseo,0.9571312069892883,Rei|Leeseo,"[0.804, 0.957]",,[],,[],"[0.000, 0.000, 0.804, 0.000, 0.000, 0.957, 0.000, 0.000]"
246,9.84,9.88,Leeseo,0.9777730107307434,Rei|Leeseo,"[0.562, 0.978]",,[],,[],"[0.000, 0.000, 0.562, 0.000, 0.000, 0.978, 0.001, 0.000]"
247,9.88,9.92,Leeseo,0.9882798194885254,Leeseo,[0.988],,[],,[],"[0.000, 0.000, 0.301, 0.000, 0.000, 0.988, 0.001, 0.000]"
248,9.92,9.96,Leeseo,0.9936680197715759,Leeseo,[0.994],,[],,[],"[0.000, 0.000, 0.134, 0.000, 0.000, 0.994, 0.001, 0.000]"
249,9.96,10.0,Leeseo,0.9964828491210938,Leeseo,[0.996],,[],,[],"[0.000, 0.000, 0.057, 0.000, 0.000, 0.996, 0.001, 0.000]"
250,10.0,10.04,Leeseo,0.9979896545410156,Leeseo,[0.998],,[],,[],"[0.000, 0.000, 0.025, 0.000, 0.000, 0.998, 0.001, 0.000]"
251,10.04,10.08,Leeseo,0.9988173842430115,Leeseo,[0.999],,[],,[],"[0.000, 0.000, 0.011, 0.000, 0.000, 0.999, 0.001, 0.000]"
252,10.08,10.12,Leeseo,0.9992839694023132,Leeseo,[0.999],,[],,[],"[0.000, 0.000, 0.005, 0.000, 0.000, 0.999, 0.001, 0.000]"
253,10.12,10.16,Leeseo,0.9995530247688293,Leeseo,[1.000],,[],,[],"[0.000, 0.000, 0.003, 0.000, 0.000, 1.000, 0.001, 0.000]"
254,10.16,10.2,Leeseo,0.9997125267982483,Leeseo,[1.000],,[],,[],"[0.000, 0.000, 0.002, 0.000, 0.000, 1.000, 0.001, 0.000]"
255,10.2,10.24,Leeseo,0.9998101592063904,Leeseo,[1.000],,[],,[],"[0.000, 0.000, 0.001, 0.000, 0.000, 1.000, 0.001, 0.000]"
256,10.24,10.28,Leeseo,0.9998717308044434,Leeseo,[1.000],,[],,[],"[0.000, 0.000, 0.001, 0.000, 0.000, 1.000, 0.001, 0.000]"
257,10.28,10.32,Leeseo,0.999911904335022,Leeseo,[1.000],,[],,[],"[0.000, 0.000, 0.000, 0.000, 0.000, 1.000, 0.001, 0.000]"
258,10.32,10.36,Leeseo,0.9999384880065918,Leeseo,[1.000],,[],,[],"[0.000, 0.000, 0.000, 0.000, 0.000, 1.000, 0.001, 0.000]"
259,10.36,10.4,Leeseo,0.9999563694000244,Leeseo,[1.000],,[],,[],"[0.000, 0.000, 0.000, 0.000, 0.000, 1.000, 0.001, 0.000]"
260,10.4,10.44,Leeseo,0.9999686479568481,Leeseo,[1.000],,[],,[],"[0.000, 0.000, 0.000, 0.000, 0.000, 1.000, 0.001, 0.000]"
261,10.44,10.48,Leeseo,0.9999772310256958,Leeseo,[1.000],,[],,[],"[0.000, 0.000, 0.000, 0.000, 0.000, 1.000, 0.001, 0.000]"
262,10.48,10.52,Leeseo,0.9999831914901733,Leeseo,[1.000],,[],,[],"[0.000, 0.000, 0.000, 0.000, 0.000, 1.000, 0.001, 0.000]"
263,10.52,10.56,Leeseo,0.9999874830245972,Leeseo,[1.000],,[],,[],"[0.000, 0.000, 0.000, 0.000, 0.000, 1.000, 0.001, 0.000]"
264,10.56,10.6,Leeseo,0.999990701675415,Leeseo,[1.000],,[],,[],"[0.000, 0.000, 0.000, 0.000, 0.000, 1.000, 0.001, 0.000]"
265,10.6,10.64,Leeseo,0.9999929666519165,Leeseo,[1.000],,[],,[],"[0.000, 0.000, 0.000, 0.000, 0.000, 1.000, 0.001, 0.000]"
266,10.64,10.68,Leeseo,0.9999946355819702,Leeseo,[1.000],,[],,[],"[0.000, 0.000, 0.000, 0.000, 0.000, 1.000, 0.001, 0.000]"
267,10.68,10.72,Leeseo,0.9999958276748657,Leeseo,[1.000],,[],,[],"[0.000, 0.000, 0.000, 0.000, 0.000, 1.000, 0.000, 0.000]"
268,10.72,10.76,Leeseo,0.9999967813491821,Leeseo,[1.000],,[],,[],"[0.000, 0.000, 0.000, 0.000, 0.000, 1.000, 0.000, 0.000]"
269,10.76,10.8,Leeseo,0.9999974966049194,Leeseo,[1.000],,[],,[],"[0.000, 0.000, 0.000, 0.000, 0.000, 1.000, 0.000, 0.000]"
270,10.8,10.84,Leeseo,0.9999979734420776,Leeseo,[1.000],,[],,[],"[0.000, 0.000, 0.000, 0.000, 0.000, 1.000, 0.000, 0.000]"
271,10.84,10.88,Leeseo,0.9999984502792358,Leeseo,[1.000],,[],,[],"[0.000, 0.000, 0.000, 0.000, 0.000, 1.000, 0.000, 0.000]"
272,10.88,10.92,Leeseo,0.9999986886978149,Leeseo,[1.000],,[],,[],"[0.000, 0.000, 0.000, 0.000, 0.000, 1.000, 0.000, 0.000]"
273,10.92,10.96,Leeseo,0.999998927116394,Leeseo,[1.000],,[],,[],"[0.000, 0.000, 0.000, 0.000, 0.000, 1.000, 0.000, 0.000]"
274,10.96,11.0,Leeseo,0.9999990463256836,Leeseo,[1.000],,[],,[],"[0.000, 0.000, 0.000, 0.000, 0.000, 1.000, 0.000, 0.000]"
275,11.0,11.04,Leeseo,0.9999991655349731,Leeseo,[1.000],,[],,[],"[0.000, 0.000, 0.000, 0.000, 0.000, 1.000, 0.000, 0.000]"
276,11.04,11.08,Leeseo,0.9999992847442627,Leeseo,[1.000],,[],,[],"[0.000, 0.000, 0.000, 0.000, 0.000, 1.000, 0.000, 0.000]"
277,11.08,11.12,Leeseo,0.9999992847442627,Leeseo,[1.000],,[],,[],"[0.000, 0.000, 0.000, 0.000, 0.000, 1.000, 0.000, 0.000]"
278,11.12,11.16,Leeseo,0.9999992847442627,Leeseo,[1.000],,[],,[],"[0.000, 0.000, 0.000, 0.000, 0.000, 1.000, 0.000, 0.000]"
279,11.16,11.2,Leeseo,0.9999992847442627,Leeseo,[1.000],,[],,[],"[0.000, 0.000, 0.000, 0.000, 0.000, 1.000, 0.000, 0.000]"
280,11.2,11.24,Leeseo,0.9999992847442627,Leeseo,[1.000],,[],,[],"[0.000, 0.000, 0.000, 0.000, 0.000, 1.000, 0.000, 0.000]"
281,11.24,11.28,Leeseo,0.9999992847442627,Leeseo,[1.000],,[],,[],"[0.000, 0.000, 0.000, 0.000, 0.000, 1.000, 0.000, 0.000]"
282,11.28,11.32,Leeseo,0.9999991655349731,Leeseo,[1.000],,[],,[],"[0.000, 0.000, 0.000, 0.000, 0.000, 1.000, 0.000, 0.000]"
283,11.32,11.36,Leeseo,0.9999990463256836,Leeseo,[1.000],,[],,[],"[0.000, 0.000, 0.000, 0.000, 0.000, 1.000, 0.000, 0.000]"
284,11.36,11.4,Leeseo,0.999998927116394,Leeseo,[1.000],,[],,[],"[0.000, 0.000, 0.000, 0.000, 0.000, 1.000, 0.000, 0.000]"
285,11.4,11.44,Leeseo,0.9999986886978149,Leeseo,[1.000],,[],,[],"[0.000, 0.000, 0.000, 0.000, 0.000, 1.000, 0.000, 0.000]"
286,11.44,11.48,Leeseo,0.9999984502792358,Leeseo,[1.000],,[],,[],"[0.000, 0.000, 0.000, 0.000, 0.000, 1.000, 0.000, 0.000]"
287,11.48,11.52,Leeseo,0.9999980926513672,Leeseo,[1.000],,[],,[],"[0.000, 0.000, 0.000, 0.000, 0.000, 1.000, 0.000, 0.000]"
288,11.52,11.56,Leeseo,0.9999977350234985,Leeseo,[1.000],,[],,[],"[0.000, 0.000, 0.000, 0.000, 0.000, 1.000, 0.000, 0.000]"
289,11.56,11.6,Leeseo,0.9999972581863403,Leeseo,[1.000],,[],,[],"[0.000, 0.000, 0.000, 0.000, 0.000, 1.000, 0.000, 0.000]"
290,11.6,11.64,Leeseo,0.9999967813491821,Leeseo,[1.000],,[],,[],"[0.000, 0.000, 0.000, 0.000, 0.000, 1.000, 0.000, 0.000]"
291,11.64,11.68,Leeseo,0.9999964237213135,Leeseo,[1.000],,[],,[],"[0.000, 0.000, 0.000, 0.000, 0.000, 1.000, 0.000, 0.000]"
292,11.68,11.72,Leeseo,0.9999960660934448,Leeseo,[1.000],,[],,[],"[0.000, 0.000, 0.000, 0.000, 0.000, 1.000, 0.000, 0.000]"
293,11.72,11.76,Leeseo,0.9999957084655762,Leeseo,[1.000],,[],,[],"[0.000, 0.000, 0.000, 0.000, 0.000, 1.000, 0.000, 0.000]"
294,11.76,11.8,Leeseo,0.9999955892562866,Leeseo,[1.000],,[],,[],"[0.000, 0.000, 0.000, 0.000, 0.000, 1.000, 0.000, 0.000]"
295,11.8,11.84,Leeseo,0.9999955892562866,Leeseo,[1.000],,[],,[],"[0.000, 0.000, 0.000, 0.000, 0.000, 1.000, 0.000, 0.000]"
296,11.84,11.88,Leeseo,0.9999958276748657,Leeseo,[1.000],,[],,[],"[0.000, 0.000, 0.000, 0.000, 0.000, 1.000, 0.000, 0.000]"
297,11.88,11.92,Leeseo,0.9999960660934448,Leeseo,[1.000],,[],,[],"[0.000, 0.000, 0.000, 0.000, 0.000, 1.000, 0.000, 0.000]"
298,11.92,11.96,Leeseo,0.999996542930603,Leeseo,[1.000],,[],,[],"[0.000, 0.000, 0.000, 0.000, 0.000, 1.000, 0.000, 0.000]"
299,11.96,12.0,Leeseo,0.9999970197677612,Leeseo,[1.000],,[],,[],"[0.000, 0.000, 0.000, 0.000, 0.000, 1.000, 0.000, 0.000]"
300,12.0,12.04,Leeseo,0.999997615814209,Leeseo,[1.000],,[],,[],"[0.000, 0.000, 0.000, 0.000, 0.000, 1.000, 0.000, 0.000]"
301,12.04,12.08,Leeseo,0.9999980926513672,Leeseo,[1.000],,[],,[],"[0.000, 0.000, 0.000, 0.000, 0.000, 1.000, 0.000, 0.000]"
302,12.08,12.12,Leeseo,0.9999985694885254,Leeseo,[1.000],,[],,[],"[0.000, 0.000, 0.000, 0.000, 0.000, 1.000, 0.000, 0.000]"
303,12.12,12.16,Leeseo,0.999998927116394,Leeseo,[1.000],,[],,[],"[0.000, 0.000, 0.000, 0.000, 0.000, 1.000, 0.000, 0.000]"
304,12.16,12.2,Leeseo,0.9999992847442627,Leeseo,[1.000],,[],,[],"[0.000, 0.000, 0.000, 0.000, 0.000, 1.000, 0.000, 0.000]"
305,12.2,12.24,Leeseo,0.9999995231628418,Leeseo,[1.000],,[],,[],"[0.000, 0.000, 0.000, 0.000, 0.000, 1.000, 0.000, 0.000]"
306,12.24,12.28,Leeseo,0.9999996423721313,Leeseo,[1.000],,[],,[],"[0.000, 0.000, 0.000, 0.000, 0.000, 1.000, 0.000, 0.000]"
307,12.28,12.32,Leeseo,0.9999997615814209,Leeseo,[1.000],,[],,[],"[0.000, 0.000, 0.000, 0.000, 0.000, 1.000, 0.000, 0.000]"
308,12.32,12.36,Leeseo,0.9999998807907104,Leeseo,[1.000],,[],,[],"[0.000, 0.000, 0.000, 0.000, 0.000, 1.000, 0.000, 0.000]"
309,12.36,12.4,Leeseo,0.9999998807907104,Leeseo,[1.000],,[],,[],"[0.000, 0.000, 0.000, 0.000, 0.000, 1.000, 0.000, 0.000]"
310,12.4,12.44,Leeseo,0.9999998807907104,Leeseo,[1.000],,[],,[],"[0.000, 0.000, 0.000, 0.000, 0.000, 1.000, 0.000, 0.000]"
311,12.44,12.48,Leeseo,1.0,Leeseo,[1.000],,[],,[],"[0.000, 0.000, 0.000, 0.000, 0.000, 1.000, 0.000, 0.000]"
312,12.48,12.52,Leeseo,1.0,Leeseo,[1.000],,[],,[],"[0.000, 0.000, 0.000, 0.000, 0.000, 1.000, 0.000, 0.000]"
313,12.52,12.56,Leeseo,1.0,Leeseo,[1.000],,[],,[],"[0.000, 0.000, 0.000, 0.000, 0.000, 1.000, 0.000, 0.000]"
314,12.56,12.6,Leeseo,1.0,Leeseo,[1.000],,[],,[],"[0.000, 0.000, 0.000, 0.000, 0.000, 1.000, 0.000, 0.000]"
315,12.6,12.64,Leeseo,1.0,Leeseo,[1.000],,[],,[],"[0.000, 0.000, 0.000, 0.000, 0.000, 1.000, 0.000, 0.000]"
316,12.64,12.68,Leeseo,1.0,Leeseo,[1.000],,[],,[],"[0.000, 0.000, 0.000, 0.000, 0.000, 1.000, 0.000, 0.000]"
317,12.68,12.72,Leeseo,1.0,Leeseo,[1.000],,[],,[],"[0.000, 0.000, 0.000, 0.000, 0.000, 1.000, 0.000, 0.000]"
318,12.72,12.76,Leeseo,1.0,Leeseo,[1.000],,[],,[],"[0.000, 0.000, 0.000, 0.000, 0.000, 1.000, 0.000, 0.000]"
319,12.76,12.8,Leeseo,1.0,Leeseo,[1.000],,[],,[],"[0.000, 0.000, 0.000, 0.000, 0.000, 1.000, 0.000, 0.000]"
320,12.8,12.84,Leeseo,1.0,Leeseo,[1.000],,[],,[],"[0.000, 0.000, 0.000, 0.000, 0.000, 1.000, 0.000, 0.000]"
321,12.84,12.88,Leeseo,1.0,Leeseo,[1.000],,[],,[],"[0.000, 0.000, 0.000, 0.000, 0.000, 1.000, 0.000, 0.000]"
322,12.88,12.92,Leeseo,1.0,Leeseo,[1.000],,[],,[],"[0.000, 0.000, 0.000, 0.000, 0.000, 1.000, 0.000, 0.000]"
323,12.92,12.96,Leeseo,1.0,Leeseo,[1.000],,[],,[],"[0.000, 0.000, 0.000, 0.000, 0.000, 1.000, 0.000, 0.000]"
324,12.96,13.0,Leeseo,1.0,Leeseo,[1.000],,[],,[],"[0.000, 0.000, 0.000, 0.000, 0.000, 1.000, 0.000, 0.000]"
325,13.0,13.04,Leeseo,1.0,Leeseo,[1.000],,[],,[],"[0.000, 0.000, 0.000, 0.000, 0.000, 1.000, 0.000, 0.000]"
326,13.04,13.08,Leeseo,1.0,Leeseo,[1.000],,[],,[],"[0.000, 0.000, 0.000, 0.000, 0.000, 1.000, 0.000, 0.000]"
327,13.08,13.12,Leeseo,1.0,Leeseo,[1.000],,[],,[],"[0.000, 0.000, 0.000, 0.000, 0.000, 1.000, 0.000, 0.000]"
328,13.12,13.16,Leeseo,1.0,Leeseo,[1.000],,[],,[],"[0.000, 0.000, 0.000, 0.000, 0.000, 1.000, 0.000, 0.000]"
329,13.16,13.2,Leeseo,1.0,Leeseo,[1.000],,[],,[],"[0.000, 0.000, 0.000, 0.000, 0.000, 1.000, 0.000, 0.000]"
330,13.2,13.24,Leeseo,1.0,Leeseo,[1.000],,[],,[],"[0.000, 0.000, 0.000, 0.000, 0.000, 1.000, 0.000, 0.000]"
331,13.24,13.28,Leeseo,1.0,Leeseo,[1.000],,[],,[],"[0.000, 0.000, 0.000, 0.000, 0.000, 1.000, 0.000, 0.000]"
332,13.28,13.32,Leeseo,1.0,Leeseo,[1.000],,[],,[],"[0.000, 0.000, 0.000, 0.000, 0.000, 1.000, 0.000, 0.000]"
333,13.32,13.36,Leeseo,0.9999998807907104,Leeseo,[1.000],,[],,[],"[0.000, 0.000, 0.000, 0.000, 0.000, 1.000, 0.000, 0.000]"
334,13.36,13.4,Leeseo,0.9999998807907104,Leeseo,[1.000],,[],,[],"[0.000, 0.000, 0.000, 0.000, 0.000, 1.000, 0.000, 0.000]"
335,13.4,13.44,Leeseo,0.9999997615814209,Leeseo,[1.000],,[],,[],"[0.000, 0.000, 0.000, 0.000, 0.000, 1.000, 0.000, 0.000]"
336,13.44,13.48,Leeseo,0.9999994039535522,Leeseo,[1.000],,[],,[],"[0.000, 0.000, 0.000, 0.000, 0.000, 1.000, 0.000, 0.000]"
337,13.48,13.52,Leeseo,0.9999986886978149,Leeseo,[1.000],,[],,[],"[0.000, 0.000, 0.000, 0.000, 0.000, 1.000, 0.000, 0.000]"
338,13.52,13.56,Leeseo,0.9999969005584717,Leeseo,[1.000],,[],,[],"[0.000, 0.000, 0.000, 0.000, 0.000, 1.000, 0.000, 0.000]"
339,13.56,13.6,Leeseo,0.9999924898147583,Leeseo,[1.000],,[],,[],"[0.000, 0.000, 0.000, 0.000, 0.000, 1.000, 0.000, 0.000]"
340,13.6,13.64,Leeseo,0.999981164932251,Leeseo,[1.000],,[],,[],"[0.000, 0.000, 0.000, 0.000, 0.000, 1.000, 0.000, 0.000]"
341,13.64,13.68,Leeseo,0.9999513626098633,Leeseo,[1.000],,[],,[],"[0.000, 0.000, 0.000, 0.000, 0.000, 1.000, 0.000, 0.000]"
342,13.68,13.72,Leeseo,0.9998713731765747,Leeseo,[1.000],,[],,[],"[0.000, 0.000, 0.000, 0.000, 0.000, 1.000, 0.000, 0.000]"
343,13.72,13.76,Leeseo,0.9996542930603027,Leeseo,[1.000],,[],,[],"[0.000, 0.000, 0.000, 0.000, 0.000, 1.000, 0.000, 0.000]"
344,13.76,13.8,Leeseo,0.999060332775116,Leeseo,[0.999],,[],,[],"[0.000, 0.000, 0.000, 0.000, 0.000, 0.999, 0.000, 0.000]"
345,13.8,13.84,Leeseo,0.9974381923675537,Leeseo,[0.997],,[],,[],"[0.000, 0.000, 0.000, 0.000, 0.000, 0.997, 0.000, 0.000]"
346,13.84,13.88,Leeseo,0.9930618405342102,Leeseo,[0.993],,[],,[],"[0.000, 0.000, 0.000, 0.000, 0.000, 0.993, 0.000, 0.000]"
347,13.88,13.92,Leeseo,0.9815435409545898,Leeseo,[0.982],,[],,[],"[0.000, 0.000, 0.000, 0.000, 0.000, 0.982, 0.000, 0.000]"
348,13.92,13.96,Leeseo,0.9526482224464417,Leeseo,[0.953],,[],,[],"[0.000, 0.000, 0.000, 0.000, 0.000, 0.953, 0.000, 0.000]"
349,13.96,14.0,Leeseo,0.886451005935669,Leeseo,[0.886],,[],,[],"[0.000, 0.000, 0.000, 0.000, 0.000, 0.886, 0.000, 0.000]"
350,14.0,14.04,Leeseo,0.757617712020874,Leeseo,[0.758],,[],,[],"[0.000, 0.000, 0.000, 0.000, 0.000, 0.758, 0.000, 0.000]"
351,14.04,14.08,Leeseo,0.5649685859680176,Leeseo,[0.565],,[],,[],"[0.000, 0.000, 0.000, 0.000, 0.000, 0.565, 0.000, 0.000]"
352,14.08,14.12,silence,4.397084401501581e-15,,[],,[],,[],"[0.000, 0.000, 0.000, 0.000, 0.000, 0.360, 0.000, 0.000]"
353,14.12,14.16,silence,5.067640151777816e-15,,[],,[],,[],"[0.000, 0.000, 0.000, 0.000, 0.000, 0.203, 0.000, 0.000]"
354,14.16,14.2,silence,5.598271564881798e-15,,[],,[],,[],"[0.000, 0.000, 0.000, 0.000, 0.000, 0.108, 0.000, 0.000]"
355,14.2,14.24,silence,5.8919459345078626e-15,,[],,[],,[],"[0.000, 0.000, 0.001, 0.000, 0.000, 0.057, 0.000, 0.000]"
356,14.24,14.28,silence,5.8850273693946895e-15,,[],,[],,[],"[0.000, 0.000, 0.004, 0.000, 0.000, 0.031, 0.000, 0.000]"
357,14.28,14.32,silence,5.5691111851231476e-15,,[],,[],,[],"[0.000, 0.000, 0.015, 0.000, 0.000, 0.017, 0.000, 0.000]"
358,14.32,14.36,silence,4.9782938459520115e-15,,[],,[],,[],"[0.000, 0.000, 0.056, 0.000, 0.000, 0.010, 0.000, 0.000]"
359,14.36,14.4,silence,4.195711212137817e-15,,[],,[],,[],"[0.000, 0.000, 0.177, 0.000, 0.000, 0.007, 0.000, 0.000]"
360,14.4,14.44,silence,3.3380001440339556e-15,,[],,[],,[],"[0.000, 0.000, 0.421, 0.000, 0.000, 0.004, 0.000, 0.000]"
361,14.44,14.48,Rei,0.6977524161338806,Rei,[0.698],,[],,[],"[0.000, 0.000, 0.698, 0.000, 0.000, 0.003, 0.000, 0.000]"
362,14.48,14.52,Rei,0.8721895813941956,Rei,[0.872],Leeseo,"[0.056, 0.000, 0.000, 0.000, 0.000, 0.520, 0.000]",,[],"[0.000, 0.000, 0.872, 0.000, 0.000, 0.002, 0.000, 0.000]"
363,14.52,14.56,Rei,0.949524462223053,Rei,[0.950],Leeseo,"[0.093, 0.000, 0.000, 0.000, 0.000, 0.622, 0.000]",,[],"[0.000, 0.000, 0.950, 0.000, 0.000, 0.002, 0.000, 0.000]"
364,14.56,14.6,Rei,0.979745090007782,Rei,[0.980],Leeseo,"[0.146, 0.000, 0.000, 0.000, 0.000, 0.708, 0.000]",,[],"[0.000, 0.000, 0.980, 0.000, 0.000, 0.002, 0.000, 0.000]"
365,14.6,14.64,Rei,0.9914690852165222,Rei,[0.991],Leeseo,"[0.220, 0.000, 0.000, 0.000, 0.000, 0.777, 0.000]",,[],"[0.000, 0.000, 0.991, 0.000, 0.000, 0.001, 0.000, 0.000]"
366,14.64,14.68,Rei,0.9961972236633301,Rei,[0.996],Leeseo,"[0.314, 0.000, 0.000, 0.000, 0.000, 0.830, 0.000]",,[],"[0.000, 0.000, 0.996, 0.000, 0.000, 0.001, 0.000, 0.000]"
367,14.68,14.72,Rei,0.9982073307037354,Rei,[0.998],Leeseo,"[0.426, 0.000, 0.000, 0.000, 0.000, 0.869, 0.000]",,[],"[0.000, 0.000, 0.998, 0.000, 0.000, 0.001, 0.000, 0.000]"
368,14.72,14.76,Rei,0.9991090893745422,Rei,[0.999],Gaeul|Leeseo,"[0.544, 0.000, 0.000, 0.000, 0.000, 0.899, 0.000]",,[],"[0.000, 0.000, 0.999, 0.000, 0.000, 0.001, 0.000, 0.000]"
369,14.76,14.8,Rei,0.9995349645614624,Rei,[1.000],Gaeul|Leeseo,"[0.657, 0.000, 0.000, 0.000, 0.000, 0.920, 0.000]",,[],"[0.000, 0.000, 1.000, 0.000, 0.000, 0.001, 0.000, 0.000]"
370,14.8,14.84,Rei,0.9997453093528748,Rei,[1.000],Gaeul|Leeseo,"[0.753, 0.000, 0.000, 0.000, 0.000, 0.936, 0.000]",,[],"[0.000, 0.000, 1.000, 0.000, 0.000, 0.001, 0.000, 0.000]"
371,14.84,14.88,Rei,0.9998533725738525,Rei,[1.000],Gaeul|Leeseo,"[0.829, 0.000, 0.000, 0.000, 0.000, 0.948, 0.000]",,[],"[0.000, 0.000, 1.000, 0.000, 0.000, 0.001, 0.000, 0.000]"
372,14.88,14.92,Rei,0.9999110698699951,Rei,[1.000],Gaeul|Leeseo,"[0.883, 0.000, 0.000, 0.000, 0.000, 0.957, 0.000]",,[],"[0.000, 0.000, 1.000, 0.000, 0.000, 0.001, 0.000, 0.000]"
373,14.92,14.96,Rei,0.9999430179595947,Rei,[1.000],Gaeul|Leeseo,"[0.921, 0.000, 0.000, 0.000, 0.000, 0.964, 0.000]",,[],"[0.000, 0.000, 1.000, 0.000, 0.000, 0.001, 0.000, 0.000]"
374,14.96,15.0,Rei,0.9999613761901855,Rei,[1.000],Gaeul|Leeseo,"[0.947, 0.000, 0.000, 0.000, 0.000, 0.968, 0.000]",,[],"[0.000, 0.000, 1.000, 0.000, 0.000, 0.001, 0.000, 0.000]"
375,15.0,15.04,Rei,0.9999723434448242,Rei,[1.000],Gaeul|Leeseo,"[0.963, 0.000, 0.000, 0.000, 0.000, 0.972, 0.000]",,[],"[0.000, 0.000, 1.000, 0.000, 0.000, 0.001, 0.000, 0.000]"
376,15.04,15.08,Rei,0.9999790191650391,Rei,[1.000],Gaeul|Leeseo,"[0.974, 0.000, 0.000, 0.000, 0.000, 0.974, 0.000]",,[],"[0.000, 0.000, 1.000, 0.000, 0.000, 0.001, 0.000, 0.000]"
377,15.08,15.12,Rei,0.9999831914901733,Rei,[1.000],Gaeul|Leeseo,"[0.981, 0.000, 0.000, 0.000, 0.000, 0.976, 0.000]",,[],"[0.000, 0.000, 1.000, 0.000, 0.000, 0.001, 0.000, 0.000]"
378,15.12,15.16,Rei,0.999985933303833,Rei,[1.000],Gaeul|Leeseo,"[0.986, 0.000, 0.000, 0.000, 0.000, 0.977, 0.000]",,[],"[0.000, 0.000, 1.000, 0.000, 0.000, 0.001, 0.000, 0.000]"
379,15.16,15.2,Rei,0.9999876022338867,Rei,[1.000],Gaeul|Leeseo,"[0.989, 0.000, 0.000, 0.000, 0.000, 0.977, 0.000]",,[],"[0.000, 0.000, 1.000, 0.000, 0.000, 0.001, 0.000, 0.000]"
380,15.2,15.24,Rei,0.9999886751174927,Rei,[1.000],Gaeul|Leeseo,"[0.991, 0.000, 0.000, 0.000, 0.000, 0.976, 0.000]",,[],"[0.000, 0.000, 1.000, 0.000, 0.000, 0.001, 0.000, 0.000]"
381,15.24,15.28,Rei,0.9999891519546509,Rei,[1.000],Gaeul|Leeseo,"[0.992, 0.000, 0.000, 0.000, 0.000, 0.974, 0.000]",,[],"[0.000, 0.000, 1.000, 0.000, 0.000, 0.001, 0.000, 0.000]"
382,15.28,15.32,Rei,0.99998939037323,Rei,[1.000],Gaeul|Leeseo,"[0.993, 0.000, 0.000, 0.000, 0.000, 0.970, 0.000]",,[],"[0.000, 0.000, 1.000, 0.000, 0.000, 0.001, 0.000, 0.000]"
383,15.32,15.36,Rei,0.9999891519546509,Rei,[1.000],Gaeul|Leeseo,"[0.993, 0.000, 0.000, 0.000, 0.000, 0.964, 0.000]",,[],"[0.000, 0.000, 1.000, 0.000, 0.000, 0.001, 0.000, 0.000]"
384,15.36,15.4,Rei,0.9999887943267822,Rei,[1.000],Gaeul|Leeseo,"[0.993, 0.000, 0.000, 0.000, 0.000, 0.955, 0.000]",,[],"[0.000, 0.000, 1.000, 0.000, 0.000, 0.001, 0.000, 0.000]"
385,15.4,15.44,Rei,0.9999880790710449,Rei,[1.000],Gaeul|Leeseo,"[0.993, 0.000, 0.000, 0.000, 0.000, 0.941, 0.000]",,[],"[0.000, 0.000, 1.000, 0.000, 0.000, 0.001, 0.000, 0.000]"
386,15.44,15.48,Rei,0.9999872446060181,Rei,[1.000],Gaeul|Leeseo,"[0.993, 0.000, 0.000, 0.000, 0.000, 0.919, 0.000]",,[],"[0.000, 0.000, 1.000, 0.000, 0.000, 0.001, 0.000, 0.000]"
387,15.48,15.52,Rei,0.9999861717224121,Rei,[1.000],Gaeul|Leeseo,"[0.992, 0.000, 0.000, 0.000, 0.000, 0.884, 0.000]",,[],"[0.000, 0.000, 1.000, 0.000, 0.000, 0.001, 0.000, 0.000]"
388,15.52,15.56,Rei,0.999984860420227,Rei,[1.000],Gaeul|Leeseo,"[0.990, 0.000, 0.000, 0.000, 0.000, 0.830, 0.000]",,[],"[0.000, 0.000, 1.000, 0.000, 0.000, 0.000, 0.000, 0.000]"
389,15.56,15.6,Rei,0.9999833106994629,Rei,[1.000],Gaeul|Leeseo,"[0.988, 0.000, 0.000, 0.000, 0.000, 0.747, 0.000]",,[],"[0.000, 0.000, 1.000, 0.000, 0.000, 0.000, 0.000, 0.000]"
390,15.6,15.64,Rei,0.9999812841415405,Rei,[1.000],Gaeul|Leeseo,"[0.985, 0.000, 0.000, 0.000, 0.000, 0.628, 0.000]",,[],"[0.000, 0.000, 1.000, 0.000, 0.000, 0.000, 0.000, 0.000]"
391,15.64,15.68,Rei,0.9999786615371704,Rei,[1.000],Gaeul|Leeseo,"[0.981, 0.000, 0.000, 0.000, 0.000, 0.481, 0.000]",,[],"[0.000, 0.000, 1.000, 0.000, 0.000, 0.000, 0.000, 0.000]"
392,15.68,15.72,Rei,0.9999750852584839,Rei,[1.000],Gaeul,"[0.974, 0.000, 0.000, 0.000, 0.000, 0.327, 0.000]",,[],"[0.000, 0.000, 1.000, 0.000, 0.000, 0.000, 0.001, 0.000]"
393,15.72,15.76,Rei,0.9999699592590332,Rei,[1.000],Gaeul,"[0.966, 0.000, 0.000, 0.000, 0.000, 0.197, 0.000]",,[],"[0.000, 0.000, 1.000, 0.000, 0.000, 0.000, 0.001, 0.000]"
394,15.76,15.8,Rei,0.999962329864502,Rei,[1.000],Gaeul,"[0.953, 0.000, 0.000, 0.000, 0.000, 0.107, 0.000]",,[],"[0.000, 0.000, 1.000, 0.000, 0.000, 0.001, 0.001, 0.000]"
395,15.8,15.84,Rei,0.9999505281448364,Rei,[1.000],Gaeul,"[0.936, 0.000, 0.000, 0.000, 0.000, 0.053, 0.000]",,[],"[0.000, 0.000, 1.000, 0.000, 0.000, 0.001, 0.001, 0.000]"
396,15.84,15.88,Rei,0.9999316930770874,Rei,[1.000],Gaeul,"[0.914, 0.000, 0.000, 0.000, 0.000, 0.025, 0.000]",,[],"[0.000, 0.000, 1.000, 0.000, 0.000, 0.001, 0.001, 0.000]"
397,15.88,15.92,Rei,0.9999005794525146,Rei,[1.000],Gaeul,"[0.885, 0.000, 0.000, 0.000, 0.000, 0.012, 0.000]",,[],"[0.000, 0.000, 1.000, 0.000, 0.000, 0.001, 0.001, 0.000]"
398,15.92,15.96,Rei,0.9998469352722168,Rei,[1.000],Gaeul,"[0.850, 0.000, 0.000, 0.000, 0.000, 0.005, 0.000]",,[],"[0.000, 0.000, 1.000, 0.000, 0.000, 0.002, 0.002, 0.000]"
399,15.96,16.0,Rei,0.9997513890266418,Rei,[1.000],Gaeul,"[0.811, 0.000, 0.000, 0.000, 0.000, 0.002, 0.000]",,[],"[0.000, 0.000, 1.000, 0.000, 0.000, 0.003, 0.002, 0.000]"
400,16.0,16.04,Rei,0.9995731711387634,Rei,[1.000],Gaeul,"[0.769, 0.000, 0.000, 0.000, 0.000, 0.001, 0.000]",,[],"[0.000, 0.000, 1.000, 0.000, 0.000, 0.004, 0.002, 0.000]"
401,16.04,16.08,Rei,0.9992278814315796,Rei,[0.999],Gaeul,"[0.726, 0.000, 0.000, 0.000, 0.000, 0.000, 0.000]",,[],"[0.000, 0.000, 0.999, 0.000, 0.000, 0.007, 0.003, 0.000]"
402,16.08,16.12,Rei,0.9985376596450806,Rei,[0.999],Gaeul,"[0.685, 0.000, 0.000, 0.000, 0.000, 0.000, 0.000]",,[],"[0.000, 0.000, 0.999, 0.000, 0.000, 0.013, 0.003, 0.000]"
403,16.12,16.16,Rei,0.9971269965171814,Rei,[0.997],Gaeul,"[0.648, 0.000, 0.000, 0.000, 0.000, 0.000, 0.000]",,[],"[0.000, 0.000, 0.997, 0.000, 0.000, 0.024, 0.004, 0.000]"
404,16.16,16.2,Rei,0.9942018389701843,Rei,[0.994],Gaeul,"[0.617, 0.000, 0.000, 0.000, 0.000, 0.000, 0.000]",,[],"[0.000, 0.000, 0.994, 0.000, 0.000, 0.044, 0.005, 0.000]"
405,16.2,16.24,Rei,0.9881198406219482,Rei,[0.988],Gaeul,"[0.593, 0.000, 0.000, 0.000, 0.000, 0.000, 0.000]",,[],"[0.000, 0.000, 0.988, 0.000, 0.000, 0.083, 0.006, 0.000]"
406,16.24,16.28,Rei,0.9756256937980652,Rei,[0.976],Gaeul,"[0.576, 0.000, 0.000, 0.000, 0.000, 0.000, 0.000]",,[],"[0.000, 0.000, 0.976, 0.000, 0.000, 0.150, 0.007, 0.000]"
407,16.28,16.32,Rei,0.9507937431335449,Rei,[0.951],Gaeul,"[0.568, 0.000, 0.000, 0.000, 0.000, 0.000, 0.000]",,[],"[0.000, 0.000, 0.951, 0.000, 0.000, 0.255, 0.009, 0.000]"
408,16.32,16.36,Rei,0.9042877554893494,Rei,[0.904],Gaeul,"[0.567, 0.000, 0.000, 0.000, 0.000, 0.000, 0.000]",,[],"[0.000, 0.000, 0.904, 0.000, 0.000, 0.396, 0.010, 0.000]"
409,16.36,16.4,Rei,0.8252377510070801,Rei|Leeseo,"[0.825, 0.550]",Gaeul,"[0.573, 0.000, 0.000, 0.000, 0.000, 0.000, 0.000]",,[],"[0.000, 0.000, 0.825, 0.000, 0.000, 0.550, 0.012, 0.000]"
410,16.4,16.44,Rei,0.7089511752128601,Rei|Leeseo,"[0.709, 0.687]",Gaeul,"[0.586, 0.000, 0.000, 0.000, 0.000, 0.000, 0.000]",,[],"[0.000, 0.000, 0.709, 0.000, 0.000, 0.687, 0.014, 0.000]"
411,16.44,16.48,Leeseo,0.7898910045623779,Rei|Leeseo,"[0.567, 0.790]",Gaeul,"[0.604, 0.000, 0.000, 0.000, 0.000, 0.000, 0.000]",,[],"[0.000, 0.000, 0.567, 0.000, 0.000, 0.790, 0.015, 0.000]"
412,16.48,16.52,Leeseo,0.8583329319953918,Leeseo,[0.858],Gaeul,"[0.626, 0.000, 0.000, 0.000, 0.000, 0.000, 0.000]",,[],"[0.000, 0.000, 0.425, 0.000, 0.000, 0.858, 0.017, 0.000]"
413,16.52,16.56,Leeseo,0.9011355042457581,Leeseo,[0.901],Gaeul,"[0.651, 0.000, 0.000, 0.000, 0.000, 0.000, 0.000]",,[],"[0.000, 0.000, 0.308, 0.000, 0.000, 0.901, 0.018, 0.000]"
414,16.56,16.6,Leeseo,0.9269648194313049,Leeseo,[0.927],Gaeul,"[0.679, 0.000, 0.000, 0.000, 0.000, 0.000, 0.000]",,[],"[0.000, 0.000, 0.223, 0.000, 0.000, 0.927, 0.019, 0.000]"
415,16.6,16.64,Leeseo,0.9420375823974609,Leeseo,[0.942],Gaeul,"[0.708, 0.000, 0.000, 0.000, 0.000, 0.000, 0.000]",,[],"[0.000, 0.000, 0.167, 0.000, 0.000, 0.942, 0.019, 0.000]"
416,16.64,16.68,Leeseo,0.9501050710678101,Leeseo,[0.950],Gaeul,"[0.737, 0.000, 0.000, 0.000, 0.000, 0.000, 0.000]",,[],"[0.000, 0.000, 0.133, 0.000, 0.000, 0.950, 0.019, 0.000]"
417,16.68,16.72,Leeseo,0.9531636238098145,Leeseo,[0.953],Gaeul,"[0.767, 0.000, 0.000, 0.000, 0.000, 0.000, 0.000]",,[],"[0.000, 0.000, 0.114, 0.000, 0.000, 0.953, 0.018, 0.000]"
418,16.72,16.76,Leeseo,0.9519468545913696,Leeseo,[0.952],Gaeul,"[0.795, 0.000, 0.000, 0.000, 0.000, 0.000, 0.000]",,[],"[0.000, 0.000, 0.107, 0.000, 0.000, 0.952, 0.017, 0.000]"
419,16.76,16.8,Leeseo,0.9461740851402283,Leeseo,[0.946],Gaeul,"[0.821, 0.000, 0.000, 0.000, 0.000, 0.000, 0.000]",,[],"[0.000, 0.000, 0.110, 0.000, 0.000, 0.946, 0.016, 0.000]"
420,16.8,16.84,Leeseo,0.9344372749328613,Leeseo,[0.934],Gaeul,"[0.845, 0.000, 0.000, 0.000, 0.000, 0.000, 0.000]",,[],"[0.000, 0.000, 0.124, 0.000, 0.000, 0.934, 0.014, 0.000]"
421,16.84,16.88,Leeseo,0.9137036204338074,Leeseo,[0.914],Gaeul,"[0.866, 0.000, 0.000, 0.000, 0.000, 0.000, 0.000]",,[],"[0.000, 0.000, 0.153, 0.000, 0.000, 0.914, 0.013, 0.000]"
422,16.88,16.92,Leeseo,0.8784785270690918,Leeseo,[0.878],Gaeul,"[0.883, 0.000, 0.000, 0.000, 0.000, 0.000, 0.000]",,[],"[0.000, 0.000, 0.202, 0.000, 0.000, 0.878, 0.011, 0.000]"
423,16.92,16.96,Leeseo,0.8201149702072144,Leeseo,[0.820],Gaeul,"[0.897, 0.000, 0.000, 0.000, 0.000, 0.000, 0.000]",,[],"[0.000, 0.000, 0.282, 0.000, 0.000, 0.820, 0.009, 0.000]"
424,16.96,17.0,Leeseo,0.7276749610900879,Leeseo,[0.728],Gaeul,"[0.907, 0.000, 0.000, 0.000, 0.000, 0.000, 0.000]",,[],"[0.000, 0.000, 0.401, 0.000, 0.000, 0.728, 0.008, 0.000]"
425,17.0,17.04,Leeseo,0.594700038433075,Rei|Leeseo,"[0.555, 0.595]",Gaeul,"[0.915, 0.000, 0.000, 0.000, 0.000, 0.000, 0.000]",,[],"[0.000, 0.000, 0.555, 0.000, 0.000, 0.595, 0.006, 0.000]"
426,17.04,17.08,Rei,0.7146008014678955,Rei,[0.715],Gaeul,"[0.920, 0.000, 0.000, 0.000, 0.000, 0.000, 0.000]",,[],"[0.000, 0.000, 0.715, 0.000, 0.000, 0.433, 0.005, 0.000]"
427,17.08,17.12,Rei,0.8429719805717468,Rei,[0.843],Gaeul,"[0.922, 0.000, 0.000, 0.000, 0.000, 0.000, 0.000]",,[],"[0.000, 0.000, 0.843, 0.000, 0.000, 0.275, 0.004, 0.000]"
428,17.12,17.16,Rei,0.9236981272697449,Rei,[0.924],Gaeul,"[0.921, 0.000, 0.000, 0.000, 0.000, 0.000, 0.000]",,[],"[0.000, 0.000, 0.924, 0.000, 0.000, 0.154, 0.003, 0.000]"
429,17.16,17.2,Rei,0.9658396244049072,Rei,[0.966],Gaeul,"[0.916, 0.000, 0.000, 0.000, 0.000, 0.001, 0.000]",,[],"[0.000, 0.000, 0.966, 0.000, 0.000, 0.079, 0.003, 0.000]"
430,17.2,17.24,Rei,0.9853631258010864,Rei,[0.985],Gaeul,"[0.907, 0.000, 0.000, 0.000, 0.000, 0.002, 0.000]",,[],"[0.000, 0.000, 0.985, 0.000, 0.000, 0.038, 0.002, 0.000]"
431,17.24,17.28,Rei,0.9938342571258545,Rei,[0.994],Gaeul,"[0.892, 0.000, 0.000, 0.000, 0.000, 0.003, 0.000]",,[],"[0.000, 0.000, 0.994, 0.000, 0.000, 0.018, 0.002, 0.000]"
432,17.28,17.32,Rei,0.9973957538604736,Rei,[0.997],Gaeul,"[0.867, 0.000, 0.000, 0.000, 0.000, 0.006, 0.000]",,[],"[0.000, 0.000, 0.997, 0.000, 0.000, 0.009, 0.001, 0.000]"
433,17.32,17.36,Rei,0.9988802075386047,Rei,[0.999],Gaeul,"[0.828, 0.000, 0.000, 0.000, 0.000, 0.010, 0.000]",,[],"[0.000, 0.000, 0.999, 0.000, 0.000, 0.004, 0.001, 0.000]"
434,17.36,17.4,Rei,0.9995036125183105,Rei,[1.000],Gaeul,"[0.768, 0.000, 0.000, 0.000, 0.000, 0.017, 0.000]",,[],"[0.000, 0.000, 1.000, 0.000, 0.000, 0.002, 0.001, 0.000]"
435,17.4,17.44,Rei,0.9997707009315491,Rei,[1.000],Gaeul,"[0.679, 0.000, 0.000, 0.000, 0.000, 0.027, 0.000]",,[],"[0.000, 0.000, 1.000, 0.000, 0.000, 0.001, 0.001, 0.000]"
436,17.44,17.48,Rei,0.99988853931427,Rei,[1.000],Gaeul,"[0.559, 0.000, 0.000, 0.000, 0.000, 0.039, 0.000]",,[],"[0.000, 0.000, 1.000, 0.000, 0.000, 0.001, 0.001, 0.000]"
437,17.48,17.52,Rei,0.999942421913147,Rei,[1.000],,[],,[],"[0.000, 0.000, 1.000, 0.000, 0.000, 0.000, 0.000, 0.000]"
438,17.52,17.56,Rei,0.9999682903289795,Rei,[1.000],,[],,[],"[0.000, 0.000, 1.000, 0.000, 0.000, 0.000, 0.000, 0.000]"
439,17.56,17.6,Rei,0.9999814033508301,Rei,[1.000],,[],,[],"[0.000, 0.000, 1.000, 0.000, 0.000, 0.000, 0.000, 0.000]"
440,17.6,17.64,Rei,0.999988317489624,Rei,[1.000],,[],,[],"[0.000, 0.000, 1.000, 0.000, 0.000, 0.000, 0.000, 0.000]"
441,17.64,17.68,Rei,0.9999921321868896,Rei,[1.000],,[],,[],"[0.000, 0.000, 1.000, 0.000, 0.000, 0.000, 0.000, 0.000]"
442,17.68,17.72,Rei,0.9999942779541016,Rei,[1.000],,[],,[],"[0.000, 0.000, 1.000, 0.000, 0.000, 0.000, 0.000, 0.000]"
443,17.72,17.76,Rei,0.9999957084655762,Rei,[1.000],,[],,[],"[0.000, 0.000, 1.000, 0.000, 0.000, 0.000, 0.000, 0.000]"
444,17.76,17.8,Rei,0.999996542930603,Rei,[1.000],,[],,[],"[0.000, 0.000, 1.000, 0.000, 0.000, 0.000, 0.000, 0.000]"
445,17.8,17.84,Rei,0.9999971389770508,Rei,[1.000],,[],,[],"[0.000, 0.000, 1.000, 0.000, 0.000, 0.000, 0.000, 0.000]"
446,17.84,17.88,Rei,0.9999974966049194,Rei,[1.000],,[],,[],"[0.000, 0.000, 1.000, 0.000, 0.000, 0.000, 0.000, 0.000]"
447,17.88,17.92,Rei,0.9999977350234985,Rei,[1.000],,[],,[],"[0.000, 0.000, 1.000, 0.000, 0.000, 0.000, 0.000, 0.000]"
448,17.92,17.96,Rei,0.9999978542327881,Rei,[1.000],,[],,[],"[0.000, 0.000, 1.000, 0.000, 0.000, 0.000, 0.000, 0.000]"
449,17.96,18.0,Rei,0.9999979734420776,Rei,[1.000],,[],,[],"[0.000, 0.000, 1.000, 0.000, 0.000, 0.000, 0.000, 0.000]"
450,18.0,18.04,Rei,0.9999980926513672,Rei,[1.000],,[],,[],"[0.000, 0.000, 1.000, 0.000, 0.000, 0.000, 0.000, 0.000]"
451,18.04,18.08,Rei,0.9999980926513672,Rei,[1.000],,[],,[],"[0.000, 0.000, 1.000, 0.000, 0.000, 0.000, 0.000, 0.000]"
452,18.08,18.12,Rei,0.9999982118606567,Rei,[1.000],,[],,[],"[0.000, 0.000, 1.000, 0.000, 0.000, 0.000, 0.000, 0.000]"
453,18.12,18.16,Rei,0.9999982118606567,Rei,[1.000],,[],,[],"[0.000, 0.000, 1.000, 0.000, 0.000, 0.000, 0.000, 0.000]"
454,18.16,18.2,Rei,0.9999982118606567,Rei,[1.000],,[],,[],"[0.000, 0.000, 1.000, 0.000, 0.000, 0.000, 0.000, 0.000]"
455,18.2,18.24,Rei,0.9999982118606567,Rei,[1.000],,[],,[],"[0.000, 0.000, 1.000, 0.000, 0.000, 0.000, 0.000, 0.000]"
456,18.24,18.28,Rei,0.9999982118606567,Rei,[1.000],,[],,[],"[0.000, 0.000, 1.000, 0.000, 0.000, 0.000, 0.000, 0.000]"
457,18.28,18.32,Rei,0.9999982118606567,Rei,[1.000],,[],,[],"[0.000, 0.000, 1.000, 0.000, 0.000, 0.000, 0.000, 0.000]"
458,18.32,18.36,Rei,0.9999982118606567,Rei,[1.000],,[],,[],"[0.000, 0.000, 1.000, 0.000, 0.000, 0.000, 0.000, 0.000]"
459,18.36,18.4,Rei,0.9999982118606567,Rei,[1.000],,[],,[],"[0.000, 0.000, 1.000, 0.000, 0.000, 0.000, 0.000, 0.000]"
460,18.4,18.44,Rei,0.9999982118606567,Rei,[1.000],,[],,[],"[0.000, 0.000, 1.000, 0.000, 0.000, 0.000, 0.000, 0.000]"
461,18.44,18.48,Rei,0.9999982118606567,Rei,[1.000],,[],,[],"[0.000, 0.000, 1.000, 0.000, 0.000, 0.000, 0.000, 0.000]"
462,18.48,18.52,Rei,0.9999980926513672,Rei,[1.000],,[],,[],"[0.000, 0.000, 1.000, 0.000, 0.000, 0.000, 0.000, 0.000]"
463,18.52,18.56,Rei,0.9999980926513672,Rei,[1.000],,[],,[],"[0.000, 0.000, 1.000, 0.000, 0.000, 0.000, 0.000, 0.000]"
464,18.56,18.6,Rei,0.9999979734420776,Rei,[1.000],,[],,[],"[0.000, 0.000, 1.000, 0.000, 0.000, 0.000, 0.000, 0.000]"
465,18.6,18.64,Rei,0.9999978542327881,Rei,[1.000],,[],,[],"[0.000, 0.000, 1.000, 0.000, 0.000, 0.000, 0.000, 0.000]"
466,18.64,18.68,Rei,0.9999977350234985,Rei,[1.000],,[],,[],"[0.000, 0.000, 1.000, 0.000, 0.000, 0.000, 0.000, 0.000]"
467,18.68,18.72,Rei,0.999997615814209,Rei,[1.000],,[],,[],"[0.000, 0.000, 1.000, 0.000, 0.000, 0.000, 0.000, 0.000]"
468,18.72,18.76,Rei,0.9999972581863403,Rei,[1.000],,[],,[],"[0.000, 0.000, 1.000, 0.000, 0.000, 0.000, 0.000, 0.000]"
469,18.76,18.8,Rei,0.9999967813491821,Rei,[1.000],,[],,[],"[0.000, 0.000, 1.000, 0.000, 0.000, 0.000, 0.000, 0.000]"
470,18.8,18.84,Rei,0.9999959468841553,Rei,[1.000],,[],,[],"[0.000, 0.000, 1.000, 0.000, 0.000, 0.000, 0.000, 0.000]"
471,18.84,18.88,Rei,0.9999946355819702,Rei,[1.000],,[],,[],"[0.000, 0.000, 1.000, 0.000, 0.000, 0.000, 0.000, 0.000]"
472,18.88,18.92,Rei,0.9999926090240479,Rei,[1.000],,[],,[],"[0.000, 0.000, 1.000, 0.000, 0.000, 0.000, 0.000, 0.000]"
473,18.92,18.96,Rei,0.9999891519546509,Rei,[1.000],,[],,[],"[0.000, 0.000, 1.000, 0.000, 0.000, 0.000, 0.000, 0.000]"
474,18.96,19.0,Rei,0.9999830722808838,Rei,[1.000],,[],,[],"[0.000, 0.000, 1.000, 0.000, 0.000, 0.000, 0.000, 0.000]"
475,19.0,19.04,Rei,0.999971866607666,Rei,[1.000],,[],,[],"[0.000, 0.000, 1.000, 0.000, 0.000, 0.000, 0.000, 0.000]"
476,19.04,19.08,Rei,0.9999501705169678,Rei,[1.000],,[],,[],"[0.000, 0.000, 1.000, 0.000, 0.000, 0.000, 0.000, 0.000]"
477,19.08,19.12,Rei,0.9999066591262817,Rei,[1.000],,[],,[],"[0.000, 0.000, 1.000, 0.000, 0.000, 0.000, 0.000, 0.000]"
478,19.12,19.16,Rei,0.9998160004615784,Rei,[1.000],,[],,[],"[0.000, 0.000, 1.000, 0.000, 0.000, 0.000, 0.000, 0.000]"
479,19.16,19.2,Rei,0.9996210336685181,Rei,[1.000],,[],,[],"[0.000, 0.000, 1.000, 0.000, 0.000, 0.001, 0.000, 0.000]"
480,19.2,19.24,Rei,0.9991912245750427,Rei,[0.999],,[],,[],"[0.000, 0.000, 0.999, 0.000, 0.000, 0.002, 0.000, 0.000]"
481,19.24,19.28,Rei,0.9982276558876038,Rei,[0.998],,[],,[],"[0.000, 0.000, 0.998, 0.000, 0.000, 0.004, 0.000, 0.000]"
482,19.28,19.32,Rei,0.9960464835166931,Rei,[0.996],,[],,[],"[0.000, 0.000, 0.996, 0.000, 0.000, 0.011, 0.000, 0.000]"
483,19.32,19.36,Rei,0.9911035299301147,Rei,[0.991],,[],,[],"[0.000, 0.000, 0.991, 0.000, 0.000, 0.026, 0.000, 0.000]"
484,19.36,19.4,Rei,0.9799929261207581,Rei,[0.980],,[],,[],"[0.000, 0.000, 0.980, 0.000, 0.000, 0.065, 0.000, 0.000]"
485,19.4,19.44,Rei,0.9556080102920532,Rei,[0.956],,[],,[],"[0.000, 0.000, 0.956, 0.000, 0.000, 0.150, 0.000, 0.000]"
486,19.44,19.48,Rei,0.9049385190010071,Rei,[0.905],,[],,[],"[0.000, 0.000, 0.905, 0.000, 0.000, 0.309, 0.000, 0.000]"
487,19.48,19.52,Rei,0.8100893497467041,Rei|Leeseo,"[0.810, 0.527]",,[],,[],"[0.000, 0.000, 0.810, 0.000, 0.000, 0.527, 0.000, 0.000]"
488,19.52,19.56,Leeseo,0.7311074137687683,Rei|Leeseo,"[0.661, 0.731]",,[],,[],"[0.000, 0.000, 0.661, 0.000, 0.000, 0.731, 0.000, 0.000]"
489,19.56,19.6,Leeseo,0.8654435873031616,Leeseo,[0.865],,[],,[],"[0.000, 0.000, 0.477, 0.000, 0.000, 0.865, 0.000, 0.000]"
490,19.6,19.64,Leeseo,0.936226487159729,Leeseo,[0.936],,[],,[],"[0.000, 0.000, 0.305, 0.000, 0.000, 0.936, 0.000, 0.000]"
491,19.64,19.68,Leeseo,0.9698135852813721,Leeseo,[0.970],,[],,[],"[0.000, 0.000, 0.179, 0.000, 0.000, 0.970, 0.000, 0.000]"
492,19.68,19.72,Leeseo,0.985312283039093,Leeseo,[0.985],,[],,[],"[0.000, 0.000, 0.101, 0.000, 0.000, 0.985, 0.000, 0.000]"
493,19.72,19.76,Leeseo,0.9925427436828613,Leeseo,[0.993],,[],,[],"[0.000, 0.000, 0.056, 0.000, 0.000, 0.993, 0.000, 0.000]"
494,19.76,19.8,Leeseo,0.9960212111473083,Leeseo,[0.996],,[],,[],"[0.000, 0.000, 0.032, 0.000, 0.000, 0.996, 0.000, 0.000]"
495,19.8,19.84,Leeseo,0.9977607727050781,Leeseo,[0.998],,[],,[],"[0.000, 0.000, 0.018, 0.000, 0.000, 0.998, 0.000, 0.000]"
496,19.84,19.88,Leeseo,0.9986690282821655,Leeseo,[0.999],,[],,[],"[0.000, 0.000, 0.011, 0.000, 0.000, 0.999, 0.000, 0.000]"
497,19.88,19.92,Leeseo,0.9991648197174072,Leeseo,[0.999],,[],,[],"[0.000, 0.000, 0.007, 0.000, 0.000, 0.999, 0.000, 0.000]"
498,19.92,19.96,Leeseo,0.9994469285011292,Leeseo,[0.999],,[],,[],"[0.000, 0.000, 0.004, 0.000, 0.000, 0.999, 0.000, 0.000]"
499,19.96,20.0,Leeseo,0.9996138215065002,Leeseo,[1.000],,[],,[],"[0.000, 0.000, 0.003, 0.000, 0.000, 1.000, 0.000, 0.000]"
500,20.0,20.04,Leeseo,0.9997156262397766,Leeseo,[1.000],,[],,[],"[0.000, 0.000, 0.002, 0.000, 0.000, 1.000, 0.000, 0.000]"
501,20.04,20.08,Leeseo,0.9997802376747131,Leeseo,[1.000],,[],,[],"[0.000, 0.000, 0.001, 0.000, 0.000, 1.000, 0.000, 0.000]"
502,20.08,20.12,Leeseo,0.9998225569725037,Leeseo,[1.000],,[],,[],"[0.000, 0.000, 0.001, 0.000, 0.000, 1.000, 0.000, 0.000]"
503,20.12,20.16,Leeseo,0.9998513460159302,Leeseo,[1.000],,[],,[],"[0.000, 0.000, 0.001, 0.000, 0.000, 1.000, 0.000, 0.000]"
504,20.16,20.2,Leeseo,0.9998717308044434,Leeseo,[1.000],,[],,[],"[0.000, 0.000, 0.000, 0.000, 0.000, 1.000, 0.000, 0.000]"
505,20.2,20.24,Leeseo,0.9998867511749268,Leeseo,[1.000],,[],,[],"[0.000, 0.000, 0.000, 0.000, 0.000, 1.000, 0.000, 0.000]"
506,20.24,20.28,Leeseo,0.9998981952667236,Leeseo,[1.000],,[],,[],"[0.000, 0.000, 0.000, 0.000, 0.000, 1.000, 0.000, 0.000]"
507,20.28,20.32,Leeseo,0.999907374382019,Leeseo,[1.000],,[],,[],"[0.000, 0.000, 0.000, 0.000, 0.000, 1.000, 0.000, 0.000]"
508,20.32,20.36,Leeseo,0.9999151229858398,Leeseo,[1.000],,[],,[],"[0.000, 0.000, 0.000, 0.000, 0.000, 1.000, 0.000, 0.000]"
509,20.36,20.4,Leeseo,0.9999220371246338,Leeseo,[1.000],,[],,[],"[0.000, 0.000, 0.000, 0.000, 0.000, 1.000, 0.000, 0.000]"
510,20.4,20.44,Leeseo,0.99992835521698,Leeseo,[1.000],,[],,[],"[0.000, 0.000, 0.000, 0.000, 0.000, 1.000, 0.000, 0.000]"
511,20.44,20.48,Leeseo,0.9999344348907471,Leeseo,[1.000],,[],,[],"[0.000, 0.000, 0.000, 0.000, 0.000, 1.000, 0.000, 0.000]"
512,20.48,20.52,Leeseo,0.9999405145645142,Leeseo,[1.000],,[],,[],"[0.000, 0.000, 0.000, 0.000, 0.000, 1.000, 0.000, 0.000]"
513,20.52,20.56,Leeseo,0.9999462366104126,Leeseo,[1.000],,[],,[],"[0.000, 0.000, 0.000, 0.000, 0.000, 1.000, 0.000, 0.000]"
514,20.56,20.6,Leeseo,0.9999516010284424,Leeseo,[1.000],,[],,[],"[0.000, 0.000, 0.000, 0.000, 0.000, 1.000, 0.000, 0.000]"
515,20.6,20.64,Leeseo,0.9999566078186035,Leeseo,[1.000],,[],,[],"[0.000, 0.000, 0.000, 0.000, 0.000, 1.000, 0.000, 0.000]"
516,20.64,20.68,Leeseo,0.9999610185623169,Leeseo,[1.000],,[],,[],"[0.000, 0.000, 0.000, 0.000, 0.000, 1.000, 0.000, 0.000]"
517,20.68,20.72,Leeseo,0.9999649524688721,Leeseo,[1.000],,[],,[],"[0.000, 0.000, 0.000, 0.000, 0.000, 1.000, 0.000, 0.000]"
518,20.72,20.76,Leeseo,0.999968409538269,Leeseo,[1.000],,[],,[],"[0.000, 0.000, 0.000, 0.000, 0.000, 1.000, 0.000, 0.000]"
519,20.76,20.8,Leeseo,0.9999715089797974,Leeseo,[1.000],,[],,[],"[0.000, 0.000, 0.000, 0.000, 0.000, 1.000, 0.000, 0.000]"
520,20.8,20.84,Leeseo,0.9999741315841675,Leeseo,[1.000],,[],,[],"[0.000, 0.000, 0.000, 0.000, 0.000, 1.000, 0.000, 0.000]"
521,20.84,20.88,Leeseo,0.999976634979248,Leeseo,[1.000],,[],,[],"[0.000, 0.000, 0.000, 0.000, 0.000, 1.000, 0.000, 0.000]"
522,20.88,20.92,Leeseo,0.9999786615371704,Leeseo,[1.000],,[],,[],"[0.000, 0.000, 0.000, 0.000, 0.000, 1.000, 0.000, 0.000]"
523,20.92,20.96,Leeseo,0.9999805688858032,Leeseo,[1.000],,[],,[],"[0.000, 0.000, 0.000, 0.000, 0.000, 1.000, 0.000, 0.000]"
524,20.96,21.0,Leeseo,0.9999819993972778,Leeseo,[1.000],,[],,[],"[0.000, 0.000, 0.000, 0.000, 0.000, 1.000, 0.000, 0.000]"
525,21.0,21.04,Leeseo,0.9999833106994629,Leeseo,[1.000],,[],,[],"[0.000, 0.000, 0.000, 0.000, 0.000, 1.000, 0.000, 0.000]"
526,21.04,21.08,Leeseo,0.9999843835830688,Leeseo,[1.000],,[],,[],"[0.000, 0.000, 0.000, 0.000, 0.000, 1.000, 0.000, 0.000]"
527,21.08,21.12,Leeseo,0.9999853372573853,Leeseo,[1.000],,[],,[],"[0.000, 0.000, 0.000, 0.000, 0.000, 1.000, 0.000, 0.000]"
528,21.12,21.16,Leeseo,0.9999862909317017,Leeseo,[1.000],,[],,[],"[0.000, 0.000, 0.000, 0.000, 0.000, 1.000, 0.000, 0.000]"
529,21.16,21.2,Leeseo,0.9999871253967285,Leeseo,[1.000],,[],,[],"[0.000, 0.000, 0.000, 0.000, 0.000, 1.000, 0.000, 0.000]"
530,21.2,21.24,Leeseo,0.9999880790710449,Leeseo,[1.000],,[],,[],"[0.000, 0.000, 0.000, 0.000, 0.000, 1.000, 0.000, 0.000]"
531,21.24,21.28,Leeseo,0.9999889135360718,Leeseo,[1.000],,[],,[],"[0.000, 0.000, 0.000, 0.000, 0.000, 1.000, 0.000, 0.000]"
532,21.28,21.32,Leeseo,0.9999896287918091,Leeseo,[1.000],,[],Liz,[0.628],"[0.000, 0.000, 0.000, 0.000, 0.000, 1.000, 0.000, 0.000]"
533,21.32,21.36,Leeseo,0.9999903440475464,Leeseo,[1.000],,[],Liz,[0.722],"[0.000, 0.000, 0.000, 0.000, 0.000, 1.000, 0.000, 0.000]"
534,21.36,21.4,Leeseo,0.9999910593032837,Leeseo,[1.000],,[],Liz,[0.790],"[0.000, 0.000, 0.000, 0.000, 0.000, 1.000, 0.000, 0.000]"
535,21.4,21.44,Leeseo,0.9999915361404419,Leeseo,[1.000],,[],Liz,[0.837],"[0.000, 0.000, 0.000, 0.000, 0.000, 1.000, 0.000, 0.000]"
536,21.44,21.48,Leeseo,0.9999920129776001,Leeseo,[1.000],,[],Liz,[0.868],"[0.000, 0.000, 0.000, 0.000, 0.000, 1.000, 0.000, 0.000]"
537,21.48,21.52,Leeseo,0.9999923706054688,Leeseo,[1.000],,[],Liz,[0.887],"[0.000, 0.000, 0.000, 0.000, 0.000, 1.000, 0.000, 0.000]"
538,21.52,21.56,Leeseo,0.9999927282333374,Leeseo,[1.000],,[],Liz,[0.898],"[0.000, 0.000, 0.000, 0.000, 0.000, 1.000, 0.000, 0.000]"
539,21.56,21.6,Leeseo,0.999993085861206,Leeseo,[1.000],,[],Liz,[0.903],"[0.000, 0.000, 0.000, 0.000, 0.000, 1.000, 0.000, 0.000]"
540,21.6,21.64,Leeseo,0.9999934434890747,Leeseo,[1.000],,[],Liz,[0.903],"[0.000, 0.000, 0.000, 0.000, 0.000, 1.000, 0.000, 0.000]"
541,21.64,21.68,Leeseo,0.9999939203262329,Leeseo,[1.000],,[],Liz,[0.898],"[0.000, 0.000, 0.000, 0.000, 0.000, 1.000, 0.000, 0.000]"
542,21.68,21.72,Leeseo,0.9999942779541016,Leeseo,[1.000],,[],Liz,[0.888],"[0.000, 0.000, 0.000, 0.000, 0.000, 1.000, 0.000, 0.000]"
543,21.72,21.76,Leeseo,0.9999946355819702,Leeseo,[1.000],,[],Liz,[0.872],"[0.000, 0.000, 0.000, 0.000, 0.000, 1.000, 0.000, 0.000]"
544,21.76,21.8,Leeseo,0.9999949932098389,Leeseo,[1.000],,[],Liz,[0.848],"[0.000, 0.000, 0.000, 0.000, 0.000, 1.000, 0.000, 0.000]"
545,21.8,21.84,Leeseo,0.9999953508377075,Leeseo,[1.000],,[],Liz,[0.814],"[0.000, 0.000, 0.000, 0.000, 0.000, 1.000, 0.000, 0.000]"
546,21.84,21.88,Leeseo,0.9999957084655762,Leeseo,[1.000],,[],Liz,[0.767],"[0.000, 0.000, 0.000, 0.000, 0.000, 1.000, 0.000, 0.000]"
547,21.88,21.92,Leeseo,0.9999960660934448,Leeseo,[1.000],,[],Liz,[0.707],"[0.000, 0.000, 0.000, 0.000, 0.000, 1.000, 0.000, 0.000]"
548,21.92,21.96,Leeseo,0.9999964237213135,Leeseo,[1.000],,[],Liz,[0.633],"[0.000, 0.000, 0.000, 0.000, 0.000, 1.000, 0.000, 0.000]"
549,21.96,22.0,Leeseo,0.9999966621398926,Leeseo,[1.000],,[],,[],"[0.000, 0.000, 0.000, 0.000, 0.000, 1.000, 0.000, 0.000]"
550,22.0,22.04,Leeseo,0.9999970197677612,Leeseo,[1.000],,[],,[],"[0.000, 0.000, 0.000, 0.000, 0.000, 1.000, 0.000, 0.000]"
551,22.04,22.08,Leeseo,0.9999972581863403,Leeseo,[1.000],,[],,[],"[0.000, 0.000, 0.000, 0.000, 0.000, 1.000, 0.000, 0.000]"
552,22.08,22.12,Leeseo,0.9999974966049194,Leeseo,[1.000],,[],,[],"[0.000, 0.000, 0.000, 0.000, 0.000, 1.000, 0.000, 0.000]"
553,22.12,22.16,Leeseo,0.9999977350234985,Leeseo,[1.000],,[],,[],"[0.000, 0.000, 0.000, 0.000, 0.000, 1.000, 0.000, 0.000]"
554,22.16,22.2,Leeseo,0.9999979734420776,Leeseo,[1.000],,[],,[],"[0.000, 0.000, 0.000, 0.000, 0.000, 1.000, 0.000, 0.000]"
555,22.2,22.24,Leeseo,0.9999982118606567,Leeseo,[1.000],,[],,[],"[0.000, 0.000, 0.000, 0.000, 0.000, 1.000, 0.000, 0.000]"
556,22.24,22.28,Leeseo,0.9999983310699463,Leeseo,[1.000],,[],,[],"[0.000, 0.000, 0.000, 0.000, 0.000, 1.000, 0.000, 0.000]"
557,22.28,22.32,Leeseo,0.9999984502792358,Leeseo,[1.000],,[],,[],"[0.000, 0.000, 0.000, 0.000, 0.000, 1.000, 0.000, 0.000]"
558,22.32,22.36,Leeseo,0.9999985694885254,Leeseo,[1.000],,[],,[],"[0.000, 0.000, 0.000, 0.000, 0.000, 1.000, 0.000, 0.000]"
559,22.36,22.4,Leeseo,0.9999986886978149,Leeseo,[1.000],,[],,[],"[0.000, 0.000, 0.000, 0.000, 0.000, 1.000, 0.000, 0.000]"
560,22.4,22.44,Leeseo,0.9999986886978149,Leeseo,[1.000],,[],,[],"[0.000, 0.000, 0.000, 0.000, 0.000, 1.000, 0.000, 0.000]"
561,22.44,22.48,Leeseo,0.9999986886978149,Leeseo,[1.000],,[],,[],"[0.000, 0.000, 0.000, 0.000, 0.000, 1.000, 0.000, 0.000]"
562,22.48,22.52,Leeseo,0.9999986886978149,Leeseo,[1.000],,[],,[],"[0.000, 0.000, 0.000, 0.000, 0.000, 1.000, 0.000, 0.000]"
563,22.52,22.56,Leeseo,0.9999986886978149,Leeseo,[1.000],,[],,[],"[0.000, 0.000, 0.000, 0.000, 0.000, 1.000, 0.000, 0.000]"
564,22.56,22.6,Leeseo,0.9999985694885254,Leeseo,[1.000],,[],,[],"[0.000, 0.000, 0.000, 0.000, 0.000, 1.000, 0.000, 0.000]"
565,22.6,22.64,Leeseo,0.9999985694885254,Leeseo,[1.000],,[],,[],"[0.000, 0.000, 0.000, 0.000, 0.000, 1.000, 0.000, 0.000]"
566,22.64,22.68,Leeseo,0.9999984502792358,Leeseo,[1.000],,[],,[],"[0.000, 0.000, 0.000, 0.000, 0.000, 1.000, 0.000, 0.000]"
567,22.68,22.72,Leeseo,0.9999983310699463,Leeseo,[1.000],,[],,[],"[0.000, 0.000, 0.000, 0.000, 0.000, 1.000, 0.000, 0.000]"
568,22.72,22.76,Leeseo,0.9999980926513672,Leeseo,[1.000],,[],,[],"[0.000, 0.000, 0.000, 0.000, 0.000, 1.000, 0.000, 0.000]"
569,22.76,22.8,Leeseo,0.9999978542327881,Leeseo,[1.000],,[],,[],"[0.000, 0.000, 0.000, 0.000, 0.000, 1.000, 0.000, 0.000]"
570,22.8,22.84,Leeseo,0.9999974966049194,Leeseo,[1.000],,[],,[],"[0.000, 0.000, 0.000, 0.000, 0.000, 1.000, 0.000, 0.000]"
571,22.84,22.88,Leeseo,0.9999970197677612,Leeseo,[1.000],,[],,[],"[0.000, 0.000, 0.000, 0.000, 0.000, 1.000, 0.000, 0.000]"
572,22.88,22.92,Leeseo,0.9999963045120239,Leeseo,[1.000],,[],,[],"[0.000, 0.000, 0.000, 0.000, 0.000, 1.000, 0.000, 0.000]"
573,22.92,22.96,Leeseo,0.9999953508377075,Leeseo,[1.000],,[],,[],"[0.000, 0.000, 0.000, 0.000, 0.000, 1.000, 0.000, 0.000]"
574,22.96,23.0,Leeseo,0.9999939203262329,Leeseo,[1.000],,[],,[],"[0.000, 0.000, 0.000, 0.000, 0.000, 1.000, 0.000, 0.000]"
575,23.0,23.04,Leeseo,0.9999918937683105,Leeseo,[1.000],,[],,[],"[0.000, 0.000, 0.000, 0.000, 0.000, 1.000, 0.000, 0.000]"
576,23.04,23.08,Leeseo,0.9999885559082031,Leeseo,[1.000],,[],,[],"[0.000, 0.000, 0.000, 0.000, 0.000, 1.000, 0.000, 0.000]"
577,23.08,23.12,Leeseo,0.9999834299087524,Leeseo,[1.000],,[],,[],"[0.000, 0.000, 0.000, 0.000, 0.000, 1.000, 0.000, 0.000]"
578,23.12,23.16,Leeseo,0.9999747276306152,Leeseo,[1.000],,[],,[],"[0.000, 0.000, 0.000, 0.000, 0.000, 1.000, 0.000, 0.000]"
579,23.16,23.2,Leeseo,0.9999595880508423,Leeseo,[1.000],,[],,[],"[0.000, 0.000, 0.000, 0.000, 0.000, 1.000, 0.000, 0.000]"
580,23.2,23.24,Leeseo,0.9999326467514038,Leeseo,[1.000],,[],,[],"[0.000, 0.000, 0.000, 0.000, 0.000, 1.000, 0.000, 0.000]"
581,23.24,23.28,Leeseo,0.9998822212219238,Leeseo,[1.000],,[],,[],"[0.000, 0.000, 0.000, 0.000, 0.000, 1.000, 0.000, 0.000]"
582,23.28,23.32,Leeseo,0.9997859597206116,Leeseo,[1.000],,[],,[],"[0.000, 0.000, 0.000, 0.000, 0.000, 1.000, 0.000, 0.000]"
583,23.32,23.36,Leeseo,0.9995976090431213,Leeseo,[1.000],,[],,[],"[0.000, 0.000, 0.000, 0.000, 0.000, 1.000, 0.000, 0.000]"
584,23.36,23.4,Leeseo,0.9992231130599976,Leeseo,[0.999],,[],,[],"[0.000, 0.000, 0.000, 0.000, 0.000, 0.999, 0.000, 0.000]"
585,23.4,23.44,Leeseo,0.9984678626060486,Leeseo,[0.998],,[],,[],"[0.000, 0.000, 0.000, 0.000, 0.000, 0.998, 0.000, 0.000]"
586,23.44,23.48,Leeseo,0.996931791305542,Leeseo,[0.997],,[],,[],"[0.000, 0.000, 0.000, 0.000, 0.000, 0.997, 0.001, 0.000]"
587,23.48,23.52,Leeseo,0.9937816262245178,Leeseo,[0.994],,[],,[],"[0.000, 0.000, 0.000, 0.000, 0.000, 0.994, 0.001, 0.000]"
588,23.52,23.56,Leeseo,0.9872912764549255,Leeseo,[0.987],,[],,[],"[0.000, 0.000, 0.000, 0.000, 0.000, 0.987, 0.001, 0.000]"
589,23.56,23.6,Leeseo,0.9739660620689392,Leeseo,[0.974],,[],,[],"[0.000, 0.000, 0.000, 0.000, 0.000, 0.974, 0.002, 0.000]"
590,23.6,23.64,Leeseo,0.9471223950386047,Leeseo,[0.947],,[],,[],"[0.000, 0.000, 0.000, 0.000, 0.001, 0.947, 0.004, 0.000]"
591,23.64,23.68,Leeseo,0.8952666521072388,Leeseo,[0.895],,[],,[],"[0.000, 0.000, 0.000, 0.000, 0.001, 0.895, 0.006, 0.000]"
592,23.68,23.72,Leeseo,0.8028273582458496,Leeseo,[0.803],,[],,[],"[0.000, 0.000, 0.000, 0.000, 0.001, 0.803, 0.010, 0.000]"
593,23.72,23.76,Leeseo,0.6599308252334595,Leeseo,[0.660],,[],,[],"[0.000, 0.000, 0.000, 0.000, 0.001, 0.660, 0.017, 0.000]"
594,23.76,23.8,Leeseo,0.48153048753738403,Leeseo,[0.482],,[],,[],"[0.000, 0.000, 0.000, 0.000, 0.002, 0.482, 0.027, 0.000]"
595,23.8,23.84,silence,4.10625355939942e-09,,[],,[],,[],"[0.000, 0.000, 0.000, 0.000, 0.002, 0.310, 0.042, 0.000]"
596,23.84,23.88,silence,8.660121508796692e-09,,[],,[],,[],"[0.000, 0.000, 0.000, 0.000, 0.002, 0.180, 0.066, 0.000]"
597,23.88,23.92,silence,1.700404794746646e-08,,[],,[],,[],"[0.000, 0.000, 0.000, 0.000, 0.002, 0.098, 0.099, 0.000]"
598,23.92,23.96,silence,3.1046170079207513e-08,,[],,[],,[],"[0.000, 0.000, 0.000, 0.000, 0.002, 0.051, 0.146, 0.000]"
599,23.96,24.0,silence,5.2763287072821186e-08,,[],,[],,[],"[0.000, 0.000, 0.000, 0.000, 0.002, 0.027, 0.207, 0.000]"
600,24.0,24.04,silence,8.366077963728458e-08,,[],,[],,[],"[0.000, 0.000, 0.000, 0.000, 0.002, 0.014, 0.282, 0.000]"
601,24.04,24.08,silence,1.2399473803270666e-07,,[],,[],,[],"[0.000, 0.000, 0.000, 0.000, 0.002, 0.007, 0.368, 0.000]"
602,24.08,24.12,silence,1.724424407711922e-07,,[],,[],,[],"[0.000, 0.000, 0.000, 0.000, 0.002, 0.004, 0.461, 0.000]"
603,24.12,24.16,Gang Vocal,0.5533672571182251,Gang Vocal,[0.553],,[],,[],"[0.000, 0.000, 0.000, 0.000, 0.001, 0.002, 0.553, 0.000]"
604,24.16,24.2,Gang Vocal,0.6399320363998413,Gang Vocal,[0.640],,[],,[],"[0.000, 0.000, 0.000, 0.000, 0.001, 0.001, 0.640, 0.000]"
605,24.2,24.24,Gang Vocal,0.7158256769180298,Gang Vocal,[0.716],,[],,[],"[0.000, 0.000, 0.000, 0.000, 0.001, 0.001, 0.716, 0.000]"
606,24.24,24.28,Gang Vocal,0.7791073322296143,Gang Vocal,[0.779],,[],,[],"[0.000, 0.000, 0.000, 0.000, 0.001, 0.000, 0.779, 0.000]"
607,24.28,24.32,Gang Vocal,0.8297280669212341,Gang Vocal,[0.830],,[],,[],"[0.000, 0.000, 0.000, 0.000, 0.000, 0.000, 0.830, 0.000]"
608,24.32,24.36,Gang Vocal,0.8689990639686584,Gang Vocal,[0.869],,[],,[],"[0.000, 0.000, 0.000, 0.000, 0.000, 0.000, 0.869, 0.000]"
609,24.36,24.4,Gang Vocal,0.8988862633705139,Gang Vocal,[0.899],,[],,[],"[0.000, 0.000, 0.000, 0.000, 0.000, 0.000, 0.899, 0.000]"
610,24.4,24.44,Gang Vocal,0.921397864818573,Gang Vocal,[0.921],,[],,[],"[0.000, 0.000, 0.000, 0.000, 0.000, 0.000, 0.921, 0.000]"
611,24.44,24.48,Gang Vocal,0.9383256435394287,Gang Vocal,[0.938],,[],,[],"[0.000, 0.000, 0.000, 0.000, 0.000, 0.000, 0.938, 0.000]"
612,24.48,24.52,Gang Vocal,0.951154887676239,Gang Vocal,[0.951],,[],,[],"[0.000, 0.000, 0.000, 0.000, 0.000, 0.000, 0.951, 0.000]"
613,24.52,24.56,Gang Vocal,0.9609416127204895,Gang Vocal,[0.961],,[],,[],"[0.000, 0.000, 0.000, 0.000, 0.000, 0.000, 0.961, 0.000]"
614,24.56,24.6,Gang Vocal,0.9684510827064514,Gang Vocal,[0.968],,[],,[],"[0.000, 0.000, 0.000, 0.000, 0.000, 0.000, 0.968, 0.000]"
615,24.6,24.64,Gang Vocal,0.974242091178894,Gang Vocal,[0.974],,[],,[],"[0.000, 0.000, 0.000, 0.000, 0.000, 0.000, 0.974, 0.000]"
616,24.64,24.68,Gang Vocal,0.9787321090698242,Gang Vocal,[0.979],,[],,[],"[0.000, 0.000, 0.000, 0.000, 0.000, 0.000, 0.979, 0.000]"
617,24.68,24.72,Gang Vocal,0.9822341799736023,Gang Vocal,[0.982],,[],,[],"[0.000, 0.000, 0.000, 0.000, 0.000, 0.000, 0.982, 0.000]"
618,24.72,24.76,Gang Vocal,0.9850035309791565,Gang Vocal,[0.985],,[],,[],"[0.000, 0.000, 0.000, 0.000, 0.000, 0.000, 0.985, 0.000]"
619,24.76,24.8,Gang Vocal,0.9872357249259949,Gang Vocal,[0.987],,[],,[],"[0.000, 0.000, 0.000, 0.000, 0.000, 0.000, 0.987, 0.000]"
620,24.8,24.84,Gang Vocal,0.9890662431716919,Gang Vocal,[0.989],,[],,[],"[0.000, 0.000, 0.000, 0.000, 0.000, 0.000, 0.989, 0.000]"
621,24.84,24.88,Gang Vocal,0.9905880689620972,Gang Vocal,[0.991],,[],,[],"[0.000, 0.000, 0.000, 0.000, 0.000, 0.000, 0.991, 0.000]"
622,24.88,24.92,Gang Vocal,0.9918658137321472,Gang Vocal,[0.992],,[],,[],"[0.000, 0.000, 0.000, 0.000, 0.000, 0.000, 0.992, 0.000]"
623,24.92,24.96,Gang Vocal,0.9929512143135071,Gang Vocal,[0.993],,[],,[],"[0.000, 0.000, 0.000, 0.000, 0.000, 0.000, 0.993, 0.000]"
624,24.96,25.0,Gang Vocal,0.9938809871673584,Gang Vocal,[0.994],,[],,[],"[0.000, 0.000, 0.000, 0.000, 0.000, 0.000, 0.994, 0.000]"
625,25.0,25.04,Gang Vocal,0.9946812987327576,Gang Vocal,[0.995],,[],,[],"[0.000, 0.000, 0.000, 0.000, 0.000, 0.000, 0.995, 0.000]"
626,25.04,25.08,Gang Vocal,0.9953652620315552,Gang Vocal,[0.995],,[],,[],"[0.000, 0.000, 0.000, 0.000, 0.000, 0.000, 0.995, 0.000]"
627,25.08,25.12,Gang Vocal,0.9959455132484436,Gang Vocal,[0.996],,[],,[],"[0.000, 0.000, 0.000, 0.000, 0.000, 0.000, 0.996, 0.000]"
628,25.12,25.16,Gang Vocal,0.9964338541030884,Gang Vocal,[0.996],,[],,[],"[0.000, 0.000, 0.000, 0.000, 0.000, 0.000, 0.996, 0.000]"
629,25.16,25.2,Gang Vocal,0.9968414306640625,Gang Vocal,[0.997],,[],,[],"[0.000, 0.000, 0.000, 0.000, 0.000, 0.000, 0.997, 0.000]"
630,25.2,25.24,Gang Vocal,0.9971795082092285,Gang Vocal,[0.997],,[],,[],"[0.000, 0.000, 0.000, 0.000, 0.000, 0.000, 0.997, 0.000]"
631,25.24,25.28,Gang Vocal,0.9974588751792908,Gang Vocal,[0.997],,[],,[],"[0.000, 0.000, 0.000, 0.000, 0.000, 0.000, 0.997, 0.000]"
632,25.28,25.32,Gang Vocal,0.9976879358291626,Gang Vocal,[0.998],,[],,[],"[0.000, 0.000, 0.000, 0.000, 0.000, 0.000, 0.998, 0.000]"
633,25.32,25.36,Gang Vocal,0.99787437915802,Gang Vocal,[0.998],,[],,[],"[0.000, 0.000, 0.000, 0.000, 0.000, 0.000, 0.998, 0.000]"
634,25.36,25.4,Gang Vocal,0.9980233907699585,Gang Vocal,[0.998],,[],,[],"[0.000, 0.000, 0.000, 0.000, 0.000, 0.000, 0.998, 0.000]"
635,25.4,25.44,Gang Vocal,0.9981392621994019,Gang Vocal,[0.998],,[],,[],"[0.000, 0.000, 0.000, 0.000, 0.000, 0.000, 0.998, 0.000]"
636,25.44,25.48,Gang Vocal,0.9982271790504456,Gang Vocal,[0.998],,[],,[],"[0.000, 0.000, 0.000, 0.000, 0.000, 0.000, 0.998, 0.000]"
637,25.48,25.52,Gang Vocal,0.9982901215553284,Gang Vocal,[0.998],,[],,[],"[0.000, 0.000, 0.000, 0.000, 0.000, 0.000, 0.998, 0.000]"
638,25.52,25.56,Gang Vocal,0.9983300566673279,Gang Vocal,[0.998],,[],,[],"[0.000, 0.000, 0.000, 0.000, 0.000, 0.000, 0.998, 0.000]"
639,25.56,25.6,Gang Vocal,0.9983487129211426,Gang Vocal,[0.998],,[],,[],"[0.000, 0.000, 0.000, 0.000, 0.000, 0.000, 0.998, 0.000]"
640,25.6,25.64,Gang Vocal,0.9983488321304321,Gang Vocal,[0.998],,[],,[],"[0.000, 0.000, 0.000, 0.000, 0.000, 0.000, 0.998, 0.000]"
641,25.64,25.68,Gang Vocal,0.9983331561088562,Gang Vocal,[0.998],,[],,[],"[0.000, 0.000, 0.000, 0.000, 0.000, 0.000, 0.998, 0.000]"
642,25.68,25.72,Gang Vocal,0.9983028173446655,Gang Vocal,[0.998],,[],,[],"[0.000, 0.000, 0.000, 0.000, 0.000, 0.000, 0.998, 0.000]"
643,25.72,25.76,Gang Vocal,0.9982604384422302,Gang Vocal,[0.998],,[],,[],"[0.000, 0.000, 0.000, 0.000, 0.000, 0.000, 0.998, 0.000]"
644,25.76,25.8,Gang Vocal,0.9982079267501831,Gang Vocal,[0.998],,[],,[],"[0.000, 0.000, 0.000, 0.000, 0.000, 0.000, 0.998, 0.000]"
645,25.8,25.84,Gang Vocal,0.9981486797332764,Gang Vocal,[0.998],,[],,[],"[0.000, 0.000, 0.000, 0.000, 0.000, 0.000, 0.998, 0.000]"
646,25.84,25.88,Gang Vocal,0.9980872273445129,Gang Vocal,[0.998],,[],,[],"[0.000, 0.000, 0.000, 0.000, 0.000, 0.000, 0.998, 0.000]"
647,25.88,25.92,Gang Vocal,0.9980278611183167,Gang Vocal,[0.998],,[],,[],"[0.001, 0.000, 0.000, 0.000, 0.000, 0.000, 0.998, 0.000]"
648,25.92,25.96,Gang Vocal,0.9979727864265442,Gang Vocal,[0.998],,[],,[],"[0.001, 0.000, 0.000, 0.000, 0.000, 0.000, 0.998, 0.000]"
649,25.96,26.0,Gang Vocal,0.997922956943512,Gang Vocal,[0.998],,[],,[],"[0.003, 0.000, 0.000, 0.000, 0.000, 0.000, 0.998, 0.000]"
650,26.0,26.04,Gang Vocal,0.9978797435760498,Gang Vocal,[0.998],,[],,[],"[0.006, 0.000, 0.000, 0.000, 0.000, 0.000, 0.998, 0.000]"
651,26.04,26.08,Gang Vocal,0.9978436231613159,Gang Vocal,[0.998],,[],,[],"[0.014, 0.000, 0.000, 0.000, 0.000, 0.000, 0.998, 0.000]"
652,26.08,26.12,Gang Vocal,0.9978146553039551,Gang Vocal,[0.998],,[],,[],"[0.032, 0.000, 0.000, 0.000, 0.000, 0.000, 0.998, 0.000]"
653,26.12,26.16,Gang Vocal,0.9977909326553345,Gang Vocal,[0.998],,[],,[],"[0.070, 0.000, 0.000, 0.000, 0.000, 0.000, 0.998, 0.000]"
654,26.16,26.2,Gang Vocal,0.9977746605873108,Gang Vocal,[0.998],,[],,[],"[0.145, 0.000, 0.000, 0.000, 0.000, 0.000, 0.998, 0.000]"
655,26.2,26.24,Gang Vocal,0.9977692365646362,Gang Vocal,[0.998],,[],,[],"[0.270, 0.000, 0.000, 0.000, 0.000, 0.000, 0.998, 0.000]"
656,26.24,26.28,Gang Vocal,0.9977807402610779,Gang Vocal,[0.998],,[],,[],"[0.435, 0.000, 0.000, 0.000, 0.000, 0.000, 0.998, 0.000]"
657,26.28,26.32,Gaeul,0.602012574672699,Gaeul|Gang Vocal,"[0.602, 0.998]",,[],,[],"[0.602, 0.000, 0.000, 0.000, 0.000, 0.000, 0.998, 0.000]"
658,26.32,26.36,Gaeul,0.7346053719520569,Gaeul|Gang Vocal,"[0.735, 0.998]",,[],,[],"[0.735, 0.000, 0.000, 0.000, 0.000, 0.000, 0.998, 0.000]"
659,26.36,26.4,Gaeul,0.8238788843154907,Gaeul|Gang Vocal,"[0.824, 0.998]",,[],,[],"[0.824, 0.000, 0.000, 0.000, 0.000, 0.000, 0.998, 0.000]"
660,26.4,26.44,Gaeul,0.8789095282554626,Gaeul|Gang Vocal,"[0.879, 0.998]",,[],,[],"[0.879, 0.000, 0.000, 0.000, 0.000, 0.000, 0.998, 0.000]"
661,26.44,26.48,Gaeul,0.9114798307418823,Gaeul|Gang Vocal,"[0.911, 0.998]",,[],,[],"[0.911, 0.000, 0.000, 0.000, 0.000, 0.000, 0.998, 0.000]"
662,26.48,26.52,Gaeul,0.9302465319633484,Gaeul|Gang Vocal,"[0.930, 0.998]",,[],,[],"[0.930, 0.000, 0.000, 0.000, 0.000, 0.000, 0.998, 0.000]"
663,26.52,26.56,Gaeul,0.9403432011604309,Gaeul|Gang Vocal,"[0.940, 0.998]",,[],,[],"[0.940, 0.000, 0.000, 0.000, 0.000, 0.000, 0.998, 0.000]"
664,26.56,26.6,Gaeul,0.9444242715835571,Gaeul|Gang Vocal,"[0.944, 0.999]",,[],,[],"[0.944, 0.000, 0.000, 0.000, 0.000, 0.000, 0.999, 0.000]"
665,26.6,26.64,Gaeul,0.9435549378395081,Gaeul|Gang Vocal,"[0.944, 0.999]",,[],,[],"[0.944, 0.000, 0.000, 0.000, 0.000, 0.000, 0.999, 0.000]"
666,26.64,26.68,Gaeul,0.9376063346862793,Gaeul|Gang Vocal,"[0.938, 0.999]",,[],,[],"[0.938, 0.000, 0.000, 0.000, 0.000, 0.000, 0.999, 0.000]"
667,26.68,26.72,Gaeul,0.9251999855041504,Gaeul|Gang Vocal,"[0.925, 0.999]",,[],,[],"[0.925, 0.000, 0.000, 0.000, 0.000, 0.000, 0.999, 0.000]"
668,26.72,26.76,Gaeul,0.9035354256629944,Gaeul|Gang Vocal,"[0.904, 0.999]",,[],,[],"[0.904, 0.000, 0.000, 0.000, 0.000, 0.000, 0.999, 0.000]"
669,26.76,26.8,Gaeul,0.8679593205451965,Gaeul|Gang Vocal,"[0.868, 0.999]",,[],,[],"[0.868, 0.000, 0.000, 0.000, 0.000, 0.000, 0.999, 0.000]"
670,26.8,26.84,Gaeul,0.8121098279953003,Gaeul|Gang Vocal,"[0.812, 0.999]",,[],,[],"[0.812, 0.000, 0.000, 0.000, 0.000, 0.000, 0.999, 0.000]"
671,26.84,26.88,Gaeul,0.7293741106987,Gaeul|Gang Vocal,"[0.729, 0.999]",,[],,[],"[0.729, 0.000, 0.000, 0.000, 0.000, 0.000, 0.999, 0.000]"
672,26.88,26.92,Gaeul,0.6170437335968018,Gaeul|Gang Vocal,"[0.617, 0.999]",,[],,[],"[0.617, 0.000, 0.000, 0.000, 0.000, 0.000, 0.999, 0.000]"
673,26.92,26.96,Gaeul,0.48286283016204834,Gaeul|Gang Vocal,"[0.483, 0.999]",,[],,[],"[0.483, 0.000, 0.000, 0.000, 0.000, 0.000, 0.999, 0.000]"
674,26.96,27.0,Gang Vocal,0.9988564252853394,Gang Vocal,[0.999],,[],,[],"[0.346, 0.000, 0.000, 0.000, 0.000, 0.000, 0.999, 0.000]"
675,27.0,27.04,Gang Vocal,0.9987447261810303,Gang Vocal,[0.999],,[],,[],"[0.230, 0.000, 0.000, 0.000, 0.000, 0.000, 0.999, 0.000]"
676,27.04,27.08,Gang Vocal,0.9985871315002441,Gang Vocal,[0.999],,[],,[],"[0.144, 0.000, 0.000, 0.000, 0.000, 0.000, 0.999, 0.000]"
677,27.08,27.12,Gang Vocal,0.998371422290802,Gang Vocal,[0.998],,[],,[],"[0.087, 0.000, 0.000, 0.000, 0.000, 0.000, 0.998, 0.000]"
678,27.12,27.16,Gang Vocal,0.9980813264846802,Gang Vocal,[0.998],,[],,[],"[0.052, 0.000, 0.000, 0.000, 0.000, 0.000, 0.998, 0.000]"
679,27.16,27.2,Gang Vocal,0.9976961016654968,Gang Vocal,[0.998],,[],,[],"[0.031, 0.000, 0.000, 0.000, 0.000, 0.000, 0.998, 0.000]"
680,27.2,27.24,Gang Vocal,0.9971897006034851,Gang Vocal,[0.997],,[],,[],"[0.019, 0.000, 0.000, 0.000, 0.000, 0.000, 0.997, 0.000]"
681,27.24,27.28,Gang Vocal,0.9965298771858215,Gang Vocal,[0.997],,[],,[],"[0.012, 0.000, 0.000, 0.000, 0.000, 0.000, 0.997, 0.000]"
682,27.28,27.32,Gang Vocal,0.9956811666488647,Gang Vocal,[0.996],,[],,[],"[0.008, 0.000, 0.000, 0.000, 0.000, 0.000, 0.996, 0.000]"
683,27.32,27.36,Gang Vocal,0.9946066737174988,Gang Vocal,[0.995],,[],,[],"[0.005, 0.000, 0.000, 0.000, 0.000, 0.000, 0.995, 0.000]"
684,27.36,27.4,Gang Vocal,0.9932622313499451,Gang Vocal,[0.993],,[],,[],"[0.004, 0.000, 0.000, 0.000, 0.000, 0.000, 0.993, 0.000]"
685,27.4,27.44,Gang Vocal,0.9916040301322937,Gang Vocal,[0.992],,[],,[],"[0.003, 0.000, 0.000, 0.000, 0.000, 0.000, 0.992, 0.000]"
686,27.44,27.48,Gang Vocal,0.9895914196968079,Gang Vocal,[0.990],,[],,[],"[0.002, 0.000, 0.000, 0.000, 0.000, 0.000, 0.990, 0.000]"
687,27.48,27.52,Gang Vocal,0.9871913194656372,Gang Vocal,[0.987],,[],,[],"[0.001, 0.000, 0.000, 0.000, 0.000, 0.000, 0.987, 0.000]"
688,27.52,27.56,Gang Vocal,0.9843997955322266,Gang Vocal,[0.984],,[],,[],"[0.001, 0.000, 0.000, 0.000, 0.000, 0.000, 0.984, 0.000]"
689,27.56,27.6,Gang Vocal,0.9812456369400024,Gang Vocal,[0.981],,[],,[],"[0.001, 0.000, 0.000, 0.000, 0.000, 0.000, 0.981, 0.000]"
690,27.6,27.64,Gang Vocal,0.9778065085411072,Gang Vocal,[0.978],,[],,[],"[0.001, 0.000, 0.000, 0.000, 0.000, 0.000, 0.978, 0.000]"
691,27.64,27.68,Gang Vocal,0.9742094874382019,Gang Vocal,[0.974],,[],,[],"[0.001, 0.000, 0.000, 0.000, 0.000, 0.000, 0.974, 0.000]"
692,27.68,27.72,Gang Vocal,0.970640242099762,Gang Vocal,[0.971],,[],,[],"[0.001, 0.000, 0.000, 0.000, 0.000, 0.000, 0.971, 0.000]"
693,27.72,27.76,Gang Vocal,0.967322587966919,Gang Vocal,[0.967],,[],,[],"[0.001, 0.000, 0.000, 0.000, 0.000, 0.000, 0.967, 0.000]"
694,27.76,27.8,Gang Vocal,0.964431881904602,Gang Vocal,[0.964],,[],,[],"[0.001, 0.000, 0.000, 0.000, 0.000, 0.000, 0.964, 0.000]"
695,27.8,27.84,Gang Vocal,0.9621435403823853,Gang Vocal,[0.962],,[],,[],"[0.001, 0.000, 0.000, 0.000, 0.000, 0.000, 0.962, 0.000]"
696,27.84,27.88,Gang Vocal,0.9605953097343445,Gang Vocal,[0.961],,[],,[],"[0.001, 0.000, 0.000, 0.000, 0.000, 0.000, 0.961, 0.000]"
697,27.88,27.92,Gang Vocal,0.9598817229270935,Gang Vocal,[0.960],,[],,[],"[0.001, 0.000, 0.000, 0.000, 0.000, 0.000, 0.960, 0.000]"
698,27.92,27.96,Gang Vocal,0.9600384831428528,Gang Vocal,[0.960],,[],,[],"[0.001, 0.000, 0.000, 0.000, 0.000, 0.000, 0.960, 0.000]"
699,27.96,28.0,Gang Vocal,0.9610322117805481,Gang Vocal,[0.961],,[],,[],"[0.001, 0.000, 0.000, 0.000, 0.000, 0.000, 0.961, 0.000]"
700,28.0,28.04,Gang Vocal,0.962753415107727,Gang Vocal,[0.963],,[],,[],"[0.001, 0.000, 0.000, 0.000, 0.000, 0.000, 0.963, 0.000]"
701,28.04,28.08,Gang Vocal,0.9650595188140869,Gang Vocal,[0.965],,[],,[],"[0.001, 0.000, 0.000, 0.000, 0.000, 0.000, 0.965, 0.000]"
702,28.08,28.12,Gang Vocal,0.9677670001983643,Gang Vocal,[0.968],,[],,[],"[0.002, 0.000, 0.000, 0.000, 0.000, 0.000, 0.968, 0.000]"
703,28.12,28.16,Gang Vocal,0.9707064032554626,Gang Vocal,[0.971],,[],,[],"[0.002, 0.000, 0.000, 0.000, 0.000, 0.000, 0.971, 0.000]"
704,28.16,28.2,Gang Vocal,0.9736913442611694,Gang Vocal,[0.974],,[],,[],"[0.003, 0.000, 0.000, 0.000, 0.000, 0.000, 0.974, 0.000]"
705,28.2,28.24,Gang Vocal,0.9765456318855286,Gang Vocal,[0.977],,[],,[],"[0.005, 0.000, 0.000, 0.000, 0.000, 0.000, 0.977, 0.000]"
706,28.24,28.28,Gang Vocal,0.9791203737258911,Gang Vocal,[0.979],,[],,[],"[0.008, 0.000, 0.000, 0.000, 0.000, 0.000, 0.979, 0.000]"
707,28.28,28.32,Gang Vocal,0.9813446998596191,Gang Vocal,[0.981],,[],,[],"[0.013, 0.000, 0.000, 0.000, 0.000, 0.000, 0.981, 0.000]"
708,28.32,28.36,Gang Vocal,0.9831922650337219,Gang Vocal,[0.983],,[],,[],"[0.022, 0.000, 0.000, 0.000, 0.000, 0.000, 0.983, 0.000]"
709,28.36,28.4,Gang Vocal,0.9846537709236145,Gang Vocal,[0.985],,[],,[],"[0.038, 0.000, 0.000, 0.000, 0.000, 0.000, 0.985, 0.000]"
710,28.4,28.44,Gang Vocal,0.985736072063446,Gang Vocal,[0.986],,[],,[],"[0.068, 0.000, 0.000, 0.000, 0.000, 0.000, 0.986, 0.000]"
711,28.44,28.48,Gang Vocal,0.9864597320556641,Gang Vocal,[0.986],,[],,[],"[0.123, 0.000, 0.000, 0.000, 0.000, 0.000, 0.986, 0.000]"
712,28.48,28.52,Gang Vocal,0.9868274927139282,Gang Vocal,[0.987],,[],,[],"[0.218, 0.000, 0.000, 0.000, 0.000, 0.000, 0.987, 0.000]"
713,28.52,28.56,Gang Vocal,0.9868254065513611,Gang Vocal,[0.987],,[],,[],"[0.364, 0.000, 0.000, 0.000, 0.000, 0.000, 0.987, 0.000]"
714,28.56,28.6,Gaeul,0.545042872428894,Gaeul|Gang Vocal,"[0.545, 0.986]",,[],,[],"[0.545, 0.000, 0.000, 0.000, 0.000, 0.000, 0.986, 0.000]"
715,28.6,28.64,Gaeul,0.7191497683525085,Gaeul|Gang Vocal,"[0.719, 0.986]",,[],,[],"[0.719, 0.000, 0.000, 0.000, 0.000, 0.000, 0.986, 0.000]"
716,28.64,28.68,Gaeul,0.8471131324768066,Gaeul|Gang Vocal,"[0.847, 0.984]",,[],,[],"[0.847, 0.000, 0.000, 0.000, 0.000, 0.000, 0.984, 0.000]"
717,28.68,28.72,Gaeul,0.9234251379966736,Gaeul|Gang Vocal,"[0.923, 0.982]",,[],,[],"[0.923, 0.000, 0.000, 0.000, 0.000, 0.000, 0.982, 0.000]"
718,28.72,28.76,Gaeul,0.963281512260437,Gaeul|Gang Vocal,"[0.963, 0.979]",,[],,[],"[0.963, 0.000, 0.000, 0.000, 0.000, 0.000, 0.979, 0.000]"
719,28.76,28.8,Gaeul,0.9826409220695496,Gaeul|Gang Vocal,"[0.983, 0.974]",,[],,[],"[0.983, 0.000, 0.000, 0.000, 0.000, 0.000, 0.974, 0.000]"
720,28.8,28.84,Gaeul,0.9917323589324951,Gaeul|Gang Vocal,"[0.992, 0.968]",,[],,[],"[0.992, 0.000, 0.000, 0.000, 0.000, 0.000, 0.968, 0.000]"
721,28.84,28.88,Gaeul,0.9959736466407776,Gaeul|Gang Vocal,"[0.996, 0.959]",,[],,[],"[0.996, 0.000, 0.000, 0.000, 0.000, 0.000, 0.959, 0.000]"
722,28.88,28.92,Gaeul,0.9979725480079651,Gaeul|Gang Vocal,"[0.998, 0.946]",,[],,[],"[0.998, 0.000, 0.000, 0.000, 0.000, 0.000, 0.946, 0.000]"
723,28.92,28.96,Gaeul,0.9989354014396667,Gaeul|Gang Vocal,"[0.999, 0.929]",,[],,[],"[0.999, 0.000, 0.000, 0.000, 0.000, 0.000, 0.929, 0.000]"
724,28.96,29.0,Gaeul,0.999413013458252,Gaeul|Gang Vocal,"[0.999, 0.905]",,[],,[],"[0.999, 0.000, 0.000, 0.000, 0.000, 0.000, 0.905, 0.000]"
725,29.0,29.04,Gaeul,0.9996578693389893,Gaeul|Gang Vocal,"[1.000, 0.872]",,[],,[],"[1.000, 0.000, 0.000, 0.000, 0.000, 0.000, 0.872, 0.000]"
726,29.04,29.08,Gaeul,0.999788224697113,Gaeul|Gang Vocal,"[1.000, 0.829]",,[],,[],"[1.000, 0.000, 0.000, 0.000, 0.000, 0.000, 0.829, 0.000]"
727,29.08,29.12,Gaeul,0.9998600482940674,Gaeul|Gang Vocal,"[1.000, 0.773]",,[],,[],"[1.000, 0.000, 0.000, 0.000, 0.000, 0.000, 0.773, 0.000]"
728,29.12,29.16,Gaeul,0.9999010562896729,Gaeul|Gang Vocal,"[1.000, 0.705]",,[],,[],"[1.000, 0.000, 0.000, 0.000, 0.000, 0.000, 0.705, 0.000]"
729,29.16,29.2,Gaeul,0.9999251365661621,Gaeul|Gang Vocal,"[1.000, 0.625]",,[],,[],"[1.000, 0.000, 0.000, 0.000, 0.000, 0.000, 0.625, 0.000]"
730,29.2,29.24,Gaeul,0.9999390840530396,Gaeul|Gang Vocal,"[1.000, 0.539]",,[],,[],"[1.000, 0.000, 0.000, 0.000, 0.000, 0.000, 0.539, 0.000]"
731,29.24,29.28,Gaeul,0.9999467134475708,Gaeul,[1.000],,[],,[],"[1.000, 0.000, 0.000, 0.000, 0.000, 0.000, 0.451, 0.000]"
732,29.28,29.32,Gaeul,0.9999494552612305,Gaeul,[1.000],,[],,[],"[1.000, 0.000, 0.000, 0.000, 0.000, 0.000, 0.368, 0.000]"
733,29.32,29.36,Gaeul,0.999948263168335,Gaeul,[1.000],,[],,[],"[1.000, 0.000, 0.000, 0.000, 0.000, 0.000, 0.293, 0.000]"
734,29.36,29.4,Gaeul,0.9999426603317261,Gaeul,[1.000],,[],,[],"[1.000, 0.000, 0.000, 0.000, 0.000, 0.000, 0.231, 0.000]"
735,29.4,29.44,Gaeul,0.9999316930770874,Gaeul,[1.000],,[],,[],"[1.000, 0.000, 0.000, 0.000, 0.000, 0.000, 0.180, 0.000]"
736,29.44,29.48,Gaeul,0.9999123811721802,Gaeul,[1.000],,[],,[],"[1.000, 0.000, 0.000, 0.000, 0.000, 0.000, 0.140, 0.000]"
737,29.48,29.52,Gaeul,0.9998799562454224,Gaeul,[1.000],,[],,[],"[1.000, 0.000, 0.000, 0.000, 0.000, 0.000, 0.109, 0.000]"
738,29.52,29.56,Gaeul,0.9998247027397156,Gaeul,[1.000],,[],,[],"[1.000, 0.000, 0.000, 0.000, 0.001, 0.000, 0.086, 0.000]"
739,29.56,29.6,Gaeul,0.9997286200523376,Gaeul,[1.000],,[],,[],"[1.000, 0.000, 0.000, 0.000, 0.001, 0.000, 0.067, 0.000]"
740,29.6,29.64,Gaeul,0.9995574355125427,Gaeul,[1.000],,[],,[],"[1.000, 0.000, 0.000, 0.000, 0.001, 0.000, 0.054, 0.000]"
741,29.64,29.68,Gaeul,0.9992434978485107,Gaeul,[0.999],,[],,[],"[0.999, 0.000, 0.000, 0.000, 0.001, 0.000, 0.043, 0.000]"
742,29.68,29.72,Gaeul,0.9986507296562195,Gaeul,[0.999],,[],,[],"[0.999, 0.000, 0.000, 0.000, 0.001, 0.000, 0.034, 0.000]"
743,29.72,29.76,Gaeul,0.9974989295005798,Gaeul,[0.997],,[],,[],"[0.997, 0.000, 0.000, 0.000, 0.001, 0.000, 0.028, 0.000]"
744,29.76,29.8,Gaeul,0.9952037334442139,Gaeul,[0.995],,[],,[],"[0.995, 0.000, 0.000, 0.000, 0.001, 0.000, 0.023, 0.000]"
745,29.8,29.84,Gaeul,0.9905864596366882,Gaeul,[0.991],,[],,[],"[0.991, 0.000, 0.000, 0.000, 0.000, 0.000, 0.018, 0.000]"
746,29.84,29.88,Gaeul,0.981349527835846,Gaeul,[0.981],,[],,[],"[0.981, 0.000, 0.000, 0.000, 0.000, 0.000, 0.015, 0.000]"
747,29.88,29.92,Gaeul,0.9632922410964966,Gaeul,[0.963],,[],,[],"[0.963, 0.000, 0.000, 0.000, 0.000, 0.000, 0.013, 0.000]"
748,29.92,29.96,Gaeul,0.9297307133674622,Gaeul,[0.930],,[],,[],"[0.930, 0.000, 0.000, 0.000, 0.000, 0.000, 0.011, 0.000]"
749,29.96,30.0,Gaeul,0.8723422288894653,Gaeul,[0.872],,[],,[],"[0.872, 0.000, 0.000, 0.000, 0.000, 0.001, 0.009, 0.000]"
750,30.0,30.04,Gaeul,0.7856816053390503,Gaeul,[0.786],,[],,[],"[0.786, 0.000, 0.000, 0.000, 0.000, 0.001, 0.007, 0.000]"
751,30.04,30.08,Gaeul,0.6739823818206787,Gaeul,[0.674],,[],,[],"[0.674, 0.000, 0.000, 0.000, 0.000, 0.001, 0.006, 0.000]"
752,30.08,30.12,Gaeul,0.5533037185668945,Gaeul,[0.553],,[],,[],"[0.553, 0.000, 0.000, 0.000, 0.000, 0.001, 0.005, 0.000]"
753,30.12,30.16,silence,2.6602152772281507e-11,,[],,[],,[],"[0.443, 0.000, 0.000, 0.000, 0.000, 0.002, 0.004, 0.000]"
754,30.16,30.2,silence,2.7019013762452637e-11,,[],,[],,[],"[0.356, 0.000, 0.000, 0.000, 0.000, 0.002, 0.004, 0.000]"
755,30.2,30.24,silence,2.550022172587152e-11,,[],,[],,[],"[0.295, 0.000, 0.000, 0.000, 0.000, 0.003, 0.003, 0.000]"
756,30.24,30.28,silence,2.2061616422597297e-11,,[],,[],,[],"[0.258, 0.000, 0.000, 0.000, 0.000, 0.003, 0.002, 0.000]"
757,30.28,30.32,silence,1.7266460830556163e-11,,[],,[],,[],"[0.242, 0.000, 0.000, 0.000, 0.000, 0.004, 0.002, 0.000]"
758,30.32,30.36,silence,1.2099771705409434e-11,,[],,[],,[],"[0.245, 0.000, 0.000, 0.000, 0.000, 0.004, 0.001, 0.000]"
759,30.36,30.4,silence,7.515971352234363e-12,,[],,[],,[],"[0.268, 0.000, 0.000, 0.000, 0.000, 0.004, 0.001, 0.000]"
760,30.4,30.44,silence,4.122806263051615e-12,,[],,[],,[],"[0.314, 0.000, 0.000, 0.000, 0.000, 0.004, 0.001, 0.000]"
761,30.44,30.48,silence,1.9950358639414523e-12,,[],,[],,[],"[0.387, 0.000, 0.000, 0.000, 0.000, 0.004, 0.001, 0.000]"
762,30.48,30.52,silence,8.53695478024441e-13,,[],,[],,[],"[0.488, 0.000, 0.000, 0.000, 0.000, 0.003, 0.000, 0.000]"
763,30.52,30.56,Gaeul,0.6095630526542664,Gaeul,[0.610],,[],,[],"[0.610, 0.000, 0.000, 0.000, 0.000, 0.003, 0.000, 0.000]"
764,30.56,30.6,Gaeul,0.7340674996376038,Gaeul,[0.734],,[],,[],"[0.734, 0.000, 0.000, 0.000, 0.000, 0.002, 0.000, 0.000]"
765,30.6,30.64,Gaeul,0.8392442464828491,Gaeul,[0.839],,[],,[],"[0.839, 0.000, 0.000, 0.000, 0.000, 0.002, 0.000, 0.000]"
766,30.64,30.68,Gaeul,0.9126358032226562,Gaeul,[0.913],,[],,[],"[0.913, 0.000, 0.000, 0.000, 0.000, 0.001, 0.000, 0.000]"
767,30.68,30.72,Gaeul,0.9562462568283081,Gaeul,[0.956],,[],,[],"[0.956, 0.000, 0.000, 0.000, 0.000, 0.001, 0.000, 0.000]"
768,30.72,30.76,Gaeul,0.9793029427528381,Gaeul,[0.979],,[],,[],"[0.979, 0.000, 0.000, 0.000, 0.000, 0.001, 0.000, 0.000]"
769,30.76,30.8,Gaeul,0.9905670285224915,Gaeul,[0.991],,[],,[],"[0.991, 0.000, 0.000, 0.000, 0.000, 0.001, 0.000, 0.000]"
770,30.8,30.84,Gaeul,0.9957971572875977,Gaeul,[0.996],,[],,[],"[0.996, 0.000, 0.000, 0.000, 0.000, 0.000, 0.000, 0.000]"
771,30.84,30.88,Gaeul,0.9981464147567749,Gaeul,[0.998],,[],,[],"[0.998, 0.000, 0.000, 0.000, 0.000, 0.000, 0.000, 0.000]"
772,30.88,30.92,Gaeul,0.9991825222969055,Gaeul,[0.999],,[],,[],"[0.999, 0.000, 0.000, 0.000, 0.000, 0.000, 0.000, 0.000]"
773,30.92,30.96,Gaeul,0.9996359348297119,Gaeul,[1.000],,[],,[],"[1.000, 0.000, 0.000, 0.000, 0.000, 0.000, 0.000, 0.000]"
774,30.96,31.0,Gaeul,0.9998345375061035,Gaeul,[1.000],,[],,[],"[1.000, 0.000, 0.000, 0.000, 0.000, 0.000, 0.000, 0.000]"
775,31.0,31.04,Gaeul,0.9999226331710815,Gaeul,[1.000],,[],,[],"[1.000, 0.000, 0.000, 0.000, 0.000, 0.000, 0.000, 0.000]"
776,31.04,31.08,Gaeul,0.999962568283081,Gaeul,[1.000],,[],,[],"[1.000, 0.000, 0.000, 0.000, 0.000, 0.000, 0.000, 0.000]"
777,31.08,31.12,Gaeul,0.999981164932251,Gaeul,[1.000],,[],,[],"[1.000, 0.000, 0.000, 0.000, 0.000, 0.000, 0.000, 0.000]"
778,31.12,31.16,Gaeul,0.9999901056289673,Gaeul,[1.000],,[],,[],"[1.000, 0.000, 0.000, 0.000, 0.000, 0.000, 0.000, 0.000]"
779,31.16,31.2,Gaeul,0.9999945163726807,Gaeul,[1.000],,[],,[],"[1.000, 0.000, 0.000, 0.000, 0.000, 0.000, 0.000, 0.000]"
780,31.2,31.24,Gaeul,0.9999967813491821,Gaeul,[1.000],,[],,[],"[1.000, 0.000, 0.000, 0.000, 0.000, 0.000, 0.000, 0.000]"
781,31.24,31.28,Gaeul,0.9999979734420776,Gaeul,[1.000],,[],,[],"[1.000, 0.000, 0.000, 0.000, 0.000, 0.000, 0.000, 0.000]"
782,31.28,31.32,Gaeul,0.9999986886978149,Gaeul,[1.000],,[],,[],"[1.000, 0.000, 0.000, 0.000, 0.000, 0.000, 0.000, 0.000]"
783,31.32,31.36,Gaeul,0.9999991655349731,Gaeul,[1.000],,[],,[],"[1.000, 0.000, 0.000, 0.000, 0.000, 0.000, 0.000, 0.000]"
784,31.36,31.4,Gaeul,0.9999994039535522,Gaeul,[1.000],,[],,[],"[1.000, 0.000, 0.000, 0.000, 0.000, 0.000, 0.000, 0.000]"
785,31.4,31.44,Gaeul,0.9999995231628418,Gaeul,[1.000],,[],,[],"[1.000, 0.000, 0.000, 0.000, 0.000, 0.000, 0.000, 0.000]"
786,31.44,31.48,Gaeul,0.9999996423721313,Gaeul,[1.000],,[],,[],"[1.000, 0.000, 0.000, 0.000, 0.000, 0.000, 0.000, 0.000]"
787,31.48,31.52,Gaeul,0.9999996423721313,Gaeul,[1.000],,[],,[],"[1.000, 0.000, 0.000, 0.000, 0.000, 0.000, 0.000, 0.000]"
788,31.52,31.56,Gaeul,0.9999997615814209,Gaeul,[1.000],,[],,[],"[1.000, 0.000, 0.000, 0.000, 0.000, 0.000, 0.000, 0.000]"
789,31.56,31.6,Gaeul,0.9999997615814209,Gaeul,[1.000],,[],,[],"[1.000, 0.000, 0.000, 0.000, 0.000, 0.000, 0.000, 0.000]"
790,31.6,31.64,Gaeul,0.9999997615814209,Gaeul,[1.000],,[],,[],"[1.000, 0.000, 0.000, 0.000, 0.000, 0.000, 0.000, 0.000]"
791,31.64,31.68,Gaeul,0.9999997615814209,Gaeul,[1.000],,[],,[],"[1.000, 0.000, 0.000, 0.000, 0.000, 0.000, 0.000, 0.000]"
792,31.68,31.72,Gaeul,0.9999997615814209,Gaeul,[1.000],,[],,[],"[1.000, 0.000, 0.000, 0.000, 0.000, 0.000, 0.000, 0.000]"
793,31.72,31.76,Gaeul,0.9999997615814209,Gaeul,[1.000],,[],,[],"[1.000, 0.000, 0.000, 0.000, 0.000, 0.000, 0.000, 0.000]"
794,31.76,31.8,Gaeul,0.9999997615814209,Gaeul,[1.000],,[],,[],"[1.000, 0.000, 0.000, 0.000, 0.000, 0.000, 0.000, 0.000]"
795,31.8,31.84,Gaeul,0.9999997615814209,Gaeul,[1.000],,[],,[],"[1.000, 0.000, 0.000, 0.000, 0.000, 0.000, 0.000, 0.000]"
796,31.84,31.88,Gaeul,0.9999997615814209,Gaeul,[1.000],,[],,[],"[1.000, 0.000, 0.000, 0.000, 0.000, 0.000, 0.000, 0.000]"
797,31.88,31.92,Gaeul,0.9999997615814209,Gaeul,[1.000],,[],,[],"[1.000, 0.000, 0.000, 0.000, 0.000, 0.000, 0.000, 0.000]"
798,31.92,31.96,Gaeul,0.9999997615814209,Gaeul,[1.000],,[],,[],"[1.000, 0.000, 0.000, 0.000, 0.000, 0.000, 0.000, 0.000]"
799,31.96,32.0,Gaeul,0.9999997615814209,Gaeul,[1.000],,[],,[],"[1.000, 0.000, 0.000, 0.000, 0.000, 0.000, 0.000, 0.000]"
800,32.0,32.04,Gaeul,0.9999997615814209,Gaeul,[1.000],,[],,[],"[1.000, 0.000, 0.000, 0.000, 0.000, 0.000, 0.000, 0.000]"
801,32.04,32.08,Gaeul,0.9999997615814209,Gaeul,[1.000],,[],,[],"[1.000, 0.000, 0.000, 0.000, 0.000, 0.000, 0.000, 0.000]"
802,32.08,32.12,Gaeul,0.9999997615814209,Gaeul,[1.000],,[],,[],"[1.000, 0.000, 0.000, 0.000, 0.000, 0.000, 0.000, 0.000]"
803,32.12,32.16,Gaeul,0.9999997615814209,Gaeul,[1.000],,[],,[],"[1.000, 0.000, 0.000, 0.000, 0.000, 0.000, 0.000, 0.000]"
804,32.16,32.2,Gaeul,0.9999997615814209,Gaeul,[1.000],,[],,[],"[1.000, 0.000, 0.000, 0.000, 0.000, 0.000, 0.000, 0.000]"
805,32.2,32.24,Gaeul,0.9999997615814209,Gaeul,[1.000],,[],,[],"[1.000, 0.000, 0.000, 0.000, 0.000, 0.000, 0.000, 0.000]"
806,32.24,32.28,Gaeul,0.9999997615814209,Gaeul,[1.000],,[],,[],"[1.000, 0.000, 0.000, 0.000, 0.000, 0.000, 0.000, 0.000]"
807,32.28,32.32,Gaeul,0.9999997615814209,Gaeul,[1.000],,[],,[],"[1.000, 0.000, 0.000, 0.000, 0.000, 0.000, 0.000, 0.000]"
808,32.32,32.36,Gaeul,0.9999997615814209,Gaeul,[1.000],,[],,[],"[1.000, 0.000, 0.000, 0.000, 0.000, 0.000, 0.000, 0.000]"
809,32.36,32.4,Gaeul,0.9999997615814209,Gaeul,[1.000],,[],,[],"[1.000, 0.000, 0.000, 0.000, 0.000, 0.000, 0.000, 0.000]"
810,32.4,32.44,Gaeul,0.9999997615814209,Gaeul,[1.000],,[],,[],"[1.000, 0.000, 0.000, 0.000, 0.000, 0.000, 0.000, 0.000]"
811,32.44,32.48,Gaeul,0.9999997615814209,Gaeul,[1.000],,[],,[],"[1.000, 0.000, 0.000, 0.000, 0.000, 0.000, 0.000, 0.000]"
812,32.48,32.52,Gaeul,0.9999997615814209,Gaeul,[1.000],,[],,[],"[1.000, 0.000, 0.000, 0.000, 0.000, 0.000, 0.000, 0.000]"
813,32.52,32.56,Gaeul,0.9999997615814209,Gaeul,[1.000],,[],,[],"[1.000, 0.000, 0.000, 0.000, 0.000, 0.000, 0.000, 0.000]"
814,32.56,32.6,Gaeul,0.9999997615814209,Gaeul,[1.000],,[],,[],"[1.000, 0.000, 0.000, 0.000, 0.000, 0.000, 0.000, 0.000]"
815,32.6,32.64,Gaeul,0.9999997615814209,Gaeul,[1.000],,[],,[],"[1.000, 0.000, 0.000, 0.000, 0.000, 0.000, 0.000, 0.000]"
816,32.64,32.68,Gaeul,0.9999997615814209,Gaeul,[1.000],,[],,[],"[1.000, 0.000, 0.000, 0.000, 0.000, 0.000, 0.000, 0.000]"
817,32.68,32.72,Gaeul,0.9999997615814209,Gaeul,[1.000],,[],,[],"[1.000, 0.000, 0.000, 0.000, 0.000, 0.000, 0.000, 0.000]"
818,32.72,32.76,Gaeul,0.9999997615814209,Gaeul,[1.000],,[],,[],"[1.000, 0.000, 0.000, 0.000, 0.000, 0.000, 0.000, 0.000]"
819,32.76,32.8,Gaeul,0.9999998807907104,Gaeul,[1.000],,[],,[],"[1.000, 0.000, 0.000, 0.000, 0.000, 0.000, 0.000, 0.000]"
820,32.8,32.84,Gaeul,0.9999998807907104,Gaeul,[1.000],,[],,[],"[1.000, 0.000, 0.000, 0.000, 0.000, 0.000, 0.000, 0.000]"
821,32.84,32.88,Gaeul,0.9999997615814209,Gaeul,[1.000],,[],,[],"[1.000, 0.000, 0.000, 0.000, 0.000, 0.000, 0.000, 0.000]"
822,32.88,32.92,Gaeul,0.9999997615814209,Gaeul,[1.000],,[],,[],"[1.000, 0.000, 0.000, 0.000, 0.000, 0.000, 0.000, 0.000]"
823,32.92,32.96,Gaeul,0.9999997615814209,Gaeul,[1.000],,[],,[],"[1.000, 0.000, 0.000, 0.000, 0.000, 0.000, 0.000, 0.000]"
824,32.96,33.0,Gaeul,0.9999997615814209,Gaeul,[1.000],,[],,[],"[1.000, 0.000, 0.000, 0.000, 0.000, 0.000, 0.000, 0.000]"
825,33.0,33.04,Gaeul,0.9999997615814209,Gaeul,[1.000],,[],,[],"[1.000, 0.000, 0.000, 0.000, 0.000, 0.000, 0.000, 0.000]"
826,33.04,33.08,Gaeul,0.9999997615814209,Gaeul,[1.000],,[],,[],"[1.000, 0.000, 0.000, 0.000, 0.000, 0.000, 0.000, 0.000]"
827,33.08,33.12,Gaeul,0.9999997615814209,Gaeul,[1.000],,[],,[],"[1.000, 0.000, 0.000, 0.000, 0.000, 0.000, 0.000, 0.000]"
828,33.12,33.16,Gaeul,0.9999996423721313,Gaeul,[1.000],,[],,[],"[1.000, 0.000, 0.000, 0.000, 0.000, 0.000, 0.000, 0.000]"
829,33.16,33.2,Gaeul,0.9999996423721313,Gaeul,[1.000],,[],,[],"[1.000, 0.000, 0.000, 0.000, 0.000, 0.000, 0.000, 0.000]"
830,33.2,33.24,Gaeul,0.9999995231628418,Gaeul,[1.000],,[],,[],"[1.000, 0.000, 0.000, 0.000, 0.000, 0.000, 0.000, 0.000]"
831,33.24,33.28,Gaeul,0.9999994039535522,Gaeul,[1.000],,[],,[],"[1.000, 0.000, 0.000, 0.000, 0.000, 0.000, 0.000, 0.000]"
832,33.28,33.32,Gaeul,0.9999990463256836,Gaeul,[1.000],,[],,[],"[1.000, 0.000, 0.000, 0.000, 0.000, 0.000, 0.000, 0.000]"
833,33.32,33.36,Gaeul,0.9999986886978149,Gaeul,[1.000],,[],,[],"[1.000, 0.000, 0.000, 0.000, 0.000, 0.000, 0.000, 0.000]"
834,33.36,33.4,Gaeul,0.9999978542327881,Gaeul,[1.000],,[],,[],"[1.000, 0.000, 0.000, 0.000, 0.000, 0.000, 0.000, 0.000]"
835,33.4,33.44,Gaeul,0.9999964237213135,Gaeul,[1.000],,[],,[],"[1.000, 0.000, 0.000, 0.000, 0.000, 0.000, 0.000, 0.000]"
836,33.44,33.48,Gaeul,0.9999938011169434,Gaeul,[1.000],,[],,[],"[1.000, 0.000, 0.000, 0.000, 0.000, 0.000, 0.000, 0.000]"
837,33.48,33.52,Gaeul,0.9999886751174927,Gaeul,[1.000],,[],,[],"[1.000, 0.000, 0.000, 0.000, 0.000, 0.000, 0.000, 0.000]"
838,33.52,33.56,Gaeul,0.9999779462814331,Gaeul,[1.000],,[],,[],"[1.000, 0.000, 0.000, 0.000, 0.000, 0.000, 0.000, 0.000]"
839,33.56,33.6,Gaeul,0.999955415725708,Gaeul,[1.000],,[],,[],"[1.000, 0.000, 0.000, 0.000, 0.000, 0.000, 0.000, 0.000]"
840,33.6,33.64,Gaeul,0.9999058246612549,Gaeul,[1.000],,[],,[],"[1.000, 0.000, 0.000, 0.000, 0.000, 0.000, 0.000, 0.000]"
841,33.64,33.68,Gaeul,0.9997929930686951,Gaeul,[1.000],,[],,[],"[1.000, 0.000, 0.000, 0.000, 0.000, 0.000, 0.000, 0.000]"
842,33.68,33.72,Gaeul,0.9995286464691162,Gaeul,[1.000],,[],,[],"[1.000, 0.000, 0.000, 0.000, 0.000, 0.000, 0.000, 0.000]"
843,33.72,33.76,Gaeul,0.9988935589790344,Gaeul,[0.999],,[],,[],"[0.999, 0.000, 0.000, 0.000, 0.000, 0.000, 0.000, 0.000]"
844,33.76,33.8,Gaeul,0.9973421692848206,Gaeul,[0.997],,[],,[],"[0.997, 0.000, 0.000, 0.000, 0.000, 0.000, 0.000, 0.000]"
845,33.8,33.84,Gaeul,0.9935209155082703,Gaeul,[0.994],,[],,[],"[0.994, 0.000, 0.000, 0.000, 0.000, 0.000, 0.000, 0.000]"
846,33.84,33.88,Gaeul,0.9841319918632507,Gaeul,[0.984],,[],,[],"[0.984, 0.000, 0.000, 0.000, 0.000, 0.000, 0.000, 0.000]"
847,33.88,33.92,Gaeul,0.9615072011947632,Gaeul,[0.962],,[],,[],"[0.962, 0.000, 0.000, 0.000, 0.000, 0.000, 0.000, 0.000]"
848,33.92,33.96,Gaeul,0.909447968006134,Gaeul,[0.909],,[],,[],"[0.909, 0.000, 0.000, 0.000, 0.000, 0.000, 0.000, 0.000]"
849,33.96,34.0,Gaeul,0.8015457987785339,Gaeul,[0.802],,[],,[],"[0.802, 0.000, 0.000, 0.000, 0.000, 0.000, 0.000, 0.000]"
850,34.0,34.04,Gaeul,0.6193531155586243,Gaeul,[0.619],,[],,[],"[0.619, 0.000, 0.000, 0.000, 0.000, 0.000, 0.000, 0.000]"
851,34.04,34.08,silence,6.487576332563046e-21,,[],,[],,[],"[0.397, 0.000, 0.000, 0.000, 0.000, 0.000, 0.000, 0.000]"
852,34.08,34.12,silence,2.37351883512562e-20,,[],,[],,[],"[0.211, 0.000, 0.000, 0.000, 0.000, 0.000, 0.000, 0.000]"
853,34.12,34.16,silence,8.335367200786734e-20,,[],,[],,[],"[0.098, 0.000, 0.000, 0.000, 0.000, 0.000, 0.000, 0.000]"
854,34.16,34.2,silence,2.8112043310344353e-19,,[],,[],,[],"[0.043, 0.003, 0.000, 0.000, 0.000, 0.000, 0.000, 0.000]"
855,34.2,34.24,silence,9.061016046039823e-19,,[],,[],,[],"[0.018, 0.014, 0.000, 0.000, 0.000, 0.000, 0.000, 0.000]"
856,34.24,34.28,silence,2.78487434495626e-18,,[],,[],,[],"[0.008, 0.066, 0.000, 0.000, 0.000, 0.000, 0.000, 0.000]"
857,34.28,34.32,silence,8.150428123986083e-18,,[],,[],,[],"[0.003, 0.240, 0.000, 0.000, 0.000, 0.000, 0.000, 0.000]"
858,34.32,34.36,Yujin,0.5606079697608948,Yujin,[0.561],,[],,[],"[0.002, 0.561, 0.000, 0.000, 0.000, 0.000, 0.000, 0.000]"
859,34.36,34.4,Yujin,0.8230430483818054,Yujin,[0.823],,[],,[],"[0.001, 0.823, 0.000, 0.000, 0.000, 0.000, 0.000, 0.000]"
860,34.4,34.44,Yujin,0.9380828738212585,Yujin,[0.938],,[],,[],"[0.000, 0.938, 0.000, 0.000, 0.000, 0.000, 0.000, 0.000]"
861,34.44,34.48,Yujin,0.9778392314910889,Yujin,[0.978],,[],,[],"[0.000, 0.978, 0.000, 0.000, 0.000, 0.000, 0.000, 0.000]"
862,34.48,34.52,Yujin,0.9914175271987915,Yujin,[0.991],,[],,[],"[0.000, 0.991, 0.000, 0.000, 0.000, 0.000, 0.000, 0.000]"
863,34.52,34.56,Yujin,0.9963525533676147,Yujin,[0.996],,[],,[],"[0.000, 0.996, 0.000, 0.000, 0.000, 0.000, 0.000, 0.000]"
864,34.56,34.6,Yujin,0.9982978701591492,Yujin,[0.998],,[],,[],"[0.000, 0.998, 0.000, 0.000, 0.000, 0.000, 0.000, 0.000]"
865,34.6,34.64,Yujin,0.9991317391395569,Yujin,[0.999],,[],,[],"[0.000, 0.999, 0.000, 0.000, 0.000, 0.000, 0.000, 0.000]"
866,34.64,34.68,Yujin,0.9995192289352417,Yujin,[1.000],,[],,[],"[0.000, 1.000, 0.000, 0.000, 0.000, 0.000, 0.000, 0.000]"
867,34.68,34.72,Yujin,0.9997135996818542,Yujin,[1.000],,[],,[],"[0.000, 1.000, 0.000, 0.000, 0.000, 0.000, 0.000, 0.000]"
868,34.72,34.76,Yujin,0.9998179078102112,Yujin,[1.000],,[],,[],"[0.000, 1.000, 0.000, 0.000, 0.000, 0.000, 0.000, 0.000]"
869,34.76,34.8,Yujin,0.9998773336410522,Yujin,[1.000],,[],Liz,[0.669],"[0.000, 1.000, 0.000, 0.000, 0.000, 0.000, 0.000, 0.000]"
870,34.8,34.84,Yujin,0.9999129772186279,Yujin,[1.000],,[],Liz,[0.722],"[0.000, 1.000, 0.000, 0.000, 0.000, 0.000, 0.000, 0.000]"
871,34.84,34.88,Yujin,0.9999350309371948,Yujin,[1.000],,[],Liz,[0.765],"[0.000, 1.000, 0.000, 0.000, 0.000, 0.000, 0.000, 0.000]"
872,34.88,34.92,Yujin,0.9999490976333618,Yujin,[1.000],,[],Liz,[0.801],"[0.000, 1.000, 0.000, 0.000, 0.000, 0.000, 0.000, 0.000]"
873,34.92,34.96,Yujin,0.9999581575393677,Yujin,[1.000],,[],Liz,[0.830],"[0.000, 1.000, 0.000, 0.000, 0.000, 0.000, 0.000, 0.000]"
874,34.96,35.0,Yujin,0.9999641180038452,Yujin,[1.000],,[],Liz,[0.852],"[0.000, 1.000, 0.000, 0.000, 0.000, 0.000, 0.000, 0.000]"
875,35.0,35.04,Yujin,0.9999681711196899,Yujin,[1.000],,[],Liz,[0.869],"[0.000, 1.000, 0.000, 0.000, 0.000, 0.000, 0.000, 0.000]"
876,35.04,35.08,Yujin,0.9999710321426392,Yujin,[1.000],,[],Liz,[0.881],"[0.000, 1.000, 0.000, 0.000, 0.000, 0.000, 0.000, 0.000]"
877,35.08,35.12,Yujin,0.9999730587005615,Yujin,[1.000],,[],Liz,[0.888],"[0.000, 1.000, 0.000, 0.000, 0.000, 0.000, 0.000, 0.000]"
878,35.12,35.16,Yujin,0.9999743700027466,Yujin,[1.000],,[],Liz,[0.892],"[0.000, 1.000, 0.000, 0.000, 0.000, 0.000, 0.000, 0.000]"
879,35.16,35.2,Yujin,0.999975323677063,Yujin,[1.000],,[],Liz,[0.893],"[0.000, 1.000, 0.000, 0.000, 0.000, 0.000, 0.000, 0.000]"
880,35.2,35.24,Yujin,0.9999758005142212,Yujin,[1.000],,[],Liz,[0.891],"[0.000, 1.000, 0.000, 0.000, 0.000, 0.000, 0.000, 0.000]"
881,35.24,35.28,Yujin,0.9999760389328003,Yujin,[1.000],,[],Liz,[0.885],"[0.000, 1.000, 0.000, 0.000, 0.000, 0.000, 0.000, 0.000]"
882,35.28,35.32,Yujin,0.9999759197235107,Yujin,[1.000],,[],Liz,[0.877],"[0.000, 1.000, 0.000, 0.000, 0.000, 0.000, 0.000, 0.000]"
883,35.32,35.36,Yujin,0.9999755620956421,Yujin,[1.000],,[],Liz,[0.864],"[0.000, 1.000, 0.000, 0.000, 0.000, 0.000, 0.000, 0.000]"
884,35.36,35.4,Yujin,0.9999752044677734,Yujin,[1.000],,[],Liz,[0.847],"[0.000, 1.000, 0.000, 0.000, 0.000, 0.000, 0.000, 0.000]"
885,35.4,35.44,Yujin,0.9999747276306152,Yujin,[1.000],,[],Liz,[0.823],"[0.000, 1.000, 0.000, 0.000, 0.000, 0.000, 0.000, 0.000]"
886,35.44,35.48,Yujin,0.999974250793457,Yujin,[1.000],,[],Liz,[0.791],"[0.000, 1.000, 0.000, 0.000, 0.000, 0.000, 0.000, 0.000]"
887,35.48,35.52,Yujin,0.9999740123748779,Yujin,[1.000],,[],Liz,[0.749],"[0.000, 1.000, 0.000, 0.000, 0.000, 0.000, 0.000, 0.000]"
888,35.52,35.56,Yujin,0.9999738931655884,Yujin,[1.000],,[],Liz,[0.694],"[0.000, 1.000, 0.000, 0.000, 0.000, 0.000, 0.000, 0.000]"
889,35.56,35.6,Yujin,0.9999741315841675,Yujin,[1.000],,[],Liz,[0.626],"[0.000, 1.000, 0.000, 0.000, 0.000, 0.000, 0.000, 0.000]"
890,35.6,35.64,Yujin,0.9999746084213257,Yujin,[1.000],,[],,[],"[0.000, 1.000, 0.000, 0.000, 0.000, 0.000, 0.000, 0.000]"
891,35.64,35.68,Yujin,0.9999752044677734,Yujin,[1.000],,[],,[],"[0.000, 1.000, 0.000, 0.000, 0.000, 0.000, 0.000, 0.000]"
892,35.68,35.72,Yujin,0.9999758005142212,Yujin,[1.000],,[],,[],"[0.000, 1.000, 0.000, 0.000, 0.000, 0.000, 0.000, 0.000]"
893,35.72,35.76,Yujin,0.9999765157699585,Yujin,[1.000],,[],,[],"[0.000, 1.000, 0.000, 0.000, 0.000, 0.000, 0.000, 0.000]"
894,35.76,35.8,Yujin,0.9999773502349854,Yujin,[1.000],,[],,[],"[0.000, 1.000, 0.000, 0.000, 0.000, 0.000, 0.000, 0.000]"
895,35.8,35.84,Yujin,0.9999783039093018,Yujin,[1.000],,[],,[],"[0.000, 1.000, 0.000, 0.000, 0.000, 0.000, 0.000, 0.000]"
896,35.84,35.88,Yujin,0.9999792575836182,Yujin,[1.000],,[],,[],"[0.000, 1.000, 0.000, 0.000, 0.000, 0.000, 0.000, 0.000]"
897,35.88,35.92,Yujin,0.9999803304672241,Yujin,[1.000],,[],,[],"[0.000, 1.000, 0.000, 0.000, 0.000, 0.000, 0.000, 0.000]"
898,35.92,35.96,Yujin,0.9999812841415405,Yujin,[1.000],,[],,[],"[0.000, 1.000, 0.000, 0.000, 0.000, 0.000, 0.000, 0.000]"
899,35.96,36.0,Yujin,0.9999822378158569,Yujin,[1.000],,[],,[],"[0.000, 1.000, 0.000, 0.000, 0.000, 0.000, 0.000, 0.000]"
900,36.0,36.04,Yujin,0.9999830722808838,Yujin,[1.000],,[],,[],"[0.000, 1.000, 0.000, 0.000, 0.000, 0.000, 0.000, 0.000]"
901,36.04,36.08,Yujin,0.9999837875366211,Yujin,[1.000],,[],,[],"[0.000, 1.000, 0.000, 0.000, 0.000, 0.000, 0.000, 0.000]"
902,36.08,36.12,Yujin,0.9999845027923584,Yujin,[1.000],,[],,[],"[0.000, 1.000, 0.000, 0.000, 0.000, 0.000, 0.000, 0.000]"
903,36.12,36.16,Yujin,0.9999850988388062,Yujin,[1.000],,[],,[],"[0.000, 1.000, 0.000, 0.000, 0.000, 0.000, 0.000, 0.000]"
904,36.16,36.2,Yujin,0.9999855756759644,Yujin,[1.000],,[],,[],"[0.000, 1.000, 0.000, 0.000, 0.000, 0.000, 0.000, 0.000]"
905,36.2,36.24,Yujin,0.999985933303833,Yujin,[1.000],,[],,[],"[0.000, 1.000, 0.000, 0.000, 0.000, 0.000, 0.000, 0.000]"
906,36.24,36.28,Yujin,0.9999861717224121,Yujin,[1.000],,[],,[],"[0.000, 1.000, 0.000, 0.000, 0.000, 0.000, 0.000, 0.000]"
907,36.28,36.32,Yujin,0.9999864101409912,Yujin,[1.000],,[],,[],"[0.000, 1.000, 0.000, 0.000, 0.000, 0.000, 0.000, 0.000]"
908,36.32,36.36,Yujin,0.9999864101409912,Yujin,[1.000],,[],,[],"[0.000, 1.000, 0.000, 0.000, 0.000, 0.000, 0.000, 0.000]"
909,36.36,36.4,Yujin,0.9999865293502808,Yujin,[1.000],,[],,[],"[0.000, 1.000, 0.000, 0.000, 0.000, 0.000, 0.000, 0.000]"
910,36.4,36.44,Yujin,0.9999865293502808,Yujin,[1.000],,[],,[],"[0.000, 1.000, 0.000, 0.000, 0.000, 0.000, 0.000, 0.000]"
911,36.44,36.48,Yujin,0.9999866485595703,Yujin,[1.000],,[],,[],"[0.000, 1.000, 0.000, 0.000, 0.000, 0.000, 0.000, 0.000]"
912,36.48,36.52,Yujin,0.9999868869781494,Yujin,[1.000],,[],,[],"[0.000, 1.000, 0.000, 0.000, 0.000, 0.000, 0.000, 0.000]"
913,36.52,36.56,Yujin,0.9999871253967285,Yujin,[1.000],,[],,[],"[0.000, 1.000, 0.000, 0.000, 0.000, 0.000, 0.000, 0.000]"
914,36.56,36.6,Yujin,0.9999874830245972,Yujin,[1.000],,[],,[],"[0.000, 1.000, 0.000, 0.000, 0.000, 0.000, 0.000, 0.000]"
915,36.6,36.64,Yujin,0.9999880790710449,Yujin,[1.000],,[],,[],"[0.000, 1.000, 0.000, 0.000, 0.000, 0.000, 0.000, 0.000]"
916,36.64,36.68,Yujin,0.9999886751174927,Yujin,[1.000],,[],,[],"[0.000, 1.000, 0.000, 0.000, 0.000, 0.000, 0.000, 0.000]"
917,36.68,36.72,Yujin,0.99998939037323,Yujin,[1.000],,[],,[],"[0.000, 1.000, 0.000, 0.000, 0.000, 0.000, 0.000, 0.000]"
918,36.72,36.76,Yujin,0.9999901056289673,Yujin,[1.000],,[],,[],"[0.000, 1.000, 0.000, 0.000, 0.000, 0.000, 0.000, 0.000]"
919,36.76,36.8,Yujin,0.9999909400939941,Yujin,[1.000],,[],,[],"[0.000, 1.000, 0.000, 0.000, 0.000, 0.000, 0.000, 0.000]"
920,36.8,36.84,Yujin,0.999991774559021,Yujin,[1.000],,[],,[],"[0.000, 1.000, 0.000, 0.000, 0.000, 0.000, 0.000, 0.000]"
921,36.84,36.88,Yujin,0.9999924898147583,Yujin,[1.000],,[],,[],"[0.000, 1.000, 0.000, 0.000, 0.000, 0.000, 0.000, 0.000]"
922,36.88,36.92,Yujin,0.9999933242797852,Yujin,[1.000],,[],,[],"[0.000, 1.000, 0.000, 0.000, 0.000, 0.000, 0.000, 0.000]"
923,36.92,36.96,Yujin,0.9999940395355225,Yujin,[1.000],,[],,[],"[0.000, 1.000, 0.000, 0.000, 0.000, 0.000, 0.000, 0.000]"
924,36.96,37.0,Yujin,0.9999947547912598,Yujin,[1.000],,[],,[],"[0.000, 1.000, 0.000, 0.000, 0.000, 0.000, 0.000, 0.000]"
925,37.0,37.04,Yujin,0.9999954700469971,Yujin,[1.000],,[],,[],"[0.000, 1.000, 0.000, 0.000, 0.000, 0.000, 0.000, 0.000]"
926,37.04,37.08,Yujin,0.9999960660934448,Yujin,[1.000],,[],,[],"[0.000, 1.000, 0.000, 0.000, 0.000, 0.000, 0.000, 0.000]"
927,37.08,37.12,Yujin,0.999996542930603,Yujin,[1.000],,[],,[],"[0.000, 1.000, 0.000, 0.000, 0.000, 0.000, 0.001, 0.000]"
928,37.12,37.16,Yujin,0.9999971389770508,Yujin,[1.000],,[],,[],"[0.000, 1.000, 0.000, 0.000, 0.000, 0.000, 0.001, 0.000]"
929,37.16,37.2,Yujin,0.9999974966049194,Yujin,[1.000],,[],,[],"[0.000, 1.000, 0.000, 0.000, 0.000, 0.000, 0.001, 0.000]"
930,37.2,37.24,Yujin,0.9999978542327881,Yujin,[1.000],,[],,[],"[0.000, 1.000, 0.000, 0.000, 0.000, 0.000, 0.002, 0.000]"
931,37.24,37.28,Yujin,0.9999982118606567,Yujin,[1.000],,[],,[],"[0.000, 1.000, 0.000, 0.000, 0.000, 0.000, 0.003, 0.000]"
932,37.28,37.32,Yujin,0.9999984502792358,Yujin,[1.000],,[],,[],"[0.000, 1.000, 0.000, 0.000, 0.000, 0.000, 0.005, 0.000]"
933,37.32,37.36,Yujin,0.9999985694885254,Yujin,[1.000],,[],,[],"[0.000, 1.000, 0.000, 0.000, 0.000, 0.000, 0.008, 0.000]"
934,37.36,37.4,Yujin,0.9999986886978149,Yujin,[1.000],,[],,[],"[0.000, 1.000, 0.000, 0.000, 0.000, 0.000, 0.013, 0.000]"
935,37.4,37.44,Yujin,0.9999988079071045,Yujin,[1.000],,[],,[],"[0.000, 1.000, 0.000, 0.000, 0.000, 0.000, 0.021, 0.000]"
936,37.44,37.48,Yujin,0.9999988079071045,Yujin,[1.000],,[],,[],"[0.000, 1.000, 0.000, 0.000, 0.000, 0.000, 0.035, 0.000]"
937,37.48,37.52,Yujin,0.9999986886978149,Yujin,[1.000],,[],,[],"[0.000, 1.000, 0.000, 0.000, 0.000, 0.000, 0.058, 0.000]"
938,37.52,37.56,Yujin,0.9999985694885254,Yujin,[1.000],,[],,[],"[0.000, 1.000, 0.000, 0.000, 0.000, 0.000, 0.096, 0.000]"
939,37.56,37.6,Yujin,0.9999983310699463,Yujin,[1.000],,[],,[],"[0.000, 1.000, 0.000, 0.000, 0.000, 0.000, 0.157, 0.000]"
940,37.6,37.64,Yujin,0.9999978542327881,Yujin,[1.000],,[],,[],"[0.000, 1.000, 0.000, 0.000, 0.000, 0.000, 0.251, 0.000]"
941,37.64,37.68,Yujin,0.9999971389770508,Yujin,[1.000],,[],,[],"[0.000, 1.000, 0.000, 0.000, 0.000, 0.000, 0.378, 0.000]"
942,37.68,37.72,Yujin,0.9999957084655762,Yujin|Gang Vocal,"[1.000, 0.529]",,[],,[],"[0.000, 1.000, 0.000, 0.000, 0.000, 0.000, 0.529, 0.000]"
943,37.72,37.76,Yujin,0.999993085861206,Yujin|Gang Vocal,"[1.000, 0.676]",,[],,[],"[0.000, 1.000, 0.000, 0.000, 0.000, 0.000, 0.676, 0.000]"
944,37.76,37.8,Yujin,0.9999878406524658,Yujin|Gang Vocal,"[1.000, 0.796]",,[],,[],"[0.000, 1.000, 0.000, 0.000, 0.000, 0.000, 0.796, 0.000]"
945,37.8,37.84,Yujin,0.9999768733978271,Yujin|Gang Vocal,"[1.000, 0.881]",,[],,[],"[0.000, 1.000, 0.000, 0.000, 0.000, 0.000, 0.881, 0.000]"
946,37.84,37.88,Yujin,0.999951958656311,Yujin|Gang Vocal,"[1.000, 0.933]",,[],,[],"[0.000, 1.000, 0.000, 0.000, 0.000, 0.000, 0.933, 0.000]"
947,37.88,37.92,Yujin,0.9998917579650879,Yujin|Gang Vocal,"[1.000, 0.964]",,[],,[],"[0.000, 1.000, 0.000, 0.000, 0.000, 0.000, 0.964, 0.000]"
948,37.92,37.96,Yujin,0.9997361302375793,Yujin|Gang Vocal,"[1.000, 0.981]",,[],,[],"[0.000, 1.000, 0.000, 0.000, 0.000, 0.000, 0.981, 0.000]"
949,37.96,38.0,Yujin,0.999306321144104,Yujin|Gang Vocal,"[0.999, 0.990]",,[],,[],"[0.000, 0.999, 0.000, 0.000, 0.000, 0.000, 0.990, 0.000]"
950,38.0,38.04,Yujin,0.9980422258377075,Yujin|Gang Vocal,"[0.998, 0.995]",,[],,[],"[0.000, 0.998, 0.000, 0.000, 0.000, 0.000, 0.995, 0.000]"
951,38.04,38.08,Yujin,0.994121253490448,Yujin|Gang Vocal,"[0.994, 0.997]",,[],,[],"[0.000, 0.994, 0.000, 0.000, 0.000, 0.000, 0.997, 0.000]"
952,38.08,38.12,Yujin,0.9814797043800354,Yujin|Gang Vocal,"[0.981, 0.998]",,[],,[],"[0.000, 0.981, 0.000, 0.000, 0.000, 0.000, 0.998, 0.000]"
953,38.12,38.16,Yujin,0.940563976764679,Yujin|Gang Vocal,"[0.941, 0.999]",,[],,[],"[0.000, 0.941, 0.000, 0.000, 0.000, 0.000, 0.999, 0.000]"
954,38.16,38.2,Yujin,0.8194962739944458,Yujin|Gang Vocal,"[0.819, 0.999]",,[],,[],"[0.000, 0.819, 0.000, 0.000, 0.000, 0.000, 0.999, 0.000]"
955,38.2,38.24,Yujin,0.5581212639808655,Yujin|Gang Vocal,"[0.558, 1.000]",,[],,[],"[0.000, 0.558, 0.000, 0.000, 0.000, 0.000, 1.000, 0.000]"
956,38.24,38.28,Gang Vocal,0.9998121857643127,Gang Vocal,[1.000],,[],,[],"[0.000, 0.256, 0.000, 0.000, 0.000, 0.000, 1.000, 0.000]"
957,38.28,38.32,Gang Vocal,0.9998828172683716,Gang Vocal,[1.000],,[],,[],"[0.000, 0.085, 0.000, 0.000, 0.000, 0.000, 1.000, 0.000]"
958,38.32,38.36,Gang Vocal,0.9999244213104248,Gang Vocal,[1.000],,[],,[],"[0.000, 0.025, 0.000, 0.000, 0.000, 0.000, 1.000, 0.000]"
959,38.36,38.4,Gang Vocal,0.9999493360519409,Gang Vocal,[1.000],,[],,[],"[0.000, 0.007, 0.000, 0.000, 0.000, 0.000, 1.000, 0.000]"
960,38.4,38.44,Gang Vocal,0.9999645948410034,Gang Vocal,[1.000],,[],,[],"[0.000, 0.002, 0.000, 0.000, 0.000, 0.000, 1.000, 0.000]"
961,38.44,38.48,Gang Vocal,0.9999741315841675,Gang Vocal,[1.000],,[],,[],"[0.000, 0.001, 0.000, 0.000, 0.000, 0.000, 1.000, 0.000]"
962,38.48,38.52,Gang Vocal,0.9999802112579346,Gang Vocal,[1.000],,[],,[],"[0.000, 0.000, 0.000, 0.000, 0.000, 0.000, 1.000, 0.000]"
963,38.52,38.56,Gang Vocal,0.9999841451644897,Gang Vocal,[1.000],,[],,[],"[0.000, 0.000, 0.000, 0.000, 0.000, 0.000, 1.000, 0.000]"
964,38.56,38.6,Gang Vocal,0.9999866485595703,Gang Vocal,[1.000],,[],,[],"[0.000, 0.000, 0.000, 0.000, 0.000, 0.000, 1.000, 0.000]"
965,38.6,38.64,Gang Vocal,0.999988317489624,Gang Vocal,[1.000],,[],,[],"[0.000, 0.000, 0.000, 0.000, 0.000, 0.000, 1.000, 0.000]"
966,38.64,38.68,Gang Vocal,0.9999891519546509,Gang Vocal,[1.000],,[],,[],"[0.000, 0.000, 0.000, 0.000, 0.000, 0.000, 1.000, 0.000]"
967,38.68,38.72,Gang Vocal,0.99998939037323,Gang Vocal,[1.000],,[],,[],"[0.000, 0.000, 0.000, 0.000, 0.000, 0.000, 1.000, 0.000]"
968,38.72,38.76,Gang Vocal,0.9999892711639404,Gang Vocal,[1.000],,[],,[],"[0.000, 0.000, 0.000, 0.000, 0.000, 0.000, 1.000, 0.000]"
969,38.76,38.8,Gang Vocal,0.9999885559082031,Gang Vocal,[1.000],,[],,[],"[0.000, 0.000, 0.000, 0.000, 0.000, 0.000, 1.000, 0.000]"
970,38.8,38.84,Gang Vocal,0.9999871253967285,Gang Vocal,[1.000],,[],,[],"[0.000, 0.000, 0.000, 0.000, 0.000, 0.000, 1.000, 0.000]"
971,38.84,38.88,Gang Vocal,0.9999849796295166,Gang Vocal,[1.000],,[],,[],"[0.000, 0.000, 0.000, 0.000, 0.000, 0.000, 1.000, 0.000]"
972,38.88,38.92,Gang Vocal,0.9999817609786987,Gang Vocal,[1.000],,[],,[],"[0.000, 0.000, 0.000, 0.000, 0.000, 0.000, 1.000, 0.000]"
973,38.92,38.96,Gang Vocal,0.9999768733978271,Gang Vocal,[1.000],,[],,[],"[0.000, 0.000, 0.000, 0.000, 0.000, 0.000, 1.000, 0.000]"
974,38.96,39.0,Gang Vocal,0.9999698400497437,Gang Vocal,[1.000],,[],,[],"[0.000, 0.000, 0.000, 0.000, 0.000, 0.000, 1.000, 0.000]"
975,39.0,39.04,Gang Vocal,0.9999594688415527,Gang Vocal,[1.000],,[],,[],"[0.000, 0.000, 0.000, 0.000, 0.000, 0.000, 1.000, 0.000]"
976,39.04,39.08,Gang Vocal,0.9999443292617798,Gang Vocal,[1.000],,[],,[],"[0.000, 0.000, 0.000, 0.000, 0.000, 0.000, 1.000, 0.000]"
977,39.08,39.12,Gang Vocal,0.9999216794967651,Gang Vocal,[1.000],,[],,[],"[0.000, 0.000, 0.000, 0.000, 0.000, 0.000, 1.000, 0.000]"
978,39.12,39.16,Gang Vocal,0.9998878240585327,Gang Vocal,[1.000],,[],,[],"[0.000, 0.000, 0.000, 0.000, 0.000, 0.000, 1.000, 0.000]"
979,39.16,39.2,Gang Vocal,0.9998375177383423,Gang Vocal,[1.000],,[],,[],"[0.000, 0.000, 0.000, 0.000, 0.000, 0.000, 1.000, 0.000]"
980,39.2,39.24,Gang Vocal,0.9997633099555969,Gang Vocal,[1.000],,[],,[],"[0.000, 0.000, 0.000, 0.000, 0.000, 0.000, 1.000, 0.000]"
981,39.24,39.28,Gang Vocal,0.9996552467346191,Gang Vocal,[1.000],,[],,[],"[0.000, 0.000, 0.000, 0.000, 0.000, 0.000, 1.000, 0.000]"
982,39.28,39.32,Gang Vocal,0.9995007514953613,Gang Vocal,[1.000],,[],,[],"[0.000, 0.000, 0.000, 0.000, 0.000, 0.000, 1.000, 0.000]"
983,39.32,39.36,Gang Vocal,0.9992853999137878,Gang Vocal,[0.999],,[],,[],"[0.000, 0.000, 0.000, 0.000, 0.000, 0.000, 0.999, 0.000]"
984,39.36,39.4,Gang Vocal,0.9989935755729675,Gang Vocal,[0.999],,[],,[],"[0.000, 0.000, 0.000, 0.000, 0.000, 0.000, 0.999, 0.000]"
985,39.4,39.44,Gang Vocal,0.9986100196838379,Gang Vocal,[0.999],,[],,[],"[0.000, 0.000, 0.000, 0.000, 0.000, 0.000, 0.999, 0.000]"
986,39.44,39.48,Gang Vocal,0.9981221556663513,Gang Vocal,[0.998],,[],,[],"[0.000, 0.000, 0.000, 0.000, 0.000, 0.000, 0.998, 0.000]"
987,39.48,39.52,Gang Vocal,0.9975226521492004,Gang Vocal,[0.998],,[],,[],"[0.000, 0.000, 0.000, 0.000, 0.000, 0.000, 0.998, 0.000]"
988,39.52,39.56,Gang Vocal,0.9968112111091614,Gang Vocal,[0.997],,[],,[],"[0.000, 0.000, 0.000, 0.000, 0.000, 0.000, 0.997, 0.000]"
989,39.56,39.6,Gang Vocal,0.9959980249404907,Gang Vocal,[0.996],,[],,[],"[0.000, 0.000, 0.000, 0.000, 0.000, 0.000, 0.996, 0.000]"
990,39.6,39.64,Gang Vocal,0.995105504989624,Gang Vocal,[0.995],,[],,[],"[0.000, 0.000, 0.000, 0.000, 0.000, 0.000, 0.995, 0.000]"
991,39.64,39.68,Gang Vocal,0.9941658973693848,Gang Vocal,[0.994],,[],,[],"[0.000, 0.000, 0.000, 0.000, 0.000, 0.000, 0.994, 0.000]"
992,39.68,39.72,Gang Vocal,0.9932147264480591,Gang Vocal,[0.993],,[],,[],"[0.000, 0.000, 0.000, 0.000, 0.000, 0.000, 0.993, 0.000]"
993,39.72,39.76,Gang Vocal,0.9923019409179688,Gang Vocal,[0.992],,[],,[],"[0.000, 0.000, 0.000, 0.000, 0.001, 0.000, 0.992, 0.000]"
994,39.76,39.8,Gang Vocal,0.9914608001708984,Gang Vocal,[0.991],,[],,[],"[0.000, 0.000, 0.000, 0.000, 0.002, 0.000, 0.991, 0.000]"
995,39.8,39.84,Gang Vocal,0.9906981587409973,Gang Vocal,[0.991],,[],,[],"[0.000, 0.000, 0.000, 0.000, 0.004, 0.000, 0.991, 0.000]"
996,39.84,39.88,Gang Vocal,0.9899969100952148,Gang Vocal,[0.990],,[],,[],"[0.000, 0.000, 0.000, 0.000, 0.007, 0.000, 0.990, 0.000]"
997,39.88,39.92,Gang Vocal,0.9893532991409302,Gang Vocal,[0.989],,[],,[],"[0.000, 0.000, 0.000, 0.000, 0.015, 0.000, 0.989, 0.000]"
998,39.92,39.96,Gang Vocal,0.9887800216674805,Gang Vocal,[0.989],,[],,[],"[0.000, 0.000, 0.000, 0.000, 0.030, 0.000, 0.989, 0.000]"
999,39.96,40.0,Gang Vocal,0.9883004426956177,Gang Vocal,[0.988],,[],,[],"[0.000, 0.000, 0.000, 0.000, 0.059, 0.000, 0.988, 0.000]"
1000,40.0,40.04,Gang Vocal,0.9879297018051147,Gang Vocal,[0.988],,[],,[],"[0.000, 0.000, 0.000, 0.000, 0.111, 0.000, 0.988, 0.000]"
1001,40.04,40.08,Gang Vocal,0.987659752368927,Gang Vocal,[0.988],,[],,[],"[0.000, 0.000, 0.000, 0.000, 0.196, 0.000, 0.988, 0.000]"
1002,40.08,40.12,Gang Vocal,0.9874775409698486,Gang Vocal,[0.987],,[],,[],"[0.000, 0.000, 0.000, 0.000, 0.318, 0.000, 0.987, 0.000]"
1003,40.12,40.16,Gang Vocal,0.9873784184455872,Gang Vocal,[0.987],,[],,[],"[0.000, 0.000, 0.000, 0.000, 0.466, 0.000, 0.987, 0.000]"
1004,40.16,40.2,Liz,0.6137225031852722,Liz|Gang Vocal,"[0.614, 0.987]",,[],,[],"[0.000, 0.000, 0.000, 0.000, 0.614, 0.000, 0.987, 0.000]"
1005,40.2,40.24,Liz,0.736875057220459,Liz|Gang Vocal,"[0.737, 0.987]",,[],,[],"[0.000, 0.000, 0.000, 0.000, 0.737, 0.000, 0.987, 0.000]"
1006,40.24,40.28,Liz,0.8264833092689514,Liz|Gang Vocal,"[0.826, 0.987]",,[],,[],"[0.000, 0.000, 0.000, 0.000, 0.826, 0.000, 0.987, 0.000]"
1007,40.28,40.32,Liz,0.8862400054931641,Liz|Gang Vocal,"[0.886, 0.988]",,[],,[],"[0.000, 0.000, 0.000, 0.000, 0.886, 0.000, 0.988, 0.000]"
1008,40.32,40.36,Liz,0.9243198037147522,Liz|Gang Vocal,"[0.924, 0.988]",,[],,[],"[0.000, 0.000, 0.000, 0.000, 0.924, 0.000, 0.988, 0.000]"
1009,40.36,40.4,Liz,0.9483298063278198,Liz|Gang Vocal,"[0.948, 0.988]",,[],,[],"[0.000, 0.000, 0.000, 0.000, 0.948, 0.000, 0.988, 0.000]"
1010,40.4,40.44,Liz,0.96354740858078,Liz|Gang Vocal,"[0.964, 0.988]",,[],,[],"[0.000, 0.000, 0.000, 0.000, 0.964, 0.000, 0.988, 0.000]"
1011,40.44,40.48,Liz,0.9732478260993958,Liz|Gang Vocal,"[0.973, 0.988]",,[],,[],"[0.000, 0.000, 0.000, 0.000, 0.973, 0.000, 0.988, 0.000]"
1012,40.48,40.52,Liz,0.9794761538505554,Liz|Gang Vocal,"[0.979, 0.988]",,[],,[],"[0.000, 0.000, 0.000, 0.000, 0.979, 0.000, 0.988, 0.000]"
1013,40.52,40.56,Liz,0.983528733253479,Liz|Gang Vocal,"[0.984, 0.988]",,[],,[],"[0.000, 0.000, 0.000, 0.000, 0.984, 0.000, 0.988, 0.000]"
1014,40.56,40.6,Liz,0.9861829280853271,Liz|Gang Vocal,"[0.986, 0.989]",,[],,[],"[0.000, 0.001, 0.000, 0.000, 0.986, 0.000, 0.989, 0.000]"
1015,40.6,40.64,Liz,0.9878915548324585,Liz|Gang Vocal,"[0.988, 0.988]",,[],,[],"[0.000, 0.001, 0.000, 0.000, 0.988, 0.000, 0.988, 0.000]"
1016,40.64,40.68,Liz,0.9889246821403503,Liz|Gang Vocal,"[0.989, 0.988]",,[],,[],"[0.000, 0.001, 0.000, 0.000, 0.989, 0.000, 0.988, 0.000]"
1017,40.68,40.72,Liz,0.9894569516181946,Liz|Gang Vocal,"[0.989, 0.988]",,[],,[],"[0.000, 0.002, 0.000, 0.000, 0.989, 0.000, 0.988, 0.000]"
1018,40.72,40.76,Liz,0.989598274230957,Liz|Gang Vocal,"[0.990, 0.988]",,[],,[],"[0.000, 0.002, 0.000, 0.000, 0.990, 0.000, 0.988, 0.000]"
1019,40.76,40.8,Liz,0.989406406879425,Liz|Gang Vocal,"[0.989, 0.988]",,[],,[],"[0.000, 0.003, 0.000, 0.000, 0.989, 0.000, 0.988, 0.000]"
1020,40.8,40.84,Liz,0.9889324903488159,Liz|Gang Vocal,"[0.989, 0.987]",,[],,[],"[0.000, 0.004, 0.000, 0.000, 0.989, 0.000, 0.987, 0.000]"
1021,40.84,40.88,Liz,0.9882258176803589,Liz|Gang Vocal,"[0.988, 0.987]",Gaeul,"[0.493, 0.000, 0.000, 0.000, 0.000, 0.000, 0.000]",,[],"[0.000, 0.005, 0.000, 0.000, 0.988, 0.000, 0.987, 0.000]"
1022,40.88,40.92,Liz,0.9873009920120239,Liz|Gang Vocal,"[0.987, 0.986]",Gaeul,"[0.517, 0.000, 0.000, 0.000, 0.000, 0.000, 0.000]",,[],"[0.000, 0.006, 0.000, 0.000, 0.987, 0.000, 0.986, 0.000]"
1023,40.92,40.96,Liz,0.9861472249031067,Liz|Gang Vocal,"[0.986, 0.985]",Gaeul,"[0.532, 0.000, 0.000, 0.000, 0.000, 0.000, 0.000]",,[],"[0.000, 0.008, 0.000, 0.000, 0.986, 0.000, 0.985, 0.000]"
1024,40.96,41.0,Liz,0.9847737550735474,Liz|Gang Vocal,"[0.985, 0.984]",Gaeul,"[0.538, 0.000, 0.000, 0.000, 0.000, 0.000, 0.000]",,[],"[0.000, 0.008, 0.000, 0.000, 0.985, 0.000, 0.984, 0.000]"
1025,41.0,41.04,Liz,0.9832012057304382,Liz|Gang Vocal,"[0.983, 0.983]",Gaeul,"[0.535, 0.000, 0.000, 0.000, 0.000, 0.000, 0.000]",,[],"[0.000, 0.009, 0.000, 0.000, 0.983, 0.000, 0.983, 0.000]"
1026,41.04,41.08,Liz,0.9814251661300659,Liz|Gang Vocal,"[0.981, 0.981]",Gaeul,"[0.522, 0.000, 0.000, 0.000, 0.000, 0.000, 0.000]",,[],"[0.000, 0.010, 0.000, 0.000, 0.981, 0.000, 0.981, 0.000]"
1027,41.08,41.12,Liz,0.9794203639030457,Liz|Gang Vocal,"[0.979, 0.980]",Gaeul,"[0.501, 0.000, 0.000, 0.000, 0.000, 0.000, 0.000]",,[],"[0.000, 0.010, 0.000, 0.000, 0.979, 0.000, 0.980, 0.000]"
1028,41.12,41.16,Liz,0.9771644473075867,Liz|Gang Vocal,"[0.977, 0.978]",Gaeul,"[0.471, 0.000, 0.000, 0.000, 0.000, 0.000, 0.000]",,[],"[0.000, 0.010, 0.000, 0.000, 0.977, 0.000, 0.978, 0.000]"
1029,41.16,41.2,Liz,0.9746057391166687,Liz|Gang Vocal,"[0.975, 0.976]",Gaeul,"[0.431, 0.000, 0.000, 0.000, 0.000, 0.000, 0.000]",,[],"[0.000, 0.009, 0.000, 0.000, 0.975, 0.000, 0.976, 0.000]"
1030,41.2,41.24,Liz,0.9716217517852783,Liz|Gang Vocal,"[0.972, 0.974]",,[],,[],"[0.000, 0.009, 0.000, 0.000, 0.972, 0.000, 0.974, 0.000]"
1031,41.24,41.28,Liz,0.9680849313735962,Liz|Gang Vocal,"[0.968, 0.972]",,[],,[],"[0.000, 0.008, 0.000, 0.000, 0.968, 0.000, 0.972, 0.000]"
1032,41.28,41.32,Liz,0.9638739824295044,Liz|Gang Vocal,"[0.964, 0.969]",,[],,[],"[0.000, 0.007, 0.000, 0.000, 0.964, 0.000, 0.969, 0.000]"
1033,41.32,41.36,Liz,0.9587773084640503,Liz|Gang Vocal,"[0.959, 0.967]",,[],,[],"[0.000, 0.006, 0.000, 0.000, 0.959, 0.000, 0.967, 0.000]"
1034,41.36,41.4,Liz,0.9524527788162231,Liz|Gang Vocal,"[0.952, 0.964]",,[],,[],"[0.000, 0.005, 0.000, 0.000, 0.952, 0.000, 0.964, 0.000]"
1035,41.4,41.44,Liz,0.9445125460624695,Liz|Gang Vocal,"[0.945, 0.961]",,[],,[],"[0.000, 0.004, 0.000, 0.000, 0.945, 0.000, 0.961, 0.000]"
1036,41.44,41.48,Liz,0.9345179796218872,Liz|Gang Vocal,"[0.935, 0.957]",,[],,[],"[0.000, 0.004, 0.000, 0.000, 0.935, 0.000, 0.957, 0.000]"
1037,41.48,41.52,Liz,0.9219332337379456,Liz|Gang Vocal,"[0.922, 0.954]",,[],,[],"[0.000, 0.003, 0.000, 0.000, 0.922, 0.000, 0.954, 0.000]"
1038,41.52,41.56,Liz,0.9061158895492554,Liz|Gang Vocal,"[0.906, 0.950]",,[],,[],"[0.000, 0.002, 0.000, 0.000, 0.906, 0.000, 0.950, 0.000]"
1039,41.56,41.6,Liz,0.8862324953079224,Liz|Gang Vocal,"[0.886, 0.945]",,[],,[],"[0.000, 0.002, 0.000, 0.000, 0.886, 0.000, 0.945, 0.000]"
1040,41.6,41.64,Liz,0.8612597584724426,Liz|Gang Vocal,"[0.861, 0.941]",,[],,[],"[0.000, 0.002, 0.000, 0.000, 0.861, 0.000, 0.941, 0.000]"
1041,41.64,41.68,Liz,0.830325722694397,Liz|Gang Vocal,"[0.830, 0.936]",,[],,[],"[0.000, 0.001, 0.000, 0.000, 0.830, 0.000, 0.936, 0.000]"
1042,41.68,41.72,Liz,0.7929741740226746,Liz|Gang Vocal,"[0.793, 0.931]",,[],,[],"[0.000, 0.001, 0.000, 0.000, 0.793, 0.000, 0.931, 0.000]"
1043,41.72,41.76,Liz,0.7491883635520935,Liz|Gang Vocal,"[0.749, 0.926]",,[],,[],"[0.000, 0.001, 0.000, 0.000, 0.749, 0.000, 0.926, 0.000]"
1044,41.76,41.8,Liz,0.6995700001716614,Liz|Gang Vocal,"[0.700, 0.921]",,[],,[],"[0.000, 0.001, 0.000, 0.000, 0.700, 0.000, 0.921, 0.000]"
1045,41.8,41.84,Liz,0.6457247734069824,Liz|Gang Vocal,"[0.646, 0.915]",,[],,[],"[0.000, 0.001, 0.000, 0.000, 0.646, 0.000, 0.915, 0.000]"
1046,41.84,41.88,Liz,0.5902234315872192,Liz|Gang Vocal,"[0.590, 0.910]",,[],,[],"[0.000, 0.001, 0.000, 0.000, 0.590, 0.000, 0.910, 0.000]"
1047,41.88,41.92,Liz,0.5361114740371704,Liz|Gang Vocal,"[0.536, 0.906]",,[],,[],"[0.000, 0.000, 0.000, 0.000, 0.536, 0.000, 0.906, 0.000]"
1048,41.92,41.96,Liz,0.4861740171909332,Liz|Gang Vocal,"[0.486, 0.902]",,[],,[],"[0.000, 0.000, 0.000, 0.000, 0.486, 0.000, 0.902, 0.000]"
1049,41.96,42.0,Gang Vocal,0.898790717124939,Gang Vocal,[0.899],,[],,[],"[0.000, 0.000, 0.000, 0.000, 0.442, 0.000, 0.899, 0.000]"
1050,42.0,42.04,Gang Vocal,0.8961359858512878,Gang Vocal,[0.896],,[],,[],"[0.000, 0.000, 0.000, 0.000, 0.406, 0.000, 0.896, 0.000]"
1051,42.04,42.08,Gang Vocal,0.8942039012908936,Gang Vocal,[0.894],,[],,[],"[0.000, 0.000, 0.000, 0.000, 0.378, 0.000, 0.894, 0.000]"
1052,42.08,42.12,Gang Vocal,0.8930458426475525,Gang Vocal,[0.893],,[],,[],"[0.000, 0.000, 0.000, 0.000, 0.359, 0.000, 0.893, 0.000]"
1053,42.12,42.16,Gang Vocal,0.8926029205322266,Gang Vocal,[0.893],,[],,[],"[0.000, 0.000, 0.000, 0.000, 0.348, 0.000, 0.893, 0.000]"
1054,42.16,42.2,Gang Vocal,0.8928394913673401,Gang Vocal,[0.893],,[],,[],"[0.000, 0.000, 0.000, 0.000, 0.344, 0.000, 0.893, 0.000]"
1055,42.2,42.24,Gang Vocal,0.8937317132949829,Gang Vocal,[0.894],,[],,[],"[0.000, 0.000, 0.000, 0.000, 0.348, 0.000, 0.894, 0.000]"
1056,42.24,42.28,Gang Vocal,0.8952857255935669,Gang Vocal,[0.895],,[],,[],"[0.000, 0.000, 0.000, 0.000, 0.360, 0.000, 0.895, 0.000]"
1057,42.28,42.32,Gang Vocal,0.8975467085838318,Gang Vocal,[0.898],,[],,[],"[0.000, 0.000, 0.000, 0.000, 0.380, 0.000, 0.898, 0.000]"
1058,42.32,42.36,Gang Vocal,0.9005075693130493,Gang Vocal,[0.901],,[],,[],"[0.000, 0.000, 0.000, 0.000, 0.407, 0.000, 0.901, 0.000]"
1059,42.36,42.4,Gang Vocal,0.904127299785614,Gang Vocal,[0.904],,[],,[],"[0.000, 0.000, 0.000, 0.000, 0.443, 0.000, 0.904, 0.000]"
1060,42.4,42.44,Gang Vocal,0.9083605408668518,Gang Vocal,[0.908],,[],,[],"[0.000, 0.000, 0.000, 0.000, 0.486, 0.000, 0.908, 0.000]"
1061,42.44,42.48,Liz,0.535442590713501,Liz|Gang Vocal,"[0.535, 0.913]",,[],,[],"[0.000, 0.000, 0.000, 0.000, 0.535, 0.000, 0.913, 0.000]"
1062,42.48,42.52,Liz,0.589958131313324,Liz|Gang Vocal,"[0.590, 0.919]",,[],,[],"[0.000, 0.000, 0.000, 0.000, 0.590, 0.000, 0.919, 0.000]"
1063,42.52,42.56,Liz,0.6468605399131775,Liz|Gang Vocal,"[0.647, 0.924]",,[],,[],"[0.000, 0.000, 0.000, 0.000, 0.647, 0.000, 0.924, 0.000]"
1064,42.56,42.6,Liz,0.7031413912773132,Liz|Gang Vocal,"[0.703, 0.930]",,[],,[],"[0.000, 0.000, 0.000, 0.000, 0.703, 0.000, 0.930, 0.000]"
1065,42.6,42.64,Liz,0.7558833956718445,Liz|Gang Vocal,"[0.756, 0.936]",,[],,[],"[0.000, 0.000, 0.000, 0.000, 0.756, 0.000, 0.936, 0.000]"
1066,42.64,42.68,Liz,0.8029009699821472,Liz|Gang Vocal,"[0.803, 0.941]",,[],,[],"[0.000, 0.000, 0.000, 0.000, 0.803, 0.000, 0.941, 0.000]"
1067,42.68,42.72,Liz,0.8430010080337524,Liz|Gang Vocal,"[0.843, 0.946]",,[],,[],"[0.000, 0.000, 0.000, 0.000, 0.843, 0.000, 0.946, 0.000]"
1068,42.72,42.76,Liz,0.8759809136390686,Liz|Gang Vocal,"[0.876, 0.950]",,[],,[],"[0.000, 0.000, 0.000, 0.000, 0.876, 0.000, 0.950, 0.000]"
1069,42.76,42.8,Liz,0.9023125171661377,Liz|Gang Vocal,"[0.902, 0.954]",,[],,[],"[0.000, 0.000, 0.000, 0.000, 0.902, 0.000, 0.954, 0.000]"
1070,42.8,42.84,Liz,0.92283695936203,Liz|Gang Vocal,"[0.923, 0.957]",,[],,[],"[0.000, 0.000, 0.000, 0.000, 0.923, 0.000, 0.957, 0.000]"
1071,42.84,42.88,Liz,0.9384692907333374,Liz|Gang Vocal,"[0.938, 0.959]",,[],,[],"[0.000, 0.000, 0.000, 0.000, 0.938, 0.000, 0.959, 0.000]"
1072,42.88,42.92,Liz,0.9502284526824951,Liz|Gang Vocal,"[0.950, 0.961]",,[],,[],"[0.000, 0.001, 0.000, 0.000, 0.950, 0.000, 0.961, 0.000]"
1073,42.92,42.96,Liz,0.9590257406234741,Liz|Gang Vocal,"[0.959, 0.962]",,[],,[],"[0.000, 0.001, 0.000, 0.000, 0.959, 0.000, 0.962, 0.000]"
1074,42.96,43.0,Liz,0.9655689597129822,Liz|Gang Vocal,"[0.966, 0.963]",,[],,[],"[0.000, 0.001, 0.000, 0.000, 0.966, 0.000, 0.963, 0.000]"
1075,43.0,43.04,Liz,0.9704278111457825,Liz|Gang Vocal,"[0.970, 0.962]",,[],,[],"[0.000, 0.001, 0.000, 0.000, 0.970, 0.000, 0.962, 0.000]"
1076,43.04,43.08,Liz,0.9740096926689148,Liz|Gang Vocal,"[0.974, 0.961]",,[],,[],"[0.000, 0.001, 0.000, 0.000, 0.974, 0.000, 0.961, 0.000]"
1077,43.08,43.12,Liz,0.9766186475753784,Liz|Gang Vocal,"[0.977, 0.959]",,[],,[],"[0.000, 0.001, 0.000, 0.000, 0.977, 0.000, 0.959, 0.000]"
1078,43.12,43.16,Liz,0.9784744381904602,Liz|Gang Vocal,"[0.978, 0.956]",,[],,[],"[0.000, 0.001, 0.000, 0.000, 0.978, 0.000, 0.956, 0.000]"
1079,43.16,43.2,Liz,0.9797358512878418,Liz|Gang Vocal,"[0.980, 0.951]",,[],,[],"[0.000, 0.001, 0.000, 0.000, 0.980, 0.000, 0.951, 0.000]"
1080,43.2,43.24,Liz,0.9805315136909485,Liz|Gang Vocal,"[0.981, 0.944]",,[],,[],"[0.000, 0.001, 0.000, 0.000, 0.981, 0.001, 0.944, 0.000]"
1081,43.24,43.28,Liz,0.9809218049049377,Liz|Gang Vocal,"[0.981, 0.935]",,[],,[],"[0.000, 0.001, 0.000, 0.000, 0.981, 0.001, 0.935, 0.000]"
1082,43.28,43.32,Liz,0.9809399247169495,Liz|Gang Vocal,"[0.981, 0.923]",,[],,[],"[0.000, 0.001, 0.000, 0.000, 0.981, 0.001, 0.923, 0.000]"
1083,43.32,43.36,Liz,0.9805953502655029,Liz|Gang Vocal,"[0.981, 0.906]",,[],,[],"[0.000, 0.001, 0.000, 0.000, 0.981, 0.001, 0.906, 0.000]"
1084,43.36,43.4,Liz,0.979881763458252,Liz|Gang Vocal,"[0.980, 0.885]",,[],,[],"[0.000, 0.001, 0.000, 0.000, 0.980, 0.001, 0.885, 0.000]"
1085,43.4,43.44,Liz,0.9787335991859436,Liz|Gang Vocal,"[0.979, 0.855]",,[],,[],"[0.000, 0.001, 0.001, 0.000, 0.979, 0.001, 0.855, 0.000]"
1086,43.44,43.48,Liz,0.9770262837409973,Liz|Gang Vocal,"[0.977, 0.817]",,[],,[],"[0.000, 0.001, 0.001, 0.000, 0.977, 0.001, 0.817, 0.000]"
1087,43.48,43.52,Liz,0.9745669960975647,Liz|Gang Vocal,"[0.975, 0.766]",,[],,[],"[0.000, 0.001, 0.001, 0.000, 0.975, 0.001, 0.766, 0.000]"
1088,43.52,43.56,Liz,0.9710975885391235,Liz|Gang Vocal,"[0.971, 0.701]",,[],,[],"[0.000, 0.001, 0.001, 0.001, 0.971, 0.001, 0.701, 0.000]"
1089,43.56,43.6,Liz,0.9662538170814514,Liz|Gang Vocal,"[0.966, 0.621]",,[],,[],"[0.000, 0.001, 0.001, 0.001, 0.966, 0.002, 0.621, 0.000]"
1090,43.6,43.64,Liz,0.9594547748565674,Liz|Gang Vocal,"[0.959, 0.528]",,[],,[],"[0.000, 0.001, 0.001, 0.001, 0.959, 0.002, 0.528, 0.000]"
1091,43.64,43.68,Liz,0.9497007727622986,Liz,[0.950],,[],,[],"[0.000, 0.001, 0.001, 0.002, 0.950, 0.002, 0.425, 0.000]"
1092,43.68,43.72,Liz,0.9353191256523132,Liz,[0.935],,[],,[],"[0.000, 0.000, 0.001, 0.003, 0.935, 0.002, 0.323, 0.000]"
1093,43.72,43.76,Liz,0.9137549996376038,Liz,[0.914],,[],,[],"[0.000, 0.000, 0.001, 0.004, 0.914, 0.001, 0.231, 0.000]"
1094,43.76,43.8,Liz,0.8810636401176453,Liz,[0.881],,[],,[],"[0.000, 0.000, 0.000, 0.008, 0.881, 0.001, 0.156, 0.000]"
1095,43.8,43.84,Liz,0.8314632773399353,Liz,[0.831],,[],,[],"[0.000, 0.000, 0.000, 0.014, 0.831, 0.001, 0.100, 0.000]"
1096,43.84,43.88,Liz,0.757839560508728,Liz,[0.758],,[],,[],"[0.000, 0.000, 0.000, 0.026, 0.758, 0.001, 0.061, 0.000]"
1097,43.88,43.92,Liz,0.6541690826416016,Liz,[0.654],,[],,[],"[0.000, 0.000, 0.000, 0.051, 0.654, 0.001, 0.036, 0.000]"
1098,43.92,43.96,Liz,0.521462082862854,Liz,[0.521],,[],,[],"[0.000, 0.000, 0.000, 0.102, 0.521, 0.001, 0.020, 0.000]"
1099,43.96,44.0,silence,4.991389346287178e-07,,[],,[],,[],"[0.000, 0.000, 0.000, 0.201, 0.375, 0.000, 0.011, 0.000]"
1100,44.0,44.04,silence,4.1206217815670243e-07,,[],,[],,[],"[0.000, 0.000, 0.000, 0.365, 0.240, 0.000, 0.006, 0.000]"
1101,44.04,44.08,Wonyoung,0.5754455924034119,Wonyoung,[0.575],,[],,[],"[0.000, 0.000, 0.000, 0.575, 0.137, 0.000, 0.003, 0.000]"
1102,44.08,44.12,Wonyoung,0.7660855650901794,Wonyoung,[0.766],,[],,[],"[0.000, 0.000, 0.000, 0.766, 0.072, 0.000, 0.002, 0.000]"
1103,44.12,44.16,Wonyoung,0.8895238041877747,Wonyoung,[0.890],,[],,[],"[0.000, 0.000, 0.000, 0.890, 0.035, 0.000, 0.001, 0.000]"
1104,44.16,44.2,Wonyoung,0.9524521231651306,Wonyoung,[0.952],,[],,[],"[0.000, 0.000, 0.000, 0.952, 0.016, 0.000, 0.000, 0.000]"
1105,44.2,44.24,Wonyoung,0.9804872870445251,Wonyoung,[0.980],,[],,[],"[0.000, 0.000, 0.000, 0.980, 0.007, 0.000, 0.000, 0.000]"
1106,44.24,44.28,Wonyoung,0.9921621680259705,Wonyoung,[0.992],,[],,[],"[0.000, 0.000, 0.000, 0.992, 0.003, 0.000, 0.000, 0.000]"
1107,44.28,44.32,Wonyoung,0.9968823194503784,Wonyoung,[0.997],,[],,[],"[0.000, 0.000, 0.000, 0.997, 0.001, 0.000, 0.000, 0.000]"
1108,44.32,44.36,Wonyoung,0.9987623691558838,Wonyoung,[0.999],,[],,[],"[0.000, 0.000, 0.000, 0.999, 0.000, 0.000, 0.000, 0.000]"
1109,44.36,44.4,Wonyoung,0.999506950378418,Wonyoung,[1.000],,[],,[],"[0.000, 0.000, 0.000, 1.000, 0.000, 0.000, 0.000, 0.000]"
1110,44.4,44.44,Wonyoung,0.99980229139328,Wonyoung,[1.000],,[],,[],"[0.000, 0.000, 0.000, 1.000, 0.000, 0.000, 0.000, 0.000]"
1111,44.44,44.48,Wonyoung,0.9999200105667114,Wonyoung,[1.000],,[],,[],"[0.000, 0.000, 0.000, 1.000, 0.000, 0.000, 0.000, 0.000]"
1112,44.48,44.52,Wonyoung,0.999967098236084,Wonyoung,[1.000],,[],,[],"[0.000, 0.000, 0.000, 1.000, 0.000, 0.000, 0.000, 0.000]"
1113,44.52,44.56,Wonyoung,0.9999861717224121,Wonyoung,[1.000],,[],Liz,[0.664],"[0.000, 0.000, 0.000, 1.000, 0.000, 0.000, 0.000, 0.000]"
1114,44.56,44.6,Wonyoung,0.9999940395355225,Wonyoung,[1.000],,[],Liz,[0.725],"[0.000, 0.000, 0.000, 1.000, 0.000, 0.000, 0.000, 0.000]"
1115,44.6,44.64,Wonyoung,0.9999972581863403,Wonyoung,[1.000],,[],Liz,[0.775],"[0.000, 0.000, 0.000, 1.000, 0.000, 0.000, 0.000, 0.000]"
1116,44.64,44.68,Wonyoung,0.9999986886978149,Wonyoung,[1.000],,[],Liz,[0.815],"[0.000, 0.000, 0.000, 1.000, 0.000, 0.000, 0.000, 0.000]"
1117,44.68,44.72,Wonyoung,0.9999994039535522,Wonyoung,[1.000],,[],Liz,[0.849],"[0.000, 0.000, 0.000, 1.000, 0.000, 0.000, 0.000, 0.000]"
1118,44.72,44.76,Wonyoung,0.9999996423721313,Wonyoung,[1.000],,[],Liz,[0.878],"[0.000, 0.000, 0.000, 1.000, 0.000, 0.000, 0.000, 0.000]"
1119,44.76,44.8,Wonyoung,0.9999997615814209,Wonyoung,[1.000],,[],Liz,[0.902],"[0.000, 0.000, 0.000, 1.000, 0.000, 0.000, 0.000, 0.000]"
1120,44.8,44.84,Wonyoung,0.9999998807907104,Wonyoung,[1.000],,[],Liz,[0.923],"[0.000, 0.000, 0.000, 1.000, 0.000, 0.000, 0.000, 0.000]"
1121,44.84,44.88,Wonyoung,0.9999998807907104,Wonyoung,[1.000],Leeseo,"[0.000, 0.000, 0.000, 0.000, 0.000, 0.589, 0.000]",Liz,[0.942],"[0.000, 0.000, 0.000, 1.000, 0.000, 0.000, 0.000, 0.000]"
1122,44.88,44.92,Wonyoung,1.0,Wonyoung,[1.000],Leeseo,"[0.000, 0.000, 0.000, 0.000, 0.000, 0.708, 0.000]",Liz,[0.957],"[0.000, 0.000, 0.000, 1.000, 0.000, 0.000, 0.000, 0.000]"
1123,44.92,44.96,Wonyoung,1.0,Wonyoung,[1.000],Leeseo,"[0.000, 0.000, 0.000, 0.000, 0.000, 0.803, 0.000]",Liz,[0.970],"[0.000, 0.000, 0.000, 1.000, 0.000, 0.000, 0.000, 0.000]"
1124,44.96,45.0,Wonyoung,1.0,Wonyoung,[1.000],Leeseo,"[0.000, 0.000, 0.000, 0.000, 0.000, 0.871, 0.000]",Liz,[0.979],"[0.000, 0.000, 0.000, 1.000, 0.000, 0.000, 0.000, 0.000]"
1125,45.0,45.04,Wonyoung,1.0,Wonyoung,[1.000],Leeseo,"[0.000, 0.000, 0.000, 0.000, 0.000, 0.917, 0.000]",Liz,[0.986],"[0.000, 0.000, 0.000, 1.000, 0.000, 0.000, 0.000, 0.000]"
1126,45.04,45.08,Wonyoung,1.0,Wonyoung,[1.000],Leeseo,"[0.000, 0.000, 0.000, 0.000, 0.000, 0.947, 0.000]",Liz,[0.991],"[0.000, 0.000, 0.000, 1.000, 0.000, 0.000, 0.000, 0.000]"
1127,45.08,45.12,Wonyoung,1.0,Wonyoung,[1.000],Leeseo,"[0.000, 0.000, 0.000, 0.000, 0.000, 0.966, 0.000]",Liz,[0.994],"[0.000, 0.000, 0.000, 1.000, 0.000, 0.000, 0.000, 0.000]"
1128,45.12,45.16,Wonyoung,1.0,Wonyoung,[1.000],Leeseo,"[0.000, 0.000, 0.000, 0.000, 0.000, 0.977, 0.000]",Liz,[0.997],"[0.000, 0.000, 0.000, 1.000, 0.000, 0.000, 0.000, 0.000]"
1129,45.16,45.2,Wonyoung,1.0,Wonyoung,[1.000],Leeseo,"[0.000, 0.000, 0.000, 0.000, 0.000, 0.985, 0.000]",Liz,[0.998],"[0.000, 0.000, 0.000, 1.000, 0.000, 0.000, 0.000, 0.000]"
1130,45.2,45.24,Wonyoung,1.0,Wonyoung,[1.000],Leeseo,"[0.000, 0.000, 0.000, 0.000, 0.000, 0.989, 0.000]",Liz,[0.999],"[0.000, 0.000, 0.000, 1.000, 0.000, 0.000, 0.000, 0.000]"
1131,45.24,45.28,Wonyoung,1.0,Wonyoung,[1.000],Leeseo,"[0.000, 0.000, 0.000, 0.000, 0.000, 0.992, 0.000]",Liz,[0.999],"[0.000, 0.000, 0.000, 1.000, 0.000, 0.000, 0.000, 0.000]"
1132,45.28,45.32,Wonyoung,1.0,Wonyoung,[1.000],Leeseo,"[0.000, 0.000, 0.000, 0.000, 0.000, 0.994, 0.000]",Liz,[1.000],"[0.000, 0.000, 0.000, 1.000, 0.000, 0.000, 0.000, 0.000]"
1133,45.32,45.36,Wonyoung,1.0,Wonyoung,[1.000],Leeseo,"[0.000, 0.000, 0.000, 0.000, 0.000, 0.996, 0.000]",Liz,[1.000],"[0.000, 0.000, 0.000, 1.000, 0.000, 0.000, 0.000, 0.000]"
1134,45.36,45.4,Wonyoung,1.0,Wonyoung,[1.000],Leeseo,"[0.000, 0.000, 0.000, 0.000, 0.000, 0.997, 0.000]",Liz,[1.000],"[0.000, 0.000, 0.000, 1.000, 0.000, 0.000, 0.000, 0.000]"
1135,45.4,45.44,Wonyoung,1.0,Wonyoung,[1.000],Leeseo,"[0.000, 0.000, 0.000, 0.000, 0.000, 0.997, 0.000]",Liz,[1.000],"[0.000, 0.000, 0.000, 1.000, 0.000, 0.000, 0.000, 0.000]"
1136,45.44,45.48,Wonyoung,1.0,Wonyoung,[1.000],Leeseo,"[0.000, 0.000, 0.000, 0.000, 0.000, 0.998, 0.000]",Liz,[1.000],"[0.000, 0.000, 0.000, 1.000, 0.000, 0.000, 0.000, 0.000]"
1137,45.48,45.52,Wonyoung,1.0,Wonyoung,[1.000],Leeseo,"[0.000, 0.000, 0.000, 0.000, 0.000, 0.998, 0.000]",Liz,[1.000],"[0.000, 0.000, 0.000, 1.000, 0.000, 0.000, 0.000, 0.000]"
1138,45.52,45.56,Wonyoung,1.0,Wonyoung,[1.000],Leeseo,"[0.000, 0.000, 0.000, 0.000, 0.000, 0.998, 0.000]",Liz,[1.000],"[0.000, 0.000, 0.000, 1.000, 0.000, 0.000, 0.000, 0.000]"
1139,45.56,45.6,Wonyoung,1.0,Wonyoung,[1.000],Leeseo,"[0.000, 0.000, 0.000, 0.000, 0.000, 0.999, 0.000]",Liz,[1.000],"[0.000, 0.000, 0.000, 1.000, 0.000, 0.000, 0.000, 0.000]"
1140,45.6,45.64,Wonyoung,1.0,Wonyoung,[1.000],Leeseo,"[0.000, 0.000, 0.000, 0.000, 0.000, 0.999, 0.000]",Liz,[1.000],"[0.000, 0.000, 0.000, 1.000, 0.000, 0.000, 0.000, 0.000]"
1141,45.64,45.68,Wonyoung,1.0,Wonyoung,[1.000],Leeseo,"[0.000, 0.000, 0.000, 0.000, 0.000, 0.999, 0.000]",Liz,[1.000],"[0.000, 0.000, 0.000, 1.000, 0.000, 0.000, 0.000, 0.000]"
1142,45.68,45.72,Wonyoung,1.0,Wonyoung,[1.000],Leeseo,"[0.000, 0.000, 0.000, 0.000, 0.000, 0.999, 0.000]",Liz,[1.000],"[0.000, 0.000, 0.000, 1.000, 0.000, 0.000, 0.000, 0.000]"
1143,45.72,45.76,Wonyoung,1.0,Wonyoung,[1.000],Leeseo,"[0.000, 0.000, 0.000, 0.000, 0.000, 0.999, 0.000]",Liz,[1.000],"[0.000, 0.000, 0.000, 1.000, 0.000, 0.000, 0.000, 0.000]"
1144,45.76,45.8,Wonyoung,1.0,Wonyoung,[1.000],Leeseo,"[0.000, 0.000, 0.000, 0.000, 0.000, 0.999, 0.000]",Liz,[1.000],"[0.000, 0.000, 0.000, 1.000, 0.000, 0.000, 0.000, 0.000]"
1145,45.8,45.84,Wonyoung,1.0,Wonyoung,[1.000],Leeseo,"[0.000, 0.000, 0.000, 0.000, 0.000, 0.999, 0.000]",Liz,[1.000],"[0.000, 0.000, 0.000, 1.000, 0.000, 0.000, 0.000, 0.000]"
1146,45.84,45.88,Wonyoung,1.0,Wonyoung,[1.000],Leeseo,"[0.000, 0.000, 0.000, 0.000, 0.000, 0.999, 0.000]",Liz,[1.000],"[0.000, 0.000, 0.000, 1.000, 0.000, 0.000, 0.000, 0.000]"
1147,45.88,45.92,Wonyoung,1.0,Wonyoung,[1.000],Leeseo,"[0.000, 0.000, 0.000, 0.000, 0.000, 1.000, 0.000]",Liz,[1.000],"[0.000, 0.000, 0.000, 1.000, 0.000, 0.000, 0.000, 0.000]"
1148,45.92,45.96,Wonyoung,1.0,Wonyoung,[1.000],Leeseo,"[0.000, 0.000, 0.000, 0.000, 0.000, 1.000, 0.000]",Liz,[0.999],"[0.000, 0.000, 0.000, 1.000, 0.000, 0.000, 0.000, 0.000]"
1149,45.96,46.0,Wonyoung,1.0,Wonyoung,[1.000],Leeseo,"[0.000, 0.000, 0.000, 0.000, 0.000, 1.000, 0.000]",Liz,[0.998],"[0.000, 0.000, 0.000, 1.000, 0.000, 0.000, 0.000, 0.000]"
1150,46.0,46.04,Wonyoung,1.0,Wonyoung,[1.000],Leeseo,"[0.000, 0.000, 0.000, 0.000, 0.000, 1.000, 0.000]",Liz,[0.997],"[0.000, 0.000, 0.000, 1.000, 0.000, 0.000, 0.000, 0.000]"
1151,46.04,46.08,Wonyoung,1.0,Wonyoung,[1.000],Leeseo,"[0.000, 0.000, 0.000, 0.000, 0.000, 1.000, 0.000]",Liz,[0.994],"[0.000, 0.000, 0.000, 1.000, 0.000, 0.000, 0.000, 0.000]"
1152,46.08,46.12,Wonyoung,1.0,Wonyoung,[1.000],Leeseo,"[0.000, 0.000, 0.000, 0.000, 0.000, 1.000, 0.000]",Liz,[0.988],"[0.000, 0.000, 0.000, 1.000, 0.000, 0.000, 0.000, 0.000]"
1153,46.12,46.16,Wonyoung,1.0,Wonyoung,[1.000],Leeseo,"[0.000, 0.000, 0.000, 0.000, 0.000, 1.000, 0.000]",Liz,[0.978],"[0.000, 0.000, 0.000, 1.000, 0.000, 0.000, 0.000, 0.000]"
1154,46.16,46.2,Wonyoung,1.0,Wonyoung,[1.000],Leeseo,"[0.000, 0.000, 0.000, 0.000, 0.000, 0.999, 0.000]",Liz,[0.962],"[0.000, 0.000, 0.000, 1.000, 0.000, 0.000, 0.000, 0.000]"
1155,46.2,46.24,Wonyoung,1.0,Wonyoung,[1.000],Leeseo,"[0.000, 0.000, 0.000, 0.000, 0.000, 0.999, 0.000]",Liz,[0.935],"[0.000, 0.000, 0.000, 1.000, 0.000, 0.000, 0.000, 0.000]"
1156,46.24,46.28,Wonyoung,1.0,Wonyoung,[1.000],Leeseo,"[0.000, 0.000, 0.000, 0.000, 0.000, 0.999, 0.000]",Liz,[0.896],"[0.000, 0.000, 0.000, 1.000, 0.000, 0.000, 0.000, 0.000]"
1157,46.28,46.32,Wonyoung,1.0,Wonyoung,[1.000],Leeseo,"[0.000, 0.000, 0.000, 0.000, 0.000, 0.999, 0.000]",Liz,[0.843],"[0.000, 0.000, 0.000, 1.000, 0.000, 0.000, 0.000, 0.000]"
1158,46.32,46.36,Wonyoung,1.0,Wonyoung,[1.000],Leeseo,"[0.000, 0.000, 0.000, 0.000, 0.000, 0.998, 0.000]",Liz,[0.775],"[0.000, 0.000, 0.000, 1.000, 0.000, 0.000, 0.000, 0.000]"
1159,46.36,46.4,Wonyoung,1.0,Wonyoung,[1.000],Leeseo,"[0.000, 0.000, 0.000, 0.000, 0.000, 0.998, 0.000]",Liz,[0.698],"[0.000, 0.000, 0.000, 1.000, 0.000, 0.000, 0.000, 0.000]"
1160,46.4,46.44,Wonyoung,1.0,Wonyoung,[1.000],Leeseo,"[0.000, 0.000, 0.000, 0.000, 0.000, 0.997, 0.000]",Liz,[0.618],"[0.000, 0.000, 0.000, 1.000, 0.000, 0.000, 0.000, 0.000]"
1161,46.44,46.48,Wonyoung,1.0,Wonyoung,[1.000],Leeseo,"[0.000, 0.000, 0.000, 0.000, 0.000, 0.995, 0.000]",,[],"[0.000, 0.000, 0.000, 1.000, 0.000, 0.000, 0.000, 0.000]"
1162,46.48,46.52,Wonyoung,1.0,Wonyoung,[1.000],Leeseo,"[0.000, 0.000, 0.000, 0.000, 0.000, 0.992, 0.000]",,[],"[0.000, 0.000, 0.000, 1.000, 0.000, 0.000, 0.000, 0.000]"
1163,46.52,46.56,Wonyoung,1.0,Wonyoung,[1.000],Leeseo,"[0.000, 0.000, 0.000, 0.000, 0.000, 0.987, 0.000]",,[],"[0.000, 0.000, 0.000, 1.000, 0.000, 0.000, 0.000, 0.000]"
1164,46.56,46.6,Wonyoung,1.0,Wonyoung,[1.000],Leeseo,"[0.000, 0.000, 0.000, 0.000, 0.000, 0.978, 0.000]",,[],"[0.000, 0.000, 0.000, 1.000, 0.000, 0.000, 0.000, 0.000]"
1165,46.6,46.64,Wonyoung,1.0,Wonyoung,[1.000],Leeseo,"[0.000, 0.000, 0.000, 0.000, 0.000, 0.962, 0.000]",,[],"[0.000, 0.000, 0.000, 1.000, 0.000, 0.000, 0.000, 0.000]"
1166,46.64,46.68,Wonyoung,1.0,Wonyoung,[1.000],Leeseo,"[0.000, 0.000, 0.000, 0.000, 0.000, 0.935, 0.000]",,[],"[0.000, 0.000, 0.000, 1.000, 0.000, 0.000, 0.000, 0.000]"
1167,46.68,46.72,Wonyoung,1.0,Wonyoung,[1.000],Leeseo,"[0.000, 0.000, 0.000, 0.000, 0.000, 0.890, 0.000]",,[],"[0.000, 0.000, 0.000, 1.000, 0.000, 0.000, 0.000, 0.000]"
1168,46.72,46.76,Wonyoung,1.0,Wonyoung,[1.000],Leeseo,"[0.000, 0.000, 0.000, 0.000, 0.000, 0.819, 0.000]",,[],"[0.000, 0.000, 0.000, 1.000, 0.000, 0.000, 0.000, 0.000]"
1169,46.76,46.8,Wonyoung,1.0,Wonyoung,[1.000],Leeseo,"[0.000, 0.000, 0.000, 0.000, 0.000, 0.717, 0.000]",,[],"[0.000, 0.000, 0.000, 1.000, 0.000, 0.000, 0.000, 0.000]"
1170,46.8,46.84,Wonyoung,1.0,Wonyoung,[1.000],Leeseo,"[0.000, 0.000, 0.000, 0.000, 0.000, 0.590, 0.000]",,[],"[0.000, 0.000, 0.000, 1.000, 0.000, 0.000, 0.000, 0.000]"
1171,46.84,46.88,Wonyoung,1.0,Wonyoung,[1.000],Leeseo,"[0.000, 0.000, 0.000, 0.000, 0.000, 0.453, 0.000]",,[],"[0.000, 0.000, 0.000, 1.000, 0.000, 0.000, 0.000, 0.000]"
1172,46.88,46.92,Wonyoung,1.0,Wonyoung,[1.000],,[],,[],"[0.000, 0.000, 0.000, 1.000, 0.000, 0.000, 0.000, 0.000]"
1173,46.92,46.96,Wonyoung,1.0,Wonyoung,[1.000],,[],,[],"[0.000, 0.000, 0.000, 1.000, 0.000, 0.000, 0.000, 0.000]"
1174,46.96,47.0,Wonyoung,1.0,Wonyoung,[1.000],,[],,[],"[0.000, 0.000, 0.000, 1.000, 0.000, 0.000, 0.001, 0.000]"
1175,47.0,47.04,Wonyoung,1.0,Wonyoung,[1.000],,[],,[],"[0.000, 0.000, 0.000, 1.000, 0.000, 0.000, 0.001, 0.000]"
1176,47.04,47.08,Wonyoung,1.0,Wonyoung,[1.000],,[],,[],"[0.000, 0.000, 0.000, 1.000, 0.000, 0.000, 0.003, 0.000]"
1177,47.08,47.12,Wonyoung,0.9999998807907104,Wonyoung,[1.000],,[],,[],"[0.000, 0.000, 0.000, 1.000, 0.000, 0.000, 0.005, 0.000]"
1178,47.12,47.16,Wonyoung,0.9999998807907104,Wonyoung,[1.000],,[],,[],"[0.000, 0.000, 0.000, 1.000, 0.000, 0.000, 0.010, 0.000]"
1179,47.16,47.2,Wonyoung,0.9999997615814209,Wonyoung,[1.000],,[],,[],"[0.000, 0.000, 0.000, 1.000, 0.000, 0.000, 0.018, 0.000]"
1180,47.2,47.24,Wonyoung,0.9999994039535522,Wonyoung,[1.000],,[],,[],"[0.000, 0.000, 0.000, 1.000, 0.000, 0.000, 0.033, 0.000]"
1181,47.24,47.28,Wonyoung,0.999998927116394,Wonyoung,[1.000],,[],,[],"[0.000, 0.000, 0.000, 1.000, 0.000, 0.000, 0.059, 0.000]"
1182,47.28,47.32,Wonyoung,0.9999979734420776,Wonyoung,[1.000],,[],,[],"[0.000, 0.000, 0.000, 1.000, 0.000, 0.000, 0.099, 0.000]"
1183,47.32,47.36,Wonyoung,0.9999960660934448,Wonyoung,[1.000],,[],,[],"[0.000, 0.000, 0.000, 1.000, 0.000, 0.000, 0.159, 0.000]"
1184,47.36,47.4,Wonyoung,0.9999922513961792,Wonyoung,[1.000],,[],,[],"[0.000, 0.000, 0.000, 1.000, 0.000, 0.000, 0.241, 0.000]"
1185,47.4,47.44,Wonyoung,0.9999842643737793,Wonyoung,[1.000],,[],,[],"[0.000, 0.000, 0.000, 1.000, 0.000, 0.000, 0.341, 0.000]"
1186,47.44,47.48,Wonyoung,0.9999675750732422,Wonyoung,[1.000],,[],,[],"[0.000, 0.000, 0.000, 1.000, 0.000, 0.000, 0.450, 0.000]"
1187,47.48,47.52,Wonyoung,0.9999316930770874,Wonyoung|Gang Vocal,"[1.000, 0.558]",,[],,[],"[0.000, 0.000, 0.000, 1.000, 0.000, 0.000, 0.558, 0.000]"
1188,47.52,47.56,Wonyoung,0.9998527765274048,Wonyoung|Gang Vocal,"[1.000, 0.653]",,[],,[],"[0.000, 0.000, 0.000, 1.000, 0.000, 0.000, 0.653, 0.000]"
1189,47.56,47.6,Wonyoung,0.9996758699417114,Wonyoung|Gang Vocal,"[1.000, 0.732]",,[],,[],"[0.000, 0.000, 0.000, 1.000, 0.000, 0.000, 0.732, 0.000]"
1190,47.6,47.64,Wonyoung,0.9992708563804626,Wonyoung|Gang Vocal,"[0.999, 0.794]",,[],,[],"[0.000, 0.000, 0.000, 0.999, 0.000, 0.000, 0.794, 0.000]"
1191,47.64,47.68,Wonyoung,0.9983232617378235,Wonyoung|Gang Vocal,"[0.998, 0.841]",,[],,[],"[0.000, 0.000, 0.000, 0.998, 0.000, 0.000, 0.841, 0.000]"
1192,47.68,47.72,Wonyoung,0.9960663914680481,Wonyoung|Gang Vocal,"[0.996, 0.876]",,[],,[],"[0.000, 0.000, 0.000, 0.996, 0.000, 0.000, 0.876, 0.000]"
1193,47.72,47.76,Wonyoung,0.9906157851219177,Wonyoung|Gang Vocal,"[0.991, 0.902]",,[],,[],"[0.000, 0.000, 0.000, 0.991, 0.000, 0.000, 0.902, 0.000]"
1194,47.76,47.8,Wonyoung,0.9773439764976501,Wonyoung|Gang Vocal,"[0.977, 0.922]",,[],,[],"[0.000, 0.000, 0.000, 0.977, 0.000, 0.000, 0.922, 0.000]"
1195,47.8,47.84,Wonyoung,0.9453109502792358,Wonyoung|Gang Vocal,"[0.945, 0.936]",,[],,[],"[0.000, 0.000, 0.000, 0.945, 0.000, 0.000, 0.936, 0.000]"
1196,47.84,47.88,Wonyoung,0.8720202445983887,Wonyoung|Gang Vocal,"[0.872, 0.948]",,[],,[],"[0.001, 0.000, 0.000, 0.872, 0.000, 0.000, 0.948, 0.000]"
1197,47.88,47.92,Wonyoung,0.7254271507263184,Wonyoung|Gang Vocal,"[0.725, 0.957]",,[],,[],"[0.001, 0.000, 0.000, 0.725, 0.000, 0.000, 0.957, 0.000]"
1198,47.92,47.96,Wonyoung,0.5021894574165344,Wonyoung|Gang Vocal,"[0.502, 0.964]",,[],,[],"[0.002, 0.000, 0.000, 0.502, 0.000, 0.000, 0.964, 0.000]"
1199,47.96,48.0,Gang Vocal,0.9697816371917725,Gang Vocal,[0.970],,[],,[],"[0.002, 0.000, 0.000, 0.275, 0.000, 0.000, 0.970, 0.000]"
1200,48.0,48.04,Gang Vocal,0.9748011231422424,Gang Vocal,[0.975],,[],,[],"[0.003, 0.000, 0.000, 0.123, 0.000, 0.000, 0.975, 0.000]"
1201,48.04,48.08,Gang Vocal,0.9791209697723389,Gang Vocal,[0.979],,[],,[],"[0.005, 0.000, 0.000, 0.049, 0.000, 0.000, 0.979, 0.000]"
1202,48.08,48.12,Gang Vocal,0.9828622937202454,Gang Vocal,[0.983],,[],,[],"[0.006, 0.000, 0.000, 0.018, 0.000, 0.000, 0.983, 0.000]"
1203,48.12,48.16,Gang Vocal,0.9861066341400146,Gang Vocal,[0.986],,[],,[],"[0.008, 0.000, 0.000, 0.007, 0.000, 0.000, 0.986, 0.000]"
1204,48.16,48.2,Gang Vocal,0.9888807535171509,Gang Vocal,[0.989],,[],,[],"[0.010, 0.000, 0.000, 0.002, 0.000, 0.000, 0.989, 0.000]"
1205,48.2,48.24,Gang Vocal,0.9912118315696716,Gang Vocal,[0.991],,[],,[],"[0.012, 0.000, 0.000, 0.001, 0.000, 0.000, 0.991, 0.000]"
1206,48.24,48.28,Gang Vocal,0.9931413531303406,Gang Vocal,[0.993],,[],,[],"[0.014, 0.000, 0.000, 0.000, 0.000, 0.000, 0.993, 0.000]"
1207,48.28,48.32,Gang Vocal,0.994708776473999,Gang Vocal,[0.995],,[],,[],"[0.015, 0.000, 0.000, 0.000, 0.000, 0.000, 0.995, 0.000]"
1208,48.32,48.36,Gang Vocal,0.9959558248519897,Gang Vocal,[0.996],,[],,[],"[0.015, 0.000, 0.000, 0.000, 0.000, 0.000, 0.996, 0.000]"
1209,48.36,48.4,Gang Vocal,0.9969261288642883,Gang Vocal,[0.997],,[],,[],"[0.015, 0.000, 0.000, 0.000, 0.000, 0.000, 0.997, 0.000]"
1210,48.4,48.44,Gang Vocal,0.9976654052734375,Gang Vocal,[0.998],,[],,[],"[0.015, 0.000, 0.000, 0.000, 0.000, 0.000, 0.998, 0.000]"
1211,48.44,48.48,Gang Vocal,0.9982189536094666,Gang Vocal,[0.998],,[],,[],"[0.013, 0.000, 0.000, 0.000, 0.000, 0.000, 0.998, 0.000]"
1212,48.48,48.52,Gang Vocal,0.9986280202865601,Gang Vocal,[0.999],,[],,[],"[0.012, 0.000, 0.000, 0.000, 0.000, 0.000, 0.999, 0.000]"
1213,48.52,48.56,Gang Vocal,0.9989269375801086,Gang Vocal,[0.999],,[],,[],"[0.010, 0.000, 0.000, 0.000, 0.000, 0.000, 0.999, 0.000]"
1214,48.56,48.6,Gang Vocal,0.9991445541381836,Gang Vocal,[0.999],,[],,[],"[0.009, 0.000, 0.000, 0.000, 0.000, 0.000, 0.999, 0.000]"
1215,48.6,48.64,Gang Vocal,0.9993025064468384,Gang Vocal,[0.999],,[],,[],"[0.007, 0.000, 0.000, 0.000, 0.000, 0.000, 0.999, 0.000]"
1216,48.64,48.68,Gang Vocal,0.9994163513183594,Gang Vocal,[0.999],,[],,[],"[0.006, 0.000, 0.000, 0.000, 0.000, 0.000, 0.999, 0.000]"
1217,48.68,48.72,Gang Vocal,0.9994969367980957,Gang Vocal,[0.999],,[],,[],"[0.004, 0.000, 0.000, 0.000, 0.000, 0.000, 0.999, 0.000]"
1218,48.72,48.76,Gang Vocal,0.9995519518852234,Gang Vocal,[1.000],,[],,[],"[0.003, 0.000, 0.000, 0.000, 0.000, 0.000, 1.000, 0.000]"
1219,48.76,48.8,Gang Vocal,0.9995866417884827,Gang Vocal,[1.000],,[],,[],"[0.003, 0.000, 0.000, 0.000, 0.000, 0.000, 1.000, 0.000]"
1220,48.8,48.84,Gang Vocal,0.9996042847633362,Gang Vocal,[1.000],,[],,[],"[0.002, 0.000, 0.000, 0.000, 0.000, 0.000, 1.000, 0.000]"
1221,48.84,48.88,Gang Vocal,0.9996065497398376,Gang Vocal,[1.000],,[],,[],"[0.001, 0.000, 0.000, 0.000, 0.000, 0.000, 1.000, 0.000]"
1222,48.88,48.92,Gang Vocal,0.999593198299408,Gang Vocal,[1.000],,[],,[],"[0.001, 0.000, 0.000, 0.000, 0.000, 0.000, 1.000, 0.000]"
1223,48.92,48.96,Gang Vocal,0.9995622038841248,Gang Vocal,[1.000],,[],,[],"[0.001, 0.000, 0.000, 0.000, 0.000, 0.000, 1.000, 0.000]"
1224,48.96,49.0,Gang Vocal,0.9995094537734985,Gang Vocal,[1.000],,[],,[],"[0.000, 0.000, 0.000, 0.000, 0.000, 0.000, 1.000, 0.000]"
1225,49.0,49.04,Gang Vocal,0.9994282126426697,Gang Vocal,[0.999],,[],,[],"[0.000, 0.000, 0.000, 0.000, 0.000, 0.000, 0.999, 0.000]"
1226,49.04,49.08,Gang Vocal,0.9993079900741577,Gang Vocal,[0.999],,[],,[],"[0.000, 0.000, 0.000, 0.000, 0.000, 0.000, 0.999, 0.000]"
1227,49.08,49.12,Gang Vocal,0.9991331696510315,Gang Vocal,[0.999],,[],,[],"[0.000, 0.000, 0.000, 0.000, 0.000, 0.000, 0.999, 0.000]"
1228,49.12,49.16,Gang Vocal,0.9988811612129211,Gang Vocal,[0.999],,[],,[],"[0.000, 0.000, 0.000, 0.000, 0.000, 0.000, 0.999, 0.000]"
1229,49.16,49.2,Gang Vocal,0.9985195994377136,Gang Vocal,[0.999],,[],,[],"[0.000, 0.000, 0.000, 0.000, 0.000, 0.000, 0.999, 0.000]"
1230,49.2,49.24,Gang Vocal,0.9980023503303528,Gang Vocal,[0.998],,[],,[],"[0.000, 0.000, 0.000, 0.000, 0.000, 0.000, 0.998, 0.000]"
1231,49.24,49.28,Gang Vocal,0.99726402759552,Gang Vocal,[0.997],,[],,[],"[0.000, 0.000, 0.000, 0.000, 0.000, 0.000, 0.997, 0.000]"
1232,49.28,49.32,Gang Vocal,0.9962129592895508,Gang Vocal,[0.996],,[],,[],"[0.000, 0.000, 0.000, 0.000, 0.000, 0.000, 0.996, 0.000]"
1233,49.32,49.36,Gang Vocal,0.9947274327278137,Gang Vocal,[0.995],,[],,[],"[0.000, 0.000, 0.000, 0.000, 0.000, 0.000, 0.995, 0.000]"
1234,49.36,49.4,Gang Vocal,0.9926521182060242,Gang Vocal,[0.993],,[],,[],"[0.000, 0.000, 0.000, 0.000, 0.000, 0.000, 0.993, 0.000]"
1235,49.4,49.44,Gang Vocal,0.9898020625114441,Gang Vocal,[0.990],,[],,[],"[0.000, 0.000, 0.000, 0.000, 0.000, 0.001, 0.990, 0.000]"
1236,49.44,49.48,Gang Vocal,0.9859715104103088,Gang Vocal,[0.986],,[],,[],"[0.000, 0.000, 0.000, 0.000, 0.000, 0.001, 0.986, 0.000]"
1237,49.48,49.52,Gang Vocal,0.9809755086898804,Gang Vocal,[0.981],,[],,[],"[0.000, 0.000, 0.000, 0.000, 0.000, 0.001, 0.981, 0.000]"
1238,49.52,49.56,Gang Vocal,0.9747226238250732,Gang Vocal,[0.975],,[],,[],"[0.000, 0.000, 0.000, 0.000, 0.001, 0.001, 0.975, 0.000]"
1239,49.56,49.6,Gang Vocal,0.9672380685806274,Gang Vocal,[0.967],,[],,[],"[0.000, 0.000, 0.000, 0.000, 0.002, 0.002, 0.967, 0.000]"
1240,49.6,49.64,Gang Vocal,0.9586944580078125,Gang Vocal,[0.959],,[],,[],"[0.000, 0.000, 0.000, 0.000, 0.003, 0.002, 0.959, 0.000]"
1241,49.64,49.68,Gang Vocal,0.9495252966880798,Gang Vocal,[0.950],,[],,[],"[0.000, 0.000, 0.000, 0.000, 0.006, 0.003, 0.950, 0.000]"
1242,49.68,49.72,Gang Vocal,0.940456211566925,Gang Vocal,[0.940],,[],,[],"[0.000, 0.000, 0.000, 0.000, 0.010, 0.003, 0.940, 0.000]"
1243,49.72,49.76,Gang Vocal,0.9323641657829285,Gang Vocal,[0.932],,[],,[],"[0.000, 0.000, 0.000, 0.000, 0.019, 0.004, 0.932, 0.000]"
1244,49.76,49.8,Gang Vocal,0.9261537790298462,Gang Vocal,[0.926],,[],,[],"[0.000, 0.000, 0.000, 0.000, 0.033, 0.005, 0.926, 0.000]"
1245,49.8,49.84,Gang Vocal,0.922561764717102,Gang Vocal,[0.923],,[],,[],"[0.000, 0.000, 0.000, 0.000, 0.056, 0.005, 0.923, 0.000]"
1246,49.84,49.88,Gang Vocal,0.9219156503677368,Gang Vocal,[0.922],,[],,[],"[0.000, 0.000, 0.000, 0.000, 0.093, 0.006, 0.922, 0.000]"
1247,49.88,49.92,Gang Vocal,0.9240791201591492,Gang Vocal,[0.924],,[],,[],"[0.000, 0.000, 0.000, 0.000, 0.145, 0.006, 0.924, 0.000]"
1248,49.92,49.96,Gang Vocal,0.9286704659461975,Gang Vocal,[0.929],,[],,[],"[0.000, 0.000, 0.000, 0.000, 0.214, 0.006, 0.929, 0.000]"
1249,49.96,50.0,Gang Vocal,0.935095489025116,Gang Vocal,[0.935],,[],,[],"[0.000, 0.000, 0.000, 0.000, 0.299, 0.007, 0.935, 0.000]"
1250,50.0,50.04,Gang Vocal,0.9426411390304565,Gang Vocal,[0.943],,[],,[],"[0.000, 0.000, 0.000, 0.000, 0.393, 0.007, 0.943, 0.000]"
1251,50.04,50.08,Gang Vocal,0.9505999088287354,Gang Vocal,[0.951],,[],,[],"[0.000, 0.000, 0.000, 0.000, 0.489, 0.007, 0.951, 0.000]"
1252,50.08,50.12,Liz,0.5795807242393494,Liz|Gang Vocal,"[0.580, 0.958]",,[],,[],"[0.000, 0.000, 0.000, 0.000, 0.580, 0.007, 0.958, 0.000]"
1253,50.12,50.16,Liz,0.6590480804443359,Liz|Gang Vocal,"[0.659, 0.965]",,[],,[],"[0.000, 0.000, 0.000, 0.000, 0.659, 0.006, 0.965, 0.000]"
1254,50.16,50.2,Liz,0.7254723906517029,Liz|Gang Vocal,"[0.725, 0.972]",,[],,[],"[0.000, 0.000, 0.000, 0.000, 0.725, 0.006, 0.972, 0.000]"
1255,50.2,50.24,Liz,0.7789971828460693,Liz|Gang Vocal,"[0.779, 0.977]",,[],,[],"[0.000, 0.000, 0.000, 0.000, 0.779, 0.006, 0.977, 0.000]"
1256,50.24,50.28,Liz,0.8210517168045044,Liz|Gang Vocal,"[0.821, 0.981]",,[],,[],"[0.000, 0.000, 0.000, 0.000, 0.821, 0.005, 0.981, 0.000]"
1257,50.28,50.32,Liz,0.8535169959068298,Liz|Gang Vocal,"[0.854, 0.985]",,[],,[],"[0.000, 0.000, 0.000, 0.000, 0.854, 0.005, 0.985, 0.000]"
1258,50.32,50.36,Liz,0.878173828125,Liz|Gang Vocal,"[0.878, 0.987]",,[],,[],"[0.000, 0.000, 0.000, 0.000, 0.878, 0.004, 0.987, 0.000]"
1259,50.36,50.4,Liz,0.8966716527938843,Liz|Gang Vocal,"[0.897, 0.989]",,[],,[],"[0.000, 0.001, 0.000, 0.000, 0.897, 0.004, 0.989, 0.000]"
1260,50.4,50.44,Liz,0.9104494452476501,Liz|Gang Vocal,"[0.910, 0.991]",,[],,[],"[0.000, 0.001, 0.000, 0.000, 0.910, 0.004, 0.991, 0.000]"
1261,50.44,50.48,Liz,0.9206644296646118,Liz|Gang Vocal,"[0.921, 0.992]",,[],,[],"[0.000, 0.001, 0.001, 0.000, 0.921, 0.003, 0.992, 0.000]"
1262,50.48,50.52,Liz,0.9281411170959473,Liz|Gang Vocal,"[0.928, 0.993]",Gaeul,"[0.478, 0.000, 0.000, 0.000, 0.000, 0.000, 0.000]",,[],"[0.000, 0.001, 0.001, 0.001, 0.928, 0.003, 0.993, 0.000]"
1263,50.52,50.56,Liz,0.9334748387336731,Liz|Gang Vocal,"[0.933, 0.993]",Gaeul,"[0.561, 0.000, 0.000, 0.000, 0.000, 0.000, 0.000]",,[],"[0.000, 0.001, 0.001, 0.001, 0.933, 0.002, 0.993, 0.000]"
1264,50.56,50.6,Liz,0.9370721578598022,Liz|Gang Vocal,"[0.937, 0.994]",Gaeul,"[0.630, 0.000, 0.000, 0.000, 0.000, 0.000, 0.000]",,[],"[0.000, 0.001, 0.001, 0.001, 0.937, 0.002, 0.994, 0.000]"
1265,50.6,50.64,Liz,0.9391747117042542,Liz|Gang Vocal,"[0.939, 0.994]",Gaeul,"[0.683, 0.000, 0.000, 0.000, 0.000, 0.000, 0.000]",,[],"[0.000, 0.001, 0.001, 0.001, 0.939, 0.002, 0.994, 0.000]"
1266,50.64,50.68,Liz,0.9398964643478394,Liz|Gang Vocal,"[0.940, 0.994]",Gaeul,"[0.721, 0.000, 0.000, 0.000, 0.000, 0.000, 0.000]",,[],"[0.000, 0.001, 0.001, 0.001, 0.940, 0.002, 0.994, 0.000]"
1267,50.68,50.72,Liz,0.9393990635871887,Liz|Gang Vocal,"[0.939, 0.994]",Gaeul,"[0.746, 0.000, 0.000, 0.000, 0.000, 0.000, 0.000]",,[],"[0.000, 0.001, 0.001, 0.001, 0.939, 0.002, 0.994, 0.000]"
1268,50.72,50.76,Liz,0.9377937316894531,Liz|Gang Vocal,"[0.938, 0.993]",Gaeul,"[0.760, 0.000, 0.000, 0.000, 0.000, 0.000, 0.000]",,[],"[0.000, 0.001, 0.001, 0.001, 0.938, 0.002, 0.993, 0.000]"
1269,50.76,50.8,Liz,0.9350055456161499,Liz|Gang Vocal,"[0.935, 0.993]",Gaeul,"[0.762, 0.000, 0.000, 0.000, 0.000, 0.000, 0.000]",,[],"[0.000, 0.001, 0.002, 0.001, 0.935, 0.002, 0.993, 0.000]"
1270,50.8,50.84,Liz,0.9309039115905762,Liz|Gang Vocal,"[0.931, 0.992]",Gaeul,"[0.755, 0.000, 0.000, 0.000, 0.000, 0.000, 0.000]",,[],"[0.000, 0.001, 0.002, 0.001, 0.931, 0.001, 0.992, 0.000]"
1271,50.84,50.88,Liz,0.9252800941467285,Liz|Gang Vocal,"[0.925, 0.991]",Gaeul,"[0.738, 0.000, 0.000, 0.000, 0.000, 0.000, 0.000]",,[],"[0.000, 0.001, 0.002, 0.001, 0.925, 0.001, 0.991, 0.000]"
1272,50.88,50.92,Liz,0.9179356098175049,Liz|Gang Vocal,"[0.918, 0.989]",Gaeul,"[0.709, 0.000, 0.000, 0.000, 0.000, 0.000, 0.000]",,[],"[0.000, 0.001, 0.002, 0.001, 0.918, 0.001, 0.989, 0.000]"
1273,50.92,50.96,Liz,0.908549427986145,Liz|Gang Vocal,"[0.909, 0.987]",Gaeul,"[0.668, 0.000, 0.000, 0.000, 0.000, 0.000, 0.000]",,[],"[0.000, 0.001, 0.003, 0.001, 0.909, 0.002, 0.987, 0.000]"
1274,50.96,51.0,Liz,0.8966699242591858,Liz|Gang Vocal,"[0.897, 0.985]",Gaeul,"[0.614, 0.000, 0.000, 0.000, 0.000, 0.000, 0.000]",,[],"[0.001, 0.001, 0.003, 0.001, 0.897, 0.002, 0.985, 0.000]"
1275,51.0,51.04,Liz,0.8817594647407532,Liz|Gang Vocal,"[0.882, 0.982]",Gaeul,"[0.547, 0.000, 0.000, 0.000, 0.000, 0.000, 0.000]",,[],"[0.001, 0.001, 0.003, 0.001, 0.882, 0.002, 0.982, 0.000]"
1276,51.04,51.08,Liz,0.8631066679954529,Liz|Gang Vocal,"[0.863, 0.978]",Gaeul,"[0.468, 0.000, 0.000, 0.000, 0.000, 0.000, 0.000]",,[],"[0.001, 0.002, 0.004, 0.001, 0.863, 0.002, 0.978, 0.000]"
1277,51.08,51.12,Liz,0.8397082090377808,Liz|Gang Vocal,"[0.840, 0.973]",,[],,[],"[0.001, 0.002, 0.004, 0.001, 0.840, 0.002, 0.973, 0.000]"
1278,51.12,51.16,Liz,0.8101245760917664,Liz|Gang Vocal,"[0.810, 0.967]",,[],,[],"[0.002, 0.002, 0.005, 0.001, 0.810, 0.002, 0.967, 0.000]"
1279,51.16,51.2,Liz,0.7727221250534058,Liz|Gang Vocal,"[0.773, 0.961]",,[],,[],"[0.002, 0.002, 0.005, 0.001, 0.773, 0.002, 0.961, 0.000]"
1280,51.2,51.24,Liz,0.7259399890899658,Liz|Gang Vocal,"[0.726, 0.953]",,[],,[],"[0.002, 0.002, 0.005, 0.001, 0.726, 0.003, 0.953, 0.000]"
1281,51.24,51.28,Liz,0.6683225035667419,Liz|Gang Vocal,"[0.668, 0.945]",,[],,[],"[0.003, 0.003, 0.005, 0.002, 0.668, 0.003, 0.945, 0.000]"
1282,51.28,51.32,Liz,0.5994266271591187,Liz|Gang Vocal,"[0.599, 0.935]",,[],,[],"[0.003, 0.003, 0.005, 0.002, 0.599, 0.003, 0.935, 0.000]"
1283,51.32,51.36,Liz,0.5207363963127136,Liz|Gang Vocal,"[0.521, 0.925]",,[],,[],"[0.003, 0.003, 0.005, 0.002, 0.521, 0.003, 0.925, 0.000]"
1284,51.36,51.4,Gang Vocal,0.9140113592147827,Gang Vocal,[0.914],,[],,[],"[0.004, 0.003, 0.005, 0.002, 0.436, 0.003, 0.914, 0.000]"
1285,51.4,51.44,Gang Vocal,0.9029200077056885,Gang Vocal,[0.903],,[],,[],"[0.004, 0.003, 0.005, 0.001, 0.351, 0.003, 0.903, 0.000]"
1286,51.44,51.48,Gang Vocal,0.892057478427887,Gang Vocal,[0.892],,[],,[],"[0.004, 0.003, 0.004, 0.001, 0.270, 0.002, 0.892, 0.000]"
1287,51.48,51.52,Gang Vocal,0.88185715675354,Gang Vocal,[0.882],,[],,[],"[0.004, 0.003, 0.004, 0.001, 0.200, 0.002, 0.882, 0.000]"
1288,51.52,51.56,Gang Vocal,0.8726860880851746,Gang Vocal,[0.873],,[],,[],"[0.004, 0.002, 0.003, 0.001, 0.143, 0.002, 0.873, 0.000]"
1289,51.56,51.6,Gang Vocal,0.8649253249168396,Gang Vocal,[0.865],,[],,[],"[0.004, 0.002, 0.003, 0.001, 0.100, 0.002, 0.865, 0.000]"
1290,51.6,51.64,Gang Vocal,0.8588218688964844,Gang Vocal,[0.859],,[],,[],"[0.004, 0.002, 0.002, 0.001, 0.068, 0.001, 0.859, 0.000]"
1291,51.64,51.68,Gang Vocal,0.8545568585395813,Gang Vocal,[0.855],,[],,[],"[0.004, 0.001, 0.002, 0.001, 0.046, 0.001, 0.855, 0.000]"
1292,51.68,51.72,Gang Vocal,0.8522692322731018,Gang Vocal,[0.852],,[],,[],"[0.003, 0.001, 0.001, 0.001, 0.031, 0.001, 0.852, 0.000]"
1293,51.72,51.76,Gang Vocal,0.8519838452339172,Gang Vocal,[0.852],,[],,[],"[0.003, 0.001, 0.001, 0.000, 0.020, 0.001, 0.852, 0.000]"
1294,51.76,51.8,Gang Vocal,0.8535035252571106,Gang Vocal,[0.854],,[],,[],"[0.003, 0.000, 0.001, 0.000, 0.014, 0.001, 0.854, 0.000]"
1295,51.8,51.84,Gang Vocal,0.8565294742584229,Gang Vocal,[0.857],,[],,[],"[0.003, 0.000, 0.001, 0.000, 0.009, 0.001, 0.857, 0.000]"
1296,51.84,51.88,Gang Vocal,0.8608167767524719,Gang Vocal,[0.861],,[],,[],"[0.003, 0.000, 0.001, 0.000, 0.006, 0.000, 0.861, 0.000]"
1297,51.88,51.92,Gang Vocal,0.8661841750144958,Gang Vocal,[0.866],,[],,[],"[0.003, 0.000, 0.000, 0.000, 0.004, 0.000, 0.866, 0.000]"
1298,51.92,51.96,Gang Vocal,0.87239009141922,Gang Vocal,[0.872],,[],,[],"[0.002, 0.000, 0.000, 0.000, 0.003, 0.000, 0.872, 0.000]"
1299,51.96,52.0,Gang Vocal,0.8790947794914246,Gang Vocal,[0.879],,[],,[],"[0.002, 0.000, 0.000, 0.000, 0.002, 0.000, 0.879, 0.000]"
1300,52.0,52.04,Gang Vocal,0.885988175868988,Gang Vocal,[0.886],,[],,[],"[0.002, 0.000, 0.000, 0.000, 0.002, 0.000, 0.886, 0.000]"
1301,52.04,52.08,Gang Vocal,0.8928379416465759,Gang Vocal,[0.893],,[],,[],"[0.002, 0.000, 0.000, 0.000, 0.001, 0.000, 0.893, 0.000]"
1302,52.08,52.12,Gang Vocal,0.8994582891464233,Gang Vocal,[0.899],,[],,[],"[0.002, 0.000, 0.000, 0.000, 0.001, 0.000, 0.899, 0.000]"
1303,52.12,52.16,Gang Vocal,0.9058209657669067,Gang Vocal,[0.906],,[],,[],"[0.002, 0.000, 0.000, 0.000, 0.001, 0.000, 0.906, 0.000]"
1304,52.16,52.2,Gang Vocal,0.9119362831115723,Gang Vocal,[0.912],,[],,[],"[0.002, 0.000, 0.000, 0.000, 0.001, 0.000, 0.912, 0.000]"
1305,52.2,52.24,Gang Vocal,0.917842447757721,Gang Vocal,[0.918],,[],,[],"[0.002, 0.000, 0.000, 0.000, 0.001, 0.000, 0.918, 0.000]"
1306,52.24,52.28,Gang Vocal,0.9236230850219727,Gang Vocal,[0.924],,[],,[],"[0.002, 0.000, 0.000, 0.000, 0.000, 0.000, 0.924, 0.000]"
1307,52.28,52.32,Gang Vocal,0.9293089509010315,Gang Vocal,[0.929],,[],,[],"[0.003, 0.000, 0.000, 0.000, 0.000, 0.000, 0.929, 0.000]"
1308,52.32,52.36,Gang Vocal,0.9348962306976318,Gang Vocal,[0.935],,[],,[],"[0.003, 0.000, 0.000, 0.000, 0.000, 0.000, 0.935, 0.000]"
1309,52.36,52.4,Gang Vocal,0.9403248429298401,Gang Vocal,[0.940],,[],,[],"[0.003, 0.000, 0.000, 0.000, 0.000, 0.000, 0.940, 0.000]"
1310,52.4,52.44,Gang Vocal,0.9455190300941467,Gang Vocal,[0.946],,[],,[],"[0.004, 0.000, 0.000, 0.000, 0.000, 0.000, 0.946, 0.000]"
1311,52.44,52.48,Gang Vocal,0.9503909945487976,Gang Vocal,[0.950],,[],,[],"[0.005, 0.000, 0.000, 0.000, 0.000, 0.000, 0.950, 0.000]"
1312,52.48,52.52,Gang Vocal,0.9549456238746643,Gang Vocal,[0.955],,[],,[],"[0.006, 0.000, 0.000, 0.000, 0.000, 0.000, 0.955, 0.000]"
1313,52.52,52.56,Gang Vocal,0.9592024087905884,Gang Vocal,[0.959],,[],,[],"[0.008, 0.000, 0.000, 0.000, 0.000, 0.000, 0.959, 0.000]"
1314,52.56,52.6,Gang Vocal,0.9631620645523071,Gang Vocal,[0.963],,[],,[],"[0.010, 0.000, 0.000, 0.000, 0.000, 0.000, 0.963, 0.000]"
1315,52.6,52.64,Gang Vocal,0.9668145775794983,Gang Vocal,[0.967],,[],,[],"[0.014, 0.000, 0.000, 0.000, 0.000, 0.000, 0.967, 0.000]"
1316,52.64,52.68,Gang Vocal,0.9701699018478394,Gang Vocal,[0.970],,[],,[],"[0.020, 0.000, 0.000, 0.000, 0.000, 0.000, 0.970, 0.000]"
1317,52.68,52.72,Gang Vocal,0.9732166528701782,Gang Vocal,[0.973],,[],,[],"[0.028, 0.000, 0.000, 0.001, 0.000, 0.000, 0.973, 0.000]"
1318,52.72,52.76,Gang Vocal,0.9759472012519836,Gang Vocal,[0.976],,[],,[],"[0.041, 0.000, 0.000, 0.001, 0.000, 0.000, 0.976, 0.000]"
1319,52.76,52.8,Gang Vocal,0.9783785343170166,Gang Vocal,[0.978],,[],,[],"[0.060, 0.000, 0.000, 0.001, 0.000, 0.000, 0.978, 0.000]"
1320,52.8,52.84,Gang Vocal,0.9805132150650024,Gang Vocal,[0.981],,[],,[],"[0.088, 0.000, 0.000, 0.001, 0.000, 0.000, 0.981, 0.000]"
1321,52.84,52.88,Gang Vocal,0.9823461174964905,Gang Vocal,[0.982],,[],,[],"[0.129, 0.000, 0.000, 0.001, 0.000, 0.000, 0.982, 0.000]"
1322,52.88,52.92,Gang Vocal,0.9839043617248535,Gang Vocal,[0.984],,[],,[],"[0.185, 0.000, 0.000, 0.002, 0.000, 0.000, 0.984, 0.000]"
1323,52.92,52.96,Gang Vocal,0.9852182269096375,Gang Vocal,[0.985],,[],,[],"[0.261, 0.000, 0.000, 0.002, 0.000, 0.000, 0.985, 0.000]"
1324,52.96,53.0,Gang Vocal,0.9863044619560242,Gang Vocal,[0.986],,[],,[],"[0.353, 0.000, 0.000, 0.002, 0.000, 0.000, 0.986, 0.000]"
1325,53.0,53.04,Gang Vocal,0.9871866703033447,Gang Vocal,[0.987],,[],,[],"[0.457, 0.000, 0.000, 0.002, 0.000, 0.000, 0.987, 0.000]"
1326,53.04,53.08,Gaeul,0.5629703998565674,Gaeul|Gang Vocal,"[0.563, 0.988]",,[],,[],"[0.563, 0.000, 0.000, 0.002, 0.000, 0.000, 0.988, 0.000]"
1327,53.08,53.12,Gaeul,0.6613319516181946,Gaeul|Gang Vocal,"[0.661, 0.988]",,[],,[],"[0.661, 0.000, 0.000, 0.003, 0.000, 0.000, 0.988, 0.000]"
1328,53.12,53.16,Gaeul,0.7450718283653259,Gaeul|Gang Vocal,"[0.745, 0.989]",,[],,[],"[0.745, 0.000, 0.000, 0.003, 0.000, 0.000, 0.989, 0.000]"
1329,53.16,53.2,Gaeul,0.8117619156837463,Gaeul|Gang Vocal,"[0.812, 0.989]",,[],,[],"[0.812, 0.000, 0.000, 0.003, 0.000, 0.000, 0.989, 0.000]"
1330,53.2,53.24,Gaeul,0.8626905679702759,Gaeul|Gang Vocal,"[0.863, 0.989]",,[],,[],"[0.863, 0.000, 0.000, 0.003, 0.000, 0.000, 0.989, 0.000]"
1331,53.24,53.28,Gaeul,0.9003100991249084,Gaeul|Gang Vocal,"[0.900, 0.989]",,[],,[],"[0.900, 0.000, 0.000, 0.003, 0.000, 0.000, 0.989, 0.000]"
1332,53.28,53.32,Gaeul,0.9273786544799805,Gaeul|Gang Vocal,"[0.927, 0.989]",,[],,[],"[0.927, 0.000, 0.000, 0.003, 0.000, 0.000, 0.989, 0.000]"
1333,53.32,53.36,Gaeul,0.9465712308883667,Gaeul|Gang Vocal,"[0.947, 0.989]",,[],,[],"[0.947, 0.000, 0.000, 0.003, 0.000, 0.000, 0.989, 0.000]"
1334,53.36,53.4,Gaeul,0.9600649476051331,Gaeul|Gang Vocal,"[0.960, 0.988]",,[],,[],"[0.960, 0.000, 0.000, 0.003, 0.000, 0.000, 0.988, 0.000]"
1335,53.4,53.44,Gaeul,0.9695577621459961,Gaeul|Gang Vocal,"[0.970, 0.987]",,[],,[],"[0.970, 0.000, 0.000, 0.003, 0.000, 0.000, 0.987, 0.000]"
1336,53.44,53.48,Gaeul,0.9762869477272034,Gaeul|Gang Vocal,"[0.976, 0.986]",,[],,[],"[0.976, 0.000, 0.000, 0.003, 0.000, 0.000, 0.986, 0.000]"
1337,53.48,53.52,Gaeul,0.9810836911201477,Gaeul|Gang Vocal,"[0.981, 0.985]",,[],,[],"[0.981, 0.000, 0.000, 0.004, 0.000, 0.000, 0.985, 0.000]"
1338,53.52,53.56,Gaeul,0.9845274686813354,Gaeul|Gang Vocal,"[0.985, 0.983]",,[],,[],"[0.985, 0.000, 0.000, 0.004, 0.000, 0.000, 0.983, 0.000]"
1339,53.56,53.6,Gaeul,0.9869922399520874,Gaeul|Gang Vocal,"[0.987, 0.981]",,[],,[],"[0.987, 0.000, 0.000, 0.004, 0.000, 0.000, 0.981, 0.000]"
1340,53.6,53.64,Gaeul,0.9887517094612122,Gaeul|Gang Vocal,"[0.989, 0.978]",,[],,[],"[0.989, 0.000, 0.000, 0.004, 0.000, 0.000, 0.978, 0.000]"
1341,53.64,53.68,Gaeul,0.9899731874465942,Gaeul|Gang Vocal,"[0.990, 0.975]",,[],,[],"[0.990, 0.000, 0.000, 0.004, 0.000, 0.000, 0.975, 0.000]"
1342,53.68,53.72,Gaeul,0.9907515048980713,Gaeul|Gang Vocal,"[0.991, 0.970]",,[],,[],"[0.991, 0.000, 0.000, 0.005, 0.000, 0.000, 0.970, 0.000]"
1343,53.72,53.76,Gaeul,0.9911692142486572,Gaeul|Gang Vocal,"[0.991, 0.964]",,[],,[],"[0.991, 0.000, 0.001, 0.005, 0.000, 0.000, 0.964, 0.000]"
1344,53.76,53.8,Gaeul,0.9912747144699097,Gaeul|Gang Vocal,"[0.991, 0.956]",,[],,[],"[0.991, 0.000, 0.001, 0.005, 0.000, 0.000, 0.956, 0.000]"
1345,53.8,53.84,Gaeul,0.9910898208618164,Gaeul|Gang Vocal,"[0.991, 0.946]",,[],,[],"[0.991, 0.000, 0.001, 0.006, 0.000, 0.000, 0.946, 0.000]"
1346,53.84,53.88,Gaeul,0.9906123280525208,Gaeul|Gang Vocal,"[0.991, 0.933]",,[],,[],"[0.991, 0.000, 0.001, 0.006, 0.000, 0.000, 0.933, 0.000]"
1347,53.88,53.92,Gaeul,0.9898373484611511,Gaeul|Gang Vocal,"[0.990, 0.917]",,[],,[],"[0.990, 0.000, 0.002, 0.007, 0.000, 0.000, 0.917, 0.000]"
1348,53.92,53.96,Gaeul,0.9887567162513733,Gaeul|Gang Vocal,"[0.989, 0.897]",,[],,[],"[0.989, 0.000, 0.002, 0.008, 0.000, 0.000, 0.897, 0.000]"
1349,53.96,54.0,Gaeul,0.9873520135879517,Gaeul|Gang Vocal,"[0.987, 0.873]",,[],,[],"[0.987, 0.000, 0.002, 0.009, 0.000, 0.000, 0.873, 0.000]"
1350,54.0,54.04,Gaeul,0.9856166839599609,Gaeul|Gang Vocal,"[0.986, 0.846]",,[],,[],"[0.986, 0.000, 0.003, 0.010, 0.000, 0.000, 0.846, 0.000]"
1351,54.04,54.08,Gaeul,0.9835558533668518,Gaeul|Gang Vocal,"[0.984, 0.815]",,[],,[],"[0.984, 0.000, 0.003, 0.010, 0.000, 0.001, 0.815, 0.000]"
1352,54.08,54.12,Gaeul,0.9811561107635498,Gaeul|Gang Vocal,"[0.981, 0.782]",,[],,[],"[0.981, 0.000, 0.004, 0.011, 0.000, 0.001, 0.782, 0.000]"
1353,54.12,54.16,Gaeul,0.9784353971481323,Gaeul|Gang Vocal,"[0.978, 0.749]",,[],,[],"[0.978, 0.000, 0.004, 0.012, 0.000, 0.002, 0.749, 0.000]"
1354,54.16,54.2,Gaeul,0.975343644618988,Gaeul|Gang Vocal,"[0.975, 0.717]",,[],,[],"[0.975, 0.000, 0.005, 0.013, 0.000, 0.002, 0.717, 0.000]"
1355,54.2,54.24,Gaeul,0.9717920422554016,Gaeul|Gang Vocal,"[0.972, 0.688]",,[],,[],"[0.972, 0.000, 0.005, 0.014, 0.000, 0.003, 0.688, 0.000]"
1356,54.24,54.28,Gaeul,0.9676403999328613,Gaeul|Gang Vocal,"[0.968, 0.664]",,[],,[],"[0.968, 0.000, 0.005, 0.015, 0.000, 0.004, 0.664, 0.000]"
1357,54.28,54.32,Gaeul,0.9626326560974121,Gaeul|Gang Vocal,"[0.963, 0.644]",,[],,[],"[0.963, 0.000, 0.005, 0.015, 0.000, 0.005, 0.644, 0.000]"
1358,54.32,54.36,Gaeul,0.9564182758331299,Gaeul|Gang Vocal,"[0.956, 0.630]",,[],,[],"[0.956, 0.000, 0.004, 0.016, 0.000, 0.006, 0.630, 0.000]"
1359,54.36,54.4,Gaeul,0.948540210723877,Gaeul|Gang Vocal,"[0.949, 0.623]",,[],,[],"[0.949, 0.000, 0.004, 0.016, 0.000, 0.006, 0.623, 0.000]"
1360,54.4,54.44,Gaeul,0.9383774995803833,Gaeul|Gang Vocal,"[0.938, 0.622]",,[],,[],"[0.938, 0.000, 0.004, 0.016, 0.000, 0.006, 0.622, 0.000]"
1361,54.44,54.48,Gaeul,0.9251304268836975,Gaeul|Gang Vocal,"[0.925, 0.627]",,[],,[],"[0.925, 0.000, 0.003, 0.017, 0.000, 0.006, 0.627, 0.000]"
1362,54.48,54.52,Gaeul,0.907845139503479,Gaeul|Gang Vocal,"[0.908, 0.638]",,[],,[],"[0.908, 0.000, 0.003, 0.017, 0.000, 0.006, 0.638, 0.000]"
1363,54.52,54.56,Gaeul,0.8853901624679565,Gaeul|Gang Vocal,"[0.885, 0.654]",,[],,[],"[0.885, 0.000, 0.002, 0.017, 0.000, 0.006, 0.654, 0.000]"
1364,54.56,54.6,Gaeul,0.8565094470977783,Gaeul|Gang Vocal,"[0.857, 0.674]",,[],,[],"[0.857, 0.000, 0.002, 0.017, 0.000, 0.006, 0.674, 0.000]"
1365,54.6,54.64,Gaeul,0.8197827935218811,Gaeul|Gang Vocal,"[0.820, 0.699]",,[],,[],"[0.820, 0.000, 0.001, 0.017, 0.000, 0.005, 0.699, 0.000]"
1366,54.64,54.68,Gaeul,0.7739407420158386,Gaeul|Gang Vocal,"[0.774, 0.726]",,[],,[],"[0.774, 0.000, 0.001, 0.016, 0.000, 0.005, 0.726, 0.000]"
1367,54.68,54.72,Gaeul,0.7180143594741821,Gaeul|Gang Vocal,"[0.718, 0.755]",,[],,[],"[0.718, 0.000, 0.001, 0.016, 0.000, 0.004, 0.755, 0.000]"
1368,54.72,54.76,Gaeul,0.6518635749816895,Gaeul|Gang Vocal,"[0.652, 0.785]",,[],,[],"[0.652, 0.000, 0.001, 0.015, 0.000, 0.004, 0.785, 0.000]"
1369,54.76,54.8,Gaeul,0.5764272212982178,Gaeul|Gang Vocal,"[0.576, 0.814]",,[],,[],"[0.576, 0.000, 0.000, 0.014, 0.000, 0.003, 0.814, 0.000]"
1370,54.8,54.84,Gaeul,0.4946190118789673,Gaeul|Gang Vocal,"[0.495, 0.840]",,[],,[],"[0.495, 0.000, 0.000, 0.013, 0.000, 0.003, 0.840, 0.000]"
1371,54.84,54.88,Gang Vocal,0.8647170662879944,Gang Vocal,[0.865],,[],,[],"[0.411, 0.000, 0.000, 0.012, 0.000, 0.003, 0.865, 0.000]"
1372,54.88,54.92,Gang Vocal,0.8861886858940125,Gang Vocal,[0.886],,[],,[],"[0.330, 0.000, 0.000, 0.011, 0.000, 0.002, 0.886, 0.000]"
1373,54.92,54.96,Gang Vocal,0.9045683741569519,Gang Vocal,[0.905],,[],,[],"[0.257, 0.000, 0.000, 0.010, 0.000, 0.002, 0.905, 0.000]"
1374,54.96,55.0,Gang Vocal,0.9199660420417786,Gang Vocal,[0.920],,[],,[],"[0.195, 0.000, 0.000, 0.009, 0.000, 0.002, 0.920, 0.000]"
1375,55.0,55.04,Gang Vocal,0.9326173067092896,Gang Vocal,[0.933],,[],,[],"[0.143, 0.000, 0.000, 0.007, 0.000, 0.002, 0.933, 0.000]"
1376,55.04,55.08,Gang Vocal,0.9428353905677795,Gang Vocal,[0.943],,[],,[],"[0.104, 0.000, 0.000, 0.006, 0.000, 0.001, 0.943, 0.000]"
1377,55.08,55.12,Gang Vocal,0.9509522914886475,Gang Vocal,[0.951],,[],,[],"[0.074, 0.000, 0.000, 0.005, 0.000, 0.001, 0.951, 0.000]"
1378,55.12,55.16,Gang Vocal,0.9573352336883545,Gang Vocal,[0.957],,[],,[],"[0.052, 0.000, 0.000, 0.004, 0.000, 0.001, 0.957, 0.000]"
1379,55.16,55.2,Gang Vocal,0.9622840285301208,Gang Vocal,[0.962],,[],,[],"[0.037, 0.000, 0.000, 0.004, 0.000, 0.001, 0.962, 0.000]"
1380,55.2,55.24,Gang Vocal,0.9660716652870178,Gang Vocal,[0.966],,[],,[],"[0.026, 0.000, 0.000, 0.003, 0.000, 0.001, 0.966, 0.000]"
1381,55.24,55.28,Gang Vocal,0.9689496755599976,Gang Vocal,[0.969],,[],,[],"[0.019, 0.000, 0.000, 0.002, 0.000, 0.001, 0.969, 0.000]"
1382,55.28,55.32,Gang Vocal,0.9711388349533081,Gang Vocal,[0.971],,[],,[],"[0.014, 0.000, 0.000, 0.002, 0.000, 0.001, 0.971, 0.000]"
1383,55.32,55.36,Gang Vocal,0.9728071093559265,Gang Vocal,[0.973],,[],,[],"[0.011, 0.000, 0.000, 0.001, 0.001, 0.001, 0.973, 0.000]"
1384,55.36,55.4,Gang Vocal,0.9740713238716125,Gang Vocal,[0.974],,[],,[],"[0.009, 0.000, 0.000, 0.001, 0.001, 0.001, 0.974, 0.000]"
1385,55.4,55.44,Gang Vocal,0.9750285148620605,Gang Vocal,[0.975],,[],,[],"[0.008, 0.000, 0.000, 0.001, 0.001, 0.001, 0.975, 0.000]"
1386,55.44,55.48,Gang Vocal,0.9757637977600098,Gang Vocal,[0.976],,[],Liz,[0.680],"[0.008, 0.000, 0.000, 0.000, 0.001, 0.000, 0.976, 0.000]"
1387,55.48,55.52,Gang Vocal,0.9763362407684326,Gang Vocal,[0.976],,[],Liz,[0.802],"[0.008, 0.000, 0.000, 0.000, 0.001, 0.000, 0.976, 0.000]"
1388,55.52,55.56,Gang Vocal,0.9768040776252747,Gang Vocal,[0.977],,[],Liz,[0.878],"[0.009, 0.000, 0.001, 0.000, 0.001, 0.000, 0.977, 0.000]"
1389,55.56,55.6,Gang Vocal,0.97724848985672,Gang Vocal,[0.977],,[],Liz,[0.922],"[0.010, 0.000, 0.001, 0.000, 0.001, 0.000, 0.977, 0.000]"
1390,55.6,55.64,Gang Vocal,0.9777514934539795,Gang Vocal,[0.978],,[],Liz,[0.947],"[0.013, 0.000, 0.001, 0.000, 0.001, 0.000, 0.978, 0.000]"
1391,55.64,55.68,Gang Vocal,0.9783787727355957,Gang Vocal,[0.978],,[],Liz,[0.960],"[0.019, 0.000, 0.001, 0.000, 0.001, 0.000, 0.978, 0.000]"
1392,55.68,55.72,Gang Vocal,0.9791760444641113,Gang Vocal,[0.979],,[],Liz,[0.967],"[0.029, 0.000, 0.001, 0.000, 0.000, 0.000, 0.979, 0.000]"
1393,55.72,55.76,Gang Vocal,0.9801499247550964,Gang Vocal,[0.980],,[],Liz,[0.969],"[0.050, 0.000, 0.001, 0.000, 0.000, 0.000, 0.980, 0.000]"
1394,55.76,55.8,Gang Vocal,0.9812794923782349,Gang Vocal,[0.981],,[],Liz,[0.968],"[0.093, 0.000, 0.001, 0.000, 0.000, 0.000, 0.981, 0.000]"
1395,55.8,55.84,Gang Vocal,0.9825306534767151,Gang Vocal,[0.983],,[],Liz,[0.963],"[0.179, 0.000, 0.001, 0.000, 0.000, 0.000, 0.983, 0.000]"
1396,55.84,55.88,Gang Vocal,0.9838666915893555,Gang Vocal,[0.984],,[],Liz,[0.952],"[0.338, 0.000, 0.001, 0.000, 0.000, 0.000, 0.984, 0.000]"
1397,55.88,55.92,Gaeul,0.5678645372390747,Gaeul|Gang Vocal,"[0.568, 0.985]",,[],Liz,[0.930],"[0.568, 0.000, 0.001, 0.000, 0.000, 0.000, 0.985, 0.000]"
1398,55.92,55.96,Gaeul,0.7859590649604797,Gaeul|Gang Vocal,"[0.786, 0.987]",,[],Liz,[0.888],"[0.786, 0.000, 0.001, 0.000, 0.000, 0.000, 0.987, 0.000]"
1399,55.96,56.0,Gaeul,0.9172113537788391,Gaeul|Gang Vocal,"[0.917, 0.988]",,[],Liz,[0.811],"[0.917, 0.000, 0.000, 0.000, 0.000, 0.000, 0.988, 0.000]"
1400,56.0,56.04,Gaeul,0.9727852940559387,Gaeul|Gang Vocal,"[0.973, 0.989]",,[],Liz,[0.679],"[0.973, 0.000, 0.000, 0.000, 0.000, 0.000, 0.989, 0.000]"
1401,56.04,56.08,Gaeul,0.9918718338012695,Gaeul|Gang Vocal,"[0.992, 0.990]",,[],,[],"[0.992, 0.000, 0.000, 0.000, 0.000, 0.000, 0.990, 0.000]"
1402,56.08,56.12,Gaeul,0.9977138042449951,Gaeul|Gang Vocal,"[0.998, 0.991]",,[],,[],"[0.998, 0.000, 0.000, 0.000, 0.000, 0.000, 0.991, 0.000]"
1403,56.12,56.16,Gaeul,0.9993807077407837,Gaeul|Gang Vocal,"[0.999, 0.992]",,[],,[],"[0.999, 0.000, 0.000, 0.000, 0.000, 0.000, 0.992, 0.000]"
1404,56.16,56.2,Gaeul,0.9998362064361572,Gaeul|Gang Vocal,"[1.000, 0.992]",,[],,[],"[1.000, 0.000, 0.000, 0.000, 0.000, 0.000, 0.992, 0.000]"
1405,56.2,56.24,Gaeul,0.9999572038650513,Gaeul|Gang Vocal,"[1.000, 0.993]",,[],,[],"[1.000, 0.000, 0.000, 0.000, 0.000, 0.000, 0.993, 0.000]"
1406,56.24,56.28,Gaeul,0.9999887943267822,Gaeul|Gang Vocal,"[1.000, 0.993]",,[],,[],"[1.000, 0.000, 0.000, 0.000, 0.000, 0.000, 0.993, 0.000]"
1407,56.28,56.32,Gaeul,0.9999970197677612,Gaeul|Gang Vocal,"[1.000, 0.993]",,[],,[],"[1.000, 0.000, 0.000, 0.000, 0.000, 0.000, 0.993, 0.000]"
1408,56.32,56.36,Gaeul,0.9999991655349731,Gaeul|Gang Vocal,"[1.000, 0.993]",,[],,[],"[1.000, 0.000, 0.000, 0.000, 0.000, 0.000, 0.993, 0.000]"
1409,56.36,56.4,Gaeul,0.9999997615814209,Gaeul|Gang Vocal,"[1.000, 0.993]",,[],,[],"[1.000, 0.000, 0.000, 0.000, 0.000, 0.000, 0.993, 0.000]"
1410,56.4,56.44,Gaeul,0.9999998807907104,Gaeul|Gang Vocal,"[1.000, 0.992]",,[],,[],"[1.000, 0.000, 0.000, 0.000, 0.000, 0.000, 0.992, 0.000]"
1411,56.44,56.48,Gaeul,1.0,Gaeul|Gang Vocal,"[1.000, 0.991]",,[],,[],"[1.000, 0.000, 0.000, 0.000, 0.000, 0.000, 0.991, 0.000]"
1412,56.48,56.52,Gaeul,1.0,Gaeul|Gang Vocal,"[1.000, 0.990]",,[],,[],"[1.000, 0.000, 0.000, 0.000, 0.000, 0.000, 0.990, 0.000]"
1413,56.52,56.56,Gaeul,1.0,Gaeul|Gang Vocal,"[1.000, 0.988]",,[],,[],"[1.000, 0.000, 0.000, 0.000, 0.000, 0.000, 0.988, 0.000]"
1414,56.56,56.6,Gaeul,1.0,Gaeul|Gang Vocal,"[1.000, 0.984]",,[],,[],"[1.000, 0.000, 0.000, 0.000, 0.000, 0.000, 0.984, 0.000]"
1415,56.6,56.64,Gaeul,1.0,Gaeul|Gang Vocal,"[1.000, 0.980]",,[],,[],"[1.000, 0.000, 0.000, 0.000, 0.000, 0.000, 0.980, 0.000]"
1416,56.64,56.68,Gaeul,1.0,Gaeul|Gang Vocal,"[1.000, 0.972]",,[],,[],"[1.000, 0.000, 0.000, 0.000, 0.000, 0.000, 0.972, 0.000]"
1417,56.68,56.72,Gaeul,1.0,Gaeul|Gang Vocal,"[1.000, 0.961]",,[],,[],"[1.000, 0.000, 0.000, 0.000, 0.000, 0.000, 0.961, 0.000]"
1418,56.72,56.76,Gaeul,1.0,Gaeul|Gang Vocal,"[1.000, 0.943]",,[],,[],"[1.000, 0.000, 0.000, 0.000, 0.000, 0.000, 0.943, 0.000]"
1419,56.76,56.8,Gaeul,1.0,Gaeul|Gang Vocal,"[1.000, 0.914]",,[],,[],"[1.000, 0.000, 0.000, 0.000, 0.000, 0.000, 0.914, 0.000]"
1420,56.8,56.84,Gaeul,1.0,Gaeul|Gang Vocal,"[1.000, 0.869]",,[],,[],"[1.000, 0.000, 0.000, 0.000, 0.000, 0.000, 0.869, 0.000]"
1421,56.84,56.88,Gaeul,1.0,Gaeul|Gang Vocal,"[1.000, 0.801]",,[],,[],"[1.000, 0.000, 0.000, 0.000, 0.000, 0.000, 0.801, 0.000]"
1422,56.88,56.92,Gaeul,1.0,Gaeul|Gang Vocal,"[1.000, 0.703]",,[],,[],"[1.000, 0.000, 0.000, 0.000, 0.000, 0.000, 0.703, 0.000]"
1423,56.92,56.96,Gaeul,1.0,Gaeul|Gang Vocal,"[1.000, 0.577]",,[],,[],"[1.000, 0.000, 0.000, 0.000, 0.000, 0.000, 0.577, 0.000]"
1424,56.96,57.0,Gaeul,1.0,Gaeul,[1.000],,[],,[],"[1.000, 0.000, 0.000, 0.000, 0.000, 0.000, 0.435, 0.000]"
1425,57.0,57.04,Gaeul,1.0,Gaeul,[1.000],,[],,[],"[1.000, 0.000, 0.000, 0.000, 0.000, 0.000, 0.301, 0.000]"
1426,57.04,57.08,Gaeul,1.0,Gaeul,[1.000],,[],,[],"[1.000, 0.000, 0.000, 0.000, 0.000, 0.000, 0.194, 0.000]"
1427,57.08,57.12,Gaeul,1.0,Gaeul,[1.000],,[],,[],"[1.000, 0.000, 0.000, 0.000, 0.000, 0.000, 0.118, 0.000]"
1428,57.12,57.16,Gaeul,1.0,Gaeul,[1.000],,[],,[],"[1.000, 0.000, 0.000, 0.000, 0.000, 0.000, 0.070, 0.000]"
1429,57.16,57.2,Gaeul,1.0,Gaeul,[1.000],,[],,[],"[1.000, 0.000, 0.000, 0.000, 0.000, 0.000, 0.041, 0.000]"
1430,57.2,57.24,Gaeul,1.0,Gaeul,[1.000],,[],,[],"[1.000, 0.000, 0.000, 0.000, 0.000, 0.000, 0.024, 0.000]"
1431,57.24,57.28,Gaeul,1.0,Gaeul,[1.000],,[],,[],"[1.000, 0.000, 0.000, 0.000, 0.000, 0.000, 0.014, 0.000]"
1432,57.28,57.32,Gaeul,1.0,Gaeul,[1.000],,[],,[],"[1.000, 0.000, 0.000, 0.000, 0.000, 0.000, 0.009, 0.000]"
1433,57.32,57.36,Gaeul,1.0,Gaeul,[1.000],,[],,[],"[1.000, 0.000, 0.000, 0.000, 0.000, 0.000, 0.006, 0.000]"
1434,57.36,57.4,Gaeul,1.0,Gaeul,[1.000],,[],,[],"[1.000, 0.000, 0.000, 0.000, 0.000, 0.000, 0.004, 0.000]"
1435,57.4,57.44,Gaeul,1.0,Gaeul,[1.000],,[],,[],"[1.000, 0.000, 0.000, 0.000, 0.000, 0.000, 0.003, 0.000]"
1436,57.44,57.48,Gaeul,1.0,Gaeul,[1.000],,[],,[],"[1.000, 0.000, 0.000, 0.000, 0.000, 0.000, 0.002, 0.000]"
1437,57.48,57.52,Gaeul,1.0,Gaeul,[1.000],,[],,[],"[1.000, 0.000, 0.000, 0.000, 0.000, 0.000, 0.001, 0.000]"
1438,57.52,57.56,Gaeul,1.0,Gaeul,[1.000],,[],,[],"[1.000, 0.000, 0.000, 0.000, 0.000, 0.000, 0.001, 0.000]"
1439,57.56,57.6,Gaeul,1.0,Gaeul,[1.000],,[],,[],"[1.000, 0.000, 0.000, 0.000, 0.000, 0.000, 0.001, 0.000]"
1440,57.6,57.64,Gaeul,1.0,Gaeul,[1.000],,[],Liz,[0.621],"[1.000, 0.000, 0.000, 0.000, 0.000, 0.000, 0.001, 0.000]"
1441,57.64,57.68,Gaeul,1.0,Gaeul,[1.000],,[],Liz,[0.635],"[1.000, 0.000, 0.000, 0.000, 0.000, 0.000, 0.001, 0.000]"
1442,57.68,57.72,Gaeul,1.0,Gaeul,[1.000],,[],Liz,[0.632],"[1.000, 0.000, 0.000, 0.000, 0.000, 0.000, 0.000, 0.000]"
1443,57.72,57.76,Gaeul,1.0,Gaeul,[1.000],,[],Liz,[0.612],"[1.000, 0.000, 0.000, 0.000, 0.000, 0.000, 0.000, 0.000]"
1444,57.76,57.8,Gaeul,1.0,Gaeul,[1.000],,[],,[],"[1.000, 0.000, 0.000, 0.000, 0.000, 0.000, 0.000, 0.000]"
1445,57.8,57.84,Gaeul,1.0,Gaeul,[1.000],,[],,[],"[1.000, 0.000, 0.000, 0.000, 0.000, 0.000, 0.000, 0.000]"
1446,57.84,57.88,Gaeul,1.0,Gaeul,[1.000],,[],,[],"[1.000, 0.000, 0.000, 0.000, 0.000, 0.000, 0.000, 0.000]"
1447,57.88,57.92,Gaeul,1.0,Gaeul,[1.000],,[],,[],"[1.000, 0.000, 0.000, 0.000, 0.000, 0.000, 0.000, 0.000]"
1448,57.92,57.96,Gaeul,1.0,Gaeul,[1.000],,[],,[],"[1.000, 0.000, 0.000, 0.000, 0.000, 0.000, 0.000, 0.000]"
1449,57.96,58.0,Gaeul,1.0,Gaeul,[1.000],,[],,[],"[1.000, 0.000, 0.000, 0.000, 0.000, 0.000, 0.000, 0.000]"
1450,58.0,58.04,Gaeul,1.0,Gaeul,[1.000],,[],,[],"[1.000, 0.000, 0.000, 0.000, 0.000, 0.000, 0.000, 0.000]"
1451,58.04,58.08,Gaeul,1.0,Gaeul,[1.000],,[],,[],"[1.000, 0.000, 0.000, 0.000, 0.000, 0.000, 0.000, 0.000]"
1452,58.08,58.12,Gaeul,1.0,Gaeul,[1.000],,[],,[],"[1.000, 0.000, 0.000, 0.000, 0.000, 0.000, 0.000, 0.000]"
1453,58.12,58.16,Gaeul,1.0,Gaeul,[1.000],,[],,[],"[1.000, 0.000, 0.000, 0.000, 0.000, 0.000, 0.000, 0.000]"
1454,58.16,58.2,Gaeul,1.0,Gaeul,[1.000],,[],,[],"[1.000, 0.000, 0.000, 0.000, 0.000, 0.000, 0.000, 0.000]"
1455,58.2,58.24,Gaeul,1.0,Gaeul,[1.000],,[],,[],"[1.000, 0.000, 0.000, 0.000, 0.000, 0.000, 0.000, 0.000]"
1456,58.24,58.28,Gaeul,1.0,Gaeul,[1.000],,[],,[],"[1.000, 0.000, 0.000, 0.000, 0.000, 0.000, 0.000, 0.000]"
1457,58.28,58.32,Gaeul,1.0,Gaeul,[1.000],,[],,[],"[1.000, 0.000, 0.000, 0.000, 0.000, 0.000, 0.000, 0.000]"
1458,58.32,58.36,Gaeul,1.0,Gaeul,[1.000],,[],,[],"[1.000, 0.000, 0.000, 0.000, 0.000, 0.000, 0.000, 0.000]"
1459,58.36,58.4,Gaeul,1.0,Gaeul,[1.000],,[],,[],"[1.000, 0.000, 0.000, 0.000, 0.000, 0.000, 0.000, 0.000]"
1460,58.4,58.44,Gaeul,1.0,Gaeul,[1.000],,[],,[],"[1.000, 0.000, 0.000, 0.000, 0.000, 0.000, 0.000, 0.000]"
1461,58.44,58.48,Gaeul,1.0,Gaeul,[1.000],,[],,[],"[1.000, 0.000, 0.000, 0.000, 0.000, 0.000, 0.000, 0.000]"
1462,58.48,58.52,Gaeul,1.0,Gaeul,[1.000],,[],,[],"[1.000, 0.000, 0.000, 0.000, 0.000, 0.000, 0.000, 0.000]"
1463,58.52,58.56,Gaeul,1.0,Gaeul,[1.000],,[],,[],"[1.000, 0.000, 0.000, 0.000, 0.000, 0.000, 0.000, 0.000]"
1464,58.56,58.6,Gaeul,1.0,Gaeul,[1.000],,[],,[],"[1.000, 0.000, 0.000, 0.000, 0.000, 0.000, 0.000, 0.000]"
1465,58.6,58.64,Gaeul,0.9999998807907104,Gaeul,[1.000],,[],,[],"[1.000, 0.000, 0.000, 0.000, 0.000, 0.000, 0.000, 0.000]"
1466,58.64,58.68,Gaeul,0.9999995231628418,Gaeul,[1.000],,[],,[],"[1.000, 0.000, 0.000, 0.000, 0.000, 0.000, 0.000, 0.000]"
1467,58.68,58.72,Gaeul,0.9999983310699463,Gaeul,[1.000],,[],,[],"[1.000, 0.000, 0.000, 0.000, 0.000, 0.000, 0.000, 0.000]"
1468,58.72,58.76,Gaeul,0.9999947547912598,Gaeul,[1.000],,[],,[],"[1.000, 0.000, 0.000, 0.000, 0.000, 0.000, 0.000, 0.000]"
1469,58.76,58.8,Gaeul,0.999983549118042,Gaeul,[1.000],,[],,[],"[1.000, 0.000, 0.000, 0.000, 0.000, 0.000, 0.000, 0.000]"
1470,58.8,58.84,Gaeul,0.9999501705169678,Gaeul,[1.000],,[],,[],"[1.000, 0.000, 0.000, 0.000, 0.000, 0.000, 0.000, 0.000]"
1471,58.84,58.88,Gaeul,0.9998544454574585,Gaeul,[1.000],,[],,[],"[1.000, 0.000, 0.000, 0.000, 0.000, 0.000, 0.000, 0.000]"
1472,58.88,58.92,Gaeul,0.9995970129966736,Gaeul,[1.000],,[],,[],"[1.000, 0.000, 0.000, 0.000, 0.000, 0.000, 0.000, 0.000]"
1473,58.92,58.96,Gaeul,0.9989521503448486,Gaeul,[0.999],,[],,[],"[0.999, 0.000, 0.000, 0.000, 0.000, 0.000, 0.000, 0.000]"
1474,58.96,59.0,Gaeul,0.9974604845046997,Gaeul,[0.997],,[],,[],"[0.997, 0.000, 0.000, 0.000, 0.000, 0.000, 0.000, 0.000]"
1475,59.0,59.04,Gaeul,0.9942980408668518,Gaeul,[0.994],,[],,[],"[0.994, 0.000, 0.000, 0.000, 0.000, 0.000, 0.001, 0.000]"
1476,59.04,59.08,Gaeul,0.9882203340530396,Gaeul,[0.988],,[],,[],"[0.988, 0.000, 0.000, 0.000, 0.000, 0.000, 0.001, 0.000]"
1477,59.08,59.12,Gaeul,0.9776611328125,Gaeul,[0.978],,[],,[],"[0.978, 0.000, 0.000, 0.000, 0.000, 0.000, 0.002, 0.000]"
1478,59.12,59.16,Gaeul,0.9611731767654419,Gaeul,[0.961],,[],,[],"[0.961, 0.000, 0.000, 0.000, 0.000, 0.000, 0.003, 0.000]"
1479,59.16,59.2,Gaeul,0.9381476640701294,Gaeul,[0.938],,[],,[],"[0.938, 0.000, 0.000, 0.000, 0.000, 0.000, 0.005, 0.000]"
1480,59.2,59.24,Gaeul,0.9094720482826233,Gaeul,[0.909],,[],,[],"[0.909, 0.000, 0.000, 0.000, 0.000, 0.001, 0.009, 0.000]"
1481,59.24,59.28,Gaeul,0.8774505257606506,Gaeul,[0.877],,[],,[],"[0.877, 0.000, 0.000, 0.000, 0.000, 0.001, 0.015, 0.000]"
1482,59.28,59.32,Gaeul,0.8449831008911133,Gaeul,[0.845],,[],,[],"[0.845, 0.000, 0.000, 0.000, 0.000, 0.002, 0.026, 0.000]"
1483,59.32,59.36,Gaeul,0.8148227334022522,Gaeul,[0.815],,[],,[],"[0.815, 0.000, 0.000, 0.000, 0.000, 0.003, 0.041, 0.000]"
1484,59.36,59.4,Gaeul,0.788609504699707,Gaeul,[0.789],,[],,[],"[0.789, 0.000, 0.000, 0.000, 0.000, 0.005, 0.065, 0.000]"
1485,59.4,59.44,Gaeul,0.7670325040817261,Gaeul,[0.767],,[],,[],"[0.767, 0.000, 0.000, 0.000, 0.000, 0.008, 0.099, 0.000]"
1486,59.44,59.48,Gaeul,0.749763548374176,Gaeul,[0.750],,[],,[],"[0.750, 0.000, 0.000, 0.000, 0.000, 0.012, 0.143, 0.000]"
1487,59.48,59.52,Gaeul,0.7359737157821655,Gaeul,[0.736],,[],,[],"[0.736, 0.000, 0.000, 0.000, 0.000, 0.017, 0.199, 0.000]"
1488,59.52,59.56,Gaeul,0.7242961525917053,Gaeul,[0.724],,[],,[],"[0.724, 0.000, 0.000, 0.000, 0.000, 0.024, 0.265, 0.000]"
1489,59.56,59.6,Gaeul,0.713162362575531,Gaeul,[0.713],,[],,[],"[0.713, 0.000, 0.000, 0.000, 0.000, 0.031, 0.337, 0.000]"
1490,59.6,59.64,Gaeul,0.7010025978088379,Gaeul,[0.701],,[],,[],"[0.701, 0.000, 0.000, 0.000, 0.000, 0.039, 0.411, 0.000]"
1491,59.64,59.68,Gaeul,0.6861806511878967,Gaeul,[0.686],,[],,[],"[0.686, 0.000, 0.000, 0.000, 0.000, 0.046, 0.483, 0.000]"
1492,59.68,59.72,Gaeul,0.6669929027557373,Gaeul|Gang Vocal,"[0.667, 0.551]",,[],,[],"[0.667, 0.000, 0.000, 0.000, 0.000, 0.053, 0.551, 0.000]"
1493,59.72,59.76,Gaeul,0.6413028240203857,Gaeul|Gang Vocal,"[0.641, 0.612]",,[],,[],"[0.641, 0.000, 0.000, 0.000, 0.000, 0.058, 0.612, 0.000]"
1494,59.76,59.8,Gaeul,0.6066873669624329,Gaeul|Gang Vocal,"[0.607, 0.667]",,[],,[],"[0.607, 0.000, 0.000, 0.000, 0.000, 0.062, 0.667, 0.000]"
1495,59.8,59.84,Gaeul,0.5613086223602295,Gaeul|Gang Vocal,"[0.561, 0.714]",,[],,[],"[0.561, 0.000, 0.000, 0.000, 0.000, 0.065, 0.714, 0.000]"
1496,59.84,59.88,Gaeul,0.5042106509208679,Gaeul|Gang Vocal,"[0.504, 0.755]",,[],,[],"[0.504, 0.000, 0.000, 0.000, 0.000, 0.066, 0.755, 0.000]"
1497,59.88,59.92,Gang Vocal,0.7901087403297424,Gang Vocal,[0.790],,[],,[],"[0.436, 0.000, 0.000, 0.000, 0.000, 0.065, 0.790, 0.000]"
1498,59.92,59.96,Gang Vocal,0.819926381111145,Gang Vocal,[0.820],,[],,[],"[0.358, 0.000, 0.000, 0.000, 0.000, 0.063, 0.820, 0.000]"
1499,59.96,60.0,Gang Vocal,0.8450184464454651,Gang Vocal,[0.845],,[],,[],"[0.278, 0.000, 0.000, 0.000, 0.000, 0.060, 0.845, 0.000]"
1500,60.0,60.04,Gang Vocal,0.8654853105545044,Gang Vocal,[0.865],,[],,[],"[0.203, 0.000, 0.000, 0.000, 0.000, 0.055, 0.865, 0.000]"
1501,60.04,60.08,Gang Vocal,0.881872832775116,Gang Vocal,[0.882],,[],,[],"[0.140, 0.000, 0.000, 0.000, 0.000, 0.050, 0.882, 0.000]"
1502,60.08,60.12,Gang Vocal,0.8949148654937744,Gang Vocal,[0.895],,[],,[],"[0.092, 0.000, 0.000, 0.000, 0.000, 0.044, 0.895, 0.000]"
1503,60.12,60.16,Gang Vocal,0.9053345322608948,Gang Vocal,[0.905],,[],,[],"[0.059, 0.000, 0.000, 0.000, 0.000, 0.038, 0.905, 0.000]"
1504,60.16,60.2,Gang Vocal,0.9138152003288269,Gang Vocal,[0.914],,[],,[],"[0.037, 0.000, 0.000, 0.000, 0.000, 0.032, 0.914, 0.000]"
1505,60.2,60.24,Gang Vocal,0.920933187007904,Gang Vocal,[0.921],,[],,[],"[0.024, 0.000, 0.000, 0.000, 0.000, 0.026, 0.921, 0.000]"
1506,60.24,60.28,Gang Vocal,0.9270849823951721,Gang Vocal,[0.927],,[],,[],"[0.015, 0.000, 0.000, 0.000, 0.000, 0.020, 0.927, 0.000]"
1507,60.28,60.32,Gang Vocal,0.932491660118103,Gang Vocal,[0.932],,[],,[],"[0.010, 0.000, 0.000, 0.000, 0.000, 0.015, 0.932, 0.000]"
1508,60.32,60.36,Gang Vocal,0.9373506903648376,Gang Vocal,[0.937],,[],,[],"[0.008, 0.000, 0.000, 0.000, 0.000, 0.011, 0.937, 0.000]"
1509,60.36,60.4,Gang Vocal,0.9418826103210449,Gang Vocal,[0.942],,[],,[],"[0.006, 0.000, 0.000, 0.000, 0.000, 0.008, 0.942, 0.000]"
1510,60.4,60.44,Gang Vocal,0.9462722539901733,Gang Vocal,[0.946],,[],,[],"[0.005, 0.000, 0.000, 0.000, 0.000, 0.005, 0.946, 0.000]"
1511,60.44,60.48,Gang Vocal,0.950721800327301,Gang Vocal,[0.951],,[],,[],"[0.005, 0.000, 0.000, 0.000, 0.000, 0.003, 0.951, 0.000]"
1512,60.48,60.52,Gang Vocal,0.9552844762802124,Gang Vocal,[0.955],,[],Liz,[0.648],"[0.005, 0.000, 0.000, 0.000, 0.000, 0.002, 0.955, 0.000]"
1513,60.52,60.56,Gang Vocal,0.9599775075912476,Gang Vocal,[0.960],,[],Liz,[0.686],"[0.005, 0.000, 0.000, 0.000, 0.000, 0.001, 0.960, 0.000]"
1514,60.56,60.6,Gang Vocal,0.9647508263587952,Gang Vocal,[0.965],,[],Liz,[0.713],"[0.007, 0.000, 0.000, 0.000, 0.000, 0.001, 0.965, 0.000]"
1515,60.6,60.64,Gang Vocal,0.9694841504096985,Gang Vocal,[0.969],,[],Liz,[0.731],"[0.010, 0.000, 0.000, 0.000, 0.000, 0.000, 0.969, 0.000]"
1516,60.64,60.68,Gang Vocal,0.9740556478500366,Gang Vocal,[0.974],,[],Liz,[0.741],"[0.015, 0.000, 0.000, 0.000, 0.000, 0.000, 0.974, 0.000]"
1517,60.68,60.72,Gang Vocal,0.9783700108528137,Gang Vocal,[0.978],,[],Liz,[0.745],"[0.027, 0.000, 0.000, 0.000, 0.000, 0.000, 0.978, 0.000]"
1518,60.72,60.76,Gang Vocal,0.9823300838470459,Gang Vocal,[0.982],,[],Liz,[0.744],"[0.053, 0.000, 0.000, 0.000, 0.000, 0.000, 0.982, 0.000]"
1519,60.76,60.8,Gang Vocal,0.9858654737472534,Gang Vocal,[0.986],,[],Liz,[0.738],"[0.109, 0.000, 0.000, 0.000, 0.000, 0.000, 0.986, 0.000]"
1520,60.8,60.84,Gang Vocal,0.9889209270477295,Gang Vocal,[0.989],,[],Liz,[0.726],"[0.227, 0.000, 0.000, 0.000, 0.000, 0.000, 0.989, 0.000]"
1521,60.84,60.88,Gang Vocal,0.9914735555648804,Gang Vocal,[0.991],,[],Liz,[0.709],"[0.432, 0.000, 0.000, 0.000, 0.000, 0.000, 0.991, 0.000]"
1522,60.88,60.92,Gaeul,0.6791862845420837,Gaeul|Gang Vocal,"[0.679, 0.994]",,[],Liz,[0.686],"[0.679, 0.000, 0.000, 0.000, 0.000, 0.000, 0.994, 0.000]"
1523,60.92,60.96,Gaeul,0.861321210861206,Gaeul|Gang Vocal,"[0.861, 0.995]",,[],Liz,[0.655],"[0.861, 0.000, 0.000, 0.000, 0.000, 0.000, 0.995, 0.000]"
1524,60.96,61.0,Gaeul,0.9499844908714294,Gaeul|Gang Vocal,"[0.950, 0.996]",,[],Liz,[0.617],"[0.950, 0.000, 0.000, 0.000, 0.000, 0.000, 0.996, 0.000]"
1525,61.0,61.04,Gaeul,0.9835445284843445,Gaeul|Gang Vocal,"[0.984, 0.997]",,[],,[],"[0.984, 0.000, 0.000, 0.000, 0.000, 0.000, 0.997, 0.000]"
1526,61.04,61.08,Gaeul,0.9947928786277771,Gaeul|Gang Vocal,"[0.995, 0.998]",,[],,[],"[0.995, 0.000, 0.000, 0.000, 0.000, 0.000, 0.998, 0.000]"
1527,61.08,61.12,Gaeul,0.9983699917793274,Gaeul|Gang Vocal,"[0.998, 0.999]",,[],,[],"[0.998, 0.000, 0.000, 0.000, 0.000, 0.000, 0.999, 0.000]"
1528,61.12,61.16,Gaeul,0.9994869232177734,Gaeul|Gang Vocal,"[0.999, 0.999]",,[],,[],"[0.999, 0.000, 0.000, 0.000, 0.000, 0.000, 0.999, 0.000]"
1529,61.16,61.2,Gaeul,0.999835729598999,Gaeul|Gang Vocal,"[1.000, 0.999]",,[],,[],"[1.000, 0.000, 0.000, 0.000, 0.000, 0.000, 0.999, 0.000]"
1530,61.2,61.24,Gaeul,0.999946117401123,Gaeul|Gang Vocal,"[1.000, 0.999]",,[],,[],"[1.000, 0.000, 0.000, 0.000, 0.000, 0.000, 0.999, 0.000]"
1531,61.24,61.28,Gaeul,0.9999817609786987,Gaeul|Gang Vocal,"[1.000, 1.000]",,[],,[],"[1.000, 0.000, 0.000, 0.000, 0.000, 0.000, 1.000, 0.000]"
1532,61.28,61.32,Gaeul,0.9999935626983643,Gaeul|Gang Vocal,"[1.000, 1.000]",,[],,[],"[1.000, 0.000, 0.000, 0.000, 0.000, 0.000, 1.000, 0.000]"
1533,61.32,61.36,Gaeul,0.999997615814209,Gaeul|Gang Vocal,"[1.000, 1.000]",,[],,[],"[1.000, 0.000, 0.000, 0.000, 0.000, 0.000, 1.000, 0.000]"
1534,61.36,61.4,Gaeul,0.9999991655349731,Gaeul|Gang Vocal,"[1.000, 1.000]",,[],,[],"[1.000, 0.000, 0.000, 0.000, 0.000, 0.000, 1.000, 0.000]"
1535,61.4,61.44,Gaeul,0.9999996423721313,Gaeul|Gang Vocal,"[1.000, 1.000]",,[],,[],"[1.000, 0.000, 0.000, 0.000, 0.000, 0.000, 1.000, 0.000]"
1536,61.44,61.48,Gaeul,0.9999998807907104,Gaeul|Gang Vocal,"[1.000, 1.000]",,[],,[],"[1.000, 0.000, 0.000, 0.000, 0.000, 0.000, 1.000, 0.000]"
1537,61.48,61.52,Gaeul,0.9999998807907104,Gaeul|Gang Vocal,"[1.000, 1.000]",,[],,[],"[1.000, 0.000, 0.000, 0.000, 0.000, 0.000, 1.000, 0.000]"
1538,61.52,61.56,Gaeul,1.0,Gaeul|Gang Vocal,"[1.000, 1.000]",,[],,[],"[1.000, 0.000, 0.000, 0.000, 0.000, 0.000, 1.000, 0.000]"
1539,61.56,61.6,Gaeul,1.0,Gaeul|Gang Vocal,"[1.000, 0.999]",,[],,[],"[1.000, 0.000, 0.000, 0.000, 0.000, 0.000, 0.999, 0.000]"
1540,61.6,61.64,Gaeul,1.0,Gaeul|Gang Vocal,"[1.000, 0.999]",,[],,[],"[1.000, 0.000, 0.000, 0.000, 0.000, 0.000, 0.999, 0.000]"
1541,61.64,61.68,Gaeul,1.0,Gaeul|Gang Vocal,"[1.000, 0.999]",,[],,[],"[1.000, 0.000, 0.000, 0.000, 0.000, 0.000, 0.999, 0.000]"
1542,61.68,61.72,Gaeul,1.0,Gaeul|Gang Vocal,"[1.000, 0.998]",,[],,[],"[1.000, 0.000, 0.000, 0.000, 0.000, 0.000, 0.998, 0.000]"
1543,61.72,61.76,Gaeul,1.0,Gaeul|Gang Vocal,"[1.000, 0.996]",,[],,[],"[1.000, 0.000, 0.000, 0.000, 0.000, 0.000, 0.996, 0.000]"
1544,61.76,61.8,Gaeul,1.0,Gaeul|Gang Vocal,"[1.000, 0.991]",,[],,[],"[1.000, 0.000, 0.000, 0.000, 0.000, 0.000, 0.991, 0.000]"
1545,61.8,61.84,Gaeul,1.0,Gaeul|Gang Vocal,"[1.000, 0.979]",,[],,[],"[1.000, 0.000, 0.000, 0.000, 0.000, 0.000, 0.979, 0.000]"
1546,61.84,61.88,Gaeul,1.0,Gaeul|Gang Vocal,"[1.000, 0.947]",,[],,[],"[1.000, 0.000, 0.000, 0.000, 0.000, 0.000, 0.947, 0.000]"
1547,61.88,61.92,Gaeul,1.0,Gaeul|Gang Vocal,"[1.000, 0.864]",,[],,[],"[1.000, 0.000, 0.000, 0.000, 0.000, 0.000, 0.864, 0.000]"
1548,61.92,61.96,Gaeul,1.0,Gaeul|Gang Vocal,"[1.000, 0.677]",,[],,[],"[1.000, 0.000, 0.000, 0.000, 0.000, 0.000, 0.677, 0.000]"
1549,61.96,62.0,Gaeul,1.0,Gaeul,[1.000],,[],,[],"[1.000, 0.000, 0.000, 0.000, 0.000, 0.000, 0.392, 0.000]"
1550,62.0,62.04,Gaeul,1.0,Gaeul,[1.000],,[],,[],"[1.000, 0.000, 0.000, 0.000, 0.000, 0.000, 0.158, 0.000]"
1551,62.04,62.08,Gaeul,1.0,Gaeul,[1.000],,[],,[],"[1.000, 0.000, 0.000, 0.000, 0.000, 0.000, 0.049, 0.000]"
1552,62.08,62.12,Gaeul,1.0,Gaeul,[1.000],,[],,[],"[1.000, 0.000, 0.000, 0.000, 0.000, 0.000, 0.014, 0.000]"
1553,62.12,62.16,Gaeul,1.0,Gaeul,[1.000],,[],,[],"[1.000, 0.000, 0.000, 0.000, 0.000, 0.000, 0.004, 0.000]"
1554,62.16,62.2,Gaeul,1.0,Gaeul,[1.000],,[],,[],"[1.000, 0.000, 0.000, 0.000, 0.000, 0.000, 0.001, 0.000]"
1555,62.2,62.24,Gaeul,1.0,Gaeul,[1.000],,[],,[],"[1.000, 0.000, 0.000, 0.000, 0.000, 0.000, 0.000, 0.000]"
1556,62.24,62.28,Gaeul,1.0,Gaeul,[1.000],,[],,[],"[1.000, 0.000, 0.000, 0.000, 0.000, 0.000, 0.000, 0.000]"
1557,62.28,62.32,Gaeul,1.0,Gaeul,[1.000],,[],,[],"[1.000, 0.000, 0.000, 0.000, 0.000, 0.000, 0.000, 0.000]"
1558,62.32,62.36,Gaeul,1.0,Gaeul,[1.000],,[],,[],"[1.000, 0.000, 0.000, 0.000, 0.000, 0.000, 0.000, 0.000]"
1559,62.36,62.4,Gaeul,1.0,Gaeul,[1.000],,[],,[],"[1.000, 0.000, 0.000, 0.000, 0.000, 0.000, 0.000, 0.000]"
1560,62.4,62.44,Gaeul,1.0,Gaeul,[1.000],,[],,[],"[1.000, 0.000, 0.000, 0.000, 0.000, 0.000, 0.000, 0.000]"
1561,62.44,62.48,Gaeul,1.0,Gaeul,[1.000],,[],,[],"[1.000, 0.000, 0.000, 0.000, 0.000, 0.000, 0.000, 0.000]"
1562,62.48,62.52,Gaeul,1.0,Gaeul,[1.000],,[],,[],"[1.000, 0.000, 0.000, 0.000, 0.000, 0.000, 0.000, 0.000]"
1563,62.52,62.56,Gaeul,1.0,Gaeul,[1.000],,[],,[],"[1.000, 0.000, 0.000, 0.000, 0.000, 0.000, 0.000, 0.000]"
1564,62.56,62.6,Gaeul,1.0,Gaeul,[1.000],,[],,[],"[1.000, 0.000, 0.000, 0.000, 0.000, 0.000, 0.000, 0.000]"
1565,62.6,62.64,Gaeul,1.0,Gaeul,[1.000],,[],,[],"[1.000, 0.000, 0.000, 0.000, 0.000, 0.000, 0.000, 0.000]"
1566,62.64,62.68,Gaeul,1.0,Gaeul,[1.000],,[],,[],"[1.000, 0.000, 0.000, 0.000, 0.000, 0.000, 0.000, 0.000]"
1567,62.68,62.72,Gaeul,1.0,Gaeul,[1.000],,[],,[],"[1.000, 0.000, 0.000, 0.000, 0.000, 0.000, 0.000, 0.000]"
1568,62.72,62.76,Gaeul,1.0,Gaeul,[1.000],,[],,[],"[1.000, 0.000, 0.000, 0.000, 0.000, 0.000, 0.000, 0.000]"
1569,62.76,62.8,Gaeul,1.0,Gaeul,[1.000],,[],,[],"[1.000, 0.000, 0.000, 0.000, 0.000, 0.000, 0.000, 0.000]"
1570,62.8,62.84,Gaeul,1.0,Gaeul,[1.000],,[],,[],"[1.000, 0.000, 0.000, 0.000, 0.000, 0.000, 0.000, 0.000]"
1571,62.84,62.88,Gaeul,1.0,Gaeul,[1.000],,[],,[],"[1.000, 0.000, 0.000, 0.000, 0.000, 0.000, 0.000, 0.000]"
1572,62.88,62.92,Gaeul,1.0,Gaeul,[1.000],,[],,[],"[1.000, 0.000, 0.000, 0.000, 0.000, 0.000, 0.000, 0.000]"
1573,62.92,62.96,Gaeul,1.0,Gaeul,[1.000],,[],,[],"[1.000, 0.000, 0.000, 0.000, 0.000, 0.000, 0.000, 0.000]"
1574,62.96,63.0,Gaeul,1.0,Gaeul,[1.000],,[],,[],"[1.000, 0.000, 0.000, 0.000, 0.000, 0.000, 0.000, 0.000]"
1575,63.0,63.04,Gaeul,1.0,Gaeul,[1.000],,[],,[],"[1.000, 0.000, 0.000, 0.000, 0.000, 0.000, 0.000, 0.000]"
1576,63.04,63.08,Gaeul,1.0,Gaeul,[1.000],,[],,[],"[1.000, 0.000, 0.000, 0.000, 0.000, 0.000, 0.000, 0.000]"
1577,63.08,63.12,Gaeul,1.0,Gaeul,[1.000],,[],,[],"[1.000, 0.000, 0.000, 0.000, 0.000, 0.000, 0.000, 0.000]"
1578,63.12,63.16,Gaeul,1.0,Gaeul,[1.000],,[],,[],"[1.000, 0.000, 0.000, 0.000, 0.000, 0.000, 0.000, 0.000]"
1579,63.16,63.2,Gaeul,1.0,Gaeul,[1.000],,[],,[],"[1.000, 0.000, 0.000, 0.000, 0.000, 0.000, 0.000, 0.000]"
1580,63.2,63.24,Gaeul,1.0,Gaeul,[1.000],,[],,[],"[1.000, 0.000, 0.000, 0.000, 0.000, 0.000, 0.000, 0.000]"
1581,63.24,63.28,Gaeul,1.0,Gaeul,[1.000],,[],,[],"[1.000, 0.000, 0.000, 0.000, 0.000, 0.000, 0.000, 0.000]"
1582,63.28,63.32,Gaeul,1.0,Gaeul,[1.000],,[],,[],"[1.000, 0.000, 0.000, 0.000, 0.000, 0.000, 0.000, 0.000]"
1583,63.32,63.36,Gaeul,1.0,Gaeul,[1.000],,[],,[],"[1.000, 0.000, 0.000, 0.000, 0.000, 0.000, 0.000, 0.000]"
1584,63.36,63.4,Gaeul,1.0,Gaeul,[1.000],,[],,[],"[1.000, 0.000, 0.000, 0.000, 0.000, 0.000, 0.000, 0.000]"
1585,63.4,63.44,Gaeul,1.0,Gaeul,[1.000],,[],,[],"[1.000, 0.000, 0.000, 0.000, 0.000, 0.000, 0.000, 0.000]"
1586,63.44,63.48,Gaeul,0.9999998807907104,Gaeul,[1.000],,[],,[],"[1.000, 0.000, 0.000, 0.000, 0.000, 0.000, 0.000, 0.000]"
1587,63.48,63.52,Gaeul,0.9999995231628418,Gaeul,[1.000],,[],,[],"[1.000, 0.000, 0.000, 0.000, 0.000, 0.000, 0.000, 0.000]"
1588,63.52,63.56,Gaeul,0.9999969005584717,Gaeul,[1.000],,[],,[],"[1.000, 0.000, 0.000, 0.000, 0.000, 0.000, 0.000, 0.000]"
1589,63.56,63.6,Gaeul,0.9999808073043823,Gaeul,[1.000],,[],,[],"[1.000, 0.000, 0.000, 0.000, 0.000, 0.001, 0.000, 0.000]"
1590,63.6,63.64,Gaeul,0.9998854398727417,Gaeul,[1.000],,[],,[],"[1.000, 0.000, 0.000, 0.000, 0.000, 0.005, 0.000, 0.000]"
1591,63.64,63.68,Gaeul,0.9993403553962708,Gaeul,[0.999],,[],,[],"[0.999, 0.000, 0.000, 0.000, 0.000, 0.018, 0.000, 0.000]"
1592,63.68,63.72,Gaeul,0.9963750243186951,Gaeul,[0.996],,[],,[],"[0.996, 0.000, 0.000, 0.000, 0.000, 0.056, 0.000, 0.000]"
1593,63.72,63.76,Gaeul,0.9813189506530762,Gaeul,[0.981],,[],,[],"[0.981, 0.000, 0.000, 0.000, 0.000, 0.153, 0.000, 0.000]"
1594,63.76,63.8,Gaeul,0.9141838550567627,Gaeul,[0.914],,[],,[],"[0.914, 0.000, 0.000, 0.000, 0.000, 0.335, 0.000, 0.000]"
1595,63.8,63.84,Gaeul,0.6978891491889954,Gaeul|Leeseo,"[0.698, 0.561]",,[],,[],"[0.698, 0.000, 0.000, 0.000, 0.000, 0.561, 0.000, 0.000]"
1596,63.84,63.88,Leeseo,0.7477326989173889,Leeseo,[0.748],,[],,[],"[0.350, 0.000, 0.000, 0.000, 0.000, 0.748, 0.000, 0.000]"
1597,63.88,63.92,Leeseo,0.8624714016914368,Leeseo,[0.862],,[],,[],"[0.120, 0.000, 0.000, 0.000, 0.000, 0.862, 0.000, 0.000]"
1598,63.92,63.96,Leeseo,0.9240406155586243,Leeseo,[0.924],,[],,[],"[0.036, 0.000, 0.000, 0.000, 0.000, 0.924, 0.000, 0.000]"
1599,63.96,64.0,Leeseo,0.9558988809585571,Leeseo,[0.956],,[],,[],"[0.011, 0.000, 0.000, 0.000, 0.000, 0.956, 0.001, 0.000]"
1600,64.0,64.04,Leeseo,0.9727003574371338,Leeseo,[0.973],,[],,[],"[0.004, 0.000, 0.000, 0.000, 0.000, 0.973, 0.001, 0.000]"
1601,64.04,64.08,Leeseo,0.9819034337997437,Leeseo,[0.982],,[],,[],"[0.001, 0.000, 0.000, 0.000, 0.000, 0.982, 0.001, 0.000]"
1602,64.08,64.12,Leeseo,0.9871485829353333,Leeseo,[0.987],,[],,[],"[0.000, 0.000, 0.000, 0.000, 0.000, 0.987, 0.001, 0.000]"
1603,64.12,64.16,Leeseo,0.9902724623680115,Leeseo,[0.990],,[],,[],"[0.000, 0.000, 0.000, 0.000, 0.000, 0.990, 0.001, 0.000]"
1604,64.16,64.2,Leeseo,0.9922115802764893,Leeseo,[0.992],,[],,[],"[0.000, 0.000, 0.000, 0.000, 0.000, 0.992, 0.002, 0.000]"
1605,64.2,64.24,Leeseo,0.993465006351471,Leeseo,[0.993],,[],,[],"[0.000, 0.000, 0.000, 0.000, 0.000, 0.993, 0.002, 0.000]"
1606,64.24,64.28,Leeseo,0.9943016767501831,Leeseo,[0.994],,[],,[],"[0.000, 0.000, 0.000, 0.000, 0.000, 0.994, 0.002, 0.000]"
1607,64.28,64.32,Leeseo,0.9948829412460327,Leeseo,[0.995],,[],,[],"[0.000, 0.000, 0.001, 0.000, 0.000, 0.995, 0.002, 0.000]"
1608,64.32,64.36,Leeseo,0.9953137636184692,Leeseo,[0.995],,[],,[],"[0.000, 0.000, 0.001, 0.000, 0.000, 0.995, 0.002, 0.000]"
1609,64.36,64.4,Leeseo,0.9956648945808411,Leeseo,[0.996],,[],,[],"[0.000, 0.000, 0.001, 0.000, 0.000, 0.996, 0.002, 0.000]"
1610,64.4,64.44,Leeseo,0.9959741234779358,Leeseo,[0.996],,[],,[],"[0.000, 0.000, 0.002, 0.000, 0.000, 0.996, 0.002, 0.000]"
1611,64.44,64.48,Leeseo,0.9962652325630188,Leeseo,[0.996],,[],,[],"[0.000, 0.000, 0.003, 0.000, 0.000, 0.996, 0.002, 0.000]"
1612,64.48,64.52,Leeseo,0.9965589642524719,Leeseo,[0.997],,[],,[],"[0.000, 0.000, 0.004, 0.000, 0.000, 0.997, 0.002, 0.000]"
1613,64.52,64.56,Leeseo,0.9968666434288025,Leeseo,[0.997],,[],,[],"[0.000, 0.000, 0.005, 0.000, 0.000, 0.997, 0.001, 0.000]"
1614,64.56,64.6,Leeseo,0.997177243232727,Leeseo,[0.997],,[],,[],"[0.000, 0.000, 0.007, 0.000, 0.000, 0.997, 0.001, 0.000]"
1615,64.6,64.64,Leeseo,0.9974785447120667,Leeseo,[0.997],,[],,[],"[0.000, 0.000, 0.009, 0.000, 0.000, 0.997, 0.001, 0.000]"
1616,64.64,64.68,Leeseo,0.9977626800537109,Leeseo,[0.998],,[],,[],"[0.000, 0.000, 0.010, 0.000, 0.000, 0.998, 0.001, 0.000]"
1617,64.68,64.72,Leeseo,0.998023509979248,Leeseo,[0.998],,[],,[],"[0.000, 0.000, 0.012, 0.000, 0.000, 0.998, 0.001, 0.000]"
1618,64.72,64.76,Leeseo,0.9982569813728333,Leeseo,[0.998],,[],,[],"[0.000, 0.000, 0.014, 0.000, 0.000, 0.998, 0.001, 0.000]"
1619,64.76,64.8,Leeseo,0.9984592199325562,Leeseo,[0.998],,[],,[],"[0.000, 0.000, 0.015, 0.000, 0.000, 0.998, 0.000, 0.000]"
1620,64.8,64.84,Leeseo,0.9986295700073242,Leeseo,[0.999],,[],,[],"[0.000, 0.000, 0.016, 0.000, 0.000, 0.999, 0.000, 0.000]"
1621,64.84,64.88,Leeseo,0.9987700581550598,Leeseo,[0.999],,[],,[],"[0.000, 0.000, 0.017, 0.000, 0.000, 0.999, 0.000, 0.000]"
1622,64.88,64.92,Leeseo,0.9988821148872375,Leeseo,[0.999],,[],,[],"[0.000, 0.000, 0.018, 0.000, 0.000, 0.999, 0.000, 0.000]"
1623,64.92,64.96,Leeseo,0.9989664554595947,Leeseo,[0.999],,[],,[],"[0.000, 0.000, 0.019, 0.000, 0.000, 0.999, 0.000, 0.000]"
1624,64.96,65.0,Leeseo,0.9990247488021851,Leeseo,[0.999],,[],,[],"[0.000, 0.000, 0.019, 0.000, 0.000, 0.999, 0.000, 0.000]"
1625,65.0,65.04,Leeseo,0.9990572333335876,Leeseo,[0.999],,[],,[],"[0.000, 0.000, 0.020, 0.000, 0.000, 0.999, 0.000, 0.000]"
1626,65.04,65.08,Leeseo,0.9990648627281189,Leeseo,[0.999],,[],,[],"[0.000, 0.000, 0.020, 0.000, 0.000, 0.999, 0.000, 0.000]"
1627,65.08,65.12,Leeseo,0.9990476965904236,Leeseo,[0.999],,[],,[],"[0.000, 0.000, 0.021, 0.000, 0.000, 0.999, 0.000, 0.000]"
1628,65.12,65.16,Leeseo,0.9990035891532898,Leeseo,[0.999],,[],,[],"[0.000, 0.000, 0.021, 0.000, 0.000, 0.999, 0.000, 0.000]"
1629,65.16,65.2,Leeseo,0.9989302754402161,Leeseo,[0.999],,[],,[],"[0.000, 0.000, 0.021, 0.000, 0.000, 0.999, 0.000, 0.000]"
1630,65.2,65.24,Leeseo,0.9988234639167786,Leeseo,[0.999],,[],,[],"[0.000, 0.000, 0.020, 0.000, 0.000, 0.999, 0.000, 0.000]"
1631,65.24,65.28,Leeseo,0.9986764788627625,Leeseo,[0.999],,[],,[],"[0.000, 0.000, 0.020, 0.001, 0.000, 0.999, 0.000, 0.000]"
1632,65.28,65.32,Leeseo,0.9984802603721619,Leeseo,[0.998],,[],,[],"[0.000, 0.000, 0.019, 0.001, 0.000, 0.998, 0.000, 0.000]"
1633,65.32,65.36,Leeseo,0.9982252717018127,Leeseo,[0.998],,[],,[],"[0.000, 0.000, 0.018, 0.001, 0.000, 0.998, 0.000, 0.000]"
1634,65.36,65.4,Leeseo,0.9978978633880615,Leeseo,[0.998],,[],,[],"[0.000, 0.000, 0.017, 0.001, 0.000, 0.998, 0.000, 0.000]"
1635,65.4,65.44,Leeseo,0.9974810481071472,Leeseo,[0.997],,[],,[],"[0.000, 0.000, 0.016, 0.001, 0.000, 0.997, 0.000, 0.000]"
1636,65.44,65.48,Leeseo,0.9969576597213745,Leeseo,[0.997],,[],,[],"[0.000, 0.000, 0.015, 0.001, 0.000, 0.997, 0.000, 0.000]"
1637,65.48,65.52,Leeseo,0.9963163137435913,Leeseo,[0.996],,[],,[],"[0.000, 0.000, 0.013, 0.001, 0.000, 0.996, 0.000, 0.000]"
1638,65.52,65.56,Leeseo,0.9955495595932007,Leeseo,[0.996],,[],,[],"[0.000, 0.000, 0.012, 0.001, 0.000, 0.996, 0.000, 0.000]"
1639,65.56,65.6,Leeseo,0.9946606755256653,Leeseo,[0.995],,[],,[],"[0.000, 0.000, 0.010, 0.001, 0.000, 0.995, 0.000, 0.000]"
1640,65.6,65.64,Leeseo,0.9936671853065491,Leeseo,[0.994],,[],,[],"[0.000, 0.000, 0.009, 0.001, 0.000, 0.994, 0.000, 0.000]"
1641,65.64,65.68,Leeseo,0.9926028847694397,Leeseo,[0.993],,[],,[],"[0.000, 0.000, 0.007, 0.000, 0.000, 0.993, 0.000, 0.000]"
1642,65.68,65.72,Leeseo,0.9915226697921753,Leeseo,[0.992],,[],,[],"[0.000, 0.000, 0.006, 0.000, 0.000, 0.992, 0.000, 0.000]"
1643,65.72,65.76,Leeseo,0.9905009269714355,Leeseo,[0.991],,[],,[],"[0.000, 0.000, 0.005, 0.000, 0.000, 0.991, 0.000, 0.000]"
1644,65.76,65.8,Leeseo,0.9896215200424194,Leeseo,[0.990],,[],,[],"[0.000, 0.000, 0.004, 0.000, 0.000, 0.990, 0.000, 0.000]"
1645,65.8,65.84,Leeseo,0.9889694452285767,Leeseo,[0.989],,[],,[],"[0.000, 0.000, 0.003, 0.000, 0.000, 0.989, 0.000, 0.000]"
1646,65.84,65.88,Leeseo,0.9886322617530823,Leeseo,[0.989],,[],,[],"[0.000, 0.000, 0.002, 0.000, 0.000, 0.989, 0.000, 0.000]"
1647,65.88,65.92,Leeseo,0.9886655807495117,Leeseo,[0.989],,[],,[],"[0.000, 0.000, 0.002, 0.000, 0.000, 0.989, 0.000, 0.000]"
1648,65.92,65.96,Leeseo,0.9890746474266052,Leeseo,[0.989],,[],,[],"[0.000, 0.000, 0.001, 0.000, 0.000, 0.989, 0.000, 0.000]"
1649,65.96,66.0,Leeseo,0.989819347858429,Leeseo,[0.990],,[],,[],"[0.000, 0.000, 0.001, 0.000, 0.000, 0.990, 0.000, 0.000]"
1650,66.0,66.04,Leeseo,0.9908214211463928,Leeseo,[0.991],,[],,[],"[0.000, 0.000, 0.001, 0.000, 0.000, 0.991, 0.000, 0.000]"
1651,66.04,66.08,Leeseo,0.9919867515563965,Leeseo,[0.992],,[],,[],"[0.000, 0.000, 0.001, 0.000, 0.000, 0.992, 0.000, 0.000]"
1652,66.08,66.12,Leeseo,0.9932276606559753,Leeseo,[0.993],,[],,[],"[0.000, 0.000, 0.000, 0.000, 0.000, 0.993, 0.000, 0.000]"
1653,66.12,66.16,Leeseo,0.9944500923156738,Leeseo,[0.994],,[],,[],"[0.000, 0.000, 0.000, 0.000, 0.000, 0.994, 0.000, 0.000]"
1654,66.16,66.2,Leeseo,0.9955757856369019,Leeseo,[0.996],,[],,[],"[0.000, 0.000, 0.000, 0.000, 0.000, 0.996, 0.000, 0.000]"
1655,66.2,66.24,Leeseo,0.9965581297874451,Leeseo,[0.997],,[],,[],"[0.000, 0.000, 0.000, 0.000, 0.000, 0.997, 0.000, 0.000]"
1656,66.24,66.28,Leeseo,0.9973787069320679,Leeseo,[0.997],,[],,[],"[0.000, 0.000, 0.000, 0.000, 0.000, 0.997, 0.000, 0.000]"
1657,66.28,66.32,Leeseo,0.9980378746986389,Leeseo,[0.998],,[],,[],"[0.000, 0.000, 0.000, 0.000, 0.000, 0.998, 0.000, 0.000]"
1658,66.32,66.36,Leeseo,0.9985482096672058,Leeseo,[0.999],,[],,[],"[0.000, 0.000, 0.000, 0.000, 0.000, 0.999, 0.000, 0.000]"
1659,66.36,66.4,Leeseo,0.9989327788352966,Leeseo,[0.999],,[],,[],"[0.000, 0.000, 0.000, 0.000, 0.000, 0.999, 0.000, 0.000]"
1660,66.4,66.44,Leeseo,0.9992172718048096,Leeseo,[0.999],,[],,[],"[0.000, 0.000, 0.000, 0.000, 0.000, 0.999, 0.000, 0.000]"
1661,66.44,66.48,Leeseo,0.999424934387207,Leeseo,[0.999],,[],,[],"[0.000, 0.000, 0.000, 0.000, 0.000, 0.999, 0.000, 0.000]"
1662,66.48,66.52,Leeseo,0.999574601650238,Leeseo,[1.000],,[],,[],"[0.000, 0.000, 0.000, 0.000, 0.000, 1.000, 0.000, 0.000]"
1663,66.52,66.56,Leeseo,0.999681830406189,Leeseo,[1.000],,[],,[],"[0.000, 0.000, 0.000, 0.000, 0.000, 1.000, 0.000, 0.000]"
1664,66.56,66.6,Leeseo,0.9997584223747253,Leeseo,[1.000],,[],,[],"[0.000, 0.000, 0.000, 0.000, 0.000, 1.000, 0.000, 0.000]"
1665,66.6,66.64,Leeseo,0.9998131394386292,Leeseo,[1.000],,[],,[],"[0.000, 0.000, 0.000, 0.000, 0.000, 1.000, 0.000, 0.000]"
1666,66.64,66.68,Leeseo,0.999852180480957,Leeseo,[1.000],,[],,[],"[0.000, 0.000, 0.000, 0.000, 0.000, 1.000, 0.000, 0.000]"
1667,66.68,66.72,Leeseo,0.9998801946640015,Leeseo,[1.000],,[],,[],"[0.000, 0.000, 0.000, 0.000, 0.000, 1.000, 0.000, 0.000]"
1668,66.72,66.76,Leeseo,0.999900221824646,Leeseo,[1.000],,[],,[],"[0.000, 0.000, 0.000, 0.000, 0.000, 1.000, 0.000, 0.000]"
1669,66.76,66.8,Leeseo,0.9999144077301025,Leeseo,[1.000],,[],,[],"[0.000, 0.000, 0.000, 0.000, 0.000, 1.000, 0.000, 0.000]"
1670,66.8,66.84,Leeseo,0.9999241828918457,Leeseo,[1.000],,[],,[],"[0.000, 0.000, 0.000, 0.000, 0.000, 1.000, 0.000, 0.000]"
1671,66.84,66.88,Leeseo,0.999930739402771,Leeseo,[1.000],,[],,[],"[0.000, 0.000, 0.000, 0.000, 0.000, 1.000, 0.000, 0.000]"
1672,66.88,66.92,Leeseo,0.9999345541000366,Leeseo,[1.000],,[],,[],"[0.000, 0.000, 0.000, 0.000, 0.000, 1.000, 0.000, 0.000]"
1673,66.92,66.96,Leeseo,0.9999362230300903,Leeseo,[1.000],,[],,[],"[0.000, 0.000, 0.000, 0.000, 0.000, 1.000, 0.000, 0.000]"
1674,66.96,67.0,Leeseo,0.9999359846115112,Leeseo,[1.000],,[],,[],"[0.000, 0.000, 0.000, 0.000, 0.000, 1.000, 0.000, 0.000]"
1675,67.0,67.04,Leeseo,0.9999340772628784,Leeseo,[1.000],,[],,[],"[0.000, 0.000, 0.000, 0.000, 0.000, 1.000, 0.000, 0.000]"
1676,67.04,67.08,Leeseo,0.9999302625656128,Leeseo,[1.000],,[],,[],"[0.000, 0.000, 0.000, 0.000, 0.000, 1.000, 0.000, 0.000]"
1677,67.08,67.12,Leeseo,0.9999241828918457,Leeseo,[1.000],,[],,[],"[0.000, 0.000, 0.000, 0.000, 0.000, 1.000, 0.000, 0.000]"
1678,67.12,67.16,Leeseo,0.9999148845672607,Leeseo,[1.000],,[],,[],"[0.000, 0.000, 0.000, 0.000, 0.000, 1.000, 0.000, 0.000]"
1679,67.16,67.2,Leeseo,0.9999008178710938,Leeseo,[1.000],,[],,[],"[0.000, 0.000, 0.000, 0.000, 0.000, 1.000, 0.000, 0.000]"
1680,67.2,67.24,Leeseo,0.9998795986175537,Leeseo,[1.000],,[],,[],"[0.000, 0.000, 0.000, 0.000, 0.000, 1.000, 0.000, 0.000]"
1681,67.24,67.28,Leeseo,0.9998477697372437,Leeseo,[1.000],,[],,[],"[0.000, 0.000, 0.000, 0.000, 0.000, 1.000, 0.000, 0.000]"
1682,67.28,67.32,Leeseo,0.9997984766960144,Leeseo,[1.000],,[],,[],"[0.000, 0.000, 0.000, 0.000, 0.000, 1.000, 0.000, 0.000]"
1683,67.32,67.36,Leeseo,0.9997202754020691,Leeseo,[1.000],,[],,[],"[0.000, 0.000, 0.000, 0.000, 0.000, 1.000, 0.000, 0.000]"
1684,67.36,67.4,Leeseo,0.9995922446250916,Leeseo,[1.000],,[],,[],"[0.000, 0.000, 0.000, 0.000, 0.000, 1.000, 0.000, 0.000]"
1685,67.4,67.44,Leeseo,0.9993742108345032,Leeseo,[0.999],,[],,[],"[0.000, 0.000, 0.000, 0.000, 0.000, 0.999, 0.000, 0.000]"
1686,67.44,67.48,Leeseo,0.9989877343177795,Leeseo,[0.999],,[],,[],"[0.000, 0.000, 0.000, 0.000, 0.000, 0.999, 0.000, 0.000]"
1687,67.48,67.52,Leeseo,0.9982684850692749,Leeseo,[0.998],,[],,[],"[0.000, 0.000, 0.000, 0.000, 0.000, 0.998, 0.000, 0.000]"
1688,67.52,67.56,Leeseo,0.9968628883361816,Leeseo,[0.997],,[],,[],"[0.000, 0.000, 0.000, 0.000, 0.000, 0.997, 0.000, 0.000]"
1689,67.56,67.6,Leeseo,0.9939761161804199,Leeseo,[0.994],,[],,[],"[0.000, 0.000, 0.000, 0.000, 0.000, 0.994, 0.000, 0.000]"
1690,67.6,67.64,Leeseo,0.9877320528030396,Leeseo,[0.988],,[],,[],"[0.000, 0.000, 0.000, 0.000, 0.000, 0.988, 0.000, 0.000]"
1691,67.64,67.68,Leeseo,0.973597526550293,Leeseo,[0.974],,[],,[],"[0.000, 0.000, 0.000, 0.000, 0.001, 0.974, 0.000, 0.000]"
1692,67.68,67.72,Leeseo,0.9407281875610352,Leeseo,[0.941],,[],,[],"[0.000, 0.000, 0.000, 0.000, 0.003, 0.941, 0.000, 0.000]"
1693,67.72,67.76,Leeseo,0.8655110001564026,Leeseo,[0.866],,[],,[],"[0.000, 0.000, 0.000, 0.000, 0.007, 0.866, 0.000, 0.000]"
1694,67.76,67.8,Leeseo,0.7114841938018799,Leeseo,[0.711],,[],,[],"[0.000, 0.000, 0.000, 0.000, 0.021, 0.711, 0.000, 0.000]"
1695,67.8,67.84,silence,3.5673515198597985e-16,,[],,[],,[],"[0.000, 0.000, 0.000, 0.000, 0.056, 0.473, 0.000, 0.000]"
1696,67.84,67.88,silence,3.013767313830238e-16,,[],,[],,[],"[0.000, 0.000, 0.000, 0.000, 0.148, 0.237, 0.000, 0.000]"
1697,67.88,67.92,silence,2.1832000253260714e-16,,[],,[],,[],"[0.000, 0.000, 0.000, 0.000, 0.339, 0.094, 0.000, 0.000]"
1698,67.92,67.96,Liz,0.6043959856033325,Liz,[0.604],,[],,[],"[0.000, 0.000, 0.000, 0.000, 0.604, 0.032, 0.000, 0.000]"
1699,67.96,68.0,Liz,0.8202330470085144,Liz,[0.820],,[],,[],"[0.000, 0.000, 0.000, 0.000, 0.820, 0.010, 0.000, 0.000]"
1700,68.0,68.04,Liz,0.9314796924591064,Liz,[0.931],,[],,[],"[0.000, 0.000, 0.000, 0.000, 0.931, 0.003, 0.000, 0.000]"
1701,68.04,68.08,Liz,0.9757530093193054,Liz,[0.976],,[],,[],"[0.000, 0.000, 0.000, 0.000, 0.976, 0.001, 0.000, 0.000]"
1702,68.08,68.12,Liz,0.9915924072265625,Liz,[0.992],,[],,[],"[0.000, 0.000, 0.000, 0.000, 0.992, 0.000, 0.000, 0.000]"
1703,68.12,68.16,Liz,0.997077226638794,Liz,[0.997],,[],,[],"[0.000, 0.000, 0.000, 0.000, 0.997, 0.000, 0.000, 0.000]"
1704,68.16,68.2,Liz,0.998971700668335,Liz,[0.999],,[],,[],"[0.000, 0.000, 0.000, 0.000, 0.999, 0.000, 0.000, 0.000]"
1705,68.2,68.24,Liz,0.9996324777603149,Liz,[1.000],,[],,[],"[0.000, 0.000, 0.000, 0.000, 1.000, 0.000, 0.000, 0.000]"
1706,68.24,68.28,Liz,0.999866247177124,Liz,[1.000],,[],,[],"[0.000, 0.000, 0.000, 0.000, 1.000, 0.000, 0.000, 0.000]"
1707,68.28,68.32,Liz,0.9999502897262573,Liz,[1.000],,[],,[],"[0.000, 0.000, 0.000, 0.000, 1.000, 0.000, 0.000, 0.000]"
1708,68.32,68.36,Liz,0.9999810457229614,Liz,[1.000],,[],,[],"[0.000, 0.000, 0.000, 0.000, 1.000, 0.000, 0.000, 0.000]"
1709,68.36,68.4,Liz,0.9999926090240479,Liz,[1.000],,[],,[],"[0.000, 0.000, 0.000, 0.000, 1.000, 0.000, 0.000, 0.000]"
1710,68.4,68.44,Liz,0.9999970197677612,Liz,[1.000],,[],,[],"[0.000, 0.000, 0.000, 0.000, 1.000, 0.000, 0.000, 0.000]"
1711,68.44,68.48,Liz,0.9999986886978149,Liz,[1.000],,[],,[],"[0.000, 0.000, 0.000, 0.000, 1.000, 0.000, 0.000, 0.000]"
1712,68.48,68.52,Liz,0.9999994039535522,Liz,[1.000],,[],,[],"[0.000, 0.000, 0.000, 0.000, 1.000, 0.000, 0.000, 0.000]"
1713,68.52,68.56,Liz,0.9999997615814209,Liz,[1.000],,[],,[],"[0.000, 0.000, 0.000, 0.000, 1.000, 0.000, 0.000, 0.000]"
1714,68.56,68.6,Liz,0.9999998807907104,Liz,[1.000],,[],,[],"[0.000, 0.000, 0.000, 0.000, 1.000, 0.000, 0.000, 0.000]"
1715,68.6,68.64,Liz,0.9999998807907104,Liz,[1.000],,[],,[],"[0.000, 0.000, 0.000, 0.000, 1.000, 0.000, 0.000, 0.000]"
1716,68.64,68.68,Liz,1.0,Liz,[1.000],,[],,[],"[0.000, 0.000, 0.000, 0.000, 1.000, 0.000, 0.000, 0.000]"
1717,68.68,68.72,Liz,1.0,Liz,[1.000],,[],,[],"[0.000, 0.000, 0.000, 0.000, 1.000, 0.000, 0.000, 0.000]"
1718,68.72,68.76,Liz,1.0,Liz,[1.000],,[],,[],"[0.000, 0.000, 0.000, 0.000, 1.000, 0.000, 0.000, 0.000]"
1719,68.76,68.8,Liz,1.0,Liz,[1.000],,[],,[],"[0.000, 0.000, 0.000, 0.000, 1.000, 0.000, 0.000, 0.000]"
1720,68.8,68.84,Liz,1.0,Liz,[1.000],,[],,[],"[0.000, 0.000, 0.000, 0.000, 1.000, 0.000, 0.000, 0.000]"
1721,68.84,68.88,Liz,1.0,Liz,[1.000],,[],,[],"[0.000, 0.000, 0.000, 0.000, 1.000, 0.000, 0.000, 0.000]"
1722,68.88,68.92,Liz,1.0,Liz,[1.000],,[],,[],"[0.000, 0.000, 0.000, 0.000, 1.000, 0.000, 0.000, 0.000]"
1723,68.92,68.96,Liz,1.0,Liz,[1.000],,[],,[],"[0.000, 0.000, 0.000, 0.000, 1.000, 0.000, 0.000, 0.000]"
1724,68.96,69.0,Liz,1.0,Liz,[1.000],,[],,[],"[0.000, 0.000, 0.000, 0.000, 1.000, 0.000, 0.000, 0.000]"
1725,69.0,69.04,Liz,1.0,Liz,[1.000],,[],,[],"[0.000, 0.000, 0.000, 0.000, 1.000, 0.000, 0.000, 0.000]"
1726,69.04,69.08,Liz,1.0,Liz,[1.000],,[],,[],"[0.000, 0.000, 0.000, 0.000, 1.000, 0.000, 0.000, 0.000]"
1727,69.08,69.12,Liz,1.0,Liz,[1.000],,[],,[],"[0.000, 0.000, 0.000, 0.000, 1.000, 0.000, 0.000, 0.000]"
1728,69.12,69.16,Liz,1.0,Liz,[1.000],,[],,[],"[0.000, 0.000, 0.000, 0.000, 1.000, 0.000, 0.000, 0.000]"
1729,69.16,69.2,Liz,1.0,Liz,[1.000],,[],,[],"[0.000, 0.000, 0.000, 0.000, 1.000, 0.000, 0.000, 0.000]"
1730,69.2,69.24,Liz,1.0,Liz,[1.000],,[],,[],"[0.000, 0.000, 0.000, 0.000, 1.000, 0.000, 0.000, 0.000]"
1731,69.24,69.28,Liz,1.0,Liz,[1.000],,[],,[],"[0.000, 0.000, 0.000, 0.000, 1.000, 0.000, 0.000, 0.000]"
1732,69.28,69.32,Liz,1.0,Liz,[1.000],,[],,[],"[0.000, 0.000, 0.000, 0.000, 1.000, 0.000, 0.000, 0.000]"
1733,69.32,69.36,Liz,1.0,Liz,[1.000],,[],,[],"[0.000, 0.000, 0.000, 0.000, 1.000, 0.000, 0.000, 0.000]"
1734,69.36,69.4,Liz,1.0,Liz,[1.000],,[],,[],"[0.000, 0.000, 0.000, 0.000, 1.000, 0.000, 0.000, 0.000]"
1735,69.4,69.44,Liz,1.0,Liz,[1.000],,[],,[],"[0.000, 0.000, 0.000, 0.000, 1.000, 0.000, 0.000, 0.000]"
1736,69.44,69.48,Liz,1.0,Liz,[1.000],,[],,[],"[0.000, 0.000, 0.000, 0.000, 1.000, 0.000, 0.000, 0.000]"
1737,69.48,69.52,Liz,1.0,Liz,[1.000],,[],,[],"[0.000, 0.000, 0.000, 0.000, 1.000, 0.000, 0.000, 0.000]"
1738,69.52,69.56,Liz,1.0,Liz,[1.000],,[],,[],"[0.000, 0.000, 0.000, 0.000, 1.000, 0.000, 0.000, 0.000]"
1739,69.56,69.6,Liz,1.0,Liz,[1.000],,[],,[],"[0.000, 0.000, 0.000, 0.000, 1.000, 0.000, 0.000, 0.000]"
1740,69.6,69.64,Liz,1.0,Liz,[1.000],,[],,[],"[0.000, 0.000, 0.000, 0.000, 1.000, 0.000, 0.000, 0.000]"
1741,69.64,69.68,Liz,1.0,Liz,[1.000],,[],,[],"[0.000, 0.000, 0.000, 0.000, 1.000, 0.000, 0.000, 0.000]"
1742,69.68,69.72,Liz,1.0,Liz,[1.000],,[],,[],"[0.000, 0.000, 0.000, 0.000, 1.000, 0.000, 0.000, 0.000]"
1743,69.72,69.76,Liz,1.0,Liz,[1.000],,[],,[],"[0.000, 0.000, 0.000, 0.000, 1.000, 0.000, 0.000, 0.000]"
1744,69.76,69.8,Liz,1.0,Liz,[1.000],,[],,[],"[0.000, 0.000, 0.000, 0.000, 1.000, 0.000, 0.000, 0.000]"
1745,69.8,69.84,Liz,1.0,Liz,[1.000],,[],,[],"[0.000, 0.000, 0.000, 0.000, 1.000, 0.000, 0.000, 0.000]"
1746,69.84,69.88,Liz,1.0,Liz,[1.000],,[],,[],"[0.000, 0.000, 0.000, 0.000, 1.000, 0.000, 0.000, 0.000]"
1747,69.88,69.92,Liz,0.9999998807907104,Liz,[1.000],,[],,[],"[0.000, 0.000, 0.000, 0.000, 1.000, 0.000, 0.000, 0.000]"
1748,69.92,69.96,Liz,0.9999998807907104,Liz,[1.000],,[],,[],"[0.000, 0.000, 0.000, 0.000, 1.000, 0.000, 0.000, 0.000]"
1749,69.96,70.0,Liz,0.9999998807907104,Liz,[1.000],,[],,[],"[0.000, 0.000, 0.000, 0.000, 1.000, 0.000, 0.000, 0.000]"
1750,70.0,70.04,Liz,0.9999998807907104,Liz,[1.000],,[],,[],"[0.000, 0.000, 0.000, 0.000, 1.000, 0.000, 0.000, 0.000]"
1751,70.04,70.08,Liz,0.9999998807907104,Liz,[1.000],,[],,[],"[0.000, 0.000, 0.000, 0.000, 1.000, 0.000, 0.000, 0.000]"
1752,70.08,70.12,Liz,0.9999997615814209,Liz,[1.000],,[],,[],"[0.000, 0.000, 0.000, 0.000, 1.000, 0.000, 0.000, 0.000]"
1753,70.12,70.16,Liz,0.9999997615814209,Liz,[1.000],,[],,[],"[0.000, 0.000, 0.000, 0.000, 1.000, 0.000, 0.000, 0.000]"
1754,70.16,70.2,Liz,0.9999997615814209,Liz,[1.000],,[],,[],"[0.000, 0.000, 0.000, 0.000, 1.000, 0.000, 0.000, 0.000]"
1755,70.2,70.24,Liz,0.9999997615814209,Liz,[1.000],,[],,[],"[0.000, 0.000, 0.000, 0.000, 1.000, 0.000, 0.000, 0.000]"
1756,70.24,70.28,Liz,0.9999997615814209,Liz,[1.000],,[],,[],"[0.000, 0.000, 0.000, 0.000, 1.000, 0.000, 0.000, 0.000]"
1757,70.28,70.32,Liz,0.9999997615814209,Liz,[1.000],,[],,[],"[0.000, 0.000, 0.000, 0.000, 1.000, 0.000, 0.000, 0.000]"
1758,70.32,70.36,Liz,0.9999997615814209,Liz,[1.000],,[],,[],"[0.000, 0.000, 0.000, 0.000, 1.000, 0.000, 0.000, 0.000]"
1759,70.36,70.4,Liz,0.9999997615814209,Liz,[1.000],,[],,[],"[0.000, 0.000, 0.000, 0.000, 1.000, 0.000, 0.000, 0.000]"
1760,70.4,70.44,Liz,0.9999997615814209,Liz,[1.000],,[],,[],"[0.000, 0.000, 0.000, 0.000, 1.000, 0.000, 0.000, 0.000]"
1761,70.44,70.48,Liz,0.9999997615814209,Liz,[1.000],,[],,[],"[0.000, 0.000, 0.000, 0.000, 1.000, 0.000, 0.000, 0.000]"
1762,70.48,70.52,Liz,0.9999998807907104,Liz,[1.000],,[],,[],"[0.000, 0.000, 0.000, 0.000, 1.000, 0.000, 0.000, 0.000]"
1763,70.52,70.56,Liz,0.9999998807907104,Liz,[1.000],,[],,[],"[0.000, 0.000, 0.000, 0.000, 1.000, 0.000, 0.000, 0.000]"
1764,70.56,70.6,Liz,0.9999998807907104,Liz,[1.000],,[],,[],"[0.000, 0.000, 0.000, 0.000, 1.000, 0.000, 0.000, 0.000]"
1765,70.6,70.64,Liz,0.9999998807907104,Liz,[1.000],,[],,[],"[0.000, 0.000, 0.000, 0.000, 1.000, 0.000, 0.000, 0.000]"
1766,70.64,70.68,Liz,0.9999998807907104,Liz,[1.000],,[],,[],"[0.000, 0.000, 0.000, 0.000, 1.000, 0.000, 0.000, 0.000]"
1767,70.68,70.72,Liz,0.9999998807907104,Liz,[1.000],,[],,[],"[0.000, 0.000, 0.000, 0.000, 1.000, 0.000, 0.000, 0.000]"
1768,70.72,70.76,Liz,0.9999998807907104,Liz,[1.000],,[],,[],"[0.000, 0.000, 0.000, 0.000, 1.000, 0.000, 0.000, 0.000]"
1769,70.76,70.8,Liz,0.9999998807907104,Liz,[1.000],,[],,[],"[0.000, 0.000, 0.000, 0.000, 1.000, 0.000, 0.000, 0.000]"
1770,70.8,70.84,Liz,0.9999998807907104,Liz,[1.000],,[],,[],"[0.000, 0.000, 0.000, 0.000, 1.000, 0.000, 0.000, 0.000]"
1771,70.84,70.88,Liz,0.9999998807907104,Liz,[1.000],,[],,[],"[0.000, 0.000, 0.000, 0.000, 1.000, 0.000, 0.000, 0.000]"
1772,70.88,70.92,Liz,0.9999998807907104,Liz,[1.000],,[],,[],"[0.000, 0.000, 0.000, 0.000, 1.000, 0.000, 0.000, 0.000]"
1773,70.92,70.96,Liz,0.9999998807907104,Liz,[1.000],,[],,[],"[0.000, 0.000, 0.000, 0.000, 1.000, 0.000, 0.000, 0.000]"
1774,70.96,71.0,Liz,0.9999998807907104,Liz,[1.000],,[],,[],"[0.000, 0.000, 0.000, 0.000, 1.000, 0.000, 0.000, 0.000]"
1775,71.0,71.04,Liz,0.9999998807907104,Liz,[1.000],,[],,[],"[0.000, 0.000, 0.000, 0.000, 1.000, 0.000, 0.000, 0.000]"
1776,71.04,71.08,Liz,0.9999998807907104,Liz,[1.000],,[],,[],"[0.000, 0.000, 0.000, 0.000, 1.000, 0.000, 0.000, 0.000]"
1777,71.08,71.12,Liz,0.9999998807907104,Liz,[1.000],,[],,[],"[0.000, 0.000, 0.000, 0.000, 1.000, 0.000, 0.000, 0.000]"
1778,71.12,71.16,Liz,0.9999998807907104,Liz,[1.000],,[],,[],"[0.000, 0.000, 0.000, 0.000, 1.000, 0.000, 0.000, 0.000]"
1779,71.16,71.2,Liz,0.9999998807907104,Liz,[1.000],,[],,[],"[0.000, 0.000, 0.000, 0.000, 1.000, 0.000, 0.000, 0.000]"
1780,71.2,71.24,Liz,0.9999998807907104,Liz,[1.000],,[],,[],"[0.000, 0.000, 0.000, 0.000, 1.000, 0.000, 0.000, 0.000]"
1781,71.24,71.28,Liz,0.9999998807907104,Liz,[1.000],,[],,[],"[0.000, 0.000, 0.000, 0.000, 1.000, 0.000, 0.000, 0.000]"
1782,71.28,71.32,Liz,0.9999998807907104,Liz,[1.000],,[],,[],"[0.000, 0.000, 0.000, 0.000, 1.000, 0.000, 0.000, 0.000]"
1783,71.32,71.36,Liz,0.9999998807907104,Liz,[1.000],,[],,[],"[0.000, 0.000, 0.000, 0.000, 1.000, 0.000, 0.000, 0.000]"
1784,71.36,71.4,Liz,0.9999998807907104,Liz,[1.000],,[],,[],"[0.000, 0.000, 0.000, 0.000, 1.000, 0.000, 0.000, 0.000]"
1785,71.4,71.44,Liz,0.9999997615814209,Liz,[1.000],,[],,[],"[0.000, 0.000, 0.000, 0.000, 1.000, 0.000, 0.000, 0.000]"
1786,71.44,71.48,Liz,0.9999997615814209,Liz,[1.000],,[],,[],"[0.000, 0.000, 0.000, 0.000, 1.000, 0.000, 0.000, 0.000]"
1787,71.48,71.52,Liz,0.9999997615814209,Liz,[1.000],,[],,[],"[0.000, 0.000, 0.000, 0.000, 1.000, 0.000, 0.000, 0.000]"
1788,71.52,71.56,Liz,0.9999997615814209,Liz,[1.000],,[],,[],"[0.000, 0.000, 0.000, 0.000, 1.000, 0.000, 0.000, 0.000]"
1789,71.56,71.6,Liz,0.9999997615814209,Liz,[1.000],,[],,[],"[0.000, 0.000, 0.000, 0.000, 1.000, 0.000, 0.000, 0.000]"
1790,71.6,71.64,Liz,0.9999998807907104,Liz,[1.000],,[],,[],"[0.000, 0.000, 0.000, 0.000, 1.000, 0.000, 0.000, 0.000]"
1791,71.64,71.68,Liz,0.9999998807907104,Liz,[1.000],,[],,[],"[0.000, 0.000, 0.000, 0.000, 1.000, 0.000, 0.000, 0.000]"
1792,71.68,71.72,Liz,0.9999998807907104,Liz,[1.000],,[],,[],"[0.000, 0.000, 0.000, 0.000, 1.000, 0.000, 0.000, 0.000]"
1793,71.72,71.76,Liz,0.9999998807907104,Liz,[1.000],,[],,[],"[0.000, 0.000, 0.000, 0.000, 1.000, 0.000, 0.000, 0.000]"
1794,71.76,71.8,Liz,0.9999998807907104,Liz,[1.000],,[],,[],"[0.000, 0.000, 0.000, 0.000, 1.000, 0.000, 0.000, 0.000]"
1795,71.8,71.84,Liz,0.9999998807907104,Liz,[1.000],,[],,[],"[0.000, 0.000, 0.000, 0.000, 1.000, 0.000, 0.000, 0.000]"
1796,71.84,71.88,Liz,0.9999998807907104,Liz,[1.000],,[],,[],"[0.000, 0.000, 0.000, 0.000, 1.000, 0.000, 0.000, 0.000]"
1797,71.88,71.92,Liz,0.9999998807907104,Liz,[1.000],,[],,[],"[0.000, 0.000, 0.000, 0.000, 1.000, 0.000, 0.000, 0.000]"
1798,71.92,71.96,Liz,0.9999998807907104,Liz,[1.000],,[],,[],"[0.000, 0.000, 0.000, 0.000, 1.000, 0.000, 0.000, 0.000]"
1799,71.96,72.0,Liz,0.9999998807907104,Liz,[1.000],,[],,[],"[0.000, 0.000, 0.000, 0.000, 1.000, 0.000, 0.000, 0.000]"
1800,72.0,72.04,Liz,0.9999998807907104,Liz,[1.000],,[],,[],"[0.000, 0.000, 0.000, 0.000, 1.000, 0.000, 0.000, 0.000]"
1801,72.04,72.08,Liz,0.9999998807907104,Liz,[1.000],,[],,[],"[0.000, 0.000, 0.000, 0.000, 1.000, 0.000, 0.000, 0.000]"
1802,72.08,72.12,Liz,0.9999998807907104,Liz,[1.000],,[],,[],"[0.000, 0.000, 0.000, 0.000, 1.000, 0.000, 0.000, 0.000]"
1803,72.12,72.16,Liz,0.9999998807907104,Liz,[1.000],,[],,[],"[0.000, 0.000, 0.000, 0.000, 1.000, 0.000, 0.000, 0.000]"
1804,72.16,72.2,Liz,0.9999998807907104,Liz,[1.000],,[],,[],"[0.000, 0.000, 0.000, 0.000, 1.000, 0.000, 0.000, 0.000]"
1805,72.2,72.24,Liz,0.9999998807907104,Liz,[1.000],,[],,[],"[0.000, 0.000, 0.000, 0.000, 1.000, 0.000, 0.000, 0.000]"
1806,72.24,72.28,Liz,0.9999998807907104,Liz,[1.000],,[],,[],"[0.000, 0.000, 0.000, 0.000, 1.000, 0.000, 0.000, 0.000]"
1807,72.28,72.32,Liz,0.9999998807907104,Liz,[1.000],,[],,[],"[0.000, 0.000, 0.000, 0.000, 1.000, 0.000, 0.000, 0.000]"
1808,72.32,72.36,Liz,0.9999997615814209,Liz,[1.000],,[],,[],"[0.000, 0.000, 0.000, 0.000, 1.000, 0.000, 0.000, 0.000]"
1809,72.36,72.4,Liz,0.9999997615814209,Liz,[1.000],,[],,[],"[0.000, 0.000, 0.000, 0.000, 1.000, 0.000, 0.000, 0.000]"
1810,72.4,72.44,Liz,0.9999996423721313,Liz,[1.000],,[],,[],"[0.000, 0.000, 0.000, 0.000, 1.000, 0.000, 0.000, 0.000]"
1811,72.44,72.48,Liz,0.9999995231628418,Liz,[1.000],,[],,[],"[0.000, 0.000, 0.000, 0.000, 1.000, 0.000, 0.000, 0.000]"
1812,72.48,72.52,Liz,0.9999994039535522,Liz,[1.000],,[],,[],"[0.000, 0.000, 0.000, 0.000, 1.000, 0.000, 0.000, 0.000]"
1813,72.52,72.56,Liz,0.9999991655349731,Liz,[1.000],,[],,[],"[0.000, 0.000, 0.000, 0.000, 1.000, 0.000, 0.000, 0.000]"
1814,72.56,72.6,Liz,0.9999988079071045,Liz,[1.000],,[],,[],"[0.000, 0.000, 0.000, 0.000, 1.000, 0.000, 0.000, 0.000]"
1815,72.6,72.64,Liz,0.9999982118606567,Liz,[1.000],,[],,[],"[0.000, 0.000, 0.000, 0.000, 1.000, 0.000, 0.001, 0.000]"
1816,72.64,72.68,Liz,0.9999973773956299,Liz,[1.000],,[],,[],"[0.000, 0.000, 0.000, 0.000, 1.000, 0.000, 0.001, 0.000]"
1817,72.68,72.72,Liz,0.9999961853027344,Liz,[1.000],,[],,[],"[0.000, 0.000, 0.000, 0.000, 1.000, 0.000, 0.002, 0.000]"
1818,72.72,72.76,Liz,0.999994158744812,Liz,[1.000],,[],,[],"[0.000, 0.000, 0.000, 0.000, 1.000, 0.000, 0.003, 0.000]"
1819,72.76,72.8,Liz,0.9999911785125732,Liz,[1.000],,[],,[],"[0.000, 0.000, 0.000, 0.000, 1.000, 0.000, 0.005, 0.000]"
1820,72.8,72.84,Liz,0.9999862909317017,Liz,[1.000],,[],,[],"[0.000, 0.000, 0.000, 0.000, 1.000, 0.000, 0.007, 0.000]"
1821,72.84,72.88,Liz,0.9999786615371704,Liz,[1.000],,[],,[],"[0.000, 0.000, 0.000, 0.000, 1.000, 0.000, 0.010, 0.000]"
1822,72.88,72.92,Liz,0.9999665021896362,Liz,[1.000],,[],,[],"[0.000, 0.000, 0.000, 0.000, 1.000, 0.000, 0.014, 0.000]"
1823,72.92,72.96,Liz,0.9999469518661499,Liz,[1.000],,[],,[],"[0.000, 0.000, 0.000, 0.000, 1.000, 0.000, 0.019, 0.000]"
1824,72.96,73.0,Liz,0.999915361404419,Liz,[1.000],,[],,[],"[0.000, 0.000, 0.000, 0.000, 1.000, 0.000, 0.026, 0.000]"
1825,73.0,73.04,Liz,0.9998641014099121,Liz,[1.000],,[],,[],"[0.000, 0.000, 0.000, 0.000, 1.000, 0.000, 0.035, 0.000]"
1826,73.04,73.08,Liz,0.9997808337211609,Liz,[1.000],,[],,[],"[0.000, 0.000, 0.000, 0.000, 1.000, 0.000, 0.046, 0.000]"
1827,73.08,73.12,Liz,0.99964439868927,Liz,[1.000],,[],,[],"[0.000, 0.000, 0.000, 0.000, 1.000, 0.000, 0.059, 0.000]"
1828,73.12,73.16,Liz,0.9994199275970459,Liz,[0.999],,[],,[],"[0.000, 0.000, 0.000, 0.000, 0.999, 0.000, 0.074, 0.000]"
1829,73.16,73.2,Liz,0.9990471005439758,Liz,[0.999],,[],,[],"[0.000, 0.000, 0.000, 0.000, 0.999, 0.000, 0.090, 0.000]"
1830,73.2,73.24,Liz,0.9984232187271118,Liz,[0.998],,[],,[],"[0.000, 0.000, 0.000, 0.000, 0.998, 0.000, 0.109, 0.000]"
1831,73.24,73.28,Liz,0.9973753690719604,Liz,[0.997],,[],,[],"[0.000, 0.000, 0.000, 0.000, 0.997, 0.000, 0.130, 0.000]"
1832,73.28,73.32,Liz,0.9956104159355164,Liz,[0.996],,[],,[],"[0.000, 0.000, 0.000, 0.000, 0.996, 0.000, 0.152, 0.000]"
1833,73.32,73.36,Liz,0.9926470518112183,Liz,[0.993],,[],,[],"[0.000, 0.000, 0.000, 0.000, 0.993, 0.000, 0.176, 0.000]"
1834,73.36,73.4,Liz,0.9877192974090576,Liz,[0.988],,[],,[],"[0.000, 0.000, 0.000, 0.000, 0.988, 0.000, 0.201, 0.000]"
1835,73.4,73.44,Liz,0.9796326160430908,Liz,[0.980],,[],,[],"[0.001, 0.000, 0.000, 0.000, 0.980, 0.000, 0.227, 0.000]"
1836,73.44,73.48,Liz,0.9665997624397278,Liz,[0.967],,[],,[],"[0.001, 0.000, 0.000, 0.000, 0.967, 0.000, 0.256, 0.000]"
1837,73.48,73.52,Liz,0.9460339546203613,Liz,[0.946],,[],,[],"[0.001, 0.000, 0.000, 0.000, 0.946, 0.000, 0.287, 0.000]"
1838,73.52,73.56,Liz,0.914298951625824,Liz,[0.914],,[],,[],"[0.002, 0.000, 0.000, 0.000, 0.914, 0.000, 0.322, 0.000]"
1839,73.56,73.6,Liz,0.8668192625045776,Liz,[0.867],,[],,[],"[0.002, 0.000, 0.000, 0.000, 0.867, 0.000, 0.363, 0.000]"
1840,73.6,73.64,Liz,0.7992769479751587,Liz,[0.799],,[],,[],"[0.002, 0.000, 0.000, 0.000, 0.799, 0.000, 0.410, 0.000]"
1841,73.64,73.68,Liz,0.7099484205245972,Liz,[0.710],,[],,[],"[0.003, 0.000, 0.000, 0.000, 0.710, 0.000, 0.463, 0.000]"
1842,73.68,73.72,Liz,0.6022343039512634,Liz|Gang Vocal,"[0.602, 0.522]",,[],,[],"[0.003, 0.000, 0.000, 0.000, 0.602, 0.000, 0.522, 0.000]"
1843,73.72,73.76,Liz,0.48522329330444336,Liz|Gang Vocal,"[0.485, 0.585]",,[],,[],"[0.004, 0.000, 0.000, 0.000, 0.485, 0.000, 0.585, 0.000]"
1844,73.76,73.8,Gang Vocal,0.649795413017273,Gang Vocal,[0.650],,[],,[],"[0.004, 0.000, 0.000, 0.000, 0.371, 0.000, 0.650, 0.000]"
1845,73.8,73.84,Gang Vocal,0.7123786807060242,Gang Vocal,[0.712],,[],,[],"[0.005, 0.000, 0.000, 0.000, 0.271, 0.000, 0.712, 0.000]"
1846,73.84,73.88,Gang Vocal,0.7706472873687744,Gang Vocal,[0.771],,[],,[],"[0.005, 0.000, 0.000, 0.000, 0.191, 0.000, 0.771, 0.000]"
1847,73.88,73.92,Gang Vocal,0.8224973678588867,Gang Vocal,[0.822],,[],,[],"[0.005, 0.000, 0.000, 0.000, 0.131, 0.000, 0.822, 0.000]"
1848,73.92,73.96,Gang Vocal,0.8664904832839966,Gang Vocal,[0.866],,[],,[],"[0.005, 0.000, 0.000, 0.000, 0.089, 0.001, 0.866, 0.000]"
1849,73.96,74.0,Gang Vocal,0.9021964073181152,Gang Vocal,[0.902],,[],,[],"[0.005, 0.000, 0.000, 0.000, 0.060, 0.001, 0.902, 0.000]"
1850,74.0,74.04,Gang Vocal,0.9299927353858948,Gang Vocal,[0.930],,[],,[],"[0.005, 0.000, 0.000, 0.000, 0.040, 0.001, 0.930, 0.000]"
1851,74.04,74.08,Gang Vocal,0.9507704973220825,Gang Vocal,[0.951],,[],,[],"[0.005, 0.000, 0.000, 0.000, 0.027, 0.001, 0.951, 0.000]"
1852,74.08,74.12,Gang Vocal,0.9657990336418152,Gang Vocal,[0.966],,[],,[],"[0.004, 0.000, 0.000, 0.000, 0.018, 0.000, 0.966, 0.000]"
1853,74.12,74.16,Gang Vocal,0.9763643145561218,Gang Vocal,[0.976],,[],,[],"[0.004, 0.000, 0.000, 0.000, 0.013, 0.000, 0.976, 0.000]"
1854,74.16,74.2,Gang Vocal,0.9836094379425049,Gang Vocal,[0.984],,[],,[],"[0.004, 0.000, 0.000, 0.000, 0.009, 0.000, 0.984, 0.000]"
1855,74.2,74.24,Gang Vocal,0.9885115623474121,Gang Vocal,[0.989],,[],,[],"[0.003, 0.000, 0.000, 0.000, 0.006, 0.000, 0.989, 0.000]"
1856,74.24,74.28,Gang Vocal,0.9918217062950134,Gang Vocal,[0.992],,[],,[],"[0.003, 0.000, 0.000, 0.000, 0.004, 0.000, 0.992, 0.000]"
1857,74.28,74.32,Gang Vocal,0.99406898021698,Gang Vocal,[0.994],,[],,[],"[0.003, 0.000, 0.000, 0.000, 0.003, 0.000, 0.994, 0.000]"
1858,74.32,74.36,Gang Vocal,0.9955975413322449,Gang Vocal,[0.996],,[],,[],"[0.002, 0.000, 0.000, 0.000, 0.002, 0.000, 0.996, 0.000]"
1859,74.36,74.4,Gang Vocal,0.9966411590576172,Gang Vocal,[0.997],,[],,[],"[0.002, 0.000, 0.000, 0.000, 0.002, 0.000, 0.997, 0.000]"
1860,74.4,74.44,Gang Vocal,0.9973570704460144,Gang Vocal,[0.997],,[],,[],"[0.002, 0.000, 0.000, 0.000, 0.001, 0.000, 0.997, 0.000]"
1861,74.44,74.48,Gang Vocal,0.9978500604629517,Gang Vocal,[0.998],,[],,[],"[0.002, 0.000, 0.000, 0.000, 0.001, 0.000, 0.998, 0.000]"
1862,74.48,74.52,Gang Vocal,0.9981912970542908,Gang Vocal,[0.998],,[],,[],"[0.001, 0.000, 0.000, 0.000, 0.001, 0.000, 0.998, 0.000]"
1863,74.52,74.56,Gang Vocal,0.9984277486801147,Gang Vocal,[0.998],,[],,[],"[0.001, 0.000, 0.000, 0.000, 0.001, 0.000, 0.998, 0.000]"
1864,74.56,74.6,Gang Vocal,0.9985902905464172,Gang Vocal,[0.999],,[],,[],"[0.001, 0.000, 0.000, 0.000, 0.001, 0.000, 0.999, 0.000]"
1865,74.6,74.64,Gang Vocal,0.9986990690231323,Gang Vocal,[0.999],,[],,[],"[0.001, 0.000, 0.000, 0.000, 0.001, 0.000, 0.999, 0.000]"
1866,74.64,74.68,Gang Vocal,0.9987665414810181,Gang Vocal,[0.999],,[],,[],"[0.001, 0.000, 0.000, 0.000, 0.001, 0.000, 0.999, 0.000]"
1867,74.68,74.72,Gang Vocal,0.9987996816635132,Gang Vocal,[0.999],,[],,[],"[0.001, 0.000, 0.000, 0.000, 0.000, 0.000, 0.999, 0.000]"
1868,74.72,74.76,Gang Vocal,0.998802661895752,Gang Vocal,[0.999],,[],,[],"[0.001, 0.000, 0.000, 0.000, 0.000, 0.000, 0.999, 0.000]"
1869,74.76,74.8,Gang Vocal,0.9987773299217224,Gang Vocal,[0.999],,[],,[],"[0.001, 0.000, 0.000, 0.000, 0.000, 0.000, 0.999, 0.000]"
1870,74.8,74.84,Gang Vocal,0.9987247586250305,Gang Vocal,[0.999],,[],,[],"[0.001, 0.000, 0.000, 0.000, 0.000, 0.000, 0.999, 0.000]"
1871,74.84,74.88,Gang Vocal,0.9986453652381897,Gang Vocal,[0.999],,[],,[],"[0.001, 0.000, 0.000, 0.000, 0.000, 0.000, 0.999, 0.000]"
1872,74.88,74.92,Gang Vocal,0.9985381364822388,Gang Vocal,[0.999],,[],,[],"[0.001, 0.000, 0.000, 0.000, 0.000, 0.000, 0.999, 0.000]"
1873,74.92,74.96,Gang Vocal,0.998400866985321,Gang Vocal,[0.998],,[],,[],"[0.001, 0.000, 0.000, 0.000, 0.000, 0.000, 0.998, 0.000]"
1874,74.96,75.0,Gang Vocal,0.9982295632362366,Gang Vocal,[0.998],,[],,[],"[0.001, 0.000, 0.000, 0.000, 0.000, 0.000, 0.998, 0.000]"
1875,75.0,75.04,Gang Vocal,0.9980189800262451,Gang Vocal,[0.998],,[],,[],"[0.001, 0.000, 0.000, 0.000, 0.000, 0.000, 0.998, 0.000]"
1876,75.04,75.08,Gang Vocal,0.99776291847229,Gang Vocal,[0.998],,[],,[],"[0.001, 0.000, 0.000, 0.000, 0.000, 0.000, 0.998, 0.000]"
1877,75.08,75.12,Gang Vocal,0.9974542260169983,Gang Vocal,[0.997],,[],,[],"[0.001, 0.000, 0.000, 0.001, 0.000, 0.000, 0.997, 0.000]"
1878,75.12,75.16,Gang Vocal,0.9970858693122864,Gang Vocal,[0.997],,[],,[],"[0.001, 0.000, 0.000, 0.002, 0.000, 0.000, 0.997, 0.000]"
1879,75.16,75.2,Gang Vocal,0.9966513514518738,Gang Vocal,[0.997],,[],,[],"[0.001, 0.000, 0.000, 0.004, 0.000, 0.000, 0.997, 0.000]"
1880,75.2,75.24,Gang Vocal,0.9961470365524292,Gang Vocal,[0.996],,[],,[],"[0.001, 0.000, 0.000, 0.009, 0.000, 0.000, 0.996, 0.000]"
1881,75.24,75.28,Gang Vocal,0.9955744743347168,Gang Vocal,[0.996],,[],,[],"[0.001, 0.000, 0.000, 0.020, 0.000, 0.000, 0.996, 0.000]"
1882,75.28,75.32,Gang Vocal,0.9949442744255066,Gang Vocal,[0.995],,[],,[],"[0.001, 0.000, 0.000, 0.041, 0.000, 0.000, 0.995, 0.000]"
1883,75.32,75.36,Gang Vocal,0.994272768497467,Gang Vocal,[0.994],,[],,[],"[0.001, 0.000, 0.000, 0.078, 0.000, 0.000, 0.994, 0.000]"
1884,75.36,75.4,Gang Vocal,0.9935795068740845,Gang Vocal,[0.994],,[],,[],"[0.001, 0.000, 0.000, 0.138, 0.000, 0.000, 0.994, 0.000]"
1885,75.4,75.44,Gang Vocal,0.9928767085075378,Gang Vocal,[0.993],,[],,[],"[0.001, 0.000, 0.000, 0.220, 0.000, 0.000, 0.993, 0.000]"
1886,75.44,75.48,Gang Vocal,0.9921790361404419,Gang Vocal,[0.992],,[],,[],"[0.001, 0.000, 0.000, 0.317, 0.000, 0.000, 0.992, 0.000]"
1887,75.48,75.52,Gang Vocal,0.9914889335632324,Gang Vocal,[0.991],,[],,[],"[0.001, 0.000, 0.001, 0.416, 0.000, 0.000, 0.991, 0.000]"
1888,75.52,75.56,Gang Vocal,0.9907926321029663,Gang Vocal,[0.991],,[],,[],"[0.001, 0.000, 0.001, 0.503, 0.000, 0.000, 0.991, 0.000]"
1889,75.56,75.6,Wonyoung,0.5725812911987305,Wonyoung|Gang Vocal,"[0.573, 0.990]",,[],,[],"[0.001, 0.001, 0.001, 0.573, 0.000, 0.000, 0.990, 0.000]"
1890,75.6,75.64,Wonyoung,0.6214179992675781,Wonyoung|Gang Vocal,"[0.621, 0.989]",,[],,[],"[0.001, 0.001, 0.001, 0.621, 0.000, 0.000, 0.989, 0.000]"
1891,75.64,75.68,Wonyoung,0.6508067846298218,Wonyoung|Gang Vocal,"[0.651, 0.988]",,[],,[],"[0.001, 0.001, 0.001, 0.651, 0.000, 0.000, 0.988, 0.000]"
1892,75.68,75.72,Wonyoung,0.6621882915496826,Wonyoung|Gang Vocal,"[0.662, 0.987]",,[],,[],"[0.001, 0.001, 0.001, 0.662, 0.000, 0.000, 0.987, 0.000]"
1893,75.72,75.76,Wonyoung,0.6565152406692505,Wonyoung|Gang Vocal,"[0.657, 0.986]",,[],,[],"[0.001, 0.002, 0.001, 0.657, 0.000, 0.000, 0.986, 0.000]"
1894,75.76,75.8,Wonyoung,0.6335268020629883,Wonyoung|Gang Vocal,"[0.634, 0.985]",,[],,[],"[0.001, 0.002, 0.001, 0.634, 0.000, 0.000, 0.985, 0.000]"
1895,75.8,75.84,Wonyoung,0.5924471020698547,Wonyoung|Gang Vocal,"[0.592, 0.983]",,[],,[],"[0.001, 0.002, 0.001, 0.592, 0.000, 0.000, 0.983, 0.000]"
1896,75.84,75.88,Wonyoung,0.5325775742530823,Wonyoung|Gang Vocal,"[0.533, 0.980]",,[],,[],"[0.001, 0.002, 0.001, 0.533, 0.000, 0.000, 0.980, 0.000]"
1897,75.88,75.92,Gang Vocal,0.9770832061767578,Gang Vocal,[0.977],,[],,[],"[0.001, 0.002, 0.001, 0.455, 0.000, 0.000, 0.977, 0.000]"
1898,75.92,75.96,Gang Vocal,0.9732697606086731,Gang Vocal,[0.973],,[],,[],"[0.001, 0.001, 0.001, 0.365, 0.000, 0.000, 0.973, 0.000]"
1899,75.96,76.0,Gang Vocal,0.9685291051864624,Gang Vocal,[0.969],,[],,[],"[0.001, 0.001, 0.001, 0.272, 0.000, 0.000, 0.969, 0.000]"
1900,76.0,76.04,Gang Vocal,0.9626680016517639,Gang Vocal,[0.963],,[],,[],"[0.001, 0.001, 0.001, 0.188, 0.000, 0.000, 0.963, 0.000]"
1901,76.04,76.08,Gang Vocal,0.9555279016494751,Gang Vocal,[0.956],,[],,[],"[0.001, 0.001, 0.000, 0.121, 0.000, 0.000, 0.956, 0.000]"
1902,76.08,76.12,Gang Vocal,0.9470200538635254,Gang Vocal,[0.947],,[],,[],"[0.001, 0.001, 0.000, 0.074, 0.000, 0.000, 0.947, 0.000]"
1903,76.12,76.16,Gang Vocal,0.9371543526649475,Gang Vocal,[0.937],,[],,[],"[0.001, 0.001, 0.000, 0.044, 0.000, 0.000, 0.937, 0.000]"
1904,76.16,76.2,Gang Vocal,0.9260889291763306,Gang Vocal,[0.926],,[],,[],"[0.001, 0.000, 0.000, 0.026, 0.000, 0.000, 0.926, 0.000]"
1905,76.2,76.24,Gang Vocal,0.9141829013824463,Gang Vocal,[0.914],,[],,[],"[0.001, 0.000, 0.000, 0.015, 0.000, 0.000, 0.914, 0.000]"
1906,76.24,76.28,Gang Vocal,0.9019079804420471,Gang Vocal,[0.902],,[],,[],"[0.001, 0.000, 0.000, 0.009, 0.000, 0.000, 0.902, 0.000]"
1907,76.28,76.32,Gang Vocal,0.8897956609725952,Gang Vocal,[0.890],,[],,[],"[0.001, 0.000, 0.000, 0.005, 0.000, 0.000, 0.890, 0.000]"
1908,76.32,76.36,Gang Vocal,0.8784885406494141,Gang Vocal,[0.878],,[],,[],"[0.001, 0.000, 0.000, 0.003, 0.000, 0.000, 0.878, 0.000]"
1909,76.36,76.4,Gang Vocal,0.8686148524284363,Gang Vocal,[0.869],,[],,[],"[0.001, 0.000, 0.000, 0.002, 0.000, 0.000, 0.869, 0.000]"
1910,76.4,76.44,Gang Vocal,0.8606855273246765,Gang Vocal,[0.861],,[],,[],"[0.001, 0.000, 0.000, 0.001, 0.000, 0.000, 0.861, 0.000]"
1911,76.44,76.48,Gang Vocal,0.8551637530326843,Gang Vocal,[0.855],,[],,[],"[0.001, 0.000, 0.000, 0.001, 0.000, 0.000, 0.855, 0.000]"
1912,76.48,76.52,Gang Vocal,0.8522568345069885,Gang Vocal,[0.852],,[],,[],"[0.001, 0.000, 0.000, 0.001, 0.000, 0.000, 0.852, 0.000]"
1913,76.52,76.56,Gang Vocal,0.851901650428772,Gang Vocal,[0.852],,[],,[],"[0.001, 0.000, 0.000, 0.000, 0.000, 0.000, 0.852, 0.000]"
1914,76.56,76.6,Gang Vocal,0.8537353277206421,Gang Vocal,[0.854],,[],,[],"[0.001, 0.000, 0.000, 0.000, 0.000, 0.000, 0.854, 0.000]"
1915,76.6,76.64,Gang Vocal,0.8572708368301392,Gang Vocal,[0.857],,[],,[],"[0.001, 0.000, 0.000, 0.000, 0.000, 0.000, 0.857, 0.000]"
1916,76.64,76.68,Gang Vocal,0.8620967864990234,Gang Vocal,[0.862],,[],,[],"[0.001, 0.000, 0.000, 0.000, 0.000, 0.000, 0.862, 0.000]"
1917,76.68,76.72,Gang Vocal,0.8678908944129944,Gang Vocal,[0.868],,[],,[],"[0.001, 0.000, 0.000, 0.000, 0.000, 0.000, 0.868, 0.000]"
1918,76.72,76.76,Gang Vocal,0.8742855191230774,Gang Vocal,[0.874],,[],,[],"[0.001, 0.000, 0.000, 0.000, 0.000, 0.000, 0.874, 0.000]"
1919,76.76,76.8,Gang Vocal,0.8809709548950195,Gang Vocal,[0.881],,[],,[],"[0.001, 0.000, 0.000, 0.000, 0.000, 0.000, 0.881, 0.000]"
1920,76.8,76.84,Gang Vocal,0.8876217603683472,Gang Vocal,[0.888],,[],,[],"[0.001, 0.000, 0.000, 0.000, 0.000, 0.000, 0.888, 0.000]"
1921,76.84,76.88,Gang Vocal,0.893955647945404,Gang Vocal,[0.894],,[],,[],"[0.001, 0.000, 0.000, 0.000, 0.000, 0.000, 0.894, 0.000]"
1922,76.88,76.92,Gang Vocal,0.8998104333877563,Gang Vocal,[0.900],,[],,[],"[0.001, 0.000, 0.000, 0.000, 0.000, 0.000, 0.900, 0.000]"
1923,76.92,76.96,Gang Vocal,0.9050706028938293,Gang Vocal,[0.905],,[],,[],"[0.001, 0.000, 0.000, 0.000, 0.000, 0.000, 0.905, 0.000]"
1924,76.96,77.0,Gang Vocal,0.9096947312355042,Gang Vocal,[0.910],,[],,[],"[0.001, 0.000, 0.000, 0.000, 0.000, 0.000, 0.910, 0.000]"
1925,77.0,77.04,Gang Vocal,0.9136383533477783,Gang Vocal,[0.914],,[],,[],"[0.002, 0.000, 0.000, 0.000, 0.000, 0.000, 0.914, 0.000]"
1926,77.04,77.08,Gang Vocal,0.9168668389320374,Gang Vocal,[0.917],,[],,[],"[0.002, 0.000, 0.000, 0.000, 0.000, 0.000, 0.917, 0.000]"
1927,77.08,77.12,Gang Vocal,0.9193794131278992,Gang Vocal,[0.919],,[],,[],"[0.002, 0.000, 0.000, 0.001, 0.000, 0.000, 0.919, 0.000]"
1928,77.12,77.16,Gang Vocal,0.9211553335189819,Gang Vocal,[0.921],,[],,[],"[0.003, 0.000, 0.000, 0.001, 0.000, 0.000, 0.921, 0.000]"
1929,77.16,77.2,Gang Vocal,0.92216557264328,Gang Vocal,[0.922],,[],,[],"[0.004, 0.000, 0.000, 0.002, 0.000, 0.000, 0.922, 0.000]"
1930,77.2,77.24,Gang Vocal,0.9223852753639221,Gang Vocal,[0.922],,[],,[],"[0.005, 0.000, 0.000, 0.003, 0.000, 0.000, 0.922, 0.000]"
1931,77.24,77.28,Gang Vocal,0.92181795835495,Gang Vocal,[0.922],,[],,[],"[0.006, 0.000, 0.000, 0.005, 0.000, 0.000, 0.922, 0.000]"
1932,77.28,77.32,Gang Vocal,0.9204506278038025,Gang Vocal,[0.920],,[],,[],"[0.007, 0.000, 0.000, 0.010, 0.000, 0.000, 0.920, 0.000]"
1933,77.32,77.36,Gang Vocal,0.9182423949241638,Gang Vocal,[0.918],,[],,[],"[0.009, 0.000, 0.000, 0.018, 0.000, 0.000, 0.918, 0.000]"
1934,77.36,77.4,Gang Vocal,0.915123462677002,Gang Vocal,[0.915],,[],,[],"[0.011, 0.000, 0.000, 0.033, 0.000, 0.000, 0.915, 0.000]"
1935,77.4,77.44,Gang Vocal,0.9110140204429626,Gang Vocal,[0.911],,[],,[],"[0.014, 0.000, 0.000, 0.061, 0.000, 0.000, 0.911, 0.000]"
1936,77.44,77.48,Gang Vocal,0.90580153465271,Gang Vocal,[0.906],,[],,[],"[0.017, 0.000, 0.000, 0.110, 0.000, 0.000, 0.906, 0.000]"
1937,77.48,77.52,Gang Vocal,0.8993633985519409,Gang Vocal,[0.899],,[],Liz,[0.635],"[0.021, 0.000, 0.000, 0.186, 0.000, 0.000, 0.899, 0.000]"
1938,77.52,77.56,Gang Vocal,0.891676127910614,Gang Vocal,[0.892],,[],Liz,[0.644],"[0.025, 0.000, 0.000, 0.295, 0.000, 0.000, 0.892, 0.000]"
1939,77.56,77.6,Gang Vocal,0.8827441930770874,Gang Vocal,[0.883],,[],Liz,[0.649],"[0.030, 0.000, 0.000, 0.427, 0.000, 0.000, 0.883, 0.000]"
1940,77.6,77.64,Wonyoung,0.5629282593727112,Wonyoung|Gang Vocal,"[0.563, 0.873]",,[],Liz,[0.648],"[0.036, 0.000, 0.000, 0.563, 0.000, 0.000, 0.873, 0.000]"
1941,77.64,77.68,Wonyoung,0.6834381818771362,Wonyoung|Gang Vocal,"[0.683, 0.861]",,[],Liz,[0.644],"[0.042, 0.000, 0.000, 0.683, 0.000, 0.000, 0.861, 0.000]"
1942,77.68,77.72,Wonyoung,0.777774453163147,Wonyoung|Gang Vocal,"[0.778, 0.848]",,[],Liz,[0.638],"[0.049, 0.000, 0.000, 0.778, 0.000, 0.000, 0.848, 0.000]"
1943,77.72,77.76,Wonyoung,0.8454301357269287,Wonyoung|Gang Vocal,"[0.845, 0.835]",,[],Liz,[0.631],"[0.057, 0.000, 0.000, 0.845, 0.000, 0.000, 0.835, 0.000]"
1944,77.76,77.8,Wonyoung,0.8915206789970398,Wonyoung|Gang Vocal,"[0.892, 0.821]",,[],Liz,[0.626],"[0.065, 0.000, 0.000, 0.892, 0.000, 0.000, 0.821, 0.000]"
1945,77.8,77.84,Wonyoung,0.9221140742301941,Wonyoung|Gang Vocal,"[0.922, 0.807]",,[],Liz,[0.622],"[0.074, 0.000, 0.000, 0.922, 0.000, 0.000, 0.807, 0.000]"
1946,77.84,77.88,Wonyoung,0.9422772526741028,Wonyoung|Gang Vocal,"[0.942, 0.792]",,[],Liz,[0.620],"[0.084, 0.000, 0.000, 0.942, 0.001, 0.000, 0.792, 0.000]"
1947,77.88,77.92,Wonyoung,0.9556258320808411,Wonyoung|Gang Vocal,"[0.956, 0.777]",,[],Liz,[0.618],"[0.094, 0.001, 0.001, 0.956, 0.001, 0.001, 0.777, 0.000]"
1948,77.92,77.96,Wonyoung,0.9645776748657227,Wonyoung|Gang Vocal,"[0.965, 0.761]",,[],Liz,[0.616],"[0.103, 0.001, 0.001, 0.965, 0.001, 0.001, 0.761, 0.000]"
1949,77.96,78.0,Wonyoung,0.970649778842926,Wonyoung|Gang Vocal,"[0.971, 0.744]",,[],Liz,[0.613],"[0.113, 0.001, 0.001, 0.971, 0.001, 0.001, 0.744, 0.000]"
1950,78.0,78.04,Wonyoung,0.9747017621994019,Wonyoung|Gang Vocal,"[0.975, 0.726]",,[],Liz,[0.609],"[0.122, 0.001, 0.001, 0.975, 0.001, 0.001, 0.726, 0.000]"
1951,78.04,78.08,Wonyoung,0.9772663116455078,Wonyoung|Gang Vocal,"[0.977, 0.707]",,[],Liz,[0.604],"[0.131, 0.002, 0.001, 0.977, 0.001, 0.001, 0.707, 0.000]"
1952,78.08,78.12,Wonyoung,0.9786674380302429,Wonyoung|Gang Vocal,"[0.979, 0.686]",,[],Liz,[0.598],"[0.139, 0.002, 0.002, 0.979, 0.001, 0.001, 0.686, 0.000]"
1953,78.12,78.16,Wonyoung,0.9790130853652954,Wonyoung|Gang Vocal,"[0.979, 0.663]",,[],Liz,[0.592],"[0.146, 0.003, 0.002, 0.979, 0.001, 0.002, 0.663, 0.000]"
1954,78.16,78.2,Wonyoung,0.9783201217651367,Wonyoung|Gang Vocal,"[0.978, 0.637]",,[],Liz,[0.586],"[0.152, 0.004, 0.003, 0.978, 0.001, 0.002, 0.637, 0.000]"
1955,78.2,78.24,Wonyoung,0.9764768481254578,Wonyoung|Gang Vocal,"[0.976, 0.609]",,[],,[],"[0.156, 0.005, 0.003, 0.976, 0.002, 0.002, 0.609, 0.000]"
1956,78.24,78.28,Wonyoung,0.9731868505477905,Wonyoung|Gang Vocal,"[0.973, 0.577]",,[],,[],"[0.158, 0.006, 0.004, 0.973, 0.002, 0.002, 0.577, 0.000]"
1957,78.28,78.32,Wonyoung,0.9679833054542542,Wonyoung|Gang Vocal,"[0.968, 0.542]",,[],,[],"[0.158, 0.007, 0.005, 0.968, 0.002, 0.002, 0.542, 0.000]"
1958,78.32,78.36,Wonyoung,0.9601205587387085,Wonyoung|Gang Vocal,"[0.960, 0.504]",,[],,[],"[0.156, 0.009, 0.006, 0.960, 0.002, 0.003, 0.504, 0.000]"
1959,78.36,78.4,Wonyoung,0.9485111832618713,Wonyoung,[0.949],,[],,[],"[0.151, 0.010, 0.007, 0.949, 0.002, 0.003, 0.463, 0.000]"
1960,78.4,78.44,Wonyoung,0.9316071271896362,Wonyoung,[0.932],,[],,[],"[0.145, 0.012, 0.008, 0.932, 0.003, 0.003, 0.420, 0.000]"
1961,78.44,78.48,Wonyoung,0.9073730707168579,Wonyoung,[0.907],,[],,[],"[0.137, 0.014, 0.008, 0.907, 0.003, 0.003, 0.376, 0.000]"
1962,78.48,78.52,Wonyoung,0.8734208345413208,Wonyoung,[0.873],,[],,[],"[0.128, 0.017, 0.009, 0.873, 0.003, 0.003, 0.332, 0.000]"
1963,78.52,78.56,Wonyoung,0.8273078799247742,Wonyoung,[0.827],,[],,[],"[0.117, 0.019, 0.010, 0.827, 0.003, 0.003, 0.289, 0.000]"
1964,78.56,78.6,Wonyoung,0.7672591209411621,Wonyoung,[0.767],,[],,[],"[0.106, 0.022, 0.010, 0.767, 0.003, 0.003, 0.249, 0.000]"
1965,78.6,78.64,Wonyoung,0.6930891275405884,Wonyoung,[0.693],,[],,[],"[0.096, 0.024, 0.010, 0.693, 0.004, 0.003, 0.212, 0.000]"
1966,78.64,78.68,Wonyoung,0.6072685718536377,Wonyoung,[0.607],,[],,[],"[0.085, 0.027, 0.010, 0.607, 0.004, 0.003, 0.179, 0.000]"
1967,78.68,78.72,Wonyoung,0.514742374420166,Wonyoung,[0.515],,[],,[],"[0.075, 0.029, 0.010, 0.515, 0.004, 0.003, 0.150, 0.000]"
1968,78.72,78.76,silence,1.2854058695666026e-05,,[],,[],,[],"[0.065, 0.032, 0.010, 0.422, 0.005, 0.003, 0.126, 0.000]"
1969,78.76,78.8,silence,1.3359053809836041e-05,,[],,[],Liz,[0.623],"[0.056, 0.034, 0.010, 0.337, 0.005, 0.003, 0.105, 0.000]"
1970,78.8,78.84,silence,1.3509565178537741e-05,,[],,[],Liz,[0.622],"[0.048, 0.036, 0.009, 0.263, 0.005, 0.002, 0.087, 0.000]"
1971,78.84,78.88,silence,1.3175343156035524e-05,,[],,[],Liz,[0.612],"[0.040, 0.038, 0.009, 0.205, 0.006, 0.002, 0.072, 0.000]"
1972,78.88,78.92,silence,1.2336092368059326e-05,,[],,[],Liz,[0.591],"[0.032, 0.039, 0.008, 0.161, 0.007, 0.002, 0.060, 0.000]"
1973,78.92,78.96,silence,1.099324526876444e-05,,[],,[],,[],"[0.025, 0.038, 0.007, 0.129, 0.007, 0.002, 0.049, 0.000]"
1974,78.96,79.0,silence,9.205956303048879e-06,,[],,[],,[],"[0.020, 0.037, 0.006, 0.106, 0.008, 0.002, 0.041, 0.000]"
1975,79.0,79.04,silence,7.1532763286086265e-06,,[],,[],,[],"[0.015, 0.035, 0.005, 0.091, 0.009, 0.002, 0.033, 0.000]"
1976,79.04,79.08,silence,5.108021014166297e-06,,[],,[],,[],"[0.011, 0.032, 0.004, 0.082, 0.011, 0.001, 0.027, 0.000]"
1977,79.08,79.12,silence,3.327537797304103e-06,,[],,[],,[],"[0.008, 0.029, 0.003, 0.077, 0.012, 0.001, 0.023, 0.000]"
1978,79.12,79.16,silence,1.973121243281639e-06,,[],,[],,[],"[0.005, 0.025, 0.002, 0.077, 0.013, 0.001, 0.019, 0.000]"
1979,79.16,79.2,silence,1.0624880815157667e-06,,[],,[],,[],"[0.004, 0.021, 0.002, 0.082, 0.015, 0.001, 0.015, 0.000]"
1980,79.2,79.24,silence,5.183704274713818e-07,,[],,[],,[],"[0.002, 0.018, 0.001, 0.092, 0.017, 0.000, 0.013, 0.000]"
1981,79.24,79.28,silence,2.2842557712010603e-07,,[],,[],,[],"[0.002, 0.015, 0.001, 0.109, 0.018, 0.000, 0.010, 0.000]"
1982,79.28,79.32,silence,9.080426366381289e-08,,[],,[],,[],"[0.001, 0.012, 0.000, 0.137, 0.019, 0.000, 0.008, 0.000]"
1983,79.32,79.36,silence,3.259847147774053e-08,,[],,[],,[],"[0.001, 0.009, 0.000, 0.181, 0.020, 0.000, 0.007, 0.000]"
1984,79.36,79.4,silence,1.0600771815916232e-08,,[],,[],,[],"[0.000, 0.007, 0.000, 0.248, 0.021, 0.000, 0.005, 0.000]"
1985,79.4,79.44,silence,3.138457049800536e-09,,[],,[],,[],"[0.000, 0.005, 0.000, 0.344, 0.021, 0.000, 0.004, 0.000]"
1986,79.44,79.48,silence,8.563583731024949e-10,,[],,[],,[],"[0.000, 0.003, 0.000, 0.470, 0.021, 0.000, 0.003, 0.000]"
1987,79.48,79.52,Wonyoung,0.6159301996231079,Wonyoung,[0.616],,[],,[],"[0.000, 0.002, 0.000, 0.616, 0.020, 0.000, 0.002, 0.000]"
1988,79.52,79.56,Wonyoung,0.7544854879379272,Wonyoung,[0.754],,[],,[],"[0.000, 0.002, 0.000, 0.754, 0.019, 0.000, 0.002, 0.000]"
1989,79.56,79.6,Wonyoung,0.8612615466117859,Wonyoung,[0.861],,[],,[],"[0.000, 0.001, 0.000, 0.861, 0.017, 0.000, 0.001, 0.000]"
1990,79.6,79.64,Wonyoung,0.9291918873786926,Wonyoung,[0.929],,[],,[],"[0.000, 0.001, 0.000, 0.929, 0.016, 0.000, 0.001, 0.000]"
1991,79.64,79.68,Wonyoung,0.9664074778556824,Wonyoung,[0.966],,[],,[],"[0.000, 0.000, 0.000, 0.966, 0.014, 0.000, 0.001, 0.000]"
1992,79.68,79.72,Wonyoung,0.9848117828369141,Wonyoung,[0.985],,[],,[],"[0.000, 0.000, 0.000, 0.985, 0.012, 0.000, 0.000, 0.000]"
1993,79.72,79.76,Wonyoung,0.993339478969574,Wonyoung,[0.993],,[],,[],"[0.000, 0.000, 0.000, 0.993, 0.010, 0.000, 0.000, 0.000]"
1994,79.76,79.8,Wonyoung,0.9971314668655396,Wonyoung,[0.997],,[],,[],"[0.000, 0.000, 0.000, 0.997, 0.009, 0.000, 0.000, 0.000]"
1995,79.8,79.84,Wonyoung,0.9987757802009583,Wonyoung,[0.999],,[],,[],"[0.000, 0.000, 0.000, 0.999, 0.007, 0.000, 0.000, 0.000]"
1996,79.84,79.88,Wonyoung,0.9994783997535706,Wonyoung,[0.999],,[],,[],"[0.000, 0.000, 0.000, 0.999, 0.006, 0.000, 0.000, 0.000]"
1997,79.88,79.92,Wonyoung,0.9997764229774475,Wonyoung,[1.000],,[],,[],"[0.000, 0.000, 0.000, 1.000, 0.005, 0.000, 0.000, 0.000]"
1998,79.92,79.96,Wonyoung,0.9999028444290161,Wonyoung,[1.000],,[],,[],"[0.000, 0.000, 0.000, 1.000, 0.004, 0.000, 0.000, 0.000]"
1999,79.96,80.0,Wonyoung,0.9999568462371826,Wonyoung,[1.000],,[],,[],"[0.000, 0.000, 0.000, 1.000, 0.003, 0.000, 0.000, 0.000]"
2000,80.0,80.04,Wonyoung,0.9999803304672241,Wonyoung,[1.000],,[],,[],"[0.000, 0.000, 0.000, 1.000, 0.003, 0.000, 0.000, 0.000]"
2001,80.04,80.08,Wonyoung,0.999990701675415,Wonyoung,[1.000],,[],,[],"[0.000, 0.000, 0.000, 1.000, 0.002, 0.000, 0.000, 0.000]"
2002,80.08,80.12,Wonyoung,0.9999954700469971,Wonyoung,[1.000],,[],,[],"[0.000, 0.000, 0.000, 1.000, 0.002, 0.000, 0.000, 0.000]"
2003,80.12,80.16,Wonyoung,0.9999977350234985,Wonyoung,[1.000],,[],,[],"[0.000, 0.000, 0.000, 1.000, 0.001, 0.000, 0.000, 0.000]"
2004,80.16,80.2,Wonyoung,0.9999988079071045,Wonyoung,[1.000],,[],,[],"[0.000, 0.000, 0.000, 1.000, 0.001, 0.000, 0.000, 0.000]"
2005,80.2,80.24,Wonyoung,0.9999992847442627,Wonyoung,[1.000],,[],,[],"[0.000, 0.000, 0.000, 1.000, 0.001, 0.000, 0.000, 0.000]"
2006,80.24,80.28,Wonyoung,0.9999996423721313,Wonyoung,[1.000],,[],,[],"[0.000, 0.000, 0.000, 1.000, 0.001, 0.000, 0.000, 0.000]"
2007,80.28,80.32,Wonyoung,0.9999997615814209,Wonyoung,[1.000],,[],,[],"[0.000, 0.000, 0.000, 1.000, 0.001, 0.000, 0.000, 0.000]"
2008,80.32,80.36,Wonyoung,0.9999998807907104,Wonyoung,[1.000],,[],,[],"[0.000, 0.000, 0.000, 1.000, 0.000, 0.000, 0.000, 0.000]"
2009,80.36,80.4,Wonyoung,0.9999998807907104,Wonyoung,[1.000],,[],,[],"[0.000, 0.000, 0.000, 1.000, 0.000, 0.000, 0.000, 0.000]"
2010,80.4,80.44,Wonyoung,0.9999998807907104,Wonyoung,[1.000],,[],,[],"[0.000, 0.000, 0.000, 1.000, 0.000, 0.000, 0.000, 0.000]"
2011,80.44,80.48,Wonyoung,1.0,Wonyoung,[1.000],,[],,[],"[0.000, 0.000, 0.000, 1.000, 0.000, 0.000, 0.000, 0.000]"
2012,80.48,80.52,Wonyoung,1.0,Wonyoung,[1.000],,[],,[],"[0.000, 0.000, 0.000, 1.000, 0.000, 0.000, 0.000, 0.000]"
2013,80.52,80.56,Wonyoung,1.0,Wonyoung,[1.000],,[],,[],"[0.000, 0.000, 0.000, 1.000, 0.000, 0.000, 0.000, 0.000]"
2014,80.56,80.6,Wonyoung,1.0,Wonyoung,[1.000],,[],,[],"[0.000, 0.000, 0.000, 1.000, 0.000, 0.000, 0.000, 0.000]"
2015,80.6,80.64,Wonyoung,1.0,Wonyoung,[1.000],,[],,[],"[0.000, 0.000, 0.000, 1.000, 0.000, 0.000, 0.000, 0.000]"
2016,80.64,80.68,Wonyoung,1.0,Wonyoung,[1.000],,[],,[],"[0.000, 0.000, 0.000, 1.000, 0.000, 0.000, 0.000, 0.000]"
2017,80.68,80.72,Wonyoung,1.0,Wonyoung,[1.000],,[],,[],"[0.000, 0.000, 0.000, 1.000, 0.000, 0.000, 0.000, 0.000]"
2018,80.72,80.76,Wonyoung,1.0,Wonyoung,[1.000],,[],,[],"[0.000, 0.000, 0.000, 1.000, 0.000, 0.000, 0.000, 0.000]"
2019,80.76,80.8,Wonyoung,1.0,Wonyoung,[1.000],,[],,[],"[0.000, 0.000, 0.000, 1.000, 0.000, 0.000, 0.000, 0.000]"
2020,80.8,80.84,Wonyoung,1.0,Wonyoung,[1.000],,[],,[],"[0.000, 0.000, 0.000, 1.000, 0.000, 0.000, 0.000, 0.000]"
2021,80.84,80.88,Wonyoung,1.0,Wonyoung,[1.000],,[],,[],"[0.000, 0.000, 0.000, 1.000, 0.000, 0.000, 0.000, 0.000]"
2022,80.88,80.92,Wonyoung,1.0,Wonyoung,[1.000],,[],,[],"[0.000, 0.000, 0.000, 1.000, 0.000, 0.000, 0.000, 0.000]"
2023,80.92,80.96,Wonyoung,1.0,Wonyoung,[1.000],,[],,[],"[0.000, 0.000, 0.000, 1.000, 0.000, 0.000, 0.000, 0.000]"
2024,80.96,81.0,Wonyoung,0.9999998807907104,Wonyoung,[1.000],,[],,[],"[0.000, 0.000, 0.000, 1.000, 0.000, 0.000, 0.000, 0.000]"
2025,81.0,81.04,Wonyoung,0.9999998807907104,Wonyoung,[1.000],,[],,[],"[0.000, 0.000, 0.000, 1.000, 0.000, 0.000, 0.000, 0.000]"
2026,81.04,81.08,Wonyoung,0.9999998807907104,Wonyoung,[1.000],,[],,[],"[0.000, 0.000, 0.000, 1.000, 0.000, 0.000, 0.000, 0.000]"
2027,81.08,81.12,Wonyoung,0.9999997615814209,Wonyoung,[1.000],,[],,[],"[0.000, 0.000, 0.000, 1.000, 0.000, 0.000, 0.000, 0.000]"
2028,81.12,81.16,Wonyoung,0.9999997615814209,Wonyoung,[1.000],,[],,[],"[0.000, 0.000, 0.000, 1.000, 0.000, 0.000, 0.000, 0.000]"
2029,81.16,81.2,Wonyoung,0.9999996423721313,Wonyoung,[1.000],,[],,[],"[0.000, 0.000, 0.000, 1.000, 0.000, 0.000, 0.000, 0.000]"
2030,81.2,81.24,Wonyoung,0.9999994039535522,Wonyoung,[1.000],,[],,[],"[0.000, 0.000, 0.000, 1.000, 0.000, 0.000, 0.000, 0.000]"
2031,81.24,81.28,Wonyoung,0.9999991655349731,Wonyoung,[1.000],,[],,[],"[0.000, 0.000, 0.000, 1.000, 0.000, 0.000, 0.000, 0.000]"
2032,81.28,81.32,Wonyoung,0.9999988079071045,Wonyoung,[1.000],,[],,[],"[0.000, 0.000, 0.000, 1.000, 0.000, 0.000, 0.000, 0.000]"
2033,81.32,81.36,Wonyoung,0.9999983310699463,Wonyoung,[1.000],,[],,[],"[0.000, 0.000, 0.000, 1.000, 0.000, 0.000, 0.000, 0.000]"
2034,81.36,81.4,Wonyoung,0.9999977350234985,Wonyoung,[1.000],,[],,[],"[0.000, 0.000, 0.000, 1.000, 0.000, 0.000, 0.000, 0.000]"
2035,81.4,81.44,Wonyoung,0.9999969005584717,Wonyoung,[1.000],,[],,[],"[0.000, 0.000, 0.000, 1.000, 0.000, 0.000, 0.000, 0.000]"
2036,81.44,81.48,Wonyoung,0.9999959468841553,Wonyoung,[1.000],,[],,[],"[0.000, 0.000, 0.000, 1.000, 0.000, 0.000, 0.000, 0.000]"
2037,81.48,81.52,Wonyoung,0.9999947547912598,Wonyoung,[1.000],,[],,[],"[0.000, 0.000, 0.000, 1.000, 0.000, 0.000, 0.000, 0.000]"
2038,81.52,81.56,Wonyoung,0.9999934434890747,Wonyoung,[1.000],,[],,[],"[0.000, 0.000, 0.000, 1.000, 0.000, 0.000, 0.000, 0.000]"
2039,81.56,81.6,Wonyoung,0.9999920129776001,Wonyoung,[1.000],,[],,[],"[0.000, 0.000, 0.000, 1.000, 0.000, 0.000, 0.000, 0.000]"
2040,81.6,81.64,Wonyoung,0.999990701675415,Wonyoung,[1.000],,[],,[],"[0.000, 0.000, 0.000, 1.000, 0.000, 0.000, 0.000, 0.000]"
2041,81.64,81.68,Wonyoung,0.99998939037323,Wonyoung,[1.000],,[],,[],"[0.000, 0.000, 0.000, 1.000, 0.000, 0.000, 0.000, 0.000]"
2042,81.68,81.72,Wonyoung,0.9999884366989136,Wonyoung,[1.000],,[],,[],"[0.000, 0.000, 0.000, 1.000, 0.000, 0.000, 0.000, 0.000]"
2043,81.72,81.76,Wonyoung,0.9999877214431763,Wonyoung,[1.000],,[],,[],"[0.000, 0.000, 0.000, 1.000, 0.000, 0.000, 0.000, 0.000]"
2044,81.76,81.8,Wonyoung,0.9999872446060181,Wonyoung,[1.000],,[],,[],"[0.000, 0.000, 0.000, 1.000, 0.000, 0.000, 0.000, 0.000]"
2045,81.8,81.84,Wonyoung,0.999987006187439,Wonyoung,[1.000],,[],,[],"[0.000, 0.000, 0.000, 1.000, 0.000, 0.000, 0.000, 0.000]"
2046,81.84,81.88,Wonyoung,0.9999867677688599,Wonyoung,[1.000],,[],,[],"[0.000, 0.000, 0.000, 1.000, 0.000, 0.000, 0.000, 0.000]"
2047,81.88,81.92,Wonyoung,0.9999866485595703,Wonyoung,[1.000],,[],,[],"[0.000, 0.000, 0.000, 1.000, 0.000, 0.000, 0.000, 0.000]"
2048,81.92,81.96,Wonyoung,0.9999864101409912,Wonyoung,[1.000],,[],,[],"[0.000, 0.000, 0.000, 1.000, 0.000, 0.000, 0.000, 0.000]"
2049,81.96,82.0,Wonyoung,0.999985933303833,Wonyoung,[1.000],,[],,[],"[0.000, 0.000, 0.000, 1.000, 0.000, 0.000, 0.000, 0.000]"
2050,82.0,82.04,Wonyoung,0.9999853372573853,Wonyoung,[1.000],,[],,[],"[0.000, 0.000, 0.000, 1.000, 0.000, 0.000, 0.000, 0.000]"
2051,82.04,82.08,Wonyoung,0.9999841451644897,Wonyoung,[1.000],,[],,[],"[0.000, 0.000, 0.000, 1.000, 0.000, 0.000, 0.000, 0.000]"
2052,82.08,82.12,Wonyoung,0.9999823570251465,Wonyoung,[1.000],,[],,[],"[0.000, 0.000, 0.000, 1.000, 0.000, 0.000, 0.000, 0.000]"
2053,82.12,82.16,Wonyoung,0.9999796152114868,Wonyoung,[1.000],,[],,[],"[0.000, 0.000, 0.000, 1.000, 0.000, 0.000, 0.000, 0.000]"
2054,82.16,82.2,Wonyoung,0.999975323677063,Wonyoung,[1.000],,[],,[],"[0.000, 0.000, 0.000, 1.000, 0.000, 0.000, 0.000, 0.000]"
2055,82.2,82.24,Wonyoung,0.9999685287475586,Wonyoung,[1.000],,[],,[],"[0.000, 0.000, 0.000, 1.000, 0.000, 0.000, 0.000, 0.000]"
2056,82.24,82.28,Wonyoung,0.9999572038650513,Wonyoung,[1.000],,[],,[],"[0.000, 0.000, 0.000, 1.000, 0.000, 0.000, 0.000, 0.000]"
2057,82.28,82.32,Wonyoung,0.999937891960144,Wonyoung,[1.000],,[],,[],"[0.000, 0.000, 0.000, 1.000, 0.000, 0.000, 0.000, 0.000]"
2058,82.32,82.36,Wonyoung,0.9999030828475952,Wonyoung,[1.000],,[],,[],"[0.000, 0.000, 0.000, 1.000, 0.000, 0.000, 0.000, 0.000]"
2059,82.36,82.4,Wonyoung,0.9998371601104736,Wonyoung,[1.000],,[],,[],"[0.000, 0.000, 0.000, 1.000, 0.000, 0.000, 0.000, 0.000]"
2060,82.4,82.44,Wonyoung,0.9997050166130066,Wonyoung,[1.000],,[],,[],"[0.000, 0.000, 0.000, 1.000, 0.000, 0.000, 0.000, 0.000]"
2061,82.44,82.48,Wonyoung,0.9994240999221802,Wonyoung,[0.999],,[],,[],"[0.000, 0.000, 0.000, 0.999, 0.000, 0.000, 0.000, 0.000]"
2062,82.48,82.52,Wonyoung,0.9987882971763611,Wonyoung,[0.999],,[],,[],"[0.000, 0.000, 0.000, 0.999, 0.000, 0.000, 0.000, 0.000]"
2063,82.52,82.56,Wonyoung,0.9972614049911499,Wonyoung,[0.997],,[],,[],"[0.000, 0.000, 0.000, 0.997, 0.000, 0.000, 0.000, 0.000]"
2064,82.56,82.6,Wonyoung,0.9933888912200928,Wonyoung,[0.993],,[],,[],"[0.000, 0.000, 0.000, 0.993, 0.000, 0.000, 0.000, 0.000]"
2065,82.6,82.64,Wonyoung,0.9831112623214722,Wonyoung,[0.983],,[],,[],"[0.000, 0.000, 0.000, 0.983, 0.000, 0.000, 0.000, 0.000]"
2066,82.64,82.68,Wonyoung,0.9551812410354614,Wonyoung,[0.955],,[],,[],"[0.000, 0.000, 0.000, 0.955, 0.000, 0.000, 0.000, 0.000]"
2067,82.68,82.72,Wonyoung,0.8815752267837524,Wonyoung,[0.882],,[],,[],"[0.000, 0.000, 0.000, 0.882, 0.000, 0.000, 0.000, 0.000]"
2068,82.72,82.76,Wonyoung,0.7146772146224976,Wonyoung,[0.715],,[],,[],"[0.001, 0.000, 0.000, 0.715, 0.000, 0.000, 0.000, 0.000]"
2069,82.76,82.8,silence,1.763473327238218e-19,,[],,[],,[],"[0.001, 0.000, 0.000, 0.451, 0.000, 0.000, 0.000, 0.000]"
2070,82.8,82.84,silence,1.3052336209536818e-19,,[],,[],,[],"[0.001, 0.000, 0.000, 0.209, 0.000, 0.000, 0.000, 0.000]"
2071,82.84,82.88,silence,1.0504022801868806e-19,,[],,[],,[],"[0.001, 0.000, 0.000, 0.078, 0.000, 0.000, 0.000, 0.000]"
2072,82.88,82.92,silence,9.223383716218769e-20,,[],,[],,[],"[0.002, 0.000, 0.000, 0.026, 0.000, 0.000, 0.000, 0.000]"
2073,82.92,82.96,silence,8.866827513177787e-20,,[],,[],,[],"[0.002, 0.000, 0.000, 0.009, 0.000, 0.000, 0.000, 0.000]"
2074,82.96,83.0,silence,9.348745522990595e-20,,[],,[],,[],"[0.002, 0.000, 0.000, 0.003, 0.000, 0.000, 0.000, 0.000]"
2075,83.0,83.04,silence,1.0817588231276906e-19,,[],,[],,[],"[0.002, 0.000, 0.000, 0.001, 0.000, 0.000, 0.000, 0.000]"
2076,83.04,83.08,silence,1.371970165033548e-19,,[],,[],,[],"[0.002, 0.000, 0.000, 0.000, 0.000, 0.000, 0.000, 0.000]"
2077,83.08,83.12,silence,1.9078243574409056e-19,,[],,[],,[],"[0.001, 0.000, 0.000, 0.000, 0.000, 0.000, 0.000, 0.000]"
2078,83.12,83.16,silence,2.908541000159023e-19,,[],,[],,[],"[0.001, 0.000, 0.000, 0.000, 0.000, 0.000, 0.000, 0.000]"
2079,83.16,83.2,silence,4.854917402517669e-19,,[],,[],,[],"[0.001, 0.000, 0.000, 0.000, 0.000, 0.000, 0.000, 0.000]"
2080,83.2,83.24,silence,8.844266808205256e-19,,[],,[],,[],"[0.001, 0.000, 0.000, 0.000, 0.000, 0.000, 0.000, 0.000]"
2081,83.24,83.28,silence,1.7499644855582498e-18,,[],,[],,[],"[0.000, 0.000, 0.000, 0.000, 0.000, 0.000, 0.000, 0.000]"
2082,83.28,83.32,silence,3.739803076950752e-18,,[],,[],,[],"[0.000, 0.000, 0.000, 0.000, 0.000, 0.000, 0.000, 0.000]"
2083,83.32,83.36,silence,8.573502055985517e-18,,[],,[],,[],"[0.000, 0.000, 0.000, 0.000, 0.000, 0.000, 0.000, 0.000]"
2084,83.36,83.4,silence,2.0872958117516118e-17,,[],,[],Liz,[0.713],"[0.000, 0.000, 0.000, 0.000, 0.000, 0.000, 0.000, 0.000]"
2085,83.4,83.44,silence,5.3314788181582526e-17,,[],,[],Liz,[0.841],"[0.000, 0.000, 0.000, 0.000, 0.000, 0.000, 0.000, 0.000]"
2086,83.44,83.48,silence,1.4104243389751874e-16,,[],,[],Liz,[0.920],"[0.000, 0.000, 0.002, 0.000, 0.000, 0.000, 0.000, 0.000]"
2087,83.48,83.52,silence,3.8254721050413377e-16,,[],,[],Liz,[0.961],"[0.000, 0.000, 0.013, 0.000, 0.000, 0.000, 0.000, 0.000]"
2088,83.52,83.56,silence,1.0532452358457279e-15,,[],,[],Liz,[0.982],"[0.000, 0.000, 0.075, 0.000, 0.000, 0.000, 0.000, 0.000]"
2089,83.56,83.6,silence,2.9154674991750413e-15,,[],,[],Liz,[0.992],"[0.000, 0.000, 0.323, 0.000, 0.000, 0.000, 0.000, 0.000]"
2090,83.6,83.64,Rei,0.7298924922943115,Rei,[0.730],,[],Liz,[0.996],"[0.000, 0.000, 0.730, 0.000, 0.000, 0.000, 0.000, 0.000]"
2091,83.64,83.68,Rei,0.9359461069107056,Rei,[0.936],,[],Liz,[0.998],"[0.000, 0.000, 0.936, 0.000, 0.000, 0.000, 0.000, 0.000]"
2092,83.68,83.72,Rei,0.9867078065872192,Rei,[0.987],,[],Liz,[0.999],"[0.000, 0.000, 0.987, 0.000, 0.000, 0.000, 0.000, 0.000]"
2093,83.72,83.76,Rei,0.9971486926078796,Rei,[0.997],,[],Liz,[0.999],"[0.000, 0.000, 0.997, 0.000, 0.000, 0.000, 0.000, 0.000]"
2094,83.76,83.8,Rei,0.9993380904197693,Rei,[0.999],,[],Liz,[1.000],"[0.000, 0.000, 0.999, 0.000, 0.000, 0.000, 0.000, 0.000]"
2095,83.8,83.84,Rei,0.9998304843902588,Rei,[1.000],,[],Liz,[1.000],"[0.000, 0.000, 1.000, 0.000, 0.000, 0.000, 0.000, 0.000]"
2096,83.84,83.88,Rei,0.9999516010284424,Rei,[1.000],,[],Liz,[1.000],"[0.000, 0.000, 1.000, 0.000, 0.000, 0.000, 0.000, 0.000]"
2097,83.88,83.92,Rei,0.9999845027923584,Rei,[1.000],,[],Liz,[1.000],"[0.000, 0.000, 1.000, 0.000, 0.000, 0.000, 0.000, 0.000]"
2098,83.92,83.96,Rei,0.9999943971633911,Rei,[1.000],,[],Liz,[1.000],"[0.000, 0.000, 1.000, 0.000, 0.000, 0.000, 0.000, 0.000]"
2099,83.96,84.0,Rei,0.999997615814209,Rei,[1.000],,[],Liz,[1.000],"[0.000, 0.000, 1.000, 0.000, 0.000, 0.000, 0.000, 0.000]"
2100,84.0,84.04,Rei,0.999998927116394,Rei,[1.000],,[],Liz,[1.000],"[0.000, 0.000, 1.000, 0.000, 0.000, 0.000, 0.000, 0.000]"
2101,84.04,84.08,Rei,0.9999994039535522,Rei,[1.000],,[],Liz,[1.000],"[0.000, 0.000, 1.000, 0.000, 0.000, 0.000, 0.000, 0.000]"
2102,84.08,84.12,Rei,0.9999996423721313,Rei,[1.000],,[],Liz,[1.000],"[0.000, 0.000, 1.000, 0.000, 0.000, 0.000, 0.000, 0.000]"
2103,84.12,84.16,Rei,0.9999997615814209,Rei,[1.000],Leeseo,"[0.000, 0.000, 0.000, 0.000, 0.000, 0.500, 0.000]",Liz,[1.000],"[0.000, 0.000, 1.000, 0.000, 0.000, 0.000, 0.000, 0.000]"
2104,84.16,84.2,Rei,0.9999998807907104,Rei,[1.000],Leeseo,"[0.000, 0.000, 0.000, 0.000, 0.000, 0.619, 0.000]",Liz,[1.000],"[0.000, 0.000, 1.000, 0.000, 0.000, 0.000, 0.000, 0.000]"
2105,84.2,84.24,Rei,0.9999998807907104,Rei,[1.000],Leeseo,"[0.000, 0.000, 0.000, 0.000, 0.000, 0.712, 0.000]",Liz,[1.000],"[0.000, 0.000, 1.000, 0.000, 0.000, 0.000, 0.000, 0.000]"
2106,84.24,84.28,Rei,0.9999998807907104,Rei,[1.000],Leeseo,"[0.000, 0.000, 0.000, 0.000, 0.000, 0.779, 0.000]",Liz,[1.000],"[0.000, 0.000, 1.000, 0.000, 0.000, 0.000, 0.000, 0.000]"
2107,84.28,84.32,Rei,0.9999998807907104,Rei,[1.000],Leeseo,"[0.000, 0.000, 0.000, 0.000, 0.000, 0.825, 0.000]",Liz,[1.000],"[0.000, 0.000, 1.000, 0.000, 0.000, 0.000, 0.000, 0.000]"
2108,84.32,84.36,Rei,0.9999998807907104,Rei,[1.000],Leeseo,"[0.000, 0.000, 0.000, 0.000, 0.000, 0.857, 0.000]",Liz,[1.000],"[0.000, 0.000, 1.000, 0.000, 0.000, 0.000, 0.000, 0.000]"
2109,84.36,84.4,Rei,0.9999998807907104,Rei,[1.000],Leeseo,"[0.000, 0.000, 0.000, 0.000, 0.000, 0.879, 0.000]",Liz,[1.000],"[0.000, 0.000, 1.000, 0.000, 0.000, 0.000, 0.000, 0.000]"
2110,84.4,84.44,Rei,0.9999998807907104,Rei,[1.000],Leeseo,"[0.000, 0.000, 0.000, 0.000, 0.000, 0.893, 0.000]",Liz,[1.000],"[0.000, 0.000, 1.000, 0.000, 0.000, 0.000, 0.000, 0.000]"
2111,84.44,84.48,Rei,0.9999998807907104,Rei,[1.000],Leeseo,"[0.000, 0.000, 0.000, 0.000, 0.000, 0.903, 0.000]",Liz,[1.000],"[0.000, 0.000, 1.000, 0.000, 0.000, 0.000, 0.000, 0.000]"
2112,84.48,84.52,Rei,0.9999998807907104,Rei,[1.000],Leeseo,"[0.000, 0.000, 0.000, 0.000, 0.000, 0.910, 0.000]",Liz,[1.000],"[0.000, 0.000, 1.000, 0.000, 0.000, 0.000, 0.000, 0.000]"
2113,84.52,84.56,Rei,0.9999998807907104,Rei,[1.000],Leeseo,"[0.000, 0.000, 0.000, 0.000, 0.000, 0.915, 0.000]",Liz,[1.000],"[0.000, 0.000, 1.000, 0.000, 0.000, 0.000, 0.000, 0.000]"
2114,84.56,84.6,Rei,0.9999998807907104,Rei,[1.000],Leeseo,"[0.000, 0.000, 0.000, 0.000, 0.000, 0.917, 0.000]",Liz,[1.000],"[0.000, 0.000, 1.000, 0.000, 0.000, 0.000, 0.000, 0.000]"
2115,84.6,84.64,Rei,0.9999998807907104,Rei,[1.000],Leeseo,"[0.000, 0.000, 0.000, 0.000, 0.000, 0.918, 0.000]",Liz,[1.000],"[0.000, 0.000, 1.000, 0.000, 0.000, 0.000, 0.000, 0.000]"
2116,84.64,84.68,Rei,0.9999998807907104,Rei,[1.000],Leeseo,"[0.000, 0.000, 0.000, 0.000, 0.000, 0.918, 0.000]",Liz,[1.000],"[0.000, 0.000, 1.000, 0.000, 0.000, 0.001, 0.000, 0.000]"
2117,84.68,84.72,Rei,0.9999998807907104,Rei,[1.000],Leeseo,"[0.000, 0.000, 0.000, 0.000, 0.000, 0.915, 0.000]",Liz,[1.000],"[0.000, 0.000, 1.000, 0.000, 0.000, 0.001, 0.000, 0.000]"
2118,84.72,84.76,Rei,0.9999998807907104,Rei,[1.000],Leeseo,"[0.000, 0.000, 0.000, 0.000, 0.000, 0.912, 0.000]",Liz,[1.000],"[0.000, 0.000, 1.000, 0.000, 0.000, 0.001, 0.000, 0.000]"
2119,84.76,84.8,Rei,0.9999997615814209,Rei,[1.000],Leeseo,"[0.000, 0.000, 0.000, 0.000, 0.000, 0.908, 0.000]",Liz,[0.999],"[0.000, 0.000, 1.000, 0.000, 0.000, 0.001, 0.000, 0.000]"
2120,84.8,84.84,Rei,0.9999997615814209,Rei,[1.000],Leeseo,"[0.000, 0.000, 0.000, 0.000, 0.000, 0.903, 0.000]",Liz,[0.999],"[0.000, 0.000, 1.000, 0.000, 0.000, 0.001, 0.000, 0.000]"
2121,84.84,84.88,Rei,0.9999996423721313,Rei,[1.000],Leeseo,"[0.000, 0.000, 0.000, 0.000, 0.000, 0.898, 0.000]",Liz,[0.998],"[0.000, 0.000, 1.000, 0.000, 0.000, 0.001, 0.000, 0.000]"
2122,84.88,84.92,Rei,0.9999995231628418,Rei,[1.000],Leeseo,"[0.000, 0.000, 0.000, 0.000, 0.000, 0.892, 0.000]",Liz,[0.997],"[0.000, 0.000, 1.000, 0.000, 0.000, 0.001, 0.000, 0.000]"
2123,84.92,84.96,Rei,0.9999994039535522,Rei,[1.000],Leeseo,"[0.000, 0.000, 0.000, 0.000, 0.000, 0.885, 0.000]",Liz,[0.994],"[0.000, 0.000, 1.000, 0.000, 0.000, 0.001, 0.000, 0.000]"
2124,84.96,85.0,Rei,0.9999990463256836,Rei,[1.000],Leeseo,"[0.000, 0.000, 0.000, 0.000, 0.000, 0.878, 0.000]",Liz,[0.989],"[0.000, 0.000, 1.000, 0.000, 0.000, 0.001, 0.000, 0.000]"
2125,85.0,85.04,Rei,0.9999986886978149,Rei,[1.000],Leeseo,"[0.000, 0.000, 0.000, 0.000, 0.000, 0.871, 0.000]",Liz,[0.981],"[0.000, 0.000, 1.000, 0.000, 0.000, 0.001, 0.000, 0.000]"
2126,85.04,85.08,Rei,0.9999982118606567,Rei,[1.000],Leeseo,"[0.000, 0.000, 0.000, 0.000, 0.000, 0.863, 0.000]",Liz,[0.966],"[0.000, 0.000, 1.000, 0.000, 0.000, 0.001, 0.000, 0.000]"
2127,85.08,85.12,Rei,0.9999974966049194,Rei,[1.000],Leeseo,"[0.000, 0.000, 0.000, 0.000, 0.000, 0.855, 0.000]",Liz,[0.942],"[0.000, 0.000, 1.000, 0.000, 0.000, 0.001, 0.000, 0.000]"
2128,85.12,85.16,Rei,0.999996542930603,Rei,[1.000],Leeseo,"[0.000, 0.000, 0.000, 0.000, 0.000, 0.846, 0.000]",Liz,[0.905],"[0.000, 0.000, 1.000, 0.000, 0.000, 0.001, 0.000, 0.000]"
2129,85.16,85.2,Rei,0.9999953508377075,Rei,[1.000],Leeseo,"[0.000, 0.000, 0.000, 0.000, 0.000, 0.836, 0.000]",Liz,[0.849],"[0.000, 0.000, 1.000, 0.000, 0.000, 0.001, 0.000, 0.000]"
2130,85.2,85.24,Rei,0.999994158744812,Rei,[1.000],Leeseo,"[0.000, 0.000, 0.000, 0.000, 0.000, 0.826, 0.000]",Liz,[0.772],"[0.000, 0.000, 1.000, 0.000, 0.000, 0.001, 0.000, 0.000]"
2131,85.24,85.28,Rei,0.999992847442627,Rei,[1.000],Leeseo,"[0.000, 0.000, 0.000, 0.000, 0.000, 0.814, 0.000]",Liz,[0.676],"[0.000, 0.000, 1.000, 0.000, 0.000, 0.001, 0.000, 0.000]"
2132,85.28,85.32,Rei,0.999991774559021,Rei,[1.000],Leeseo,"[0.000, 0.000, 0.000, 0.000, 0.000, 0.802, 0.000]",,[],"[0.000, 0.000, 1.000, 0.000, 0.000, 0.001, 0.000, 0.000]"
2133,85.32,85.36,Rei,0.9999909400939941,Rei,[1.000],Leeseo,"[0.000, 0.000, 0.000, 0.000, 0.000, 0.788, 0.000]",,[],"[0.000, 0.000, 1.000, 0.000, 0.000, 0.001, 0.000, 0.000]"
2134,85.36,85.4,Rei,0.9999905824661255,Rei,[1.000],Leeseo,"[0.000, 0.000, 0.000, 0.000, 0.000, 0.770, 0.000]",,[],"[0.000, 0.000, 1.000, 0.000, 0.000, 0.001, 0.000, 0.000]"
2135,85.4,85.44,Rei,0.999990701675415,Rei,[1.000],Leeseo,"[0.000, 0.000, 0.000, 0.000, 0.000, 0.748, 0.000]",,[],"[0.000, 0.000, 1.000, 0.000, 0.000, 0.000, 0.000, 0.000]"
2136,85.44,85.48,Rei,0.9999911785125732,Rei,[1.000],Leeseo,"[0.000, 0.000, 0.000, 0.000, 0.000, 0.721, 0.000]",,[],"[0.000, 0.000, 1.000, 0.000, 0.000, 0.000, 0.000, 0.000]"
2137,85.48,85.52,Rei,0.9999921321868896,Rei,[1.000],Leeseo,"[0.000, 0.000, 0.000, 0.000, 0.000, 0.686, 0.000]",,[],"[0.000, 0.000, 1.000, 0.000, 0.000, 0.000, 0.000, 0.000]"
2138,85.52,85.56,Rei,0.9999932050704956,Rei,[1.000],Leeseo,"[0.000, 0.000, 0.000, 0.000, 0.000, 0.643, 0.000]",,[],"[0.000, 0.000, 1.000, 0.000, 0.000, 0.000, 0.000, 0.000]"
2139,85.56,85.6,Rei,0.9999943971633911,Rei,[1.000],Leeseo,"[0.000, 0.000, 0.000, 0.000, 0.000, 0.590, 0.000]",,[],"[0.000, 0.000, 1.000, 0.000, 0.000, 0.000, 0.000, 0.000]"
2140,85.6,85.64,Rei,0.9999954700469971,Rei,[1.000],Leeseo,"[0.000, 0.000, 0.000, 0.000, 0.000, 0.527, 0.000]",,[],"[0.000, 0.000, 1.000, 0.000, 0.000, 0.000, 0.000, 0.000]"
2141,85.64,85.68,Rei,0.9999964237213135,Rei,[1.000],Leeseo,"[0.000, 0.000, 0.000, 0.000, 0.000, 0.455, 0.000]",,[],"[0.000, 0.000, 1.000, 0.000, 0.000, 0.000, 0.000, 0.000]"
2142,85.68,85.72,Rei,0.9999972581863403,Rei,[1.000],,[],,[],"[0.000, 0.000, 1.000, 0.000, 0.000, 0.000, 0.000, 0.000]"
2143,85.72,85.76,Rei,0.9999979734420776,Rei,[1.000],,[],,[],"[0.000, 0.000, 1.000, 0.000, 0.000, 0.000, 0.000, 0.000]"
2144,85.76,85.8,Rei,0.9999984502792358,Rei,[1.000],,[],,[],"[0.000, 0.000, 1.000, 0.000, 0.000, 0.000, 0.000, 0.000]"
2145,85.8,85.84,Rei,0.9999988079071045,Rei,[1.000],,[],,[],"[0.000, 0.000, 1.000, 0.000, 0.000, 0.000, 0.000, 0.000]"
2146,85.84,85.88,Rei,0.9999990463256836,Rei,[1.000],,[],,[],"[0.000, 0.000, 1.000, 0.000, 0.000, 0.000, 0.000, 0.000]"
2147,85.88,85.92,Rei,0.9999992847442627,Rei,[1.000],,[],,[],"[0.000, 0.000, 1.000, 0.000, 0.000, 0.000, 0.000, 0.000]"
2148,85.92,85.96,Rei,0.9999994039535522,Rei,[1.000],,[],,[],"[0.000, 0.000, 1.000, 0.000, 0.000, 0.000, 0.000, 0.000]"
2149,85.96,86.0,Rei,0.9999995231628418,Rei,[1.000],,[],,[],"[0.000, 0.000, 1.000, 0.000, 0.000, 0.000, 0.000, 0.000]"
2150,86.0,86.04,Rei,0.9999996423721313,Rei,[1.000],,[],,[],"[0.000, 0.000, 1.000, 0.000, 0.000, 0.000, 0.000, 0.000]"
2151,86.04,86.08,Rei,0.9999996423721313,Rei,[1.000],,[],,[],"[0.000, 0.000, 1.000, 0.000, 0.000, 0.000, 0.000, 0.000]"
2152,86.08,86.12,Rei,0.9999996423721313,Rei,[1.000],,[],,[],"[0.000, 0.000, 1.000, 0.000, 0.000, 0.000, 0.000, 0.000]"
2153,86.12,86.16,Rei,0.9999996423721313,Rei,[1.000],,[],,[],"[0.000, 0.000, 1.000, 0.000, 0.000, 0.000, 0.000, 0.000]"
2154,86.16,86.2,Rei,0.9999996423721313,Rei,[1.000],,[],,[],"[0.000, 0.000, 1.000, 0.000, 0.000, 0.000, 0.000, 0.000]"
2155,86.2,86.24,Rei,0.9999995231628418,Rei,[1.000],,[],,[],"[0.000, 0.000, 1.000, 0.000, 0.000, 0.000, 0.000, 0.000]"
2156,86.24,86.28,Rei,0.9999994039535522,Rei,[1.000],,[],,[],"[0.000, 0.000, 1.000, 0.000, 0.000, 0.000, 0.000, 0.000]"
2157,86.28,86.32,Rei,0.9999992847442627,Rei,[1.000],,[],,[],"[0.000, 0.000, 1.000, 0.000, 0.000, 0.000, 0.000, 0.000]"
2158,86.32,86.36,Rei,0.9999990463256836,Rei,[1.000],,[],,[],"[0.000, 0.000, 1.000, 0.000, 0.000, 0.000, 0.000, 0.000]"
2159,86.36,86.4,Rei,0.9999985694885254,Rei,[1.000],,[],,[],"[0.000, 0.000, 1.000, 0.000, 0.000, 0.000, 0.000, 0.000]"
2160,86.4,86.44,Rei,0.9999978542327881,Rei,[1.000],,[],,[],"[0.000, 0.000, 1.000, 0.000, 0.000, 0.000, 0.000, 0.000]"
2161,86.44,86.48,Rei,0.999996542930603,Rei,[1.000],,[],,[],"[0.000, 0.000, 1.000, 0.000, 0.000, 0.000, 0.000, 0.000]"
2162,86.48,86.52,Rei,0.9999943971633911,Rei,[1.000],,[],,[],"[0.000, 0.000, 1.000, 0.000, 0.000, 0.000, 0.000, 0.000]"
2163,86.52,86.56,Rei,0.9999902248382568,Rei,[1.000],,[],,[],"[0.000, 0.000, 1.000, 0.000, 0.000, 0.000, 0.000, 0.000]"
2164,86.56,86.6,Rei,0.9999825954437256,Rei,[1.000],,[],,[],"[0.000, 0.000, 1.000, 0.000, 0.000, 0.000, 0.000, 0.000]"
2165,86.6,86.64,Rei,0.9999676942825317,Rei,[1.000],,[],,[],"[0.000, 0.000, 1.000, 0.000, 0.000, 0.000, 0.000, 0.000]"
2166,86.64,86.68,Rei,0.9999382495880127,Rei,[1.000],,[],Liz,[0.682],"[0.000, 0.000, 1.000, 0.000, 0.000, 0.000, 0.001, 0.000]"
2167,86.68,86.72,Rei,0.9998784065246582,Rei,[1.000],,[],Liz,[0.768],"[0.000, 0.000, 1.000, 0.000, 0.000, 0.000, 0.001, 0.000]"
2168,86.72,86.76,Rei,0.9997562766075134,Rei,[1.000],,[],Liz,[0.831],"[0.000, 0.000, 1.000, 0.000, 0.000, 0.000, 0.002, 0.000]"
2169,86.76,86.8,Rei,0.999504804611206,Rei,[1.000],,[],Liz,[0.875],"[0.000, 0.000, 1.000, 0.000, 0.000, 0.000, 0.002, 0.000]"
2170,86.8,86.84,Rei,0.9989908337593079,Rei,[0.999],,[],Liz,[0.904],"[0.000, 0.000, 0.999, 0.000, 0.000, 0.000, 0.003, 0.000]"
2171,86.84,86.88,Rei,0.9979514479637146,Rei,[0.998],,[],Liz,[0.923],"[0.000, 0.000, 0.998, 0.000, 0.000, 0.000, 0.005, 0.000]"
2172,86.88,86.92,Rei,0.9958800077438354,Rei,[0.996],,[],Liz,[0.934],"[0.000, 0.000, 0.996, 0.000, 0.000, 0.000, 0.008, 0.000]"
2173,86.92,86.96,Rei,0.9918333292007446,Rei,[0.992],,[],Liz,[0.941],"[0.000, 0.000, 0.992, 0.000, 0.000, 0.000, 0.012, 0.000]"
2174,86.96,87.0,Rei,0.984125018119812,Rei,[0.984],,[],Liz,[0.943],"[0.000, 0.000, 0.984, 0.000, 0.000, 0.000, 0.017, 0.000]"
2175,87.0,87.04,Rei,0.9697479605674744,Rei,[0.970],,[],Liz,[0.941],"[0.000, 0.000, 0.970, 0.000, 0.000, 0.000, 0.025, 0.000]"
2176,87.04,87.08,Rei,0.9435511827468872,Rei,[0.944],,[],Liz,[0.934],"[0.000, 0.000, 0.944, 0.000, 0.000, 0.000, 0.036, 0.000]"
2177,87.08,87.12,Rei,0.8977466225624084,Rei,[0.898],,[],Liz,[0.923],"[0.000, 0.000, 0.898, 0.000, 0.000, 0.000, 0.051, 0.000]"
2178,87.12,87.16,Rei,0.8228819370269775,Rei,[0.823],,[],Liz,[0.904],"[0.000, 0.000, 0.823, 0.000, 0.000, 0.000, 0.071, 0.000]"
2179,87.16,87.2,Rei,0.7122032046318054,Rei,[0.712],,[],Liz,[0.876],"[0.000, 0.000, 0.712, 0.000, 0.000, 0.000, 0.097, 0.000]"
2180,87.2,87.24,Rei,0.5697036981582642,Rei,[0.570],,[],Liz,[0.836],"[0.000, 0.000, 0.570, 0.000, 0.000, 0.000, 0.130, 0.000]"
2181,87.24,87.28,silence,1.4424962557768595e-07,,[],,[],Liz,[0.779],"[0.000, 0.000, 0.416, 0.000, 0.000, 0.000, 0.171, 0.000]"
2182,87.28,87.32,silence,1.1083717055271336e-07,,[],,[],Liz,[0.707],"[0.000, 0.000, 0.278, 0.000, 0.000, 0.000, 0.220, 0.000]"
2183,87.32,87.36,silence,8.014059460492717e-08,,[],,[],Liz,[0.622],"[0.000, 0.000, 0.173, 0.000, 0.000, 0.000, 0.276, 0.000]"
2184,87.36,87.4,silence,5.472842801168554e-08,,[],,[],,[],"[0.000, 0.000, 0.102, 0.000, 0.000, 0.000, 0.337, 0.000]"
2185,87.4,87.44,silence,3.5427717648417456e-08,,[],,[],,[],"[0.000, 0.000, 0.058, 0.000, 0.000, 0.000, 0.401, 0.000]"
2186,87.44,87.48,silence,2.183591973903276e-08,,[],,[],,[],"[0.000, 0.000, 0.032, 0.000, 0.000, 0.000, 0.465, 0.000]"
2187,87.48,87.52,Gang Vocal,0.5263698697090149,Gang Vocal,[0.526],,[],,[],"[0.000, 0.000, 0.018, 0.000, 0.000, 0.000, 0.526, 0.000]"
2188,87.52,87.56,Gang Vocal,0.5844030976295471,Gang Vocal,[0.584],,[],,[],"[0.000, 0.000, 0.010, 0.000, 0.000, 0.000, 0.584, 0.000]"
2189,87.56,87.6,Gang Vocal,0.6379627585411072,Gang Vocal,[0.638],,[],,[],"[0.000, 0.000, 0.005, 0.000, 0.000, 0.000, 0.638, 0.000]"
2190,87.6,87.64,Gang Vocal,0.686477780342102,Gang Vocal,[0.686],,[],,[],"[0.000, 0.000, 0.003, 0.000, 0.000, 0.000, 0.686, 0.000]"
2191,87.64,87.68,Gang Vocal,0.7295562028884888,Gang Vocal,[0.730],,[],,[],"[0.000, 0.000, 0.002, 0.000, 0.000, 0.000, 0.730, 0.000]"
2192,87.68,87.72,Gang Vocal,0.7671281695365906,Gang Vocal,[0.767],,[],,[],"[0.000, 0.000, 0.001, 0.000, 0.000, 0.000, 0.767, 0.000]"
2193,87.72,87.76,Gang Vocal,0.7994137406349182,Gang Vocal,[0.799],,[],,[],"[0.000, 0.000, 0.000, 0.000, 0.000, 0.000, 0.799, 0.000]"
2194,87.76,87.8,Gang Vocal,0.8269021511077881,Gang Vocal,[0.827],,[],,[],"[0.000, 0.000, 0.000, 0.000, 0.000, 0.000, 0.827, 0.000]"
2195,87.8,87.84,Gang Vocal,0.8502237200737,Gang Vocal,[0.850],,[],,[],"[0.000, 0.000, 0.000, 0.000, 0.000, 0.000, 0.850, 0.000]"
2196,87.84,87.88,Gang Vocal,0.870029628276825,Gang Vocal,[0.870],,[],,[],"[0.000, 0.000, 0.000, 0.000, 0.000, 0.000, 0.870, 0.000]"
2197,87.88,87.92,Gang Vocal,0.8869448304176331,Gang Vocal,[0.887],,[],,[],"[0.000, 0.000, 0.000, 0.000, 0.000, 0.000, 0.887, 0.000]"
2198,87.92,87.96,Gang Vocal,0.9015054106712341,Gang Vocal,[0.902],,[],,[],"[0.000, 0.000, 0.000, 0.000, 0.000, 0.000, 0.902, 0.000]"
2199,87.96,88.0,Gang Vocal,0.9140231013298035,Gang Vocal,[0.914],,[],,[],"[0.000, 0.000, 0.000, 0.000, 0.000, 0.000, 0.914, 0.000]"
2200,88.0,88.04,Gang Vocal,0.9248213768005371,Gang Vocal,[0.925],,[],,[],"[0.000, 0.000, 0.000, 0.000, 0.000, 0.000, 0.925, 0.000]"
2201,88.04,88.08,Gang Vocal,0.9341696500778198,Gang Vocal,[0.934],,[],,[],"[0.000, 0.000, 0.000, 0.000, 0.000, 0.000, 0.934, 0.000]"
2202,88.08,88.12,Gang Vocal,0.9422410130500793,Gang Vocal,[0.942],,[],,[],"[0.000, 0.000, 0.000, 0.000, 0.000, 0.000, 0.942, 0.000]"
2203,88.12,88.16,Gang Vocal,0.9491764903068542,Gang Vocal,[0.949],,[],,[],"[0.000, 0.000, 0.000, 0.000, 0.000, 0.000, 0.949, 0.000]"
2204,88.16,88.2,Gang Vocal,0.9551129341125488,Gang Vocal,[0.955],,[],,[],"[0.000, 0.000, 0.000, 0.000, 0.000, 0.000, 0.955, 0.000]"
2205,88.2,88.24,Gang Vocal,0.96019047498703,Gang Vocal,[0.960],,[],,[],"[0.000, 0.000, 0.000, 0.000, 0.000, 0.000, 0.960, 0.000]"
2206,88.24,88.28,Gang Vocal,0.9645406603813171,Gang Vocal,[0.965],,[],,[],"[0.001, 0.000, 0.000, 0.000, 0.000, 0.000, 0.965, 0.000]"
2207,88.28,88.32,Gang Vocal,0.9682362079620361,Gang Vocal,[0.968],,[],,[],"[0.001, 0.000, 0.000, 0.000, 0.000, 0.000, 0.968, 0.000]"
2208,88.32,88.36,Gang Vocal,0.97135990858078,Gang Vocal,[0.971],,[],,[],"[0.001, 0.000, 0.000, 0.000, 0.000, 0.000, 0.971, 0.000]"
2209,88.36,88.4,Gang Vocal,0.9740036129951477,Gang Vocal,[0.974],,[],,[],"[0.001, 0.000, 0.000, 0.000, 0.000, 0.000, 0.974, 0.000]"
2210,88.4,88.44,Gang Vocal,0.9762353897094727,Gang Vocal,[0.976],,[],,[],"[0.001, 0.000, 0.000, 0.000, 0.000, 0.000, 0.976, 0.000]"
2211,88.44,88.48,Gang Vocal,0.9781028628349304,Gang Vocal,[0.978],,[],,[],"[0.001, 0.000, 0.000, 0.000, 0.000, 0.000, 0.978, 0.000]"
2212,88.48,88.52,Gang Vocal,0.979642391204834,Gang Vocal,[0.980],,[],,[],"[0.001, 0.000, 0.000, 0.000, 0.000, 0.000, 0.980, 0.000]"
2213,88.52,88.56,Gang Vocal,0.9809060096740723,Gang Vocal,[0.981],,[],,[],"[0.001, 0.000, 0.000, 0.000, 0.000, 0.000, 0.981, 0.000]"
2214,88.56,88.6,Gang Vocal,0.9819256067276001,Gang Vocal,[0.982],,[],,[],"[0.001, 0.000, 0.000, 0.000, 0.000, 0.000, 0.982, 0.000]"
2215,88.6,88.64,Gang Vocal,0.9827293157577515,Gang Vocal,[0.983],,[],,[],"[0.001, 0.000, 0.000, 0.000, 0.000, 0.000, 0.983, 0.000]"
2216,88.64,88.68,Gang Vocal,0.9833388328552246,Gang Vocal,[0.983],,[],,[],"[0.001, 0.000, 0.000, 0.000, 0.000, 0.000, 0.983, 0.000]"
2217,88.68,88.72,Gang Vocal,0.9837825894355774,Gang Vocal,[0.984],,[],,[],"[0.001, 0.000, 0.000, 0.000, 0.000, 0.000, 0.984, 0.000]"
2218,88.72,88.76,Gang Vocal,0.9840834736824036,Gang Vocal,[0.984],,[],,[],"[0.001, 0.000, 0.000, 0.000, 0.000, 0.000, 0.984, 0.000]"
2219,88.76,88.8,Gang Vocal,0.984259307384491,Gang Vocal,[0.984],,[],,[],"[0.001, 0.001, 0.000, 0.000, 0.000, 0.000, 0.984, 0.000]"
2220,88.8,88.84,Gang Vocal,0.9843207597732544,Gang Vocal,[0.984],,[],,[],"[0.001, 0.001, 0.000, 0.000, 0.000, 0.000, 0.984, 0.000]"
2221,88.84,88.88,Gang Vocal,0.9842696189880371,Gang Vocal,[0.984],,[],,[],"[0.001, 0.002, 0.000, 0.000, 0.001, 0.000, 0.984, 0.000]"
2222,88.88,88.92,Gang Vocal,0.9840824604034424,Gang Vocal,[0.984],,[],,[],"[0.001, 0.003, 0.000, 0.000, 0.001, 0.000, 0.984, 0.000]"
2223,88.92,88.96,Gang Vocal,0.9837613701820374,Gang Vocal,[0.984],,[],,[],"[0.002, 0.006, 0.000, 0.000, 0.001, 0.000, 0.984, 0.000]"
2224,88.96,89.0,Gang Vocal,0.983302652835846,Gang Vocal,[0.983],,[],,[],"[0.002, 0.012, 0.000, 0.000, 0.001, 0.000, 0.983, 0.000]"
2225,89.0,89.04,Gang Vocal,0.9826755523681641,Gang Vocal,[0.983],,[],,[],"[0.002, 0.023, 0.000, 0.000, 0.001, 0.000, 0.983, 0.000]"
2226,89.04,89.08,Gang Vocal,0.9818341135978699,Gang Vocal,[0.982],,[],,[],"[0.002, 0.046, 0.000, 0.000, 0.001, 0.000, 0.982, 0.000]"
2227,89.08,89.12,Gang Vocal,0.9807285666465759,Gang Vocal,[0.981],,[],,[],"[0.002, 0.088, 0.000, 0.000, 0.001, 0.000, 0.981, 0.000]"
2228,89.12,89.16,Gang Vocal,0.9793280959129333,Gang Vocal,[0.979],,[],,[],"[0.003, 0.163, 0.000, 0.000, 0.001, 0.000, 0.979, 0.000]"
2229,89.16,89.2,Gang Vocal,0.9775928854942322,Gang Vocal,[0.978],,[],,[],"[0.003, 0.278, 0.000, 0.000, 0.002, 0.000, 0.978, 0.000]"
2230,89.2,89.24,Gang Vocal,0.9754565358161926,Gang Vocal,[0.975],,[],,[],"[0.003, 0.430, 0.000, 0.000, 0.002, 0.000, 0.975, 0.000]"
2231,89.24,89.28,Yujin,0.590681791305542,Yujin|Gang Vocal,"[0.591, 0.973]",,[],,[],"[0.004, 0.591, 0.000, 0.000, 0.002, 0.000, 0.973, 0.000]"
2232,89.28,89.32,Yujin,0.7298818230628967,Yujin|Gang Vocal,"[0.730, 0.970]",,[],,[],"[0.004, 0.730, 0.000, 0.000, 0.003, 0.000, 0.970, 0.000]"
2233,89.32,89.36,Yujin,0.8309537172317505,Yujin|Gang Vocal,"[0.831, 0.966]",,[],,[],"[0.004, 0.831, 0.000, 0.000, 0.003, 0.000, 0.966, 0.000]"
2234,89.36,89.4,Yujin,0.8963032364845276,Yujin|Gang Vocal,"[0.896, 0.961]",,[],,[],"[0.005, 0.896, 0.000, 0.000, 0.004, 0.000, 0.961, 0.000]"
2235,89.4,89.44,Yujin,0.9359965324401855,Yujin|Gang Vocal,"[0.936, 0.956]",,[],,[],"[0.005, 0.936, 0.000, 0.000, 0.005, 0.000, 0.956, 0.000]"
2236,89.44,89.48,Yujin,0.9595420956611633,Yujin|Gang Vocal,"[0.960, 0.950]",,[],,[],"[0.006, 0.960, 0.000, 0.000, 0.007, 0.000, 0.950, 0.000]"
2237,89.48,89.52,Yujin,0.9735071659088135,Yujin|Gang Vocal,"[0.974, 0.943]",,[],,[],"[0.006, 0.974, 0.000, 0.000, 0.008, 0.000, 0.943, 0.000]"
2238,89.52,89.56,Yujin,0.9818686842918396,Yujin|Gang Vocal,"[0.982, 0.935]",,[],,[],"[0.007, 0.982, 0.000, 0.000, 0.010, 0.000, 0.935, 0.000]"
2239,89.56,89.6,Yujin,0.9869608879089355,Yujin|Gang Vocal,"[0.987, 0.926]",,[],,[],"[0.007, 0.987, 0.000, 0.000, 0.013, 0.000, 0.926, 0.000]"
2240,89.6,89.64,Yujin,0.9901156425476074,Yujin|Gang Vocal,"[0.990, 0.916]",,[],,[],"[0.007, 0.990, 0.000, 0.000, 0.016, 0.000, 0.916, 0.000]"
2241,89.64,89.68,Yujin,0.9920799136161804,Yujin|Gang Vocal,"[0.992, 0.906]",,[],,[],"[0.007, 0.992, 0.000, 0.000, 0.019, 0.000, 0.906, 0.000]"
2242,89.68,89.72,Yujin,0.9932916164398193,Yujin|Gang Vocal,"[0.993, 0.896]",,[],,[],"[0.007, 0.993, 0.000, 0.000, 0.022, 0.000, 0.896, 0.000]"
2243,89.72,89.76,Yujin,0.9939936995506287,Yujin|Gang Vocal,"[0.994, 0.886]",,[],,[],"[0.007, 0.994, 0.000, 0.000, 0.026, 0.000, 0.886, 0.000]"
2244,89.76,89.8,Yujin,0.9943201541900635,Yujin|Gang Vocal,"[0.994, 0.876]",,[],,[],"[0.007, 0.994, 0.000, 0.000, 0.031, 0.000, 0.876, 0.000]"
2245,89.8,89.84,Yujin,0.9943333864212036,Yujin|Gang Vocal,"[0.994, 0.865]",,[],,[],"[0.006, 0.994, 0.000, 0.000, 0.035, 0.000, 0.865, 0.000]"
2246,89.84,89.88,Yujin,0.9940531849861145,Yujin|Gang Vocal,"[0.994, 0.855]",,[],,[],"[0.006, 0.994, 0.000, 0.000, 0.039, 0.000, 0.855, 0.000]"
2247,89.88,89.92,Yujin,0.9934624433517456,Yujin|Gang Vocal,"[0.993, 0.845]",,[],,[],"[0.005, 0.993, 0.000, 0.000, 0.044, 0.000, 0.845, 0.000]"
2248,89.92,89.96,Yujin,0.9924951791763306,Yujin|Gang Vocal,"[0.992, 0.834]",,[],,[],"[0.005, 0.992, 0.000, 0.000, 0.048, 0.000, 0.834, 0.000]"
2249,89.96,90.0,Yujin,0.9910140633583069,Yujin|Gang Vocal,"[0.991, 0.823]",,[],,[],"[0.004, 0.991, 0.000, 0.000, 0.052, 0.000, 0.823, 0.000]"
2250,90.0,90.04,Yujin,0.9888013601303101,Yujin|Gang Vocal,"[0.989, 0.812]",,[],,[],"[0.004, 0.989, 0.000, 0.000, 0.055, 0.000, 0.812, 0.000]"
2251,90.04,90.08,Yujin,0.9855035543441772,Yujin|Gang Vocal,"[0.986, 0.801]",,[],,[],"[0.003, 0.986, 0.000, 0.000, 0.058, 0.000, 0.801, 0.000]"
2252,90.08,90.12,Yujin,0.9804694056510925,Yujin|Gang Vocal,"[0.980, 0.789]",,[],,[],"[0.003, 0.980, 0.000, 0.000, 0.061, 0.000, 0.789, 0.000]"
2253,90.12,90.16,Yujin,0.9726185202598572,Yujin|Gang Vocal,"[0.973, 0.779]",,[],,[],"[0.003, 0.973, 0.000, 0.000, 0.062, 0.000, 0.779, 0.000]"
2254,90.16,90.2,Yujin,0.9601869583129883,Yujin|Gang Vocal,"[0.960, 0.768]",,[],,[],"[0.002, 0.960, 0.000, 0.000, 0.064, 0.000, 0.768, 0.000]"
2255,90.2,90.24,Yujin,0.9402682781219482,Yujin|Gang Vocal,"[0.940, 0.758]",,[],,[],"[0.002, 0.940, 0.000, 0.000, 0.064, 0.000, 0.758, 0.000]"
2256,90.24,90.28,Yujin,0.9083036184310913,Yujin|Gang Vocal,"[0.908, 0.749]",,[],,[],"[0.002, 0.908, 0.000, 0.000, 0.065, 0.000, 0.749, 0.000]"
2257,90.28,90.32,Yujin,0.8577682375907898,Yujin|Gang Vocal,"[0.858, 0.741]",,[],,[],"[0.002, 0.858, 0.000, 0.000, 0.064, 0.000, 0.741, 0.000]"
2258,90.32,90.36,Yujin,0.7809572815895081,Yujin|Gang Vocal,"[0.781, 0.735]",,[],,[],"[0.001, 0.781, 0.000, 0.000, 0.063, 0.000, 0.735, 0.000]"
2259,90.36,90.4,Yujin,0.6727884411811829,Yujin|Gang Vocal,"[0.673, 0.730]",,[],,[],"[0.001, 0.673, 0.000, 0.000, 0.061, 0.000, 0.730, 0.000]"
2260,90.4,90.44,Yujin,0.5377734899520874,Yujin|Gang Vocal,"[0.538, 0.727]",,[],,[],"[0.001, 0.538, 0.000, 0.000, 0.059, 0.000, 0.727, 0.000]"
2261,90.44,90.48,Gang Vocal,0.7254271507263184,Gang Vocal,[0.725],,[],,[],"[0.001, 0.394, 0.000, 0.000, 0.057, 0.000, 0.725, 0.000]"
2262,90.48,90.52,Gang Vocal,0.7257266640663147,Gang Vocal,[0.726],,[],,[],"[0.001, 0.264, 0.000, 0.000, 0.054, 0.000, 0.726, 0.000]"
2263,90.52,90.56,Gang Vocal,0.7275771498680115,Gang Vocal,[0.728],,[],,[],"[0.001, 0.165, 0.000, 0.000, 0.052, 0.000, 0.728, 0.000]"
2264,90.56,90.6,Gang Vocal,0.7306955456733704,Gang Vocal,[0.731],,[],,[],"[0.001, 0.098, 0.000, 0.000, 0.049, 0.000, 0.731, 0.000]"
2265,90.6,90.64,Gang Vocal,0.73488849401474,Gang Vocal,[0.735],,[],,[],"[0.000, 0.057, 0.000, 0.000, 0.047, 0.000, 0.735, 0.000]"
2266,90.64,90.68,Gang Vocal,0.7400604486465454,Gang Vocal,[0.740],,[],,[],"[0.000, 0.033, 0.000, 0.000, 0.045, 0.000, 0.740, 0.000]"
2267,90.68,90.72,Gang Vocal,0.7462137341499329,Gang Vocal,[0.746],,[],,[],"[0.000, 0.019, 0.000, 0.000, 0.043, 0.000, 0.746, 0.000]"
2268,90.72,90.76,Gang Vocal,0.7532860636711121,Gang Vocal,[0.753],,[],,[],"[0.000, 0.011, 0.000, 0.000, 0.042, 0.000, 0.753, 0.000]"
2269,90.76,90.8,Gang Vocal,0.761232852935791,Gang Vocal,[0.761],,[],,[],"[0.000, 0.007, 0.000, 0.000, 0.040, 0.000, 0.761, 0.000]"
2270,90.8,90.84,Gang Vocal,0.7700429558753967,Gang Vocal,[0.770],,[],,[],"[0.000, 0.004, 0.000, 0.000, 0.039, 0.000, 0.770, 0.000]"
2271,90.84,90.88,Gang Vocal,0.7796489596366882,Gang Vocal,[0.780],,[],,[],"[0.000, 0.003, 0.000, 0.000, 0.039, 0.000, 0.780, 0.000]"
2272,90.88,90.92,Gang Vocal,0.7898929119110107,Gang Vocal,[0.790],,[],,[],"[0.000, 0.002, 0.000, 0.000, 0.038, 0.000, 0.790, 0.000]"
2273,90.92,90.96,Gang Vocal,0.8006194233894348,Gang Vocal,[0.801],,[],,[],"[0.000, 0.002, 0.000, 0.000, 0.038, 0.000, 0.801, 0.000]"
2274,90.96,91.0,Gang Vocal,0.811698317527771,Gang Vocal,[0.812],,[],,[],"[0.000, 0.001, 0.000, 0.000, 0.038, 0.000, 0.812, 0.000]"
2275,91.0,91.04,Gang Vocal,0.8230093121528625,Gang Vocal,[0.823],,[],,[],"[0.000, 0.001, 0.000, 0.000, 0.038, 0.000, 0.823, 0.000]"
2276,91.04,91.08,Gang Vocal,0.8344627022743225,Gang Vocal,[0.834],,[],,[],"[0.000, 0.001, 0.000, 0.000, 0.038, 0.000, 0.834, 0.000]"
2277,91.08,91.12,Gang Vocal,0.8458719849586487,Gang Vocal,[0.846],,[],,[],"[0.000, 0.001, 0.000, 0.000, 0.038, 0.000, 0.846, 0.000]"
2278,91.12,91.16,Gang Vocal,0.8569995164871216,Gang Vocal,[0.857],,[],,[],"[0.000, 0.001, 0.000, 0.000, 0.038, 0.000, 0.857, 0.000]"
2279,91.16,91.2,Gang Vocal,0.8677139282226562,Gang Vocal,[0.868],,[],,[],"[0.000, 0.001, 0.000, 0.000, 0.037, 0.000, 0.868, 0.000]"
2280,91.2,91.24,Gang Vocal,0.8779241442680359,Gang Vocal,[0.878],,[],,[],"[0.000, 0.002, 0.000, 0.000, 0.037, 0.000, 0.878, 0.000]"
2281,91.24,91.28,Gang Vocal,0.887554407119751,Gang Vocal,[0.888],,[],,[],"[0.000, 0.002, 0.000, 0.000, 0.035, 0.000, 0.888, 0.000]"
2282,91.28,91.32,Gang Vocal,0.8965672850608826,Gang Vocal,[0.897],,[],,[],"[0.000, 0.003, 0.000, 0.000, 0.034, 0.000, 0.897, 0.000]"
2283,91.32,91.36,Gang Vocal,0.9049293994903564,Gang Vocal,[0.905],,[],,[],"[0.000, 0.005, 0.000, 0.000, 0.032, 0.000, 0.905, 0.000]"
2284,91.36,91.4,Gang Vocal,0.9126439690589905,Gang Vocal,[0.913],,[],,[],"[0.000, 0.008, 0.000, 0.000, 0.029, 0.000, 0.913, 0.000]"
2285,91.4,91.44,Gang Vocal,0.9197250604629517,Gang Vocal,[0.920],,[],,[],"[0.000, 0.013, 0.000, 0.000, 0.027, 0.000, 0.920, 0.000]"
2286,91.44,91.48,Gang Vocal,0.9261384010314941,Gang Vocal,[0.926],,[],,[],"[0.000, 0.024, 0.000, 0.000, 0.024, 0.000, 0.926, 0.000]"
2287,91.48,91.52,Gang Vocal,0.9317600727081299,Gang Vocal,[0.932],,[],,[],"[0.000, 0.044, 0.000, 0.000, 0.020, 0.000, 0.932, 0.000]"
2288,91.52,91.56,Gang Vocal,0.9364901781082153,Gang Vocal,[0.936],,[],,[],"[0.000, 0.082, 0.000, 0.000, 0.018, 0.000, 0.936, 0.000]"
2289,91.56,91.6,Gang Vocal,0.9402868151664734,Gang Vocal,[0.940],,[],,[],"[0.000, 0.151, 0.000, 0.000, 0.015, 0.000, 0.940, 0.000]"
2290,91.6,91.64,Gang Vocal,0.943088710308075,Gang Vocal,[0.943],,[],,[],"[0.000, 0.263, 0.000, 0.000, 0.012, 0.000, 0.943, 0.000]"
2291,91.64,91.68,Gang Vocal,0.9448252320289612,Gang Vocal,[0.945],,[],,[],"[0.000, 0.417, 0.000, 0.000, 0.010, 0.000, 0.945, 0.000]"
2292,91.68,91.72,Yujin,0.5872334837913513,Yujin|Gang Vocal,"[0.587, 0.945]",,[],,[],"[0.000, 0.587, 0.000, 0.000, 0.009, 0.000, 0.945, 0.000]"
2293,91.72,91.76,Yujin,0.7356163263320923,Yujin|Gang Vocal,"[0.736, 0.945]",,[],,[],"[0.000, 0.736, 0.000, 0.000, 0.007, 0.000, 0.945, 0.000]"
2294,91.76,91.8,Yujin,0.8416862487792969,Yujin|Gang Vocal,"[0.842, 0.943]",,[],,[],"[0.000, 0.842, 0.000, 0.000, 0.006, 0.000, 0.943, 0.000]"
2295,91.8,91.84,Yujin,0.9079249501228333,Yujin|Gang Vocal,"[0.908, 0.939]",,[],,[],"[0.000, 0.908, 0.000, 0.000, 0.005, 0.000, 0.939, 0.000]"
2296,91.84,91.88,Yujin,0.9464095234870911,Yujin|Gang Vocal,"[0.946, 0.934]",,[],,[],"[0.000, 0.946, 0.000, 0.000, 0.005, 0.000, 0.934, 0.000]"
2297,91.88,91.92,Yujin,0.9681965708732605,Yujin|Gang Vocal,"[0.968, 0.926]",,[],,[],"[0.000, 0.968, 0.000, 0.000, 0.004, 0.000, 0.926, 0.000]"
2298,91.92,91.96,Yujin,0.9805506467819214,Yujin|Gang Vocal,"[0.981, 0.914]",,[],,[],"[0.000, 0.981, 0.000, 0.000, 0.004, 0.000, 0.914, 0.000]"
2299,91.96,92.0,Yujin,0.9876648783683777,Yujin|Gang Vocal,"[0.988, 0.896]",,[],,[],"[0.000, 0.988, 0.000, 0.000, 0.004, 0.000, 0.896, 0.000]"
2300,92.0,92.04,Yujin,0.9918537735939026,Yujin|Gang Vocal,"[0.992, 0.872]",,[],,[],"[0.000, 0.992, 0.000, 0.000, 0.004, 0.000, 0.872, 0.000]"
2301,92.04,92.08,Yujin,0.994384765625,Yujin|Gang Vocal,"[0.994, 0.837]",,[],,[],"[0.000, 0.994, 0.000, 0.000, 0.004, 0.000, 0.837, 0.000]"
2302,92.08,92.12,Yujin,0.9959573149681091,Yujin|Gang Vocal,"[0.996, 0.788]",,[],Liz,[0.679],"[0.000, 0.996, 0.000, 0.000, 0.005, 0.000, 0.788, 0.000]"
2303,92.12,92.16,Yujin,0.996950626373291,Yujin|Gang Vocal,"[0.997, 0.720]",,[],Liz,[0.823],"[0.000, 0.997, 0.000, 0.000, 0.006, 0.000, 0.720, 0.000]"
2304,92.16,92.2,Yujin,0.9975805282592773,Yujin|Gang Vocal,"[0.998, 0.633]",,[],Liz,[0.912],"[0.000, 0.998, 0.000, 0.000, 0.007, 0.000, 0.633, 0.000]"
2305,92.2,92.24,Yujin,0.9979767203330994,Yujin|Gang Vocal,"[0.998, 0.527]",,[],Liz,[0.959],"[0.000, 0.998, 0.000, 0.000, 0.010, 0.000, 0.527, 0.000]"
2306,92.24,92.28,Yujin,0.9982151985168457,Yujin,[0.998],,[],Liz,[0.981],"[0.000, 0.998, 0.000, 0.000, 0.013, 0.000, 0.412, 0.000]"
2307,92.28,92.32,Yujin,0.998339056968689,Yujin,[0.998],,[],Liz,[0.991],"[0.000, 0.998, 0.000, 0.000, 0.019, 0.000, 0.300, 0.000]"
2308,92.32,92.36,Yujin,0.9983702301979065,Yujin,[0.998],,[],Liz,[0.996],"[0.000, 0.998, 0.000, 0.000, 0.029, 0.000, 0.204, 0.000]"
2309,92.36,92.4,Yujin,0.9983158111572266,Yujin,[0.998],,[],Liz,[0.998],"[0.000, 0.998, 0.000, 0.000, 0.044, 0.000, 0.131, 0.000]"
2310,92.4,92.44,Yujin,0.9981672763824463,Yujin,[0.998],,[],Liz,[0.999],"[0.000, 0.998, 0.000, 0.000, 0.070, 0.000, 0.081, 0.000]"
2311,92.44,92.48,Yujin,0.997897744178772,Yujin,[0.998],,[],Liz,[1.000],"[0.000, 0.998, 0.000, 0.000, 0.111, 0.000, 0.048, 0.000]"
2312,92.48,92.52,Yujin,0.9974523186683655,Yujin,[0.997],,[],Liz,[1.000],"[0.000, 0.997, 0.000, 0.000, 0.175, 0.000, 0.028, 0.000]"
2313,92.52,92.56,Yujin,0.9967378973960876,Yujin,[0.997],,[],Liz,[1.000],"[0.000, 0.997, 0.000, 0.000, 0.269, 0.000, 0.016, 0.000]"
2314,92.56,92.6,Yujin,0.9955877065658569,Yujin,[0.996],,[],Liz,[1.000],"[0.000, 0.996, 0.000, 0.000, 0.393, 0.000, 0.010, 0.000]"
2315,92.6,92.64,Yujin,0.9937008619308472,Yujin|Liz,"[0.994, 0.534]",,[],Liz,[1.000],"[0.000, 0.994, 0.000, 0.000, 0.534, 0.000, 0.006, 0.000]"
2316,92.64,92.68,Yujin,0.9905126690864563,Yujin|Liz,"[0.991, 0.670]",,[],Liz,[1.000],"[0.000, 0.991, 0.000, 0.000, 0.670, 0.000, 0.003, 0.000]"
2317,92.68,92.72,Yujin,0.9849480986595154,Yujin|Liz,"[0.985, 0.782]",,[],Liz,[1.000],"[0.000, 0.985, 0.000, 0.000, 0.782, 0.000, 0.002, 0.000]"
2318,92.72,92.76,Yujin,0.9749621152877808,Yujin|Liz,"[0.975, 0.862]",,[],Liz,[1.000],"[0.000, 0.975, 0.000, 0.000, 0.862, 0.000, 0.001, 0.000]"
2319,92.76,92.8,Yujin,0.9566715359687805,Yujin|Liz,"[0.957, 0.914]",,[],Liz,[1.000],"[0.000, 0.957, 0.000, 0.000, 0.914, 0.000, 0.001, 0.000]"
2320,92.8,92.84,Liz,0.9464899301528931,Yujin|Liz,"[0.923, 0.946]",,[],Liz,[1.000],"[0.000, 0.923, 0.000, 0.000, 0.946, 0.000, 0.000, 0.000]"
2321,92.84,92.88,Liz,0.9658705592155457,Yujin|Liz,"[0.862, 0.966]",,[],Liz,[1.000],"[0.000, 0.862, 0.000, 0.000, 0.966, 0.000, 0.000, 0.000]"
2322,92.88,92.92,Liz,0.9774864912033081,Yujin|Liz,"[0.759, 0.977]",,[],Liz,[1.000],"[0.000, 0.759, 0.000, 0.000, 0.977, 0.000, 0.000, 0.000]"
2323,92.92,92.96,Liz,0.9844679236412048,Yujin|Liz,"[0.605, 0.984]",,[],Liz,[1.000],"[0.000, 0.605, 0.000, 0.001, 0.984, 0.000, 0.000, 0.000]"
2324,92.96,93.0,Liz,0.9886906147003174,Liz,[0.989],,[],Liz,[1.000],"[0.000, 0.418, 0.000, 0.001, 0.989, 0.000, 0.000, 0.000]"
2325,93.0,93.04,Liz,0.9912546873092651,Liz,[0.991],,[],Liz,[1.000],"[0.000, 0.247, 0.000, 0.003, 0.991, 0.000, 0.000, 0.000]"
2326,93.04,93.08,Liz,0.9927813410758972,Liz,[0.993],,[],Liz,[1.000],"[0.000, 0.127, 0.000, 0.005, 0.993, 0.000, 0.000, 0.000]"
2327,93.08,93.12,Liz,0.9936121106147766,Liz,[0.994],,[],Liz,[1.000],"[0.000, 0.059, 0.000, 0.010, 0.994, 0.000, 0.000, 0.000]"
2328,93.12,93.16,Liz,0.9939079284667969,Liz,[0.994],,[],Liz,[1.000],"[0.000, 0.025, 0.000, 0.019, 0.994, 0.000, 0.000, 0.000]"
2329,93.16,93.2,Liz,0.9937103986740112,Liz,[0.994],,[],Liz,[1.000],"[0.000, 0.011, 0.000, 0.037, 0.994, 0.000, 0.000, 0.000]"
2330,93.2,93.24,Liz,0.9929429888725281,Liz,[0.993],,[],Liz,[1.000],"[0.000, 0.004, 0.000, 0.070, 0.993, 0.000, 0.000, 0.000]"
2331,93.24,93.28,Liz,0.9913734793663025,Liz,[0.991],,[],Liz,[1.000],"[0.000, 0.002, 0.000, 0.128, 0.991, 0.000, 0.000, 0.000]"
2332,93.28,93.32,Liz,0.9884999394416809,Liz,[0.988],,[],Liz,[1.000],"[0.000, 0.001, 0.000, 0.222, 0.988, 0.000, 0.000, 0.000]"
2333,93.32,93.36,Liz,0.9833101630210876,Liz,[0.983],,[],Liz,[1.000],"[0.000, 0.000, 0.000, 0.357, 0.983, 0.000, 0.000, 0.000]"
2334,93.36,93.4,Liz,0.9737547636032104,Liz,[0.974],,[],Liz,[1.000],"[0.000, 0.000, 0.000, 0.519, 0.974, 0.000, 0.000, 0.000]"
2335,93.4,93.44,Liz,0.9556527733802795,Wonyoung|Liz,"[0.677, 0.956]",,[],Liz,[1.000],"[0.000, 0.000, 0.000, 0.677, 0.956, 0.000, 0.000, 0.000]"
2336,93.44,93.48,Liz,0.9206674695014954,Wonyoung|Liz,"[0.803, 0.921]",,[],Liz,[1.000],"[0.000, 0.000, 0.000, 0.803, 0.921, 0.000, 0.000, 0.000]"
2337,93.48,93.52,Wonyoung,0.8869287967681885,Wonyoung|Liz,"[0.887, 0.854]",,[],Liz,[1.000],"[0.000, 0.000, 0.000, 0.887, 0.854, 0.000, 0.000, 0.000]"
2338,93.52,93.56,Wonyoung,0.9373810291290283,Wonyoung|Liz,"[0.937, 0.734]",,[],Liz,[1.000],"[0.000, 0.000, 0.000, 0.937, 0.734, 0.000, 0.000, 0.000]"
2339,93.56,93.6,Wonyoung,0.9655831456184387,Wonyoung|Liz,"[0.966, 0.554]",,[],Liz,[1.000],"[0.000, 0.000, 0.000, 0.966, 0.554, 0.000, 0.000, 0.000]"
2340,93.6,93.64,Wonyoung,0.980861246585846,Wonyoung,[0.981],,[],Liz,[1.000],"[0.000, 0.000, 0.000, 0.981, 0.348, 0.000, 0.000, 0.000]"
2341,93.64,93.68,Wonyoung,0.9891207218170166,Wonyoung,[0.989],,[],Liz,[1.000],"[0.000, 0.000, 0.000, 0.989, 0.182, 0.000, 0.000, 0.000]"
2342,93.68,93.72,Wonyoung,0.9936415553092957,Wonyoung,[0.994],,[],Liz,[1.000],"[0.000, 0.000, 0.000, 0.994, 0.084, 0.000, 0.000, 0.000]"
2343,93.72,93.76,Wonyoung,0.9961638450622559,Wonyoung,[0.996],,[],Liz,[1.000],"[0.000, 0.000, 0.000, 0.996, 0.036, 0.000, 0.000, 0.000]"
2344,93.76,93.8,Wonyoung,0.9976019263267517,Wonyoung,[0.998],,[],Liz,[1.000],"[0.000, 0.000, 0.000, 0.998, 0.015, 0.000, 0.000, 0.000]"
2345,93.8,93.84,Wonyoung,0.9984424710273743,Wonyoung,[0.998],,[],Liz,[1.000],"[0.000, 0.000, 0.000, 0.998, 0.006, 0.000, 0.000, 0.000]"
2346,93.84,93.88,Wonyoung,0.9989468455314636,Wonyoung,[0.999],,[],Liz,[1.000],"[0.000, 0.000, 0.000, 0.999, 0.003, 0.000, 0.000, 0.000]"
2347,93.88,93.92,Wonyoung,0.9992577433586121,Wonyoung,[0.999],,[],Liz,[1.000],"[0.000, 0.000, 0.000, 0.999, 0.001, 0.000, 0.000, 0.000]"
2348,93.92,93.96,Wonyoung,0.9994551539421082,Wonyoung,[0.999],,[],Liz,[1.000],"[0.000, 0.000, 0.000, 0.999, 0.001, 0.000, 0.000, 0.000]"
2349,93.96,94.0,Wonyoung,0.9995831847190857,Wonyoung,[1.000],,[],Liz,[1.000],"[0.000, 0.000, 0.000, 1.000, 0.000, 0.000, 0.000, 0.000]"
2350,94.0,94.04,Wonyoung,0.9996682405471802,Wonyoung,[1.000],,[],Liz,[1.000],"[0.000, 0.000, 0.000, 1.000, 0.000, 0.000, 0.000, 0.000]"
2351,94.04,94.08,Wonyoung,0.9997262358665466,Wonyoung,[1.000],,[],Liz,[1.000],"[0.000, 0.000, 0.000, 1.000, 0.000, 0.000, 0.000, 0.000]"
2352,94.08,94.12,Wonyoung,0.9997671246528625,Wonyoung,[1.000],,[],Liz,[1.000],"[0.000, 0.000, 0.000, 1.000, 0.000, 0.000, 0.000, 0.000]"
2353,94.12,94.16,Wonyoung,0.9997965693473816,Wonyoung,[1.000],,[],Liz,[1.000],"[0.000, 0.000, 0.000, 1.000, 0.000, 0.000, 0.000, 0.000]"
2354,94.16,94.2,Wonyoung,0.9998185038566589,Wonyoung,[1.000],,[],Liz,[1.000],"[0.000, 0.000, 0.000, 1.000, 0.000, 0.000, 0.000, 0.000]"
2355,94.2,94.24,Wonyoung,0.9998356103897095,Wonyoung,[1.000],,[],Liz,[1.000],"[0.000, 0.000, 0.000, 1.000, 0.000, 0.000, 0.000, 0.000]"
2356,94.24,94.28,Wonyoung,0.9998501539230347,Wonyoung,[1.000],,[],Liz,[1.000],"[0.000, 0.000, 0.000, 1.000, 0.000, 0.000, 0.000, 0.000]"
2357,94.28,94.32,Wonyoung,0.9998631477355957,Wonyoung,[1.000],,[],Liz,[1.000],"[0.000, 0.000, 0.000, 1.000, 0.000, 0.000, 0.000, 0.000]"
2358,94.32,94.36,Wonyoung,0.9998751878738403,Wonyoung,[1.000],,[],Liz,[1.000],"[0.000, 0.000, 0.000, 1.000, 0.000, 0.000, 0.000, 0.000]"
2359,94.36,94.4,Wonyoung,0.9998867511749268,Wonyoung,[1.000],,[],Liz,[1.000],"[0.000, 0.000, 0.000, 1.000, 0.000, 0.000, 0.000, 0.000]"
2360,94.4,94.44,Wonyoung,0.9998977184295654,Wonyoung,[1.000],,[],Liz,[1.000],"[0.000, 0.000, 0.000, 1.000, 0.000, 0.000, 0.000, 0.000]"
2361,94.44,94.48,Wonyoung,0.9999082088470459,Wonyoung,[1.000],,[],Liz,[1.000],"[0.000, 0.000, 0.000, 1.000, 0.000, 0.000, 0.000, 0.000]"
2362,94.48,94.52,Wonyoung,0.9999178647994995,Wonyoung,[1.000],,[],Liz,[1.000],"[0.000, 0.000, 0.000, 1.000, 0.000, 0.000, 0.000, 0.000]"
2363,94.52,94.56,Wonyoung,0.9999266862869263,Wonyoung,[1.000],,[],Liz,[1.000],"[0.000, 0.000, 0.000, 1.000, 0.001, 0.000, 0.000, 0.000]"
2364,94.56,94.6,Wonyoung,0.9999346733093262,Wonyoung,[1.000],,[],Liz,[1.000],"[0.000, 0.000, 0.000, 1.000, 0.002, 0.000, 0.000, 0.000]"
2365,94.6,94.64,Wonyoung,0.9999418258666992,Wonyoung,[1.000],,[],Liz,[1.000],"[0.000, 0.000, 0.000, 1.000, 0.004, 0.000, 0.000, 0.000]"
2366,94.64,94.68,Wonyoung,0.9999481439590454,Wonyoung,[1.000],,[],Liz,[1.000],"[0.000, 0.000, 0.000, 1.000, 0.010, 0.000, 0.000, 0.000]"
2367,94.68,94.72,Wonyoung,0.9999536275863647,Wonyoung,[1.000],,[],Liz,[1.000],"[0.000, 0.000, 0.000, 1.000, 0.024, 0.000, 0.000, 0.000]"
2368,94.72,94.76,Wonyoung,0.9999585151672363,Wonyoung,[1.000],,[],Liz,[1.000],"[0.000, 0.000, 0.000, 1.000, 0.061, 0.000, 0.000, 0.000]"
2369,94.76,94.8,Wonyoung,0.999962568283081,Wonyoung,[1.000],,[],Liz,[1.000],"[0.000, 0.000, 0.000, 1.000, 0.144, 0.000, 0.000, 0.000]"
2370,94.8,94.84,Wonyoung,0.9999659061431885,Wonyoung,[1.000],,[],Liz,[1.000],"[0.000, 0.000, 0.000, 1.000, 0.302, 0.000, 0.000, 0.000]"
2371,94.84,94.88,Wonyoung,0.9999687671661377,Wonyoung|Liz,"[1.000, 0.522]",,[],Liz,[1.000],"[0.000, 0.000, 0.000, 1.000, 0.522, 0.000, 0.000, 0.000]"
2372,94.88,94.92,Wonyoung,0.9999710321426392,Wonyoung|Liz,"[1.000, 0.726]",,[],Liz,[1.000],"[0.000, 0.000, 0.000, 1.000, 0.726, 0.000, 0.000, 0.000]"
2373,94.92,94.96,Wonyoung,0.9999728202819824,Wonyoung|Liz,"[1.000, 0.861]",,[],Liz,[1.000],"[0.000, 0.000, 0.000, 1.000, 0.861, 0.000, 0.000, 0.000]"
2374,94.96,95.0,Wonyoung,0.999974250793457,Wonyoung|Liz,"[1.000, 0.931]",,[],Liz,[1.000],"[0.000, 0.000, 0.000, 1.000, 0.931, 0.000, 0.000, 0.000]"
2375,95.0,95.04,Wonyoung,0.999975323677063,Wonyoung|Liz,"[1.000, 0.966]",,[],Liz,[1.000],"[0.000, 0.000, 0.000, 1.000, 0.966, 0.000, 0.000, 0.000]"
2376,95.04,95.08,Wonyoung,0.9999761581420898,Wonyoung|Liz,"[1.000, 0.982]",,[],Liz,[1.000],"[0.000, 0.000, 0.000, 1.000, 0.982, 0.000, 0.000, 0.000]"
2377,95.08,95.12,Wonyoung,0.9999768733978271,Wonyoung|Liz,"[1.000, 0.990]",,[],Liz,[1.000],"[0.000, 0.000, 0.000, 1.000, 0.990, 0.000, 0.000, 0.000]"
2378,95.12,95.16,Wonyoung,0.9999774694442749,Wonyoung|Liz,"[1.000, 0.994]",,[],Liz,[1.000],"[0.000, 0.000, 0.000, 1.000, 0.994, 0.000, 0.000, 0.000]"
2379,95.16,95.2,Wonyoung,0.9999778270721436,Wonyoung|Liz,"[1.000, 0.996]",,[],Liz,[1.000],"[0.000, 0.000, 0.000, 1.000, 0.996, 0.000, 0.000, 0.000]"
2380,95.2,95.24,Wonyoung,0.9999781847000122,Wonyoung|Liz,"[1.000, 0.997]",,[],Liz,[1.000],"[0.000, 0.000, 0.000, 1.000, 0.997, 0.000, 0.000, 0.000]"
2381,95.24,95.28,Wonyoung,0.9999783039093018,Wonyoung|Liz,"[1.000, 0.997]",,[],Liz,[1.000],"[0.000, 0.000, 0.000, 1.000, 0.997, 0.000, 0.000, 0.000]"
2382,95.28,95.32,Wonyoung,0.9999783039093018,Wonyoung|Liz,"[1.000, 0.998]",,[],Liz,[1.000],"[0.000, 0.000, 0.000, 1.000, 0.998, 0.000, 0.000, 0.000]"
2383,95.32,95.36,Wonyoung,0.9999781847000122,Wonyoung|Liz,"[1.000, 0.998]",,[],Liz,[1.000],"[0.000, 0.000, 0.000, 1.000, 0.998, 0.000, 0.000, 0.000]"
2384,95.36,95.4,Wonyoung,0.9999780654907227,Wonyoung|Liz,"[1.000, 0.998]",,[],Liz,[1.000],"[0.000, 0.000, 0.000, 1.000, 0.998, 0.000, 0.000, 0.000]"
2385,95.4,95.44,Wonyoung,0.999977707862854,Wonyoung|Liz,"[1.000, 0.997]",,[],Liz,[1.000],"[0.000, 0.000, 0.000, 1.000, 0.997, 0.000, 0.000, 0.000]"
2386,95.44,95.48,Wonyoung,0.9999773502349854,Wonyoung|Liz,"[1.000, 0.996]",,[],Liz,[1.000],"[0.000, 0.000, 0.000, 1.000, 0.996, 0.000, 0.000, 0.000]"
2387,95.48,95.52,Wonyoung,0.9999771118164062,Wonyoung|Liz,"[1.000, 0.995]",,[],Liz,[1.000],"[0.000, 0.000, 0.000, 1.000, 0.995, 0.000, 0.000, 0.000]"
2388,95.52,95.56,Wonyoung,0.999976634979248,Wonyoung|Liz,"[1.000, 0.993]",,[],Liz,[1.000],"[0.000, 0.000, 0.000, 1.000, 0.993, 0.000, 0.000, 0.000]"
2389,95.56,95.6,Wonyoung,0.999976396560669,Wonyoung|Liz,"[1.000, 0.989]",,[],Liz,[1.000],"[0.000, 0.000, 0.000, 1.000, 0.989, 0.000, 0.000, 0.000]"
2390,95.6,95.64,Wonyoung,0.9999761581420898,Wonyoung|Liz,"[1.000, 0.982]",,[],Liz,[1.000],"[0.000, 0.000, 0.000, 1.000, 0.982, 0.000, 0.000, 0.000]"
2391,95.64,95.68,Wonyoung,0.9999761581420898,Wonyoung|Liz,"[1.000, 0.969]",,[],Liz,[1.000],"[0.000, 0.000, 0.000, 1.000, 0.969, 0.000, 0.000, 0.000]"
2392,95.68,95.72,Wonyoung,0.9999765157699585,Wonyoung|Liz,"[1.000, 0.943]",,[],Liz,[1.000],"[0.000, 0.000, 0.000, 1.000, 0.943, 0.000, 0.000, 0.000]"
2393,95.72,95.76,Wonyoung,0.9999771118164062,Wonyoung|Liz,"[1.000, 0.893]",,[],Liz,[1.000],"[0.000, 0.000, 0.000, 1.000, 0.893, 0.000, 0.000, 0.000]"
2394,95.76,95.8,Wonyoung,0.9999779462814331,Wonyoung|Liz,"[1.000, 0.800]",,[],Liz,[1.000],"[0.000, 0.000, 0.000, 1.000, 0.800, 0.000, 0.000, 0.000]"
2395,95.8,95.84,Wonyoung,0.9999792575836182,Wonyoung|Liz,"[1.000, 0.648]",,[],Liz,[1.000],"[0.000, 0.000, 0.000, 1.000, 0.648, 0.000, 0.000, 0.000]"
2396,95.84,95.88,Wonyoung,0.9999808073043823,Wonyoung,[1.000],,[],Liz,[1.000],"[0.000, 0.000, 0.000, 1.000, 0.450, 0.000, 0.000, 0.000]"
2397,95.88,95.92,Wonyoung,0.9999825954437256,Wonyoung,[1.000],,[],Liz,[1.000],"[0.000, 0.000, 0.000, 1.000, 0.261, 0.000, 0.000, 0.000]"
2398,95.92,95.96,Wonyoung,0.999984622001648,Wonyoung,[1.000],,[],Liz,[1.000],"[0.000, 0.000, 0.000, 1.000, 0.130, 0.000, 0.000, 0.000]"
2399,95.96,96.0,Wonyoung,0.9999866485595703,Wonyoung,[1.000],,[],Liz,[1.000],"[0.000, 0.000, 0.000, 1.000, 0.058, 0.000, 0.000, 0.000]"
2400,96.0,96.04,Wonyoung,0.9999885559082031,Wonyoung,[1.000],,[],Liz,[1.000],"[0.000, 0.000, 0.000, 1.000, 0.025, 0.000, 0.000, 0.000]"
2401,96.04,96.08,Wonyoung,0.9999903440475464,Wonyoung,[1.000],,[],Liz,[1.000],"[0.000, 0.000, 0.000, 1.000, 0.010, 0.000, 0.001, 0.000]"
2402,96.08,96.12,Wonyoung,0.9999918937683105,Wonyoung,[1.000],,[],Liz,[1.000],"[0.000, 0.000, 0.000, 1.000, 0.004, 0.000, 0.003, 0.000]"
2403,96.12,96.16,Wonyoung,0.9999932050704956,Wonyoung,[1.000],,[],Liz,[1.000],"[0.000, 0.000, 0.000, 1.000, 0.002, 0.000, 0.008, 0.000]"
2404,96.16,96.2,Wonyoung,0.999994158744812,Wonyoung,[1.000],,[],Liz,[1.000],"[0.000, 0.000, 0.000, 1.000, 0.001, 0.000, 0.022, 0.000]"
2405,96.2,96.24,Wonyoung,0.9999948740005493,Wonyoung,[1.000],,[],Liz,[1.000],"[0.000, 0.000, 0.000, 1.000, 0.000, 0.000, 0.056, 0.000]"
2406,96.24,96.28,Wonyoung,0.999995231628418,Wonyoung,[1.000],,[],Liz,[1.000],"[0.000, 0.000, 0.000, 1.000, 0.000, 0.000, 0.135, 0.000]"
2407,96.28,96.32,Wonyoung,0.9999953508377075,Wonyoung,[1.000],,[],Liz,[1.000],"[0.000, 0.000, 0.000, 1.000, 0.000, 0.000, 0.286, 0.000]"
2408,96.32,96.36,Wonyoung,0.9999951124191284,Wonyoung,[1.000],,[],Liz,[1.000],"[0.000, 0.000, 0.000, 1.000, 0.000, 0.000, 0.503, 0.000]"
2409,96.36,96.4,Wonyoung,0.9999943971633911,Wonyoung|Gang Vocal,"[1.000, 0.713]",,[],Yujin|Liz,"[0.704, 1.000]","[0.000, 0.000, 0.000, 1.000, 0.000, 0.000, 0.713, 0.000]"
2410,96.4,96.44,Wonyoung,0.9999929666519165,Wonyoung|Gang Vocal,"[1.000, 0.856]",,[],Yujin|Liz,"[0.850, 1.000]","[0.000, 0.000, 0.000, 1.000, 0.000, 0.000, 0.856, 0.000]"
2411,96.44,96.48,Wonyoung,0.9999902248382568,Wonyoung|Gang Vocal,"[1.000, 0.931]",,[],Yujin|Liz,"[0.919, 1.000]","[0.000, 0.000, 0.000, 1.000, 0.000, 0.000, 0.931, 0.000]"
2412,96.48,96.52,Wonyoung,0.999984860420227,Wonyoung|Gang Vocal,"[1.000, 0.968]",,[],Yujin|Liz,"[0.949, 0.999]","[0.000, 0.000, 0.000, 1.000, 0.000, 0.000, 0.968, 0.000]"
2413,96.52,96.56,Wonyoung,0.9999735355377197,Wonyoung|Gang Vocal,"[1.000, 0.985]",,[],Yujin|Liz,"[0.962, 0.998]","[0.000, 0.000, 0.000, 1.000, 0.000, 0.000, 0.985, 0.000]"
2414,96.56,96.6,Wonyoung,0.999948263168335,Wonyoung|Gang Vocal,"[1.000, 0.992]",,[],Yujin|Liz,"[0.966, 0.996]","[0.000, 0.000, 0.000, 1.000, 0.000, 0.000, 0.992, 0.000]"
2415,96.6,96.64,Wonyoung,0.9998852014541626,Wonyoung|Gang Vocal,"[1.000, 0.996]",,[],Yujin|Liz,"[0.963, 0.989]","[0.000, 0.000, 0.000, 1.000, 0.000, 0.000, 0.996, 0.000]"
2416,96.64,96.68,Wonyoung,0.9997127652168274,Wonyoung|Gang Vocal,"[1.000, 0.998]",,[],Yujin|Liz,"[0.951, 0.972]","[0.000, 0.000, 0.000, 1.000, 0.000, 0.000, 0.998, 0.000]"
2417,96.68,96.72,Wonyoung,0.9991888403892517,Wonyoung|Gang Vocal,"[0.999, 0.999]",,[],Yujin|Liz,"[0.921, 0.928]","[0.000, 0.000, 0.000, 0.999, 0.000, 0.000, 0.999, 0.000]"
2418,96.72,96.76,Wonyoung,0.997427761554718,Wonyoung|Gang Vocal,"[0.997, 0.999]",,[],Yujin|Liz,"[0.851, 0.828]","[0.000, 0.000, 0.000, 0.997, 0.000, 0.000, 0.999, 0.000]"
2419,96.76,96.8,Wonyoung,0.9909229874610901,Wonyoung|Gang Vocal,"[0.991, 1.000]",,[],Yujin|Liz,"[0.693, 0.640]","[0.000, 0.000, 0.000, 0.991, 0.000, 0.000, 1.000, 0.000]"
2420,96.8,96.84,Wonyoung,0.9651668667793274,Wonyoung|Gang Vocal,"[0.965, 1.000]",,[],,[],"[0.000, 0.000, 0.000, 0.965, 0.000, 0.000, 1.000, 0.000]"
2421,96.84,96.88,Wonyoung,0.8650482296943665,Wonyoung|Gang Vocal,"[0.865, 1.000]",,[],,[],"[0.000, 0.000, 0.000, 0.865, 0.000, 0.000, 1.000, 0.000]"
2422,96.88,96.92,Wonyoung,0.578062891960144,Wonyoung|Gang Vocal,"[0.578, 1.000]",,[],,[],"[0.000, 0.000, 0.000, 0.578, 0.000, 0.000, 1.000, 0.000]"
2423,96.92,96.96,Gang Vocal,0.9999163150787354,Gang Vocal,[1.000],,[],,[],"[0.000, 0.000, 0.000, 0.216, 0.000, 0.000, 1.000, 0.000]"
2424,96.96,97.0,Gang Vocal,0.9999376535415649,Gang Vocal,[1.000],,[],,[],"[0.000, 0.000, 0.000, 0.050, 0.000, 0.000, 1.000, 0.000]"
2425,97.0,97.04,Gang Vocal,0.999951958656311,Gang Vocal,[1.000],,[],,[],"[0.000, 0.000, 0.000, 0.010, 0.000, 0.000, 1.000, 0.000]"
2426,97.04,97.08,Gang Vocal,0.9999618530273438,Gang Vocal,[1.000],,[],,[],"[0.000, 0.000, 0.000, 0.002, 0.000, 0.000, 1.000, 0.000]"
2427,97.08,97.12,Gang Vocal,0.9999686479568481,Gang Vocal,[1.000],,[],,[],"[0.000, 0.000, 0.000, 0.000, 0.000, 0.000, 1.000, 0.000]"
2428,97.12,97.16,Gang Vocal,0.9999735355377197,Gang Vocal,[1.000],,[],,[],"[0.000, 0.000, 0.000, 0.000, 0.000, 0.000, 1.000, 0.000]"
2429,97.16,97.2,Gang Vocal,0.9999768733978271,Gang Vocal,[1.000],,[],,[],"[0.000, 0.000, 0.000, 0.000, 0.000, 0.000, 1.000, 0.000]"
2430,97.2,97.24,Gang Vocal,0.9999792575836182,Gang Vocal,[1.000],,[],,[],"[0.000, 0.000, 0.000, 0.000, 0.000, 0.000, 1.000, 0.000]"
2431,97.24,97.28,Gang Vocal,0.9999808073043823,Gang Vocal,[1.000],,[],,[],"[0.000, 0.000, 0.000, 0.000, 0.000, 0.000, 1.000, 0.000]"
2432,97.28,97.32,Gang Vocal,0.9999816417694092,Gang Vocal,[1.000],,[],,[],"[0.000, 0.000, 0.000, 0.000, 0.000, 0.000, 1.000, 0.000]"
2433,97.32,97.36,Gang Vocal,0.9999819993972778,Gang Vocal,[1.000],,[],,[],"[0.000, 0.000, 0.000, 0.000, 0.000, 0.000, 1.000, 0.000]"
2434,97.36,97.4,Gang Vocal,0.9999817609786987,Gang Vocal,[1.000],,[],,[],"[0.000, 0.000, 0.000, 0.000, 0.000, 0.000, 1.000, 0.000]"
2435,97.4,97.44,Gang Vocal,0.9999809265136719,Gang Vocal,[1.000],,[],,[],"[0.000, 0.000, 0.000, 0.000, 0.000, 0.000, 1.000, 0.000]"
2436,97.44,97.48,Gang Vocal,0.9999794960021973,Gang Vocal,[1.000],,[],,[],"[0.000, 0.000, 0.000, 0.000, 0.000, 0.000, 1.000, 0.000]"
2437,97.48,97.52,Gang Vocal,0.9999771118164062,Gang Vocal,[1.000],,[],,[],"[0.000, 0.000, 0.000, 0.000, 0.000, 0.000, 1.000, 0.000]"
2438,97.52,97.56,Gang Vocal,0.9999736547470093,Gang Vocal,[1.000],,[],,[],"[0.000, 0.000, 0.000, 0.000, 0.000, 0.000, 1.000, 0.000]"
2439,97.56,97.6,Gang Vocal,0.9999688863754272,Gang Vocal,[1.000],,[],,[],"[0.000, 0.000, 0.000, 0.000, 0.000, 0.000, 1.000, 0.000]"
2440,97.6,97.64,Gang Vocal,0.999962329864502,Gang Vocal,[1.000],,[],,[],"[0.000, 0.000, 0.000, 0.000, 0.000, 0.000, 1.000, 0.000]"
2441,97.64,97.68,Gang Vocal,0.9999531507492065,Gang Vocal,[1.000],,[],,[],"[0.000, 0.000, 0.000, 0.000, 0.000, 0.000, 1.000, 0.000]"
2442,97.68,97.72,Gang Vocal,0.9999401569366455,Gang Vocal,[1.000],,[],,[],"[0.000, 0.000, 0.000, 0.000, 0.000, 0.000, 1.000, 0.000]"
2443,97.72,97.76,Gang Vocal,0.9999219179153442,Gang Vocal,[1.000],,[],,[],"[0.000, 0.000, 0.000, 0.000, 0.000, 0.000, 1.000, 0.000]"
2444,97.76,97.8,Gang Vocal,0.9998958110809326,Gang Vocal,[1.000],,[],,[],"[0.000, 0.000, 0.000, 0.000, 0.000, 0.000, 1.000, 0.000]"
2445,97.8,97.84,Gang Vocal,0.999858021736145,Gang Vocal,[1.000],,[],,[],"[0.000, 0.000, 0.000, 0.000, 0.000, 0.000, 1.000, 0.000]"
2446,97.84,97.88,Gang Vocal,0.9998027682304382,Gang Vocal,[1.000],,[],,[],"[0.000, 0.000, 0.000, 0.000, 0.000, 0.000, 1.000, 0.000]"
2447,97.88,97.92,Gang Vocal,0.9997203946113586,Gang Vocal,[1.000],,[],,[],"[0.000, 0.000, 0.000, 0.000, 0.000, 0.000, 1.000, 0.000]"
2448,97.92,97.96,Gang Vocal,0.9995974898338318,Gang Vocal,[1.000],,[],,[],"[0.000, 0.000, 0.000, 0.000, 0.000, 0.000, 1.000, 0.000]"
2449,97.96,98.0,Gang Vocal,0.9994138479232788,Gang Vocal,[0.999],,[],,[],"[0.000, 0.000, 0.000, 0.000, 0.000, 0.000, 0.999, 0.000]"
2450,98.0,98.04,Gang Vocal,0.9991406202316284,Gang Vocal,[0.999],,[],,[],"[0.000, 0.000, 0.000, 0.000, 0.000, 0.000, 0.999, 0.000]"
2451,98.04,98.08,Gang Vocal,0.998738706111908,Gang Vocal,[0.999],,[],,[],"[0.000, 0.000, 0.000, 0.000, 0.000, 0.000, 0.999, 0.000]"
2452,98.08,98.12,Gang Vocal,0.9981580376625061,Gang Vocal,[0.998],,[],,[],"[0.000, 0.000, 0.000, 0.000, 0.000, 0.000, 0.998, 0.000]"
2453,98.12,98.16,Gang Vocal,0.9973388314247131,Gang Vocal,[0.997],,[],,[],"[0.000, 0.000, 0.000, 0.000, 0.000, 0.000, 0.997, 0.000]"
2454,98.16,98.2,Gang Vocal,0.9962106943130493,Gang Vocal,[0.996],,[],,[],"[0.000, 0.000, 0.000, 0.000, 0.000, 0.000, 0.996, 0.000]"
2455,98.2,98.24,Gang Vocal,0.9946967363357544,Gang Vocal,[0.995],,[],,[],"[0.000, 0.000, 0.000, 0.000, 0.000, 0.000, 0.995, 0.000]"
2456,98.24,98.28,Gang Vocal,0.9927152991294861,Gang Vocal,[0.993],,[],,[],"[0.000, 0.000, 0.000, 0.000, 0.000, 0.000, 0.993, 0.000]"
2457,98.28,98.32,Gang Vocal,0.9901982545852661,Gang Vocal,[0.990],,[],,[],"[0.000, 0.000, 0.000, 0.000, 0.000, 0.000, 0.990, 0.000]"
2458,98.32,98.36,Gang Vocal,0.9870949387550354,Gang Vocal,[0.987],,[],,[],"[0.000, 0.000, 0.000, 0.000, 0.000, 0.000, 0.987, 0.000]"
2459,98.36,98.4,Gang Vocal,0.9833807945251465,Gang Vocal,[0.983],,[],,[],"[0.000, 0.000, 0.000, 0.000, 0.000, 0.000, 0.983, 0.000]"
2460,98.4,98.44,Gang Vocal,0.9790767431259155,Gang Vocal,[0.979],,[],,[],"[0.000, 0.000, 0.000, 0.000, 0.000, 0.000, 0.979, 0.000]"
2461,98.44,98.48,Gang Vocal,0.9742316603660583,Gang Vocal,[0.974],,[],,[],"[0.000, 0.000, 0.000, 0.000, 0.001, 0.000, 0.974, 0.000]"
2462,98.48,98.52,Gang Vocal,0.9689000844955444,Gang Vocal,[0.969],,[],,[],"[0.000, 0.000, 0.000, 0.000, 0.001, 0.000, 0.969, 0.000]"
2463,98.52,98.56,Gang Vocal,0.9631792902946472,Gang Vocal,[0.963],,[],,[],"[0.000, 0.000, 0.000, 0.000, 0.001, 0.000, 0.963, 0.000]"
2464,98.56,98.6,Gang Vocal,0.9572020769119263,Gang Vocal,[0.957],,[],,[],"[0.000, 0.000, 0.000, 0.000, 0.001, 0.000, 0.957, 0.000]"
2465,98.6,98.64,Gang Vocal,0.9510229229927063,Gang Vocal,[0.951],,[],,[],"[0.000, 0.000, 0.000, 0.000, 0.002, 0.000, 0.951, 0.000]"
2466,98.64,98.68,Gang Vocal,0.9447493553161621,Gang Vocal,[0.945],,[],,[],"[0.000, 0.000, 0.000, 0.000, 0.002, 0.000, 0.945, 0.000]"
2467,98.68,98.72,Gang Vocal,0.9385437965393066,Gang Vocal,[0.939],,[],,[],"[0.000, 0.001, 0.000, 0.000, 0.002, 0.000, 0.939, 0.000]"
2468,98.72,98.76,Gang Vocal,0.9325928092002869,Gang Vocal,[0.933],,[],,[],"[0.000, 0.005, 0.000, 0.000, 0.002, 0.000, 0.933, 0.000]"
2469,98.76,98.8,Gang Vocal,0.9269709587097168,Gang Vocal,[0.927],,[],,[],"[0.000, 0.018, 0.000, 0.000, 0.001, 0.000, 0.927, 0.000]"
2470,98.8,98.84,Gang Vocal,0.9216115474700928,Gang Vocal,[0.922],,[],,[],"[0.000, 0.060, 0.000, 0.000, 0.001, 0.000, 0.922, 0.000]"
2471,98.84,98.88,Gang Vocal,0.9165553450584412,Gang Vocal,[0.917],,[],,[],"[0.000, 0.182, 0.000, 0.000, 0.001, 0.000, 0.917, 0.000]"
2472,98.88,98.92,Gang Vocal,0.9118887782096863,Gang Vocal,[0.912],,[],,[],"[0.000, 0.429, 0.000, 0.000, 0.001, 0.000, 0.912, 0.000]"
2473,98.92,98.96,Yujin,0.7098110318183899,Yujin|Gang Vocal,"[0.710, 0.908]",,[],,[],"[0.000, 0.710, 0.000, 0.000, 0.001, 0.000, 0.908, 0.000]"
2474,98.96,99.0,Yujin,0.8840236067771912,Yujin|Gang Vocal,"[0.884, 0.904]",,[],,[],"[0.000, 0.884, 0.000, 0.000, 0.001, 0.000, 0.904, 0.000]"
2475,99.0,99.04,Yujin,0.9575671553611755,Yujin|Gang Vocal,"[0.958, 0.901]",,[],,[],"[0.000, 0.958, 0.000, 0.000, 0.000, 0.000, 0.901, 0.000]"
2476,99.04,99.08,Yujin,0.9844337701797485,Yujin|Gang Vocal,"[0.984, 0.898]",,[],,[],"[0.000, 0.984, 0.000, 0.000, 0.000, 0.000, 0.898, 0.000]"
2477,99.08,99.12,Yujin,0.994046688079834,Yujin|Gang Vocal,"[0.994, 0.896]",,[],,[],"[0.000, 0.994, 0.000, 0.000, 0.000, 0.000, 0.896, 0.000]"
2478,99.12,99.16,Yujin,0.9975913763046265,Yujin|Gang Vocal,"[0.998, 0.895]",,[],,[],"[0.000, 0.998, 0.000, 0.000, 0.000, 0.000, 0.895, 0.000]"
2479,99.16,99.2,Yujin,0.998963475227356,Yujin|Gang Vocal,"[0.999, 0.895]",,[],,[],"[0.000, 0.999, 0.000, 0.000, 0.000, 0.000, 0.895, 0.000]"
2480,99.2,99.24,Yujin,0.9995242357254028,Yujin|Gang Vocal,"[1.000, 0.895]",,[],,[],"[0.000, 1.000, 0.000, 0.000, 0.000, 0.000, 0.895, 0.000]"
2481,99.24,99.28,Yujin,0.9997665286064148,Yujin|Gang Vocal,"[1.000, 0.896]",,[],,[],"[0.000, 1.000, 0.000, 0.000, 0.000, 0.000, 0.896, 0.000]"
2482,99.28,99.32,Yujin,0.9998772144317627,Yujin|Gang Vocal,"[1.000, 0.897]",,[],,[],"[0.000, 1.000, 0.000, 0.000, 0.000, 0.000, 0.897, 0.000]"
2483,99.32,99.36,Yujin,0.9999306201934814,Yujin|Gang Vocal,"[1.000, 0.897]",,[],,[],"[0.000, 1.000, 0.000, 0.000, 0.000, 0.000, 0.897, 0.000]"
2484,99.36,99.4,Yujin,0.999957799911499,Yujin|Gang Vocal,"[1.000, 0.898]",,[],,[],"[0.000, 1.000, 0.000, 0.000, 0.000, 0.000, 0.898, 0.000]"
2485,99.4,99.44,Yujin,0.9999723434448242,Yujin|Gang Vocal,"[1.000, 0.898]",,[],,[],"[0.000, 1.000, 0.000, 0.000, 0.000, 0.000, 0.898, 0.000]"
2486,99.44,99.48,Yujin,0.9999803304672241,Yujin|Gang Vocal,"[1.000, 0.897]",,[],,[],"[0.000, 1.000, 0.000, 0.000, 0.000, 0.000, 0.897, 0.000]"
2487,99.48,99.52,Yujin,0.999984860420227,Yujin|Gang Vocal,"[1.000, 0.896]",,[],,[],"[0.000, 1.000, 0.000, 0.000, 0.000, 0.000, 0.896, 0.000]"
2488,99.52,99.56,Yujin,0.9999874830245972,Yujin|Gang Vocal,"[1.000, 0.895]",,[],,[],"[0.000, 1.000, 0.000, 0.000, 0.000, 0.000, 0.895, 0.000]"
2489,99.56,99.6,Yujin,0.9999889135360718,Yujin|Gang Vocal,"[1.000, 0.893]",,[],,[],"[0.000, 1.000, 0.000, 0.000, 0.000, 0.000, 0.893, 0.000]"
2490,99.6,99.64,Yujin,0.99998939037323,Yujin|Gang Vocal,"[1.000, 0.890]",,[],,[],"[0.000, 1.000, 0.000, 0.000, 0.000, 0.000, 0.890, 0.000]"
2491,99.64,99.68,Yujin,0.9999891519546509,Yujin|Gang Vocal,"[1.000, 0.886]",,[],,[],"[0.000, 1.000, 0.000, 0.000, 0.000, 0.000, 0.886, 0.000]"
2492,99.68,99.72,Yujin,0.9999880790710449,Yujin|Gang Vocal,"[1.000, 0.881]",,[],,[],"[0.000, 1.000, 0.000, 0.000, 0.000, 0.000, 0.881, 0.000]"
2493,99.72,99.76,Yujin,0.9999860525131226,Yujin|Gang Vocal,"[1.000, 0.875]",,[],,[],"[0.000, 1.000, 0.000, 0.000, 0.000, 0.000, 0.875, 0.000]"
2494,99.76,99.8,Yujin,0.9999825954437256,Yujin|Gang Vocal,"[1.000, 0.869]",,[],,[],"[0.000, 1.000, 0.000, 0.000, 0.000, 0.000, 0.869, 0.000]"
2495,99.8,99.84,Yujin,0.999976634979248,Yujin|Gang Vocal,"[1.000, 0.862]",,[],,[],"[0.000, 1.000, 0.000, 0.000, 0.000, 0.000, 0.862, 0.000]"
2496,99.84,99.88,Yujin,0.9999668598175049,Yujin|Gang Vocal,"[1.000, 0.855]",,[],,[],"[0.000, 1.000, 0.000, 0.000, 0.000, 0.000, 0.855, 0.000]"
2497,99.88,99.92,Yujin,0.9999501705169678,Yujin|Gang Vocal,"[1.000, 0.847]",,[],,[],"[0.000, 1.000, 0.000, 0.000, 0.000, 0.000, 0.847, 0.000]"
2498,99.92,99.96,Yujin,0.9999210834503174,Yujin|Gang Vocal,"[1.000, 0.840]",,[],,[],"[0.000, 1.000, 0.000, 0.000, 0.000, 0.000, 0.840, 0.000]"
2499,99.96,100.0,Yujin,0.9998691082000732,Yujin|Gang Vocal,"[1.000, 0.832]",,[],,[],"[0.000, 1.000, 0.000, 0.000, 0.000, 0.000, 0.832, 0.000]"
2500,100.0,100.04,Yujin,0.9997734427452087,Yujin|Gang Vocal,"[1.000, 0.825]",,[],,[],"[0.000, 1.000, 0.000, 0.000, 0.000, 0.000, 0.825, 0.000]"
2501,100.04,100.08,Yujin,0.9995917677879333,Yujin|Gang Vocal,"[1.000, 0.818]",,[],,[],"[0.000, 1.000, 0.000, 0.000, 0.000, 0.000, 0.818, 0.000]"
2502,100.08,100.12,Yujin,0.9992355108261108,Yujin|Gang Vocal,"[0.999, 0.810]",,[],,[],"[0.000, 0.999, 0.000, 0.000, 0.000, 0.000, 0.810, 0.000]"
2503,100.12,100.16,Yujin,0.9985135197639465,Yujin|Gang Vocal,"[0.999, 0.803]",,[],,[],"[0.000, 0.999, 0.000, 0.000, 0.000, 0.000, 0.803, 0.000]"
2504,100.16,100.2,Yujin,0.9970042109489441,Yujin|Gang Vocal,"[0.997, 0.796]",,[],,[],"[0.000, 0.997, 0.000, 0.000, 0.000, 0.000, 0.796, 0.000]"
2505,100.2,100.24,Yujin,0.9937468767166138,Yujin|Gang Vocal,"[0.994, 0.788]",,[],,[],"[0.000, 0.994, 0.000, 0.000, 0.001, 0.000, 0.788, 0.000]"
2506,100.24,100.28,Yujin,0.9865311980247498,Yujin|Gang Vocal,"[0.987, 0.779]",,[],,[],"[0.000, 0.987, 0.000, 0.000, 0.001, 0.000, 0.779, 0.000]"
2507,100.28,100.32,Yujin,0.9702702164649963,Yujin|Gang Vocal,"[0.970, 0.769]",,[],,[],"[0.000, 0.970, 0.000, 0.000, 0.001, 0.000, 0.769, 0.000]"
2508,100.32,100.36,Yujin,0.9335605502128601,Yujin|Gang Vocal,"[0.934, 0.758]",,[],,[],"[0.000, 0.934, 0.000, 0.000, 0.001, 0.000, 0.758, 0.000]"
2509,100.36,100.4,Yujin,0.8537619113922119,Yujin|Gang Vocal,"[0.854, 0.746]",,[],,[],"[0.000, 0.854, 0.000, 0.000, 0.002, 0.000, 0.746, 0.000]"
2510,100.4,100.44,Yujin,0.7008473873138428,Yujin|Gang Vocal,"[0.701, 0.731]",,[],,[],"[0.000, 0.701, 0.000, 0.000, 0.002, 0.000, 0.731, 0.000]"
2511,100.44,100.48,Gang Vocal,0.7158474922180176,Gang Vocal,[0.716],,[],,[],"[0.000, 0.477, 0.000, 0.000, 0.003, 0.000, 0.716, 0.000]"
2512,100.48,100.52,Gang Vocal,0.6993849277496338,Gang Vocal,[0.699],,[],,[],"[0.001, 0.256, 0.000, 0.000, 0.004, 0.000, 0.699, 0.000]"
2513,100.52,100.56,Gang Vocal,0.6824995875358582,Gang Vocal,[0.682],,[],,[],"[0.001, 0.113, 0.000, 0.000, 0.005, 0.000, 0.682, 0.000]"
2514,100.56,100.6,Gang Vocal,0.6657850742340088,Gang Vocal,[0.666],,[],,[],"[0.001, 0.044, 0.000, 0.000, 0.006, 0.000, 0.666, 0.000]"
2515,100.6,100.64,Gang Vocal,0.649835467338562,Gang Vocal,[0.650],,[],,[],"[0.002, 0.016, 0.000, 0.000, 0.007, 0.000, 0.650, 0.000]"
2516,100.64,100.68,Gang Vocal,0.6353878974914551,Gang Vocal,[0.635],,[],,[],"[0.002, 0.006, 0.000, 0.000, 0.008, 0.000, 0.635, 0.000]"
2517,100.68,100.72,Gang Vocal,0.6230876445770264,Gang Vocal,[0.623],,[],,[],"[0.003, 0.002, 0.000, 0.000, 0.009, 0.000, 0.623, 0.000]"
2518,100.72,100.76,Gang Vocal,0.6135322451591492,Gang Vocal,[0.614],,[],,[],"[0.004, 0.001, 0.000, 0.000, 0.010, 0.000, 0.614, 0.000]"
2519,100.76,100.8,Gang Vocal,0.6072203516960144,Gang Vocal,[0.607],,[],,[],"[0.007, 0.000, 0.000, 0.000, 0.011, 0.000, 0.607, 0.000]"
2520,100.8,100.84,Gang Vocal,0.6046504974365234,Gang Vocal,[0.605],,[],,[],"[0.011, 0.000, 0.000, 0.000, 0.012, 0.000, 0.605, 0.000]"
2521,100.84,100.88,Gang Vocal,0.6060377359390259,Gang Vocal,[0.606],,[],,[],"[0.017, 0.000, 0.000, 0.000, 0.012, 0.000, 0.606, 0.000]"
2522,100.88,100.92,Gang Vocal,0.6115996837615967,Gang Vocal,[0.612],,[],,[],"[0.028, 0.000, 0.000, 0.000, 0.011, 0.000, 0.612, 0.000]"
2523,100.92,100.96,Gang Vocal,0.621264636516571,Gang Vocal,[0.621],,[],,[],"[0.046, 0.000, 0.000, 0.000, 0.011, 0.000, 0.621, 0.000]"
2524,100.96,101.0,Gang Vocal,0.6348164677619934,Gang Vocal,[0.635],,[],,[],"[0.078, 0.000, 0.000, 0.000, 0.010, 0.000, 0.635, 0.000]"
2525,101.0,101.04,Gang Vocal,0.6517189145088196,Gang Vocal,[0.652],,[],,[],"[0.130, 0.000, 0.000, 0.000, 0.009, 0.000, 0.652, 0.000]"
2526,101.04,101.08,Gang Vocal,0.6710667014122009,Gang Vocal,[0.671],,[],,[],"[0.211, 0.000, 0.000, 0.000, 0.007, 0.000, 0.671, 0.000]"
2527,101.08,101.12,Gang Vocal,0.6917533278465271,Gang Vocal,[0.692],,[],,[],"[0.327, 0.000, 0.000, 0.000, 0.006, 0.000, 0.692, 0.000]"
2528,101.12,101.16,Gang Vocal,0.7130376100540161,Gang Vocal,[0.713],,[],,[],"[0.471, 0.000, 0.000, 0.000, 0.005, 0.000, 0.713, 0.000]"
2529,101.16,101.2,Gaeul,0.6213610172271729,Gaeul|Gang Vocal,"[0.621, 0.734]",,[],,[],"[0.621, 0.000, 0.000, 0.000, 0.004, 0.000, 0.734, 0.000]"
2530,101.2,101.24,Gaeul,0.7526726126670837,Gaeul|Gang Vocal,"[0.753, 0.755]",,[],,[],"[0.753, 0.000, 0.000, 0.000, 0.003, 0.000, 0.755, 0.000]"
2531,101.24,101.28,Gaeul,0.8494735956192017,Gaeul|Gang Vocal,"[0.849, 0.774]",,[],,[],"[0.849, 0.000, 0.000, 0.000, 0.002, 0.000, 0.774, 0.000]"
2532,101.28,101.32,Gaeul,0.9123338460922241,Gaeul|Gang Vocal,"[0.912, 0.791]",,[],,[],"[0.912, 0.000, 0.000, 0.000, 0.001, 0.000, 0.791, 0.000]"
2533,101.32,101.36,Gaeul,0.9499381184577942,Gaeul|Gang Vocal,"[0.950, 0.805]",,[],,[],"[0.950, 0.000, 0.000, 0.000, 0.001, 0.000, 0.805, 0.000]"
2534,101.36,101.4,Gaeul,0.9713959097862244,Gaeul|Gang Vocal,"[0.971, 0.815]",,[],,[],"[0.971, 0.000, 0.000, 0.000, 0.001, 0.000, 0.815, 0.000]"
2535,101.4,101.44,Gaeul,0.9834139943122864,Gaeul|Gang Vocal,"[0.983, 0.822]",,[],,[],"[0.983, 0.000, 0.000, 0.000, 0.000, 0.000, 0.822, 0.000]"
2536,101.44,101.48,Gaeul,0.9901465773582458,Gaeul|Gang Vocal,"[0.990, 0.825]",,[],,[],"[0.990, 0.000, 0.000, 0.000, 0.000, 0.000, 0.825, 0.000]"
2537,101.48,101.52,Gaeul,0.9939781427383423,Gaeul|Gang Vocal,"[0.994, 0.822]",,[],,[],"[0.994, 0.000, 0.000, 0.000, 0.000, 0.000, 0.822, 0.000]"
2538,101.52,101.56,Gaeul,0.996193528175354,Gaeul|Gang Vocal,"[0.996, 0.813]",,[],,[],"[0.996, 0.000, 0.000, 0.000, 0.000, 0.000, 0.813, 0.000]"
2539,101.56,101.6,Gaeul,0.9974954724311829,Gaeul|Gang Vocal,"[0.997, 0.797]",,[],,[],"[0.997, 0.000, 0.000, 0.000, 0.000, 0.000, 0.797, 0.000]"
2540,101.6,101.64,Gaeul,0.9982714653015137,Gaeul|Gang Vocal,"[0.998, 0.771]",,[],,[],"[0.998, 0.000, 0.000, 0.000, 0.000, 0.000, 0.771, 0.000]"
2541,101.64,101.68,Gaeul,0.9987397789955139,Gaeul|Gang Vocal,"[0.999, 0.733]",,[],,[],"[0.999, 0.000, 0.000, 0.000, 0.000, 0.000, 0.733, 0.000]"
2542,101.68,101.72,Gaeul,0.9990253448486328,Gaeul|Gang Vocal,"[0.999, 0.681]",,[],,[],"[0.999, 0.000, 0.000, 0.000, 0.000, 0.000, 0.681, 0.000]"
2543,101.72,101.76,Gaeul,0.9991992115974426,Gaeul|Gang Vocal,"[0.999, 0.613]",,[],,[],"[0.999, 0.000, 0.000, 0.000, 0.000, 0.000, 0.613, 0.000]"
2544,101.76,101.8,Gaeul,0.9993003606796265,Gaeul|Gang Vocal,"[0.999, 0.528]",,[],,[],"[0.999, 0.000, 0.000, 0.000, 0.000, 0.000, 0.528, 0.000]"
2545,101.8,101.84,Gaeul,0.999349057674408,Gaeul,[0.999],,[],,[],"[0.999, 0.000, 0.000, 0.000, 0.000, 0.000, 0.431, 0.000]"
2546,101.84,101.88,Gaeul,0.9993539452552795,Gaeul,[0.999],,[],,[],"[0.999, 0.000, 0.000, 0.000, 0.000, 0.000, 0.330, 0.000]"
2547,101.88,101.92,Gaeul,0.999315619468689,Gaeul,[0.999],,[],,[],"[0.999, 0.000, 0.000, 0.000, 0.000, 0.000, 0.238, 0.000]"
2548,101.92,101.96,Gaeul,0.9992266893386841,Gaeul,[0.999],,[],,[],"[0.999, 0.000, 0.000, 0.000, 0.000, 0.000, 0.161, 0.000]"
2549,101.96,102.0,Gaeul,0.9990707039833069,Gaeul,[0.999],,[],,[],"[0.999, 0.000, 0.000, 0.000, 0.000, 0.000, 0.104, 0.000]"
2550,102.0,102.04,Gaeul,0.9988162517547607,Gaeul,[0.999],,[],,[],"[0.999, 0.000, 0.000, 0.000, 0.000, 0.000, 0.065, 0.000]"
2551,102.04,102.08,Gaeul,0.9984049201011658,Gaeul,[0.998],,[],,[],"[0.998, 0.000, 0.000, 0.000, 0.000, 0.000, 0.039, 0.000]"
2552,102.08,102.12,Gaeul,0.9977357387542725,Gaeul,[0.998],,[],,[],"[0.998, 0.000, 0.000, 0.000, 0.000, 0.000, 0.023, 0.000]"
2553,102.12,102.16,Gaeul,0.9966243505477905,Gaeul,[0.997],,[],,[],"[0.997, 0.000, 0.000, 0.000, 0.000, 0.000, 0.014, 0.000]"
2554,102.16,102.2,Gaeul,0.99472576379776,Gaeul,[0.995],,[],,[],"[0.995, 0.000, 0.000, 0.000, 0.000, 0.000, 0.008, 0.000]"
2555,102.2,102.24,Gaeul,0.9913911819458008,Gaeul,[0.991],,[],,[],"[0.991, 0.000, 0.000, 0.000, 0.000, 0.000, 0.005, 0.000]"
2556,102.24,102.28,Gaeul,0.9853781461715698,Gaeul,[0.985],,[],,[],"[0.985, 0.000, 0.000, 0.000, 0.000, 0.000, 0.003, 0.000]"
2557,102.28,102.32,Gaeul,0.9743248820304871,Gaeul,[0.974],,[],,[],"[0.974, 0.000, 0.000, 0.000, 0.000, 0.000, 0.002, 0.000]"
2558,102.32,102.36,Gaeul,0.9537935853004456,Gaeul,[0.954],,[],,[],"[0.954, 0.000, 0.000, 0.000, 0.000, 0.000, 0.001, 0.000]"
2559,102.36,102.4,Gaeul,0.915780782699585,Gaeul,[0.916],,[],,[],"[0.916, 0.000, 0.000, 0.000, 0.000, 0.000, 0.001, 0.000]"
2560,102.4,102.44,Gaeul,0.8478121757507324,Gaeul,[0.848],,[],,[],"[0.848, 0.000, 0.000, 0.000, 0.001, 0.000, 0.001, 0.000]"
2561,102.44,102.48,Gaeul,0.7356473803520203,Gaeul,[0.736],,[],,[],"[0.736, 0.000, 0.000, 0.000, 0.002, 0.000, 0.000, 0.000]"
2562,102.48,102.52,Gaeul,0.5758964419364929,Gaeul,[0.576],,[],,[],"[0.576, 0.000, 0.000, 0.000, 0.003, 0.000, 0.000, 0.000]"
2563,102.52,102.56,silence,2.114733482173523e-21,,[],,[],,[],"[0.393, 0.000, 0.000, 0.000, 0.007, 0.000, 0.000, 0.000]"
2564,102.56,102.6,silence,2.4923355753006197e-21,,[],,[],,[],"[0.232, 0.000, 0.000, 0.000, 0.015, 0.000, 0.000, 0.000]"
2565,102.6,102.64,silence,2.9295504102876538e-21,,[],,[],,[],"[0.122, 0.000, 0.000, 0.000, 0.033, 0.000, 0.000, 0.000]"
2566,102.64,102.68,silence,3.403968581897184e-21,,[],,[],,[],"[0.059, 0.000, 0.000, 0.000, 0.072, 0.000, 0.000, 0.000]"
2567,102.68,102.72,silence,3.877723756936643e-21,,[],,[],,[],"[0.028, 0.000, 0.000, 0.000, 0.154, 0.000, 0.000, 0.000]"
2568,102.72,102.76,silence,4.317538273570502e-21,,[],,[],,[],"[0.013, 0.000, 0.000, 0.000, 0.302, 0.000, 0.000, 0.000]"
2569,102.76,102.8,silence,4.685534691444648e-21,,[],,[],,[],"[0.006, 0.000, 0.000, 0.000, 0.511, 0.000, 0.000, 0.000]"
2570,102.8,102.84,Liz,0.7191776037216187,Liz,[0.719],,[],,[],"[0.003, 0.000, 0.000, 0.000, 0.719, 0.000, 0.000, 0.000]"
2571,102.84,102.88,Liz,0.8632333278656006,Liz,[0.863],,[],,[],"[0.001, 0.000, 0.000, 0.000, 0.863, 0.000, 0.000, 0.000]"
2572,102.88,102.92,Liz,0.9396090507507324,Liz,[0.940],,[],,[],"[0.001, 0.000, 0.000, 0.000, 0.940, 0.000, 0.000, 0.000]"
2573,102.92,102.96,Liz,0.9744088649749756,Liz,[0.974],,[],,[],"[0.000, 0.000, 0.000, 0.000, 0.974, 0.000, 0.000, 0.000]"
2574,102.96,103.0,Liz,0.9892400503158569,Liz,[0.989],,[],,[],"[0.000, 0.000, 0.000, 0.000, 0.989, 0.000, 0.000, 0.000]"
2575,103.0,103.04,Liz,0.9954303503036499,Liz,[0.995],,[],,[],"[0.000, 0.000, 0.000, 0.000, 0.995, 0.000, 0.000, 0.000]"
2576,103.04,103.08,Liz,0.9980231523513794,Liz,[0.998],,[],,[],"[0.000, 0.000, 0.000, 0.000, 0.998, 0.000, 0.000, 0.000]"
2577,103.08,103.12,Liz,0.9991253018379211,Liz,[0.999],,[],,[],"[0.000, 0.000, 0.000, 0.000, 0.999, 0.000, 0.000, 0.000]"
2578,103.12,103.16,Liz,0.9996036887168884,Liz,[1.000],,[],,[],"[0.000, 0.000, 0.000, 0.000, 1.000, 0.000, 0.000, 0.000]"
2579,103.16,103.2,Liz,0.9998162388801575,Liz,[1.000],,[],,[],"[0.000, 0.000, 0.000, 0.000, 1.000, 0.000, 0.000, 0.000]"
2580,103.2,103.24,Liz,0.9999127388000488,Liz,[1.000],,[],,[],"[0.000, 0.000, 0.000, 0.000, 1.000, 0.000, 0.000, 0.000]"
2581,103.24,103.28,Liz,0.9999575614929199,Liz,[1.000],,[],,[],"[0.000, 0.000, 0.000, 0.000, 1.000, 0.000, 0.000, 0.000]"
2582,103.28,103.32,Liz,0.9999788999557495,Liz,[1.000],,[],,[],"[0.000, 0.000, 0.000, 0.000, 1.000, 0.000, 0.000, 0.000]"
2583,103.32,103.36,Liz,0.9999892711639404,Liz,[1.000],,[],,[],"[0.000, 0.000, 0.000, 0.000, 1.000, 0.000, 0.000, 0.000]"
2584,103.36,103.4,Liz,0.9999943971633911,Liz,[1.000],,[],,[],"[0.000, 0.000, 0.000, 0.000, 1.000, 0.000, 0.000, 0.000]"
2585,103.4,103.44,Liz,0.9999970197677612,Liz,[1.000],,[],,[],"[0.000, 0.000, 0.000, 0.000, 1.000, 0.000, 0.000, 0.000]"
2586,103.44,103.48,Liz,0.9999983310699463,Liz,[1.000],,[],,[],"[0.000, 0.000, 0.000, 0.000, 1.000, 0.000, 0.000, 0.000]"
2587,103.48,103.52,Liz,0.9999990463256836,Liz,[1.000],,[],,[],"[0.000, 0.000, 0.000, 0.000, 1.000, 0.000, 0.000, 0.000]"
2588,103.52,103.56,Liz,0.9999994039535522,Liz,[1.000],,[],,[],"[0.000, 0.000, 0.000, 0.000, 1.000, 0.000, 0.000, 0.000]"
2589,103.56,103.6,Liz,0.9999996423721313,Liz,[1.000],,[],,[],"[0.000, 0.000, 0.000, 0.000, 1.000, 0.000, 0.000, 0.000]"
2590,103.6,103.64,Liz,0.9999997615814209,Liz,[1.000],,[],,[],"[0.000, 0.000, 0.000, 0.000, 1.000, 0.000, 0.000, 0.000]"
2591,103.64,103.68,Liz,0.9999998807907104,Liz,[1.000],,[],,[],"[0.000, 0.000, 0.000, 0.000, 1.000, 0.000, 0.000, 0.000]"
2592,103.68,103.72,Liz,0.9999998807907104,Liz,[1.000],,[],,[],"[0.000, 0.000, 0.000, 0.000, 1.000, 0.000, 0.000, 0.000]"
2593,103.72,103.76,Liz,0.9999998807907104,Liz,[1.000],,[],,[],"[0.000, 0.000, 0.000, 0.000, 1.000, 0.000, 0.000, 0.000]"
2594,103.76,103.8,Liz,1.0,Liz,[1.000],,[],,[],"[0.000, 0.000, 0.000, 0.000, 1.000, 0.000, 0.000, 0.000]"
2595,103.8,103.84,Liz,1.0,Liz,[1.000],,[],,[],"[0.000, 0.000, 0.000, 0.000, 1.000, 0.000, 0.000, 0.000]"
2596,103.84,103.88,Liz,1.0,Liz,[1.000],,[],,[],"[0.000, 0.000, 0.000, 0.000, 1.000, 0.000, 0.000, 0.000]"
2597,103.88,103.92,Liz,1.0,Liz,[1.000],,[],,[],"[0.000, 0.000, 0.000, 0.000, 1.000, 0.000, 0.000, 0.000]"
2598,103.92,103.96,Liz,1.0,Liz,[1.000],,[],,[],"[0.000, 0.000, 0.000, 0.000, 1.000, 0.000, 0.000, 0.000]"
2599,103.96,104.0,Liz,1.0,Liz,[1.000],,[],,[],"[0.000, 0.000, 0.000, 0.000, 1.000, 0.000, 0.000, 0.000]"
2600,104.0,104.04,Liz,1.0,Liz,[1.000],,[],,[],"[0.000, 0.000, 0.000, 0.000, 1.000, 0.000, 0.000, 0.000]"
2601,104.04,104.08,Liz,1.0,Liz,[1.000],,[],,[],"[0.000, 0.000, 0.000, 0.000, 1.000, 0.000, 0.000, 0.000]"
2602,104.08,104.12,Liz,1.0,Liz,[1.000],,[],,[],"[0.000, 0.000, 0.000, 0.000, 1.000, 0.000, 0.000, 0.000]"
2603,104.12,104.16,Liz,1.0,Liz,[1.000],,[],,[],"[0.000, 0.000, 0.000, 0.000, 1.000, 0.000, 0.000, 0.000]"
2604,104.16,104.2,Liz,1.0,Liz,[1.000],,[],,[],"[0.000, 0.000, 0.000, 0.000, 1.000, 0.000, 0.000, 0.000]"
2605,104.2,104.24,Liz,1.0,Liz,[1.000],,[],,[],"[0.000, 0.000, 0.000, 0.000, 1.000, 0.000, 0.000, 0.000]"
2606,104.24,104.28,Liz,1.0,Liz,[1.000],,[],,[],"[0.000, 0.000, 0.000, 0.000, 1.000, 0.000, 0.000, 0.000]"
2607,104.28,104.32,Liz,1.0,Liz,[1.000],,[],,[],"[0.000, 0.000, 0.000, 0.000, 1.000, 0.000, 0.000, 0.000]"
2608,104.32,104.36,Liz,1.0,Liz,[1.000],,[],,[],"[0.000, 0.000, 0.000, 0.000, 1.000, 0.000, 0.000, 0.000]"
2609,104.36,104.4,Liz,0.9999998807907104,Liz,[1.000],,[],,[],"[0.000, 0.000, 0.000, 0.000, 1.000, 0.000, 0.000, 0.000]"
2610,104.4,104.44,Liz,0.9999998807907104,Liz,[1.000],,[],,[],"[0.000, 0.000, 0.000, 0.000, 1.000, 0.000, 0.000, 0.000]"
2611,104.44,104.48,Liz,0.9999998807907104,Liz,[1.000],,[],,[],"[0.000, 0.000, 0.000, 0.000, 1.000, 0.000, 0.000, 0.000]"
2612,104.48,104.52,Liz,0.9999997615814209,Liz,[1.000],,[],,[],"[0.000, 0.000, 0.000, 0.000, 1.000, 0.000, 0.000, 0.000]"
2613,104.52,104.56,Liz,0.9999996423721313,Liz,[1.000],,[],,[],"[0.000, 0.000, 0.000, 0.000, 1.000, 0.000, 0.000, 0.000]"
2614,104.56,104.6,Liz,0.9999994039535522,Liz,[1.000],,[],,[],"[0.000, 0.000, 0.000, 0.000, 1.000, 0.000, 0.000, 0.000]"
2615,104.6,104.64,Liz,0.9999990463256836,Liz,[1.000],,[],,[],"[0.000, 0.000, 0.000, 0.000, 1.000, 0.000, 0.000, 0.000]"
2616,104.64,104.68,Liz,0.9999985694885254,Liz,[1.000],,[],,[],"[0.000, 0.000, 0.000, 0.000, 1.000, 0.000, 0.000, 0.000]"
2617,104.68,104.72,Liz,0.9999978542327881,Liz,[1.000],,[],,[],"[0.000, 0.000, 0.000, 0.000, 1.000, 0.000, 0.000, 0.000]"
2618,104.72,104.76,Liz,0.9999967813491821,Liz,[1.000],,[],,[],"[0.000, 0.000, 0.000, 0.000, 1.000, 0.000, 0.000, 0.000]"
2619,104.76,104.8,Liz,0.9999951124191284,Liz,[1.000],,[],,[],"[0.000, 0.000, 0.000, 0.000, 1.000, 0.000, 0.000, 0.000]"
2620,104.8,104.84,Liz,0.9999927282333374,Liz,[1.000],,[],,[],"[0.000, 0.000, 0.000, 0.000, 1.000, 0.000, 0.000, 0.000]"
2621,104.84,104.88,Liz,0.9999892711639404,Liz,[1.000],,[],,[],"[0.000, 0.000, 0.000, 0.000, 1.000, 0.000, 0.000, 0.000]"
2622,104.88,104.92,Liz,0.9999843835830688,Liz,[1.000],,[],,[],"[0.000, 0.000, 0.000, 0.000, 1.000, 0.000, 0.000, 0.000]"
2623,104.92,104.96,Liz,0.9999780654907227,Liz,[1.000],,[],,[],"[0.000, 0.000, 0.000, 0.000, 1.000, 0.000, 0.000, 0.000]"
2624,104.96,105.0,Liz,0.9999703168869019,Liz,[1.000],,[],,[],"[0.000, 0.000, 0.000, 0.001, 1.000, 0.000, 0.000, 0.000]"
2625,105.0,105.04,Liz,0.9999611377716064,Liz,[1.000],,[],,[],"[0.000, 0.000, 0.000, 0.001, 1.000, 0.000, 0.000, 0.000]"
2626,105.04,105.08,Liz,0.9999511241912842,Liz,[1.000],,[],,[],"[0.000, 0.000, 0.000, 0.001, 1.000, 0.000, 0.000, 0.000]"
2627,105.08,105.12,Liz,0.9999407529830933,Liz,[1.000],,[],,[],"[0.000, 0.000, 0.000, 0.001, 1.000, 0.000, 0.000, 0.000]"
2628,105.12,105.16,Liz,0.9999306201934814,Liz,[1.000],,[],,[],"[0.000, 0.000, 0.000, 0.001, 1.000, 0.000, 0.000, 0.000]"
2629,105.16,105.2,Liz,0.9999210834503174,Liz,[1.000],,[],,[],"[0.000, 0.000, 0.000, 0.001, 1.000, 0.000, 0.000, 0.000]"
2630,105.2,105.24,Liz,0.9999126195907593,Liz,[1.000],,[],,[],"[0.000, 0.000, 0.000, 0.002, 1.000, 0.000, 0.000, 0.000]"
2631,105.24,105.28,Liz,0.9999054670333862,Liz,[1.000],,[],,[],"[0.000, 0.000, 0.000, 0.002, 1.000, 0.000, 0.000, 0.000]"
2632,105.28,105.32,Liz,0.9998998641967773,Liz,[1.000],,[],,[],"[0.000, 0.000, 0.000, 0.002, 1.000, 0.000, 0.000, 0.000]"
2633,105.32,105.36,Liz,0.9998958110809326,Liz,[1.000],,[],,[],"[0.000, 0.000, 0.000, 0.002, 1.000, 0.000, 0.000, 0.000]"
2634,105.36,105.4,Liz,0.9998929500579834,Liz,[1.000],,[],,[],"[0.000, 0.000, 0.000, 0.001, 1.000, 0.000, 0.000, 0.000]"
2635,105.4,105.44,Liz,0.9998911619186401,Liz,[1.000],,[],,[],"[0.000, 0.000, 0.000, 0.001, 1.000, 0.000, 0.000, 0.000]"
2636,105.44,105.48,Liz,0.9998899698257446,Liz,[1.000],,[],,[],"[0.000, 0.000, 0.000, 0.001, 1.000, 0.000, 0.000, 0.000]"
2637,105.48,105.52,Liz,0.9998890161514282,Liz,[1.000],,[],,[],"[0.000, 0.000, 0.000, 0.001, 1.000, 0.000, 0.000, 0.000]"
2638,105.52,105.56,Liz,0.9998880624771118,Liz,[1.000],,[],,[],"[0.000, 0.000, 0.000, 0.001, 1.000, 0.000, 0.000, 0.000]"
2639,105.56,105.6,Liz,0.9998867511749268,Liz,[1.000],,[],,[],"[0.000, 0.000, 0.000, 0.001, 1.000, 0.000, 0.000, 0.000]"
2640,105.6,105.64,Liz,0.999885082244873,Liz,[1.000],,[],,[],"[0.000, 0.000, 0.000, 0.001, 1.000, 0.000, 0.000, 0.000]"
2641,105.64,105.68,Liz,0.9998832941055298,Liz,[1.000],,[],,[],"[0.000, 0.000, 0.000, 0.000, 1.000, 0.000, 0.000, 0.000]"
2642,105.68,105.72,Liz,0.999881386756897,Liz,[1.000],,[],,[],"[0.000, 0.000, 0.000, 0.000, 1.000, 0.000, 0.000, 0.000]"
2643,105.72,105.76,Liz,0.9998797178268433,Liz,[1.000],,[],,[],"[0.000, 0.000, 0.000, 0.000, 1.000, 0.000, 0.000, 0.000]"
2644,105.76,105.8,Liz,0.9998787641525269,Liz,[1.000],,[],,[],"[0.000, 0.000, 0.000, 0.000, 1.000, 0.000, 0.000, 0.000]"
2645,105.8,105.84,Liz,0.9998786449432373,Liz,[1.000],,[],,[],"[0.000, 0.000, 0.000, 0.000, 1.000, 0.000, 0.000, 0.000]"
2646,105.84,105.88,Liz,0.9998801946640015,Liz,[1.000],,[],,[],"[0.000, 0.000, 0.000, 0.000, 1.000, 0.000, 0.000, 0.000]"
2647,105.88,105.92,Liz,0.9998832941055298,Liz,[1.000],,[],,[],"[0.000, 0.000, 0.000, 0.000, 1.000, 0.000, 0.000, 0.000]"
2648,105.92,105.96,Liz,0.9998880624771118,Liz,[1.000],,[],,[],"[0.000, 0.000, 0.000, 0.000, 1.000, 0.000, 0.000, 0.000]"
2649,105.96,106.0,Liz,0.9998947381973267,Liz,[1.000],,[],,[],"[0.000, 0.000, 0.000, 0.000, 1.000, 0.000, 0.000, 0.000]"
2650,106.0,106.04,Liz,0.9999034404754639,Liz,[1.000],,[],,[],"[0.000, 0.000, 0.000, 0.000, 1.000, 0.000, 0.000, 0.000]"
2651,106.04,106.08,Liz,0.9999135732650757,Liz,[1.000],,[],,[],"[0.000, 0.000, 0.000, 0.000, 1.000, 0.000, 0.000, 0.000]"
2652,106.08,106.12,Liz,0.9999246597290039,Liz,[1.000],,[],,[],"[0.000, 0.000, 0.000, 0.000, 1.000, 0.000, 0.000, 0.000]"
2653,106.12,106.16,Liz,0.9999359846115112,Liz,[1.000],,[],,[],"[0.000, 0.000, 0.000, 0.000, 1.000, 0.000, 0.000, 0.000]"
2654,106.16,106.2,Liz,0.9999467134475708,Liz,[1.000],,[],,[],"[0.000, 0.000, 0.000, 0.000, 1.000, 0.000, 0.000, 0.000]"
2655,106.2,106.24,Liz,0.999956488609314,Liz,[1.000],,[],,[],"[0.000, 0.000, 0.000, 0.000, 1.000, 0.000, 0.000, 0.000]"
2656,106.24,106.28,Liz,0.9999649524688721,Liz,[1.000],,[],,[],"[0.000, 0.000, 0.000, 0.000, 1.000, 0.000, 0.000, 0.000]"
2657,106.28,106.32,Liz,0.9999721050262451,Liz,[1.000],,[],,[],"[0.000, 0.000, 0.000, 0.000, 1.000, 0.000, 0.000, 0.000]"
2658,106.32,106.36,Liz,0.9999779462814331,Liz,[1.000],,[],,[],"[0.000, 0.000, 0.000, 0.000, 1.000, 0.000, 0.000, 0.000]"
2659,106.36,106.4,Liz,0.9999827146530151,Liz,[1.000],,[],,[],"[0.000, 0.000, 0.000, 0.000, 1.000, 0.000, 0.000, 0.000]"
2660,106.4,106.44,Liz,0.9999864101409912,Liz,[1.000],,[],,[],"[0.000, 0.000, 0.000, 0.000, 1.000, 0.000, 0.000, 0.000]"
2661,106.44,106.48,Liz,0.99998939037323,Liz,[1.000],,[],,[],"[0.000, 0.000, 0.000, 0.000, 1.000, 0.000, 0.000, 0.000]"
2662,106.48,106.52,Liz,0.9999916553497314,Liz,[1.000],,[],,[],"[0.000, 0.000, 0.000, 0.000, 1.000, 0.000, 0.000, 0.000]"
2663,106.52,106.56,Liz,0.9999933242797852,Liz,[1.000],,[],,[],"[0.000, 0.000, 0.000, 0.000, 1.000, 0.000, 0.000, 0.000]"
2664,106.56,106.6,Liz,0.9999946355819702,Liz,[1.000],,[],,[],"[0.000, 0.000, 0.000, 0.000, 1.000, 0.000, 0.000, 0.000]"
2665,106.6,106.64,Liz,0.9999957084655762,Liz,[1.000],,[],,[],"[0.000, 0.000, 0.000, 0.000, 1.000, 0.000, 0.000, 0.000]"
2666,106.64,106.68,Liz,0.9999964237213135,Liz,[1.000],,[],,[],"[0.000, 0.000, 0.000, 0.000, 1.000, 0.000, 0.000, 0.000]"
2667,106.68,106.72,Liz,0.9999970197677612,Liz,[1.000],,[],,[],"[0.000, 0.000, 0.000, 0.000, 1.000, 0.000, 0.000, 0.000]"
2668,106.72,106.76,Liz,0.9999974966049194,Liz,[1.000],,[],,[],"[0.000, 0.000, 0.000, 0.000, 1.000, 0.000, 0.000, 0.000]"
2669,106.76,106.8,Liz,0.9999977350234985,Liz,[1.000],,[],,[],"[0.000, 0.000, 0.000, 0.000, 1.000, 0.000, 0.000, 0.000]"
2670,106.8,106.84,Liz,0.9999979734420776,Liz,[1.000],,[],,[],"[0.000, 0.000, 0.000, 0.000, 1.000, 0.000, 0.000, 0.000]"
2671,106.84,106.88,Liz,0.9999980926513672,Liz,[1.000],,[],,[],"[0.000, 0.000, 0.000, 0.000, 1.000, 0.000, 0.000, 0.000]"
2672,106.88,106.92,Liz,0.9999980926513672,Liz,[1.000],,[],,[],"[0.000, 0.000, 0.000, 0.000, 1.000, 0.000, 0.000, 0.000]"
2673,106.92,106.96,Liz,0.9999980926513672,Liz,[1.000],,[],,[],"[0.000, 0.000, 0.000, 0.000, 1.000, 0.000, 0.000, 0.000]"
2674,106.96,107.0,Liz,0.9999978542327881,Liz,[1.000],,[],,[],"[0.000, 0.000, 0.000, 0.000, 1.000, 0.000, 0.000, 0.000]"
2675,107.0,107.04,Liz,0.9999974966049194,Liz,[1.000],,[],,[],"[0.000, 0.000, 0.000, 0.000, 1.000, 0.000, 0.000, 0.000]"
2676,107.04,107.08,Liz,0.9999970197677612,Liz,[1.000],,[],,[],"[0.000, 0.000, 0.000, 0.000, 1.000, 0.000, 0.000, 0.000]"
2677,107.08,107.12,Liz,0.9999961853027344,Liz,[1.000],,[],,[],"[0.000, 0.000, 0.000, 0.000, 1.000, 0.000, 0.000, 0.000]"
2678,107.12,107.16,Liz,0.9999948740005493,Liz,[1.000],,[],,[],"[0.000, 0.000, 0.000, 0.000, 1.000, 0.000, 0.000, 0.000]"
2679,107.16,107.2,Liz,0.999992847442627,Liz,[1.000],,[],,[],"[0.000, 0.000, 0.000, 0.000, 1.000, 0.000, 0.000, 0.000]"
2680,107.2,107.24,Liz,0.9999897480010986,Liz,[1.000],,[],,[],"[0.000, 0.000, 0.000, 0.000, 1.000, 0.000, 0.000, 0.000]"
2681,107.24,107.28,Liz,0.999984622001648,Liz,[1.000],,[],,[],"[0.000, 0.000, 0.000, 0.000, 1.000, 0.000, 0.000, 0.000]"
2682,107.28,107.32,Liz,0.9999762773513794,Liz,[1.000],,[],,[],"[0.000, 0.000, 0.000, 0.000, 1.000, 0.000, 0.000, 0.000]"
2683,107.32,107.36,Liz,0.9999629259109497,Liz,[1.000],,[],,[],"[0.000, 0.000, 0.000, 0.000, 1.000, 0.000, 0.000, 0.000]"
2684,107.36,107.4,Liz,0.9999411106109619,Liz,[1.000],,[],,[],"[0.000, 0.000, 0.000, 0.000, 1.000, 0.000, 0.000, 0.000]"
2685,107.4,107.44,Liz,0.999906063079834,Liz,[1.000],,[],,[],"[0.000, 0.000, 0.000, 0.000, 1.000, 0.000, 0.000, 0.000]"
2686,107.44,107.48,Liz,0.9998501539230347,Liz,[1.000],,[],,[],"[0.000, 0.000, 0.000, 0.000, 1.000, 0.000, 0.000, 0.000]"
2687,107.48,107.52,Liz,0.9997623562812805,Liz,[1.000],,[],,[],"[0.000, 0.000, 0.000, 0.000, 1.000, 0.000, 0.000, 0.000]"
2688,107.52,107.56,Liz,0.9996271133422852,Liz,[1.000],,[],,[],"[0.000, 0.000, 0.000, 0.000, 1.000, 0.000, 0.001, 0.000]"
2689,107.56,107.6,Liz,0.9994235038757324,Liz,[0.999],,[],,[],"[0.000, 0.000, 0.000, 0.000, 0.999, 0.000, 0.001, 0.000]"
2690,107.6,107.64,Liz,0.9991256594657898,Liz,[0.999],,[],,[],"[0.000, 0.000, 0.000, 0.000, 0.999, 0.000, 0.002, 0.000]"
2691,107.64,107.68,Liz,0.9987015724182129,Liz,[0.999],,[],,[],"[0.000, 0.000, 0.000, 0.000, 0.999, 0.000, 0.003, 0.000]"
2692,107.68,107.72,Liz,0.9981141090393066,Liz,[0.998],,[],,[],"[0.000, 0.000, 0.000, 0.000, 0.998, 0.000, 0.005, 0.000]"
2693,107.72,107.76,Liz,0.9973147511482239,Liz,[0.997],,[],,[],"[0.000, 0.000, 0.000, 0.000, 0.997, 0.000, 0.008, 0.000]"
2694,107.76,107.8,Liz,0.9962437152862549,Liz,[0.996],,[],,[],"[0.000, 0.000, 0.000, 0.000, 0.996, 0.001, 0.011, 0.000]"
2695,107.8,107.84,Liz,0.9948223829269409,Liz,[0.995],,[],,[],"[0.000, 0.000, 0.000, 0.000, 0.995, 0.001, 0.015, 0.000]"
2696,107.84,107.88,Liz,0.9929384589195251,Liz,[0.993],,[],,[],"[0.000, 0.000, 0.000, 0.000, 0.993, 0.001, 0.019, 0.000]"
2697,107.88,107.92,Liz,0.9904202818870544,Liz,[0.990],,[],,[],"[0.000, 0.000, 0.000, 0.000, 0.990, 0.002, 0.023, 0.000]"
2698,107.92,107.96,Liz,0.9870262742042542,Liz,[0.987],,[],,[],"[0.000, 0.000, 0.000, 0.000, 0.987, 0.002, 0.026, 0.000]"
2699,107.96,108.0,Liz,0.9823895692825317,Liz,[0.982],,[],,[],"[0.000, 0.000, 0.000, 0.000, 0.982, 0.002, 0.029, 0.000]"
2700,108.0,108.04,Liz,0.9759578108787537,Liz,[0.976],,[],,[],"[0.000, 0.000, 0.000, 0.000, 0.976, 0.003, 0.031, 0.000]"
2701,108.04,108.08,Liz,0.9669195413589478,Liz,[0.967],,[],,[],"[0.000, 0.000, 0.000, 0.000, 0.967, 0.003, 0.032, 0.000]"
2702,108.08,108.12,Liz,0.9541011452674866,Liz,[0.954],,[],,[],"[0.000, 0.000, 0.000, 0.000, 0.954, 0.003, 0.032, 0.000]"
2703,108.12,108.16,Liz,0.9358280301094055,Liz,[0.936],,[],,[],"[0.000, 0.000, 0.001, 0.000, 0.936, 0.003, 0.030, 0.000]"
2704,108.16,108.2,Liz,0.9099857211112976,Liz,[0.910],,[],,[],"[0.000, 0.000, 0.001, 0.000, 0.910, 0.003, 0.027, 0.000]"
2705,108.2,108.24,Liz,0.8739345669746399,Liz,[0.874],,[],,[],"[0.000, 0.000, 0.002, 0.001, 0.874, 0.003, 0.023, 0.000]"
2706,108.24,108.28,Liz,0.8247178196907043,Liz,[0.825],,[],,[],"[0.000, 0.000, 0.006, 0.001, 0.825, 0.003, 0.019, 0.000]"
2707,108.28,108.32,Liz,0.7597292065620422,Liz,[0.760],,[],,[],"[0.000, 0.000, 0.013, 0.001, 0.760, 0.003, 0.014, 0.000]"
2708,108.32,108.36,Liz,0.6783405542373657,Liz,[0.678],,[],,[],"[0.000, 0.000, 0.031, 0.001, 0.678, 0.002, 0.011, 0.000]"
2709,108.36,108.4,Liz,0.5831047296524048,Liz,[0.583],,[],,[],"[0.000, 0.000, 0.071, 0.001, 0.583, 0.002, 0.008, 0.000]"
2710,108.4,108.44,Liz,0.4801236391067505,Liz,[0.480],,[],,[],"[0.000, 0.000, 0.154, 0.001, 0.480, 0.001, 0.005, 0.000]"
2711,108.44,108.48,silence,2.0871331329885834e-09,,[],,[],,[],"[0.000, 0.000, 0.306, 0.001, 0.378, 0.001, 0.003, 0.000]"
2712,108.48,108.52,silence,1.1496075202899192e-09,,[],,[],,[],"[0.000, 0.000, 0.514, 0.001, 0.286, 0.001, 0.002, 0.000]"
2713,108.52,108.56,Rei,0.7160247564315796,Rei,[0.716],,[],,[],"[0.000, 0.000, 0.716, 0.001, 0.208, 0.000, 0.001, 0.000]"
2714,108.56,108.6,Rei,0.855638325214386,Rei,[0.856],,[],,[],"[0.000, 0.000, 0.856, 0.001, 0.148, 0.000, 0.001, 0.000]"
2715,108.6,108.64,Rei,0.9318665862083435,Rei,[0.932],,[],,[],"[0.000, 0.000, 0.932, 0.001, 0.103, 0.000, 0.001, 0.000]"
2716,108.64,108.68,Rei,0.968605637550354,Rei,[0.969],,[],,[],"[0.000, 0.000, 0.969, 0.001, 0.071, 0.000, 0.000, 0.000]"
2717,108.68,108.72,Rei,0.9854761958122253,Rei,[0.985],,[],,[],"[0.000, 0.000, 0.985, 0.001, 0.049, 0.000, 0.000, 0.000]"
2718,108.72,108.76,Rei,0.9931628704071045,Rei,[0.993],,[],,[],"[0.000, 0.000, 0.993, 0.001, 0.034, 0.000, 0.000, 0.000]"
2719,108.76,108.8,Rei,0.9967016577720642,Rei,[0.997],,[],,[],"[0.000, 0.000, 0.997, 0.001, 0.024, 0.000, 0.000, 0.000]"
2720,108.8,108.84,Rei,0.9983583092689514,Rei,[0.998],,[],,[],"[0.000, 0.000, 0.998, 0.000, 0.017, 0.000, 0.000, 0.000]"
2721,108.84,108.88,Rei,0.9991515874862671,Rei,[0.999],,[],,[],"[0.000, 0.000, 0.999, 0.000, 0.012, 0.000, 0.000, 0.000]"
2722,108.88,108.92,Rei,0.9995416402816772,Rei,[1.000],,[],,[],"[0.000, 0.000, 1.000, 0.000, 0.009, 0.000, 0.000, 0.000]"
2723,108.92,108.96,Rei,0.9997398257255554,Rei,[1.000],,[],,[],"[0.000, 0.000, 1.000, 0.000, 0.007, 0.000, 0.000, 0.000]"
2724,108.96,109.0,Rei,0.9998441934585571,Rei,[1.000],,[],,[],"[0.000, 0.000, 1.000, 0.000, 0.005, 0.000, 0.000, 0.000]"
2725,109.0,109.04,Rei,0.999901294708252,Rei,[1.000],,[],,[],"[0.000, 0.000, 1.000, 0.000, 0.005, 0.000, 0.000, 0.000]"
2726,109.04,109.08,Rei,0.9999337196350098,Rei,[1.000],,[],,[],"[0.000, 0.000, 1.000, 0.000, 0.004, 0.000, 0.000, 0.000]"
2727,109.08,109.12,Rei,0.9999529123306274,Rei,[1.000],,[],,[],"[0.000, 0.000, 1.000, 0.000, 0.004, 0.000, 0.000, 0.000]"
2728,109.12,109.16,Rei,0.9999644756317139,Rei,[1.000],,[],,[],"[0.000, 0.000, 1.000, 0.000, 0.004, 0.000, 0.000, 0.000]"
2729,109.16,109.2,Rei,0.9999715089797974,Rei,[1.000],,[],,[],"[0.000, 0.000, 1.000, 0.000, 0.004, 0.000, 0.000, 0.000]"
2730,109.2,109.24,Rei,0.9999758005142212,Rei,[1.000],,[],,[],"[0.000, 0.000, 1.000, 0.000, 0.005, 0.000, 0.000, 0.000]"
2731,109.24,109.28,Rei,0.9999779462814331,Rei,[1.000],,[],,[],"[0.000, 0.000, 1.000, 0.000, 0.006, 0.000, 0.000, 0.000]"
2732,109.28,109.32,Rei,0.9999786615371704,Rei,[1.000],,[],,[],"[0.000, 0.000, 1.000, 0.000, 0.009, 0.000, 0.000, 0.000]"
2733,109.32,109.36,Rei,0.9999779462814331,Rei,[1.000],,[],,[],"[0.000, 0.000, 1.000, 0.000, 0.013, 0.000, 0.000, 0.000]"
2734,109.36,109.4,Rei,0.9999758005142212,Rei,[1.000],,[],,[],"[0.000, 0.000, 1.000, 0.000, 0.020, 0.000, 0.000, 0.000]"
2735,109.4,109.44,Rei,0.999971866607666,Rei,[1.000],,[],,[],"[0.000, 0.000, 1.000, 0.000, 0.033, 0.000, 0.000, 0.000]"
2736,109.44,109.48,Rei,0.9999653100967407,Rei,[1.000],,[],,[],"[0.000, 0.000, 1.000, 0.000, 0.056, 0.000, 0.000, 0.000]"
2737,109.48,109.52,Rei,0.9999549388885498,Rei,[1.000],,[],,[],"[0.000, 0.000, 1.000, 0.000, 0.097, 0.000, 0.000, 0.000]"
2738,109.52,109.56,Rei,0.9999386072158813,Rei,[1.000],,[],,[],"[0.000, 0.000, 1.000, 0.000, 0.167, 0.000, 0.000, 0.000]"
2739,109.56,109.6,Rei,0.9999127388000488,Rei,[1.000],,[],,[],"[0.000, 0.000, 1.000, 0.000, 0.279, 0.000, 0.000, 0.000]"
2740,109.6,109.64,Rei,0.9998712539672852,Rei,[1.000],,[],,[],"[0.000, 0.000, 1.000, 0.000, 0.433, 0.000, 0.000, 0.000]"
2741,109.64,109.68,Rei,0.9998041987419128,Rei|Liz,"[1.000, 0.602]",,[],,[],"[0.000, 0.000, 1.000, 0.000, 0.602, 0.000, 0.000, 0.000]"
2742,109.68,109.72,Rei,0.9996938705444336,Rei|Liz,"[1.000, 0.751]",,[],,[],"[0.000, 0.000, 1.000, 0.000, 0.751, 0.000, 0.000, 0.000]"
2743,109.72,109.76,Rei,0.9995102882385254,Rei|Liz,"[1.000, 0.856]",,[],,[],"[0.000, 0.000, 1.000, 0.000, 0.856, 0.000, 0.000, 0.000]"
2744,109.76,109.8,Rei,0.9992024302482605,Rei|Liz,"[0.999, 0.921]",,[],,[],"[0.000, 0.000, 0.999, 0.000, 0.921, 0.000, 0.000, 0.000]"
2745,109.8,109.84,Rei,0.9986817240715027,Rei|Liz,"[0.999, 0.957]",,[],,[],"[0.000, 0.000, 0.999, 0.000, 0.957, 0.000, 0.000, 0.000]"
2746,109.84,109.88,Rei,0.9977973699569702,Rei|Liz,"[0.998, 0.976]",,[],,[],"[0.000, 0.000, 0.998, 0.000, 0.976, 0.000, 0.000, 0.000]"
2747,109.88,109.92,Rei,0.996296226978302,Rei|Liz,"[0.996, 0.987]",,[],,[],"[0.000, 0.000, 0.996, 0.000, 0.987, 0.000, 0.000, 0.000]"
2748,109.92,109.96,Rei,0.9937599301338196,Rei|Liz,"[0.994, 0.992]",,[],,[],"[0.000, 0.000, 0.994, 0.000, 0.992, 0.000, 0.000, 0.000]"
2749,109.96,110.0,Liz,0.99527907371521,Rei|Liz,"[0.990, 0.995]",,[],Liz,[0.694],"[0.000, 0.000, 0.990, 0.000, 0.995, 0.000, 0.000, 0.000]"
2750,110.0,110.04,Liz,0.9969884753227234,Rei|Liz,"[0.982, 0.997]",,[],Liz,[0.783],"[0.000, 0.000, 0.982, 0.000, 0.997, 0.000, 0.000, 0.000]"
2751,110.04,110.08,Liz,0.9979738593101501,Rei|Liz,"[0.971, 0.998]",,[],Liz,[0.847],"[0.000, 0.000, 0.971, 0.000, 0.998, 0.000, 0.000, 0.000]"
2752,110.08,110.12,Liz,0.9985573887825012,Rei|Liz,"[0.953, 0.999]",,[],Liz,[0.892],"[0.000, 0.000, 0.953, 0.000, 0.999, 0.000, 0.000, 0.000]"
2753,110.12,110.16,Liz,0.9989114999771118,Rei|Liz,"[0.926, 0.999]",,[],Liz,[0.923],"[0.000, 0.000, 0.926, 0.000, 0.999, 0.000, 0.000, 0.000]"
2754,110.16,110.2,Liz,0.9991288781166077,Rei|Liz,"[0.887, 0.999]",,[],Liz,[0.943],"[0.000, 0.000, 0.887, 0.000, 0.999, 0.000, 0.000, 0.000]"
2755,110.2,110.24,Liz,0.9992600083351135,Rei|Liz,"[0.835, 0.999]",,[],Liz,[0.957],"[0.000, 0.000, 0.835, 0.000, 0.999, 0.000, 0.000, 0.000]"
2756,110.24,110.28,Liz,0.9993333220481873,Rei|Liz,"[0.769, 0.999]",,[],Liz,[0.967],"[0.000, 0.000, 0.769, 0.000, 0.999, 0.000, 0.000, 0.000]"
2757,110.28,110.32,Liz,0.9993646740913391,Rei|Liz,"[0.694, 0.999]",,[],Liz,[0.973],"[0.000, 0.000, 0.694, 0.000, 0.999, 0.000, 0.000, 0.000]"
2758,110.32,110.36,Liz,0.9993614554405212,Rei|Liz,"[0.615, 0.999]",,[],Liz,[0.978],"[0.000, 0.000, 0.615, 0.000, 0.999, 0.000, 0.000, 0.000]"
2759,110.36,110.4,Liz,0.9993259906768799,Rei|Liz,"[0.539, 0.999]",,[],Liz,[0.981],"[0.000, 0.000, 0.539, 0.000, 0.999, 0.000, 0.000, 0.000]"
2760,110.4,110.44,Liz,0.9992570281028748,Liz,[0.999],,[],Liz,[0.984],"[0.000, 0.000, 0.472, 0.000, 0.999, 0.000, 0.000, 0.000]"
2761,110.44,110.48,Liz,0.9991508722305298,Liz,[0.999],,[],Liz,[0.986],"[0.000, 0.000, 0.417, 0.000, 0.999, 0.000, 0.000, 0.000]"
2762,110.48,110.52,Liz,0.9990010857582092,Liz,[0.999],,[],Liz,[0.987],"[0.000, 0.000, 0.376, 0.000, 0.999, 0.000, 0.000, 0.000]"
2763,110.52,110.56,Liz,0.9987998008728027,Liz,[0.999],,[],Liz,[0.988],"[0.000, 0.000, 0.350, 0.000, 0.999, 0.000, 0.000, 0.000]"
2764,110.56,110.6,Liz,0.9985388517379761,Liz,[0.999],,[],Liz,[0.989],"[0.000, 0.000, 0.336, 0.000, 0.999, 0.000, 0.000, 0.000]"
2765,110.6,110.64,Liz,0.9982128143310547,Liz,[0.998],,[],Liz,[0.990],"[0.000, 0.000, 0.334, 0.000, 0.998, 0.000, 0.000, 0.000]"
2766,110.64,110.68,Liz,0.9978233575820923,Liz,[0.998],,[],Liz,[0.990],"[0.000, 0.000, 0.344, 0.000, 0.998, 0.001, 0.000, 0.000]"
2767,110.68,110.72,Liz,0.997381865978241,Liz,[0.997],,[],Liz,[0.991],"[0.000, 0.000, 0.365, 0.001, 0.997, 0.001, 0.000, 0.000]"
2768,110.72,110.76,Liz,0.9969155788421631,Liz,[0.997],,[],Liz,[0.991],"[0.000, 0.001, 0.397, 0.001, 0.997, 0.000, 0.000, 0.000]"
2769,110.76,110.8,Liz,0.9964640736579895,Liz,[0.996],,[],Liz,[0.991],"[0.000, 0.001, 0.439, 0.001, 0.996, 0.000, 0.000, 0.000]"
2770,110.8,110.84,Liz,0.9960726499557495,Liz,[0.996],,[],Liz,[0.992],"[0.000, 0.001, 0.490, 0.001, 0.996, 0.000, 0.000, 0.000]"
2771,110.84,110.88,Liz,0.9957876801490784,Rei|Liz,"[0.548, 0.996]",,[],Liz,[0.992],"[0.001, 0.001, 0.548, 0.001, 0.996, 0.000, 0.000, 0.000]"
2772,110.88,110.92,Liz,0.995650589466095,Rei|Liz,"[0.611, 0.996]",,[],Liz,[0.992],"[0.001, 0.001, 0.611, 0.001, 0.996, 0.000, 0.000, 0.000]"
2773,110.92,110.96,Liz,0.9956783652305603,Rei|Liz,"[0.675, 0.996]",,[],Liz,[0.992],"[0.001, 0.001, 0.675, 0.001, 0.996, 0.000, 0.000, 0.000]"
2774,110.96,111.0,Liz,0.9958653450012207,Rei|Liz,"[0.736, 0.996]",,[],Liz,[0.993],"[0.001, 0.000, 0.736, 0.002, 0.996, 0.000, 0.000, 0.000]"
2775,111.0,111.04,Liz,0.9961796998977661,Rei|Liz,"[0.792, 0.996]",,[],Liz,[0.993],"[0.001, 0.000, 0.792, 0.002, 0.996, 0.000, 0.000, 0.000]"
2776,111.04,111.08,Liz,0.9965745210647583,Rei|Liz,"[0.838, 0.997]",,[],Liz,[0.993],"[0.001, 0.000, 0.838, 0.002, 0.997, 0.000, 0.000, 0.000]"
2777,111.08,111.12,Liz,0.997000515460968,Rei|Liz,"[0.876, 0.997]",,[],Liz,[0.993],"[0.000, 0.000, 0.876, 0.002, 0.997, 0.000, 0.000, 0.000]"
2778,111.12,111.16,Liz,0.9974192380905151,Rei|Liz,"[0.906, 0.997]",,[],Liz,[0.993],"[0.000, 0.000, 0.906, 0.002, 0.997, 0.000, 0.000, 0.000]"
2779,111.16,111.2,Liz,0.9978029131889343,Rei|Liz,"[0.928, 0.998]",,[],Liz,[0.993],"[0.000, 0.000, 0.928, 0.002, 0.998, 0.000, 0.000, 0.000]"
2780,111.2,111.24,Liz,0.9981367588043213,Rei|Liz,"[0.944, 0.998]",,[],Liz,[0.993],"[0.000, 0.000, 0.944, 0.002, 0.998, 0.000, 0.000, 0.000]"
2781,111.24,111.28,Liz,0.9984164237976074,Rei|Liz,"[0.956, 0.998]",,[],Liz,[0.993],"[0.000, 0.000, 0.956, 0.002, 0.998, 0.000, 0.000, 0.000]"
2782,111.28,111.32,Liz,0.9986431002616882,Rei|Liz,"[0.965, 0.999]",,[],Liz,[0.993],"[0.000, 0.000, 0.965, 0.002, 0.999, 0.000, 0.000, 0.000]"
2783,111.32,111.36,Liz,0.998822033405304,Rei|Liz,"[0.972, 0.999]",,[],Liz,[0.993],"[0.000, 0.000, 0.972, 0.002, 0.999, 0.000, 0.000, 0.000]"
2784,111.36,111.4,Liz,0.9989601373672485,Rei|Liz,"[0.976, 0.999]",,[],Liz,[0.992],"[0.000, 0.000, 0.976, 0.002, 0.999, 0.000, 0.000, 0.000]"
2785,111.4,111.44,Liz,0.9990635514259338,Rei|Liz,"[0.980, 0.999]",,[],Liz,[0.991],"[0.000, 0.000, 0.980, 0.002, 0.999, 0.000, 0.000, 0.000]"
2786,111.44,111.48,Liz,0.9991355538368225,Rei|Liz,"[0.982, 0.999]",,[],Liz,[0.990],"[0.000, 0.000, 0.982, 0.002, 0.999, 0.000, 0.000, 0.000]"
2787,111.48,111.52,Liz,0.9991782307624817,Rei|Liz,"[0.984, 0.999]",,[],Liz,[0.988],"[0.000, 0.000, 0.984, 0.002, 0.999, 0.000, 0.000, 0.000]"
2788,111.52,111.56,Liz,0.9991922974586487,Rei|Liz,"[0.985, 0.999]",,[],Liz,[0.986],"[0.000, 0.000, 0.985, 0.002, 0.999, 0.000, 0.000, 0.000]"
2789,111.56,111.6,Liz,0.9991757273674011,Rei|Liz,"[0.986, 0.999]",,[],Liz,[0.982],"[0.000, 0.000, 0.986, 0.002, 0.999, 0.000, 0.000, 0.000]"
2790,111.6,111.64,Liz,0.9991241097450256,Rei|Liz,"[0.987, 0.999]",,[],Liz,[0.977],"[0.000, 0.000, 0.987, 0.002, 0.999, 0.000, 0.000, 0.000]"
2791,111.64,111.68,Liz,0.9990277290344238,Rei|Liz,"[0.986, 0.999]",,[],Liz,[0.971],"[0.000, 0.000, 0.986, 0.002, 0.999, 0.000, 0.000, 0.000]"
2792,111.68,111.72,Liz,0.9988719820976257,Rei|Liz,"[0.986, 0.999]",,[],Liz,[0.963],"[0.000, 0.000, 0.986, 0.002, 0.999, 0.000, 0.000, 0.000]"
2793,111.72,111.76,Liz,0.9986321330070496,Rei|Liz,"[0.985, 0.999]",,[],Liz,[0.951],"[0.000, 0.000, 0.985, 0.002, 0.999, 0.000, 0.000, 0.000]"
2794,111.76,111.8,Liz,0.9982671737670898,Rei|Liz,"[0.983, 0.998]",,[],Liz,[0.935],"[0.000, 0.000, 0.983, 0.002, 0.998, 0.000, 0.000, 0.000]"
2795,111.8,111.84,Liz,0.9977115392684937,Rei|Liz,"[0.981, 0.998]",,[],Liz,[0.915],"[0.000, 0.000, 0.981, 0.003, 0.998, 0.000, 0.000, 0.000]"
2796,111.84,111.88,Liz,0.9968546032905579,Rei|Liz,"[0.977, 0.997]",,[],Liz,[0.889],"[0.000, 0.000, 0.977, 0.003, 0.997, 0.000, 0.000, 0.000]"
2797,111.88,111.92,Liz,0.9955105781555176,Rei|Liz,"[0.972, 0.996]",,[],Liz,[0.857],"[0.000, 0.000, 0.972, 0.003, 0.996, 0.000, 0.000, 0.000]"
2798,111.92,111.96,Liz,0.9933668971061707,Rei|Liz,"[0.964, 0.993]",,[],Liz,[0.818],"[0.000, 0.000, 0.964, 0.003, 0.993, 0.000, 0.000, 0.000]"
2799,111.96,112.0,Liz,0.9898812174797058,Rei|Liz,"[0.953, 0.990]",,[],Liz,[0.774],"[0.000, 0.000, 0.953, 0.003, 0.990, 0.000, 0.001, 0.000]"
2800,112.0,112.04,Liz,0.9840975403785706,Rei|Liz,"[0.937, 0.984]",,[],Liz,[0.724],"[0.000, 0.000, 0.937, 0.004, 0.984, 0.000, 0.001, 0.000]"
2801,112.04,112.08,Liz,0.9743247628211975,Rei|Liz,"[0.912, 0.974]",,[],Liz,[0.668],"[0.000, 0.000, 0.912, 0.004, 0.974, 0.000, 0.001, 0.000]"
2802,112.08,112.12,Liz,0.9575884342193604,Rei|Liz,"[0.874, 0.958]",,[],Liz,[0.607],"[0.000, 0.000, 0.874, 0.005, 0.958, 0.000, 0.001, 0.000]"
2803,112.12,112.16,Liz,0.9288895130157471,Rei|Liz,"[0.817, 0.929]",,[],,[],"[0.000, 0.000, 0.817, 0.005, 0.929, 0.000, 0.002, 0.000]"
2804,112.16,112.2,Liz,0.8804060220718384,Rei|Liz,"[0.734, 0.880]",,[],,[],"[0.000, 0.000, 0.734, 0.007, 0.880, 0.000, 0.003, 0.000]"
2805,112.2,112.24,Liz,0.802266538143158,Rei|Liz,"[0.620, 0.802]",,[],,[],"[0.000, 0.000, 0.620, 0.008, 0.802, 0.000, 0.003, 0.000]"
2806,112.24,112.28,Liz,0.68731290102005,Rei|Liz,"[0.481, 0.687]",,[],,[],"[0.000, 0.000, 0.481, 0.010, 0.687, 0.000, 0.005, 0.000]"
2807,112.28,112.32,Liz,0.5402718186378479,Liz,[0.540],,[],,[],"[0.000, 0.000, 0.337, 0.013, 0.540, 0.000, 0.006, 0.000]"
2808,112.32,112.36,silence,1.3629208872600884e-10,,[],,[],,[],"[0.000, 0.000, 0.212, 0.017, 0.384, 0.000, 0.008, 0.000]"
2809,112.36,112.4,silence,1.6650671119666782e-10,,[],,[],,[],"[0.000, 0.000, 0.120, 0.023, 0.247, 0.000, 0.010, 0.000]"
2810,112.4,112.44,silence,2.0521341570489682e-10,,[],,[],,[],"[0.000, 0.000, 0.063, 0.032, 0.147, 0.000, 0.012, 0.000]"
2811,112.44,112.48,silence,2.569856827339123e-10,,[],,[],,[],"[0.000, 0.000, 0.031, 0.046, 0.083, 0.000, 0.014, 0.000]"
2812,112.48,112.52,silence,3.2839264640927013e-10,,[],,[],,[],"[0.000, 0.000, 0.014, 0.067, 0.046, 0.000, 0.017, 0.000]"
2813,112.52,112.56,silence,4.2853848247759174e-10,,[],,[],,[],"[0.000, 0.000, 0.006, 0.100, 0.025, 0.000, 0.019, 0.000]"
2814,112.56,112.6,silence,5.697693428174944e-10,,[],,[],,[],"[0.000, 0.000, 0.003, 0.151, 0.014, 0.000, 0.020, 0.000]"
2815,112.6,112.64,silence,7.677239954873016e-10,,[],,[],,[],"[0.000, 0.000, 0.001, 0.228, 0.007, 0.000, 0.021, 0.000]"
2816,112.64,112.68,silence,1.0410928785731244e-09,,[],,[],,[],"[0.000, 0.000, 0.000, 0.334, 0.004, 0.000, 0.022, 0.000]"
2817,112.68,112.72,silence,1.4151233518333584e-09,,[],,[],,[],"[0.000, 0.000, 0.000, 0.465, 0.002, 0.000, 0.021, 0.000]"
2818,112.72,112.76,Wonyoung,0.6059792041778564,Wonyoung,[0.606],,[],,[],"[0.000, 0.000, 0.000, 0.606, 0.001, 0.000, 0.020, 0.000]"
2819,112.76,112.8,Wonyoung,0.733559250831604,Wonyoung,[0.734],,[],,[],"[0.000, 0.000, 0.000, 0.734, 0.001, 0.000, 0.018, 0.000]"
2820,112.8,112.84,Wonyoung,0.8325678110122681,Wonyoung,[0.833],,[],,[],"[0.000, 0.000, 0.000, 0.833, 0.001, 0.000, 0.016, 0.000]"
2821,112.84,112.88,Wonyoung,0.9002698063850403,Wonyoung,[0.900],,[],,[],"[0.000, 0.000, 0.000, 0.900, 0.000, 0.000, 0.014, 0.000]"
2822,112.88,112.92,Wonyoung,0.942566990852356,Wonyoung,[0.943],,[],,[],"[0.000, 0.000, 0.000, 0.943, 0.000, 0.000, 0.011, 0.000]"
2823,112.92,112.96,Wonyoung,0.9674908518791199,Wonyoung,[0.967],,[],,[],"[0.000, 0.000, 0.000, 0.967, 0.000, 0.000, 0.009, 0.000]"
2824,112.96,113.0,Wonyoung,0.9816839098930359,Wonyoung,[0.982],,[],,[],"[0.000, 0.000, 0.000, 0.982, 0.000, 0.000, 0.007, 0.000]"
2825,113.0,113.04,Wonyoung,0.9896411299705505,Wonyoung,[0.990],,[],,[],"[0.000, 0.000, 0.000, 0.990, 0.000, 0.000, 0.006, 0.000]"
2826,113.04,113.08,Wonyoung,0.9940842986106873,Wonyoung,[0.994],,[],,[],"[0.000, 0.000, 0.000, 0.994, 0.000, 0.000, 0.005, 0.000]"
2827,113.08,113.12,Wonyoung,0.9965768456459045,Wonyoung,[0.997],,[],,[],"[0.000, 0.000, 0.000, 0.997, 0.000, 0.000, 0.004, 0.000]"
2828,113.12,113.16,Wonyoung,0.9979875087738037,Wonyoung,[0.998],,[],,[],"[0.000, 0.000, 0.000, 0.998, 0.000, 0.000, 0.003, 0.000]"
2829,113.16,113.2,Wonyoung,0.9987959861755371,Wonyoung,[0.999],,[],,[],"[0.000, 0.000, 0.000, 0.999, 0.000, 0.000, 0.002, 0.000]"
2830,113.2,113.24,Wonyoung,0.9992651343345642,Wonyoung,[0.999],,[],,[],"[0.000, 0.000, 0.000, 0.999, 0.000, 0.000, 0.002, 0.000]"
2831,113.24,113.28,Wonyoung,0.9995416402816772,Wonyoung,[1.000],,[],,[],"[0.000, 0.000, 0.000, 1.000, 0.000, 0.000, 0.001, 0.000]"
2832,113.28,113.32,Wonyoung,0.9997072815895081,Wonyoung,[1.000],,[],,[],"[0.000, 0.000, 0.000, 1.000, 0.000, 0.000, 0.001, 0.000]"
2833,113.32,113.36,Wonyoung,0.9998083710670471,Wonyoung,[1.000],,[],,[],"[0.000, 0.000, 0.000, 1.000, 0.000, 0.000, 0.001, 0.000]"
2834,113.36,113.4,Wonyoung,0.9998711347579956,Wonyoung,[1.000],,[],,[],"[0.000, 0.000, 0.000, 1.000, 0.000, 0.000, 0.001, 0.000]"
2835,113.4,113.44,Wonyoung,0.9999109506607056,Wonyoung,[1.000],,[],,[],"[0.000, 0.000, 0.000, 1.000, 0.000, 0.000, 0.000, 0.000]"
2836,113.44,113.48,Wonyoung,0.9999366998672485,Wonyoung,[1.000],,[],,[],"[0.000, 0.000, 0.000, 1.000, 0.000, 0.000, 0.000, 0.000]"
2837,113.48,113.52,Wonyoung,0.9999536275863647,Wonyoung,[1.000],,[],,[],"[0.000, 0.000, 0.000, 1.000, 0.000, 0.000, 0.000, 0.000]"
2838,113.52,113.56,Wonyoung,0.9999650716781616,Wonyoung,[1.000],,[],,[],"[0.000, 0.000, 0.000, 1.000, 0.000, 0.000, 0.000, 0.000]"
2839,113.56,113.6,Wonyoung,0.9999728202819824,Wonyoung,[1.000],,[],,[],"[0.000, 0.000, 0.000, 1.000, 0.000, 0.000, 0.000, 0.000]"
2840,113.6,113.64,Wonyoung,0.9999783039093018,Wonyoung,[1.000],,[],,[],"[0.000, 0.000, 0.000, 1.000, 0.000, 0.000, 0.000, 0.000]"
2841,113.64,113.68,Wonyoung,0.9999821186065674,Wonyoung,[1.000],,[],,[],"[0.000, 0.000, 0.000, 1.000, 0.000, 0.000, 0.000, 0.000]"
2842,113.68,113.72,Wonyoung,0.9999849796295166,Wonyoung,[1.000],,[],,[],"[0.000, 0.000, 0.000, 1.000, 0.000, 0.000, 0.000, 0.000]"
2843,113.72,113.76,Wonyoung,0.9999868869781494,Wonyoung,[1.000],,[],,[],"[0.000, 0.000, 0.000, 1.000, 0.000, 0.000, 0.000, 0.000]"
2844,113.76,113.8,Wonyoung,0.999988317489624,Wonyoung,[1.000],,[],,[],"[0.000, 0.000, 0.000, 1.000, 0.000, 0.000, 0.000, 0.000]"
2845,113.8,113.84,Wonyoung,0.99998939037323,Wonyoung,[1.000],,[],,[],"[0.000, 0.000, 0.000, 1.000, 0.001, 0.000, 0.000, 0.000]"
2846,113.84,113.88,Wonyoung,0.9999901056289673,Wonyoung,[1.000],,[],,[],"[0.000, 0.000, 0.000, 1.000, 0.001, 0.000, 0.000, 0.000]"
2847,113.88,113.92,Wonyoung,0.999990701675415,Wonyoung,[1.000],,[],,[],"[0.000, 0.000, 0.000, 1.000, 0.001, 0.000, 0.000, 0.000]"
2848,113.92,113.96,Wonyoung,0.9999909400939941,Wonyoung,[1.000],,[],,[],"[0.000, 0.000, 0.000, 1.000, 0.001, 0.000, 0.000, 0.000]"
2849,113.96,114.0,Wonyoung,0.9999911785125732,Wonyoung,[1.000],,[],,[],"[0.000, 0.000, 0.000, 1.000, 0.001, 0.000, 0.000, 0.000]"
2850,114.0,114.04,Wonyoung,0.9999911785125732,Wonyoung,[1.000],,[],,[],"[0.000, 0.000, 0.000, 1.000, 0.001, 0.000, 0.000, 0.000]"
2851,114.04,114.08,Wonyoung,0.9999910593032837,Wonyoung,[1.000],,[],,[],"[0.000, 0.000, 0.000, 1.000, 0.001, 0.000, 0.000, 0.000]"
2852,114.08,114.12,Wonyoung,0.9999908208847046,Wonyoung,[1.000],,[],,[],"[0.000, 0.000, 0.000, 1.000, 0.001, 0.000, 0.000, 0.000]"
2853,114.12,114.16,Wonyoung,0.9999904632568359,Wonyoung,[1.000],,[],,[],"[0.000, 0.000, 0.000, 1.000, 0.001, 0.000, 0.000, 0.000]"
2854,114.16,114.2,Wonyoung,0.9999899864196777,Wonyoung,[1.000],,[],,[],"[0.000, 0.000, 0.000, 1.000, 0.001, 0.000, 0.000, 0.000]"
2855,114.2,114.24,Wonyoung,0.99998939037323,Wonyoung,[1.000],,[],,[],"[0.000, 0.000, 0.000, 1.000, 0.001, 0.000, 0.000, 0.000]"
2856,114.24,114.28,Wonyoung,0.9999886751174927,Wonyoung,[1.000],,[],,[],"[0.000, 0.000, 0.000, 1.000, 0.001, 0.000, 0.000, 0.000]"
2857,114.28,114.32,Wonyoung,0.9999877214431763,Wonyoung,[1.000],,[],,[],"[0.000, 0.000, 0.000, 1.000, 0.001, 0.000, 0.000, 0.000]"
2858,114.32,114.36,Wonyoung,0.9999866485595703,Wonyoung,[1.000],,[],,[],"[0.000, 0.000, 0.000, 1.000, 0.000, 0.000, 0.000, 0.000]"
2859,114.36,114.4,Wonyoung,0.9999853372573853,Wonyoung,[1.000],,[],,[],"[0.000, 0.000, 0.000, 1.000, 0.000, 0.000, 0.000, 0.000]"
2860,114.4,114.44,Wonyoung,0.9999837875366211,Wonyoung,[1.000],,[],,[],"[0.000, 0.000, 0.000, 1.000, 0.000, 0.000, 0.000, 0.000]"
2861,114.44,114.48,Wonyoung,0.9999818801879883,Wonyoung,[1.000],,[],,[],"[0.000, 0.000, 0.000, 1.000, 0.000, 0.000, 0.000, 0.000]"
2862,114.48,114.52,Wonyoung,0.9999796152114868,Wonyoung,[1.000],,[],,[],"[0.000, 0.000, 0.000, 1.000, 0.000, 0.000, 0.000, 0.000]"
2863,114.52,114.56,Wonyoung,0.9999768733978271,Wonyoung,[1.000],,[],,[],"[0.000, 0.000, 0.000, 1.000, 0.000, 0.000, 0.000, 0.000]"
2864,114.56,114.6,Wonyoung,0.9999736547470093,Wonyoung,[1.000],,[],,[],"[0.000, 0.000, 0.000, 1.000, 0.000, 0.000, 0.000, 0.000]"
2865,114.6,114.64,Wonyoung,0.9999697208404541,Wonyoung,[1.000],,[],,[],"[0.000, 0.000, 0.000, 1.000, 0.000, 0.000, 0.000, 0.000]"
2866,114.64,114.68,Wonyoung,0.9999651908874512,Wonyoung,[1.000],,[],,[],"[0.000, 0.000, 0.000, 1.000, 0.000, 0.000, 0.000, 0.000]"
2867,114.68,114.72,Wonyoung,0.9999599456787109,Wonyoung,[1.000],,[],,[],"[0.000, 0.000, 0.000, 1.000, 0.000, 0.000, 0.000, 0.000]"
2868,114.72,114.76,Wonyoung,0.9999542236328125,Wonyoung,[1.000],,[],,[],"[0.000, 0.000, 0.000, 1.000, 0.000, 0.000, 0.000, 0.000]"
2869,114.76,114.8,Wonyoung,0.9999477863311768,Wonyoung,[1.000],,[],,[],"[0.000, 0.000, 0.000, 1.000, 0.000, 0.000, 0.000, 0.000]"
2870,114.8,114.84,Wonyoung,0.9999408721923828,Wonyoung,[1.000],,[],,[],"[0.000, 0.000, 0.000, 1.000, 0.000, 0.000, 0.000, 0.000]"
2871,114.84,114.88,Wonyoung,0.9999334812164307,Wonyoung,[1.000],,[],,[],"[0.000, 0.000, 0.000, 1.000, 0.000, 0.000, 0.000, 0.000]"
2872,114.88,114.92,Wonyoung,0.9999254941940308,Wonyoung,[1.000],,[],,[],"[0.000, 0.001, 0.000, 1.000, 0.000, 0.000, 0.000, 0.000]"
2873,114.92,114.96,Wonyoung,0.9999169111251831,Wonyoung,[1.000],,[],,[],"[0.000, 0.001, 0.000, 1.000, 0.000, 0.000, 0.000, 0.000]"
2874,114.96,115.0,Wonyoung,0.9999078512191772,Wonyoung,[1.000],,[],,[],"[0.000, 0.001, 0.000, 1.000, 0.000, 0.000, 0.000, 0.000]"
2875,115.0,115.04,Wonyoung,0.9998981952667236,Wonyoung,[1.000],,[],,[],"[0.000, 0.001, 0.000, 1.000, 0.000, 0.000, 0.000, 0.000]"
2876,115.04,115.08,Wonyoung,0.9998881816864014,Wonyoung,[1.000],,[],,[],"[0.000, 0.002, 0.000, 1.000, 0.000, 0.000, 0.000, 0.000]"
2877,115.08,115.12,Wonyoung,0.9998774528503418,Wonyoung,[1.000],,[],,[],"[0.000, 0.002, 0.000, 1.000, 0.000, 0.000, 0.000, 0.000]"
2878,115.12,115.16,Wonyoung,0.999866247177124,Wonyoung,[1.000],,[],,[],"[0.000, 0.003, 0.000, 1.000, 0.000, 0.000, 0.000, 0.000]"
2879,115.16,115.2,Wonyoung,0.999854564666748,Wonyoung,[1.000],,[],,[],"[0.000, 0.003, 0.000, 1.000, 0.000, 0.000, 0.000, 0.000]"
2880,115.2,115.24,Wonyoung,0.9998421669006348,Wonyoung,[1.000],,[],,[],"[0.000, 0.003, 0.000, 1.000, 0.000, 0.000, 0.000, 0.000]"
2881,115.24,115.28,Wonyoung,0.9998290538787842,Wonyoung,[1.000],Leeseo,"[0.000, 0.000, 0.000, 0.000, 0.000, 0.503, 0.000]",,[],"[0.000, 0.003, 0.000, 1.000, 0.000, 0.000, 0.000, 0.000]"
2882,115.28,115.32,Wonyoung,0.9998155236244202,Wonyoung,[1.000],Leeseo,"[0.000, 0.000, 0.000, 0.000, 0.000, 0.583, 0.000]",,[],"[0.000, 0.004, 0.000, 1.000, 0.000, 0.000, 0.000, 0.000]"
2883,115.32,115.36,Wonyoung,0.9998010993003845,Wonyoung,[1.000],Leeseo,"[0.000, 0.000, 0.000, 0.000, 0.000, 0.652, 0.000]",,[],"[0.000, 0.004, 0.000, 1.000, 0.000, 0.000, 0.000, 0.000]"
2884,115.36,115.4,Wonyoung,0.9997859597206116,Wonyoung,[1.000],Leeseo,"[0.000, 0.000, 0.000, 0.000, 0.000, 0.710, 0.000]",,[],"[0.000, 0.004, 0.000, 1.000, 0.000, 0.001, 0.000, 0.000]"
2885,115.4,115.44,Wonyoung,0.9997696280479431,Wonyoung,[1.000],Leeseo,"[0.000, 0.000, 0.000, 0.000, 0.000, 0.757, 0.000]",,[],"[0.000, 0.004, 0.000, 1.000, 0.000, 0.001, 0.000, 0.000]"
2886,115.44,115.48,Wonyoung,0.999751627445221,Wonyoung,[1.000],Leeseo,"[0.000, 0.000, 0.000, 0.000, 0.000, 0.794, 0.000]",,[],"[0.000, 0.004, 0.000, 1.000, 0.000, 0.001, 0.000, 0.000]"
2887,115.48,115.52,Wonyoung,0.999731719493866,Wonyoung,[1.000],Leeseo,"[0.000, 0.000, 0.000, 0.000, 0.000, 0.825, 0.000]",,[],"[0.000, 0.004, 0.000, 1.000, 0.000, 0.001, 0.000, 0.000]"
2888,115.52,115.56,Wonyoung,0.9997087121009827,Wonyoung,[1.000],Leeseo,"[0.000, 0.000, 0.000, 0.000, 0.000, 0.850, 0.000]",,[],"[0.000, 0.004, 0.000, 1.000, 0.000, 0.001, 0.000, 0.000]"
2889,115.56,115.6,Wonyoung,0.9996820688247681,Wonyoung,[1.000],Leeseo,"[0.000, 0.000, 0.000, 0.000, 0.000, 0.870, 0.000]",,[],"[0.000, 0.005, 0.000, 1.000, 0.000, 0.001, 0.000, 0.000]"
2890,115.6,115.64,Wonyoung,0.9996509552001953,Wonyoung,[1.000],Leeseo,"[0.000, 0.000, 0.000, 0.000, 0.000, 0.887, 0.000]",,[],"[0.000, 0.005, 0.000, 1.000, 0.000, 0.002, 0.000, 0.000]"
2891,115.64,115.68,Wonyoung,0.9996148347854614,Wonyoung,[1.000],Leeseo,"[0.000, 0.000, 0.000, 0.000, 0.000, 0.902, 0.000]",,[],"[0.000, 0.005, 0.000, 1.000, 0.000, 0.002, 0.000, 0.000]"
2892,115.68,115.72,Wonyoung,0.9995735287666321,Wonyoung,[1.000],Leeseo,"[0.000, 0.000, 0.000, 0.000, 0.000, 0.914, 0.000]",,[],"[0.000, 0.005, 0.000, 1.000, 0.000, 0.002, 0.000, 0.000]"
2893,115.72,115.76,Wonyoung,0.9995263814926147,Wonyoung,[1.000],Leeseo,"[0.000, 0.000, 0.000, 0.000, 0.000, 0.925, 0.000]",,[],"[0.000, 0.005, 0.000, 1.000, 0.000, 0.003, 0.000, 0.000]"
2894,115.76,115.8,Wonyoung,0.9994736313819885,Wonyoung,[0.999],Leeseo,"[0.000, 0.000, 0.000, 0.000, 0.000, 0.934, 0.000]",,[],"[0.000, 0.005, 0.000, 0.999, 0.000, 0.003, 0.000, 0.000]"
2895,115.8,115.84,Wonyoung,0.9994145631790161,Wonyoung,[0.999],Leeseo,"[0.001, 0.000, 0.000, 0.000, 0.000, 0.942, 0.000]",,[],"[0.000, 0.005, 0.000, 0.999, 0.000, 0.004, 0.000, 0.000]"
2896,115.84,115.88,Wonyoung,0.9993487000465393,Wonyoung,[0.999],Leeseo,"[0.001, 0.000, 0.000, 0.000, 0.000, 0.949, 0.000]",,[],"[0.000, 0.005, 0.000, 0.999, 0.000, 0.004, 0.000, 0.000]"
2897,115.88,115.92,Wonyoung,0.9992756247520447,Wonyoung,[0.999],Leeseo,"[0.001, 0.000, 0.000, 0.000, 0.000, 0.955, 0.000]",,[],"[0.000, 0.005, 0.000, 0.999, 0.001, 0.005, 0.000, 0.000]"
2898,115.92,115.96,Wonyoung,0.9991944432258606,Wonyoung,[0.999],Leeseo,"[0.001, 0.000, 0.000, 0.000, 0.000, 0.960, 0.000]",,[],"[0.000, 0.005, 0.000, 0.999, 0.001, 0.005, 0.000, 0.000]"
2899,115.96,116.0,Wonyoung,0.9991040825843811,Wonyoung,[0.999],Leeseo,"[0.002, 0.000, 0.000, 0.000, 0.000, 0.964, 0.000]",,[],"[0.000, 0.005, 0.000, 0.999, 0.001, 0.006, 0.000, 0.000]"
2900,116.0,116.04,Wonyoung,0.9990031123161316,Wonyoung,[0.999],Leeseo,"[0.002, 0.000, 0.000, 0.000, 0.000, 0.968, 0.000]",,[],"[0.000, 0.005, 0.000, 0.999, 0.001, 0.007, 0.000, 0.000]"
2901,116.04,116.08,Wonyoung,0.9988909363746643,Wonyoung,[0.999],Leeseo,"[0.002, 0.000, 0.000, 0.000, 0.000, 0.970, 0.000]",,[],"[0.000, 0.005, 0.000, 0.999, 0.001, 0.008, 0.000, 0.000]"
2902,116.08,116.12,Wonyoung,0.9987673759460449,Wonyoung,[0.999],Leeseo,"[0.003, 0.000, 0.000, 0.000, 0.000, 0.973, 0.000]",,[],"[0.000, 0.004, 0.000, 0.999, 0.001, 0.008, 0.000, 0.000]"
2903,116.12,116.16,Wonyoung,0.9986338019371033,Wonyoung,[0.999],Leeseo,"[0.003, 0.000, 0.000, 0.000, 0.000, 0.974, 0.000]",,[],"[0.000, 0.004, 0.000, 0.999, 0.001, 0.009, 0.000, 0.000]"
2904,116.16,116.2,Wonyoung,0.9984922409057617,Wonyoung,[0.998],Leeseo,"[0.004, 0.000, 0.000, 0.000, 0.000, 0.976, 0.000]",,[],"[0.000, 0.004, 0.000, 0.998, 0.001, 0.010, 0.000, 0.000]"
2905,116.2,116.24,Wonyoung,0.9983465671539307,Wonyoung,[0.998],Leeseo,"[0.004, 0.000, 0.000, 0.000, 0.000, 0.976, 0.000]",,[],"[0.000, 0.003, 0.000, 0.998, 0.001, 0.011, 0.000, 0.000]"
2906,116.24,116.28,Wonyoung,0.9982010126113892,Wonyoung,[0.998],Leeseo,"[0.004, 0.000, 0.000, 0.000, 0.000, 0.976, 0.000]",,[],"[0.000, 0.003, 0.000, 0.998, 0.001, 0.011, 0.000, 0.000]"
2907,116.28,116.32,Wonyoung,0.9980592131614685,Wonyoung,[0.998],Leeseo,"[0.004, 0.000, 0.000, 0.000, 0.000, 0.976, 0.000]",,[],"[0.000, 0.002, 0.000, 0.998, 0.001, 0.012, 0.000, 0.000]"
2908,116.32,116.36,Wonyoung,0.9979267120361328,Wonyoung,[0.998],Leeseo,"[0.004, 0.000, 0.000, 0.000, 0.000, 0.974, 0.000]",,[],"[0.000, 0.002, 0.000, 0.998, 0.001, 0.012, 0.000, 0.000]"
2909,116.36,116.4,Wonyoung,0.9978076815605164,Wonyoung,[0.998],Leeseo,"[0.004, 0.000, 0.000, 0.000, 0.000, 0.972, 0.000]",,[],"[0.000, 0.002, 0.000, 0.998, 0.001, 0.013, 0.000, 0.000]"
2910,116.4,116.44,Wonyoung,0.9977076053619385,Wonyoung,[0.998],Leeseo,"[0.004, 0.000, 0.000, 0.000, 0.000, 0.969, 0.000]",,[],"[0.000, 0.002, 0.000, 0.998, 0.001, 0.013, 0.000, 0.000]"
2911,116.44,116.48,Wonyoung,0.9976296424865723,Wonyoung,[0.998],Leeseo,"[0.003, 0.000, 0.000, 0.000, 0.000, 0.964, 0.000]",,[],"[0.000, 0.001, 0.000, 0.998, 0.001, 0.013, 0.000, 0.000]"
2912,116.48,116.52,Wonyoung,0.9975753426551819,Wonyoung,[0.998],Leeseo,"[0.003, 0.000, 0.000, 0.000, 0.000, 0.957, 0.000]",,[],"[0.000, 0.001, 0.000, 0.998, 0.001, 0.012, 0.000, 0.000]"
2913,116.52,116.56,Wonyoung,0.9975438714027405,Wonyoung,[0.998],Leeseo,"[0.003, 0.000, 0.000, 0.000, 0.000, 0.949, 0.000]",,[],"[0.000, 0.001, 0.000, 0.998, 0.001, 0.012, 0.000, 0.000]"
2914,116.56,116.6,Wonyoung,0.9975317716598511,Wonyoung,[0.998],Leeseo,"[0.002, 0.000, 0.000, 0.000, 0.000, 0.937, 0.000]",,[],"[0.000, 0.001, 0.000, 0.998, 0.001, 0.011, 0.000, 0.000]"
2915,116.6,116.64,Wonyoung,0.9975368976593018,Wonyoung,[0.998],Leeseo,"[0.002, 0.000, 0.000, 0.000, 0.000, 0.920, 0.000]",,[],"[0.000, 0.001, 0.000, 0.998, 0.001, 0.011, 0.000, 0.000]"
2916,116.64,116.68,Wonyoung,0.9975574016571045,Wonyoung,[0.998],Leeseo,"[0.001, 0.000, 0.000, 0.000, 0.000, 0.899, 0.000]",,[],"[0.000, 0.001, 0.000, 0.998, 0.001, 0.010, 0.000, 0.000]"
2917,116.68,116.72,Wonyoung,0.9975870847702026,Wonyoung,[0.998],Leeseo,"[0.001, 0.000, 0.000, 0.000, 0.000, 0.871, 0.000]",,[],"[0.000, 0.000, 0.000, 0.998, 0.001, 0.010, 0.000, 0.000]"
2918,116.72,116.76,Wonyoung,0.9976175427436829,Wonyoung,[0.998],Leeseo,"[0.001, 0.000, 0.000, 0.000, 0.000, 0.834, 0.000]",,[],"[0.000, 0.000, 0.000, 0.998, 0.001, 0.009, 0.001, 0.000]"
2919,116.76,116.8,Wonyoung,0.9976431727409363,Wonyoung,[0.998],Leeseo,"[0.001, 0.000, 0.000, 0.000, 0.000, 0.788, 0.000]",,[],"[0.000, 0.000, 0.000, 0.998, 0.001, 0.009, 0.001, 0.000]"
2920,116.8,116.84,Wonyoung,0.9976584911346436,Wonyoung,[0.998],Leeseo,"[0.001, 0.000, 0.000, 0.000, 0.000, 0.731, 0.000]",,[],"[0.000, 0.000, 0.000, 0.998, 0.001, 0.009, 0.001, 0.000]"
2921,116.84,116.88,Wonyoung,0.9976587295532227,Wonyoung,[0.998],Leeseo,"[0.000, 0.000, 0.000, 0.000, 0.000, 0.662, 0.000]",,[],"[0.000, 0.000, 0.000, 0.998, 0.001, 0.008, 0.001, 0.000]"
2922,116.88,116.92,Wonyoung,0.9976404905319214,Wonyoung,[0.998],Leeseo,"[0.000, 0.000, 0.000, 0.000, 0.000, 0.583, 0.000]",,[],"[0.000, 0.000, 0.000, 0.998, 0.001, 0.008, 0.001, 0.000]"
2923,116.92,116.96,Wonyoung,0.9976009726524353,Wonyoung,[0.998],Leeseo,"[0.000, 0.000, 0.000, 0.000, 0.000, 0.498, 0.000]",,[],"[0.000, 0.000, 0.000, 0.998, 0.001, 0.008, 0.001, 0.000]"
2924,116.96,117.0,Wonyoung,0.9975359439849854,Wonyoung,[0.998],,[],,[],"[0.000, 0.000, 0.000, 0.998, 0.001, 0.008, 0.001, 0.000]"
2925,117.0,117.04,Wonyoung,0.9974415302276611,Wonyoung,[0.997],,[],,[],"[0.000, 0.000, 0.000, 0.997, 0.001, 0.007, 0.001, 0.000]"
2926,117.04,117.08,Wonyoung,0.9973136782646179,Wonyoung,[0.997],,[],,[],"[0.000, 0.000, 0.000, 0.997, 0.001, 0.007, 0.001, 0.000]"
2927,117.08,117.12,Wonyoung,0.9971517324447632,Wonyoung,[0.997],,[],,[],"[0.000, 0.000, 0.000, 0.997, 0.001, 0.007, 0.001, 0.000]"
2928,117.12,117.16,Wonyoung,0.9969569444656372,Wonyoung,[0.997],,[],,[],"[0.000, 0.000, 0.000, 0.997, 0.001, 0.008, 0.001, 0.000]"
2929,117.16,117.2,Wonyoung,0.9967303276062012,Wonyoung,[0.997],,[],,[],"[0.000, 0.000, 0.000, 0.997, 0.002, 0.008, 0.001, 0.000]"
2930,117.2,117.24,Wonyoung,0.9964776635169983,Wonyoung,[0.996],,[],,[],"[0.000, 0.000, 0.000, 0.996, 0.002, 0.008, 0.001, 0.000]"
2931,117.24,117.28,Wonyoung,0.9962002635002136,Wonyoung,[0.996],,[],,[],"[0.000, 0.001, 0.000, 0.996, 0.002, 0.008, 0.001, 0.000]"
2932,117.28,117.32,Wonyoung,0.9958963394165039,Wonyoung,[0.996],,[],,[],"[0.000, 0.001, 0.000, 0.996, 0.003, 0.008, 0.001, 0.000]"
2933,117.32,117.36,Wonyoung,0.9955610036849976,Wonyoung,[0.996],,[],,[],"[0.000, 0.001, 0.000, 0.996, 0.003, 0.008, 0.001, 0.000]"
2934,117.36,117.4,Wonyoung,0.9951816201210022,Wonyoung,[0.995],,[],,[],"[0.000, 0.001, 0.000, 0.995, 0.004, 0.009, 0.001, 0.000]"
2935,117.4,117.44,Wonyoung,0.9947347640991211,Wonyoung,[0.995],,[],,[],"[0.000, 0.001, 0.000, 0.995, 0.005, 0.009, 0.001, 0.000]"
2936,117.44,117.48,Wonyoung,0.9941864013671875,Wonyoung,[0.994],,[],,[],"[0.001, 0.001, 0.000, 0.994, 0.006, 0.009, 0.001, 0.000]"
2937,117.48,117.52,Wonyoung,0.9934951663017273,Wonyoung,[0.993],,[],,[],"[0.001, 0.002, 0.000, 0.993, 0.008, 0.009, 0.001, 0.000]"
2938,117.52,117.56,Wonyoung,0.9925987720489502,Wonyoung,[0.993],,[],,[],"[0.001, 0.002, 0.000, 0.993, 0.009, 0.009, 0.001, 0.000]"
2939,117.56,117.6,Wonyoung,0.9913989305496216,Wonyoung,[0.991],,[],,[],"[0.001, 0.002, 0.000, 0.991, 0.011, 0.009, 0.001, 0.000]"
2940,117.6,117.64,Wonyoung,0.9897468090057373,Wonyoung,[0.990],,[],,[],"[0.001, 0.003, 0.000, 0.990, 0.014, 0.009, 0.001, 0.000]"
2941,117.64,117.68,Wonyoung,0.9874043464660645,Wonyoung,[0.987],,[],,[],"[0.001, 0.003, 0.000, 0.987, 0.017, 0.008, 0.001, 0.000]"
2942,117.68,117.72,Wonyoung,0.9839805364608765,Wonyoung,[0.984],,[],,[],"[0.001, 0.003, 0.000, 0.984, 0.020, 0.008, 0.001, 0.000]"
2943,117.72,117.76,Wonyoung,0.9788525700569153,Wonyoung,[0.979],,[],,[],"[0.001, 0.004, 0.000, 0.979, 0.024, 0.007, 0.001, 0.000]"
2944,117.76,117.8,Wonyoung,0.9710073471069336,Wonyoung,[0.971],,[],,[],"[0.001, 0.004, 0.000, 0.971, 0.028, 0.007, 0.001, 0.000]"
2945,117.8,117.84,Wonyoung,0.9586845636367798,Wonyoung,[0.959],,[],,[],"[0.001, 0.004, 0.000, 0.959, 0.032, 0.006, 0.001, 0.000]"
2946,117.84,117.88,Wonyoung,0.9388816356658936,Wonyoung,[0.939],,[],,[],"[0.001, 0.005, 0.000, 0.939, 0.037, 0.006, 0.001, 0.000]"
2947,117.88,117.92,Wonyoung,0.9067060947418213,Wonyoung,[0.907],,[],,[],"[0.001, 0.005, 0.000, 0.907, 0.042, 0.005, 0.001, 0.000]"
2948,117.92,117.96,Wonyoung,0.8546414375305176,Wonyoung,[0.855],,[],,[],"[0.001, 0.005, 0.000, 0.855, 0.047, 0.004, 0.001, 0.000]"
2949,117.96,118.0,Wonyoung,0.7729314565658569,Wonyoung,[0.773],,[],,[],"[0.001, 0.005, 0.000, 0.773, 0.053, 0.004, 0.001, 0.000]"
2950,118.0,118.04,Wonyoung,0.6537651419639587,Wonyoung,[0.654],,[],,[],"[0.001, 0.005, 0.000, 0.654, 0.058, 0.003, 0.001, 0.000]"
2951,118.04,118.08,Wonyoung,0.5014353394508362,Wonyoung,[0.501],,[],,[],"[0.001, 0.005, 0.000, 0.501, 0.062, 0.002, 0.001, 0.000]"
2952,118.08,118.12,silence,6.450706564464781e-07,,[],,[],,[],"[0.000, 0.005, 0.000, 0.341, 0.066, 0.002, 0.001, 0.000]"
2953,118.12,118.16,silence,7.736596217000624e-07,,[],,[],,[],"[0.000, 0.005, 0.000, 0.205, 0.069, 0.002, 0.001, 0.000]"
2954,118.16,118.2,silence,9.13097949251096e-07,,[],,[],,[],"[0.000, 0.005, 0.000, 0.111, 0.072, 0.001, 0.000, 0.000]"
2955,118.2,118.24,silence,1.05184267340519e-06,,[],,[],,[],"[0.000, 0.006, 0.000, 0.056, 0.073, 0.001, 0.000, 0.000]"
2956,118.24,118.28,silence,1.1728254776244285e-06,,[],,[],,[],"[0.000, 0.006, 0.000, 0.027, 0.074, 0.001, 0.000, 0.000]"
2957,118.28,118.32,silence,1.255384859177866e-06,,[],,[],,[],"[0.000, 0.007, 0.000, 0.013, 0.073, 0.001, 0.000, 0.000]"
2958,118.32,118.36,silence,1.2783615375155932e-06,,[],,[],,[],"[0.000, 0.007, 0.000, 0.006, 0.072, 0.000, 0.000, 0.000]"
2959,118.36,118.4,silence,1.227869802278292e-06,,[],,[],,[],"[0.000, 0.008, 0.000, 0.003, 0.070, 0.000, 0.000, 0.000]"
2960,118.4,118.44,silence,1.1013673884008313e-06,,[],,[],,[],"[0.000, 0.010, 0.000, 0.001, 0.067, 0.000, 0.000, 0.000]"
2961,118.44,118.48,silence,9.150611504082917e-07,,[],,[],,[],"[0.000, 0.013, 0.000, 0.001, 0.063, 0.000, 0.000, 0.000]"
2962,118.48,118.52,silence,6.999678703323298e-07,,[],,[],,[],"[0.000, 0.016, 0.000, 0.000, 0.058, 0.000, 0.000, 0.000]"
2963,118.52,118.56,silence,4.908956157123612e-07,,[],,[],,[],"[0.000, 0.022, 0.000, 0.000, 0.053, 0.000, 0.000, 0.000]"
2964,118.56,118.6,silence,3.1445080139747006e-07,,[],,[],,[],"[0.000, 0.031, 0.000, 0.000, 0.049, 0.000, 0.000, 0.000]"
2965,118.6,118.64,silence,1.833848557453166e-07,,[],,[],,[],"[0.000, 0.044, 0.000, 0.000, 0.043, 0.000, 0.000, 0.000]"
2966,118.64,118.68,silence,9.732533357009743e-08,,[],,[],,[],"[0.000, 0.065, 0.000, 0.000, 0.039, 0.000, 0.000, 0.000]"
2967,118.68,118.72,silence,4.710979695232709e-08,,[],,[],,[],"[0.000, 0.099, 0.000, 0.000, 0.034, 0.000, 0.000, 0.000]"
2968,118.72,118.76,silence,2.0820564827772614e-08,,[],,[],,[],"[0.000, 0.152, 0.000, 0.000, 0.030, 0.000, 0.000, 0.000]"
2969,118.76,118.8,silence,8.423043595939816e-09,,[],,[],,[],"[0.000, 0.231, 0.000, 0.000, 0.026, 0.000, 0.000, 0.000]"
2970,118.8,118.84,silence,3.134496884271698e-09,,[],,[],,[],"[0.000, 0.341, 0.000, 0.000, 0.022, 0.000, 0.000, 0.000]"
2971,118.84,118.88,silence,1.080867173541833e-09,,[],,[],,[],"[0.000, 0.478, 0.000, 0.000, 0.019, 0.000, 0.000, 0.000]"
2972,118.88,118.92,Yujin,0.6219620108604431,Yujin,[0.622],,[],,[],"[0.000, 0.622, 0.000, 0.000, 0.016, 0.000, 0.000, 0.000]"
2973,118.92,118.96,Yujin,0.7502389550209045,Yujin,[0.750],,[],,[],"[0.000, 0.750, 0.000, 0.000, 0.014, 0.000, 0.000, 0.000]"
2974,118.96,119.0,Yujin,0.8474101424217224,Yujin,[0.847],,[],,[],"[0.000, 0.847, 0.000, 0.000, 0.012, 0.000, 0.000, 0.000]"
2975,119.0,119.04,Yujin,0.9120222330093384,Yujin,[0.912],,[],,[],"[0.000, 0.912, 0.000, 0.000, 0.010, 0.000, 0.000, 0.000]"
2976,119.04,119.08,Yujin,0.9511162042617798,Yujin,[0.951],,[],,[],"[0.000, 0.951, 0.000, 0.000, 0.008, 0.000, 0.000, 0.000]"
2977,119.08,119.12,Yujin,0.9734086394309998,Yujin,[0.973],,[],,[],"[0.000, 0.973, 0.000, 0.000, 0.007, 0.000, 0.000, 0.000]"
2978,119.12,119.16,Yujin,0.9856967926025391,Yujin,[0.986],,[],,[],"[0.000, 0.986, 0.000, 0.000, 0.006, 0.000, 0.000, 0.000]"
2979,119.16,119.2,Yujin,0.9923410415649414,Yujin,[0.992],,[],,[],"[0.000, 0.992, 0.000, 0.000, 0.005, 0.000, 0.000, 0.000]"
2980,119.2,119.24,Yujin,0.9958989024162292,Yujin,[0.996],,[],,[],"[0.000, 0.996, 0.000, 0.000, 0.004, 0.000, 0.000, 0.000]"
2981,119.24,119.28,Yujin,0.9977966547012329,Yujin,[0.998],,[],,[],"[0.000, 0.998, 0.000, 0.000, 0.004, 0.000, 0.000, 0.000]"
2982,119.28,119.32,Yujin,0.9988070726394653,Yujin,[0.999],,[],,[],"[0.000, 0.999, 0.000, 0.000, 0.003, 0.000, 0.000, 0.000]"
2983,119.32,119.36,Yujin,0.999345600605011,Yujin,[0.999],,[],,[],"[0.000, 0.999, 0.000, 0.000, 0.003, 0.000, 0.000, 0.000]"
2984,119.36,119.4,Yujin,0.9996345043182373,Yujin,[1.000],,[],,[],"[0.000, 1.000, 0.000, 0.000, 0.003, 0.000, 0.000, 0.000]"
2985,119.4,119.44,Yujin,0.9997914433479309,Yujin,[1.000],,[],,[],"[0.000, 1.000, 0.000, 0.000, 0.002, 0.000, 0.000, 0.000]"
2986,119.44,119.48,Yujin,0.9998779296875,Yujin,[1.000],,[],,[],"[0.000, 1.000, 0.000, 0.000, 0.002, 0.000, 0.000, 0.000]"
2987,119.48,119.52,Yujin,0.9999264478683472,Yujin,[1.000],,[],,[],"[0.000, 1.000, 0.000, 0.000, 0.002, 0.000, 0.000, 0.000]"
2988,119.52,119.56,Yujin,0.999954342842102,Yujin,[1.000],,[],,[],"[0.000, 1.000, 0.000, 0.000, 0.002, 0.000, 0.000, 0.000]"
2989,119.56,119.6,Yujin,0.9999706745147705,Yujin,[1.000],,[],,[],"[0.000, 1.000, 0.000, 0.000, 0.002, 0.000, 0.000, 0.000]"
2990,119.6,119.64,Yujin,0.9999804496765137,Yujin,[1.000],,[],,[],"[0.000, 1.000, 0.000, 0.000, 0.002, 0.000, 0.000, 0.000]"
2991,119.64,119.68,Yujin,0.9999864101409912,Yujin,[1.000],,[],,[],"[0.000, 1.000, 0.000, 0.000, 0.002, 0.000, 0.000, 0.000]"
2992,119.68,119.72,Yujin,0.9999902248382568,Yujin,[1.000],,[],,[],"[0.000, 1.000, 0.000, 0.000, 0.002, 0.000, 0.000, 0.000]"
2993,119.72,119.76,Yujin,0.9999924898147583,Yujin,[1.000],,[],,[],"[0.000, 1.000, 0.000, 0.000, 0.002, 0.000, 0.000, 0.000]"
2994,119.76,119.8,Yujin,0.9999940395355225,Yujin,[1.000],,[],,[],"[0.000, 1.000, 0.000, 0.000, 0.002, 0.000, 0.000, 0.000]"
2995,119.8,119.84,Yujin,0.9999951124191284,Yujin,[1.000],,[],,[],"[0.000, 1.000, 0.000, 0.000, 0.002, 0.000, 0.000, 0.000]"
2996,119.84,119.88,Yujin,0.9999957084655762,Yujin,[1.000],,[],,[],"[0.000, 1.000, 0.000, 0.000, 0.002, 0.000, 0.000, 0.000]"
2997,119.88,119.92,Yujin,0.9999960660934448,Yujin,[1.000],,[],,[],"[0.000, 1.000, 0.000, 0.000, 0.002, 0.000, 0.000, 0.000]"
2998,119.92,119.96,Yujin,0.9999963045120239,Yujin,[1.000],,[],,[],"[0.000, 1.000, 0.000, 0.000, 0.003, 0.000, 0.000, 0.000]"
2999,119.96,120.0,Yujin,0.9999963045120239,Yujin,[1.000],,[],,[],"[0.000, 1.000, 0.000, 0.000, 0.003, 0.000, 0.000, 0.000]"
3000,120.0,120.04,Yujin,0.9999963045120239,Yujin,[1.000],,[],,[],"[0.000, 1.000, 0.000, 0.000, 0.003, 0.000, 0.000, 0.000]"
3001,120.04,120.08,Yujin,0.9999960660934448,Yujin,[1.000],,[],,[],"[0.000, 1.000, 0.000, 0.000, 0.004, 0.000, 0.000, 0.000]"
3002,120.08,120.12,Yujin,0.9999957084655762,Yujin,[1.000],,[],,[],"[0.000, 1.000, 0.000, 0.000, 0.004, 0.000, 0.000, 0.000]"
3003,120.12,120.16,Yujin,0.999995231628418,Yujin,[1.000],,[],,[],"[0.000, 1.000, 0.000, 0.000, 0.005, 0.000, 0.000, 0.000]"
3004,120.16,120.2,Yujin,0.9999945163726807,Yujin,[1.000],,[],,[],"[0.000, 1.000, 0.000, 0.000, 0.005, 0.000, 0.000, 0.000]"
3005,120.2,120.24,Yujin,0.9999935626983643,Yujin,[1.000],,[],,[],"[0.000, 1.000, 0.000, 0.000, 0.006, 0.000, 0.000, 0.000]"
3006,120.24,120.28,Yujin,0.9999922513961792,Yujin,[1.000],,[],,[],"[0.000, 1.000, 0.000, 0.000, 0.007, 0.000, 0.000, 0.000]"
3007,120.28,120.32,Yujin,0.999990701675415,Yujin,[1.000],,[],,[],"[0.000, 1.000, 0.000, 0.000, 0.008, 0.000, 0.000, 0.000]"
3008,120.32,120.36,Yujin,0.9999885559082031,Yujin,[1.000],,[],,[],"[0.000, 1.000, 0.000, 0.000, 0.009, 0.000, 0.000, 0.000]"
3009,120.36,120.4,Yujin,0.9999856948852539,Yujin,[1.000],,[],,[],"[0.000, 1.000, 0.000, 0.000, 0.009, 0.000, 0.000, 0.000]"
3010,120.4,120.44,Yujin,0.9999821186065674,Yujin,[1.000],,[],,[],"[0.000, 1.000, 0.000, 0.000, 0.010, 0.000, 0.000, 0.000]"
3011,120.44,120.48,Yujin,0.9999772310256958,Yujin,[1.000],,[],,[],"[0.000, 1.000, 0.000, 0.000, 0.011, 0.000, 0.000, 0.000]"
3012,120.48,120.52,Yujin,0.9999709129333496,Yujin,[1.000],,[],,[],"[0.000, 1.000, 0.000, 0.000, 0.012, 0.000, 0.000, 0.000]"
3013,120.52,120.56,Yujin,0.9999624490737915,Yujin,[1.000],,[],,[],"[0.000, 1.000, 0.000, 0.000, 0.012, 0.000, 0.000, 0.000]"
3014,120.56,120.6,Yujin,0.9999514818191528,Yujin,[1.000],,[],,[],"[0.000, 1.000, 0.000, 0.000, 0.012, 0.000, 0.000, 0.000]"
3015,120.6,120.64,Yujin,0.9999372959136963,Yujin,[1.000],,[],,[],"[0.000, 1.000, 0.000, 0.000, 0.012, 0.000, 0.000, 0.000]"
3016,120.64,120.68,Yujin,0.9999191761016846,Yujin,[1.000],,[],,[],"[0.000, 1.000, 0.000, 0.000, 0.011, 0.000, 0.000, 0.000]"
3017,120.68,120.72,Yujin,0.9998964071273804,Yujin,[1.000],,[],,[],"[0.000, 1.000, 0.000, 0.000, 0.010, 0.000, 0.000, 0.000]"
3018,120.72,120.76,Yujin,0.9998677968978882,Yujin,[1.000],,[],,[],"[0.000, 1.000, 0.000, 0.000, 0.009, 0.000, 0.000, 0.000]"
3019,120.76,120.8,Yujin,0.9998323917388916,Yujin,[1.000],,[],,[],"[0.000, 1.000, 0.000, 0.000, 0.008, 0.000, 0.000, 0.000]"
3020,120.8,120.84,Yujin,0.9997894167900085,Yujin,[1.000],,[],,[],"[0.000, 1.000, 0.000, 0.000, 0.006, 0.000, 0.000, 0.000]"
3021,120.84,120.88,Yujin,0.9997383952140808,Yujin,[1.000],,[],,[],"[0.000, 1.000, 0.000, 0.000, 0.005, 0.000, 0.000, 0.000]"
3022,120.88,120.92,Yujin,0.9996802806854248,Yujin,[1.000],,[],,[],"[0.000, 1.000, 0.000, 0.000, 0.004, 0.000, 0.000, 0.000]"
3023,120.92,120.96,Yujin,0.9996169805526733,Yujin,[1.000],,[],,[],"[0.000, 1.000, 0.000, 0.000, 0.003, 0.000, 0.000, 0.000]"
3024,120.96,121.0,Yujin,0.9995524287223816,Yujin,[1.000],,[],,[],"[0.000, 1.000, 0.000, 0.000, 0.002, 0.000, 0.000, 0.000]"
3025,121.0,121.04,Yujin,0.9994902610778809,Yujin,[0.999],,[],,[],"[0.000, 0.999, 0.000, 0.000, 0.001, 0.000, 0.000, 0.000]"
3026,121.04,121.08,Yujin,0.9994358420372009,Yujin,[0.999],,[],,[],"[0.000, 0.999, 0.000, 0.000, 0.001, 0.000, 0.000, 0.000]"
3027,121.08,121.12,Yujin,0.9993942975997925,Yujin,[0.999],,[],,[],"[0.000, 0.999, 0.000, 0.000, 0.001, 0.000, 0.000, 0.000]"
3028,121.12,121.16,Yujin,0.9993694424629211,Yujin,[0.999],,[],,[],"[0.000, 0.999, 0.000, 0.000, 0.000, 0.000, 0.000, 0.000]"
3029,121.16,121.2,Yujin,0.999363124370575,Yujin,[0.999],,[],,[],"[0.000, 0.999, 0.000, 0.000, 0.000, 0.000, 0.000, 0.000]"
3030,121.2,121.24,Yujin,0.9993755221366882,Yujin,[0.999],,[],,[],"[0.000, 0.999, 0.000, 0.000, 0.000, 0.000, 0.000, 0.000]"
3031,121.24,121.28,Yujin,0.9994049072265625,Yujin,[0.999],,[],,[],"[0.000, 0.999, 0.000, 0.000, 0.000, 0.000, 0.000, 0.000]"
3032,121.28,121.32,Yujin,0.9994478821754456,Yujin,[0.999],,[],,[],"[0.000, 0.999, 0.000, 0.000, 0.000, 0.000, 0.000, 0.000]"
3033,121.32,121.36,Yujin,0.9995002746582031,Yujin,[1.000],,[],,[],"[0.000, 1.000, 0.000, 0.000, 0.000, 0.000, 0.000, 0.000]"
3034,121.36,121.4,Yujin,0.9995567202568054,Yujin,[1.000],,[],,[],"[0.000, 1.000, 0.000, 0.000, 0.000, 0.000, 0.000, 0.000]"
3035,121.4,121.44,Yujin,0.9996126294136047,Yujin,[1.000],,[],,[],"[0.000, 1.000, 0.000, 0.000, 0.000, 0.000, 0.000, 0.000]"
3036,121.44,121.48,Yujin,0.999663233757019,Yujin,[1.000],,[],,[],"[0.000, 1.000, 0.000, 0.000, 0.000, 0.000, 0.001, 0.000]"
3037,121.48,121.52,Yujin,0.9997064471244812,Yujin,[1.000],,[],,[],"[0.000, 1.000, 0.000, 0.000, 0.000, 0.000, 0.001, 0.000]"
3038,121.52,121.56,Yujin,0.9997414946556091,Yujin,[1.000],,[],,[],"[0.000, 1.000, 0.000, 0.000, 0.000, 0.000, 0.001, 0.000]"
3039,121.56,121.6,Yujin,0.9997683167457581,Yujin,[1.000],,[],,[],"[0.000, 1.000, 0.000, 0.000, 0.000, 0.000, 0.001, 0.000]"
3040,121.6,121.64,Yujin,0.9997870326042175,Yujin,[1.000],,[],,[],"[0.000, 1.000, 0.000, 0.000, 0.000, 0.000, 0.001, 0.000]"
3041,121.64,121.68,Yujin,0.9997974038124084,Yujin,[1.000],,[],,[],"[0.000, 1.000, 0.000, 0.000, 0.000, 0.000, 0.001, 0.000]"
3042,121.68,121.72,Yujin,0.9997987151145935,Yujin,[1.000],,[],,[],"[0.000, 1.000, 0.000, 0.000, 0.000, 0.000, 0.001, 0.000]"
3043,121.72,121.76,Yujin,0.9997894167900085,Yujin,[1.000],,[],,[],"[0.000, 1.000, 0.000, 0.000, 0.000, 0.000, 0.001, 0.000]"
3044,121.76,121.8,Yujin,0.9997661709785461,Yujin,[1.000],,[],,[],"[0.000, 1.000, 0.000, 0.000, 0.000, 0.000, 0.001, 0.000]"
3045,121.8,121.84,Yujin,0.9997215867042542,Yujin,[1.000],,[],,[],"[0.000, 1.000, 0.000, 0.000, 0.000, 0.000, 0.001, 0.000]"
3046,121.84,121.88,Yujin,0.9996415376663208,Yujin,[1.000],,[],,[],"[0.000, 1.000, 0.000, 0.000, 0.000, 0.000, 0.001, 0.000]"
3047,121.88,121.92,Yujin,0.9994977712631226,Yujin,[0.999],,[],,[],"[0.000, 0.999, 0.000, 0.000, 0.000, 0.000, 0.000, 0.000]"
3048,121.92,121.96,Yujin,0.9992305040359497,Yujin,[0.999],,[],,[],"[0.000, 0.999, 0.000, 0.000, 0.000, 0.000, 0.000, 0.000]"
3049,121.96,122.0,Yujin,0.9987092018127441,Yujin,[0.999],,[],,[],"[0.000, 0.999, 0.000, 0.000, 0.000, 0.000, 0.000, 0.000]"
3050,122.0,122.04,Yujin,0.9976297616958618,Yujin,[0.998],,[],,[],"[0.000, 0.998, 0.000, 0.000, 0.000, 0.000, 0.000, 0.000]"
3051,122.04,122.08,Yujin,0.9952479004859924,Yujin,[0.995],,[],,[],"[0.000, 0.995, 0.000, 0.000, 0.000, 0.000, 0.000, 0.000]"
3052,122.08,122.12,Yujin,0.9896373152732849,Yujin,[0.990],,[],,[],"[0.000, 0.990, 0.000, 0.000, 0.000, 0.000, 0.000, 0.000]"
3053,122.12,122.16,Yujin,0.9756041169166565,Yujin,[0.976],,[],,[],"[0.000, 0.976, 0.000, 0.000, 0.000, 0.000, 0.000, 0.000]"
3054,122.16,122.2,Yujin,0.9391586184501648,Yujin,[0.939],,[],,[],"[0.000, 0.939, 0.000, 0.000, 0.000, 0.001, 0.000, 0.000]"
3055,122.2,122.24,Yujin,0.8463882207870483,Yujin,[0.846],,[],,[],"[0.000, 0.846, 0.000, 0.000, 0.000, 0.001, 0.000, 0.000]"
3056,122.24,122.28,Yujin,0.6470943093299866,Yujin,[0.647],,[],,[],"[0.000, 0.647, 0.000, 0.000, 0.000, 0.002, 0.000, 0.000]"
3057,122.28,122.32,silence,2.9791503465548264e-12,,[],,[],,[],"[0.000, 0.365, 0.000, 0.000, 0.000, 0.006, 0.000, 0.000]"
3058,122.32,122.36,silence,2.6319259271989637e-12,,[],,[],,[],"[0.000, 0.146, 0.000, 0.000, 0.000, 0.015, 0.000, 0.000]"
3059,122.36,122.4,silence,2.305110095857099e-12,,[],,[],,[],"[0.000, 0.047, 0.000, 0.000, 0.000, 0.038, 0.000, 0.000]"
3060,122.4,122.44,silence,2.002836481732051e-12,,[],,[],,[],"[0.000, 0.014, 0.000, 0.000, 0.000, 0.101, 0.000, 0.000]"
3061,122.44,122.48,silence,1.7234767215809632e-12,,[],,[],,[],"[0.000, 0.004, 0.000, 0.000, 0.000, 0.245, 0.000, 0.000]"
3062,122.48,122.52,silence,1.466385715111207e-12,,[],,[],,[],"[0.000, 0.001, 0.000, 0.000, 0.000, 0.492, 0.000, 0.000]"
3063,122.52,122.56,Leeseo,0.7476072311401367,Leeseo,[0.748],,[],,[],"[0.000, 0.000, 0.000, 0.000, 0.000, 0.748, 0.000, 0.000]"
3064,122.56,122.6,Leeseo,0.9017963409423828,Leeseo,[0.902],,[],,[],"[0.000, 0.000, 0.000, 0.000, 0.000, 0.902, 0.000, 0.000]"
3065,122.6,122.64,Leeseo,0.9662983417510986,Leeseo,[0.966],,[],,[],"[0.000, 0.000, 0.000, 0.000, 0.000, 0.966, 0.000, 0.000]"
3066,122.64,122.68,Leeseo,0.988934338092804,Leeseo,[0.989],,[],,[],"[0.000, 0.000, 0.000, 0.000, 0.000, 0.989, 0.000, 0.000]"
3067,122.68,122.72,Leeseo,0.9963763356208801,Leeseo,[0.996],,[],,[],"[0.000, 0.000, 0.000, 0.000, 0.000, 0.996, 0.000, 0.000]"
3068,122.72,122.76,Leeseo,0.9987899661064148,Leeseo,[0.999],,[],,[],"[0.000, 0.000, 0.000, 0.000, 0.000, 0.999, 0.000, 0.000]"
3069,122.76,122.8,Leeseo,0.999581515789032,Leeseo,[1.000],,[],,[],"[0.000, 0.000, 0.000, 0.000, 0.000, 1.000, 0.000, 0.000]"
3070,122.8,122.84,Leeseo,0.9998483657836914,Leeseo,[1.000],,[],,[],"[0.000, 0.000, 0.000, 0.000, 0.000, 1.000, 0.000, 0.000]"
3071,122.84,122.88,Leeseo,0.9999418258666992,Leeseo,[1.000],,[],,[],"[0.000, 0.000, 0.000, 0.000, 0.000, 1.000, 0.000, 0.000]"
3072,122.88,122.92,Leeseo,0.9999762773513794,Leeseo,[1.000],,[],,[],"[0.000, 0.000, 0.000, 0.000, 0.000, 1.000, 0.000, 0.000]"
3073,122.92,122.96,Leeseo,0.9999897480010986,Leeseo,[1.000],,[],,[],"[0.000, 0.000, 0.000, 0.000, 0.000, 1.000, 0.000, 0.000]"
3074,122.96,123.0,Leeseo,0.999995231628418,Leeseo,[1.000],,[],,[],"[0.000, 0.000, 0.000, 0.000, 0.000, 1.000, 0.000, 0.000]"
3075,123.0,123.04,Leeseo,0.9999977350234985,Leeseo,[1.000],,[],,[],"[0.000, 0.000, 0.000, 0.000, 0.000, 1.000, 0.000, 0.000]"
3076,123.04,123.08,Leeseo,0.9999988079071045,Leeseo,[1.000],,[],,[],"[0.000, 0.000, 0.000, 0.000, 0.000, 1.000, 0.000, 0.000]"
3077,123.08,123.12,Leeseo,0.9999992847442627,Leeseo,[1.000],,[],,[],"[0.000, 0.000, 0.000, 0.000, 0.000, 1.000, 0.000, 0.000]"
3078,123.12,123.16,Leeseo,0.9999996423721313,Leeseo,[1.000],,[],,[],"[0.000, 0.000, 0.000, 0.000, 0.000, 1.000, 0.000, 0.000]"
3079,123.16,123.2,Leeseo,0.9999997615814209,Leeseo,[1.000],,[],,[],"[0.000, 0.000, 0.000, 0.000, 0.000, 1.000, 0.000, 0.000]"
3080,123.2,123.24,Leeseo,0.9999998807907104,Leeseo,[1.000],,[],,[],"[0.000, 0.000, 0.000, 0.000, 0.000, 1.000, 0.000, 0.000]"
3081,123.24,123.28,Leeseo,0.9999998807907104,Leeseo,[1.000],,[],,[],"[0.000, 0.000, 0.000, 0.000, 0.000, 1.000, 0.000, 0.000]"
3082,123.28,123.32,Leeseo,0.9999998807907104,Leeseo,[1.000],,[],,[],"[0.000, 0.000, 0.000, 0.000, 0.000, 1.000, 0.000, 0.000]"
3083,123.32,123.36,Leeseo,1.0,Leeseo,[1.000],,[],,[],"[0.000, 0.000, 0.000, 0.000, 0.000, 1.000, 0.000, 0.000]"
3084,123.36,123.4,Leeseo,1.0,Leeseo,[1.000],,[],,[],"[0.000, 0.000, 0.000, 0.000, 0.000, 1.000, 0.000, 0.000]"
3085,123.4,123.44,Leeseo,1.0,Leeseo,[1.000],,[],,[],"[0.000, 0.000, 0.000, 0.000, 0.000, 1.000, 0.000, 0.000]"
3086,123.44,123.48,Leeseo,1.0,Leeseo,[1.000],,[],,[],"[0.000, 0.000, 0.000, 0.000, 0.000, 1.000, 0.000, 0.000]"
3087,123.48,123.52,Leeseo,1.0,Leeseo,[1.000],,[],,[],"[0.000, 0.000, 0.000, 0.000, 0.000, 1.000, 0.000, 0.000]"
3088,123.52,123.56,Leeseo,1.0,Leeseo,[1.000],,[],,[],"[0.000, 0.000, 0.000, 0.000, 0.000, 1.000, 0.000, 0.000]"
3089,123.56,123.6,Leeseo,1.0,Leeseo,[1.000],,[],,[],"[0.000, 0.000, 0.000, 0.000, 0.000, 1.000, 0.000, 0.000]"
3090,123.6,123.64,Leeseo,1.0,Leeseo,[1.000],,[],,[],"[0.000, 0.000, 0.000, 0.000, 0.000, 1.000, 0.000, 0.000]"
3091,123.64,123.68,Leeseo,1.0,Leeseo,[1.000],,[],,[],"[0.000, 0.000, 0.000, 0.000, 0.000, 1.000, 0.000, 0.000]"
3092,123.68,123.72,Leeseo,1.0,Leeseo,[1.000],,[],,[],"[0.000, 0.000, 0.000, 0.000, 0.000, 1.000, 0.000, 0.000]"
3093,123.72,123.76,Leeseo,1.0,Leeseo,[1.000],Wonyoung,"[0.000, 0.000, 0.000, 0.538, 0.000, 0.000, 0.000]",,[],"[0.000, 0.000, 0.000, 0.000, 0.000, 1.000, 0.000, 0.000]"
3094,123.76,123.8,Leeseo,1.0,Leeseo,[1.000],Wonyoung,"[0.000, 0.000, 0.000, 0.610, 0.000, 0.000, 0.000]",,[],"[0.000, 0.000, 0.000, 0.000, 0.000, 1.000, 0.000, 0.000]"
3095,123.8,123.84,Leeseo,1.0,Leeseo,[1.000],Wonyoung,"[0.000, 0.000, 0.000, 0.674, 0.000, 0.000, 0.000]",,[],"[0.000, 0.000, 0.000, 0.000, 0.000, 1.000, 0.000, 0.000]"
3096,123.84,123.88,Leeseo,1.0,Leeseo,[1.000],Wonyoung,"[0.000, 0.000, 0.000, 0.729, 0.000, 0.000, 0.000]",,[],"[0.000, 0.000, 0.000, 0.000, 0.000, 1.000, 0.000, 0.000]"
3097,123.88,123.92,Leeseo,1.0,Leeseo,[1.000],Wonyoung,"[0.000, 0.000, 0.000, 0.774, 0.000, 0.000, 0.000]",,[],"[0.000, 0.000, 0.000, 0.000, 0.000, 1.000, 0.000, 0.000]"
3098,123.92,123.96,Leeseo,1.0,Leeseo,[1.000],Wonyoung,"[0.000, 0.000, 0.000, 0.812, 0.000, 0.000, 0.000]",,[],"[0.000, 0.000, 0.000, 0.000, 0.000, 1.000, 0.000, 0.000]"
3099,123.96,124.0,Leeseo,1.0,Leeseo,[1.000],Wonyoung,"[0.000, 0.000, 0.000, 0.841, 0.000, 0.000, 0.000]",,[],"[0.000, 0.000, 0.000, 0.000, 0.000, 1.000, 0.000, 0.000]"
3100,124.0,124.04,Leeseo,1.0,Leeseo,[1.000],Wonyoung,"[0.000, 0.000, 0.000, 0.865, 0.000, 0.000, 0.000]",,[],"[0.000, 0.000, 0.000, 0.000, 0.000, 1.000, 0.000, 0.000]"
3101,124.04,124.08,Leeseo,1.0,Leeseo,[1.000],Wonyoung,"[0.000, 0.000, 0.000, 0.884, 0.000, 0.000, 0.000]",,[],"[0.000, 0.000, 0.000, 0.000, 0.000, 1.000, 0.000, 0.000]"
3102,124.08,124.12,Leeseo,1.0,Leeseo,[1.000],Wonyoung,"[0.000, 0.000, 0.000, 0.898, 0.000, 0.000, 0.000]",,[],"[0.000, 0.000, 0.000, 0.000, 0.000, 1.000, 0.000, 0.000]"
3103,124.12,124.16,Leeseo,1.0,Leeseo,[1.000],Wonyoung,"[0.000, 0.000, 0.000, 0.908, 0.000, 0.000, 0.000]",,[],"[0.000, 0.000, 0.000, 0.000, 0.000, 1.000, 0.000, 0.000]"
3104,124.16,124.2,Leeseo,1.0,Leeseo,[1.000],Wonyoung,"[0.000, 0.000, 0.000, 0.915, 0.000, 0.000, 0.000]",,[],"[0.000, 0.000, 0.000, 0.000, 0.000, 1.000, 0.000, 0.000]"
3105,124.2,124.24,Leeseo,1.0,Leeseo,[1.000],Wonyoung,"[0.000, 0.000, 0.000, 0.919, 0.000, 0.000, 0.000]",,[],"[0.000, 0.000, 0.000, 0.000, 0.000, 1.000, 0.000, 0.000]"
3106,124.24,124.28,Leeseo,1.0,Leeseo,[1.000],Wonyoung,"[0.000, 0.000, 0.000, 0.919, 0.000, 0.000, 0.000]",,[],"[0.000, 0.000, 0.000, 0.000, 0.000, 1.000, 0.000, 0.000]"
3107,124.28,124.32,Leeseo,1.0,Leeseo,[1.000],Wonyoung,"[0.000, 0.000, 0.000, 0.918, 0.000, 0.000, 0.000]",,[],"[0.000, 0.000, 0.000, 0.000, 0.000, 1.000, 0.000, 0.000]"
3108,124.32,124.36,Leeseo,1.0,Leeseo,[1.000],Wonyoung,"[0.000, 0.000, 0.000, 0.913, 0.000, 0.000, 0.000]",,[],"[0.000, 0.000, 0.000, 0.000, 0.000, 1.000, 0.000, 0.000]"
3109,124.36,124.4,Leeseo,1.0,Leeseo,[1.000],Wonyoung,"[0.000, 0.000, 0.000, 0.905, 0.000, 0.000, 0.000]",,[],"[0.000, 0.000, 0.000, 0.000, 0.000, 1.000, 0.000, 0.000]"
3110,124.4,124.44,Leeseo,1.0,Leeseo,[1.000],Wonyoung,"[0.000, 0.000, 0.000, 0.895, 0.000, 0.000, 0.000]",,[],"[0.000, 0.000, 0.000, 0.000, 0.000, 1.000, 0.000, 0.000]"
3111,124.44,124.48,Leeseo,1.0,Leeseo,[1.000],Wonyoung,"[0.000, 0.000, 0.000, 0.881, 0.000, 0.000, 0.000]",,[],"[0.000, 0.000, 0.000, 0.000, 0.000, 1.000, 0.000, 0.000]"
3112,124.48,124.52,Leeseo,1.0,Leeseo,[1.000],Wonyoung,"[0.000, 0.000, 0.000, 0.864, 0.000, 0.000, 0.000]",,[],"[0.000, 0.000, 0.000, 0.000, 0.000, 1.000, 0.000, 0.000]"
3113,124.52,124.56,Leeseo,1.0,Leeseo,[1.000],Wonyoung,"[0.000, 0.000, 0.000, 0.843, 0.000, 0.000, 0.000]",,[],"[0.000, 0.000, 0.000, 0.000, 0.000, 1.000, 0.000, 0.000]"
3114,124.56,124.6,Leeseo,1.0,Leeseo,[1.000],Wonyoung,"[0.000, 0.000, 0.000, 0.819, 0.000, 0.000, 0.000]",,[],"[0.000, 0.000, 0.000, 0.000, 0.000, 1.000, 0.000, 0.000]"
3115,124.6,124.64,Leeseo,1.0,Leeseo,[1.000],Wonyoung,"[0.000, 0.000, 0.000, 0.793, 0.000, 0.000, 0.000]",,[],"[0.000, 0.000, 0.000, 0.000, 0.000, 1.000, 0.000, 0.000]"
3116,124.64,124.68,Leeseo,1.0,Leeseo,[1.000],Wonyoung,"[0.000, 0.000, 0.000, 0.765, 0.000, 0.000, 0.000]",,[],"[0.000, 0.000, 0.000, 0.000, 0.000, 1.000, 0.000, 0.000]"
3117,124.68,124.72,Leeseo,1.0,Leeseo,[1.000],Wonyoung,"[0.000, 0.000, 0.000, 0.737, 0.000, 0.000, 0.000]",,[],"[0.000, 0.000, 0.000, 0.000, 0.000, 1.000, 0.000, 0.000]"
3118,124.72,124.76,Leeseo,1.0,Leeseo,[1.000],Wonyoung,"[0.000, 0.000, 0.000, 0.710, 0.000, 0.000, 0.000]",,[],"[0.000, 0.000, 0.000, 0.000, 0.000, 1.000, 0.000, 0.000]"
3119,124.76,124.8,Leeseo,1.0,Leeseo,[1.000],Wonyoung,"[0.000, 0.000, 0.000, 0.686, 0.000, 0.000, 0.000]",,[],"[0.000, 0.000, 0.000, 0.000, 0.000, 1.000, 0.000, 0.000]"
3120,124.8,124.84,Leeseo,0.9999998807907104,Leeseo,[1.000],Wonyoung,"[0.000, 0.000, 0.000, 0.668, 0.000, 0.000, 0.000]",,[],"[0.000, 0.000, 0.000, 0.000, 0.000, 1.000, 0.000, 0.000]"
3121,124.84,124.88,Leeseo,0.9999998807907104,Leeseo,[1.000],Wonyoung,"[0.000, 0.000, 0.000, 0.656, 0.000, 0.000, 0.000]",,[],"[0.000, 0.000, 0.000, 0.000, 0.000, 1.000, 0.000, 0.000]"
3122,124.88,124.92,Leeseo,0.9999998807907104,Leeseo,[1.000],Wonyoung,"[0.000, 0.000, 0.000, 0.651, 0.000, 0.000, 0.000]",,[],"[0.000, 0.000, 0.000, 0.000, 0.000, 1.000, 0.000, 0.000]"
3123,124.92,124.96,Leeseo,0.9999998807907104,Leeseo,[1.000],Wonyoung,"[0.000, 0.000, 0.000, 0.653, 0.000, 0.000, 0.000]",,[],"[0.000, 0.000, 0.000, 0.000, 0.000, 1.000, 0.000, 0.000]"
3124,124.96,125.0,Leeseo,0.9999998807907104,Leeseo,[1.000],Wonyoung,"[0.000, 0.000, 0.000, 0.659, 0.000, 0.000, 0.000]",,[],"[0.000, 0.000, 0.000, 0.000, 0.000, 1.000, 0.000, 0.000]"
3125,125.0,125.04,Leeseo,0.9999998807907104,Leeseo,[1.000],Wonyoung,"[0.000, 0.000, 0.000, 0.670, 0.000, 0.000, 0.000]",,[],"[0.000, 0.000, 0.000, 0.000, 0.000, 1.000, 0.000, 0.000]"
3126,125.04,125.08,Leeseo,0.9999997615814209,Leeseo,[1.000],Wonyoung,"[0.000, 0.000, 0.000, 0.684, 0.000, 0.000, 0.000]",,[],"[0.000, 0.000, 0.000, 0.000, 0.000, 1.000, 0.000, 0.000]"
3127,125.08,125.12,Leeseo,0.9999997615814209,Leeseo,[1.000],Wonyoung,"[0.000, 0.000, 0.000, 0.698, 0.000, 0.000, 0.000]",,[],"[0.000, 0.000, 0.000, 0.000, 0.000, 1.000, 0.000, 0.000]"
3128,125.12,125.16,Leeseo,0.9999997615814209,Leeseo,[1.000],Wonyoung,"[0.000, 0.000, 0.000, 0.713, 0.000, 0.000, 0.000]",,[],"[0.000, 0.000, 0.000, 0.000, 0.000, 1.000, 0.001, 0.000]"
3129,125.16,125.2,Leeseo,0.9999997615814209,Leeseo,[1.000],Wonyoung,"[0.000, 0.000, 0.000, 0.727, 0.000, 0.000, 0.000]",,[],"[0.000, 0.000, 0.000, 0.000, 0.000, 1.000, 0.001, 0.000]"
3130,125.2,125.24,Leeseo,0.9999997615814209,Leeseo,[1.000],Wonyoung,"[0.000, 0.000, 0.000, 0.739, 0.000, 0.000, 0.000]",,[],"[0.000, 0.000, 0.000, 0.000, 0.000, 1.000, 0.002, 0.000]"
3131,125.24,125.28,Leeseo,0.9999996423721313,Leeseo,[1.000],Wonyoung,"[0.000, 0.000, 0.000, 0.747, 0.000, 0.000, 0.000]",,[],"[0.000, 0.000, 0.000, 0.000, 0.000, 1.000, 0.003, 0.000]"
3132,125.28,125.32,Leeseo,0.9999996423721313,Leeseo,[1.000],Wonyoung,"[0.000, 0.000, 0.000, 0.752, 0.000, 0.000, 0.000]",,[],"[0.000, 0.000, 0.000, 0.000, 0.000, 1.000, 0.005, 0.000]"
3133,125.32,125.36,Leeseo,0.9999996423721313,Leeseo,[1.000],Wonyoung,"[0.000, 0.000, 0.000, 0.754, 0.000, 0.000, 0.000]",,[],"[0.000, 0.000, 0.000, 0.000, 0.000, 1.000, 0.009, 0.000]"
3134,125.36,125.4,Leeseo,0.9999996423721313,Leeseo,[1.000],Wonyoung,"[0.000, 0.000, 0.000, 0.753, 0.000, 0.000, 0.000]",,[],"[0.000, 0.000, 0.000, 0.000, 0.000, 1.000, 0.014, 0.000]"
3135,125.4,125.44,Leeseo,0.9999996423721313,Leeseo,[1.000],Wonyoung,"[0.000, 0.000, 0.000, 0.748, 0.000, 0.000, 0.000]",,[],"[0.000, 0.000, 0.000, 0.000, 0.000, 1.000, 0.022, 0.000]"
3136,125.44,125.48,Leeseo,0.9999996423721313,Leeseo,[1.000],Wonyoung,"[0.000, 0.000, 0.000, 0.737, 0.000, 0.000, 0.000]",,[],"[0.000, 0.000, 0.000, 0.000, 0.000, 1.000, 0.036, 0.000]"
3137,125.48,125.52,Leeseo,0.9999996423721313,Leeseo,[1.000],Wonyoung,"[0.000, 0.000, 0.000, 0.718, 0.000, 0.000, 0.000]",,[],"[0.000, 0.000, 0.000, 0.000, 0.000, 1.000, 0.055, 0.000]"
3138,125.52,125.56,Leeseo,0.9999995231628418,Leeseo,[1.000],Wonyoung,"[0.000, 0.000, 0.000, 0.690, 0.000, 0.000, 0.000]",,[],"[0.000, 0.000, 0.000, 0.000, 0.000, 1.000, 0.084, 0.000]"
3139,125.56,125.6,Leeseo,0.9999995231628418,Leeseo,[1.000],Wonyoung,"[0.000, 0.000, 0.000, 0.649, 0.000, 0.000, 0.000]",,[],"[0.000, 0.000, 0.000, 0.000, 0.000, 1.000, 0.123, 0.000]"
3140,125.6,125.64,Leeseo,0.9999994039535522,Leeseo,[1.000],Wonyoung,"[0.000, 0.000, 0.000, 0.594, 0.000, 0.000, 0.000]",,[],"[0.000, 0.000, 0.000, 0.000, 0.000, 1.000, 0.173, 0.000]"
3141,125.64,125.68,Leeseo,0.9999992847442627,Leeseo,[1.000],Wonyoung,"[0.000, 0.000, 0.000, 0.523, 0.000, 0.000, 0.000]",,[],"[0.000, 0.000, 0.000, 0.000, 0.000, 1.000, 0.236, 0.000]"
3142,125.68,125.72,Leeseo,0.9999991655349731,Leeseo,[1.000],Wonyoung,"[0.000, 0.000, 0.000, 0.437, 0.000, 0.000, 0.000]",,[],"[0.000, 0.000, 0.000, 0.000, 0.000, 1.000, 0.308, 0.000]"
3143,125.72,125.76,Leeseo,0.999998927116394,Leeseo,[1.000],,[],,[],"[0.000, 0.000, 0.000, 0.000, 0.000, 1.000, 0.386, 0.000]"
3144,125.76,125.8,Leeseo,0.9999984502792358,Leeseo,[1.000],,[],,[],"[0.000, 0.000, 0.000, 0.000, 0.000, 1.000, 0.464, 0.000]"
3145,125.8,125.84,Leeseo,0.9999974966049194,Leeseo|Gang Vocal,"[1.000, 0.539]",,[],,[],"[0.000, 0.000, 0.000, 0.000, 0.000, 1.000, 0.539, 0.000]"
3146,125.84,125.88,Leeseo,0.9999957084655762,Leeseo|Gang Vocal,"[1.000, 0.609]",,[],,[],"[0.000, 0.000, 0.000, 0.000, 0.000, 1.000, 0.609, 0.000]"
3147,125.88,125.92,Leeseo,0.9999922513961792,Leeseo|Gang Vocal,"[1.000, 0.672]",,[],,[],"[0.000, 0.000, 0.000, 0.000, 0.000, 1.000, 0.672, 0.000]"
3148,125.92,125.96,Leeseo,0.9999843835830688,Leeseo|Gang Vocal,"[1.000, 0.727]",,[],,[],"[0.000, 0.000, 0.000, 0.000, 0.000, 1.000, 0.727, 0.000]"
3149,125.96,126.0,Leeseo,0.999966025352478,Leeseo|Gang Vocal,"[1.000, 0.775]",,[],,[],"[0.000, 0.000, 0.000, 0.000, 0.000, 1.000, 0.775, 0.000]"
3150,126.0,126.04,Leeseo,0.9999197721481323,Leeseo|Gang Vocal,"[1.000, 0.815]",,[],,[],"[0.000, 0.000, 0.000, 0.000, 0.000, 1.000, 0.815, 0.000]"
3151,126.04,126.08,Leeseo,0.9997963309288025,Leeseo|Gang Vocal,"[1.000, 0.849]",,[],,[],"[0.000, 0.000, 0.000, 0.000, 0.000, 1.000, 0.849, 0.000]"
3152,126.08,126.12,Leeseo,0.9994465708732605,Leeseo|Gang Vocal,"[0.999, 0.876]",,[],,[],"[0.000, 0.000, 0.000, 0.000, 0.000, 0.999, 0.876, 0.000]"
3153,126.12,126.16,Leeseo,0.9984083771705627,Leeseo|Gang Vocal,"[0.998, 0.899]",,[],,[],"[0.000, 0.000, 0.000, 0.000, 0.000, 0.998, 0.899, 0.000]"
3154,126.16,126.2,Leeseo,0.9952166080474854,Leeseo|Gang Vocal,"[0.995, 0.918]",,[],,[],"[0.000, 0.000, 0.000, 0.000, 0.000, 0.995, 0.918, 0.000]"
3155,126.2,126.24,Leeseo,0.985171377658844,Leeseo|Gang Vocal,"[0.985, 0.933]",,[],,[],"[0.000, 0.000, 0.000, 0.000, 0.000, 0.985, 0.933, 0.000]"
3156,126.24,126.28,Leeseo,0.9536411166191101,Leeseo|Gang Vocal,"[0.954, 0.945]",,[],,[],"[0.000, 0.000, 0.000, 0.000, 0.000, 0.954, 0.945, 0.000]"
3157,126.28,126.32,Leeseo,0.8614426851272583,Leeseo|Gang Vocal,"[0.861, 0.955]",,[],,[],"[0.000, 0.000, 0.000, 0.000, 0.000, 0.861, 0.955, 0.000]"
3158,126.32,126.36,Leeseo,0.6487770676612854,Leeseo|Gang Vocal,"[0.649, 0.963]",,[],,[],"[0.000, 0.000, 0.000, 0.000, 0.000, 0.649, 0.963, 0.000]"
3159,126.36,126.4,Gang Vocal,0.9697816371917725,Gang Vocal,[0.970],,[],,[],"[0.000, 0.000, 0.000, 0.000, 0.000, 0.352, 0.970, 0.000]"
3160,126.4,126.44,Gang Vocal,0.9752130508422852,Gang Vocal,[0.975],,[],,[],"[0.000, 0.000, 0.000, 0.000, 0.000, 0.137, 0.975, 0.000]"
3161,126.44,126.48,Gang Vocal,0.9796827435493469,Gang Vocal,[0.980],,[],,[],"[0.000, 0.000, 0.000, 0.000, 0.000, 0.044, 0.980, 0.000]"
3162,126.48,126.52,Gang Vocal,0.9833190441131592,Gang Vocal,[0.983],,[],,[],"[0.000, 0.000, 0.000, 0.000, 0.000, 0.014, 0.983, 0.000]"
3163,126.52,126.56,Gang Vocal,0.9862583875656128,Gang Vocal,[0.986],,[],,[],"[0.000, 0.000, 0.000, 0.000, 0.000, 0.004, 0.986, 0.000]"
3164,126.56,126.6,Gang Vocal,0.9886140823364258,Gang Vocal,[0.989],,[],,[],"[0.000, 0.000, 0.000, 0.000, 0.000, 0.001, 0.989, 0.000]"
3165,126.6,126.64,Gang Vocal,0.990497350692749,Gang Vocal,[0.990],,[],,[],"[0.000, 0.000, 0.000, 0.000, 0.000, 0.000, 0.990, 0.000]"
3166,126.64,126.68,Gang Vocal,0.9919974207878113,Gang Vocal,[0.992],,[],,[],"[0.000, 0.000, 0.000, 0.000, 0.000, 0.000, 0.992, 0.000]"
3167,126.68,126.72,Gang Vocal,0.9931827187538147,Gang Vocal,[0.993],,[],,[],"[0.000, 0.000, 0.000, 0.000, 0.000, 0.000, 0.993, 0.000]"
3168,126.72,126.76,Gang Vocal,0.9941111207008362,Gang Vocal,[0.994],,[],,[],"[0.000, 0.000, 0.000, 0.000, 0.000, 0.000, 0.994, 0.000]"
3169,126.76,126.8,Gang Vocal,0.9948388934135437,Gang Vocal,[0.995],,[],,[],"[0.000, 0.000, 0.000, 0.000, 0.000, 0.000, 0.995, 0.000]"
3170,126.8,126.84,Gang Vocal,0.9954067468643188,Gang Vocal,[0.995],,[],,[],"[0.000, 0.000, 0.000, 0.000, 0.000, 0.000, 0.995, 0.000]"
3171,126.84,126.88,Gang Vocal,0.9958418011665344,Gang Vocal,[0.996],,[],,[],"[0.000, 0.000, 0.000, 0.000, 0.000, 0.000, 0.996, 0.000]"
3172,126.88,126.92,Gang Vocal,0.9961652755737305,Gang Vocal,[0.996],,[],,[],"[0.000, 0.000, 0.000, 0.000, 0.000, 0.000, 0.996, 0.000]"
3173,126.92,126.96,Gang Vocal,0.9963996410369873,Gang Vocal,[0.996],,[],,[],"[0.000, 0.000, 0.000, 0.000, 0.000, 0.000, 0.996, 0.000]"
3174,126.96,127.0,Gang Vocal,0.9965608716011047,Gang Vocal,[0.997],,[],,[],"[0.000, 0.000, 0.000, 0.000, 0.000, 0.000, 0.997, 0.000]"
3175,127.0,127.04,Gang Vocal,0.9966629147529602,Gang Vocal,[0.997],,[],,[],"[0.000, 0.000, 0.000, 0.000, 0.000, 0.000, 0.997, 0.000]"
3176,127.04,127.08,Gang Vocal,0.9967145919799805,Gang Vocal,[0.997],,[],,[],"[0.000, 0.000, 0.000, 0.000, 0.000, 0.000, 0.997, 0.000]"
3177,127.08,127.12,Gang Vocal,0.9967198967933655,Gang Vocal,[0.997],,[],,[],"[0.000, 0.000, 0.000, 0.000, 0.000, 0.000, 0.997, 0.000]"
3178,127.12,127.16,Gang Vocal,0.9966816306114197,Gang Vocal,[0.997],,[],,[],"[0.000, 0.000, 0.000, 0.000, 0.000, 0.000, 0.997, 0.000]"
3179,127.16,127.2,Gang Vocal,0.9966051578521729,Gang Vocal,[0.997],,[],,[],"[0.000, 0.000, 0.000, 0.000, 0.000, 0.000, 0.997, 0.000]"
3180,127.2,127.24,Gang Vocal,0.9964916110038757,Gang Vocal,[0.996],,[],,[],"[0.000, 0.000, 0.000, 0.000, 0.000, 0.000, 0.996, 0.000]"
3181,127.24,127.28,Gang Vocal,0.9963370561599731,Gang Vocal,[0.996],,[],,[],"[0.000, 0.000, 0.000, 0.000, 0.000, 0.000, 0.996, 0.000]"
3182,127.28,127.32,Gang Vocal,0.9961358904838562,Gang Vocal,[0.996],,[],,[],"[0.000, 0.000, 0.000, 0.000, 0.000, 0.000, 0.996, 0.000]"
3183,127.32,127.36,Gang Vocal,0.9958814382553101,Gang Vocal,[0.996],,[],,[],"[0.000, 0.000, 0.000, 0.000, 0.000, 0.000, 0.996, 0.000]"
3184,127.36,127.4,Gang Vocal,0.9955690503120422,Gang Vocal,[0.996],,[],,[],"[0.000, 0.000, 0.000, 0.000, 0.000, 0.000, 0.996, 0.000]"
3185,127.4,127.44,Gang Vocal,0.9951901435852051,Gang Vocal,[0.995],,[],,[],"[0.000, 0.000, 0.000, 0.000, 0.000, 0.000, 0.995, 0.000]"
3186,127.44,127.48,Gang Vocal,0.9947333335876465,Gang Vocal,[0.995],,[],,[],"[0.000, 0.000, 0.000, 0.000, 0.000, 0.000, 0.995, 0.000]"
3187,127.48,127.52,Gang Vocal,0.9941893815994263,Gang Vocal,[0.994],,[],,[],"[0.000, 0.000, 0.000, 0.000, 0.000, 0.000, 0.994, 0.000]"
3188,127.52,127.56,Gang Vocal,0.9935519695281982,Gang Vocal,[0.994],,[],,[],"[0.000, 0.000, 0.000, 0.000, 0.000, 0.000, 0.994, 0.000]"
3189,127.56,127.6,Gang Vocal,0.9928109049797058,Gang Vocal,[0.993],,[],,[],"[0.000, 0.000, 0.000, 0.000, 0.000, 0.000, 0.993, 0.000]"
3190,127.6,127.64,Gang Vocal,0.9919571876525879,Gang Vocal,[0.992],,[],,[],"[0.000, 0.000, 0.000, 0.000, 0.000, 0.000, 0.992, 0.000]"
3191,127.64,127.68,Gang Vocal,0.9909991025924683,Gang Vocal,[0.991],,[],,[],"[0.000, 0.000, 0.000, 0.000, 0.000, 0.000, 0.991, 0.000]"
3192,127.68,127.72,Gang Vocal,0.9899522662162781,Gang Vocal,[0.990],,[],,[],"[0.000, 0.000, 0.000, 0.000, 0.000, 0.000, 0.990, 0.000]"
3193,127.72,127.76,Gang Vocal,0.9888415932655334,Gang Vocal,[0.989],,[],,[],"[0.000, 0.000, 0.000, 0.000, 0.000, 0.000, 0.989, 0.000]"
3194,127.76,127.8,Gang Vocal,0.9876920580863953,Gang Vocal,[0.988],,[],,[],"[0.000, 0.000, 0.000, 0.000, 0.000, 0.000, 0.988, 0.000]"
3195,127.8,127.84,Gang Vocal,0.9865188002586365,Gang Vocal,[0.987],,[],,[],"[0.000, 0.000, 0.000, 0.000, 0.000, 0.001, 0.987, 0.000]"
3196,127.84,127.88,Gang Vocal,0.9853537082672119,Gang Vocal,[0.985],,[],,[],"[0.000, 0.000, 0.000, 0.000, 0.000, 0.001, 0.985, 0.000]"
3197,127.88,127.92,Gang Vocal,0.9842302203178406,Gang Vocal,[0.984],,[],,[],"[0.001, 0.000, 0.000, 0.000, 0.000, 0.001, 0.984, 0.000]"
3198,127.92,127.96,Gang Vocal,0.9831728935241699,Gang Vocal,[0.983],,[],,[],"[0.001, 0.000, 0.000, 0.000, 0.000, 0.002, 0.983, 0.000]"
3199,127.96,128.0,Gang Vocal,0.9821997880935669,Gang Vocal,[0.982],,[],,[],"[0.002, 0.000, 0.000, 0.000, 0.000, 0.002, 0.982, 0.000]"
3200,128.0,128.04,Gang Vocal,0.9813262224197388,Gang Vocal,[0.981],,[],,[],"[0.005, 0.000, 0.000, 0.000, 0.000, 0.003, 0.981, 0.000]"
3201,128.04,128.08,Gang Vocal,0.9805573225021362,Gang Vocal,[0.981],,[],,[],"[0.009, 0.000, 0.000, 0.000, 0.000, 0.003, 0.981, 0.000]"
3202,128.08,128.12,Gang Vocal,0.9799168109893799,Gang Vocal,[0.980],,[],,[],"[0.018, 0.000, 0.000, 0.000, 0.000, 0.004, 0.980, 0.000]"
3203,128.12,128.16,Gang Vocal,0.9794283509254456,Gang Vocal,[0.979],,[],,[],"[0.034, 0.000, 0.000, 0.000, 0.000, 0.004, 0.979, 0.000]"
3204,128.16,128.2,Gang Vocal,0.9790881276130676,Gang Vocal,[0.979],,[],,[],"[0.064, 0.000, 0.000, 0.000, 0.000, 0.004, 0.979, 0.000]"
3205,128.2,128.24,Gang Vocal,0.9788684248924255,Gang Vocal,[0.979],,[],,[],"[0.116, 0.000, 0.000, 0.000, 0.000, 0.003, 0.979, 0.000]"
3206,128.24,128.28,Gang Vocal,0.9787561893463135,Gang Vocal,[0.979],,[],,[],"[0.202, 0.000, 0.000, 0.000, 0.000, 0.003, 0.979, 0.000]"
3207,128.28,128.32,Gang Vocal,0.9787351489067078,Gang Vocal,[0.979],,[],,[],"[0.326, 0.000, 0.000, 0.000, 0.000, 0.002, 0.979, 0.000]"
3208,128.32,128.36,Gang Vocal,0.978797197341919,Gang Vocal,[0.979],,[],,[],"[0.479, 0.000, 0.000, 0.000, 0.000, 0.002, 0.979, 0.000]"
3209,128.36,128.4,Gaeul,0.6329036951065063,Gaeul|Gang Vocal,"[0.633, 0.979]",,[],,[],"[0.633, 0.000, 0.000, 0.000, 0.000, 0.002, 0.979, 0.000]"
3210,128.4,128.44,Gaeul,0.7619363069534302,Gaeul|Gang Vocal,"[0.762, 0.979]",,[],,[],"[0.762, 0.000, 0.000, 0.000, 0.000, 0.001, 0.979, 0.000]"
3211,128.44,128.48,Gaeul,0.8545118570327759,Gaeul|Gang Vocal,"[0.855, 0.979]",,[],,[],"[0.855, 0.000, 0.000, 0.000, 0.000, 0.001, 0.979, 0.000]"
3212,128.48,128.52,Gaeul,0.9141759276390076,Gaeul|Gang Vocal,"[0.914, 0.980]",,[],,[],"[0.914, 0.000, 0.000, 0.000, 0.000, 0.001, 0.980, 0.000]"
3213,128.52,128.56,Gaeul,0.9501522183418274,Gaeul|Gang Vocal,"[0.950, 0.980]",,[],,[],"[0.950, 0.000, 0.000, 0.000, 0.000, 0.001, 0.980, 0.000]"
3214,128.56,128.6,Gaeul,0.9710944294929504,Gaeul|Gang Vocal,"[0.971, 0.980]",,[],,[],"[0.971, 0.000, 0.000, 0.000, 0.000, 0.000, 0.980, 0.000]"
3215,128.6,128.64,Gaeul,0.983132004737854,Gaeul|Gang Vocal,"[0.983, 0.981]",,[],,[],"[0.983, 0.000, 0.000, 0.000, 0.000, 0.000, 0.981, 0.000]"
3216,128.64,128.68,Gaeul,0.9900469183921814,Gaeul|Gang Vocal,"[0.990, 0.981]",,[],,[],"[0.990, 0.000, 0.000, 0.000, 0.000, 0.000, 0.981, 0.000]"
3217,128.68,128.72,Gaeul,0.9940481185913086,Gaeul|Gang Vocal,"[0.994, 0.982]",,[],,[],"[0.994, 0.000, 0.000, 0.000, 0.000, 0.000, 0.982, 0.000]"
3218,128.72,128.76,Gaeul,0.996383547782898,Gaeul|Gang Vocal,"[0.996, 0.983]",,[],,[],"[0.996, 0.000, 0.000, 0.000, 0.000, 0.000, 0.983, 0.000]"
3219,128.76,128.8,Gaeul,0.9977578520774841,Gaeul|Gang Vocal,"[0.998, 0.983]",,[],,[],"[0.998, 0.000, 0.000, 0.000, 0.000, 0.000, 0.983, 0.000]"
3220,128.8,128.84,Gaeul,0.9985735416412354,Gaeul|Gang Vocal,"[0.999, 0.984]",,[],,[],"[0.999, 0.000, 0.000, 0.000, 0.000, 0.000, 0.984, 0.000]"
3221,128.84,128.88,Gaeul,0.9990635514259338,Gaeul|Gang Vocal,"[0.999, 0.985]",,[],,[],"[0.999, 0.000, 0.000, 0.000, 0.000, 0.000, 0.985, 0.000]"
3222,128.88,128.92,Gaeul,0.999363124370575,Gaeul|Gang Vocal,"[0.999, 0.985]",,[],,[],"[0.999, 0.000, 0.000, 0.000, 0.000, 0.000, 0.985, 0.000]"
3223,128.92,128.96,Gaeul,0.9995489716529846,Gaeul|Gang Vocal,"[1.000, 0.986]",,[],,[],"[1.000, 0.000, 0.000, 0.000, 0.000, 0.000, 0.986, 0.000]"
3224,128.96,129.0,Gaeul,0.9996664524078369,Gaeul|Gang Vocal,"[1.000, 0.987]",,[],,[],"[1.000, 0.000, 0.000, 0.000, 0.000, 0.000, 0.987, 0.000]"
3225,129.0,129.04,Gaeul,0.9997416138648987,Gaeul|Gang Vocal,"[1.000, 0.987]",,[],,[],"[1.000, 0.000, 0.000, 0.000, 0.000, 0.000, 0.987, 0.000]"
3226,129.04,129.08,Gaeul,0.9997894167900085,Gaeul|Gang Vocal,"[1.000, 0.987]",,[],,[],"[1.000, 0.000, 0.000, 0.000, 0.000, 0.000, 0.987, 0.000]"
3227,129.08,129.12,Gaeul,0.9998189806938171,Gaeul|Gang Vocal,"[1.000, 0.987]",,[],,[],"[1.000, 0.000, 0.000, 0.000, 0.000, 0.000, 0.987, 0.000]"
3228,129.12,129.16,Gaeul,0.9998354911804199,Gaeul|Gang Vocal,"[1.000, 0.987]",,[],,[],"[1.000, 0.000, 0.000, 0.000, 0.000, 0.000, 0.987, 0.000]"
3229,129.16,129.2,Gaeul,0.9998416900634766,Gaeul|Gang Vocal,"[1.000, 0.987]",,[],,[],"[1.000, 0.000, 0.000, 0.000, 0.000, 0.000, 0.987, 0.000]"
3230,129.2,129.24,Gaeul,0.9998384714126587,Gaeul|Gang Vocal,"[1.000, 0.986]",,[],,[],"[1.000, 0.000, 0.000, 0.000, 0.000, 0.000, 0.986, 0.000]"
3231,129.24,129.28,Gaeul,0.9998251795768738,Gaeul|Gang Vocal,"[1.000, 0.986]",,[],,[],"[1.000, 0.000, 0.000, 0.000, 0.000, 0.000, 0.986, 0.000]"
3232,129.28,129.32,Gaeul,0.9997994303703308,Gaeul|Gang Vocal,"[1.000, 0.985]",,[],,[],"[1.000, 0.000, 0.000, 0.000, 0.000, 0.000, 0.985, 0.000]"
3233,129.32,129.36,Gaeul,0.9997565150260925,Gaeul|Gang Vocal,"[1.000, 0.983]",,[],,[],"[1.000, 0.000, 0.000, 0.000, 0.000, 0.000, 0.983, 0.000]"
3234,129.36,129.4,Gaeul,0.9996883869171143,Gaeul|Gang Vocal,"[1.000, 0.981]",,[],,[],"[1.000, 0.000, 0.000, 0.000, 0.000, 0.000, 0.981, 0.000]"
3235,129.4,129.44,Gaeul,0.9995806813240051,Gaeul|Gang Vocal,"[1.000, 0.979]",,[],,[],"[1.000, 0.000, 0.000, 0.000, 0.001, 0.000, 0.979, 0.000]"
3236,129.44,129.48,Gaeul,0.9994078874588013,Gaeul|Gang Vocal,"[0.999, 0.976]",,[],,[],"[0.999, 0.000, 0.000, 0.000, 0.001, 0.000, 0.976, 0.000]"
3237,129.48,129.52,Gaeul,0.9991243481636047,Gaeul|Gang Vocal,"[0.999, 0.973]",,[],,[],"[0.999, 0.000, 0.000, 0.000, 0.001, 0.000, 0.973, 0.000]"
3238,129.52,129.56,Gaeul,0.9986434578895569,Gaeul|Gang Vocal,"[0.999, 0.969]",,[],,[],"[0.999, 0.000, 0.000, 0.000, 0.001, 0.000, 0.969, 0.000]"
3239,129.56,129.6,Gaeul,0.9978039860725403,Gaeul|Gang Vocal,"[0.998, 0.964]",,[],,[],"[0.998, 0.000, 0.000, 0.000, 0.002, 0.000, 0.964, 0.000]"
3240,129.6,129.64,Gaeul,0.9962961077690125,Gaeul|Gang Vocal,"[0.996, 0.958]",,[],,[],"[0.996, 0.000, 0.000, 0.000, 0.002, 0.000, 0.958, 0.000]"
3241,129.64,129.68,Gaeul,0.993514895439148,Gaeul|Gang Vocal,"[0.994, 0.951]",,[],,[],"[0.994, 0.000, 0.000, 0.000, 0.002, 0.000, 0.951, 0.000]"
3242,129.68,129.72,Gaeul,0.9882656335830688,Gaeul|Gang Vocal,"[0.988, 0.943]",,[],,[],"[0.988, 0.000, 0.000, 0.000, 0.003, 0.000, 0.943, 0.000]"
3243,129.72,129.76,Gaeul,0.9782125353813171,Gaeul|Gang Vocal,"[0.978, 0.934]",,[],,[],"[0.978, 0.000, 0.000, 0.000, 0.003, 0.000, 0.934, 0.000]"
3244,129.76,129.8,Gaeul,0.9589782953262329,Gaeul|Gang Vocal,"[0.959, 0.923]",,[],,[],"[0.959, 0.000, 0.000, 0.000, 0.003, 0.000, 0.923, 0.000]"
3245,129.8,129.84,Gaeul,0.9230530261993408,Gaeul|Gang Vocal,"[0.923, 0.910]",,[],,[],"[0.923, 0.000, 0.000, 0.000, 0.003, 0.000, 0.910, 0.000]"
3246,129.84,129.88,Gaeul,0.8595799207687378,Gaeul|Gang Vocal,"[0.860, 0.896]",,[],,[],"[0.860, 0.000, 0.000, 0.000, 0.003, 0.000, 0.896, 0.000]"
3247,129.88,129.92,Gaeul,0.7584088444709778,Gaeul|Gang Vocal,"[0.758, 0.881]",,[],,[],"[0.758, 0.000, 0.000, 0.000, 0.003, 0.000, 0.881, 0.000]"
3248,129.92,129.96,Gaeul,0.620519757270813,Gaeul|Gang Vocal,"[0.621, 0.865]",,[],,[],"[0.621, 0.000, 0.000, 0.000, 0.003, 0.000, 0.865, 0.000]"
3249,129.96,130.0,Gang Vocal,0.8480321168899536,Gang Vocal,[0.848],,[],,[],"[0.466, 0.000, 0.000, 0.000, 0.003, 0.000, 0.848, 0.000]"
3250,130.0,130.04,Gang Vocal,0.8311895728111267,Gang Vocal,[0.831],,[],,[],"[0.327, 0.000, 0.000, 0.000, 0.003, 0.000, 0.831, 0.000]"
3251,130.04,130.08,Gang Vocal,0.8148636221885681,Gang Vocal,[0.815],,[],,[],"[0.220, 0.000, 0.000, 0.000, 0.003, 0.000, 0.815, 0.000]"
3252,130.08,130.12,Gang Vocal,0.7996802926063538,Gang Vocal,[0.800],,[],,[],"[0.148, 0.000, 0.000, 0.000, 0.003, 0.000, 0.800, 0.000]"
3253,130.12,130.16,Gang Vocal,0.7861761450767517,Gang Vocal,[0.786],,[],,[],"[0.102, 0.000, 0.000, 0.000, 0.003, 0.000, 0.786, 0.000]"
3254,130.16,130.2,Gang Vocal,0.7747790813446045,Gang Vocal,[0.775],,[],,[],"[0.074, 0.000, 0.000, 0.000, 0.003, 0.000, 0.775, 0.000]"
3255,130.2,130.24,Gang Vocal,0.7657697200775146,Gang Vocal,[0.766],,[],,[],"[0.056, 0.000, 0.000, 0.000, 0.003, 0.000, 0.766, 0.000]"
3256,130.24,130.28,Gang Vocal,0.7591701745986938,Gang Vocal,[0.759],,[],,[],"[0.046, 0.000, 0.000, 0.000, 0.003, 0.000, 0.759, 0.000]"
3257,130.28,130.32,Gang Vocal,0.7550298571586609,Gang Vocal,[0.755],,[],,[],"[0.040, 0.000, 0.000, 0.000, 0.003, 0.000, 0.755, 0.000]"
3258,130.32,130.36,Gang Vocal,0.7533735632896423,Gang Vocal,[0.753],,[],,[],"[0.038, 0.000, 0.000, 0.000, 0.004, 0.000, 0.753, 0.000]"
3259,130.36,130.4,Gang Vocal,0.7541149258613586,Gang Vocal,[0.754],,[],,[],"[0.038, 0.000, 0.000, 0.000, 0.004, 0.000, 0.754, 0.000]"
3260,130.4,130.44,Gang Vocal,0.7569856643676758,Gang Vocal,[0.757],,[],,[],"[0.042, 0.000, 0.000, 0.000, 0.004, 0.000, 0.757, 0.000]"
3261,130.44,130.48,Gang Vocal,0.7615782618522644,Gang Vocal,[0.762],,[],,[],"[0.048, 0.000, 0.000, 0.000, 0.004, 0.000, 0.762, 0.000]"
3262,130.48,130.52,Gang Vocal,0.7675049901008606,Gang Vocal,[0.768],,[],,[],"[0.059, 0.000, 0.000, 0.000, 0.004, 0.000, 0.768, 0.000]"
3263,130.52,130.56,Gang Vocal,0.774559497833252,Gang Vocal,[0.775],,[],,[],"[0.076, 0.000, 0.000, 0.000, 0.004, 0.000, 0.775, 0.000]"
3264,130.56,130.6,Gang Vocal,0.782595157623291,Gang Vocal,[0.783],,[],,[],"[0.103, 0.000, 0.000, 0.000, 0.004, 0.000, 0.783, 0.000]"
3265,130.6,130.64,Gang Vocal,0.7914767265319824,Gang Vocal,[0.791],,[],,[],"[0.142, 0.000, 0.000, 0.000, 0.004, 0.000, 0.791, 0.000]"
3266,130.64,130.68,Gang Vocal,0.8007493615150452,Gang Vocal,[0.801],,[],,[],"[0.198, 0.000, 0.000, 0.000, 0.004, 0.000, 0.801, 0.000]"
3267,130.68,130.72,Gang Vocal,0.8095698952674866,Gang Vocal,[0.810],,[],,[],"[0.274, 0.000, 0.000, 0.000, 0.004, 0.000, 0.810, 0.000]"
3268,130.72,130.76,Gang Vocal,0.8172492384910583,Gang Vocal,[0.817],,[],,[],"[0.369, 0.000, 0.000, 0.000, 0.004, 0.000, 0.817, 0.000]"
3269,130.76,130.8,Gang Vocal,0.8234774470329285,Gang Vocal,[0.823],,[],,[],"[0.478, 0.000, 0.000, 0.000, 0.003, 0.000, 0.823, 0.000]"
3270,130.8,130.84,Gaeul,0.5882163643836975,Gaeul|Gang Vocal,"[0.588, 0.828]",,[],,[],"[0.588, 0.000, 0.000, 0.000, 0.003, 0.000, 0.828, 0.000]"
3271,130.84,130.88,Gaeul,0.6892932057380676,Gaeul|Gang Vocal,"[0.689, 0.832]",,[],,[],"[0.689, 0.000, 0.000, 0.000, 0.003, 0.000, 0.832, 0.000]"
3272,130.88,130.92,Gaeul,0.7729215025901794,Gaeul|Gang Vocal,"[0.773, 0.834]",,[],,[],"[0.773, 0.000, 0.000, 0.000, 0.003, 0.000, 0.834, 0.000]"
3273,130.92,130.96,Gaeul,0.8369715809822083,Gaeul|Gang Vocal,"[0.837, 0.834]",,[],,[],"[0.837, 0.000, 0.000, 0.000, 0.003, 0.000, 0.834, 0.000]"
3274,130.96,131.0,Gaeul,0.8834313154220581,Gaeul|Gang Vocal,"[0.883, 0.834]",,[],,[],"[0.883, 0.000, 0.000, 0.000, 0.003, 0.000, 0.834, 0.000]"
3275,131.0,131.04,Gaeul,0.916147768497467,Gaeul|Gang Vocal,"[0.916, 0.831]",,[],,[],"[0.916, 0.000, 0.000, 0.000, 0.003, 0.000, 0.831, 0.000]"
3276,131.04,131.08,Gaeul,0.9389248490333557,Gaeul|Gang Vocal,"[0.939, 0.826]",,[],,[],"[0.939, 0.000, 0.000, 0.000, 0.002, 0.000, 0.826, 0.000]"
3277,131.08,131.12,Gaeul,0.954814076423645,Gaeul|Gang Vocal,"[0.955, 0.820]",,[],,[],"[0.955, 0.000, 0.000, 0.000, 0.002, 0.000, 0.820, 0.000]"
3278,131.12,131.16,Gaeul,0.9659572839736938,Gaeul|Gang Vocal,"[0.966, 0.811]",,[],,[],"[0.966, 0.000, 0.000, 0.000, 0.002, 0.000, 0.811, 0.000]"
3279,131.16,131.2,Gaeul,0.9738641977310181,Gaeul|Gang Vocal,"[0.974, 0.799]",,[],,[],"[0.974, 0.000, 0.000, 0.000, 0.002, 0.000, 0.799, 0.000]"
3280,131.2,131.24,Gaeul,0.9795634150505066,Gaeul|Gang Vocal,"[0.980, 0.785]",,[],,[],"[0.980, 0.000, 0.000, 0.000, 0.002, 0.000, 0.785, 0.000]"
3281,131.24,131.28,Gaeul,0.9837245941162109,Gaeul|Gang Vocal,"[0.984, 0.767]",,[],,[],"[0.984, 0.000, 0.000, 0.000, 0.002, 0.000, 0.767, 0.000]"
3282,131.28,131.32,Gaeul,0.9867762923240662,Gaeul|Gang Vocal,"[0.987, 0.745]",,[],,[],"[0.987, 0.000, 0.000, 0.000, 0.001, 0.000, 0.745, 0.000]"
3283,131.32,131.36,Gaeul,0.9890207648277283,Gaeul|Gang Vocal,"[0.989, 0.718]",,[],,[],"[0.989, 0.000, 0.000, 0.000, 0.001, 0.000, 0.718, 0.000]"
3284,131.36,131.4,Gaeul,0.990656316280365,Gaeul|Gang Vocal,"[0.991, 0.687]",,[],,[],"[0.991, 0.000, 0.000, 0.000, 0.001, 0.000, 0.687, 0.000]"
3285,131.4,131.44,Gaeul,0.9918311238288879,Gaeul|Gang Vocal,"[0.992, 0.650]",,[],,[],"[0.992, 0.000, 0.000, 0.000, 0.001, 0.000, 0.650, 0.000]"
3286,131.44,131.48,Gaeul,0.9926390647888184,Gaeul|Gang Vocal,"[0.993, 0.606]",,[],,[],"[0.993, 0.000, 0.000, 0.000, 0.001, 0.000, 0.606, 0.000]"
3287,131.48,131.52,Gaeul,0.9931463599205017,Gaeul|Gang Vocal,"[0.993, 0.557]",,[],,[],"[0.993, 0.000, 0.000, 0.000, 0.001, 0.000, 0.557, 0.000]"
3288,131.52,131.56,Gaeul,0.9934085607528687,Gaeul|Gang Vocal,"[0.993, 0.502]",,[],,[],"[0.993, 0.000, 0.000, 0.000, 0.001, 0.000, 0.502, 0.000]"
3289,131.56,131.6,Gaeul,0.9934367537498474,Gaeul,[0.993],,[],,[],"[0.993, 0.000, 0.000, 0.000, 0.001, 0.000, 0.441, 0.000]"
3290,131.6,131.64,Gaeul,0.9932194352149963,Gaeul,[0.993],,[],,[],"[0.993, 0.000, 0.000, 0.000, 0.001, 0.000, 0.376, 0.000]"
3291,131.64,131.68,Gaeul,0.9927056431770325,Gaeul,[0.993],,[],,[],"[0.993, 0.000, 0.000, 0.000, 0.001, 0.000, 0.309, 0.000]"
3292,131.68,131.72,Gaeul,0.9918186664581299,Gaeul,[0.992],,[],,[],"[0.992, 0.000, 0.000, 0.000, 0.001, 0.000, 0.244, 0.000]"
3293,131.72,131.76,Gaeul,0.9904413223266602,Gaeul,[0.990],,[],,[],"[0.990, 0.000, 0.000, 0.000, 0.001, 0.000, 0.183, 0.000]"
3294,131.76,131.8,Gaeul,0.9883622527122498,Gaeul,[0.988],,[],,[],"[0.988, 0.000, 0.000, 0.000, 0.001, 0.000, 0.131, 0.000]"
3295,131.8,131.84,Gaeul,0.9851970672607422,Gaeul,[0.985],,[],,[],"[0.985, 0.000, 0.000, 0.000, 0.001, 0.000, 0.089, 0.000]"
3296,131.84,131.88,Gaeul,0.9802840352058411,Gaeul,[0.980],,[],,[],"[0.980, 0.000, 0.000, 0.000, 0.001, 0.000, 0.058, 0.000]"
3297,131.88,131.92,Gaeul,0.9724813103675842,Gaeul,[0.972],,[],,[],"[0.972, 0.000, 0.000, 0.000, 0.001, 0.000, 0.036, 0.000]"
3298,131.92,131.96,Gaeul,0.9597969651222229,Gaeul,[0.960],,[],,[],"[0.960, 0.000, 0.000, 0.000, 0.000, 0.000, 0.021, 0.000]"
3299,131.96,132.0,Gaeul,0.9387360215187073,Gaeul,[0.939],,[],,[],"[0.939, 0.000, 0.000, 0.000, 0.000, 0.000, 0.012, 0.000]"
3300,132.0,132.04,Gaeul,0.9033008217811584,Gaeul,[0.903],,[],,[],"[0.903, 0.000, 0.000, 0.000, 0.000, 0.000, 0.006, 0.000]"
3301,132.04,132.08,Gaeul,0.8442226052284241,Gaeul,[0.844],,[],,[],"[0.844, 0.000, 0.000, 0.000, 0.000, 0.000, 0.003, 0.000]"
3302,132.08,132.12,Gaeul,0.7506200075149536,Gaeul,[0.751],,[],,[],"[0.751, 0.000, 0.000, 0.000, 0.000, 0.000, 0.002, 0.000]"
3303,132.12,132.16,Gaeul,0.6166795492172241,Gaeul,[0.617],,[],,[],"[0.617, 0.000, 0.000, 0.000, 0.000, 0.000, 0.001, 0.000]"
3304,132.16,132.2,silence,1.7952360084616537e-11,,[],,[],,[],"[0.454, 0.000, 0.000, 0.000, 0.000, 0.000, 0.000, 0.000]"
3305,132.2,132.24,silence,2.036493543244866e-11,,[],,[],,[],"[0.295, 0.000, 0.000, 0.000, 0.000, 0.000, 0.000, 0.000]"
3306,132.24,132.28,silence,2.2685169714931064e-11,,[],,[],,[],"[0.171, 0.001, 0.000, 0.000, 0.000, 0.000, 0.000, 0.000]"
3307,132.28,132.32,silence,2.4632174772110105e-11,,[],,[],,[],"[0.090, 0.002, 0.000, 0.000, 0.000, 0.000, 0.000, 0.000]"
3308,132.32,132.36,silence,2.588608494225042e-11,,[],,[],,[],"[0.045, 0.006, 0.000, 0.000, 0.000, 0.000, 0.000, 0.000]"
3309,132.36,132.4,silence,2.6206115402716e-11,,[],,[],,[],"[0.022, 0.017, 0.000, 0.000, 0.000, 0.000, 0.000, 0.000]"
3310,132.4,132.44,silence,2.5407682902045536e-11,,[],,[],Yujin,[0.818],"[0.010, 0.046, 0.000, 0.000, 0.000, 0.000, 0.000, 0.000]"
3311,132.44,132.48,silence,2.3424611209077462e-11,,[],,[],Yujin,[0.952],"[0.005, 0.119, 0.000, 0.000, 0.000, 0.000, 0.000, 0.000]"
3312,132.48,132.52,silence,2.0479689125108003e-11,,[],,[],Yujin,[0.989],"[0.002, 0.276, 0.000, 0.000, 0.000, 0.000, 0.000, 0.000]"
3313,132.52,132.56,silence,1.7017909650918206e-11,,[],,[],Yujin,[0.998],"[0.001, 0.518, 0.000, 0.000, 0.000, 0.000, 0.000, 0.000]"
3314,132.56,132.6,Yujin,0.7504929304122925,Yujin,[0.750],,[],Yujin|Liz,"[1.000, 0.644]","[0.000, 0.750, 0.000, 0.000, 0.000, 0.000, 0.000, 0.000]"
3315,132.6,132.64,Yujin,0.8925171494483948,Yujin,[0.893],,[],Yujin|Liz,"[1.000, 0.780]","[0.000, 0.893, 0.000, 0.000, 0.000, 0.000, 0.000, 0.000]"
3316,132.64,132.68,Yujin,0.9572998285293579,Yujin,[0.957],,[],Yujin|Liz,"[1.000, 0.875]","[0.000, 0.957, 0.000, 0.000, 0.000, 0.000, 0.000, 0.000]"
3317,132.68,132.72,Yujin,0.9832916855812073,Yujin,[0.983],,[],Yujin|Liz,"[1.000, 0.933]","[0.000, 0.983, 0.000, 0.000, 0.000, 0.000, 0.000, 0.000]"
3318,132.72,132.76,Yujin,0.9933605790138245,Yujin,[0.993],,[],Yujin|Liz,"[1.000, 0.965]","[0.000, 0.993, 0.000, 0.000, 0.000, 0.000, 0.000, 0.000]"
3319,132.76,132.8,Yujin,0.9972846508026123,Yujin,[0.997],,[],Yujin|Liz,"[1.000, 0.982]","[0.000, 0.997, 0.000, 0.000, 0.000, 0.000, 0.000, 0.000]"
3320,132.8,132.84,Yujin,0.9988471269607544,Yujin,[0.999],,[],Yujin|Liz,"[1.000, 0.990]","[0.000, 0.999, 0.000, 0.000, 0.000, 0.000, 0.000, 0.000]"
3321,132.84,132.88,Yujin,0.9994888305664062,Yujin,[0.999],,[],Yujin|Liz,"[1.000, 0.995]","[0.000, 0.999, 0.000, 0.000, 0.000, 0.000, 0.000, 0.000]"
3322,132.88,132.92,Yujin,0.9997630715370178,Yujin,[1.000],,[],Yujin|Liz,"[1.000, 0.997]","[0.000, 1.000, 0.000, 0.000, 0.000, 0.000, 0.000, 0.000]"
3323,132.92,132.96,Yujin,0.9998849630355835,Yujin,[1.000],,[],Yujin|Liz,"[1.000, 0.999]","[0.000, 1.000, 0.000, 0.000, 0.000, 0.000, 0.000, 0.000]"
3324,132.96,133.0,Yujin,0.9999412298202515,Yujin,[1.000],,[],Yujin|Liz,"[1.000, 0.999]","[0.000, 1.000, 0.000, 0.000, 0.000, 0.000, 0.000, 0.000]"
3325,133.0,133.04,Yujin,0.999968409538269,Yujin,[1.000],,[],Yujin|Liz,"[1.000, 1.000]","[0.000, 1.000, 0.000, 0.000, 0.000, 0.000, 0.000, 0.000]"
3326,133.04,133.08,Yujin,0.9999821186065674,Yujin,[1.000],,[],Yujin|Liz,"[1.000, 1.000]","[0.000, 1.000, 0.000, 0.000, 0.000, 0.000, 0.000, 0.000]"
3327,133.08,133.12,Yujin,0.9999892711639404,Yujin,[1.000],,[],Yujin|Liz,"[1.000, 1.000]","[0.000, 1.000, 0.000, 0.000, 0.000, 0.000, 0.000, 0.000]"
3328,133.12,133.16,Yujin,0.9999933242797852,Yujin,[1.000],,[],Yujin|Liz,"[1.000, 1.000]","[0.000, 1.000, 0.000, 0.000, 0.000, 0.000, 0.000, 0.000]"
3329,133.16,133.2,Yujin,0.9999955892562866,Yujin,[1.000],,[],Yujin|Liz,"[1.000, 1.000]","[0.000, 1.000, 0.000, 0.000, 0.000, 0.000, 0.000, 0.000]"
3330,133.2,133.24,Yujin,0.9999969005584717,Yujin,[1.000],,[],Yujin|Liz,"[1.000, 1.000]","[0.000, 1.000, 0.000, 0.000, 0.000, 0.000, 0.000, 0.000]"
3331,133.24,133.28,Yujin,0.9999977350234985,Yujin,[1.000],,[],Yujin|Liz,"[1.000, 1.000]","[0.000, 1.000, 0.000, 0.000, 0.000, 0.000, 0.000, 0.000]"
3332,133.28,133.32,Yujin,0.9999983310699463,Yujin,[1.000],,[],Yujin|Liz,"[1.000, 1.000]","[0.000, 1.000, 0.000, 0.000, 0.000, 0.000, 0.000, 0.000]"
3333,133.32,133.36,Yujin,0.9999986886978149,Yujin,[1.000],,[],Yujin|Liz,"[1.000, 1.000]","[0.000, 1.000, 0.000, 0.000, 0.000, 0.000, 0.000, 0.000]"
3334,133.36,133.4,Yujin,0.999998927116394,Yujin,[1.000],,[],Yujin|Liz,"[1.000, 1.000]","[0.000, 1.000, 0.000, 0.000, 0.000, 0.000, 0.000, 0.000]"
3335,133.4,133.44,Yujin,0.9999990463256836,Yujin,[1.000],,[],Yujin|Liz,"[1.000, 1.000]","[0.000, 1.000, 0.000, 0.000, 0.000, 0.000, 0.000, 0.000]"
3336,133.44,133.48,Yujin,0.9999991655349731,Yujin,[1.000],,[],Yujin|Liz,"[1.000, 1.000]","[0.000, 1.000, 0.000, 0.000, 0.000, 0.000, 0.000, 0.000]"
3337,133.48,133.52,Yujin,0.9999992847442627,Yujin,[1.000],,[],Yujin|Liz,"[1.000, 1.000]","[0.000, 1.000, 0.000, 0.000, 0.000, 0.000, 0.000, 0.000]"
3338,133.52,133.56,Yujin,0.9999992847442627,Yujin,[1.000],,[],Yujin|Liz,"[1.000, 1.000]","[0.000, 1.000, 0.000, 0.000, 0.000, 0.000, 0.000, 0.000]"
3339,133.56,133.6,Yujin,0.9999992847442627,Yujin,[1.000],,[],Yujin|Liz,"[1.000, 1.000]","[0.000, 1.000, 0.000, 0.000, 0.000, 0.000, 0.000, 0.000]"
3340,133.6,133.64,Yujin,0.9999992847442627,Yujin,[1.000],,[],Yujin|Liz,"[1.000, 1.000]","[0.000, 1.000, 0.000, 0.000, 0.000, 0.000, 0.000, 0.000]"
3341,133.64,133.68,Yujin,0.9999992847442627,Yujin,[1.000],,[],Yujin|Liz,"[1.000, 1.000]","[0.000, 1.000, 0.000, 0.000, 0.000, 0.000, 0.000, 0.000]"
3342,133.68,133.72,Yujin,0.9999991655349731,Yujin,[1.000],,[],Yujin|Liz,"[1.000, 1.000]","[0.000, 1.000, 0.000, 0.000, 0.000, 0.000, 0.000, 0.000]"
3343,133.72,133.76,Yujin,0.9999991655349731,Yujin,[1.000],,[],Yujin|Liz,"[1.000, 1.000]","[0.000, 1.000, 0.000, 0.000, 0.000, 0.000, 0.000, 0.000]"
3344,133.76,133.8,Yujin,0.9999990463256836,Yujin,[1.000],Liz,"[0.000, 0.000, 0.000, 0.000, 0.594, 0.000, 0.000]",Yujin|Liz,"[1.000, 1.000]","[0.000, 1.000, 0.000, 0.000, 0.000, 0.000, 0.000, 0.000]"
3345,133.8,133.84,Yujin,0.9999990463256836,Yujin,[1.000],Liz,"[0.000, 0.000, 0.000, 0.000, 0.757, 0.000, 0.000]",Yujin|Liz,"[1.000, 1.000]","[0.000, 1.000, 0.000, 0.000, 0.000, 0.000, 0.000, 0.000]"
3346,133.84,133.88,Yujin,0.999998927116394,Yujin,[1.000],Liz,"[0.000, 0.000, 0.000, 0.000, 0.865, 0.000, 0.000]",Yujin|Liz,"[1.000, 1.000]","[0.000, 1.000, 0.000, 0.000, 0.000, 0.000, 0.000, 0.000]"
3347,133.88,133.92,Yujin,0.9999988079071045,Yujin,[1.000],Liz,"[0.000, 0.000, 0.000, 0.000, 0.928, 0.000, 0.000]",Yujin|Liz,"[1.000, 1.000]","[0.000, 1.000, 0.000, 0.000, 0.000, 0.000, 0.000, 0.000]"
3348,133.92,133.96,Yujin,0.9999985694885254,Yujin,[1.000],Liz,"[0.000, 0.000, 0.000, 0.000, 0.961, 0.000, 0.000]",Yujin|Liz,"[1.000, 1.000]","[0.000, 1.000, 0.000, 0.000, 0.000, 0.000, 0.000, 0.000]"
3349,133.96,134.0,Yujin,0.9999984502792358,Yujin,[1.000],Liz,"[0.000, 0.000, 0.000, 0.000, 0.978, 0.000, 0.000]",Yujin|Liz,"[1.000, 1.000]","[0.000, 1.000, 0.000, 0.000, 0.000, 0.000, 0.000, 0.000]"
3350,134.0,134.04,Yujin,0.9999982118606567,Yujin,[1.000],Liz,"[0.000, 0.000, 0.000, 0.000, 0.987, 0.000, 0.000]",Yujin|Liz,"[1.000, 1.000]","[0.000, 1.000, 0.000, 0.000, 0.000, 0.000, 0.000, 0.000]"
3351,134.04,134.08,Yujin,0.9999979734420776,Yujin,[1.000],Liz,"[0.000, 0.000, 0.000, 0.000, 0.992, 0.000, 0.000]",Yujin|Liz,"[1.000, 1.000]","[0.000, 1.000, 0.000, 0.000, 0.000, 0.000, 0.000, 0.000]"
3352,134.08,134.12,Yujin,0.9999977350234985,Yujin,[1.000],Liz,"[0.000, 0.000, 0.000, 0.000, 0.995, 0.000, 0.000]",Yujin|Liz,"[1.000, 1.000]","[0.000, 1.000, 0.000, 0.000, 0.000, 0.000, 0.000, 0.000]"
3353,134.12,134.16,Yujin,0.9999973773956299,Yujin,[1.000],Liz,"[0.000, 0.000, 0.000, 0.000, 0.996, 0.000, 0.000]",Yujin|Liz,"[1.000, 0.999]","[0.000, 1.000, 0.000, 0.000, 0.000, 0.000, 0.000, 0.000]"
3354,134.16,134.2,Yujin,0.9999970197677612,Yujin,[1.000],Liz,"[0.000, 0.000, 0.000, 0.000, 0.997, 0.000, 0.000]",Yujin|Liz,"[1.000, 0.998]","[0.000, 1.000, 0.000, 0.000, 0.000, 0.000, 0.000, 0.000]"
3355,134.2,134.24,Yujin,0.9999966621398926,Yujin,[1.000],Liz,"[0.000, 0.000, 0.000, 0.000, 0.998, 0.000, 0.000]",Yujin|Liz,"[1.000, 0.995]","[0.000, 1.000, 0.000, 0.000, 0.000, 0.000, 0.000, 0.000]"
3356,134.24,134.28,Yujin,0.9999961853027344,Yujin,[1.000],Liz,"[0.000, 0.000, 0.000, 0.000, 0.998, 0.000, 0.000]",Yujin|Liz,"[1.000, 0.988]","[0.000, 1.000, 0.000, 0.000, 0.000, 0.000, 0.000, 0.000]"
3357,134.28,134.32,Yujin,0.9999955892562866,Yujin,[1.000],Liz,"[0.000, 0.000, 0.000, 0.000, 0.999, 0.000, 0.000]",Yujin|Liz,"[1.000, 0.969]","[0.000, 1.000, 0.000, 0.000, 0.000, 0.000, 0.000, 0.000]"
3358,134.32,134.36,Yujin,0.9999948740005493,Yujin,[1.000],Liz,"[0.000, 0.000, 0.000, 0.000, 0.999, 0.000, 0.000]",Yujin|Liz,"[1.000, 0.919]","[0.000, 1.000, 0.000, 0.000, 0.000, 0.000, 0.000, 0.000]"
3359,134.36,134.4,Yujin,0.999994158744812,Yujin,[1.000],Liz,"[0.000, 0.000, 0.000, 0.000, 0.999, 0.000, 0.000]",Yujin|Liz,"[1.000, 0.804]","[0.000, 1.000, 0.000, 0.000, 0.000, 0.000, 0.000, 0.000]"
3360,134.4,134.44,Yujin,0.9999932050704956,Yujin,[1.000],Liz,"[0.000, 0.000, 0.000, 0.000, 0.999, 0.000, 0.000]",Yujin|Liz,"[1.000, 0.596]","[0.000, 1.000, 0.000, 0.000, 0.000, 0.000, 0.000, 0.000]"
3361,134.44,134.48,Yujin,0.9999921321868896,Yujin,[1.000],Liz,"[0.000, 0.000, 0.000, 0.000, 0.999, 0.000, 0.000]",Yujin,[1.000],"[0.000, 1.000, 0.000, 0.000, 0.000, 0.000, 0.000, 0.000]"
3362,134.48,134.52,Yujin,0.999990701675415,Yujin,[1.000],Liz,"[0.000, 0.000, 0.000, 0.000, 0.999, 0.000, 0.000]",Yujin,[1.000],"[0.000, 1.000, 0.000, 0.000, 0.000, 0.000, 0.000, 0.000]"
3363,134.52,134.56,Yujin,0.9999890327453613,Yujin,[1.000],Liz,"[0.000, 0.000, 0.000, 0.000, 0.999, 0.000, 0.000]",Yujin,[1.000],"[0.000, 1.000, 0.000, 0.000, 0.000, 0.000, 0.000, 0.000]"
3364,134.56,134.6,Yujin,0.9999868869781494,Yujin,[1.000],Liz,"[0.000, 0.000, 0.000, 0.000, 0.999, 0.000, 0.000]",Yujin,[1.000],"[0.000, 1.000, 0.000, 0.000, 0.000, 0.000, 0.000, 0.000]"
3365,134.6,134.64,Yujin,0.9999840259552002,Yujin,[1.000],Liz,"[0.000, 0.000, 0.000, 0.000, 0.999, 0.000, 0.000]",Yujin,[0.999],"[0.000, 1.000, 0.000, 0.000, 0.000, 0.000, 0.000, 0.000]"
3366,134.64,134.68,Yujin,0.9999805688858032,Yujin,[1.000],Liz,"[0.000, 0.000, 0.000, 0.000, 0.999, 0.000, 0.000]",Yujin,[0.999],"[0.000, 1.000, 0.000, 0.000, 0.000, 0.000, 0.000, 0.000]"
3367,134.68,134.72,Yujin,0.9999762773513794,Yujin,[1.000],Liz,"[0.000, 0.000, 0.000, 0.000, 0.999, 0.000, 0.000]",Yujin,[0.999],"[0.000, 1.000, 0.000, 0.000, 0.000, 0.000, 0.000, 0.000]"
3368,134.72,134.76,Yujin,0.9999709129333496,Yujin,[1.000],Liz,"[0.000, 0.000, 0.000, 0.000, 0.999, 0.000, 0.000]",Yujin,[0.999],"[0.000, 1.000, 0.000, 0.000, 0.000, 0.000, 0.000, 0.000]"
3369,134.76,134.8,Yujin,0.9999642372131348,Yujin,[1.000],Liz,"[0.000, 0.000, 0.000, 0.000, 0.999, 0.000, 0.000]",Yujin,[0.998],"[0.000, 1.000, 0.000, 0.000, 0.000, 0.000, 0.000, 0.000]"
3370,134.8,134.84,Yujin,0.9999561309814453,Yujin,[1.000],Liz,"[0.000, 0.000, 0.000, 0.000, 0.998, 0.000, 0.000]",Yujin,[0.998],"[0.000, 1.000, 0.000, 0.000, 0.000, 0.000, 0.000, 0.000]"
3371,134.84,134.88,Yujin,0.999946117401123,Yujin,[1.000],Liz,"[0.000, 0.000, 0.000, 0.000, 0.998, 0.000, 0.000]",Yujin,[0.997],"[0.000, 1.000, 0.000, 0.000, 0.000, 0.000, 0.000, 0.000]"
3372,134.88,134.92,Yujin,0.9999338388442993,Yujin,[1.000],Liz,"[0.000, 0.000, 0.000, 0.000, 0.998, 0.000, 0.000]",Yujin,[0.997],"[0.000, 1.000, 0.000, 0.000, 0.001, 0.000, 0.000, 0.000]"
3373,134.92,134.96,Yujin,0.9999186992645264,Yujin,[1.000],Liz,"[0.000, 0.000, 0.000, 0.000, 0.997, 0.000, 0.000]",Yujin,[0.996],"[0.000, 1.000, 0.000, 0.000, 0.001, 0.000, 0.000, 0.000]"
3374,134.96,135.0,Yujin,0.9999003410339355,Yujin,[1.000],Liz,"[0.000, 0.000, 0.000, 0.000, 0.996, 0.000, 0.000]",Yujin,[0.995],"[0.000, 1.000, 0.000, 0.000, 0.001, 0.000, 0.000, 0.000]"
3375,135.0,135.04,Yujin,0.9998776912689209,Yujin,[1.000],Liz,"[0.000, 0.000, 0.000, 0.000, 0.995, 0.000, 0.000]",Yujin,[0.994],"[0.000, 1.000, 0.000, 0.000, 0.001, 0.000, 0.000, 0.000]"
3376,135.04,135.08,Yujin,0.9998495578765869,Yujin,[1.000],Liz,"[0.000, 0.000, 0.000, 0.000, 0.993, 0.000, 0.000]",Yujin,[0.994],"[0.000, 1.000, 0.000, 0.000, 0.001, 0.000, 0.000, 0.000]"
3377,135.08,135.12,Yujin,0.9998143315315247,Yujin,[1.000],Liz,"[0.000, 0.000, 0.000, 0.000, 0.989, 0.000, 0.000]",Yujin,[0.993],"[0.000, 1.000, 0.000, 0.000, 0.001, 0.000, 0.000, 0.000]"
3378,135.12,135.16,Yujin,0.9997695088386536,Yujin,[1.000],Liz,"[0.000, 0.000, 0.000, 0.000, 0.984, 0.000, 0.000]",Yujin,[0.992],"[0.000, 1.000, 0.000, 0.001, 0.001, 0.000, 0.001, 0.000]"
3379,135.16,135.2,Yujin,0.9997116923332214,Yujin,[1.000],Liz,"[0.000, 0.000, 0.000, 0.000, 0.974, 0.000, 0.000]",Yujin,[0.992],"[0.000, 1.000, 0.000, 0.001, 0.001, 0.000, 0.001, 0.000]"
3380,135.2,135.24,Yujin,0.9996356964111328,Yujin,[1.000],Liz,"[0.000, 0.000, 0.000, 0.000, 0.956, 0.000, 0.000]",Yujin,[0.992],"[0.000, 1.000, 0.000, 0.001, 0.001, 0.000, 0.002, 0.000]"
3381,135.24,135.28,Yujin,0.9995336532592773,Yujin,[1.000],Liz,"[0.000, 0.000, 0.000, 0.000, 0.924, 0.000, 0.000]",Yujin,[0.993],"[0.000, 1.000, 0.000, 0.001, 0.001, 0.000, 0.005, 0.000]"
3382,135.28,135.32,Yujin,0.9993925094604492,Yujin,[0.999],Liz,"[0.000, 0.000, 0.000, 0.000, 0.866, 0.000, 0.000]",Yujin,[0.993],"[0.000, 0.999, 0.000, 0.001, 0.002, 0.000, 0.009, 0.000]"
3383,135.32,135.36,Yujin,0.9991896748542786,Yujin,[0.999],Liz,"[0.000, 0.000, 0.000, 0.000, 0.768, 0.000, 0.000]",Yujin,[0.994],"[0.000, 0.999, 0.000, 0.001, 0.002, 0.000, 0.018, 0.000]"
3384,135.36,135.4,Yujin,0.9988872408866882,Yujin,[0.999],Liz,"[0.000, 0.000, 0.000, 0.000, 0.619, 0.000, 0.000]",Yujin,[0.995],"[0.000, 0.999, 0.000, 0.001, 0.002, 0.000, 0.035, 0.000]"
3385,135.4,135.44,Yujin,0.9984204769134521,Yujin,[0.998],Liz,"[0.000, 0.000, 0.000, 0.000, 0.433, 0.000, 0.000]",Yujin,[0.995],"[0.000, 0.998, 0.000, 0.001, 0.002, 0.000, 0.065, 0.000]"
3386,135.44,135.48,Yujin,0.997675359249115,Yujin,[0.998],,[],Yujin,[0.996],"[0.000, 0.998, 0.000, 0.001, 0.002, 0.000, 0.115, 0.000]"
3387,135.48,135.52,Yujin,0.9964410662651062,Yujin,[0.996],,[],Yujin,[0.996],"[0.000, 0.996, 0.000, 0.001, 0.002, 0.000, 0.193, 0.000]"
3388,135.52,135.56,Yujin,0.9943242073059082,Yujin,[0.994],,[],Yujin,[0.996],"[0.000, 0.994, 0.000, 0.001, 0.002, 0.000, 0.302, 0.000]"
3389,135.56,135.6,Yujin,0.9905607104301453,Yujin,[0.991],,[],Yujin,[0.996],"[0.000, 0.991, 0.000, 0.000, 0.002, 0.000, 0.436, 0.000]"
3390,135.6,135.64,Yujin,0.9836264252662659,Yujin|Gang Vocal,"[0.984, 0.577]",,[],Yujin,[0.996],"[0.000, 0.984, 0.000, 0.000, 0.002, 0.000, 0.577, 0.000]"
3391,135.64,135.68,Yujin,0.970422089099884,Yujin|Gang Vocal,"[0.970, 0.703]",,[],Yujin,[0.995],"[0.000, 0.970, 0.000, 0.000, 0.002, 0.000, 0.703, 0.000]"
3392,135.68,135.72,Yujin,0.9447469115257263,Yujin|Gang Vocal,"[0.945, 0.802]",,[],Yujin,[0.994],"[0.001, 0.945, 0.000, 0.000, 0.002, 0.000, 0.802, 0.000]"
3393,135.72,135.76,Yujin,0.8949063420295715,Yujin|Gang Vocal,"[0.895, 0.873]",,[],Yujin,[0.991],"[0.001, 0.895, 0.000, 0.000, 0.002, 0.000, 0.873, 0.000]"
3394,135.76,135.8,Yujin,0.8024736046791077,Yujin|Gang Vocal,"[0.802, 0.920]",,[],Yujin,[0.986],"[0.001, 0.802, 0.001, 0.000, 0.002, 0.000, 0.920, 0.000]"
3395,135.8,135.84,Yujin,0.6506621241569519,Yujin|Gang Vocal,"[0.651, 0.951]",,[],Yujin,[0.974],"[0.002, 0.651, 0.001, 0.000, 0.002, 0.000, 0.951, 0.000]"
3396,135.84,135.88,Gang Vocal,0.9696307182312012,Gang Vocal,[0.970],,[],Yujin,[0.951],"[0.003, 0.452, 0.001, 0.000, 0.001, 0.000, 0.970, 0.000]"
3397,135.88,135.92,Gang Vocal,0.9813302159309387,Gang Vocal,[0.981],,[],Yujin,[0.898],"[0.004, 0.262, 0.000, 0.000, 0.001, 0.000, 0.981, 0.000]"
3398,135.92,135.96,Gang Vocal,0.9885136485099792,Gang Vocal,[0.989],,[],Yujin,[0.786],"[0.005, 0.129, 0.000, 0.000, 0.001, 0.000, 0.989, 0.000]"
3399,135.96,136.0,Gang Vocal,0.9929288029670715,Gang Vocal,[0.993],,[],Yujin,[0.587],"[0.007, 0.057, 0.000, 0.000, 0.001, 0.000, 0.993, 0.000]"
3400,136.0,136.04,Gang Vocal,0.9956425428390503,Gang Vocal,[0.996],,[],,[],"[0.008, 0.024, 0.000, 0.000, 0.001, 0.000, 0.996, 0.000]"
3401,136.04,136.08,Gang Vocal,0.9973130822181702,Gang Vocal,[0.997],,[],,[],"[0.009, 0.009, 0.000, 0.000, 0.000, 0.000, 0.997, 0.000]"
3402,136.08,136.12,Gang Vocal,0.9983413219451904,Gang Vocal,[0.998],,[],,[],"[0.010, 0.004, 0.000, 0.000, 0.000, 0.000, 0.998, 0.000]"
3403,136.12,136.16,Gang Vocal,0.9989749193191528,Gang Vocal,[0.999],,[],,[],"[0.010, 0.001, 0.000, 0.000, 0.000, 0.000, 0.999, 0.000]"
3404,136.16,136.2,Gang Vocal,0.9993651509284973,Gang Vocal,[0.999],,[],,[],"[0.011, 0.001, 0.000, 0.000, 0.000, 0.000, 0.999, 0.000]"
3405,136.2,136.24,Gang Vocal,0.999605119228363,Gang Vocal,[1.000],,[],,[],"[0.010, 0.000, 0.000, 0.000, 0.000, 0.000, 1.000, 0.000]"
3406,136.24,136.28,Gang Vocal,0.9997523427009583,Gang Vocal,[1.000],,[],,[],"[0.010, 0.000, 0.000, 0.000, 0.000, 0.000, 1.000, 0.000]"
3407,136.28,136.32,Gang Vocal,0.9998427629470825,Gang Vocal,[1.000],,[],,[],"[0.009, 0.000, 0.000, 0.000, 0.000, 0.000, 1.000, 0.000]"
3408,136.32,136.36,Gang Vocal,0.9998984336853027,Gang Vocal,[1.000],,[],,[],"[0.007, 0.000, 0.000, 0.000, 0.000, 0.000, 1.000, 0.000]"
3409,136.36,136.4,Gang Vocal,0.9999328851699829,Gang Vocal,[1.000],,[],,[],"[0.006, 0.000, 0.000, 0.000, 0.000, 0.000, 1.000, 0.000]"
3410,136.4,136.44,Gang Vocal,0.9999544620513916,Gang Vocal,[1.000],,[],,[],"[0.005, 0.000, 0.000, 0.000, 0.000, 0.000, 1.000, 0.000]"
3411,136.44,136.48,Gang Vocal,0.9999680519104004,Gang Vocal,[1.000],,[],,[],"[0.004, 0.000, 0.000, 0.000, 0.000, 0.000, 1.000, 0.000]"
3412,136.48,136.52,Gang Vocal,0.9999768733978271,Gang Vocal,[1.000],,[],,[],"[0.003, 0.000, 0.000, 0.000, 0.000, 0.000, 1.000, 0.000]"
3413,136.52,136.56,Gang Vocal,0.9999825954437256,Gang Vocal,[1.000],,[],,[],"[0.002, 0.000, 0.000, 0.000, 0.000, 0.000, 1.000, 0.000]"
3414,136.56,136.6,Gang Vocal,0.9999864101409912,Gang Vocal,[1.000],,[],,[],"[0.002, 0.000, 0.000, 0.000, 0.000, 0.000, 1.000, 0.000]"
3415,136.6,136.64,Gang Vocal,0.9999887943267822,Gang Vocal,[1.000],,[],,[],"[0.001, 0.000, 0.000, 0.000, 0.000, 0.000, 1.000, 0.000]"
3416,136.64,136.68,Gang Vocal,0.9999903440475464,Gang Vocal,[1.000],,[],,[],"[0.001, 0.000, 0.000, 0.000, 0.000, 0.000, 1.000, 0.000]"
3417,136.68,136.72,Gang Vocal,0.9999912977218628,Gang Vocal,[1.000],,[],,[],"[0.001, 0.000, 0.000, 0.000, 0.000, 0.000, 1.000, 0.000]"
3418,136.72,136.76,Gang Vocal,0.9999916553497314,Gang Vocal,[1.000],,[],,[],"[0.000, 0.000, 0.000, 0.000, 0.000, 0.000, 1.000, 0.000]"
3419,136.76,136.8,Gang Vocal,0.9999916553497314,Gang Vocal,[1.000],,[],,[],"[0.000, 0.000, 0.000, 0.000, 0.000, 0.000, 1.000, 0.000]"
3420,136.8,136.84,Gang Vocal,0.9999910593032837,Gang Vocal,[1.000],,[],,[],"[0.000, 0.000, 0.000, 0.000, 0.000, 0.000, 1.000, 0.000]"
3421,136.84,136.88,Gang Vocal,0.9999899864196777,Gang Vocal,[1.000],,[],,[],"[0.000, 0.000, 0.000, 0.000, 0.000, 0.000, 1.000, 0.000]"
3422,136.88,136.92,Gang Vocal,0.9999880790710449,Gang Vocal,[1.000],,[],,[],"[0.000, 0.000, 0.000, 0.000, 0.000, 0.000, 1.000, 0.000]"
3423,136.92,136.96,Gang Vocal,0.9999850988388062,Gang Vocal,[1.000],,[],,[],"[0.000, 0.000, 0.000, 0.000, 0.000, 0.000, 1.000, 0.000]"
3424,136.96,137.0,Gang Vocal,0.9999804496765137,Gang Vocal,[1.000],,[],,[],"[0.000, 0.000, 0.000, 0.000, 0.000, 0.000, 1.000, 0.000]"
3425,137.0,137.04,Gang Vocal,0.9999731779098511,Gang Vocal,[1.000],,[],,[],"[0.000, 0.000, 0.000, 0.000, 0.000, 0.000, 1.000, 0.000]"
3426,137.04,137.08,Gang Vocal,0.9999616146087646,Gang Vocal,[1.000],,[],,[],"[0.000, 0.000, 0.000, 0.000, 0.000, 0.000, 1.000, 0.000]"
3427,137.08,137.12,Gang Vocal,0.9999432563781738,Gang Vocal,[1.000],,[],,[],"[0.000, 0.000, 0.000, 0.000, 0.000, 0.000, 1.000, 0.000]"
3428,137.12,137.16,Gang Vocal,0.9999135732650757,Gang Vocal,[1.000],,[],,[],"[0.000, 0.000, 0.000, 0.000, 0.000, 0.000, 1.000, 0.000]"
3429,137.16,137.2,Gang Vocal,0.9998655319213867,Gang Vocal,[1.000],,[],,[],"[0.000, 0.000, 0.000, 0.000, 0.000, 0.000, 1.000, 0.000]"
3430,137.2,137.24,Gang Vocal,0.9997875094413757,Gang Vocal,[1.000],,[],,[],"[0.000, 0.000, 0.000, 0.000, 0.000, 0.000, 1.000, 0.000]"
3431,137.24,137.28,Gang Vocal,0.9996609687805176,Gang Vocal,[1.000],,[],,[],"[0.000, 0.000, 0.000, 0.000, 0.000, 0.000, 1.000, 0.000]"
3432,137.28,137.32,Gang Vocal,0.9994574189186096,Gang Vocal,[0.999],,[],,[],"[0.000, 0.000, 0.000, 0.000, 0.000, 0.000, 0.999, 0.000]"
3433,137.32,137.36,Gang Vocal,0.9991338849067688,Gang Vocal,[0.999],,[],,[],"[0.000, 0.000, 0.000, 0.000, 0.000, 0.000, 0.999, 0.000]"
3434,137.36,137.4,Gang Vocal,0.9986294507980347,Gang Vocal,[0.999],,[],,[],"[0.000, 0.000, 0.000, 0.000, 0.000, 0.000, 0.999, 0.000]"
3435,137.4,137.44,Gang Vocal,0.997859537601471,Gang Vocal,[0.998],,[],,[],"[0.000, 0.000, 0.000, 0.000, 0.000, 0.000, 0.998, 0.000]"
3436,137.44,137.48,Gang Vocal,0.9967079162597656,Gang Vocal,[0.997],,[],,[],"[0.000, 0.000, 0.000, 0.000, 0.000, 0.000, 0.997, 0.000]"
3437,137.48,137.52,Gang Vocal,0.9950173497200012,Gang Vocal,[0.995],,[],,[],"[0.000, 0.000, 0.000, 0.000, 0.000, 0.000, 0.995, 0.000]"
3438,137.52,137.56,Gang Vocal,0.9925777316093445,Gang Vocal,[0.993],,[],,[],"[0.000, 0.000, 0.000, 0.000, 0.000, 0.000, 0.993, 0.000]"
3439,137.56,137.6,Gang Vocal,0.9891185760498047,Gang Vocal,[0.989],,[],,[],"[0.000, 0.000, 0.000, 0.000, 0.000, 0.000, 0.989, 0.000]"
3440,137.6,137.64,Gang Vocal,0.9843094348907471,Gang Vocal,[0.984],,[],,[],"[0.000, 0.000, 0.000, 0.000, 0.000, 0.000, 0.984, 0.000]"
3441,137.64,137.68,Gang Vocal,0.9778077602386475,Gang Vocal,[0.978],,[],,[],"[0.000, 0.000, 0.000, 0.000, 0.000, 0.000, 0.978, 0.000]"
3442,137.68,137.72,Gang Vocal,0.9692943692207336,Gang Vocal,[0.969],,[],,[],"[0.000, 0.000, 0.000, 0.000, 0.001, 0.000, 0.969, 0.000]"
3443,137.72,137.76,Gang Vocal,0.9585056900978088,Gang Vocal,[0.959],,[],,[],"[0.000, 0.000, 0.000, 0.000, 0.001, 0.000, 0.959, 0.000]"
3444,137.76,137.8,Gang Vocal,0.9452762007713318,Gang Vocal,[0.945],,[],,[],"[0.000, 0.000, 0.000, 0.000, 0.002, 0.000, 0.945, 0.000]"
3445,137.8,137.84,Gang Vocal,0.9295614361763,Gang Vocal,[0.930],,[],,[],"[0.000, 0.000, 0.000, 0.000, 0.004, 0.000, 0.930, 0.000]"
3446,137.84,137.88,Gang Vocal,0.9115667343139648,Gang Vocal,[0.912],,[],,[],"[0.000, 0.000, 0.000, 0.000, 0.007, 0.000, 0.912, 0.000]"
3447,137.88,137.92,Gang Vocal,0.8917877674102783,Gang Vocal,[0.892],,[],,[],"[0.001, 0.000, 0.000, 0.000, 0.012, 0.000, 0.892, 0.000]"
3448,137.92,137.96,Gang Vocal,0.8708795309066772,Gang Vocal,[0.871],,[],,[],"[0.001, 0.000, 0.000, 0.000, 0.022, 0.000, 0.871, 0.000]"
3449,137.96,138.0,Gang Vocal,0.84946209192276,Gang Vocal,[0.849],,[],,[],"[0.001, 0.001, 0.000, 0.000, 0.040, 0.000, 0.849, 0.000]"
3450,138.0,138.04,Gang Vocal,0.8281531929969788,Gang Vocal,[0.828],,[],,[],"[0.002, 0.001, 0.000, 0.000, 0.070, 0.000, 0.828, 0.000]"
3451,138.04,138.08,Gang Vocal,0.8076627850532532,Gang Vocal,[0.808],,[],,[],"[0.002, 0.002, 0.000, 0.000, 0.121, 0.000, 0.808, 0.000]"
3452,138.08,138.12,Gang Vocal,0.788777768611908,Gang Vocal,[0.789],,[],,[],"[0.003, 0.002, 0.000, 0.000, 0.198, 0.001, 0.789, 0.000]"
3453,138.12,138.16,Gang Vocal,0.7720807790756226,Gang Vocal,[0.772],,[],,[],"[0.003, 0.003, 0.000, 0.000, 0.305, 0.001, 0.772, 0.000]"
3454,138.16,138.2,Gang Vocal,0.7580239176750183,Gang Vocal,[0.758],,[],,[],"[0.004, 0.004, 0.000, 0.001, 0.436, 0.001, 0.758, 0.000]"
3455,138.2,138.24,Liz,0.57315593957901,Liz|Gang Vocal,"[0.573, 0.747]",,[],,[],"[0.005, 0.005, 0.000, 0.001, 0.573, 0.001, 0.747, 0.000]"
3456,138.24,138.28,Liz,0.6962820291519165,Liz|Gang Vocal,"[0.696, 0.739]",,[],,[],"[0.005, 0.006, 0.000, 0.001, 0.696, 0.002, 0.739, 0.000]"
3457,138.28,138.32,Liz,0.7932999134063721,Liz|Gang Vocal,"[0.793, 0.733]",,[],,[],"[0.006, 0.006, 0.000, 0.001, 0.793, 0.002, 0.733, 0.000]"
3458,138.32,138.36,Liz,0.8626311421394348,Liz|Gang Vocal,"[0.863, 0.730]",,[],,[],"[0.006, 0.007, 0.000, 0.002, 0.863, 0.002, 0.730, 0.000]"
3459,138.36,138.4,Liz,0.9093568921089172,Liz|Gang Vocal,"[0.909, 0.729]",,[],,[],"[0.006, 0.007, 0.000, 0.002, 0.909, 0.002, 0.729, 0.000]"
3460,138.4,138.44,Liz,0.9398176074028015,Liz|Gang Vocal,"[0.940, 0.731]",,[],,[],"[0.006, 0.007, 0.000, 0.002, 0.940, 0.003, 0.731, 0.000]"
3461,138.44,138.48,Liz,0.959345281124115,Liz|Gang Vocal,"[0.959, 0.734]",,[],,[],"[0.006, 0.007, 0.000, 0.002, 0.959, 0.003, 0.734, 0.000]"
3462,138.48,138.52,Liz,0.9718850255012512,Liz|Gang Vocal,"[0.972, 0.738]",,[],,[],"[0.006, 0.007, 0.000, 0.002, 0.972, 0.003, 0.738, 0.000]"
3463,138.52,138.56,Liz,0.9800087213516235,Liz|Gang Vocal,"[0.980, 0.744]",,[],,[],"[0.005, 0.007, 0.000, 0.002, 0.980, 0.003, 0.744, 0.000]"
3464,138.56,138.6,Liz,0.9853197932243347,Liz|Gang Vocal,"[0.985, 0.749]",,[],,[],"[0.005, 0.007, 0.000, 0.002, 0.985, 0.003, 0.749, 0.000]"
3465,138.6,138.64,Liz,0.9888350367546082,Liz|Gang Vocal,"[0.989, 0.755]",,[],,[],"[0.004, 0.007, 0.000, 0.002, 0.989, 0.003, 0.755, 0.000]"
3466,138.64,138.68,Liz,0.9911856055259705,Liz|Gang Vocal,"[0.991, 0.761]",,[],,[],"[0.004, 0.006, 0.000, 0.002, 0.991, 0.003, 0.761, 0.000]"
3467,138.68,138.72,Liz,0.992767333984375,Liz|Gang Vocal,"[0.993, 0.765]",,[],,[],"[0.003, 0.006, 0.000, 0.002, 0.993, 0.004, 0.765, 0.000]"
3468,138.72,138.76,Liz,0.9938256740570068,Liz|Gang Vocal,"[0.994, 0.768]",,[],,[],"[0.003, 0.006, 0.000, 0.002, 0.994, 0.004, 0.768, 0.000]"
3469,138.76,138.8,Liz,0.9945038557052612,Liz|Gang Vocal,"[0.995, 0.770]",,[],,[],"[0.003, 0.006, 0.000, 0.002, 0.995, 0.004, 0.770, 0.000]"
3470,138.8,138.84,Liz,0.994877815246582,Liz|Gang Vocal,"[0.995, 0.771]",,[],,[],"[0.002, 0.006, 0.000, 0.002, 0.995, 0.005, 0.771, 0.000]"
3471,138.84,138.88,Liz,0.9949970245361328,Liz|Gang Vocal,"[0.995, 0.771]",,[],,[],"[0.002, 0.006, 0.000, 0.002, 0.995, 0.005, 0.771, 0.000]"
3472,138.88,138.92,Liz,0.9948747754096985,Liz|Gang Vocal,"[0.995, 0.770]",,[],,[],"[0.002, 0.006, 0.000, 0.002, 0.995, 0.006, 0.770, 0.000]"
3473,138.92,138.96,Liz,0.9944961667060852,Liz|Gang Vocal,"[0.994, 0.769]",,[],,[],"[0.002, 0.006, 0.000, 0.002, 0.994, 0.006, 0.769, 0.000]"
3474,138.96,139.0,Liz,0.9938143491744995,Liz|Gang Vocal,"[0.994, 0.766]",,[],,[],"[0.002, 0.007, 0.000, 0.002, 0.994, 0.007, 0.766, 0.000]"
3475,139.0,139.04,Liz,0.992743730545044,Liz|Gang Vocal,"[0.993, 0.763]",,[],,[],"[0.001, 0.007, 0.000, 0.002, 0.993, 0.008, 0.763, 0.000]"
3476,139.04,139.08,Liz,0.9911205172538757,Liz|Gang Vocal,"[0.991, 0.759]",,[],,[],"[0.001, 0.008, 0.000, 0.002, 0.991, 0.009, 0.759, 0.000]"
3477,139.08,139.12,Liz,0.9886610507965088,Liz|Gang Vocal,"[0.989, 0.754]",,[],,[],"[0.001, 0.009, 0.000, 0.002, 0.989, 0.010, 0.754, 0.000]"
3478,139.12,139.16,Liz,0.9848974347114563,Liz|Gang Vocal,"[0.985, 0.750]",,[],,[],"[0.001, 0.010, 0.000, 0.003, 0.985, 0.011, 0.750, 0.000]"
3479,139.16,139.2,Liz,0.9790549278259277,Liz|Gang Vocal,"[0.979, 0.747]",,[],,[],"[0.001, 0.012, 0.000, 0.003, 0.979, 0.012, 0.747, 0.000]"
3480,139.2,139.24,Liz,0.9698646664619446,Liz|Gang Vocal,"[0.970, 0.744]",,[],,[],"[0.001, 0.014, 0.000, 0.003, 0.970, 0.012, 0.744, 0.000]"
3481,139.24,139.28,Liz,0.9551886320114136,Liz|Gang Vocal,"[0.955, 0.743]",,[],,[],"[0.001, 0.017, 0.000, 0.004, 0.955, 0.013, 0.743, 0.000]"
3482,139.28,139.32,Liz,0.9314656257629395,Liz|Gang Vocal,"[0.931, 0.743]",,[],,[],"[0.001, 0.021, 0.000, 0.004, 0.931, 0.012, 0.743, 0.000]"
3483,139.32,139.36,Liz,0.8930271863937378,Liz|Gang Vocal,"[0.893, 0.745]",,[],,[],"[0.001, 0.026, 0.000, 0.004, 0.893, 0.012, 0.745, 0.000]"
3484,139.36,139.4,Liz,0.8317991495132446,Liz|Gang Vocal,"[0.832, 0.750]",,[],,[],"[0.001, 0.033, 0.000, 0.005, 0.832, 0.011, 0.750, 0.000]"
3485,139.4,139.44,Liz,0.7390592098236084,Liz|Gang Vocal,"[0.739, 0.758]",,[],,[],"[0.000, 0.042, 0.000, 0.005, 0.739, 0.010, 0.758, 0.000]"
3486,139.44,139.48,Liz,0.6115288734436035,Liz|Gang Vocal,"[0.612, 0.768]",,[],,[],"[0.000, 0.053, 0.000, 0.005, 0.612, 0.009, 0.768, 0.000]"
3487,139.48,139.52,Gang Vocal,0.7814184427261353,Gang Vocal,[0.781],,[],,[],"[0.000, 0.068, 0.000, 0.005, 0.460, 0.007, 0.781, 0.000]"
3488,139.52,139.56,Gang Vocal,0.7973145246505737,Gang Vocal,[0.797],,[],,[],"[0.000, 0.085, 0.000, 0.004, 0.310, 0.006, 0.797, 0.000]"
3489,139.56,139.6,Gang Vocal,0.8154701590538025,Gang Vocal,[0.815],,[],,[],"[0.000, 0.106, 0.000, 0.004, 0.187, 0.005, 0.815, 0.000]"
3490,139.6,139.64,Gang Vocal,0.8354470133781433,Gang Vocal,[0.835],,[],,[],"[0.000, 0.131, 0.000, 0.003, 0.103, 0.003, 0.835, 0.000]"
3491,139.64,139.68,Gang Vocal,0.8564825057983398,Gang Vocal,[0.856],,[],,[],"[0.000, 0.159, 0.000, 0.003, 0.053, 0.002, 0.856, 0.000]"
3492,139.68,139.72,Gang Vocal,0.8775670528411865,Gang Vocal,[0.878],,[],,[],"[0.000, 0.189, 0.000, 0.002, 0.026, 0.002, 0.878, 0.000]"
3493,139.72,139.76,Gang Vocal,0.8977068066596985,Gang Vocal,[0.898],,[],,[],"[0.000, 0.220, 0.000, 0.002, 0.012, 0.001, 0.898, 0.000]"
3494,139.76,139.8,Gang Vocal,0.9161591529846191,Gang Vocal,[0.916],,[],,[],"[0.000, 0.249, 0.000, 0.001, 0.006, 0.001, 0.916, 0.000]"
3495,139.8,139.84,Gang Vocal,0.9324381351470947,Gang Vocal,[0.932],,[],,[],"[0.000, 0.271, 0.000, 0.001, 0.003, 0.000, 0.932, 0.000]"
3496,139.84,139.88,Gang Vocal,0.9464016556739807,Gang Vocal,[0.946],,[],,[],"[0.000, 0.284, 0.000, 0.001, 0.001, 0.000, 0.946, 0.000]"
3497,139.88,139.92,Gang Vocal,0.9581173658370972,Gang Vocal,[0.958],,[],,[],"[0.000, 0.284, 0.000, 0.000, 0.001, 0.000, 0.958, 0.000]"
3498,139.92,139.96,Gang Vocal,0.9677666425704956,Gang Vocal,[0.968],,[],,[],"[0.000, 0.270, 0.000, 0.000, 0.000, 0.000, 0.968, 0.000]"
3499,139.96,140.0,Gang Vocal,0.9755626916885376,Gang Vocal,[0.976],,[],,[],"[0.000, 0.241, 0.000, 0.000, 0.000, 0.000, 0.976, 0.000]"
3500,140.0,140.04,Gang Vocal,0.9817503690719604,Gang Vocal,[0.982],,[],,[],"[0.000, 0.199, 0.000, 0.000, 0.000, 0.000, 0.982, 0.000]"
3501,140.04,140.08,Gang Vocal,0.9865712523460388,Gang Vocal,[0.987],,[],,[],"[0.000, 0.151, 0.000, 0.000, 0.000, 0.000, 0.987, 0.000]"
3502,140.08,140.12,Gang Vocal,0.9902570247650146,Gang Vocal,[0.990],,[],,[],"[0.000, 0.104, 0.000, 0.000, 0.000, 0.000, 0.990, 0.000]"
3503,140.12,140.16,Gang Vocal,0.9930088520050049,Gang Vocal,[0.993],,[],,[],"[0.000, 0.064, 0.000, 0.000, 0.000, 0.000, 0.993, 0.000]"
3504,140.16,140.2,Gang Vocal,0.9950127005577087,Gang Vocal,[0.995],,[],,[],"[0.000, 0.035, 0.000, 0.000, 0.000, 0.000, 0.995, 0.000]"
3505,140.2,140.24,Gang Vocal,0.9964455962181091,Gang Vocal,[0.996],,[],,[],"[0.000, 0.017, 0.000, 0.000, 0.000, 0.000, 0.996, 0.000]"
3506,140.24,140.28,Gang Vocal,0.9974585175514221,Gang Vocal,[0.997],,[],,[],"[0.000, 0.007, 0.000, 0.000, 0.000, 0.000, 0.997, 0.000]"
3507,140.28,140.32,Gang Vocal,0.9981708526611328,Gang Vocal,[0.998],,[],,[],"[0.000, 0.003, 0.000, 0.000, 0.000, 0.000, 0.998, 0.000]"
3508,140.32,140.36,Gang Vocal,0.9986698627471924,Gang Vocal,[0.999],,[],,[],"[0.000, 0.001, 0.000, 0.000, 0.000, 0.000, 0.999, 0.000]"
3509,140.36,140.4,Gang Vocal,0.9990178346633911,Gang Vocal,[0.999],,[],,[],"[0.000, 0.000, 0.000, 0.000, 0.000, 0.000, 0.999, 0.000]"
3510,140.4,140.44,Gang Vocal,0.9992604851722717,Gang Vocal,[0.999],,[],,[],"[0.000, 0.000, 0.000, 0.000, 0.000, 0.000, 0.999, 0.000]"
3511,140.44,140.48,Gang Vocal,0.9994298815727234,Gang Vocal,[0.999],,[],,[],"[0.000, 0.000, 0.000, 0.000, 0.000, 0.000, 0.999, 0.000]"
3512,140.48,140.52,Gang Vocal,0.9995487332344055,Gang Vocal,[1.000],,[],,[],"[0.000, 0.000, 0.000, 0.000, 0.000, 0.000, 1.000, 0.000]"
3513,140.52,140.56,Gang Vocal,0.9996323585510254,Gang Vocal,[1.000],,[],,[],"[0.000, 0.000, 0.000, 0.000, 0.000, 0.000, 1.000, 0.000]"
3514,140.56,140.6,Gang Vocal,0.999691367149353,Gang Vocal,[1.000],,[],,[],"[0.000, 0.000, 0.000, 0.000, 0.000, 0.000, 1.000, 0.000]"
3515,140.6,140.64,Gang Vocal,0.9997326731681824,Gang Vocal,[1.000],,[],,[],"[0.000, 0.000, 0.000, 0.000, 0.000, 0.000, 1.000, 0.000]"
3516,140.64,140.68,Gang Vocal,0.9997609257698059,Gang Vocal,[1.000],,[],,[],"[0.000, 0.000, 0.000, 0.000, 0.000, 0.000, 1.000, 0.000]"
3517,140.68,140.72,Gang Vocal,0.9997791647911072,Gang Vocal,[1.000],,[],,[],"[0.000, 0.000, 0.000, 0.000, 0.000, 0.000, 1.000, 0.000]"
3518,140.72,140.76,Gang Vocal,0.9997890591621399,Gang Vocal,[1.000],,[],,[],"[0.000, 0.000, 0.000, 0.000, 0.000, 0.000, 1.000, 0.000]"
3519,140.76,140.8,Gang Vocal,0.9997919201850891,Gang Vocal,[1.000],,[],,[],"[0.000, 0.000, 0.000, 0.000, 0.000, 0.000, 1.000, 0.000]"
3520,140.8,140.84,Gang Vocal,0.9997879862785339,Gang Vocal,[1.000],,[],,[],"[0.000, 0.000, 0.000, 0.000, 0.000, 0.000, 1.000, 0.000]"
3521,140.84,140.88,Gang Vocal,0.9997772574424744,Gang Vocal,[1.000],,[],,[],"[0.000, 0.000, 0.000, 0.000, 0.000, 0.000, 1.000, 0.000]"
3522,140.88,140.92,Gang Vocal,0.9997588992118835,Gang Vocal,[1.000],,[],,[],"[0.000, 0.000, 0.000, 0.000, 0.000, 0.000, 1.000, 0.000]"
3523,140.92,140.96,Gang Vocal,0.9997318387031555,Gang Vocal,[1.000],,[],,[],"[0.000, 0.000, 0.000, 0.000, 0.000, 0.000, 1.000, 0.000]"
3524,140.96,141.0,Gang Vocal,0.9996938705444336,Gang Vocal,[1.000],,[],,[],"[0.000, 0.000, 0.000, 0.000, 0.000, 0.000, 1.000, 0.000]"
3525,141.0,141.04,Gang Vocal,0.9996421337127686,Gang Vocal,[1.000],,[],,[],"[0.000, 0.000, 0.000, 0.000, 0.000, 0.000, 1.000, 0.000]"
3526,141.04,141.08,Gang Vocal,0.9995724558830261,Gang Vocal,[1.000],,[],,[],"[0.000, 0.000, 0.000, 0.000, 0.000, 0.000, 1.000, 0.000]"
3527,141.08,141.12,Gang Vocal,0.9994788765907288,Gang Vocal,[0.999],,[],,[],"[0.000, 0.000, 0.000, 0.000, 0.000, 0.000, 0.999, 0.000]"
3528,141.12,141.16,Gang Vocal,0.9993516802787781,Gang Vocal,[0.999],,[],,[],"[0.000, 0.000, 0.000, 0.000, 0.000, 0.000, 0.999, 0.000]"
3529,141.16,141.2,Gang Vocal,0.9991777539253235,Gang Vocal,[0.999],,[],,[],"[0.000, 0.000, 0.000, 0.000, 0.000, 0.000, 0.999, 0.000]"
3530,141.2,141.24,Gang Vocal,0.9989367127418518,Gang Vocal,[0.999],,[],,[],"[0.000, 0.000, 0.000, 0.000, 0.000, 0.000, 0.999, 0.000]"
3531,141.24,141.28,Gang Vocal,0.9985958933830261,Gang Vocal,[0.999],,[],,[],"[0.000, 0.000, 0.000, 0.000, 0.000, 0.000, 0.999, 0.000]"
3532,141.28,141.32,Gang Vocal,0.9981027245521545,Gang Vocal,[0.998],,[],,[],"[0.000, 0.000, 0.000, 0.000, 0.000, 0.000, 0.998, 0.000]"
3533,141.32,141.36,Gang Vocal,0.9973742961883545,Gang Vocal,[0.997],,[],,[],"[0.000, 0.000, 0.000, 0.000, 0.000, 0.000, 0.997, 0.000]"
3534,141.36,141.4,Gang Vocal,0.9962784647941589,Gang Vocal,[0.996],,[],,[],"[0.000, 0.000, 0.000, 0.000, 0.000, 0.000, 0.996, 0.000]"
3535,141.4,141.44,Gang Vocal,0.9945800304412842,Gang Vocal,[0.995],,[],,[],"[0.000, 0.000, 0.000, 0.000, 0.000, 0.000, 0.995, 0.000]"
3536,141.44,141.48,Gang Vocal,0.991885781288147,Gang Vocal,[0.992],,[],,[],"[0.000, 0.000, 0.000, 0.000, 0.000, 0.000, 0.992, 0.000]"
3537,141.48,141.52,Gang Vocal,0.987519383430481,Gang Vocal,[0.988],,[],,[],"[0.000, 0.000, 0.000, 0.000, 0.000, 0.000, 0.988, 0.000]"
3538,141.52,141.56,Gang Vocal,0.9803115129470825,Gang Vocal,[0.980],,[],,[],"[0.000, 0.000, 0.000, 0.000, 0.000, 0.000, 0.980, 0.000]"
3539,141.56,141.6,Gang Vocal,0.968204140663147,Gang Vocal,[0.968],,[],,[],"[0.000, 0.000, 0.000, 0.000, 0.000, 0.000, 0.968, 0.000]"
3540,141.6,141.64,Gang Vocal,0.9476682543754578,Gang Vocal,[0.948],,[],,[],"[0.000, 0.000, 0.000, 0.000, 0.001, 0.000, 0.948, 0.000]"
3541,141.64,141.68,Gang Vocal,0.9128268957138062,Gang Vocal,[0.913],,[],,[],"[0.000, 0.000, 0.000, 0.000, 0.001, 0.000, 0.913, 0.000]"
3542,141.68,141.72,Gang Vocal,0.8549177646636963,Gang Vocal,[0.855],,[],,[],"[0.000, 0.000, 0.000, 0.000, 0.001, 0.000, 0.855, 0.000]"
3543,141.72,141.76,Gang Vocal,0.7635031342506409,Gang Vocal,[0.764],,[],,[],"[0.000, 0.000, 0.000, 0.000, 0.001, 0.000, 0.764, 0.000]"
3544,141.76,141.8,Gang Vocal,0.6330454349517822,Gang Vocal,[0.633],,[],,[],"[0.000, 0.000, 0.000, 0.000, 0.001, 0.000, 0.633, 0.000]"
3545,141.8,141.84,silence,9.270027523378133e-10,,[],,[],,[],"[0.000, 0.000, 0.000, 0.000, 0.001, 0.000, 0.474, 0.000]"
3546,141.84,141.88,silence,6.644100825070609e-09,,[],,[],,[],"[0.000, 0.000, 0.000, 0.000, 0.001, 0.000, 0.317, 0.000]"
3547,141.88,141.92,silence,5.250878487572663e-08,,[],,[],,[],"[0.000, 0.000, 0.000, 0.000, 0.001, 0.000, 0.190, 0.000]"
3548,141.92,141.96,silence,4.498495229654509e-07,,[],,[],,[],"[0.000, 0.000, 0.000, 0.000, 0.000, 0.000, 0.105, 0.000]"
3549,141.96,142.0,silence,4.087953129783273e-06,,[],,[],,[],"[0.000, 0.000, 0.000, 0.000, 0.000, 0.000, 0.054, 0.000]"
3550,142.0,142.04,silence,3.841816942440346e-05,,[],,[],,[],"[0.000, 0.000, 0.000, 0.000, 0.000, 0.000, 0.027, 0.000]"
3551,142.04,142.08,silence,0.0003640203212853521,,[],,[],,[],"[0.000, 0.000, 0.000, 0.000, 0.000, 0.000, 0.014, 0.000]"
3552,142.08,142.12,silence,0.003383197821676731,,[],,[],,[],"[0.000, 0.000, 0.000, 0.000, 0.000, 0.000, 0.007, 0.003]"
3553,142.12,142.16,silence,0.029546253383159637,,[],,[],,[],"[0.000, 0.000, 0.000, 0.000, 0.000, 0.000, 0.003, 0.030]"
3554,142.16,142.2,silence,0.20450392365455627,,[],,[],,[],"[0.000, 0.000, 0.000, 0.000, 0.000, 0.000, 0.002, 0.205]"
3555,142.2,142.24,silence,0.6671015024185181,silence,[0.667],,[],,[],"[0.000, 0.000, 0.000, 0.000, 0.000, 0.000, 0.001, 0.667]"
3556,142.24,142.28,silence,0.9340433478355408,silence,[0.934],,[],,[],"[0.000, 0.000, 0.000, 0.000, 0.000, 0.000, 0.000, 0.934]"
3557,142.28,142.32,silence,0.9889417290687561,silence,[0.989],,[],,[],"[0.000, 0.000, 0.000, 0.000, 0.000, 0.000, 0.000, 0.989]"
3558,142.32,142.36,silence,0.9980015158653259,silence,[0.998],,[],,[],"[0.000, 0.000, 0.000, 0.000, 0.000, 0.000, 0.000, 0.998]"
3559,142.36,142.4,silence,0.9995924830436707,silence,[1.000],,[],,[],"[0.000, 0.000, 0.000, 0.000, 0.000, 0.000, 0.000, 1.000]"
3560,142.4,142.44,silence,0.9999052286148071,silence,[1.000],,[],,[],"[0.000, 0.000, 0.000, 0.000, 0.000, 0.000, 0.000, 1.000]"
3561,142.44,142.48,silence,0.9999748468399048,silence,[1.000],,[],,[],"[0.000, 0.000, 0.000, 0.000, 0.000, 0.000, 0.000, 1.000]"
3562,142.48,142.52,silence,0.9999923706054688,silence,[1.000],,[],,[],"[0.000, 0.000, 0.000, 0.000, 0.000, 0.000, 0.000, 1.000]"
3563,142.52,142.56,silence,0.9999973773956299,silence,[1.000],,[],,[],"[0.000, 0.000, 0.000, 0.000, 0.000, 0.000, 0.000, 1.000]"
3564,142.56,142.6,silence,0.999998927116394,silence,[1.000],,[],,[],"[0.000, 0.000, 0.000, 0.000, 0.000, 0.000, 0.000, 1.000]"
3565,142.6,142.64,silence,0.9999995231628418,silence,[1.000],,[],,[],"[0.000, 0.000, 0.000, 0.000, 0.000, 0.000, 0.000, 1.000]"
3566,142.64,142.68,silence,0.9999997615814209,silence,[1.000],,[],,[],"[0.000, 0.000, 0.000, 0.000, 0.000, 0.000, 0.000, 1.000]"
3567,142.68,142.72,silence,0.9999998807907104,silence,[1.000],,[],,[],"[0.000, 0.000, 0.000, 0.000, 0.000, 0.000, 0.000, 1.000]"
3568,142.72,142.76,silence,0.9999998807907104,silence,[1.000],,[],,[],"[0.000, 0.000, 0.000, 0.000, 0.000, 0.000, 0.000, 1.000]"
3569,142.76,142.8,silence,1.0,silence,[1.000],,[],,[],"[0.000, 0.000, 0.000, 0.000, 0.000, 0.000, 0.000, 1.000]"
3570,142.8,142.84,silence,1.0,silence,[1.000],,[],,[],"[0.000, 0.000, 0.000, 0.000, 0.000, 0.000, 0.000, 1.000]"
3571,142.84,142.88,silence,1.0,silence,[1.000],,[],,[],"[0.000, 0.000, 0.000, 0.000, 0.000, 0.000, 0.000, 1.000]"
3572,142.88,142.92,silence,1.0,silence,[1.000],,[],,[],"[0.000, 0.000, 0.000, 0.000, 0.000, 0.000, 0.000, 1.000]"
3573,142.92,142.96,silence,1.0,silence,[1.000],,[],,[],"[0.000, 0.000, 0.000, 0.000, 0.000, 0.000, 0.000, 1.000]"
3574,142.96,143.0,silence,1.0,silence,[1.000],,[],,[],"[0.000, 0.000, 0.000, 0.000, 0.000, 0.000, 0.000, 1.000]"
3575,143.0,143.04,silence,1.0,silence,[1.000],,[],,[],"[0.000, 0.000, 0.000, 0.000, 0.000, 0.000, 0.000, 1.000]"
3576,143.04,143.08,silence,1.0,silence,[1.000],,[],,[],"[0.000, 0.000, 0.000, 0.000, 0.000, 0.000, 0.000, 1.000]"
3577,143.08,143.12,silence,1.0,silence,[1.000],,[],,[],"[0.000, 0.000, 0.000, 0.000, 0.000, 0.000, 0.000, 1.000]"
3578,143.12,143.16,silence,1.0,silence,[1.000],,[],,[],"[0.000, 0.000, 0.000, 0.000, 0.000, 0.000, 0.000, 1.000]"
3579,143.16,143.2,silence,0.9999998807907104,silence,[1.000],,[],,[],"[0.000, 0.000, 0.000, 0.000, 0.000, 0.000, 0.000, 1.000]"
3580,143.2,143.24,silence,0.9999998807907104,silence,[1.000],,[],,[],"[0.000, 0.000, 0.000, 0.000, 0.000, 0.000, 0.000, 1.000]"
3581,143.24,143.28,silence,0.9999998807907104,silence,[1.000],,[],,[],"[0.000, 0.000, 0.000, 0.000, 0.000, 0.000, 0.000, 1.000]"
3582,143.28,143.32,silence,0.9999998807907104,silence,[1.000],,[],,[],"[0.000, 0.000, 0.000, 0.000, 0.000, 0.000, 0.000, 1.000]"
3583,143.32,143.36,silence,0.9999997615814209,silence,[1.000],,[],,[],"[0.000, 0.000, 0.000, 0.000, 0.000, 0.000, 0.000, 1.000]"
3584,143.36,143.4,silence,0.9999997615814209,silence,[1.000],,[],,[],"[0.000, 0.000, 0.000, 0.000, 0.000, 0.000, 0.000, 1.000]"
3585,143.4,143.44,silence,0.9999996423721313,silence,[1.000],,[],,[],"[0.000, 0.000, 0.000, 0.000, 0.000, 0.000, 0.000, 1.000]"
3586,143.44,143.48,silence,0.9999996423721313,silence,[1.000],,[],,[],"[0.000, 0.000, 0.000, 0.000, 0.000, 0.000, 0.000, 1.000]"
3587,143.48,143.52,silence,0.9999995231628418,silence,[1.000],,[],,[],"[0.000, 0.000, 0.000, 0.000, 0.000, 0.000, 0.000, 1.000]"
3588,143.52,143.56,silence,0.9999994039535522,silence,[1.000],,[],,[],"[0.000, 0.000, 0.000, 0.000, 0.000, 0.000, 0.000, 1.000]"
3589,143.56,143.6,silence,0.9999992847442627,silence,[1.000],,[],,[],"[0.000, 0.000, 0.000, 0.000, 0.000, 0.000, 0.000, 1.000]"
3590,143.6,143.64,silence,0.9999991655349731,silence,[1.000],,[],,[],"[0.000, 0.000, 0.000, 0.000, 0.000, 0.000, 0.000, 1.000]"
3591,143.64,143.68,silence,0.9999990463256836,silence,[1.000],,[],,[],"[0.000, 0.000, 0.000, 0.000, 0.000, 0.000, 0.000, 1.000]"
3592,143.68,143.72,silence,0.9999988079071045,silence,[1.000],,[],,[],"[0.000, 0.000, 0.000, 0.000, 0.000, 0.000, 0.000, 1.000]"
3593,143.72,143.76,silence,0.9999985694885254,silence,[1.000],,[],,[],"[0.000, 0.000, 0.000, 0.000, 0.000, 0.000, 0.000, 1.000]"
3594,143.76,143.8,silence,0.9999983310699463,silence,[1.000],,[],,[],"[0.000, 0.000, 0.000, 0.000, 0.000, 0.000, 0.000, 1.000]"
3595,143.8,143.84,silence,0.9999980926513672,silence,[1.000],,[],,[],"[0.000, 0.000, 0.000, 0.000, 0.000, 0.000, 0.000, 1.000]"
3596,143.84,143.88,silence,0.9999977350234985,silence,[1.000],,[],,[],"[0.000, 0.000, 0.000, 0.000, 0.000, 0.000, 0.000, 1.000]"
3597,143.88,143.92,silence,0.9999972581863403,silence,[1.000],,[],,[],"[0.000, 0.000, 0.000, 0.000, 0.000, 0.000, 0.000, 1.000]"
3598,143.92,143.96,silence,0.999996542930603,silence,[1.000],,[],,[],"[0.000, 0.000, 0.000, 0.000, 0.000, 0.000, 0.000, 1.000]"
3599,143.96,144.0,silence,0.9999958276748657,silence,[1.000],,[],,[],"[0.000, 0.000, 0.000, 0.000, 0.000, 0.000, 0.000, 1.000]"
3600,144.0,144.04,silence,0.9999948740005493,silence,[1.000],,[],,[],"[0.000, 0.000, 0.000, 0.000, 0.000, 0.000, 0.000, 1.000]"
3601,144.04,144.08,silence,0.9999936819076538,silence,[1.000],,[],,[],"[0.000, 0.000, 0.000, 0.000, 0.000, 0.000, 0.000, 1.000]"
3602,144.08,144.12,silence,0.9999923706054688,silence,[1.000],,[],,[],"[0.000, 0.000, 0.000, 0.000, 0.000, 0.000, 0.000, 1.000]"
3603,144.12,144.16,silence,0.9999910593032837,silence,[1.000],,[],,[],"[0.000, 0.000, 0.000, 0.000, 0.000, 0.000, 0.000, 1.000]"
3604,144.16,144.2,silence,0.9999898672103882,silence,[1.000],,[],,[],"[0.000, 0.000, 0.000, 0.000, 0.000, 0.000, 0.000, 1.000]"
3605,144.2,144.24,silence,0.9999889135360718,silence,[1.000],,[],,[],"[0.000, 0.000, 0.000, 0.000, 0.000, 0.000, 0.000, 1.000]"
3606,144.24,144.28,silence,0.9999881982803345,silence,[1.000],,[],,[],"[0.000, 0.000, 0.000, 0.000, 0.000, 0.000, 0.000, 1.000]"
3607,144.28,144.32,silence,0.9999880790710449,silence,[1.000],,[],,[],"[0.000, 0.000, 0.000, 0.000, 0.000, 0.000, 0.000, 1.000]"
3608,144.32,144.36,silence,0.999988317489624,silence,[1.000],,[],,[],"[0.000, 0.000, 0.000, 0.000, 0.000, 0.000, 0.000, 1.000]"
3609,144.36,144.4,silence,0.9999889135360718,silence,[1.000],,[],,[],"[0.000, 0.000, 0.000, 0.000, 0.000, 0.000, 0.000, 1.000]"
3610,144.4,144.44,silence,0.9999897480010986,silence,[1.000],,[],,[],"[0.000, 0.000, 0.000, 0.000, 0.000, 0.000, 0.000, 1.000]"
3611,144.44,144.48,silence,0.999990701675415,silence,[1.000],,[],,[],"[0.000, 0.000, 0.000, 0.000, 0.000, 0.000, 0.000, 1.000]"
3612,144.48,144.52,silence,0.9999916553497314,silence,[1.000],,[],,[],"[0.000, 0.000, 0.000, 0.000, 0.000, 0.000, 0.000, 1.000]"
3613,144.52,144.56,silence,0.9999926090240479,silence,[1.000],,[],,[],"[0.000, 0.000, 0.000, 0.000, 0.000, 0.000, 0.000, 1.000]"
3614,144.56,144.6,silence,0.9999933242797852,silence,[1.000],,[],,[],"[0.000, 0.000, 0.000, 0.000, 0.000, 0.000, 0.000, 1.000]"
3615,144.6,144.64,silence,0.9999938011169434,silence,[1.000],,[],,[],"[0.000, 0.000, 0.000, 0.000, 0.000, 0.000, 0.000, 1.000]"
3616,144.64,144.68,silence,0.999994158744812,silence,[1.000],,[],,[],"[0.000, 0.000, 0.000, 0.000, 0.000, 0.000, 0.000, 1.000]"
3617,144.68,144.72,silence,0.9999942779541016,silence,[1.000],,[],,[],"[0.000, 0.000, 0.000, 0.000, 0.000, 0.000, 0.000, 1.000]"
3618,144.72,144.76,silence,0.9999942779541016,silence,[1.000],,[],,[],"[0.000, 0.000, 0.000, 0.000, 0.000, 0.000, 0.000, 1.000]"
3619,144.76,144.8,silence,0.9999939203262329,silence,[1.000],,[],,[],"[0.000, 0.000, 0.000, 0.000, 0.000, 0.000, 0.000, 1.000]"
3620,144.8,144.84,silence,0.9999933242797852,silence,[1.000],,[],,[],"[0.000, 0.000, 0.000, 0.000, 0.000, 0.000, 0.000, 1.000]"
3621,144.84,144.88,silence,0.9999922513961792,silence,[1.000],,[],,[],"[0.000, 0.000, 0.000, 0.000, 0.000, 0.000, 0.000, 1.000]"
3622,144.88,144.92,silence,0.9999904632568359,silence,[1.000],,[],,[],"[0.000, 0.000, 0.000, 0.000, 0.000, 0.000, 0.000, 1.000]"
3623,144.92,144.96,silence,0.9999874830245972,silence,[1.000],,[],,[],"[0.000, 0.000, 0.000, 0.000, 0.000, 0.000, 0.000, 1.000]"
3624,144.96,145.0,silence,0.999982476234436,silence,[1.000],,[],,[],"[0.000, 0.000, 0.000, 0.000, 0.000, 0.000, 0.000, 1.000]"
3625,145.0,145.04,silence,0.9999740123748779,silence,[1.000],,[],,[],"[0.000, 0.000, 0.000, 0.000, 0.001, 0.000, 0.000, 1.000]"
3626,145.04,145.08,silence,0.9999587535858154,silence,[1.000],,[],,[],"[0.000, 0.000, 0.000, 0.000, 0.001, 0.000, 0.000, 1.000]"
3627,145.08,145.12,silence,0.9999305009841919,silence,[1.000],,[],,[],"[0.000, 0.000, 0.000, 0.000, 0.001, 0.000, 0.000, 1.000]"
3628,145.12,145.16,silence,0.9998759031295776,silence,[1.000],,[],,[],"[0.000, 0.000, 0.000, 0.000, 0.001, 0.000, 0.000, 1.000]"
3629,145.16,145.2,silence,0.9997664093971252,silence,[1.000],,[],,[],"[0.000, 0.000, 0.000, 0.000, 0.001, 0.000, 0.000, 1.000]"
3630,145.2,145.24,silence,0.9995385408401489,silence,[1.000],,[],,[],"[0.000, 0.001, 0.000, 0.000, 0.001, 0.000, 0.000, 1.000]"
3631,145.24,145.28,silence,0.9990455508232117,silence,[0.999],,[],,[],"[0.000, 0.001, 0.000, 0.000, 0.001, 0.000, 0.000, 0.999]"
3632,145.28,145.32,silence,0.9979321956634521,silence,[0.998],,[],,[],"[0.000, 0.002, 0.000, 0.000, 0.001, 0.000, 0.000, 0.998]"
3633,145.32,145.36,silence,0.9953172206878662,silence,[0.995],,[],,[],"[0.000, 0.003, 0.000, 0.000, 0.002, 0.000, 0.000, 0.995]"
3634,145.36,145.4,silence,0.9889897108078003,silence,[0.989],,[],,[],"[0.000, 0.006, 0.000, 0.000, 0.002, 0.000, 0.000, 0.989]"
3635,145.4,145.44,silence,0.9734765291213989,silence,[0.973],,[],,[],"[0.000, 0.010, 0.000, 0.000, 0.002, 0.000, 0.000, 0.973]"
3636,145.44,145.48,silence,0.9357606768608093,silence,[0.936],,[],,[],"[0.000, 0.017, 0.000, 0.000, 0.003, 0.000, 0.000, 0.936]"
3637,145.48,145.52,silence,0.8490907549858093,silence,[0.849],,[],,[],"[0.000, 0.028, 0.000, 0.000, 0.003, 0.000, 0.000, 0.849]"
3638,145.52,145.56,silence,0.6795564889907837,silence,[0.680],,[],,[],"[0.000, 0.046, 0.000, 0.000, 0.004, 0.000, 0.000, 0.680]"
3639,145.56,145.6,silence,0.43970224261283875,,[],,[],,[],"[0.000, 0.073, 0.000, 0.000, 0.004, 0.000, 0.000, 0.440]"
3640,145.6,145.64,silence,0.22305439412593842,,[],,[],,[],"[0.000, 0.110, 0.000, 0.000, 0.005, 0.000, 0.001, 0.223]"
3641,145.64,145.68,silence,0.09446004033088684,,[],,[],,[],"[0.000, 0.156, 0.000, 0.000, 0.006, 0.000, 0.001, 0.094]"
3642,145.68,145.72,silence,0.036501578986644745,,[],,[],,[],"[0.000, 0.211, 0.000, 0.000, 0.007, 0.000, 0.001, 0.037]"
3643,145.72,145.76,silence,0.013671900145709515,,[],,[],,[],"[0.000, 0.268, 0.000, 0.000, 0.007, 0.000, 0.001, 0.014]"
3644,145.76,145.8,silence,0.005124558228999376,,[],,[],,[],"[0.000, 0.323, 0.000, 0.000, 0.008, 0.000, 0.001, 0.005]"
3645,145.8,145.84,silence,0.001958930864930153,,[],,[],,[],"[0.000, 0.372, 0.000, 0.000, 0.010, 0.000, 0.001, 0.002]"
3646,145.84,145.88,silence,0.0007725014584138989,,[],,[],,[],"[0.000, 0.411, 0.000, 0.000, 0.011, 0.000, 0.001, 0.001]"
3647,145.88,145.92,silence,0.00031668890733271837,,[],,[],,[],"[0.000, 0.437, 0.000, 0.000, 0.012, 0.000, 0.001, 0.000]"
3648,145.92,145.96,silence,0.00013588984438683838,,[],,[],,[],"[0.000, 0.449, 0.000, 0.000, 0.013, 0.000, 0.001, 0.000]"
3649,145.96,146.0,silence,6.134716386441141e-05,,[],,[],,[],"[0.000, 0.444, 0.000, 0.000, 0.014, 0.000, 0.001, 0.000]"
3650,146.0,146.04,silence,2.911593946919311e-05,,[],,[],,[],"[0.000, 0.424, 0.000, 0.000, 0.015, 0.001, 0.001, 0.000]"
3651,146.04,146.08,silence,1.4492830814560875e-05,,[],,[],,[],"[0.000, 0.389, 0.000, 0.000, 0.016, 0.001, 0.001, 0.000]"
3652,146.08,146.12,silence,7.513193850172684e-06,,[],,[],,[],"[0.000, 0.340, 0.000, 0.001, 0.018, 0.002, 0.001, 0.000]"
3653,146.12,146.16,silence,4.02777777708252e-06,,[],,[],,[],"[0.001, 0.282, 0.000, 0.001, 0.019, 0.004, 0.002, 0.000]"
3654,146.16,146.2,silence,2.2164747406350216e-06,,[],,[],,[],"[0.001, 0.222, 0.000, 0.001, 0.021, 0.006, 0.002, 0.000]"
3655,146.2,146.24,silence,1.2475557014113292e-06,,[],,[],,[],"[0.001, 0.164, 0.000, 0.001, 0.023, 0.008, 0.002, 0.000]"
3656,146.24,146.28,silence,7.165514261942008e-07,,[],,[],,[],"[0.001, 0.115, 0.000, 0.001, 0.026, 0.012, 0.002, 0.000]"
3657,146.28,146.32,silence,4.195271117168886e-07,,[],,[],,[],"[0.002, 0.076, 0.000, 0.001, 0.029, 0.017, 0.003, 0.000]"
3658,146.32,146.36,silence,2.5090514554904075e-07,,[],,[],,[],"[0.003, 0.047, 0.000, 0.001, 0.032, 0.022, 0.003, 0.000]"
3659,146.36,146.4,silence,1.5385501228593057e-07,,[],,[],,[],"[0.004, 0.028, 0.000, 0.001, 0.036, 0.028, 0.004, 0.000]"
3660,146.4,146.44,silence,9.681765078539684e-08,,[],,[],,[],"[0.005, 0.016, 0.000, 0.001, 0.041, 0.035, 0.005, 0.000]"
3661,146.44,146.48,silence,6.259273988007408e-08,,[],,[],,[],"[0.007, 0.009, 0.000, 0.001, 0.047, 0.040, 0.007, 0.000]"
3662,146.48,146.52,silence,4.179631929446259e-08,,[],,[],,[],"[0.009, 0.005, 0.000, 0.001, 0.054, 0.045, 0.009, 0.000]"
3663,146.52,146.56,silence,2.903906626272601e-08,,[],,[],,[],"[0.012, 0.002, 0.000, 0.001, 0.062, 0.048, 0.011, 0.000]"
3664,146.56,146.6,silence,2.1100133196227944e-08,,[],,[],,[],"[0.015, 0.001, 0.000, 0.001, 0.071, 0.048, 0.015, 0.000]"
3665,146.6,146.64,silence,1.6091556531705464e-08,,[],,[],,[],"[0.018, 0.001, 0.000, 0.001, 0.081, 0.047, 0.019, 0.000]"
3666,146.64,146.68,silence,1.2929510795345323e-08,,[],,[],,[],"[0.021, 0.000, 0.000, 0.001, 0.091, 0.043, 0.025, 0.000]"
3667,146.68,146.72,silence,1.0997963428849289e-08,,[],,[],,[],"[0.024, 0.000, 0.000, 0.000, 0.101, 0.039, 0.033, 0.000]"
3668,146.72,146.76,silence,9.959282287752558e-09,,[],,[],,[],"[0.027, 0.000, 0.000, 0.000, 0.112, 0.033, 0.043, 0.000]"
3669,146.76,146.8,silence,9.651946797362143e-09,,[],,[],,[],"[0.028, 0.000, 0.000, 0.000, 0.124, 0.027, 0.056, 0.000]"
3670,146.8,146.84,silence,1.0050248633319825e-08,,[],,[],,[],"[0.028, 0.000, 0.000, 0.000, 0.135, 0.021, 0.071, 0.000]"
3671,146.84,146.88,silence,1.1256517495894514e-08,,[],,[],,[],"[0.027, 0.000, 0.000, 0.000, 0.145, 0.016, 0.088, 0.000]"
3672,146.88,146.92,silence,1.3562162948232981e-08,,[],,[],,[],"[0.025, 0.000, 0.000, 0.000, 0.156, 0.011, 0.108, 0.000]"
3673,146.92,146.96,silence,1.7630259918632873e-08,,[],,[],,[],"[0.022, 0.000, 0.000, 0.000, 0.165, 0.008, 0.129, 0.000]"
3674,146.96,147.0,silence,2.4715371083061655e-08,,[],,[],,[],"[0.018, 0.000, 0.000, 0.000, 0.173, 0.005, 0.151, 0.000]"
3675,147.0,147.04,silence,3.726258412939387e-08,,[],,[],,[],"[0.014, 0.000, 0.000, 0.000, 0.180, 0.003, 0.172, 0.000]"
3676,147.04,147.08,silence,6.016374243245082e-08,,[],,[],,[],"[0.010, 0.000, 0.000, 0.000, 0.186, 0.002, 0.191, 0.000]"
3677,147.08,147.12,silence,1.0347035583890829e-07,,[],,[],,[],"[0.007, 0.000, 0.000, 0.000, 0.191, 0.001, 0.207, 0.000]"
3678,147.12,147.16,silence,1.8811739721513732e-07,,[],,[],,[],"[0.005, 0.000, 0.000, 0.000, 0.194, 0.001, 0.218, 0.000]"
3679,147.16,147.2,silence,3.5813286558550317e-07,,[],,[],,[],"[0.003, 0.000, 0.000, 0.000, 0.196, 0.000, 0.225, 0.000]"
3680,147.2,147.24,silence,7.067620799716678e-07,,[],,[],,[],"[0.002, 0.000, 0.000, 0.000, 0.196, 0.000, 0.225, 0.000]"
3681,147.24,147.28,silence,1.4325967185868649e-06,,[],,[],,[],"[0.001, 0.000, 0.000, 0.000, 0.196, 0.000, 0.221, 0.000]"
3682,147.28,147.32,silence,2.960452320621698e-06,,[],,[],,[],"[0.001, 0.000, 0.000, 0.000, 0.196, 0.000, 0.213, 0.000]"
3683,147.32,147.36,silence,6.19116508460138e-06,,[],,[],,[],"[0.000, 0.000, 0.000, 0.000, 0.196, 0.000, 0.200, 0.000]"
3684,147.36,147.4,silence,1.3012078852625564e-05,,[],,[],,[],"[0.000, 0.000, 0.000, 0.000, 0.196, 0.000, 0.186, 0.000]"
3685,147.4,147.44,silence,2.7332696845405735e-05,,[],,[],,[],"[0.000, 0.000, 0.000, 0.000, 0.198, 0.000, 0.170, 0.000]"
3686,147.44,147.48,silence,5.704113937099464e-05,,[],,[],,[],"[0.000, 0.000, 0.000, 0.000, 0.200, 0.000, 0.153, 0.000]"
3687,147.48,147.52,silence,0.00011782826913986355,,[],,[],,[],"[0.000, 0.000, 0.000, 0.000, 0.205, 0.000, 0.137, 0.000]"
3688,147.52,147.56,silence,0.0002401544334134087,,[],,[],,[],"[0.000, 0.000, 0.000, 0.000, 0.211, 0.000, 0.121, 0.000]"
3689,147.56,147.6,silence,0.00048009262536652386,,[],,[],,[],"[0.000, 0.000, 0.000, 0.000, 0.218, 0.000, 0.107, 0.000]"
3690,147.6,147.64,silence,0.0009349189349450171,,[],,[],,[],"[0.000, 0.000, 0.000, 0.000, 0.228, 0.000, 0.093, 0.001]"
3691,147.64,147.68,silence,0.0017619534628465772,,[],,[],,[],"[0.000, 0.000, 0.000, 0.000, 0.239, 0.000, 0.081, 0.002]"
3692,147.68,147.72,silence,0.0031862494070082903,,[],,[],,[],"[0.000, 0.000, 0.000, 0.000, 0.252, 0.000, 0.070, 0.003]"
3693,147.72,147.76,silence,0.00547800911590457,,[],,[],,[],"[0.000, 0.000, 0.000, 0.000, 0.267, 0.000, 0.060, 0.005]"
3694,147.76,147.8,silence,0.008896298706531525,,[],,[],,[],"[0.000, 0.000, 0.000, 0.000, 0.282, 0.000, 0.051, 0.009]"
3695,147.8,147.84,silence,0.01356308814138174,,[],,[],,[],"[0.000, 0.000, 0.000, 0.000, 0.298, 0.000, 0.043, 0.014]"
3696,147.84,147.88,silence,0.019386477768421173,,[],,[],,[],"[0.000, 0.000, 0.000, 0.000, 0.314, 0.000, 0.035, 0.019]"
3697,147.88,147.92,silence,0.026107672601938248,,[],,[],,[],"[0.000, 0.000, 0.000, 0.000, 0.329, 0.000, 0.028, 0.026]"
3698,147.92,147.96,silence,0.033330172300338745,,[],,[],,[],"[0.000, 0.000, 0.000, 0.000, 0.341, 0.000, 0.022, 0.033]"
3699,147.96,148.0,silence,0.040597811341285706,,[],,[],,[],"[0.000, 0.000, 0.000, 0.000, 0.350, 0.000, 0.017, 0.041]"
3700,148.0,148.04,silence,0.04760123789310455,,[],,[],,[],"[0.000, 0.000, 0.000, 0.000, 0.354, 0.000, 0.012, 0.048]"
3701,148.04,148.08,silence,0.05408571660518646,,[],,[],,[],"[0.000, 0.000, 0.000, 0.000, 0.351, 0.000, 0.009, 0.054]"
3702,148.08,148.12,silence,0.05985081568360329,,[],,[],,[],"[0.000, 0.000, 0.000, 0.000, 0.342, 0.000, 0.006, 0.060]"
3703,148.12,148.16,silence,0.06484627723693848,,[],,[],,[],"[0.000, 0.000, 0.000, 0.000, 0.326, 0.000, 0.004, 0.065]"
3704,148.16,148.2,silence,0.06918209046125412,,[],,[],,[],"[0.000, 0.000, 0.000, 0.000, 0.302, 0.000, 0.002, 0.069]"
3705,148.2,148.24,silence,0.07320961356163025,,[],,[],,[],"[0.000, 0.000, 0.000, 0.000, 0.272, 0.000, 0.002, 0.073]"
3706,148.24,148.28,silence,0.07743500918149948,,[],,[],,[],"[0.000, 0.000, 0.000, 0.000, 0.237, 0.000, 0.001, 0.077]"
3707,148.28,148.32,silence,0.08258703351020813,,[],,[],,[],"[0.000, 0.000, 0.000, 0.000, 0.199, 0.000, 0.001, 0.083]"
3708,148.32,148.36,silence,0.08930744975805283,,[],,[],,[],"[0.000, 0.000, 0.000, 0.000, 0.160, 0.000, 0.000, 0.089]"
3709,148.36,148.4,silence,0.09837057441473007,,[],,[],,[],"[0.000, 0.000, 0.000, 0.000, 0.123, 0.000, 0.000, 0.098]"
3710,148.4,148.44,silence,0.11092174798250198,,[],,[],,[],"[0.000, 0.000, 0.000, 0.000, 0.091, 0.000, 0.000, 0.111]"
3711,148.44,148.48,silence,0.12847007811069489,,[],,[],,[],"[0.000, 0.000, 0.000, 0.000, 0.065, 0.000, 0.000, 0.128]"
3712,148.48,148.52,silence,0.15248598158359528,,[],,[],,[],"[0.000, 0.000, 0.000, 0.000, 0.044, 0.000, 0.000, 0.152]"
3713,148.52,148.56,silence,0.18475696444511414,,[],,[],,[],"[0.000, 0.000, 0.000, 0.000, 0.029, 0.000, 0.000, 0.185]"
3714,148.56,148.6,silence,0.22759808599948883,,[],,[],,[],"[0.000, 0.000, 0.000, 0.000, 0.019, 0.000, 0.000, 0.228]"
3715,148.6,148.64,silence,0.28321781754493713,,[],,[],,[],"[0.000, 0.000, 0.000, 0.000, 0.012, 0.000, 0.000, 0.283]"
3716,148.64,148.68,silence,0.3535611033439636,,[],,[],,[],"[0.000, 0.000, 0.000, 0.000, 0.007, 0.000, 0.000, 0.354]"
3717,148.68,148.72,silence,0.4383779764175415,,[],,[],,[],"[0.000, 0.000, 0.000, 0.000, 0.004, 0.000, 0.000, 0.438]"
3718,148.72,148.76,silence,0.5335153937339783,silence,[0.534],,[],,[],"[0.000, 0.000, 0.000, 0.000, 0.003, 0.000, 0.000, 0.534]"
3719,148.76,148.8,silence,0.6312738656997681,silence,[0.631],,[],,[],"[0.000, 0.000, 0.000, 0.000, 0.002, 0.000, 0.000, 0.631]"
3720,148.8,148.84,silence,0.7222008109092712,silence,[0.722],,[],,[],"[0.000, 0.000, 0.000, 0.000, 0.001, 0.000, 0.000, 0.722]"
3721,148.84,148.88,silence,0.7992851734161377,silence,[0.799],,[],,[],"[0.000, 0.000, 0.000, 0.000, 0.001, 0.000, 0.000, 0.799]"
3722,148.88,148.92,silence,0.8596259951591492,silence,[0.860],,[],,[],"[0.000, 0.000, 0.000, 0.000, 0.000, 0.000, 0.000, 0.860]"
3723,148.92,148.96,silence,0.9038058519363403,silence,[0.904],,[],,[],"[0.000, 0.000, 0.000, 0.000, 0.000, 0.000, 0.000, 0.904]"
3724,148.96,149.0,silence,0.934617817401886,silence,[0.935],,[],,[],"[0.000, 0.000, 0.000, 0.000, 0.000, 0.000, 0.000, 0.935]"
3725,149.0,149.04,silence,0.9554073214530945,silence,[0.955],,[],,[],"[0.000, 0.000, 0.000, 0.000, 0.000, 0.000, 0.000, 0.955]"
3726,149.04,149.08,silence,0.9691818356513977,silence,[0.969],,[],,[],"[0.000, 0.000, 0.000, 0.000, 0.000, 0.000, 0.000, 0.969]"
3727,149.08,149.12,silence,0.9782748222351074,silence,[0.978],,[],,[],"[0.000, 0.000, 0.000, 0.000, 0.000, 0.000, 0.000, 0.978]"
3728,149.12,149.16,silence,0.9843127131462097,silence,[0.984],,[],,[],"[0.000, 0.000, 0.000, 0.000, 0.000, 0.000, 0.000, 0.984]"
3729,149.16,149.2,silence,0.9883766770362854,silence,[0.988],,[],,[],"[0.000, 0.000, 0.000, 0.000, 0.000, 0.000, 0.000, 0.988]"
3730,149.2,149.24,silence,0.9911346435546875,silence,[0.991],,[],,[],"[0.000, 0.000, 0.000, 0.000, 0.000, 0.000, 0.000, 0.991]"
3731,149.24,149.28,silence,0.9930171966552734,silence,[0.993],,[],,[],"[0.000, 0.000, 0.000, 0.000, 0.000, 0.000, 0.000, 0.993]"
3732,149.28,149.32,silence,0.9942982792854309,silence,[0.994],,[],,[],"[0.000, 0.000, 0.000, 0.000, 0.000, 0.000, 0.000, 0.994]"
3733,149.32,149.36,silence,0.9951574206352234,silence,[0.995],,[],,[],"[0.000, 0.000, 0.000, 0.000, 0.000, 0.000, 0.000, 0.995]"
3734,149.36,149.4,silence,0.9957053065299988,silence,[0.996],,[],,[],"[0.000, 0.000, 0.000, 0.000, 0.000, 0.000, 0.000, 0.996]"
3735,149.4,149.44,silence,0.9959905743598938,silence,[0.996],,[],,[],"[0.000, 0.000, 0.000, 0.000, 0.000, 0.000, 0.000, 0.996]"
3736,149.44,149.48,silence,0.9960299134254456,silence,[0.996],,[],,[],"[0.000, 0.000, 0.000, 0.000, 0.000, 0.000, 0.000, 0.996]"
3737,149.48,149.52,silence,0.9958083629608154,silence,[0.996],,[],,[],"[0.000, 0.000, 0.000, 0.000, 0.000, 0.000, 0.000, 0.996]"
3738,149.52,149.56,silence,0.9952642917633057,silence,[0.995],,[],,[],"[0.000, 0.000, 0.000, 0.000, 0.000, 0.000, 0.000, 0.995]"
3739,149.56,149.6,silence,0.9942706823348999,silence,[0.994],,[],,[],"[0.000, 0.000, 0.000, 0.000, 0.000, 0.000, 0.000, 0.994]"
3740,149.6,149.64,silence,0.9925731420516968,silence,[0.993],,[],,[],"[0.000, 0.000, 0.000, 0.000, 0.000, 0.000, 0.000, 0.993]"
3741,149.64,149.68,silence,0.9896880984306335,silence,[0.990],,[],,[],"[0.000, 0.000, 0.000, 0.000, 0.000, 0.000, 0.000, 0.990]"
3742,149.68,149.72,silence,0.9846786260604858,silence,[0.985],,[],,[],"[0.000, 0.000, 0.000, 0.000, 0.000, 0.000, 0.000, 0.985]"
3743,149.72,149.76,silence,0.9757316708564758,silence,[0.976],,[],,[],"[0.000, 0.000, 0.000, 0.000, 0.000, 0.000, 0.000, 0.976]"
3744,149.76,149.8,silence,0.9591912627220154,silence,[0.959],,[],,[],"[0.000, 0.000, 0.000, 0.000, 0.000, 0.000, 0.000, 0.959]"
3745,149.8,149.84,silence,0.927862286567688,silence,[0.928],,[],,[],"[0.000, 0.000, 0.000, 0.000, 0.000, 0.000, 0.000, 0.928]"
3746,149.84,149.88,silence,0.8681202530860901,silence,[0.868],,[],,[],"[0.000, 0.000, 0.000, 0.000, 0.000, 0.000, 0.000, 0.868]"
3747,149.88,149.92,silence,0.7582387924194336,silence,[0.758],,[],,[],"[0.000, 0.000, 0.000, 0.000, 0.000, 0.000, 0.000, 0.758]"
3748,149.92,149.96,silence,0.5816471576690674,silence,[0.582],,[],,[],"[0.000, 0.000, 0.000, 0.000, 0.000, 0.000, 0.000, 0.582]"
3749,149.96,150.0,silence,0.3656218647956848,,[],,[],,[],"[0.000, 0.000, 0.000, 0.000, 0.000, 0.000, 0.000, 0.366]"
3750,150.0,150.04,silence,0.18349817395210266,,[],,[],,[],"[0.000, 0.000, 0.000, 0.000, 0.000, 0.000, 0.000, 0.183]"
3751,150.04,150.08,silence,0.07693621516227722,,[],,[],,[],"[0.000, 0.000, 0.000, 0.000, 0.000, 0.000, 0.000, 0.077]"
3752,150.08,150.12,silence,0.028954870998859406,,[],,[],,[],"[0.000, 0.000, 0.000, 0.000, 0.000, 0.000, 0.000, 0.029]"
3753,150.12,150.16,silence,0.010339774191379547,,[],,[],,[],"[0.000, 0.000, 0.000, 0.000, 0.000, 0.000, 0.000, 0.010]"
3754,150.16,150.2,silence,0.003622824791818857,,[],,[],,[],"[0.000, 0.000, 0.000, 0.000, 0.000, 0.000, 0.000, 0.004]"
3755,150.2,150.24,silence,0.0012700139777734876,,[],,[],,[],"[0.000, 0.000, 0.000, 0.000, 0.000, 0.000, 0.000, 0.001]"
3756,150.24,150.28,silence,0.00045181403402239084,,[],,[],,[],"[0.000, 0.000, 0.000, 0.000, 0.000, 0.000, 0.000, 0.000]"
3757,150.28,150.32,silence,0.0001651350175961852,,[],,[],,[],"[0.000, 0.000, 0.000, 0.000, 0.001, 0.000, 0.000, 0.000]"
3758,150.32,150.36,silence,6.274417683016509e-05,,[],,[],,[],"[0.000, 0.000, 0.000, 0.000, 0.001, 0.000, 0.000, 0.000]"
3759,150.36,150.4,silence,2.5059043764485978e-05,,[],,[],,[],"[0.000, 0.000, 0.000, 0.000, 0.001, 0.000, 0.000, 0.000]"
3760,150.4,150.44,silence,1.0625512913975399e-05,,[],,[],,[],"[0.000, 0.000, 0.000, 0.000, 0.002, 0.000, 0.000, 0.000]"
3761,150.44,150.48,silence,4.826654276257614e-06,,[],,[],,[],"[0.000, 0.000, 0.000, 0.000, 0.002, 0.000, 0.000, 0.000]"
3762,150.48,150.52,silence,2.3688128294452326e-06,,[],,[],,[],"[0.000, 0.000, 0.000, 0.000, 0.003, 0.000, 0.000, 0.000]"
3763,150.52,150.56,silence,1.2647099083551439e-06,,[],,[],,[],"[0.000, 0.000, 0.000, 0.000, 0.004, 0.000, 0.000, 0.000]"
3764,150.56,150.6,silence,7.398472234854125e-07,,[],,[],,[],"[0.000, 0.000, 0.000, 0.000, 0.005, 0.000, 0.000, 0.000]"
3765,150.6,150.64,silence,4.779288360623468e-07,,[],,[],,[],"[0.000, 0.000, 0.000, 0.000, 0.006, 0.000, 0.000, 0.000]"
3766,150.64,150.68,silence,3.4183543107246805e-07,,[],,[],,[],"[0.000, 0.000, 0.000, 0.000, 0.007, 0.000, 0.000, 0.000]"
3767,150.68,150.72,silence,2.717625875447993e-07,,[],,[],,[],"[0.000, 0.000, 0.000, 0.000, 0.008, 0.000, 0.000, 0.000]"
3768,150.72,150.76,silence,2.411288733128458e-07,,[],,[],,[],"[0.000, 0.000, 0.000, 0.000, 0.008, 0.000, 0.000, 0.000]"
3769,150.76,150.8,silence,2.3892724243523844e-07,,[],,[],,[],"[0.000, 0.000, 0.000, 0.000, 0.008, 0.000, 0.000, 0.000]"
3770,150.8,150.84,silence,2.6303260369786585e-07,,[],,[],,[],"[0.000, 0.000, 0.000, 0.000, 0.007, 0.000, 0.000, 0.000]"
3771,150.84,150.88,silence,3.1837902270126506e-07,,[],,[],,[],"[0.000, 0.000, 0.000, 0.000, 0.006, 0.000, 0.000, 0.000]"
3772,150.88,150.92,silence,4.2015327039734984e-07,,[],,[],,[],"[0.000, 0.000, 0.000, 0.000, 0.004, 0.000, 0.000, 0.000]"
3773,150.92,150.96,silence,5.995004812575644e-07,,[],,[],,[],"[0.000, 0.000, 0.000, 0.000, 0.003, 0.000, 0.000, 0.000]"
3774,150.96,151.0,silence,9.196217547469132e-07,,[],,[],,[],"[0.000, 0.000, 0.000, 0.000, 0.002, 0.000, 0.000, 0.000]"
3775,151.0,151.04,silence,1.5138280105020385e-06,,[],,[],,[],"[0.000, 0.000, 0.000, 0.000, 0.001, 0.000, 0.000, 0.000]"
3776,151.04,151.08,silence,2.6614125090418383e-06,,[],,[],,[],"[0.000, 0.000, 0.000, 0.000, 0.000, 0.000, 0.000, 0.000]"
3777,151.08,151.12,silence,4.94934920425294e-06,,[],,[],,[],"[0.000, 0.000, 0.000, 0.000, 0.000, 0.000, 0.000, 0.000]"
3778,151.12,151.16,silence,9.613248948880937e-06,,[],,[],,[],"[0.000, 0.000, 0.000, 0.000, 0.000, 0.000, 0.000, 0.000]"
3779,151.16,151.2,silence,1.9314349628984928e-05,,[],,[],,[],"[0.000, 0.000, 0.000, 0.000, 0.000, 0.000, 0.000, 0.000]"
3780,151.2,151.24,silence,3.983370334026404e-05,,[],,[],,[],"[0.000, 0.000, 0.000, 0.000, 0.000, 0.000, 0.000, 0.000]"
3781,151.24,151.28,silence,8.355235331691802e-05,,[],,[],,[],"[0.000, 0.000, 0.000, 0.000, 0.000, 0.000, 0.000, 0.000]"
3782,151.28,151.32,silence,0.00017664319602772593,,[],,[],,[],"[0.000, 0.000, 0.000, 0.000, 0.000, 0.000, 0.000, 0.000]"
3783,151.32,151.36,silence,0.0003733470803126693,,[],,[],,[],"[0.000, 0.000, 0.000, 0.000, 0.000, 0.000, 0.000, 0.000]"
3784,151.36,151.4,silence,0.0007822861662134528,,[],,[],,[],"[0.000, 0.000, 0.000, 0.000, 0.000, 0.000, 0.000, 0.001]"
3785,151.4,151.44,silence,0.0016227090964093804,,[],,[],,[],"[0.000, 0.000, 0.000, 0.000, 0.000, 0.000, 0.000, 0.002]"
3786,151.44,151.48,silence,0.0033565142657607794,,[],,[],,[],"[0.000, 0.000, 0.000, 0.000, 0.000, 0.000, 0.000, 0.003]"
3787,151.48,151.52,silence,0.006974325515329838,,[],,[],,[],"[0.000, 0.000, 0.000, 0.000, 0.000, 0.000, 0.000, 0.007]"
3788,151.52,151.56,silence,0.014612284488976002,,[],,[],,[],"[0.000, 0.000, 0.000, 0.000, 0.000, 0.000, 0.000, 0.015]"
3789,151.56,151.6,silence,0.030786363407969475,,[],,[],,[],"[0.000, 0.000, 0.000, 0.000, 0.000, 0.000, 0.000, 0.031]"
3790,151.6,151.64,silence,0.06485114991664886,,[],,[],,[],"[0.000, 0.000, 0.000, 0.000, 0.000, 0.000, 0.000, 0.065]"
3791,151.64,151.68,silence,0.13418497145175934,,[],,[],,[],"[0.000, 0.000, 0.000, 0.000, 0.000, 0.000, 0.000, 0.134]"
3792,151.68,151.72,silence,0.26297464966773987,,[],,[],,[],"[0.000, 0.000, 0.000, 0.000, 0.000, 0.000, 0.000, 0.263]"
3793,151.72,151.76,silence,0.4606943428516388,,[],,[],,[],"[0.000, 0.000, 0.000, 0.000, 0.000, 0.000, 0.000, 0.461]"
3794,151.76,151.8,silence,0.6817623376846313,silence,[0.682],,[],,[],"[0.000, 0.000, 0.000, 0.000, 0.000, 0.000, 0.000, 0.682]"
3795,151.8,151.84,silence,0.8498599529266357,silence,[0.850],,[],,[],"[0.000, 0.000, 0.000, 0.000, 0.000, 0.000, 0.000, 0.850]"
3796,151.84,151.88,silence,0.9407139420509338,silence,[0.941],,[],,[],"[0.000, 0.000, 0.000, 0.000, 0.000, 0.000, 0.000, 0.941]"
3797,151.88,151.92,silence,0.9793401956558228,silence,[0.979],,[],,[],"[0.000, 0.000, 0.000, 0.000, 0.000, 0.000, 0.000, 0.979]"
3798,151.92,151.96,silence,0.9934269189834595,silence,[0.993],,[],,[],"[0.000, 0.000, 0.000, 0.000, 0.000, 0.000, 0.000, 0.993]"
3799,151.96,152.0,silence,0.998053789138794,silence,[0.998],,[],,[],"[0.000, 0.000, 0.000, 0.000, 0.000, 0.000, 0.000, 0.998]"
3800,152.0,152.04,silence,0.9994590878486633,silence,[0.999],,[],,[],"[0.000, 0.000, 0.000, 0.000, 0.000, 0.000, 0.000, 0.999]"
3801,152.04,152.08,silence,0.9998577833175659,silence,[1.000],,[],,[],"[0.000, 0.000, 0.000, 0.000, 0.000, 0.000, 0.000, 1.000]"
3802,152.08,152.12,silence,0.9999644756317139,silence,[1.000],,[],,[],"[0.000, 0.000, 0.000, 0.000, 0.000, 0.000, 0.000, 1.000]"
3803,152.12,152.16,silence,0.9999914169311523,silence,[1.000],,[],,[],"[0.000, 0.000, 0.000, 0.000, 0.000, 0.000, 0.000, 1.000]"
3804,152.16,152.2,silence,0.9999979734420776,silence,[1.000],,[],,[],"[0.000, 0.000, 0.000, 0.000, 0.000, 0.000, 0.000, 1.000]"
3805,152.2,152.24,silence,0.9999995231628418,silence,[1.000],,[],,[],"[0.000, 0.000, 0.000, 0.000, 0.000, 0.000, 0.000, 1.000]"
3806,152.24,152.28,silence,0.9999998807907104,silence,[1.000],,[],,[],"[0.000, 0.000, 0.000, 0.000, 0.000, 0.000, 0.000, 1.000]"
3807,152.28,152.32,silence,1.0,silence,[1.000],,[],,[],"[0.000, 0.000, 0.000, 0.000, 0.000, 0.000, 0.000, 1.000]"
3808,152.32,152.36,silence,1.0,silence,[1.000],,[],,[],"[0.000, 0.000, 0.000, 0.000, 0.000, 0.000, 0.000, 1.000]"
3809,152.36,152.4,silence,1.0,silence,[1.000],,[],,[],"[0.000, 0.000, 0.000, 0.000, 0.000, 0.000, 0.000, 1.000]"
3810,152.4,152.44,silence,1.0,silence,[1.000],,[],,[],"[0.000, 0.000, 0.000, 0.000, 0.000, 0.000, 0.000, 1.000]"
3811,152.44,152.48,silence,1.0,silence,[1.000],,[],,[],"[0.000, 0.000, 0.000, 0.000, 0.000, 0.000, 0.000, 1.000]"
3812,152.48,152.52,silence,1.0,silence,[1.000],,[],,[],"[0.000, 0.000, 0.000, 0.000, 0.000, 0.000, 0.000, 1.000]"
3813,152.52,152.56,silence,1.0,silence,[1.000],,[],,[],"[0.000, 0.000, 0.000, 0.000, 0.000, 0.000, 0.000, 1.000]"
3814,152.56,152.6,silence,1.0,silence,[1.000],,[],,[],"[0.000, 0.000, 0.000, 0.000, 0.000, 0.000, 0.000, 1.000]"
3815,152.6,152.64,silence,1.0,silence,[1.000],,[],,[],"[0.000, 0.000, 0.000, 0.000, 0.000, 0.000, 0.000, 1.000]"
3816,152.64,152.68,silence,1.0,silence,[1.000],,[],,[],"[0.000, 0.000, 0.000, 0.000, 0.000, 0.000, 0.000, 1.000]"
3817,152.68,152.72,silence,1.0,silence,[1.000],,[],,[],"[0.000, 0.000, 0.000, 0.000, 0.000, 0.000, 0.000, 1.000]"
3818,152.72,152.76,silence,1.0,silence,[1.000],,[],,[],"[0.000, 0.000, 0.000, 0.000, 0.000, 0.000, 0.000, 1.000]"
3819,152.76,152.8,silence,1.0,silence,[1.000],,[],,[],"[0.000, 0.000, 0.000, 0.000, 0.000, 0.000, 0.000, 1.000]"
3820,152.8,152.84,silence,1.0,silence,[1.000],,[],,[],"[0.000, 0.000, 0.000, 0.000, 0.000, 0.000, 0.000, 1.000]"
3821,152.84,152.88,silence,1.0,silence,[1.000],,[],,[],"[0.000, 0.000, 0.000, 0.000, 0.000, 0.000, 0.000, 1.000]"
3822,152.88,152.92,silence,1.0,silence,[1.000],,[],,[],"[0.000, 0.000, 0.000, 0.000, 0.000, 0.000, 0.000, 1.000]"
3823,152.92,152.96,silence,1.0,silence,[1.000],,[],,[],"[0.000, 0.000, 0.000, 0.000, 0.000, 0.000, 0.000, 1.000]"
3824,152.96,153.0,silence,1.0,silence,[1.000],,[],,[],"[0.000, 0.000, 0.000, 0.000, 0.000, 0.000, 0.000, 1.000]"
3825,153.0,153.04,silence,1.0,silence,[1.000],,[],,[],"[0.000, 0.000, 0.000, 0.000, 0.000, 0.000, 0.000, 1.000]"
3826,153.04,153.08,silence,1.0,silence,[1.000],,[],,[],"[0.000, 0.000, 0.000, 0.000, 0.000, 0.000, 0.000, 1.000]"
3827,153.08,153.12,silence,1.0,silence,[1.000],,[],,[],"[0.000, 0.000, 0.000, 0.000, 0.000, 0.000, 0.000, 1.000]"
3828,153.12,153.16,silence,1.0,silence,[1.000],,[],,[],"[0.000, 0.000, 0.000, 0.000, 0.000, 0.000, 0.000, 1.000]"
3829,153.16,153.2,silence,1.0,silence,[1.000],,[],,[],"[0.000, 0.000, 0.000, 0.000, 0.000, 0.000, 0.000, 1.000]"
3830,153.2,153.24,silence,1.0,silence,[1.000],,[],,[],"[0.000, 0.000, 0.000, 0.000, 0.000, 0.000, 0.000, 1.000]"
3831,153.24,153.28,silence,1.0,silence,[1.000],,[],,[],"[0.000, 0.000, 0.000, 0.000, 0.000, 0.000, 0.000, 1.000]"
3832,153.28,153.32,silence,1.0,silence,[1.000],,[],,[],"[0.000, 0.000, 0.000, 0.000, 0.000, 0.000, 0.000, 1.000]"
3833,153.32,153.36,silence,1.0,silence,[1.000],,[],,[],"[0.000, 0.000, 0.000, 0.000, 0.000, 0.000, 0.000, 1.000]"
3834,153.36,153.4,silence,1.0,silence,[1.000],,[],,[],"[0.000, 0.000, 0.000, 0.000, 0.000, 0.000, 0.000, 1.000]"
3835,153.4,153.44,silence,1.0,silence,[1.000],,[],,[],"[0.000, 0.000, 0.000, 0.000, 0.000, 0.000, 0.000, 1.000]"
3836,153.44,153.48,silence,1.0,silence,[1.000],,[],,[],"[0.000, 0.000, 0.000, 0.000, 0.000, 0.000, 0.000, 1.000]"
3837,153.48,153.52,silence,1.0,silence,[1.000],,[],,[],"[0.000, 0.000, 0.000, 0.000, 0.000, 0.000, 0.000, 1.000]"
3838,153.52,153.56,silence,1.0,silence,[1.000],,[],,[],"[0.000, 0.000, 0.000, 0.000, 0.000, 0.000, 0.000, 1.000]"
3839,153.56,153.6,silence,1.0,silence,[1.000],,[],,[],"[0.000, 0.000, 0.000, 0.000, 0.000, 0.000, 0.000, 1.000]"
3840,153.6,153.64,silence,1.0,silence,[1.000],,[],,[],"[0.000, 0.000, 0.000, 0.000, 0.000, 0.000, 0.000, 1.000]"
3841,153.64,153.68,silence,1.0,silence,[1.000],,[],,[],"[0.000, 0.000, 0.000, 0.000, 0.000, 0.000, 0.000, 1.000]"
3842,153.68,153.72,silence,1.0,silence,[1.000],,[],,[],"[0.000, 0.000, 0.000, 0.000, 0.000, 0.000, 0.000, 1.000]"
3843,153.72,153.76,silence,1.0,silence,[1.000],,[],,[],"[0.000, 0.000, 0.000, 0.000, 0.000, 0.000, 0.000, 1.000]"
3844,153.76,153.8,silence,1.0,silence,[1.000],,[],,[],"[0.000, 0.000, 0.000, 0.000, 0.000, 0.000, 0.000, 1.000]"
3845,153.8,153.84,silence,1.0,silence,[1.000],,[],,[],"[0.000, 0.000, 0.000, 0.000, 0.000, 0.000, 0.000, 1.000]"
3846,153.84,153.88,silence,1.0,silence,[1.000],,[],,[],"[0.000, 0.000, 0.000, 0.000, 0.000, 0.000, 0.000, 1.000]"
3847,153.88,153.92,silence,1.0,silence,[1.000],,[],,[],"[0.000, 0.000, 0.000, 0.000, 0.000, 0.000, 0.000, 1.000]"
3848,153.92,153.96,silence,1.0,silence,[1.000],,[],,[],"[0.000, 0.000, 0.000, 0.000, 0.000, 0.000, 0.000, 1.000]"
3849,153.96,154.0,silence,1.0,silence,[1.000],,[],,[],"[0.000, 0.000, 0.000, 0.000, 0.000, 0.000, 0.000, 1.000]"
3850,154.0,154.04,silence,1.0,silence,[1.000],,[],,[],"[0.000, 0.000, 0.000, 0.000, 0.000, 0.000, 0.000, 1.000]"
3851,154.04,154.08,silence,1.0,silence,[1.000],,[],,[],"[0.000, 0.000, 0.000, 0.000, 0.000, 0.000, 0.000, 1.000]"
3852,154.08,154.12,silence,1.0,silence,[1.000],,[],,[],"[0.000, 0.000, 0.000, 0.000, 0.000, 0.000, 0.000, 1.000]"
3853,154.12,154.16,silence,1.0,silence,[1.000],,[],,[],"[0.000, 0.000, 0.000, 0.000, 0.000, 0.000, 0.000, 1.000]"
3854,154.16,154.2,silence,1.0,silence,[1.000],,[],,[],"[0.000, 0.000, 0.000, 0.000, 0.000, 0.000, 0.000, 1.000]"
3855,154.2,154.24,silence,1.0,silence,[1.000],,[],,[],"[0.000, 0.000, 0.000, 0.000, 0.000, 0.000, 0.000, 1.000]"
3856,154.24,154.28,silence,1.0,silence,[1.000],,[],,[],"[0.000, 0.000, 0.000, 0.000, 0.000, 0.000, 0.000, 1.000]"
3857,154.28,154.32,silence,1.0,silence,[1.000],,[],,[],"[0.000, 0.000, 0.000, 0.000, 0.000, 0.000, 0.000, 1.000]"
3858,154.32,154.36,silence,1.0,silence,[1.000],,[],,[],"[0.000, 0.000, 0.000, 0.000, 0.000, 0.000, 0.000, 1.000]"
3859,154.36,154.4,silence,1.0,silence,[1.000],,[],,[],"[0.000, 0.000, 0.000, 0.000, 0.000, 0.000, 0.000, 1.000]"
3860,154.4,154.44,silence,1.0,silence,[1.000],,[],,[],"[0.000, 0.000, 0.000, 0.000, 0.000, 0.000, 0.000, 1.000]"
3861,154.44,154.48,silence,1.0,silence,[1.000],,[],,[],"[0.000, 0.000, 0.000, 0.000, 0.000, 0.000, 0.000, 1.000]"
3862,154.48,154.52,silence,1.0,silence,[1.000],,[],,[],"[0.000, 0.000, 0.000, 0.000, 0.000, 0.000, 0.000, 1.000]"
3863,154.52,154.56,silence,1.0,silence,[1.000],,[],,[],"[0.000, 0.000, 0.000, 0.000, 0.000, 0.000, 0.000, 1.000]"
3864,154.56,154.6,silence,1.0,silence,[1.000],,[],,[],"[0.000, 0.000, 0.000, 0.000, 0.000, 0.000, 0.000, 1.000]"
3865,154.6,154.64,silence,1.0,silence,[1.000],,[],,[],"[0.000, 0.000, 0.000, 0.000, 0.000, 0.000, 0.000, 1.000]"
3866,154.64,154.68,silence,1.0,silence,[1.000],,[],,[],"[0.000, 0.000, 0.000, 0.000, 0.000, 0.000, 0.000, 1.000]"
3867,154.68,154.72,silence,1.0,silence,[1.000],,[],,[],"[0.000, 0.000, 0.000, 0.000, 0.000, 0.000, 0.000, 1.000]"
3868,154.72,154.76,silence,1.0,silence,[1.000],,[],,[],"[0.000, 0.000, 0.000, 0.000, 0.000, 0.000, 0.000, 1.000]"
3869,154.76,154.8,silence,1.0,silence,[1.000],,[],,[],"[0.000, 0.000, 0.000, 0.000, 0.000, 0.000, 0.000, 1.000]"
3870,154.8,154.84,silence,1.0,silence,[1.000],,[],,[],"[0.000, 0.000, 0.000, 0.000, 0.000, 0.000, 0.000, 1.000]"
3871,154.84,154.88,silence,1.0,silence,[1.000],,[],,[],"[0.000, 0.000, 0.000, 0.000, 0.000, 0.000, 0.000, 1.000]"
3872,154.88,154.92,silence,1.0,silence,[1.000],,[],,[],"[0.000, 0.000, 0.000, 0.000, 0.000, 0.000, 0.000, 1.000]"
3873,154.92,154.96,silence,1.0,silence,[1.000],,[],,[],"[0.000, 0.000, 0.000, 0.000, 0.000, 0.000, 0.000, 1.000]"
3874,154.96,155.0,silence,1.0,silence,[1.000],,[],,[],"[0.000, 0.000, 0.000, 0.000, 0.000, 0.000, 0.000, 1.000]"
3875,155.0,155.04,silence,1.0,silence,[1.000],,[],,[],"[0.000, 0.000, 0.000, 0.000, 0.000, 0.000, 0.000, 1.000]"
3876,155.04,155.08,silence,1.0,silence,[1.000],,[],,[],"[0.000, 0.000, 0.000, 0.000, 0.000, 0.000, 0.000, 1.000]"
3877,155.08,155.12,silence,1.0,silence,[1.000],,[],,[],"[0.000, 0.000, 0.000, 0.000, 0.000, 0.000, 0.000, 1.000]"
3878,155.12,155.16,silence,1.0,silence,[1.000],,[],,[],"[0.000, 0.000, 0.000, 0.000, 0.000, 0.000, 0.000, 1.000]"
3879,155.16,155.2,silence,1.0,silence,[1.000],,[],,[],"[0.000, 0.000, 0.000, 0.000, 0.000, 0.000, 0.000, 1.000]"
3880,155.2,155.24,silence,1.0,silence,[1.000],,[],,[],"[0.000, 0.000, 0.000, 0.000, 0.000, 0.000, 0.000, 1.000]"
3881,155.24,155.28,silence,1.0,silence,[1.000],,[],,[],"[0.000, 0.000, 0.000, 0.000, 0.000, 0.000, 0.000, 1.000]"
3882,155.28,155.32,silence,1.0,silence,[1.000],,[],,[],"[0.000, 0.000, 0.000, 0.000, 0.000, 0.000, 0.000, 1.000]"
3883,155.32,155.36,silence,1.0,silence,[1.000],,[],,[],"[0.000, 0.000, 0.000, 0.000, 0.000, 0.000, 0.000, 1.000]"
3884,155.36,155.4,silence,1.0,silence,[1.000],,[],,[],"[0.000, 0.000, 0.000, 0.000, 0.000, 0.000, 0.000, 1.000]"
3885,155.4,155.44,silence,1.0,silence,[1.000],,[],,[],"[0.000, 0.000, 0.000, 0.000, 0.000, 0.000, 0.000, 1.000]"
3886,155.44,155.48,silence,1.0,silence,[1.000],,[],,[],"[0.000, 0.000, 0.000, 0.000, 0.000, 0.000, 0.000, 1.000]"
3887,155.48,155.52,silence,1.0,silence,[1.000],,[],,[],"[0.000, 0.000, 0.000, 0.000, 0.000, 0.000, 0.000, 1.000]"
3888,155.52,155.56,silence,1.0,silence,[1.000],,[],,[],"[0.000, 0.000, 0.000, 0.000, 0.000, 0.000, 0.000, 1.000]"
3889,155.56,155.6,silence,1.0,silence,[1.000],,[],,[],"[0.000, 0.000, 0.000, 0.000, 0.000, 0.000, 0.000, 1.000]"
3890,155.6,155.64,silence,1.0,silence,[1.000],,[],,[],"[0.000, 0.000, 0.000, 0.000, 0.000, 0.000, 0.000, 1.000]"
3891,155.64,155.68,silence,1.0,silence,[1.000],,[],,[],"[0.000, 0.000, 0.000, 0.000, 0.000, 0.000, 0.000, 1.000]"
3892,155.68,155.72,silence,1.0,silence,[1.000],,[],,[],"[0.000, 0.000, 0.000, 0.000, 0.000, 0.000, 0.000, 1.000]"
3893,155.72,155.76,silence,1.0,silence,[1.000],,[],,[],"[0.000, 0.000, 0.000, 0.000, 0.000, 0.000, 0.000, 1.000]"
3894,155.76,155.8,silence,1.0,silence,[1.000],,[],,[],"[0.000, 0.000, 0.000, 0.000, 0.000, 0.000, 0.000, 1.000]"
3895,155.8,155.84,silence,1.0,silence,[1.000],,[],,[],"[0.000, 0.000, 0.000, 0.000, 0.000, 0.000, 0.000, 1.000]"
3896,155.84,155.88,silence,1.0,silence,[1.000],,[],,[],"[0.000, 0.000, 0.000, 0.000, 0.000, 0.000, 0.000, 1.000]"
3897,155.88,155.92,silence,1.0,silence,[1.000],,[],,[],"[0.000, 0.000, 0.000, 0.000, 0.000, 0.000, 0.000, 1.000]"
3898,155.92,155.96,silence,1.0,silence,[1.000],,[],,[],"[0.000, 0.000, 0.000, 0.000, 0.000, 0.000, 0.000, 1.000]"
3899,155.96,156.0,silence,1.0,silence,[1.000],,[],,[],"[0.000, 0.000, 0.000, 0.000, 0.000, 0.000, 0.000, 1.000]"
3900,156.0,156.04,silence,1.0,silence,[1.000],,[],,[],"[0.000, 0.000, 0.000, 0.000, 0.000, 0.000, 0.000, 1.000]"
3901,156.04,156.08,silence,1.0,silence,[1.000],,[],,[],"[0.000, 0.000, 0.000, 0.000, 0.000, 0.000, 0.000, 1.000]"
3902,156.08,156.12,silence,1.0,silence,[1.000],,[],,[],"[0.000, 0.000, 0.000, 0.000, 0.000, 0.000, 0.000, 1.000]"
3903,156.12,156.16,silence,1.0,silence,[1.000],,[],,[],"[0.000, 0.000, 0.000, 0.000, 0.000, 0.000, 0.000, 1.000]"
3904,156.16,156.2,silence,1.0,silence,[1.000],,[],,[],"[0.000, 0.000, 0.000, 0.000, 0.000, 0.000, 0.000, 1.000]"
3905,156.2,156.24,silence,1.0,silence,[1.000],,[],,[],"[0.000, 0.000, 0.000, 0.000, 0.000, 0.000, 0.000, 1.000]"
3906,156.24,156.28,silence,1.0,silence,[1.000],,[],,[],"[0.000, 0.000, 0.000, 0.000, 0.000, 0.000, 0.000, 1.000]"
3907,156.28,156.32,silence,1.0,silence,[1.000],,[],,[],"[0.000, 0.000, 0.000, 0.000, 0.000, 0.000, 0.000, 1.000]"
3908,156.32,156.36,silence,1.0,silence,[1.000],,[],,[],"[0.000, 0.000, 0.000, 0.000, 0.000, 0.000, 0.000, 1.000]"
3909,156.36,156.4,silence,1.0,silence,[1.000],,[],,[],"[0.000, 0.000, 0.000, 0.000, 0.000, 0.000, 0.000, 1.000]"
3910,156.4,156.44,silence,1.0,silence,[1.000],,[],,[],"[0.000, 0.000, 0.000, 0.000, 0.000, 0.000, 0.000, 1.000]"
3911,156.44,156.48,silence,1.0,silence,[1.000],,[],,[],"[0.000, 0.000, 0.000, 0.000, 0.000, 0.000, 0.000, 1.000]"
3912,156.48,156.52,silence,1.0,silence,[1.000],,[],,[],"[0.000, 0.000, 0.000, 0.000, 0.000, 0.000, 0.000, 1.000]"
3913,156.52,156.56,silence,1.0,silence,[1.000],,[],,[],"[0.000, 0.000, 0.000, 0.000, 0.000, 0.000, 0.000, 1.000]"
3914,156.56,156.6,silence,1.0,silence,[1.000],,[],,[],"[0.000, 0.000, 0.000, 0.000, 0.000, 0.000, 0.000, 1.000]"
3915,156.6,156.64,silence,1.0,silence,[1.000],,[],,[],"[0.000, 0.000, 0.000, 0.000, 0.000, 0.000, 0.000, 1.000]"
3916,156.64,156.68,silence,1.0,silence,[1.000],,[],,[],"[0.000, 0.000, 0.000, 0.000, 0.000, 0.000, 0.000, 1.000]"
3917,156.68,156.72,silence,1.0,silence,[1.000],,[],,[],"[0.000, 0.000, 0.000, 0.000, 0.000, 0.000, 0.000, 1.000]"
3918,156.72,156.76,silence,1.0,silence,[1.000],,[],,[],"[0.000, 0.000, 0.000, 0.000, 0.000, 0.000, 0.000, 1.000]"
3919,156.76,156.8,silence,1.0,silence,[1.000],,[],,[],"[0.000, 0.000, 0.000, 0.000, 0.000, 0.000, 0.000, 1.000]"
3920,156.8,156.84,silence,1.0,silence,[1.000],,[],,[],"[0.000, 0.000, 0.000, 0.000, 0.000, 0.000, 0.000, 1.000]"
3921,156.84,156.88,silence,1.0,silence,[1.000],,[],,[],"[0.000, 0.000, 0.000, 0.000, 0.000, 0.000, 0.000, 1.000]"
3922,156.88,156.92,silence,1.0,silence,[1.000],,[],,[],"[0.000, 0.000, 0.000, 0.000, 0.000, 0.000, 0.000, 1.000]"
3923,156.92,156.96,silence,1.0,silence,[1.000],,[],,[],"[0.000, 0.000, 0.000, 0.000, 0.000, 0.000, 0.000, 1.000]"
3924,156.96,157.0,silence,1.0,silence,[1.000],,[],,[],"[0.000, 0.000, 0.000, 0.000, 0.000, 0.000, 0.000, 1.000]"
3925,157.0,157.04,silence,1.0,silence,[1.000],,[],,[],"[0.000, 0.000, 0.000, 0.000, 0.000, 0.000, 0.000, 1.000]"
3926,157.04,157.08,silence,1.0,silence,[1.000],,[],,[],"[0.000, 0.000, 0.000, 0.000, 0.000, 0.000, 0.000, 1.000]"
3927,157.08,157.12,silence,1.0,silence,[1.000],,[],,[],"[0.000, 0.000, 0.000, 0.000, 0.000, 0.000, 0.000, 1.000]"
3928,157.12,157.16,silence,1.0,silence,[1.000],,[],,[],"[0.000, 0.000, 0.000, 0.000, 0.000, 0.000, 0.000, 1.000]"
3929,157.16,157.2,silence,1.0,silence,[1.000],,[],,[],"[0.000, 0.000, 0.000, 0.000, 0.000, 0.000, 0.000, 1.000]"
3930,157.2,157.24,silence,1.0,silence,[1.000],,[],,[],"[0.000, 0.000, 0.000, 0.000, 0.000, 0.000, 0.000, 1.000]"
3931,157.24,157.28,silence,1.0,silence,[1.000],,[],,[],"[0.000, 0.000, 0.000, 0.000, 0.000, 0.000, 0.000, 1.000]"
3932,157.28,157.32,silence,1.0,silence,[1.000],,[],Liz,[0.627],"[0.000, 0.000, 0.000, 0.000, 0.000, 0.000, 0.000, 1.000]"
3933,157.32,157.36,silence,1.0,silence,[1.000],,[],Liz,[0.765],"[0.000, 0.000, 0.000, 0.000, 0.000, 0.000, 0.000, 1.000]"
3934,157.36,157.4,silence,1.0,silence,[1.000],,[],Liz,[0.866],"[0.000, 0.000, 0.000, 0.000, 0.000, 0.000, 0.000, 1.000]"
3935,157.4,157.44,silence,1.0,silence,[1.000],,[],Liz,[0.935],"[0.000, 0.000, 0.000, 0.000, 0.000, 0.000, 0.000, 1.000]"
3936,157.44,157.48,silence,1.0,silence,[1.000],,[],Liz,[0.956],"[0.000, 0.000, 0.000, 0.000, 0.000, 0.000, 0.000, 1.000]"
3937,157.48,157.52,silence,0.5,,[],,[],,[],"[0.500, 0.500, 0.500, 0.500, 0.500, 0.500, 0.500, 0.500]"
